# Blender 4.3.2
# www.blender.org
o Dunes_applied
v 0.000000 0.118788 0.000000
v 0.078730 0.120765 -0.045455
v 0.157459 0.133954 -0.090909
v 0.236189 0.138102 -0.136364
v 0.314918 0.111972 -0.181818
v 0.393648 0.071419 -0.227273
v 0.472377 0.095438 -0.272727
v 0.551107 0.070246 -0.318182
v 0.629837 0.033387 -0.363636
v 0.708566 0.066555 -0.409091
v 0.787296 0.081350 -0.454545
v -0.787295 0.099525 0.454545
v -0.708566 0.110837 0.409091
v -0.629837 0.124247 0.363636
v -0.551107 0.120015 0.318182
v -0.472378 0.106665 0.272727
v -0.393648 0.088924 0.227273
v -0.314918 0.083371 0.181818
v -0.236189 0.097878 0.136364
v -0.157459 0.093858 0.090909
v -0.078730 0.107498 0.045455
v -0.787296 0.111730 -0.454545
v -0.708566 0.091165 -0.409091
v -0.629837 0.102472 -0.363636
v -0.551107 0.112653 -0.318182
v -0.472378 0.080121 -0.272727
v -0.393648 0.050445 -0.227273
v -0.314918 0.083838 -0.181818
v -0.236189 0.098168 -0.136364
v -0.157459 0.079953 -0.090909
v -0.078730 0.100174 -0.045455
v 0.000000 0.080147 -0.909091
v 0.000000 0.069160 -0.818182
v 0.000000 0.120635 -0.727273
v 0.000000 0.119057 -0.636364
v 0.000000 0.127365 -0.545455
v 0.000000 0.120637 -0.454545
v 0.000000 0.113324 -0.363636
v 0.000000 0.112547 -0.272727
v 0.000000 0.105128 -0.181818
v 0.000000 0.114088 -0.090909
v 0.787288 0.082155 0.454541
v 0.708566 0.070942 0.409091
v 0.629837 0.083441 0.363636
v 0.551107 0.112642 0.318182
v 0.472378 0.103559 0.272727
v 0.393648 0.100504 0.227273
v 0.314918 0.138187 0.181818
v 0.236189 0.127772 0.136364
v 0.157459 0.100152 0.090909
v 0.078730 0.108283 0.045455
v -0.000000 0.085133 0.909091
v 0.000000 0.089294 0.818182
v 0.000000 0.120643 0.727273
v 0.000000 0.113984 0.636364
v 0.000000 0.065475 0.545455
v 0.000000 0.099506 0.454545
v 0.000000 0.149704 0.363636
v 0.000000 0.128978 0.272727
v -0.000000 0.085244 0.181818
v 0.000000 0.090161 0.090909
v 0.787296 0.084137 0.363636
v 0.787296 0.095573 0.272727
v 0.708566 0.080177 0.318182
v 0.787296 0.092854 0.181818
v 0.708566 0.095198 0.227273
v 0.629837 0.113526 0.272727
v 0.787296 0.103283 0.090909
v 0.708566 0.094139 0.136364
v 0.629837 0.103672 0.181818
v 0.551107 0.144451 0.227273
v 0.787296 0.094594 0.000000
v 0.708566 0.107535 0.045455
v 0.629837 0.118528 0.090909
v 0.551107 0.123433 0.136364
v 0.472378 0.146056 0.181818
v 0.787296 0.093519 -0.090909
v 0.708566 0.080164 -0.045455
v 0.629837 0.082485 0.000000
v 0.551107 0.126715 0.045455
v 0.472378 0.134229 0.090909
v 0.393648 0.142281 0.136364
v 0.787296 0.104085 -0.181818
v 0.708566 0.098028 -0.136364
v 0.629837 0.093810 -0.090909
v 0.551107 0.069114 -0.045455
v 0.472378 0.095422 0.000000
v 0.393648 0.122546 0.045455
v 0.314918 0.112545 0.090909
v 0.787296 0.088295 -0.272727
v 0.708566 0.104008 -0.227273
v 0.629837 0.102487 -0.181818
v 0.551107 0.112358 -0.136364
v 0.472378 0.106342 -0.090909
v 0.393648 0.099690 -0.045455
v 0.314918 0.118931 -0.000000
v 0.236189 0.112323 0.045455
v 0.787296 0.071972 -0.363636
v 0.708566 0.053669 -0.318182
v 0.629837 0.089072 -0.272727
v 0.551107 0.106184 -0.227273
v 0.472378 0.092582 -0.181818
v 0.393648 0.123232 -0.136364
v 0.314918 0.123836 -0.090909
v 0.236189 0.118922 -0.045455
v 0.157459 0.122070 -0.000000
v 0.078730 0.103021 0.136364
v 0.078730 0.145829 0.227273
v 0.157459 0.139012 0.181818
v 0.078730 0.107411 0.318182
v 0.157459 0.080735 0.272727
v 0.236189 0.104530 0.227273
v 0.078730 0.079676 0.409091
v 0.157459 0.064920 0.363636
v 0.236189 0.058330 0.318182
v 0.314918 0.058845 0.272727
v 0.078730 0.082194 0.500000
v 0.157459 0.098359 0.454545
v 0.236189 0.102524 0.409091
v 0.314918 0.086213 0.363636
v 0.393648 0.073739 0.318182
v 0.078730 0.109343 0.590909
v 0.157459 0.113499 0.545455
v 0.236189 0.117129 0.500000
v 0.314918 0.115036 0.454545
v 0.393648 0.096893 0.409091
v 0.472378 0.097205 0.363636
v 0.078730 0.126494 0.681818
v 0.157459 0.114957 0.636364
v 0.236189 0.105247 0.590909
v 0.314918 0.116172 0.545455
v 0.393648 0.119531 0.500000
v 0.472378 0.099131 0.454545
v 0.551107 0.097701 0.409091
v 0.078730 0.096631 0.772727
v 0.157459 0.108216 0.727273
v 0.236189 0.111281 0.681818
v 0.314918 0.107997 0.636364
v 0.393648 0.120367 0.590909
v 0.472377 0.119041 0.545455
v 0.551107 0.101171 0.500000
v 0.629837 0.088982 0.454545
v 0.078730 0.100753 0.863636
v 0.157459 0.091861 0.818182
v 0.236189 0.109875 0.772727
v 0.314918 0.113001 0.727273
v 0.393648 0.110977 0.681818
v 0.472378 0.115837 0.636364
v 0.551107 0.109962 0.590909
v 0.629837 0.100594 0.545455
v 0.708566 0.087930 0.500000
v -0.078730 0.076307 0.136364
v -0.157459 0.087250 0.181818
v -0.078730 0.058716 0.227273
v -0.236189 0.086785 0.227273
v -0.157459 0.064805 0.272727
v -0.078730 0.072451 0.318182
v -0.314918 0.083352 0.272727
v -0.236189 0.097651 0.318182
v -0.157459 0.058452 0.363636
v -0.078730 0.120453 0.409091
v -0.393648 0.098811 0.318182
v -0.314918 0.108458 0.363636
v -0.236189 0.094854 0.409091
v -0.157459 0.080622 0.454545
v -0.078730 0.120744 0.500000
v -0.472378 0.117678 0.363636
v -0.393648 0.113165 0.409091
v -0.314918 0.096674 0.454545
v -0.236189 0.068027 0.500000
v -0.157459 0.130456 0.545455
v -0.078730 0.064591 0.590909
v -0.551107 0.121479 0.409091
v -0.472378 0.108445 0.454545
v -0.393648 0.089867 0.500000
v -0.314918 0.081185 0.545455
v -0.236189 0.127301 0.590909
v -0.157459 0.103319 0.636364
v -0.078730 0.106389 0.681818
v -0.629837 0.108810 0.454545
v -0.551107 0.100532 0.500000
v -0.472378 0.099038 0.545455
v -0.393648 0.111865 0.590909
v -0.314918 0.125190 0.636364
v -0.236189 0.105757 0.681818
v -0.157459 0.080185 0.727273
v -0.078730 0.077529 0.772727
v -0.708566 0.100774 0.500000
v -0.629837 0.095931 0.545455
v -0.551107 0.098777 0.590909
v -0.472378 0.111432 0.636364
v -0.393648 0.107600 0.681818
v -0.314918 0.096877 0.727273
v -0.236189 0.087657 0.772727
v -0.157459 0.082760 0.818182
v -0.078730 0.084498 0.863636
v -0.157459 0.108145 0.000000
v -0.236189 0.076412 -0.045455
v -0.236189 0.117887 0.045455
v -0.314918 0.064269 -0.090909
v -0.314918 0.110951 0.000000
v -0.314918 0.106185 0.090909
v -0.393648 0.090114 -0.136364
v -0.393648 0.094819 -0.045455
v -0.393648 0.128609 0.045455
v -0.393648 0.076989 0.136364
v -0.472378 0.090286 -0.181818
v -0.472378 0.067877 -0.090909
v -0.472378 0.130384 0.000000
v -0.472378 0.084379 0.090909
v -0.472378 0.091724 0.181818
v -0.551107 0.062670 -0.227273
v -0.551107 0.075427 -0.136364
v -0.551107 0.082512 -0.045455
v -0.551107 0.106179 0.045455
v -0.551107 0.081181 0.136364
v -0.551107 0.108397 0.227273
v -0.629837 0.073197 -0.272727
v -0.629837 0.100643 -0.181818
v -0.629837 0.086953 -0.090909
v -0.629837 0.117744 0.000000
v -0.629837 0.084351 0.090909
v -0.629837 0.091727 0.181818
v -0.629837 0.112256 0.272727
v -0.708566 0.079521 -0.318182
v -0.708566 0.092386 -0.227273
v -0.708566 0.104317 -0.136364
v -0.708566 0.101455 -0.045455
v -0.708566 0.117448 0.045455
v -0.708566 0.086921 0.136364
v -0.708566 0.092230 0.227273
v -0.708566 0.105771 0.318182
v -0.787296 0.099492 -0.363636
v -0.787296 0.098671 -0.272727
v -0.787296 0.102644 -0.181818
v -0.787296 0.107935 -0.090909
v -0.787296 0.115657 0.000000
v -0.787296 0.102364 0.090909
v -0.787296 0.094575 0.181818
v -0.787296 0.095289 0.272727
v -0.787296 0.097691 0.363636
v -0.078730 0.073277 -0.136364
v -0.078730 0.110008 -0.227273
v -0.157459 0.118604 -0.181818
v -0.078730 0.117385 -0.318182
v -0.157459 0.110664 -0.272727
v -0.236189 0.076052 -0.227273
v -0.078730 0.121225 -0.409091
v -0.157459 0.132235 -0.363636
v -0.236189 0.074514 -0.318182
v -0.314918 0.044489 -0.272727
v -0.078730 0.117481 -0.500000
v -0.157459 0.133100 -0.454545
v -0.236189 0.090846 -0.409091
v -0.314918 0.075276 -0.363636
v -0.393648 0.093924 -0.318182
v -0.078730 0.093656 -0.590909
v -0.157459 0.116164 -0.545455
v -0.236189 0.099620 -0.500000
v -0.314918 0.088875 -0.454545
v -0.393648 0.118100 -0.409091
v -0.472378 0.119476 -0.363636
v -0.078730 0.086153 -0.681818
v -0.157459 0.084825 -0.636364
v -0.236189 0.089330 -0.590909
v -0.314918 0.089861 -0.545455
v -0.393648 0.109338 -0.500000
v -0.472378 0.120966 -0.454545
v -0.551107 0.110253 -0.409091
v -0.078730 0.085726 -0.772727
v -0.157459 0.073416 -0.727273
v -0.236189 0.076512 -0.681818
v -0.314918 0.085771 -0.636364
v -0.393648 0.097991 -0.590909
v -0.472377 0.112829 -0.545455
v -0.551107 0.108365 -0.500000
v -0.629837 0.098859 -0.454545
v -0.078730 0.077996 -0.863636
v -0.157459 0.080864 -0.818182
v -0.236189 0.081455 -0.772727
v -0.314918 0.087614 -0.727273
v -0.393648 0.095888 -0.681818
v -0.472377 0.106927 -0.636364
v -0.551107 0.111402 -0.590909
v -0.629837 0.106486 -0.545455
v -0.708566 0.107376 -0.500000
v 0.078730 0.142971 -0.136364
v 0.157459 0.138679 -0.181818
v 0.078730 0.133151 -0.227273
v 0.236189 0.097721 -0.227273
v 0.157459 0.114368 -0.272727
v 0.078730 0.130449 -0.318182
v 0.314918 0.071633 -0.272727
v 0.236189 0.093507 -0.318182
v 0.157459 0.128228 -0.363636
v 0.078730 0.127193 -0.409091
v 0.393648 0.090304 -0.318182
v 0.314918 0.099089 -0.363636
v 0.236189 0.124343 -0.409091
v 0.157459 0.144028 -0.454545
v 0.078730 0.142975 -0.500000
v 0.472377 0.073422 -0.363636
v 0.393648 0.092390 -0.409091
v 0.314918 0.121295 -0.454545
v 0.236189 0.142526 -0.500000
v 0.157459 0.136271 -0.545455
v 0.078730 0.134601 -0.590909
v 0.551107 0.031291 -0.409091
v 0.472377 0.047542 -0.454545
v 0.393648 0.090365 -0.500000
v 0.314918 0.121496 -0.545455
v 0.236189 0.113021 -0.590909
v 0.157459 0.118200 -0.636364
v 0.078730 0.135688 -0.681818
v 0.629837 0.061439 -0.454545
v 0.551107 0.054128 -0.500000
v 0.472377 0.073666 -0.545455
v 0.393648 0.102779 -0.590909
v 0.314918 0.119722 -0.636364
v 0.236189 0.123064 -0.681818
v 0.157459 0.105359 -0.727273
v 0.078730 0.090524 -0.772727
v 0.708566 0.079240 -0.500000
v 0.629837 0.073861 -0.545455
v 0.551107 0.085355 -0.590909
v 0.472378 0.094082 -0.636364
v 0.393648 0.099389 -0.681818
v 0.314918 0.092625 -0.727273
v 0.236189 0.091261 -0.772727
v 0.157459 0.094678 -0.818182
v 0.078730 0.086511 -0.863636
v 0.826661 0.089858 -0.477273
v -0.039365 0.114954 0.022727
v -0.039365 0.113603 -0.022727
v 0.000000 0.113976 -0.045455
v 0.039365 0.115365 0.022727
v -0.000000 0.107367 0.045455
v 0.039365 0.120076 -0.022727
v 0.118094 0.125864 -0.068182
v 0.196824 0.139823 -0.113636
v 0.275554 0.129791 -0.159091
v 0.354283 0.086954 -0.204545
v 0.433013 0.079471 -0.250000
v 0.511742 0.096208 -0.295455
v 0.590472 0.038721 -0.340909
v 0.669201 0.049890 -0.386364
v 0.747931 0.075586 -0.431818
v -0.826434 0.093979 0.477142
v -0.747931 0.106998 0.431818
v -0.669201 0.117853 0.386364
v -0.590472 0.124530 0.340909
v -0.511742 0.114975 0.295455
v -0.433013 0.097339 0.250000
v -0.354283 0.083259 0.204545
v -0.275554 0.091010 0.159091
v -0.196824 0.096937 0.113636
v -0.118094 0.098199 0.068182
v -0.826654 0.099203 -0.477269
v -0.747931 0.103077 -0.431818
v -0.669201 0.092644 -0.386364
v -0.590472 0.111977 -0.340909
v -0.511742 0.101046 -0.295455
v -0.433013 0.058401 -0.250000
v -0.354283 0.065225 -0.204545
v -0.275554 0.085455 -0.159091
v -0.196824 0.092907 -0.113636
v -0.118094 0.083694 -0.068182
v -0.000000 0.091632 -0.954545
v 0.000000 0.067505 -0.863636
v -0.000000 0.095540 -0.772727
v -0.000000 0.121469 -0.681818
v -0.000000 0.123190 -0.590909
v -0.000000 0.126237 -0.500000
v 0.000000 0.115401 -0.409091
v 0.000000 0.114017 -0.318182
v 0.000000 0.106507 -0.227273
v 0.000000 0.108715 -0.136364
v 0.826217 0.090601 0.477016
v 0.747931 0.074621 0.431818
v 0.669201 0.073321 0.386364
v 0.590472 0.099643 0.340909
v 0.511742 0.113276 0.295455
v 0.433013 0.095804 0.250000
v 0.354283 0.121560 0.204545
v 0.275554 0.139320 0.159091
v 0.196824 0.111552 0.113636
v 0.118094 0.101511 0.068182
v -0.000000 0.089822 0.954490
v 0.000000 0.087945 0.863636
v 0.000000 0.096518 0.772727
v 0.000000 0.136955 0.681818
v 0.000000 0.075442 0.590909
v 0.000000 0.079859 0.500000
v 0.000000 0.123740 0.409091
v 0.000000 0.153869 0.318182
v -0.000000 0.101323 0.227273
v -0.000000 0.082431 0.136364
v 0.826614 0.091086 0.431791
v 0.747931 0.074414 0.386364
v 0.826661 0.091745 0.340909
v 0.669201 0.075344 0.340909
v 0.826661 0.095050 0.250000
v 0.747931 0.089909 0.295455
v 0.590472 0.113680 0.295455
v 0.826661 0.093675 0.159091
v 0.747931 0.093202 0.204545
v 0.669201 0.103557 0.250000
v 0.511742 0.133983 0.250000
v 0.826661 0.097313 0.068182
v 0.747931 0.100907 0.113636
v 0.669201 0.092934 0.159091
v 0.590472 0.125625 0.204545
v 0.433013 0.134243 0.204545
v 0.826661 0.093578 -0.022727
v 0.747931 0.101358 0.022727
v 0.669201 0.114363 0.068182
v 0.590472 0.118185 0.113636
v 0.511742 0.137342 0.159091
v 0.354283 0.144588 0.159091
v 0.826661 0.094636 -0.113636
v 0.747931 0.088396 -0.068182
v 0.669201 0.075328 -0.022727
v 0.590472 0.103774 0.022727
v 0.511742 0.136073 0.068182
v 0.433013 0.134038 0.113636
v 0.275554 0.119301 0.113636
v 0.826661 0.097212 -0.204545
v 0.747931 0.103061 -0.159091
v 0.669201 0.096755 -0.113636
v 0.590472 0.079693 -0.068182
v 0.511742 0.075257 -0.022727
v 0.433013 0.116227 0.022727
v 0.354283 0.117162 0.068182
v 0.196824 0.103796 0.068182
v 0.826661 0.089954 -0.295455
v 0.747931 0.097212 -0.250000
v 0.669201 0.105647 -0.204545
v 0.590472 0.103828 -0.159091
v 0.511742 0.114243 -0.113636
v 0.433013 0.099263 -0.068182
v 0.354283 0.108176 -0.022727
v 0.275554 0.119822 0.022727
v 0.118094 0.116626 0.022727
v 0.826661 0.089138 -0.386364
v 0.747931 0.056925 -0.340909
v 0.669201 0.063567 -0.295455
v 0.590472 0.109084 -0.250000
v 0.511742 0.094040 -0.204545
v 0.433013 0.108637 -0.159091
v 0.354283 0.126952 -0.113636
v 0.275554 0.119975 -0.068182
v 0.196824 0.122191 -0.022727
v 0.826658 0.091713 0.386362
v 0.787295 0.082286 0.409090
v 0.826661 0.094347 0.295455
v 0.787296 0.089351 0.318182
v 0.747931 0.078982 0.340909
v 0.708566 0.070805 0.363636
v 0.826661 0.094191 0.204545
v 0.787296 0.095717 0.227273
v 0.747931 0.096082 0.250000
v 0.708566 0.093502 0.272727
v 0.669201 0.091966 0.295455
v 0.629837 0.091685 0.318182
v 0.826661 0.095333 0.113636
v 0.787296 0.095151 0.136364
v 0.747931 0.092029 0.159091
v 0.708566 0.090351 0.181818
v 0.669201 0.097602 0.204545
v 0.629837 0.116327 0.227273
v 0.590472 0.133896 0.250000
v 0.551107 0.128992 0.272727
v 0.826661 0.095249 0.022727
v 0.787296 0.104736 0.045455
v 0.747931 0.110511 0.068182
v 0.708566 0.107140 0.090909
v 0.669201 0.103064 0.113636
v 0.629837 0.102714 0.136364
v 0.590472 0.112541 0.159091
v 0.551107 0.130762 0.181818
v 0.511742 0.144646 0.204545
v 0.472378 0.132369 0.227273
v 0.826661 0.093540 -0.068182
v 0.787296 0.090071 -0.045455
v 0.747931 0.087674 -0.022727
v 0.708566 0.088732 0.000000
v 0.669201 0.098251 0.022727
v 0.629837 0.116328 0.045455
v 0.590472 0.130312 0.068182
v 0.551107 0.132467 0.090909
v 0.511742 0.132054 0.113636
v 0.472378 0.139761 0.136364
v 0.433013 0.147611 0.159091
v 0.393648 0.142549 0.181818
v 0.826661 0.095930 -0.159091
v 0.787296 0.098620 -0.136364
v 0.747931 0.096550 -0.113636
v 0.708566 0.090063 -0.090909
v 0.669201 0.080921 -0.068182
v 0.629837 0.069463 -0.045455
v 0.590472 0.068088 -0.022727
v 0.551107 0.085258 0.000000
v 0.511742 0.110895 0.022727
v 0.472378 0.128367 0.045455
v 0.433013 0.129641 0.068182
v 0.393648 0.124496 0.090909
v 0.354283 0.127653 0.113636
v 0.314918 0.135610 0.136364
v 0.826661 0.094945 -0.250000
v 0.787296 0.103994 -0.227273
v 0.747931 0.108613 -0.204545
v 0.708566 0.103060 -0.181818
v 0.669201 0.099599 -0.159091
v 0.629837 0.103418 -0.136364
v 0.590472 0.109301 -0.113636
v 0.551107 0.100104 -0.090909
v 0.511742 0.086416 -0.068182
v 0.472378 0.082397 -0.045455
v 0.433013 0.092276 -0.022727
v 0.393648 0.109110 0.000000
v 0.354283 0.119472 0.022727
v 0.314918 0.116353 0.045455
v 0.275554 0.107891 0.068182
v 0.236189 0.104751 0.090909
v 0.826661 0.084532 -0.340909
v 0.787296 0.067112 -0.318182
v 0.747931 0.069657 -0.295455
v 0.708566 0.080861 -0.272727
v 0.669201 0.098767 -0.250000
v 0.629837 0.110068 -0.227273
v 0.590472 0.105932 -0.204545
v 0.551107 0.100413 -0.181818
v 0.511742 0.105167 -0.159091
v 0.472378 0.116157 -0.136364
v 0.433013 0.119288 -0.113636
v 0.393648 0.115732 -0.090909
v 0.354283 0.111992 -0.068182
v 0.314918 0.112359 -0.045455
v 0.275554 0.118210 -0.022727
v 0.236189 0.122246 -0.000000
v 0.196824 0.118368 0.022727
v 0.157459 0.109904 0.045455
v 0.826661 0.090097 -0.431818
v 0.787296 0.080506 -0.409091
v 0.747931 0.069440 -0.386364
v 0.708566 0.055080 -0.363636
v 0.669201 0.041934 -0.340909
v 0.629837 0.048521 -0.318182
v 0.590472 0.077758 -0.295455
v 0.551107 0.102853 -0.272727
v 0.511742 0.101804 -0.250000
v 0.472377 0.086048 -0.227273
v 0.433013 0.080126 -0.204545
v 0.393648 0.097474 -0.181818
v 0.354283 0.119901 -0.159091
v 0.314918 0.131661 -0.136364
v 0.275554 0.133102 -0.113636
v 0.236189 0.129741 -0.090909
v 0.196824 0.124206 -0.068182
v 0.157459 0.121609 -0.045455
v 0.118094 0.122540 -0.022727
v 0.078730 0.120752 -0.000000
v 0.039365 0.099227 0.068182
v 0.118094 0.101605 0.113636
v 0.039365 0.098033 0.159091
v 0.196824 0.134270 0.159091
v 0.039365 0.144142 0.250000
v 0.118094 0.142787 0.204545
v 0.275554 0.123445 0.204545
v 0.039365 0.133343 0.340909
v 0.118094 0.086782 0.295455
v 0.196824 0.088391 0.250000
v 0.354283 0.067980 0.250000
v 0.039365 0.090235 0.431818
v 0.118094 0.070452 0.386364
v 0.196824 0.061317 0.340909
v 0.275554 0.056760 0.295455
v 0.433013 0.084100 0.295455
v 0.039365 0.073721 0.522727
v 0.118094 0.090786 0.477273
v 0.196824 0.102827 0.431818
v 0.275554 0.096798 0.386364
v 0.354283 0.075675 0.340909
v 0.511742 0.110692 0.340909
v 0.039365 0.110034 0.613636
v 0.118094 0.111183 0.568182
v 0.196824 0.115509 0.522727
v 0.275554 0.117725 0.477273
v 0.354283 0.107393 0.431818
v 0.433013 0.090908 0.386364
v 0.590472 0.098699 0.386364
v 0.039365 0.130331 0.704545
v 0.118094 0.121554 0.659091
v 0.196824 0.107630 0.613636
v 0.275554 0.109455 0.568182
v 0.354283 0.120794 0.522727
v 0.433013 0.110787 0.477273
v 0.511742 0.093601 0.431818
v 0.669201 0.079667 0.431818
v 0.039365 0.094789 0.795455
v 0.118094 0.101799 0.750000
v 0.196824 0.112608 0.704545
v 0.275554 0.107583 0.659091
v 0.354283 0.113556 0.613636
v 0.433013 0.122989 0.568182
v 0.511742 0.110313 0.522727
v 0.590472 0.094678 0.477273
v 0.747931 0.083735 0.477273
v 0.039365 0.095608 0.886364
v 0.118094 0.094264 0.840909
v 0.196824 0.099029 0.795455
v 0.275554 0.115167 0.750000
v 0.354283 0.110250 0.704545
v 0.433013 0.113838 0.659091
v 0.511742 0.114300 0.613636
v 0.590472 0.105078 0.568182
v 0.669201 0.094489 0.522727
v 0.039365 0.089868 0.113636
v 0.078730 0.095292 0.090909
v 0.039365 0.118492 0.204545
v 0.078730 0.125103 0.181818
v 0.118094 0.124331 0.159091
v 0.157459 0.119284 0.136364
v 0.039365 0.153632 0.295455
v 0.078730 0.141354 0.272727
v 0.118094 0.131865 0.250000
v 0.157459 0.130903 0.227273
v 0.196824 0.135006 0.204545
v 0.236189 0.138910 0.181818
v 0.039365 0.104620 0.386364
v 0.078730 0.085318 0.363636
v 0.118094 0.070763 0.340909
v 0.157459 0.060987 0.318182
v 0.196824 0.057416 0.295455
v 0.236189 0.058918 0.272727
v 0.275554 0.068119 0.250000
v 0.314918 0.091520 0.227273
v 0.039365 0.079414 0.477273
v 0.078730 0.078292 0.454545
v 0.118094 0.079255 0.431818
v 0.157459 0.081424 0.409091
v 0.196824 0.081842 0.386364
v 0.236189 0.078504 0.363636
v 0.275554 0.071637 0.340909
v 0.314918 0.064588 0.318182
v 0.354283 0.063092 0.295455
v 0.393648 0.069878 0.272727
v 0.039365 0.083209 0.568182
v 0.078730 0.092384 0.545455
v 0.118094 0.101217 0.522727
v 0.157459 0.108743 0.500000
v 0.196824 0.113753 0.477273
v 0.236189 0.115734 0.454545
v 0.275554 0.113700 0.431818
v 0.314918 0.106543 0.409091
v 0.354283 0.095068 0.386364
v 0.393648 0.085326 0.363636
v 0.433013 0.087008 0.340909
v 0.472378 0.101082 0.318182
v 0.039365 0.133598 0.659091
v 0.078730 0.125384 0.636364
v 0.118094 0.119767 0.613636
v 0.157459 0.115134 0.590909
v 0.196824 0.112225 0.568182
v 0.236189 0.112908 0.545455
v 0.275554 0.116296 0.522727
v 0.314918 0.118852 0.500000
v 0.354283 0.116974 0.477273
v 0.393648 0.108389 0.454545
v 0.433013 0.096597 0.431818
v 0.472378 0.091898 0.409091
v 0.511742 0.100007 0.386364
v 0.551107 0.108277 0.363636
v 0.039365 0.106724 0.750000
v 0.078730 0.112425 0.727273
v 0.118094 0.113743 0.704545
v 0.157459 0.113181 0.681818
v 0.196824 0.108945 0.659091
v 0.236189 0.103741 0.636364
v 0.275554 0.103544 0.613636
v 0.314918 0.109059 0.590909
v 0.354283 0.116940 0.568182
v 0.393648 0.121546 0.545455
v 0.433013 0.119536 0.522727
v 0.472377 0.110893 0.500000
v 0.511742 0.100547 0.477273
v 0.551107 0.094548 0.454545
v 0.590472 0.093401 0.431818
v 0.629837 0.086696 0.409091
v 0.039365 0.098047 0.840909
v 0.078730 0.095937 0.818182
v 0.118094 0.093483 0.795455
v 0.157459 0.099993 0.772727
v 0.196824 0.110931 0.750000
v 0.236189 0.118394 0.727273
v 0.275554 0.117356 0.704545
v 0.314918 0.113826 0.681818
v 0.354283 0.114257 0.659091
v 0.393648 0.119149 0.636364
v 0.433013 0.124036 0.613636
v 0.472377 0.124508 0.590909
v 0.511742 0.119384 0.568182
v 0.551107 0.111447 0.545455
v 0.590472 0.103813 0.522727
v 0.629837 0.096857 0.500000
v 0.669201 0.087931 0.477273
v 0.708566 0.079647 0.454545
v 0.039365 0.092581 0.931816
v 0.078730 0.095821 0.909091
v 0.118094 0.095413 0.886364
v 0.157459 0.093327 0.863636
v 0.196824 0.092964 0.840909
v 0.236189 0.095519 0.818182
v 0.275554 0.099241 0.795455
v 0.314918 0.100612 0.772727
v 0.354283 0.099746 0.750000
v 0.393648 0.099048 0.727273
v 0.433013 0.099222 0.704545
v 0.472377 0.099820 0.681818
v 0.511742 0.099641 0.659091
v 0.551107 0.098543 0.636364
v 0.590472 0.097246 0.613636
v 0.629837 0.096212 0.590909
v 0.669201 0.095102 0.568182
v 0.708566 0.092542 0.545455
v 0.747931 0.092023 0.522727
v 0.787275 0.091040 0.499988
v -0.039365 0.097400 0.068182
v -0.039365 0.072431 0.159091
v -0.118094 0.084359 0.113636
v -0.039365 0.079083 0.250000
v -0.196824 0.095812 0.159091
v -0.118094 0.069506 0.204545
v -0.039365 0.129944 0.340909
v -0.275554 0.084923 0.204545
v -0.196824 0.084173 0.250000
v -0.118094 0.049296 0.295455
v -0.039365 0.134169 0.431818
v -0.354283 0.083164 0.250000
v -0.275554 0.090164 0.295455
v -0.196824 0.084086 0.340909
v -0.118094 0.071877 0.386364
v -0.039365 0.081396 0.522727
v -0.433013 0.101066 0.295455
v -0.354283 0.102061 0.340909
v -0.275554 0.110894 0.386364
v -0.196824 0.066954 0.431818
v -0.118094 0.120535 0.477273
v -0.039365 0.071497 0.613636
v -0.511742 0.119055 0.340909
v -0.433013 0.116185 0.386364
v -0.354283 0.106060 0.431818
v -0.275554 0.075424 0.477273
v -0.196824 0.099707 0.522727
v -0.118094 0.106629 0.568182
v -0.039365 0.123576 0.704545
v -0.590472 0.124736 0.386364
v -0.511742 0.115957 0.431818
v -0.433013 0.098594 0.477273
v -0.354283 0.080753 0.522727
v -0.275554 0.100480 0.568182
v -0.196824 0.130835 0.613636
v -0.118094 0.089333 0.659091
v -0.039365 0.083042 0.795455
v -0.669201 0.111574 0.431818
v -0.590472 0.104319 0.477273
v -0.511742 0.098685 0.522727
v -0.433013 0.103178 0.568182
v -0.354283 0.121396 0.613636
v -0.275554 0.119571 0.659091
v -0.196824 0.091104 0.704545
v -0.118094 0.075126 0.750000
v -0.039365 0.084714 0.886364
v -0.747931 0.102223 0.477273
v -0.669201 0.097989 0.522727
v -0.590472 0.095769 0.568182
v -0.511742 0.104914 0.613636
v -0.433013 0.112857 0.659091
v -0.354283 0.101359 0.704545
v -0.275554 0.092290 0.750000
v -0.196824 0.084232 0.795455
v -0.118094 0.083443 0.840909
v -0.078730 0.087634 0.090909
v -0.039365 0.081574 0.113636
v -0.157459 0.088585 0.136364
v -0.118094 0.077525 0.159091
v -0.078730 0.065848 0.181818
v -0.039365 0.069135 0.204545
v -0.236189 0.095597 0.181818
v -0.196824 0.092644 0.204545
v -0.157459 0.076839 0.227273
v -0.118094 0.056543 0.250000
v -0.078730 0.059265 0.272727
v -0.039365 0.099566 0.295455
v -0.314918 0.080792 0.227273
v -0.275554 0.082274 0.250000
v -0.236189 0.087090 0.272727
v -0.196824 0.083101 0.295455
v -0.157459 0.058825 0.318182
v -0.118094 0.054710 0.340909
v -0.078730 0.094406 0.363636
v -0.039365 0.144617 0.386364
v -0.393648 0.090519 0.272727
v -0.354283 0.089239 0.295455
v -0.314918 0.095204 0.318182
v -0.275554 0.104330 0.340909
v -0.236189 0.105393 0.363636
v -0.196824 0.077092 0.386364
v -0.157459 0.063743 0.409091
v -0.118094 0.095507 0.431818
v -0.078730 0.132179 0.454545
v -0.039365 0.110197 0.477273
v -0.472378 0.112688 0.318182
v -0.433013 0.110708 0.340909
v -0.393648 0.111213 0.363636
v -0.354283 0.112919 0.386364
v -0.314918 0.110822 0.409091
v -0.275554 0.100779 0.431818
v -0.236189 0.072641 0.454545
v -0.196824 0.071576 0.477273
v -0.157459 0.108655 0.500000
v -0.118094 0.128019 0.522727
v -0.078730 0.090949 0.545455
v -0.039365 0.059795 0.568182
v -0.551107 0.123992 0.363636
v -0.511742 0.121255 0.386364
v -0.472378 0.117422 0.409091
v -0.433013 0.111547 0.431818
v -0.393648 0.101954 0.454545
v -0.354283 0.091249 0.477273
v -0.314918 0.076484 0.500000
v -0.275554 0.070740 0.522727
v -0.236189 0.095145 0.545455
v -0.196824 0.128157 0.568182
v -0.157459 0.118980 0.590909
v -0.118094 0.078836 0.613636
v -0.078730 0.071507 0.636364
v -0.039365 0.108944 0.659091
v -0.629837 0.119086 0.409091
v -0.590472 0.115840 0.431818
v -0.551107 0.110152 0.454545
v -0.511742 0.103283 0.477273
v -0.472378 0.097117 0.500000
v -0.433013 0.093020 0.522727
v -0.393648 0.091309 0.545455
v -0.354283 0.097746 0.568182
v -0.314918 0.113038 0.590909
v -0.275554 0.129072 0.613636
v -0.236189 0.133837 0.636364
v -0.196824 0.116329 0.659091
v -0.157459 0.101352 0.681818
v -0.118094 0.099183 0.704545
v -0.078730 0.102170 0.727273
v -0.039365 0.100302 0.750000
v -0.708566 0.108321 0.454545
v -0.669201 0.106483 0.477273
v -0.629837 0.103336 0.500000
v -0.590472 0.101246 0.522727
v -0.551107 0.101179 0.545455
v -0.511742 0.104558 0.568182
v -0.472378 0.111954 0.590909
v -0.433013 0.120927 0.613636
v -0.393648 0.125171 0.636364
v -0.354283 0.119437 0.659091
v -0.314918 0.108307 0.681818
v -0.275554 0.097947 0.704545
v -0.236189 0.087107 0.727273
v -0.196824 0.076588 0.750000
v -0.157459 0.069073 0.772727
v -0.118094 0.069032 0.795455
v -0.078730 0.075120 0.818182
v -0.039365 0.081514 0.840909
v -0.787290 0.095316 0.499996
v -0.747931 0.094966 0.522727
v -0.708566 0.093310 0.545455
v -0.669201 0.093387 0.568182
v -0.629837 0.093187 0.590909
v -0.590472 0.093801 0.613636
v -0.551107 0.095237 0.636364
v -0.511742 0.096986 0.659091
v -0.472377 0.097647 0.681818
v -0.433013 0.096953 0.704545
v -0.393648 0.095974 0.727273
v -0.354283 0.095242 0.750000
v -0.314918 0.094462 0.772727
v -0.275554 0.093686 0.795455
v -0.236189 0.093605 0.818182
v -0.196824 0.093861 0.840909
v -0.157459 0.093915 0.863636
v -0.118094 0.093508 0.886364
v -0.078730 0.092585 0.909091
v -0.039365 0.091154 0.931818
v -0.078730 0.115510 0.000000
v -0.157459 0.109782 0.045455
v -0.157459 0.083660 -0.045455
v -0.236189 0.106077 0.090909
v -0.236189 0.083093 -0.090909
v -0.236189 0.099501 0.000000
v -0.314918 0.087606 0.136364
v -0.314918 0.072030 -0.136364
v -0.314918 0.079979 -0.045455
v -0.314918 0.129768 0.045455
v -0.393648 0.084592 0.181818
v -0.393648 0.094308 -0.181818
v -0.393648 0.063030 -0.090909
v -0.393648 0.131486 -0.000000
v -0.393648 0.094519 0.090909
v -0.472378 0.103956 0.227273
v -0.472378 0.055609 -0.227273
v -0.472378 0.083139 -0.136364
v -0.472378 0.092792 -0.045455
v -0.472378 0.115882 0.045455
v -0.472378 0.077040 0.136364
v -0.551107 0.114468 0.272727
v -0.551107 0.080494 -0.272727
v -0.551107 0.092990 -0.181818
v -0.551107 0.075634 -0.090909
v -0.551107 0.119478 0.000000
v -0.551107 0.081917 0.090909
v -0.551107 0.096159 0.181818
v -0.629837 0.119656 0.318182
v -0.629837 0.093685 -0.318182
v -0.629837 0.079303 -0.227273
v -0.629837 0.089092 -0.136364
v -0.629837 0.082519 -0.045455
v -0.629837 0.108394 0.045455
v -0.629837 0.083259 0.136364
v -0.629837 0.103796 0.227273
v -0.708566 0.110552 0.363636
v -0.708566 0.086636 -0.363636
v -0.708566 0.077595 -0.272727
v -0.708566 0.103197 -0.181818
v -0.708566 0.101055 -0.090909
v -0.708566 0.118890 0.000000
v -0.708566 0.095309 0.090909
v -0.708566 0.087799 0.181818
v -0.708566 0.098767 0.272727
v -0.787296 0.099624 0.409091
v -0.787296 0.104537 -0.409091
v -0.787296 0.097330 -0.318182
v -0.787296 0.101867 -0.227273
v -0.787296 0.106272 -0.136364
v -0.787296 0.109173 -0.045455
v -0.787296 0.114680 0.045455
v -0.787296 0.094703 0.136364
v -0.787296 0.095202 0.227273
v -0.787296 0.095885 0.318182
v -0.118094 0.101262 -0.022727
v -0.118094 0.114426 0.022727
v -0.196824 0.081116 -0.068182
v -0.196824 0.084376 -0.022727
v -0.196824 0.113875 0.022727
v -0.196824 0.106179 0.068182
v -0.275554 0.077518 -0.113636
v -0.275554 0.076698 -0.068182
v -0.275554 0.077088 -0.022727
v -0.275554 0.121536 0.022727
v -0.275554 0.117387 0.068182
v -0.275554 0.100589 0.113636
v -0.354283 0.094516 -0.159091
v -0.354283 0.061664 -0.113636
v -0.354283 0.073658 -0.068182
v -0.354283 0.101021 -0.022727
v -0.354283 0.137532 0.022727
v -0.354283 0.115489 0.068182
v -0.354283 0.090200 0.113636
v -0.354283 0.078968 0.159091
v -0.433013 0.069113 -0.204545
v -0.433013 0.104673 -0.159091
v -0.433013 0.068425 -0.113636
v -0.433013 0.078585 -0.068182
v -0.433013 0.116410 -0.022727
v -0.433013 0.137001 0.022727
v -0.433013 0.103023 0.068182
v -0.433013 0.080699 0.113636
v -0.433013 0.079788 0.159091
v -0.433013 0.094681 0.204545
v -0.511742 0.063899 -0.250000
v -0.511742 0.071225 -0.204545
v -0.511742 0.091912 -0.159091
v -0.511742 0.066252 -0.113636
v -0.511742 0.077623 -0.068182
v -0.511742 0.107838 -0.022727
v -0.511742 0.124110 0.022727
v -0.511742 0.092575 0.068182
v -0.511742 0.079487 0.113636
v -0.511742 0.085677 0.159091
v -0.511742 0.102386 0.204545
v -0.511742 0.110544 0.250000
v -0.590472 0.091963 -0.295455
v -0.590472 0.067652 -0.250000
v -0.590472 0.085887 -0.204545
v -0.590472 0.092245 -0.159091
v -0.590472 0.076167 -0.113636
v -0.590472 0.078919 -0.068182
v -0.590472 0.098475 -0.022727
v -0.590472 0.117840 0.022727
v -0.590472 0.091060 0.068182
v -0.590472 0.081879 0.113636
v -0.590472 0.087508 0.159091
v -0.590472 0.102246 0.204545
v -0.590472 0.111481 0.250000
v -0.590472 0.118084 0.295455
v -0.669201 0.089076 -0.340909
v -0.669201 0.076235 -0.295455
v -0.669201 0.076520 -0.250000
v -0.669201 0.097137 -0.204545
v -0.669201 0.101642 -0.159091
v -0.669201 0.094433 -0.113636
v -0.669201 0.088717 -0.068182
v -0.669201 0.101483 -0.022727
v -0.669201 0.121210 0.022727
v -0.669201 0.098584 0.068182
v -0.669201 0.084090 0.113636
v -0.669201 0.084820 0.159091
v -0.669201 0.092208 0.204545
v -0.669201 0.101519 0.250000
v -0.669201 0.109907 0.295455
v -0.669201 0.116587 0.340909
v -0.747931 0.094784 -0.386364
v -0.747931 0.089565 -0.340909
v -0.747931 0.087500 -0.295455
v -0.747931 0.095178 -0.250000
v -0.747931 0.104446 -0.204545
v -0.747931 0.108670 -0.159091
v -0.747931 0.111153 -0.113636
v -0.747931 0.109442 -0.068182
v -0.747931 0.116700 -0.022727
v -0.747931 0.125705 0.022727
v -0.747931 0.113106 0.068182
v -0.747931 0.096232 0.113636
v -0.747931 0.092138 0.159091
v -0.747931 0.092864 0.204545
v -0.747931 0.094679 0.250000
v -0.747931 0.098172 0.295455
v -0.747931 0.102738 0.340909
v -0.747931 0.105897 0.386364
v -0.826661 0.099482 -0.431818
v -0.826661 0.097576 -0.386364
v -0.826661 0.096371 -0.340909
v -0.826661 0.096341 -0.295455
v -0.826661 0.096275 -0.250000
v -0.826661 0.095675 -0.204545
v -0.826661 0.095553 -0.159091
v -0.826661 0.097601 -0.113636
v -0.826661 0.098344 -0.068182
v -0.826661 0.099445 -0.022727
v -0.826661 0.100633 0.022727
v -0.826661 0.098136 0.068182
v -0.826661 0.094753 0.113636
v -0.826661 0.093848 0.159091
v -0.826661 0.094501 0.204545
v -0.826661 0.094756 0.250000
v -0.826661 0.094591 0.295455
v -0.826661 0.093716 0.340909
v -0.826661 0.094533 0.386364
v -0.826655 0.094756 0.431815
v -0.039365 0.104199 -0.068182
v -0.118094 0.075029 -0.113636
v -0.039365 0.084160 -0.159091
v -0.196824 0.112709 -0.159091
v -0.039365 0.107129 -0.250000
v -0.118094 0.115304 -0.204545
v -0.275554 0.071648 -0.204545
v -0.039365 0.114753 -0.340909
v -0.118094 0.117362 -0.295455
v -0.196824 0.095419 -0.250000
v -0.354283 0.043951 -0.250000
v -0.039365 0.116678 -0.431818
v -0.118094 0.129567 -0.386364
v -0.196824 0.110299 -0.340909
v -0.275554 0.051303 -0.295455
v -0.433013 0.092393 -0.295455
v -0.039365 0.116318 -0.522727
v -0.118094 0.128996 -0.477273
v -0.196824 0.116572 -0.431818
v -0.275554 0.073021 -0.386364
v -0.354283 0.088171 -0.340909
v -0.511742 0.119710 -0.340909
v -0.039365 0.101636 -0.613636
v -0.118094 0.106042 -0.568182
v -0.196824 0.111078 -0.522727
v -0.275554 0.088945 -0.477273
v -0.354283 0.101735 -0.431818
v -0.433013 0.121214 -0.386364
v -0.590472 0.109099 -0.386364
v -0.039365 0.104439 -0.704545
v -0.118094 0.080725 -0.659091
v -0.196824 0.088582 -0.613636
v -0.275554 0.088873 -0.568182
v -0.354283 0.096444 -0.522727
v -0.433013 0.120837 -0.477273
v -0.511742 0.114250 -0.431818
v -0.669201 0.095055 -0.431818
v -0.039365 0.083192 -0.795455
v -0.118094 0.078625 -0.750000
v -0.196824 0.073454 -0.704545
v -0.275554 0.080956 -0.659091
v -0.354283 0.091016 -0.613636
v -0.433013 0.106339 -0.568182
v -0.511742 0.113242 -0.522727
v -0.590472 0.102762 -0.477273
v -0.747931 0.109605 -0.477273
v -0.039365 0.075169 -0.886364
v -0.118094 0.080334 -0.840909
v -0.196824 0.080295 -0.795455
v -0.275554 0.084183 -0.750000
v -0.354283 0.091543 -0.704545
v -0.433013 0.101349 -0.659091
v -0.511742 0.110993 -0.613636
v -0.590472 0.108869 -0.568182
v -0.669201 0.106044 -0.522727
v -0.039365 0.091834 -0.113636
v -0.078730 0.084129 -0.090909
v -0.039365 0.088867 -0.204545
v -0.078730 0.085349 -0.181818
v -0.118094 0.092904 -0.159091
v -0.157459 0.097320 -0.136364
v -0.039365 0.115792 -0.295455
v -0.078730 0.119610 -0.272727
v -0.118094 0.120905 -0.250000
v -0.157459 0.116512 -0.227273
v -0.196824 0.105758 -0.204545
v -0.236189 0.095841 -0.181818
v -0.039365 0.114626 -0.386364
v -0.078730 0.118336 -0.363636
v -0.118094 0.122434 -0.340909
v -0.157459 0.121849 -0.318182
v -0.196824 0.102970 -0.295455
v -0.236189 0.069132 -0.272727
v -0.275554 0.047850 -0.250000
v -0.314918 0.046438 -0.227273
v -0.039365 0.118168 -0.477273
v -0.078730 0.121616 -0.454545
v -0.118094 0.132177 -0.431818
v -0.157459 0.134958 -0.409091
v -0.196824 0.114667 -0.386364
v -0.236189 0.083285 -0.363636
v -0.275554 0.061632 -0.340909
v -0.314918 0.062480 -0.318182
v -0.354283 0.066496 -0.295455
v -0.393648 0.065673 -0.272727
v -0.039365 0.108851 -0.568182
v -0.078730 0.107863 -0.545455
v -0.118094 0.120035 -0.522727
v -0.157459 0.126894 -0.500000
v -0.196824 0.116073 -0.477273
v -0.236189 0.097071 -0.454545
v -0.275554 0.082552 -0.431818
v -0.314918 0.083364 -0.409091
v -0.354283 0.098697 -0.386364
v -0.393648 0.110748 -0.363636
v -0.433013 0.113027 -0.340909
v -0.472378 0.111810 -0.318182
v -0.039365 0.099740 -0.659091
v -0.078730 0.084859 -0.636364
v -0.118094 0.090012 -0.613636
v -0.157459 0.101029 -0.590909
v -0.196824 0.101318 -0.568182
v -0.236189 0.096543 -0.545455
v -0.275554 0.091088 -0.522727
v -0.314918 0.090858 -0.500000
v -0.354283 0.100738 -0.477273
v -0.393648 0.117367 -0.454545
v -0.433013 0.124952 -0.431818
v -0.472378 0.120532 -0.409091
v -0.511742 0.117145 -0.386364
v -0.551107 0.117708 -0.363636
v -0.039365 0.103509 -0.750000
v -0.078730 0.090444 -0.727273
v -0.118094 0.078607 -0.704545
v -0.157459 0.075417 -0.681818
v -0.196824 0.077747 -0.659091
v -0.236189 0.081159 -0.636364
v -0.275554 0.084330 -0.613636
v -0.314918 0.087473 -0.590909
v -0.354283 0.092556 -0.568182
v -0.393648 0.101438 -0.545455
v -0.433013 0.111842 -0.522727
v -0.472377 0.116896 -0.500000
v -0.511742 0.113352 -0.477273
v -0.551107 0.106764 -0.454545
v -0.590472 0.102580 -0.431818
v -0.629837 0.099354 -0.409091
v -0.039365 0.070428 -0.840909
v -0.078730 0.078715 -0.818182
v -0.118094 0.078816 -0.795455
v -0.157459 0.075576 -0.772727
v -0.196824 0.074625 -0.750000
v -0.236189 0.076897 -0.727273
v -0.275554 0.080967 -0.704545
v -0.314918 0.086100 -0.681818
v -0.354283 0.091740 -0.659091
v -0.393648 0.098260 -0.636364
v -0.433013 0.105779 -0.613636
v -0.472377 0.112767 -0.590909
v -0.511742 0.116042 -0.568182
v -0.551107 0.113907 -0.545455
v -0.590472 0.109218 -0.522727
v -0.629837 0.105521 -0.500000
v -0.669201 0.103556 -0.477273
v -0.708566 0.102143 -0.454545
v -0.039365 0.090573 -0.931818
v -0.078730 0.089794 -0.909091
v -0.118094 0.088466 -0.886364
v -0.157459 0.090181 -0.863636
v -0.196824 0.089962 -0.840909
v -0.236189 0.090017 -0.818182
v -0.275554 0.090621 -0.795455
v -0.314918 0.091923 -0.772727
v -0.354283 0.093114 -0.750000
v -0.393648 0.094223 -0.727273
v -0.433013 0.094904 -0.704545
v -0.472377 0.096724 -0.681818
v -0.511742 0.097873 -0.659091
v -0.551107 0.098294 -0.636364
v -0.590472 0.097970 -0.613636
v -0.629837 0.097532 -0.590909
v -0.669201 0.097555 -0.568182
v -0.708566 0.098067 -0.545455
v -0.747931 0.099364 -0.522727
v -0.787296 0.100682 -0.500000
v 0.039365 0.120806 -0.068182
v 0.039365 0.127739 -0.159091
v 0.118094 0.143187 -0.113636
v 0.039365 0.123888 -0.250000
v 0.196824 0.139542 -0.159091
v 0.118094 0.136259 -0.204545
v 0.039365 0.119402 -0.340909
v 0.275554 0.102870 -0.204545
v 0.196824 0.101343 -0.250000
v 0.118094 0.128882 -0.295455
v 0.039365 0.121891 -0.431818
v 0.354283 0.068557 -0.250000
v 0.275554 0.079726 -0.295455
v 0.196824 0.112344 -0.340909
v 0.118094 0.132909 -0.386364
v 0.039365 0.139571 -0.522727
v 0.433013 0.091139 -0.295455
v 0.354283 0.092740 -0.340909
v 0.275554 0.110127 -0.386364
v 0.196824 0.137356 -0.431818
v 0.118094 0.144286 -0.477273
v 0.039365 0.131377 -0.613636
v 0.511742 0.069048 -0.340909
v 0.433013 0.081510 -0.386364
v 0.354283 0.106074 -0.431818
v 0.275554 0.135105 -0.477273
v 0.196824 0.141493 -0.522727
v 0.118094 0.134429 -0.568182
v 0.039365 0.132519 -0.704545
v 0.590472 0.031365 -0.386364
v 0.511742 0.035612 -0.431818
v 0.433013 0.067232 -0.477273
v 0.354283 0.110914 -0.522727
v 0.275554 0.119969 -0.568182
v 0.196824 0.111081 -0.613636
v 0.118094 0.129156 -0.659091
v 0.039365 0.079131 -0.795455
v 0.669201 0.065939 -0.431818
v 0.590472 0.056413 -0.477273
v 0.511742 0.059174 -0.522727
v 0.433013 0.090628 -0.568182
v 0.354283 0.111767 -0.613636
v 0.275554 0.125233 -0.659091
v 0.196824 0.114374 -0.704545
v 0.118094 0.098372 -0.750000
v 0.039365 0.082000 -0.886364
v 0.747931 0.081735 -0.477273
v 0.669201 0.074472 -0.522727
v 0.590472 0.077598 -0.568182
v 0.511742 0.092427 -0.613636
v 0.433013 0.094509 -0.659091
v 0.354283 0.100048 -0.704545
v 0.275554 0.089377 -0.750000
v 0.196824 0.094252 -0.795455
v 0.118094 0.091263 -0.840909
v 0.078730 0.132035 -0.090909
v 0.039365 0.128984 -0.113636
v 0.157459 0.147269 -0.136364
v 0.118094 0.147658 -0.159091
v 0.078730 0.139015 -0.181818
v 0.039365 0.124947 -0.204545
v 0.236189 0.123637 -0.181818
v 0.196824 0.119183 -0.204545
v 0.157459 0.121145 -0.227273
v 0.118094 0.127721 -0.250000
v 0.078730 0.131613 -0.272727
v 0.039365 0.123240 -0.295455
v 0.314918 0.079901 -0.227273
v 0.275554 0.078993 -0.250000
v 0.236189 0.085705 -0.272727
v 0.196824 0.101023 -0.295455
v 0.157459 0.120447 -0.318182
v 0.118094 0.131477 -0.340909
v 0.078730 0.127306 -0.363636
v 0.039365 0.117567 -0.386364
v 0.393648 0.076659 -0.272727
v 0.354283 0.078224 -0.295455
v 0.314918 0.083580 -0.318182
v 0.275554 0.093535 -0.340909
v 0.236189 0.108642 -0.363636
v 0.196824 0.124880 -0.386364
v 0.157459 0.135491 -0.409091
v 0.118094 0.137017 -0.431818
v 0.078730 0.133517 -0.454545
v 0.039365 0.131590 -0.477273
v 0.472377 0.093186 -0.318182
v 0.433013 0.093648 -0.340909
v 0.393648 0.096705 -0.363636
v 0.354283 0.102554 -0.386364
v 0.314918 0.112046 -0.409091
v 0.275554 0.125131 -0.431818
v 0.236189 0.138157 -0.454545
v 0.196824 0.146134 -0.477273
v 0.157459 0.147022 -0.500000
v 0.118094 0.144890 -0.522727
v 0.078730 0.144035 -0.545455
v 0.039365 0.138271 -0.568182
v 0.551107 0.038274 -0.363636
v 0.511742 0.043178 -0.386364
v 0.472377 0.052784 -0.409091
v 0.433013 0.067484 -0.431818
v 0.393648 0.087490 -0.454545
v 0.354283 0.108568 -0.477273
v 0.314918 0.125615 -0.500000
v 0.275554 0.133481 -0.522727
v 0.236189 0.130757 -0.545455
v 0.196824 0.122626 -0.568182
v 0.157459 0.119068 -0.590909
v 0.118094 0.122620 -0.613636
v 0.078730 0.129487 -0.636364
v 0.039365 0.131237 -0.659091
v 0.629837 0.047939 -0.409091
v 0.590472 0.044006 -0.431818
v 0.551107 0.041248 -0.454545
v 0.511742 0.044227 -0.477273
v 0.472377 0.057180 -0.500000
v 0.433013 0.078278 -0.522727
v 0.393648 0.097411 -0.545455
v 0.354283 0.110203 -0.568182
v 0.314918 0.114291 -0.590909
v 0.275554 0.113785 -0.613636
v 0.236189 0.117268 -0.636364
v 0.196824 0.125038 -0.659091
v 0.157459 0.129028 -0.681818
v 0.118094 0.125869 -0.704545
v 0.078730 0.117467 -0.727273
v 0.039365 0.108586 -0.750000
v 0.708566 0.075398 -0.454545
v 0.669201 0.071144 -0.477273
v 0.629837 0.065916 -0.500000
v 0.590472 0.063359 -0.522727
v 0.551107 0.066783 -0.545455
v 0.511742 0.077445 -0.568182
v 0.472377 0.090153 -0.590909
v 0.433013 0.098335 -0.613636
v 0.393648 0.107404 -0.636364
v 0.354283 0.120805 -0.659091
v 0.314918 0.123987 -0.681818
v 0.275554 0.110276 -0.704545
v 0.236189 0.099942 -0.727273
v 0.196824 0.096815 -0.750000
v 0.157459 0.094646 -0.772727
v 0.118094 0.088997 -0.795455
v 0.078730 0.080407 -0.818182
v 0.039365 0.072409 -0.840909
v 0.787296 0.090760 -0.500000
v 0.747931 0.090672 -0.522727
v 0.708566 0.087869 -0.545455
v 0.669201 0.088446 -0.568182
v 0.629837 0.089411 -0.590909
v 0.590472 0.091889 -0.613636
v 0.551107 0.093754 -0.636364
v 0.511742 0.093896 -0.659091
v 0.472377 0.092822 -0.681818
v 0.433013 0.091415 -0.704545
v 0.393648 0.092620 -0.727273
v 0.354283 0.091439 -0.750000
v 0.314918 0.090962 -0.772727
v 0.275554 0.092023 -0.795455
v 0.236189 0.093585 -0.818182
v 0.196824 0.094354 -0.840909
v 0.157459 0.094253 -0.863636
v 0.118094 0.092756 -0.886364
v 0.078730 0.092850 -0.909091
v 0.039365 0.092065 -0.931818
v 0.846343 0.094231 -0.488636
v -0.019682 0.117277 0.011364
v -0.019682 0.117648 -0.011364
v 0.000000 0.117425 -0.022727
v 0.019682 0.117835 0.011364
v -0.000000 0.115048 0.022727
v 0.059047 0.120140 -0.034091
v 0.137777 0.129747 -0.079545
v 0.216506 0.139960 -0.125000
v 0.295236 0.122171 -0.170455
v 0.373966 0.076179 -0.215909
v 0.452695 0.088009 -0.261364
v 0.531425 0.086248 -0.306818
v 0.610154 0.032237 -0.352273
v 0.688884 0.059148 -0.397727
v 0.767613 0.078452 -0.443182
v -0.806961 0.095513 0.465899
v -0.728249 0.108985 0.420455
v -0.649519 0.121685 0.375000
v -0.570789 0.122645 0.329545
v -0.492060 0.111230 0.284091
v -0.413330 0.092913 0.238636
v -0.334601 0.082327 0.193182
v -0.255871 0.095598 0.147727
v -0.177142 0.095160 0.102273
v -0.098412 0.102747 0.056818
v -0.806978 0.106424 -0.465909
v -0.728249 0.096002 -0.420455
v -0.649519 0.097087 -0.375000
v -0.570789 0.113750 -0.329545
v -0.492060 0.091402 -0.284091
v -0.413330 0.051589 -0.238636
v -0.334601 0.075929 -0.193182
v -0.255871 0.090609 -0.147727
v -0.177142 0.084745 -0.102273
v -0.098412 0.092080 -0.056818
v 0.000000 0.087096 -0.931818
v 0.000000 0.065702 -0.840909
v 0.000000 0.112830 -0.750000
v -0.000000 0.119561 -0.659091
v -0.000000 0.125763 -0.568182
v 0.000000 0.123711 -0.477273
v 0.000000 0.113881 -0.386364
v 0.000000 0.113984 -0.295455
v 0.000000 0.105930 -0.204545
v 0.000000 0.112234 -0.113636
v 0.806913 0.086475 0.465871
v 0.728249 0.072174 0.420455
v 0.649519 0.077502 0.375000
v 0.570789 0.107347 0.329545
v 0.492060 0.109096 0.284091
v 0.413330 0.095632 0.238636
v 0.334601 0.131490 0.193182
v 0.255871 0.134644 0.147727
v 0.177142 0.103885 0.102273
v 0.098412 0.104617 0.056818
v -0.000000 0.086242 0.931815
v 0.000000 0.088871 0.840909
v 0.000000 0.106856 0.750000
v 0.000000 0.130812 0.659091
v 0.000000 0.066157 0.568182
v 0.000000 0.089373 0.477273
v 0.000000 0.137593 0.386364
v 0.000000 0.143318 0.295455
v -0.000000 0.091920 0.204545
v 0.000000 0.084967 0.113636
v 0.806954 0.086579 0.443168
v 0.728249 0.071555 0.397727
v 0.806978 0.088686 0.352273
v 0.649519 0.077388 0.352273
v 0.806978 0.095551 0.261364
v 0.728249 0.084979 0.306818
v 0.570789 0.112588 0.306818
v 0.806978 0.092948 0.170455
v 0.728249 0.093720 0.215909
v 0.649519 0.109419 0.261364
v 0.492060 0.119436 0.261364
v 0.806978 0.100743 0.079545
v 0.728249 0.097416 0.125000
v 0.649519 0.096646 0.170455
v 0.570789 0.137705 0.215909
v 0.413330 0.119125 0.215909
v 0.806978 0.093052 -0.011364
v 0.728249 0.104560 0.034091
v 0.649519 0.117208 0.079545
v 0.570789 0.119330 0.125000
v 0.492060 0.143343 0.170455
v 0.334601 0.142554 0.170455
v 0.806978 0.094305 -0.102273
v 0.728249 0.084355 -0.056818
v 0.649519 0.076969 -0.011364
v 0.570789 0.116319 0.034091
v 0.492060 0.135874 0.079545
v 0.413330 0.138049 0.125000
v 0.255871 0.123838 0.125000
v 0.806978 0.100977 -0.193182
v 0.728249 0.100386 -0.147727
v 0.649519 0.096433 -0.102273
v 0.570789 0.072725 -0.056818
v 0.492060 0.084415 -0.011364
v 0.413330 0.121393 0.034091
v 0.334601 0.113873 0.079545
v 0.177142 0.101218 0.079545
v 0.806978 0.087435 -0.284091
v 0.728249 0.101366 -0.238636
v 0.649519 0.104258 -0.193182
v 0.570789 0.107713 -0.147727
v 0.492060 0.110914 -0.102273
v 0.413330 0.098320 -0.056818
v 0.334601 0.114192 -0.011364
v 0.255871 0.116719 0.034091
v 0.098412 0.112661 0.034091
v 0.806978 0.081856 -0.375000
v 0.728249 0.053409 -0.329545
v 0.649519 0.075061 -0.284091
v 0.570789 0.110082 -0.238636
v 0.492060 0.091065 -0.193182
v 0.413330 0.117180 -0.147727
v 0.334601 0.125914 -0.102273
v 0.255871 0.118892 -0.056818
v 0.177142 0.122855 -0.011364
v 0.806978 0.087942 0.375000
v 0.787296 0.082934 0.386364
v 0.806978 0.094525 0.284091
v 0.787296 0.093002 0.295455
v 0.728249 0.078546 0.329545
v 0.708566 0.074009 0.340909
v 0.806978 0.093442 0.193182
v 0.787296 0.094096 0.204545
v 0.728249 0.095474 0.238636
v 0.708566 0.096048 0.250000
v 0.649519 0.102064 0.284091
v 0.629837 0.102663 0.295455
v 0.806978 0.098245 0.102273
v 0.787296 0.098926 0.113636
v 0.728249 0.092469 0.147727
v 0.708566 0.090557 0.159091
v 0.649519 0.100260 0.193182
v 0.629837 0.109600 0.204545
v 0.570789 0.140533 0.238636
v 0.551107 0.139949 0.250000
v 0.806978 0.095652 0.011364
v 0.787296 0.099842 0.022727
v 0.728249 0.110121 0.056818
v 0.708566 0.110558 0.068182
v 0.649519 0.110390 0.102273
v 0.629837 0.109842 0.113636
v 0.570789 0.117869 0.147727
v 0.551107 0.125959 0.159091
v 0.492060 0.144866 0.193182
v 0.472378 0.142058 0.204545
v 0.806978 0.092800 -0.079545
v 0.787296 0.091201 -0.068182
v 0.728249 0.083403 -0.034091
v 0.708566 0.081574 -0.022727
v 0.649519 0.091086 0.011364
v 0.629837 0.100537 0.022727
v 0.570789 0.130655 0.056818
v 0.551107 0.134837 0.068182
v 0.492060 0.134094 0.102273
v 0.472378 0.134721 0.113636
v 0.413330 0.146133 0.147727
v 0.393648 0.146928 0.159091
v 0.806978 0.099313 -0.170455
v 0.787296 0.101265 -0.159091
v 0.728249 0.097509 -0.125000
v 0.708566 0.095042 -0.113636
v 0.649519 0.086018 -0.079545
v 0.629837 0.079542 -0.068182
v 0.570789 0.066042 -0.034091
v 0.551107 0.070015 -0.022727
v 0.492060 0.102203 0.011364
v 0.472378 0.113910 0.022727
v 0.413330 0.126005 0.056818
v 0.393648 0.123530 0.068182
v 0.334601 0.119130 0.102273
v 0.314918 0.123562 0.113636
v 0.806978 0.093168 -0.261364
v 0.787296 0.097293 -0.250000
v 0.728249 0.106872 -0.215909
v 0.708566 0.105554 -0.204545
v 0.649519 0.100911 -0.170455
v 0.629837 0.101531 -0.159091
v 0.570789 0.112443 -0.125000
v 0.551107 0.112417 -0.113636
v 0.492060 0.096907 -0.079545
v 0.472378 0.092391 -0.068182
v 0.413330 0.095022 -0.034091
v 0.393648 0.100847 -0.022727
v 0.334601 0.119132 0.011364
v 0.314918 0.119998 0.022727
v 0.255871 0.109491 0.056818
v 0.236189 0.105421 0.068182
v 0.806978 0.077561 -0.352273
v 0.787296 0.066010 -0.340909
v 0.728249 0.060607 -0.306818
v 0.708566 0.065210 -0.295455
v 0.649519 0.094574 -0.261364
v 0.629837 0.105038 -0.250000
v 0.570789 0.106671 -0.215909
v 0.551107 0.101545 -0.204545
v 0.492060 0.099185 -0.170455
v 0.472378 0.105686 -0.159091
v 0.413330 0.122321 -0.125000
v 0.393648 0.123131 -0.113636
v 0.334601 0.118181 -0.079545
v 0.314918 0.116547 -0.068182
v 0.255871 0.118088 -0.034091
v 0.236189 0.120844 -0.022727
v 0.177142 0.120611 0.011364
v 0.157459 0.117479 0.022727
v 0.806978 0.085558 -0.443182
v 0.787296 0.081497 -0.431818
v 0.728249 0.068256 -0.397727
v 0.708566 0.061466 -0.386364
v 0.649519 0.037485 -0.352273
v 0.629837 0.036604 -0.340909
v 0.570789 0.073377 -0.306818
v 0.551107 0.089277 -0.295455
v 0.492060 0.098621 -0.261364
v 0.472377 0.090965 -0.250000
v 0.413330 0.075145 -0.215909
v 0.393648 0.080628 -0.204545
v 0.334601 0.116310 -0.170455
v 0.314918 0.125419 -0.159091
v 0.255871 0.136166 -0.125000
v 0.236189 0.136148 -0.113636
v 0.177142 0.128668 -0.079545
v 0.157459 0.125453 -0.068182
v 0.098412 0.121703 -0.034091
v 0.078730 0.121716 -0.022727
v 0.059047 0.103794 0.056818
v 0.137777 0.100462 0.102273
v 0.059047 0.101514 0.147727
v 0.216506 0.131307 0.147727
v 0.059047 0.146079 0.238636
v 0.137777 0.140965 0.193182
v 0.295236 0.131726 0.193182
v 0.059047 0.120470 0.329545
v 0.137777 0.081832 0.284091
v 0.216506 0.095621 0.238636
v 0.373966 0.082058 0.238636
v 0.059047 0.085339 0.420455
v 0.137777 0.067288 0.375000
v 0.216506 0.059759 0.329545
v 0.295236 0.057261 0.284091
v 0.452695 0.091274 0.284091
v 0.059047 0.077940 0.511364
v 0.137777 0.094807 0.465909
v 0.216506 0.103394 0.420455
v 0.295236 0.091847 0.375000
v 0.373966 0.073088 0.329545
v 0.531425 0.112840 0.329545
v 0.059047 0.109266 0.602273
v 0.137777 0.112339 0.556818
v 0.216506 0.116356 0.511364
v 0.295236 0.116953 0.465909
v 0.373966 0.102141 0.420455
v 0.452695 0.092403 0.375000
v 0.610154 0.092209 0.375000
v 0.059047 0.129029 0.693182
v 0.137777 0.118572 0.647727
v 0.216506 0.105484 0.602273
v 0.295236 0.112848 0.556818
v 0.373966 0.121038 0.511364
v 0.452695 0.104762 0.465909
v 0.531425 0.094792 0.420455
v 0.688884 0.074926 0.420455
v 0.059047 0.095434 0.784091
v 0.137777 0.104973 0.738636
v 0.216506 0.112678 0.693182
v 0.295236 0.107085 0.647727
v 0.373966 0.117195 0.602273
v 0.452695 0.121831 0.556818
v 0.531425 0.105529 0.511364
v 0.610154 0.092106 0.465909
v 0.767612 0.082612 0.465908
v 0.059047 0.099865 0.875000
v 0.137777 0.091821 0.829545
v 0.216506 0.104520 0.784091
v 0.295236 0.114607 0.738636
v 0.373966 0.110113 0.693182
v 0.452695 0.115155 0.647727
v 0.531425 0.112339 0.602273
v 0.610154 0.102843 0.556818
v 0.688884 0.090820 0.511364
v 0.059047 0.094333 0.125000
v 0.078730 0.095674 0.113636
v 0.059047 0.135114 0.215909
v 0.078730 0.136439 0.204545
v 0.137777 0.133066 0.170455
v 0.157459 0.130508 0.159091
v 0.059047 0.136179 0.306818
v 0.078730 0.125030 0.295455
v 0.137777 0.107459 0.261364
v 0.157459 0.108161 0.250000
v 0.216506 0.122581 0.215909
v 0.236189 0.128636 0.204545
v 0.059047 0.089111 0.397727
v 0.078730 0.082362 0.386364
v 0.137777 0.064372 0.352273
v 0.157459 0.060759 0.340909
v 0.216506 0.055644 0.306818
v 0.236189 0.055534 0.295455
v 0.295236 0.059989 0.261364
v 0.314918 0.065274 0.250000
v 0.059047 0.077324 0.488636
v 0.078730 0.079610 0.477273
v 0.137777 0.087928 0.443182
v 0.157459 0.090482 0.431818
v 0.216506 0.092833 0.397727
v 0.236189 0.091242 0.386364
v 0.295236 0.079314 0.352273
v 0.314918 0.074339 0.340909
v 0.373966 0.067794 0.306818
v 0.393648 0.070946 0.295455
v 0.059047 0.097422 0.579545
v 0.078730 0.100199 0.568182
v 0.137777 0.109124 0.534091
v 0.157459 0.111566 0.522727
v 0.216506 0.116735 0.488636
v 0.236189 0.117462 0.477273
v 0.295236 0.115119 0.443182
v 0.314918 0.112149 0.431818
v 0.373966 0.096846 0.397727
v 0.393648 0.091816 0.386364
v 0.452695 0.092846 0.352273
v 0.472378 0.099875 0.340909
v 0.059047 0.131940 0.670455
v 0.078730 0.128228 0.659091
v 0.137777 0.118622 0.625000
v 0.157459 0.115205 0.613636
v 0.216506 0.108556 0.579545
v 0.236189 0.109205 0.568182
v 0.295236 0.116087 0.534091
v 0.314918 0.118375 0.522727
v 0.373966 0.118347 0.488636
v 0.393648 0.114880 0.477273
v 0.452695 0.097797 0.443182
v 0.472378 0.093833 0.431818
v 0.531425 0.099228 0.397727
v 0.551107 0.103445 0.386364
v 0.059047 0.100640 0.761364
v 0.078730 0.103364 0.750000
v 0.137777 0.109640 0.715909
v 0.157459 0.111068 0.704545
v 0.216506 0.108961 0.670455
v 0.236189 0.106564 0.659091
v 0.295236 0.104895 0.625000
v 0.314918 0.107171 0.613636
v 0.373966 0.118053 0.579545
v 0.393648 0.120635 0.568182
v 0.452695 0.118839 0.534091
v 0.472377 0.114980 0.522727
v 0.531425 0.100600 0.488636
v 0.551107 0.096975 0.477273
v 0.610154 0.090931 0.443182
v 0.629837 0.087449 0.431818
v 0.059047 0.100825 0.852273
v 0.078730 0.099300 0.840909
v 0.137777 0.092638 0.806818
v 0.157459 0.095231 0.795455
v 0.216506 0.111794 0.761364
v 0.236189 0.116471 0.750000
v 0.295236 0.116970 0.715909
v 0.314918 0.114994 0.704545
v 0.373966 0.114157 0.670455
v 0.393648 0.116048 0.659091
v 0.452695 0.121840 0.625000
v 0.472377 0.122170 0.613636
v 0.531425 0.116105 0.579545
v 0.551107 0.112770 0.568182
v 0.610154 0.103176 0.534091
v 0.629837 0.100065 0.522727
v 0.688884 0.087618 0.488636
v 0.708566 0.084063 0.477273
v 0.059047 0.095557 0.943177
v 0.078730 0.095834 0.931818
v 0.137777 0.095937 0.897727
v 0.157459 0.095807 0.886364
v 0.216506 0.095429 0.852273
v 0.236189 0.095552 0.840909
v 0.295236 0.096164 0.806818
v 0.314918 0.096366 0.795455
v 0.373966 0.096344 0.761364
v 0.393648 0.096307 0.750000
v 0.452695 0.096314 0.715909
v 0.472378 0.096325 0.704545
v 0.531425 0.096147 0.670455
v 0.551107 0.096006 0.659091
v 0.610154 0.095855 0.625000
v 0.629837 0.095869 0.613636
v 0.688884 0.095870 0.579545
v 0.708566 0.095814 0.568182
v 0.767612 0.095255 0.534090
v 0.787274 0.095044 0.522715
v -0.019682 0.093175 0.079545
v -0.019682 0.075818 0.170455
v -0.098412 0.080239 0.125000
v -0.019682 0.100993 0.261364
v -0.177142 0.092907 0.170455
v -0.098412 0.061590 0.215909
v -0.019682 0.151635 0.352273
v -0.255871 0.085792 0.215909
v -0.177142 0.076063 0.261364
v -0.098412 0.055023 0.306818
v -0.019682 0.117462 0.443182
v -0.334601 0.082335 0.261364
v -0.255871 0.094469 0.306818
v -0.177142 0.069077 0.352273
v -0.098412 0.093384 0.397727
v -0.019682 0.068923 0.534091
v -0.413330 0.099298 0.306818
v -0.334601 0.105267 0.352273
v -0.255871 0.107750 0.397727
v -0.177142 0.067611 0.443182
v -0.098412 0.129444 0.488636
v -0.019682 0.092468 0.625000
v -0.492060 0.118386 0.352273
v -0.413330 0.115035 0.397727
v -0.334601 0.101111 0.443182
v -0.255871 0.067187 0.488636
v -0.177142 0.119506 0.534091
v -0.098412 0.082428 0.579545
v -0.019682 0.124330 0.715909
v -0.570789 0.123412 0.397727
v -0.492060 0.112471 0.443182
v -0.413330 0.093607 0.488636
v -0.334601 0.078784 0.534091
v -0.255871 0.114420 0.579545
v -0.177142 0.118288 0.625000
v -0.098412 0.095101 0.670455
v -0.019682 0.085998 0.806818
v -0.649519 0.110575 0.443182
v -0.570789 0.102233 0.488636
v -0.492060 0.098507 0.534091
v -0.413330 0.107037 0.579545
v -0.334601 0.124393 0.625000
v -0.255871 0.113456 0.670455
v -0.177142 0.085102 0.715909
v -0.098412 0.075615 0.761364
v -0.019682 0.084731 0.897727
v -0.728249 0.101796 0.488636
v -0.649519 0.096805 0.534091
v -0.570789 0.096831 0.579545
v -0.492060 0.108425 0.625000
v -0.413330 0.110776 0.670455
v -0.334601 0.099006 0.715909
v -0.255871 0.089888 0.761364
v -0.177142 0.083206 0.806818
v -0.098412 0.084062 0.852273
v -0.078730 0.081175 0.113636
v -0.059047 0.078487 0.125000
v -0.157459 0.087677 0.159091
v -0.137777 0.081589 0.170455
v -0.078730 0.061614 0.204545
v -0.059047 0.062775 0.215909
v -0.236189 0.090824 0.204545
v -0.216506 0.090963 0.215909
v -0.157459 0.070200 0.250000
v -0.137777 0.059113 0.261364
v -0.078730 0.064198 0.295455
v -0.059047 0.085311 0.306818
v -0.314918 0.080951 0.250000
v -0.295236 0.082210 0.261364
v -0.236189 0.091521 0.295455
v -0.216506 0.091972 0.306818
v -0.157459 0.058107 0.340909
v -0.137777 0.053827 0.352273
v -0.078730 0.107870 0.386364
v -0.059047 0.134074 0.397727
v -0.393648 0.093671 0.295455
v -0.373966 0.093477 0.306818
v -0.314918 0.102362 0.340909
v -0.295236 0.106394 0.352273
v -0.236189 0.102376 0.386364
v -0.216506 0.087013 0.397727
v -0.157459 0.070373 0.431818
v -0.137777 0.087381 0.443182
v -0.078730 0.129297 0.477273
v -0.059047 0.115670 0.488636
v -0.472378 0.116027 0.340909
v -0.452695 0.115453 0.352273
v -0.393648 0.114696 0.386364
v -0.373966 0.114077 0.397727
v -0.314918 0.104449 0.431818
v -0.295236 0.099309 0.443182
v -0.236189 0.066414 0.477273
v -0.216506 0.069059 0.488636
v -0.157459 0.122142 0.522727
v -0.137777 0.129805 0.534091
v -0.078730 0.075036 0.568182
v -0.059047 0.060579 0.579545
v -0.551107 0.123873 0.386364
v -0.531425 0.122090 0.397727
v -0.472378 0.114195 0.431818
v -0.452695 0.110365 0.443182
v -0.393648 0.094472 0.477273
v -0.373966 0.089940 0.488636
v -0.314918 0.073748 0.522727
v -0.295236 0.074896 0.534091
v -0.236189 0.112838 0.568182
v -0.216506 0.127204 0.579545
v -0.157459 0.108630 0.613636
v -0.137777 0.090858 0.625000
v -0.078730 0.088886 0.659091
v -0.059047 0.105668 0.670455
v -0.629837 0.113817 0.431818
v -0.610154 0.111890 0.443182
v -0.551107 0.103957 0.477273
v -0.531425 0.101331 0.488636
v -0.472378 0.096555 0.522727
v -0.452695 0.095833 0.534091
v -0.393648 0.100585 0.568182
v -0.373966 0.105544 0.579545
v -0.314918 0.124095 0.613636
v -0.295236 0.128281 0.625000
v -0.236189 0.122215 0.659091
v -0.216506 0.113067 0.670455
v -0.157459 0.092495 0.704545
v -0.137777 0.089238 0.715909
v -0.078730 0.087770 0.750000
v -0.059047 0.088378 0.761364
v -0.708566 0.105498 0.477273
v -0.688884 0.104385 0.488636
v -0.629837 0.100116 0.522727
v -0.610154 0.099218 0.534091
v -0.551107 0.100519 0.568182
v -0.531425 0.102884 0.579545
v -0.472378 0.114694 0.613636
v -0.452695 0.118525 0.625000
v -0.393648 0.118241 0.659091
v -0.373966 0.113917 0.670455
v -0.314918 0.100801 0.704545
v -0.295236 0.097227 0.715909
v -0.236189 0.085564 0.750000
v -0.216506 0.081719 0.761364
v -0.157459 0.074039 0.795455
v -0.137777 0.073998 0.806818
v -0.078730 0.079467 0.840909
v -0.059047 0.081295 0.852273
v -0.787286 0.095768 0.522722
v -0.767613 0.095806 0.534091
v -0.708566 0.095735 0.568182
v -0.688884 0.095646 0.579545
v -0.629837 0.095453 0.613636
v -0.610154 0.095437 0.625000
v -0.551107 0.095604 0.659091
v -0.531425 0.095785 0.670455
v -0.472377 0.096020 0.704545
v -0.452695 0.096018 0.715909
v -0.393648 0.095934 0.750000
v -0.373966 0.095880 0.761364
v -0.314918 0.095574 0.795455
v -0.295236 0.095430 0.806818
v -0.236189 0.095604 0.840909
v -0.216506 0.095718 0.852273
v -0.157459 0.095884 0.886364
v -0.137777 0.095877 0.897727
v -0.078730 0.095582 0.931818
v -0.059047 0.095325 0.943182
v -0.078730 0.114784 0.022727
v -0.157459 0.101079 0.068182
v -0.157459 0.092920 -0.022727
v -0.236189 0.100932 0.113636
v -0.236189 0.080250 -0.068182
v -0.236189 0.115540 0.022727
v -0.314918 0.083657 0.159091
v -0.314918 0.064363 -0.113636
v -0.314918 0.086161 -0.022727
v -0.314918 0.118398 0.068182
v -0.393648 0.088142 0.204545
v -0.393648 0.104247 -0.159091
v -0.393648 0.076693 -0.068182
v -0.393648 0.139894 0.022727
v -0.393648 0.084489 0.113636
v -0.472378 0.105264 0.250000
v -0.472378 0.067959 -0.204545
v -0.472378 0.066318 -0.113636
v -0.472378 0.113766 -0.022727
v -0.472378 0.096820 0.068182
v -0.472378 0.082762 0.159091
v -0.551107 0.117132 0.295455
v -0.551107 0.064766 -0.250000
v -0.551107 0.089958 -0.159091
v -0.551107 0.077358 -0.068182
v -0.551107 0.119246 0.022727
v -0.551107 0.080791 0.113636
v -0.551107 0.103437 0.204545
v -0.629837 0.122629 0.340909
v -0.629837 0.082715 -0.295455
v -0.629837 0.092865 -0.204545
v -0.629837 0.084889 -0.113636
v -0.629837 0.098160 -0.022727
v -0.629837 0.093468 0.068182
v -0.629837 0.085686 0.159091
v -0.629837 0.108343 0.250000
v -0.708566 0.111113 0.386364
v -0.708566 0.083451 -0.340909
v -0.708566 0.083612 -0.250000
v -0.708566 0.104382 -0.159091
v -0.708566 0.099114 -0.068182
v -0.708566 0.122823 0.022727
v -0.708566 0.088817 0.113636
v -0.708566 0.089603 0.204545
v -0.708566 0.102314 0.295455
v -0.787296 0.100185 0.431818
v -0.787296 0.101515 -0.386364
v -0.787296 0.097545 -0.295455
v -0.787296 0.102413 -0.204545
v -0.787296 0.107815 -0.113636
v -0.787296 0.112090 -0.022727
v -0.787296 0.108914 0.068182
v -0.787296 0.094157 0.159091
v -0.787296 0.095221 0.250000
v -0.787296 0.096667 0.340909
v -0.137777 0.104574 -0.011364
v -0.137777 0.113660 0.011364
v -0.216506 0.079404 -0.056818
v -0.216506 0.076609 -0.034091
v -0.216506 0.115931 0.034091
v -0.216506 0.112509 0.056818
v -0.295236 0.068584 -0.102273
v -0.295236 0.071596 -0.079545
v -0.295236 0.089829 -0.011364
v -0.295236 0.118130 0.011364
v -0.295236 0.112851 0.079545
v -0.295236 0.103042 0.102273
v -0.373966 0.093577 -0.147727
v -0.373966 0.073504 -0.125000
v -0.373966 0.083983 -0.056818
v -0.373966 0.099808 -0.034091
v -0.373965 0.136920 0.034091
v -0.373966 0.121889 0.056818
v -0.373966 0.082137 0.125000
v -0.373966 0.077185 0.147727
v -0.452695 0.079810 -0.193182
v -0.452695 0.099620 -0.170455
v -0.452695 0.064512 -0.102273
v -0.452695 0.071917 -0.079545
v -0.452695 0.125529 -0.011364
v -0.452695 0.135714 0.011364
v -0.452695 0.091956 0.079545
v -0.452695 0.082459 0.102273
v -0.452695 0.085391 0.170455
v -0.452695 0.094431 0.193182
v -0.531425 0.059275 -0.238636
v -0.531425 0.065180 -0.215909
v -0.531425 0.083213 -0.147727
v -0.531425 0.068881 -0.125000
v -0.531425 0.079717 -0.056818
v -0.531425 0.093239 -0.034091
v -0.531425 0.115655 0.034091
v -0.531425 0.099154 0.056818
v -0.531425 0.079683 0.125000
v -0.531425 0.082893 0.147727
v -0.531425 0.105880 0.215909
v -0.531425 0.109862 0.238636
v -0.610154 0.080404 -0.284091
v -0.610154 0.070758 -0.261364
v -0.610154 0.095967 -0.193182
v -0.610154 0.098161 -0.170455
v -0.610154 0.082587 -0.102273
v -0.610154 0.082831 -0.079545
v -0.610154 0.108845 -0.011364
v -0.610154 0.120110 0.011364
v -0.610154 0.086657 0.079545
v -0.610154 0.082080 0.102273
v -0.610154 0.090055 0.170455
v -0.610154 0.097306 0.193182
v -0.610154 0.112198 0.261364
v -0.610154 0.115755 0.284091
v -0.688884 0.082670 -0.329545
v -0.688884 0.077468 -0.306818
v -0.688884 0.084384 -0.238636
v -0.688884 0.094179 -0.215909
v -0.688884 0.102094 -0.147727
v -0.688884 0.099909 -0.125000
v -0.688884 0.092997 -0.056818
v -0.688884 0.099074 -0.034091
v -0.688884 0.119119 0.034091
v -0.688884 0.108550 0.056818
v -0.688884 0.085085 0.125000
v -0.688884 0.085112 0.147727
v -0.688884 0.091897 0.215909
v -0.688884 0.095834 0.238636
v -0.688884 0.107738 0.306818
v -0.688884 0.111126 0.329545
v -0.767613 0.097893 -0.375000
v -0.767613 0.095676 -0.352273
v -0.767613 0.094756 -0.284091
v -0.767613 0.097561 -0.261364
v -0.767613 0.105347 -0.193182
v -0.767613 0.106681 -0.170455
v -0.767613 0.111011 -0.102273
v -0.767613 0.110338 -0.079545
v -0.767613 0.118625 -0.011364
v -0.767613 0.122715 0.011364
v -0.767613 0.108308 0.079545
v -0.767613 0.100629 0.102273
v -0.767613 0.093905 0.170455
v -0.767613 0.094309 0.193182
v -0.767613 0.095408 0.261364
v -0.767613 0.096214 0.284091
v -0.767613 0.100444 0.352273
v -0.767613 0.101884 0.375000
v -0.846343 0.096239 -0.420454
v -0.846343 0.096158 -0.397727
v -0.846343 0.096057 -0.329545
v -0.846343 0.096030 -0.306818
v -0.846343 0.095864 -0.238636
v -0.846343 0.095747 -0.215909
v -0.846343 0.095595 -0.147727
v -0.846343 0.095832 -0.125000
v -0.846343 0.096193 -0.056818
v -0.846343 0.096278 -0.034091
v -0.846343 0.096447 0.034091
v -0.846343 0.096248 0.056818
v -0.846343 0.095532 0.125000
v -0.846343 0.095361 0.147727
v -0.846343 0.095639 0.215909
v -0.846343 0.095739 0.238636
v -0.846343 0.095861 0.306818
v -0.846343 0.095861 0.329545
v -0.846342 0.095767 0.397727
v -0.846333 0.095709 0.420449
v -0.059047 0.101560 -0.056818
v -0.137777 0.077590 -0.102273
v -0.059047 0.076944 -0.147727
v -0.216506 0.106204 -0.147727
v -0.059047 0.107937 -0.238636
v -0.137777 0.117695 -0.193182
v -0.295236 0.076480 -0.193182
v -0.059047 0.116161 -0.329545
v -0.137777 0.115062 -0.284091
v -0.216506 0.084987 -0.238636
v -0.373966 0.045884 -0.238636
v -0.059047 0.118047 -0.420455
v -0.137777 0.132927 -0.375000
v -0.216506 0.092733 -0.329545
v -0.295236 0.046768 -0.284091
v -0.452695 0.087401 -0.284091
v -0.059047 0.115156 -0.511364
v -0.137777 0.134172 -0.465909
v -0.216506 0.103858 -0.420455
v -0.295236 0.071240 -0.375000
v -0.373966 0.091965 -0.329545
v -0.531425 0.117710 -0.329545
v -0.059047 0.095232 -0.602273
v -0.137777 0.113752 -0.556818
v -0.216506 0.105832 -0.511364
v -0.295236 0.087212 -0.465909
v -0.373966 0.111015 -0.420455
v -0.452695 0.120047 -0.375000
v -0.610154 0.106908 -0.375000
v -0.059047 0.094156 -0.693182
v -0.137777 0.082182 -0.647727
v -0.216506 0.089282 -0.602273
v -0.295236 0.088917 -0.556818
v -0.373966 0.102345 -0.511364
v -0.452695 0.122390 -0.465909
v -0.531425 0.111604 -0.420455
v -0.688884 0.092687 -0.420455
v -0.059047 0.086563 -0.784091
v -0.137777 0.075385 -0.738636
v -0.216506 0.074754 -0.693182
v -0.295236 0.083358 -0.647727
v -0.373966 0.094233 -0.602273
v -0.452695 0.110128 -0.556818
v -0.531425 0.111190 -0.511364
v -0.610154 0.100629 -0.465909
v -0.767613 0.111351 -0.465909
v -0.059047 0.075869 -0.875000
v -0.137777 0.081028 -0.829545
v -0.216506 0.080649 -0.784091
v -0.295236 0.085841 -0.738636
v -0.373966 0.093629 -0.693182
v -0.452695 0.104175 -0.647727
v -0.531425 0.111711 -0.602273
v -0.610154 0.107496 -0.556818
v -0.688884 0.106599 -0.511364
v -0.059047 0.079461 -0.125000
v -0.078730 0.076034 -0.113636
v -0.059047 0.095877 -0.215909
v -0.078730 0.096789 -0.204545
v -0.137777 0.107526 -0.170455
v -0.157459 0.109818 -0.159091
v -0.059047 0.117259 -0.306818
v -0.078730 0.118620 -0.295455
v -0.137777 0.116010 -0.261364
v -0.157459 0.111573 -0.250000
v -0.216506 0.089429 -0.215909
v -0.236189 0.085246 -0.204545
v -0.059047 0.117085 -0.397727
v -0.078730 0.119851 -0.386364
v -0.137777 0.128455 -0.352273
v -0.157459 0.128326 -0.340909
v -0.216506 0.089127 -0.306818
v -0.236189 0.070960 -0.295455
v -0.295236 0.042350 -0.261364
v -0.314918 0.040373 -0.250000
v -0.059047 0.117388 -0.488636
v -0.078730 0.120170 -0.477273
v -0.137777 0.136002 -0.443182
v -0.157459 0.134536 -0.431818
v -0.216506 0.101578 -0.397727
v -0.236189 0.087237 -0.386364
v -0.295236 0.065858 -0.352273
v -0.314918 0.070243 -0.340909
v -0.373966 0.080810 -0.306818
v -0.393648 0.081326 -0.295455
v -0.059047 0.100242 -0.579545
v -0.078730 0.100993 -0.568182
v -0.137777 0.120649 -0.534091
v -0.157459 0.122161 -0.522727
v -0.216506 0.107101 -0.488636
v -0.236189 0.098999 -0.477273
v -0.295236 0.084491 -0.443182
v -0.314918 0.086667 -0.431818
v -0.373966 0.109638 -0.397727
v -0.393648 0.115317 -0.386364
v -0.452695 0.117621 -0.352273
v -0.472378 0.117757 -0.340909
v -0.059047 0.091436 -0.670455
v -0.078730 0.084228 -0.659091
v -0.137777 0.088601 -0.625000
v -0.157459 0.092627 -0.613636
v -0.216506 0.094556 -0.579545
v -0.236189 0.093262 -0.568182
v -0.295236 0.089772 -0.534091
v -0.314918 0.090634 -0.522727
v -0.373966 0.105912 -0.488636
v -0.393648 0.113839 -0.477273
v -0.452695 0.123799 -0.443182
v -0.472378 0.121141 -0.431818
v -0.531425 0.114030 -0.397727
v -0.551107 0.114064 -0.386364
v -0.059047 0.093574 -0.761364
v -0.078730 0.089094 -0.750000
v -0.137777 0.075211 -0.715909
v -0.157459 0.073693 -0.704545
v -0.216506 0.076304 -0.670455
v -0.236189 0.078169 -0.659091
v -0.295236 0.084293 -0.625000
v -0.314918 0.086343 -0.613636
v -0.373966 0.094811 -0.579545
v -0.393648 0.098982 -0.568182
v -0.452695 0.112020 -0.534091
v -0.472377 0.114237 -0.522727
v -0.531425 0.110028 -0.488636
v -0.551107 0.106832 -0.477273
v -0.610154 0.099766 -0.443182
v -0.629837 0.098083 -0.431818
v -0.059047 0.073585 -0.852273
v -0.078730 0.076812 -0.840909
v -0.137777 0.078662 -0.806818
v -0.157459 0.077713 -0.795455
v -0.216506 0.077444 -0.761364
v -0.236189 0.078624 -0.750000
v -0.295236 0.084298 -0.715909
v -0.314918 0.086635 -0.704545
v -0.373966 0.094495 -0.670455
v -0.393648 0.097553 -0.659091
v -0.452695 0.107861 -0.625000
v -0.472377 0.111095 -0.613636
v -0.531425 0.115444 -0.579545
v -0.551107 0.114486 -0.568182
v -0.610154 0.108929 -0.534091
v -0.629837 0.107584 -0.522727
v -0.688884 0.106565 -0.488636
v -0.708566 0.106712 -0.477273
v -0.059047 0.094944 -0.943182
v -0.078730 0.094867 -0.931818
v -0.137777 0.094857 -0.897727
v -0.157459 0.094834 -0.886364
v -0.216506 0.094610 -0.852273
v -0.236189 0.094537 -0.840909
v -0.295236 0.094705 -0.806818
v -0.314918 0.095018 -0.795455
v -0.373966 0.095677 -0.761364
v -0.393648 0.095794 -0.750000
v -0.452695 0.095932 -0.715909
v -0.472377 0.095949 -0.704545
v -0.531425 0.095945 -0.670455
v -0.551107 0.095897 -0.659091
v -0.610154 0.095938 -0.625000
v -0.629837 0.095978 -0.613636
v -0.688884 0.096112 -0.579545
v -0.708566 0.096165 -0.568182
v -0.767613 0.096371 -0.534091
v -0.787296 0.096426 -0.522727
v 0.019682 0.119094 -0.079545
v 0.019682 0.116492 -0.170455
v 0.098412 0.144840 -0.125000
v 0.019682 0.117282 -0.261364
v 0.177142 0.139515 -0.170455
v 0.098412 0.134904 -0.215909
v 0.019682 0.114798 -0.352273
v 0.255871 0.099323 -0.215909
v 0.177142 0.106802 -0.261364
v 0.098412 0.131861 -0.306818
v 0.019682 0.121347 -0.443182
v 0.334601 0.069443 -0.261364
v 0.255871 0.085769 -0.306818
v 0.177142 0.121274 -0.352273
v 0.098412 0.130713 -0.397727
v 0.019682 0.134636 -0.534091
v 0.413330 0.090309 -0.306818
v 0.334601 0.095342 -0.352273
v 0.255871 0.117045 -0.397727
v 0.177142 0.141610 -0.443182
v 0.098412 0.143402 -0.488636
v 0.019682 0.126605 -0.625000
v 0.492060 0.070667 -0.352273
v 0.413330 0.086522 -0.397727
v 0.334601 0.113601 -0.443182
v 0.255871 0.139804 -0.488636
v 0.177142 0.138905 -0.534091
v 0.098412 0.134566 -0.579545
v 0.019682 0.127292 -0.715909
v 0.570789 0.030969 -0.397727
v 0.492060 0.040516 -0.443182
v 0.413330 0.078634 -0.488636
v 0.334601 0.117695 -0.534091
v 0.255871 0.116415 -0.579545
v 0.177142 0.113626 -0.625000
v 0.098412 0.133419 -0.670455
v 0.019682 0.073752 -0.806818
v 0.649519 0.064019 -0.443182
v 0.570789 0.054648 -0.488636
v 0.492060 0.065406 -0.534091
v 0.413330 0.097276 -0.579545
v 0.334601 0.115826 -0.625000
v 0.255871 0.125381 -0.670455
v 0.177142 0.109709 -0.715909
v 0.098412 0.095171 -0.761364
v 0.019682 0.080450 -0.897727
v 0.728249 0.080953 -0.488636
v 0.649519 0.073892 -0.534091
v 0.570789 0.081267 -0.579545
v 0.492060 0.093933 -0.625000
v 0.413330 0.096420 -0.670455
v 0.334601 0.096397 -0.715909
v 0.255871 0.089897 -0.761364
v 0.177142 0.094893 -0.806818
v 0.098412 0.088793 -0.852273
v 0.078730 0.139241 -0.113636
v 0.059047 0.136732 -0.125000
v 0.157459 0.145667 -0.159091
v 0.137777 0.144858 -0.170455
v 0.078730 0.135573 -0.204545
v 0.059047 0.130842 -0.215909
v 0.236189 0.110258 -0.204545
v 0.216506 0.108282 -0.215909
v 0.157459 0.115555 -0.250000
v 0.137777 0.121506 -0.261364
v 0.078730 0.131444 -0.295455
v 0.059047 0.127551 -0.306818
v 0.314918 0.071643 -0.250000
v 0.295236 0.073344 -0.261364
v 0.236189 0.087877 -0.295455
v 0.216506 0.096436 -0.306818
v 0.157459 0.124470 -0.340909
v 0.137777 0.130155 -0.352273
v 0.078730 0.126554 -0.386364
v 0.059047 0.122014 -0.397727
v 0.393648 0.083927 -0.295455
v 0.373966 0.084364 -0.306818
v 0.314918 0.091291 -0.340909
v 0.295236 0.095898 -0.352273
v 0.236189 0.116520 -0.386364
v 0.216506 0.124204 -0.397727
v 0.157459 0.139740 -0.431818
v 0.137777 0.141127 -0.443182
v 0.078730 0.138649 -0.477273
v 0.059047 0.137965 -0.488636
v 0.472377 0.085040 -0.340909
v 0.452695 0.086655 -0.352273
v 0.393648 0.095486 -0.386364
v 0.373966 0.099732 -0.397727
v 0.314918 0.117155 -0.431818
v 0.295236 0.124155 -0.443182
v 0.236189 0.142089 -0.477273
v 0.216506 0.145052 -0.488636
v 0.157459 0.143394 -0.522727
v 0.137777 0.141687 -0.534091
v 0.078730 0.140042 -0.568182
v 0.059047 0.138317 -0.579545
v 0.551107 0.031781 -0.386364
v 0.531425 0.033704 -0.397727
v 0.472377 0.048145 -0.431818
v 0.452695 0.056080 -0.443182
v 0.393648 0.088074 -0.477273
v 0.373966 0.099605 -0.488636
v 0.314918 0.124661 -0.522727
v 0.295236 0.127597 -0.534091
v 0.236189 0.120798 -0.568182
v 0.216506 0.116767 -0.579545
v 0.157459 0.114967 -0.613636
v 0.137777 0.118682 -0.625000
v 0.078730 0.132561 -0.659091
v 0.059047 0.134451 -0.670455
v 0.629837 0.055894 -0.431818
v 0.610154 0.053453 -0.443182
v 0.551107 0.048026 -0.477273
v 0.531425 0.048634 -0.488636
v 0.472377 0.065148 -0.522727
v 0.452695 0.074914 -0.534091
v 0.393648 0.100389 -0.568182
v 0.373966 0.105977 -0.579545
v 0.314918 0.114828 -0.613636
v 0.295236 0.116785 -0.625000
v 0.236189 0.124823 -0.659091
v 0.216506 0.126202 -0.670455
v 0.157459 0.119750 -0.704545
v 0.137777 0.115503 -0.715909
v 0.078730 0.102495 -0.750000
v 0.059047 0.098278 -0.761364
v 0.708566 0.077240 -0.477273
v 0.688884 0.074833 -0.488636
v 0.629837 0.068564 -0.522727
v 0.610154 0.068128 -0.534091
v 0.551107 0.076250 -0.568182
v 0.531425 0.081442 -0.579545
v 0.472377 0.094179 -0.613636
v 0.452695 0.095877 -0.625000
v 0.393648 0.105656 -0.659091
v 0.373966 0.111337 -0.670455
v 0.314918 0.106497 -0.704545
v 0.295236 0.100089 -0.715909
v 0.236189 0.093079 -0.750000
v 0.216506 0.093619 -0.761364
v 0.157459 0.093536 -0.795455
v 0.137777 0.091778 -0.806818
v 0.078730 0.082250 -0.840909
v 0.059047 0.079026 -0.852273
v 0.787296 0.095022 -0.522727
v 0.767613 0.095104 -0.534091
v 0.708566 0.094723 -0.568182
v 0.688884 0.094497 -0.579545
v 0.629837 0.094819 -0.613636
v 0.610154 0.095103 -0.625000
v 0.551107 0.095442 -0.659091
v 0.531425 0.095523 -0.670455
v 0.472377 0.095352 -0.704545
v 0.452695 0.095333 -0.715909
v 0.393648 0.095186 -0.750000
v 0.373966 0.094928 -0.761364
v 0.314918 0.094790 -0.795455
v 0.295236 0.094917 -0.806818
v 0.236189 0.095552 -0.840909
v 0.216506 0.095686 -0.852273
v 0.157459 0.095863 -0.886364
v 0.137777 0.095867 -0.897727
v 0.078730 0.095683 -0.931818
v 0.059047 0.095544 -0.943182
v 0.806978 0.085356 -0.465909
v -0.059047 0.111642 0.034091
v -0.059047 0.107209 -0.034091
v 0.000000 0.113876 -0.068182
v 0.059047 0.112020 0.034091
v -0.000000 0.098150 0.068182
v 0.019682 0.119672 -0.011364
v 0.098412 0.122720 -0.056818
v 0.177142 0.137498 -0.102273
v 0.255871 0.134942 -0.147727
v 0.334601 0.099746 -0.193182
v 0.413330 0.073143 -0.238636
v 0.492060 0.098732 -0.284091
v 0.570789 0.052499 -0.329545
v 0.649519 0.040329 -0.375000
v 0.728249 0.071774 -0.420455
v -0.844427 0.094905 0.487530
v -0.767613 0.103931 0.443182
v -0.688884 0.113779 0.397727
v -0.610154 0.125185 0.352273
v -0.531425 0.117447 0.306818
v -0.452695 0.101900 0.261364
v -0.373966 0.085578 0.215909
v -0.295236 0.086500 0.170455
v -0.216506 0.098094 0.125000
v -0.137777 0.094903 0.079545
v -0.846180 0.095897 -0.488542
v -0.767613 0.109786 -0.443182
v -0.688884 0.090213 -0.397727
v -0.610154 0.107863 -0.352273
v -0.531425 0.108389 -0.306818
v -0.452695 0.068718 -0.261364
v -0.373966 0.055600 -0.215909
v -0.295236 0.085495 -0.170455
v -0.216506 0.099207 -0.125000
v -0.137777 0.078806 -0.079545
v -0.000000 0.094973 -0.977273
v 0.000000 0.073038 -0.886364
v -0.000000 0.078905 -0.795455
v -0.000000 0.122870 -0.704545
v -0.000000 0.120562 -0.613636
v -0.000000 0.127541 -0.522727
v 0.000000 0.117749 -0.431818
v 0.000000 0.113578 -0.340909
v 0.000000 0.109720 -0.250000
v 0.000000 0.105864 -0.159091
v 0.843830 0.094096 0.487186
v 0.767613 0.078058 0.443181
v 0.688884 0.071200 0.397727
v 0.610154 0.091187 0.352273
v 0.531425 0.114682 0.306818
v 0.452695 0.098627 0.261364
v 0.373966 0.110123 0.215909
v 0.295236 0.140821 0.170455
v 0.216506 0.119869 0.125000
v 0.137777 0.099747 0.079545
v -0.000000 0.094165 0.976570
v 0.000000 0.086241 0.886364
v 0.000000 0.091060 0.795455
v 0.000000 0.132658 0.704545
v 0.000000 0.092953 0.613636
v 0.000000 0.071127 0.522727
v 0.000000 0.110816 0.431818
v 0.000000 0.156321 0.340909
v -0.000000 0.114013 0.250000
v -0.000000 0.082178 0.159091
v 0.846274 0.095087 0.420415
v 0.767613 0.078946 0.375000
v 0.846343 0.095752 0.329545
v 0.688884 0.076635 0.329545
v 0.846343 0.095757 0.238636
v 0.767613 0.093737 0.284091
v 0.610154 0.114592 0.284091
v 0.846343 0.095394 0.147727
v 0.767613 0.092994 0.193182
v 0.688884 0.098405 0.238636
v 0.531425 0.143173 0.238636
v 0.846343 0.096041 0.056818
v 0.767613 0.103254 0.102273
v 0.688884 0.092319 0.147727
v 0.610154 0.113388 0.193182
v 0.452695 0.143402 0.193182
v 0.846343 0.095709 -0.034091
v 0.767613 0.097773 0.011364
v 0.688884 0.110829 0.056818
v 0.610154 0.118488 0.102273
v 0.531425 0.130019 0.147727
v 0.373966 0.144460 0.147727
v 0.846343 0.095635 -0.125000
v 0.767613 0.091580 -0.079545
v 0.688884 0.076775 -0.034091
v 0.610154 0.091829 0.011364
v 0.531425 0.133299 0.056818
v 0.452695 0.133103 0.102273
v 0.295236 0.114396 0.102273
v 0.846343 0.095891 -0.215909
v 0.767613 0.104704 -0.170455
v 0.688884 0.096862 -0.125000
v 0.610154 0.087681 -0.079545
v 0.531425 0.069823 -0.034091
v 0.452695 0.106768 0.011364
v 0.373966 0.120650 0.056818
v 0.216506 0.107712 0.056818
v 0.846343 0.094311 -0.306818
v 0.767613 0.092209 -0.261364
v 0.688884 0.105552 -0.215909
v 0.610154 0.101973 -0.170455
v 0.531425 0.115091 -0.125000
v 0.452695 0.102207 -0.079545
v 0.373966 0.103202 -0.034091
v 0.295236 0.120791 0.011364
v 0.137777 0.119873 0.011364
v 0.846343 0.094504 -0.397727
v 0.767613 0.063570 -0.352273
v 0.688884 0.056387 -0.306818
v 0.610154 0.101914 -0.261364
v 0.531425 0.099893 -0.215909
v 0.452695 0.099183 -0.170455
v 0.373966 0.126373 -0.125000
v 0.295236 0.121858 -0.079545
v 0.216506 0.120347 -0.034091
v 0.846328 0.095263 0.397719
v 0.787293 0.082108 0.431816
v 0.846343 0.095824 0.306818
v 0.787296 0.086089 0.340909
v 0.767613 0.080986 0.352273
v 0.708566 0.070186 0.386364
v 0.846343 0.095623 0.215909
v 0.787296 0.096482 0.250000
v 0.767613 0.096250 0.261364
v 0.708566 0.087583 0.295455
v 0.688884 0.084528 0.306818
v 0.629837 0.084882 0.340909
v 0.846343 0.095613 0.125000
v 0.787296 0.093045 0.159091
v 0.767613 0.092301 0.170455
v 0.708566 0.092556 0.204545
v 0.688884 0.095863 0.215909
v 0.629837 0.118881 0.250000
v 0.610154 0.124627 0.261364
v 0.551107 0.118396 0.295455
v 0.846343 0.095984 0.034091
v 0.787296 0.105982 0.068182
v 0.767613 0.108049 0.079545
v 0.708566 0.100454 0.113636
v 0.688884 0.097566 0.125000
v 0.629837 0.100678 0.159091
v 0.610154 0.107711 0.170455
v 0.551107 0.139187 0.204545
v 0.531425 0.145622 0.215909
v 0.472378 0.117082 0.250000
v 0.846343 0.095668 -0.056818
v 0.787296 0.091137 -0.022727
v 0.767613 0.091758 -0.011364
v 0.708566 0.098839 0.022727
v 0.688884 0.103586 0.034091
v 0.629837 0.122540 0.068182
v 0.610154 0.125812 0.079545
v 0.551107 0.126220 0.113636
v 0.531425 0.128295 0.125000
v 0.472378 0.144917 0.159091
v 0.452695 0.147296 0.170455
v 0.393648 0.126303 0.204545
v 0.846343 0.095615 -0.147727
v 0.787296 0.096106 -0.113636
v 0.767613 0.095051 -0.102273
v 0.708566 0.084062 -0.068182
v 0.688884 0.079066 -0.056818
v 0.629837 0.070264 -0.022727
v 0.610154 0.074099 -0.011364
v 0.551107 0.107300 0.022727
v 0.531425 0.119637 0.034091
v 0.472378 0.134207 0.068182
v 0.452695 0.132588 0.079545
v 0.393648 0.131294 0.113636
v 0.373966 0.136014 0.125000
v 0.314918 0.141871 0.159091
v 0.846343 0.095831 -0.238636
v 0.787296 0.105866 -0.204545
v 0.767613 0.107744 -0.193182
v 0.708566 0.100247 -0.159091
v 0.688884 0.098613 -0.147727
v 0.629837 0.102749 -0.113636
v 0.610154 0.102501 -0.102273
v 0.551107 0.082126 -0.068182
v 0.531425 0.076661 -0.056818
v 0.472378 0.083162 -0.022727
v 0.452695 0.092222 -0.011364
v 0.393648 0.118167 0.022727
v 0.373966 0.120424 0.034091
v 0.314918 0.111697 0.068182
v 0.295236 0.108646 0.079545
v 0.236189 0.115413 0.113636
v 0.846343 0.093620 -0.329545
v 0.787296 0.077561 -0.295455
v 0.767613 0.079710 -0.284091
v 0.708566 0.095356 -0.250000
v 0.688884 0.101516 -0.238636
v 0.629837 0.106987 -0.204545
v 0.610154 0.104301 -0.193182
v 0.551107 0.105228 -0.159091
v 0.531425 0.109687 -0.147727
v 0.472378 0.116342 -0.113636
v 0.452695 0.113942 -0.102273
v 0.393648 0.106073 -0.068182
v 0.373966 0.105661 -0.056818
v 0.314918 0.113983 -0.022727
v 0.295236 0.118635 -0.011364
v 0.236189 0.119219 0.022727
v 0.216506 0.115494 0.034091
v 0.157459 0.102650 0.068182
v 0.846343 0.094571 -0.420455
v 0.787296 0.077478 -0.386364
v 0.767613 0.070375 -0.375000
v 0.708566 0.050635 -0.340909
v 0.688884 0.047223 -0.329545
v 0.629837 0.067694 -0.295455
v 0.610154 0.083234 -0.284091
v 0.551107 0.108251 -0.250000
v 0.531425 0.104466 -0.238636
v 0.472377 0.085644 -0.204545
v 0.452695 0.086043 -0.193182
v 0.393648 0.113842 -0.159091
v 0.373966 0.122358 -0.147727
v 0.314918 0.130360 -0.113636
v 0.295236 0.128956 -0.102273
v 0.236189 0.122450 -0.068182
v 0.216506 0.120898 -0.056818
v 0.157459 0.122689 -0.022727
v 0.137777 0.122688 -0.011364
v 0.078730 0.115904 0.022727
v 0.019682 0.094733 0.079545
v 0.098412 0.102730 0.125000
v 0.019682 0.092440 0.170455
v 0.177142 0.136874 0.170455
v 0.019682 0.138684 0.261364
v 0.098412 0.144511 0.215909
v 0.255871 0.114050 0.215909
v 0.019682 0.143694 0.352273
v 0.098412 0.095590 0.306818
v 0.177142 0.083138 0.261364
v 0.334601 0.061482 0.261364
v 0.019682 0.094562 0.443182
v 0.098412 0.074575 0.397727
v 0.177142 0.062969 0.352273
v 0.255871 0.057284 0.306818
v 0.413330 0.077836 0.306818
v 0.019682 0.069578 0.534091
v 0.098412 0.086544 0.488636
v 0.177142 0.101058 0.443182
v 0.255871 0.100383 0.397727
v 0.334601 0.080413 0.352273
v 0.492060 0.104242 0.352273
v 0.019682 0.111886 0.625000
v 0.098412 0.110150 0.579545
v 0.177142 0.114526 0.534091
v 0.255871 0.117693 0.488636
v 0.334601 0.111851 0.443182
v 0.413330 0.092745 0.397727
v 0.570789 0.100137 0.397727
v 0.019682 0.127613 0.715909
v 0.098412 0.124041 0.670455
v 0.177142 0.111059 0.625000
v 0.255871 0.106696 0.579545
v 0.334601 0.119040 0.534091
v 0.413330 0.115922 0.488636
v 0.492060 0.095099 0.443182
v 0.649519 0.084630 0.443182
v 0.019682 0.093126 0.806818
v 0.098412 0.098916 0.761364
v 0.177142 0.110980 0.715909
v 0.255871 0.109221 0.670455
v 0.334601 0.110268 0.625000
v 0.413330 0.122431 0.579545
v 0.492060 0.115012 0.534091
v 0.570789 0.097551 0.488636
v 0.728249 0.085580 0.488636
v 0.019682 0.090123 0.897727
v 0.098412 0.098008 0.852273
v 0.177142 0.094542 0.806818
v 0.255871 0.113687 0.761364
v 0.334601 0.111333 0.715909
v 0.413330 0.112377 0.670455
v 0.492060 0.115545 0.625000
v 0.570789 0.107463 0.579545
v 0.649519 0.097947 0.534091
v 0.019682 0.088804 0.102273
v 0.078730 0.100390 0.068182
v 0.019682 0.100713 0.193182
v 0.078730 0.114064 0.159091
v 0.098412 0.114188 0.147727
v 0.157459 0.107131 0.113636
v 0.019682 0.150500 0.284091
v 0.078730 0.148667 0.250000
v 0.098412 0.145636 0.238636
v 0.157459 0.140809 0.204545
v 0.177142 0.140320 0.193182
v 0.236189 0.136937 0.159091
v 0.019682 0.129000 0.375000
v 0.078730 0.092855 0.340909
v 0.098412 0.082319 0.329545
v 0.157459 0.065494 0.295455
v 0.177142 0.063873 0.284091
v 0.236189 0.075388 0.250000
v 0.255871 0.084614 0.238636
v 0.314918 0.120785 0.204545
v 0.019682 0.087346 0.465909
v 0.078730 0.078254 0.431818
v 0.098412 0.075726 0.420455
v 0.157459 0.072356 0.386364
v 0.177142 0.071602 0.375000
v 0.236189 0.066702 0.340909
v 0.255871 0.064148 0.329545
v 0.314918 0.059171 0.295455
v 0.334601 0.060014 0.284091
v 0.393648 0.078296 0.250000
v 0.019682 0.070967 0.556818
v 0.078730 0.086339 0.522727
v 0.098412 0.091370 0.511364
v 0.157459 0.104378 0.477273
v 0.177142 0.107525 0.465909
v 0.236189 0.110898 0.431818
v 0.255871 0.109608 0.420455
v 0.314918 0.097613 0.386364
v 0.334601 0.091557 0.375000
v 0.393648 0.078810 0.340909
v 0.413330 0.080324 0.329545
v 0.472378 0.099506 0.295455
v 0.019682 0.128322 0.647727
v 0.078730 0.118477 0.613636
v 0.098412 0.116911 0.602273
v 0.157459 0.114638 0.568182
v 0.177142 0.114253 0.556818
v 0.236189 0.115654 0.522727
v 0.255871 0.116659 0.511364
v 0.314918 0.117582 0.477273
v 0.334601 0.115678 0.465909
v 0.393648 0.101634 0.431818
v 0.413330 0.096132 0.420455
v 0.472378 0.094229 0.386364
v 0.492060 0.099559 0.375000
v 0.551107 0.110533 0.340909
v 0.019682 0.113950 0.738636
v 0.078730 0.120809 0.704545
v 0.098412 0.119810 0.693182
v 0.157459 0.114416 0.659091
v 0.177142 0.111114 0.647727
v 0.236189 0.103317 0.613636
v 0.255871 0.103698 0.602273
v 0.314918 0.112649 0.568182
v 0.334601 0.116467 0.556818
v 0.393648 0.121636 0.522727
v 0.413330 0.119895 0.511364
v 0.472377 0.105463 0.477273
v 0.492060 0.100108 0.465909
v 0.551107 0.094428 0.431818
v 0.570789 0.095717 0.420455
v 0.629837 0.085550 0.386364
v 0.019682 0.093774 0.829545
v 0.078730 0.094259 0.795455
v 0.098412 0.094557 0.784091
v 0.157459 0.104549 0.750000
v 0.177142 0.109103 0.738636
v 0.236189 0.116049 0.704545
v 0.255871 0.114814 0.693182
v 0.314918 0.110852 0.659091
v 0.334601 0.111745 0.647727
v 0.393648 0.120318 0.613636
v 0.413330 0.123005 0.602273
v 0.472377 0.122952 0.568182
v 0.492060 0.119899 0.556818
v 0.551107 0.106904 0.522727
v 0.570789 0.102823 0.511364
v 0.629837 0.092639 0.477273
v 0.649519 0.088404 0.465909
v 0.708566 0.075168 0.431818
v 0.019682 0.089059 0.920454
v 0.078730 0.098587 0.886364
v 0.098412 0.098068 0.875000
v 0.157459 0.091371 0.840909
v 0.177142 0.091703 0.829545
v 0.236189 0.101147 0.795455
v 0.255871 0.104934 0.784091
v 0.314918 0.107566 0.750000
v 0.334601 0.106411 0.738636
v 0.393648 0.104720 0.704545
v 0.413330 0.105329 0.693182
v 0.472378 0.107352 0.659091
v 0.492060 0.107360 0.647727
v 0.551107 0.104221 0.613636
v 0.570789 0.102678 0.602273
v 0.629837 0.098528 0.568182
v 0.649519 0.097071 0.556818
v 0.708566 0.090758 0.522727
v 0.728249 0.089442 0.511364
v 0.787281 0.086632 0.477264
v -0.059047 0.102308 0.056818
v -0.059047 0.073267 0.147727
v -0.137777 0.088720 0.102273
v -0.059047 0.064202 0.238636
v -0.216506 0.097092 0.147727
v -0.137777 0.078947 0.193182
v -0.059047 0.097229 0.329545
v -0.295236 0.084182 0.193182
v -0.216506 0.087359 0.238636
v -0.137777 0.054161 0.284091
v -0.059047 0.137349 0.420455
v -0.373966 0.085589 0.238636
v -0.295236 0.086151 0.284091
v -0.216506 0.095498 0.329545
v -0.137777 0.058798 0.375000
v -0.059047 0.101163 0.511364
v -0.452695 0.103825 0.284091
v -0.373966 0.099660 0.329545
v -0.295236 0.110627 0.375000
v -0.216506 0.078285 0.420455
v -0.137777 0.100488 0.465909
v -0.059047 0.060664 0.602273
v -0.531425 0.119751 0.329545
v -0.452695 0.117023 0.375000
v -0.373966 0.110249 0.420455
v -0.295236 0.087328 0.465909
v -0.216506 0.079834 0.511364
v -0.137777 0.125770 0.556818
v -0.059047 0.117300 0.693182
v -0.610154 0.125140 0.375000
v -0.531425 0.118941 0.420455
v -0.452695 0.103733 0.465909
v -0.373966 0.085277 0.511364
v -0.295236 0.088629 0.556818
v -0.216506 0.134618 0.602273
v -0.137777 0.092276 0.647727
v -0.059047 0.080161 0.784091
v -0.688884 0.111650 0.420455
v -0.610154 0.106601 0.465909
v -0.531425 0.099373 0.511364
v -0.452695 0.100530 0.556818
v -0.373966 0.116940 0.602273
v -0.295236 0.123469 0.647727
v -0.216506 0.098044 0.693182
v -0.137777 0.076685 0.738636
v -0.059047 0.084687 0.875000
v -0.767613 0.101651 0.465909
v -0.688884 0.099423 0.511364
v -0.610154 0.095511 0.556818
v -0.531425 0.101557 0.602273
v -0.452695 0.113103 0.647727
v -0.373966 0.104254 0.693182
v -0.295236 0.094662 0.738636
v -0.216506 0.085747 0.784091
v -0.137777 0.082900 0.829545
v -0.078730 0.097205 0.068182
v -0.019682 0.085591 0.102273
v -0.157459 0.090418 0.113636
v -0.098412 0.075872 0.147727
v -0.078730 0.071075 0.159091
v -0.019682 0.077051 0.193182
v -0.236189 0.097303 0.159091
v -0.177142 0.091314 0.193182
v -0.157459 0.083284 0.204545
v -0.098412 0.056568 0.238636
v -0.078730 0.057605 0.250000
v -0.019682 0.115284 0.284091
v -0.314918 0.081969 0.204545
v -0.255871 0.083735 0.238636
v -0.236189 0.085354 0.250000
v -0.177142 0.073244 0.284091
v -0.157459 0.061052 0.295455
v -0.098412 0.061414 0.329545
v -0.078730 0.082858 0.340909
v -0.019682 0.150133 0.375000
v -0.393648 0.089096 0.250000
v -0.334601 0.085796 0.284091
v -0.314918 0.088386 0.295455
v -0.255871 0.101629 0.329545
v -0.236189 0.103528 0.340909
v -0.177142 0.066913 0.375000
v -0.157459 0.060098 0.386364
v -0.098412 0.106489 0.420455
v -0.078730 0.129096 0.431818
v -0.019682 0.104708 0.465909
v -0.472378 0.109199 0.295455
v -0.413330 0.104867 0.329545
v -0.393648 0.105140 0.340909
v -0.334601 0.110752 0.375000
v -0.314918 0.111896 0.386364
v -0.255871 0.099584 0.420455
v -0.236189 0.083431 0.431818
v -0.177142 0.075460 0.465909
v -0.157459 0.093965 0.477273
v -0.098412 0.124972 0.511364
v -0.078730 0.107439 0.522727
v -0.019682 0.061842 0.556818
v -0.551107 0.122513 0.340909
v -0.492060 0.119494 0.375000
v -0.472378 0.118254 0.386364
v -0.413330 0.112236 0.420455
v -0.393648 0.108593 0.431818
v -0.334601 0.093675 0.465909
v -0.314918 0.086174 0.477273
v -0.255871 0.068534 0.511364
v -0.236189 0.078498 0.522727
v -0.177142 0.129876 0.556818
v -0.157459 0.129170 0.568182
v -0.098412 0.070971 0.602273
v -0.078730 0.063453 0.613636
v -0.019682 0.113829 0.647727
v -0.629837 0.122858 0.386364
v -0.570789 0.119280 0.420455
v -0.551107 0.116634 0.431818
v -0.492060 0.105875 0.465909
v -0.472378 0.101636 0.477273
v -0.413330 0.090929 0.511364
v -0.393648 0.087655 0.522727
v -0.334601 0.089130 0.556818
v -0.314918 0.096405 0.568182
v -0.255871 0.128225 0.602273
v -0.236189 0.135113 0.613636
v -0.177142 0.112626 0.647727
v -0.157459 0.102640 0.659091
v -0.098412 0.105298 0.693182
v -0.078730 0.111634 0.704545
v -0.019682 0.111178 0.738636
v -0.708566 0.109787 0.431818
v -0.649519 0.107607 0.465909
v -0.629837 0.105785 0.477273
v -0.570789 0.101459 0.511364
v -0.551107 0.100881 0.522727
v -0.492060 0.103008 0.556818
v -0.472378 0.105618 0.568182
v -0.413330 0.118465 0.602273
v -0.393648 0.122673 0.613636
v -0.334601 0.123790 0.647727
v -0.314918 0.119161 0.659091
v -0.255871 0.100683 0.693182
v -0.236189 0.093875 0.704545
v -0.177142 0.075645 0.738636
v -0.157459 0.071259 0.750000
v -0.098412 0.070429 0.784091
v -0.078730 0.073705 0.795455
v -0.019682 0.084786 0.829545
v -0.787293 0.097271 0.477271
v -0.728249 0.096821 0.511364
v -0.708566 0.095709 0.522727
v -0.649519 0.093288 0.556818
v -0.629837 0.092971 0.568182
v -0.570789 0.094911 0.602273
v -0.551107 0.096605 0.613636
v -0.492060 0.102707 0.647727
v -0.472377 0.103790 0.659091
v -0.413330 0.101277 0.693182
v -0.393648 0.099612 0.704545
v -0.334601 0.095990 0.738636
v -0.314918 0.094928 0.750000
v -0.255871 0.091650 0.784091
v -0.236189 0.090957 0.795455
v -0.177142 0.090136 0.829545
v -0.157459 0.090054 0.840909
v -0.098412 0.089480 0.875000
v -0.078730 0.088952 0.886364
v -0.019682 0.086724 0.920454
v -0.078730 0.108305 -0.022727
v -0.157459 0.113979 0.022727
v -0.157459 0.080087 -0.068182
v -0.236189 0.112707 0.068182
v -0.236189 0.090487 -0.113636
v -0.236189 0.077815 -0.022727
v -0.314918 0.096316 0.113636
v -0.314918 0.084459 -0.159091
v -0.314918 0.072788 -0.068182
v -0.314918 0.130443 0.022727
v -0.393648 0.077974 0.159091
v -0.393648 0.068255 -0.204545
v -0.393648 0.067875 -0.113636
v -0.393648 0.112384 -0.022727
v -0.393648 0.109804 0.068182
v -0.472378 0.100029 0.204545
v -0.472378 0.062397 -0.250000
v -0.472378 0.097911 -0.159091
v -0.472378 0.078562 -0.068182
v -0.472378 0.130830 0.022727
v -0.472378 0.079164 0.113636
v -0.551107 0.111742 0.250000
v -0.551107 0.099671 -0.295455
v -0.551107 0.077938 -0.204545
v -0.551107 0.069787 -0.113636
v -0.551107 0.101809 -0.022727
v -0.551107 0.090647 0.068182
v -0.551107 0.087497 0.159091
v -0.629837 0.116078 0.295455
v -0.629837 0.100817 -0.340909
v -0.629837 0.071687 -0.250000
v -0.629837 0.097081 -0.159091
v -0.629837 0.082631 -0.068182
v -0.629837 0.120097 0.022727
v -0.629837 0.082588 0.113636
v -0.629837 0.098216 0.204545
v -0.708566 0.108693 0.340909
v -0.708566 0.088691 -0.386364
v -0.708566 0.076704 -0.295455
v -0.708566 0.099325 -0.204545
v -0.708566 0.103296 -0.113636
v -0.708566 0.109509 -0.022727
v -0.708566 0.106284 0.068182
v -0.708566 0.086977 0.159091
v -0.708566 0.095360 0.250000
v -0.787296 0.098699 0.386364
v -0.787296 0.108523 -0.431818
v -0.787296 0.098074 -0.340909
v -0.787296 0.100376 -0.250000
v -0.787296 0.103961 -0.159091
v -0.787296 0.107915 -0.068182
v -0.787296 0.117209 0.022727
v -0.787296 0.097313 0.113636
v -0.787296 0.095027 0.204545
v -0.787296 0.095490 0.295455
v -0.098412 0.100018 -0.034091
v -0.098412 0.111890 0.034091
v -0.177142 0.081230 -0.079545
v -0.177142 0.097122 -0.011364
v -0.177142 0.111339 0.011364
v -0.177142 0.099751 0.079545
v -0.255871 0.088060 -0.125000
v -0.255871 0.077904 -0.056818
v -0.255871 0.074034 -0.034091
v -0.255871 0.121186 0.034091
v -0.255871 0.118989 0.056818
v -0.255871 0.098901 0.125000
v -0.334601 0.090936 -0.170455
v -0.334601 0.059069 -0.102273
v -0.334601 0.065938 -0.079545
v -0.334601 0.102934 -0.011364
v -0.334601 0.128654 0.011364
v -0.334601 0.110204 0.079545
v -0.334601 0.098354 0.102273
v -0.334601 0.081842 0.170455
v -0.413330 0.058531 -0.215909
v -0.413330 0.101895 -0.147727
v -0.413330 0.079701 -0.125000
v -0.413330 0.086967 -0.056818
v -0.413330 0.105632 -0.034091
v -0.413330 0.134237 0.034091
v -0.413330 0.116136 0.056818
v -0.413330 0.078267 0.125000
v -0.413330 0.076449 0.147727
v -0.413330 0.092362 0.215909
v -0.492060 0.072110 -0.261364
v -0.492060 0.079972 -0.193182
v -0.492060 0.095279 -0.170455
v -0.492060 0.066141 -0.102273
v -0.492060 0.073641 -0.079545
v -0.492060 0.121614 -0.011364
v -0.492060 0.129665 0.011364
v -0.492060 0.087451 0.079545
v -0.492060 0.080546 0.102273
v -0.492060 0.088698 0.170455
v -0.492060 0.097618 0.193182
v -0.492060 0.109275 0.261364
v -0.570789 0.104146 -0.306818
v -0.570789 0.063987 -0.238636
v -0.570789 0.073112 -0.215909
v -0.570789 0.084049 -0.147727
v -0.570789 0.073048 -0.125000
v -0.570789 0.078030 -0.056818
v -0.570789 0.088722 -0.034091
v -0.570789 0.112842 0.034091
v -0.570789 0.097707 0.056818
v -0.570789 0.081646 0.125000
v -0.570789 0.084191 0.147727
v -0.570789 0.106002 0.215909
v -0.570789 0.110261 0.238636
v -0.570789 0.119468 0.306818
v -0.649519 0.096378 -0.352273
v -0.649519 0.074981 -0.284091
v -0.649519 0.071983 -0.261364
v -0.649519 0.099946 -0.193182
v -0.649519 0.101711 -0.170455
v -0.649519 0.089656 -0.102273
v -0.649519 0.088099 -0.079545
v -0.649519 0.108962 -0.011364
v -0.649519 0.121684 0.011364
v -0.649519 0.089711 0.079545
v -0.649519 0.083681 0.102273
v -0.649519 0.087027 0.170455
v -0.649519 0.092352 0.193182
v -0.649519 0.107442 0.261364
v -0.649519 0.111512 0.284091
v -0.649519 0.121090 0.352273
v -0.728249 0.092143 -0.397727
v -0.728249 0.083719 -0.329545
v -0.728249 0.081351 -0.306818
v -0.728249 0.093143 -0.238636
v -0.728249 0.099840 -0.215909
v -0.728249 0.107829 -0.147727
v -0.728249 0.108430 -0.125000
v -0.728249 0.105896 -0.056818
v -0.728249 0.110468 -0.034091
v -0.728249 0.123739 0.034091
v -0.728249 0.115940 0.056818
v -0.728249 0.090937 0.125000
v -0.728249 0.089581 0.147727
v -0.728249 0.091563 0.215909
v -0.728249 0.093393 0.238636
v -0.728249 0.101423 0.306818
v -0.728249 0.104366 0.329545
v -0.728249 0.108803 0.397727
v -0.806978 0.106183 -0.443182
v -0.806978 0.099666 -0.375000
v -0.806978 0.098577 -0.352273
v -0.806978 0.097855 -0.284091
v -0.806978 0.098310 -0.261364
v -0.806978 0.098253 -0.193182
v -0.806978 0.098388 -0.170455
v -0.806978 0.102827 -0.102273
v -0.806978 0.103065 -0.079545
v -0.806978 0.106846 -0.011364
v -0.806978 0.108645 0.011364
v -0.806978 0.101095 0.079545
v -0.806978 0.097191 0.102273
v -0.806978 0.093939 0.170455
v -0.806978 0.094470 0.193182
v -0.806978 0.094823 0.261364
v -0.806978 0.094694 0.284091
v -0.806978 0.094768 0.352273
v -0.806978 0.095348 0.375000
v -0.806975 0.096445 0.443180
v -0.019682 0.108228 -0.079545
v -0.098412 0.073159 -0.125000
v -0.019682 0.094009 -0.170455
v -0.177142 0.116994 -0.170455
v -0.019682 0.108506 -0.261364
v -0.098412 0.112645 -0.215909
v -0.255871 0.071418 -0.215909
v -0.019682 0.113669 -0.352273
v -0.098412 0.117952 -0.306818
v -0.177142 0.103988 -0.261364
v -0.334601 0.043619 -0.261364
v -0.019682 0.117548 -0.443182
v -0.098412 0.125350 -0.397727
v -0.177142 0.124299 -0.352273
v -0.255871 0.059518 -0.306818
v -0.413330 0.094287 -0.306818
v -0.019682 0.120623 -0.534091
v -0.098412 0.122533 -0.488636
v -0.177142 0.126816 -0.443182
v -0.255871 0.079960 -0.397727
v -0.334601 0.082444 -0.352273
v -0.492060 0.119766 -0.352273
v -0.019682 0.110278 -0.625000
v -0.098412 0.098061 -0.579545
v -0.177142 0.114846 -0.534091
v -0.255871 0.093612 -0.488636
v -0.334601 0.093935 -0.443182
v -0.413330 0.121259 -0.397727
v -0.570789 0.109840 -0.397727
v -0.019682 0.114259 -0.715909
v -0.098412 0.081739 -0.670455
v -0.177142 0.087193 -0.625000
v -0.255871 0.089093 -0.579545
v -0.334601 0.092257 -0.534091
v -0.413330 0.116090 -0.488636
v -0.492060 0.117755 -0.443182
v -0.649519 0.097098 -0.443182
v -0.019682 0.075655 -0.806818
v -0.098412 0.082455 -0.761364
v -0.177142 0.072867 -0.715909
v -0.255871 0.078627 -0.670455
v -0.334601 0.088264 -0.625000
v -0.413330 0.102130 -0.579545
v -0.492060 0.113904 -0.534091
v -0.570789 0.105400 -0.488636
v -0.728249 0.108282 -0.488636
v -0.019682 0.076944 -0.897727
v -0.098412 0.079407 -0.852273
v -0.177142 0.080403 -0.806818
v -0.255871 0.082673 -0.761364
v -0.334601 0.089516 -0.715909
v -0.413330 0.098539 -0.670455
v -0.492060 0.109308 -0.625000
v -0.570789 0.110314 -0.579545
v -0.649519 0.105983 -0.534091
v -0.019682 0.104606 -0.102273
v -0.078730 0.093043 -0.068182
v -0.019682 0.095265 -0.193182
v -0.078730 0.077808 -0.159091
v -0.098412 0.078692 -0.147727
v -0.157459 0.084480 -0.113636
v -0.019682 0.112627 -0.284091
v -0.078730 0.117697 -0.250000
v -0.098412 0.119745 -0.238636
v -0.157459 0.120739 -0.204545
v -0.177142 0.118190 -0.193182
v -0.236189 0.099911 -0.159091
v -0.019682 0.113593 -0.375000
v -0.078730 0.117284 -0.340909
v -0.098412 0.118568 -0.329545
v -0.157459 0.114829 -0.295455
v -0.177142 0.109444 -0.284091
v -0.236189 0.070069 -0.250000
v -0.255871 0.060170 -0.238636
v -0.314918 0.064572 -0.204545
v -0.019682 0.119460 -0.465909
v -0.078730 0.121890 -0.431818
v -0.098412 0.126656 -0.420455
v -0.157459 0.134273 -0.386364
v -0.177142 0.126313 -0.375000
v -0.236189 0.078987 -0.340909
v -0.255871 0.064316 -0.329545
v -0.314918 0.053095 -0.295455
v -0.334601 0.053270 -0.284091
v -0.393648 0.051708 -0.250000
v -0.019682 0.118348 -0.556818
v -0.078730 0.113403 -0.522727
v -0.098412 0.118409 -0.511364
v -0.157459 0.130644 -0.477273
v -0.177142 0.125467 -0.465909
v -0.236189 0.094230 -0.431818
v -0.255871 0.084394 -0.420455
v -0.314918 0.079537 -0.386364
v -0.334601 0.086755 -0.375000
v -0.393648 0.103801 -0.340909
v -0.413330 0.104993 -0.329545
v -0.472378 0.098801 -0.295455
v -0.019682 0.109552 -0.647727
v -0.078730 0.088090 -0.613636
v -0.098412 0.090096 -0.602273
v -0.157459 0.109084 -0.568182
v -0.177142 0.108961 -0.556818
v -0.236189 0.098775 -0.522727
v -0.255871 0.094372 -0.511364
v -0.314918 0.090367 -0.477273
v -0.334601 0.094675 -0.465909
v -0.393648 0.118809 -0.431818
v -0.413330 0.123223 -0.420455
v -0.472378 0.119924 -0.386364
v -0.492060 0.119126 -0.375000
v -0.551107 0.118300 -0.340909
v -0.019682 0.113096 -0.738636
v -0.078730 0.089237 -0.704545
v -0.098412 0.082779 -0.693182
v -0.157459 0.079034 -0.659091
v -0.177142 0.080792 -0.647727
v -0.236189 0.085104 -0.613636
v -0.255871 0.085963 -0.602273
v -0.314918 0.088752 -0.568182
v -0.334601 0.090901 -0.556818
v -0.393648 0.105000 -0.522727
v -0.413330 0.111180 -0.511364
v -0.472377 0.119464 -0.477273
v -0.492060 0.117269 -0.465909
v -0.551107 0.107833 -0.431818
v -0.570789 0.106289 -0.420455
v -0.629837 0.101354 -0.386364
v -0.019682 0.068876 -0.829545
v -0.078730 0.082329 -0.795455
v -0.098412 0.081287 -0.784091
v -0.157459 0.074153 -0.750000
v -0.177142 0.073264 -0.738636
v -0.236189 0.076174 -0.704545
v -0.255871 0.078201 -0.693182
v -0.314918 0.085792 -0.659091
v -0.334601 0.088511 -0.647727
v -0.393648 0.098122 -0.613636
v -0.413330 0.102016 -0.602273
v -0.472377 0.112832 -0.568182
v -0.492060 0.114611 -0.556818
v -0.551107 0.111270 -0.522727
v -0.570789 0.108558 -0.511364
v -0.629837 0.101960 -0.477273
v -0.649519 0.100496 -0.465909
v -0.708566 0.096086 -0.431818
v -0.019682 0.085440 -0.920455
v -0.078730 0.083521 -0.886364
v -0.098412 0.083743 -0.875000
v -0.157459 0.085215 -0.840909
v -0.177142 0.084977 -0.829545
v -0.236189 0.085385 -0.795455
v -0.255871 0.086064 -0.784091
v -0.314918 0.089341 -0.750000
v -0.334601 0.090529 -0.738636
v -0.393648 0.094254 -0.704545
v -0.413330 0.095664 -0.693182
v -0.472377 0.101135 -0.659091
v -0.492060 0.102728 -0.647727
v -0.551107 0.104737 -0.613636
v -0.570789 0.104267 -0.602273
v -0.629837 0.102122 -0.568182
v -0.649519 0.101859 -0.556818
v -0.708566 0.103321 -0.522727
v -0.728249 0.104251 -0.511364
v -0.787296 0.107972 -0.477273
v 0.059047 0.120767 -0.056818
v 0.059047 0.137106 -0.147727
v 0.137777 0.139136 -0.102273
v 0.059047 0.129649 -0.238636
v 0.216506 0.139150 -0.147727
v 0.137777 0.137532 -0.193182
v 0.059047 0.125547 -0.329545
v 0.295236 0.107329 -0.193182
v 0.216506 0.098072 -0.238636
v 0.137777 0.122423 -0.284091
v 0.059047 0.123763 -0.420455
v 0.373966 0.069228 -0.238636
v 0.295236 0.075058 -0.284091
v 0.216506 0.102621 -0.329545
v 0.137777 0.132155 -0.375000
v 0.059047 0.142117 -0.511364
v 0.452695 0.092735 -0.284091
v 0.373966 0.091042 -0.329545
v 0.295236 0.104013 -0.375000
v 0.216506 0.131311 -0.420455
v 0.137777 0.144754 -0.465909
v 0.059047 0.133847 -0.602273
v 0.531425 0.068628 -0.329545
v 0.452695 0.077027 -0.375000
v 0.373966 0.098888 -0.420455
v 0.295236 0.128761 -0.465909
v 0.216506 0.142995 -0.511364
v 0.137777 0.134813 -0.556818
v 0.059047 0.135444 -0.693182
v 0.610154 0.032209 -0.375000
v 0.531425 0.032704 -0.420455
v 0.452695 0.056598 -0.465909
v 0.373966 0.101444 -0.511364
v 0.295236 0.122030 -0.556818
v 0.216506 0.110869 -0.602273
v 0.137777 0.123736 -0.647727
v 0.059047 0.084934 -0.784091
v 0.688884 0.066854 -0.420455
v 0.610154 0.058811 -0.465909
v 0.531425 0.055468 -0.511364
v 0.452695 0.082590 -0.556818
v 0.373966 0.107514 -0.602273
v 0.295236 0.123100 -0.647727
v 0.216506 0.119081 -0.693182
v 0.137777 0.101547 -0.738636
v 0.059047 0.084161 -0.875000
v 0.767613 0.081854 -0.465909
v 0.688884 0.076497 -0.511364
v 0.610154 0.074963 -0.556818
v 0.531425 0.089328 -0.602273
v 0.452695 0.093930 -0.647727
v 0.373966 0.101260 -0.693182
v 0.295236 0.090197 -0.738636
v 0.216506 0.092884 -0.784091
v 0.137777 0.093479 -0.829545
v 0.078730 0.124548 -0.068182
v 0.019682 0.121162 -0.102273
v 0.157459 0.142601 -0.113636
v 0.098412 0.146905 -0.147727
v 0.078730 0.142355 -0.159091
v 0.019682 0.115962 -0.193182
v 0.236189 0.133818 -0.159091
v 0.177142 0.129759 -0.193182
v 0.157459 0.129504 -0.204545
v 0.098412 0.131933 -0.238636
v 0.078730 0.131792 -0.250000
v 0.019682 0.117983 -0.284091
v 0.314918 0.095102 -0.204545
v 0.255871 0.087562 -0.238636
v 0.236189 0.088830 -0.250000
v 0.177142 0.107260 -0.284091
v 0.157459 0.116651 -0.295455
v 0.098412 0.131695 -0.329545
v 0.078730 0.128882 -0.340909
v 0.019682 0.114465 -0.375000
v 0.393648 0.071235 -0.250000
v 0.334601 0.073545 -0.284091
v 0.314918 0.076582 -0.295455
v 0.255871 0.092578 -0.329545
v 0.236189 0.100827 -0.340909
v 0.177142 0.126288 -0.375000
v 0.157459 0.131763 -0.386364
v 0.098412 0.132294 -0.420455
v 0.078730 0.129569 -0.431818
v 0.019682 0.125525 -0.465909
v 0.472377 0.096287 -0.295455
v 0.413330 0.094160 -0.329545
v 0.393648 0.094902 -0.340909
v 0.334601 0.101786 -0.375000
v 0.314918 0.106072 -0.386364
v 0.255871 0.124883 -0.420455
v 0.236189 0.131852 -0.431818
v 0.177142 0.145813 -0.465909
v 0.157459 0.146969 -0.477273
v 0.098412 0.145351 -0.511364
v 0.078730 0.145056 -0.522727
v 0.019682 0.134233 -0.556818
v 0.551107 0.051195 -0.340909
v 0.492060 0.057459 -0.375000
v 0.472377 0.061608 -0.386364
v 0.413330 0.080828 -0.420455
v 0.393648 0.089235 -0.431818
v 0.334601 0.116187 -0.465909
v 0.314918 0.124333 -0.477273
v 0.255871 0.138582 -0.511364
v 0.236189 0.138612 -0.522727
v 0.177142 0.129571 -0.556818
v 0.157459 0.127369 -0.568182
v 0.098412 0.128632 -0.602273
v 0.078730 0.130253 -0.613636
v 0.019682 0.126245 -0.647727
v 0.629837 0.039287 -0.386364
v 0.570789 0.035536 -0.420455
v 0.551107 0.035106 -0.431818
v 0.492060 0.043367 -0.465909
v 0.472377 0.050879 -0.477273
v 0.413330 0.083305 -0.511364
v 0.393648 0.093806 -0.522727
v 0.334601 0.115469 -0.556818
v 0.314918 0.117152 -0.568182
v 0.255871 0.112062 -0.602273
v 0.236189 0.111289 -0.613636
v 0.177142 0.121050 -0.647727
v 0.157459 0.126157 -0.659091
v 0.098412 0.133182 -0.693182
v 0.078730 0.131488 -0.704545
v 0.019682 0.118459 -0.738636
v 0.708566 0.072162 -0.431818
v 0.649519 0.066972 -0.465909
v 0.629837 0.064216 -0.477273
v 0.570789 0.058881 -0.511364
v 0.551107 0.059596 -0.522727
v 0.492060 0.074583 -0.556818
v 0.472377 0.082535 -0.568182
v 0.413330 0.100796 -0.602273
v 0.393648 0.105775 -0.613636
v 0.334601 0.123052 -0.647727
v 0.314918 0.127181 -0.659091
v 0.255871 0.119219 -0.693182
v 0.236189 0.112902 -0.704545
v 0.177142 0.100397 -0.738636
v 0.157459 0.098312 -0.750000
v 0.098412 0.088448 -0.784091
v 0.078730 0.083250 -0.795455
v 0.019682 0.068771 -0.829545
v 0.787296 0.085933 -0.477273
v 0.728249 0.085161 -0.511364
v 0.708566 0.083197 -0.522727
v 0.649519 0.081022 -0.556818
v 0.629837 0.081702 -0.568182
v 0.570789 0.088725 -0.602273
v 0.551107 0.091186 -0.613636
v 0.492060 0.093361 -0.647727
v 0.472377 0.092485 -0.659091
v 0.413330 0.092152 -0.693182
v 0.393648 0.093161 -0.704545
v 0.334601 0.089887 -0.738636
v 0.314918 0.088853 -0.750000
v 0.255871 0.090527 -0.784091
v 0.236189 0.091973 -0.795455
v 0.177142 0.094301 -0.829545
v 0.157459 0.093993 -0.840909
v 0.098412 0.090709 -0.875000
v 0.078730 0.089903 -0.886364
v 0.019682 0.087263 -0.920455
v 0.019682 0.091782 -0.943182
v 0.039365 0.095370 -0.954545
v 0.019682 0.095173 -0.965909
v 0.039365 0.087880 -0.909091
v 0.059047 0.088783 -0.897727
v 0.059047 0.092433 -0.920455
v 0.098412 0.093271 -0.897727
v 0.118094 0.095842 -0.909091
v 0.098412 0.095781 -0.920455
v 0.118094 0.091491 -0.863636
v 0.137777 0.092968 -0.852273
v 0.137777 0.093190 -0.875000
v 0.177142 0.094389 -0.852273
v 0.196824 0.095775 -0.863636
v 0.177142 0.095833 -0.875000
v 0.196824 0.094068 -0.818182
v 0.216506 0.093257 -0.806818
v 0.216506 0.094096 -0.829545
v 0.255871 0.092827 -0.806818
v 0.275554 0.095041 -0.818182
v 0.255871 0.095349 -0.829545
v 0.275554 0.089319 -0.772727
v 0.295236 0.088690 -0.761364
v 0.295236 0.091377 -0.784091
v 0.334601 0.090970 -0.761364
v 0.354283 0.094721 -0.772727
v 0.334601 0.094684 -0.784091
v 0.354283 0.091510 -0.727273
v 0.373966 0.092969 -0.715909
v 0.373966 0.092105 -0.738636
v 0.413330 0.091598 -0.715909
v 0.433013 0.095373 -0.727273
v 0.413330 0.095349 -0.738636
v 0.433013 0.091743 -0.681818
v 0.452695 0.091918 -0.670455
v 0.452695 0.092565 -0.693182
v 0.492060 0.093353 -0.670455
v 0.511742 0.095522 -0.681818
v 0.492060 0.095448 -0.693182
v 0.511742 0.093781 -0.636364
v 0.531425 0.093060 -0.625000
v 0.531425 0.094119 -0.647727
v 0.570789 0.092931 -0.625000
v 0.590472 0.095257 -0.636364
v 0.570789 0.095288 -0.647727
v 0.590472 0.086070 -0.590909
v 0.610154 0.083539 -0.579545
v 0.610154 0.090643 -0.602273
v 0.649519 0.088594 -0.579545
v 0.669201 0.094405 -0.590909
v 0.649519 0.094530 -0.602273
v 0.669201 0.080642 -0.545455
v 0.688884 0.080770 -0.534091
v 0.688884 0.087147 -0.556818
v 0.728249 0.090236 -0.534091
v 0.747931 0.095080 -0.545455
v 0.728249 0.094946 -0.556818
v 0.747931 0.085912 -0.500000
v 0.767613 0.086154 -0.488636
v 0.767613 0.090853 -0.511364
v 0.019682 0.069142 -0.852273
v 0.039365 0.076085 -0.863636
v 0.019682 0.073725 -0.875000
v 0.039365 0.073100 -0.818182
v 0.059047 0.077979 -0.806818
v 0.059047 0.076266 -0.829545
v 0.098412 0.084768 -0.806818
v 0.118094 0.088963 -0.818182
v 0.098412 0.085543 -0.829545
v 0.118094 0.092840 -0.772727
v 0.137777 0.096204 -0.761364
v 0.137777 0.092310 -0.784091
v 0.177142 0.096020 -0.761364
v 0.196824 0.094280 -0.772727
v 0.177142 0.094344 -0.784091
v 0.196824 0.103367 -0.727273
v 0.216506 0.107495 -0.715909
v 0.216506 0.097738 -0.738636
v 0.255871 0.104049 -0.715909
v 0.275554 0.095620 -0.727273
v 0.255871 0.093463 -0.738636
v 0.275554 0.125051 -0.681818
v 0.295236 0.128125 -0.670455
v 0.295236 0.117811 -0.693182
v 0.334601 0.125044 -0.670455
v 0.354283 0.114733 -0.681818
v 0.334601 0.112706 -0.693182
v 0.354283 0.117311 -0.636364
v 0.373966 0.111288 -0.625000
v 0.373966 0.114040 -0.647727
v 0.413330 0.102219 -0.625000
v 0.433013 0.097629 -0.636364
v 0.413330 0.100692 -0.647727
v 0.433013 0.095749 -0.590909
v 0.452695 0.089818 -0.579545
v 0.452695 0.094706 -0.602273
v 0.492060 0.084146 -0.579545
v 0.511742 0.086807 -0.590909
v 0.492060 0.091304 -0.602273
v 0.511742 0.067505 -0.545455
v 0.531425 0.062398 -0.534091
v 0.531425 0.071361 -0.556818
v 0.570789 0.064122 -0.534091
v 0.590472 0.069173 -0.545455
v 0.570789 0.071974 -0.556818
v 0.590472 0.059795 -0.500000
v 0.610154 0.061750 -0.488636
v 0.610154 0.064154 -0.511364
v 0.649519 0.068244 -0.488636
v 0.669201 0.071903 -0.500000
v 0.649519 0.069811 -0.511364
v 0.669201 0.069624 -0.454545
v 0.688884 0.071449 -0.443182
v 0.688884 0.073746 -0.465909
v 0.019682 0.102978 -0.761364
v 0.039365 0.092248 -0.772727
v 0.019682 0.085531 -0.784091
v 0.039365 0.123496 -0.727273
v 0.059047 0.128043 -0.715909
v 0.059047 0.112671 -0.738636
v 0.098412 0.122109 -0.715909
v 0.118094 0.110954 -0.727273
v 0.098412 0.106431 -0.738636
v 0.118094 0.132779 -0.681818
v 0.137777 0.130339 -0.670455
v 0.137777 0.128300 -0.693182
v 0.177142 0.127907 -0.670455
v 0.196824 0.125576 -0.681818
v 0.177142 0.123286 -0.693182
v 0.196824 0.116264 -0.636364
v 0.216506 0.112654 -0.625000
v 0.216506 0.120991 -0.647727
v 0.255871 0.114674 -0.625000
v 0.275554 0.119245 -0.636364
v 0.255871 0.122133 -0.647727
v 0.275554 0.114216 -0.590909
v 0.295236 0.116325 -0.579545
v 0.295236 0.114048 -0.602273
v 0.334601 0.113277 -0.579545
v 0.354283 0.110095 -0.590909
v 0.334601 0.112846 -0.602273
v 0.354283 0.110822 -0.545455
v 0.373966 0.103311 -0.534091
v 0.373966 0.104795 -0.556818
v 0.413330 0.088574 -0.534091
v 0.433013 0.084756 -0.545455
v 0.413330 0.093313 -0.556818
v 0.433013 0.072058 -0.500000
v 0.452695 0.060719 -0.488636
v 0.452695 0.067318 -0.511364
v 0.492060 0.049367 -0.488636
v 0.511742 0.051513 -0.500000
v 0.492060 0.057061 -0.511364
v 0.511742 0.038479 -0.454545
v 0.531425 0.035886 -0.443182
v 0.531425 0.041688 -0.465909
v 0.570789 0.042244 -0.443182
v 0.590472 0.051051 -0.454545
v 0.570789 0.049056 -0.465909
v 0.590472 0.036640 -0.409091
v 0.610154 0.038004 -0.397727
v 0.610154 0.046059 -0.420455
v 0.019682 0.127881 -0.670455
v 0.039365 0.133519 -0.681818
v 0.019682 0.129464 -0.693182
v 0.039365 0.129934 -0.636364
v 0.059047 0.131033 -0.625000
v 0.059047 0.131527 -0.647727
v 0.098412 0.126125 -0.625000
v 0.118094 0.123541 -0.636364
v 0.098412 0.128551 -0.647727
v 0.118094 0.127187 -0.590909
v 0.137777 0.126668 -0.579545
v 0.137777 0.120028 -0.602273
v 0.177142 0.120005 -0.579545
v 0.196824 0.114043 -0.590909
v 0.177142 0.113391 -0.602273
v 0.196824 0.133051 -0.545455
v 0.216506 0.136483 -0.534091
v 0.216506 0.126731 -0.556818
v 0.255871 0.133273 -0.534091
v 0.275554 0.127578 -0.545455
v 0.255871 0.124966 -0.556818
v 0.275554 0.136104 -0.500000
v 0.295236 0.131249 -0.488636
v 0.295236 0.131001 -0.511364
v 0.334601 0.118044 -0.488636
v 0.354283 0.110088 -0.500000
v 0.334601 0.118705 -0.511364
v 0.354283 0.107221 -0.454545
v 0.373966 0.098125 -0.443182
v 0.373966 0.098320 -0.465909
v 0.413330 0.077003 -0.443182
v 0.433013 0.065352 -0.454545
v 0.413330 0.076288 -0.465909
v 0.433013 0.073413 -0.409091
v 0.452695 0.066920 -0.397727
v 0.452695 0.059371 -0.420455
v 0.492060 0.047426 -0.397727
v 0.511742 0.036885 -0.409091
v 0.492060 0.041656 -0.420455
v 0.511742 0.054308 -0.363636
v 0.531425 0.052132 -0.352273
v 0.531425 0.040094 -0.375000
v 0.019682 0.131964 -0.579545
v 0.039365 0.134770 -0.590909
v 0.019682 0.128935 -0.602273
v 0.039365 0.140161 -0.545455
v 0.059047 0.143626 -0.534091
v 0.059047 0.142128 -0.556818
v 0.098412 0.144642 -0.534091
v 0.118094 0.140988 -0.545455
v 0.098412 0.140716 -0.556818
v 0.118094 0.145930 -0.500000
v 0.137777 0.146742 -0.488636
v 0.137777 0.145881 -0.511364
v 0.177142 0.147347 -0.488636
v 0.196824 0.145991 -0.500000
v 0.177142 0.145187 -0.511364
v 0.196824 0.142785 -0.454545
v 0.216506 0.138034 -0.443182
v 0.216506 0.143003 -0.465909
v 0.255871 0.131873 -0.443182
v 0.275554 0.131114 -0.454545
v 0.255871 0.137309 -0.465909
v 0.275554 0.117910 -0.409091
v 0.295236 0.111550 -0.397727
v 0.295236 0.118260 -0.420455
v 0.334601 0.106823 -0.397727
v 0.354283 0.104717 -0.409091
v 0.334601 0.110650 -0.420455
v 0.354283 0.098631 -0.363636
v 0.373966 0.096365 -0.352273
v 0.373966 0.099232 -0.375000
v 0.413330 0.094880 -0.352273
v 0.433013 0.089031 -0.363636
v 0.413330 0.091971 -0.375000
v 0.433013 0.094083 -0.318182
v 0.452695 0.094762 -0.306818
v 0.452695 0.093065 -0.329545
v 0.019682 0.129728 -0.488636
v 0.039365 0.136433 -0.500000
v 0.019682 0.132998 -0.511364
v 0.039365 0.126327 -0.454545
v 0.059047 0.127255 -0.443182
v 0.059047 0.132348 -0.465909
v 0.098412 0.135407 -0.443182
v 0.118094 0.140815 -0.454545
v 0.098412 0.139691 -0.465909
v 0.118094 0.134401 -0.409091
v 0.137777 0.134416 -0.397727
v 0.137777 0.137345 -0.420455
v 0.177142 0.131273 -0.397727
v 0.196824 0.131035 -0.409091
v 0.177142 0.136399 -0.420455
v 0.196824 0.118682 -0.363636
v 0.216506 0.109781 -0.352273
v 0.216506 0.117086 -0.375000
v 0.255871 0.100618 -0.352273
v 0.275554 0.101892 -0.363636
v 0.255871 0.108880 -0.375000
v 0.275554 0.085873 -0.318182
v 0.295236 0.080572 -0.306818
v 0.295236 0.087868 -0.329545
v 0.334601 0.080394 -0.306818
v 0.354283 0.085707 -0.318182
v 0.334601 0.087968 -0.329545
v 0.354283 0.071563 -0.272727
v 0.373966 0.070716 -0.261364
v 0.373966 0.076967 -0.284091
v 0.019682 0.115507 -0.397727
v 0.039365 0.118811 -0.409091
v 0.019682 0.117862 -0.420455
v 0.039365 0.117851 -0.363636
v 0.059047 0.123386 -0.352273
v 0.059047 0.122007 -0.375000
v 0.098412 0.131054 -0.352273
v 0.118094 0.132078 -0.363636
v 0.098412 0.130534 -0.375000
v 0.118094 0.130433 -0.318182
v 0.137777 0.125015 -0.306818
v 0.137777 0.127726 -0.329545
v 0.177142 0.110989 -0.306818
v 0.196824 0.106082 -0.318182
v 0.177142 0.116030 -0.329545
v 0.196824 0.098704 -0.272727
v 0.216506 0.092526 -0.261364
v 0.216506 0.092325 -0.284091
v 0.255871 0.081264 -0.261364
v 0.275554 0.076591 -0.272727
v 0.255871 0.081381 -0.284091
v 0.275554 0.088364 -0.227273
v 0.295236 0.091127 -0.215909
v 0.295236 0.078533 -0.238636
v 0.019682 0.117315 -0.306818
v 0.039365 0.121469 -0.318182
v 0.019682 0.115988 -0.329545
v 0.039365 0.124032 -0.272727
v 0.059047 0.129186 -0.261364
v 0.059047 0.128860 -0.284091
v 0.098412 0.130857 -0.261364
v 0.118094 0.127470 -0.272727
v 0.098412 0.131329 -0.284091
v 0.118094 0.130758 -0.227273
v 0.137777 0.129866 -0.215909
v 0.137777 0.124003 -0.238636
v 0.177142 0.119576 -0.215909
v 0.196824 0.108695 -0.227273
v 0.177142 0.111121 -0.238636
v 0.196824 0.130597 -0.181818
v 0.216506 0.132056 -0.170455
v 0.216506 0.120639 -0.193182
v 0.019682 0.116142 -0.215909
v 0.039365 0.124314 -0.227273
v 0.019682 0.116012 -0.238636
v 0.039365 0.125805 -0.181818
v 0.059047 0.134909 -0.170455
v 0.059047 0.132466 -0.193182
v 0.098412 0.144308 -0.170455
v 0.118094 0.142695 -0.181818
v 0.098412 0.139455 -0.193182
v 0.118094 0.148215 -0.136364
v 0.137777 0.146510 -0.125000
v 0.137777 0.148606 -0.147727
v 0.019682 0.120834 -0.125000
v 0.039365 0.129591 -0.136364
v 0.019682 0.118665 -0.147727
v 0.039365 0.125506 -0.090909
v 0.059047 0.126092 -0.079545
v 0.059047 0.132468 -0.102273
v 0.728249 0.075972 -0.443182
v 0.747931 0.078910 -0.454545
v 0.728249 0.078548 -0.465909
v 0.649519 0.049324 -0.397727
v 0.669201 0.059098 -0.409091
v 0.649519 0.057963 -0.420455
v 0.570789 0.037564 -0.352273
v 0.590472 0.031095 -0.363636
v 0.570789 0.030949 -0.375000
v 0.492060 0.094212 -0.306818
v 0.511742 0.084531 -0.318182
v 0.492060 0.084211 -0.329545
v 0.413330 0.077455 -0.261364
v 0.433013 0.085584 -0.272727
v 0.413330 0.084279 -0.284091
v 0.334601 0.082794 -0.215909
v 0.354283 0.073100 -0.227273
v 0.334601 0.071536 -0.238636
v 0.255871 0.126954 -0.170455
v 0.275554 0.118108 -0.181818
v 0.255871 0.113801 -0.193182
v 0.177142 0.144106 -0.125000
v 0.196824 0.142939 -0.136364
v 0.177142 0.144970 -0.147727
v 0.098412 0.129297 -0.079545
v 0.118094 0.134374 -0.090909
v 0.098412 0.138044 -0.102273
v 0.019682 0.117237 -0.034091
v 0.039365 0.118212 -0.045455
v 0.019682 0.116666 -0.056818
v -0.806978 0.100876 -0.488636
v -0.806978 0.096449 -0.511364
v -0.826653 0.096374 -0.499996
v -0.767613 0.106825 -0.488636
v -0.747931 0.105391 -0.500000
v -0.767613 0.100048 -0.511364
v -0.728249 0.098642 -0.534091
v -0.728249 0.096228 -0.556818
v -0.747931 0.096300 -0.545455
v -0.688884 0.102474 -0.534091
v -0.669201 0.101965 -0.545455
v -0.688884 0.097800 -0.556818
v -0.649519 0.097468 -0.579545
v -0.649519 0.096020 -0.602273
v -0.669201 0.096065 -0.590909
v -0.610154 0.102711 -0.579545
v -0.590472 0.103498 -0.590909
v -0.610154 0.097719 -0.602273
v -0.570789 0.098192 -0.625000
v -0.570789 0.095842 -0.647727
v -0.590472 0.095896 -0.636364
v -0.531425 0.104663 -0.625000
v -0.511742 0.103964 -0.636364
v -0.531425 0.098198 -0.647727
v -0.492060 0.097356 -0.670455
v -0.492060 0.095961 -0.693182
v -0.511742 0.095963 -0.681818
v -0.452695 0.099381 -0.670455
v -0.433013 0.097555 -0.681818
v -0.452695 0.096054 -0.693182
v -0.413330 0.094155 -0.715909
v -0.413330 0.095866 -0.738636
v -0.433013 0.095908 -0.727273
v -0.373966 0.093066 -0.715909
v -0.354283 0.091765 -0.727273
v -0.373966 0.093672 -0.738636
v -0.334601 0.092535 -0.761364
v -0.334601 0.095287 -0.784091
v -0.354283 0.095508 -0.772727
v -0.295236 0.088185 -0.761364
v -0.275554 0.087051 -0.772727
v -0.295236 0.091272 -0.784091
v -0.255871 0.090195 -0.806818
v -0.255871 0.094478 -0.829545
v -0.275554 0.094425 -0.818182
v -0.216506 0.084994 -0.806818
v -0.196824 0.084862 -0.818182
v -0.216506 0.089935 -0.829545
v -0.177142 0.090069 -0.852273
v -0.177142 0.094776 -0.875000
v -0.196824 0.094694 -0.863636
v -0.137777 0.084619 -0.852273
v -0.118094 0.083487 -0.863636
v -0.137777 0.088567 -0.875000
v -0.098412 0.089902 -0.897727
v -0.098412 0.094838 -0.920455
v -0.118094 0.094847 -0.909091
v -0.059047 0.083138 -0.897727
v -0.039365 0.083895 -0.909091
v -0.059047 0.090037 -0.920455
v -0.728249 0.101954 -0.443182
v -0.728249 0.107111 -0.465909
v -0.747931 0.108199 -0.454545
v -0.688884 0.097536 -0.443182
v -0.669201 0.099073 -0.454545
v -0.688884 0.102812 -0.465909
v -0.649519 0.104391 -0.488636
v -0.649519 0.106805 -0.511364
v -0.669201 0.106534 -0.500000
v -0.610154 0.103715 -0.488636
v -0.590472 0.105934 -0.500000
v -0.610154 0.107123 -0.511364
v -0.570789 0.111612 -0.534091
v -0.570789 0.112740 -0.556818
v -0.590472 0.110738 -0.545455
v -0.531425 0.113553 -0.534091
v -0.511742 0.114817 -0.545455
v -0.531425 0.115557 -0.556818
v -0.492060 0.115079 -0.579545
v -0.492060 0.113678 -0.602273
v -0.511742 0.115207 -0.590909
v -0.452695 0.109781 -0.579545
v -0.433013 0.106007 -0.590909
v -0.452695 0.109502 -0.602273
v -0.413330 0.101970 -0.625000
v -0.413330 0.100921 -0.647727
v -0.433013 0.104389 -0.636364
v -0.373966 0.094540 -0.625000
v -0.354283 0.091371 -0.636364
v -0.373966 0.094825 -0.647727
v -0.334601 0.088871 -0.670455
v -0.334601 0.089138 -0.693182
v -0.354283 0.091747 -0.681818
v -0.295236 0.083128 -0.670455
v -0.275554 0.080558 -0.681818
v -0.295236 0.083438 -0.693182
v -0.255871 0.078770 -0.715909
v -0.255871 0.080249 -0.738636
v -0.275554 0.082163 -0.727273
v -0.216506 0.074553 -0.715909
v -0.196824 0.073487 -0.727273
v -0.216506 0.075449 -0.738636
v -0.177142 0.074636 -0.761364
v -0.177142 0.076961 -0.784091
v -0.196824 0.076858 -0.772727
v -0.137777 0.076152 -0.761364
v -0.118094 0.078807 -0.772727
v -0.137777 0.077195 -0.784091
v -0.098412 0.079605 -0.806818
v -0.098412 0.078541 -0.829545
v -0.118094 0.079072 -0.818182
v -0.059047 0.080452 -0.806818
v -0.039365 0.074836 -0.818182
v -0.059047 0.075273 -0.829545
v -0.649519 0.096455 -0.397727
v -0.649519 0.095980 -0.420455
v -0.669201 0.093145 -0.409091
v -0.610154 0.103990 -0.397727
v -0.590472 0.105346 -0.409091
v -0.610154 0.101188 -0.420455
v -0.570789 0.104283 -0.443182
v -0.570789 0.103892 -0.465909
v -0.590472 0.101556 -0.454545
v -0.531425 0.110425 -0.443182
v -0.511742 0.113860 -0.454545
v -0.531425 0.109978 -0.465909
v -0.492060 0.115972 -0.488636
v -0.492060 0.114444 -0.511364
v -0.511742 0.112827 -0.500000
v -0.452695 0.119370 -0.488636
v -0.433013 0.116412 -0.500000
v -0.452695 0.115495 -0.511364
v -0.413330 0.106795 -0.534091
v -0.413330 0.103610 -0.556818
v -0.433013 0.108207 -0.545455
v -0.373966 0.099108 -0.534091
v -0.354283 0.094308 -0.545455
v -0.373966 0.096536 -0.556818
v -0.334601 0.089603 -0.579545
v -0.334601 0.088611 -0.602273
v -0.354283 0.091354 -0.590909
v -0.295236 0.087495 -0.579545
v -0.275554 0.086711 -0.590909
v -0.295236 0.085823 -0.602273
v -0.255871 0.082794 -0.625000
v -0.255871 0.080204 -0.647727
v -0.275554 0.082266 -0.636364
v -0.216506 0.083950 -0.625000
v -0.196824 0.082518 -0.636364
v -0.216506 0.079438 -0.647727
v -0.177142 0.076296 -0.670455
v -0.177142 0.073747 -0.693182
v -0.196824 0.074774 -0.681818
v -0.137777 0.078052 -0.670455
v -0.118094 0.079068 -0.681818
v -0.137777 0.075931 -0.693182
v -0.098412 0.083619 -0.715909
v -0.098412 0.083505 -0.738636
v -0.118094 0.078581 -0.727273
v -0.059047 0.097708 -0.715909
v -0.039365 0.106636 -0.727273
v -0.059047 0.097940 -0.738636
v -0.570789 0.116256 -0.352273
v -0.570789 0.113954 -0.375000
v -0.590472 0.112262 -0.363636
v -0.531425 0.119736 -0.352273
v -0.511742 0.119473 -0.363636
v -0.531425 0.117450 -0.375000
v -0.492060 0.118086 -0.397727
v -0.492060 0.117785 -0.420455
v -0.511742 0.115185 -0.409091
v -0.452695 0.121896 -0.397727
v -0.433013 0.123824 -0.409091
v -0.452695 0.123396 -0.420455
v -0.413330 0.123221 -0.443182
v -0.413330 0.120623 -0.465909
v -0.433013 0.123931 -0.454545
v -0.373966 0.110575 -0.443182
v -0.354283 0.101707 -0.454545
v -0.373966 0.108975 -0.465909
v -0.334601 0.094496 -0.488636
v -0.334601 0.093663 -0.511364
v -0.354283 0.098825 -0.500000
v -0.295236 0.089071 -0.488636
v -0.275554 0.090597 -0.500000
v -0.295236 0.089921 -0.511364
v -0.255871 0.093726 -0.534091
v -0.255871 0.091761 -0.556818
v -0.275554 0.090423 -0.545455
v -0.216506 0.103164 -0.534091
v -0.196824 0.106835 -0.545455
v -0.216506 0.099280 -0.556818
v -0.177142 0.102150 -0.579545
v -0.177142 0.094706 -0.602273
v -0.196824 0.095171 -0.590909
v -0.137777 0.105675 -0.579545
v -0.118094 0.097885 -0.590909
v -0.137777 0.096986 -0.602273
v -0.098412 0.084461 -0.625000
v -0.098412 0.081698 -0.647727
v -0.118094 0.084209 -0.636364
v -0.059047 0.091855 -0.625000
v -0.039365 0.099788 -0.636364
v -0.059047 0.090557 -0.647727
v -0.492060 0.107852 -0.306818
v -0.492060 0.117119 -0.329545
v -0.511742 0.114198 -0.318182
v -0.452695 0.103467 -0.306818
v -0.433013 0.105198 -0.318182
v -0.452695 0.113005 -0.329545
v -0.413330 0.112416 -0.352273
v -0.413330 0.117668 -0.375000
v -0.433013 0.117762 -0.363636
v -0.373966 0.100583 -0.352273
v -0.354283 0.094627 -0.363636
v -0.373966 0.106216 -0.375000
v -0.334601 0.089610 -0.397727
v -0.334601 0.092169 -0.420455
v -0.354283 0.100729 -0.409091
v -0.295236 0.076382 -0.397727
v -0.275554 0.078078 -0.409091
v -0.295236 0.080906 -0.420455
v -0.255871 0.088370 -0.443182
v -0.255871 0.091462 -0.465909
v -0.275554 0.086192 -0.454545
v -0.216506 0.105721 -0.443182
v -0.196824 0.116698 -0.454545
v -0.216506 0.106971 -0.465909
v -0.177142 0.123180 -0.488636
v -0.177142 0.119590 -0.511364
v -0.196824 0.114243 -0.500000
v -0.137777 0.130963 -0.488636
v -0.118094 0.125247 -0.500000
v -0.137777 0.126396 -0.511364
v -0.098412 0.112825 -0.534091
v -0.098412 0.105991 -0.556818
v -0.118094 0.113586 -0.545455
v -0.059047 0.111457 -0.534091
v -0.039365 0.113091 -0.545455
v -0.059047 0.106227 -0.556818
v -0.413330 0.062428 -0.261364
v -0.413330 0.079534 -0.284091
v -0.433013 0.075114 -0.272727
v -0.373966 0.052723 -0.261364
v -0.354283 0.053336 -0.272727
v -0.373966 0.066909 -0.284091
v -0.334601 0.064706 -0.306818
v -0.334601 0.075203 -0.329545
v -0.354283 0.078607 -0.318182
v -0.295236 0.053517 -0.306818
v -0.275554 0.055820 -0.318182
v -0.295236 0.060350 -0.329545
v -0.255871 0.069842 -0.352273
v -0.255871 0.074975 -0.375000
v -0.275554 0.067457 -0.363636
v -0.216506 0.096152 -0.352273
v -0.196824 0.112842 -0.363636
v -0.216506 0.099139 -0.375000
v -0.177142 0.127132 -0.397727
v -0.177142 0.127347 -0.420455
v -0.196824 0.115873 -0.409091
v -0.137777 0.135651 -0.397727
v -0.118094 0.131565 -0.409091
v -0.137777 0.136562 -0.420455
v -0.098412 0.126600 -0.443182
v -0.098412 0.125289 -0.465909
v -0.118094 0.131284 -0.454545
v -0.059047 0.118615 -0.443182
v -0.039365 0.117666 -0.454545
v -0.059047 0.118466 -0.465909
v -0.334601 0.053422 -0.215909
v -0.334601 0.041647 -0.238636
v -0.354283 0.046553 -0.227273
v -0.295236 0.057373 -0.215909
v -0.275554 0.055794 -0.227273
v -0.295236 0.044604 -0.238636
v -0.255871 0.056001 -0.261364
v -0.255871 0.056847 -0.284091
v -0.275554 0.047652 -0.272727
v -0.216506 0.084408 -0.261364
v -0.196824 0.099047 -0.272727
v -0.216506 0.086035 -0.284091
v -0.177142 0.115940 -0.306818
v -0.177142 0.120801 -0.329545
v -0.196824 0.106878 -0.318182
v -0.137777 0.117862 -0.306818
v -0.118094 0.118961 -0.318182
v -0.137777 0.123004 -0.329545
v -0.098412 0.120661 -0.352273
v -0.098412 0.123201 -0.375000
v -0.118094 0.126306 -0.363636
v -0.059047 0.115700 -0.352273
v -0.039365 0.114322 -0.363636
v -0.059047 0.116114 -0.375000
v -0.255871 0.091158 -0.170455
v -0.255871 0.084078 -0.193182
v -0.275554 0.084703 -0.181818
v -0.216506 0.107808 -0.170455
v -0.196824 0.113872 -0.181818
v -0.216506 0.100512 -0.193182
v -0.177142 0.111462 -0.215909
v -0.177142 0.104936 -0.238636
v -0.196824 0.096551 -0.227273
v -0.137777 0.121666 -0.215909
v -0.118094 0.121220 -0.227273
v -0.137777 0.119588 -0.238636
v -0.098412 0.120779 -0.261364
v -0.098412 0.119101 -0.284091
v -0.118094 0.118401 -0.272727
v -0.059047 0.115385 -0.261364
v -0.039365 0.113440 -0.272727
v -0.059047 0.117765 -0.284091
v -0.177142 0.096296 -0.125000
v -0.177142 0.109678 -0.147727
v -0.196824 0.105970 -0.136364
v -0.137777 0.083008 -0.125000
v -0.118094 0.080834 -0.136364
v -0.137777 0.096027 -0.147727
v -0.098412 0.088874 -0.170455
v -0.098412 0.099615 -0.193182
v -0.118094 0.103831 -0.181818
v -0.059047 0.079940 -0.170455
v -0.039365 0.085852 -0.181818
v -0.059047 0.084821 -0.193182
v -0.098412 0.083452 -0.079545
v -0.098412 0.075422 -0.102273
v -0.118094 0.076863 -0.090909
v -0.059047 0.095059 -0.079545
v -0.039365 0.098814 -0.090909
v -0.059047 0.086690 -0.102273
v -0.019682 0.067373 -0.852273
v -0.019682 0.070584 -0.875000
v -0.039365 0.070834 -0.863636
v -0.019682 0.103857 -0.761364
v -0.019682 0.088604 -0.784091
v -0.039365 0.094286 -0.772727
v -0.019682 0.110629 -0.670455
v -0.019682 0.112819 -0.693182
v -0.039365 0.101621 -0.681818
v -0.019682 0.115514 -0.579545
v -0.019682 0.112556 -0.602273
v -0.039365 0.104848 -0.590909
v -0.019682 0.120932 -0.488636
v -0.019682 0.121509 -0.511364
v -0.039365 0.117835 -0.500000
v -0.019682 0.114294 -0.397727
v -0.019682 0.115716 -0.420455
v -0.039365 0.115521 -0.409091
v -0.019682 0.114230 -0.306818
v -0.019682 0.114172 -0.329545
v -0.039365 0.115633 -0.318182
v -0.019682 0.096866 -0.215909
v -0.019682 0.102456 -0.238636
v -0.039365 0.097363 -0.227273
v -0.019682 0.099447 -0.125000
v -0.019682 0.095190 -0.147727
v -0.039365 0.085911 -0.136364
v -0.019682 0.112904 -0.034091
v -0.019682 0.110111 -0.056818
v -0.039365 0.107859 -0.045455
v -0.826610 0.094641 0.454516
v -0.846249 0.095621 0.443128
v -0.845804 0.095418 0.465598
v -0.806978 0.096335 0.420454
v -0.806978 0.095848 0.397727
v -0.826660 0.094654 0.409091
v -0.826661 0.094461 0.363636
v -0.846343 0.095844 0.352273
v -0.846343 0.095812 0.375000
v -0.806978 0.094258 0.329545
v -0.806978 0.094435 0.306818
v -0.826661 0.093789 0.318182
v -0.826661 0.094693 0.272727
v -0.846343 0.095803 0.261364
v -0.846343 0.095842 0.284091
v -0.806978 0.094921 0.238636
v -0.806978 0.094841 0.215909
v -0.826661 0.094712 0.227273
v -0.826661 0.094130 0.181818
v -0.846343 0.095303 0.170455
v -0.846343 0.095493 0.193182
v -0.806978 0.093780 0.147727
v -0.806978 0.094706 0.125000
v -0.826661 0.093995 0.136364
v -0.826661 0.096201 0.090909
v -0.846343 0.095981 0.079545
v -0.846343 0.095746 0.102273
v -0.806978 0.105309 0.056818
v -0.806978 0.108195 0.034091
v -0.826661 0.099854 0.045455
v -0.826661 0.100294 0.000000
v -0.846343 0.096394 -0.011364
v -0.846343 0.096484 0.011364
v -0.806978 0.104756 -0.034091
v -0.806978 0.103476 -0.056818
v -0.826661 0.098715 -0.045455
v -0.826661 0.098137 -0.090909
v -0.846343 0.096029 -0.102273
v -0.846343 0.096131 -0.079545
v -0.806978 0.101749 -0.125000
v -0.806978 0.099817 -0.147727
v -0.826661 0.096539 -0.136364
v -0.826661 0.095313 -0.181818
v -0.846343 0.095591 -0.193182
v -0.846343 0.095447 -0.170455
v -0.806978 0.098690 -0.215909
v -0.806978 0.098741 -0.238636
v -0.826661 0.096087 -0.227273
v -0.826661 0.096309 -0.272727
v -0.846343 0.095994 -0.284091
v -0.846343 0.095941 -0.261364
v -0.806978 0.097645 -0.306818
v -0.806978 0.097844 -0.329545
v -0.826661 0.096126 -0.318182
v -0.826661 0.097009 -0.363636
v -0.846343 0.096107 -0.375000
v -0.846343 0.096078 -0.352273
v -0.806978 0.101327 -0.397727
v -0.806978 0.103694 -0.420455
v -0.826661 0.098435 -0.409091
v -0.747931 0.106613 0.409091
v -0.767613 0.103038 0.397727
v -0.767613 0.103862 0.420455
v -0.728249 0.108259 0.375000
v -0.728249 0.106783 0.352273
v -0.747931 0.104637 0.363636
v -0.747931 0.100439 0.318182
v -0.767613 0.097360 0.306818
v -0.767613 0.098837 0.329545
v -0.728249 0.098446 0.284091
v -0.728249 0.095725 0.261364
v -0.747931 0.096220 0.272727
v -0.747931 0.093576 0.227273
v -0.767613 0.094618 0.215909
v -0.767613 0.094914 0.238636
v -0.728249 0.090337 0.193182
v -0.728249 0.089695 0.170455
v -0.747931 0.092397 0.181818
v -0.747931 0.092836 0.136364
v -0.767613 0.095763 0.125000
v -0.767613 0.093939 0.147727
v -0.728249 0.095897 0.102273
v -0.728249 0.105097 0.079545
v -0.747931 0.103406 0.090909
v -0.747931 0.121933 0.045455
v -0.767613 0.122378 0.034091
v -0.767613 0.116702 0.056818
v -0.728249 0.124184 0.011364
v -0.728249 0.118021 -0.011364
v -0.747931 0.122853 0.000000
v -0.747931 0.111521 -0.045455
v -0.767613 0.110875 -0.056818
v -0.767613 0.113819 -0.034091
v -0.728249 0.105584 -0.079545
v -0.728249 0.107389 -0.102273
v -0.747931 0.110083 -0.090909
v -0.747931 0.110590 -0.136364
v -0.767613 0.108872 -0.147727
v -0.767613 0.110803 -0.125000
v -0.728249 0.106414 -0.170455
v -0.728249 0.104111 -0.193182
v -0.747931 0.106726 -0.181818
v -0.747931 0.100567 -0.227273
v -0.767613 0.101067 -0.238636
v -0.767613 0.103868 -0.215909
v -0.728249 0.086035 -0.261364
v -0.728249 0.081689 -0.284091
v -0.747931 0.090216 -0.272727
v -0.747931 0.087584 -0.318182
v -0.767613 0.093993 -0.329545
v -0.767613 0.093516 -0.306818
v -0.728249 0.086876 -0.352273
v -0.728249 0.089571 -0.375000
v -0.747931 0.092147 -0.363636
v -0.669201 0.118134 0.363636
v -0.688884 0.113509 0.352273
v -0.688884 0.114397 0.375000
v -0.649519 0.118767 0.329545
v -0.649519 0.115383 0.306818
v -0.669201 0.113645 0.318182
v -0.669201 0.105841 0.272727
v -0.688884 0.099871 0.261364
v -0.688884 0.103879 0.284091
v -0.649519 0.103019 0.238636
v -0.649519 0.097970 0.215909
v -0.669201 0.096964 0.227273
v -0.669201 0.087788 0.181818
v -0.688884 0.086005 0.170455
v -0.688884 0.088409 0.193182
v -0.649519 0.083843 0.147727
v -0.649519 0.083367 0.125000
v -0.669201 0.084081 0.136364
v -0.669201 0.087900 0.090909
v -0.688884 0.095957 0.079545
v -0.688884 0.087662 0.102273
v -0.649519 0.102979 0.056818
v -0.649519 0.117130 0.034091
v -0.669201 0.112598 0.045455
v -0.669201 0.116522 0.000000
v -0.688884 0.111197 -0.011364
v -0.688884 0.120431 0.011364
v -0.649519 0.090585 -0.034091
v -0.649519 0.083584 -0.056818
v -0.669201 0.089342 -0.045455
v -0.669201 0.092880 -0.090909
v -0.688884 0.097605 -0.102273
v -0.688884 0.094627 -0.079545
v -0.649519 0.091091 -0.125000
v -0.649519 0.096639 -0.147727
v -0.669201 0.097707 -0.136364
v -0.669201 0.102703 -0.181818
v -0.688884 0.101074 -0.193182
v -0.688884 0.103288 -0.170455
v -0.649519 0.089269 -0.215909
v -0.649519 0.078018 -0.238636
v -0.669201 0.086754 -0.227273
v -0.669201 0.072682 -0.272727
v -0.688884 0.074109 -0.284091
v -0.688884 0.076089 -0.261364
v -0.649519 0.083358 -0.306818
v -0.649519 0.091717 -0.329545
v -0.669201 0.083092 -0.318182
v -0.590472 0.121441 0.318182
v -0.610154 0.119333 0.306818
v -0.610154 0.122668 0.329545
v -0.570789 0.116381 0.284091
v -0.570789 0.113425 0.261364
v -0.590472 0.114805 0.272727
v -0.590472 0.107586 0.227273
v -0.610154 0.103541 0.215909
v -0.610154 0.108406 0.238636
v -0.570789 0.099928 0.193182
v -0.570789 0.091868 0.170455
v -0.590472 0.095178 0.181818
v -0.590472 0.082423 0.136364
v -0.610154 0.082818 0.125000
v -0.610154 0.083996 0.147727
v -0.570789 0.081256 0.102273
v -0.570789 0.085333 0.079545
v -0.590472 0.082728 0.090909
v -0.590472 0.105702 0.045455
v -0.610154 0.113674 0.034091
v -0.610154 0.099021 0.056818
v -0.570789 0.119959 0.011364
v -0.570789 0.110852 -0.011364
v -0.590472 0.117338 0.000000
v -0.590472 0.080783 -0.045455
v -0.610154 0.079222 -0.056818
v -0.610154 0.087712 -0.034091
v -0.570789 0.078611 -0.079545
v -0.570789 0.075823 -0.102273
v -0.590472 0.080989 -0.090909
v -0.590472 0.080583 -0.136364
v -0.610154 0.089520 -0.147727
v -0.610154 0.081211 -0.125000
v -0.570789 0.094954 -0.170455
v -0.570789 0.090059 -0.193182
v -0.590472 0.097000 -0.181818
v -0.590472 0.070650 -0.227273
v -0.610154 0.071125 -0.238636
v -0.610154 0.081775 -0.215909
v -0.570789 0.070927 -0.261364
v -0.570789 0.087354 -0.284091
v -0.590472 0.076407 -0.272727
v -0.511742 0.112551 0.272727
v -0.531425 0.112635 0.261364
v -0.531425 0.114991 0.284091
v -0.492060 0.107578 0.238636
v -0.492060 0.104413 0.215909
v -0.511742 0.107590 0.227273
v -0.511742 0.094655 0.181818
v -0.531425 0.091221 0.170455
v -0.531425 0.099711 0.193182
v -0.492060 0.080463 0.147727
v -0.492060 0.077664 0.125000
v -0.511742 0.079074 0.136364
v -0.511742 0.082161 0.090909
v -0.531425 0.085479 0.079545
v -0.531425 0.080400 0.102273
v -0.492060 0.103184 0.056818
v -0.492060 0.121365 0.034091
v -0.511742 0.109914 0.045455
v -0.511742 0.124671 0.000000
v -0.531425 0.115669 -0.011364
v -0.531425 0.123535 0.011364
v -0.492060 0.099612 -0.034091
v -0.492060 0.083201 -0.056818
v -0.511742 0.087251 -0.045455
v -0.511742 0.071199 -0.090909
v -0.531425 0.070097 -0.102273
v -0.531425 0.075680 -0.079545
v -0.492060 0.070291 -0.125000
v -0.492060 0.088350 -0.147727
v -0.511742 0.076186 -0.136364
v -0.511742 0.090247 -0.181818
v -0.531425 0.084043 -0.193182
v -0.531425 0.093651 -0.170455
v -0.492060 0.060282 -0.215909
v -0.492060 0.057656 -0.238636
v -0.511742 0.057519 -0.227273
v -0.433013 0.096890 0.227273
v -0.452695 0.099664 0.215909
v -0.452695 0.101232 0.238636
v -0.413330 0.089496 0.193182
v -0.413330 0.082197 0.170455
v -0.433013 0.088256 0.181818
v -0.433013 0.076055 0.136364
v -0.452695 0.076974 0.125000
v -0.452695 0.078000 0.147727
v -0.413330 0.086489 0.102273
v -0.413330 0.098054 0.079545
v -0.433013 0.088640 0.090909
v -0.433013 0.122780 0.045455
v -0.452695 0.128216 0.034091
v -0.452695 0.109256 0.056818
v -0.413330 0.138871 0.011364
v -0.413330 0.124365 -0.011364
v -0.433013 0.133586 0.000000
v -0.433013 0.096127 -0.045455
v -0.452695 0.086354 -0.056818
v -0.452695 0.104813 -0.034091
v -0.413330 0.069815 -0.079545
v -0.413330 0.063518 -0.102273
v -0.433013 0.065480 -0.090909
v -0.433013 0.091383 -0.136364
v -0.452695 0.096905 -0.147727
v -0.452695 0.075871 -0.125000
v -0.413330 0.103479 -0.170455
v -0.413330 0.082301 -0.193182
v -0.433013 0.093315 -0.181818
v -0.354283 0.082234 0.181818
v -0.373966 0.080730 0.170455
v -0.373966 0.084598 0.193182
v -0.334601 0.081258 0.147727
v -0.334601 0.088498 0.125000
v -0.354283 0.080863 0.136364
v -0.354283 0.100979 0.090909
v -0.373966 0.104739 0.079545
v -0.373966 0.092198 0.102273
v -0.334601 0.124716 0.056818
v -0.334601 0.134856 0.034091
v -0.354283 0.131300 0.045455
v -0.354283 0.123026 0.000000
v -0.373966 0.116292 -0.011364
v -0.373966 0.136565 0.011364
v -0.334601 0.088482 -0.034091
v -0.334601 0.078852 -0.056818
v -0.354283 0.088311 -0.045455
v -0.354283 0.060481 -0.090909
v -0.373966 0.060684 -0.102273
v -0.373966 0.067085 -0.079545
v -0.334601 0.066676 -0.125000
v -0.334601 0.080871 -0.147727
v -0.354283 0.076929 -0.136364
v -0.275554 0.094715 0.136364
v -0.295236 0.095043 0.125000
v -0.295236 0.088387 0.147727
v -0.255871 0.104253 0.102273
v -0.255871 0.111507 0.079545
v -0.275554 0.108189 0.090909
v -0.275554 0.124651 0.045455
v -0.295236 0.128776 0.034091
v -0.295236 0.123666 0.056818
v -0.255871 0.110559 0.011364
v -0.255871 0.085542 -0.011364
v -0.275554 0.101069 0.000000
v -0.275554 0.076308 -0.045455
v -0.295236 0.076653 -0.056818
v -0.295236 0.077711 -0.034091
v -0.255871 0.079001 -0.079545
v -0.255871 0.081603 -0.102273
v -0.275554 0.074786 -0.090909
v -0.196824 0.100444 0.090909
v -0.216506 0.106467 0.079545
v -0.216506 0.101313 0.102273
v -0.177142 0.107301 0.056818
v -0.177142 0.113469 0.034091
v -0.196824 0.112722 0.045455
v -0.196824 0.103192 0.000000
v -0.216506 0.089609 -0.011364
v -0.216506 0.109445 0.011364
v -0.177142 0.083248 -0.034091
v -0.177142 0.079845 -0.056818
v -0.196824 0.078206 -0.045455
v -0.118094 0.108190 0.045455
v -0.137777 0.112427 0.034091
v -0.137777 0.104283 0.056818
v -0.098412 0.115472 0.011364
v -0.098412 0.110549 -0.011364
v -0.118094 0.112452 0.000000
v -0.747931 0.098165 -0.409091
v -0.767613 0.104822 -0.420455
v -0.767613 0.100762 -0.397727
v -0.669201 0.092014 -0.363636
v -0.688884 0.089002 -0.375000
v -0.688884 0.086911 -0.352273
v -0.590472 0.105522 -0.318182
v -0.610154 0.104245 -0.329545
v -0.610154 0.094006 -0.306818
v -0.511742 0.082729 -0.272727
v -0.531425 0.092346 -0.284091
v -0.531425 0.072349 -0.261364
v -0.433013 0.054021 -0.227273
v -0.452695 0.055659 -0.238636
v -0.452695 0.059323 -0.215909
v -0.354283 0.088847 -0.181818
v -0.373966 0.079955 -0.193182
v -0.373966 0.099422 -0.170455
v -0.275554 0.081731 -0.136364
v -0.295236 0.078478 -0.147727
v -0.295236 0.072830 -0.125000
v -0.196824 0.083979 -0.090909
v -0.216506 0.088087 -0.102273
v -0.216506 0.082359 -0.079545
v -0.118094 0.091689 -0.045455
v -0.137777 0.083986 -0.056818
v -0.137777 0.091628 -0.034091
v -0.039365 0.117485 0.000000
v -0.059047 0.114749 -0.011364
v -0.059047 0.116602 0.011364
v -0.019682 0.090366 0.943175
v -0.039365 0.094972 0.954539
v -0.019682 0.094560 0.965814
v -0.039365 0.087473 0.909091
v -0.059047 0.088256 0.897727
v -0.059047 0.091925 0.920455
v -0.098412 0.093112 0.897727
v -0.118094 0.095836 0.909091
v -0.098412 0.095745 0.920455
v -0.118094 0.089810 0.863636
v -0.137777 0.089972 0.852273
v -0.137777 0.093774 0.875000
v -0.177142 0.093937 0.852273
v -0.196824 0.095805 0.863636
v -0.177142 0.095860 0.875000
v -0.196824 0.090273 0.818182
v -0.216506 0.090526 0.806818
v -0.216506 0.093731 0.829545
v -0.255871 0.093543 0.806818
v -0.275554 0.095329 0.818182
v -0.255871 0.095469 0.829545
v -0.275554 0.092638 0.772727
v -0.295236 0.093785 0.761364
v -0.295236 0.094043 0.784091
v -0.334601 0.094871 0.761364
v -0.354283 0.095803 0.772727
v -0.334601 0.095701 0.784091
v -0.354283 0.097014 0.727273
v -0.373966 0.098171 0.715909
v -0.373966 0.095591 0.738636
v -0.413330 0.096436 0.715909
v -0.433013 0.096000 0.727273
v -0.413330 0.095973 0.738636
v -0.433013 0.102841 0.681818
v -0.452695 0.103813 0.670455
v -0.452695 0.097414 0.693182
v -0.492060 0.097512 0.670455
v -0.511742 0.095915 0.681818
v -0.492060 0.095991 0.693182
v -0.511742 0.100860 0.636364
v -0.531425 0.098692 0.625000
v -0.531425 0.096172 0.647727
v -0.570789 0.094403 0.625000
v -0.590472 0.095424 0.636364
v -0.570789 0.095415 0.647727
v -0.590472 0.093745 0.590909
v -0.610154 0.093105 0.579545
v -0.610154 0.093392 0.602273
v -0.649519 0.093192 0.579545
v -0.669201 0.095554 0.590909
v -0.649519 0.095488 0.602273
v -0.669201 0.093688 0.545455
v -0.688884 0.094378 0.534091
v -0.688884 0.092753 0.556818
v -0.728249 0.094562 0.534091
v -0.747931 0.095815 0.545455
v -0.728249 0.095794 0.556818
v -0.747931 0.097567 0.500000
v -0.767613 0.097836 0.488636
v -0.767613 0.095259 0.511363
v -0.019682 0.084466 0.852273
v -0.039365 0.082824 0.863636
v -0.019682 0.084271 0.875000
v -0.039365 0.081130 0.818182
v -0.059047 0.077431 0.806818
v -0.059047 0.078459 0.829545
v -0.098412 0.071739 0.806818
v -0.118094 0.075304 0.818182
v -0.098412 0.077349 0.829545
v -0.118094 0.068462 0.772727
v -0.137777 0.068674 0.761364
v -0.137777 0.067955 0.784091
v -0.177142 0.072170 0.761364
v -0.196824 0.078267 0.772727
v -0.177142 0.075562 0.784091
v -0.196824 0.081145 0.727273
v -0.216506 0.087300 0.715909
v -0.216506 0.081698 0.738636
v -0.255871 0.092582 0.715909
v -0.275554 0.093499 0.727273
v -0.255871 0.089562 0.738636
v -0.275554 0.107323 0.681818
v -0.295236 0.113415 0.670455
v -0.295236 0.103116 0.693182
v -0.334601 0.113923 0.670455
v -0.354283 0.109048 0.681818
v -0.334601 0.104604 0.693182
v -0.354283 0.125971 0.636364
v -0.373966 0.125408 0.625000
v -0.373966 0.123541 0.647727
v -0.413330 0.124117 0.625000
v -0.433013 0.120827 0.636364
v -0.413330 0.120790 0.647727
v -0.433013 0.113707 0.590909
v -0.452695 0.109254 0.579545
v -0.452695 0.116559 0.602273
v -0.492060 0.107811 0.579545
v -0.511742 0.106237 0.590909
v -0.492060 0.110333 0.602273
v -0.511742 0.101443 0.545455
v -0.531425 0.100800 0.534091
v -0.531425 0.102353 0.556818
v -0.570789 0.100893 0.534091
v -0.590472 0.098850 0.545455
v -0.570789 0.099216 0.556818
v -0.590472 0.102489 0.500000
v -0.610154 0.103981 0.488636
v -0.610154 0.102084 0.511364
v -0.649519 0.104905 0.488636
v -0.669201 0.102936 0.500000
v -0.649519 0.101407 0.511364
v -0.669201 0.109042 0.454545
v -0.688884 0.109810 0.443182
v -0.688884 0.107701 0.465909
v -0.019682 0.098426 0.761364
v -0.039365 0.089116 0.772727
v -0.019682 0.089974 0.784091
v -0.039365 0.114248 0.727273
v -0.059047 0.114780 0.715909
v -0.059047 0.101777 0.738636
v -0.098412 0.100887 0.715909
v -0.118094 0.087591 0.727273
v -0.098412 0.087370 0.738636
v -0.118094 0.099906 0.681818
v -0.137777 0.098268 0.670455
v -0.137777 0.098925 0.693182
v -0.177142 0.107107 0.670455
v -0.196824 0.104362 0.681818
v -0.177142 0.097439 0.693182
v -0.196824 0.124938 0.636364
v -0.216506 0.134220 0.625000
v -0.216506 0.126635 0.647727
v -0.255871 0.133783 0.625000
v -0.275554 0.129929 0.636364
v -0.255871 0.128589 0.647727
v -0.275554 0.117835 0.590909
v -0.295236 0.106430 0.579545
v -0.295236 0.121688 0.602273
v -0.334601 0.104621 0.579545
v -0.354283 0.111689 0.590909
v -0.334601 0.118182 0.602273
v -0.354283 0.085494 0.545455
v -0.373966 0.085406 0.534091
v -0.373966 0.093216 0.556818
v -0.413330 0.091511 0.534091
v -0.433013 0.095960 0.545455
v -0.413330 0.097439 0.556818
v -0.433013 0.093794 0.500000
v -0.452695 0.097434 0.488636
v -0.452695 0.095081 0.511364
v -0.492060 0.099945 0.488636
v -0.511742 0.099152 0.500000
v -0.492060 0.097684 0.511364
v -0.511742 0.109861 0.454545
v -0.531425 0.113450 0.443182
v -0.531425 0.106782 0.465909
v -0.570789 0.113215 0.443182
v -0.590472 0.109444 0.454545
v -0.570789 0.106747 0.465909
v -0.590472 0.121345 0.409091
v -0.610154 0.122620 0.397727
v -0.610154 0.117889 0.420455
v -0.019682 0.127551 0.670455
v -0.039365 0.121564 0.681818
v -0.019682 0.130979 0.693182
v -0.039365 0.090789 0.636364
v -0.059047 0.071114 0.625000
v -0.059047 0.086953 0.647727
v -0.098412 0.068211 0.625000
v -0.118094 0.079181 0.636364
v -0.098412 0.078611 0.647727
v -0.118094 0.090759 0.590909
v -0.137777 0.113584 0.579545
v -0.137777 0.098696 0.602273
v -0.177142 0.130628 0.579545
v -0.196824 0.132702 0.590909
v -0.177142 0.125211 0.602273
v -0.196824 0.116625 0.545455
v -0.216506 0.096637 0.534091
v -0.216506 0.113719 0.556818
v -0.255871 0.079389 0.534091
v -0.275554 0.082717 0.545455
v -0.255871 0.096388 0.556818
v -0.275554 0.068336 0.500000
v -0.295236 0.075902 0.488636
v -0.295236 0.070478 0.511364
v -0.334601 0.084852 0.488636
v -0.354283 0.084474 0.500000
v -0.334601 0.077925 0.511364
v -0.354283 0.098360 0.454545
v -0.373966 0.103867 0.443182
v -0.373966 0.096085 0.465909
v -0.413330 0.107220 0.443182
v -0.433013 0.105642 0.454545
v -0.413330 0.100208 0.465909
v -0.433013 0.114858 0.409091
v -0.452695 0.116744 0.397727
v -0.452695 0.114866 0.420455
v -0.492060 0.119513 0.397727
v -0.511742 0.119847 0.409091
v -0.492060 0.117338 0.420455
v -0.511742 0.120656 0.363636
v -0.531425 0.121681 0.352273
v -0.531425 0.122764 0.375000
v -0.019682 0.062268 0.579545
v -0.039365 0.060156 0.590909
v -0.019682 0.072969 0.602273
v -0.039365 0.068243 0.545455
v -0.059047 0.085132 0.534091
v -0.059047 0.070092 0.556818
v -0.098412 0.114059 0.534091
v -0.118094 0.120485 0.545455
v -0.098412 0.098530 0.556818
v -0.118094 0.127850 0.500000
v -0.137777 0.113874 0.488636
v -0.137777 0.125088 0.511364
v -0.177142 0.088036 0.488636
v -0.196824 0.083187 0.500000
v -0.177142 0.104044 0.511364
v -0.196824 0.066327 0.454545
v -0.216506 0.070030 0.443182
v -0.216506 0.066054 0.465909
v -0.255871 0.086721 0.443182
v -0.275554 0.087855 0.454545
v -0.255871 0.074383 0.465909
v -0.275554 0.109257 0.409091
v -0.295236 0.111312 0.397727
v -0.295236 0.107584 0.420455
v -0.334601 0.112710 0.397727
v -0.354283 0.112374 0.409091
v -0.334601 0.108958 0.420455
v -0.354283 0.108611 0.363636
v -0.373966 0.106553 0.352273
v -0.373966 0.112110 0.375000
v -0.413330 0.110652 0.352273
v -0.433013 0.115009 0.363636
v -0.413330 0.114860 0.375000
v -0.433013 0.105522 0.318182
v -0.452695 0.107140 0.306818
v -0.452695 0.111503 0.329545
v -0.019682 0.092124 0.488636
v -0.039365 0.096029 0.500000
v -0.019682 0.079925 0.511364
v -0.039365 0.123121 0.454545
v -0.059047 0.134768 0.443182
v -0.059047 0.127220 0.465909
v -0.098412 0.118834 0.443182
v -0.118094 0.108542 0.454545
v -0.098412 0.127103 0.465909
v -0.118094 0.083102 0.409091
v -0.137777 0.065854 0.397727
v -0.137777 0.075366 0.420455
v -0.177142 0.065116 0.397727
v -0.196824 0.071701 0.409091
v -0.177142 0.064545 0.420455
v -0.196824 0.081650 0.363636
v -0.216506 0.096530 0.352273
v -0.216506 0.093395 0.375000
v -0.255871 0.107013 0.352273
v -0.275554 0.109080 0.363636
v -0.255871 0.109720 0.375000
v -0.275554 0.097506 0.318182
v -0.295236 0.092669 0.306818
v -0.295236 0.099937 0.329545
v -0.334601 0.091358 0.306818
v -0.354283 0.095005 0.318182
v -0.334601 0.098277 0.329545
v -0.354283 0.085133 0.272727
v -0.373966 0.086296 0.261364
v -0.373966 0.088921 0.284091
v -0.019682 0.142076 0.397727
v -0.039365 0.141946 0.409091
v -0.019682 0.130457 0.420455
v -0.039365 0.140686 0.363636
v -0.059047 0.111692 0.352273
v -0.059047 0.125002 0.375000
v -0.098412 0.070690 0.352273
v -0.118094 0.062192 0.363636
v -0.098412 0.081631 0.375000
v -0.118094 0.050335 0.318182
v -0.137777 0.051429 0.306818
v -0.137777 0.051369 0.329545
v -0.177142 0.071642 0.306818
v -0.196824 0.083882 0.318182
v -0.177142 0.070388 0.329545
v -0.196824 0.082777 0.272727
v -0.216506 0.086494 0.261364
v -0.216506 0.088433 0.284091
v -0.255871 0.084539 0.261364
v -0.275554 0.084852 0.272727
v -0.255871 0.088332 0.284091
v -0.275554 0.082457 0.227273
v -0.295236 0.081889 0.215909
v -0.295236 0.080938 0.238636
v -0.019682 0.131065 0.306818
v -0.039365 0.114633 0.318182
v -0.019682 0.144856 0.329545
v -0.039365 0.088008 0.272727
v -0.059047 0.068674 0.261364
v -0.059047 0.075893 0.284091
v -0.098412 0.053014 0.261364
v -0.118094 0.051570 0.272727
v -0.098412 0.052228 0.284091
v -0.118094 0.063106 0.227273
v -0.137777 0.073155 0.215909
v -0.137777 0.065894 0.238636
v -0.177142 0.086305 0.215909
v -0.196824 0.087777 0.227273
v -0.177142 0.080606 0.238636
v -0.196824 0.096272 0.181818
v -0.216506 0.098111 0.170455
v -0.216506 0.095553 0.193182
v -0.019682 0.082023 0.215909
v -0.039365 0.072493 0.227273
v -0.019682 0.090066 0.238636
v -0.039365 0.069336 0.181818
v -0.059047 0.068125 0.170455
v -0.059047 0.064230 0.193182
v -0.098412 0.071104 0.170455
v -0.118094 0.074052 0.181818
v -0.098412 0.066479 0.193182
v -0.118094 0.080960 0.136364
v -0.137777 0.085756 0.125000
v -0.137777 0.083481 0.147727
v -0.019682 0.080854 0.125000
v -0.039365 0.076868 0.136364
v -0.019682 0.077449 0.147727
v -0.039365 0.088226 0.090909
v -0.059047 0.092117 0.079545
v -0.059047 0.083927 0.102273
v -0.728249 0.108159 0.443182
v -0.747931 0.105665 0.454545
v -0.728249 0.106031 0.465909
v -0.649519 0.119194 0.397727
v -0.669201 0.114965 0.409091
v -0.649519 0.114913 0.420455
v -0.570789 0.124712 0.352273
v -0.590472 0.125714 0.363636
v -0.570789 0.125140 0.375000
v -0.492060 0.113992 0.306818
v -0.511742 0.117151 0.318182
v -0.492060 0.116698 0.329545
v -0.413330 0.093504 0.261364
v -0.433013 0.098390 0.272727
v -0.413330 0.095428 0.284091
v -0.334601 0.081687 0.215909
v -0.354283 0.083015 0.227273
v -0.334601 0.081285 0.238636
v -0.255871 0.093893 0.170455
v -0.275554 0.088438 0.181818
v -0.255871 0.089842 0.193182
v -0.177142 0.092840 0.125000
v -0.196824 0.095350 0.136364
v -0.177142 0.092134 0.147727
v -0.098412 0.092467 0.079545
v -0.118094 0.089307 0.090909
v -0.098412 0.084722 0.102273
v -0.019682 0.111542 0.034091
v -0.039365 0.107308 0.045455
v -0.019682 0.102596 0.056818
v 0.806854 0.090779 0.488565
v 0.806808 0.094842 0.511265
v 0.825846 0.094538 0.499529
v 0.767612 0.087137 0.488635
v 0.747931 0.088069 0.500000
v 0.767612 0.091437 0.511363
v 0.728249 0.092755 0.534091
v 0.728249 0.095686 0.556818
v 0.747931 0.095485 0.545455
v 0.688884 0.092523 0.534091
v 0.669201 0.095081 0.545455
v 0.688884 0.093597 0.556818
v 0.649519 0.095712 0.579545
v 0.649519 0.095884 0.602273
v 0.669201 0.095888 0.590909
v 0.610154 0.099838 0.579545
v 0.590472 0.101195 0.590909
v 0.610154 0.096700 0.602273
v 0.570789 0.097870 0.625000
v 0.570789 0.095864 0.647727
v 0.590472 0.095852 0.636364
v 0.531425 0.105644 0.625000
v 0.511742 0.106754 0.636364
v 0.531425 0.099172 0.647727
v 0.492060 0.099864 0.670455
v 0.492060 0.096309 0.693182
v 0.511742 0.096251 0.681818
v 0.452695 0.106792 0.670455
v 0.433013 0.106039 0.681818
v 0.452695 0.099574 0.693182
v 0.413330 0.098993 0.715909
v 0.413330 0.096293 0.738636
v 0.433013 0.096298 0.727273
v 0.373966 0.104689 0.715909
v 0.354283 0.105330 0.727273
v 0.373966 0.099288 0.738636
v 0.334601 0.100282 0.761364
v 0.334601 0.096422 0.784091
v 0.354283 0.096394 0.772727
v 0.295236 0.108149 0.761364
v 0.275554 0.107406 0.772727
v 0.295236 0.100355 0.784091
v 0.255871 0.097425 0.806818
v 0.255871 0.095657 0.829545
v 0.275554 0.095845 0.818182
v 0.216506 0.097139 0.806818
v 0.196824 0.093842 0.818182
v 0.216506 0.094017 0.829545
v 0.177142 0.092642 0.852273
v 0.177142 0.095543 0.875000
v 0.196824 0.095341 0.863636
v 0.137777 0.092960 0.852273
v 0.118094 0.095540 0.863636
v 0.137777 0.094540 0.875000
v 0.098412 0.096126 0.897727
v 0.098412 0.095977 0.920455
v 0.118094 0.096009 0.909091
v 0.059047 0.096358 0.897727
v 0.039365 0.092748 0.909091
v 0.059047 0.094338 0.920454
v 0.728249 0.076647 0.443182
v 0.728249 0.081215 0.465909
v 0.747931 0.079176 0.454545
v 0.688884 0.079068 0.443182
v 0.669201 0.083623 0.454545
v 0.688884 0.083455 0.465909
v 0.649519 0.092658 0.488636
v 0.649519 0.096351 0.511364
v 0.669201 0.091901 0.500000
v 0.610154 0.096073 0.488636
v 0.590472 0.099270 0.500000
v 0.610154 0.100398 0.511364
v 0.570789 0.107478 0.534091
v 0.570789 0.109395 0.556818
v 0.590472 0.106203 0.545455
v 0.531425 0.111367 0.534091
v 0.511742 0.115861 0.545455
v 0.531425 0.115538 0.556818
v 0.492060 0.122525 0.579545
v 0.492060 0.121183 0.602273
v 0.511742 0.119043 0.590909
v 0.452695 0.124577 0.579545
v 0.433013 0.124555 0.590909
v 0.452695 0.125023 0.602273
v 0.413330 0.121904 0.625000
v 0.413330 0.118285 0.647727
v 0.433013 0.120368 0.636364
v 0.373966 0.117046 0.625000
v 0.354283 0.113944 0.636364
v 0.373966 0.116358 0.647727
v 0.334601 0.113377 0.670455
v 0.334601 0.113587 0.693182
v 0.354283 0.113251 0.681818
v 0.295236 0.111322 0.670455
v 0.275554 0.112872 0.681818
v 0.295236 0.115360 0.693182
v 0.255871 0.118767 0.715909
v 0.255871 0.118773 0.738636
v 0.275554 0.118629 0.727273
v 0.216506 0.115545 0.715909
v 0.196824 0.113059 0.727273
v 0.216506 0.115639 0.738636
v 0.177142 0.105328 0.761364
v 0.177142 0.099922 0.784091
v 0.196824 0.105811 0.772727
v 0.137777 0.100251 0.761364
v 0.118094 0.096752 0.772727
v 0.137777 0.095807 0.784091
v 0.098412 0.093654 0.806818
v 0.098412 0.095654 0.829545
v 0.118094 0.092871 0.818182
v 0.059047 0.095334 0.806818
v 0.039365 0.095832 0.818182
v 0.059047 0.098308 0.829545
v 0.649519 0.079969 0.397727
v 0.649519 0.082152 0.420455
v 0.669201 0.076381 0.409091
v 0.610154 0.092576 0.397727
v 0.590472 0.095988 0.409091
v 0.610154 0.091535 0.420455
v 0.570789 0.093730 0.443182
v 0.570789 0.094485 0.465909
v 0.590472 0.092798 0.454545
v 0.531425 0.094275 0.443182
v 0.511742 0.096145 0.454545
v 0.531425 0.096777 0.465909
v 0.492060 0.105511 0.488636
v 0.492060 0.110198 0.511364
v 0.511742 0.105180 0.500000
v 0.452695 0.111251 0.488636
v 0.433013 0.116308 0.500000
v 0.452695 0.115852 0.511364
v 0.413330 0.121479 0.534091
v 0.413330 0.121766 0.556818
v 0.433013 0.121191 0.545455
v 0.373966 0.121407 0.534091
v 0.354283 0.119569 0.545455
v 0.373966 0.119931 0.556818
v 0.334601 0.113072 0.579545
v 0.334601 0.110554 0.602273
v 0.354283 0.114456 0.590909
v 0.295236 0.108782 0.579545
v 0.275554 0.105674 0.590909
v 0.295236 0.105710 0.602273
v 0.255871 0.102839 0.625000
v 0.255871 0.104673 0.647727
v 0.275554 0.104038 0.636364
v 0.216506 0.104699 0.625000
v 0.196824 0.107609 0.636364
v 0.216506 0.106042 0.647727
v 0.177142 0.111505 0.670455
v 0.177142 0.111572 0.693182
v 0.196824 0.110843 0.681818
v 0.137777 0.116965 0.670455
v 0.118094 0.118657 0.681818
v 0.137777 0.113849 0.693182
v 0.098412 0.113248 0.715909
v 0.098412 0.105711 0.738636
v 0.118094 0.107756 0.727273
v 0.059047 0.121237 0.715909
v 0.039365 0.119223 0.727273
v 0.059047 0.110448 0.738636
v 0.570789 0.105513 0.352273
v 0.570789 0.103997 0.375000
v 0.590472 0.098946 0.363636
v 0.531425 0.110797 0.352273
v 0.511742 0.106025 0.363636
v 0.531425 0.105564 0.375000
v 0.492060 0.094680 0.397727
v 0.492060 0.092725 0.420455
v 0.511742 0.094837 0.409091
v 0.452695 0.091679 0.397727
v 0.433013 0.092379 0.409091
v 0.452695 0.092713 0.420455
v 0.413330 0.102332 0.443182
v 0.413330 0.109661 0.465909
v 0.433013 0.103580 0.454545
v 0.373966 0.107409 0.443182
v 0.354283 0.112284 0.454545
v 0.373966 0.113509 0.465909
v 0.334601 0.118701 0.488636
v 0.334601 0.119879 0.511364
v 0.354283 0.119978 0.500000
v 0.295236 0.118114 0.488636
v 0.275554 0.117662 0.500000
v 0.295236 0.117943 0.511364
v 0.255871 0.114436 0.534091
v 0.255871 0.110988 0.556818
v 0.275554 0.113435 0.545455
v 0.216506 0.114765 0.534091
v 0.196824 0.114406 0.545455
v 0.216506 0.112024 0.556818
v 0.177142 0.113337 0.579545
v 0.177142 0.112057 0.602273
v 0.196824 0.109679 0.590909
v 0.137777 0.115156 0.579545
v 0.118094 0.115924 0.590909
v 0.137777 0.117386 0.602273
v 0.098412 0.122389 0.625000
v 0.098412 0.125004 0.647727
v 0.118094 0.121905 0.636364
v 0.059047 0.120832 0.625000
v 0.039365 0.124319 0.636364
v 0.059047 0.129142 0.647727
v 0.492060 0.106850 0.306818
v 0.492060 0.107400 0.329545
v 0.511742 0.111630 0.318182
v 0.452695 0.092866 0.306818
v 0.433013 0.085606 0.318182
v 0.452695 0.093296 0.329545
v 0.413330 0.084272 0.352273
v 0.413330 0.088766 0.375000
v 0.433013 0.088934 0.363636
v 0.373966 0.080853 0.352273
v 0.354283 0.085604 0.363636
v 0.373966 0.089411 0.375000
v 0.334601 0.101099 0.397727
v 0.334601 0.107815 0.420455
v 0.354283 0.102498 0.409091
v 0.295236 0.102943 0.397727
v 0.275554 0.107023 0.409091
v 0.295236 0.110744 0.420455
v 0.255871 0.115248 0.443182
v 0.255871 0.117526 0.465909
v 0.275554 0.116838 0.454545
v 0.216506 0.110887 0.443182
v 0.196824 0.109714 0.454545
v 0.216506 0.115188 0.465909
v 0.177142 0.111593 0.488636
v 0.177142 0.113722 0.511364
v 0.196824 0.115380 0.500000
v 0.137777 0.100522 0.488636
v 0.118094 0.096161 0.500000
v 0.137777 0.105245 0.511364
v 0.098412 0.096867 0.534091
v 0.098412 0.103207 0.556818
v 0.118094 0.106239 0.545455
v 0.059047 0.081201 0.534091
v 0.039365 0.076062 0.545455
v 0.059047 0.087760 0.556818
v 0.413330 0.079218 0.261364
v 0.413330 0.076139 0.284091
v 0.433013 0.083852 0.272727
v 0.373966 0.066831 0.261364
v 0.354283 0.062552 0.272727
v 0.373966 0.065748 0.284091
v 0.334601 0.062750 0.306818
v 0.334601 0.070097 0.329545
v 0.354283 0.067609 0.318182
v 0.295236 0.059853 0.306818
v 0.275554 0.061758 0.318182
v 0.295236 0.067834 0.329545
v 0.255871 0.075373 0.352273
v 0.255871 0.088292 0.375000
v 0.275554 0.084188 0.363636
v 0.216506 0.068855 0.352273
v 0.196824 0.070480 0.363636
v 0.216506 0.080670 0.375000
v 0.177142 0.081993 0.397727
v 0.177142 0.092325 0.420455
v 0.196824 0.093188 0.409091
v 0.137777 0.073032 0.397727
v 0.118094 0.074046 0.409091
v 0.137777 0.080361 0.420455
v 0.098412 0.078466 0.443182
v 0.098412 0.082212 0.465909
v 0.118094 0.085060 0.454545
v 0.059047 0.081475 0.443182
v 0.039365 0.084908 0.454545
v 0.059047 0.078637 0.465909
v 0.334601 0.106771 0.215909
v 0.334601 0.076673 0.238636
v 0.354283 0.092575 0.227273
v 0.295236 0.108481 0.215909
v 0.275554 0.096055 0.227273
v 0.295236 0.078184 0.238636
v 0.255871 0.062236 0.261364
v 0.255871 0.056173 0.284091
v 0.275554 0.057615 0.272727
v 0.216506 0.068774 0.261364
v 0.196824 0.064872 0.272727
v 0.216506 0.057590 0.284091
v 0.177142 0.058499 0.306818
v 0.177142 0.058198 0.329545
v 0.196824 0.056554 0.318182
v 0.137777 0.068888 0.306818
v 0.118094 0.074430 0.318182
v 0.137777 0.065130 0.329545
v 0.098412 0.077771 0.352273
v 0.098412 0.075393 0.375000
v 0.118094 0.069247 0.363636
v 0.059047 0.105008 0.352273
v 0.039365 0.117600 0.363636
v 0.059047 0.094364 0.375000
v 0.255871 0.139651 0.170455
v 0.255871 0.133960 0.193182
v 0.275554 0.138129 0.181818
v 0.216506 0.138632 0.170455
v 0.196824 0.139667 0.181818
v 0.216506 0.137300 0.193182
v 0.177142 0.132604 0.215909
v 0.177142 0.111499 0.238636
v 0.196824 0.116675 0.227273
v 0.137777 0.141631 0.215909
v 0.118094 0.143189 0.227273
v 0.137777 0.130341 0.238636
v 0.098412 0.135575 0.261364
v 0.098412 0.115928 0.284091
v 0.118094 0.109906 0.272727
v 0.059047 0.151539 0.261364
v 0.039365 0.152702 0.272727
v 0.059047 0.147940 0.284091
v 0.177142 0.115764 0.125000
v 0.177142 0.127482 0.147727
v 0.196824 0.123856 0.136364
v 0.137777 0.110426 0.125000
v 0.118094 0.112811 0.136364
v 0.137777 0.122219 0.147727
v 0.098412 0.125443 0.170455
v 0.098412 0.136271 0.193182
v 0.118094 0.135008 0.181818
v 0.059047 0.111954 0.170455
v 0.039365 0.107670 0.181818
v 0.059047 0.122979 0.193182
v 0.098412 0.098168 0.079545
v 0.098412 0.096663 0.102273
v 0.118094 0.097840 0.090909
v 0.059047 0.096416 0.079545
v 0.039365 0.092594 0.090909
v 0.059047 0.092670 0.102273
v 0.019682 0.094158 0.852273
v 0.019682 0.092638 0.875000
v 0.039365 0.098254 0.863636
v 0.019682 0.102063 0.761364
v 0.019682 0.095147 0.784091
v 0.039365 0.098008 0.772727
v 0.019682 0.137322 0.670455
v 0.019682 0.136815 0.693182
v 0.039365 0.135610 0.681818
v 0.019682 0.079120 0.579545
v 0.019682 0.093705 0.602273
v 0.039365 0.095165 0.590909
v 0.019682 0.080011 0.488636
v 0.019682 0.073279 0.511364
v 0.039365 0.075303 0.500000
v 0.019682 0.114794 0.397727
v 0.019682 0.103345 0.420455
v 0.039365 0.095931 0.409091
v 0.019682 0.156333 0.306818
v 0.019682 0.154426 0.329545
v 0.039365 0.147014 0.318182
v 0.019682 0.111263 0.215909
v 0.019682 0.124381 0.238636
v 0.039365 0.131268 0.227273
v 0.019682 0.086591 0.125000
v 0.019682 0.087729 0.147727
v 0.039365 0.091774 0.136364
v 0.019682 0.111674 0.034091
v 0.019682 0.103030 0.056818
v 0.039365 0.107698 0.045455
v 0.059047 0.118444 0.011364
v 0.059047 0.121156 -0.011364
v 0.039365 0.119866 -0.000000
v 0.098412 0.119147 0.011364
v 0.118094 0.121474 -0.000000
v 0.098412 0.122127 -0.011364
v 0.137777 0.122121 -0.034091
v 0.137777 0.123052 -0.056818
v 0.118094 0.121746 -0.045455
v 0.177142 0.121667 -0.034091
v 0.196824 0.120636 -0.045455
v 0.177142 0.122312 -0.056818
v 0.216506 0.126841 -0.079545
v 0.216506 0.134826 -0.102273
v 0.196824 0.132086 -0.090909
v 0.255871 0.124665 -0.079545
v 0.275554 0.126998 -0.090909
v 0.255871 0.131754 -0.102273
v 0.295236 0.133363 -0.125000
v 0.295236 0.131470 -0.147727
v 0.275554 0.134884 -0.136364
v 0.334601 0.130157 -0.125000
v 0.354283 0.127738 -0.136364
v 0.334601 0.127347 -0.147727
v 0.373966 0.109608 -0.170455
v 0.373966 0.091895 -0.193182
v 0.354283 0.104723 -0.181818
v 0.413330 0.103217 -0.170455
v 0.433013 0.092487 -0.181818
v 0.413330 0.086161 -0.193182
v 0.452695 0.080569 -0.215909
v 0.452695 0.082437 -0.238636
v 0.433013 0.076323 -0.227273
v 0.492060 0.090026 -0.215909
v 0.511742 0.097365 -0.227273
v 0.492060 0.094228 -0.238636
v 0.531425 0.105441 -0.261364
v 0.531425 0.099214 -0.284091
v 0.511742 0.102056 -0.272727
v 0.570789 0.106301 -0.261364
v 0.590472 0.097681 -0.272727
v 0.570789 0.093155 -0.284091
v 0.610154 0.061260 -0.306818
v 0.610154 0.042889 -0.329545
v 0.590472 0.056124 -0.318182
v 0.649519 0.055467 -0.306818
v 0.669201 0.048459 -0.318182
v 0.649519 0.041927 -0.329545
v 0.688884 0.047197 -0.352273
v 0.688884 0.052730 -0.375000
v 0.669201 0.043806 -0.363636
v 0.728249 0.055817 -0.352273
v 0.747931 0.062894 -0.363636
v 0.728249 0.062401 -0.375000
v 0.767613 0.075478 -0.397727
v 0.767613 0.077957 -0.420455
v 0.747931 0.073765 -0.409091
v 0.806978 0.084345 -0.397727
v 0.826661 0.089915 -0.409091
v 0.806978 0.085427 -0.420455
v 0.137777 0.105500 0.056818
v 0.137777 0.113427 0.034091
v 0.118094 0.109041 0.045455
v 0.177142 0.106482 0.056818
v 0.196824 0.110999 0.045455
v 0.177142 0.114386 0.034091
v 0.216506 0.121188 0.011364
v 0.216506 0.122473 -0.011364
v 0.196824 0.122393 -0.000000
v 0.255871 0.121330 0.011364
v 0.275554 0.121239 -0.000000
v 0.255871 0.121218 -0.011364
v 0.295236 0.114662 -0.034091
v 0.295236 0.115827 -0.056818
v 0.275554 0.116261 -0.045455
v 0.334601 0.109796 -0.034091
v 0.354283 0.106892 -0.045455
v 0.334601 0.111516 -0.056818
v 0.373966 0.113471 -0.079545
v 0.373966 0.122116 -0.102273
v 0.354283 0.120218 -0.090909
v 0.413330 0.107820 -0.079545
v 0.433013 0.110785 -0.090909
v 0.413330 0.117896 -0.102273
v 0.452695 0.118931 -0.125000
v 0.452695 0.113166 -0.147727
v 0.433013 0.119044 -0.136364
v 0.492060 0.116658 -0.125000
v 0.511742 0.114406 -0.136364
v 0.492060 0.111035 -0.147727
v 0.531425 0.101281 -0.170455
v 0.531425 0.097602 -0.193182
v 0.511742 0.096496 -0.181818
v 0.570789 0.102487 -0.170455
v 0.590472 0.102270 -0.181818
v 0.570789 0.102283 -0.193182
v 0.610154 0.109349 -0.215909
v 0.610154 0.110465 -0.238636
v 0.590472 0.110501 -0.227273
v 0.649519 0.108173 -0.215909
v 0.669201 0.106353 -0.227273
v 0.649519 0.106516 -0.238636
v 0.688884 0.089278 -0.261364
v 0.688884 0.072285 -0.284091
v 0.669201 0.082560 -0.272727
v 0.728249 0.089464 -0.261364
v 0.747931 0.083986 -0.272727
v 0.728249 0.074463 -0.284091
v 0.767613 0.066772 -0.306818
v 0.767613 0.059968 -0.329545
v 0.747931 0.058575 -0.318182
v 0.806978 0.079709 -0.306818
v 0.826661 0.085112 -0.318182
v 0.806978 0.074802 -0.329545
v 0.216506 0.107173 0.102273
v 0.216506 0.102849 0.079545
v 0.196824 0.102322 0.090909
v 0.255871 0.110579 0.102273
v 0.275554 0.108002 0.090909
v 0.255871 0.105098 0.079545
v 0.295236 0.112138 0.056818
v 0.295236 0.118013 0.034091
v 0.275554 0.114076 0.045455
v 0.334601 0.115762 0.056818
v 0.354283 0.119197 0.045455
v 0.334601 0.119253 0.034091
v 0.373966 0.116222 0.011364
v 0.373966 0.107846 -0.011364
v 0.354283 0.114926 -0.000000
v 0.413330 0.111929 0.011364
v 0.433013 0.102222 0.000000
v 0.413330 0.100413 -0.011364
v 0.452695 0.085814 -0.034091
v 0.452695 0.090370 -0.056818
v 0.433013 0.091193 -0.045455
v 0.492060 0.076821 -0.034091
v 0.511742 0.074525 -0.045455
v 0.492060 0.082733 -0.056818
v 0.531425 0.092800 -0.079545
v 0.531425 0.108618 -0.102273
v 0.511742 0.102694 -0.090909
v 0.570789 0.089859 -0.079545
v 0.590472 0.097650 -0.090909
v 0.570789 0.106419 -0.102273
v 0.610154 0.107144 -0.125000
v 0.610154 0.104303 -0.147727
v 0.590472 0.108676 -0.136364
v 0.649519 0.100736 -0.125000
v 0.669201 0.098925 -0.136364
v 0.649519 0.100601 -0.147727
v 0.688884 0.100519 -0.170455
v 0.688884 0.103657 -0.193182
v 0.669201 0.101910 -0.181818
v 0.728249 0.103320 -0.170455
v 0.747931 0.106419 -0.181818
v 0.728249 0.106333 -0.193182
v 0.767613 0.108087 -0.215909
v 0.767613 0.102680 -0.238636
v 0.747931 0.106192 -0.227273
v 0.806978 0.101107 -0.215909
v 0.826661 0.096657 -0.227273
v 0.806978 0.098234 -0.238636
v 0.295236 0.137936 0.147727
v 0.295236 0.127973 0.125000
v 0.275554 0.131608 0.136364
v 0.334601 0.141355 0.147727
v 0.354283 0.139401 0.136364
v 0.334601 0.132261 0.125000
v 0.373966 0.124270 0.102273
v 0.373966 0.120296 0.079545
v 0.354283 0.118243 0.090909
v 0.413330 0.129347 0.102273
v 0.433013 0.130336 0.090909
v 0.413330 0.126964 0.079545
v 0.452695 0.130663 0.056818
v 0.452695 0.122140 0.034091
v 0.433013 0.125980 0.045455
v 0.492060 0.133326 0.056818
v 0.511742 0.128579 0.045455
v 0.492060 0.121774 0.034091
v 0.531425 0.097883 0.011364
v 0.531425 0.078371 -0.011364
v 0.511742 0.089750 0.000000
v 0.570789 0.094242 0.011364
v 0.590472 0.082526 0.000000
v 0.570789 0.074749 -0.011364
v 0.610154 0.066575 -0.034091
v 0.610154 0.072356 -0.056818
v 0.590472 0.067141 -0.045455
v 0.649519 0.070779 -0.034091
v 0.669201 0.074257 -0.045455
v 0.649519 0.074983 -0.056818
v 0.688884 0.085932 -0.079545
v 0.688884 0.092827 -0.102273
v 0.669201 0.090256 -0.090909
v 0.728249 0.088678 -0.079545
v 0.747931 0.092486 -0.090909
v 0.728249 0.093638 -0.102273
v 0.767613 0.098344 -0.125000
v 0.767613 0.101422 -0.147727
v 0.747931 0.099910 -0.136364
v 0.806978 0.095868 -0.125000
v 0.826661 0.095239 -0.136364
v 0.806978 0.097491 -0.147727
v 0.373966 0.133774 0.193182
v 0.373966 0.144903 0.170455
v 0.354283 0.139672 0.181818
v 0.413330 0.138467 0.193182
v 0.433013 0.145462 0.181818
v 0.413330 0.147036 0.170455
v 0.452695 0.144952 0.147727
v 0.452695 0.137819 0.125000
v 0.433013 0.142888 0.136364
v 0.492060 0.139587 0.147727
v 0.511742 0.133157 0.136364
v 0.492060 0.134758 0.125000
v 0.531425 0.131730 0.102273
v 0.531425 0.135879 0.079545
v 0.511742 0.135065 0.090909
v 0.570789 0.126213 0.102273
v 0.590472 0.126677 0.090909
v 0.570789 0.132596 0.079545
v 0.610154 0.124746 0.056818
v 0.610154 0.111817 0.034091
v 0.590472 0.122665 0.045455
v 0.649519 0.116841 0.056818
v 0.669201 0.109936 0.045455
v 0.649519 0.106769 0.034091
v 0.688884 0.092135 0.011364
v 0.688884 0.081691 -0.011364
v 0.669201 0.084705 0.000000
v 0.728249 0.095598 0.011364
v 0.747931 0.093311 0.000000
v 0.728249 0.087503 -0.011364
v 0.767613 0.088658 -0.034091
v 0.767613 0.088928 -0.056818
v 0.747931 0.086142 -0.045455
v 0.806978 0.091657 -0.034091
v 0.826661 0.093299 -0.045455
v 0.806978 0.091715 -0.056818
v 0.452695 0.115233 0.238636
v 0.452695 0.131658 0.215909
v 0.433013 0.114892 0.227273
v 0.492060 0.133750 0.238636
v 0.511742 0.144078 0.227273
v 0.492060 0.142630 0.215909
v 0.531425 0.139728 0.193182
v 0.531425 0.134151 0.170455
v 0.511742 0.141254 0.181818
v 0.570789 0.128126 0.193182
v 0.590472 0.117067 0.181818
v 0.570789 0.121378 0.170455
v 0.610154 0.105948 0.147727
v 0.610154 0.109998 0.125000
v 0.590472 0.112316 0.136364
v 0.649519 0.096949 0.147727
v 0.669201 0.096161 0.136364
v 0.649519 0.102120 0.125000
v 0.688884 0.104846 0.102273
v 0.688884 0.110671 0.079545
v 0.669201 0.110707 0.090909
v 0.728249 0.103996 0.102273
v 0.747931 0.107012 0.090909
v 0.728249 0.109409 0.079545
v 0.767613 0.109093 0.056818
v 0.767613 0.104816 0.034091
v 0.747931 0.108439 0.045455
v 0.806978 0.101308 0.056818
v 0.826661 0.096692 0.045455
v 0.806978 0.099077 0.034091
v 0.531425 0.121094 0.284091
v 0.531425 0.132630 0.261364
v 0.511742 0.121162 0.272727
v 0.570789 0.122648 0.284091
v 0.590472 0.125536 0.272727
v 0.570789 0.134089 0.261364
v 0.610154 0.127224 0.238636
v 0.610154 0.121606 0.215909
v 0.590472 0.133542 0.227273
v 0.649519 0.110091 0.238636
v 0.669201 0.101790 0.227273
v 0.649519 0.105657 0.215909
v 0.688884 0.092514 0.193182
v 0.688884 0.090751 0.170455
v 0.669201 0.093885 0.181818
v 0.728249 0.091396 0.193182
v 0.747931 0.091571 0.181818
v 0.728249 0.090512 0.170455
v 0.767613 0.093859 0.147727
v 0.767613 0.097806 0.125000
v 0.747931 0.095306 0.136364
v 0.806978 0.093623 0.147727
v 0.826661 0.094281 0.136364
v 0.806978 0.095519 0.125000
v 0.610154 0.094328 0.329545
v 0.610154 0.102810 0.306818
v 0.590472 0.104204 0.318182
v 0.649519 0.082103 0.329545
v 0.669201 0.082409 0.318182
v 0.649519 0.091352 0.306818
v 0.688884 0.092612 0.284091
v 0.688884 0.097712 0.261364
v 0.669201 0.100180 0.272727
v 0.728249 0.091088 0.284091
v 0.747931 0.094280 0.272727
v 0.728249 0.094844 0.261364
v 0.767613 0.096454 0.238636
v 0.767613 0.094895 0.215909
v 0.747931 0.095315 0.227273
v 0.806978 0.095490 0.238636
v 0.826661 0.094751 0.227273
v 0.806978 0.094551 0.215909
v 0.688884 0.070430 0.375000
v 0.688884 0.071743 0.352273
v 0.669201 0.072679 0.363636
v 0.728249 0.071862 0.375000
v 0.747931 0.075766 0.363636
v 0.728249 0.073939 0.352273
v 0.767613 0.084591 0.329545
v 0.767613 0.089405 0.306818
v 0.747931 0.084151 0.318182
v 0.806978 0.089937 0.329545
v 0.826661 0.092699 0.318182
v 0.806978 0.092481 0.306818
v 0.767613 0.077837 0.420454
v 0.767613 0.078031 0.397727
v 0.747931 0.074207 0.409091
v 0.806971 0.086778 0.420451
v 0.826649 0.091347 0.409084
v 0.806977 0.087172 0.397726
v 0.846343 0.093737 -0.352273
v 0.846343 0.094194 -0.375000
v 0.826661 0.087670 -0.363636
v 0.846343 0.095710 -0.261364
v 0.846343 0.095286 -0.284091
v 0.826661 0.092843 -0.272727
v 0.846343 0.095646 -0.170455
v 0.846343 0.095819 -0.193182
v 0.826661 0.096726 -0.181818
v 0.846343 0.095668 -0.079545
v 0.846343 0.095658 -0.102273
v 0.826661 0.094052 -0.090909
v 0.846343 0.095902 0.011364
v 0.846343 0.095810 -0.011364
v 0.826661 0.094420 0.000000
v 0.846343 0.095817 0.102273
v 0.846343 0.095980 0.079545
v 0.826661 0.096555 0.090909
v 0.846343 0.095442 0.193182
v 0.846343 0.095262 0.170455
v 0.826661 0.093698 0.181818
v 0.846343 0.095846 0.284091
v 0.846343 0.095828 0.261364
v 0.826661 0.094888 0.272727
v 0.846340 0.095441 0.374998
v 0.846343 0.095616 0.352272
v 0.826660 0.092241 0.363636
v 0.845395 0.094539 0.465362
v 0.846064 0.094877 0.443021
v 0.826497 0.090837 0.454451
v 0.846343 0.094482 -0.443182
v 0.846343 0.094335 -0.465909
v 0.826661 0.089963 -0.454545
v 0.019682 0.090708 0.943168
v 0.019682 0.094306 0.965733
v 0.039365 0.094944 0.954512
v -0.806928 0.094948 0.488607
v -0.826120 0.095456 0.499688
v -0.806884 0.095680 0.511309
v -0.826660 0.100198 -0.454545
v -0.846320 0.096294 -0.465896
v -0.846341 0.096318 -0.443180
v -0.019682 0.091172 -0.943182
v -0.019682 0.095020 -0.965909
v -0.039365 0.095015 -0.954545
v 0.806978 0.090406 -0.488636
v 0.826661 0.094575 -0.500000
v 0.806978 0.094850 -0.511364
v 0.000000 0.100000 -1.000000
v -0.866025 0.100000 -0.500000
v -0.866025 0.100000 0.500000
v 0.000000 0.100000 1.000000
v 0.866025 0.100000 0.500000
v 0.866025 0.100000 -0.500000
v -0.021123 0.100000 -0.987805
v -0.042245 0.100000 -0.975610
v -0.063368 0.100000 -0.963415
v -0.084490 0.100000 -0.951220
v -0.105613 0.100000 -0.939024
v -0.126735 0.100000 -0.926829
v -0.147858 0.100000 -0.914634
v -0.168981 0.100000 -0.902439
v -0.190103 0.100000 -0.890244
v -0.211226 0.100000 -0.878049
v -0.232348 0.100000 -0.865854
v -0.253471 0.100000 -0.853659
v -0.274593 0.100000 -0.841464
v -0.295716 0.100000 -0.829268
v -0.316839 0.100000 -0.817073
v -0.337961 0.100000 -0.804878
v -0.359084 0.100000 -0.792683
v -0.380206 0.100000 -0.780488
v -0.401329 0.100000 -0.768293
v -0.422451 0.100000 -0.756098
v -0.443574 0.100000 -0.743903
v -0.464697 0.100000 -0.731708
v -0.485819 0.100000 -0.719512
v -0.506942 0.100000 -0.707317
v -0.528064 0.100000 -0.695122
v -0.549187 0.100000 -0.682927
v -0.570309 0.100000 -0.670732
v -0.591432 0.100000 -0.658537
v -0.612555 0.100000 -0.646342
v -0.633677 0.100000 -0.634147
v -0.654800 0.100000 -0.621951
v -0.675922 0.100000 -0.609756
v -0.697045 0.100000 -0.597561
v -0.718167 0.100000 -0.585366
v -0.739290 0.100000 -0.573171
v -0.760413 0.100000 -0.560976
v -0.781535 0.100000 -0.548781
v -0.802658 0.100000 -0.536585
v -0.823780 0.100000 -0.524390
v -0.844903 0.100000 -0.512195
v -0.866025 0.100000 -0.475610
v -0.866025 0.100000 -0.451219
v -0.866025 0.100000 -0.426829
v -0.866025 0.100000 -0.402439
v -0.866025 0.100000 -0.378049
v -0.866025 0.100000 -0.353658
v -0.866025 0.100000 -0.329268
v -0.866025 0.100000 -0.304878
v -0.866025 0.100000 -0.280488
v -0.866025 0.100000 -0.256097
v -0.866025 0.100000 -0.231707
v -0.866025 0.100000 -0.207317
v -0.866025 0.100000 -0.182927
v -0.866025 0.100000 -0.158537
v -0.866025 0.100000 -0.134146
v -0.866025 0.100000 -0.109756
v -0.866025 0.100000 -0.085366
v -0.866025 0.100000 -0.060976
v -0.866025 0.100000 -0.036585
v -0.866025 0.100000 -0.012195
v -0.866025 0.100000 0.012195
v -0.866025 0.100000 0.036585
v -0.866025 0.100000 0.060976
v -0.866025 0.100000 0.085366
v -0.866025 0.100000 0.109756
v -0.866025 0.100000 0.134146
v -0.866025 0.100000 0.158537
v -0.866025 0.100000 0.182927
v -0.866025 0.100000 0.207317
v -0.866025 0.100000 0.231707
v -0.866025 0.100000 0.256098
v -0.866025 0.100000 0.280488
v -0.866025 0.100000 0.304878
v -0.866025 0.100000 0.329268
v -0.866025 0.100000 0.353659
v -0.866025 0.100000 0.378049
v -0.866025 0.100000 0.402439
v -0.866025 0.100000 0.426829
v -0.866025 0.100000 0.451220
v -0.866025 0.100000 0.475610
v -0.844903 0.100000 0.512195
v -0.823780 0.100000 0.524390
v -0.802658 0.100000 0.536585
v -0.781535 0.100000 0.548780
v -0.760413 0.100000 0.560976
v -0.739290 0.100000 0.573171
v -0.718167 0.100000 0.585366
v -0.697045 0.100000 0.597561
v -0.675922 0.100000 0.609756
v -0.654800 0.100000 0.621951
v -0.633677 0.100000 0.634146
v -0.612554 0.100000 0.646341
v -0.591432 0.100000 0.658536
v -0.570309 0.100000 0.670732
v -0.549187 0.100000 0.682927
v -0.528064 0.100000 0.695122
v -0.506942 0.100000 0.707317
v -0.485819 0.100000 0.719512
v -0.464696 0.100000 0.731707
v -0.443574 0.100000 0.743902
v -0.422451 0.100000 0.756097
v -0.401329 0.100000 0.768292
v -0.380206 0.100000 0.780488
v -0.359084 0.100000 0.792683
v -0.337961 0.100000 0.804878
v -0.316838 0.100000 0.817073
v -0.295716 0.100000 0.829268
v -0.274593 0.100000 0.841463
v -0.253471 0.100000 0.853658
v -0.232348 0.100000 0.865853
v -0.211226 0.100000 0.878049
v -0.190103 0.100000 0.890244
v -0.168980 0.100000 0.902439
v -0.147858 0.100000 0.914634
v -0.126735 0.100000 0.926829
v -0.105613 0.100000 0.939024
v -0.084490 0.100000 0.951219
v -0.063368 0.100000 0.963415
v -0.042245 0.100000 0.975610
v -0.021123 0.100000 0.987805
v 0.021123 0.100000 0.987805
v 0.042245 0.100000 0.975610
v 0.063368 0.100000 0.963415
v 0.084490 0.100000 0.951220
v 0.105613 0.100000 0.939024
v 0.126735 0.100000 0.926829
v 0.147858 0.100000 0.914634
v 0.168981 0.100000 0.902439
v 0.190103 0.100000 0.890244
v 0.211226 0.100000 0.878049
v 0.232348 0.100000 0.865854
v 0.253471 0.100000 0.853659
v 0.274593 0.100000 0.841464
v 0.295716 0.100000 0.829268
v 0.316839 0.100000 0.817073
v 0.337961 0.100000 0.804878
v 0.359084 0.100000 0.792683
v 0.380206 0.100000 0.780488
v 0.401329 0.100000 0.768293
v 0.422451 0.100000 0.756098
v 0.443574 0.100000 0.743903
v 0.464697 0.100000 0.731708
v 0.485819 0.100000 0.719512
v 0.506942 0.100000 0.707317
v 0.528064 0.100000 0.695122
v 0.549187 0.100000 0.682927
v 0.570309 0.100000 0.670732
v 0.591432 0.100000 0.658537
v 0.612555 0.100000 0.646342
v 0.633677 0.100000 0.634147
v 0.654800 0.100000 0.621951
v 0.675922 0.100000 0.609756
v 0.697045 0.100000 0.597561
v 0.718167 0.100000 0.585366
v 0.739290 0.100000 0.573171
v 0.760413 0.100000 0.560976
v 0.781535 0.100000 0.548781
v 0.802658 0.100000 0.536585
v 0.823780 0.100000 0.524390
v 0.844903 0.100000 0.512195
v 0.866025 0.100000 0.475610
v 0.866025 0.100000 0.451219
v 0.866025 0.100000 0.426829
v 0.866025 0.100000 0.402439
v 0.866025 0.100000 0.378049
v 0.866025 0.100000 0.353658
v 0.866025 0.100000 0.329268
v 0.866025 0.100000 0.304878
v 0.866025 0.100000 0.280488
v 0.866025 0.100000 0.256097
v 0.866025 0.100000 0.231707
v 0.866025 0.100000 0.207317
v 0.866025 0.100000 0.182927
v 0.866025 0.100000 0.158537
v 0.866025 0.100000 0.134146
v 0.866025 0.100000 0.109756
v 0.866025 0.100000 0.085366
v 0.866025 0.100000 0.060976
v 0.866025 0.100000 0.036585
v 0.866025 0.100000 0.012195
v 0.866025 0.100000 -0.012195
v 0.866025 0.100000 -0.036585
v 0.866025 0.100000 -0.060976
v 0.866025 0.100000 -0.085366
v 0.866025 0.100000 -0.109756
v 0.866025 0.100000 -0.134146
v 0.866025 0.100000 -0.158537
v 0.866025 0.100000 -0.182927
v 0.866025 0.100000 -0.207317
v 0.866025 0.100000 -0.231707
v 0.866025 0.100000 -0.256098
v 0.866025 0.100000 -0.280488
v 0.866025 0.100000 -0.304878
v 0.866025 0.100000 -0.329268
v 0.866025 0.100000 -0.353659
v 0.866025 0.100000 -0.378049
v 0.866025 0.100000 -0.402439
v 0.866025 0.100000 -0.426829
v 0.866025 0.100000 -0.451220
v 0.866025 0.100000 -0.475610
v 0.844903 0.100000 -0.512195
v 0.823780 0.100000 -0.524390
v 0.802658 0.100000 -0.536585
v 0.781535 0.100000 -0.548780
v 0.760413 0.100000 -0.560976
v 0.739290 0.100000 -0.573171
v 0.718167 0.100000 -0.585366
v 0.697045 0.100000 -0.597561
v 0.675922 0.100000 -0.609756
v 0.654800 0.100000 -0.621951
v 0.633677 0.100000 -0.634146
v 0.612554 0.100000 -0.646341
v 0.591432 0.100000 -0.658536
v 0.570309 0.100000 -0.670732
v 0.549187 0.100000 -0.682927
v 0.528064 0.100000 -0.695122
v 0.506942 0.100000 -0.707317
v 0.485819 0.100000 -0.719512
v 0.464696 0.100000 -0.731707
v 0.443574 0.100000 -0.743902
v 0.422451 0.100000 -0.756097
v 0.401329 0.100000 -0.768292
v 0.380206 0.100000 -0.780488
v 0.359084 0.100000 -0.792683
v 0.337961 0.100000 -0.804878
v 0.316838 0.100000 -0.817073
v 0.295716 0.100000 -0.829268
v 0.274593 0.100000 -0.841463
v 0.253471 0.100000 -0.853658
v 0.232348 0.100000 -0.865853
v 0.211226 0.100000 -0.878049
v 0.190103 0.100000 -0.890244
v 0.168980 0.100000 -0.902439
v 0.147858 0.100000 -0.914634
v 0.126735 0.100000 -0.926829
v 0.105613 0.100000 -0.939024
v 0.084490 0.100000 -0.951219
v 0.063368 0.100000 -0.963415
v 0.042245 0.100000 -0.975610
v 0.021123 0.100000 -0.987805
vn -0.0328 0.9982 0.0505
vn -0.0446 0.9976 0.0530
vn 0.0321 0.9326 0.3596
vn 0.1012 0.9937 -0.0480
vn 0.1392 0.8212 -0.5533
vn -0.0378 0.9805 -0.1930
vn -0.2043 0.9728 0.1089
vn 0.2709 0.7366 -0.6196
vn -0.1656 0.9846 0.0559
vn -0.1705 0.9583 0.2291
vn -0.1329 0.9873 0.0872
vn -0.1702 0.9832 0.0652
vn -0.0965 0.9948 0.0336
vn -0.0953 0.9954 -0.0073
vn 0.0619 0.9911 -0.1180
vn 0.1839 0.9793 -0.0844
vn 0.1763 0.9842 -0.0179
vn -0.0823 0.9959 0.0380
vn -0.0087 0.9964 0.0844
vn 0.1384 0.9643 0.2258
vn 0.0081 0.9308 0.3654
vn -0.1052 0.9944 0.0053
vn 0.0651 0.9862 0.1520
vn -0.2612 0.9653 0.0058
vn -0.0956 0.9229 0.3729
vn 0.0723 0.7732 0.6300
vn 0.1067 0.9453 -0.3081
vn 0.0629 0.9176 -0.3926
vn -0.3142 0.9295 0.1929
vn 0.1201 0.9896 0.0792
vn -0.1981 0.9327 -0.3014
vn -0.0641 0.9507 0.3033
vn 0.0232 0.9642 -0.2642
vn -0.2224 0.9521 -0.2099
vn -0.3862 0.9222 -0.0208
vn -0.3545 0.9341 -0.0421
vn -0.1231 0.9839 0.1299
vn -0.0254 0.9997 0.0014
vn -0.1750 0.9798 0.0964
vn -0.4808 0.8768 0.0053
vn -0.3277 0.9442 -0.0322
vn -0.1548 0.9831 -0.0974
vn 0.0297 0.9942 -0.1035
vn 0.3397 0.9404 -0.0165
vn 0.0945 0.9820 0.1637
vn -0.4167 0.8510 0.3198
vn -0.1898 0.6647 0.7226
vn -0.0191 0.9180 0.3961
vn -0.0832 0.8992 -0.4296
vn -0.0617 0.9943 -0.0866
vn -0.0175 0.9446 0.3279
vn -0.0962 0.9953 -0.0073
vn -0.2005 0.9791 0.0357
vn -0.0663 0.8650 0.4973
vn -0.3104 0.7335 -0.6047
vn -0.1227 0.9860 0.1128
vn 0.4198 0.8251 0.3781
vn 0.2940 0.8971 0.3299
vn -0.6178 0.6676 -0.4156
vn -0.4452 0.8766 -0.1825
vn -0.0583 0.9584 0.2796
vn -0.2070 0.9762 0.0651
vn -0.0011 0.9971 0.0767
vn -0.0289 0.9564 0.2908
vn -0.0139 0.9996 -0.0241
vn 0.0640 0.9946 -0.0822
vn 0.3144 0.8924 0.3236
vn 0.1527 0.9763 0.1532
vn -0.0001 0.9768 0.2141
vn 0.2879 0.9395 -0.1857
vn 0.1309 0.9913 -0.0113
vn 0.0102 0.9823 -0.1872
vn -0.0030 0.9670 -0.2546
vn 0.1995 0.9416 0.2712
vn 0.2592 0.9658 0.0026
vn 0.0318 0.9978 0.0587
vn -0.0060 0.9942 0.1078
vn -0.1495 0.9870 0.0590
vn -0.0240 0.8294 -0.5582
vn 0.0643 0.8602 -0.5059
vn -0.0542 0.9985 0.0017
vn -0.0442 0.9442 -0.3264
vn 0.1516 0.9833 0.1003
vn -0.0305 0.9935 0.1095
vn 0.0878 0.8829 0.4613
vn 0.0940 0.9638 0.2493
vn 0.1295 0.8188 -0.5593
vn -0.0798 0.9904 -0.1127
vn -0.1224 0.9639 -0.2364
vn -0.1006 0.9169 -0.3863
vn -0.0148 0.9774 -0.2111
vn 0.0140 0.9927 0.1202
vn 0.0577 0.9831 -0.1738
vn 0.0918 0.8766 0.4724
vn 0.1925 0.9747 0.1137
vn 0.0760 0.9876 -0.1375
vn -0.0363 0.9538 0.2983
vn -0.2987 0.9258 0.2317
vn -0.1253 0.9430 -0.3083
vn 0.1496 0.7629 -0.6289
vn -0.1531 0.9764 0.1525
vn -0.0605 0.9121 -0.4055
vn 0.1141 0.9748 -0.1917
vn 0.0811 0.9516 0.2965
vn 0.0541 0.9980 0.0330
vn -0.0114 0.9936 0.1121
vn -0.2400 0.9000 -0.3639
vn -0.1009 0.9632 -0.2493
vn -0.0375 0.9739 -0.2240
vn 0.6387 0.6346 0.4351
vn 0.3553 0.6876 0.6332
vn 0.1548 0.6328 0.7587
vn 0.2905 0.9540 0.0746
vn -0.0336 0.9690 -0.2449
vn -0.0735 0.9695 -0.2338
vn -0.0538 0.9917 0.1171
vn -0.2730 0.9530 -0.1311
vn -0.3000 0.9134 -0.2751
vn -0.1578 0.9066 -0.3914
vn -0.0089 0.8889 -0.4579
vn -0.2112 0.9632 -0.1661
vn -0.2317 0.9021 -0.3641
vn -0.0919 0.9936 -0.0659
vn -0.0160 0.9992 0.0368
vn 0.0571 0.9911 -0.1201
vn 0.1249 0.9715 -0.2016
vn -0.2277 0.9668 0.1164
vn 0.2100 0.9654 0.1546
vn 0.1874 0.9822 0.0114
vn 0.0458 0.9905 0.1294
vn -0.0825 0.9887 0.1251
vn 0.0446 0.9883 -0.1457
vn 0.0898 0.9643 -0.2490
vn -0.0229 0.9809 0.1931
vn 0.0322 0.9797 0.1981
vn -0.0686 0.9875 0.1418
vn -0.0298 0.9787 -0.2029
vn -0.1260 0.9888 -0.0799
vn -0.1283 0.9917 0.0067
vn 0.0718 0.9825 -0.1716
vn 0.0712 0.9741 -0.2145
vn 0.1253 0.9859 -0.1107
vn 0.0582 0.9982 0.0170
vn -0.0224 0.9963 0.0828
vn -0.0281 0.9459 0.3232
vn 0.1705 0.9728 0.1568
vn 0.0803 0.9677 0.2391
vn 0.1672 0.9375 0.3051
vn 0.2227 0.9582 0.1796
vn 0.1383 0.9899 0.0310
vn 0.0428 0.9880 -0.1482
vn 0.0540 0.9755 0.2131
vn 0.2863 0.9539 0.0903
vn -0.1098 0.9903 0.0853
vn -0.1102 0.9867 0.1198
vn 0.4101 0.8957 0.1721
vn -0.6108 0.7343 -0.2962
vn -0.0028 0.9870 -0.1607
vn 0.1059 0.9636 -0.2454
vn 0.2759 0.9598 -0.0520
vn -0.6389 0.7076 -0.3018
vn 0.1345 0.9604 -0.2442
vn -0.0123 0.9785 -0.2061
vn 0.4439 0.8321 0.3326
vn -0.4521 0.7995 -0.3955
vn 0.3905 0.8406 0.3752
vn 0.0684 0.9963 -0.0521
vn 0.0370 0.9900 0.1363
vn 0.0930 0.9217 0.3767
vn -0.1504 0.9586 -0.2416
vn -0.0672 0.9884 -0.1364
vn 0.3522 0.9121 0.2097
vn 0.0209 0.9874 0.1572
vn 0.0518 0.9614 0.2703
vn 0.1163 0.9817 0.1508
vn 0.0518 0.8933 -0.4464
vn -0.2120 0.8835 -0.4178
vn 0.5158 0.8509 0.1000
vn -0.2527 0.8739 -0.4151
vn -0.0037 0.9845 0.1753
vn 0.0379 0.9972 0.0646
vn 0.0641 0.9787 -0.1949
vn 0.0343 0.8968 -0.4411
vn -0.0455 0.9929 0.1096
vn 0.0335 0.8512 0.5238
vn -0.0575 0.9033 0.4250
vn -0.2630 0.9244 0.2764
vn -0.0643 0.9753 0.2111
vn -0.0581 0.9861 0.1555
vn -0.1587 0.9841 0.0800
vn -0.2452 0.9427 0.2261
vn -0.0716 0.9218 0.3809
vn 0.0391 0.9913 0.1258
vn 0.1745 0.9775 -0.1187
vn 0.1933 0.9259 -0.3246
vn 0.0936 0.9756 -0.1986
vn -0.1074 0.9010 -0.4204
vn -0.0515 0.9952 0.0836
vn 0.1469 0.9859 0.0798
vn -0.1861 0.9650 -0.1850
vn 0.1940 0.6736 -0.7132
vn -0.0838 0.8977 0.4325
vn 0.1381 0.7597 0.6354
vn 0.0890 0.7875 -0.6099
vn -0.0854 0.8251 0.5585
vn -0.0569 0.9886 0.1391
vn -0.0477 0.8308 -0.5545
vn 0.0408 0.9618 -0.2706
vn -0.1202 0.9358 -0.3314
vn -0.0750 0.9348 0.3472
vn 0.0766 0.9304 -0.3584
vn 0.1494 0.9539 -0.2602
vn 0.0591 0.9027 0.4261
vn -0.0667 0.8911 -0.4489
vn -0.0449 0.8361 0.5468
vn 0.0411 0.9897 -0.1371
vn 0.0065 0.9838 -0.1791
vn -0.0487 0.9695 0.2403
vn 0.0948 0.9918 -0.0856
vn 0.1547 0.9871 0.0419
vn 0.0212 0.9099 -0.4144
vn 0.0570 0.9725 0.2259
vn -0.0972 0.9594 -0.2648
vn -0.1119 0.9798 -0.1659
vn 0.0618 0.9864 0.1524
vn 0.1700 0.9297 -0.3267
vn 0.1780 0.9837 0.0271
vn 0.2884 0.9335 -0.2132
vn 0.1401 0.9276 0.3464
vn 0.1297 0.9909 0.0362
vn -0.0347 0.9915 -0.1255
vn -0.1622 0.9772 -0.1368
vn 0.0587 0.9955 0.0743
vn 0.0482 0.9967 -0.0651
vn -0.1916 0.9809 -0.0329
vn -0.1920 0.9814 0.0018
vn -0.3087 0.9446 -0.1120
vn -0.1300 0.9608 0.2450
vn 0.0025 0.9998 -0.0196
vn -0.0267 0.9996 -0.0089
vn -0.1530 0.9872 -0.0440
vn -0.0570 0.9972 0.0479
vn 0.3142 0.8687 0.3829
vn 0.1129 0.9675 0.2265
vn 0.0393 0.9990 -0.0231
vn -0.2180 0.9728 0.0788
vn -0.4578 0.8422 -0.2847
vn 0.2092 0.9768 0.0454
vn -0.1295 0.9827 0.1326
vn -0.5848 0.7984 0.1433
vn 0.0909 0.9575 0.2738
vn 0.1047 0.9841 -0.1434
vn -0.2179 0.9728 -0.0784
vn -0.4567 0.8794 0.1344
vn 0.3696 0.9098 0.1889
vn 0.2895 0.8601 0.4200
vn -0.0892 0.9581 -0.2721
vn -0.1279 0.9537 -0.2721
vn -0.3018 0.9533 -0.0065
vn 0.2087 0.9749 0.0780
vn 0.2870 0.9552 0.0724
vn 0.0155 0.9989 0.0448
vn -0.2563 0.9617 0.0968
vn -0.0341 0.9591 -0.2809
vn -0.1089 0.9781 -0.1773
vn 0.0565 0.9974 -0.0437
vn 0.2308 0.9556 -0.1834
vn -0.1402 0.9894 -0.0381
vn -0.1189 0.9840 -0.1330
vn -0.2007 0.9675 -0.1536
vn -0.0565 0.9983 0.0109
vn 0.0730 0.9964 -0.0436
vn 0.1151 0.9933 -0.0131
vn 0.1883 0.9820 -0.0174
vn 0.0806 0.9963 -0.0292
vn -0.0914 0.9912 0.0959
vn -0.0355 0.9955 0.0876
vn 0.1697 0.9752 0.1422
vn 0.0710 0.9848 0.1583
vn 0.1326 0.9806 0.1446
vn 0.1246 0.9905 0.0579
vn 0.0767 0.9942 -0.0754
vn 0.0005 0.9764 -0.2158
vn -0.1536 0.9664 -0.2060
vn -0.1074 0.9871 -0.1186
vn -0.0076 0.9969 -0.0780
vn -0.2205 0.9734 0.0619
vn 0.1538 0.9292 -0.3359
vn -0.0798 0.9931 -0.0855
vn 0.2181 0.8819 -0.4179
vn 0.3548 0.9346 0.0242
vn -0.1309 0.9900 -0.0527
vn 0.0683 0.9912 0.1131
vn 0.2450 0.9324 0.2657
vn 0.1814 0.9713 0.1535
vn -0.2133 0.9747 0.0668
vn -0.1111 0.9669 0.2298
vn 0.0336 0.9509 0.3076
vn 0.1616 0.9359 0.3129
vn -0.0194 0.9867 0.1612
vn -0.1081 0.9848 0.1361
vn 0.3731 0.8263 -0.4219
vn 0.3648 0.9223 -0.1277
vn 0.2785 0.9486 0.1501
vn 0.1214 0.9899 -0.0738
vn 0.0954 0.9385 -0.3318
vn 0.1102 0.9707 -0.2134
vn -0.0005 0.9973 0.0739
vn 0.3413 0.9379 0.0612
vn 0.4415 0.8896 0.1171
vn 0.2018 0.9660 -0.1618
vn -0.0108 0.9783 -0.2071
vn 0.0952 0.9649 0.2448
vn 0.0417 0.9991 -0.0097
vn -0.2274 0.9581 0.1744
vn -0.1155 0.9635 0.2416
vn 0.2039 0.9156 0.3466
vn 0.1910 0.9750 0.1132
vn 0.0124 0.9628 0.2698
vn 0.0087 0.9663 -0.2575
vn 0.0759 0.9001 -0.4290
vn -0.0076 0.9200 -0.3917
vn -0.1830 0.9749 0.1268
vn -0.1422 0.9495 0.2796
vn 0.0094 0.9494 0.3139
vn 0.0319 0.9986 -0.0432
vn 0.2790 0.9230 -0.2651
vn 0.0456 0.9384 -0.3427
vn 0.0770 0.9969 -0.0168
vn -0.0498 0.9987 0.0147
vn -0.1998 0.9670 0.1580
vn -0.1597 0.9819 0.1020
vn -0.0073 0.9755 0.2201
vn -0.1050 0.9690 -0.2238
vn -0.1367 0.9877 -0.0756
vn -0.0117 0.9654 0.2606
vn -0.0067 0.9357 0.3526
vn -0.0555 0.9972 -0.0493
vn -0.0095 0.9627 0.2704
vn 0.0840 0.9682 0.2358
vn 0.0973 0.9342 -0.3432
vn 0.1478 0.8096 -0.5680
vn -0.2391 0.9508 0.1971
vn 0.0835 0.9321 -0.3525
vn 0.1589 0.8703 -0.4661
vn -0.2587 0.9155 0.3081
vn -0.1088 0.9881 0.1086
vn -0.0008 1.0000 -0.0046
vn -0.1178 0.9929 0.0194
vn -0.1589 0.9849 0.0682
vn 0.0063 0.9954 -0.0957
vn 0.0906 0.9904 -0.1047
vn 0.2076 0.9777 -0.0306
vn 0.0780 0.9969 -0.0139
vn -0.1815 0.9766 0.1157
vn 0.1424 0.9833 0.1132
vn 0.0465 0.9206 0.3878
vn -0.1872 0.9775 -0.0971
vn 0.2018 0.9551 0.2170
vn -0.1789 0.9837 0.0207
vn -0.2189 0.9662 0.1364
vn 0.0152 0.8207 0.5712
vn 0.1163 0.9005 0.4189
vn 0.0548 0.7174 -0.6946
vn -0.2183 0.9712 0.0954
vn 0.0710 0.8965 0.4374
vn -0.1517 0.9420 -0.2993
vn -0.0096 0.9860 0.1663
vn -0.0599 0.9852 0.1606
vn 0.0404 0.8049 -0.5920
vn -0.3932 0.9168 0.0695
vn -0.3817 0.9177 -0.1100
vn -0.2486 0.9652 0.0815
vn -0.0424 0.9956 0.0840
vn -0.0618 0.9980 -0.0160
vn -0.3817 0.9200 0.0891
vn -0.4913 0.8625 -0.1212
vn -0.1506 0.9849 -0.0856
vn -0.0891 0.9904 -0.1058
vn 0.1956 0.9778 -0.0757
vn 0.3266 0.9392 0.1064
vn -0.2399 0.9518 0.1910
vn -0.3751 0.7632 0.5261
vn -0.0489 0.6960 0.7163
vn -0.0555 0.9875 -0.1473
vn -0.0831 0.8925 -0.4433
vn -0.0304 0.9691 0.2448
vn -0.0015 0.9850 -0.1728
vn -0.2229 0.9736 0.0498
vn -0.1056 0.9409 0.3218
vn -0.1881 0.9812 -0.0426
vn -0.3822 0.8045 -0.4546
vn 0.2125 0.9058 0.3667
vn 0.5186 0.7449 0.4198
vn -0.3490 0.9113 -0.2186
vn -0.5887 0.7295 -0.3481
vn -0.1988 0.9784 0.0568
vn -0.2071 0.9783 0.0095
vn -0.1695 0.9850 0.0313
vn -0.1596 0.9870 0.0167
vn 0.1362 0.9693 0.2047
vn -0.0069 1.0000 -0.0030
vn -0.0872 0.9719 0.2186
vn 0.2002 0.8858 0.4187
vn -0.0517 0.9986 0.0145
vn -0.0351 0.9957 -0.0855
vn 0.2851 0.9580 0.0320
vn -0.2431 0.8620 0.4447
vn 0.1259 0.9920 0.0065
vn 0.0044 0.9678 0.2516
vn 0.1321 0.9902 0.0465
vn 0.3438 0.8801 -0.3275
vn -0.1770 0.8202 0.5440
vn -0.0861 0.9959 -0.0273
vn -0.0288 0.9466 -0.3211
vn 0.1580 0.9874 -0.0125
vn 0.2018 0.9321 0.3009
vn 0.2283 0.9588 -0.1693
vn -0.0692 0.9975 -0.0155
vn -0.0142 0.9995 0.0287
vn -0.0936 0.9854 0.1420
vn -0.1319 0.9662 -0.2214
vn 0.0650 0.7418 -0.6674
vn 0.0003 0.9918 -0.1277
vn -0.0439 0.9620 -0.2695
vn -0.0876 0.8746 -0.4769
vn 0.1302 0.9915 0.0005
vn -0.0304 0.9897 0.1396
vn 0.0931 0.9787 0.1832
vn 0.0257 0.8258 0.5634
vn 0.1561 0.9405 -0.3020
vn 0.0474 0.8834 -0.4662
vn -0.1421 0.9894 0.0301
vn -0.0357 0.9801 0.1953
vn -0.2686 0.9488 -0.1663
vn -0.0458 0.8982 -0.4373
vn 0.0407 0.9934 0.1068
vn 0.0489 0.9879 -0.1470
vn 0.0472 0.9691 0.2421
vn 0.1554 0.9032 0.4002
vn 0.1596 0.9712 -0.1770
vn -0.0092 0.9877 0.1561
vn -0.0182 0.9637 0.2665
vn -0.2741 0.9603 0.0510
vn -0.1774 0.9788 0.1025
vn 0.0168 0.7966 -0.6043
vn 0.0462 0.9651 -0.2579
vn -0.2040 0.9788 0.0205
vn 0.0873 0.8577 -0.5067
vn 0.0945 0.9814 0.1673
vn 0.0722 0.9691 0.2358
vn 0.0216 0.9985 -0.0500
vn -0.1942 0.9808 0.0196
vn -0.2238 0.9745 0.0160
vn -0.0591 0.9971 0.0471
vn -0.1050 0.9827 0.1526
vn -0.1615 0.9708 0.1776
vn -0.0457 0.9957 0.0802
vn -0.0390 0.9989 -0.0249
vn 0.0166 0.9984 -0.0532
vn -0.0303 0.9993 0.0212
vn 0.0547 0.9812 0.1851
vn 0.1877 0.9124 0.3636
vn 0.2699 0.8975 0.3487
vn 0.0294 0.9981 0.0547
vn 0.0317 0.9913 0.1278
vn -0.0402 0.9960 0.0800
vn 0.0171 0.9987 -0.0485
vn 0.2133 0.9616 -0.1727
vn 0.3805 0.9053 -0.1889
vn 0.2728 0.9468 0.1708
vn -0.0341 0.8990 0.4366
vn 0.0356 0.9976 -0.0587
vn 0.1676 0.9767 -0.1341
vn 0.0302 0.9990 0.0333
vn 0.0261 0.9742 0.2241
vn 0.1205 0.9434 0.3089
vn 0.2057 0.9596 0.1921
vn 0.3072 0.9462 -0.1012
vn 0.2861 0.9219 -0.2613
vn 0.0261 0.9974 -0.0671
vn -0.3075 0.8363 0.4538
vn -0.0863 0.9961 0.0189
vn -0.0733 0.9973 0.0033
vn -0.1187 0.9809 -0.1541
vn -0.1093 0.9265 -0.3600
vn 0.0235 0.8685 -0.4951
vn 0.1481 0.8919 -0.4273
vn 0.1588 0.9844 -0.0760
vn 0.1081 0.9744 0.1971
vn 0.1114 0.9926 0.0479
vn 0.1034 0.9677 -0.2298
vn 0.0115 0.9981 -0.0603
vn -0.0777 0.9169 0.3914
vn 0.0699 0.9969 0.0352
vn 0.0807 0.9907 0.1091
vn -0.0282 0.9868 0.1592
vn -0.0438 0.9697 0.2405
vn -0.0483 0.9381 0.3430
vn -0.0853 0.9769 0.1960
vn 0.0004 0.9514 -0.3079
vn 0.0704 0.7687 -0.6358
vn 0.0605 0.7514 -0.6571
vn -0.0286 0.9170 -0.3980
vn -0.1291 0.9881 -0.0838
vn -0.1463 0.9770 -0.1550
vn -0.1000 0.8920 -0.4408
vn -0.0899 0.9234 -0.3732
vn -0.0020 0.9956 -0.0935
vn 0.1414 0.9734 -0.1801
vn -0.0332 0.9994 0.0031
vn -0.0688 0.9902 0.1218
vn 0.0302 0.9978 0.0598
vn 0.1272 0.9911 -0.0393
vn 0.1139 0.9688 0.2199
vn 0.0533 0.8263 0.5608
vn 0.1085 0.8395 0.5323
vn 0.2031 0.9594 0.1959
vn 0.2104 0.9502 -0.2300
vn 0.1362 0.9196 -0.3685
vn 0.0216 0.9954 -0.0929
vn -0.0604 0.9806 0.1867
vn -0.0777 0.9867 0.1430
vn -0.0697 0.9767 -0.2032
vn -0.4057 0.9124 0.0537
vn -0.3197 0.9197 -0.2278
vn -0.1247 0.8626 -0.4903
vn -0.0249 0.8271 -0.5615
vn 0.1152 0.8828 -0.4554
vn 0.0647 0.9974 -0.0312
vn -0.0584 0.9807 0.1864
vn -0.0747 0.9939 -0.0812
vn -0.0089 0.9245 -0.3810
vn 0.0546 0.9728 -0.2249
vn 0.0912 0.9792 0.1813
vn 0.1155 0.9263 0.3587
vn 0.1274 0.9498 0.2858
vn 0.1158 0.9916 0.0576
vn 0.0754 0.9894 -0.1238
vn 0.0142 0.9994 0.0322
vn -0.0206 0.9691 0.2457
vn -0.0233 0.9483 0.3166
vn -0.2237 0.9747 0.0010
vn -0.2025 0.9758 0.0829
vn -0.1844 0.9559 0.2287
vn -0.2195 0.9470 0.2345
vn -0.1867 0.9776 -0.0975
vn 0.0665 0.8254 -0.5606
vn 0.2020 0.7224 -0.6613
vn 0.0559 0.9241 -0.3781
vn -0.2096 0.9723 0.1035
vn -0.2583 0.9591 0.1159
vn -0.0666 0.9421 -0.3286
vn 0.1220 0.7963 -0.5925
vn 0.1303 0.8854 -0.4462
vn 0.0921 0.9904 -0.1035
vn 0.0698 0.9819 0.1760
vn 0.0634 0.9528 0.2970
vn 0.0397 0.9679 0.2484
vn 0.0151 0.9986 0.0515
vn -0.0124 0.9999 -0.0033
vn -0.0211 0.9919 0.1252
vn -0.0295 0.9474 0.3186
vn -0.1355 0.9408 -0.3108
vn -0.3708 0.8788 -0.3005
vn -0.0660 0.9413 -0.3309
vn -0.3575 0.8532 -0.3797
vn -0.0196 0.9839 -0.1775
vn 0.0701 0.7386 0.6705
vn 0.6164 0.6686 0.4160
vn 0.5206 0.6884 0.5050
vn 0.2387 0.6319 0.7374
vn -0.1138 0.8521 0.5109
vn 0.3554 0.9062 0.2291
vn 0.1205 0.9871 -0.1058
vn -0.0885 0.9533 -0.2887
vn -0.0461 0.9952 -0.0862
vn -0.3572 0.9329 -0.0459
vn -0.2007 0.9796 -0.0057
vn -0.3124 0.9244 -0.2187
vn -0.2418 0.9130 -0.3286
vn -0.0687 0.8909 -0.4490
vn -0.0409 0.9290 -0.3679
vn -0.1483 0.9820 0.1170
vn -0.2503 0.8140 -0.5242
vn -0.1719 0.9635 -0.2053
vn -0.0364 0.9991 0.0201
vn 0.0019 0.9998 -0.0218
vn 0.1248 0.9707 -0.2055
vn -0.0326 0.9967 -0.0742
vn 0.2370 0.9691 0.0677
vn 0.1666 0.9276 0.3344
vn 0.1688 0.9835 0.0652
vn 0.1618 0.9859 0.0427
vn -0.0493 0.9838 0.1723
vn -0.0447 0.9990 0.0094
vn 0.1162 0.9565 -0.2677
vn -0.0158 0.9993 -0.0326
vn 0.1585 0.9757 -0.1511
vn -0.0317 0.9984 0.0471
vn -0.0076 0.9711 0.2387
vn -0.0717 0.9962 -0.0490
vn -0.0562 0.9802 -0.1899
vn -0.1680 0.9857 0.0105
vn -0.0280 0.9969 -0.0741
vn 0.1023 0.9684 -0.2273
vn 0.0485 0.9883 -0.1444
vn -0.0368 0.9807 -0.1919
vn -0.1670 0.9784 0.1223
vn 0.1118 0.9917 -0.0642
vn -0.0877 0.9619 0.2588
vn 0.1179 0.9641 0.2381
vn 0.1254 0.9777 0.1682
vn 0.1045 0.9488 0.2982
vn 0.2237 0.9410 0.2538
vn 0.1762 0.9785 0.1069
vn 0.1375 0.9880 -0.0699
vn -0.1458 0.9892 0.0163
vn -0.0726 0.9917 0.1058
vn -0.4625 0.7889 -0.4046
vn -0.2922 0.8594 -0.4196
vn -0.1758 0.8849 -0.4313
vn -0.1188 0.8827 -0.4548
vn 0.2470 0.9639 0.0991
vn 0.4623 0.7985 0.3857
vn 0.4013 0.7504 0.5252
vn 0.2714 0.7950 0.5425
vn 0.1418 0.8952 0.4224
vn 0.0276 0.9865 0.1612
vn 0.5688 0.7494 0.3390
vn 0.4864 0.8501 0.2018
vn 0.3577 0.9279 0.1047
vn 0.2122 0.9726 0.0945
vn 0.1124 0.9793 0.1681
vn 0.0891 0.9275 0.3631
vn 0.0777 0.7760 0.6260
vn 0.0248 0.6185 0.7854
vn 0.1385 0.9706 0.1969
vn -0.0069 0.9996 -0.0264
vn -0.1700 0.9591 -0.2264
vn -0.2397 0.9030 -0.3566
vn -0.2208 0.8729 -0.4350
vn -0.1559 0.8686 -0.4703
vn -0.0864 0.8929 -0.4418
vn -0.0622 0.9470 -0.3152
vn -0.1348 0.9851 -0.1070
vn -0.2744 0.9533 0.1262
vn -0.3821 0.8557 -0.3488
vn -0.3547 0.8961 -0.2669
vn -0.3085 0.9297 -0.2013
vn -0.2375 0.9599 -0.1488
vn -0.1587 0.9799 -0.1210
vn -0.0834 0.9864 -0.1417
vn -0.0122 0.9774 -0.2113
vn 0.0579 0.9513 -0.3027
vn 0.0762 0.9346 -0.3475
vn -0.0342 0.9608 -0.2752
vn -0.2628 0.9621 -0.0721
vn -0.3355 0.9420 -0.0117
vn 0.0586 0.9691 -0.2394
vn 0.0332 0.9758 -0.2163
vn 0.0417 0.9899 -0.1354
vn 0.0903 0.9958 -0.0154
vn 0.0882 0.9910 0.1005
vn 0.0172 0.9902 0.1385
vn -0.0371 0.9951 0.0914
vn -0.0320 0.9993 -0.0190
vn 0.0314 0.9853 -0.1678
vn 0.1081 0.9541 -0.2793
vn 0.0974 0.9664 -0.2379
vn -0.0381 0.9992 0.0123
vn -0.1291 0.9629 0.2372
vn 0.0858 0.9848 0.1508
vn 0.0562 0.9040 0.4237
vn 0.1484 0.9212 0.3596
vn 0.1173 0.9660 0.2306
vn 0.0975 0.9927 0.0709
vn 0.0960 0.9928 -0.0713
vn 0.0408 0.9967 -0.0705
vn -0.0515 0.9980 0.0361
vn -0.1144 0.9862 0.1196
vn -0.1060 0.9880 0.1123
vn -0.0242 0.9994 0.0234
vn 0.0840 0.9910 -0.1040
vn 0.1403 0.9694 -0.2012
vn 0.1020 0.9754 -0.1952
vn 0.0359 0.9975 -0.0609
vn 0.0881 0.9940 0.0654
vn 0.2687 0.9626 -0.0349
vn -0.1402 0.9885 -0.0563
vn 0.0546 0.9925 -0.1095
vn -0.0028 0.9963 0.0862
vn -0.1134 0.9726 0.2032
vn -0.1608 0.9743 0.1575
vn -0.0803 0.9968 -0.0068
vn 0.0160 0.9922 -0.1237
vn -0.0034 0.9958 -0.0913
vn -0.0683 0.9976 0.0144
vn -0.0855 0.9919 0.0934
vn -0.0248 0.9955 0.0920
vn 0.0744 0.9971 0.0177
vn 0.1353 0.9884 -0.0691
vn 0.1255 0.9838 -0.1282
vn 0.0842 0.9845 -0.1536
vn 0.0930 0.9820 -0.1646
vn 0.1238 0.9761 -0.1788
vn 0.0580 0.9796 -0.1922
vn -0.1274 0.9904 -0.0527
vn -0.0179 0.9983 0.0561
vn 0.0471 0.9989 -0.0030
vn -0.0086 0.9952 -0.0974
vn -0.0646 0.9972 -0.0389
vn -0.0245 0.9930 0.1157
vn 0.0711 0.9670 0.2448
vn 0.1430 0.9605 0.2387
vn 0.1358 0.9721 0.1912
vn 0.1075 0.9782 0.1778
vn 0.1035 0.9731 0.2058
vn 0.1241 0.9652 0.2303
vn 0.1445 0.9645 0.2209
vn 0.1359 0.9749 0.1765
vn 0.0995 0.9881 0.1176
vn 0.0622 0.9962 0.0602
vn 0.0420 0.9989 -0.0186
vn -0.0291 0.9943 -0.1027
vn -0.0563 0.9857 -0.1587
vn -0.0884 0.9795 -0.1810
vn -0.0158 0.9206 0.3902
vn -0.1473 0.9766 0.1566
vn 0.1183 0.9778 0.1729
vn -0.5703 0.7787 -0.2614
vn 0.1278 0.9915 -0.0264
vn 0.2846 0.9325 0.2226
vn -0.6979 0.6317 -0.3375
vn -0.1193 0.9841 0.1319
vn 0.2104 0.9715 0.1091
vn -0.0204 0.9996 0.0179
vn 0.2604 0.9032 0.3412
vn 0.1042 0.9936 -0.0436
vn -0.0487 0.9623 -0.2675
vn 0.5541 0.8319 0.0296
vn -0.4997 0.7926 -0.3493
vn 0.3728 0.7952 0.4782
vn 0.1997 0.9680 -0.1521
vn 0.0324 0.9569 -0.2885
vn 0.0565 0.9984 0.0066
vn 0.1914 0.9756 0.1072
vn -0.4389 0.8383 -0.3234
vn -0.3275 0.7930 -0.5137
vn 0.0801 0.9938 -0.0774
vn 0.0491 0.9988 0.0030
vn 0.0490 0.9541 0.2955
vn 0.2450 0.8946 0.3736
vn -0.4367 0.7277 -0.5289
vn 0.5292 0.7143 0.4580
vn -0.2802 0.9465 0.1601
vn -0.0099 0.9955 0.0945
vn 0.0320 0.9757 0.2167
vn 0.0897 0.9620 0.2579
vn 0.1750 0.9843 -0.0215
vn -0.1552 0.7794 -0.6070
vn 0.2961 0.9429 0.1525
vn 0.1916 0.8880 -0.4180
vn -0.2247 0.9614 0.1588
vn -0.0506 0.9901 0.1308
vn 0.0203 0.9882 0.1518
vn 0.0505 0.9975 -0.0498
vn 0.0627 0.9287 -0.3655
vn -0.0024 0.9539 -0.3002
vn -0.0578 0.8867 0.4587
vn 0.0322 0.8912 0.4525
vn -0.1984 0.9041 0.3784
vn 0.0495 0.9941 -0.0970
vn -0.1037 0.9793 0.1740
vn -0.0548 0.9779 0.2018
vn -0.0934 0.9897 0.1088
vn -0.2276 0.9675 0.1099
vn -0.1695 0.9134 0.3701
vn -0.0146 0.9674 0.2527
vn 0.1135 0.9934 0.0166
vn 0.2095 0.9447 -0.2522
vn 0.1378 0.9451 -0.2962
vn 0.0138 0.9436 0.3308
vn -0.0499 0.9710 0.2336
vn 0.1956 0.9788 0.0607
vn 0.2216 0.9643 0.1450
vn 0.0645 0.9784 0.1965
vn -0.3713 0.9264 -0.0622
vn -0.1232 0.9824 0.1401
vn 0.1093 0.9757 0.1900
vn 0.3219 0.9101 0.2610
vn 0.1844 0.9550 0.2324
vn -0.4340 0.8928 -0.1210
vn -0.6829 0.6344 -0.3622
vn 0.0019 0.9997 0.0248
vn -0.0649 0.9966 -0.0501
vn -0.0260 0.9910 -0.1310
vn 0.4083 0.9124 -0.0292
vn 0.4414 0.8960 0.0475
vn -0.2977 0.9259 -0.2324
vn -0.6829 0.6419 -0.3487
vn -0.3530 0.9356 0.0017
vn 0.1707 0.9804 -0.0984
vn 0.0650 0.9748 -0.2132
vn -0.0360 0.9548 -0.2951
vn -0.0282 0.9683 -0.2480
vn 0.3128 0.9497 0.0141
vn 0.5152 0.8394 0.1732
vn -0.1315 0.9702 -0.2037
vn -0.5709 0.7187 -0.3969
vn -0.1856 0.9826 0.0034
vn 0.4551 0.7722 0.4434
vn 0.1494 0.9776 -0.1485
vn 0.1406 0.9688 -0.2039
vn 0.0847 0.9749 -0.2060
vn 0.0345 0.9960 -0.0829
vn 0.0347 0.9865 0.1602
vn 0.2255 0.8844 0.4086
vn 0.2814 0.9023 0.3267
vn -0.3113 0.8978 -0.3115
vn -0.4526 0.7608 -0.4650
vn 0.1786 0.9748 0.1339
vn 0.5141 0.7028 0.4917
vn 0.0728 0.9824 0.1718
vn 0.0685 0.9972 -0.0309
vn 0.0741 0.9971 0.0166
vn 0.0662 0.9939 0.0885
vn 0.0716 0.9772 0.1998
vn 0.0900 0.9497 0.2998
vn 0.0903 0.9503 0.2980
vn 0.1970 0.9470 0.2538
vn -0.0256 0.9547 -0.2964
vn -0.3305 0.7540 -0.5677
vn -0.2182 0.9282 -0.3013
vn 0.4458 0.8178 0.3639
vn 0.5226 0.8311 0.1900
vn -0.1115 0.8737 -0.4735
vn -0.4522 0.7363 -0.5033
vn -0.0795 0.9778 0.1941
vn -0.0333 0.9666 0.2542
vn -0.0033 0.9624 0.2717
vn 0.0283 0.9720 0.2334
vn 0.0645 0.9922 0.1069
vn 0.1070 0.9934 -0.0411
vn 0.1255 0.9534 -0.2743
vn 0.0550 0.8603 -0.5067
vn -0.0577 0.8508 -0.5224
vn -0.1465 0.9581 -0.2460
vn 0.0165 0.9653 0.2605
vn 0.2286 0.8908 0.3927
vn 0.0935 0.9742 0.2056
vn -0.2140 0.9425 0.2568
vn -0.2990 0.8392 0.4543
vn -0.2101 0.8529 0.4779
vn -0.0420 0.9947 0.0934
vn -0.0053 0.9912 0.1324
vn 0.0032 0.9926 0.1217
vn -0.0132 0.9968 0.0782
vn -0.0386 0.9992 0.0062
vn -0.0704 0.9916 -0.1085
vn -0.0956 0.9752 -0.1994
vn -0.0943 0.9834 -0.1548
vn -0.0506 0.9938 0.0988
vn -0.0031 0.9316 0.3635
vn 0.0236 0.9243 0.3810
vn 0.0862 0.9535 0.2889
vn 0.1625 0.9705 0.1782
vn 0.1939 0.9788 0.0660
vn 0.1378 0.9888 -0.0571
vn -0.0041 0.9887 -0.1501
vn -0.0856 0.9876 -0.1313
vn -0.1195 0.9919 -0.0431
vn -0.0312 0.9989 0.0353
vn -0.0039 0.9993 0.0380
vn 0.0409 0.9992 0.0026
vn 0.0243 0.9986 -0.0477
vn 0.0276 0.9981 -0.0551
vn -0.0062 0.9993 -0.0358
vn -0.0637 0.9976 0.0254
vn -0.1028 0.9885 0.1111
vn -0.0950 0.9814 0.1668
vn -0.0532 0.9883 0.1427
vn -0.0170 0.9970 0.0756
vn 0.0077 0.9997 0.0238
vn 0.0348 0.9992 -0.0174
vn 0.0542 0.9965 -0.0633
vn 0.0599 0.9927 -0.1050
vn 0.0675 0.9902 -0.1221
vn 0.0758 0.9892 -0.1258
vn 0.0885 0.9877 -0.1286
vn 0.1084 0.9840 -0.1411
vn 0.1264 0.9793 -0.1583
vn -0.0662 0.9880 -0.1393
vn 0.0490 0.9587 0.2803
vn -0.1509 0.9556 -0.2530
vn 0.0974 0.9624 0.2537
vn -0.1216 0.9714 0.2037
vn -0.0254 0.7474 -0.6639
vn -0.1645 0.9485 0.2708
vn -0.0497 0.9158 0.3984
vn 0.1566 0.9527 -0.2605
vn 0.0893 0.9595 0.2671
vn 0.0788 0.9714 -0.2239
vn 0.0645 0.7855 -0.6155
vn 0.0694 0.9782 -0.1956
vn 0.1009 0.8374 -0.5371
vn -0.1370 0.8707 0.4724
vn 0.1387 0.9843 -0.1096
vn 0.0379 0.9930 -0.1118
vn -0.1387 0.7890 0.5985
vn -0.0832 0.7920 -0.6048
vn -0.1277 0.7848 0.6064
vn 0.0396 0.9961 -0.0785
vn 0.0275 0.9927 -0.1172
vn -0.0632 0.7873 0.6133
vn 0.0858 0.9658 -0.2446
vn 0.1073 0.9800 -0.1677
vn -0.0997 0.9410 -0.3235
vn 0.0092 0.9792 0.2026
vn 0.0103 0.9423 -0.3346
vn -0.0981 0.9848 -0.1431
vn -0.2637 0.8955 0.3586
vn 0.1629 0.8942 -0.4171
vn 0.2035 0.9429 0.2636
vn 0.0882 0.9505 -0.2978
vn 0.0798 0.8539 0.5143
vn 0.0050 0.9983 -0.0574
vn -0.1346 0.9675 -0.2139
vn -0.1610 0.9856 -0.0521
vn 0.0067 0.9938 0.1113
vn 0.2132 0.9669 -0.1402
vn 0.0776 0.9913 -0.1062
vn 0.2535 0.9629 0.0928
vn 0.1263 0.9487 -0.2897
vn 0.2015 0.9151 0.3492
vn 0.0710 0.9956 -0.0606
vn -0.1192 0.9817 -0.1485
vn -0.1837 0.9825 -0.0309
vn -0.0073 0.9889 0.1483
vn 0.1002 0.9949 0.0126
vn -0.0945 0.9943 -0.0499
vn -0.2229 0.9713 -0.0824
vn -0.2035 0.9749 -0.0900
vn -0.3033 0.9371 0.1729
vn -0.0154 0.9977 0.0662
vn 0.0029 1.0000 -0.0056
vn -0.0948 0.9951 -0.0266
vn -0.1617 0.8905 -0.4254
vn -0.0165 0.9953 0.0950
vn 0.0087 0.9933 0.1156
vn -0.1538 0.8701 -0.4683
vn 0.0088 0.9819 -0.1894
vn 0.1441 0.9529 0.2667
vn -0.3316 0.9287 0.1661
vn -0.1086 0.9928 -0.0504
vn 0.0883 0.9070 -0.4117
vn 0.1735 0.8948 -0.4115
vn 0.0717 0.9337 0.3508
vn -0.0616 0.9572 0.2826
vn 0.2480 0.9412 0.2293
vn 0.0919 0.9359 0.3400
vn 0.0664 0.8450 -0.5307
vn 0.2483 0.7869 -0.5649
vn 0.1207 0.9829 -0.1393
vn -0.0865 0.8246 0.5591
vn -0.1441 0.9055 0.3991
vn -0.0657 0.9966 -0.0499
vn -0.0141 0.7449 -0.6671
vn -0.1101 0.9927 0.0489
vn -0.0252 0.8857 0.4635
vn 0.0161 0.8271 -0.5618
vn 0.0043 0.7659 -0.6429
vn -0.1105 0.9704 0.2147
vn -0.1294 0.7908 0.5982
vn -0.0644 0.9599 0.2727
vn 0.0575 0.9631 -0.2630
vn 0.1515 0.9720 -0.1798
vn 0.0217 0.8761 0.4817
vn 0.0887 0.7912 -0.6052
vn -0.0790 0.9537 0.2901
vn 0.0334 0.9957 0.0863
vn -0.0165 0.9487 -0.3157
vn -0.1136 0.7444 -0.6580
vn -0.1423 0.9438 0.2984
vn -0.0631 0.8499 0.5231
vn 0.0238 0.9972 0.0714
vn 0.0592 0.9423 -0.3295
vn 0.0433 0.9610 -0.2730
vn 0.0711 0.9920 -0.1047
vn -0.1789 0.8248 0.5364
vn 0.0895 0.9880 0.1259
vn 0.1526 0.8416 -0.5180
vn 0.1012 0.9301 0.3530
vn 0.1853 0.9821 -0.0351
vn 0.0682 0.9971 0.0333
vn -0.0281 0.7563 -0.6536
vn 0.0118 0.9685 0.2487
vn 0.0296 0.8893 0.4563
vn 0.0254 0.9997 -0.0038
vn -0.0244 0.9608 -0.2762
vn -0.0621 0.9631 -0.2618
vn -0.0386 0.9872 -0.1548
vn -0.0095 0.9894 -0.1447
vn -0.2249 0.9562 0.1871
vn -0.0814 0.9698 0.2298
vn 0.1251 0.9486 -0.2907
vn 0.0702 0.9386 -0.3377
vn 0.0878 0.9892 0.1172
vn 0.2075 0.9736 0.0956
vn 0.1972 0.9758 0.0942
vn 0.1158 0.8429 -0.5255
vn 0.0085 0.9955 0.0943
vn 0.1301 0.8685 0.4784
vn 0.0718 0.9945 0.0761
vn 0.0033 0.9965 -0.0838
vn -0.1236 0.9728 -0.1958
vn -0.1811 0.9658 -0.1857
vn -0.1879 0.9681 -0.1657
vn -0.1888 0.9771 -0.0979
vn 0.2088 0.9700 0.1243
vn 0.2342 0.9671 0.0991
vn 0.3050 0.9512 -0.0477
vn 0.2333 0.9478 -0.2173
vn 0.0656 0.9893 -0.1306
vn 0.0166 0.9964 -0.0828
vn 0.0753 0.9971 0.0133
vn 0.1222 0.9921 -0.0271
vn 0.0477 0.9674 -0.2486
vn -0.0355 0.9992 0.0188
vn 0.0453 0.9235 0.3810
vn 0.1177 0.9686 0.2191
vn 0.1082 0.9941 0.0058
vn 0.0889 0.9956 -0.0284
vn 0.0153 0.9981 -0.0594
vn -0.0793 0.9927 -0.0914
vn -0.1485 0.9848 -0.0897
vn -0.1522 0.9875 -0.0409
vn -0.2138 0.9759 0.0431
vn -0.1099 0.9934 0.0331
vn -0.0543 0.9984 0.0184
vn -0.0441 0.9990 -0.0039
vn -0.0663 0.9978 0.0007
vn -0.0707 0.9974 0.0156
vn -0.0898 0.9955 -0.0292
vn -0.1585 0.9868 -0.0323
vn -0.1769 0.9842 -0.0117
vn -0.2320 0.9720 -0.0376
vn -0.2886 0.9574 0.0095
vn -0.1750 0.9810 0.0840
vn -0.0077 0.9986 0.0520
vn 0.0373 0.9993 -0.0027
vn 0.0231 0.9997 -0.0123
vn 0.0228 0.9997 0.0005
vn 0.0327 0.9994 0.0150
vn 0.0338 0.9993 -0.0135
vn 0.0049 1.0000 -0.0062
vn -0.0183 0.9998 -0.0000
vn -0.2609 0.9478 -0.1832
vn 0.1474 0.9862 0.0755
vn -0.3756 0.9267 0.0133
vn -0.1560 0.9721 0.1752
vn 0.1471 0.9383 0.3130
vn 0.2991 0.8953 0.3300
vn -0.2221 0.8142 -0.5364
vn 0.0510 0.9984 -0.0263
vn -0.0524 0.9984 0.0203
vn -0.4488 0.8933 0.0248
vn 0.1625 0.9753 0.1499
vn 0.0430 0.9979 0.0490
vn 0.2451 0.9634 0.1088
vn -0.5751 0.8105 0.1111
vn -0.1940 0.9638 0.1831
vn 0.1774 0.8198 0.5444
vn -0.1921 0.9762 -0.1009
vn 0.2128 0.9687 -0.1281
vn -0.4922 0.8703 0.0183
vn -0.0888 0.9707 0.2234
vn 0.3861 0.8705 0.3051
vn 0.0070 0.9940 0.1094
vn -0.4106 0.9058 -0.1047
vn 0.1813 0.9289 -0.3230
vn -0.3038 0.9403 -0.1533
vn -0.1100 0.9896 0.0930
vn 0.4107 0.9115 0.0217
vn 0.0377 0.9911 0.1275
vn -0.1598 0.9758 -0.1493
vn -0.4061 0.9083 0.1001
vn -0.0405 0.9937 -0.1046
vn -0.1053 0.9577 -0.2679
vn -0.0561 0.9949 -0.0840
vn 0.1925 0.9764 -0.0978
vn 0.0626 0.9847 -0.1628
vn -0.1691 0.9852 -0.0279
vn -0.0362 0.9909 0.1293
vn 0.0322 0.9203 -0.3899
vn -0.1799 0.9837 0.0014
vn 0.0342 0.9991 -0.0268
vn 0.0967 0.9946 -0.0381
vn 0.1494 0.9888 -0.0001
vn 0.1770 0.9832 -0.0449
vn -0.0457 0.9981 0.0425
vn -0.0625 0.9933 0.0971
vn 0.0357 0.9972 -0.0650
vn 0.1377 0.9516 0.2749
vn 0.0966 0.9907 0.0962
vn 0.1030 0.9799 0.1708
vn 0.1389 0.9847 0.1050
vn 0.1016 0.9948 -0.0011
vn 0.0515 0.9872 -0.1509
vn -0.0803 0.9676 -0.2394
vn -0.1588 0.9752 -0.1541
vn -0.0466 0.9937 -0.1020
vn -0.4206 0.8735 -0.2451
vn -0.2627 0.9051 -0.3343
vn -0.1401 0.9582 0.2494
vn 0.2642 0.9000 0.3467
vn 0.3800 0.8286 0.4111
vn 0.2842 0.8345 0.4721
vn 0.1031 0.9939 0.0398
vn 0.0846 0.9962 0.0181
vn -0.0613 0.9964 -0.0591
vn -0.2923 0.9386 -0.1836
vn -0.4245 0.8455 -0.3239
vn -0.3727 0.8846 -0.2804
vn 0.0672 0.9973 0.0298
vn 0.1508 0.9868 0.0584
vn 0.1513 0.9756 0.1589
vn -0.0501 0.9641 0.2608
vn -0.5253 0.8365 0.1558
vn -0.5884 0.8083 0.0232
vn -0.3390 0.9288 -0.1494
vn -0.0758 0.8884 -0.4527
vn -0.0574 0.9983 0.0053
vn 0.1846 0.9822 -0.0353
vn 0.2379 0.9713 -0.0084
vn -0.2143 0.9767 0.0119
vn -0.5546 0.8302 0.0561
vn -0.5315 0.8334 0.1514
vn -0.0948 0.9654 0.2429
vn 0.2945 0.8939 0.3379
vn 0.3135 0.8298 0.4617
vn 0.2287 0.8106 0.5391
vn -0.3227 0.9305 -0.1732
vn 0.0135 0.9652 -0.2611
vn 0.1911 0.9514 -0.2416
vn -0.1781 0.9677 -0.1783
vn -0.4015 0.9146 -0.0478
vn -0.3828 0.9190 0.0941
vn -0.0909 0.9810 0.1712
vn 0.2927 0.9446 0.1483
vn 0.4449 0.8875 0.1201
vn 0.2748 0.9333 0.2313
vn 0.1591 0.9529 0.2581
vn 0.0991 0.9212 0.3763
vn -0.4357 0.8993 0.0369
vn -0.1992 0.9763 -0.0844
vn 0.1326 0.9486 -0.2874
vn -0.0694 0.9388 -0.3375
vn -0.2080 0.9477 -0.2423
vn -0.2088 0.9706 -0.1200
vn -0.1059 0.9943 -0.0083
vn 0.1154 0.9933 0.0041
vn 0.3097 0.9488 -0.0625
vn 0.2922 0.9512 -0.0989
vn 0.0095 0.9999 0.0045
vn -0.1187 0.9926 0.0265
vn -0.0723 0.9929 -0.0949
vn -0.0877 0.9916 -0.0946
vn -0.2973 0.9197 -0.2565
vn -0.3407 0.9402 -0.0012
vn -0.1899 0.9818 -0.0064
vn -0.0497 0.9925 -0.1115
vn -0.0167 0.9858 -0.1669
vn -0.0048 0.9884 -0.1519
vn 0.0172 0.9949 -0.0991
vn 0.0619 0.9966 -0.0547
vn 0.1361 0.9886 -0.0647
vn 0.1828 0.9749 -0.1272
vn 0.1184 0.9776 -0.1739
vn -0.0561 0.9917 -0.1154
vn -0.1657 0.9859 -0.0239
vn -0.1534 0.9879 -0.0206
vn -0.1209 0.9895 -0.0798
vn -0.1593 0.9847 -0.0708
vn 0.1576 0.9843 -0.0800
vn 0.0305 0.9916 -0.1255
vn -0.0638 0.9980 0.0024
vn -0.0222 0.9968 0.0766
vn 0.0631 0.9953 0.0737
vn 0.1136 0.9921 0.0529
vn 0.1354 0.9902 0.0337
vn 0.1438 0.9895 0.0164
vn 0.1499 0.9887 0.0057
vn 0.1693 0.9855 -0.0138
vn 0.1673 0.9853 -0.0356
vn 0.1193 0.9922 -0.0375
vn 0.0166 0.9998 0.0083
vn -0.0602 0.9957 0.0697
vn -0.0520 0.9931 0.1053
vn 0.0045 0.9923 0.1241
vn 0.0562 0.9850 0.1629
vn 0.1073 0.9685 0.2249
vn 0.1028 0.9671 0.2327
vn 0.1407 0.9598 0.2428
vn 0.1190 0.9615 0.2478
vn 0.1436 0.9696 0.1983
vn 0.1171 0.9708 0.2095
vn 0.1204 0.9731 0.1964
vn 0.1209 0.9796 0.1603
vn 0.1048 0.9867 0.1244
vn 0.0793 0.9933 0.0837
vn 0.0416 0.9984 0.0395
vn 0.0275 0.9990 -0.0359
vn -0.0266 0.9936 -0.1094
vn -0.0737 0.9829 -0.1688
vn -0.1084 0.9762 -0.1878
vn -0.1085 0.9804 -0.1643
vn -0.0863 0.9871 -0.1346
vn -0.0677 0.9893 -0.1291
vn -0.0673 0.9858 -0.1538
vn -0.0801 0.9773 -0.1961
vn -0.1166 0.9634 -0.2413
vn -0.1376 0.9775 0.1599
vn -0.4219 0.9032 -0.0788
vn -0.0336 0.9559 0.2917
vn -0.3081 0.9514 0.0011
vn 0.1604 0.9530 -0.2572
vn 0.0846 0.9633 -0.2548
vn -0.2238 0.9717 -0.0754
vn 0.1531 0.8240 -0.5455
vn 0.3214 0.9253 -0.2013
vn 0.1949 0.9787 0.0646
vn -0.1464 0.9766 0.1575
vn 0.0129 0.9996 -0.0261
vn 0.1417 0.9692 0.2017
vn 0.2917 0.9221 0.2543
vn -0.0673 0.9964 0.0519
vn -0.2229 0.9719 0.0753
vn -0.1586 0.9713 0.1774
vn -0.0499 0.9611 0.2715
vn 0.1233 0.9367 0.3278
vn 0.1057 0.9625 0.2499
vn -0.1052 0.9878 0.1151
vn -0.1167 0.9874 -0.1073
vn 0.3398 0.7838 -0.5199
vn 0.3821 0.8744 -0.2990
vn 0.3260 0.9440 0.0505
vn 0.2109 0.9717 0.1062
vn 0.0563 0.9609 -0.2709
vn 0.1650 0.9428 -0.2896
vn -0.0849 0.9748 -0.2065
vn -0.1021 0.9875 0.1199
vn 0.1684 0.9850 0.0386
vn 0.4271 0.8947 0.1306
vn 0.3725 0.9279 0.0153
vn 0.0366 0.9571 -0.2875
vn 0.0443 0.9980 0.0461
vn 0.0971 0.9721 0.2134
vn -0.0452 0.9241 -0.3795
vn -0.1974 0.9551 0.2209
vn -0.2056 0.9614 0.1829
vn 0.0548 0.9436 0.3266
vn 0.2188 0.9481 0.2306
vn 0.1232 0.9807 0.1516
vn -0.0468 0.9887 0.1426
vn 0.0715 0.8878 -0.4546
vn 0.0425 0.9343 -0.3541
vn -0.2250 0.9439 0.2417
vn -0.1062 0.9831 0.1491
vn -0.1669 0.9689 0.1825
vn -0.0623 0.9332 0.3539
vn 0.0357 0.9886 0.1461
vn 0.1396 0.9817 -0.1297
vn 0.1616 0.8777 -0.4512
vn 0.0559 0.9904 -0.1261
vn 0.0393 0.9992 0.0036
vn -0.1511 0.9870 0.0557
vn -0.1055 0.9453 0.3087
vn -0.3246 0.9420 0.0848
vn 0.0763 0.9949 0.0654
vn -0.0284 0.9917 -0.1253
vn -0.2009 0.9683 -0.1484
vn -0.3674 0.9296 -0.0306
vn 0.1324 0.8777 -0.4606
vn 0.2269 0.8757 -0.4262
vn 0.2707 0.9197 -0.2842
vn 0.2137 0.9742 -0.0723
vn -0.0522 0.9986 -0.0040
vn -0.2587 0.9646 -0.0504
vn 0.1698 0.8774 -0.4487
vn 0.2039 0.9493 -0.2392
vn 0.2711 0.9625 -0.0139
vn 0.3463 0.9256 0.1529
vn 0.3062 0.9383 0.1607
vn 0.0613 0.9974 0.0369
vn -0.2011 0.9784 -0.0470
vn -0.1753 0.9843 0.0215
vn -0.1690 0.9487 0.2671
vn -0.0891 0.9509 0.2965
vn 0.0010 0.9511 0.3088
vn 0.1121 0.9371 0.3305
vn 0.2042 0.9256 0.3187
vn 0.1956 0.9468 0.2555
vn 0.0509 0.9836 0.1731
vn -0.1341 0.9808 0.1418
vn -0.1894 0.9625 0.1943
vn -0.1837 0.9600 0.2114
vn 0.1112 0.9650 -0.2374
vn 0.1148 0.9871 -0.1120
vn 0.1099 0.9939 0.0089
vn 0.1207 0.9844 0.1279
vn 0.1508 0.9613 0.2305
vn 0.1726 0.9465 0.2726
vn 0.1452 0.9651 0.2180
vn 0.0644 0.9953 0.0725
vn 0.0010 0.9973 -0.0739
vn 0.0303 0.9938 -0.1073
vn 0.0047 0.9937 -0.1120
vn -0.1758 0.9770 -0.1208
vn 0.2641 0.8918 -0.3674
vn 0.3453 0.8799 -0.3264
vn 0.4123 0.8744 -0.2558
vn 0.4688 0.8708 -0.1480
vn 0.4807 0.8767 -0.0188
vn 0.4178 0.9066 0.0589
vn 0.3077 0.9515 0.0072
vn 0.1633 0.9695 -0.1826
vn 0.0589 0.9290 -0.3653
vn 0.0709 0.9191 -0.3876
vn 0.1603 0.9512 -0.2637
vn 0.1991 0.9768 -0.0787
vn 0.0996 0.9935 0.0547
vn -0.1478 0.9854 0.0849
vn -0.2669 0.9050 0.3312
vn -0.2547 0.9224 0.2903
vn -0.1650 0.9493 0.2674
vn 0.0296 0.9611 0.2745
vn 0.2526 0.9232 0.2897
vn 0.3407 0.9052 0.2540
vn 0.3130 0.9403 0.1337
vn 0.2223 0.9748 -0.0177
vn 0.0538 0.9971 -0.0536
vn -0.0517 0.9925 0.1107
vn -0.0382 0.9532 0.2999
vn 0.0224 0.9763 0.2151
vn 0.0927 0.9868 -0.1330
vn 0.1284 0.8918 -0.4339
vn 0.1275 0.8298 -0.5434
vn 0.1103 0.8236 -0.5563
vn -0.1169 0.9872 0.1087
vn -0.1671 0.9847 0.0499
vn -0.1519 0.9842 0.0914
vn -0.1148 0.9732 0.1993
vn -0.0281 0.9385 0.3443
vn 0.0690 0.9174 0.3920
vn 0.1106 0.9624 0.2483
vn 0.1559 0.9867 0.0458
vn 0.2737 0.9618 0.0073
vn 0.2743 0.9609 -0.0368
vn 0.0908 0.9121 -0.3999
vn 0.0558 0.8269 -0.5595
vn 0.0898 0.9132 -0.3974
vn 0.0630 0.9797 -0.1905
vn -0.0234 0.9937 -0.1100
vn -0.1364 0.9869 -0.0864
vn -0.1999 0.9796 -0.0214
vn -0.2147 0.9746 0.0640
vn -0.1022 0.9754 0.1954
vn -0.1302 0.9717 0.1971
vn -0.2083 0.9488 0.2372
vn -0.1439 0.9449 0.2939
vn -0.1085 0.9554 0.2747
vn -0.0510 0.9797 0.1938
vn -0.0132 0.9961 0.0871
vn -0.0371 0.9987 0.0357
vn -0.0546 0.9966 0.0618
vn -0.0519 0.9963 0.0683
vn -0.0236 0.9984 0.0505
vn -0.0779 0.9942 0.0749
vn -0.0700 0.9887 0.1323
vn -0.0370 0.9914 0.1256
vn -0.0104 0.9970 0.0769
vn -0.0138 0.9992 0.0373
vn -0.0515 0.9979 0.0395
vn -0.0640 0.9928 0.1014
vn -0.0981 0.9869 0.1282
vn -0.1111 0.9804 0.1625
vn -0.1923 0.9747 0.1143
vn -0.0178 0.9910 0.1329
vn -0.0643 0.9928 -0.1007
vn -0.0795 0.9894 -0.1216
vn -0.0176 0.9846 0.1738
vn -0.0086 0.9693 0.2457
vn -0.0532 0.9982 -0.0263
vn 0.0099 0.9408 0.3389
vn 0.1071 0.9894 0.0984
vn 0.1158 0.8762 -0.4678
vn 0.0869 0.8953 -0.4369
vn -0.2554 0.9426 0.2154
vn 0.2148 0.8125 -0.5420
vn -0.0049 0.9756 -0.2196
vn -0.2249 0.9302 0.2901
vn -0.1052 0.9913 0.0797
vn -0.1032 0.9937 0.0431
vn -0.0887 0.9960 0.0143
vn -0.1395 0.9894 0.0396
vn 0.0434 0.9922 -0.1169
vn 0.1457 0.9839 -0.1038
vn 0.2016 0.9792 -0.0209
vn 0.0020 1.0000 0.0050
vn -0.1185 0.9875 0.1034
vn 0.1624 0.9755 0.1483
vn 0.0196 0.9172 0.3980
vn -0.2476 0.9628 -0.1081
vn 0.1707 0.9632 0.2076
vn -0.2365 0.9716 -0.0023
vn -0.1622 0.9548 0.2490
vn 0.0478 0.7816 0.6219
vn 0.1288 0.9879 0.0867
vn 0.0547 0.7553 -0.6531
vn -0.3635 0.9283 0.0786
vn 0.1485 0.9441 0.2944
vn -0.2094 0.9219 -0.3259
vn -0.0301 0.9712 0.2365
vn -0.0208 0.9993 -0.0321
vn -0.0566 0.8817 -0.4683
vn -0.3948 0.9174 0.0507
vn -0.3778 0.9215 -0.0904
vn -0.1840 0.9755 0.1206
vn -0.0264 0.9987 0.0432
vn -0.1060 0.9940 0.0285
vn -0.4524 0.8913 0.0294
vn -0.4307 0.8963 -0.1054
vn -0.1595 0.9829 -0.0919
vn -0.0347 0.9936 -0.1073
vn 0.2789 0.9587 -0.0550
vn 0.2359 0.9607 0.1463
vn -0.3597 0.9018 0.2397
vn -0.2904 0.7181 0.6324
vn -0.0235 0.7983 0.6018
vn -0.0737 0.9407 -0.3311
vn -0.0779 0.9488 -0.3061
vn -0.0227 0.9506 0.3096
vn -0.0335 0.9937 -0.1065
vn -0.2307 0.9728 0.0191
vn -0.0715 0.8799 0.4697
vn -0.2559 0.8724 -0.4164
vn -0.3023 0.9352 -0.1846
vn 0.3215 0.8693 0.3755
vn 0.4694 0.7779 0.4179
vn -0.5498 0.7451 -0.3775
vn -0.5349 0.7982 -0.2771
vn -0.1117 0.9806 0.1608
vn -0.2194 0.9756 0.0054
vn -0.0945 0.9955 -0.0086
vn -0.1720 0.9843 0.0393
vn 0.2475 0.9644 0.0936
vn 0.0269 0.9994 0.0220
vn -0.0768 0.9600 0.2694
vn 0.1568 0.9367 0.3130
vn -0.0187 0.9998 0.0039
vn -0.0096 0.9955 -0.0943
vn 0.3381 0.9263 0.1664
vn -0.3566 0.8174 0.4525
vn 0.1915 0.9791 0.0687
vn -0.0200 0.9685 0.2482
vn 0.2160 0.9736 -0.0743
vn 0.2841 0.9252 -0.2516
vn -0.1980 0.7071 0.6788
vn -0.0287 0.9956 -0.0897
vn -0.0409 0.9495 -0.3111
vn 0.1973 0.9697 0.1438
vn 0.2331 0.9563 0.1765
vn 0.1537 0.9818 -0.1117
vn -0.0531 0.9798 0.1927
vn 0.0118 0.9976 0.0681
vn -0.1290 0.9843 0.1202
vn -0.0854 0.9093 -0.4074
vn 0.0744 0.7761 -0.6262
vn -0.0342 0.9994 -0.0039
vn -0.0390 0.9301 -0.3653
vn -0.0861 0.8791 -0.4688
vn 0.1991 0.9791 0.0420
vn -0.0591 0.9906 0.1234
vn 0.1152 0.9446 0.3075
vn 0.0488 0.8861 0.4610
vn 0.1500 0.8651 -0.4787
vn -0.0195 0.9557 -0.2937
vn -0.1402 0.9882 -0.0615
vn -0.0421 0.9970 0.0656
vn -0.2007 0.9394 -0.2780
vn -0.0480 0.9338 -0.3546
vn 0.0240 0.9861 0.1646
vn 0.0626 0.9718 -0.2275
vn 0.0656 0.9136 0.4012
vn 0.1836 0.9440 0.2742
vn 0.1203 0.9690 -0.2160
vn -0.0287 0.9660 0.2568
vn -0.0179 0.9510 0.3087
vn -0.3245 0.9354 0.1402
vn -0.1403 0.9851 -0.0998
vn 0.1004 0.7501 -0.6537
vn -0.0650 0.9979 -0.0010
vn -0.1525 0.9690 -0.1941
vn 0.1089 0.9180 -0.3813
vn 0.0856 0.9614 0.2614
vn 0.0644 0.9871 0.1464
vn 0.0022 0.9998 0.0184
vn -0.2095 0.9772 0.0341
vn -0.2243 0.9738 0.0385
vn -0.0084 0.9977 0.0676
vn -0.0484 0.9895 0.1364
vn -0.1097 0.9655 0.2363
vn -0.0509 0.9781 0.2017
vn -0.0119 0.9993 -0.0362
vn -0.0013 0.9980 -0.0639
vn -0.0019 0.9996 -0.0283
vn 0.0734 0.9967 0.0344
vn 0.2722 0.8922 0.3604
vn 0.2639 0.8677 0.4213
vn 0.1289 0.9849 0.1157
vn 0.0908 0.9803 0.1757
vn -0.0331 0.9882 0.1492
vn 0.0011 0.9967 0.0807
vn 0.2608 0.9463 -0.1912
vn 0.3337 0.9067 -0.2581
vn 0.2084 0.9747 0.0808
vn 0.0168 0.9451 0.3263
vn 0.0596 0.9895 -0.1313
vn 0.0970 0.9709 -0.2190
vn -0.0107 0.9943 -0.1063
vn 0.0251 0.9996 0.0120
vn 0.1725 0.9323 0.3180
vn 0.1874 0.9258 0.3284
vn 0.2971 0.9537 -0.0466
vn 0.2982 0.9420 -0.1537
vn 0.0280 0.9995 0.0150
vn -0.1449 0.9486 0.2814
vn -0.0364 0.9976 0.0586
vn -0.0507 0.9957 0.0776
vn -0.1515 0.9862 -0.0662
vn -0.1536 0.9708 -0.1841
vn -0.0001 0.8308 -0.5566
vn 0.0587 0.7950 -0.6037
vn 0.1029 0.9429 -0.3167
vn 0.0747 0.9910 -0.1114
vn 0.0233 0.9991 0.0347
vn 0.0258 0.9926 -0.1187
vn -0.0161 0.9811 -0.1929
vn -0.0483 0.9987 -0.0135
vn 0.1587 0.9844 0.0764
vn 0.1168 0.9864 0.1160
vn -0.0426 0.9887 0.1438
vn -0.0182 0.9849 0.1720
vn 0.0246 0.8982 0.4389
vn -0.0121 0.8766 0.4811
vn 0.0493 0.9980 -0.0393
vn 0.0885 0.9432 -0.3201
vn 0.0838 0.7624 -0.6416
vn 0.0485 0.8034 -0.5934
vn -0.1198 0.9863 -0.1138
vn -0.1509 0.9880 -0.0327
vn -0.1144 0.9186 -0.3783
vn -0.0995 0.8768 -0.4705
vn -0.0272 0.9721 -0.2328
vn 0.0429 0.9450 -0.3243
vn -0.0663 0.9928 -0.0998
vn -0.0507 0.9982 0.0315
vn 0.0318 0.9965 0.0770
vn 0.0603 0.9978 -0.0282
vn 0.0860 0.9962 0.0131
vn 0.0598 0.9668 0.2486
vn 0.1019 0.8390 0.5344
vn 0.1429 0.8705 0.4709
vn 0.2122 0.9762 -0.0447
vn 0.1909 0.9610 -0.2001
vn 0.0566 0.9920 -0.1132
vn 0.0055 0.9984 0.0567
vn -0.0518 0.9651 0.2566
vn -0.0504 0.9835 0.1737
vn -0.3932 0.9066 0.1535
vn -0.3366 0.9354 0.1080
vn -0.1066 0.9003 -0.4220
vn -0.0692 0.8492 -0.5235
vn 0.1321 0.8163 -0.5623
vn 0.1275 0.9079 -0.3993
vn -0.1079 0.9781 0.1779
vn -0.1427 0.9811 0.1305
vn -0.0405 0.9107 -0.4110
vn 0.0239 0.8811 -0.4723
vn 0.1017 0.9948 -0.0110
vn 0.1029 0.9806 0.1671
vn 0.0981 0.9464 0.3077
vn 0.0976 0.9630 0.2512
vn 0.0670 0.9958 -0.0619
vn 0.0443 0.9952 -0.0869
vn -0.0151 0.9830 0.1831
vn -0.0208 0.9651 0.2611
vn -0.2136 0.9769 -0.0030
vn -0.1820 0.9832 0.0167
vn -0.1855 0.9624 0.1983
vn -0.2244 0.9436 0.2434
vn -0.1957 0.9801 -0.0336
vn -0.0553 0.9501 -0.3071
vn 0.2358 0.7244 -0.6478
vn 0.1883 0.8007 -0.5688
vn -0.2145 0.9720 0.0960
vn -0.2680 0.9427 0.1986
vn -0.0565 0.9620 -0.2671
vn 0.0706 0.8677 -0.4921
vn 0.1359 0.8457 -0.5161
vn 0.1146 0.9124 -0.3929
vn 0.0792 0.9942 0.0729
vn 0.0854 0.9786 0.1873
vn 0.0372 0.9454 0.3238
vn 0.0222 0.9640 0.2650
vn -0.0229 0.9997 -0.0041
vn -0.0322 0.9994 -0.0103
vn -0.0210 0.9439 0.3295
vn -0.0954 0.9706 -0.2210
vn -0.3072 0.8886 -0.3407
vn -0.0765 0.9204 -0.3835
vn -0.2098 0.9248 -0.3173
vn -0.0231 0.9819 -0.1879
vn 0.0248 0.8281 0.5600
vn 0.6487 0.6329 0.4227
vn 0.4340 0.7017 0.5651
vn 0.1962 0.6217 0.7583
vn -0.1645 0.7143 0.6802
vn 0.3330 0.9305 0.1523
vn 0.0317 0.9820 -0.1861
vn -0.0859 0.9577 -0.2747
vn -0.0462 0.9989 0.0059
vn -0.4049 0.9092 0.0972
vn -0.2381 0.9686 -0.0715
vn -0.3135 0.9166 -0.2482
vn -0.2007 0.9111 -0.3600
vn -0.0316 0.8859 -0.4628
vn -0.1128 0.9550 -0.2744
vn -0.0108 0.9968 0.0791
vn -0.2449 0.8608 -0.4461
vn -0.1330 0.9825 -0.1303
vn -0.0240 0.9990 0.0387
vn 0.0246 0.9973 -0.0689
vn 0.1396 0.9660 -0.2178
vn -0.1453 0.9891 0.0240
vn 0.3415 0.9394 -0.0315
vn 0.2244 0.9486 0.2232
vn 0.1760 0.9839 0.0304
vn 0.1098 0.9903 0.0847
vn -0.0742 0.9844 0.1596
vn -0.0051 0.9978 -0.0660
vn 0.1182 0.9520 -0.2824
vn -0.0465 0.9935 0.1043
vn 0.1235 0.9782 -0.1668
vn 0.0240 0.9929 0.1168
vn -0.0400 0.9782 0.2038
vn -0.0487 0.9886 -0.1428
vn -0.0906 0.9861 -0.1390
vn -0.1589 0.9871 0.0215
vn 0.0275 0.9918 -0.1250
vn 0.0913 0.9689 -0.2301
vn 0.0738 0.9907 -0.1147
vn -0.0730 0.9781 -0.1951
vn -0.0686 0.9927 0.0996
vn 0.0494 0.9987 -0.0112
vn -0.0744 0.9473 0.3116
vn 0.1621 0.9689 0.1869
vn 0.0964 0.9748 0.2012
vn 0.1311 0.9414 0.3108
vn 0.2307 0.9484 0.2176
vn 0.1523 0.9858 0.0711
vn 0.0967 0.9892 -0.1104
vn -0.2066 0.9605 -0.1864
vn -0.1524 0.9750 -0.1619
vn -0.3435 0.8404 -0.4192
vn -0.2513 0.8824 -0.3978
vn -0.1177 0.9175 -0.3799
vn -0.1045 0.9114 -0.3980
vn 0.5968 0.6971 0.3974
vn 0.5973 0.6473 0.4736
vn 0.4149 0.6200 0.6659
vn 0.3427 0.6288 0.6980
vn 0.1673 0.7340 0.6582
vn 0.1159 0.8042 0.5829
vn 0.4276 0.8844 0.1871
vn 0.3876 0.9146 0.1152
vn 0.1773 0.9828 -0.0514
vn 0.1047 0.9908 -0.0863
vn 0.0016 0.9990 -0.0452
vn -0.0029 0.9999 0.0145
vn 0.0150 0.9297 0.3681
vn -0.0050 0.8369 0.5474
vn -0.0889 0.9958 0.0220
vn -0.1583 0.9844 -0.0770
vn -0.2852 0.9149 -0.2855
vn -0.2870 0.8991 -0.3306
vn -0.2082 0.8753 -0.4365
vn -0.1676 0.8711 -0.4615
vn -0.0529 0.8818 -0.4687
vn -0.0386 0.9021 -0.4299
vn -0.1726 0.9725 -0.1563
vn -0.2500 0.9649 -0.0811
vn -0.3375 0.8521 -0.4001
vn -0.3180 0.8891 -0.3291
vn -0.2150 0.9652 -0.1491
vn -0.1721 0.9798 -0.1016
vn -0.0690 0.9973 -0.0264
vn -0.0417 0.9986 -0.0329
vn 0.0422 0.9901 -0.1335
vn 0.0771 0.9803 -0.1820
vn 0.1080 0.9578 -0.2663
vn 0.0584 0.9678 -0.2450
vn -0.2588 0.9658 0.0176
vn -0.3071 0.9484 0.0793
vn 0.1808 0.9835 -0.0012
vn 0.1511 0.9881 -0.0296
vn 0.1444 0.9890 -0.0310
vn 0.1615 0.9869 0.0008
vn 0.0933 0.9855 0.1416
vn 0.0363 0.9853 0.1668
vn -0.0607 0.9920 0.1109
vn -0.0619 0.9964 0.0588
vn 0.0316 0.9860 -0.1639
vn 0.0770 0.9685 -0.2367
vn 0.0879 0.9626 -0.2564
vn 0.0333 0.9869 -0.1578
vn -0.0776 0.9699 0.2307
vn 0.0086 0.9746 0.2238
vn 0.0565 0.9478 0.3138
vn 0.0764 0.9403 0.3316
vn 0.0274 0.9812 0.1913
vn 0.0117 0.9942 0.1073
vn 0.0245 0.9892 -0.1442
vn 0.0140 0.9866 -0.1628
vn -0.0958 0.9950 -0.0296
vn -0.1286 0.9914 0.0234
vn -0.1209 0.9909 0.0598
vn -0.0786 0.9966 0.0261
vn 0.0841 0.9882 -0.1280
vn 0.1178 0.9779 -0.1728
vn 0.0941 0.9775 -0.1887
vn 0.0669 0.9871 -0.1455
vn 0.1231 0.9923 -0.0150
vn 0.1951 0.9797 -0.0463
vn -0.0473 0.9983 -0.0348
vn 0.0687 0.9921 -0.1053
vn -0.0091 0.9962 0.0871
vn -0.0747 0.9811 0.1783
vn -0.1176 0.9639 0.2390
vn -0.0627 0.9807 0.1850
vn 0.1007 0.9948 0.0158
vn 0.0935 0.9955 0.0164
vn 0.0058 0.9909 0.1346
vn -0.0023 0.9844 0.1761
vn 0.0782 0.9744 0.2109
vn 0.1245 0.9748 0.1852
vn 0.1947 0.9785 0.0675
vn 0.1844 0.9824 0.0306
vn 0.1179 0.9914 -0.0567
vn 0.1166 0.9895 -0.0858
vn 0.0977 0.9819 -0.1625
vn 0.0533 0.9821 -0.1807
vn -0.1037 0.9864 -0.1274
vn -0.0762 0.9923 -0.0974
vn -0.0543 0.9921 -0.1132
vn -0.0624 0.9885 -0.1381
vn -0.0907 0.9866 -0.1355
vn -0.0778 0.9913 -0.1061
vn -0.0160 0.9999 0.0036
vn 0.0010 0.9999 0.0132
vn -0.0020 0.9999 -0.0128
vn -0.0081 0.9998 -0.0192
vn -0.0100 0.9999 -0.0114
vn -0.0051 1.0000 -0.0056
vn -0.0012 0.9999 -0.0160
vn -0.0065 0.9996 -0.0287
vn -0.0344 0.9972 -0.0671
vn -0.0414 0.9961 -0.0781
vn -0.0604 0.9898 -0.1286
vn -0.0769 0.9849 -0.1551
vn -0.0933 0.9788 -0.1825
vn -0.1012 0.9762 -0.1917
vn -0.0321 0.9359 0.3509
vn -0.3079 0.9514 0.0080
vn 0.0974 0.9777 0.1862
vn -0.6458 0.6713 -0.3637
vn 0.2123 0.9771 0.0114
vn 0.1492 0.9671 0.2059
vn -0.3644 0.9288 -0.0671
vn -0.1275 0.9827 0.1346
vn 0.3717 0.9170 0.1446
vn -0.4048 0.8978 -0.1733
vn 0.4673 0.7772 0.4215
vn 0.0504 0.9940 -0.0973
vn -0.0183 0.9593 -0.2818
vn 0.5274 0.8477 0.0565
vn -0.6322 0.6820 -0.3676
vn 0.1444 0.9197 0.3650
vn 0.1727 0.9642 -0.2011
vn -0.0018 0.9641 -0.2657
vn 0.2652 0.9442 0.1955
vn -0.2031 0.9561 -0.2111
vn -0.0216 0.9990 0.0402
vn -0.3899 0.6864 -0.6138
vn 0.0759 0.9950 -0.0645
vn 0.0403 0.9974 0.0591
vn 0.0396 0.9467 0.3197
vn 0.1127 0.9866 0.1176
vn -0.3668 0.8143 -0.4497
vn 0.5321 0.7291 0.4304
vn -0.1773 0.9003 0.3975
vn 0.0093 0.9919 0.1270
vn 0.0391 0.9683 0.2467
vn 0.0997 0.9750 0.1988
vn 0.1391 0.9616 -0.2368
vn -0.2214 0.7997 -0.5581
vn 0.4731 0.8510 0.2279
vn -0.0648 0.8580 -0.5096
vn -0.2006 0.9745 0.1003
vn -0.0251 0.9868 0.1601
vn 0.0294 0.9930 0.1147
vn 0.0571 0.9917 -0.1150
vn 0.0509 0.9045 -0.4235
vn -0.0239 0.9924 -0.1209
vn -0.0110 0.8501 0.5265
vn -0.0040 0.9010 0.4338
vn -0.2482 0.9100 0.3321
vn 0.0101 0.9988 -0.0479
vn -0.0804 0.9767 0.1991
vn -0.0545 0.9825 0.1781
vn -0.1228 0.9884 0.0897
vn -0.2472 0.9561 0.1573
vn -0.1169 0.9096 0.3986
vn 0.0087 0.9830 0.1834
vn 0.1468 0.9880 -0.0479
vn 0.2089 0.9309 -0.2995
vn 0.1135 0.9613 -0.2512
vn 0.0316 0.9723 0.2317
vn -0.0119 0.9753 0.2208
vn 0.2457 0.9690 0.0269
vn 0.2831 0.9548 0.0909
vn 0.0125 0.9888 0.1490
vn -0.2564 0.9666 0.0004
vn -0.1345 0.9730 0.1874
vn -0.0350 0.9826 0.1824
vn 0.3631 0.9018 0.2343
vn 0.3135 0.9218 0.2282
vn -0.5445 0.8086 -0.2231
vn -0.6596 0.6790 -0.3224
vn 0.0060 0.9985 -0.0544
vn -0.0356 0.9931 -0.1118
vn 0.0298 0.9750 -0.2200
vn 0.2642 0.9528 -0.1495
vn 0.3921 0.9199 -0.0045
vn -0.0004 0.9867 -0.1626
vn -0.6880 0.6376 -0.3466
vn -0.5615 0.8071 -0.1823
vn 0.1522 0.9722 -0.1780
vn 0.1012 0.9680 -0.2296
vn -0.0339 0.9591 -0.2810
vn -0.0319 0.9728 -0.2295
vn 0.4121 0.8916 0.1878
vn 0.5071 0.8214 0.2610
vn -0.3332 0.8906 -0.3097
vn -0.5104 0.7571 -0.4077
vn 0.1503 0.9651 0.2143
vn 0.4389 0.7892 0.4295
vn 0.1018 0.9884 -0.1129
vn 0.0998 0.9874 -0.1225
vn 0.0469 0.9979 -0.0437
vn 0.0326 0.9986 0.0420
vn 0.0381 0.9500 0.3098
vn 0.1394 0.9048 0.4023
vn 0.0773 0.9927 0.0924
vn -0.2292 0.9364 -0.2656
vn -0.3315 0.8590 -0.3902
vn 0.0499 0.9986 -0.0179
vn 0.4797 0.7648 0.4300
vn 0.2218 0.9573 0.1852
vn 0.0469 0.9974 0.0542
vn 0.0538 0.9951 0.0834
vn 0.0569 0.9790 0.1957
vn 0.0670 0.9683 0.2405
vn 0.0949 0.9611 0.2595
vn 0.1058 0.9665 0.2338
vn 0.1422 0.9845 -0.1029
vn 0.0209 0.9295 -0.3682
vn -0.2990 0.7815 -0.5475
vn -0.2278 0.8932 -0.3877
vn 0.5456 0.7942 0.2675
vn 0.5614 0.8214 0.1010
vn -0.1832 0.7793 -0.5993
vn -0.3492 0.7819 -0.5165
vn -0.0531 0.9739 0.2206
vn -0.0327 0.9698 0.2416
vn 0.0109 0.9779 0.2089
vn 0.0258 0.9866 0.1612
vn 0.0668 0.9970 -0.0395
vn 0.0832 0.9895 -0.1178
vn 0.0659 0.9057 -0.4188
vn 0.0335 0.8817 -0.4707
vn -0.0908 0.9630 -0.2537
vn -0.1229 0.9917 -0.0382
vn 0.0262 0.8505 0.5253
vn 0.0794 0.8446 0.5295
vn -0.0641 0.9028 0.4253
vn -0.1573 0.8826 0.4429
vn -0.2894 0.8411 0.4569
vn -0.2672 0.8720 0.4103
vn -0.0532 0.9851 0.1633
vn -0.0392 0.9831 0.1787
vn -0.0386 0.9862 0.1610
vn -0.0508 0.9884 0.1429
vn -0.1157 0.9921 0.0483
vn -0.1444 0.9895 0.0118
vn -0.2026 0.9793 0.0059
vn -0.1932 0.9786 0.0710
vn -0.0688 0.9261 0.3708
vn -0.0306 0.9156 0.4010
vn 0.0403 0.9692 0.2431
vn 0.0777 0.9804 0.1811
vn 0.1997 0.9798 -0.0104
vn 0.2266 0.9704 -0.0840
vn 0.1996 0.9388 -0.2807
vn 0.1475 0.9400 -0.3077
vn 0.0201 0.9790 -0.2030
vn -0.0050 0.9906 -0.1365
vn 0.0577 0.9930 -0.1026
vn 0.0623 0.9925 -0.1051
vn 0.0928 0.9847 -0.1473
vn 0.0847 0.9850 -0.1504
vn 0.0830 0.9859 -0.1454
vn 0.0777 0.9871 -0.1397
vn 0.0429 0.9942 -0.0988
vn 0.0334 0.9963 -0.0789
vn 0.0318 0.9981 -0.0525
vn 0.0383 0.9975 -0.0590
vn 0.0563 0.9944 -0.0891
vn 0.0612 0.9934 -0.0969
vn 0.0778 0.9896 -0.1207
vn 0.0818 0.9882 -0.1295
vn 0.0751 0.9874 -0.1391
vn 0.0741 0.9879 -0.1361
vn 0.0776 0.9881 -0.1330
vn 0.0819 0.9873 -0.1363
vn 0.1056 0.9813 -0.1610
vn 0.1171 0.9777 -0.1740
vn -0.0113 0.9846 0.1746
vn 0.0937 0.9374 0.3354
vn -0.1725 0.8626 -0.4756
vn 0.0467 0.9826 0.1797
vn -0.0612 0.9901 0.1263
vn 0.0788 0.9340 -0.3484
vn -0.1475 0.9866 0.0700
vn -0.1903 0.9632 0.1899
vn 0.2487 0.8357 -0.4896
vn -0.0171 0.8825 0.4699
vn 0.1463 0.9851 -0.0902
vn 0.1487 0.9846 0.0914
vn 0.0584 0.8118 -0.5810
vn -0.0032 0.9979 0.0641
vn -0.1122 0.9256 0.3615
vn 0.1714 0.9836 -0.0562
vn 0.0116 0.7839 -0.6208
vn -0.0402 0.9571 0.2869
vn -0.0850 0.7520 -0.6537
vn -0.1079 0.8153 0.5689
vn 0.0692 0.9476 -0.3118
vn 0.0430 0.9917 -0.1210
vn 0.0440 0.9321 0.3596
vn 0.0254 0.9282 0.3713
vn 0.0161 0.9921 -0.1244
vn -0.0783 0.9575 0.2775
vn 0.0358 0.9993 0.0132
vn 0.0041 0.9657 -0.2595
vn -0.1004 0.9897 -0.1017
vn -0.1806 0.8931 0.4119
vn 0.1266 0.8903 -0.4374
vn 0.2100 0.9772 0.0299
vn 0.0301 0.7768 -0.6290
vn 0.0774 0.8788 0.4709
vn -0.0392 0.9815 -0.1874
vn -0.1256 0.9757 -0.1797
vn -0.1398 0.9902 -0.0036
vn 0.0128 0.9876 0.1567
vn 0.2195 0.9267 -0.3049
vn 0.1117 0.9936 -0.0179
vn 0.2900 0.9570 0.0037
vn 0.1060 0.9938 0.0326
vn 0.1729 0.9700 0.1709
vn 0.0203 0.9949 -0.0990
vn -0.1458 0.9780 -0.1494
vn -0.1873 0.9823 0.0002
vn 0.0292 0.9939 0.1066
vn 0.0908 0.9954 -0.0301
vn -0.1537 0.9879 -0.0190
vn -0.2130 0.9765 -0.0329
vn -0.2528 0.9574 -0.1398
vn -0.2221 0.9405 0.2573
vn -0.0016 1.0000 0.0010
vn -0.0073 1.0000 -0.0042
vn -0.1290 0.9908 -0.0416
vn -0.1381 0.8801 -0.4543
vn -0.0582 0.9849 -0.1627
vn -0.0334 0.9906 0.1326
vn -0.1010 0.9784 -0.1806
vn 0.0869 0.9949 -0.0518
vn 0.1429 0.9657 0.2167
vn -0.2865 0.9574 0.0348
vn -0.1768 0.9661 -0.1883
vn 0.1664 0.7298 -0.6631
vn 0.1792 0.7634 -0.6206
vn -0.0113 0.9085 0.4177
vn -0.0742 0.9295 0.3614
vn 0.2361 0.8398 0.4889
vn 0.1875 0.7849 0.5906
vn 0.0985 0.8076 -0.5814
vn 0.1850 0.8074 -0.5602
vn 0.0010 0.9531 0.3027
vn -0.0843 0.8057 0.5863
vn -0.1133 0.9405 0.3203
vn -0.0615 0.9978 0.0261
vn -0.0376 0.7266 -0.6861
vn -0.1214 0.9409 -0.3163
vn 0.0045 0.9983 0.0587
vn 0.0280 0.8980 -0.4391
vn -0.0608 0.8240 -0.5634
vn -0.1186 0.9910 -0.0614
vn -0.1129 0.8598 0.4979
vn -0.0695 0.9519 0.2984
vn 0.0763 0.9355 -0.3450
vn 0.1065 0.9481 -0.2995
vn 0.0778 0.9861 0.1466
vn 0.1272 0.8688 -0.4786
vn -0.0293 0.8616 0.5067
vn 0.0376 0.9618 0.2711
vn -0.0575 0.9415 -0.3322
vn -0.1030 0.7729 -0.6262
vn -0.0952 0.8727 0.4790
vn -0.0582 0.8236 0.5642
vn 0.0433 0.9984 -0.0360
vn 0.0482 0.9662 -0.2531
vn 0.0230 0.9758 -0.2176
vn 0.0252 0.9893 -0.1436
vn -0.1362 0.8781 0.4587
vn 0.0132 0.9798 0.1996
vn 0.1225 0.9335 -0.3369
vn 0.1056 0.9835 0.1466
vn 0.1822 0.9806 -0.0721
vn 0.1214 0.9881 0.0947
vn 0.0013 0.8003 -0.5996
vn 0.0345 0.9961 -0.0812
vn 0.0475 0.9372 0.3456
vn 0.0295 0.9968 0.0743
vn -0.0640 0.9570 -0.2830
vn -0.0907 0.9546 -0.2836
vn -0.0711 0.9848 -0.1584
vn -0.0570 0.9863 -0.1546
vn -0.1129 0.9722 0.2052
vn -0.0375 0.9807 0.1921
vn 0.1480 0.9167 -0.3711
vn 0.0921 0.9336 -0.3462
vn 0.1174 0.9900 0.0780
vn 0.1919 0.9768 0.0951
vn 0.2732 0.9586 -0.0807
vn 0.2305 0.8999 -0.3702
vn 0.0779 0.9626 0.2594
vn 0.1389 0.8768 0.4604
vn 0.0953 0.9942 0.0507
vn 0.0633 0.9978 -0.0193
vn -0.0912 0.9829 -0.1601
vn -0.1348 0.9763 -0.1691
vn -0.1905 0.9695 -0.1542
vn -0.1949 0.9729 -0.1242
vn 0.1747 0.9789 0.1064
vn 0.1963 0.9769 0.0844
vn 0.2270 0.9702 -0.0847
vn 0.1679 0.9762 -0.1376
vn -0.0771 0.9952 -0.0595
vn -0.1103 0.9911 -0.0750
vn -0.0690 0.9975 0.0138
vn -0.0464 0.9989 0.0068
vn -0.1448 0.9699 -0.1960
vn -0.1926 0.9776 -0.0849
vn -0.0630 0.9405 0.3340
vn 0.0003 0.9646 0.2635
vn 0.0532 0.9985 -0.0104
vn 0.0550 0.9983 -0.0172
vn -0.0049 0.9995 -0.0309
vn -0.0458 0.9980 -0.0443
vn -0.1628 0.9845 -0.0651
vn -0.1766 0.9828 -0.0538
vn 0.0260 0.9996 0.0100
vn 0.0498 0.9987 0.0083
vn 0.0938 0.9956 0.0027
vn 0.0941 0.9956 -0.0006
vn 0.0952 0.9955 0.0043
vn 0.1026 0.9947 0.0070
vn 0.0984 0.9951 -0.0128
vn 0.0726 0.9973 -0.0142
vn 0.0362 0.9993 -0.0049
vn 0.0223 0.9997 -0.0083
vn -0.0066 0.9999 0.0096
vn 0.0241 0.9995 0.0196
vn 0.1403 0.9900 0.0111
vn 0.1516 0.9884 0.0043
vn 0.1346 0.9909 -0.0051
vn 0.1315 0.9913 -0.0028
vn 0.1454 0.9894 0.0055
vn 0.1563 0.9877 0.0008
vn 0.1351 0.9908 0.0006
vn 0.1323 0.9912 0.0012
vn -0.2259 0.9435 -0.2425
vn 0.1554 0.9848 0.0770
vn -0.2289 0.9730 0.0296
vn -0.2484 0.9520 0.1790
vn 0.2640 0.8920 0.3669
vn 0.2285 0.9337 0.2756
vn -0.0810 0.8401 -0.5363
vn 0.0543 0.9981 -0.0300
vn -0.1292 0.9904 0.0497
vn -0.4997 0.8596 -0.1067
vn 0.1472 0.9880 -0.0477
vn 0.1370 0.9899 0.0355
vn 0.1307 0.9813 0.1410
vn -0.6238 0.7718 0.1233
vn -0.0188 0.9694 0.2449
vn 0.1138 0.7858 0.6079
vn -0.0412 0.9911 -0.1269
vn 0.0427 0.9933 -0.1077
vn -0.5137 0.8544 0.0778
vn 0.1727 0.9606 0.2179
vn 0.3394 0.8636 0.3727
vn -0.0363 0.9711 0.2360
vn -0.2933 0.9396 -0.1765
vn 0.0665 0.9486 -0.3094
vn -0.3225 0.9430 -0.0822
vn 0.0517 0.9939 0.0978
vn 0.3997 0.9163 0.0236
vn 0.0053 0.9958 0.0909
vn -0.2165 0.9725 -0.0858
vn -0.3592 0.9248 0.1252
vn -0.0135 0.9761 -0.2168
vn -0.1143 0.9671 -0.2271
vn -0.0086 0.9986 -0.0528
vn 0.2329 0.9619 -0.1433
vn -0.0547 0.9937 -0.0979
vn -0.1423 0.9869 -0.0765
vn -0.0123 0.9878 0.1551
vn -0.1134 0.9520 -0.2842
vn -0.1213 0.9924 0.0194
vn 0.0565 0.9977 -0.0377
vn 0.1053 0.9941 -0.0264
vn 0.1719 0.9851 -0.0055
vn 0.1397 0.9891 -0.0460
vn -0.0812 0.9938 0.0756
vn -0.0443 0.9951 0.0889
vn 0.0244 0.9979 -0.0596
vn 0.1888 0.9610 0.2019
vn 0.0836 0.9884 0.1268
vn 0.1205 0.9795 0.1613
vn 0.1331 0.9876 0.0834
vn 0.0866 0.9956 -0.0343
vn 0.0292 0.9822 -0.1857
vn -0.1225 0.9659 -0.2283
vn -0.1369 0.9815 -0.1336
vn -0.0234 0.9955 -0.0922
vn -0.3299 0.9252 -0.1874
vn -0.2078 0.9547 -0.2128
vn 0.2237 0.8735 0.4323
vn 0.3318 0.8313 0.4460
vn 0.3433 0.8530 0.3932
vn 0.2558 0.8835 0.3924
vn 0.0580 0.9977 -0.0337
vn 0.0257 0.9987 -0.0447
vn -0.2110 0.9734 -0.0890
vn -0.3192 0.9411 -0.1117
vn -0.4379 0.8469 -0.3018
vn -0.3655 0.8443 -0.3920
vn 0.1372 0.9896 0.0445
vn 0.1908 0.9796 0.0638
vn 0.1455 0.9697 0.1962
vn -0.0767 0.9744 0.2112
vn -0.6284 0.7691 0.1168
vn -0.5932 0.7993 0.0962
vn -0.1321 0.9894 0.0598
vn -0.0209 0.9994 -0.0288
vn 0.0207 0.9973 -0.0705
vn 0.1495 0.9849 -0.0873
vn 0.0516 0.9973 -0.0519
vn -0.2233 0.9742 -0.0344
vn -0.5521 0.8293 0.0869
vn -0.4957 0.8567 0.1427
vn 0.1957 0.9537 0.2286
vn 0.3586 0.8988 0.2523
vn 0.3186 0.8315 0.4551
vn 0.2705 0.8171 0.5091
vn -0.2277 0.9457 -0.2318
vn -0.0297 0.9546 -0.2964
vn 0.0564 0.9624 -0.2657
vn -0.1533 0.9622 -0.2253
vn -0.3733 0.9274 -0.0237
vn -0.3448 0.9373 0.0510
vn 0.0849 0.9874 0.1338
vn 0.2520 0.9608 0.1157
vn 0.3932 0.9144 0.0967
vn 0.2766 0.9491 0.1509
vn 0.0803 0.9857 0.1479
vn 0.0778 0.9838 0.1616
vn -0.3636 0.9286 0.0747
vn -0.2270 0.9736 0.0247
vn 0.0393 0.9527 -0.3014
vn -0.0442 0.9417 -0.3335
vn -0.1698 0.9624 -0.2122
vn -0.1605 0.9747 -0.1559
vn -0.0129 0.9996 -0.0253
vn 0.0787 0.9966 -0.0259
vn 0.2846 0.9488 -0.1370
vn 0.2632 0.9505 -0.1651
vn -0.0855 0.9961 -0.0235
vn -0.1464 0.9892 0.0090
vn -0.1005 0.9869 -0.1264
vn -0.0958 0.9822 -0.1616
vn -0.2716 0.9316 -0.2414
vn -0.3068 0.9462 -0.1028
vn -0.1267 0.9919 -0.0102
vn -0.0573 0.9975 -0.0409
vn 0.0273 0.9944 -0.1020
vn 0.0390 0.9940 -0.1020
vn 0.0698 0.9960 -0.0553
vn 0.0854 0.9956 -0.0386
vn 0.1634 0.9853 -0.0491
vn 0.1794 0.9811 -0.0726
vn 0.0882 0.9895 -0.1144
vn 0.0105 0.9960 -0.0887
vn -0.1381 0.9901 0.0250
vn -0.1347 0.9903 0.0346
vn -0.0909 0.9958 -0.0098
vn -0.0995 0.9950 -0.0093
vn 0.1696 0.9853 0.0198
vn 0.1147 0.9933 -0.0165
vn 0.0086 0.9967 0.0809
vn 0.0189 0.9934 0.1127
vn 0.1078 0.9879 0.1119
vn 0.1257 0.9872 0.0979
vn 0.1397 0.9889 0.0506
vn 0.1373 0.9900 0.0310
vn 0.1253 0.9917 -0.0295
vn 0.1275 0.9904 -0.0542
vn 0.0986 0.9882 -0.1174
vn 0.0708 0.9892 -0.1281
vn -0.0673 0.9942 -0.0839
vn -0.0999 0.9935 -0.0544
vn -0.0746 0.9972 0.0086
vn -0.0414 0.9989 0.0213
vn 0.0504 0.9954 0.0813
vn 0.0755 0.9909 0.1110
vn 0.1146 0.9709 0.2101
vn 0.1213 0.9687 0.2167
vn 0.1402 0.9601 0.2420
vn 0.1386 0.9655 0.2205
vn 0.1215 0.9690 0.2153
vn 0.1222 0.9691 0.2142
vn 0.1231 0.9746 0.1872
vn 0.1153 0.9780 0.1737
vn 0.0895 0.9863 0.1384
vn 0.0815 0.9885 0.1273
vn 0.0645 0.9935 0.0936
vn 0.0498 0.9959 0.0755
vn 0.0255 0.9988 0.0414
vn 0.0210 0.9991 0.0379
vn 0.0261 0.9986 0.0466
vn 0.0293 0.9983 0.0511
vn 0.0316 0.9983 0.0482
vn 0.0287 0.9987 0.0424
vn 0.0096 0.9999 0.0031
vn 0.0005 0.9999 -0.0105
vn -0.2256 0.9692 0.0991
vn -0.4748 0.8786 -0.0520
vn -0.1138 0.9756 0.1877
vn -0.3092 0.9498 0.0479
vn 0.1676 0.9341 -0.3152
vn 0.0211 0.9859 -0.1660
vn -0.1297 0.9909 -0.0351
vn 0.1807 0.8498 -0.4951
vn 0.3539 0.9320 -0.0787
vn 0.0325 0.9994 0.0093
vn -0.1222 0.9791 0.1625
vn 0.0401 0.9979 0.0507
vn 0.1905 0.9524 0.2381
vn 0.2592 0.9424 0.2114
vn -0.1696 0.9847 0.0408
vn -0.3001 0.9537 0.0205
vn -0.1349 0.9692 0.2060
vn -0.0120 0.9570 0.2899
vn 0.1521 0.9331 0.3257
vn 0.0449 0.9778 0.2046
vn -0.1074 0.9864 0.1247
vn -0.2641 0.9627 -0.0587
vn 0.3593 0.8054 -0.4714
vn 0.3754 0.9004 -0.2201
vn 0.3021 0.9464 0.1140
vn 0.1676 0.9854 0.0285
vn 0.0612 0.9444 -0.3230
vn 0.1573 0.9534 -0.2576
vn -0.1539 0.9606 -0.2315
vn -0.0607 0.9931 0.0999
vn 0.2623 0.9641 0.0412
vn 0.4406 0.8870 0.1379
vn 0.2952 0.9530 -0.0684
vn -0.0049 0.9612 -0.2757
vn 0.0730 0.9831 0.1678
vn 0.0792 0.9902 0.1151
vn -0.0515 0.9411 -0.3342
vn -0.2209 0.9566 0.1900
vn -0.1719 0.9634 0.2056
vn 0.1425 0.9252 0.3517
vn 0.2058 0.9656 0.1591
vn 0.0678 0.9734 0.2190
vn -0.0304 0.9980 -0.0548
vn 0.0806 0.8843 -0.4599
vn 0.0192 0.9320 -0.3620
vn -0.1996 0.9402 0.2762
vn -0.1390 0.9804 0.1393
vn -0.1544 0.9591 0.2375
vn -0.0245 0.9362 0.3507
vn 0.0260 0.9989 0.0391
vn 0.2265 0.9568 -0.1824
vn 0.0827 0.8972 -0.4338
vn 0.0712 0.9959 -0.0560
vn -0.0013 1.0000 0.0064
vn -0.1733 0.9792 0.1058
vn -0.1667 0.9587 0.2307
vn -0.2852 0.9537 0.0957
vn 0.1106 0.9762 -0.1864
vn 0.0730 0.9679 -0.2406
vn -0.1375 0.9820 -0.1292
vn -0.2386 0.9691 -0.0621
vn 0.1709 0.8532 -0.4927
vn 0.2206 0.8726 -0.4358
vn 0.3278 0.9344 -0.1391
vn 0.3056 0.9516 -0.0321
vn -0.0852 0.9961 -0.0225
vn -0.2124 0.9749 -0.0671
vn 0.1341 0.9771 -0.1652
vn 0.1536 0.9859 -0.0658
vn 0.2603 0.9509 0.1672
vn 0.3031 0.9289 0.2127
vn 0.2490 0.9548 0.1623
vn 0.1353 0.9862 0.0952
vn -0.2137 0.9769 -0.0003
vn -0.2152 0.9758 0.0386
vn -0.1593 0.9460 0.2823
vn -0.1241 0.9483 0.2921
vn 0.0054 0.9467 0.3222
vn 0.0602 0.9406 0.3341
vn 0.1817 0.9304 0.3185
vn 0.1796 0.9393 0.2922
vn 0.0057 0.9822 0.1878
vn -0.0740 0.9835 0.1652
vn -0.1568 0.9671 0.2002
vn -0.1667 0.9649 0.2028
vn 0.2743 0.8830 -0.3808
vn 0.2751 0.9074 -0.3176
vn 0.2488 0.9640 -0.0943
vn 0.2383 0.9711 -0.0105
vn 0.2207 0.9563 0.1919
vn 0.2153 0.9521 0.2173
vn 0.1369 0.9860 0.0955
vn 0.0949 0.9955 0.0020
vn 0.0426 0.9730 -0.2270
vn 0.0761 0.9690 -0.2349
vn 0.0634 0.9765 -0.2060
vn -0.0202 0.9828 -0.1838
vn 0.1444 0.9794 -0.1415
vn 0.2051 0.9674 -0.1485
vn 0.3865 0.9170 -0.0990
vn 0.4255 0.9034 -0.0540
vn 0.4784 0.8761 0.0598
vn 0.4538 0.8887 0.0651
vn 0.2699 0.9588 -0.0892
vn 0.1826 0.9645 -0.1909
vn 0.0247 0.9296 -0.3677
vn 0.0338 0.9432 -0.3306
vn 0.1465 0.9890 -0.0198
vn 0.1624 0.9833 0.0826
vn 0.0501 0.9880 0.1463
vn -0.0440 0.9944 0.0964
vn -0.2637 0.9250 0.2736
vn -0.2628 0.9294 0.2591
vn -0.1616 0.9501 0.2668
vn -0.0779 0.9549 0.2867
vn 0.2299 0.9161 0.3285
vn 0.2802 0.9105 0.3042
vn 0.2467 0.9626 0.1120
vn 0.2122 0.9757 0.0553
vn 0.0273 0.9924 0.1199
vn -0.0189 0.9789 0.2036
vn -0.0035 0.9899 0.1414
vn 0.0345 0.9988 -0.0345
vn 0.1189 0.8742 -0.4707
vn 0.1252 0.8472 -0.5163
vn 0.1016 0.8605 -0.4992
vn 0.0837 0.8491 -0.5216
vn -0.1370 0.9873 0.0809
vn -0.1679 0.9840 0.0596
vn -0.1414 0.9751 0.1708
vn -0.1213 0.9654 0.2310
vn -0.0052 0.9237 0.3832
vn 0.0312 0.9285 0.3701
vn 0.0675 0.9941 0.0844
vn 0.0974 0.9951 -0.0172
vn 0.3343 0.9295 -0.1559
vn 0.3501 0.9037 -0.2465
vn 0.0897 0.8119 -0.5769
vn 0.0727 0.8535 -0.5160
vn 0.0995 0.9790 -0.1780
vn 0.0851 0.9912 -0.1018
vn -0.0653 0.9979 0.0006
vn -0.1291 0.9913 0.0250
vn -0.2332 0.9639 0.1285
vn -0.2458 0.9550 0.1658
vn -0.1097 0.9739 0.1989
vn -0.1144 0.9736 0.1976
vn -0.1619 0.9533 0.2551
vn -0.1439 0.9554 0.2578
vn -0.1085 0.9691 0.2215
vn -0.0954 0.9761 0.1952
vn -0.0704 0.9885 0.1341
vn -0.0752 0.9887 0.1294
vn -0.0943 0.9832 0.1560
vn -0.1065 0.9799 0.1685
vn -0.1033 0.9819 0.1587
vn -0.1116 0.9790 0.1704
vn -0.1039 0.9758 0.1925
vn -0.0959 0.9785 0.1825
vn -0.0693 0.9881 0.1374
vn -0.0676 0.9895 0.1275
vn -0.0847 0.9876 0.1324
vn -0.0907 0.9845 0.1502
vn -0.0972 0.9831 0.1554
vn -0.1026 0.9812 0.1632
vn -0.1565 0.9824 0.1019
vn 0.0002 0.9532 0.3024
vn -0.1562 0.9474 -0.2795
vn -0.2157 0.9764 0.0056
vn -0.0136 0.9504 0.3106
vn -0.0237 0.9338 0.3570
vn -0.0473 0.9987 -0.0170
vn -0.0287 0.9859 0.1651
vn 0.0557 0.9435 0.3267
vn 0.0897 0.9765 -0.1958
vn 0.1542 0.7916 -0.5913
vn -0.1635 0.9851 0.0529
vn -0.0828 0.9915 -0.1001
vn 0.2546 0.7605 -0.5973
vn -0.2498 0.9376 0.2416
vn -0.1321 0.9776 0.1639
vn 0.1228 0.9899 -0.0715
vn -0.1620 0.9857 0.0463
vn -0.1365 0.9887 0.0628
vn -0.0426 0.9975 -0.0565
vn 0.0633 0.9923 -0.1061
vn 0.2013 0.9780 -0.0548
vn 0.1358 0.9906 -0.0183
vn -0.1554 0.9845 0.0814
vn 0.0822 0.9921 0.0951
vn 0.0891 0.9415 0.3251
vn 0.0536 0.9980 0.0321
vn 0.1103 0.9821 0.1527
vn -0.0748 0.9943 0.0755
vn -0.2565 0.9652 0.0507
vn -0.0323 0.8735 0.4857
vn 0.0915 0.8095 0.5800
vn 0.0707 0.8044 -0.5898
vn -0.0240 0.9991 -0.0359
vn -0.1206 0.9165 0.3813
vn -0.0052 0.9898 -0.1421
vn -0.0019 0.9817 0.1906
vn -0.0797 0.9597 0.2694
vn 0.0541 0.8722 -0.4861
vn -0.3502 0.9365 -0.0182
vn -0.3815 0.9203 -0.0867
vn -0.3080 0.9511 0.0212
vn -0.0747 0.9906 0.1146
vn -0.0372 0.9991 -0.0225
vn -0.2692 0.9534 0.1364
vn -0.5031 0.8617 -0.0664
vn -0.1773 0.9789 -0.1019
vn -0.1311 0.9861 -0.1022
vn 0.1070 0.9900 -0.0922
vn 0.3586 0.9325 0.0435
vn -0.0765 0.9823 0.1712
vn -0.4162 0.8051 0.4226
vn -0.1029 0.6476 0.7550
vn -0.0337 0.9923 0.1192
vn -0.0866 0.8784 -0.4699
vn -0.0437 0.9922 0.1165
vn 0.0029 0.9748 -0.2232
vn -0.1705 0.9838 0.0548
vn -0.1531 0.9774 0.1460
vn -0.1093 0.9392 0.3257
vn -0.3648 0.7132 -0.5986
vn 0.0686 0.9513 0.3005
vn 0.4931 0.7735 0.3981
vn -0.0253 0.9960 0.0861
vn -0.6203 0.6747 -0.4001
vn -0.3210 0.9453 -0.0578
vn -0.2171 0.9761 0.0065
vn -0.2094 0.9760 0.0606
vn -0.1935 0.9811 0.0106
vn 0.0431 0.9612 0.2723
vn -0.1273 0.9918 -0.0053
vn -0.0548 0.9873 0.1491
vn 0.2538 0.8698 0.4231
vn -0.1502 0.9886 0.0095
vn -0.0276 0.9979 -0.0590
vn 0.1760 0.9834 -0.0454
vn -0.0721 0.9584 0.2762
vn -0.0747 0.9972 -0.0043
vn 0.0706 0.9728 0.2208
vn 0.0551 0.9876 0.1471
vn 0.3354 0.9002 -0.2778
vn -0.0969 0.9447 0.3132
vn -0.1638 0.9865 -0.0040
vn 0.0030 0.9607 -0.2776
vn 0.0781 0.9850 -0.1536
vn 0.1930 0.9238 0.3307
vn 0.2566 0.9579 -0.1290
vn -0.0647 0.9789 -0.1936
vn -0.1265 0.9920 0.0038
vn -0.0482 0.9896 0.1354
vn -0.1524 0.9868 -0.0548
vn 0.0310 0.7643 -0.6441
vn 0.0368 0.9468 -0.3196
vn -0.0580 0.9927 -0.1061
vn -0.1011 0.9108 -0.4003
vn -0.0763 0.9971 -0.0038
vn 0.0518 0.9893 0.1365
vn 0.0329 0.9920 0.1215
vn 0.0417 0.8260 0.5621
vn 0.1340 0.9904 -0.0336
vn 0.0949 0.8234 -0.5595
vn -0.1224 0.9924 0.0094
vn -0.0359 0.9602 0.2769
vn -0.3042 0.9509 -0.0569
vn -0.0490 0.8940 -0.4454
vn 0.0309 0.9988 -0.0369
vn 0.0264 0.9996 -0.0044
vn 0.0492 0.9987 0.0154
vn 0.1251 0.8753 0.4672
vn 0.1816 0.9822 -0.0481
vn 0.0271 0.9996 0.0116
vn -0.0180 0.9796 0.1999
vn -0.2575 0.9662 0.0104
vn -0.2182 0.9491 0.2270
vn -0.0775 0.8712 -0.4848
vn 0.1335 0.8568 -0.4981
vn -0.2004 0.9676 0.1536
vn 0.0300 0.8518 -0.5230
vn 0.1053 0.9944 0.0099
vn 0.0798 0.9554 0.2844
vn 0.0388 0.9981 -0.0484
vn -0.2097 0.9777 0.0075
vn -0.2166 0.9763 0.0017
vn -0.1621 0.9867 0.0132
vn -0.1625 0.9806 0.1099
vn -0.1917 0.9744 0.1176
vn -0.0226 0.9997 -0.0054
vn -0.1380 0.9904 -0.0087
vn 0.0211 0.9998 0.0032
vn -0.0214 0.9980 0.0595
vn 0.0128 0.9578 0.2870
vn 0.0780 0.9384 0.3367
vn 0.3091 0.9364 0.1659
vn -0.1295 0.9915 0.0139
vn -0.0052 0.9987 0.0499
vn -0.0292 0.9994 0.0174
vn 0.0410 0.9929 -0.1119
vn 0.1444 0.9804 -0.1337
vn 0.3798 0.9231 0.0596
vn 0.3134 0.9141 0.2574
vn 0.0065 0.9413 0.3376
vn -0.1005 0.9948 -0.0132
vn 0.1877 0.9817 0.0323
vn 0.1032 0.9863 0.1285
vn 0.0121 0.9597 0.2807
vn 0.0563 0.9614 0.2694
vn 0.2464 0.9689 -0.0230
vn 0.3015 0.9411 -0.1533
vn 0.2275 0.9296 -0.2898
vn 0.0620 0.9948 -0.0809
vn -0.3843 0.7743 0.5029
vn -0.1644 0.9864 0.0012
vn -0.0543 0.9937 -0.0985
vn -0.0591 0.9789 -0.1957
vn -0.0515 0.9188 -0.3914
vn 0.0215 0.9210 -0.3891
vn 0.2055 0.9778 -0.0405
vn 0.1960 0.9706 0.1397
vn 0.1773 0.9636 0.2001
vn 0.1939 0.9803 0.0370
vn 0.1160 0.9842 -0.1337
vn 0.0267 0.9992 0.0297
vn -0.1242 0.7311 0.6709
vn -0.1102 0.9939 0.0053
vn 0.0407 0.9931 0.1097
vn -0.0073 0.9892 0.1464
vn -0.0991 0.9704 0.2203
vn -0.1121 0.9724 0.2046
vn -0.0868 0.9597 -0.2674
vn -0.0254 0.8761 -0.4815
vn 0.0639 0.7297 -0.6808
vn 0.0530 0.7867 -0.6150
vn -0.0749 0.9904 -0.1160
vn -0.1067 0.9935 -0.0407
vn -0.0836 0.9221 -0.3777
vn -0.0742 0.9052 -0.4185
vn -0.0651 0.9958 -0.0650
vn -0.1051 0.9943 -0.0152
vn 0.1713 0.9852 0.0021
vn 0.0639 0.9949 0.0781
vn -0.0576 0.9924 0.1084
vn 0.0032 0.9972 0.0746
vn 0.1539 0.9686 0.1951
vn 0.1220 0.9141 0.3867
vn 0.0713 0.8184 0.5702
vn 0.1093 0.8863 0.4500
vn 0.2016 0.9429 -0.2652
vn 0.1811 0.8928 -0.4124
vn 0.0391 0.9585 -0.2824
vn -0.0262 0.9952 -0.0940
vn -0.1113 0.9894 0.0934
vn -0.1054 0.9937 -0.0383
vn -0.0818 0.8807 -0.4665
vn -0.3616 0.9322 -0.0135
vn -0.2324 0.8828 -0.4082
vn -0.1345 0.8659 -0.4818
vn -0.0003 0.8897 -0.4565
vn 0.0687 0.9415 -0.3301
vn 0.0153 0.9846 0.1741
vn -0.0159 0.9861 0.1654
vn 0.0091 0.9642 -0.2651
vn 0.0242 0.9515 -0.3067
vn 0.0655 0.9756 0.2095
vn 0.0867 0.9325 0.3506
vn 0.1533 0.9293 0.3359
vn 0.1604 0.9613 0.2238
vn 0.1159 0.9812 -0.1543
vn 0.0815 0.9859 -0.1460
vn -0.0168 0.9765 0.2147
vn -0.0264 0.9570 0.2890
vn -0.0305 0.9757 0.2168
vn -0.2459 0.9693 0.0007
vn -0.2466 0.9537 0.1724
vn -0.2057 0.9465 0.2487
vn -0.1852 0.9820 0.0363
vn -0.1717 0.9661 -0.1929
vn 0.1292 0.7372 -0.6632
vn 0.1731 0.7326 -0.6582
vn -0.0820 0.9943 -0.0681
vn -0.1880 0.9742 0.1245
vn -0.1798 0.9740 -0.1381
vn -0.0689 0.9242 -0.3756
vn 0.1259 0.8631 -0.4892
vn 0.1242 0.9328 -0.3383
vn 0.0779 0.9818 0.1732
vn 0.0722 0.9651 0.2517
vn 0.0515 0.9703 0.2363
vn 0.0436 0.9886 0.1441
vn 0.0036 0.9998 -0.0196
vn -0.0094 0.9989 0.0451
vn -0.0165 0.9636 0.2668
vn -0.0426 0.9528 0.3005
vn -0.1815 0.9164 -0.3566
vn -0.4222 0.8729 -0.2444
vn -0.0526 0.9600 -0.2750
vn -0.5065 0.7563 -0.4140
vn -0.0412 0.9792 -0.1987
vn 0.1138 0.6711 0.7325
vn 0.5141 0.7605 0.3967
vn 0.5942 0.6584 0.4619
vn 0.2892 0.6575 0.6958
vn -0.0787 0.9527 0.2937
vn 0.3839 0.8708 0.3073
vn 0.2150 0.9765 -0.0132
vn -0.0723 0.9575 -0.2792
vn -0.0578 0.9839 -0.1690
vn -0.3013 0.9494 -0.0883
vn -0.1637 0.9848 0.0588
vn -0.2990 0.9370 -0.1803
vn -0.2746 0.9130 -0.3016
vn -0.1143 0.8995 -0.4217
vn -0.0084 0.9033 -0.4288
vn -0.2388 0.9575 0.1618
vn -0.2624 0.7670 -0.5856
vn -0.2075 0.9365 -0.2829
vn -0.0613 0.9980 -0.0137
vn -0.0101 0.9998 0.0156
vn 0.0935 0.9812 -0.1691
vn 0.0678 0.9858 -0.1537
vn 0.0806 0.9804 0.1799
vn 0.0428 0.8933 0.4474
vn 0.1803 0.9778 0.1072
vn 0.1862 0.9824 0.0156
vn -0.0085 0.9869 0.1614
vn -0.0734 0.9945 0.0746
vn 0.0902 0.9718 -0.2178
vn 0.0399 0.9858 -0.1629
vn 0.1634 0.9781 -0.1291
vn -0.1292 0.9913 0.0252
vn 0.0174 0.9701 0.2419
vn -0.0806 0.9953 0.0535
vn -0.0323 0.9757 -0.2166
vn -0.1547 0.9876 -0.0260
vn -0.0827 0.9962 -0.0276
vn 0.0970 0.9735 -0.2071
vn 0.0523 0.9817 -0.1830
vn 0.0024 0.9840 -0.1779
vn -0.2101 0.9744 0.0794
vn 0.1288 0.9902 -0.0548
vn -0.0718 0.9812 0.1793
vn 0.0451 0.9552 0.2926
vn 0.1537 0.9764 0.1516
vn 0.0865 0.9584 0.2722
vn 0.2013 0.9373 0.2845
vn 0.2025 0.9689 0.1425
vn 0.1394 0.9901 -0.0185
vn -0.0917 0.9806 0.1732
vn -0.0315 0.9596 0.2796
vn -0.5003 0.8028 -0.3244
vn -0.2867 0.8627 -0.4166
vn -0.2223 0.8726 -0.4350
vn -0.1002 0.9112 -0.3995
vn -0.3465 0.8872 -0.3048
vn 0.1904 0.9783 0.0818
vn 0.2235 0.9605 0.1658
vn 0.1168 0.9808 0.1560
vn 0.0639 0.9949 0.0780
vn -0.0528 0.9690 -0.2415
vn 0.5789 0.6960 0.4249
vn 0.5946 0.7328 0.3309
vn 0.5335 0.7937 0.2922
vn 0.3085 0.8830 0.3536
vn 0.2523 0.8694 0.4249
vn 0.1479 0.6977 0.7010
vn 0.1248 0.6406 0.7576
vn 0.0163 0.7014 0.7126
vn 0.2823 0.9118 0.2982
vn 0.1561 0.9874 0.0266
vn 0.0586 0.9947 -0.0847
vn -0.1551 0.9298 -0.3337
vn -0.1727 0.9096 -0.3780
vn -0.1252 0.9070 -0.4020
vn -0.0979 0.9251 -0.3670
vn -0.0711 0.9901 -0.1208
vn -0.0963 0.9950 -0.0246
vn -0.2627 0.8098 0.5245
vn -0.3230 0.9297 -0.1769
vn -0.3401 0.9197 -0.1962
vn -0.3373 0.9196 -0.2014
vn -0.2825 0.9362 -0.2092
vn -0.2480 0.9447 -0.2146
vn -0.1272 0.9531 -0.2746
vn -0.0871 0.9470 -0.3092
vn 0.0251 0.9121 -0.4092
vn 0.0367 0.9092 -0.4146
vn -0.1303 0.9605 -0.2457
vn -0.2443 0.9600 -0.1366
vn -0.3745 0.9265 0.0371
vn -0.1355 0.8681 -0.4776
vn -0.1069 0.9359 -0.3357
vn -0.0944 0.9602 -0.2630
vn -0.0011 0.9993 -0.0379
vn 0.0191 0.9995 0.0250
vn 0.0003 0.9960 0.0895
vn -0.0149 0.9975 0.0684
vn 0.0086 0.9962 -0.0863
vn 0.0420 0.9876 -0.1516
vn 0.1354 0.9607 -0.2424
vn 0.1179 0.9727 -0.1999
vn -0.1267 0.9850 0.1169
vn -0.1788 0.9636 0.1987
vn 0.1345 0.9867 0.0913
vn 0.0172 0.8694 0.4938
vn 0.2043 0.9347 0.2908
vn 0.1813 0.9572 0.2256
vn 0.1618 0.9862 0.0345
vn 0.1606 0.9869 -0.0123
vn 0.0462 0.9984 0.0340
vn -0.0083 0.9963 0.0858
vn -0.0987 0.9828 0.1563
vn -0.0963 0.9867 0.1308
vn 0.0135 0.9990 -0.0437
vn 0.0669 0.9906 -0.1191
vn 0.1268 0.9601 -0.2493
vn 0.0972 0.9696 -0.2244
vn -0.0048 0.9979 0.0642
vn 0.0345 0.9902 0.1354
vn 0.3271 0.9428 -0.0647
vn -0.1953 0.9803 -0.0279
vn 0.0325 0.9993 0.0174
vn 0.0083 0.9931 0.1172
vn -0.1142 0.9772 0.1788
vn -0.1400 0.9825 0.1230
vn -0.0672 0.9861 -0.1518
vn -0.0360 0.9785 -0.2031
vn -0.0843 0.9883 -0.1270
vn -0.1176 0.9907 -0.0682
vn -0.1341 0.9906 0.0268
vn -0.0998 0.9949 0.0118
vn 0.0501 0.9917 -0.1183
vn 0.0843 0.9833 -0.1616
vn 0.0814 0.9718 -0.2212
vn 0.0618 0.9746 -0.2154
vn 0.0886 0.9810 -0.1725
vn 0.1249 0.9771 -0.1721
vn 0.0644 0.9802 -0.1871
vn -0.1746 0.9845 -0.0153
vn 0.0256 0.9934 0.1115
vn 0.1058 0.9934 0.0442
vn 0.0055 0.9993 -0.0366
vn -0.0453 0.9983 0.0376
vn -0.0085 0.9526 0.3040
vn 0.0521 0.9388 0.3404
vn 0.1930 0.9464 0.2591
vn 0.1878 0.9545 0.2317
vn 0.1278 0.9596 0.2506
vn 0.1263 0.9522 0.2781
vn 0.1738 0.9292 0.3262
vn 0.1977 0.9269 0.3191
vn 0.2097 0.9482 0.2387
vn 0.1917 0.9602 0.2032
vn 0.1241 0.9877 0.0950
vn 0.1126 0.9925 0.0474
vn 0.0145 0.9945 -0.1039
vn -0.0176 0.9881 -0.1531
vn -0.0936 0.9772 -0.1907
vn -0.0000 0.9171 0.3987
vn -0.0238 0.9758 0.2174
vn 0.1314 0.9730 0.1896
vn -0.3988 0.9105 -0.1094
vn 0.0510 0.9987 0.0006
vn 0.3192 0.9318 0.1727
vn -0.6989 0.6209 -0.3550
vn -0.1007 0.9896 0.1025
vn 0.0022 0.9948 0.1019
vn 0.2954 0.9440 0.1471
vn -0.2946 0.9556 0.0036
vn 0.1486 0.9888 -0.0128
vn -0.0405 0.9740 -0.2227
vn 0.3794 0.9192 -0.1055
vn -0.1746 0.9545 -0.2418
vn 0.4777 0.7356 0.4803
vn 0.2028 0.9728 -0.1119
vn 0.0837 0.9571 -0.2775
vn 0.0049 0.9940 -0.1094
vn 0.4259 0.8496 0.3110
vn -0.5156 0.7428 -0.4271
vn -0.0333 0.9772 -0.2099
vn 0.0797 0.9924 -0.0937
vn 0.0600 0.9977 -0.0317
vn 0.0409 0.9739 0.2231
vn 0.2158 0.8695 0.4443
vn -0.3633 0.8024 -0.4734
vn 0.3462 0.8924 0.2893
vn -0.3225 0.9328 -0.1609
vn -0.0423 0.9976 0.0547
vn 0.0289 0.9819 0.1869
vn 0.0710 0.9576 0.2791
vn 0.1535 0.9823 0.1073
vn -0.0562 0.8172 -0.5735
vn -0.0101 0.9901 -0.1398
vn 0.4218 0.8922 -0.1616
vn -0.2507 0.9434 0.2171
vn -0.0746 0.9931 0.0901
vn 0.0106 0.9849 0.1726
vn 0.0454 0.9989 0.0086
vn 0.0672 0.9566 -0.2836
vn 0.0170 0.9148 -0.4035
vn -0.0624 0.9461 0.3179
vn 0.0467 0.8721 0.4872
vn -0.1261 0.9033 0.4100
vn 0.0739 0.9865 -0.1465
vn -0.1384 0.9820 0.1287
vn -0.0550 0.9751 0.2147
vn -0.0718 0.9886 0.1323
vn -0.1958 0.9770 0.0851
vn -0.2170 0.9274 0.3047
vn -0.0384 0.9448 0.3255
vn 0.0760 0.9944 0.0732
vn 0.1965 0.9620 -0.1895
vn 0.1666 0.9315 -0.3232
vn 0.0091 0.9147 0.4040
vn -0.0655 0.9642 0.2571
vn 0.1682 0.9792 0.1136
vn 0.1371 0.9718 0.1920
vn 0.0689 0.9731 0.2199
vn -0.4339 0.8931 -0.1188
vn -0.0720 0.9967 0.0382
vn 0.2238 0.9637 0.1459
vn 0.3005 0.9293 0.2147
vn 0.0393 0.9832 0.1780
vn -0.2771 0.9608 -0.0093
vn -0.6757 0.6217 -0.3961
vn -0.0260 0.9979 0.0592
vn -0.0936 0.9952 0.0299
vn -0.0707 0.9975 -0.0041
vn 0.4515 0.8886 0.0804
vn 0.4427 0.8902 0.1076
vn -0.5081 0.8178 -0.2701
vn -0.6544 0.6791 -0.3325
vn -0.0350 0.9810 0.1910
vn 0.1813 0.9829 -0.0324
vn 0.0329 0.9802 -0.1950
vn -0.0203 0.9671 -0.2534
vn 0.0082 0.9638 -0.2667
vn 0.2004 0.9672 -0.1558
vn 0.4485 0.8912 0.0680
vn 0.0914 0.9890 -0.1163
vn -0.6259 0.6882 -0.3670
vn -0.4798 0.8571 -0.1877
vn 0.4460 0.7874 0.4255
vn 0.1767 0.9757 -0.1296
vn 0.1496 0.9590 -0.2407
vn 0.1132 0.9580 -0.2634
vn 0.0148 0.9865 -0.1630
vn 0.0194 0.9984 -0.0536
vn 0.3412 0.8579 0.3842
vn 0.3993 0.8265 0.3969
vn -0.3868 0.8487 -0.3608
vn -0.4862 0.7488 -0.4504
vn 0.3006 0.9130 0.2757
vn 0.4940 0.7352 0.4641
vn -0.0479 0.9877 0.1492
vn 0.0748 0.9934 -0.0870
vn 0.0757 0.9968 -0.0251
vn 0.0664 0.9978 0.0056
vn 0.0580 0.9839 0.1693
vn 0.0656 0.9686 0.2399
vn 0.0795 0.9357 0.3439
vn 0.1742 0.8999 0.3999
vn -0.0839 0.9643 -0.2513
vn -0.2905 0.8247 -0.4852
vn -0.1667 0.9630 -0.2117
vn 0.2345 0.9472 0.2188
vn 0.4401 0.8641 0.2443
vn 0.0954 0.9837 -0.1521
vn -0.4114 0.7265 -0.5505
vn -0.0865 0.9900 0.1110
vn -0.0114 0.9755 0.2196
vn 0.0013 0.9700 0.2431
vn 0.0374 0.9618 0.2713
vn 0.0571 0.9673 0.2472
vn 0.1171 0.9918 0.0521
vn 0.1478 0.9887 -0.0257
vn 0.0631 0.8644 -0.4988
vn -0.0128 0.8144 -0.5802
vn -0.1777 0.9093 -0.3764
vn -0.0830 0.9886 -0.1259
vn 0.3999 0.8924 0.2090
vn 0.3452 0.9382 0.0251
vn -0.2358 0.9657 -0.1088
vn -0.3108 0.9455 0.0974
vn -0.1397 0.8548 0.4999
vn -0.0547 0.9969 0.0563
vn 0.0117 0.9923 0.1231
vn 0.0244 0.9927 0.1184
vn 0.0295 0.9992 0.0262
vn 0.0276 0.9995 -0.0158
vn 0.0166 0.9790 -0.2032
vn 0.0122 0.9607 -0.2773
vn -0.0005 0.9353 -0.3538
vn 0.0015 0.9601 -0.2797
vn 0.0132 0.9726 0.2321
vn 0.0097 0.9309 0.3650
vn 0.0656 0.9068 0.4164
vn 0.0936 0.9217 0.3764
vn 0.0781 0.9588 0.2730
vn 0.0322 0.9713 0.2355
vn -0.1699 0.9825 0.0765
vn -0.1914 0.9806 0.0433
vn -0.1933 0.9809 0.0224
vn -0.1134 0.9892 0.0928
vn -0.0492 0.9860 0.1595
vn -0.0300 0.9866 0.1603
vn -0.0230 0.9968 0.0762
vn -0.0269 0.9979 0.0581
vn -0.0987 0.9938 0.0506
vn -0.1368 0.9877 0.0755
vn -0.2089 0.9501 0.2319
vn -0.1977 0.9369 0.2883
vn -0.0893 0.9515 0.2945
vn -0.0579 0.9688 0.2410
vn 0.0057 0.9962 0.0875
vn 0.0306 0.9983 0.0499
vn 0.0970 0.9917 -0.0847
vn 0.1112 0.9847 -0.1339
vn 0.1375 0.9641 -0.2272
vn 0.1362 0.9630 -0.2327
vn 0.1222 0.9747 -0.1873
vn 0.1200 0.9785 -0.1676
vn 0.0908 0.9891 -0.1161
vn -0.1340 0.9330 -0.3340
vn -0.0161 0.9994 -0.0292
vn -0.0211 0.9965 -0.0812
vn 0.1395 0.9554 0.2603
vn -0.2060 0.9233 0.3242
vn -0.0729 0.9069 -0.4151
vn -0.1314 0.9195 0.3705
vn 0.0965 0.9570 0.2737
vn -0.0415 0.9394 -0.3404
vn 0.1907 0.9270 -0.3228
vn 0.0086 0.9846 -0.1747
vn 0.0470 0.7085 -0.7042
vn 0.0955 0.8659 0.4909
vn 0.1378 0.7757 -0.6159
vn -0.1247 0.7908 0.5993
vn 0.0973 0.9619 -0.2555
vn 0.0585 0.8763 0.4781
vn -0.1580 0.9769 0.1440
vn -0.0151 0.8804 -0.4741
vn -0.1541 0.9454 0.2873
vn -0.0151 0.9860 0.1661
vn 0.0150 0.9912 -0.1314
vn -0.0944 0.8136 0.5737
vn 0.1404 0.8060 -0.5750
vn 0.1238 0.9918 -0.0304
vn -0.0863 0.7474 -0.6588
vn -0.0169 0.8797 0.4753
vn 0.0234 0.9474 -0.3191
vn -0.1021 0.9818 -0.1602
vn -0.2872 0.9415 0.1763
vn 0.1002 0.9865 -0.1294
vn 0.1286 0.9579 0.2567
vn 0.1200 0.9853 0.1218
vn 0.0614 0.9782 0.1986
vn 0.0273 0.9995 0.0129
vn -0.1282 0.9589 -0.2530
vn -0.1679 0.9804 -0.1032
vn 0.0313 0.9951 0.0936
vn 0.1428 0.9885 0.0502
vn 0.1067 0.9668 -0.2320
vn 0.2259 0.9716 0.0702
vn 0.2092 0.9078 -0.3635
vn 0.1842 0.8801 0.4376
vn 0.1030 0.9945 -0.0202
vn -0.0823 0.9866 -0.1406
vn -0.1716 0.9844 -0.0399
vn -0.0590 0.9857 0.1579
vn 0.0848 0.9952 0.0491
vn -0.0201 0.9969 -0.0755
vn -0.2144 0.9736 -0.0777
vn -0.1828 0.9828 -0.0247
vn -0.3359 0.9417 0.0188
vn -0.0562 0.9850 0.1634
vn 0.0049 0.9999 -0.0142
vn -0.0564 0.9983 -0.0152
vn -0.1806 0.9133 -0.3650
vn 0.0038 0.9622 0.2722
vn 0.0638 0.9938 0.0910
vn -0.1387 0.8238 -0.5497
vn -0.0574 0.9443 -0.3240
vn 0.1418 0.9551 0.2602
vn -0.3416 0.9182 0.2006
vn -0.0463 0.9936 0.1029
vn -0.0102 0.9934 -0.1140
vn 0.1596 0.9756 -0.1505
vn 0.1402 0.9646 0.2232
vn -0.0436 0.9811 0.1886
vn 0.1914 0.9765 -0.0990
vn -0.0805 0.9966 0.0188
vn -0.0366 0.9134 -0.4054
vn 0.2402 0.7151 -0.6564
vn 0.1893 0.8226 -0.5362
vn -0.0889 0.8609 0.5010
vn -0.1295 0.8978 0.4208
vn -0.0737 0.9966 -0.0374
vn 0.0498 0.8379 -0.5435
vn 0.0173 0.8998 0.4359
vn 0.0167 0.7425 0.6697
vn 0.0319 0.7856 -0.6179
vn 0.0526 0.7697 -0.6363
vn -0.0948 0.8927 0.4407
vn -0.1221 0.7686 0.6280
vn -0.0570 0.9724 0.2261
vn 0.0107 0.9959 -0.0898
vn 0.1808 0.9810 -0.0707
vn 0.0408 0.7942 0.6063
vn 0.0305 0.7716 -0.6353
vn -0.0800 0.9836 -0.1615
vn 0.0402 0.9950 -0.0918
vn 0.0287 0.9359 -0.3510
vn -0.1204 0.8305 -0.5439
vn -0.1567 0.9876 0.0035
vn -0.0720 0.8967 0.4368
vn -0.0232 0.9804 0.1958
vn 0.0690 0.9315 -0.3572
vn 0.0632 0.9427 -0.3277
vn 0.1399 0.9871 -0.0776
vn -0.1603 0.8567 0.4902
vn 0.1361 0.9902 -0.0322
vn 0.1687 0.8454 -0.5067
vn 0.0831 0.8855 0.4571
vn 0.1426 0.9738 0.1771
vn -0.0008 0.9825 -0.1861
vn -0.0492 0.8056 -0.5904
vn -0.0216 0.8927 0.4502
vn -0.0004 0.8477 0.5305
vn 0.0296 0.9983 -0.0497
vn 0.0157 0.9741 -0.2256
vn -0.0247 0.9749 -0.2211
vn -0.0134 0.9871 -0.1597
vn 0.0299 0.9902 -0.1363
vn -0.2700 0.9569 0.1069
vn -0.0831 0.9647 0.2499
vn 0.0539 0.9968 -0.0587
vn 0.0760 0.9622 -0.2617
vn 0.0831 0.9933 0.0801
vn 0.1926 0.9805 0.0397
vn 0.1489 0.9778 0.1475
vn 0.0200 0.8157 -0.5781
vn -0.0001 0.9885 -0.1512
vn 0.0997 0.9172 0.3857
vn 0.0631 0.9894 0.1305
vn -0.0595 0.9806 -0.1867
vn -0.1218 0.9650 -0.2320
vn -0.1631 0.9702 -0.1794
vn -0.1555 0.9732 -0.1696
vn -0.1521 0.9862 -0.0650
vn 0.1621 0.9776 0.1339
vn 0.1753 0.9770 0.1217
vn 0.2316 0.9715 0.0500
vn 0.2328 0.9299 -0.2847
vn 0.1615 0.9598 -0.2296
vn 0.1326 0.9902 -0.0429
vn 0.1761 0.9843 0.0094
vn 0.2497 0.9632 -0.0998
vn 0.2062 0.9436 -0.2589
vn 0.0906 0.9795 0.1798
vn 0.1297 0.9147 0.3827
vn 0.1657 0.9779 0.1278
vn 0.1393 0.9900 0.0227
vn 0.0583 0.9959 -0.0690
vn 0.0085 0.9958 -0.0917
vn -0.1185 0.9848 -0.1268
vn -0.1410 0.9833 -0.1149
vn -0.1190 0.9928 -0.0138
vn -0.2515 0.9656 0.0666
vn -0.0811 0.9950 0.0591
vn -0.0530 0.9977 0.0417
vn -0.0452 0.9988 -0.0178
vn -0.0818 0.9963 -0.0252
vn -0.1757 0.9844 0.0054
vn -0.1954 0.9801 -0.0335
vn -0.2463 0.9689 -0.0235
vn -0.2389 0.9710 -0.0106
vn -0.3338 0.9389 -0.0838
vn -0.3758 0.9262 -0.0310
vn -0.2066 0.9628 0.1742
vn -0.1087 0.9843 0.1388
vn -0.0096 0.9998 -0.0152
vn -0.0123 0.9997 -0.0193
vn -0.0135 0.9999 0.0033
vn -0.0190 0.9998 0.0050
vn -0.0781 0.9965 -0.0288
vn -0.0933 0.9954 -0.0236
vn -0.1297 0.9914 0.0176
vn -0.2994 0.9476 -0.1115
vn 0.0791 0.9947 0.0657
vn -0.4605 0.8876 0.0076
vn -0.0264 0.9814 0.1903
vn -0.0217 0.9772 0.2114
vn 0.3234 0.8707 0.3706
vn -0.3541 0.8246 -0.4413
vn 0.0276 0.9995 -0.0135
vn 0.0040 1.0000 -0.0051
vn -0.3325 0.9396 0.0814
vn 0.1469 0.9570 0.2503
vn -0.0510 0.9953 0.0829
vn 0.2462 0.9665 0.0729
vn -0.4182 0.9009 0.1158
vn -0.4237 0.8932 0.1506
vn 0.2404 0.8481 0.4721
vn -0.3071 0.9493 -0.0677
vn 0.2041 0.9684 -0.1434
vn -0.3980 0.9167 -0.0349
vn -0.3155 0.9300 0.1884
vn 0.4174 0.8809 0.2231
vn 0.0247 0.9989 0.0400
vn -0.4357 0.8980 -0.0614
vn 0.1099 0.9392 -0.3254
vn -0.2449 0.9447 -0.2183
vn -0.2347 0.9703 0.0578
vn 0.3331 0.9415 0.0500
vn 0.1440 0.9824 0.1186
vn -0.1227 0.9787 -0.1643
vn -0.3803 0.9248 0.0026
vn -0.1329 0.9910 0.0174
vn -0.0769 0.9535 -0.2914
vn -0.0878 0.9879 -0.1281
vn 0.1288 0.9898 -0.0611
vn 0.1722 0.9652 -0.1968
vn -0.1750 0.9845 -0.0115
vn -0.0357 0.9943 0.1006
vn 0.1169 0.9169 -0.3817
vn -0.2148 0.9751 -0.0541
vn -0.0021 1.0000 -0.0089
vn 0.0864 0.9953 -0.0442
vn 0.1293 0.9916 -0.0031
vn 0.1916 0.9809 -0.0325
vn 0.0126 0.9999 0.0036
vn -0.0819 0.9914 0.1020
vn 0.0119 0.9977 -0.0671
vn 0.0699 0.9464 0.3155
vn 0.1131 0.9879 0.1062
vn 0.0819 0.9819 0.1708
vn 0.1392 0.9824 0.1248
vn 0.1143 0.9930 0.0290
vn 0.0688 0.9909 -0.1161
vn -0.0371 0.9713 -0.2350
vn -0.1660 0.9697 -0.1793
vn -0.0760 0.9911 -0.1089
vn -0.4057 0.8975 -0.1728
vn -0.2457 0.9161 -0.3167
vn -0.4171 0.9067 0.0635
vn 0.1219 0.9584 0.2580
vn 0.2545 0.9144 0.3147
vn 0.2342 0.9121 0.3364
vn 0.0339 0.9933 0.1109
vn 0.2065 0.9599 0.1897
vn 0.1730 0.9715 0.1623
vn -0.1166 0.9921 -0.0455
vn -0.2314 0.9666 -0.1099
vn -0.3790 0.9252 -0.0179
vn 0.0221 0.9996 0.0155
vn 0.0930 0.9953 0.0257
vn 0.0847 0.9944 0.0639
vn -0.0932 0.9700 0.2245
vn -0.2762 0.9355 0.2202
vn -0.5563 0.8230 -0.1149
vn -0.4554 0.8468 -0.2750
vn -0.0440 0.7574 -0.6514
vn -0.1070 0.9914 0.0751
vn 0.2061 0.9785 0.0093
vn 0.2534 0.9670 0.0268
vn -0.1824 0.9811 0.0652
vn -0.4371 0.8972 0.0622
vn -0.5615 0.8122 0.1584
vn -0.4000 0.8936 0.2035
vn 0.2019 0.9107 0.3604
vn 0.2457 0.8782 0.4103
vn 0.1795 0.9329 0.3121
vn -0.3657 0.9243 -0.1088
vn 0.0570 0.9772 -0.2043
vn 0.1760 0.9633 -0.2027
vn -0.2013 0.9712 -0.1277
vn -0.3640 0.9287 -0.0712
vn -0.4193 0.8997 0.1215
vn -0.2900 0.9416 0.1709
vn 0.3370 0.9269 0.1650
vn 0.4342 0.8887 0.1470
vn 0.2838 0.9015 0.3268
vn 0.2347 0.9046 0.3559
vn 0.0868 0.8170 0.5701
vn -0.4448 0.8956 0.0075
vn -0.1531 0.9700 -0.1890
vn 0.0727 0.9562 -0.2834
vn -0.0997 0.9446 -0.3126
vn -0.2048 0.9429 -0.2627
vn -0.2558 0.9644 -0.0668
vn -0.2074 0.9783 -0.0008
vn 0.1611 0.9861 0.0410
vn 0.2823 0.9593 0.0118
vn 0.2990 0.9542 -0.0132
vn 0.1478 0.9881 0.0417
vn -0.0599 0.9980 0.0214
vn -0.0353 0.9986 -0.0384
vn -0.0932 0.9902 0.1044
vn -0.2770 0.9366 -0.2147
vn -0.3064 0.9476 0.0900
vn -0.2189 0.9747 0.0453
vn -0.0392 0.9797 -0.1967
vn -0.0443 0.9721 -0.2303
vn -0.0557 0.9823 -0.1789
vn -0.0425 0.9893 -0.1393
vn 0.0518 0.9972 -0.0548
vn 0.1040 0.9928 -0.0595
vn 0.2026 0.9651 -0.1658
vn 0.1707 0.9659 -0.1948
vn -0.1071 0.9901 -0.0905
vn -0.1654 0.9854 -0.0403
vn -0.1436 0.9869 -0.0735
vn -0.1272 0.9849 -0.1176
vn -0.2147 0.9742 -0.0700
vn 0.1286 0.9765 -0.1727
vn -0.0766 0.9845 -0.1575
vn -0.1309 0.9892 -0.0659
vn -0.0461 0.9978 0.0472
vn 0.0069 0.9992 0.0396
vn 0.0969 0.9953 0.0083
vn 0.1115 0.9938 0.0026
vn 0.1371 0.9905 0.0057
vn 0.1451 0.9893 0.0116
vn 0.1897 0.9818 0.0058
vn 0.1953 0.9807 -0.0030
vn 0.1232 0.9924 -0.0000
vn 0.0658 0.9975 0.0262
vn -0.0576 0.9911 0.1199
vn -0.0563 0.9892 0.1350
vn 0.0068 0.9891 0.1473
vn 0.0226 0.9868 0.1604
vn 0.0947 0.9680 0.2322
vn 0.0875 0.9521 0.2930
vn 0.1761 0.9500 0.2580
vn 0.1281 0.9664 0.2230
vn 0.1163 0.9739 0.1950
vn 0.1080 0.9727 0.2052
vn 0.1314 0.9743 0.1829
vn 0.1345 0.9776 0.1616
vn 0.1135 0.9891 0.0940
vn 0.0999 0.9928 0.0663
vn 0.0396 0.9984 -0.0395
vn 0.0293 0.9950 -0.0952
vn -0.0430 0.9749 -0.2185
vn -0.0763 0.9644 -0.2530
vn -0.1674 0.9473 -0.2733
vn -0.1771 0.9508 -0.2541
vn -0.1342 0.9720 -0.1931
vn -0.1127 0.9763 -0.1848
vn -0.0765 0.9762 -0.2028
vn -0.0733 0.9750 -0.2097
vn -0.1324 0.9651 -0.2259
vn -0.0790 0.9882 0.1314
vn -0.3333 0.9419 -0.0414
vn 0.0120 0.9367 0.3499
vn -0.2070 0.9777 -0.0367
vn 0.1312 0.9774 -0.1659
vn 0.1279 0.9406 -0.3144
vn -0.2274 0.9701 -0.0851
vn 0.1430 0.8141 -0.5629
vn 0.2710 0.9091 -0.3163
vn 0.3053 0.9494 0.0745
vn -0.1985 0.9735 0.1137
vn -0.0135 0.9938 -0.1106
vn 0.1011 0.9817 0.1614
vn 0.2814 0.9203 0.2718
vn 0.0627 0.9936 0.0938
vn -0.1495 0.9816 0.1185
vn -0.1846 0.9727 0.1409
vn -0.0827 0.9643 0.2517
vn 0.0822 0.9433 0.3216
vn 0.1465 0.9464 0.2879
vn -0.0739 0.9890 0.1278
vn 0.0161 0.9867 -0.1615
vn 0.3097 0.7593 -0.5723
vn 0.3821 0.8488 -0.3653
vn 0.3463 0.9375 -0.0337
vn 0.2500 0.9568 0.1487
vn 0.0791 0.9801 -0.1822
vn 0.1402 0.9393 -0.3133
vn -0.0151 0.9918 -0.1269
vn -0.1257 0.9842 0.1246
vn 0.0768 0.9958 0.0506
vn 0.3954 0.9134 0.0969
vn 0.4222 0.9032 0.0770
vn 0.1090 0.9637 -0.2439
vn 0.0100 0.9957 -0.0921
vn 0.1016 0.9603 0.2599
vn -0.0309 0.9146 -0.4031
vn -0.1649 0.9521 0.2574
vn -0.2214 0.9597 0.1733
vn -0.0372 0.9577 0.2854
vn 0.2257 0.9260 0.3025
vn 0.1658 0.9800 0.1098
vn -0.0298 0.9662 0.2562
vn 0.0464 0.9177 -0.3947
vn 0.0621 0.9218 -0.3827
vn -0.2218 0.9541 0.2014
vn -0.0828 0.9829 0.1643
vn -0.1978 0.9715 0.1305
vn -0.1048 0.9401 0.3244
vn 0.0331 0.9690 0.2450
vn 0.0701 0.9933 -0.0920
vn 0.2483 0.8928 -0.3759
vn 0.0425 0.9729 -0.2274
vn 0.0671 0.9977 -0.0003
vn -0.1061 0.9939 0.0287
vn -0.0632 0.9679 0.2434
vn -0.3357 0.9412 0.0366
vn 0.0493 0.9577 0.2837
vn -0.1321 0.9911 -0.0160
vn -0.2347 0.9679 -0.0898
vn -0.4500 0.8930 -0.0053
vn 0.1117 0.9467 -0.3022
vn 0.2084 0.8941 -0.3965
vn 0.2088 0.9117 -0.3537
vn 0.0812 0.9926 -0.0908
vn -0.0499 0.9982 -0.0338
vn -0.2546 0.9670 0.0050
vn 0.1619 0.8030 -0.5736
vn 0.2211 0.9071 -0.3582
vn 0.2586 0.9349 -0.2432
vn 0.3679 0.9257 0.0876
vn 0.3448 0.9302 0.1259
vn -0.0325 0.9993 -0.0156
vn -0.1720 0.9829 -0.0654
vn -0.1034 0.9946 0.0124
vn -0.1322 0.9845 0.1154
vn -0.0190 0.9711 0.2379
vn 0.0210 0.9663 0.2565
vn 0.1771 0.9353 0.3062
vn 0.2254 0.9242 0.3082
vn 0.1996 0.9574 0.2086
vn 0.1119 0.9813 0.1565
vn -0.1820 0.9779 0.1031
vn -0.2053 0.9691 0.1367
vn -0.1671 0.9697 0.1784
vn -0.0690 0.9963 -0.0512
vn -0.0314 0.9948 0.0964
vn -0.0200 0.9905 0.1362
vn 0.0492 0.9694 0.2405
vn 0.0848 0.9590 0.2705
vn 0.1569 0.9391 0.3056
vn 0.1513 0.9460 0.2866
vn 0.0261 0.9913 0.1287
vn -0.0210 0.9974 0.0693
vn -0.0353 0.9990 0.0256
vn -0.0537 0.9983 0.0211
vn -0.3042 0.9506 -0.0613
vn 0.3042 0.7837 -0.5416
vn 0.3913 0.8207 -0.4164
vn 0.4126 0.8309 -0.3733
vn 0.4521 0.8736 -0.1803
vn 0.4433 0.8914 -0.0940
vn 0.3525 0.9314 0.0910
vn 0.3096 0.9466 0.0901
vn 0.1438 0.9797 -0.1400
vn 0.0935 0.9641 -0.2486
vn 0.0929 0.9183 -0.3849
vn 0.1398 0.9249 -0.3536
vn 0.1846 0.9658 -0.1821
vn 0.1268 0.9856 -0.1120
vn -0.2743 0.9611 0.0307
vn -0.2280 0.9272 0.2971
vn -0.1717 0.9566 0.2353
vn -0.1118 0.9711 0.2110
vn 0.1912 0.9632 0.1888
vn 0.2907 0.9354 0.2013
vn 0.3872 0.9010 0.1955
vn 0.3812 0.9135 0.1424
vn 0.2171 0.9712 -0.0985
vn 0.1194 0.9798 -0.1602
vn -0.0469 0.9981 -0.0406
vn -0.0404 0.9950 0.0918
vn 0.0367 0.9482 0.3156
vn 0.0626 0.9669 0.2473
vn 0.1034 0.9680 -0.2286
vn 0.0936 0.9280 -0.3607
vn 0.0102 0.8899 -0.4561
vn -0.1168 0.9750 0.1888
vn -0.1876 0.9780 0.0912
vn -0.1821 0.9787 0.0944
vn -0.1167 0.9729 0.1995
vn -0.0630 0.9624 0.2641
vn 0.1310 0.9164 0.3783
vn 0.1610 0.9272 0.3383
vn 0.1796 0.9775 0.1107
vn 0.1955 0.9752 0.1033
vn 0.1089 0.9721 0.2076
vn 0.0401 0.9933 0.1087
vn 0.0041 0.8996 -0.4366
vn 0.0358 0.8806 -0.4725
vn 0.0423 0.9575 -0.2853
vn 0.0165 0.9750 -0.2217
vn -0.0996 0.9690 -0.2263
vn -0.1271 0.9677 -0.2178
vn -0.1334 0.9864 -0.0960
vn -0.0960 0.9748 0.2014
vn -0.1736 0.9657 0.1932
vn -0.2203 0.9574 0.1867
vn -0.1607 0.9371 0.3098
vn -0.1321 0.9366 0.3247
vn -0.0175 0.9687 0.2477
vn 0.0091 0.9840 0.1778
vn -0.0141 0.9997 -0.0194
vn -0.0110 0.9994 -0.0332
vn 0.1153 0.9866 -0.1151
vn 0.1274 0.9793 -0.1570
vn -0.0192 0.9943 -0.1046
vn -0.0251 0.9993 -0.0271
vn 0.0240 0.9974 0.0678
vn 0.0353 0.9979 0.0536
vn 0.0032 0.9999 -0.0103
vn -0.0285 0.9996 -0.0093
vn -0.0984 0.9902 0.0988
vn -0.1370 0.9803 0.1426
vn -0.1543 0.9592 0.2370
vn -0.1083 0.9795 0.1698
vn -0.1067 0.9797 0.1700
vn -0.1087 0.9786 0.1748
vn -0.1644 0.9626 0.2153
vn -0.1582 0.9708 0.1803
vn -0.1071 0.9832 0.1480
vn -0.0734 0.9904 0.1175
vn -0.0851 0.9847 0.1521
vn -0.0913 0.9849 0.1471
vn -0.0842 0.9958 0.0374
vn -0.0696 0.9976 -0.0007
vn -0.0742 0.9952 0.0631
vn -0.0239 0.9991 0.0347
vn -0.0682 0.9901 0.1230
vn -0.0707 0.9899 0.1232
vn 0.0234 0.9997 0.0033
vn 0.0350 0.9990 0.0282
vn -0.0090 0.9986 0.0521
vn -0.0190 0.9944 0.1041
vn -0.0838 0.9820 0.1690
vn -0.0735 0.9855 0.1530
vn 0.0046 0.9980 0.0628
vn -0.0141 0.9994 0.0321
vn -0.0553 0.9889 0.1376
vn -0.0797 0.9909 0.1085
vn -0.1144 0.9761 0.1849
vn -0.1108 0.9747 0.1940
vn 0.0135 0.9850 -0.1723
vn 0.0690 0.9791 -0.1912
vn -0.0614 0.9970 0.0465
vn -0.0122 0.9974 0.0710
vn -0.1039 0.9776 0.1832
vn -0.0943 0.9807 0.1715
vn 0.0509 0.9962 -0.0710
vn 0.0118 0.9992 -0.0376
vn -0.0634 0.9958 0.0658
vn -0.0521 0.9976 0.0448
vn -0.0839 0.9872 0.1355
vn -0.0918 0.9850 0.1464
vn 0.0014 0.9997 0.0251
vn 0.0160 0.9950 0.0982
vn -0.0193 0.9986 0.0493
vn -0.0278 0.9900 0.1382
vn -0.0857 0.9819 0.1687
vn -0.0755 0.9861 0.1481
vn -0.0506 0.9524 0.3008
vn -0.0888 0.9405 0.3279
vn -0.0770 0.9670 0.2430
vn -0.1413 0.9487 0.2828
vn -0.1384 0.9600 0.2436
vn -0.1246 0.9629 0.2394
vn -0.1563 0.9451 0.2870
vn -0.1934 0.9550 0.2248
vn -0.1614 0.9429 0.2912
vn -0.1792 0.9628 0.2022
vn -0.1224 0.9718 0.2017
vn -0.1524 0.9631 0.2219
vn -0.1345 0.9723 0.1909
vn -0.1120 0.9748 0.1930
vn -0.1138 0.9747 0.1924
vn -0.1886 0.9760 0.1088
vn -0.2447 0.9486 0.2006
vn -0.2109 0.9485 0.2363
vn -0.1461 0.9788 -0.1434
vn -0.1416 0.9724 -0.1854
vn -0.2126 0.9769 0.0225
vn -0.1785 0.9819 -0.0625
vn -0.1863 0.9812 0.0503
vn -0.2170 0.9723 0.0867
vn -0.0607 0.9758 -0.2101
vn -0.0217 0.9798 -0.1987
vn -0.0801 0.9918 -0.1001
vn 0.0234 0.9909 -0.1327
vn 0.0489 0.9973 -0.0550
vn -0.0044 0.9997 -0.0248
vn 0.0574 0.9284 -0.3672
vn 0.0556 0.8966 -0.4393
vn 0.0870 0.9546 -0.2850
vn 0.0763 0.8631 -0.4993
vn 0.0831 0.9101 -0.4059
vn 0.0971 0.9538 -0.2842
vn -0.0198 0.9532 -0.3017
vn -0.0120 0.9957 -0.0924
vn 0.0492 0.8406 -0.5395
vn 0.1864 0.9633 -0.1930
vn 0.2778 0.8732 -0.4005
vn 0.1637 0.8248 -0.5413
vn 0.1662 0.9658 0.1989
vn 0.1957 0.9700 0.1441
vn 0.3024 0.9531 0.0144
vn 0.2137 0.9769 0.0051
vn 0.1636 0.9833 -0.0801
vn 0.2552 0.9599 -0.1159
vn 0.1670 0.9713 0.1693
vn 0.1652 0.9520 0.2576
vn 0.1217 0.9834 0.1344
vn 0.0999 0.9334 0.3447
vn 0.0563 0.9485 0.3117
vn 0.0630 0.9762 0.2076
vn 0.0731 0.9259 0.3707
vn 0.0033 0.9450 0.3270
vn 0.0223 0.9213 0.3883
vn -0.0751 0.9586 0.2747
vn -0.0845 0.9502 0.3001
vn -0.0444 0.9330 0.3570
vn -0.1536 0.9771 0.1471
vn -0.1730 0.9784 0.1131
vn -0.1411 0.9806 0.1363
vn -0.1616 0.9851 0.0588
vn -0.1658 0.9836 0.0712
vn -0.1484 0.9818 0.1186
vn -0.1763 0.9779 0.1120
vn -0.1488 0.9777 0.1481
vn -0.1487 0.9862 0.0732
vn 0.0771 0.8054 -0.5876
vn 0.0546 0.8346 -0.5482
vn 0.0310 0.8413 -0.5396
vn 0.0517 0.8858 -0.4612
vn 0.0761 0.8949 -0.4397
vn 0.1276 0.8295 -0.5438
vn 0.1297 0.8492 -0.5119
vn 0.1219 0.8430 -0.5239
vn 0.1141 0.8542 -0.5072
vn 0.1004 0.9931 -0.0612
vn 0.0851 0.9902 0.1107
vn 0.1168 0.9450 -0.3055
vn 0.0583 0.9968 0.0553
vn 0.0718 0.9718 -0.2244
vn 0.1018 0.9213 -0.3753
vn 0.0127 0.9526 0.3040
vn -0.0147 0.9752 0.2209
vn -0.0094 0.9529 0.3033
vn -0.0553 0.9731 0.2236
vn -0.0376 0.9649 0.2599
vn -0.0289 0.9685 0.2472
vn -0.0241 0.9903 -0.1366
vn 0.0340 0.9837 -0.1766
vn -0.0142 0.9999 0.0074
vn 0.1398 0.9884 -0.0595
vn 0.1583 0.9869 0.0307
vn 0.0918 0.9944 0.0531
vn 0.3029 0.9529 -0.0155
vn 0.3603 0.9303 0.0695
vn 0.2823 0.9578 0.0540
vn 0.3298 0.9219 0.2034
vn 0.2862 0.9246 0.2516
vn 0.2691 0.9458 0.1820
vn 0.3857 0.8962 0.2193
vn 0.3593 0.9078 0.2165
vn 0.3213 0.9039 0.2824
vn 0.1477 0.9473 0.2842
vn 0.0278 0.9505 0.3094
vn 0.1378 0.9350 0.3268
vn 0.0786 0.9795 0.1853
vn -0.0271 0.9808 0.1930
vn -0.0795 0.9603 0.2673
vn -0.2220 0.9352 0.2758
vn -0.2489 0.9348 0.2532
vn -0.2177 0.9421 0.2551
vn -0.2089 0.9425 0.2607
vn -0.2264 0.9319 0.2832
vn -0.2688 0.9122 0.3091
vn -0.2864 0.9552 0.0743
vn -0.1562 0.9870 0.0367
vn -0.2637 0.9646 -0.0066
vn -0.1221 0.9925 -0.0010
vn 0.0199 0.9985 -0.0500
vn -0.0111 0.9966 0.0819
vn 0.1702 0.9854 0.0002
vn 0.1524 0.9774 0.1464
vn 0.1163 0.9791 0.1669
vn 0.1985 0.9474 -0.2509
vn 0.1799 0.9339 -0.3089
vn 0.1932 0.9659 -0.1725
vn 0.1158 0.9345 -0.3365
vn 0.0702 0.9659 -0.2491
vn 0.1108 0.9839 -0.1401
vn 0.0615 0.9215 -0.3836
vn 0.0619 0.9400 -0.3354
vn 0.0478 0.9146 -0.4015
vn 0.1009 0.9530 -0.2856
vn 0.1045 0.9527 -0.2855
vn 0.0476 0.9349 -0.3518
vn 0.2004 0.9791 -0.0339
vn 0.2600 0.9644 0.0476
vn 0.2371 0.9684 -0.0773
vn 0.3683 0.9282 0.0531
vn 0.4122 0.9099 0.0477
vn 0.3480 0.9375 -0.0062
vn 0.3890 0.9197 0.0526
vn 0.4208 0.9071 -0.0112
vn 0.4546 0.8901 0.0317
vn 0.4855 0.8703 -0.0830
vn 0.4578 0.8891 -0.0040
vn 0.4785 0.8773 0.0366
vn 0.4471 0.8560 -0.2594
vn 0.4339 0.8415 -0.3220
vn 0.4425 0.8731 -0.2047
vn 0.3807 0.8756 -0.2972
vn 0.2705 0.9512 -0.1488
vn 0.3346 0.9330 -0.1323
vn 0.3694 0.8101 -0.4552
vn 0.3437 0.7993 -0.4930
vn 0.3053 0.8866 -0.3476
vn -0.2892 0.9502 -0.1162
vn -0.1393 0.9784 -0.1529
vn -0.2704 0.9556 -0.1174
vn -0.2085 0.9775 -0.0323
vn -0.1175 0.9931 -0.0032
vn -0.0709 0.9903 -0.1196
vn 0.0402 0.9939 -0.1028
vn 0.1084 0.9684 -0.2244
vn 0.1060 0.9702 -0.2177
vn -0.0490 0.9987 0.0167
vn -0.0478 0.9984 0.0288
vn 0.0049 0.9942 -0.1072
vn 0.0237 0.9997 -0.0098
vn 0.0566 0.9936 -0.0976
vn 0.0365 0.9832 -0.1790
vn 0.0791 0.9783 0.1913
vn 0.1235 0.9611 0.2471
vn 0.1080 0.9823 0.1529
vn 0.1664 0.9515 0.2589
vn 0.1978 0.9574 0.2103
vn 0.1728 0.9704 0.1686
vn 0.1449 0.9406 0.3072
vn 0.1196 0.9484 0.2937
vn 0.1672 0.9506 0.2616
vn 0.1344 0.9736 0.1846
vn 0.2319 0.9701 0.0719
vn 0.2253 0.9639 0.1419
vn 0.0194 0.9781 0.2071
vn -0.0025 0.9849 0.1733
vn 0.1132 0.9912 0.0689
vn 0.1114 0.9925 -0.0510
vn 0.2701 0.9304 -0.2479
vn 0.2585 0.9500 -0.1749
vn -0.0421 0.9978 0.0519
vn -0.0537 0.9986 0.0033
vn 0.1150 0.9779 -0.1744
vn -0.2210 0.9625 0.1576
vn -0.2123 0.9632 0.1651
vn -0.2703 0.9575 0.1003
vn -0.1563 0.9666 0.2031
vn -0.1825 0.9664 0.1809
vn -0.1736 0.9591 0.2237
vn -0.1817 0.9702 0.1603
vn -0.1337 0.9779 0.1609
vn -0.1594 0.9716 0.1751
vn -0.1099 0.9896 0.0924
vn 0.0006 0.9935 0.1137
vn -0.0479 0.9880 0.1470
vn 0.1390 0.9670 0.2133
vn 0.1473 0.9543 0.2601
vn 0.0841 0.9713 0.2225
vn 0.2457 0.9349 0.2563
vn 0.2527 0.9226 0.2915
vn 0.2177 0.9310 0.2930
vn 0.1656 0.9286 0.3321
vn 0.1137 0.9338 0.3393
vn 0.1553 0.9298 0.3338
vn 0.1193 0.9495 0.2902
vn 0.0663 0.9599 0.2725
vn 0.0545 0.9461 0.3192
vn -0.0455 0.9521 0.3024
vn -0.0850 0.9497 0.3014
vn -0.0432 0.9495 0.3108
vn -0.0575 0.9758 0.2111
vn -0.0959 0.9808 0.1699
vn -0.1299 0.9492 0.2867
vn -0.0894 0.9936 0.0696
vn -0.1547 0.9837 0.0919
vn -0.0946 0.9878 0.1238
vn -0.2002 0.9790 -0.0385
vn -0.2333 0.9697 -0.0726
vn -0.2280 0.9733 -0.0270
vn -0.0928 0.9954 -0.0239
vn -0.0092 0.9995 0.0319
vn -0.1397 0.9902 -0.0043
vn 0.1351 0.9893 0.0557
vn 0.2692 0.9566 0.1116
vn 0.2089 0.9718 0.1089
vn 0.3503 0.9196 0.1779
vn 0.3259 0.9175 0.2279
vn 0.3117 0.9268 0.2096
vn 0.3476 0.9376 -0.0030
vn 0.3058 0.9447 -0.1184
vn 0.3136 0.9458 0.0846
vn 0.2319 0.9648 -0.1243
vn 0.1777 0.9838 0.0238
vn 0.2127 0.9718 0.1014
vn 0.1901 0.8692 -0.4564
vn 0.1709 0.8303 -0.5305
vn 0.1838 0.9181 -0.3512
vn -0.2070 0.9775 -0.0409
vn -0.2431 0.9668 -0.0781
vn -0.1654 0.9847 -0.0542
vn -0.2776 0.9607 -0.0069
vn -0.1921 0.9813 -0.0118
vn -0.1957 0.9802 -0.0304
vn 0.1034 0.9946 -0.0119
vn 0.2254 0.9739 0.0264
vn 0.0843 0.9962 0.0236
vn 0.1595 0.9699 -0.1840
vn 0.1950 0.9395 -0.2817
vn 0.2625 0.9488 -0.1759
vn 0.2584 0.8934 -0.3675
vn 0.2759 0.8932 -0.3551
vn 0.3102 0.9152 -0.2572
vn 0.1878 0.8946 -0.4056
vn 0.1471 0.9153 -0.3750
vn 0.1750 0.8695 -0.4618
vn -0.4233 0.9060 0.0001
vn -0.3377 0.9410 -0.0239
vn -0.3758 0.9261 0.0340
vn -0.4042 0.9129 -0.0575
vn -0.3306 0.9384 -0.1003
vn -0.2879 0.9537 -0.0874
vn -0.1115 0.9797 -0.1664
vn 0.0162 0.9686 -0.2481
vn -0.0544 0.9771 -0.2057
vn -0.0424 0.9946 0.0942
vn 0.0191 0.9789 0.2032
vn 0.0371 0.9985 -0.0393
vn -0.4295 0.9016 -0.0508
vn -0.3984 0.9168 -0.0275
vn -0.4750 0.8758 -0.0856
vn -0.2228 0.9591 0.1748
vn -0.1252 0.9600 0.2506
vn -0.2033 0.9533 0.2235
vn -0.0868 0.9856 0.1452
vn -0.0727 0.9885 0.1325
vn -0.1006 0.9892 0.1061
vn -0.2493 0.9023 0.3516
vn -0.2181 0.9199 0.3259
vn -0.2478 0.9219 0.2977
vn 0.2166 0.8896 -0.4021
vn 0.0484 0.9876 -0.1494
vn 0.0921 0.9864 -0.1360
vn 0.1004 0.9489 -0.2992
vn 0.2447 0.8330 -0.4962
vn 0.2644 0.8579 -0.4406
vn -0.2066 0.9498 0.2348
vn -0.2277 0.9434 0.2413
vn -0.1935 0.9442 0.2667
vn 0.1580 0.8386 -0.5213
vn 0.1016 0.9268 -0.3614
vn 0.1178 0.9564 -0.2673
vn 0.1086 0.9008 -0.4205
vn 0.1209 0.8517 -0.5100
vn 0.1378 0.8434 -0.5193
vn 0.0890 0.9828 0.1619
vn 0.1256 0.9921 -0.0034
vn 0.1306 0.9863 -0.1006
vn -0.0438 0.9453 0.3232
vn -0.0183 0.9323 0.3612
vn -0.0754 0.9426 0.3252
vn -0.0868 0.9928 -0.0824
vn -0.0887 0.9960 0.0109
vn -0.1402 0.9891 0.0447
vn -0.1597 0.9641 -0.2122
vn -0.0091 0.9998 -0.0168
vn -0.0181 0.9998 0.0093
vn -0.0771 0.9674 -0.2412
vn -0.0695 0.9724 -0.2227
vn -0.0941 0.9707 -0.2211
vn -0.0710 0.9821 -0.1746
vn 0.0262 0.9991 0.0320
vn 0.0189 0.9997 0.0179
vn -0.0821 0.9777 -0.1931
vn -0.0940 0.9782 -0.1849
vn -0.0661 0.9883 -0.1373
vn -0.0753 0.9889 -0.1280
vn 0.0317 0.9981 0.0534
vn 0.0326 0.9981 0.0525
vn -0.1558 0.9654 -0.2090
vn -0.1720 0.9577 -0.2306
vn -0.0985 0.9841 -0.1477
vn -0.1126 0.9772 -0.1800
vn 0.0210 0.9991 0.0380
vn 0.0235 0.9989 0.0412
vn -0.1437 0.9487 -0.2817
vn -0.1113 0.9550 -0.2751
vn -0.0943 0.9784 -0.1842
vn -0.0502 0.9885 -0.1429
vn 0.0411 0.9973 0.0615
vn 0.0327 0.9982 0.0495
vn -0.0131 0.9842 -0.1764
vn 0.0155 0.9902 -0.1386
vn 0.0028 0.9972 -0.0752
vn 0.0296 0.9995 0.0100
vn 0.0737 0.9894 0.1251
vn 0.0742 0.9906 0.1152
vn 0.0655 0.9978 0.0020
vn 0.0847 0.9958 0.0348
vn 0.0650 0.9961 0.0594
vn 0.0925 0.9901 0.1052
vn 0.1064 0.9812 0.1613
vn 0.0978 0.9839 0.1496
vn 0.1255 0.9851 0.1178
vn 0.1336 0.9812 0.1392
vn 0.1157 0.9831 0.1420
vn 0.1196 0.9762 0.1809
vn 0.1215 0.9699 0.2111
vn 0.1236 0.9716 0.2016
vn 0.1265 0.9720 0.1979
vn 0.1178 0.9715 0.2055
vn 0.1200 0.9713 0.2055
vn 0.1142 0.9713 0.2087
vn 0.1190 0.9700 0.2119
vn 0.1201 0.9694 0.2143
vn 0.1433 0.9757 0.1659
vn 0.1244 0.9766 0.1756
vn 0.1600 0.9640 0.2123
vn 0.1217 0.9617 0.2457
vn 0.1252 0.9683 0.2161
vn 0.1241 0.9643 0.2341
vn 0.1697 0.9392 0.2985
vn 0.1287 0.9394 0.3178
vn 0.1242 0.9606 0.2486
vn 0.1589 0.9590 0.2349
vn 0.1116 0.9847 0.1335
vn 0.1495 0.9787 0.1407
vn 0.0506 0.9749 0.2167
vn 0.0342 0.9822 0.1849
vn 0.0773 0.9779 0.1943
vn 0.0328 0.9898 0.1390
vn -0.0067 0.9994 0.0347
vn 0.0249 0.9982 0.0540
vn -0.0153 0.9896 0.1431
vn -0.0392 0.9892 0.1413
vn -0.0258 0.9931 0.1148
vn -0.0659 0.9937 0.0911
vn -0.1107 0.9935 -0.0279
vn -0.1001 0.9949 -0.0071
vn -0.0364 0.9949 0.0944
vn 0.0076 0.9981 0.0608
vn -0.0313 0.9987 0.0408
vn 0.0714 0.9972 -0.0202
vn 0.0297 0.9916 -0.1262
vn -0.0198 0.9937 -0.1103
vn 0.1660 0.9861 -0.0119
vn 0.1888 0.9820 -0.0109
vn 0.1514 0.9876 -0.0416
vn 0.1724 0.9847 -0.0249
vn 0.1247 0.9892 -0.0770
vn 0.1148 0.9885 -0.0986
vn 0.1750 0.9845 0.0121
vn 0.1579 0.9874 0.0144
vn 0.1593 0.9872 -0.0031
vn 0.1457 0.9893 0.0114
vn 0.1329 0.9911 0.0118
vn 0.1274 0.9918 -0.0072
vn 0.1307 0.9914 0.0005
vn 0.1227 0.9924 -0.0007
vn 0.1409 0.9897 0.0238
vn 0.1266 0.9910 0.0437
vn 0.1357 0.9872 0.0836
vn 0.1395 0.9878 0.0685
vn 0.0776 0.9969 0.0157
vn 0.0491 0.9984 0.0266
vn 0.0935 0.9936 0.0629
vn 0.0221 0.9965 0.0807
vn 0.0485 0.9911 0.1242
vn 0.0815 0.9891 0.1222
vn -0.0972 0.9945 0.0382
vn -0.1308 0.9914 0.0020
vn -0.0549 0.9971 0.0524
vn -0.0399 0.9971 -0.0646
vn 0.0492 0.9988 -0.0076
vn 0.0195 0.9993 0.0317
vn 0.0366 0.9687 -0.2454
vn 0.1363 0.9556 -0.2613
vn 0.1281 0.9813 -0.1438
vn -0.1860 0.9822 -0.0266
vn -0.1164 0.9931 0.0142
vn -0.1200 0.9915 0.0498
vn -0.1705 0.9776 -0.1233
vn -0.1364 0.9808 -0.1394
vn -0.1315 0.9872 -0.0903
vn -0.1315 0.9901 -0.0500
vn -0.1169 0.9928 0.0256
vn -0.0983 0.9951 0.0062
vn -0.1691 0.9850 -0.0341
vn -0.1826 0.9830 -0.0197
vn -0.1704 0.9853 -0.0089
vn -0.1280 0.9897 -0.0635
vn -0.0641 0.9969 -0.0466
vn -0.1160 0.9932 -0.0042
vn -0.0113 0.9885 -0.1506
vn 0.0940 0.9769 -0.1917
vn 0.0359 0.9867 -0.1586
vn 0.1682 0.9728 -0.1593
vn 0.1758 0.9795 -0.0980
vn 0.1466 0.9824 -0.1158
vn 0.1938 0.9732 -0.1235
vn 0.1560 0.9841 -0.0844
vn 0.1689 0.9813 -0.0921
vn 0.0970 0.9940 -0.0515
vn 0.1079 0.9937 -0.0302
vn 0.1362 0.9901 -0.0338
vn 0.0081 0.9975 -0.0704
vn -0.0219 0.9946 -0.1013
vn 0.0351 0.9968 -0.0725
vn 0.0043 0.9918 -0.1274
vn 0.0492 0.9945 -0.0921
vn 0.0588 0.9954 -0.0750
vn -0.0597 0.9754 -0.2123
vn -0.0565 0.9711 -0.2318
vn -0.0116 0.9860 -0.1665
vn -0.0242 0.9885 -0.1496
vn -0.0111 0.9973 -0.0723
vn 0.0129 0.9956 -0.0925
vn -0.0673 0.9894 -0.1288
vn -0.1324 0.9904 -0.0388
vn -0.1079 0.9925 -0.0573
vn -0.2744 0.9614 0.0184
vn -0.2725 0.9618 -0.0255
vn -0.2051 0.9787 0.0007
vn -0.3697 0.9262 0.0745
vn -0.3735 0.9274 -0.0193
vn -0.3612 0.9285 -0.0865
vn -0.1475 0.9891 0.0006
vn -0.1297 0.9815 -0.1412
vn -0.1917 0.9793 -0.0646
vn -0.0402 0.9991 -0.0098
vn -0.0216 0.9980 -0.0588
vn -0.0608 0.9901 -0.1261
vn -0.1026 0.9943 -0.0294
vn -0.1536 0.9881 -0.0072
vn -0.1287 0.9898 -0.0619
vn -0.0579 0.9957 0.0724
vn 0.0102 0.9968 0.0798
vn -0.0896 0.9952 0.0405
vn 0.1576 0.9860 -0.0551
vn 0.1668 0.9747 -0.1488
vn 0.0294 0.9956 -0.0890
vn 0.3834 0.9228 -0.0380
vn 0.3655 0.9306 -0.0194
vn 0.3414 0.9351 -0.0951
vn 0.2264 0.9737 -0.0243
vn 0.1719 0.9838 -0.0510
vn 0.2461 0.9649 -0.0918
vn 0.0213 0.9982 0.0554
vn -0.1130 0.9927 0.0430
vn -0.0024 0.9999 0.0122
vn -0.1723 0.9833 -0.0585
vn -0.1315 0.9861 -0.1019
vn -0.0858 0.9949 -0.0529
vn -0.2733 0.9522 -0.1367
vn -0.2564 0.9450 -0.2030
vn -0.2230 0.9576 -0.1826
vn -0.1630 0.9415 -0.2949
vn -0.1187 0.9431 -0.3106
vn -0.1572 0.9510 -0.2663
vn 0.0729 0.9371 -0.3414
vn 0.1707 0.9278 -0.3316
vn 0.0683 0.9358 -0.3459
vn 0.0148 0.9826 -0.1850
vn -0.0524 0.9962 -0.0697
vn 0.0572 0.9784 -0.1987
vn -0.3365 0.9364 -0.0992
vn -0.4285 0.9027 -0.0385
vn -0.3589 0.9333 -0.0105
vn 0.0512 0.8712 0.4882
vn 0.0532 0.9678 0.2461
vn 0.0133 0.9279 0.3727
vn 0.1426 0.8645 0.4819
vn 0.1947 0.8956 0.4000
vn 0.1358 0.9476 0.2893
vn 0.1946 0.9469 0.2560
vn 0.1583 0.9704 0.1824
vn 0.0940 0.9805 0.1725
vn 0.3594 0.8922 0.2734
vn 0.4223 0.8839 0.2010
vn 0.3768 0.9090 0.1782
vn 0.4175 0.9019 0.1105
vn 0.3788 0.9213 0.0880
vn 0.4416 0.8948 0.0651
vn 0.1441 0.9690 0.2008
vn -0.0865 0.9758 0.2006
vn 0.1162 0.9782 0.1724
vn -0.2712 0.9517 0.1443
vn -0.2546 0.9611 0.1072
vn -0.1011 0.9858 0.1345
vn -0.4693 0.8810 0.0597
vn -0.4490 0.8935 -0.0078
vn -0.4222 0.9061 0.0270
vn -0.3236 0.9386 -0.1198
vn -0.2841 0.9436 -0.1702
vn -0.3525 0.9303 -0.1015
vn 0.0403 0.9853 -0.1661
vn 0.2004 0.9616 -0.1875
vn 0.0456 0.9749 -0.2180
vn 0.1495 0.9546 -0.2577
vn 0.1287 0.9439 -0.3041
vn 0.1861 0.9396 -0.2873
vn -0.1009 0.9764 -0.1908
vn -0.2572 0.9535 -0.1573
vn -0.1590 0.9586 -0.2362
vn 0.1686 0.8335 0.5261
vn 0.2075 0.7981 0.5657
vn 0.1408 0.7869 0.6008
vn 0.2215 0.8820 0.4159
vn 0.2475 0.8657 0.4351
vn 0.2805 0.8144 0.5080
vn 0.3204 0.8543 0.4092
vn 0.3747 0.8648 0.3342
vn 0.3528 0.8449 0.4021
vn 0.0992 0.9530 0.2861
vn -0.1195 0.9661 0.2287
vn 0.1807 0.9470 0.2655
vn -0.3743 0.9033 0.2095
vn -0.3448 0.9169 0.2011
vn -0.0930 0.9672 0.2362
vn -0.6075 0.7862 0.1129
vn -0.5716 0.8165 0.0813
vn -0.5833 0.8063 0.0981
vn -0.4373 0.8990 0.0253
vn -0.4232 0.9060 -0.0032
vn -0.5276 0.8486 0.0383
vn 0.0996 0.9924 0.0719
vn 0.2481 0.9673 0.0527
vn 0.0709 0.9975 0.0064
vn 0.2456 0.9690 -0.0278
vn 0.2279 0.9700 -0.0844
vn 0.2254 0.9719 -0.0677
vn 0.1154 0.9933 0.0114
vn 0.0010 0.9994 0.0348
vn 0.0752 0.9969 -0.0248
vn 0.0071 0.7987 -0.6017
vn 0.0477 0.9808 -0.1890
vn 0.0764 0.9148 -0.3965
vn -0.1673 0.8037 -0.5710
vn -0.3152 0.8438 -0.4344
vn -0.1962 0.9372 -0.2883
vn -0.4800 0.8758 -0.0502
vn -0.4552 0.8867 0.0813
vn -0.2830 0.9553 0.0861
vn -0.5733 0.8189 0.0277
vn -0.4679 0.8719 0.1448
vn -0.6155 0.7834 0.0862
vn -0.3044 0.9244 0.2298
vn -0.3700 0.9115 0.1794
vn -0.5628 0.8150 0.1378
vn 0.0039 0.9843 0.1764
vn 0.0544 0.9918 0.1153
vn 0.1082 0.9692 0.2212
vn 0.1633 0.9813 0.1019
vn 0.2179 0.9708 0.1007
vn 0.2147 0.9650 0.1506
vn 0.0828 0.9966 0.0038
vn 0.0577 0.9983 0.0006
vn 0.1163 0.9927 0.0333
vn -0.3082 0.9434 -0.1225
vn -0.2719 0.8741 -0.4026
vn -0.1586 0.9438 -0.2898
vn -0.3603 0.9284 -0.0910
vn -0.3125 0.9415 -0.1261
vn -0.4127 0.8444 -0.3416
vn -0.3892 0.8845 -0.2574
vn -0.4135 0.9001 -0.1372
vn -0.4610 0.8656 -0.1953
vn 0.0079 0.9992 0.0389
vn 0.1064 0.9880 0.1124
vn -0.1718 0.9781 -0.1173
vn 0.0253 0.9996 -0.0139
vn -0.0312 0.9979 -0.0562
vn -0.1108 0.9913 -0.0706
vn 0.2032 0.9599 0.1932
vn 0.1490 0.9742 0.1692
vn 0.1131 0.9929 0.0367
vn 0.1854 0.8587 0.4778
vn 0.1258 0.9102 0.3947
vn -0.0124 0.9181 0.3960
vn 0.2885 0.8902 0.3525
vn 0.3003 0.8892 0.3451
vn 0.3495 0.8246 0.4448
vn 0.3638 0.8522 0.3760
vn 0.3859 0.8199 0.4229
vn 0.3885 0.8301 0.4000
vn -0.0853 0.9800 0.1798
vn -0.2913 0.9503 0.1096
vn 0.0775 0.9472 0.3112
vn -0.1943 0.9232 -0.3315
vn -0.0976 0.9723 -0.2122
vn -0.0282 0.9817 -0.1884
vn -0.2981 0.9085 -0.2929
vn -0.3559 0.9025 -0.2425
vn -0.3441 0.8891 -0.3018
vn 0.1015 0.9940 0.0408
vn 0.0678 0.9760 0.2068
vn 0.1435 0.9838 0.1075
vn -0.1217 0.8704 -0.4771
vn 0.0323 0.8512 -0.5239
vn -0.1422 0.8987 -0.4149
vn -0.4489 0.8911 0.0671
vn -0.4358 0.8969 0.0750
vn -0.4311 0.8974 0.0941
vn -0.4055 0.9062 -0.1204
vn -0.4253 0.8987 -0.1072
vn -0.3773 0.9138 -0.1502
vn -0.1740 0.9837 0.0452
vn -0.2417 0.9703 -0.0060
vn -0.1244 0.9915 -0.0391
vn 0.0110 0.9987 0.0488
vn -0.0120 0.9972 0.0732
vn 0.0648 0.9968 0.0474
vn 0.0434 0.9988 0.0217
vn 0.0354 0.9992 -0.0179
vn 0.0636 0.9977 -0.0237
vn -0.3078 0.9372 0.1639
vn -0.1425 0.9562 0.2556
vn 0.0466 0.9291 0.3668
vn -0.4733 0.8626 -0.1790
vn -0.4894 0.8665 -0.0981
vn -0.4302 0.8914 -0.1429
vn -0.1233 0.9770 -0.1738
vn -0.1958 0.9761 -0.0939
vn -0.1750 0.9655 -0.1928
vn -0.0114 0.9997 0.0196
vn 0.1321 0.9912 0.0041
vn 0.1398 0.9901 0.0116
vn -0.1306 0.9913 -0.0135
vn -0.1149 0.9931 -0.0219
vn -0.0089 0.9999 -0.0064
vn 0.0195 0.9997 -0.0160
vn 0.1478 0.9890 -0.0047
vn 0.1376 0.9905 0.0006
vn -0.0639 0.9979 -0.0100
vn -0.0380 0.9992 0.0094
vn 0.0383 0.9992 0.0141
vn 0.0270 0.9996 0.0031
vn 0.1319 0.9913 -0.0011
vn 0.1340 0.9910 -0.0001
vn -0.0121 0.9999 -0.0002
vn -0.0129 0.9999 -0.0094
vn 0.0205 0.9998 -0.0050
vn 0.0303 0.9994 -0.0149
vn 0.1498 0.9887 -0.0039
vn 0.1418 0.9899 -0.0076
vn -0.0129 0.9998 0.0163
vn -0.0413 0.9964 0.0743
vn 0.0305 0.9993 0.0213
vn -0.0820 0.9935 0.0791
vn 0.0699 0.9973 0.0216
vn 0.1126 0.9935 0.0172
vn -0.3055 0.9404 0.1494
vn -0.3697 0.9267 0.0679
vn -0.2532 0.9658 0.0565
vn -0.2739 0.9613 -0.0294
vn 0.0027 1.0000 -0.0093
vn -0.0119 0.9999 -0.0034
vn -0.2807 0.9570 -0.0727
vn -0.2464 0.9685 -0.0356
vn -0.1952 0.9804 -0.0254
vn -0.1710 0.9852 -0.0132
vn 0.0526 0.9986 -0.0084
vn 0.0434 0.9990 -0.0040
vn -0.2451 0.9675 -0.0613
vn -0.2236 0.9721 -0.0712
vn -0.1266 0.9909 -0.0453
vn -0.0705 0.9975 0.0019
vn 0.1123 0.9937 0.0070
vn 0.1137 0.9935 -0.0018
vn -0.1570 0.9876 0.0062
vn -0.1245 0.9921 -0.0150
vn -0.0735 0.9972 0.0100
vn -0.0536 0.9986 -0.0020
vn 0.0917 0.9958 0.0016
vn 0.0925 0.9957 0.0022
vn -0.0305 0.9995 -0.0033
vn -0.0368 0.9991 0.0209
vn -0.0431 0.9991 0.0021
vn -0.0766 0.9967 0.0257
vn 0.0677 0.9977 0.0054
vn 0.0828 0.9965 0.0055
vn -0.1259 0.9883 0.0867
vn -0.1875 0.9765 0.1059
vn -0.1577 0.9865 0.0450
vn -0.1369 0.9903 -0.0233
vn -0.1772 0.9834 -0.0404
vn -0.1725 0.9848 -0.0197
vn -0.1399 0.9893 -0.0425
vn -0.1486 0.9854 -0.0834
vn -0.1591 0.9850 -0.0667
vn -0.1204 0.9879 -0.0982
vn -0.0913 0.9942 -0.0576
vn -0.1334 0.9888 -0.0671
vn -0.0839 0.9889 -0.1225
vn -0.0406 0.9931 -0.1096
vn -0.0322 0.9965 -0.0768
vn 0.0580 0.9974 -0.0421
vn 0.0480 0.9987 -0.0153
vn 0.0275 0.9994 -0.0198
vn 0.0992 0.9941 -0.0438
vn 0.1230 0.9922 -0.0189
vn 0.1033 0.9945 -0.0182
vn 0.1156 0.9899 0.0824
vn 0.0371 0.9894 0.1403
vn 0.0493 0.9981 0.0363
vn 0.1854 0.9396 0.2877
vn 0.1701 0.9001 0.4011
vn 0.0938 0.9334 0.3462
vn -0.0084 0.9629 0.2697
vn -0.1923 0.9728 0.1292
vn -0.1374 0.9454 0.2955
vn 0.0852 0.9879 -0.1294
vn 0.1324 0.9455 -0.2975
vn -0.0114 0.9794 -0.2018
vn 0.1034 0.9819 -0.1584
vn -0.0488 0.9960 -0.0752
vn -0.0866 0.9816 -0.1701
vn 0.2383 0.9704 0.0394
vn 0.2087 0.9759 0.0642
vn 0.1050 0.9935 0.0428
vn 0.0431 0.9976 -0.0548
vn -0.1128 0.9895 -0.0905
vn -0.0958 0.9943 -0.0463
vn 0.0985 0.9922 -0.0769
vn 0.1079 0.9844 -0.1389
vn 0.0189 0.9959 -0.0882
vn 0.1459 0.9692 -0.1984
vn 0.0802 0.9868 -0.1406
vn -0.0096 0.9955 -0.0947
vn 0.2859 0.9301 -0.2307
vn 0.2831 0.9549 -0.0898
vn 0.2947 0.9428 -0.1555
vn 0.2736 0.9606 0.0492
vn 0.2251 0.9730 0.0501
vn 0.2433 0.9699 -0.0119
vn 0.1446 0.9815 0.1258
vn 0.1446 0.9834 0.1098
vn 0.2112 0.9713 0.1094
vn -0.1854 0.9822 -0.0288
vn -0.1924 0.9787 -0.0713
vn -0.1790 0.9838 -0.0059
vn -0.1500 0.9808 -0.1246
vn -0.1509 0.9761 -0.1562
vn -0.1886 0.9715 -0.1434
vn -0.1867 0.9665 -0.1762
vn -0.1633 0.9719 -0.1697
vn -0.1806 0.9695 -0.1660
vn -0.1675 0.9657 -0.1985
vn -0.1570 0.9620 -0.2234
vn -0.1629 0.9670 -0.1957
vn -0.0617 0.9848 -0.1622
vn 0.0275 0.9967 -0.0758
vn -0.0323 0.9909 -0.1307
vn -0.0005 0.9971 -0.0764
vn 0.0295 0.9995 -0.0072
vn 0.0379 0.9992 -0.0144
vn 0.1219 0.9476 0.2952
vn 0.1709 0.8943 0.4135
vn 0.1474 0.9637 0.2227
vn 0.0999 0.8473 0.5216
vn 0.0599 0.9233 0.3793
vn 0.0835 0.8878 0.4526
vn 0.0093 0.9161 -0.4007
vn 0.1166 0.8908 -0.4392
vn 0.0498 0.9841 -0.1703
vn 0.1140 0.8683 -0.4828
vn 0.1611 0.9862 -0.0371
vn 0.2139 0.9430 -0.2548
vn 0.1799 0.9770 0.1143
vn 0.2105 0.9722 0.1025
vn 0.2278 0.9676 0.1087
vn 0.2223 0.9633 0.1507
vn 0.1599 0.9592 0.2331
vn 0.1759 0.9717 0.1577
vn 0.0342 0.9951 -0.0931
vn 0.0331 0.9798 -0.1971
vn 0.0411 0.9990 -0.0158
vn 0.1311 0.8874 -0.4420
vn 0.1434 0.9248 -0.3523
vn 0.1289 0.9020 -0.4121
vn 0.0410 0.9992 0.0037
vn 0.0680 0.9969 0.0396
vn 0.1462 0.9664 -0.2113
vn -0.1978 0.9175 0.3450
vn -0.2633 0.9275 0.2654
vn -0.1786 0.9456 0.2720
vn -0.0014 0.9900 -0.1409
vn -0.0475 0.9875 -0.1503
vn -0.0463 0.9906 -0.1290
vn 0.0162 0.9912 -0.1310
vn 0.0010 0.9911 -0.1329
vn -0.0233 0.9894 -0.1431
vn -0.0536 0.9788 -0.1978
vn -0.0960 0.9673 -0.2347
vn -0.0860 0.9790 -0.1847
vn -0.0263 0.9543 -0.2977
vn -0.0117 0.9436 -0.3310
vn -0.0534 0.9487 -0.3117
vn 0.0125 0.9941 -0.1082
vn 0.0196 0.9991 -0.0370
vn -0.0119 0.9874 -0.1577
vn 0.0241 0.9974 0.0678
vn 0.0148 0.9414 0.3371
vn 0.0267 0.9814 0.1902
vn 0.0230 0.8522 0.5227
vn 0.0561 0.9013 0.4296
vn 0.0546 0.8507 0.5227
vn -0.0454 0.9986 -0.0277
vn -0.0546 0.8166 -0.5746
vn -0.0194 0.9311 -0.3643
vn 0.0046 0.9306 -0.3661
vn 0.0691 0.9945 -0.0790
vn 0.0171 0.8368 -0.5473
vn 0.0874 0.9957 -0.0294
vn 0.1448 0.9771 -0.1561
vn 0.1377 0.9886 -0.0603
vn 0.1602 0.9251 0.3442
vn 0.1550 0.9193 0.3618
vn 0.2111 0.9653 0.1539
vn 0.0801 0.9880 0.1324
vn 0.1302 0.8895 -0.4379
vn 0.1131 0.9851 -0.1299
vn 0.1816 0.9153 -0.3596
vn 0.1536 0.9631 -0.2208
vn 0.1680 0.8540 -0.4924
vn -0.0086 0.8914 0.4530
vn -0.1190 0.7967 0.5925
vn -0.0754 0.8772 0.4741
vn 0.0896 0.9914 -0.0958
vn 0.0393 0.9932 -0.1092
vn 0.0514 0.9929 -0.1071
vn 0.1119 0.9885 -0.1014
vn 0.0745 0.9756 -0.2066
vn 0.0470 0.9845 -0.1689
vn 0.0547 0.9356 -0.3488
vn 0.0394 0.9352 -0.3520
vn 0.0307 0.9507 -0.3085
vn 0.0606 0.9684 -0.2419
vn 0.0300 0.9994 0.0197
vn 0.0559 0.9898 -0.1309
vn -0.0252 0.9643 0.2635
vn -0.0245 0.9265 0.3755
vn 0.0135 0.9937 0.1112
vn -0.1011 0.7897 0.6052
vn -0.1369 0.8535 0.5027
vn -0.0992 0.8078 0.5810
vn -0.1452 0.9415 -0.3040
vn -0.1148 0.8272 -0.5500
vn -0.1278 0.9918 0.0058
vn -0.1080 0.7509 -0.6516
vn -0.0703 0.8755 -0.4781
vn -0.1021 0.8375 -0.5368
vn 0.0734 0.9645 -0.2535
vn 0.0986 0.9798 -0.1742
vn 0.0516 0.9792 -0.1961
vn -0.0700 0.8951 0.4403
vn -0.1384 0.8583 0.4941
vn -0.0667 0.8508 0.5213
vn 0.0218 0.9125 -0.4085
vn 0.0957 0.8313 -0.5476
vn 0.0105 0.9998 0.0197
vn 0.0565 0.9012 -0.4298
vn 0.0424 0.9704 0.2379
vn 0.0794 0.9863 -0.1448
vn 0.1944 0.9795 -0.0535
vn 0.1544 0.9779 -0.1410
vn 0.1868 0.9814 -0.0449
vn 0.1260 0.9687 -0.2140
vn 0.0659 0.9552 -0.2885
vn 0.0973 0.9428 -0.3189
vn 0.0034 0.9998 0.0186
vn -0.0064 0.9936 0.1125
vn 0.0488 0.9813 -0.1863
vn -0.1124 0.9164 0.3842
vn -0.1333 0.8329 0.5372
vn -0.1147 0.8976 0.4257
vn -0.1271 0.7864 0.6045
vn -0.1400 0.8555 0.4985
vn -0.1264 0.7672 0.6289
vn -0.0141 0.9798 -0.1995
vn 0.0606 0.7970 -0.6009
vn -0.0274 0.9092 -0.4155
vn -0.0141 0.7713 -0.6363
vn -0.0343 0.8144 -0.5793
vn -0.0566 0.7495 -0.6596
vn 0.0487 0.8842 -0.4646
vn 0.0392 0.9851 0.1673
vn 0.0375 0.9739 -0.2238
vn -0.0840 0.7636 0.6402
vn -0.1634 0.8801 0.4458
vn -0.0970 0.7932 0.6011
vn -0.0042 0.9360 -0.3520
vn -0.0018 0.6938 -0.7202
vn -0.0628 0.7793 -0.6235
vn 0.0147 0.9954 -0.0943
vn 0.0169 0.9838 -0.1784
vn 0.0912 0.9904 -0.1034
vn -0.1417 0.9808 0.1338
vn -0.1506 0.9233 0.3533
vn -0.1263 0.9627 0.2392
vn -0.1289 0.8700 0.4759
vn -0.1284 0.8312 0.5409
vn -0.1384 0.8921 0.4301
vn -0.0132 0.8728 0.4879
vn 0.1100 0.9889 0.0999
vn -0.0047 0.8962 0.4436
vn 0.1887 0.7401 -0.6455
vn 0.1870 0.7506 -0.6337
vn 0.1149 0.9180 -0.3797
vn 0.2574 0.8694 -0.4217
vn 0.1056 0.8935 -0.4365
vn 0.1794 0.8489 -0.4972
vn 0.0341 0.9688 -0.2455
vn 0.1087 0.9870 0.1184
vn 0.0617 0.8840 -0.4634
vn 0.0192 0.9016 0.4322
vn 0.1585 0.8548 0.4941
vn 0.1916 0.7925 0.5791
vn -0.1362 0.9689 0.2066
vn -0.1363 0.9431 0.3034
vn -0.1780 0.9685 0.1742
vn 0.0216 0.9632 0.2679
vn 0.0816 0.9458 0.3145
vn 0.0016 0.9374 0.3481
vn 0.1535 0.9821 0.1091
vn 0.1745 0.9809 -0.0861
vn 0.0741 0.9362 0.3436
vn 0.0794 0.7941 -0.6026
vn 0.0046 0.7635 -0.6459
vn 0.1000 0.6826 -0.7239
vn 0.0308 0.9994 0.0149
vn -0.0024 0.9905 -0.1373
vn 0.1534 0.9631 -0.2210
vn -0.1486 0.9871 0.0604
vn -0.2552 0.9471 0.1948
vn -0.2509 0.9680 0.0078
vn 0.1580 0.9670 0.1998
vn 0.1478 0.9584 0.2444
vn 0.1193 0.9761 0.1816
vn 0.0967 0.9498 0.2975
vn 0.0354 0.9948 0.0955
vn 0.0949 0.9795 0.1776
vn -0.0933 0.8255 -0.5566
vn -0.1013 0.7847 -0.6116
vn -0.0179 0.8743 -0.4850
vn -0.1640 0.9306 -0.3272
vn -0.0557 0.9979 -0.0336
vn -0.0888 0.9949 -0.0489
vn 0.0245 0.9395 0.3415
vn 0.0137 0.9785 0.2060
vn 0.0526 0.9290 0.3664
vn -0.0432 0.9987 -0.0278
vn -0.1173 0.9351 -0.3343
vn -0.0924 0.9572 -0.2741
vn 0.2131 0.9617 0.1727
vn 0.1451 0.9707 0.1918
vn 0.1621 0.9761 0.1450
vn -0.2171 0.9736 0.0709
vn -0.1172 0.9908 0.0676
vn -0.1370 0.9813 0.1351
vn -0.2225 0.8952 0.3860
vn -0.2691 0.9230 0.2749
vn -0.2305 0.8603 0.4546
vn 0.0116 0.7670 0.6415
vn -0.0350 0.7796 0.6253
vn -0.0127 0.8067 0.5908
vn 0.0631 0.9772 -0.2028
vn 0.0682 0.9783 0.1956
vn 0.0082 0.8890 -0.4578
vn 0.1359 0.8358 -0.5319
vn 0.0747 0.6998 -0.7104
vn 0.1873 0.9505 -0.2479
vn -0.3233 0.9318 0.1648
vn -0.1303 0.9482 0.2896
vn -0.2712 0.9375 0.2180
vn 0.0551 0.9715 0.2306
vn -0.0394 0.9389 0.3419
vn -0.0220 0.9859 0.1661
vn -0.1933 0.9199 -0.3413
vn -0.1404 0.9555 -0.2593
vn -0.1878 0.9006 -0.3920
vn -0.0452 0.9985 -0.0300
vn -0.0887 0.9736 -0.2104
vn -0.0274 0.9973 0.0681
vn 0.1250 0.9782 -0.1658
vn 0.1280 0.9736 -0.1891
vn 0.1330 0.9698 -0.2043
vn 0.1091 0.9850 -0.1338
vn 0.1166 0.9818 -0.1502
vn 0.1189 0.9815 -0.1498
vn 0.0977 0.9862 -0.1336
vn 0.0878 0.9860 -0.1421
vn 0.0957 0.9840 -0.1503
vn 0.1256 0.9700 -0.2080
vn 0.1310 0.9655 -0.2251
vn 0.0812 0.9886 -0.1265
vn 0.0714 0.9896 -0.1249
vn 0.0739 0.9883 -0.1334
vn 0.0750 0.9884 -0.1321
vn 0.1333 0.9690 -0.2078
vn 0.1240 0.9765 -0.1760
vn 0.0638 0.9912 -0.1160
vn 0.0562 0.9946 -0.0870
vn 0.0800 0.9872 -0.1376
vn 0.0763 0.9871 -0.1410
vn 0.0795 0.9962 -0.0351
vn 0.0566 0.9983 0.0099
vn 0.0471 0.9981 -0.0399
vn 0.0210 0.9998 0.0035
vn 0.0664 0.9923 -0.1042
vn 0.0721 0.9911 -0.1121
vn -0.0155 0.9915 0.1293
vn -0.0348 0.9828 0.1815
vn -0.0044 0.9989 0.0467
vn -0.0329 0.9934 0.1097
vn 0.0453 0.9966 -0.0691
vn 0.0512 0.9955 -0.0798
vn -0.1281 0.9368 0.3255
vn -0.1677 0.9313 0.3233
vn -0.0756 0.9835 0.1645
vn -0.1054 0.9835 0.1473
vn 0.0281 0.9976 -0.0626
vn 0.0277 0.9982 -0.0533
vn -0.1988 0.9651 0.1702
vn -0.1726 0.9781 0.1159
vn -0.0878 0.9939 0.0674
vn -0.0332 0.9994 -0.0093
vn 0.0701 0.9891 -0.1295
vn 0.0570 0.9916 -0.1162
vn -0.0662 0.9970 0.0405
vn -0.0424 0.9981 0.0440
vn 0.0138 0.9986 -0.0510
vn 0.0352 0.9982 -0.0495
vn 0.0868 0.9859 -0.1430
vn 0.0862 0.9855 -0.1464
vn -0.0372 0.9939 0.1039
vn -0.0331 0.9889 0.1445
vn 0.0248 0.9991 -0.0337
vn 0.0224 0.9994 0.0264
vn 0.0682 0.9914 -0.1120
vn 0.0848 0.9883 -0.1264
vn -0.0688 0.9849 0.1590
vn -0.0900 0.9860 0.1401
vn -0.0182 0.9988 0.0452
vn -0.1562 0.9877 0.0046
vn -0.0350 0.9969 -0.0702
vn -0.0838 0.9965 -0.0055
vn -0.1857 0.9823 0.0232
vn -0.1910 0.9812 0.0274
vn -0.1014 0.9907 -0.0906
vn 0.0929 0.9492 -0.3007
vn 0.0500 0.9638 -0.2620
vn -0.1154 0.9852 0.1264
vn -0.0383 0.9821 0.1844
vn 0.0689 0.9910 -0.1144
vn 0.1807 0.9835 0.0060
vn 0.2401 0.9577 -0.1583
vn 0.2325 0.9457 -0.2271
vn 0.1004 0.9476 0.3034
vn 0.1047 0.9359 0.3363
vn 0.1853 0.9750 0.1225
vn 0.1286 0.9636 0.2345
vn 0.1220 0.9850 0.1217
vn 0.1642 0.9847 0.0586
vn 0.0277 0.8991 0.4369
vn 0.0066 0.9052 0.4250
vn 0.0462 0.9401 0.3377
vn 0.0118 0.9159 0.4013
vn -0.0042 0.9272 0.3745
vn 0.0156 0.9498 0.3124
vn 0.0099 0.9990 0.0447
vn 0.0053 0.9900 -0.1413
vn -0.0243 0.9671 0.2531
vn -0.0771 0.9958 -0.0502
vn -0.1625 0.9716 0.1723
vn -0.1164 0.9514 0.2852
vn 0.0024 0.9297 -0.3683
vn 0.0074 0.9413 -0.3375
vn -0.0997 0.9743 -0.2018
vn -0.0849 0.9829 -0.1632
vn -0.1713 0.9851 -0.0141
vn -0.1928 0.9810 -0.0196
vn 0.0206 0.9914 -0.1294
vn 0.0245 0.9975 -0.0660
vn -0.0545 0.9973 -0.0485
vn -0.0249 0.9985 0.0481
vn -0.0676 0.9906 0.1186
vn -0.0892 0.9923 0.0863
vn 0.0301 0.9975 0.0645
vn 0.0292 0.9948 0.0971
vn -0.0035 0.9948 0.1020
vn 0.0038 0.9910 0.1336
vn -0.0311 0.9826 0.1832
vn -0.0315 0.9839 0.1757
vn -0.0085 0.9938 0.1112
vn -0.0317 0.9957 0.0869
vn -0.0215 0.9928 0.1181
vn -0.1586 0.8946 0.4178
vn -0.2305 0.9119 0.3397
vn -0.1865 0.9496 0.2519
vn -0.2061 0.8643 0.4588
vn -0.2742 0.9070 0.3197
vn -0.2577 0.8299 0.4948
vn -0.3008 0.8832 0.3597
vn -0.2399 0.8524 0.4646
vn -0.2861 0.8334 0.4728
vn -0.0428 0.9767 -0.2105
vn 0.1793 0.9711 -0.1578
vn -0.0629 0.9796 0.1907
vn 0.2002 0.9335 0.2976
vn 0.0738 0.8738 0.4806
vn 0.0190 0.9000 0.4354
vn 0.3402 0.8982 0.2783
vn 0.1580 0.9746 0.1590
vn 0.1695 0.8980 0.4061
vn -0.1252 0.9921 -0.0014
vn -0.1315 0.9714 0.1978
vn -0.0761 0.9111 0.4052
vn -0.1539 0.8369 -0.5252
vn -0.0901 0.8026 -0.5897
vn -0.1116 0.8979 -0.4258
vn -0.0002 0.8379 -0.5458
vn -0.0041 0.8842 -0.4670
vn -0.0476 0.9157 -0.3991
vn 0.1271 0.9284 -0.3490
vn 0.1575 0.9728 -0.1698
vn 0.1002 0.9069 -0.4092
vn 0.1252 0.9822 -0.1399
vn 0.0917 0.9714 -0.2192
vn 0.0868 0.9410 -0.3270
vn 0.1003 0.9881 0.1165
vn 0.0791 0.9786 0.1901
vn 0.0868 0.9957 0.0330
vn 0.0460 0.9827 0.1796
vn 0.0389 0.9945 0.0973
vn 0.0528 0.9982 0.0285
vn 0.0230 0.9619 0.2725
vn 0.0119 0.9652 0.2611
vn 0.0118 0.9650 0.2619
vn -0.0184 0.9632 0.2681
vn -0.0180 0.9688 0.2471
vn -0.0042 0.9715 0.2369
vn -0.0271 0.9811 0.1914
vn -0.0518 0.9863 0.1563
vn -0.0529 0.9719 0.2296
vn -0.3963 0.8617 -0.3169
vn -0.3928 0.8788 -0.2711
vn -0.2948 0.9535 0.0630
vn -0.4279 0.6984 -0.5736
vn -0.2735 0.8356 -0.4764
vn -0.3635 0.7402 -0.5657
vn 0.2693 0.9496 -0.1606
vn 0.4055 0.8886 -0.2145
vn 0.0948 0.8582 -0.5044
vn 0.5408 0.7218 0.4318
vn 0.4831 0.7565 0.4408
vn 0.5526 0.7478 0.3679
vn 0.1486 0.9839 0.0989
vn 0.0749 0.9957 -0.0549
vn 0.3965 0.8875 0.2348
vn -0.3863 0.7878 -0.4797
vn -0.3991 0.7361 -0.5468
vn -0.3633 0.7781 -0.5124
vn -0.2080 0.8357 -0.5083
vn -0.1253 0.8303 -0.5430
vn -0.2407 0.7676 -0.5940
vn 0.1310 0.9872 0.0914
vn 0.2192 0.9164 0.3348
vn 0.1396 0.9901 0.0147
vn 0.1544 0.9321 0.3277
vn 0.1519 0.9614 0.2292
vn 0.1856 0.9740 0.1296
vn 0.0621 0.9481 0.3118
vn 0.0740 0.9518 0.2976
vn 0.0822 0.9516 0.2960
vn 0.0811 0.9627 0.2581
vn 0.0810 0.9573 0.2776
vn 0.0943 0.9519 0.2917
vn 0.0547 0.9933 0.1015
vn 0.0587 0.9972 0.0473
vn 0.0654 0.9881 0.1395
vn 0.0687 0.9965 0.0478
vn 0.0527 0.9919 0.1155
vn 0.0525 0.9868 0.1530
vn 0.0830 0.9954 -0.0481
vn 0.0858 0.9941 -0.0664
vn 0.0754 0.9971 -0.0095
vn -0.2503 0.9462 -0.2051
vn -0.1572 0.9623 -0.2218
vn -0.3619 0.7866 -0.5002
vn 0.2591 0.8748 0.4093
vn 0.4561 0.7391 0.4957
vn 0.3812 0.8188 0.4292
vn 0.4820 0.7667 0.4242
vn 0.4343 0.8253 0.3609
vn 0.5417 0.6942 0.4740
vn -0.1735 0.9748 -0.1402
vn -0.4581 0.7890 -0.4094
vn -0.2752 0.9168 -0.2895
vn -0.4614 0.7579 -0.4613
vn -0.4224 0.7771 -0.4666
vn -0.4503 0.7381 -0.5025
vn -0.0821 0.9925 -0.0904
vn 0.2626 0.9350 0.2385
vn 0.0135 0.9997 0.0203
vn 0.3427 0.8255 0.4485
vn 0.2736 0.8429 0.4633
vn 0.2705 0.8886 0.3704
vn 0.1368 0.9656 0.2209
vn 0.0325 0.9974 0.0638
vn 0.0626 0.9604 0.2717
vn 0.0327 0.9988 0.0376
vn 0.0333 0.9878 0.1524
vn 0.0388 0.9667 0.2531
vn 0.0326 0.9719 -0.2332
vn 0.0694 0.9619 -0.2646
vn 0.0547 0.9849 -0.1642
vn 0.1152 0.9697 -0.2157
vn 0.0872 0.9889 -0.1207
vn 0.0665 0.9931 -0.0970
vn 0.1769 0.9624 -0.2062
vn 0.1881 0.9681 -0.1654
vn 0.1539 0.9717 -0.1791
vn 0.3806 0.8155 0.4361
vn 0.4365 0.7655 0.4727
vn 0.2814 0.8555 0.4346
vn 0.4111 0.8165 0.4054
vn 0.0373 0.9799 0.1958
vn 0.3044 0.8894 0.3410
vn -0.5539 0.7696 -0.3176
vn -0.5495 0.7395 -0.3889
vn -0.3523 0.9175 -0.1844
vn -0.5505 0.7436 -0.3795
vn -0.3375 0.8903 -0.3057
vn -0.4529 0.8132 -0.3655
vn 0.2943 0.9549 0.0403
vn 0.3999 0.8965 0.1908
vn 0.0567 0.9971 -0.0514
vn 0.5618 0.8189 0.1173
vn 0.4746 0.8798 0.0279
vn 0.5201 0.8384 0.1634
vn 0.0565 0.9848 -0.1640
vn 0.0038 0.9894 -0.1451
vn 0.1502 0.9887 -0.0038
vn -0.0422 0.9533 -0.2990
vn -0.0494 0.9551 -0.2923
vn -0.0518 0.9555 -0.2903
vn 0.0082 0.9642 -0.2652
vn 0.0428 0.9611 -0.2729
vn -0.0060 0.9556 -0.2946
vn 0.0889 0.9873 -0.1318
vn 0.1418 0.9872 -0.0727
vn 0.1222 0.9803 -0.1552
vn 0.2630 0.8978 0.3533
vn -0.0237 0.9784 0.2054
vn 0.4222 0.8081 0.4107
vn -0.5980 0.7738 -0.2090
vn -0.7201 0.5999 -0.3486
vn -0.6905 0.6591 -0.2979
vn -0.5709 0.7534 -0.3261
vn -0.4157 0.8555 -0.3087
vn -0.6087 0.7099 -0.3543
vn -0.1589 0.9802 -0.1184
vn 0.2420 0.9692 0.0463
vn 0.1438 0.9876 -0.0627
vn 0.5129 0.8572 0.0462
vn 0.4975 0.8670 -0.0278
vn 0.5432 0.8388 0.0366
vn 0.3071 0.9515 0.0199
vn 0.0692 0.9974 -0.0184
vn 0.1571 0.9810 -0.1140
vn -0.0671 0.9929 -0.0980
vn -0.0564 0.9840 -0.1692
vn -0.0447 0.9763 -0.2116
vn -0.0845 0.9946 0.0604
vn -0.0583 0.9956 0.0739
vn -0.0379 0.9993 -0.0045
vn -0.6659 0.6335 -0.3940
vn -0.7102 0.5922 -0.3805
vn -0.5874 0.7512 -0.3012
vn -0.6344 0.7047 -0.3176
vn -0.5218 0.8288 -0.2018
vn -0.6051 0.7490 -0.2698
vn -0.1084 0.9902 0.0882
vn 0.0970 0.9848 0.1442
vn -0.2654 0.9632 -0.0413
vn 0.2467 0.9333 0.2611
vn 0.3186 0.9115 0.2602
vn 0.3159 0.9081 0.2749
vn 0.2420 0.9436 0.2260
vn 0.1397 0.9724 0.1870
vn 0.2942 0.9324 0.2097
vn 0.1180 0.9901 0.0756
vn 0.0104 0.9995 0.0315
vn -0.0307 0.9860 0.1636
vn -0.5308 0.8161 -0.2284
vn -0.4840 0.8564 -0.1795
vn -0.5962 0.7417 -0.3074
vn -0.2496 0.9660 0.0672
vn -0.0604 0.9800 0.1895
vn -0.1366 0.9845 0.1097
vn 0.1794 0.9644 0.1945
vn 0.2762 0.9473 0.1621
vn 0.1958 0.9609 0.1959
vn 0.1627 0.9759 0.1454
vn 0.1701 0.9789 0.1128
vn 0.2193 0.9715 0.0904
vn -0.1116 0.9793 0.1689
vn -0.0814 0.9778 0.1930
vn -0.1896 0.9761 0.1061
vn -0.0327 0.9442 0.3276
vn -0.0093 0.9263 0.3766
vn -0.0120 0.9591 0.2829
vn -0.0688 0.9956 0.0635
vn -0.1080 0.9890 0.1010
vn -0.0743 0.9877 0.1372
vn -0.1139 0.9828 0.1455
vn -0.1085 0.9846 0.1370
vn -0.0791 0.9794 0.1860
vn 0.0473 0.9973 -0.0559
vn 0.0060 1.0000 -0.0058
vn 0.0328 0.9991 0.0271
vn 0.1279 0.9845 -0.1198
vn 0.0820 0.9920 -0.0958
vn 0.0941 0.9903 -0.1018
vn 0.2002 0.9783 -0.0538
vn 0.2079 0.9748 -0.0807
vn 0.1888 0.9741 -0.1242
vn 0.0445 0.9987 0.0257
vn 0.1035 0.9946 0.0043
vn 0.0562 0.9984 -0.0117
vn -0.1672 0.9794 0.1130
vn -0.1620 0.9778 0.1329
vn -0.1611 0.9714 0.1744
vn 0.1660 0.9838 0.0683
vn 0.1286 0.9913 0.0287
vn 0.1859 0.9826 0.0022
vn 0.0315 0.9283 0.3704
vn 0.0783 0.9540 0.2894
vn 0.0599 0.9657 0.2527
vn -0.0018 0.9505 0.3106
vn -0.0022 0.9313 0.3643
vn -0.0095 0.9252 0.3793
vn -0.0959 0.9788 -0.1808
vn -0.1065 0.9745 -0.1972
vn -0.1106 0.9738 -0.1988
vn -0.0731 0.9792 -0.1895
vn -0.0443 0.9830 -0.1783
vn -0.0748 0.9819 -0.1742
vn -0.0530 0.9903 -0.1287
vn -0.0882 0.9832 -0.1599
vn -0.0843 0.9820 -0.1693
vn 0.0792 0.9952 -0.0579
vn 0.1123 0.9936 -0.0104
vn 0.0233 0.9971 -0.0730
vn 0.0474 0.9985 0.0284
vn -0.0475 0.9949 -0.0891
vn -0.0535 0.9934 -0.1019
vn 0.1435 0.9807 0.1329
vn 0.1676 0.9714 0.1679
vn 0.0797 0.9929 0.0887
vn 0.1194 0.9818 0.1478
vn -0.0159 0.9990 -0.0420
vn -0.0262 0.9982 -0.0548
vn 0.2176 0.9374 0.2718
vn 0.2135 0.9298 0.2998
vn 0.1443 0.9688 0.2016
vn 0.1368 0.9633 0.2311
vn -0.0012 1.0000 -0.0037
vn 0.0005 1.0000 -0.0072
vn 0.1511 0.9357 0.3188
vn 0.1361 0.9439 0.3009
vn 0.1114 0.9690 0.2204
vn 0.1017 0.9766 0.1896
vn -0.0116 0.9997 -0.0213
vn -0.0128 0.9998 -0.0181
vn 0.1445 0.9630 0.2277
vn 0.1680 0.9608 0.2207
vn 0.1200 0.9766 0.1783
vn 0.1468 0.9659 0.2135
vn 0.0071 0.9999 0.0086
vn 0.0044 1.0000 -0.0023
vn 0.1716 0.9392 0.2976
vn 0.1201 0.9355 0.3322
vn 0.1170 0.9600 0.2545
vn 0.0193 0.9804 0.1959
vn -0.0599 0.9960 -0.0670
vn -0.0385 0.9989 -0.0254
vn -0.0469 0.9731 0.2258
vn -0.0617 0.9895 0.1304
vn -0.0541 0.9981 0.0310
vn -0.0455 0.9951 -0.0875
vn -0.0770 0.9846 -0.1567
vn -0.0906 0.9838 -0.1547
vn 0.0645 0.9959 -0.0633
vn 0.1082 0.9937 -0.0287
vn 0.0231 0.9979 -0.0608
vn 0.0378 0.9982 0.0464
vn -0.0546 0.9949 -0.0843
vn -0.0475 0.9944 -0.0943
vn -0.0760 0.9897 0.1210
vn -0.1444 0.9873 0.0660
vn -0.0801 0.9967 0.0128
vn 0.0127 0.9807 -0.1950
vn 0.0100 0.9811 -0.1931
vn -0.0349 0.9799 -0.1965
vn 0.1052 0.9775 -0.1828
vn 0.1303 0.9756 -0.1766
vn 0.0974 0.9779 -0.1852
vn 0.1200 0.9777 -0.1726
vn 0.1316 0.9843 -0.1180
vn 0.1317 0.9808 -0.1438
vn 0.0555 0.9816 -0.1828
vn 0.0485 0.9786 -0.2000
vn 0.0771 0.9844 -0.1584
vn 0.1043 0.9840 -0.1446
vn 0.1621 0.9868 -0.0015
vn 0.1365 0.9902 -0.0299
vn 0.0966 0.9720 -0.2144
vn 0.0993 0.9759 -0.1944
vn 0.1381 0.9850 -0.1031
vn 0.1138 0.9931 -0.0276
vn 0.1643 0.9751 0.1487
vn 0.1886 0.9761 0.1079
vn 0.0011 0.9976 -0.0693
vn -0.0527 0.9984 -0.0227
vn 0.0240 0.9979 0.0605
vn -0.0623 0.9927 0.1037
vn 0.0117 0.9786 0.2052
vn 0.0388 0.9751 0.2185
vn -0.1502 0.9885 0.0179
vn -0.1431 0.9896 -0.0159
vn -0.0883 0.9941 0.0625
vn -0.0358 0.9985 -0.0413
vn 0.0671 0.9968 0.0430
vn 0.0338 0.9957 0.0862
vn -0.0527 0.9825 -0.1787
vn -0.0328 0.9774 -0.2090
vn 0.0180 0.9922 -0.1230
vn -0.0194 0.9963 -0.0836
vn 0.0131 0.9936 0.1118
vn 0.0750 0.9960 0.0484
vn -0.1106 0.9918 -0.0633
vn -0.1395 0.9895 0.0371
vn -0.1362 0.9872 0.0830
vn -0.1500 0.9684 0.1990
vn -0.1177 0.9650 0.2344
vn -0.1345 0.9573 0.2560
vn -0.0743 0.9769 0.2002
vn -0.0322 0.9826 0.1830
vn -0.0621 0.9839 0.1676
vn 0.0487 0.9985 -0.0237
vn 0.1018 0.9900 -0.0977
vn 0.0614 0.9979 -0.0199
vn 0.0054 0.9981 -0.0618
vn -0.0850 0.9936 -0.0739
vn -0.0172 0.9926 -0.1205
vn 0.2739 0.9570 -0.0950
vn 0.2230 0.9702 -0.0953
vn 0.1973 0.9713 -0.1326
vn 0.2735 0.9617 0.0210
vn 0.1463 0.9824 0.1160
vn 0.1897 0.9811 0.0371
vn 0.0353 0.9991 0.0215
vn 0.0511 0.9949 -0.0870
vn 0.0656 0.9973 -0.0327
vn 0.0097 0.9988 -0.0484
vn 0.0518 0.9866 -0.1546
vn 0.0647 0.9879 -0.1410
vn 0.1307 0.9679 -0.2146
vn 0.1281 0.9712 -0.2010
vn 0.1182 0.9711 -0.2075
vn 0.1314 0.9634 -0.2337
vn 0.1080 0.9766 -0.1862
vn 0.1239 0.9791 -0.1612
vn 0.0311 0.9988 -0.0388
vn -0.0254 0.9995 -0.0205
vn 0.0326 0.9967 -0.0744
vn -0.0357 0.9990 0.0258
vn -0.0735 0.9936 0.0856
vn -0.0716 0.9946 0.0747
vn -0.1211 0.9842 0.1292
vn -0.1477 0.9872 0.0607
vn -0.1457 0.9866 0.0734
vn -0.0822 0.9843 0.1562
vn -0.0515 0.9902 0.1298
vn -0.0883 0.9924 0.0856
vn -0.0066 0.9998 -0.0210
vn -0.0164 0.9902 -0.1384
vn -0.0563 0.9945 -0.0879
vn 0.1032 0.9946 -0.0111
vn 0.1435 0.9892 -0.0293
vn 0.0788 0.9926 -0.0923
vn 0.0986 0.9951 -0.0116
vn 0.0101 0.9999 0.0102
vn 0.0183 0.9965 -0.0812
vn 0.1575 0.9827 0.0978
vn 0.1613 0.9732 0.1638
vn 0.1016 0.9825 0.1561
vn 0.1406 0.9451 0.2950
vn 0.0746 0.9497 0.3041
vn 0.0529 0.9654 0.2554
vn 0.1882 0.9072 0.3763
vn 0.1108 0.8797 0.4625
vn 0.1160 0.9022 0.4154
vn 0.2475 0.9664 0.0688
vn 0.1742 0.9781 0.1141
vn 0.3144 0.9492 0.0170
vn -0.0255 0.9877 0.1544
vn -0.1536 0.9632 0.2207
vn -0.0696 0.9681 0.2409
vn -0.1083 0.9825 0.1518
vn -0.0344 0.9993 -0.0113
vn -0.0827 0.9870 0.1380
vn -0.0360 0.9994 0.0017
vn 0.0562 0.9919 -0.1143
vn 0.0404 0.9904 -0.1325
vn 0.1189 0.9513 -0.2845
vn 0.1076 0.9524 -0.2854
vn 0.1136 0.9482 -0.2967
vn 0.1181 0.9629 -0.2428
vn 0.0817 0.9747 -0.2079
vn 0.0735 0.9693 -0.2348
vn -0.0066 0.9957 -0.0924
vn -0.0450 0.9990 -0.0075
vn -0.0102 0.9964 -0.0839
vn -0.0133 0.9996 -0.0234
vn -0.0216 0.9993 0.0297
vn -0.0414 0.9982 0.0431
vn -0.0147 0.9923 0.1233
vn -0.0097 0.9858 0.1674
vn -0.0441 0.9881 0.1475
vn 0.0171 0.9957 0.0913
vn 0.0251 0.9972 0.0700
vn 0.0568 0.9895 0.1328
vn 0.0992 0.9940 0.0468
vn 0.1631 0.9855 0.0472
vn 0.1421 0.9850 0.0978
vn -0.0332 0.9932 -0.1115
vn -0.0673 0.9799 -0.1875
vn 0.0676 0.9946 -0.0792
vn 0.0281 0.9830 -0.1813
vn 0.1277 0.9909 -0.0422
vn 0.1282 0.9907 -0.0447
vn -0.1058 0.9088 -0.4035
vn -0.1032 0.8823 -0.4592
vn 0.0548 0.9689 -0.2413
vn -0.2949 0.9552 0.0246
vn -0.2603 0.9641 0.0517
vn -0.1655 0.9851 0.0470
vn -0.3646 0.9299 -0.0482
vn -0.3343 0.9405 -0.0604
vn -0.3386 0.9409 -0.0010
vn -0.1459 0.9726 -0.1809
vn -0.0339 0.9825 -0.1830
vn -0.1525 0.9846 -0.0858
vn -0.0345 0.9404 -0.3384
vn 0.0200 0.9188 -0.3941
vn 0.0423 0.9426 -0.3312
vn 0.0788 0.9387 -0.3355
vn 0.1083 0.9680 -0.2265
vn 0.1211 0.9588 -0.2571
vn -0.0035 0.9233 -0.3840
vn -0.0434 0.9368 -0.3473
vn 0.0251 0.9658 -0.2582
vn -0.0484 0.9841 -0.1709
vn -0.0173 0.9983 -0.0548
vn 0.0089 0.9960 -0.0886
vn -0.1699 0.9544 -0.2456
vn -0.2104 0.9511 -0.2262
vn -0.1211 0.9847 -0.1253
vn -0.1968 0.9717 -0.1303
vn -0.1325 0.9891 -0.0636
vn -0.0980 0.9945 -0.0382
vn -0.3086 0.9281 -0.2083
vn -0.3267 0.9224 -0.2059
vn -0.2749 0.9457 -0.1736
vn -0.3337 0.9135 -0.2328
vn -0.2897 0.9197 -0.2649
vn -0.2560 0.9449 -0.2039
vn -0.3383 0.9221 -0.1879
vn -0.3323 0.9260 -0.1793
vn -0.3720 0.8770 -0.3041
vn -0.3414 0.8703 0.3550
vn -0.3254 0.9455 0.0104
vn -0.3898 0.8972 0.2077
vn -0.2055 0.9336 0.2936
vn -0.1390 0.9864 0.0879
vn -0.1890 0.9817 -0.0252
vn -0.0860 0.9732 -0.2131
vn -0.0518 0.9308 -0.3617
vn -0.0983 0.9593 -0.2648
vn -0.0647 0.9727 -0.2227
vn -0.0751 0.9485 -0.3077
vn -0.0645 0.9174 -0.3926
vn -0.1181 0.8765 -0.4667
vn -0.1238 0.8685 -0.4800
vn -0.0828 0.8710 -0.4842
vn -0.1524 0.8982 -0.4124
vn -0.1700 0.8987 -0.4042
vn -0.1920 0.8677 -0.4586
vn -0.2387 0.8844 -0.4010
vn -0.2723 0.8883 -0.3698
vn -0.2450 0.8806 -0.4055
vn -0.1104 0.9563 -0.2707
vn -0.0366 0.9817 -0.1868
vn -0.2185 0.9288 -0.2994
vn -0.0955 0.9862 -0.1351
vn -0.2180 0.9623 -0.1628
vn -0.2620 0.9370 -0.2311
vn 0.2261 0.9653 0.1310
vn 0.2599 0.9407 0.2182
vn 0.0791 0.9928 0.0897
vn -0.0144 0.6284 0.7777
vn -0.0345 0.7042 0.7091
vn -0.0698 0.6320 0.7718
vn 0.0571 0.6385 0.7675
vn 0.0928 0.6182 0.7805
vn 0.0600 0.6731 0.7371
vn 0.0861 0.8666 0.4916
vn 0.0006 0.9949 0.1010
vn 0.0132 0.9760 0.2172
vn 0.1719 0.7682 0.6167
vn 0.2029 0.8306 0.5185
vn 0.0940 0.9631 0.2524
vn 0.1543 0.9810 0.1179
vn 0.0494 0.9940 -0.0973
vn 0.0169 0.9963 -0.0837
vn 0.3743 0.8755 0.3056
vn 0.4533 0.8446 0.2849
vn 0.2824 0.9552 0.0890
vn 0.4272 0.8923 0.1455
vn 0.3326 0.9414 0.0552
vn 0.2610 0.9653 -0.0013
vn 0.6281 0.6828 0.3732
vn 0.6252 0.6666 0.4059
vn 0.5392 0.7986 0.2675
vn -0.0204 0.9998 0.0040
vn 0.0629 0.8830 0.4651
vn 0.0106 0.9522 0.3054
vn -0.0232 0.9903 -0.1367
vn 0.0163 0.9995 -0.0256
vn 0.0820 0.9484 0.3064
vn 0.2057 0.8404 0.5013
vn 0.2767 0.6484 0.7092
vn 0.2198 0.6827 0.6968
vn 0.1681 0.9650 0.2012
vn 0.2102 0.9560 0.2049
vn 0.3383 0.7635 0.5501
vn 0.4491 0.7593 0.4709
vn 0.5545 0.6261 0.5482
vn 0.4886 0.6189 0.6150
vn 0.0829 0.9958 -0.0396
vn -0.1076 0.9778 -0.1797
vn 0.4085 0.8735 0.2648
vn -0.1003 0.8806 -0.4632
vn -0.0951 0.9017 -0.4217
vn -0.0895 0.8899 -0.4474
vn -0.1350 0.8894 -0.4367
vn -0.1753 0.8791 -0.4432
vn -0.1422 0.8858 -0.4417
vn -0.2247 0.8775 -0.4237
vn -0.1849 0.9069 -0.3786
vn -0.1421 0.9171 -0.3725
vn -0.3598 0.8455 -0.3946
vn -0.4373 0.8225 -0.3637
vn -0.3729 0.8292 -0.4165
vn -0.0460 0.9832 0.1765
vn -0.1063 0.9899 -0.0937
vn -0.0682 0.9977 0.0046
vn -0.0477 0.9695 0.2406
vn -0.0692 0.9769 0.2024
vn -0.1074 0.9931 0.0472
vn -0.2398 0.9706 0.0211
vn -0.2413 0.9665 0.0880
vn -0.1728 0.9835 0.0527
vn -0.0162 0.9242 0.3816
vn -0.0652 0.9797 0.1894
vn 0.0136 0.9674 0.2529
vn -0.0156 0.9847 -0.1737
vn 0.0443 0.9787 0.2007
vn 0.1634 0.9841 0.0694
vn -0.3880 0.8301 -0.4005
vn -0.3557 0.7598 -0.5442
vn -0.3483 0.8087 -0.4740
vn 0.1722 0.9422 0.2875
vn 0.0218 0.9750 0.2212
vn -0.0260 0.9916 0.1268
vn 0.5635 0.7265 0.3932
vn 0.4889 0.8019 0.3435
vn 0.4614 0.8462 0.2668
vn -0.0323 0.9964 -0.0787
vn 0.3045 0.9280 0.2147
vn 0.5159 0.7964 0.3157
vn -0.5397 0.7499 -0.3827
vn -0.5494 0.7193 -0.4251
vn -0.4504 0.7817 -0.4314
vn -0.1778 0.9839 0.0206
vn -0.3010 0.9460 -0.1203
vn -0.2585 0.9511 -0.1691
vn -0.0078 0.9498 0.3127
vn -0.0167 0.9351 0.3539
vn -0.0132 0.9406 0.3392
vn -0.0178 0.9801 0.1975
vn -0.0321 0.9989 0.0333
vn -0.0265 0.9945 0.1012
vn -0.0180 0.9787 0.2046
vn -0.0162 0.9917 0.1274
vn -0.0196 0.9985 0.0520
vn -0.0001 1.0000 -0.0084
vn 0.0068 0.9861 0.1659
vn -0.0095 0.9980 0.0622
vn 0.0187 0.9995 -0.0273
vn 0.0347 0.9987 0.0379
vn 0.0278 0.9878 0.1533
vn 0.0494 0.9525 0.3004
vn 0.0732 0.9564 0.2827
vn 0.0537 0.9417 0.3322
vn 0.0633 0.9575 0.2813
vn 0.0679 0.9565 0.2838
vn 0.0709 0.9654 0.2510
vn 0.0755 0.9954 0.0584
vn 0.0930 0.9677 -0.2344
vn 0.0793 0.9944 -0.0697
vn 0.0928 0.9951 0.0355
vn 0.1094 0.9831 -0.1465
vn 0.1134 0.9519 -0.2845
vn 0.1378 0.8209 -0.5541
vn 0.1362 0.7946 -0.5917
vn 0.1465 0.7971 -0.5858
vn 0.1053 0.8171 -0.5669
vn 0.0423 0.8424 -0.5373
vn 0.0559 0.8489 -0.5256
vn -0.1895 0.9789 -0.0758
vn -0.2564 0.9534 0.1591
vn -0.1832 0.9830 -0.0114
vn -0.2420 0.9678 0.0698
vn -0.2436 0.9549 0.1700
vn -0.2660 0.9462 0.1841
vn -0.0917 0.9895 -0.1119
vn 0.0668 0.9214 -0.3827
vn -0.0924 0.9879 -0.1242
vn 0.0475 0.9402 -0.3373
vn 0.1441 0.8189 -0.5555
vn 0.1654 0.8007 -0.5757
vn 0.1638 0.7376 -0.6551
vn 0.0986 0.8430 -0.5288
vn 0.2033 0.7439 -0.6366
vn 0.0399 0.8068 -0.5894
vn -0.0739 0.9016 -0.4263
vn -0.0657 0.9304 -0.3607
vn -0.2438 0.9623 0.1202
vn -0.2698 0.9304 0.2481
vn -0.2661 0.9493 0.1674
vn -0.1723 0.9646 0.1995
vn -0.1885 0.9453 0.2664
vn -0.1896 0.9462 0.2623
vn -0.1821 0.9702 0.1597
vn -0.1584 0.9854 0.0632
vn -0.1663 0.9774 0.1307
vn -0.2576 0.9632 0.0771
vn -0.2380 0.9710 0.0218
vn -0.2229 0.9745 0.0257
vn -0.0243 0.9552 0.2950
vn -0.0207 0.9517 0.3064
vn -0.0198 0.9468 0.3211
vn -0.0272 0.9578 0.2861
vn -0.0281 0.9495 0.3125
vn -0.0240 0.9530 0.3019
vn -0.0087 0.9885 0.1511
vn 0.0189 0.9995 -0.0240
vn -0.0024 0.9967 0.0811
vn 0.0053 0.9952 0.0972
vn 0.0395 0.9984 -0.0398
vn 0.0459 0.9958 -0.0794
vn 0.1025 0.9925 -0.0662
vn 0.0916 0.9829 0.1594
vn 0.0822 0.9958 0.0397
vn 0.1417 0.9881 -0.0590
vn 0.1559 0.9842 0.0841
vn 0.1242 0.9749 0.1849
vn 0.1226 0.9299 0.3468
vn 0.1004 0.9553 0.2781
vn 0.1014 0.9420 0.3199
vn 0.1348 0.9059 0.4014
vn 0.1092 0.9054 0.4103
vn 0.1050 0.9455 0.3083
vn 0.0742 0.9972 -0.0138
vn 0.0677 0.9151 -0.3976
vn 0.0913 0.9710 -0.2211
vn 0.0490 0.9988 0.0015
vn 0.0363 0.9785 -0.2031
vn 0.0271 0.9291 -0.3688
vn -0.0494 0.9632 -0.2642
vn -0.1437 0.9892 -0.0299
vn -0.1069 0.9653 -0.2383
vn -0.0061 0.9922 -0.1243
vn -0.0190 0.9988 0.0459
vn -0.0786 0.9924 0.0950
vn -0.0075 0.9895 0.1441
vn 0.0549 0.9875 -0.1480
vn -0.0383 0.9962 0.0778
vn 0.0641 0.9961 0.0601
vn 0.0952 0.9860 -0.1367
vn 0.1201 0.9559 -0.2680
vn 0.0543 0.8363 -0.5457
vn -0.0003 0.8045 -0.5939
vn 0.0801 0.7841 -0.6154
vn -0.0539 0.8573 -0.5120
vn -0.0864 0.8522 -0.5160
vn -0.0805 0.8380 -0.5397
vn -0.1866 0.8984 -0.3974
vn -0.2171 0.9741 -0.0629
vn -0.1534 0.9514 -0.2669
vn -0.3459 0.8995 -0.2670
vn -0.3885 0.9148 -0.1107
vn -0.4212 0.9061 -0.0394
vn -0.0729 0.9300 -0.3601
vn -0.0515 0.9984 0.0231
vn -0.0612 0.9859 -0.1555
vn -0.0820 0.9160 -0.3927
vn -0.0905 0.9687 -0.2310
vn -0.0726 0.9973 -0.0110
vn -0.0753 0.9746 0.2111
vn -0.0303 0.9810 0.1914
vn -0.0481 0.9640 0.2615
vn -0.1041 0.9865 0.1262
vn -0.0765 0.9954 0.0574
vn -0.0291 0.9966 0.0774
vn 0.0853 0.9589 -0.2704
vn 0.1577 0.9458 -0.2839
vn 0.1120 0.9611 -0.2525
vn 0.0991 0.8982 -0.4282
vn 0.1475 0.8698 -0.4709
vn 0.1808 0.9201 -0.3474
vn 0.2222 0.9743 -0.0378
vn 0.1839 0.9227 0.3390
vn 0.2110 0.9658 0.1505
vn 0.1966 0.9799 -0.0326
vn 0.1593 0.9592 0.2337
vn 0.1588 0.9015 0.4026
vn 0.0701 0.8085 0.5843
vn 0.0496 0.8969 0.4394
vn 0.0679 0.8459 0.5289
vn 0.0490 0.7949 0.6048
vn 0.0650 0.8331 0.5492
vn 0.0636 0.8958 0.4399
vn 0.1484 0.9886 0.0255
vn 0.0946 0.9878 -0.1236
vn 0.1090 0.9851 -0.1331
vn 0.1317 0.9880 0.0803
vn 0.0742 0.9958 0.0533
vn 0.0813 0.9967 -0.0062
vn -0.0226 0.9936 0.1107
vn -0.0133 0.9928 0.1187
vn 0.0125 0.9908 0.1349
vn -0.0775 0.9884 0.1309
vn -0.0351 0.9916 0.1246
vn -0.0809 0.9930 0.0856
vn 0.0620 0.9927 -0.1033
vn 0.0264 0.9453 -0.3252
vn -0.0311 0.9713 -0.2359
vn 0.1989 0.9784 -0.0567
vn 0.0957 0.9939 -0.0542
vn 0.1202 0.9774 -0.1739
vn -0.0792 0.9584 -0.2741
vn -0.0924 0.8826 -0.4611
vn -0.0856 0.9108 -0.4038
vn -0.0799 0.9715 -0.2233
vn -0.0810 0.9342 -0.3473
vn -0.0887 0.8913 -0.4446
vn -0.1191 0.9393 -0.3219
vn -0.1581 0.9852 -0.0667
vn -0.1428 0.9674 -0.2090
vn -0.1064 0.9676 -0.2288
vn -0.1181 0.9894 -0.0847
vn -0.1499 0.9869 -0.0605
vn -0.0866 0.9731 -0.2134
vn -0.0032 0.8870 -0.4617
vn -0.0670 0.9585 -0.2772
vn -0.0261 0.9587 -0.2832
vn 0.0225 0.8807 -0.4732
vn 0.0271 0.8261 -0.5629
vn 0.0749 0.7322 -0.6770
vn 0.1047 0.8487 -0.5184
vn 0.1029 0.7802 -0.6170
vn 0.0576 0.7313 -0.6796
vn 0.0293 0.7844 -0.6195
vn 0.0493 0.8517 -0.5217
vn -0.0569 0.9977 -0.0358
vn -0.0267 0.9073 0.4197
vn -0.0026 0.9713 0.2379
vn -0.1242 0.9914 -0.0407
vn -0.1263 0.9841 0.1251
vn -0.0752 0.9437 0.3222
vn -0.0358 0.9533 0.2999
vn 0.0236 0.9712 0.2370
vn 0.0442 0.9403 0.3374
vn -0.0836 0.9752 0.2050
vn -0.0538 0.9825 0.1782
vn -0.0489 0.9802 0.1919
vn 0.0218 0.9906 0.1352
vn 0.0388 0.9902 0.1344
vn -0.0235 0.9902 0.1378
vn 0.0613 0.9957 0.0693
vn 0.0267 0.9992 0.0307
vn 0.1097 0.9912 0.0743
vn -0.0762 0.8032 0.5908
vn -0.0647 0.9758 0.2087
vn -0.0532 0.9019 0.4286
vn -0.1142 0.8554 0.5052
vn -0.0612 0.9616 0.2674
vn -0.0445 0.9873 0.1525
vn 0.0719 0.9762 -0.2044
vn 0.0295 0.9637 -0.2654
vn 0.0174 0.9553 -0.2951
vn 0.1738 0.9667 -0.1879
vn 0.1978 0.9727 -0.1215
vn 0.1157 0.9857 -0.1228
vn 0.1045 0.9789 0.1753
vn 0.0484 0.9977 0.0468
vn 0.0295 0.9944 0.1016
vn 0.1651 0.9440 0.2858
vn 0.1741 0.9492 0.2619
vn 0.1286 0.9862 0.1045
vn 0.1703 0.9457 -0.2768
vn 0.0986 0.8035 -0.5871
vn 0.1148 0.8634 -0.4913
vn 0.1787 0.9601 -0.2153
vn 0.1101 0.9357 -0.3352
vn 0.0960 0.8626 -0.4967
vn -0.0527 0.8948 -0.4433
vn -0.1229 0.9386 -0.3223
vn -0.0660 0.8872 -0.4566
vn -0.0837 0.9304 -0.3569
vn -0.0779 0.9539 -0.2898
vn -0.1300 0.9569 -0.2598
vn -0.0934 0.9938 -0.0600
vn -0.0851 0.9941 0.0672
vn -0.1239 0.9921 0.0193
vn -0.0718 0.9970 -0.0294
vn -0.1011 0.9949 -0.0004
vn -0.0705 0.9972 0.0267
vn -0.3668 0.7489 0.5519
vn -0.2590 0.8209 0.5089
vn -0.2952 0.7250 0.6223
vn -0.3010 0.8465 0.4391
vn -0.1458 0.9647 0.2195
vn -0.1693 0.9604 0.2212
vn 0.1916 0.9512 -0.2419
vn 0.2628 0.9449 -0.1950
vn 0.1763 0.9722 -0.1543
vn 0.3092 0.8939 -0.3247
vn 0.3282 0.9093 -0.2558
vn 0.3193 0.9258 -0.2021
vn 0.2626 0.9638 0.0454
vn 0.2146 0.9411 0.2612
vn 0.2591 0.9587 0.1173
vn 0.1773 0.9774 0.1153
vn 0.1129 0.9697 0.2169
vn 0.1598 0.9458 0.2827
vn 0.0747 0.9558 0.2843
vn 0.0925 0.9863 0.1364
vn 0.1469 0.9579 0.2466
vn -0.0039 0.9655 0.2604
vn 0.0261 0.9773 0.2102
vn 0.0022 0.9904 0.1381
vn 0.1033 0.9922 -0.0704
vn 0.0644 0.9674 -0.2448
vn 0.0099 0.9797 -0.2001
vn 0.2076 0.9775 -0.0372
vn 0.1048 0.9934 -0.0465
vn 0.1571 0.9794 -0.1267
vn -0.1509 0.9189 0.3646
vn -0.1527 0.8845 0.4407
vn -0.2781 0.8719 0.4030
vn 0.0925 0.8975 0.4313
vn 0.1979 0.8931 0.4040
vn 0.1118 0.9225 0.3694
vn 0.3775 0.9242 -0.0578
vn 0.3737 0.8860 -0.2744
vn 0.3432 0.9248 -0.1641
vn 0.3540 0.9318 -0.0803
vn 0.2604 0.9564 -0.1321
vn 0.3116 0.9273 -0.2075
vn 0.1071 0.9874 -0.1166
vn 0.0746 0.9972 -0.0082
vn 0.1690 0.9800 -0.1050
vn -0.0236 0.9969 -0.0749
vn -0.0430 0.9987 -0.0287
vn -0.0341 0.9992 0.0205
vn -0.0109 0.9928 0.1191
vn 0.0265 0.9790 0.2021
vn -0.0222 0.9813 0.1914
vn 0.0030 0.9983 0.0575
vn -0.0237 0.9989 0.0398
vn 0.0562 0.9932 0.1024
vn 0.3190 0.9190 0.2316
vn 0.2635 0.8810 0.3929
vn 0.2677 0.9217 0.2809
vn 0.2222 0.9329 0.2835
vn 0.1439 0.9286 0.3420
vn 0.2251 0.8909 0.3945
vn 0.1331 0.9502 0.2818
vn 0.1760 0.9764 0.1248
vn 0.2518 0.9367 0.2434
vn -0.0384 0.9759 0.2146
vn -0.0509 0.9896 0.1347
vn -0.0102 0.9954 0.0955
vn -0.0102 0.9995 -0.0310
vn -0.0164 0.9968 -0.0779
vn -0.0273 0.9974 -0.0663
vn 0.0304 0.9993 -0.0224
vn -0.0170 0.9996 -0.0205
vn 0.0110 0.9989 -0.0460
vn 0.0632 0.9980 0.0079
vn 0.0403 0.9904 0.1319
vn 0.1585 0.9866 0.0381
vn -0.1155 0.9921 0.0489
vn -0.1758 0.9798 0.0951
vn -0.1237 0.9821 0.1420
vn -0.1520 0.9719 0.1800
vn -0.1025 0.9748 0.1979
vn -0.1282 0.9638 0.2340
vn -0.1132 0.9899 0.0857
vn -0.1152 0.9917 0.0570
vn -0.0591 0.9927 0.1053
vn -0.1939 0.9810 -0.0021
vn -0.2062 0.9783 0.0220
vn -0.1522 0.9883 -0.0061
vn -0.2235 0.9746 0.0115
vn -0.2041 0.9789 0.0129
vn -0.2210 0.9750 0.0239
vn -0.3337 0.9422 0.0295
vn -0.2838 0.9587 0.0208
vn -0.3381 0.9363 0.0948
vn -0.1534 0.9879 -0.0228
vn -0.2153 0.9757 -0.0397
vn -0.1296 0.9847 -0.1164
vn -0.0914 0.9958 0.0088
vn -0.0753 0.9971 0.0072
vn 0.1109 0.9933 0.0319
vn -0.1551 0.9879 0.0036
vn -0.1414 0.9899 0.0038
vn -0.0535 0.9982 0.0270
vn -0.1288 0.9916 -0.0088
vn -0.1497 0.9887 -0.0091
vn -0.0381 0.9983 -0.0442
vn -0.1010 0.9948 0.0144
vn -0.0761 0.9971 0.0090
vn 0.0904 0.9947 0.0481
vn -0.1510 0.9885 -0.0088
vn -0.1573 0.9875 -0.0008
vn -0.0547 0.9984 -0.0125
vn -0.1347 0.9909 0.0039
vn -0.1258 0.9921 -0.0002
vn -0.0203 0.9996 0.0177
vn -0.1989 0.9800 0.0089
vn -0.1985 0.9801 0.0012
vn -0.1802 0.9836 0.0070
vn -0.2264 0.9740 0.0050
vn -0.2226 0.9749 0.0066
vn -0.2062 0.9785 0.0080
vn -0.2452 0.9695 -0.0044
vn -0.2479 0.9688 -0.0043
vn -0.2217 0.9751 -0.0059
vn -0.1430 0.9826 -0.1188
vn -0.1324 0.9709 -0.1994
vn -0.1298 0.9781 -0.1630
vn -0.0399 0.9992 0.0009
vn 0.0551 0.9906 -0.1251
vn 0.0551 0.9926 -0.1082
vn -0.2456 0.9694 -0.0026
vn 0.0072 0.9999 -0.0136
vn 0.0040 1.0000 0.0059
vn 0.0851 0.9759 0.2011
vn 0.1043 0.9770 0.1859
vn 0.1084 0.9741 0.1982
vn -0.0958 0.9743 0.2038
vn -0.1104 0.9700 0.2165
vn -0.1083 0.9726 0.2056
vn -0.0000 0.9764 0.2160
vn 0.1526 0.9843 0.0881
vn 0.1733 0.9798 -0.1001
vn -0.0000 0.9704 -0.2416
vn -0.1944 0.9745 -0.1122
vn -0.2131 0.9693 0.1230
vn 0.1237 0.9692 0.2130
vn 0.1227 0.9694 0.2126
vn 0.1230 0.9689 0.2149
vn 0.1247 0.9679 0.2180
vn 0.1263 0.9674 0.2195
vn 0.1268 0.9674 0.2194
vn 0.1265 0.9674 0.2193
vn 0.1267 0.9671 0.2208
vn 0.1279 0.9662 0.2237
vn 0.1299 0.9652 0.2271
vn 0.1319 0.9641 0.2304
vn 0.1336 0.9632 0.2330
vn 0.1350 0.9625 0.2353
vn 0.1363 0.9640 0.2284
vn 0.1296 0.9678 0.2159
vn 0.1221 0.9713 0.2042
vn 0.1157 0.9741 0.1944
vn 0.1104 0.9762 0.1869
vn 0.1065 0.9776 0.1816
vn 0.1039 0.9785 0.1783
vn 0.1025 0.9790 0.1760
vn 0.1013 0.9793 0.1750
vn 0.1009 0.9795 0.1744
vn 0.1005 0.9796 0.1741
vn 0.1004 0.9795 0.1744
vn 0.1008 0.9792 0.1760
vn 0.1020 0.9787 0.1782
vn 0.1033 0.9787 0.1774
vn 0.1020 0.9792 0.1755
vn 0.1009 0.9796 0.1737
vn 0.0999 0.9800 0.1720
vn 0.0989 0.9805 0.1701
vn 0.0977 0.9809 0.1681
vn 0.0965 0.9814 0.1658
vn 0.0953 0.9822 0.1620
vn 0.0927 0.9830 0.1587
vn 0.0909 0.9836 0.1559
vn 0.0894 0.9840 0.1542
vn 0.0886 0.9838 0.1556
vn 0.0900 0.9816 0.1685
vn 0.1929 0.9812 -0.0052
vn 0.1843 0.9829 -0.0003
vn 0.1863 0.9825 0.0011
vn 0.1903 0.9817 0.0011
vn 0.1933 0.9811 0.0007
vn 0.1951 0.9808 0.0003
vn 0.1965 0.9805 0.0006
vn 0.1982 0.9802 0.0005
vn 0.2002 0.9797 0.0007
vn 0.2032 0.9791 0.0010
vn 0.2078 0.9782 0.0016
vn 0.2144 0.9767 0.0022
vn 0.2218 0.9751 0.0020
vn 0.2218 0.9751 -0.0021
vn 0.2122 0.9772 -0.0033
vn 0.2015 0.9795 -0.0027
vn 0.1946 0.9809 -0.0014
vn 0.1908 0.9816 -0.0008
vn 0.1869 0.9824 -0.0011
vn 0.1816 0.9834 -0.0014
vn 0.1772 0.9842 -0.0006
vn 0.1803 0.9836 0.0025
vn 0.1913 0.9815 0.0035
vn 0.2041 0.9789 0.0032
vn 0.2153 0.9765 0.0029
vn 0.2249 0.9744 0.0024
vn 0.2307 0.9730 0.0008
vn 0.2274 0.9738 -0.0026
vn 0.2193 0.9757 -0.0020
vn 0.2134 0.9770 -0.0014
vn 0.2096 0.9778 -0.0009
vn 0.2072 0.9783 -0.0005
vn 0.2060 0.9785 -0.0002
vn 0.2060 0.9786 0.0002
vn 0.2070 0.9783 0.0004
vn 0.2088 0.9780 0.0006
vn 0.2111 0.9775 0.0007
vn 0.2141 0.9768 0.0009
vn 0.2182 0.9759 0.0014
vn 0.2252 0.9743 0.0026
vn 0.1094 0.9745 -0.1958
vn 0.1064 0.9764 -0.1878
vn 0.1049 0.9774 -0.1835
vn 0.1041 0.9779 -0.1812
vn 0.1040 0.9781 -0.1803
vn 0.1046 0.9780 -0.1806
vn 0.1076 0.9772 -0.1829
vn 0.1096 0.9761 -0.1875
vn 0.1114 0.9752 -0.1912
vn 0.1124 0.9746 -0.1938
vn 0.1129 0.9743 -0.1951
vn 0.1132 0.9741 -0.1957
vn 0.1134 0.9740 -0.1962
vn 0.1089 0.9750 -0.1939
vn 0.1044 0.9770 -0.1859
vn 0.1013 0.9786 -0.1790
vn 0.0996 0.9796 -0.1745
vn 0.0990 0.9801 -0.1722
vn 0.0991 0.9802 -0.1717
vn 0.1001 0.9800 -0.1723
vn 0.1009 0.9796 -0.1738
vn 0.1021 0.9792 -0.1755
vn 0.1039 0.9785 -0.1780
vn 0.1063 0.9776 -0.1814
vn 0.1094 0.9764 -0.1860
vn 0.1129 0.9750 -0.1916
vn 0.1155 0.9735 -0.1972
vn 0.1120 0.9738 -0.1979
vn 0.1087 0.9753 -0.1921
vn 0.1060 0.9767 -0.1867
vn 0.1040 0.9777 -0.1823
vn 0.1027 0.9784 -0.1793
vn 0.1022 0.9788 -0.1777
vn 0.1032 0.9787 -0.1776
vn 0.1050 0.9781 -0.1797
vn 0.1086 0.9769 -0.1839
vn 0.1144 0.9748 -0.1915
vn 0.1227 0.9714 -0.2031
vn 0.1321 0.9669 -0.2181
vn 0.1381 0.9627 -0.2326
vn -0.1382 0.9611 -0.2391
vn -0.1370 0.9656 -0.2210
vn -0.1224 0.9730 -0.1957
vn -0.1088 0.9774 -0.1813
vn -0.1027 0.9793 -0.1743
vn -0.0996 0.9798 -0.1733
vn -0.1005 0.9790 -0.1771
vn -0.1031 0.9773 -0.1850
vn -0.1096 0.9746 -0.1951
vn -0.1155 0.9734 -0.1977
vn -0.1135 0.9746 -0.1932
vn -0.1104 0.9759 -0.1883
vn -0.1079 0.9774 -0.1817
vn -0.1033 0.9800 -0.1698
vn -0.0954 0.9826 -0.1595
vn -0.0906 0.9837 -0.1554
vn -0.0895 0.9837 -0.1558
vn -0.0904 0.9833 -0.1578
vn -0.0915 0.9829 -0.1595
vn -0.0923 0.9828 -0.1602
vn -0.0926 0.9828 -0.1598
vn -0.0921 0.9829 -0.1592
vn -0.0917 0.9830 -0.1593
vn -0.0920 0.9827 -0.1609
vn -0.0933 0.9820 -0.1645
vn -0.0958 0.9808 -0.1699
vn -0.0993 0.9793 -0.1761
vn -0.1028 0.9786 -0.1784
vn -0.1031 0.9785 -0.1785
vn -0.1030 0.9786 -0.1780
vn -0.1026 0.9788 -0.1774
vn -0.1023 0.9789 -0.1771
vn -0.1024 0.9787 -0.1777
vn -0.1025 0.9780 -0.1819
vn -0.1062 0.9763 -0.1888
vn -0.1109 0.9739 -0.1978
vn -0.1164 0.9714 -0.2070
vn -0.1215 0.9691 -0.2148
vn -0.1255 0.9672 -0.2209
vn -0.1287 0.9663 -0.2227
vn -0.2565 0.9666 0.0004
vn -0.2517 0.9678 0.0022
vn -0.2441 0.9697 0.0021
vn -0.2363 0.9717 0.0021
vn -0.2280 0.9736 0.0022
vn -0.2195 0.9756 0.0021
vn -0.2116 0.9774 0.0024
vn -0.2073 0.9783 0.0003
vn -0.2068 0.9784 -0.0002
vn -0.2085 0.9780 -0.0009
vn -0.2132 0.9770 -0.0018
vn -0.2207 0.9753 -0.0025
vn -0.2296 0.9733 -0.0025
vn -0.2309 0.9730 0.0018
vn -0.2221 0.9750 0.0030
vn -0.2118 0.9773 0.0028
vn -0.2029 0.9792 0.0022
vn -0.1981 0.9802 0.0008
vn -0.1999 0.9798 -0.0016
vn -0.2048 0.9788 -0.0010
vn -0.2094 0.9778 -0.0012
vn -0.2136 0.9769 -0.0005
vn -0.2149 0.9766 -0.0000
vn -0.2151 0.9766 -0.0001
vn -0.2159 0.9764 -0.0003
vn -0.2169 0.9762 -0.0003
vn -0.2168 0.9762 0.0004
vn -0.2117 0.9773 0.0024
vn -0.2058 0.9786 0.0010
vn -0.2061 0.9785 -0.0008
vn -0.2110 0.9775 -0.0016
vn -0.2268 0.9739 -0.0054
vn -0.2656 0.9640 -0.0117
vn -0.2999 0.9540 -0.0065
vn -0.2980 0.9546 0.0053
vn -0.2788 0.9603 0.0038
vn -0.2679 0.9634 0.0009
vn -0.2674 0.9636 -0.0012
vn -0.2727 0.9621 -0.0020
vn -0.2787 0.9604 -0.0014
vn -0.1324 0.9620 0.2386
vn -0.1260 0.9660 0.2256
vn -0.1221 0.9687 0.2161
vn -0.1204 0.9701 0.2107
vn -0.1214 0.9702 0.2096
vn -0.1249 0.9690 0.2132
vn -0.1340 0.9658 0.2218
vn -0.1362 0.9627 0.2336
vn -0.1345 0.9624 0.2361
vn -0.1284 0.9647 0.2298
vn -0.1215 0.9684 0.2180
vn -0.1173 0.9712 0.2075
vn -0.1164 0.9723 0.2025
vn -0.1127 0.9734 0.1995
vn -0.1108 0.9747 0.1941
vn -0.1109 0.9751 0.1921
vn -0.1129 0.9746 0.1936
vn -0.1153 0.9736 0.1972
vn -0.1154 0.9731 0.1995
vn -0.1146 0.9733 0.1989
vn -0.1176 0.9727 0.1999
vn -0.1232 0.9705 0.2071
vn -0.1286 0.9676 0.2174
vn -0.1303 0.9657 0.2246
vn -0.1282 0.9659 0.2249
vn -0.1252 0.9674 0.2202
vn -0.1221 0.9689 0.2150
vn -0.1147 0.9716 0.2072
vn -0.1098 0.9745 0.1958
vn -0.1067 0.9763 0.1884
vn -0.1046 0.9774 0.1836
vn -0.1034 0.9781 0.1805
vn -0.1027 0.9785 0.1787
vn -0.1031 0.9786 0.1781
vn -0.1044 0.9782 0.1793
vn -0.1066 0.9775 0.1821
vn -0.1098 0.9763 0.1865
vn -0.1139 0.9746 0.1927
vn -0.1187 0.9725 0.2002
vn -0.1236 0.9702 0.2086
vt 1.000000 0.676829
vt 1.000000 0.689024
vt 0.988636 0.687500
vt 0.475610 0.987805
vt 0.477273 0.977273
vt 0.488636 0.982955
vt 0.451220 0.975610
vt 0.454545 0.965909
vt 0.465909 0.971591
vt 0.414634 0.957317
vt 0.420455 0.948864
vt 0.431818 0.954545
vt 0.390244 0.945122
vt 0.378049 0.939024
vt 0.386364 0.931818
vt 0.341464 0.920732
vt 0.340909 0.909091
vt 0.352273 0.914773
vt 0.304878 0.902439
vt 0.306818 0.892045
vt 0.318182 0.897727
vt 0.268293 0.884146
vt 0.272727 0.875000
vt 0.284091 0.880682
vt 0.939024 0.780488
vt 0.931818 0.772727
vt 0.943182 0.767045
vt 0.146342 0.176829
vt 0.159091 0.181818
vt 0.147727 0.187500
vt 0.512195 0.993902
vt 0.500000 1.000000
vt 0.500000 0.988636
vt 0.954546 0.318182
vt 0.943182 0.312500
vt 0.954545 0.306818
vt 1.000000 0.713415
vt 1.000000 0.725610
vt 0.988636 0.721591
vt 0.954546 0.363636
vt 0.943182 0.357955
vt 0.954546 0.352273
vt 0.943182 0.323864
vt 0.909091 0.340909
vt 0.897727 0.335227
vt 0.909091 0.329545
vt 0.463415 0.981707
vt 0.954546 0.409091
vt 0.943182 0.403409
vt 0.954546 0.397727
vt 0.943182 0.369318
vt 0.909091 0.386364
vt 0.897727 0.380682
vt 0.909091 0.375000
vt 0.897727 0.346591
vt 0.863636 0.363636
vt 0.852273 0.357955
vt 0.863636 0.352273
vt 0.426829 0.963415
vt 0.443182 0.960227
vt 0.954546 0.454545
vt 0.943182 0.448864
vt 0.954546 0.443182
vt 0.943182 0.414773
vt 0.909091 0.431818
vt 0.897727 0.426136
vt 0.909091 0.420455
vt 0.897727 0.392045
vt 0.863636 0.409091
vt 0.852273 0.403409
vt 0.863636 0.397727
vt 0.852273 0.369318
vt 0.818182 0.386364
vt 0.806818 0.380682
vt 0.818182 0.375000
vt 0.402439 0.951219
vt 0.397727 0.937500
vt 0.954546 0.500000
vt 0.943182 0.494318
vt 0.954546 0.488636
vt 0.943182 0.460227
vt 0.909091 0.477273
vt 0.897727 0.471591
vt 0.909091 0.465909
vt 0.897727 0.437500
vt 0.863636 0.454545
vt 0.852273 0.448864
vt 0.863636 0.443182
vt 0.852273 0.414773
vt 0.818182 0.431818
vt 0.806818 0.426136
vt 0.818182 0.420455
vt 0.806818 0.392045
vt 0.772727 0.409091
vt 0.761364 0.403409
vt 0.772727 0.397727
vt 0.353659 0.926829
vt 0.363636 0.920455
vt 0.954546 0.545454
vt 0.943182 0.539773
vt 0.954546 0.534091
vt 0.943182 0.505682
vt 0.909091 0.522727
vt 0.897727 0.517045
vt 0.909091 0.511364
vt 0.897727 0.482955
vt 0.863636 0.500000
vt 0.852273 0.494318
vt 0.863636 0.488636
vt 0.852273 0.460227
vt 0.818182 0.477273
vt 0.806818 0.471591
vt 0.818182 0.465909
vt 0.806818 0.437500
vt 0.772727 0.454545
vt 0.761364 0.448864
vt 0.772727 0.443182
vt 0.761364 0.414773
vt 0.727273 0.431818
vt 0.715909 0.426136
vt 0.727273 0.420455
vt 0.317073 0.908537
vt 0.329545 0.903409
vt 0.954546 0.590909
vt 0.943182 0.585227
vt 0.954546 0.579545
vt 0.943182 0.551136
vt 0.909091 0.568182
vt 0.897727 0.562500
vt 0.909091 0.556818
vt 0.897727 0.528409
vt 0.863636 0.545454
vt 0.852273 0.539773
vt 0.863636 0.534091
vt 0.852273 0.505682
vt 0.818182 0.522727
vt 0.806818 0.517045
vt 0.818182 0.511364
vt 0.806818 0.482955
vt 0.772727 0.500000
vt 0.761364 0.494318
vt 0.772727 0.488636
vt 0.761364 0.460227
vt 0.727273 0.477273
vt 0.715909 0.471591
vt 0.727273 0.465909
vt 0.715909 0.437500
vt 0.681818 0.454545
vt 0.670455 0.448864
vt 0.681818 0.443182
vt 0.280488 0.890244
vt 0.295454 0.886364
vt 0.954546 0.636364
vt 0.943182 0.630682
vt 0.954546 0.625000
vt 0.943182 0.596591
vt 0.909091 0.613636
vt 0.897727 0.607955
vt 0.909091 0.602273
vt 0.897727 0.573864
vt 0.863636 0.590909
vt 0.852273 0.585227
vt 0.863636 0.579545
vt 0.852273 0.551136
vt 0.818182 0.568182
vt 0.806818 0.562500
vt 0.818182 0.556818
vt 0.806818 0.528409
vt 0.772727 0.545454
vt 0.761364 0.539773
vt 0.772727 0.534091
vt 0.761364 0.505682
vt 0.727273 0.522727
vt 0.715909 0.517045
vt 0.727273 0.511364
vt 0.715909 0.482955
vt 0.681818 0.500000
vt 0.670455 0.494318
vt 0.681818 0.488636
vt 0.670455 0.460227
vt 0.636364 0.477273
vt 0.625000 0.471591
vt 0.636364 0.465909
vt 0.085366 0.207317
vt 0.090909 0.215909
vt 0.079546 0.221591
vt 0.954546 0.681818
vt 0.943182 0.676136
vt 0.954546 0.670454
vt 0.943182 0.642045
vt 0.909091 0.659091
vt 0.897727 0.653409
vt 0.909091 0.647727
vt 0.897727 0.619318
vt 0.863636 0.636364
vt 0.852273 0.630682
vt 0.863636 0.625000
vt 0.852273 0.596591
vt 0.818182 0.613636
vt 0.806818 0.607955
vt 0.818182 0.602273
vt 0.806818 0.573864
vt 0.772727 0.590909
vt 0.761364 0.585227
vt 0.772727 0.579545
vt 0.761364 0.551136
vt 0.727273 0.568182
vt 0.715909 0.562500
vt 0.727273 0.556818
vt 0.715909 0.528409
vt 0.681818 0.545454
vt 0.670455 0.539773
vt 0.681818 0.534091
vt 0.670455 0.505682
vt 0.636364 0.522727
vt 0.625000 0.517045
vt 0.636364 0.511364
vt 0.625000 0.482955
vt 0.590909 0.500000
vt 0.579546 0.494318
vt 0.590909 0.488636
vt 0.926829 0.786585
vt 0.920455 0.778409
vt 0.954546 0.727273
vt 0.943182 0.721591
vt 0.954546 0.715909
vt 0.943182 0.687500
vt 0.909091 0.704545
vt 0.897727 0.698864
vt 0.909091 0.693182
vt 0.897727 0.664773
vt 0.863636 0.681818
vt 0.852273 0.676136
vt 0.863636 0.670454
vt 0.852273 0.642045
vt 0.818182 0.659091
vt 0.806818 0.653409
vt 0.818182 0.647727
vt 0.806818 0.619318
vt 0.772727 0.636364
vt 0.761364 0.630682
vt 0.772727 0.625000
vt 0.761364 0.596591
vt 0.727273 0.613636
vt 0.715909 0.607955
vt 0.727273 0.602273
vt 0.715909 0.573864
vt 0.681818 0.590909
vt 0.670455 0.585227
vt 0.681818 0.579545
vt 0.670455 0.551136
vt 0.636364 0.568182
vt 0.625000 0.562500
vt 0.636364 0.556818
vt 0.625000 0.528409
vt 0.590909 0.545454
vt 0.579546 0.539773
vt 0.590909 0.534091
vt 0.579546 0.505682
vt 0.545455 0.522727
vt 0.534091 0.517045
vt 0.545455 0.511364
vt 0.500000 0.454545
vt 0.511364 0.460227
vt 0.500000 0.465909
vt 0.500000 0.409091
vt 0.511364 0.414773
vt 0.500000 0.420455
vt 0.500000 0.363636
vt 0.511364 0.369318
vt 0.500000 0.375000
vt 0.500000 0.318182
vt 0.511364 0.323864
vt 0.500000 0.329545
vt 0.500000 0.272727
vt 0.511364 0.278409
vt 0.500000 0.284091
vt 0.500000 0.227273
vt 0.511364 0.232955
vt 0.500000 0.238636
vt 0.500000 0.181818
vt 0.511364 0.187500
vt 0.500000 0.193182
vt 0.500000 0.136364
vt 0.511364 0.142045
vt 0.500000 0.147727
vt 0.500000 0.090909
vt 0.511364 0.096591
vt 0.500000 0.102273
vt 0.500000 0.045455
vt 0.511364 0.051136
vt 0.500000 0.056818
vt 0.511364 0.448864
vt 0.545455 0.431818
vt 0.556818 0.437500
vt 0.545455 0.443182
vt 0.511364 0.403409
vt 0.545455 0.386364
vt 0.556818 0.392045
vt 0.545455 0.397727
vt 0.556818 0.426136
vt 0.590909 0.409091
vt 0.602273 0.414773
vt 0.590909 0.420455
vt 0.511364 0.357955
vt 0.545455 0.340909
vt 0.556818 0.346591
vt 0.545455 0.352273
vt 0.556818 0.380682
vt 0.590909 0.363636
vt 0.602273 0.369318
vt 0.590909 0.375000
vt 0.602273 0.403409
vt 0.636364 0.386364
vt 0.647727 0.392045
vt 0.636364 0.397727
vt 0.511364 0.312500
vt 0.545455 0.295455
vt 0.556818 0.301136
vt 0.545455 0.306818
vt 0.556818 0.335227
vt 0.590909 0.318182
vt 0.602273 0.323864
vt 0.590909 0.329545
vt 0.602273 0.357955
vt 0.636364 0.340909
vt 0.647727 0.346591
vt 0.636364 0.352273
vt 0.647727 0.380682
vt 0.681818 0.363636
vt 0.693182 0.369318
vt 0.681818 0.375000
vt 0.511364 0.267045
vt 0.545455 0.250000
vt 0.556818 0.255682
vt 0.545455 0.261364
vt 0.556818 0.289773
vt 0.590909 0.272727
vt 0.602273 0.278409
vt 0.590909 0.284091
vt 0.602273 0.312500
vt 0.636364 0.295455
vt 0.647727 0.301136
vt 0.636364 0.306818
vt 0.647727 0.335227
vt 0.681818 0.318182
vt 0.693182 0.323864
vt 0.681818 0.329545
vt 0.693182 0.357955
vt 0.727273 0.340909
vt 0.738636 0.346591
vt 0.727273 0.352273
vt 0.511364 0.221591
vt 0.545455 0.204545
vt 0.556818 0.210227
vt 0.545455 0.215909
vt 0.556818 0.244318
vt 0.590909 0.227273
vt 0.602273 0.232955
vt 0.590909 0.238636
vt 0.602273 0.267045
vt 0.636364 0.250000
vt 0.647727 0.255682
vt 0.636364 0.261364
vt 0.647727 0.289773
vt 0.681818 0.272727
vt 0.693182 0.278409
vt 0.681818 0.284091
vt 0.693182 0.312500
vt 0.727273 0.295455
vt 0.738636 0.301136
vt 0.727273 0.306818
vt 0.738636 0.335227
vt 0.772727 0.318182
vt 0.784091 0.323864
vt 0.772727 0.329545
vt 0.511364 0.176136
vt 0.545455 0.159091
vt 0.556818 0.164773
vt 0.545455 0.170454
vt 0.556818 0.198864
vt 0.590909 0.181818
vt 0.602273 0.187500
vt 0.590909 0.193182
vt 0.602273 0.221591
vt 0.636364 0.204545
vt 0.647727 0.210227
vt 0.636364 0.215909
vt 0.647727 0.244318
vt 0.681818 0.227273
vt 0.693182 0.232955
vt 0.681818 0.238636
vt 0.693182 0.267045
vt 0.727273 0.250000
vt 0.738636 0.255682
vt 0.727273 0.261364
vt 0.738636 0.289773
vt 0.772727 0.272727
vt 0.784091 0.278409
vt 0.772727 0.284091
vt 0.784091 0.312500
vt 0.818182 0.295455
vt 0.829545 0.301136
vt 0.818182 0.306818
vt 0.511364 0.130682
vt 0.545455 0.113636
vt 0.556818 0.119318
vt 0.545455 0.125000
vt 0.556818 0.153409
vt 0.590909 0.136364
vt 0.602273 0.142045
vt 0.590909 0.147727
vt 0.602273 0.176136
vt 0.636364 0.159091
vt 0.647727 0.164773
vt 0.636364 0.170454
vt 0.647727 0.198864
vt 0.681818 0.181818
vt 0.693182 0.187500
vt 0.681818 0.193182
vt 0.693182 0.221591
vt 0.727273 0.204546
vt 0.738636 0.210227
vt 0.727273 0.215909
vt 0.738636 0.244318
vt 0.772727 0.227273
vt 0.784091 0.232955
vt 0.772727 0.238636
vt 0.784091 0.267045
vt 0.818182 0.250000
vt 0.829545 0.255682
vt 0.818182 0.261364
vt 0.829545 0.289773
vt 0.863636 0.272727
vt 0.875000 0.278409
vt 0.863636 0.284091
vt 0.511364 0.085227
vt 0.545455 0.068182
vt 0.556818 0.073864
vt 0.545455 0.079545
vt 0.556818 0.107955
vt 0.590909 0.090909
vt 0.602273 0.096591
vt 0.590909 0.102273
vt 0.602273 0.130682
vt 0.636364 0.113636
vt 0.647727 0.119318
vt 0.636364 0.125000
vt 0.647727 0.153409
vt 0.681818 0.136364
vt 0.693182 0.142045
vt 0.681818 0.147727
vt 0.693182 0.176136
vt 0.727273 0.159091
vt 0.738636 0.164773
vt 0.727273 0.170454
vt 0.738636 0.198864
vt 0.772727 0.181818
vt 0.784091 0.187500
vt 0.772727 0.193182
vt 0.784091 0.221591
vt 0.818182 0.204546
vt 0.829545 0.210227
vt 0.818182 0.215909
vt 0.829545 0.244318
vt 0.863636 0.227273
vt 0.875000 0.232955
vt 0.863636 0.238636
vt 0.875000 0.267045
vt 0.909091 0.250000
vt 0.920455 0.255682
vt 0.909091 0.261364
vt 0.511364 0.039773
vt 0.219512 0.140244
vt 0.227273 0.147727
vt 0.215909 0.153409
vt 0.556818 0.062500
vt 0.890244 0.804878
vt 0.878049 0.810975
vt 0.875000 0.801136
vt 0.602273 0.085227
vt 0.865854 0.817073
vt 0.852273 0.812500
vt 0.863636 0.806818
vt 0.647727 0.107955
vt 0.390244 0.054878
vt 0.397727 0.062500
vt 0.386364 0.068182
vt 0.693182 0.130682
vt 0.097561 0.798780
vt 0.102273 0.789773
vt 0.113636 0.795455
vt 0.738636 0.153409
vt 0.121951 0.810976
vt 0.125000 0.801136
vt 0.136364 0.806818
vt 0.784091 0.176136
vt 0.146342 0.823171
vt 0.134146 0.817073
vt 0.147727 0.812500
vt 0.829545 0.198864
vt 0.195122 0.152439
vt 0.204546 0.159091
vt 0.193182 0.164773
vt 0.875000 0.221591
vt 0.182927 0.841463
vt 0.170732 0.835366
vt 0.181818 0.829545
vt 0.920455 0.244318
vt 0.000000 0.262195
vt 0.000000 0.250000
vt 0.012470 0.256235
vt 0.454545 0.477273
vt 0.465909 0.471591
vt 0.465909 0.482955
vt 0.409091 0.454545
vt 0.420455 0.448864
vt 0.420455 0.460227
vt 0.363636 0.431818
vt 0.375000 0.426136
vt 0.375000 0.437500
vt 0.318182 0.409091
vt 0.329545 0.403409
vt 0.329545 0.414773
vt 0.272727 0.386364
vt 0.284091 0.380682
vt 0.284091 0.392045
vt 0.227273 0.363636
vt 0.238636 0.357955
vt 0.238636 0.369318
vt 0.181818 0.340909
vt 0.193182 0.335227
vt 0.193182 0.346591
vt 0.136364 0.318182
vt 0.147727 0.312500
vt 0.147727 0.323864
vt 0.090909 0.295455
vt 0.102273 0.289773
vt 0.102273 0.301136
vt 0.045455 0.272727
vt 0.056818 0.267046
vt 0.056818 0.278409
vt 0.454545 0.465909
vt 0.454545 0.431818
vt 0.465909 0.426136
vt 0.465909 0.437500
vt 0.409091 0.443182
vt 0.409091 0.409091
vt 0.420455 0.403409
vt 0.420455 0.414773
vt 0.454545 0.420455
vt 0.454545 0.386364
vt 0.465909 0.380682
vt 0.465909 0.392045
vt 0.363636 0.420455
vt 0.363636 0.386364
vt 0.375000 0.380682
vt 0.375000 0.392045
vt 0.409091 0.397727
vt 0.409091 0.363636
vt 0.420455 0.357955
vt 0.420455 0.369318
vt 0.454545 0.375000
vt 0.454545 0.340909
vt 0.465909 0.335227
vt 0.465909 0.346591
vt 0.318182 0.397727
vt 0.318182 0.363636
vt 0.329545 0.357955
vt 0.329545 0.369318
vt 0.363636 0.375000
vt 0.363636 0.340909
vt 0.375000 0.335227
vt 0.375000 0.346591
vt 0.409091 0.352273
vt 0.409091 0.318182
vt 0.420455 0.312500
vt 0.420455 0.323864
vt 0.454545 0.329545
vt 0.454545 0.295455
vt 0.465909 0.289773
vt 0.465909 0.301136
vt 0.272727 0.375000
vt 0.272727 0.340909
vt 0.284091 0.335227
vt 0.284091 0.346591
vt 0.318182 0.352273
vt 0.318182 0.318182
vt 0.329545 0.312500
vt 0.329545 0.323864
vt 0.363636 0.329545
vt 0.363636 0.295455
vt 0.375000 0.289773
vt 0.375000 0.301136
vt 0.409091 0.306818
vt 0.409091 0.272727
vt 0.420455 0.267045
vt 0.420455 0.278409
vt 0.454545 0.284091
vt 0.454545 0.250000
vt 0.465909 0.244318
vt 0.465909 0.255682
vt 0.227273 0.352273
vt 0.227273 0.318182
vt 0.238636 0.312500
vt 0.238636 0.323864
vt 0.272727 0.329545
vt 0.272727 0.295455
vt 0.284091 0.289773
vt 0.284091 0.301136
vt 0.318182 0.306818
vt 0.318182 0.272727
vt 0.329545 0.267045
vt 0.329545 0.278409
vt 0.363636 0.284091
vt 0.363636 0.250000
vt 0.375000 0.244318
vt 0.375000 0.255682
vt 0.409091 0.261364
vt 0.409091 0.227273
vt 0.420455 0.221591
vt 0.420455 0.232955
vt 0.454545 0.238636
vt 0.454545 0.204545
vt 0.465909 0.198864
vt 0.465909 0.210227
vt 0.181818 0.329545
vt 0.181818 0.295455
vt 0.193182 0.289773
vt 0.193182 0.301136
vt 0.227273 0.306818
vt 0.227273 0.272727
vt 0.238636 0.267045
vt 0.238636 0.278409
vt 0.272727 0.284091
vt 0.272727 0.250000
vt 0.284091 0.244318
vt 0.284091 0.255682
vt 0.318182 0.261364
vt 0.318182 0.227273
vt 0.329545 0.221591
vt 0.329545 0.232954
vt 0.363636 0.238636
vt 0.363636 0.204545
vt 0.375000 0.198864
vt 0.375000 0.210227
vt 0.409091 0.215909
vt 0.409091 0.181818
vt 0.420455 0.176136
vt 0.420455 0.187500
vt 0.454545 0.193182
vt 0.454545 0.159091
vt 0.465909 0.153409
vt 0.465909 0.164773
vt 0.136364 0.306818
vt 0.136364 0.272727
vt 0.147727 0.267045
vt 0.147727 0.278409
vt 0.181818 0.284091
vt 0.181818 0.250000
vt 0.193182 0.244318
vt 0.193182 0.255682
vt 0.227273 0.261364
vt 0.227273 0.227273
vt 0.238636 0.221591
vt 0.238636 0.232955
vt 0.272727 0.238636
vt 0.272727 0.204545
vt 0.284091 0.198864
vt 0.284091 0.210227
vt 0.318182 0.215909
vt 0.318182 0.181818
vt 0.329545 0.176136
vt 0.329545 0.187500
vt 0.363636 0.193182
vt 0.363636 0.159091
vt 0.375000 0.153409
vt 0.375000 0.164773
vt 0.409091 0.170454
vt 0.409091 0.136364
vt 0.420455 0.130682
vt 0.420455 0.142045
vt 0.454545 0.147727
vt 0.454545 0.113636
vt 0.465909 0.107955
vt 0.465909 0.119318
vt 0.090909 0.284091
vt 0.090909 0.250000
vt 0.102273 0.244318
vt 0.102273 0.255682
vt 0.136364 0.261364
vt 0.136364 0.227273
vt 0.147727 0.221591
vt 0.147727 0.232955
vt 0.181818 0.238636
vt 0.181818 0.204545
vt 0.193182 0.198864
vt 0.193182 0.210227
vt 0.227273 0.215909
vt 0.227273 0.181818
vt 0.238636 0.176136
vt 0.238636 0.187500
vt 0.272727 0.193182
vt 0.272727 0.159091
vt 0.284091 0.153409
vt 0.284091 0.164773
vt 0.318182 0.170454
vt 0.318182 0.136364
vt 0.329545 0.130682
vt 0.329545 0.142045
vt 0.363636 0.147727
vt 0.363636 0.113636
vt 0.375000 0.107955
vt 0.375000 0.119318
vt 0.409091 0.125000
vt 0.409091 0.090909
vt 0.420455 0.085227
vt 0.420455 0.096591
vt 0.454545 0.102273
vt 0.454545 0.068182
vt 0.465909 0.062500
vt 0.465909 0.073864
vt 0.045456 0.261364
vt 0.000000 0.298780
vt 0.000000 0.286585
vt 0.011369 0.289776
vt 0.090909 0.238636
vt 0.000000 0.335366
vt 0.000000 0.323171
vt 0.011364 0.323864
vt 0.136364 0.215909
vt 0.000000 0.359756
vt 0.011364 0.357955
vt 0.011364 0.369318
vt 0.181818 0.193182
vt 0.000000 0.408537
vt 0.000000 0.396341
vt 0.011364 0.403409
vt 0.227273 0.170454
vt 0.000000 0.445122
vt 0.000000 0.432927
vt 0.011364 0.437500
vt 0.272727 0.147727
vt 0.975610 0.762195
vt 0.965909 0.755682
vt 0.977273 0.750000
vt 0.318182 0.125000
vt 0.000000 0.493902
vt 0.000000 0.481707
vt 0.011364 0.482955
vt 0.363636 0.102273
vt 1.000000 0.664634
vt 0.988636 0.664773
vt 0.988636 0.653409
vt 0.409091 0.079545
vt 0.000000 0.518293
vt 0.011364 0.517045
vt 0.011364 0.528409
vt 0.454545 0.056818
vt 1.000000 0.554878
vt 1.000000 0.567073
vt 0.988636 0.562500
vt 0.454545 0.522727
vt 0.454545 0.511364
vt 0.465909 0.517045
vt 0.409091 0.545454
vt 0.409091 0.534091
vt 0.420455 0.539773
vt 0.363636 0.568182
vt 0.363636 0.556818
vt 0.375000 0.562500
vt 0.318182 0.590909
vt 0.318182 0.579545
vt 0.329545 0.585227
vt 0.272727 0.613636
vt 0.272727 0.602273
vt 0.284091 0.607955
vt 0.227273 0.636364
vt 0.227273 0.625000
vt 0.238636 0.630682
vt 0.181818 0.659091
vt 0.181818 0.647727
vt 0.193182 0.653409
vt 0.136364 0.681818
vt 0.136364 0.670454
vt 0.147727 0.676136
vt 0.090909 0.704545
vt 0.090909 0.693182
vt 0.102273 0.698864
vt 0.045455 0.727273
vt 0.045455 0.715909
vt 0.056818 0.721591
vt 0.443182 0.517045
vt 0.409091 0.500000
vt 0.409091 0.488636
vt 0.420455 0.494318
vt 0.397727 0.539773
vt 0.363636 0.522727
vt 0.363636 0.511364
vt 0.375000 0.517045
vt 0.397727 0.494318
vt 0.363636 0.477273
vt 0.363636 0.465909
vt 0.375000 0.471591
vt 0.352273 0.562500
vt 0.318182 0.545454
vt 0.318182 0.534091
vt 0.329545 0.539773
vt 0.352273 0.517045
vt 0.318182 0.500000
vt 0.318182 0.488636
vt 0.329545 0.494318
vt 0.352273 0.471591
vt 0.318182 0.454545
vt 0.318182 0.443182
vt 0.329545 0.448864
vt 0.306818 0.585227
vt 0.272727 0.568182
vt 0.272727 0.556818
vt 0.284091 0.562500
vt 0.306818 0.539773
vt 0.272727 0.522727
vt 0.272727 0.511364
vt 0.284091 0.517045
vt 0.306818 0.494318
vt 0.272727 0.477273
vt 0.272727 0.465909
vt 0.284091 0.471591
vt 0.306818 0.448864
vt 0.272727 0.431818
vt 0.272727 0.420455
vt 0.284091 0.426136
vt 0.261364 0.607955
vt 0.227273 0.590909
vt 0.227273 0.579545
vt 0.238636 0.585227
vt 0.261364 0.562500
vt 0.227273 0.545454
vt 0.227273 0.534091
vt 0.238636 0.539773
vt 0.261364 0.517045
vt 0.227273 0.500000
vt 0.227273 0.488636
vt 0.238636 0.494318
vt 0.261364 0.471591
vt 0.227273 0.454545
vt 0.227273 0.443182
vt 0.238636 0.448864
vt 0.261364 0.426136
vt 0.227273 0.409091
vt 0.227273 0.397727
vt 0.238636 0.403409
vt 0.215909 0.630682
vt 0.181818 0.613636
vt 0.181818 0.602273
vt 0.193182 0.607955
vt 0.215909 0.585227
vt 0.181818 0.568182
vt 0.181818 0.556818
vt 0.193182 0.562500
vt 0.215909 0.539773
vt 0.181818 0.522727
vt 0.181818 0.511364
vt 0.193182 0.517045
vt 0.215909 0.494318
vt 0.181818 0.477273
vt 0.181818 0.465909
vt 0.193182 0.471591
vt 0.215909 0.448864
vt 0.181818 0.431818
vt 0.181818 0.420455
vt 0.193182 0.426136
vt 0.215909 0.403409
vt 0.181818 0.386364
vt 0.181818 0.375000
vt 0.193182 0.380682
vt 0.170455 0.653409
vt 0.136364 0.636364
vt 0.136364 0.625000
vt 0.147727 0.630682
vt 0.170455 0.607955
vt 0.136364 0.590909
vt 0.136364 0.579545
vt 0.147727 0.585227
vt 0.170455 0.562500
vt 0.136364 0.545454
vt 0.136364 0.534091
vt 0.147727 0.539773
vt 0.170455 0.517045
vt 0.136364 0.500000
vt 0.136364 0.488636
vt 0.147727 0.494318
vt 0.170455 0.471591
vt 0.136364 0.454545
vt 0.136364 0.443182
vt 0.147727 0.448864
vt 0.170455 0.426136
vt 0.136364 0.409091
vt 0.136364 0.397727
vt 0.147727 0.403409
vt 0.170455 0.380682
vt 0.136364 0.363636
vt 0.136364 0.352273
vt 0.147727 0.357955
vt 0.125000 0.676136
vt 0.090909 0.659091
vt 0.090909 0.647727
vt 0.102273 0.653409
vt 0.125000 0.630682
vt 0.090909 0.613636
vt 0.090909 0.602273
vt 0.102273 0.607955
vt 0.125000 0.585227
vt 0.090909 0.568182
vt 0.090909 0.556818
vt 0.102273 0.562500
vt 0.125000 0.539773
vt 0.090909 0.522727
vt 0.090909 0.511364
vt 0.102273 0.517045
vt 0.125000 0.494318
vt 0.090909 0.477273
vt 0.090909 0.465909
vt 0.102273 0.471591
vt 0.125000 0.448864
vt 0.090909 0.431818
vt 0.090909 0.420455
vt 0.102273 0.426136
vt 0.125000 0.403409
vt 0.090909 0.386364
vt 0.090909 0.375000
vt 0.102273 0.380682
vt 0.125000 0.357955
vt 0.090909 0.340909
vt 0.090909 0.329545
vt 0.102273 0.335227
vt 0.079546 0.698864
vt 0.045455 0.681818
vt 0.045455 0.670454
vt 0.056818 0.676136
vt 0.079546 0.653409
vt 0.045455 0.636364
vt 0.045455 0.625000
vt 0.056818 0.630682
vt 0.079546 0.607955
vt 0.045455 0.590909
vt 0.045455 0.579545
vt 0.056818 0.585227
vt 0.079546 0.562500
vt 0.045455 0.545454
vt 0.045455 0.534091
vt 0.056818 0.539773
vt 0.079546 0.517045
vt 0.045455 0.500000
vt 0.045455 0.488636
vt 0.056818 0.494318
vt 0.079546 0.471591
vt 0.045455 0.454545
vt 0.045455 0.443182
vt 0.056818 0.448864
vt 0.079546 0.426136
vt 0.045455 0.409091
vt 0.045455 0.397727
vt 0.056818 0.403409
vt 0.079546 0.380682
vt 0.045455 0.363636
vt 0.045455 0.352273
vt 0.056818 0.357955
vt 0.079546 0.335227
vt 0.045455 0.318182
vt 0.045455 0.306818
vt 0.056818 0.312500
vt 0.034091 0.721591
vt 0.000000 0.554878
vt 0.011364 0.551136
vt 0.011364 0.562500
vt 0.034091 0.676136
vt 1.000000 0.457317
vt 0.988636 0.460227
vt 0.988636 0.448864
vt 0.034091 0.630682
vt 0.000000 0.591463
vt 0.011364 0.585227
vt 0.011364 0.596591
vt 0.034091 0.585227
vt 1.000000 0.347561
vt 1.000000 0.359756
vt 0.988636 0.357955
vt 0.034091 0.539773
vt 1.000000 0.286585
vt 0.988596 0.289793
vt 0.988475 0.278490
vt 0.034091 0.494318
vt 0.000000 0.652439
vt 0.000000 0.640244
vt 0.011364 0.642045
vt 0.034091 0.448864
vt 0.914634 0.207317
vt 0.926829 0.213415
vt 0.920455 0.221591
vt 0.034091 0.403409
vt 0.000000 0.676829
vt 0.011364 0.676136
vt 0.011364 0.687500
vt 0.034091 0.357955
vt 0.817073 0.158536
vt 0.829268 0.164634
vt 0.818182 0.170454
vt 0.034091 0.312500
vt 0.731707 0.115854
vt 0.727273 0.125000
vt 0.715909 0.119318
vt 0.500000 0.545454
vt 0.488636 0.539773
vt 0.500000 0.534091
vt 0.500000 0.590909
vt 0.488636 0.585227
vt 0.500000 0.579545
vt 0.500000 0.636364
vt 0.488636 0.630682
vt 0.500000 0.625000
vt 0.500000 0.681818
vt 0.488636 0.676136
vt 0.500000 0.670454
vt 0.500000 0.727273
vt 0.488636 0.721591
vt 0.500000 0.715909
vt 0.500000 0.772727
vt 0.488636 0.767045
vt 0.500000 0.761363
vt 0.500000 0.818182
vt 0.488636 0.812500
vt 0.500000 0.806818
vt 0.500000 0.863636
vt 0.488636 0.857954
vt 0.500000 0.852273
vt 0.500000 0.909091
vt 0.488636 0.903409
vt 0.500000 0.897727
vt 0.500000 0.954545
vt 0.488636 0.948864
vt 0.500000 0.943182
vt 0.488636 0.551136
vt 0.454545 0.568182
vt 0.443182 0.562500
vt 0.454545 0.556818
vt 0.488636 0.596591
vt 0.454545 0.613636
vt 0.443182 0.607955
vt 0.454545 0.602273
vt 0.443182 0.573864
vt 0.409091 0.590909
vt 0.397727 0.585227
vt 0.409091 0.579545
vt 0.488636 0.642045
vt 0.454545 0.659091
vt 0.443182 0.653409
vt 0.454545 0.647727
vt 0.443182 0.619318
vt 0.409091 0.636364
vt 0.397727 0.630682
vt 0.409091 0.625000
vt 0.397727 0.596591
vt 0.363636 0.613636
vt 0.352273 0.607955
vt 0.363636 0.602273
vt 0.488636 0.687500
vt 0.454545 0.704545
vt 0.443182 0.698864
vt 0.454545 0.693182
vt 0.443182 0.664773
vt 0.409091 0.681818
vt 0.397727 0.676136
vt 0.409091 0.670454
vt 0.397727 0.642045
vt 0.363636 0.659091
vt 0.352273 0.653409
vt 0.363636 0.647727
vt 0.352273 0.619318
vt 0.318182 0.636364
vt 0.306818 0.630682
vt 0.318182 0.625000
vt 0.488636 0.732954
vt 0.454545 0.750000
vt 0.443182 0.744318
vt 0.454545 0.738636
vt 0.443182 0.710227
vt 0.409091 0.727273
vt 0.397727 0.721591
vt 0.409091 0.715909
vt 0.397727 0.687500
vt 0.363636 0.704545
vt 0.352273 0.698864
vt 0.363636 0.693182
vt 0.352273 0.664773
vt 0.318182 0.681818
vt 0.306818 0.676136
vt 0.318182 0.670454
vt 0.306818 0.642045
vt 0.272727 0.659091
vt 0.261364 0.653409
vt 0.272727 0.647727
vt 0.488636 0.778409
vt 0.454545 0.795454
vt 0.443182 0.789773
vt 0.454545 0.784091
vt 0.443182 0.755682
vt 0.409091 0.772727
vt 0.397727 0.767045
vt 0.409091 0.761363
vt 0.397727 0.732954
vt 0.363636 0.750000
vt 0.352273 0.744318
vt 0.363636 0.738636
vt 0.352273 0.710227
vt 0.318182 0.727273
vt 0.306818 0.721591
vt 0.318182 0.715909
vt 0.306818 0.687500
vt 0.272727 0.704545
vt 0.261364 0.698864
vt 0.272727 0.693182
vt 0.261364 0.664773
vt 0.227273 0.681818
vt 0.215909 0.676136
vt 0.227273 0.670454
vt 0.488636 0.823864
vt 0.454545 0.840909
vt 0.443182 0.835227
vt 0.454545 0.829545
vt 0.443182 0.801136
vt 0.409091 0.818182
vt 0.397727 0.812500
vt 0.409091 0.806818
vt 0.397727 0.778409
vt 0.363636 0.795454
vt 0.352273 0.789773
vt 0.363636 0.784091
vt 0.352273 0.755682
vt 0.318182 0.772727
vt 0.306818 0.767045
vt 0.318182 0.761363
vt 0.306818 0.732954
vt 0.272727 0.750000
vt 0.261364 0.744318
vt 0.272727 0.738636
vt 0.261364 0.710227
vt 0.227273 0.727273
vt 0.215909 0.721591
vt 0.227273 0.715909
vt 0.215909 0.687500
vt 0.181818 0.704545
vt 0.170455 0.698864
vt 0.181818 0.693182
vt 0.488636 0.869318
vt 0.454545 0.886364
vt 0.443182 0.880682
vt 0.454545 0.875000
vt 0.443182 0.846591
vt 0.409091 0.863636
vt 0.397727 0.857954
vt 0.409091 0.852273
vt 0.397727 0.823864
vt 0.363636 0.840909
vt 0.352273 0.835227
vt 0.363636 0.829545
vt 0.352273 0.801136
vt 0.318182 0.818182
vt 0.306818 0.812500
vt 0.318182 0.806818
vt 0.306818 0.778409
vt 0.272727 0.795454
vt 0.261364 0.789773
vt 0.272727 0.784091
vt 0.261364 0.755682
vt 0.227273 0.772727
vt 0.215909 0.767045
vt 0.227273 0.761363
vt 0.215909 0.732954
vt 0.181818 0.750000
vt 0.170455 0.744318
vt 0.181818 0.738636
vt 0.170455 0.710227
vt 0.136364 0.727273
vt 0.125000 0.721591
vt 0.136364 0.715909
vt 0.488636 0.914773
vt 0.454545 0.931818
vt 0.443182 0.926136
vt 0.454545 0.920454
vt 0.443182 0.892045
vt 0.409091 0.909091
vt 0.397727 0.903409
vt 0.409091 0.897727
vt 0.397727 0.869318
vt 0.363636 0.886363
vt 0.352273 0.880682
vt 0.363636 0.875000
vt 0.352273 0.846591
vt 0.318182 0.863636
vt 0.306818 0.857954
vt 0.318182 0.852273
vt 0.306818 0.823864
vt 0.272727 0.840909
vt 0.261364 0.835227
vt 0.272727 0.829545
vt 0.261364 0.801136
vt 0.227273 0.818182
vt 0.215909 0.812500
vt 0.227273 0.806818
vt 0.215909 0.778409
vt 0.181818 0.795454
vt 0.170455 0.789773
vt 0.181818 0.784091
vt 0.170455 0.755682
vt 0.136364 0.772727
vt 0.125000 0.767045
vt 0.136364 0.761363
vt 0.125000 0.732954
vt 0.090909 0.750000
vt 0.079546 0.744318
vt 0.090909 0.738636
vt 0.488636 0.960227
vt 0.756097 0.871951
vt 0.750000 0.863636
vt 0.761364 0.857954
vt 0.443182 0.937500
vt 0.780488 0.859756
vt 0.772727 0.852273
vt 0.784091 0.846591
vt 0.397727 0.914773
vt 0.560976 0.030488
vt 0.556818 0.039773
vt 0.545455 0.034091
vt 0.352273 0.892045
vt 0.817073 0.841463
vt 0.806818 0.835227
vt 0.818182 0.829545
vt 0.306818 0.869318
vt 0.439025 0.030488
vt 0.451220 0.024390
vt 0.454545 0.034091
vt 0.261364 0.846591
vt 0.756098 0.128049
vt 0.768293 0.134146
vt 0.761364 0.142045
vt 0.215909 0.823864
vt 0.048781 0.225610
vt 0.056819 0.232955
vt 0.045460 0.238639
vt 0.170455 0.801136
vt 0.012195 0.243902
vt 0.023039 0.250156
vt 0.125000 0.778409
vt 0.079546 0.755682
vt 0.534091 0.528409
vt 0.579546 0.551136
vt 0.625000 0.573864
vt 0.670455 0.596591
vt 0.715909 0.619318
vt 0.761364 0.642045
vt 0.806818 0.664773
vt 0.852273 0.687500
vt 0.897727 0.710227
vt 0.943182 0.732954
vt 0.545455 0.534091
vt 0.545455 0.568182
vt 0.534091 0.573864
vt 0.534091 0.562500
vt 0.590909 0.556818
vt 0.590909 0.590909
vt 0.579546 0.596591
vt 0.579546 0.585227
vt 0.545455 0.579545
vt 0.545455 0.613636
vt 0.534091 0.619318
vt 0.534091 0.607955
vt 0.636364 0.579545
vt 0.636364 0.613636
vt 0.625000 0.619318
vt 0.625000 0.607955
vt 0.590909 0.602273
vt 0.590909 0.636364
vt 0.579546 0.642045
vt 0.579546 0.630682
vt 0.545455 0.625000
vt 0.545455 0.659091
vt 0.534091 0.664773
vt 0.534091 0.653409
vt 0.681818 0.602273
vt 0.681818 0.636364
vt 0.670455 0.642045
vt 0.670455 0.630682
vt 0.636364 0.625000
vt 0.636364 0.659091
vt 0.625000 0.664773
vt 0.625000 0.653409
vt 0.590909 0.647727
vt 0.590909 0.681818
vt 0.579546 0.687500
vt 0.579546 0.676136
vt 0.545455 0.670454
vt 0.545455 0.704545
vt 0.534091 0.710227
vt 0.534091 0.698864
vt 0.727273 0.625000
vt 0.727273 0.659091
vt 0.715909 0.664773
vt 0.715909 0.653409
vt 0.681818 0.647727
vt 0.681818 0.681818
vt 0.670455 0.687500
vt 0.670455 0.676136
vt 0.636364 0.670454
vt 0.636364 0.704545
vt 0.625000 0.710227
vt 0.625000 0.698864
vt 0.590909 0.693182
vt 0.590909 0.727273
vt 0.579546 0.732954
vt 0.579546 0.721591
vt 0.545455 0.715909
vt 0.545455 0.750000
vt 0.534091 0.755682
vt 0.534091 0.744318
vt 0.772727 0.647727
vt 0.772727 0.681818
vt 0.761364 0.687500
vt 0.761364 0.676136
vt 0.727273 0.670454
vt 0.727273 0.704545
vt 0.715909 0.710227
vt 0.715909 0.698864
vt 0.681818 0.693182
vt 0.681818 0.727273
vt 0.670455 0.732954
vt 0.670455 0.721591
vt 0.636364 0.715909
vt 0.636364 0.750000
vt 0.625000 0.755682
vt 0.625000 0.744318
vt 0.590909 0.738636
vt 0.590909 0.772727
vt 0.579546 0.778409
vt 0.579546 0.767045
vt 0.545455 0.761363
vt 0.545455 0.795455
vt 0.534091 0.801136
vt 0.534091 0.789773
vt 0.818182 0.670454
vt 0.818182 0.704545
vt 0.806818 0.710227
vt 0.806818 0.698864
vt 0.772727 0.693182
vt 0.772727 0.727273
vt 0.761364 0.732954
vt 0.761364 0.721591
vt 0.727273 0.715909
vt 0.727273 0.750000
vt 0.715909 0.755682
vt 0.715909 0.744318
vt 0.681818 0.738636
vt 0.681818 0.772727
vt 0.670455 0.778409
vt 0.670455 0.767045
vt 0.636364 0.761363
vt 0.636364 0.795455
vt 0.625000 0.801136
vt 0.625000 0.789773
vt 0.590909 0.784091
vt 0.590909 0.818182
vt 0.579546 0.823864
vt 0.579546 0.812500
vt 0.545455 0.806818
vt 0.545455 0.840909
vt 0.534091 0.846591
vt 0.534091 0.835227
vt 0.863636 0.693182
vt 0.863636 0.727273
vt 0.852273 0.732954
vt 0.852273 0.721591
vt 0.818182 0.715909
vt 0.818182 0.750000
vt 0.806818 0.755682
vt 0.806818 0.744318
vt 0.772727 0.738636
vt 0.772727 0.772727
vt 0.761364 0.778409
vt 0.761364 0.767045
vt 0.727273 0.761364
vt 0.727273 0.795455
vt 0.715909 0.801136
vt 0.715909 0.789773
vt 0.681818 0.784091
vt 0.681818 0.818182
vt 0.670455 0.823864
vt 0.670455 0.812500
vt 0.636364 0.806818
vt 0.636364 0.840909
vt 0.625000 0.846591
vt 0.625000 0.835227
vt 0.590909 0.829545
vt 0.590909 0.863636
vt 0.579546 0.869318
vt 0.579546 0.857954
vt 0.545455 0.852273
vt 0.545455 0.886364
vt 0.534091 0.892045
vt 0.534091 0.880682
vt 0.909091 0.715909
vt 0.909091 0.750000
vt 0.897727 0.755682
vt 0.897727 0.744318
vt 0.863636 0.738636
vt 0.863636 0.772727
vt 0.852273 0.778409
vt 0.852273 0.767045
vt 0.818182 0.761363
vt 0.818182 0.795454
vt 0.806818 0.801136
vt 0.806818 0.789773
vt 0.772727 0.784091
vt 0.772727 0.818182
vt 0.761364 0.823864
vt 0.761364 0.812500
vt 0.727273 0.806818
vt 0.727273 0.840909
vt 0.715909 0.846591
vt 0.715909 0.835227
vt 0.681818 0.829545
vt 0.681818 0.863636
vt 0.670455 0.869318
vt 0.670455 0.857954
vt 0.636364 0.852273
vt 0.636364 0.886364
vt 0.625000 0.892045
vt 0.625000 0.880682
vt 0.590909 0.875000
vt 0.590909 0.909091
vt 0.579546 0.914773
vt 0.579546 0.903409
vt 0.545455 0.897727
vt 0.545455 0.931818
vt 0.534091 0.937500
vt 0.534091 0.926136
vt 0.954546 0.738636
vt 0.878049 0.189024
vt 0.875000 0.198864
vt 0.863636 0.193182
vt 0.909091 0.761363
vt 0.670732 0.914634
vt 0.658537 0.920732
vt 0.659091 0.909091
vt 0.863636 0.784091
vt 0.975610 0.237805
vt 0.987805 0.243902
vt 0.976802 0.250235
vt 0.818182 0.806818
vt 1.000000 0.310976
vt 0.988635 0.312501
vt 0.988628 0.301141
vt 0.772727 0.829545
vt 0.609756 0.945122
vt 0.602273 0.937500
vt 0.613637 0.931818
vt 0.727273 0.852273
vt 0.585366 0.957317
vt 0.579546 0.948864
vt 0.590909 0.943182
vt 0.681818 0.875000
vt 1.000000 0.481707
vt 0.988636 0.482955
vt 0.988636 0.471591
vt 0.636364 0.897727
vt 0.560976 0.969512
vt 0.548781 0.975610
vt 0.545455 0.965909
vt 0.590909 0.920455
vt 1.000000 0.579268
vt 1.000000 0.591463
vt 0.988636 0.585227
vt 0.545455 0.943182
vt 1.000000 0.652439
vt 0.988636 0.642045
vt 0.522727 0.965909
vt 0.511364 0.971591
vt 0.511364 0.960227
vt 0.522727 0.977273
vt 0.414634 0.042683
vt 0.409091 0.056818
vt 0.402439 0.048781
vt 0.522727 0.943182
vt 0.522727 0.954545
vt 0.511364 0.948864
vt 0.534091 0.948864
vt 0.545455 0.954545
vt 0.534091 0.960227
vt 0.568182 0.943182
vt 0.556818 0.948864
vt 0.556818 0.937500
vt 0.568182 0.954545
vt 0.378049 0.060976
vt 0.375000 0.073864
vt 0.365854 0.067073
vt 0.568182 0.920455
vt 0.568182 0.931818
vt 0.556818 0.926136
vt 0.579546 0.926136
vt 0.590909 0.931818
vt 0.579546 0.937500
vt 0.613637 0.920455
vt 0.602273 0.926136
vt 0.602273 0.914773
vt 0.341464 0.079268
vt 0.352273 0.085227
vt 0.340909 0.090909
vt 0.613637 0.897727
vt 0.613637 0.909091
vt 0.602273 0.903409
vt 0.625000 0.903409
vt 0.636364 0.909091
vt 0.636364 0.920454
vt 0.625000 0.914773
vt 0.659091 0.897727
vt 0.647727 0.903409
vt 0.647727 0.892045
vt 0.304878 0.097561
vt 0.318182 0.102273
vt 0.306818 0.107955
vt 0.659091 0.875000
vt 0.659091 0.886364
vt 0.647727 0.880682
vt 0.670455 0.880682
vt 0.681818 0.886364
vt 0.681818 0.897727
vt 0.670455 0.892045
vt 0.704545 0.875000
vt 0.693182 0.880682
vt 0.693182 0.869318
vt 0.704545 0.886364
vt 0.268293 0.115854
vt 0.284091 0.119318
vt 0.272727 0.125000
vt 0.704545 0.852273
vt 0.704545 0.863636
vt 0.693182 0.857954
vt 0.715909 0.857954
vt 0.727273 0.863636
vt 0.727273 0.875000
vt 0.715909 0.869318
vt 0.750000 0.852273
vt 0.738636 0.857954
vt 0.738636 0.846591
vt 0.243903 0.128049
vt 0.238636 0.142045
vt 0.231707 0.134147
vt 0.750000 0.829545
vt 0.750000 0.840909
vt 0.738636 0.835227
vt 0.761364 0.835227
vt 0.772727 0.840909
vt 0.761364 0.846591
vt 0.795455 0.829545
vt 0.784091 0.835227
vt 0.784091 0.823864
vt 0.795455 0.840909
vt 0.207317 0.146342
vt 0.795455 0.806818
vt 0.795455 0.818182
vt 0.784091 0.812500
vt 0.806818 0.812500
vt 0.818182 0.818182
vt 0.806818 0.823864
vt 0.840909 0.806818
vt 0.829545 0.812500
vt 0.829545 0.801136
vt 0.840909 0.818182
vt 0.170732 0.164634
vt 0.170455 0.176136
vt 0.158537 0.170732
vt 0.840909 0.784091
vt 0.840909 0.795454
vt 0.829545 0.789773
vt 0.852273 0.789773
vt 0.863636 0.795454
vt 0.852273 0.801136
vt 0.886364 0.784091
vt 0.875000 0.789773
vt 0.875000 0.778409
vt 0.886364 0.795454
vt 0.134146 0.182927
vt 0.136364 0.193182
vt 0.121951 0.189025
vt 0.886364 0.761363
vt 0.886364 0.772727
vt 0.875000 0.767045
vt 0.897727 0.767045
vt 0.909091 0.772727
vt 0.909091 0.784091
vt 0.897727 0.778409
vt 0.931818 0.761363
vt 0.920455 0.767045
vt 0.920455 0.755682
vt 0.097561 0.201220
vt 0.113636 0.204545
vt 0.102273 0.210227
vt 0.931818 0.738636
vt 0.931818 0.750000
vt 0.920455 0.744318
vt 0.943182 0.744318
vt 0.954546 0.750000
vt 0.954546 0.761363
vt 0.943182 0.755682
vt 0.522727 0.920455
vt 0.511364 0.926136
vt 0.511364 0.914773
vt 0.522727 0.931818
vt 0.511364 0.937500
vt 0.522727 0.897727
vt 0.522727 0.909091
vt 0.511364 0.903409
vt 0.534091 0.903409
vt 0.545455 0.909091
vt 0.545455 0.920455
vt 0.534091 0.914773
vt 0.568182 0.897727
vt 0.556818 0.903409
vt 0.556818 0.892045
vt 0.568182 0.909091
vt 0.556818 0.914773
vt 0.568182 0.875000
vt 0.568182 0.886364
vt 0.556818 0.880682
vt 0.579546 0.880682
vt 0.590909 0.886364
vt 0.590909 0.897727
vt 0.579546 0.892045
vt 0.613637 0.875000
vt 0.602273 0.880682
vt 0.602273 0.869318
vt 0.613637 0.886364
vt 0.602273 0.892045
vt 0.613637 0.852273
vt 0.613637 0.863636
vt 0.602273 0.857954
vt 0.625000 0.857954
vt 0.636364 0.863636
vt 0.636364 0.875000
vt 0.625000 0.869318
vt 0.659091 0.852273
vt 0.647727 0.857954
vt 0.647727 0.846591
vt 0.659091 0.863636
vt 0.647727 0.869318
vt 0.659091 0.829545
vt 0.659091 0.840909
vt 0.647727 0.835227
vt 0.670455 0.835227
vt 0.681818 0.840909
vt 0.681818 0.852273
vt 0.670455 0.846591
vt 0.704545 0.829545
vt 0.693182 0.835227
vt 0.693182 0.823864
vt 0.704545 0.840909
vt 0.693182 0.846591
vt 0.704545 0.806818
vt 0.704545 0.818182
vt 0.693182 0.812500
vt 0.715909 0.812500
vt 0.727273 0.818182
vt 0.727273 0.829545
vt 0.715909 0.823864
vt 0.750000 0.806818
vt 0.738636 0.812500
vt 0.738636 0.801136
vt 0.750000 0.818182
vt 0.738636 0.823864
vt 0.750000 0.784091
vt 0.750000 0.795455
vt 0.738636 0.789773
vt 0.761364 0.789773
vt 0.772727 0.795455
vt 0.772727 0.806818
vt 0.761364 0.801136
vt 0.795455 0.784091
vt 0.784091 0.789773
vt 0.784091 0.778409
vt 0.795455 0.795455
vt 0.784091 0.801136
vt 0.795455 0.761363
vt 0.795455 0.772727
vt 0.784091 0.767045
vt 0.806818 0.767045
vt 0.818182 0.772727
vt 0.818182 0.784091
vt 0.806818 0.778409
vt 0.840909 0.761363
vt 0.829545 0.767045
vt 0.829545 0.755682
vt 0.840909 0.772727
vt 0.829545 0.778409
vt 0.840909 0.738636
vt 0.840909 0.750000
vt 0.829545 0.744318
vt 0.852273 0.744318
vt 0.863636 0.750000
vt 0.863636 0.761363
vt 0.852273 0.755682
vt 0.886364 0.738636
vt 0.875000 0.744318
vt 0.875000 0.732954
vt 0.886364 0.750000
vt 0.875000 0.755682
vt 0.886364 0.715909
vt 0.886364 0.727273
vt 0.875000 0.721591
vt 0.897727 0.721591
vt 0.909091 0.727273
vt 0.909091 0.738636
vt 0.897727 0.732954
vt 0.522727 0.875000
vt 0.511364 0.880682
vt 0.511364 0.869318
vt 0.522727 0.886364
vt 0.511364 0.892045
vt 0.522727 0.852273
vt 0.522727 0.863636
vt 0.511364 0.857954
vt 0.534091 0.857954
vt 0.545455 0.863636
vt 0.545455 0.875000
vt 0.534091 0.869318
vt 0.568182 0.852273
vt 0.556818 0.857954
vt 0.556818 0.846591
vt 0.568182 0.863636
vt 0.556818 0.869318
vt 0.568182 0.829545
vt 0.568182 0.840909
vt 0.556818 0.835227
vt 0.579546 0.835227
vt 0.590909 0.840909
vt 0.590909 0.852273
vt 0.579546 0.846591
vt 0.613637 0.829545
vt 0.602273 0.835227
vt 0.602273 0.823864
vt 0.613637 0.840909
vt 0.602273 0.846591
vt 0.613637 0.806818
vt 0.613637 0.818182
vt 0.602273 0.812500
vt 0.625000 0.812500
vt 0.636364 0.818182
vt 0.636364 0.829545
vt 0.625000 0.823864
vt 0.659091 0.806818
vt 0.647727 0.812500
vt 0.647727 0.801136
vt 0.659091 0.818182
vt 0.647727 0.823864
vt 0.659091 0.784091
vt 0.659091 0.795455
vt 0.647727 0.789773
vt 0.670455 0.789773
vt 0.681818 0.795455
vt 0.681818 0.806818
vt 0.670455 0.801136
vt 0.704545 0.784091
vt 0.693182 0.789773
vt 0.693182 0.778409
vt 0.704545 0.795455
vt 0.693182 0.801136
vt 0.704545 0.761364
vt 0.704545 0.772727
vt 0.693182 0.767045
vt 0.715909 0.767045
vt 0.727273 0.772727
vt 0.727273 0.784091
vt 0.715909 0.778409
vt 0.750000 0.761363
vt 0.738636 0.767045
vt 0.738636 0.755682
vt 0.750000 0.772727
vt 0.738636 0.778409
vt 0.750000 0.738636
vt 0.750000 0.750000
vt 0.738636 0.744318
vt 0.761364 0.744318
vt 0.772727 0.750000
vt 0.772727 0.761363
vt 0.761364 0.755682
vt 0.795455 0.738636
vt 0.784091 0.744318
vt 0.784091 0.732954
vt 0.795455 0.750000
vt 0.784091 0.755682
vt 0.795455 0.715909
vt 0.795455 0.727273
vt 0.784091 0.721591
vt 0.806818 0.721591
vt 0.818182 0.727273
vt 0.818182 0.738636
vt 0.806818 0.732954
vt 0.840909 0.715909
vt 0.829545 0.721591
vt 0.829545 0.710227
vt 0.840909 0.727273
vt 0.829545 0.732954
vt 0.840909 0.693182
vt 0.840909 0.704545
vt 0.829545 0.698864
vt 0.852273 0.698864
vt 0.863636 0.704545
vt 0.863636 0.715909
vt 0.852273 0.710227
vt 0.522727 0.829545
vt 0.511364 0.835227
vt 0.511364 0.823864
vt 0.522727 0.840909
vt 0.511364 0.846591
vt 0.522727 0.806818
vt 0.522727 0.818182
vt 0.511364 0.812500
vt 0.534091 0.812500
vt 0.545455 0.818182
vt 0.545455 0.829545
vt 0.534091 0.823864
vt 0.568182 0.806818
vt 0.556818 0.812500
vt 0.556818 0.801136
vt 0.568182 0.818182
vt 0.556818 0.823864
vt 0.568182 0.784091
vt 0.568182 0.795455
vt 0.556818 0.789773
vt 0.579546 0.789773
vt 0.590909 0.795455
vt 0.590909 0.806818
vt 0.579546 0.801136
vt 0.613637 0.784091
vt 0.602273 0.789773
vt 0.602273 0.778409
vt 0.613637 0.795455
vt 0.602273 0.801136
vt 0.613637 0.761363
vt 0.613637 0.772727
vt 0.602273 0.767045
vt 0.625000 0.767045
vt 0.636364 0.772727
vt 0.636364 0.784091
vt 0.625000 0.778409
vt 0.659091 0.761363
vt 0.647727 0.767045
vt 0.647727 0.755682
vt 0.659091 0.772727
vt 0.647727 0.778409
vt 0.659091 0.738636
vt 0.659091 0.750000
vt 0.647727 0.744318
vt 0.670455 0.744318
vt 0.681818 0.750000
vt 0.681818 0.761363
vt 0.670455 0.755682
vt 0.704545 0.738636
vt 0.693182 0.744318
vt 0.693182 0.732954
vt 0.704545 0.750000
vt 0.693182 0.755682
vt 0.704545 0.715909
vt 0.704545 0.727273
vt 0.693182 0.721591
vt 0.715909 0.721591
vt 0.727273 0.727273
vt 0.727273 0.738636
vt 0.715909 0.732954
vt 0.750000 0.715909
vt 0.738636 0.721591
vt 0.738636 0.710227
vt 0.750000 0.727273
vt 0.738636 0.732954
vt 0.750000 0.693182
vt 0.750000 0.704545
vt 0.738636 0.698864
vt 0.761364 0.698864
vt 0.772727 0.704545
vt 0.772727 0.715909
vt 0.761364 0.710227
vt 0.795455 0.693182
vt 0.784091 0.698864
vt 0.784091 0.687500
vt 0.795455 0.704545
vt 0.784091 0.710227
vt 0.795455 0.670454
vt 0.795455 0.681818
vt 0.784091 0.676136
vt 0.806818 0.676136
vt 0.818182 0.681818
vt 0.818182 0.693182
vt 0.806818 0.687500
vt 0.522727 0.784091
vt 0.511364 0.789773
vt 0.511364 0.778409
vt 0.522727 0.795455
vt 0.511364 0.801136
vt 0.522727 0.761363
vt 0.522727 0.772727
vt 0.511364 0.767045
vt 0.534091 0.767045
vt 0.545455 0.772727
vt 0.545455 0.784091
vt 0.534091 0.778409
vt 0.568182 0.761363
vt 0.556818 0.767045
vt 0.556818 0.755682
vt 0.568182 0.772727
vt 0.556818 0.778409
vt 0.568182 0.738636
vt 0.568182 0.750000
vt 0.556818 0.744318
vt 0.579546 0.744318
vt 0.590909 0.750000
vt 0.590909 0.761363
vt 0.579546 0.755682
vt 0.613637 0.738636
vt 0.602273 0.744318
vt 0.602273 0.732954
vt 0.613637 0.750000
vt 0.602273 0.755682
vt 0.613637 0.715909
vt 0.613637 0.727273
vt 0.602273 0.721591
vt 0.625000 0.721591
vt 0.636364 0.727273
vt 0.636364 0.738636
vt 0.625000 0.732954
vt 0.659091 0.715909
vt 0.647727 0.721591
vt 0.647727 0.710227
vt 0.659091 0.727273
vt 0.647727 0.732954
vt 0.659091 0.693182
vt 0.659091 0.704545
vt 0.647727 0.698864
vt 0.670455 0.698864
vt 0.681818 0.704545
vt 0.681818 0.715909
vt 0.670455 0.710227
vt 0.704545 0.693182
vt 0.693182 0.698864
vt 0.693182 0.687500
vt 0.704545 0.704545
vt 0.693182 0.710227
vt 0.704545 0.670454
vt 0.704545 0.681818
vt 0.693182 0.676136
vt 0.715909 0.676136
vt 0.727273 0.681818
vt 0.727273 0.693182
vt 0.715909 0.687500
vt 0.750000 0.670454
vt 0.738636 0.676136
vt 0.738636 0.664773
vt 0.750000 0.681818
vt 0.738636 0.687500
vt 0.750000 0.647727
vt 0.750000 0.659091
vt 0.738636 0.653409
vt 0.761364 0.653409
vt 0.772727 0.659091
vt 0.772727 0.670454
vt 0.761364 0.664773
vt 0.522727 0.738636
vt 0.511364 0.744318
vt 0.511364 0.732954
vt 0.522727 0.750000
vt 0.511364 0.755682
vt 0.522727 0.715909
vt 0.522727 0.727273
vt 0.511364 0.721591
vt 0.534091 0.721591
vt 0.545455 0.727273
vt 0.545455 0.738636
vt 0.534091 0.732954
vt 0.568182 0.715909
vt 0.556818 0.721591
vt 0.556818 0.710227
vt 0.568182 0.727273
vt 0.556818 0.732954
vt 0.568182 0.693182
vt 0.568182 0.704545
vt 0.556818 0.698864
vt 0.579546 0.698864
vt 0.590909 0.704545
vt 0.590909 0.715909
vt 0.579546 0.710227
vt 0.613637 0.693182
vt 0.602273 0.698864
vt 0.602273 0.687500
vt 0.613637 0.704545
vt 0.602273 0.710227
vt 0.613637 0.670454
vt 0.613637 0.681818
vt 0.602273 0.676136
vt 0.625000 0.676136
vt 0.636364 0.681818
vt 0.636364 0.693182
vt 0.625000 0.687500
vt 0.659091 0.670454
vt 0.647727 0.676136
vt 0.647727 0.664773
vt 0.659091 0.681818
vt 0.647727 0.687500
vt 0.659091 0.647727
vt 0.659091 0.659091
vt 0.647727 0.653409
vt 0.670455 0.653409
vt 0.681818 0.659091
vt 0.681818 0.670454
vt 0.670455 0.664773
vt 0.704545 0.647727
vt 0.693182 0.653409
vt 0.693182 0.642045
vt 0.704545 0.659091
vt 0.693182 0.664773
vt 0.704545 0.625000
vt 0.704545 0.636364
vt 0.693182 0.630682
vt 0.715909 0.630682
vt 0.727273 0.636364
vt 0.727273 0.647727
vt 0.715909 0.642045
vt 0.522727 0.693182
vt 0.511364 0.698864
vt 0.511364 0.687500
vt 0.522727 0.704545
vt 0.511364 0.710227
vt 0.522727 0.670454
vt 0.522727 0.681818
vt 0.511364 0.676136
vt 0.534091 0.676136
vt 0.545455 0.681818
vt 0.545455 0.693182
vt 0.534091 0.687500
vt 0.568182 0.670454
vt 0.556818 0.676136
vt 0.556818 0.664773
vt 0.568182 0.681818
vt 0.556818 0.687500
vt 0.568182 0.647727
vt 0.568182 0.659091
vt 0.556818 0.653409
vt 0.579546 0.653409
vt 0.590909 0.659091
vt 0.590909 0.670454
vt 0.579546 0.664773
vt 0.613637 0.647727
vt 0.602273 0.653409
vt 0.602273 0.642045
vt 0.613637 0.659091
vt 0.602273 0.664773
vt 0.613637 0.625000
vt 0.613637 0.636364
vt 0.602273 0.630682
vt 0.625000 0.630682
vt 0.636364 0.636364
vt 0.636364 0.647727
vt 0.625000 0.642045
vt 0.659091 0.625000
vt 0.647727 0.630682
vt 0.647727 0.619318
vt 0.659091 0.636364
vt 0.647727 0.642045
vt 0.659091 0.602273
vt 0.659091 0.613636
vt 0.647727 0.607955
vt 0.670455 0.607955
vt 0.681818 0.613636
vt 0.681818 0.625000
vt 0.670455 0.619318
vt 0.522727 0.647727
vt 0.511364 0.653409
vt 0.511364 0.642045
vt 0.522727 0.659091
vt 0.511364 0.664773
vt 0.522727 0.625000
vt 0.522727 0.636364
vt 0.511364 0.630682
vt 0.534091 0.630682
vt 0.545455 0.636364
vt 0.545455 0.647727
vt 0.534091 0.642045
vt 0.568182 0.625000
vt 0.556818 0.630682
vt 0.556818 0.619318
vt 0.568182 0.636364
vt 0.556818 0.642045
vt 0.568182 0.602273
vt 0.568182 0.613636
vt 0.556818 0.607955
vt 0.579546 0.607955
vt 0.590909 0.613636
vt 0.590909 0.625000
vt 0.579546 0.619318
vt 0.613637 0.602273
vt 0.602273 0.607955
vt 0.602273 0.596591
vt 0.613637 0.613636
vt 0.602273 0.619318
vt 0.613637 0.579545
vt 0.613637 0.590909
vt 0.602273 0.585227
vt 0.625000 0.585227
vt 0.636364 0.590909
vt 0.636364 0.602273
vt 0.625000 0.596591
vt 0.522727 0.602273
vt 0.511364 0.607955
vt 0.511364 0.596591
vt 0.522727 0.613636
vt 0.511364 0.619318
vt 0.522727 0.579545
vt 0.522727 0.590909
vt 0.511364 0.585227
vt 0.534091 0.585227
vt 0.545455 0.590909
vt 0.545455 0.602273
vt 0.534091 0.596591
vt 0.568182 0.579545
vt 0.556818 0.585227
vt 0.556818 0.573864
vt 0.568182 0.590909
vt 0.556818 0.596591
vt 0.568182 0.556818
vt 0.568182 0.568182
vt 0.556818 0.562500
vt 0.579546 0.562500
vt 0.590909 0.568182
vt 0.590909 0.579545
vt 0.579546 0.573864
vt 0.522727 0.556818
vt 0.511364 0.562500
vt 0.511364 0.551136
vt 0.522727 0.568182
vt 0.511364 0.573864
vt 0.522727 0.534091
vt 0.522727 0.545454
vt 0.511364 0.539773
vt 0.534091 0.539773
vt 0.545455 0.545454
vt 0.545455 0.556818
vt 0.534091 0.551136
vt 0.931818 0.715909
vt 0.920455 0.721591
vt 0.920455 0.710227
vt 0.931818 0.727273
vt 0.920455 0.732954
vt 0.886364 0.693182
vt 0.875000 0.698864
vt 0.875000 0.687500
vt 0.886364 0.704545
vt 0.875000 0.710227
vt 0.840909 0.670454
vt 0.829545 0.676136
vt 0.829545 0.664773
vt 0.840909 0.681818
vt 0.829545 0.687500
vt 0.795455 0.647727
vt 0.784091 0.653409
vt 0.784091 0.642045
vt 0.795455 0.659091
vt 0.784091 0.664773
vt 0.750000 0.625000
vt 0.738636 0.630682
vt 0.738636 0.619318
vt 0.750000 0.636364
vt 0.738636 0.642045
vt 0.704545 0.602273
vt 0.693182 0.607955
vt 0.693182 0.596591
vt 0.704545 0.613636
vt 0.693182 0.619318
vt 0.659091 0.579545
vt 0.647727 0.585227
vt 0.647727 0.573864
vt 0.659091 0.590909
vt 0.647727 0.596591
vt 0.613637 0.556818
vt 0.602273 0.562500
vt 0.602273 0.551136
vt 0.613637 0.568182
vt 0.602273 0.573864
vt 0.568182 0.534091
vt 0.556818 0.539773
vt 0.556818 0.528409
vt 0.568182 0.545454
vt 0.556818 0.551136
vt 0.522727 0.511364
vt 0.511364 0.517045
vt 0.511364 0.505682
vt 0.522727 0.522727
vt 0.511364 0.528409
vt 0.045455 0.750000
vt 0.034091 0.744318
vt 0.045455 0.738636
vt 0.034091 0.755682
vt 0.219512 0.859756
vt 0.207317 0.853659
vt 0.215909 0.846591
vt 0.068182 0.738636
vt 0.056818 0.744318
vt 0.056818 0.732954
vt 0.068182 0.750000
vt 0.068182 0.761363
vt 0.056818 0.767045
vt 0.056818 0.755682
vt 0.090909 0.772727
vt 0.079546 0.767045
vt 0.090909 0.761363
vt 0.079546 0.778409
vt 0.743903 0.121951
vt 0.738636 0.130682
vt 0.113636 0.761363
vt 0.102273 0.767045
vt 0.102273 0.755682
vt 0.113636 0.772727
vt 0.113636 0.784091
vt 0.102273 0.778409
vt 0.136364 0.795455
vt 0.125000 0.789773
vt 0.136364 0.784091
vt 0.426829 0.036585
vt 0.443182 0.039773
vt 0.159091 0.784091
vt 0.147727 0.789773
vt 0.147727 0.778409
vt 0.159091 0.795454
vt 0.159091 0.806818
vt 0.147727 0.801136
vt 0.181818 0.818182
vt 0.170455 0.812500
vt 0.181818 0.806818
vt 0.170455 0.823864
vt 0.487805 0.006098
vt 0.500000 0.000000
vt 0.500000 0.011715
vt 0.204546 0.806818
vt 0.193182 0.812500
vt 0.193182 0.801136
vt 0.204546 0.818182
vt 0.204546 0.829545
vt 0.193182 0.835227
vt 0.193182 0.823864
vt 0.227273 0.840909
vt 0.215909 0.835227
vt 0.227273 0.829545
vt 0.548781 0.024390
vt 0.534091 0.028412
vt 0.250000 0.829545
vt 0.238636 0.835227
vt 0.238636 0.823864
vt 0.250000 0.840909
vt 0.250000 0.852273
vt 0.238636 0.857954
vt 0.238636 0.846591
vt 0.272727 0.863636
vt 0.261364 0.857954
vt 0.272727 0.852273
vt 0.261364 0.869318
vt 0.597561 0.048780
vt 0.609756 0.054878
vt 0.602273 0.062500
vt 0.295454 0.852273
vt 0.284091 0.857954
vt 0.284091 0.846591
vt 0.295454 0.863636
vt 0.295454 0.875000
vt 0.284091 0.869318
vt 0.318182 0.886364
vt 0.306818 0.880682
vt 0.318182 0.875000
vt 0.646341 0.073171
vt 0.647727 0.085227
vt 0.636364 0.079545
vt 0.340909 0.875000
vt 0.329545 0.880682
vt 0.329545 0.869318
vt 0.340909 0.886363
vt 0.340909 0.897727
vt 0.329545 0.892045
vt 0.363636 0.909091
vt 0.352273 0.903409
vt 0.363636 0.897727
vt 0.707317 0.103658
vt 0.704545 0.113636
vt 0.693182 0.107955
vt 0.386364 0.897727
vt 0.375000 0.903409
vt 0.375000 0.892045
vt 0.386364 0.909091
vt 0.386364 0.920455
vt 0.375000 0.926136
vt 0.375000 0.914773
vt 0.409091 0.931818
vt 0.397727 0.926136
vt 0.409091 0.920455
vt 0.841464 0.170732
vt 0.829545 0.176136
vt 0.431818 0.920454
vt 0.420455 0.926136
vt 0.420455 0.914773
vt 0.431818 0.931818
vt 0.431818 0.943182
vt 0.420455 0.937500
vt 0.454545 0.954545
vt 0.443182 0.948864
vt 0.454545 0.943182
vt 0.963415 0.231707
vt 0.965811 0.244367
vt 0.477273 0.943182
vt 0.465909 0.948864
vt 0.465909 0.937500
vt 0.477273 0.954545
vt 0.477273 0.965909
vt 0.465909 0.960227
vt 0.090909 0.727273
vt 0.079546 0.721591
vt 0.090909 0.715909
vt 0.079546 0.732954
vt 0.068182 0.727273
vt 0.113636 0.715909
vt 0.102273 0.721591
vt 0.102273 0.710227
vt 0.113636 0.727273
vt 0.113636 0.738636
vt 0.102273 0.744318
vt 0.102273 0.732954
vt 0.136364 0.750000
vt 0.125000 0.744318
vt 0.136364 0.738636
vt 0.125000 0.755682
vt 0.113636 0.750000
vt 0.159091 0.738636
vt 0.147727 0.744318
vt 0.147727 0.732954
vt 0.159091 0.750000
vt 0.159091 0.761363
vt 0.147727 0.767045
vt 0.147727 0.755682
vt 0.181818 0.772727
vt 0.170455 0.767045
vt 0.181818 0.761363
vt 0.170455 0.778409
vt 0.159091 0.772727
vt 0.204546 0.761363
vt 0.193182 0.767045
vt 0.193182 0.755682
vt 0.204546 0.772727
vt 0.204546 0.784091
vt 0.193182 0.789773
vt 0.193182 0.778409
vt 0.227273 0.795454
vt 0.215909 0.789773
vt 0.227273 0.784091
vt 0.215909 0.801136
vt 0.204546 0.795454
vt 0.250000 0.784091
vt 0.238636 0.789773
vt 0.238636 0.778409
vt 0.250000 0.795454
vt 0.250000 0.806818
vt 0.238636 0.812500
vt 0.238636 0.801136
vt 0.272727 0.818182
vt 0.261364 0.812500
vt 0.272727 0.806818
vt 0.261364 0.823864
vt 0.250000 0.818182
vt 0.295454 0.806818
vt 0.284091 0.812500
vt 0.284091 0.801136
vt 0.295454 0.818182
vt 0.295454 0.829545
vt 0.284091 0.835227
vt 0.284091 0.823864
vt 0.318182 0.840909
vt 0.306818 0.835227
vt 0.318182 0.829545
vt 0.306818 0.846591
vt 0.295454 0.840909
vt 0.340909 0.829545
vt 0.329545 0.835227
vt 0.329545 0.823864
vt 0.340909 0.840909
vt 0.340909 0.852273
vt 0.329545 0.857954
vt 0.329545 0.846591
vt 0.363636 0.863636
vt 0.352273 0.857954
vt 0.363636 0.852273
vt 0.352273 0.869318
vt 0.340909 0.863636
vt 0.386364 0.852273
vt 0.375000 0.857954
vt 0.375000 0.846591
vt 0.386364 0.863636
vt 0.386364 0.875000
vt 0.375000 0.880682
vt 0.375000 0.869318
vt 0.409091 0.886364
vt 0.397727 0.880682
vt 0.409091 0.875000
vt 0.397727 0.892045
vt 0.386364 0.886364
vt 0.431818 0.875000
vt 0.420455 0.880682
vt 0.420455 0.869318
vt 0.431818 0.886364
vt 0.431818 0.897727
vt 0.420455 0.903409
vt 0.420455 0.892045
vt 0.454545 0.909091
vt 0.443182 0.903409
vt 0.454545 0.897727
vt 0.443182 0.914773
vt 0.431818 0.909091
vt 0.477273 0.897727
vt 0.465909 0.903409
vt 0.465909 0.892045
vt 0.477273 0.909091
vt 0.477273 0.920455
vt 0.465909 0.926136
vt 0.465909 0.914773
vt 0.136364 0.704545
vt 0.125000 0.698864
vt 0.136364 0.693182
vt 0.125000 0.710227
vt 0.113636 0.704545
vt 0.159091 0.693182
vt 0.147727 0.698864
vt 0.147727 0.687500
vt 0.159091 0.704545
vt 0.159091 0.715909
vt 0.147727 0.721591
vt 0.147727 0.710227
vt 0.181818 0.727273
vt 0.170455 0.721591
vt 0.181818 0.715909
vt 0.170455 0.732954
vt 0.159091 0.727273
vt 0.204546 0.715909
vt 0.193182 0.721591
vt 0.193182 0.710227
vt 0.204546 0.727273
vt 0.204546 0.738636
vt 0.193182 0.744318
vt 0.193182 0.732954
vt 0.227273 0.750000
vt 0.215909 0.744318
vt 0.227273 0.738636
vt 0.215909 0.755682
vt 0.204546 0.750000
vt 0.250000 0.738636
vt 0.238636 0.744318
vt 0.238636 0.732954
vt 0.250000 0.750000
vt 0.250000 0.761363
vt 0.238636 0.767045
vt 0.238636 0.755682
vt 0.272727 0.772727
vt 0.261364 0.767045
vt 0.272727 0.761363
vt 0.261364 0.778409
vt 0.250000 0.772727
vt 0.295454 0.761363
vt 0.284091 0.767045
vt 0.284091 0.755682
vt 0.295454 0.772727
vt 0.295454 0.784091
vt 0.284091 0.789773
vt 0.284091 0.778409
vt 0.318182 0.795454
vt 0.306818 0.789773
vt 0.318182 0.784091
vt 0.306818 0.801136
vt 0.295454 0.795454
vt 0.340909 0.784091
vt 0.329545 0.789773
vt 0.329545 0.778409
vt 0.340909 0.795454
vt 0.340909 0.806818
vt 0.329545 0.812500
vt 0.329545 0.801136
vt 0.363636 0.818182
vt 0.352273 0.812500
vt 0.363636 0.806818
vt 0.352273 0.823864
vt 0.340909 0.818182
vt 0.386364 0.806818
vt 0.375000 0.812500
vt 0.375000 0.801136
vt 0.386364 0.818182
vt 0.386364 0.829545
vt 0.375000 0.835227
vt 0.375000 0.823864
vt 0.409091 0.840909
vt 0.397727 0.835227
vt 0.409091 0.829545
vt 0.397727 0.846591
vt 0.386364 0.840909
vt 0.431818 0.829545
vt 0.420455 0.835227
vt 0.420455 0.823864
vt 0.431818 0.840909
vt 0.431818 0.852273
vt 0.420455 0.857954
vt 0.420455 0.846591
vt 0.454545 0.863636
vt 0.443182 0.857954
vt 0.454545 0.852273
vt 0.443182 0.869318
vt 0.431818 0.863636
vt 0.477273 0.852273
vt 0.465909 0.857954
vt 0.465909 0.846591
vt 0.477273 0.863636
vt 0.477273 0.875000
vt 0.465909 0.880682
vt 0.465909 0.869318
vt 0.181818 0.681818
vt 0.170455 0.676136
vt 0.181818 0.670454
vt 0.170455 0.687500
vt 0.159091 0.681818
vt 0.204545 0.670454
vt 0.193182 0.676136
vt 0.193182 0.664773
vt 0.204545 0.681818
vt 0.204545 0.693182
vt 0.193182 0.698864
vt 0.193182 0.687500
vt 0.227273 0.704545
vt 0.215909 0.698864
vt 0.227273 0.693182
vt 0.215909 0.710227
vt 0.204545 0.704545
vt 0.250000 0.693182
vt 0.238636 0.698864
vt 0.238636 0.687500
vt 0.250000 0.704545
vt 0.250000 0.715909
vt 0.238636 0.721591
vt 0.238636 0.710227
vt 0.272727 0.727273
vt 0.261364 0.721591
vt 0.272727 0.715909
vt 0.261364 0.732954
vt 0.250000 0.727273
vt 0.295454 0.715909
vt 0.284091 0.721591
vt 0.284091 0.710227
vt 0.295454 0.727273
vt 0.295454 0.738636
vt 0.284091 0.744318
vt 0.284091 0.732954
vt 0.318182 0.750000
vt 0.306818 0.744318
vt 0.318182 0.738636
vt 0.306818 0.755682
vt 0.295454 0.750000
vt 0.340909 0.738636
vt 0.329545 0.744318
vt 0.329545 0.732954
vt 0.340909 0.750000
vt 0.340909 0.761363
vt 0.329545 0.767045
vt 0.329545 0.755682
vt 0.363636 0.772727
vt 0.352273 0.767045
vt 0.363636 0.761363
vt 0.352273 0.778409
vt 0.340909 0.772727
vt 0.386364 0.761363
vt 0.375000 0.767045
vt 0.375000 0.755682
vt 0.386364 0.772727
vt 0.386364 0.784091
vt 0.375000 0.789773
vt 0.375000 0.778409
vt 0.409091 0.795454
vt 0.397727 0.789773
vt 0.409091 0.784091
vt 0.397727 0.801136
vt 0.386364 0.795454
vt 0.431818 0.784091
vt 0.420455 0.789773
vt 0.420455 0.778409
vt 0.431818 0.795454
vt 0.431818 0.806818
vt 0.420455 0.812500
vt 0.420455 0.801136
vt 0.454545 0.818182
vt 0.443182 0.812500
vt 0.454545 0.806818
vt 0.443182 0.823864
vt 0.431818 0.818182
vt 0.477273 0.806818
vt 0.465909 0.812500
vt 0.465909 0.801136
vt 0.477273 0.818182
vt 0.477273 0.829545
vt 0.465909 0.835227
vt 0.465909 0.823864
vt 0.227273 0.659091
vt 0.215909 0.653409
vt 0.227273 0.647727
vt 0.215909 0.664773
vt 0.204545 0.659091
vt 0.250000 0.647727
vt 0.238636 0.653409
vt 0.238636 0.642045
vt 0.250000 0.659091
vt 0.250000 0.670454
vt 0.238636 0.676136
vt 0.238636 0.664773
vt 0.272727 0.681818
vt 0.261364 0.676136
vt 0.272727 0.670454
vt 0.261364 0.687500
vt 0.250000 0.681818
vt 0.295454 0.670454
vt 0.284091 0.676136
vt 0.284091 0.664773
vt 0.295454 0.681818
vt 0.295454 0.693182
vt 0.284091 0.698864
vt 0.284091 0.687500
vt 0.318182 0.704545
vt 0.306818 0.698864
vt 0.318182 0.693182
vt 0.306818 0.710227
vt 0.295454 0.704545
vt 0.340909 0.693182
vt 0.329545 0.698864
vt 0.329545 0.687500
vt 0.340909 0.704545
vt 0.340909 0.715909
vt 0.329545 0.721591
vt 0.329545 0.710227
vt 0.363636 0.727273
vt 0.352273 0.721591
vt 0.363636 0.715909
vt 0.352273 0.732954
vt 0.340909 0.727273
vt 0.386364 0.715909
vt 0.375000 0.721591
vt 0.375000 0.710227
vt 0.386364 0.727273
vt 0.386364 0.738636
vt 0.375000 0.744318
vt 0.375000 0.732954
vt 0.409091 0.750000
vt 0.397727 0.744318
vt 0.409091 0.738636
vt 0.397727 0.755682
vt 0.386364 0.750000
vt 0.431818 0.738636
vt 0.420455 0.744318
vt 0.420455 0.732954
vt 0.431818 0.750000
vt 0.431818 0.761363
vt 0.420455 0.767045
vt 0.420455 0.755682
vt 0.454545 0.772727
vt 0.443182 0.767045
vt 0.454545 0.761363
vt 0.443182 0.778409
vt 0.431818 0.772727
vt 0.477273 0.761363
vt 0.465909 0.767045
vt 0.465909 0.755682
vt 0.477273 0.772727
vt 0.477273 0.784091
vt 0.465909 0.789773
vt 0.465909 0.778409
vt 0.272727 0.636364
vt 0.261364 0.630682
vt 0.272727 0.625000
vt 0.261364 0.642045
vt 0.250000 0.636364
vt 0.295454 0.625000
vt 0.284091 0.630682
vt 0.284091 0.619318
vt 0.295454 0.636364
vt 0.295454 0.647727
vt 0.284091 0.653409
vt 0.284091 0.642045
vt 0.318182 0.659091
vt 0.306818 0.653409
vt 0.318182 0.647727
vt 0.306818 0.664773
vt 0.295454 0.659091
vt 0.340909 0.647727
vt 0.329545 0.653409
vt 0.329545 0.642045
vt 0.340909 0.659091
vt 0.340909 0.670454
vt 0.329545 0.676136
vt 0.329545 0.664773
vt 0.363636 0.681818
vt 0.352273 0.676136
vt 0.363636 0.670454
vt 0.352273 0.687500
vt 0.340909 0.681818
vt 0.386364 0.670454
vt 0.375000 0.676136
vt 0.375000 0.664773
vt 0.386364 0.681818
vt 0.386364 0.693182
vt 0.375000 0.698864
vt 0.375000 0.687500
vt 0.409091 0.704545
vt 0.397727 0.698864
vt 0.409091 0.693182
vt 0.397727 0.710227
vt 0.386364 0.704545
vt 0.431818 0.693182
vt 0.420455 0.698864
vt 0.420455 0.687500
vt 0.431818 0.704545
vt 0.431818 0.715909
vt 0.420455 0.721591
vt 0.420455 0.710227
vt 0.454545 0.727273
vt 0.443182 0.721591
vt 0.454545 0.715909
vt 0.443182 0.732954
vt 0.431818 0.727273
vt 0.477273 0.715909
vt 0.465909 0.721591
vt 0.465909 0.710227
vt 0.477273 0.727273
vt 0.477273 0.738636
vt 0.465909 0.744318
vt 0.465909 0.732954
vt 0.318182 0.613636
vt 0.306818 0.607955
vt 0.318182 0.602273
vt 0.306818 0.619318
vt 0.295454 0.613636
vt 0.340909 0.602273
vt 0.329545 0.607955
vt 0.329545 0.596591
vt 0.340909 0.613636
vt 0.340909 0.625000
vt 0.329545 0.630682
vt 0.329545 0.619318
vt 0.363636 0.636364
vt 0.352273 0.630682
vt 0.363636 0.625000
vt 0.352273 0.642045
vt 0.340909 0.636364
vt 0.386364 0.625000
vt 0.375000 0.630682
vt 0.375000 0.619318
vt 0.386364 0.636364
vt 0.386364 0.647727
vt 0.375000 0.653409
vt 0.375000 0.642045
vt 0.409091 0.659091
vt 0.397727 0.653409
vt 0.409091 0.647727
vt 0.397727 0.664773
vt 0.386364 0.659091
vt 0.431818 0.647727
vt 0.420455 0.653409
vt 0.420455 0.642045
vt 0.431818 0.659091
vt 0.431818 0.670454
vt 0.420455 0.676136
vt 0.420455 0.664773
vt 0.454545 0.681818
vt 0.443182 0.676136
vt 0.454545 0.670454
vt 0.443182 0.687500
vt 0.431818 0.681818
vt 0.477273 0.670454
vt 0.465909 0.676136
vt 0.465909 0.664773
vt 0.477273 0.681818
vt 0.477273 0.693182
vt 0.465909 0.698864
vt 0.465909 0.687500
vt 0.363636 0.590909
vt 0.352273 0.585227
vt 0.363636 0.579545
vt 0.352273 0.596591
vt 0.340909 0.590909
vt 0.386364 0.579545
vt 0.375000 0.585227
vt 0.375000 0.573864
vt 0.386364 0.590909
vt 0.386364 0.602273
vt 0.375000 0.607955
vt 0.375000 0.596591
vt 0.409091 0.613636
vt 0.397727 0.607955
vt 0.409091 0.602273
vt 0.397727 0.619318
vt 0.386364 0.613636
vt 0.431818 0.602273
vt 0.420455 0.607955
vt 0.420455 0.596591
vt 0.431818 0.613636
vt 0.431818 0.625000
vt 0.420455 0.630682
vt 0.420455 0.619318
vt 0.454545 0.636364
vt 0.443182 0.630682
vt 0.454545 0.625000
vt 0.443182 0.642045
vt 0.431818 0.636364
vt 0.477273 0.625000
vt 0.465909 0.630682
vt 0.465909 0.619318
vt 0.477273 0.636364
vt 0.477273 0.647727
vt 0.465909 0.653409
vt 0.465909 0.642045
vt 0.409091 0.568182
vt 0.397727 0.562500
vt 0.409091 0.556818
vt 0.397727 0.573864
vt 0.386364 0.568182
vt 0.431818 0.556818
vt 0.420455 0.562500
vt 0.420455 0.551136
vt 0.431818 0.568182
vt 0.431818 0.579545
vt 0.420455 0.585227
vt 0.420455 0.573864
vt 0.454545 0.590909
vt 0.443182 0.585227
vt 0.454545 0.579545
vt 0.443182 0.596591
vt 0.431818 0.590909
vt 0.477273 0.579545
vt 0.465909 0.585227
vt 0.465909 0.573864
vt 0.477273 0.590909
vt 0.477273 0.602273
vt 0.465909 0.607955
vt 0.465909 0.596591
vt 0.454545 0.545454
vt 0.443182 0.539773
vt 0.454545 0.534091
vt 0.443182 0.551136
vt 0.431818 0.545454
vt 0.477273 0.534091
vt 0.465909 0.539773
vt 0.465909 0.528409
vt 0.477273 0.545454
vt 0.477273 0.556818
vt 0.465909 0.562500
vt 0.465909 0.551136
vt 0.500000 0.931818
vt 0.488636 0.926136
vt 0.500000 0.920455
vt 0.488636 0.937500
vt 0.477273 0.931818
vt 0.500000 0.886364
vt 0.488636 0.880682
vt 0.500000 0.875000
vt 0.488636 0.892045
vt 0.477273 0.886364
vt 0.500000 0.840909
vt 0.488636 0.835227
vt 0.500000 0.829545
vt 0.488636 0.846591
vt 0.477273 0.840909
vt 0.500000 0.795454
vt 0.488636 0.789773
vt 0.500000 0.784091
vt 0.488636 0.801136
vt 0.477273 0.795454
vt 0.500000 0.750000
vt 0.488636 0.744318
vt 0.500000 0.738636
vt 0.488636 0.755682
vt 0.477273 0.750000
vt 0.500000 0.704545
vt 0.488636 0.698864
vt 0.500000 0.693182
vt 0.488636 0.710227
vt 0.477273 0.704545
vt 0.500000 0.659091
vt 0.488636 0.653409
vt 0.500000 0.647727
vt 0.488636 0.664773
vt 0.477273 0.659091
vt 0.500000 0.613636
vt 0.488636 0.607955
vt 0.500000 0.602273
vt 0.488636 0.619318
vt 0.477273 0.613636
vt 0.500000 0.568182
vt 0.488636 0.562500
vt 0.500000 0.556818
vt 0.488636 0.573864
vt 0.477273 0.568182
vt 0.500000 0.522727
vt 0.488636 0.517045
vt 0.500000 0.511364
vt 0.488636 0.528409
vt 0.477273 0.522727
vt 0.022731 0.284093
vt 0.022756 0.272742
vt 0.034092 0.278410
vt 0.011418 0.278436
vt 1.000000 0.335366
vt 0.988636 0.335227
vt 0.988636 0.323864
vt 0.045455 0.295455
vt 0.034091 0.289773
vt 0.045455 0.284091
vt 0.034091 0.301136
vt 0.022727 0.306818
vt 0.011364 0.301136
vt 0.022727 0.295455
vt 0.022727 0.329545
vt 0.022727 0.318182
vt 0.034091 0.323864
vt 1.000000 0.432927
vt 0.988636 0.437500
vt 0.988636 0.426136
vt 0.045455 0.340909
vt 0.034091 0.335227
vt 0.045455 0.329545
vt 0.034091 0.346591
vt 0.022727 0.352273
vt 0.011364 0.346591
vt 0.022727 0.340909
vt 0.022727 0.375000
vt 0.022727 0.363636
vt 0.034091 0.369318
vt 1.000000 0.530488
vt 1.000000 0.542683
vt 0.988636 0.539773
vt 0.045455 0.386364
vt 0.034091 0.380682
vt 0.045455 0.375000
vt 0.034091 0.392045
vt 0.022727 0.397727
vt 0.011364 0.392045
vt 0.022727 0.386364
vt 0.022727 0.420455
vt 0.022727 0.409091
vt 0.034091 0.414773
vt 0.011364 0.414773
vt 1.000000 0.640244
vt 0.988636 0.630682
vt 0.045455 0.431818
vt 0.034091 0.426136
vt 0.045455 0.420455
vt 0.034091 0.437500
vt 0.022727 0.443182
vt 0.022727 0.431818
vt 0.022727 0.465909
vt 0.022727 0.454545
vt 0.034091 0.460227
vt 0.011364 0.460227
vt 1.000000 0.737805
vt 1.000000 0.750000
vt 0.988636 0.744318
vt 0.045455 0.477273
vt 0.034091 0.471591
vt 0.045455 0.465909
vt 0.034091 0.482955
vt 0.022727 0.488636
vt 0.022727 0.477273
vt 0.022727 0.511364
vt 0.022727 0.500000
vt 0.034091 0.505682
vt 0.011364 0.505682
vt 0.045455 0.522727
vt 0.034091 0.517045
vt 0.045455 0.511364
vt 0.034091 0.528409
vt 0.022727 0.534091
vt 0.022727 0.522727
vt 0.022727 0.556818
vt 0.022727 0.545454
vt 0.034091 0.551136
vt 0.250000 0.136364
vt 0.045455 0.568182
vt 0.034091 0.562500
vt 0.045455 0.556818
vt 0.034091 0.573864
vt 0.022727 0.579545
vt 0.011364 0.573864
vt 0.022727 0.568182
vt 0.022727 0.602273
vt 0.022727 0.590909
vt 0.034091 0.596591
vt 0.353659 0.073171
vt 0.045455 0.613636
vt 0.034091 0.607955
vt 0.045455 0.602273
vt 0.034091 0.619318
vt 0.022727 0.625000
vt 0.011364 0.619318
vt 0.022727 0.613636
vt 0.022727 0.647727
vt 0.022727 0.636364
vt 0.034091 0.642045
vt 0.963415 0.768293
vt 0.045455 0.659091
vt 0.034091 0.653409
vt 0.045455 0.647727
vt 0.034091 0.664773
vt 0.022727 0.670454
vt 0.011364 0.664773
vt 0.022727 0.659091
vt 0.022727 0.693182
vt 0.022727 0.681818
vt 0.034091 0.687500
vt 0.988636 0.732954
vt 0.045455 0.704545
vt 0.034091 0.698864
vt 0.045455 0.693182
vt 0.034091 0.710227
vt 0.022727 0.715909
vt 0.011364 0.710227
vt 0.022727 0.704545
vt 0.068182 0.306818
vt 0.068182 0.295455
vt 0.079546 0.301136
vt 0.056818 0.301136
vt 0.056818 0.289773
vt 0.090909 0.318182
vt 0.079546 0.312500
vt 0.090909 0.306818
vt 0.079546 0.323864
vt 0.068182 0.329545
vt 0.056818 0.323864
vt 0.068182 0.318182
vt 0.068182 0.352273
vt 0.068182 0.340909
vt 0.079546 0.346591
vt 0.056818 0.346591
vt 0.056818 0.335227
vt 0.090909 0.363636
vt 0.079546 0.357955
vt 0.090909 0.352273
vt 0.079546 0.369318
vt 0.068182 0.375000
vt 0.056818 0.369318
vt 0.068182 0.363636
vt 0.068182 0.397727
vt 0.068182 0.386364
vt 0.079546 0.392045
vt 0.056818 0.392045
vt 0.056818 0.380682
vt 0.090909 0.409091
vt 0.079546 0.403409
vt 0.090909 0.397727
vt 0.079546 0.414773
vt 0.068182 0.420455
vt 0.056818 0.414773
vt 0.068182 0.409091
vt 0.068182 0.443182
vt 0.068182 0.431818
vt 0.079546 0.437500
vt 0.056818 0.437500
vt 0.056818 0.426136
vt 0.090909 0.454545
vt 0.079546 0.448864
vt 0.090909 0.443182
vt 0.079546 0.460227
vt 0.068182 0.465909
vt 0.056818 0.460227
vt 0.068182 0.454545
vt 0.068182 0.488636
vt 0.068182 0.477273
vt 0.079546 0.482955
vt 0.056818 0.482955
vt 0.056818 0.471591
vt 0.090909 0.500000
vt 0.079546 0.494318
vt 0.090909 0.488636
vt 0.079546 0.505682
vt 0.068182 0.511364
vt 0.056818 0.505682
vt 0.068182 0.500000
vt 0.068182 0.534091
vt 0.068182 0.522727
vt 0.079546 0.528409
vt 0.056818 0.528409
vt 0.056818 0.517045
vt 0.090909 0.545454
vt 0.079546 0.539773
vt 0.090909 0.534091
vt 0.079546 0.551136
vt 0.068182 0.556818
vt 0.056818 0.551136
vt 0.068182 0.545454
vt 0.068182 0.579545
vt 0.068182 0.568182
vt 0.079546 0.573864
vt 0.056818 0.573864
vt 0.056818 0.562500
vt 0.090909 0.590909
vt 0.079546 0.585227
vt 0.090909 0.579545
vt 0.079546 0.596591
vt 0.068182 0.602273
vt 0.056818 0.596591
vt 0.068182 0.590909
vt 0.068182 0.625000
vt 0.068182 0.613636
vt 0.079546 0.619318
vt 0.056818 0.619318
vt 0.056818 0.607955
vt 0.090909 0.636364
vt 0.079546 0.630682
vt 0.090909 0.625000
vt 0.079546 0.642045
vt 0.068182 0.647727
vt 0.056818 0.642045
vt 0.068182 0.636364
vt 0.068182 0.670454
vt 0.068182 0.659091
vt 0.079546 0.664773
vt 0.056818 0.664773
vt 0.056818 0.653409
vt 0.090909 0.681818
vt 0.079546 0.676136
vt 0.090909 0.670454
vt 0.079546 0.687500
vt 0.068182 0.693182
vt 0.056818 0.687500
vt 0.068182 0.681818
vt 0.113636 0.329545
vt 0.113636 0.318182
vt 0.125000 0.323864
vt 0.102273 0.323864
vt 0.102273 0.312500
vt 0.136364 0.340909
vt 0.125000 0.335227
vt 0.136364 0.329545
vt 0.125000 0.346591
vt 0.113636 0.352273
vt 0.102273 0.346591
vt 0.113636 0.340909
vt 0.113636 0.375000
vt 0.113636 0.363636
vt 0.125000 0.369318
vt 0.102273 0.369318
vt 0.102273 0.357955
vt 0.136364 0.386364
vt 0.125000 0.380682
vt 0.136364 0.375000
vt 0.125000 0.392045
vt 0.113636 0.397727
vt 0.102273 0.392045
vt 0.113636 0.386364
vt 0.113636 0.420455
vt 0.113636 0.409091
vt 0.125000 0.414773
vt 0.102273 0.414773
vt 0.102273 0.403409
vt 0.136364 0.431818
vt 0.125000 0.426136
vt 0.136364 0.420455
vt 0.125000 0.437500
vt 0.113636 0.443182
vt 0.102273 0.437500
vt 0.113636 0.431818
vt 0.113636 0.465909
vt 0.113636 0.454545
vt 0.125000 0.460227
vt 0.102273 0.460227
vt 0.102273 0.448864
vt 0.136364 0.477273
vt 0.125000 0.471591
vt 0.136364 0.465909
vt 0.125000 0.482955
vt 0.113636 0.488636
vt 0.102273 0.482955
vt 0.113636 0.477273
vt 0.113636 0.511364
vt 0.113636 0.500000
vt 0.125000 0.505682
vt 0.102273 0.505682
vt 0.102273 0.494318
vt 0.136364 0.522727
vt 0.125000 0.517045
vt 0.136364 0.511364
vt 0.125000 0.528409
vt 0.113636 0.534091
vt 0.102273 0.528409
vt 0.113636 0.522727
vt 0.113636 0.556818
vt 0.113636 0.545454
vt 0.125000 0.551136
vt 0.102273 0.551136
vt 0.102273 0.539773
vt 0.136364 0.568182
vt 0.125000 0.562500
vt 0.136364 0.556818
vt 0.125000 0.573864
vt 0.113636 0.579545
vt 0.102273 0.573864
vt 0.113636 0.568182
vt 0.113636 0.602273
vt 0.113636 0.590909
vt 0.125000 0.596591
vt 0.102273 0.596591
vt 0.102273 0.585227
vt 0.136364 0.613636
vt 0.125000 0.607955
vt 0.136364 0.602273
vt 0.125000 0.619318
vt 0.113636 0.625000
vt 0.102273 0.619318
vt 0.113636 0.613636
vt 0.113636 0.647727
vt 0.113636 0.636364
vt 0.125000 0.642045
vt 0.102273 0.642045
vt 0.102273 0.630682
vt 0.136364 0.659091
vt 0.125000 0.653409
vt 0.136364 0.647727
vt 0.125000 0.664773
vt 0.113636 0.670454
vt 0.102273 0.664773
vt 0.113636 0.659091
vt 0.159091 0.352273
vt 0.159091 0.340909
vt 0.170455 0.346591
vt 0.147727 0.346591
vt 0.147727 0.335227
vt 0.181818 0.363636
vt 0.170455 0.357955
vt 0.181818 0.352273
vt 0.170455 0.369318
vt 0.159091 0.375000
vt 0.147727 0.369318
vt 0.159091 0.363636
vt 0.159091 0.397727
vt 0.159091 0.386364
vt 0.170455 0.392045
vt 0.147727 0.392045
vt 0.147727 0.380682
vt 0.181818 0.409091
vt 0.170455 0.403409
vt 0.181818 0.397727
vt 0.170455 0.414773
vt 0.159091 0.420455
vt 0.147727 0.414773
vt 0.159091 0.409091
vt 0.159091 0.443182
vt 0.159091 0.431818
vt 0.170455 0.437500
vt 0.147727 0.437500
vt 0.147727 0.426136
vt 0.181818 0.454545
vt 0.170455 0.448864
vt 0.181818 0.443182
vt 0.170455 0.460227
vt 0.159091 0.465909
vt 0.147727 0.460227
vt 0.159091 0.454545
vt 0.159091 0.488636
vt 0.159091 0.477273
vt 0.170455 0.482955
vt 0.147727 0.482955
vt 0.147727 0.471591
vt 0.181818 0.500000
vt 0.170455 0.494318
vt 0.181818 0.488636
vt 0.170455 0.505682
vt 0.159091 0.511364
vt 0.147727 0.505682
vt 0.159091 0.500000
vt 0.159091 0.534091
vt 0.159091 0.522727
vt 0.170455 0.528409
vt 0.147727 0.528409
vt 0.147727 0.517045
vt 0.181818 0.545454
vt 0.170455 0.539773
vt 0.181818 0.534091
vt 0.170455 0.551136
vt 0.159091 0.556818
vt 0.147727 0.551136
vt 0.159091 0.545454
vt 0.159091 0.579545
vt 0.159091 0.568182
vt 0.170455 0.573864
vt 0.147727 0.573864
vt 0.147727 0.562500
vt 0.181818 0.590909
vt 0.170455 0.585227
vt 0.181818 0.579545
vt 0.170455 0.596591
vt 0.159091 0.602273
vt 0.147727 0.596591
vt 0.159091 0.590909
vt 0.159091 0.625000
vt 0.159091 0.613636
vt 0.170455 0.619318
vt 0.147727 0.619318
vt 0.147727 0.607955
vt 0.181818 0.636364
vt 0.170455 0.630682
vt 0.181818 0.625000
vt 0.170455 0.642045
vt 0.159091 0.647727
vt 0.147727 0.642045
vt 0.159091 0.636364
vt 0.204546 0.375000
vt 0.204546 0.363636
vt 0.215909 0.369318
vt 0.193182 0.369318
vt 0.193182 0.357955
vt 0.227273 0.386364
vt 0.215909 0.380682
vt 0.227273 0.375000
vt 0.215909 0.392045
vt 0.204546 0.397727
vt 0.193182 0.392045
vt 0.204546 0.386364
vt 0.204546 0.420455
vt 0.204546 0.409091
vt 0.215909 0.414773
vt 0.193182 0.414773
vt 0.193182 0.403409
vt 0.227273 0.431818
vt 0.215909 0.426136
vt 0.227273 0.420455
vt 0.215909 0.437500
vt 0.204546 0.443182
vt 0.193182 0.437500
vt 0.204546 0.431818
vt 0.204546 0.465909
vt 0.204546 0.454545
vt 0.215909 0.460227
vt 0.193182 0.460227
vt 0.193182 0.448864
vt 0.227273 0.477273
vt 0.215909 0.471591
vt 0.227273 0.465909
vt 0.215909 0.482955
vt 0.204546 0.488636
vt 0.193182 0.482955
vt 0.204546 0.477273
vt 0.204546 0.511364
vt 0.204546 0.500000
vt 0.215909 0.505682
vt 0.193182 0.505682
vt 0.193182 0.494318
vt 0.227273 0.522727
vt 0.215909 0.517045
vt 0.227273 0.511364
vt 0.215909 0.528409
vt 0.204546 0.534091
vt 0.193182 0.528409
vt 0.204546 0.522727
vt 0.204546 0.556818
vt 0.204546 0.545454
vt 0.215909 0.551136
vt 0.193182 0.551136
vt 0.193182 0.539773
vt 0.227273 0.568182
vt 0.215909 0.562500
vt 0.227273 0.556818
vt 0.215909 0.573864
vt 0.204546 0.579545
vt 0.193182 0.573864
vt 0.204546 0.568182
vt 0.204546 0.602273
vt 0.204546 0.590909
vt 0.215909 0.596591
vt 0.193182 0.596591
vt 0.193182 0.585227
vt 0.227273 0.613636
vt 0.215909 0.607955
vt 0.227273 0.602273
vt 0.215909 0.619318
vt 0.204546 0.625000
vt 0.193182 0.619318
vt 0.204546 0.613636
vt 0.250000 0.397727
vt 0.250000 0.386364
vt 0.261364 0.392045
vt 0.238636 0.392045
vt 0.238636 0.380682
vt 0.272727 0.409091
vt 0.261364 0.403409
vt 0.272727 0.397727
vt 0.261364 0.414773
vt 0.250000 0.420455
vt 0.238636 0.414773
vt 0.250000 0.409091
vt 0.250000 0.443182
vt 0.250000 0.431818
vt 0.261364 0.437500
vt 0.238636 0.437500
vt 0.238636 0.426136
vt 0.272727 0.454545
vt 0.261364 0.448864
vt 0.272727 0.443182
vt 0.261364 0.460227
vt 0.250000 0.465909
vt 0.238636 0.460227
vt 0.250000 0.454545
vt 0.250000 0.488636
vt 0.250000 0.477273
vt 0.261364 0.482955
vt 0.238636 0.482955
vt 0.238636 0.471591
vt 0.272727 0.500000
vt 0.261364 0.494318
vt 0.272727 0.488636
vt 0.261364 0.505682
vt 0.250000 0.511364
vt 0.238636 0.505682
vt 0.250000 0.500000
vt 0.250000 0.534091
vt 0.250000 0.522727
vt 0.261364 0.528409
vt 0.238636 0.528409
vt 0.238636 0.517045
vt 0.272727 0.545454
vt 0.261364 0.539773
vt 0.272727 0.534091
vt 0.261364 0.551136
vt 0.250000 0.556818
vt 0.238636 0.551136
vt 0.250000 0.545454
vt 0.250000 0.579545
vt 0.250000 0.568182
vt 0.261364 0.573864
vt 0.238636 0.573864
vt 0.238636 0.562500
vt 0.272727 0.590909
vt 0.261364 0.585227
vt 0.272727 0.579545
vt 0.261364 0.596591
vt 0.250000 0.602273
vt 0.238636 0.596591
vt 0.250000 0.590909
vt 0.295454 0.420455
vt 0.295454 0.409091
vt 0.306818 0.414773
vt 0.284091 0.414773
vt 0.284091 0.403409
vt 0.318182 0.431818
vt 0.306818 0.426136
vt 0.318182 0.420455
vt 0.306818 0.437500
vt 0.295454 0.443182
vt 0.284091 0.437500
vt 0.295454 0.431818
vt 0.295454 0.465909
vt 0.295454 0.454545
vt 0.306818 0.460227
vt 0.284091 0.460227
vt 0.284091 0.448864
vt 0.318182 0.477273
vt 0.306818 0.471591
vt 0.318182 0.465909
vt 0.306818 0.482955
vt 0.295455 0.488636
vt 0.284091 0.482955
vt 0.295455 0.477273
vt 0.295454 0.511364
vt 0.295454 0.500000
vt 0.306818 0.505682
vt 0.284091 0.505682
vt 0.284091 0.494318
vt 0.318182 0.522727
vt 0.306818 0.517045
vt 0.318182 0.511364
vt 0.306818 0.528409
vt 0.295454 0.534091
vt 0.284091 0.528409
vt 0.295454 0.522727
vt 0.295454 0.556818
vt 0.295454 0.545454
vt 0.306818 0.551136
vt 0.284091 0.551136
vt 0.284091 0.539773
vt 0.318182 0.568182
vt 0.306818 0.562500
vt 0.318182 0.556818
vt 0.306818 0.573864
vt 0.295454 0.579545
vt 0.284091 0.573864
vt 0.295454 0.568182
vt 0.340909 0.443182
vt 0.340909 0.431818
vt 0.352273 0.437500
vt 0.329545 0.437500
vt 0.329545 0.426136
vt 0.363636 0.454545
vt 0.352273 0.448864
vt 0.363636 0.443182
vt 0.352273 0.460227
vt 0.340909 0.465909
vt 0.329545 0.460227
vt 0.340909 0.454545
vt 0.340909 0.488636
vt 0.340909 0.477273
vt 0.352273 0.482955
vt 0.329545 0.482955
vt 0.329545 0.471591
vt 0.363636 0.500000
vt 0.352273 0.494318
vt 0.363636 0.488636
vt 0.352273 0.505682
vt 0.340909 0.511364
vt 0.329545 0.505682
vt 0.340909 0.500000
vt 0.340909 0.534091
vt 0.340909 0.522727
vt 0.352273 0.528409
vt 0.329545 0.528409
vt 0.329545 0.517045
vt 0.363636 0.545454
vt 0.352273 0.539773
vt 0.363636 0.534091
vt 0.352273 0.551136
vt 0.340909 0.556818
vt 0.329545 0.551136
vt 0.340909 0.545454
vt 0.386364 0.465909
vt 0.386364 0.454545
vt 0.397727 0.460227
vt 0.375000 0.460227
vt 0.375000 0.448864
vt 0.409091 0.477273
vt 0.397727 0.471591
vt 0.409091 0.465909
vt 0.397727 0.482955
vt 0.386364 0.488636
vt 0.375000 0.482955
vt 0.386364 0.477273
vt 0.386364 0.511364
vt 0.386364 0.500000
vt 0.397727 0.505682
vt 0.375000 0.505682
vt 0.375000 0.494318
vt 0.409091 0.522727
vt 0.397727 0.517045
vt 0.409091 0.511364
vt 0.397727 0.528409
vt 0.386364 0.534091
vt 0.375000 0.528409
vt 0.386364 0.522727
vt 0.431818 0.488636
vt 0.431818 0.477273
vt 0.443182 0.482955
vt 0.420455 0.482955
vt 0.420455 0.471591
vt 0.454545 0.500000
vt 0.443182 0.494318
vt 0.454545 0.488636
vt 0.443182 0.505682
vt 0.431818 0.511364
vt 0.420455 0.505682
vt 0.431818 0.500000
vt 0.068182 0.715909
vt 0.068182 0.704545
vt 0.079546 0.710227
vt 0.056818 0.710227
vt 0.056818 0.698864
vt 0.113636 0.693182
vt 0.113636 0.681818
vt 0.125000 0.687500
vt 0.102273 0.687500
vt 0.102273 0.676136
vt 0.159091 0.670454
vt 0.159091 0.659091
vt 0.170455 0.664773
vt 0.147727 0.664773
vt 0.147727 0.653409
vt 0.204546 0.647727
vt 0.204546 0.636364
vt 0.215909 0.642045
vt 0.193182 0.642045
vt 0.193182 0.630682
vt 0.250000 0.625000
vt 0.250000 0.613636
vt 0.261364 0.619318
vt 0.238636 0.619318
vt 0.238636 0.607955
vt 0.295454 0.602273
vt 0.295454 0.590909
vt 0.306818 0.596591
vt 0.284091 0.596591
vt 0.284091 0.585227
vt 0.340909 0.579545
vt 0.340909 0.568182
vt 0.352273 0.573864
vt 0.329545 0.573864
vt 0.329545 0.562500
vt 0.386364 0.556818
vt 0.386364 0.545454
vt 0.397727 0.551136
vt 0.375000 0.551136
vt 0.375000 0.539773
vt 0.431818 0.534091
vt 0.431818 0.522727
vt 0.443182 0.528409
vt 0.420455 0.528409
vt 0.420455 0.517045
vt 0.477273 0.511364
vt 0.477273 0.500000
vt 0.488636 0.505682
vt 0.465909 0.505682
vt 0.465909 0.494318
vt 0.477273 0.034091
vt 0.488636 0.028412
vt 0.488636 0.039773
vt 0.477273 0.022731
vt 1.000000 0.701220
vt 0.988636 0.710227
vt 0.988636 0.698864
vt 0.477273 0.056818
vt 0.477273 0.045455
vt 0.488636 0.051136
vt 0.465909 0.051136
vt 0.454545 0.045455
vt 0.465909 0.039773
vt 0.431818 0.056818
vt 0.443182 0.051136
vt 0.443182 0.062500
vt 0.431818 0.045455
vt 0.988636 0.676136
vt 0.431818 0.079545
vt 0.431818 0.068182
vt 0.443182 0.073864
vt 0.420455 0.073864
vt 0.409091 0.068182
vt 0.420455 0.062500
vt 0.386364 0.079545
vt 0.397727 0.073864
vt 0.397727 0.085227
vt 1.000000 0.628049
vt 0.386364 0.102273
vt 0.386364 0.090909
vt 0.397727 0.096591
vt 0.375000 0.096591
vt 0.363636 0.090909
vt 0.363636 0.079545
vt 0.375000 0.085227
vt 0.340909 0.102273
vt 0.352273 0.096591
vt 0.352273 0.107955
vt 1.000000 0.603658
vt 0.988636 0.607955
vt 0.988636 0.596591
vt 0.340909 0.125000
vt 0.340909 0.113636
vt 0.352273 0.119318
vt 0.329545 0.119318
vt 0.318182 0.113636
vt 0.329545 0.107955
vt 0.295454 0.125000
vt 0.306818 0.119318
vt 0.306818 0.130682
vt 0.295454 0.113636
vt 0.988636 0.573864
vt 0.295454 0.147727
vt 0.295454 0.136364
vt 0.306818 0.142045
vt 0.284091 0.142045
vt 0.272727 0.136364
vt 0.284091 0.130682
vt 0.250000 0.147727
vt 0.261364 0.142045
vt 0.261364 0.153409
vt 0.988636 0.528409
vt 0.250000 0.170454
vt 0.250000 0.159091
vt 0.261364 0.164773
vt 0.238636 0.164773
vt 0.227273 0.159091
vt 0.238636 0.153409
vt 0.204546 0.170454
vt 0.215909 0.164773
vt 0.215909 0.176136
vt 1.000000 0.493902
vt 0.988636 0.505682
vt 0.988636 0.494318
vt 0.204546 0.193182
vt 0.204546 0.181818
vt 0.215909 0.187500
vt 0.193182 0.187500
vt 0.181818 0.181818
vt 0.181818 0.170454
vt 0.193182 0.176136
vt 0.159091 0.193182
vt 0.170455 0.187500
vt 0.170455 0.198864
vt 1.000000 0.469512
vt 0.159091 0.215909
vt 0.159091 0.204545
vt 0.170455 0.210227
vt 0.147727 0.210227
vt 0.136364 0.204545
vt 0.147727 0.198864
vt 0.113636 0.215909
vt 0.125000 0.210227
vt 0.125000 0.221591
vt 1.000000 0.420732
vt 0.113636 0.238636
vt 0.113636 0.227273
vt 0.125000 0.232955
vt 0.102273 0.232955
vt 0.090909 0.227273
vt 0.102273 0.221591
vt 0.068182 0.238636
vt 0.079546 0.232955
vt 0.079546 0.244318
vt 0.068182 0.227273
vt 1.000000 0.396342
vt 0.988636 0.392045
vt 1.000000 0.384146
vt 0.068182 0.261364
vt 0.068182 0.250000
vt 0.079546 0.255682
vt 0.056818 0.255682
vt 0.045458 0.250002
vt 0.056818 0.244318
vt 0.477273 0.079545
vt 0.488636 0.073864
vt 0.488636 0.085227
vt 0.477273 0.068182
vt 0.488636 0.062500
vt 0.477273 0.102273
vt 0.477273 0.090909
vt 0.488636 0.096591
vt 0.465909 0.096591
vt 0.454545 0.090909
vt 0.454545 0.079545
vt 0.465909 0.085227
vt 0.431818 0.102273
vt 0.443182 0.096591
vt 0.443182 0.107955
vt 0.431818 0.090909
vt 0.443182 0.085227
vt 0.431818 0.125000
vt 0.431818 0.113636
vt 0.443182 0.119318
vt 0.420455 0.119318
vt 0.409091 0.113636
vt 0.409091 0.102273
vt 0.420455 0.107955
vt 0.386364 0.125000
vt 0.397727 0.119318
vt 0.397727 0.130682
vt 0.386364 0.113636
vt 0.397727 0.107955
vt 0.386364 0.147727
vt 0.386364 0.136364
vt 0.397727 0.142045
vt 0.375000 0.142045
vt 0.363636 0.136364
vt 0.363636 0.125000
vt 0.375000 0.130682
vt 0.340909 0.147727
vt 0.352273 0.142045
vt 0.352273 0.153409
vt 0.340909 0.136364
vt 0.352273 0.130682
vt 0.340909 0.170454
vt 0.340909 0.159091
vt 0.352273 0.164773
vt 0.329545 0.164773
vt 0.318182 0.159091
vt 0.318182 0.147727
vt 0.329545 0.153409
vt 0.295455 0.170454
vt 0.306818 0.164773
vt 0.306818 0.176136
vt 0.295454 0.159091
vt 0.306818 0.153409
vt 0.295454 0.193182
vt 0.295454 0.181818
vt 0.306818 0.187500
vt 0.284091 0.187500
vt 0.272727 0.181818
vt 0.272727 0.170454
vt 0.284091 0.176136
vt 0.250000 0.193182
vt 0.261364 0.187500
vt 0.261364 0.198864
vt 0.250000 0.181818
vt 0.261364 0.176136
vt 0.250000 0.215909
vt 0.250000 0.204545
vt 0.261364 0.210227
vt 0.238636 0.210227
vt 0.227273 0.204545
vt 0.227273 0.193182
vt 0.238636 0.198864
vt 0.204546 0.215909
vt 0.215909 0.210227
vt 0.215909 0.221591
vt 0.204546 0.204545
vt 0.215909 0.198864
vt 0.204546 0.238636
vt 0.204546 0.227273
vt 0.215909 0.232955
vt 0.193182 0.232955
vt 0.181818 0.227273
vt 0.181818 0.215909
vt 0.193182 0.221591
vt 0.159091 0.238636
vt 0.170455 0.232955
vt 0.170455 0.244318
vt 0.159091 0.227273
vt 0.170455 0.221591
vt 0.159091 0.261364
vt 0.159091 0.250000
vt 0.170455 0.255682
vt 0.147727 0.255682
vt 0.136364 0.250000
vt 0.136364 0.238636
vt 0.147727 0.244318
vt 0.113636 0.261364
vt 0.125000 0.255682
vt 0.125000 0.267045
vt 0.113636 0.250000
vt 0.125000 0.244318
vt 0.113636 0.284091
vt 0.113636 0.272727
vt 0.125000 0.278409
vt 0.102273 0.278409
vt 0.090909 0.272727
vt 0.090909 0.261364
vt 0.102273 0.267045
vt 0.477273 0.125000
vt 0.488636 0.119318
vt 0.488636 0.130682
vt 0.477273 0.113636
vt 0.488636 0.107955
vt 0.477273 0.147727
vt 0.477273 0.136364
vt 0.488636 0.142045
vt 0.465909 0.142045
vt 0.454545 0.136364
vt 0.454545 0.125000
vt 0.465909 0.130682
vt 0.431818 0.147727
vt 0.443182 0.142045
vt 0.443182 0.153409
vt 0.431818 0.136364
vt 0.443182 0.130682
vt 0.431818 0.170454
vt 0.431818 0.159091
vt 0.443182 0.164773
vt 0.420455 0.164773
vt 0.409091 0.159091
vt 0.409091 0.147727
vt 0.420455 0.153409
vt 0.386364 0.170454
vt 0.397727 0.164773
vt 0.397727 0.176136
vt 0.386364 0.159091
vt 0.397727 0.153409
vt 0.386364 0.193182
vt 0.386364 0.181818
vt 0.397727 0.187500
vt 0.375000 0.187500
vt 0.363636 0.181818
vt 0.363636 0.170454
vt 0.375000 0.176136
vt 0.340909 0.193182
vt 0.352273 0.187500
vt 0.352273 0.198864
vt 0.340909 0.181818
vt 0.352273 0.176136
vt 0.340909 0.215909
vt 0.340909 0.204545
vt 0.352273 0.210227
vt 0.329545 0.210227
vt 0.318182 0.204545
vt 0.318182 0.193182
vt 0.329545 0.198864
vt 0.295454 0.215909
vt 0.306818 0.210227
vt 0.306818 0.221591
vt 0.295454 0.204545
vt 0.306818 0.198864
vt 0.295454 0.238636
vt 0.295454 0.227273
vt 0.306818 0.232954
vt 0.284091 0.232954
vt 0.272727 0.227273
vt 0.272727 0.215909
vt 0.284091 0.221591
vt 0.250000 0.238636
vt 0.261364 0.232954
vt 0.261364 0.244318
vt 0.250000 0.227273
vt 0.261364 0.221591
vt 0.250000 0.261364
vt 0.250000 0.250000
vt 0.261364 0.255682
vt 0.238636 0.255682
vt 0.227273 0.250000
vt 0.227273 0.238636
vt 0.238636 0.244318
vt 0.204546 0.261364
vt 0.215909 0.255682
vt 0.215909 0.267045
vt 0.204546 0.250000
vt 0.215909 0.244318
vt 0.204546 0.284091
vt 0.204546 0.272727
vt 0.215909 0.278409
vt 0.193182 0.278409
vt 0.181818 0.272727
vt 0.181818 0.261364
vt 0.193182 0.267045
vt 0.159091 0.284091
vt 0.170455 0.278409
vt 0.170455 0.289773
vt 0.159091 0.272727
vt 0.170455 0.267045
vt 0.159091 0.306818
vt 0.159091 0.295455
vt 0.170455 0.301136
vt 0.147727 0.301136
vt 0.136364 0.295455
vt 0.136364 0.284091
vt 0.147727 0.289773
vt 0.477273 0.170454
vt 0.488636 0.164773
vt 0.488636 0.176136
vt 0.477273 0.159091
vt 0.488636 0.153409
vt 0.477273 0.193182
vt 0.477273 0.181818
vt 0.488636 0.187500
vt 0.465909 0.187500
vt 0.454545 0.181818
vt 0.454545 0.170454
vt 0.465909 0.176136
vt 0.431818 0.193182
vt 0.443182 0.187500
vt 0.443182 0.198864
vt 0.431818 0.181818
vt 0.443182 0.176136
vt 0.431818 0.215909
vt 0.431818 0.204545
vt 0.443182 0.210227
vt 0.420455 0.210227
vt 0.409091 0.204545
vt 0.409091 0.193182
vt 0.420455 0.198864
vt 0.386364 0.215909
vt 0.397727 0.210227
vt 0.397727 0.221591
vt 0.386364 0.204545
vt 0.397727 0.198864
vt 0.386364 0.238636
vt 0.386364 0.227273
vt 0.397727 0.232955
vt 0.375000 0.232955
vt 0.363636 0.227273
vt 0.363636 0.215909
vt 0.375000 0.221591
vt 0.340909 0.238636
vt 0.352273 0.232955
vt 0.352273 0.244318
vt 0.340909 0.227273
vt 0.352273 0.221591
vt 0.340909 0.261364
vt 0.340909 0.250000
vt 0.352273 0.255682
vt 0.329545 0.255682
vt 0.318182 0.250000
vt 0.318182 0.238636
vt 0.329545 0.244318
vt 0.295454 0.261364
vt 0.306818 0.255682
vt 0.306818 0.267045
vt 0.295454 0.250000
vt 0.306818 0.244318
vt 0.295454 0.284091
vt 0.295454 0.272727
vt 0.306818 0.278409
vt 0.284091 0.278409
vt 0.272727 0.272727
vt 0.272727 0.261364
vt 0.284091 0.267045
vt 0.250000 0.284091
vt 0.261364 0.278409
vt 0.261364 0.289773
vt 0.250000 0.272727
vt 0.261364 0.267045
vt 0.250000 0.306818
vt 0.250000 0.295455
vt 0.261364 0.301136
vt 0.238636 0.301136
vt 0.227273 0.295455
vt 0.227273 0.284091
vt 0.238636 0.289773
vt 0.204546 0.306818
vt 0.215909 0.301136
vt 0.215909 0.312500
vt 0.204546 0.295455
vt 0.215909 0.289773
vt 0.204546 0.329545
vt 0.204546 0.318182
vt 0.215909 0.323864
vt 0.193182 0.323864
vt 0.181818 0.318182
vt 0.181818 0.306818
vt 0.193182 0.312500
vt 0.477273 0.215909
vt 0.488636 0.210227
vt 0.488636 0.221591
vt 0.477273 0.204545
vt 0.488636 0.198864
vt 0.477273 0.238636
vt 0.477273 0.227273
vt 0.488636 0.232955
vt 0.465909 0.232955
vt 0.454545 0.227273
vt 0.454545 0.215909
vt 0.465909 0.221591
vt 0.431818 0.238636
vt 0.443182 0.232955
vt 0.443182 0.244318
vt 0.431818 0.227273
vt 0.443182 0.221591
vt 0.431818 0.261364
vt 0.431818 0.250000
vt 0.443182 0.255682
vt 0.420455 0.255682
vt 0.409091 0.250000
vt 0.409091 0.238636
vt 0.420455 0.244318
vt 0.386364 0.261364
vt 0.397727 0.255682
vt 0.397727 0.267045
vt 0.386364 0.250000
vt 0.397727 0.244318
vt 0.386364 0.284091
vt 0.386364 0.272727
vt 0.397727 0.278409
vt 0.375000 0.278409
vt 0.363636 0.272727
vt 0.363636 0.261364
vt 0.375000 0.267045
vt 0.340909 0.284091
vt 0.352273 0.278409
vt 0.352273 0.289773
vt 0.340909 0.272727
vt 0.352273 0.267045
vt 0.340909 0.306818
vt 0.340909 0.295455
vt 0.352273 0.301136
vt 0.329545 0.301136
vt 0.318182 0.295455
vt 0.318182 0.284091
vt 0.329545 0.289773
vt 0.295454 0.306818
vt 0.306818 0.301136
vt 0.306818 0.312500
vt 0.295454 0.295455
vt 0.306818 0.289773
vt 0.295454 0.329545
vt 0.295454 0.318182
vt 0.306818 0.323864
vt 0.284091 0.323864
vt 0.272727 0.318182
vt 0.272727 0.306818
vt 0.284091 0.312500
vt 0.250000 0.329545
vt 0.261364 0.323864
vt 0.261364 0.335227
vt 0.250000 0.318182
vt 0.261364 0.312500
vt 0.250000 0.352273
vt 0.250000 0.340909
vt 0.261364 0.346591
vt 0.238636 0.346591
vt 0.227273 0.340909
vt 0.227273 0.329545
vt 0.238636 0.335227
vt 0.477273 0.261364
vt 0.488636 0.255682
vt 0.488636 0.267045
vt 0.477273 0.250000
vt 0.488636 0.244318
vt 0.477273 0.284091
vt 0.477273 0.272727
vt 0.488636 0.278409
vt 0.465909 0.278409
vt 0.454545 0.272727
vt 0.454545 0.261364
vt 0.465909 0.267045
vt 0.431818 0.284091
vt 0.443182 0.278409
vt 0.443182 0.289773
vt 0.431818 0.272727
vt 0.443182 0.267045
vt 0.431818 0.306818
vt 0.431818 0.295455
vt 0.443182 0.301136
vt 0.420455 0.301136
vt 0.409091 0.295455
vt 0.409091 0.284091
vt 0.420455 0.289773
vt 0.386364 0.306818
vt 0.397727 0.301136
vt 0.397727 0.312500
vt 0.386364 0.295455
vt 0.397727 0.289773
vt 0.386364 0.329545
vt 0.386364 0.318182
vt 0.397727 0.323864
vt 0.375000 0.323864
vt 0.363636 0.318182
vt 0.363636 0.306818
vt 0.375000 0.312500
vt 0.340909 0.329545
vt 0.352273 0.323864
vt 0.352273 0.335227
vt 0.340909 0.318182
vt 0.352273 0.312500
vt 0.340909 0.352273
vt 0.340909 0.340909
vt 0.352273 0.346591
vt 0.329545 0.346591
vt 0.318182 0.340909
vt 0.318182 0.329545
vt 0.329545 0.335227
vt 0.295454 0.352273
vt 0.306818 0.346591
vt 0.306818 0.357955
vt 0.295454 0.340909
vt 0.306818 0.335227
vt 0.295454 0.375000
vt 0.295454 0.363636
vt 0.306818 0.369318
vt 0.284091 0.369318
vt 0.272727 0.363636
vt 0.272727 0.352273
vt 0.284091 0.357955
vt 0.477273 0.306818
vt 0.488636 0.301136
vt 0.488636 0.312500
vt 0.477273 0.295455
vt 0.488636 0.289773
vt 0.477273 0.329545
vt 0.477273 0.318182
vt 0.488636 0.323864
vt 0.465909 0.323864
vt 0.454545 0.318182
vt 0.454545 0.306818
vt 0.465909 0.312500
vt 0.431818 0.329545
vt 0.443182 0.323864
vt 0.443182 0.335227
vt 0.431818 0.318182
vt 0.443182 0.312500
vt 0.431818 0.352273
vt 0.431818 0.340909
vt 0.443182 0.346591
vt 0.420455 0.346591
vt 0.409091 0.340909
vt 0.409091 0.329545
vt 0.420455 0.335227
vt 0.386364 0.352273
vt 0.397727 0.346591
vt 0.397727 0.357955
vt 0.386364 0.340909
vt 0.397727 0.335227
vt 0.386364 0.375000
vt 0.386364 0.363636
vt 0.397727 0.369318
vt 0.375000 0.369318
vt 0.363636 0.363636
vt 0.363636 0.352273
vt 0.375000 0.357955
vt 0.340909 0.375000
vt 0.352273 0.369318
vt 0.352273 0.380682
vt 0.340909 0.363636
vt 0.352273 0.357955
vt 0.340909 0.397727
vt 0.340909 0.386364
vt 0.352273 0.392045
vt 0.329545 0.392045
vt 0.318182 0.386364
vt 0.318182 0.375000
vt 0.329545 0.380682
vt 0.477273 0.352273
vt 0.488636 0.346591
vt 0.488636 0.357955
vt 0.477273 0.340909
vt 0.488636 0.335227
vt 0.477273 0.375000
vt 0.477273 0.363636
vt 0.488636 0.369318
vt 0.465909 0.369318
vt 0.454545 0.363636
vt 0.454545 0.352273
vt 0.465909 0.357955
vt 0.431818 0.375000
vt 0.443182 0.369318
vt 0.443182 0.380682
vt 0.431818 0.363636
vt 0.443182 0.357955
vt 0.431818 0.397727
vt 0.431818 0.386364
vt 0.443182 0.392045
vt 0.420455 0.392045
vt 0.409091 0.386364
vt 0.409091 0.375000
vt 0.420455 0.380682
vt 0.386364 0.397727
vt 0.397727 0.392045
vt 0.397727 0.403409
vt 0.386364 0.386364
vt 0.397727 0.380682
vt 0.386364 0.420455
vt 0.386364 0.409091
vt 0.397727 0.414773
vt 0.375000 0.414773
vt 0.363636 0.409091
vt 0.363636 0.397727
vt 0.375000 0.403409
vt 0.477273 0.397727
vt 0.488636 0.392045
vt 0.488636 0.403409
vt 0.477273 0.386364
vt 0.488636 0.380682
vt 0.477273 0.420455
vt 0.477273 0.409091
vt 0.488636 0.414773
vt 0.465909 0.414773
vt 0.454545 0.409091
vt 0.454545 0.397727
vt 0.465909 0.403409
vt 0.431818 0.420455
vt 0.443182 0.414773
vt 0.443182 0.426136
vt 0.431818 0.409091
vt 0.443182 0.403409
vt 0.431818 0.443182
vt 0.431818 0.431818
vt 0.443182 0.437500
vt 0.420455 0.437500
vt 0.409091 0.431818
vt 0.409091 0.420455
vt 0.420455 0.426136
vt 0.477273 0.443182
vt 0.488636 0.437500
vt 0.488636 0.448864
vt 0.477273 0.431818
vt 0.488636 0.426136
vt 0.477273 0.465909
vt 0.477273 0.454545
vt 0.488636 0.460227
vt 0.465909 0.460227
vt 0.454545 0.454545
vt 0.454545 0.443182
vt 0.465909 0.448864
vt 0.068182 0.284091
vt 0.079546 0.278409
vt 0.079546 0.289773
vt 0.068182 0.272727
vt 0.079546 0.267045
vt 0.113636 0.306818
vt 0.125000 0.301136
vt 0.125000 0.312500
vt 0.113636 0.295455
vt 0.125000 0.289773
vt 0.159091 0.329545
vt 0.170455 0.323864
vt 0.170455 0.335227
vt 0.159091 0.318182
vt 0.170455 0.312500
vt 0.204546 0.352273
vt 0.215909 0.346591
vt 0.215909 0.357955
vt 0.204546 0.340909
vt 0.215909 0.335227
vt 0.250000 0.375000
vt 0.261364 0.369318
vt 0.261364 0.380682
vt 0.250000 0.363636
vt 0.261364 0.357955
vt 0.295454 0.397727
vt 0.306818 0.392045
vt 0.306818 0.403409
vt 0.295454 0.386364
vt 0.306818 0.380682
vt 0.340909 0.420455
vt 0.352273 0.414773
vt 0.352273 0.426136
vt 0.340909 0.409091
vt 0.352273 0.403409
vt 0.386364 0.443182
vt 0.397727 0.437500
vt 0.397727 0.448864
vt 0.386364 0.431818
vt 0.397727 0.426136
vt 0.431818 0.465909
vt 0.443182 0.460227
vt 0.443182 0.471591
vt 0.431818 0.454545
vt 0.443182 0.448864
vt 0.477273 0.488636
vt 0.488636 0.482955
vt 0.488636 0.494318
vt 0.477273 0.477273
vt 0.488636 0.471591
vt 0.954534 0.250006
vt 0.965837 0.255718
vt 0.954537 0.261368
vt 0.988636 0.369318
vt 0.931818 0.261364
vt 0.943181 0.255682
vt 0.943181 0.267046
vt 0.931818 0.250000
vt 0.931818 0.238636
vt 0.943181 0.232955
vt 0.943181 0.244319
vt 0.909091 0.227273
vt 0.920455 0.232955
vt 0.909091 0.238636
vt 1.000000 0.323171
vt 0.886364 0.238636
vt 0.897727 0.232955
vt 0.897727 0.244318
vt 0.886364 0.227273
vt 0.886364 0.215909
vt 0.897727 0.210227
vt 0.897727 0.221591
vt 0.863636 0.204545
vt 0.875000 0.210227
vt 0.863636 0.215909
vt 1.000000 0.298780
vt 0.840909 0.215909
vt 0.852273 0.210227
vt 0.852273 0.221591
vt 0.840909 0.204545
vt 0.840909 0.193182
vt 0.852273 0.187500
vt 0.852273 0.198864
vt 0.818182 0.181818
vt 0.829545 0.187500
vt 0.818182 0.193182
vt 1.000000 0.262195
vt 0.987186 0.256407
vt 1.000000 0.250000
vt 0.795455 0.193182
vt 0.806818 0.187500
vt 0.806818 0.198864
vt 0.795455 0.181818
vt 0.795455 0.170454
vt 0.806818 0.164773
vt 0.806818 0.176136
vt 0.772727 0.159091
vt 0.784091 0.164773
vt 0.772727 0.170454
vt 0.784091 0.153409
vt 0.954533 0.238643
vt 0.750000 0.170454
vt 0.761364 0.164773
vt 0.761364 0.176136
vt 0.750000 0.159091
vt 0.750000 0.147727
vt 0.761364 0.153409
vt 0.727273 0.136364
vt 0.738636 0.142045
vt 0.727273 0.147727
vt 0.931818 0.227273
vt 0.704545 0.147727
vt 0.715909 0.142045
vt 0.715909 0.153409
vt 0.704545 0.136364
vt 0.704545 0.125000
vt 0.715909 0.130682
vt 0.681818 0.113636
vt 0.693182 0.119318
vt 0.681818 0.125000
vt 0.902439 0.201219
vt 0.886364 0.204545
vt 0.890244 0.195122
vt 0.659091 0.125000
vt 0.670455 0.119318
vt 0.670455 0.130682
vt 0.659091 0.113636
vt 0.659091 0.102273
vt 0.670455 0.096591
vt 0.670455 0.107955
vt 0.636364 0.090909
vt 0.647727 0.096591
vt 0.636364 0.102273
vt 0.865854 0.182927
vt 0.613637 0.102273
vt 0.625000 0.096591
vt 0.625000 0.107955
vt 0.613637 0.090909
vt 0.613637 0.079545
vt 0.625000 0.073864
vt 0.625000 0.085227
vt 0.590909 0.068182
vt 0.602273 0.073864
vt 0.590909 0.079545
vt 0.568182 0.079545
vt 0.579546 0.073864
vt 0.579546 0.085227
vt 0.568182 0.068182
vt 0.568182 0.056818
vt 0.579546 0.051136
vt 0.579546 0.062500
vt 0.545455 0.045455
vt 0.556818 0.051136
vt 0.545455 0.056818
vt 0.792683 0.146341
vt 0.795455 0.159091
vt 0.522727 0.056818
vt 0.534091 0.051136
vt 0.534091 0.062500
vt 0.522727 0.045455
vt 0.522727 0.034092
vt 0.534091 0.039773
vt 0.909091 0.272727
vt 0.920455 0.278409
vt 0.909091 0.284091
vt 0.920455 0.267045
vt 0.931818 0.272727
vt 0.886364 0.284091
vt 0.897727 0.278409
vt 0.897727 0.289773
vt 0.886364 0.272727
vt 0.886364 0.261364
vt 0.897727 0.255682
vt 0.897727 0.267045
vt 0.863636 0.250000
vt 0.875000 0.255682
vt 0.863636 0.261364
vt 0.875000 0.244318
vt 0.886364 0.250000
vt 0.840909 0.261364
vt 0.852273 0.255682
vt 0.852273 0.267045
vt 0.840909 0.250000
vt 0.840909 0.238636
vt 0.852273 0.232955
vt 0.852273 0.244318
vt 0.818182 0.227273
vt 0.829545 0.232955
vt 0.818182 0.238636
vt 0.829545 0.221591
vt 0.840909 0.227273
vt 0.795455 0.238636
vt 0.806818 0.232955
vt 0.806818 0.244318
vt 0.795455 0.227273
vt 0.795455 0.215909
vt 0.806818 0.210227
vt 0.806818 0.221591
vt 0.772727 0.204546
vt 0.784091 0.210227
vt 0.772727 0.215909
vt 0.784091 0.198864
vt 0.795455 0.204546
vt 0.750000 0.215909
vt 0.761364 0.210227
vt 0.761364 0.221591
vt 0.750000 0.204546
vt 0.750000 0.193182
vt 0.761364 0.187500
vt 0.761364 0.198864
vt 0.727273 0.181818
vt 0.738636 0.187500
vt 0.727273 0.193182
vt 0.738636 0.176136
vt 0.750000 0.181818
vt 0.704545 0.193182
vt 0.715909 0.187500
vt 0.715909 0.198864
vt 0.704545 0.181818
vt 0.704545 0.170454
vt 0.715909 0.164773
vt 0.715909 0.176136
vt 0.681818 0.159091
vt 0.693182 0.164773
vt 0.681818 0.170454
vt 0.693182 0.153409
vt 0.704545 0.159091
vt 0.659091 0.170454
vt 0.670455 0.164773
vt 0.670455 0.176136
vt 0.659091 0.159091
vt 0.659091 0.147727
vt 0.670455 0.142045
vt 0.670455 0.153409
vt 0.636364 0.136364
vt 0.647727 0.142045
vt 0.636364 0.147727
vt 0.647727 0.130682
vt 0.659091 0.136364
vt 0.613637 0.147727
vt 0.625000 0.142045
vt 0.625000 0.153409
vt 0.613637 0.136364
vt 0.613637 0.125000
vt 0.625000 0.119318
vt 0.625000 0.130682
vt 0.590909 0.113636
vt 0.602273 0.119318
vt 0.590909 0.125000
vt 0.602273 0.107955
vt 0.613637 0.113636
vt 0.568182 0.125000
vt 0.579546 0.119318
vt 0.579546 0.130682
vt 0.568182 0.113636
vt 0.568182 0.102273
vt 0.579546 0.096591
vt 0.579546 0.107955
vt 0.545455 0.090909
vt 0.556818 0.096591
vt 0.545455 0.102273
vt 0.556818 0.085227
vt 0.568182 0.090909
vt 0.522727 0.102273
vt 0.534091 0.096591
vt 0.534091 0.107955
vt 0.522727 0.090909
vt 0.522727 0.079545
vt 0.534091 0.073864
vt 0.534091 0.085227
vt 0.863636 0.295455
vt 0.875000 0.301136
vt 0.863636 0.306818
vt 0.875000 0.289773
vt 0.886364 0.295455
vt 0.840909 0.306818
vt 0.852273 0.301136
vt 0.852273 0.312500
vt 0.840909 0.295455
vt 0.840909 0.284091
vt 0.852273 0.278409
vt 0.852273 0.289773
vt 0.818182 0.272727
vt 0.829545 0.278409
vt 0.818182 0.284091
vt 0.829545 0.267045
vt 0.840909 0.272727
vt 0.795455 0.284091
vt 0.806818 0.278409
vt 0.806818 0.289773
vt 0.795455 0.272727
vt 0.795455 0.261364
vt 0.806818 0.255682
vt 0.806818 0.267045
vt 0.772727 0.250000
vt 0.784091 0.255682
vt 0.772727 0.261364
vt 0.784091 0.244318
vt 0.795455 0.250000
vt 0.750000 0.261364
vt 0.761364 0.255682
vt 0.761364 0.267045
vt 0.750000 0.250000
vt 0.750000 0.238636
vt 0.761364 0.232955
vt 0.761364 0.244318
vt 0.727273 0.227273
vt 0.738636 0.232955
vt 0.727273 0.238636
vt 0.738636 0.221591
vt 0.750000 0.227273
vt 0.704545 0.238636
vt 0.715909 0.232955
vt 0.715909 0.244318
vt 0.704545 0.227273
vt 0.704545 0.215909
vt 0.715909 0.210227
vt 0.715909 0.221591
vt 0.681818 0.204546
vt 0.693182 0.210227
vt 0.681818 0.215909
vt 0.693182 0.198864
vt 0.704545 0.204546
vt 0.659091 0.215909
vt 0.670455 0.210227
vt 0.670455 0.221591
vt 0.659091 0.204546
vt 0.659091 0.193182
vt 0.670455 0.187500
vt 0.670455 0.198864
vt 0.636364 0.181818
vt 0.647727 0.187500
vt 0.636364 0.193182
vt 0.647727 0.176136
vt 0.659091 0.181818
vt 0.613637 0.193182
vt 0.625000 0.187500
vt 0.625000 0.198864
vt 0.613637 0.181818
vt 0.613637 0.170454
vt 0.625000 0.164773
vt 0.625000 0.176136
vt 0.590909 0.159091
vt 0.602273 0.164773
vt 0.590909 0.170454
vt 0.602273 0.153409
vt 0.613637 0.159091
vt 0.568182 0.170454
vt 0.579546 0.164773
vt 0.579546 0.176136
vt 0.568182 0.159091
vt 0.568182 0.147727
vt 0.579546 0.142045
vt 0.579546 0.153409
vt 0.545455 0.136364
vt 0.556818 0.142045
vt 0.545455 0.147727
vt 0.556818 0.130682
vt 0.568182 0.136364
vt 0.522727 0.147727
vt 0.534091 0.142045
vt 0.534091 0.153409
vt 0.522727 0.136364
vt 0.522727 0.125000
vt 0.534091 0.119318
vt 0.534091 0.130682
vt 0.818182 0.318182
vt 0.829545 0.323864
vt 0.818182 0.329545
vt 0.829545 0.312500
vt 0.840909 0.318182
vt 0.795455 0.329545
vt 0.806818 0.323864
vt 0.806818 0.335227
vt 0.795455 0.318182
vt 0.795455 0.306818
vt 0.806818 0.301136
vt 0.806818 0.312500
vt 0.772727 0.295455
vt 0.784091 0.301136
vt 0.772727 0.306818
vt 0.784091 0.289773
vt 0.795455 0.295455
vt 0.750000 0.306818
vt 0.761364 0.301136
vt 0.761364 0.312500
vt 0.750000 0.295455
vt 0.750000 0.284091
vt 0.761364 0.278409
vt 0.761364 0.289773
vt 0.727273 0.272727
vt 0.738636 0.278409
vt 0.727273 0.284091
vt 0.738636 0.267045
vt 0.750000 0.272727
vt 0.704545 0.284091
vt 0.715909 0.278409
vt 0.715909 0.289773
vt 0.704545 0.272727
vt 0.704545 0.261364
vt 0.715909 0.255682
vt 0.715909 0.267045
vt 0.681818 0.250000
vt 0.693182 0.255682
vt 0.681818 0.261364
vt 0.693182 0.244318
vt 0.704545 0.250000
vt 0.659091 0.261364
vt 0.670455 0.255682
vt 0.670455 0.267045
vt 0.659091 0.250000
vt 0.659091 0.238636
vt 0.670455 0.232955
vt 0.670455 0.244318
vt 0.636364 0.227273
vt 0.647727 0.232955
vt 0.636364 0.238636
vt 0.647727 0.221591
vt 0.659091 0.227273
vt 0.613637 0.238636
vt 0.625000 0.232955
vt 0.625000 0.244318
vt 0.613637 0.227273
vt 0.613637 0.215909
vt 0.625000 0.210227
vt 0.625000 0.221591
vt 0.590909 0.204545
vt 0.602273 0.210227
vt 0.590909 0.215909
vt 0.602273 0.198864
vt 0.613637 0.204545
vt 0.568182 0.215909
vt 0.579546 0.210227
vt 0.579546 0.221591
vt 0.568182 0.204545
vt 0.568182 0.193182
vt 0.579546 0.187500
vt 0.579546 0.198864
vt 0.545455 0.181818
vt 0.556818 0.187500
vt 0.545455 0.193182
vt 0.556818 0.176136
vt 0.568182 0.181818
vt 0.522727 0.193182
vt 0.534091 0.187500
vt 0.534091 0.198864
vt 0.522727 0.181818
vt 0.522727 0.170454
vt 0.534091 0.164773
vt 0.534091 0.176136
vt 0.772727 0.340909
vt 0.784091 0.346591
vt 0.772727 0.352273
vt 0.784091 0.335227
vt 0.795455 0.340909
vt 0.750000 0.352273
vt 0.761364 0.346591
vt 0.761364 0.357955
vt 0.750000 0.340909
vt 0.750000 0.329545
vt 0.761364 0.323864
vt 0.761364 0.335227
vt 0.727273 0.318182
vt 0.738636 0.323864
vt 0.727273 0.329545
vt 0.738636 0.312500
vt 0.750000 0.318182
vt 0.704545 0.329545
vt 0.715909 0.323864
vt 0.715909 0.335227
vt 0.704545 0.318182
vt 0.704545 0.306818
vt 0.715909 0.301136
vt 0.715909 0.312500
vt 0.681818 0.295455
vt 0.693182 0.301136
vt 0.681818 0.306818
vt 0.693182 0.289773
vt 0.704545 0.295455
vt 0.659091 0.306818
vt 0.670455 0.301136
vt 0.670455 0.312500
vt 0.659091 0.295455
vt 0.659091 0.284091
vt 0.670455 0.278409
vt 0.670455 0.289773
vt 0.636364 0.272727
vt 0.647727 0.278409
vt 0.636364 0.284091
vt 0.647727 0.267045
vt 0.659091 0.272727
vt 0.613637 0.284091
vt 0.625000 0.278409
vt 0.625000 0.289773
vt 0.613637 0.272727
vt 0.613637 0.261364
vt 0.625000 0.255682
vt 0.625000 0.267045
vt 0.590909 0.250000
vt 0.602273 0.255682
vt 0.590909 0.261364
vt 0.602273 0.244318
vt 0.613637 0.250000
vt 0.568182 0.261364
vt 0.579546 0.255682
vt 0.579546 0.267045
vt 0.568182 0.250000
vt 0.568182 0.238636
vt 0.579546 0.232955
vt 0.579546 0.244318
vt 0.545455 0.227273
vt 0.556818 0.232955
vt 0.545455 0.238636
vt 0.556818 0.221591
vt 0.568182 0.227273
vt 0.522727 0.238636
vt 0.534091 0.232955
vt 0.534091 0.244318
vt 0.522727 0.227273
vt 0.522727 0.215909
vt 0.534091 0.210227
vt 0.534091 0.221591
vt 0.727273 0.363636
vt 0.738636 0.369318
vt 0.727273 0.375000
vt 0.738636 0.357955
vt 0.750000 0.363636
vt 0.704545 0.375000
vt 0.715909 0.369318
vt 0.715909 0.380682
vt 0.704545 0.363636
vt 0.704545 0.352273
vt 0.715909 0.346591
vt 0.715909 0.357955
vt 0.681818 0.340909
vt 0.693182 0.346591
vt 0.681818 0.352273
vt 0.693182 0.335227
vt 0.704545 0.340909
vt 0.659091 0.352273
vt 0.670455 0.346591
vt 0.670455 0.357955
vt 0.659091 0.340909
vt 0.659091 0.329545
vt 0.670455 0.323864
vt 0.670455 0.335227
vt 0.636364 0.318182
vt 0.647727 0.323864
vt 0.636364 0.329545
vt 0.647727 0.312500
vt 0.659091 0.318182
vt 0.613637 0.329545
vt 0.625000 0.323864
vt 0.625000 0.335227
vt 0.613637 0.318182
vt 0.613637 0.306818
vt 0.625000 0.301136
vt 0.625000 0.312500
vt 0.590909 0.295455
vt 0.602273 0.301136
vt 0.590909 0.306818
vt 0.602273 0.289773
vt 0.613637 0.295455
vt 0.568182 0.306818
vt 0.579546 0.301136
vt 0.579546 0.312500
vt 0.568182 0.295455
vt 0.568182 0.284091
vt 0.579546 0.278409
vt 0.579546 0.289773
vt 0.545455 0.272727
vt 0.556818 0.278409
vt 0.545455 0.284091
vt 0.556818 0.267045
vt 0.568182 0.272727
vt 0.522727 0.284091
vt 0.534091 0.278409
vt 0.534091 0.289773
vt 0.522727 0.272727
vt 0.522727 0.261364
vt 0.534091 0.255682
vt 0.534091 0.267045
vt 0.681818 0.386364
vt 0.693182 0.392045
vt 0.681818 0.397727
vt 0.693182 0.380682
vt 0.704545 0.386364
vt 0.659091 0.397727
vt 0.670455 0.392045
vt 0.670455 0.403409
vt 0.659091 0.386364
vt 0.659091 0.375000
vt 0.670455 0.369318
vt 0.670455 0.380682
vt 0.636364 0.363636
vt 0.647727 0.369318
vt 0.636364 0.375000
vt 0.647727 0.357955
vt 0.659091 0.363636
vt 0.613637 0.375000
vt 0.625000 0.369318
vt 0.625000 0.380682
vt 0.613637 0.363636
vt 0.613637 0.352273
vt 0.625000 0.346591
vt 0.625000 0.357955
vt 0.590909 0.340909
vt 0.602273 0.346591
vt 0.590909 0.352273
vt 0.602273 0.335227
vt 0.613637 0.340909
vt 0.568182 0.352273
vt 0.579546 0.346591
vt 0.579546 0.357955
vt 0.568182 0.340909
vt 0.568182 0.329545
vt 0.579546 0.323864
vt 0.579546 0.335227
vt 0.545455 0.318182
vt 0.556818 0.323864
vt 0.545455 0.329545
vt 0.556818 0.312500
vt 0.568182 0.318182
vt 0.522727 0.329545
vt 0.534091 0.323864
vt 0.534091 0.335227
vt 0.522727 0.318182
vt 0.522727 0.306818
vt 0.534091 0.301136
vt 0.534091 0.312500
vt 0.636364 0.409091
vt 0.647727 0.414773
vt 0.636364 0.420455
vt 0.647727 0.403409
vt 0.659091 0.409091
vt 0.613637 0.420455
vt 0.625000 0.414773
vt 0.625000 0.426136
vt 0.613637 0.409091
vt 0.613637 0.397727
vt 0.625000 0.392045
vt 0.625000 0.403409
vt 0.590909 0.386364
vt 0.602273 0.392045
vt 0.590909 0.397727
vt 0.602273 0.380682
vt 0.613637 0.386364
vt 0.568182 0.397727
vt 0.579546 0.392045
vt 0.579546 0.403409
vt 0.568182 0.386364
vt 0.568182 0.375000
vt 0.579546 0.369318
vt 0.579546 0.380682
vt 0.545455 0.363636
vt 0.556818 0.369318
vt 0.545455 0.375000
vt 0.556818 0.357955
vt 0.568182 0.363636
vt 0.522727 0.375000
vt 0.534091 0.369318
vt 0.534091 0.380682
vt 0.522727 0.363636
vt 0.522727 0.352273
vt 0.534091 0.346591
vt 0.534091 0.357955
vt 0.590909 0.431818
vt 0.602273 0.437500
vt 0.590909 0.443182
vt 0.602273 0.426136
vt 0.613637 0.431818
vt 0.568182 0.443182
vt 0.579546 0.437500
vt 0.579546 0.448864
vt 0.568182 0.431818
vt 0.568182 0.420455
vt 0.579546 0.414773
vt 0.579546 0.426136
vt 0.545455 0.409091
vt 0.556818 0.414773
vt 0.545455 0.420455
vt 0.556818 0.403409
vt 0.568182 0.409091
vt 0.522727 0.420455
vt 0.534091 0.414773
vt 0.534091 0.426136
vt 0.522727 0.409091
vt 0.522727 0.397727
vt 0.534091 0.392045
vt 0.534091 0.403409
vt 0.545455 0.454545
vt 0.556818 0.460227
vt 0.545455 0.465909
vt 0.556818 0.448864
vt 0.568182 0.454545
vt 0.522727 0.465909
vt 0.534091 0.460227
vt 0.534091 0.471591
vt 0.522727 0.454545
vt 0.522727 0.443182
vt 0.534091 0.437500
vt 0.534091 0.448864
vt 0.500000 0.068182
vt 0.511364 0.073864
vt 0.500000 0.079545
vt 0.511364 0.062500
vt 0.522727 0.068182
vt 0.500000 0.113636
vt 0.511364 0.119318
vt 0.500000 0.125000
vt 0.511364 0.107955
vt 0.522727 0.113636
vt 0.500000 0.159091
vt 0.511364 0.164773
vt 0.500000 0.170454
vt 0.511364 0.153409
vt 0.522727 0.159091
vt 0.500000 0.204545
vt 0.511364 0.210227
vt 0.500000 0.215909
vt 0.511364 0.198864
vt 0.522727 0.204545
vt 0.500000 0.250000
vt 0.511364 0.255682
vt 0.500000 0.261364
vt 0.511364 0.244318
vt 0.522727 0.250000
vt 0.500000 0.295455
vt 0.511364 0.301136
vt 0.500000 0.306818
vt 0.511364 0.289773
vt 0.522727 0.295455
vt 0.500000 0.340909
vt 0.511364 0.346591
vt 0.500000 0.352273
vt 0.511364 0.335227
vt 0.522727 0.340909
vt 0.500000 0.386364
vt 0.511364 0.392045
vt 0.500000 0.397727
vt 0.511364 0.380682
vt 0.522727 0.386364
vt 0.500000 0.431818
vt 0.511364 0.437500
vt 0.500000 0.443182
vt 0.511364 0.426136
vt 0.522727 0.431818
vt 0.500000 0.477273
vt 0.511364 0.482955
vt 0.500000 0.488636
vt 0.511364 0.471591
vt 0.522727 0.477273
vt 0.545455 0.500000
vt 0.534091 0.494318
vt 0.545455 0.488636
vt 0.534091 0.505682
vt 0.522727 0.500000
vt 0.568182 0.488636
vt 0.556818 0.494318
vt 0.556818 0.482955
vt 0.568182 0.500000
vt 0.568182 0.511364
vt 0.556818 0.517045
vt 0.556818 0.505682
vt 0.590909 0.522727
vt 0.579546 0.517045
vt 0.590909 0.511364
vt 0.579546 0.528409
vt 0.568182 0.522727
vt 0.613637 0.511364
vt 0.602273 0.517045
vt 0.602273 0.505682
vt 0.613637 0.522727
vt 0.613637 0.534091
vt 0.602273 0.539773
vt 0.602273 0.528409
vt 0.636364 0.545454
vt 0.625000 0.539773
vt 0.636364 0.534091
vt 0.625000 0.551136
vt 0.613637 0.545454
vt 0.659091 0.534091
vt 0.647727 0.539773
vt 0.647727 0.528409
vt 0.659091 0.545454
vt 0.659091 0.556818
vt 0.647727 0.562500
vt 0.647727 0.551136
vt 0.681818 0.568182
vt 0.670455 0.562500
vt 0.681818 0.556818
vt 0.670455 0.573864
vt 0.659091 0.568182
vt 0.704545 0.556818
vt 0.693182 0.562500
vt 0.693182 0.551136
vt 0.704545 0.568182
vt 0.704545 0.579545
vt 0.693182 0.585227
vt 0.693182 0.573864
vt 0.727273 0.590909
vt 0.715909 0.585227
vt 0.727273 0.579545
vt 0.715909 0.596591
vt 0.704545 0.590909
vt 0.750000 0.579545
vt 0.738636 0.585227
vt 0.738636 0.573864
vt 0.750000 0.590909
vt 0.750000 0.602273
vt 0.738636 0.607955
vt 0.738636 0.596591
vt 0.772727 0.613636
vt 0.761364 0.607955
vt 0.772727 0.602273
vt 0.761364 0.619318
vt 0.750000 0.613636
vt 0.795455 0.602273
vt 0.784091 0.607955
vt 0.784091 0.596591
vt 0.795455 0.613636
vt 0.795455 0.625000
vt 0.784091 0.630682
vt 0.784091 0.619318
vt 0.818182 0.636364
vt 0.806818 0.630682
vt 0.818182 0.625000
vt 0.806818 0.642045
vt 0.795455 0.636364
vt 0.840909 0.625000
vt 0.829545 0.630682
vt 0.829545 0.619318
vt 0.840909 0.636364
vt 0.840909 0.647727
vt 0.829545 0.653409
vt 0.829545 0.642045
vt 0.863636 0.659091
vt 0.852273 0.653409
vt 0.863636 0.647727
vt 0.852273 0.664773
vt 0.840909 0.659091
vt 0.886364 0.647727
vt 0.875000 0.653409
vt 0.875000 0.642045
vt 0.886364 0.659091
vt 0.886364 0.670454
vt 0.875000 0.676136
vt 0.875000 0.664773
vt 0.909091 0.681818
vt 0.897727 0.676136
vt 0.909091 0.670454
vt 0.897727 0.687500
vt 0.886364 0.681818
vt 0.931818 0.670454
vt 0.920455 0.676136
vt 0.920455 0.664773
vt 0.931818 0.681818
vt 0.931818 0.693182
vt 0.920455 0.698864
vt 0.920455 0.687500
vt 0.954546 0.704545
vt 0.943182 0.698864
vt 0.954546 0.693182
vt 0.943182 0.710227
vt 0.931818 0.704545
vt 0.977273 0.693182
vt 0.965909 0.698864
vt 0.965909 0.687500
vt 0.977273 0.704545
vt 0.977273 0.715909
vt 0.965909 0.721591
vt 0.965909 0.710227
vt 0.590909 0.477273
vt 0.579546 0.471591
vt 0.590909 0.465909
vt 0.579546 0.482955
vt 0.568182 0.477273
vt 0.613637 0.465909
vt 0.602273 0.471591
vt 0.602273 0.460227
vt 0.613637 0.477273
vt 0.613637 0.488636
vt 0.602273 0.494318
vt 0.602273 0.482955
vt 0.636364 0.500000
vt 0.625000 0.494318
vt 0.636364 0.488636
vt 0.625000 0.505682
vt 0.613637 0.500000
vt 0.659091 0.488636
vt 0.647727 0.494318
vt 0.647727 0.482955
vt 0.659091 0.500000
vt 0.659091 0.511364
vt 0.647727 0.517045
vt 0.647727 0.505682
vt 0.681818 0.522727
vt 0.670455 0.517045
vt 0.681818 0.511364
vt 0.670455 0.528409
vt 0.659091 0.522727
vt 0.704545 0.511364
vt 0.693182 0.517045
vt 0.693182 0.505682
vt 0.704545 0.522727
vt 0.704545 0.534091
vt 0.693182 0.539773
vt 0.693182 0.528409
vt 0.727273 0.545454
vt 0.715909 0.539773
vt 0.727273 0.534091
vt 0.715909 0.551136
vt 0.704545 0.545454
vt 0.750000 0.534091
vt 0.738636 0.539773
vt 0.738636 0.528409
vt 0.750000 0.545454
vt 0.750000 0.556818
vt 0.738636 0.562500
vt 0.738636 0.551136
vt 0.772727 0.568182
vt 0.761364 0.562500
vt 0.772727 0.556818
vt 0.761364 0.573864
vt 0.750000 0.568182
vt 0.795455 0.556818
vt 0.784091 0.562500
vt 0.784091 0.551136
vt 0.795455 0.568182
vt 0.795455 0.579545
vt 0.784091 0.585227
vt 0.784091 0.573864
vt 0.818182 0.590909
vt 0.806818 0.585227
vt 0.818182 0.579545
vt 0.806818 0.596591
vt 0.795455 0.590909
vt 0.840909 0.579545
vt 0.829545 0.585227
vt 0.829545 0.573864
vt 0.840909 0.590909
vt 0.840909 0.602273
vt 0.829545 0.607955
vt 0.829545 0.596591
vt 0.863636 0.613636
vt 0.852273 0.607955
vt 0.863636 0.602273
vt 0.852273 0.619318
vt 0.840909 0.613636
vt 0.886364 0.602273
vt 0.875000 0.607955
vt 0.875000 0.596591
vt 0.886364 0.613636
vt 0.886364 0.625000
vt 0.875000 0.630682
vt 0.875000 0.619318
vt 0.909091 0.636364
vt 0.897727 0.630682
vt 0.909091 0.625000
vt 0.897727 0.642045
vt 0.886364 0.636364
vt 0.931818 0.625000
vt 0.920455 0.630682
vt 0.920455 0.619318
vt 0.931818 0.636364
vt 0.931818 0.647727
vt 0.920455 0.653409
vt 0.920455 0.642045
vt 0.954546 0.659091
vt 0.943182 0.653409
vt 0.954546 0.647727
vt 0.943182 0.664773
vt 0.931818 0.659091
vt 0.977273 0.647727
vt 0.965909 0.653409
vt 0.965909 0.642045
vt 0.977273 0.659091
vt 0.977273 0.670454
vt 0.965909 0.676136
vt 0.965909 0.664773
vt 0.636364 0.454545
vt 0.625000 0.448864
vt 0.636364 0.443182
vt 0.625000 0.460227
vt 0.613637 0.454545
vt 0.659091 0.443182
vt 0.647727 0.448864
vt 0.647727 0.437500
vt 0.659091 0.454545
vt 0.659091 0.465909
vt 0.647727 0.471591
vt 0.647727 0.460227
vt 0.681818 0.477273
vt 0.670455 0.471591
vt 0.681818 0.465909
vt 0.670455 0.482955
vt 0.659091 0.477273
vt 0.704545 0.465909
vt 0.693182 0.471591
vt 0.693182 0.460227
vt 0.704545 0.477273
vt 0.704545 0.488636
vt 0.693182 0.494318
vt 0.693182 0.482955
vt 0.727273 0.500000
vt 0.715909 0.494318
vt 0.727273 0.488636
vt 0.715909 0.505682
vt 0.704545 0.500000
vt 0.750000 0.488636
vt 0.738636 0.494318
vt 0.738636 0.482955
vt 0.750000 0.500000
vt 0.750000 0.511364
vt 0.738636 0.517045
vt 0.738636 0.505682
vt 0.772727 0.522727
vt 0.761364 0.517045
vt 0.772727 0.511364
vt 0.761364 0.528409
vt 0.750000 0.522727
vt 0.795455 0.511364
vt 0.784091 0.517045
vt 0.784091 0.505682
vt 0.795455 0.522727
vt 0.795455 0.534091
vt 0.784091 0.539773
vt 0.784091 0.528409
vt 0.818182 0.545454
vt 0.806818 0.539773
vt 0.818182 0.534091
vt 0.806818 0.551136
vt 0.795455 0.545454
vt 0.840909 0.534091
vt 0.829545 0.539773
vt 0.829545 0.528409
vt 0.840909 0.545454
vt 0.840909 0.556818
vt 0.829545 0.562500
vt 0.829545 0.551136
vt 0.863636 0.568182
vt 0.852273 0.562500
vt 0.863636 0.556818
vt 0.852273 0.573864
vt 0.840909 0.568182
vt 0.886364 0.556818
vt 0.875000 0.562500
vt 0.875000 0.551136
vt 0.886364 0.568182
vt 0.886364 0.579545
vt 0.875000 0.585227
vt 0.875000 0.573864
vt 0.909091 0.590909
vt 0.897727 0.585227
vt 0.909091 0.579545
vt 0.897727 0.596591
vt 0.886364 0.590909
vt 0.931818 0.579545
vt 0.920455 0.585227
vt 0.920455 0.573864
vt 0.931818 0.590909
vt 0.931818 0.602273
vt 0.920455 0.607955
vt 0.920455 0.596591
vt 0.954546 0.613636
vt 0.943182 0.607955
vt 0.954546 0.602273
vt 0.943182 0.619318
vt 0.931818 0.613636
vt 0.977273 0.602273
vt 0.965909 0.607955
vt 0.965909 0.596591
vt 0.977273 0.613636
vt 0.977273 0.625000
vt 0.965909 0.630682
vt 0.965909 0.619318
vt 0.681818 0.431818
vt 0.670455 0.426136
vt 0.681818 0.420455
vt 0.670455 0.437500
vt 0.659091 0.431818
vt 0.704545 0.420455
vt 0.693182 0.426136
vt 0.693182 0.414773
vt 0.704545 0.431818
vt 0.704545 0.443182
vt 0.693182 0.448864
vt 0.693182 0.437500
vt 0.727273 0.454545
vt 0.715909 0.448864
vt 0.727273 0.443182
vt 0.715909 0.460227
vt 0.704545 0.454545
vt 0.750000 0.443182
vt 0.738636 0.448864
vt 0.738636 0.437500
vt 0.750000 0.454545
vt 0.750000 0.465909
vt 0.738636 0.471591
vt 0.738636 0.460227
vt 0.772727 0.477273
vt 0.761364 0.471591
vt 0.772727 0.465909
vt 0.761364 0.482955
vt 0.750000 0.477273
vt 0.795455 0.465909
vt 0.784091 0.471591
vt 0.784091 0.460227
vt 0.795455 0.477273
vt 0.795455 0.488636
vt 0.784091 0.494318
vt 0.784091 0.482955
vt 0.818182 0.500000
vt 0.806818 0.494318
vt 0.818182 0.488636
vt 0.806818 0.505682
vt 0.795455 0.500000
vt 0.840909 0.488636
vt 0.829545 0.494318
vt 0.829545 0.482955
vt 0.840909 0.500000
vt 0.840909 0.511364
vt 0.829545 0.517045
vt 0.829545 0.505682
vt 0.863636 0.522727
vt 0.852273 0.517045
vt 0.863636 0.511364
vt 0.852273 0.528409
vt 0.840909 0.522727
vt 0.886364 0.511364
vt 0.875000 0.517045
vt 0.875000 0.505682
vt 0.886364 0.522727
vt 0.886364 0.534091
vt 0.875000 0.539773
vt 0.875000 0.528409
vt 0.909091 0.545454
vt 0.897727 0.539773
vt 0.909091 0.534091
vt 0.897727 0.551136
vt 0.886364 0.545454
vt 0.931818 0.534091
vt 0.920455 0.539773
vt 0.920455 0.528409
vt 0.931818 0.545454
vt 0.931818 0.556818
vt 0.920455 0.562500
vt 0.920455 0.551136
vt 0.954546 0.568182
vt 0.943182 0.562500
vt 0.954546 0.556818
vt 0.943182 0.573864
vt 0.931818 0.568182
vt 0.977273 0.556818
vt 0.965909 0.562500
vt 0.965909 0.551136
vt 0.977273 0.568182
vt 0.977273 0.579545
vt 0.965909 0.585227
vt 0.965909 0.573864
vt 0.727273 0.409091
vt 0.715909 0.403409
vt 0.727273 0.397727
vt 0.715909 0.414773
vt 0.704545 0.409091
vt 0.750000 0.397727
vt 0.738636 0.403409
vt 0.738636 0.392045
vt 0.750000 0.409091
vt 0.750000 0.420455
vt 0.738636 0.426136
vt 0.738636 0.414773
vt 0.772727 0.431818
vt 0.761364 0.426136
vt 0.772727 0.420455
vt 0.761364 0.437500
vt 0.750000 0.431818
vt 0.795455 0.420455
vt 0.784091 0.426136
vt 0.784091 0.414773
vt 0.795455 0.431818
vt 0.795455 0.443182
vt 0.784091 0.448864
vt 0.784091 0.437500
vt 0.818182 0.454545
vt 0.806818 0.448864
vt 0.818182 0.443182
vt 0.806818 0.460227
vt 0.795455 0.454545
vt 0.840909 0.443182
vt 0.829545 0.448864
vt 0.829545 0.437500
vt 0.840909 0.454545
vt 0.840909 0.465909
vt 0.829545 0.471591
vt 0.829545 0.460227
vt 0.863636 0.477273
vt 0.852273 0.471591
vt 0.863636 0.465909
vt 0.852273 0.482955
vt 0.840909 0.477273
vt 0.886364 0.465909
vt 0.875000 0.471591
vt 0.875000 0.460227
vt 0.886364 0.477273
vt 0.886364 0.488636
vt 0.875000 0.494318
vt 0.875000 0.482955
vt 0.909091 0.500000
vt 0.897727 0.494318
vt 0.909091 0.488636
vt 0.897727 0.505682
vt 0.886364 0.500000
vt 0.931818 0.488636
vt 0.920455 0.494318
vt 0.920455 0.482955
vt 0.931818 0.500000
vt 0.931818 0.511364
vt 0.920455 0.517045
vt 0.920455 0.505682
vt 0.954546 0.522727
vt 0.943182 0.517045
vt 0.954546 0.511364
vt 0.943182 0.528409
vt 0.931818 0.522727
vt 0.977273 0.511364
vt 0.965909 0.517045
vt 0.965909 0.505682
vt 0.977273 0.522727
vt 0.977273 0.534091
vt 0.965909 0.539773
vt 0.965909 0.528409
vt 0.772727 0.386364
vt 0.761364 0.380682
vt 0.772727 0.375000
vt 0.761364 0.392045
vt 0.750000 0.386364
vt 0.795455 0.375000
vt 0.784091 0.380682
vt 0.784091 0.369318
vt 0.795455 0.386364
vt 0.795455 0.397727
vt 0.784091 0.403409
vt 0.784091 0.392045
vt 0.818182 0.409091
vt 0.806818 0.403409
vt 0.818182 0.397727
vt 0.806818 0.414773
vt 0.795455 0.409091
vt 0.840909 0.397727
vt 0.829545 0.403409
vt 0.829545 0.392045
vt 0.840909 0.409091
vt 0.840909 0.420455
vt 0.829545 0.426136
vt 0.829545 0.414773
vt 0.863636 0.431818
vt 0.852273 0.426136
vt 0.863636 0.420455
vt 0.852273 0.437500
vt 0.840909 0.431818
vt 0.886364 0.420455
vt 0.875000 0.426136
vt 0.875000 0.414773
vt 0.886364 0.431818
vt 0.886364 0.443182
vt 0.875000 0.448864
vt 0.875000 0.437500
vt 0.909091 0.454545
vt 0.897727 0.448864
vt 0.909091 0.443182
vt 0.897727 0.460227
vt 0.886364 0.454545
vt 0.931818 0.443182
vt 0.920455 0.448864
vt 0.920455 0.437500
vt 0.931818 0.454545
vt 0.931818 0.465909
vt 0.920455 0.471591
vt 0.920455 0.460227
vt 0.954546 0.477273
vt 0.943182 0.471591
vt 0.954546 0.465909
vt 0.943182 0.482955
vt 0.931818 0.477273
vt 0.977273 0.465909
vt 0.965909 0.471591
vt 0.965909 0.460227
vt 0.977273 0.477273
vt 0.977273 0.488636
vt 0.965909 0.494318
vt 0.965909 0.482955
vt 0.818182 0.363636
vt 0.806818 0.357955
vt 0.818182 0.352273
vt 0.806818 0.369318
vt 0.795455 0.363636
vt 0.840909 0.352273
vt 0.829545 0.357955
vt 0.829545 0.346591
vt 0.840909 0.363636
vt 0.840909 0.375000
vt 0.829545 0.380682
vt 0.829545 0.369318
vt 0.863636 0.386364
vt 0.852273 0.380682
vt 0.863636 0.375000
vt 0.852273 0.392045
vt 0.840909 0.386364
vt 0.886364 0.375000
vt 0.875000 0.380682
vt 0.875000 0.369318
vt 0.886364 0.386364
vt 0.886364 0.397727
vt 0.875000 0.403409
vt 0.875000 0.392045
vt 0.909091 0.409091
vt 0.897727 0.403409
vt 0.909091 0.397727
vt 0.897727 0.414773
vt 0.886364 0.409091
vt 0.931818 0.397727
vt 0.920455 0.403409
vt 0.920455 0.392045
vt 0.931818 0.409091
vt 0.931818 0.420455
vt 0.920455 0.426136
vt 0.920455 0.414773
vt 0.954546 0.431818
vt 0.943182 0.426136
vt 0.954546 0.420455
vt 0.943182 0.437500
vt 0.931818 0.431818
vt 0.977273 0.420455
vt 0.965909 0.426136
vt 0.965909 0.414773
vt 0.977273 0.431818
vt 0.977273 0.443182
vt 0.965909 0.448864
vt 0.965909 0.437500
vt 0.863636 0.340909
vt 0.852273 0.335227
vt 0.863636 0.329545
vt 0.852273 0.346591
vt 0.840909 0.340909
vt 0.886364 0.329545
vt 0.875000 0.335227
vt 0.875000 0.323864
vt 0.886364 0.340909
vt 0.886364 0.352273
vt 0.875000 0.357955
vt 0.875000 0.346591
vt 0.909091 0.363636
vt 0.897727 0.357955
vt 0.909091 0.352273
vt 0.897727 0.369318
vt 0.886364 0.363636
vt 0.931818 0.352273
vt 0.920455 0.357955
vt 0.920455 0.346591
vt 0.931818 0.363636
vt 0.931818 0.375000
vt 0.920455 0.380682
vt 0.920455 0.369318
vt 0.954546 0.386364
vt 0.943182 0.380682
vt 0.954546 0.375000
vt 0.943182 0.392045
vt 0.931818 0.386364
vt 0.977273 0.375000
vt 0.965909 0.380682
vt 0.965909 0.369318
vt 0.977273 0.386364
vt 0.977273 0.397727
vt 0.965909 0.403409
vt 0.965909 0.392045
vt 0.909091 0.318182
vt 0.897727 0.312500
vt 0.909091 0.306818
vt 0.897727 0.323864
vt 0.886364 0.318182
vt 0.931818 0.306818
vt 0.920455 0.312500
vt 0.920455 0.301136
vt 0.931818 0.318182
vt 0.931818 0.329545
vt 0.920455 0.335227
vt 0.920455 0.323864
vt 0.954546 0.340909
vt 0.943182 0.335227
vt 0.954546 0.329545
vt 0.943182 0.346591
vt 0.931818 0.340909
vt 0.977273 0.329545
vt 0.965909 0.335227
vt 0.965909 0.323864
vt 0.977273 0.340909
vt 0.977273 0.352273
vt 0.965909 0.357955
vt 0.965909 0.346591
vt 0.954545 0.295455
vt 0.943182 0.289773
vt 0.954544 0.284092
vt 0.943182 0.301136
vt 0.931818 0.295455
vt 0.977246 0.284104
vt 0.965905 0.289775
vt 0.965895 0.278416
vt 0.977266 0.295458
vt 0.977271 0.306819
vt 0.965909 0.312500
vt 0.965908 0.301137
vt 0.719512 0.109756
vt 0.695122 0.097561
vt 0.977273 0.681818
vt 0.682927 0.091463
vt 0.670732 0.085366
vt 0.659091 0.090909
vt 0.658537 0.079268
vt 0.977273 0.636364
vt 0.634146 0.067073
vt 0.621951 0.060976
vt 0.977273 0.590909
vt 0.613637 0.068182
vt 0.590909 0.056818
vt 0.977273 0.545454
vt 0.573171 0.036585
vt 0.568182 0.045455
vt 0.977273 0.500000
vt 0.536585 0.018293
vt 0.522727 0.022744
vt 0.524390 0.012195
vt 0.977273 0.454545
vt 0.512195 0.006098
vt 0.488636 0.017093
vt 0.977273 0.409091
vt 0.463415 0.018293
vt 0.465909 0.028409
vt 0.977273 0.363636
vt 0.420455 0.051136
vt 0.977273 0.318182
vt 0.073171 0.786585
vt 0.090909 0.784091
vt 0.024390 0.237805
vt 0.034146 0.244346
vt 0.977178 0.272775
vt 0.977273 0.738636
vt 0.965909 0.732954
vt 0.977273 0.727273
vt 0.500000 0.022755
vt 0.511364 0.028416
vt 0.500000 0.034093
vt 0.511364 0.017133
vt 0.036585 0.768293
vt 0.024390 0.762195
vt 0.022858 0.261429
vt 0.034120 0.255696
vt 0.034101 0.267050
vt 0.000000 0.737805
vt 0.011377 0.732948
vt 0.011458 0.744271
vt 0.022731 0.738634
vt 0.022728 0.727272
vt 0.034091 0.732954
vt 0.780488 0.140244
vt 0.772727 0.147727
vt 0.500000 0.977273
vt 0.488636 0.971591
vt 0.500000 0.965909
vt 0.707317 0.896341
vt 0.695122 0.902439
vt 0.693182 0.892045
vt 0.965909 0.744318
vt 0.000000 0.713415
vt 0.011365 0.721590
vt 0.256098 0.878049
vt 0.853659 0.176829
vt 0.840909 0.181818
vt 0.231707 0.865854
vt 0.227273 0.852273
vt 0.204546 0.840909
vt 0.743903 0.878049
vt 0.738636 0.869318
vt 0.719512 0.890244
vt 0.000000 0.542683
vt 0.011364 0.539773
vt 0.000000 0.725610
vt 0.000000 0.274390
vt 0.011675 0.267201
vt 0.012195 0.756097
vt 0.022732 0.749998
vt 0.243902 0.871951
vt 0.250000 0.863636
vt 0.182927 0.158537
vt 0.060976 0.780488
vt 0.048780 0.774390
vt 0.914634 0.792683
vt 0.965871 0.267064
vt 0.977016 0.261492
vt 0.954541 0.272730
vt 0.988089 0.267319
vt 0.487805 0.993902
vt 0.085366 0.792683
vt 0.987805 0.756097
vt 0.068182 0.772727
vt 0.988636 0.346591
vt 0.988636 0.403409
vt 0.988636 0.414773
vt 0.439025 0.969512
vt 0.409091 0.943182
vt 0.045455 0.761363
vt 0.365854 0.932927
vt 0.988636 0.551136
vt 0.329268 0.914634
vt 0.292683 0.896342
vt 0.951220 0.774390
vt 0.000000 0.750000
vt 0.988636 0.619318
vt 0.109756 0.195122
vt 0.125000 0.198864
vt 0.920455 0.289773
vt 0.931818 0.284091
vt 0.909091 0.295455
vt 0.943181 0.278409
vt 0.875000 0.312500
vt 0.886364 0.306818
vt 0.863636 0.318182
vt 0.897727 0.301136
vt 0.829545 0.335227
vt 0.840909 0.329545
vt 0.818182 0.340909
vt 0.852273 0.323864
vt 0.784091 0.357955
vt 0.795455 0.352273
vt 0.772727 0.363636
vt 0.806818 0.346591
vt 0.738636 0.380682
vt 0.750000 0.375000
vt 0.727273 0.386364
vt 0.761364 0.369318
vt 0.693182 0.403409
vt 0.704545 0.397727
vt 0.681818 0.409091
vt 0.715909 0.392045
vt 0.647727 0.426136
vt 0.659091 0.420455
vt 0.636364 0.431818
vt 0.670455 0.414773
vt 0.602273 0.448864
vt 0.613637 0.443182
vt 0.590909 0.454545
vt 0.625000 0.437500
vt 0.556818 0.471591
vt 0.568182 0.465909
vt 0.545455 0.477273
vt 0.579546 0.460227
vt 0.511364 0.494318
vt 0.522727 0.488636
vt 0.500000 0.500000
vt 0.534091 0.482955
vt 0.902439 0.798780
vt 0.897727 0.789773
vt 0.731707 0.884146
vt 0.715909 0.880682
vt 0.256098 0.121951
vt 0.261364 0.130682
vt 0.280488 0.109756
vt 0.292683 0.103659
vt 0.804878 0.152439
vt 0.317073 0.091464
vt 0.329268 0.085366
vt 0.329545 0.096591
vt 0.681818 0.102273
vt 0.853659 0.823171
vt 0.750000 0.136364
vt 0.682927 0.908536
vt 0.670455 0.903409
vt 0.109756 0.804878
vt 0.939025 0.219512
vt 0.647727 0.914773
vt 0.158537 0.829268
vt 0.159091 0.818182
vt 0.646341 0.926829
vt 1.000000 0.274390
vt 0.909091 0.215909
vt 0.634146 0.932927
vt 0.625000 0.926136
vt 0.195122 0.847561
vt 0.621951 0.939024
vt 0.000000 0.310976
vt 1.000000 0.371951
vt 0.988636 0.380682
vt 0.011364 0.312500
vt 0.597561 0.951219
vt 0.011364 0.335227
vt 1.000000 0.408537
vt 0.000000 0.347561
vt 0.000000 0.371951
vt 0.011364 0.380682
vt 1.000000 0.445122
vt 0.000000 0.384146
vt 0.000000 0.420732
vt 0.011364 0.426136
vt 0.573171 0.963415
vt 0.556818 0.960227
vt 0.000000 0.457317
vt 0.011364 0.448864
vt 1.000000 0.506098
vt 0.988636 0.517045
vt 0.000000 0.469512
vt 0.011364 0.471591
vt 0.534091 0.971591
vt 0.011364 0.494318
vt 0.536585 0.981707
vt 0.000000 0.506098
vt 1.000000 0.615854
vt 0.524390 0.987805
vt 0.511364 0.982955
vt 0.000000 0.530488
vt 0.011364 0.698864
vt 1.000000 0.518293
vt 0.011364 0.653409
vt 0.000000 0.567073
vt 0.011364 0.630682
vt 0.000000 0.579268
vt 0.011364 0.607955
vt 0.000000 0.603658
vt 0.000000 0.615854
vt 0.000000 0.628049
vt 0.951220 0.225610
vt 0.000000 0.664634
vt 0.000000 0.689024
vt 0.000000 0.701220
vt 0.768293 0.865853
vt 0.585366 0.042683
vt 0.792683 0.853658
vt 0.804878 0.847561
vt 0.475610 0.012195
vt 0.829268 0.835366
vt 0.829545 0.823864
vt 0.841463 0.829268
vt 0.036585 0.231707
vt 0.060976 0.219512
vt 0.073171 0.213415
s 1
f 5878/1/5877 5879/2/5878 5631/3/5630
f 5685/4/5684 5674/5/5673 5673/6/5672
f 5687/7/5686 2260/8/2260 2259/9/2259
f 5690/10/5689 2261/11/2261 3916/12/3916
f 5692/13/5691 5693/14/5692 3910/15/3910
f 5696/16/5695 3904/17/3904 3903/18/3903
f 5699/19/5698 3897/20/3897 2266/21/2266
f 5702/22/5701 2268/23/2268 2267/24/2267
f 5888/25/5887 3555/26/3555 2425/27/2425
f 5775/28/5774 4623/29/4623 1934/30/1934
f 5923/31/5922 5678/32/5677 2480/33/2480
f 62/34/62 2511/35/2511 1510/36/1510
f 5881/37/5880 5882/38/5881 5660/39/5659
f 63/40/63 2515/41/2515 1512/42/1512
f 62/34/62 2569/43/2569 2511/35/2511
f 64/44/64 2513/45/2513 1514/46/1514
f 5686/47/5685 2259/9/2259 5674/5/5673
f 65/48/65 2518/49/2518 1516/50/1516
f 63/40/63 2573/51/2573 2515/41/2515
f 66/52/66 2519/53/2519 1518/54/1518
f 64/44/64 2575/55/2575 2513/45/2513
f 67/56/67 2516/57/2516 1520/58/1520
f 5689/59/5688 3916/12/3916 3915/60/3915
f 68/61/68 2522/62/2522 1522/63/1522
f 65/48/65 2579/64/2579 2518/49/2518
f 69/65/69 2523/66/2523 1524/67/1524
f 66/52/66 2581/68/2581 2519/53/2519
f 70/69/70 2524/70/2524 1526/71/1526
f 67/56/67 2583/72/2583 2516/57/2516
f 71/73/71 2520/74/2520 1528/75/1528
f 5691/76/5690 5692/13/5691 3909/77/3909
f 72/78/72 2527/79/2527 1530/80/1530
f 68/61/68 2587/81/2587 2522/62/2522
f 73/82/73 2528/83/2528 1532/84/1532
f 69/65/69 2589/85/2589 2523/66/2523
f 74/86/74 2529/87/2529 1534/88/1534
f 70/69/70 2591/89/2591 2524/70/2524
f 75/90/75 2530/91/2530 1536/92/1536
f 71/73/71 2593/93/2593 2520/74/2520
f 76/94/76 2525/95/2525 1538/96/1538
f 5695/97/5694 3903/18/3903 2264/98/2264
f 77/99/77 2533/100/2533 1540/101/1540
f 72/78/72 2597/102/2597 2527/79/2527
f 78/103/78 2534/104/2534 1542/105/1542
f 73/82/73 2599/106/2599 2528/83/2528
f 79/107/79 2535/108/2535 1544/109/1544
f 74/86/74 2601/110/2601 2529/87/2529
f 80/111/80 2536/112/2536 1546/113/1546
f 75/90/75 2603/114/2603 2530/91/2530
f 81/115/81 2537/116/2537 1548/117/1548
f 76/94/76 2605/118/2605 2525/95/2525
f 82/119/82 2531/120/2531 1550/121/1550
f 5698/122/5697 2266/21/2266 2265/123/2265
f 83/124/83 2540/125/2540 1552/126/1552
f 77/99/77 2609/127/2609 2533/100/2533
f 84/128/84 2541/129/2541 1554/130/1554
f 78/103/78 2611/131/2611 2534/104/2534
f 85/132/85 2542/133/2542 1556/134/1556
f 79/107/79 2613/135/2613 2535/108/2535
f 86/136/86 2543/137/2543 1558/138/1558
f 80/111/80 2615/139/2615 2536/112/2536
f 87/140/87 2544/141/2544 1560/142/1560
f 81/115/81 2617/143/2617 2537/116/2537
f 88/144/88 2545/145/2545 1562/146/1562
f 82/119/82 2619/147/2619 2531/120/2531
f 89/148/89 2538/149/2538 1564/150/1564
f 5701/151/5700 2267/24/2267 3898/152/3898
f 90/153/90 2548/154/2548 1566/155/1566
f 83/124/83 2623/156/2623 2540/125/2540
f 91/157/91 2549/158/2549 1568/159/1568
f 84/128/84 2625/160/2625 2541/129/2541
f 92/161/92 2550/162/2550 1570/163/1570
f 85/132/85 2627/164/2627 2542/133/2542
f 93/165/93 2551/166/2551 1572/167/1572
f 86/136/86 2629/168/2629 2543/137/2543
f 94/169/94 2552/170/2552 1574/171/1574
f 87/140/87 2631/172/2631 2544/141/2544
f 95/173/95 2553/174/2553 1576/175/1576
f 88/144/88 2633/176/2633 2545/145/2545
f 96/177/96 2554/178/2554 1578/179/1578
f 89/148/89 2635/180/2635 2538/149/2538
f 97/181/97 2546/182/2546 1580/183/1580
f 5770/184/5769 1931/185/1931 4636/186/4636
f 98/187/98 2557/188/2557 1582/189/1582
f 90/153/90 2639/190/2639 2548/154/2548
f 99/191/99 2558/192/2558 1584/193/1584
f 91/157/91 2641/194/2641 2549/158/2549
f 100/195/100 2559/196/2559 1586/197/1586
f 92/161/92 2643/198/2643 2550/162/2550
f 101/199/101 2560/200/2560 1588/201/1588
f 93/165/93 2645/202/2645 2551/166/2551
f 102/203/102 2561/204/2561 1590/205/1590
f 94/169/94 2647/206/2647 2552/170/2552
f 103/207/103 2562/208/2562 1592/209/1592
f 95/173/95 2649/210/2649 2553/174/2553
f 104/211/104 2563/212/2563 1594/213/1594
f 96/177/96 2651/214/2651 2554/178/2554
f 105/215/105 2564/216/2564 1596/217/1596
f 97/181/97 2653/218/2653 2546/182/2546
f 106/219/106 2555/220/2555 1598/221/1598
f 5889/222/5888 3556/223/3556 3555/26/3555
f 11/224/11 1403/225/1403 1600/226/1600
f 98/187/98 2657/227/2657 2557/188/2557
f 10/228/10 1402/229/1402 1602/230/1602
f 99/191/99 2659/231/2659 2558/192/2558
f 9/232/9 1401/233/1401 1604/234/1604
f 100/195/100 2661/235/2661 2559/196/2559
f 8/236/8 1400/237/1400 1606/238/1606
f 101/199/101 2663/239/2663 2560/200/2560
f 7/240/7 1399/241/1399 1608/242/1608
f 102/203/102 2665/243/2665 2561/204/2561
f 6/244/6 1398/245/1398 1610/246/1610
f 103/207/103 2667/247/2667 2562/208/2562
f 5/248/5 1397/249/1397 1612/250/1612
f 104/211/104 2669/251/2669 2563/212/2563
f 4/252/4 1396/253/1396 1614/254/1614
f 105/215/105 2671/255/2671 2564/216/2564
f 3/256/3 1395/257/1395 1616/258/1616
f 106/219/106 2673/259/2673 2555/220/2555
f 2/260/2 1394/261/1394 1618/262/1618
f 61/263/61 2675/264/2675 2449/265/2449
f 60/266/60 2677/267/2677 2509/268/2509
f 59/269/59 2679/270/2679 2508/271/2508
f 58/272/58 2682/273/2682 2507/274/2507
f 57/275/57 2686/276/2686 2506/277/2506
f 56/278/56 2691/279/2691 2505/280/2505
f 55/281/55 2697/282/2697 2504/283/2504
f 54/284/54 2704/285/2704 2503/286/2503
f 53/287/53 2712/288/2712 2502/289/2502
f 52/290/52 2721/291/2721 2501/292/2501
f 61/263/61 2730/293/2730 2675/264/2675
f 107/294/107 2676/295/2676 1675/296/1675
f 60/266/60 2732/297/2732 2677/267/2677
f 108/298/108 2680/299/2680 1677/300/1677
f 107/294/107 2734/301/2734 2676/295/2676
f 109/302/109 2678/303/2678 1679/304/1679
f 59/269/59 2736/305/2736 2679/270/2679
f 110/306/110 2683/307/2683 1681/308/1681
f 108/298/108 2738/309/2738 2680/299/2680
f 111/310/111 2684/311/2684 1683/312/1683
f 109/302/109 2740/313/2740 2678/303/2678
f 112/314/112 2681/315/2681 1685/316/1685
f 58/272/58 2742/317/2742 2682/273/2682
f 113/318/113 2687/319/2687 1687/320/1687
f 110/306/110 2744/321/2744 2683/307/2683
f 114/322/114 2688/323/2688 1689/324/1689
f 111/310/111 2746/325/2746 2684/311/2684
f 115/326/115 2689/327/2689 1691/328/1691
f 112/314/112 2748/329/2748 2681/315/2681
f 116/330/116 2685/331/2685 1693/332/1693
f 57/275/57 2750/333/2750 2686/276/2686
f 117/334/117 2692/335/2692 1695/336/1695
f 113/318/113 2752/337/2752 2687/319/2687
f 118/338/118 2693/339/2693 1697/340/1697
f 114/322/114 2754/341/2754 2688/323/2688
f 119/342/119 2694/343/2694 1699/344/1699
f 115/326/115 2756/345/2756 2689/327/2689
f 120/346/120 2695/347/2695 1701/348/1701
f 116/330/116 2758/349/2758 2685/331/2685
f 121/350/121 2690/351/2690 1703/352/1703
f 56/278/56 2760/353/2760 2691/279/2691
f 122/354/122 2698/355/2698 1705/356/1705
f 117/334/117 2762/357/2762 2692/335/2692
f 123/358/123 2699/359/2699 1707/360/1707
f 118/338/118 2764/361/2764 2693/339/2693
f 124/362/124 2700/363/2700 1709/364/1709
f 119/342/119 2766/365/2766 2694/343/2694
f 125/366/125 2701/367/2701 1711/368/1711
f 120/346/120 2768/369/2768 2695/347/2695
f 126/370/126 2702/371/2702 1713/372/1713
f 121/350/121 2770/373/2770 2690/351/2690
f 127/374/127 2696/375/2696 1715/376/1715
f 55/281/55 2772/377/2772 2697/282/2697
f 128/378/128 2705/379/2705 1717/380/1717
f 122/354/122 2774/381/2774 2698/355/2698
f 129/382/129 2706/383/2706 1719/384/1719
f 123/358/123 2776/385/2776 2699/359/2699
f 130/386/130 2707/387/2707 1721/388/1721
f 124/362/124 2778/389/2778 2700/363/2700
f 131/390/131 2708/391/2708 1723/392/1723
f 125/366/125 2780/393/2780 2701/367/2701
f 132/394/132 2709/395/2709 1725/396/1725
f 126/370/126 2782/397/2782 2702/371/2702
f 133/398/133 2710/399/2710 1727/400/1727
f 127/374/127 2784/401/2784 2696/375/2696
f 134/402/134 2703/403/2703 1729/404/1729
f 54/284/54 2786/405/2786 2704/285/2704
f 135/406/135 2713/407/2713 1731/408/1731
f 128/378/128 2788/409/2788 2705/379/2705
f 136/410/136 2714/411/2714 1733/412/1733
f 129/382/129 2790/413/2790 2706/383/2706
f 137/414/137 2715/415/2715 1735/416/1735
f 130/386/130 2792/417/2792 2707/387/2707
f 138/418/138 2716/419/2716 1737/420/1737
f 131/390/131 2794/421/2794 2708/391/2708
f 139/422/139 2717/423/2717 1739/424/1739
f 132/394/132 2796/425/2796 2709/395/2709
f 140/426/140 2718/427/2718 1741/428/1741
f 133/398/133 2798/429/2798 2710/399/2710
f 141/430/141 2719/431/2719 1743/432/1743
f 134/402/134 2800/433/2800 2703/403/2703
f 142/434/142 2711/435/2711 1745/436/1745
f 53/287/53 2802/437/2802 2712/288/2712
f 143/438/143 2722/439/2722 1747/440/1747
f 135/406/135 2804/441/2804 2713/407/2713
f 144/442/144 2723/443/2723 1749/444/1749
f 136/410/136 2806/445/2806 2714/411/2714
f 145/446/145 2724/447/2724 1751/448/1751
f 137/414/137 2808/449/2808 2715/415/2715
f 146/450/146 2725/451/2725 1753/452/1753
f 138/418/138 2810/453/2810 2716/419/2716
f 147/454/147 2726/455/2726 1755/456/1755
f 139/422/139 2812/457/2812 2717/423/2717
f 148/458/148 2727/459/2727 1757/460/1757
f 140/426/140 2814/461/2814 2718/427/2718
f 149/462/149 2728/463/2728 1759/464/1759
f 141/430/141 2816/465/2816 2719/431/2719
f 150/466/150 2729/467/2729 1761/468/1761
f 142/434/142 2818/469/2818 2711/435/2711
f 151/470/151 2720/471/2720 1763/472/1763
f 52/290/52 2820/473/2820 2721/291/2721
f 5781/474/5780 1937/475/1937 4618/476/4618
f 143/438/143 2822/477/2822 2722/439/2722
f 5892/478/5891 5893/479/5892 3550/480/3550
f 144/442/144 2824/481/2824 2723/443/2723
f 5894/482/5893 2429/483/2429 2428/484/2428
f 145/446/145 2826/485/2826 2724/447/2724
f 5795/486/5794 4594/487/4594 4593/488/4593
f 146/450/146 2828/489/2828 2725/451/2725
f 5716/490/5715 2275/491/2275 3874/492/3874
f 147/454/147 2830/493/2830 2726/455/2726
f 5714/494/5713 3873/495/3873 2274/496/2274
f 148/458/148 2832/497/2832 2727/459/2727
f 5712/498/5711 5713/499/5712 2273/500/2273
f 149/462/149 2834/501/2834 2728/463/2728
f 5779/502/5778 4617/503/4617 1936/504/1936
f 150/466/150 2836/505/2836 2729/467/2729
f 5709/506/5708 5710/507/5709 2272/508/2272
f 151/470/151 2838/509/2838 2720/471/2720
f 5763/510/5762 5680/511/5679 2460/512/2460
f 21/513/21 2840/514/2840 2445/515/2445
f 20/516/20 2842/517/2842 2469/518/2469
f 19/519/19 2844/520/2844 2468/521/2468
f 18/522/18 2847/523/2847 2467/524/2467
f 17/525/17 2851/526/2851 2466/527/2466
f 16/528/16 2856/529/2856 2465/530/2465
f 15/531/15 2862/532/2862 2464/533/2464
f 14/534/14 2869/535/2869 2463/536/2463
f 13/537/13 2877/538/2877 2462/539/2462
f 12/540/12 2886/541/2886 2461/542/2461
f 21/513/21 2895/543/2895 2840/514/2840
f 152/544/152 2841/545/2841 1840/546/1840
f 20/516/20 2897/547/2897 2842/517/2842
f 153/548/153 2845/549/2845 1842/550/1842
f 152/544/152 2899/551/2899 2841/545/2841
f 154/552/154 2843/553/2843 1844/554/1844
f 19/519/19 2901/555/2901 2844/520/2844
f 155/556/155 2848/557/2848 1846/558/1846
f 153/548/153 2903/559/2903 2845/549/2845
f 156/560/156 2849/561/2849 1848/562/1848
f 154/552/154 2905/563/2905 2843/553/2843
f 157/564/157 2846/565/2846 1850/566/1850
f 18/522/18 2907/567/2907 2847/523/2847
f 158/568/158 2852/569/2852 1852/570/1852
f 155/556/155 2909/571/2909 2848/557/2848
f 159/572/159 2853/573/2853 1854/574/1854
f 156/560/156 2911/575/2911 2849/561/2849
f 160/576/160 2854/577/2854 1856/578/1856
f 157/564/157 2913/579/2913 2846/565/2846
f 161/580/161 2850/581/2850 1858/582/1858
f 17/525/17 2915/583/2915 2851/526/2851
f 162/584/162 2857/585/2857 1860/586/1860
f 158/568/158 2917/587/2917 2852/569/2852
f 163/588/163 2858/589/2858 1862/590/1862
f 159/572/159 2919/591/2919 2853/573/2853
f 164/592/164 2859/593/2859 1864/594/1864
f 160/576/160 2921/595/2921 2854/577/2854
f 165/596/165 2860/597/2860 1866/598/1866
f 161/580/161 2923/599/2923 2850/581/2850
f 166/600/166 2855/601/2855 1868/602/1868
f 16/528/16 2925/603/2925 2856/529/2856
f 167/604/167 2863/605/2863 1870/606/1870
f 162/584/162 2927/607/2927 2857/585/2857
f 168/608/168 2864/609/2864 1872/610/1872
f 163/588/163 2929/611/2929 2858/589/2858
f 169/612/169 2865/613/2865 1874/614/1874
f 164/592/164 2931/615/2931 2859/593/2859
f 170/616/170 2866/617/2866 1876/618/1876
f 165/596/165 2933/619/2933 2860/597/2860
f 171/620/171 2867/621/2867 1878/622/1878
f 166/600/166 2935/623/2935 2855/601/2855
f 172/624/172 2861/625/2861 1880/626/1880
f 15/531/15 2937/627/2937 2862/532/2862
f 173/628/173 2870/629/2870 1882/630/1882
f 167/604/167 2939/631/2939 2863/605/2863
f 174/632/174 2871/633/2871 1884/634/1884
f 168/608/168 2941/635/2941 2864/609/2864
f 175/636/175 2872/637/2872 1886/638/1886
f 169/612/169 2943/639/2943 2865/613/2865
f 176/640/176 2873/641/2873 1888/642/1888
f 170/616/170 2945/643/2945 2866/617/2866
f 177/644/177 2874/645/2874 1890/646/1890
f 171/620/171 2947/647/2947 2867/621/2867
f 178/648/178 2875/649/2875 1892/650/1892
f 172/624/172 2949/651/2949 2861/625/2861
f 179/652/179 2868/653/2868 1894/654/1894
f 14/534/14 2951/655/2951 2869/535/2869
f 180/656/180 2878/657/2878 1896/658/1896
f 173/628/173 2953/659/2953 2870/629/2870
f 181/660/181 2879/661/2879 1898/662/1898
f 174/632/174 2955/663/2955 2871/633/2871
f 182/664/182 2880/665/2880 1900/666/1900
f 175/636/175 2957/667/2957 2872/637/2872
f 183/668/183 2881/669/2881 1902/670/1902
f 176/640/176 2959/671/2959 2873/641/2873
f 184/672/184 2882/673/2882 1904/674/1904
f 177/644/177 2961/675/2961 2874/645/2874
f 185/676/185 2883/677/2883 1906/678/1906
f 178/648/178 2963/679/2963 2875/649/2875
f 186/680/186 2884/681/2884 1908/682/1908
f 179/652/179 2965/683/2965 2868/653/2868
f 187/684/187 2876/685/2876 1910/686/1910
f 13/537/13 2967/687/2967 2877/538/2877
f 188/688/188 2887/689/2887 1912/690/1912
f 180/656/180 2969/691/2969 2878/657/2878
f 189/692/189 2888/693/2888 1914/694/1914
f 181/660/181 2971/695/2971 2879/661/2879
f 190/696/190 2889/697/2889 1916/698/1916
f 182/664/182 2973/699/2973 2880/665/2880
f 191/700/191 2890/701/2890 1918/702/1918
f 183/668/183 2975/703/2975 2881/669/2881
f 192/704/192 2891/705/2891 1920/706/1920
f 184/672/184 2977/707/2977 2882/673/2882
f 193/708/193 2892/709/2892 1922/710/1922
f 185/676/185 2979/711/2979 2883/677/2883
f 194/712/194 2893/713/2893 1924/714/1924
f 186/680/186 2981/715/2981 2884/681/2884
f 195/716/195 2894/717/2894 1926/718/1926
f 187/684/187 2983/719/2983 2876/685/2876
f 196/720/196 2885/721/2885 1928/722/1928
f 12/540/12 2985/723/2985 2886/541/2886
f 5760/724/5759 5761/725/5760 2113/726/2113
f 188/688/188 2987/727/2987 2887/689/2887
f 5757/728/5756 5758/729/5757 4227/730/4227
f 189/692/189 2989/731/2989 2888/693/2888
f 5755/732/5754 4234/733/4234 4233/734/4233
f 190/696/190 2991/735/2991 2889/697/2889
f 5751/736/5750 5752/737/5751 4240/738/4240
f 191/700/191 2993/739/2993 2890/701/2890
f 5748/740/5747 5749/741/5748 2106/742/2106
f 192/704/192 2995/743/2995 2891/705/2891
f 5885/744/5884 5677/745/5676 5676/746/5675
f 193/708/193 2997/747/2997 2892/709/2892
f 5744/748/5743 5745/749/5744 2104/750/2104
f 194/712/194 2999/751/2999 2893/713/2893
f 5877/752/5876 2637/753/2637 2547/754/2547
f 195/716/195 3001/755/3001 2894/717/2894
f 5742/756/5741 2103/757/2103 2102/758/2102
f 196/720/196 3003/759/3003 2885/721/2885
f 5868/760/5867 5869/761/5868 2532/762/2532
f 31/763/31 3005/764/3005 2446/765/2446
f 30/766/30 3007/767/3007 2479/768/2479
f 29/769/29 3009/770/3009 2478/771/2478
f 28/772/28 3012/773/3012 2477/774/2477
f 27/775/27 3016/776/3016 2476/777/2476
f 26/778/26 3021/779/3021 2475/780/2475
f 25/781/25 3027/782/3027 2474/783/2474
f 24/784/24 3034/785/3034 2473/786/2473
f 23/787/23 3042/788/3042 2472/789/2472
f 22/790/22 3051/791/3051 2471/792/2471
f 31/763/31 3060/793/3060 3005/764/3005
f 197/794/197 3006/795/3006 2005/796/2005
f 30/766/30 3062/797/3062 3007/767/3007
f 198/798/198 3010/799/3010 2007/800/2007
f 197/794/197 3064/801/3064 3006/795/3006
f 199/802/199 3008/803/3008 2009/804/2009
f 29/769/29 3066/805/3066 3009/770/3009
f 200/806/200 3013/807/3013 2011/808/2011
f 198/798/198 3068/809/3068 3010/799/3010
f 201/810/201 3014/811/3014 2013/812/2013
f 199/802/199 3070/813/3070 3008/803/3008
f 202/814/202 3011/815/3011 2015/816/2015
f 28/772/28 3072/817/3072 3012/773/3012
f 203/818/203 3017/819/3017 2017/820/2017
f 200/806/200 3074/821/3074 3013/807/3013
f 204/822/204 3018/823/3018 2019/824/2019
f 201/810/201 3076/825/3076 3014/811/3014
f 205/826/205 3019/827/3019 2021/828/2021
f 202/814/202 3078/829/3078 3011/815/3011
f 206/830/206 3015/831/3015 2023/832/2023
f 27/775/27 3080/833/3080 3016/776/3016
f 207/834/207 3022/835/3022 2025/836/2025
f 203/818/203 3082/837/3082 3017/819/3017
f 208/838/208 3023/839/3023 2027/840/2027
f 204/822/204 3084/841/3084 3018/823/3018
f 209/842/209 3024/843/3024 2029/844/2029
f 205/826/205 3086/845/3086 3019/827/3019
f 210/846/210 3025/847/3025 2031/848/2031
f 206/830/206 3088/849/3088 3015/831/3015
f 211/850/211 3020/851/3020 2033/852/2033
f 26/778/26 3090/853/3090 3021/779/3021
f 212/854/212 3028/855/3028 2035/856/2035
f 207/834/207 3092/857/3092 3022/835/3022
f 213/858/213 3029/859/3029 2037/860/2037
f 208/838/208 3094/861/3094 3023/839/3023
f 214/862/214 3030/863/3030 2039/864/2039
f 209/842/209 3096/865/3096 3024/843/3024
f 215/866/215 3031/867/3031 2041/868/2041
f 210/846/210 3098/869/3098 3025/847/3025
f 216/870/216 3032/871/3032 2043/872/2043
f 211/850/211 3100/873/3100 3020/851/3020
f 217/874/217 3026/875/3026 2045/876/2045
f 25/781/25 3102/877/3102 3027/782/3027
f 218/878/218 3035/879/3035 2047/880/2047
f 212/854/212 3104/881/3104 3028/855/3028
f 219/882/219 3036/883/3036 2049/884/2049
f 213/858/213 3106/885/3106 3029/859/3029
f 220/886/220 3037/887/3037 2051/888/2051
f 214/862/214 3108/889/3108 3030/863/3030
f 221/890/221 3038/891/3038 2053/892/2053
f 215/866/215 3110/893/3110 3031/867/3031
f 222/894/222 3039/895/3039 2055/896/2055
f 216/870/216 3112/897/3112 3032/871/3032
f 223/898/223 3040/899/3040 2057/900/2057
f 217/874/217 3114/901/3114 3026/875/3026
f 224/902/224 3033/903/3033 2059/904/2059
f 24/784/24 3116/905/3116 3034/785/3034
f 225/906/225 3043/907/3043 2061/908/2061
f 218/878/218 3118/909/3118 3035/879/3035
f 226/910/226 3044/911/3044 2063/912/2063
f 219/882/219 3120/913/3120 3036/883/3036
f 227/914/227 3045/915/3045 2065/916/2065
f 220/886/220 3122/917/3122 3037/887/3037
f 228/918/228 3046/919/3046 2067/920/2067
f 221/890/221 3124/921/3124 3038/891/3038
f 229/922/229 3047/923/3047 2069/924/2069
f 222/894/222 3126/925/3126 3039/895/3039
f 230/926/230 3048/927/3048 2071/928/2071
f 223/898/223 3128/929/3128 3040/899/3040
f 231/930/231 3049/931/3049 2073/932/2073
f 224/902/224 3130/933/3130 3033/903/3033
f 232/934/232 3041/935/3041 2075/936/2075
f 23/787/23 3132/937/3132 3042/788/3042
f 233/938/233 3052/939/3052 2077/940/2077
f 225/906/225 3134/941/3134 3043/907/3043
f 234/942/234 3053/943/3053 2079/944/2079
f 226/910/226 3136/945/3136 3044/911/3044
f 235/946/235 3054/947/3054 2081/948/2081
f 227/914/227 3138/949/3138 3045/915/3045
f 236/950/236 3055/951/3055 2083/952/2083
f 228/918/228 3140/953/3140 3046/919/3046
f 237/954/237 3056/955/3056 2085/956/2085
f 229/922/229 3142/957/3142 3047/923/3047
f 238/958/238 3057/959/3057 2087/960/2087
f 230/926/230 3144/961/3144 3048/927/3048
f 239/962/239 3058/963/3058 2089/964/2089
f 231/930/231 3146/965/3146 3049/931/3049
f 240/966/240 3059/967/3059 2091/968/2091
f 232/934/232 3148/969/3148 3041/935/3041
f 241/970/241 3050/971/3050 2093/972/2093
f 22/790/22 3150/973/3150 3051/791/3051
f 5739/974/5738 4257/975/4257 2101/976/2101
f 233/938/233 3152/977/3152 3052/939/3052
f 5860/978/5859 5646/979/5645 5645/980/5644
f 234/942/234 3154/981/3154 3053/943/3053
f 5736/982/5735 4264/983/4264 4263/984/4263
f 235/946/235 3156/985/3156 3054/947/3054
f 5851/986/5850 5852/987/5851 5651/988/5650
f 236/950/236 3158/989/3158 3055/951/3055
f 5846/990/5845 2510/991/2510 5658/992/5657
f 237/954/237 3160/993/3160 3056/955/3056
f 5731/994/5730 5732/995/5731 4269/996/4269
f 238/958/238 3162/997/3162 3057/959/3057
f 5837/998/5836 5838/999/5837 4947/1000/4946
f 239/962/239 3164/1001/3164 3058/963/3058
f 5729/1002/5728 4276/1003/4276 4275/1004/4275
f 240/966/240 3166/1005/3166 3059/967/3059
f 5829/1006/5828 5830/1007/5829 1777/1008/1777
f 241/970/241 3168/1009/3168 3050/971/3050
f 5822/1010/5821 1773/1011/1773 1772/1012/1772
f 41/1013/41 3170/1014/3170 2447/1015/2447
f 40/1016/40 3172/1017/3172 2489/1018/2489
f 39/1019/39 3174/1020/3174 2488/1021/2488
f 38/1022/38 3177/1023/3177 2487/1024/2487
f 37/1025/37 3181/1026/3181 2486/1027/2486
f 36/1028/36 3186/1029/3186 2485/1030/2485
f 35/1031/35 3192/1032/3192 2484/1033/2484
f 34/1034/34 3199/1035/3199 2483/1036/2483
f 33/1037/33 3207/1038/3207 2482/1039/2482
f 32/1040/32 3216/1041/3216 2481/1042/2481
f 41/1013/41 3225/1043/3225 3170/1014/3170
f 242/1044/242 3171/1045/3171 2170/1046/2170
f 40/1016/40 3227/1047/3227 3172/1017/3172
f 243/1048/243 3175/1049/3175 2172/1050/2172
f 242/1044/242 3229/1051/3229 3171/1045/3171
f 244/1052/244 3173/1053/3173 2174/1054/2174
f 39/1019/39 3231/1055/3231 3174/1020/3174
f 245/1056/245 3178/1057/3178 2176/1058/2176
f 243/1048/243 3233/1059/3233 3175/1049/3175
f 246/1060/246 3179/1061/3179 2178/1062/2178
f 244/1052/244 3235/1063/3235 3173/1053/3173
f 247/1064/247 3176/1065/3176 2180/1066/2180
f 38/1022/38 3237/1067/3237 3177/1023/3177
f 248/1068/248 3182/1069/3182 2182/1070/2182
f 245/1056/245 3239/1071/3239 3178/1057/3178
f 249/1072/249 3183/1073/3183 2184/1074/2184
f 246/1060/246 3241/1075/3241 3179/1061/3179
f 250/1076/250 3184/1077/3184 2186/1078/2186
f 247/1064/247 3243/1079/3243 3176/1065/3176
f 251/1080/251 3180/1081/3180 2188/1082/2188
f 37/1025/37 3245/1083/3245 3181/1026/3181
f 252/1084/252 3187/1085/3187 2190/1086/2190
f 248/1068/248 3247/1087/3247 3182/1069/3182
f 253/1088/253 3188/1089/3188 2192/1090/2192
f 249/1072/249 3249/1091/3249 3183/1073/3183
f 254/1092/254 3189/1093/3189 2194/1094/2194
f 250/1076/250 3251/1095/3251 3184/1077/3184
f 255/1096/255 3190/1097/3190 2196/1098/2196
f 251/1080/251 3253/1099/3253 3180/1081/3180
f 256/1100/256 3185/1101/3185 2198/1102/2198
f 36/1028/36 3255/1103/3255 3186/1029/3186
f 257/1104/257 3193/1105/3193 2200/1106/2200
f 252/1084/252 3257/1107/3257 3187/1085/3187
f 258/1108/258 3194/1109/3194 2202/1110/2202
f 253/1088/253 3259/1111/3259 3188/1089/3188
f 259/1112/259 3195/1113/3195 2204/1114/2204
f 254/1092/254 3261/1115/3261 3189/1093/3189
f 260/1116/260 3196/1117/3196 2206/1118/2206
f 255/1096/255 3263/1119/3263 3190/1097/3190
f 261/1120/261 3197/1121/3197 2208/1122/2208
f 256/1100/256 3265/1123/3265 3185/1101/3185
f 262/1124/262 3191/1125/3191 2210/1126/2210
f 35/1031/35 3267/1127/3267 3192/1032/3192
f 263/1128/263 3200/1129/3200 2212/1130/2212
f 257/1104/257 3269/1131/3269 3193/1105/3193
f 264/1132/264 3201/1133/3201 2214/1134/2214
f 258/1108/258 3271/1135/3271 3194/1109/3194
f 265/1136/265 3202/1137/3202 2216/1138/2216
f 259/1112/259 3273/1139/3273 3195/1113/3195
f 266/1140/266 3203/1141/3203 2218/1142/2218
f 260/1116/260 3275/1143/3275 3196/1117/3196
f 267/1144/267 3204/1145/3204 2220/1146/2220
f 261/1120/261 3277/1147/3277 3197/1121/3197
f 268/1148/268 3205/1149/3205 2222/1150/2222
f 262/1124/262 3279/1151/3279 3191/1125/3191
f 269/1152/269 3198/1153/3198 2224/1154/2224
f 34/1034/34 3281/1155/3281 3199/1035/3199
f 270/1156/270 3208/1157/3208 2226/1158/2226
f 263/1128/263 3283/1159/3283 3200/1129/3200
f 271/1160/271 3209/1161/3209 2228/1162/2228
f 264/1132/264 3285/1163/3285 3201/1133/3201
f 272/1164/272 3210/1165/3210 2230/1166/2230
f 265/1136/265 3287/1167/3287 3202/1137/3202
f 273/1168/273 3211/1169/3211 2232/1170/2232
f 266/1140/266 3289/1171/3289 3203/1141/3203
f 274/1172/274 3212/1173/3212 2234/1174/2234
f 267/1144/267 3291/1175/3291 3204/1145/3204
f 275/1176/275 3213/1177/3213 2236/1178/2236
f 268/1148/268 3293/1179/3293 3205/1149/3205
f 276/1180/276 3214/1181/3214 2238/1182/2238
f 269/1152/269 3295/1183/3295 3198/1153/3198
f 277/1184/277 3206/1185/3206 2240/1186/2240
f 33/1037/33 3297/1187/3297 3207/1038/3207
f 278/1188/278 3217/1189/3217 2242/1190/2242
f 270/1156/270 3299/1191/3299 3208/1157/3208
f 279/1192/279 3218/1193/3218 2244/1194/2244
f 271/1160/271 3301/1195/3301 3209/1161/3209
f 280/1196/280 3219/1197/3219 2246/1198/2246
f 272/1164/272 3303/1199/3303 3210/1165/3210
f 281/1200/281 3220/1201/3220 2248/1202/2248
f 273/1168/273 3305/1203/3305 3211/1169/3211
f 282/1204/282 3221/1205/3221 2250/1206/2250
f 274/1172/274 3307/1207/3307 3212/1173/3212
f 283/1208/283 3222/1209/3222 2252/1210/2252
f 275/1176/275 3309/1211/3309 3213/1177/3213
f 284/1212/284 3223/1213/3223 2254/1214/2254
f 276/1180/276 3311/1215/3311 3214/1181/3214
f 285/1216/285 3224/1217/3224 2256/1218/2256
f 277/1184/277 3313/1219/3313 3206/1185/3206
f 286/1220/286 3215/1221/3215 2258/1222/2258
f 32/1040/32 3315/1223/3315 3216/1041/3216
f 5903/1224/5902 3531/1225/3531 2433/1226/2433
f 278/1188/278 3317/1227/3317 3217/1189/3217
f 5901/1228/5900 2432/1229/2432 3538/1230/3538
f 279/1192/279 3319/1231/3319 3218/1193/3218
f 5808/1232/5807 4995/1233/4994 1765/1234/1765
f 280/1196/280 3321/1235/3321 3219/1197/3219
f 5898/1236/5897 2431/1237/2431 2430/1238/2430
f 281/1200/281 3323/1239/3323 3220/1201/3220
f 5799/1240/5798 5800/1241/5799 1947/1242/1947
f 282/1204/282 3325/1243/3325 3221/1205/3221
f 5824/1244/5823 5825/1245/5824 1774/1246/1774
f 283/1208/283 3327/1247/3327 3222/1209/3222
f 5767/1248/5766 1930/1249/1930 1929/1250/1929
f 284/1212/284 3329/1251/3329 3223/1213/3223
f 5764/1252/5763 5667/1253/5666 2460/512/2460
f 285/1216/285 3331/1254/3331 3224/1217/3224
f 286/1220/286 3333/1255/3333 3215/1221/3215
f 2/260/2 3335/1256/3335 1394/261/1394
f 3/256/3 3337/1257/3337 1395/257/1395
f 4/252/4 3339/1258/3339 1396/253/1396
f 5/248/5 3342/1259/3342 1397/249/1397
f 6/244/6 3346/1260/3346 1398/245/1398
f 7/240/7 3351/1261/3351 1399/241/1399
f 8/236/8 3357/1262/3357 1400/237/1400
f 9/232/9 3364/1263/3364 1401/233/1401
f 10/228/10 3372/1264/3372 1402/229/1402
f 11/224/11 3381/1265/3381 1403/225/1403
f 2/260/2 3390/1266/3390 3335/1256/3335
f 287/1267/287 3336/1268/3336 2335/1269/2335
f 3/256/3 3392/1270/3392 3337/1257/3337
f 288/1271/288 3340/1272/3340 2337/1273/2337
f 287/1267/287 3394/1274/3394 3336/1268/3336
f 289/1275/289 3338/1276/3338 2339/1277/2339
f 4/252/4 3396/1278/3396 3339/1258/3339
f 290/1279/290 3343/1280/3343 2341/1281/2341
f 288/1271/288 3398/1282/3398 3340/1272/3340
f 291/1283/291 3344/1284/3344 2343/1285/2343
f 289/1275/289 3400/1286/3400 3338/1276/3338
f 292/1287/292 3341/1288/3341 2345/1289/2345
f 5/248/5 3402/1290/3402 3342/1259/3342
f 293/1291/293 3347/1292/3347 2347/1293/2347
f 290/1279/290 3404/1294/3404 3343/1280/3343
f 294/1295/294 3348/1296/3348 2349/1297/2349
f 291/1283/291 3406/1298/3406 3344/1284/3344
f 295/1299/295 3349/1300/3349 2351/1301/2351
f 292/1287/292 3408/1302/3408 3341/1288/3341
f 296/1303/296 3345/1304/3345 2353/1305/2353
f 6/244/6 3410/1306/3410 3346/1260/3346
f 297/1307/297 3352/1308/3352 2355/1309/2355
f 293/1291/293 3412/1310/3412 3347/1292/3347
f 298/1311/298 3353/1312/3353 2357/1313/2357
f 294/1295/294 3414/1314/3414 3348/1296/3348
f 299/1315/299 3354/1316/3354 2359/1317/2359
f 295/1299/295 3416/1318/3416 3349/1300/3349
f 300/1319/300 3355/1320/3355 2361/1321/2361
f 296/1303/296 3418/1322/3418 3345/1304/3345
f 301/1323/301 3350/1324/3350 2363/1325/2363
f 7/240/7 3420/1326/3420 3351/1261/3351
f 302/1327/302 3358/1328/3358 2365/1329/2365
f 297/1307/297 3422/1330/3422 3352/1308/3352
f 303/1331/303 3359/1332/3359 2367/1333/2367
f 298/1311/298 3424/1334/3424 3353/1312/3353
f 304/1335/304 3360/1336/3360 2369/1337/2369
f 299/1315/299 3426/1338/3426 3354/1316/3354
f 305/1339/305 3361/1340/3361 2371/1341/2371
f 300/1319/300 3428/1342/3428 3355/1320/3355
f 306/1343/306 3362/1344/3362 2373/1345/2373
f 301/1323/301 3430/1346/3430 3350/1324/3350
f 307/1347/307 3356/1348/3356 2375/1349/2375
f 8/236/8 3432/1350/3432 3357/1262/3357
f 308/1351/308 3365/1352/3365 2377/1353/2377
f 302/1327/302 3434/1354/3434 3358/1328/3358
f 309/1355/309 3366/1356/3366 2379/1357/2379
f 303/1331/303 3436/1358/3436 3359/1332/3359
f 310/1359/310 3367/1360/3367 2381/1361/2381
f 304/1335/304 3438/1362/3438 3360/1336/3360
f 311/1363/311 3368/1364/3368 2383/1365/2383
f 305/1339/305 3440/1366/3440 3361/1340/3361
f 312/1367/312 3369/1368/3369 2385/1369/2385
f 306/1343/306 3442/1370/3442 3362/1344/3362
f 313/1371/313 3370/1372/3370 2387/1373/2387
f 307/1347/307 3444/1374/3444 3356/1348/3356
f 314/1375/314 3363/1376/3363 2389/1377/2389
f 9/232/9 3446/1378/3446 3364/1263/3364
f 315/1379/315 3373/1380/3373 2391/1381/2391
f 308/1351/308 3448/1382/3448 3365/1352/3365
f 316/1383/316 3374/1384/3374 2393/1385/2393
f 309/1355/309 3450/1386/3450 3366/1356/3366
f 317/1387/317 3375/1388/3375 2395/1389/2395
f 310/1359/310 3452/1390/3452 3367/1360/3367
f 318/1391/318 3376/1392/3376 2397/1393/2397
f 311/1363/311 3454/1394/3454 3368/1364/3368
f 319/1395/319 3377/1396/3377 2399/1397/2399
f 312/1367/312 3456/1398/3456 3369/1368/3369
f 320/1399/320 3378/1400/3378 2401/1401/2401
f 313/1371/313 3458/1402/3458 3370/1372/3370
f 321/1403/321 3379/1404/3379 2403/1405/2403
f 314/1375/314 3460/1406/3460 3363/1376/3363
f 322/1407/322 3371/1408/3371 2405/1409/2405
f 10/228/10 3462/1410/3462 3372/1264/3372
f 323/1411/323 3382/1412/3382 2407/1413/2407
f 315/1379/315 3464/1414/3464 3373/1380/3373
f 324/1415/324 3383/1416/3383 2409/1417/2409
f 316/1383/316 3466/1418/3466 3374/1384/3374
f 325/1419/325 3384/1420/3384 2411/1421/2411
f 317/1387/317 3468/1422/3468 3375/1388/3375
f 326/1423/326 3385/1424/3385 2413/1425/2413
f 318/1391/318 3470/1426/3470 3376/1392/3376
f 327/1427/327 3386/1428/3386 2415/1429/2415
f 319/1395/319 3472/1430/3472 3377/1396/3377
f 328/1431/328 3387/1432/3387 2417/1433/2417
f 320/1399/320 3474/1434/3474 3378/1400/3378
f 329/1435/329 3388/1436/3388 2419/1437/2419
f 321/1403/321 3476/1438/3476 3379/1404/3379
f 330/1439/330 3389/1440/3389 2421/1441/2421
f 322/1407/322 3478/1442/3478 3371/1408/3371
f 331/1443/331 3380/1444/3380 2423/1445/2423
f 11/224/11 3480/1446/3480 3381/1265/3381
f 5834/1447/5833 4953/1448/4952 1779/1449/1779
f 323/1411/323 3482/1450/3482 3382/1412/3382
f 5910/1451/5909 5911/1452/5910 3519/1453/3519
f 324/1415/324 3484/1454/3484 3383/1416/3383
f 5842/1455/5841 5843/1456/5842 4942/1457/4941
f 325/1419/325 3486/1458/3486 3384/1420/3384
f 5848/1459/5847 5654/1460/5653 2565/1461/2565
f 326/1423/326 3488/1462/3488 3385/1424/3385
f 5915/1463/5914 3514/1464/3514 3513/1465/3513
f 327/1427/327 3490/1466/3490 3386/1428/3386
f 5917/1467/5916 2441/1468/2441 2440/1469/2440
f 328/1431/328 3492/1470/3492 3387/1432/3387
f 5862/1471/5861 2585/1472/2585 2521/1473/2521
f 329/1435/329 3494/1474/3494 3388/1436/3388
f 5919/1475/5918 5920/1476/5919 2442/1477/2442
f 330/1439/330 3496/1478/3496 3389/1440/3389
f 5870/1479/5869 5871/1480/5870 5636/1481/5635
f 331/1443/331 3498/1482/3498 3380/1444/3380
f 5876/1483/5875 2547/754/2547 5634/1484/5633
f 1387/1485/1387 3500/1486/3500 3499/1487/3499
f 1387/1485/1387 3501/1488/3501 3500/1486/3500
f 5797/1489/5796 1945/1490/1945 5796/1491/5795
f 1268/1492/1268 3503/1493/3503 2324/1494/2324
f 1268/1492/1268 3504/1495/3504 3503/1493/3503
f 1386/1496/1386 2442/1477/2442 3505/1497/3505
f 1385/1498/1385 3506/1499/3506 3497/1500/3497
f 1385/1498/1385 3507/1501/3507 3506/1499/3506
f 5794/1502/5793 1944/1503/1944 5793/1504/5792
f 1277/1505/1277 3509/1506/3509 2333/1507/2333
f 1277/1505/1277 3510/1508/3510 3509/1506/3509
f 1384/1509/1384 2440/1469/2440 3511/1510/3511
f 1383/1511/1383 3512/1512/3512 3495/1513/3495
f 1383/1511/1383 3513/1465/3513 3512/1512/3512
f 5791/1514/5790 4600/1515/4600 4599/1516/4599
f 1276/1517/1276 3515/1518/3515 2332/1519/2332
f 1276/1517/1276 3516/1520/3516 3515/1518/3515
f 1382/1521/1382 2438/1522/2438 3517/1523/3517
f 1381/1524/1381 3518/1525/3518 3493/1526/3493
f 1381/1524/1381 3519/1453/3519 3518/1525/3518
f 5788/1527/5787 1941/1528/1941 4606/1529/4606
f 1275/1530/1275 3521/1531/3521 2331/1532/2331
f 1275/1530/1275 3522/1533/3522 3521/1531/3521
f 1380/1534/1380 2436/1535/2436 3523/1536/3523
f 1379/1537/1379 3524/1538/3524 3491/1539/3491
f 1379/1537/1379 3525/1540/3525 3524/1538/3524
f 5785/1541/5784 1940/1542/1940 1939/1543/1939
f 1274/1544/1274 3527/1545/3527 2330/1546/2330
f 1274/1544/1274 3528/1547/3528 3527/1545/3527
f 1378/1548/1378 2434/1549/2434 3529/1550/3529
f 1377/1551/1377 3530/1552/3530 3489/1553/3489
f 1377/1551/1377 3531/1225/3531 3530/1552/3530
f 5783/1554/5782 1938/1555/1938 5782/1556/5781
f 1273/1557/1273 3533/1558/3533 2329/1559/2329
f 1273/1557/1273 3534/1560/3534 3533/1558/3533
f 1376/1561/1376 2432/1229/2432 3535/1562/3535
f 1375/1563/1375 3536/1564/3536 3487/1565/3487
f 1375/1563/1375 3537/1566/3537 3536/1564/3536
f 5780/1567/5779 4617/503/4617 5779/502/5778
f 1272/1568/1272 3539/1569/3539 2328/1570/2328
f 1272/1568/1272 3540/1571/3540 3539/1569/3539
f 1374/1572/1374 2430/1238/2430 3541/1573/3541
f 1373/1574/1373 3542/1575/3542 3485/1576/3485
f 1373/1574/1373 3543/1577/3543 3542/1575/3542
f 5777/1578/5776 4624/1579/4624 5776/1580/5775
f 1271/1581/1271 3545/1582/3545 2327/1583/2327
f 1271/1581/1271 3546/1584/3546 3545/1582/3545
f 1372/1585/1372 2428/484/2428 3547/1586/3547
f 1371/1587/1371 3548/1588/3548 3483/1589/3483
f 1371/1587/1371 3549/1590/3549 3548/1588/3548
f 5774/1591/5773 1933/1592/1933 5773/1593/5772
f 1270/1594/1270 3551/1595/3551 2326/1596/2326
f 1270/1594/1270 3552/1597/3552 3551/1595/3551
f 1370/1598/1370 2426/1599/2426 3553/1600/3553
f 1369/1601/1369 3554/1602/3554 3481/1603/3481
f 1369/1601/1369 3555/26/3555 3554/1602/3554
f 5771/1604/5770 4629/1605/4629 1932/1606/1932
f 1269/1607/1269 3557/1608/3557 2325/1609/2325
f 1269/1607/1269 3558/1610/3558 3557/1608/3557
f 1368/1611/1368 2424/1612/2424 3559/1613/3559
f 1367/1614/1367 3560/1615/3560 3479/1616/3479
f 1367/1614/1367 3561/1617/3561 3560/1615/3560
f 1268/1492/1268 2324/1494/2324 3562/1618/3562
f 1259/1619/1259 3563/1620/3563 2315/1621/2315
f 1259/1619/1259 3564/1622/3564 3563/1620/3563
f 1366/1623/1366 2422/1624/2422 3565/1625/3565
f 1365/1626/1365 3566/1627/3566 3477/1628/3477
f 1365/1626/1365 3567/1629/3567 3566/1627/3566
f 1277/1505/1277 2333/1507/2333 3568/1630/3568
f 1267/1631/1267 3569/1632/3569 2323/1633/2323
f 1267/1631/1267 3570/1634/3570 3569/1632/3569
f 1364/1635/1364 2420/1636/2420 3571/1637/3571
f 1363/1638/1363 3572/1639/3572 3475/1640/3475
f 1363/1638/1363 3573/1641/3573 3572/1639/3572
f 1276/1517/1276 2332/1519/2332 3574/1642/3574
f 1266/1643/1266 3575/1644/3575 2322/1645/2322
f 1266/1643/1266 3576/1646/3576 3575/1644/3575
f 1362/1647/1362 2418/1648/2418 3577/1649/3577
f 1361/1650/1361 3578/1651/3578 3473/1652/3473
f 1361/1650/1361 3579/1653/3579 3578/1651/3578
f 1275/1530/1275 2331/1532/2331 3580/1654/3580
f 1265/1655/1265 3581/1656/3581 2321/1657/2321
f 1265/1655/1265 3582/1658/3582 3581/1656/3581
f 1360/1659/1360 2416/1660/2416 3583/1661/3583
f 1359/1662/1359 3584/1663/3584 3471/1664/3471
f 1359/1662/1359 3585/1665/3585 3584/1663/3584
f 1274/1544/1274 2330/1546/2330 3586/1666/3586
f 1264/1667/1264 3587/1668/3587 2320/1669/2320
f 1264/1667/1264 3588/1670/3588 3587/1668/3587
f 1358/1671/1358 2414/1672/2414 3589/1673/3589
f 1357/1674/1357 3590/1675/3590 3469/1676/3469
f 1357/1674/1357 3591/1677/3591 3590/1675/3590
f 1273/1557/1273 2329/1559/2329 3592/1678/3592
f 1263/1679/1263 3593/1680/3593 2319/1681/2319
f 1263/1679/1263 3594/1682/3594 3593/1680/3593
f 1356/1683/1356 2412/1684/2412 3595/1685/3595
f 1355/1686/1355 3596/1687/3596 3467/1688/3467
f 1355/1686/1355 3597/1689/3597 3596/1687/3596
f 1272/1568/1272 2328/1570/2328 3598/1690/3598
f 1262/1691/1262 3599/1692/3599 2318/1693/2318
f 1262/1691/1262 3600/1694/3600 3599/1692/3599
f 1354/1695/1354 2410/1696/2410 3601/1697/3601
f 1353/1698/1353 3602/1699/3602 3465/1700/3465
f 1353/1698/1353 3603/1701/3603 3602/1699/3602
f 1271/1581/1271 2327/1583/2327 3604/1702/3604
f 1261/1703/1261 3605/1704/3605 2317/1705/2317
f 1261/1703/1261 3606/1706/3606 3605/1704/3605
f 1352/1707/1352 2408/1708/2408 3607/1709/3607
f 1351/1710/1351 3608/1711/3608 3463/1712/3463
f 1351/1710/1351 3609/1713/3609 3608/1711/3608
f 1270/1594/1270 2326/1596/2326 3610/1714/3610
f 1260/1715/1260 3611/1716/3611 2316/1717/2316
f 1260/1715/1260 3612/1718/3612 3611/1716/3611
f 1350/1719/1350 2406/1720/2406 3613/1721/3613
f 1349/1722/1349 3614/1723/3614 3461/1724/3461
f 1349/1722/1349 3615/1725/3615 3614/1723/3614
f 1259/1619/1259 2315/1621/2315 3616/1726/3616
f 1251/1727/1251 3617/1728/3617 2307/1729/2307
f 1251/1727/1251 3618/1730/3618 3617/1728/3617
f 1348/1731/1348 2404/1732/2404 3619/1733/3619
f 1347/1734/1347 3620/1735/3620 3459/1736/3459
f 1347/1734/1347 3621/1737/3621 3620/1735/3620
f 1267/1631/1267 2323/1633/2323 3622/1738/3622
f 1258/1739/1258 3623/1740/3623 2314/1741/2314
f 1258/1739/1258 3624/1742/3624 3623/1740/3623
f 1346/1743/1346 2402/1744/2402 3625/1745/3625
f 1345/1746/1345 3626/1747/3626 3457/1748/3457
f 1345/1746/1345 3627/1749/3627 3626/1747/3626
f 1266/1643/1266 2322/1645/2322 3628/1750/3628
f 1257/1751/1257 3629/1752/3629 2313/1753/2313
f 1257/1751/1257 3630/1754/3630 3629/1752/3629
f 1344/1755/1344 2400/1756/2400 3631/1757/3631
f 1343/1758/1343 3632/1759/3632 3455/1760/3455
f 1343/1758/1343 3633/1761/3633 3632/1759/3632
f 1265/1655/1265 2321/1657/2321 3634/1762/3634
f 1256/1763/1256 3635/1764/3635 2312/1765/2312
f 1256/1763/1256 3636/1766/3636 3635/1764/3635
f 1342/1767/1342 2398/1768/2398 3637/1769/3637
f 1341/1770/1341 3638/1771/3638 3453/1772/3453
f 1341/1770/1341 3639/1773/3639 3638/1771/3638
f 1264/1667/1264 2320/1669/2320 3640/1774/3640
f 1255/1775/1255 3641/1776/3641 2311/1777/2311
f 1255/1775/1255 3642/1778/3642 3641/1776/3641
f 1340/1779/1340 2396/1780/2396 3643/1781/3643
f 1339/1782/1339 3644/1783/3644 3451/1784/3451
f 1339/1782/1339 3645/1785/3645 3644/1783/3644
f 1263/1679/1263 2319/1681/2319 3646/1786/3646
f 1254/1787/1254 3647/1788/3647 2310/1789/2310
f 1254/1787/1254 3648/1790/3648 3647/1788/3647
f 1338/1791/1338 2394/1792/2394 3649/1793/3649
f 1337/1794/1337 3650/1795/3650 3449/1796/3449
f 1337/1794/1337 3651/1797/3651 3650/1795/3650
f 1262/1691/1262 2318/1693/2318 3652/1798/3652
f 1253/1799/1253 3653/1800/3653 2309/1801/2309
f 1253/1799/1253 3654/1802/3654 3653/1800/3653
f 1336/1803/1336 2392/1804/2392 3655/1805/3655
f 1335/1806/1335 3656/1807/3656 3447/1808/3447
f 1335/1806/1335 3657/1809/3657 3656/1807/3656
f 1261/1703/1261 2317/1705/2317 3658/1810/3658
f 1252/1811/1252 3659/1812/3659 2308/1813/2308
f 1252/1811/1252 3660/1814/3660 3659/1812/3659
f 1334/1815/1334 2390/1816/2390 3661/1817/3661
f 1333/1818/1333 3662/1819/3662 3445/1820/3445
f 1333/1818/1333 3663/1821/3663 3662/1819/3662
f 1251/1727/1251 2307/1729/2307 3664/1822/3664
f 1244/1823/1244 3665/1824/3665 2300/1825/2300
f 1244/1823/1244 3666/1826/3666 3665/1824/3665
f 1332/1827/1332 2388/1828/2388 3667/1829/3667
f 1331/1830/1331 3668/1831/3668 3443/1832/3443
f 1331/1830/1331 3669/1833/3669 3668/1831/3668
f 1258/1739/1258 2314/1741/2314 3670/1834/3670
f 1250/1835/1250 3671/1836/3671 2306/1837/2306
f 1250/1835/1250 3672/1838/3672 3671/1836/3671
f 1330/1839/1330 2386/1840/2386 3673/1841/3673
f 1329/1842/1329 3674/1843/3674 3441/1844/3441
f 1329/1842/1329 3675/1845/3675 3674/1843/3674
f 1257/1751/1257 2313/1753/2313 3676/1846/3676
f 1249/1847/1249 3677/1848/3677 2305/1849/2305
f 1249/1847/1249 3678/1850/3678 3677/1848/3677
f 1328/1851/1328 2384/1852/2384 3679/1853/3679
f 1327/1854/1327 3680/1855/3680 3439/1856/3439
f 1327/1854/1327 3681/1857/3681 3680/1855/3680
f 1256/1763/1256 2312/1765/2312 3682/1858/3682
f 1248/1859/1248 3683/1860/3683 2304/1861/2304
f 1248/1859/1248 3684/1862/3684 3683/1860/3683
f 1326/1863/1326 2382/1864/2382 3685/1865/3685
f 1325/1866/1325 3686/1867/3686 3437/1868/3437
f 1325/1866/1325 3687/1869/3687 3686/1867/3686
f 1255/1775/1255 2311/1777/2311 3688/1870/3688
f 1247/1871/1247 3689/1872/3689 2303/1873/2303
f 1247/1871/1247 3690/1874/3690 3689/1872/3689
f 1324/1875/1324 2380/1876/2380 3691/1877/3691
f 1323/1878/1323 3692/1879/3692 3435/1880/3435
f 1323/1878/1323 3693/1881/3693 3692/1879/3692
f 1254/1787/1254 2310/1789/2310 3694/1882/3694
f 1246/1883/1246 3695/1884/3695 2302/1885/2302
f 1246/1883/1246 3696/1886/3696 3695/1884/3695
f 1322/1887/1322 2378/1888/2378 3697/1889/3697
f 1321/1890/1321 3698/1891/3698 3433/1892/3433
f 1321/1890/1321 3699/1893/3699 3698/1891/3698
f 1253/1799/1253 2309/1801/2309 3700/1894/3700
f 1245/1895/1245 3701/1896/3701 2301/1897/2301
f 1245/1895/1245 3702/1898/3702 3701/1896/3701
f 1320/1899/1320 2376/1900/2376 3703/1901/3703
f 1319/1902/1319 3704/1903/3704 3431/1904/3431
f 1319/1902/1319 3705/1905/3705 3704/1903/3704
f 1244/1823/1244 2300/1825/2300 3706/1906/3706
f 1238/1907/1238 3707/1908/3707 2294/1909/2294
f 1238/1907/1238 3708/1910/3708 3707/1908/3707
f 1318/1911/1318 2374/1912/2374 3709/1913/3709
f 1317/1914/1317 3710/1915/3710 3429/1916/3429
f 1317/1914/1317 3711/1917/3711 3710/1915/3710
f 1250/1835/1250 2306/1837/2306 3712/1918/3712
f 1243/1919/1243 3713/1920/3713 2299/1921/2299
f 1243/1919/1243 3714/1922/3714 3713/1920/3713
f 1316/1923/1316 2372/1924/2372 3715/1925/3715
f 1315/1926/1315 3716/1927/3716 3427/1928/3427
f 1315/1926/1315 3717/1929/3717 3716/1927/3716
f 1249/1847/1249 2305/1849/2305 3718/1930/3718
f 1242/1931/1242 3719/1932/3719 2298/1933/2298
f 1242/1931/1242 3720/1934/3720 3719/1932/3719
f 1314/1935/1314 2370/1936/2370 3721/1937/3721
f 1313/1938/1313 3722/1939/3722 3425/1940/3425
f 1313/1938/1313 3723/1941/3723 3722/1939/3722
f 1248/1859/1248 2304/1861/2304 3724/1942/3724
f 1241/1943/1241 3725/1944/3725 2297/1945/2297
f 1241/1943/1241 3726/1946/3726 3725/1944/3725
f 1312/1947/1312 2368/1948/2368 3727/1949/3727
f 1311/1950/1311 3728/1951/3728 3423/1952/3423
f 1311/1950/1311 3729/1953/3729 3728/1951/3728
f 1247/1871/1247 2303/1873/2303 3730/1954/3730
f 1240/1955/1240 3731/1956/3731 2296/1957/2296
f 1240/1955/1240 3732/1958/3732 3731/1956/3731
f 1310/1959/1310 2366/1960/2366 3733/1961/3733
f 1309/1962/1309 3734/1963/3734 3421/1964/3421
f 1309/1962/1309 3735/1965/3735 3734/1963/3734
f 1246/1883/1246 2302/1885/2302 3736/1966/3736
f 1239/1967/1239 3737/1968/3737 2295/1969/2295
f 1239/1967/1239 3738/1970/3738 3737/1968/3737
f 1308/1971/1308 2364/1972/2364 3739/1973/3739
f 1307/1974/1307 3740/1975/3740 3419/1976/3419
f 1307/1974/1307 3741/1977/3741 3740/1975/3740
f 1238/1907/1238 2294/1909/2294 3742/1978/3742
f 1233/1979/1233 3743/1980/3743 2289/1981/2289
f 1233/1979/1233 3744/1982/3744 3743/1980/3743
f 1306/1983/1306 2362/1984/2362 3745/1985/3745
f 1305/1986/1305 3746/1987/3746 3417/1988/3417
f 1305/1986/1305 3747/1989/3747 3746/1987/3746
f 1243/1919/1243 2299/1921/2299 3748/1990/3748
f 1237/1991/1237 3749/1992/3749 2293/1993/2293
f 1237/1991/1237 3750/1994/3750 3749/1992/3749
f 1304/1995/1304 2360/1996/2360 3751/1997/3751
f 1303/1998/1303 3752/1999/3752 3415/2000/3415
f 1303/1998/1303 3753/2001/3753 3752/1999/3752
f 1242/1931/1242 2298/1933/2298 3754/2002/3754
f 1236/2003/1236 3755/2004/3755 2292/2005/2292
f 1236/2003/1236 3756/2006/3756 3755/2004/3755
f 1302/2007/1302 2358/2008/2358 3757/2009/3757
f 1301/2010/1301 3758/2011/3758 3413/2012/3413
f 1301/2010/1301 3759/2013/3759 3758/2011/3758
f 1241/1943/1241 2297/1945/2297 3760/2014/3760
f 1235/2015/1235 3761/2016/3761 2291/2017/2291
f 1235/2015/1235 3762/2018/3762 3761/2016/3761
f 1300/2019/1300 2356/2020/2356 3763/2021/3763
f 1299/2022/1299 3764/2023/3764 3411/2024/3411
f 1299/2022/1299 3765/2025/3765 3764/2023/3764
f 1240/1955/1240 2296/1957/2296 3766/2026/3766
f 1234/2027/1234 3767/2028/3767 2290/2029/2290
f 1234/2027/1234 3768/2030/3768 3767/2028/3767
f 1298/2031/1298 2354/2032/2354 3769/2033/3769
f 1297/2034/1297 3770/2035/3770 3409/2036/3409
f 1297/2034/1297 3771/2037/3771 3770/2035/3770
f 1233/1979/1233 2289/1981/2289 3772/2038/3772
f 1229/2039/1229 3773/2040/3773 2285/2041/2285
f 1229/2039/1229 3774/2042/3774 3773/2040/3773
f 1296/2043/1296 2352/2044/2352 3775/2045/3775
f 1295/2046/1295 3776/2047/3776 3407/2048/3407
f 1295/2046/1295 3777/2049/3777 3776/2047/3776
f 1237/1991/1237 2293/1993/2293 3778/2050/3778
f 1232/2051/1232 3779/2052/3779 2288/2053/2288
f 1232/2051/1232 3780/2054/3780 3779/2052/3779
f 1294/2055/1294 2350/2056/2350 3781/2057/3781
f 1293/2058/1293 3782/2059/3782 3405/2060/3405
f 1293/2058/1293 3783/2061/3783 3782/2059/3782
f 1236/2003/1236 2292/2005/2292 3784/2062/3784
f 1231/2063/1231 3785/2064/3785 2287/2065/2287
f 1231/2063/1231 3786/2066/3786 3785/2064/3785
f 1292/2067/1292 2348/2068/2348 3787/2069/3787
f 1291/2070/1291 3788/2071/3788 3403/2072/3403
f 1291/2070/1291 3789/2073/3789 3788/2071/3788
f 1235/2015/1235 2291/2017/2291 3790/2074/3790
f 1230/2075/1230 3791/2076/3791 2286/2077/2286
f 1230/2075/1230 3792/2078/3792 3791/2076/3791
f 1290/2079/1290 2346/2080/2346 3793/2081/3793
f 1289/2082/1289 3794/2083/3794 3401/2084/3401
f 1289/2082/1289 3795/2085/3795 3794/2083/3794
f 1229/2039/1229 2285/2041/2285 3796/2086/3796
f 1226/2087/1226 3797/2088/3797 2282/2089/2282
f 1226/2087/1226 3798/2090/3798 3797/2088/3797
f 1288/2091/1288 2344/2092/2344 3799/2093/3799
f 1287/2094/1287 3800/2095/3800 3399/2096/3399
f 1287/2094/1287 3801/2097/3801 3800/2095/3800
f 1232/2051/1232 2288/2053/2288 3802/2098/3802
f 1228/2099/1228 3803/2100/3803 2284/2101/2284
f 1228/2099/1228 3804/2102/3804 3803/2100/3803
f 1286/2103/1286 2342/2104/2342 3805/2105/3805
f 1285/2106/1285 3806/2107/3806 3397/2108/3397
f 1285/2106/1285 3807/2109/3807 3806/2107/3806
f 1231/2063/1231 2287/2065/2287 3808/2110/3808
f 1227/2111/1227 3809/2112/3809 2283/2113/2283
f 1227/2111/1227 3810/2114/3810 3809/2112/3809
f 1284/2115/1284 2340/2116/2340 3811/2117/3811
f 1283/2118/1283 3812/2119/3812 3395/2120/3395
f 1283/2118/1283 3813/2121/3813 3812/2119/3812
f 1226/2087/1226 2282/2089/2282 3814/2122/3814
f 1224/2123/1224 3815/2124/3815 2280/2125/2280
f 1224/2123/1224 3816/2126/3816 3815/2124/3815
f 1282/2127/1282 2338/2128/2338 3817/2129/3817
f 1281/2130/1281 3818/2131/3818 3393/2132/3393
f 1281/2130/1281 3819/2133/3819 3818/2131/3818
f 1228/2099/1228 2284/2101/2284 3820/2134/3820
f 1225/2135/1225 3821/2136/3821 2281/2137/2281
f 1225/2135/1225 3822/2138/3822 3821/2136/3821
f 1280/2139/1280 2336/2140/2336 3823/2141/3823
f 1279/2142/1279 3824/2143/3824 3391/2144/3391
f 1279/2142/1279 3825/2145/3825 3824/2143/3824
f 1224/2123/1224 2280/2125/2280 3826/2146/3826
f 1223/2147/1223 3827/2148/3827 2279/2149/2279
f 1223/2147/1223 3828/2150/3828 3827/2148/3827
f 1278/2151/1278 2334/2152/2334 3829/2153/3829
f 347/2154/347 3830/2155/3830 2459/2156/2459
f 347/2154/347 3831/2157/3831 3830/2155/3830
f 1269/1607/1269 2325/1609/2325 3832/2158/3832
f 346/2159/346 3833/2160/3833 2458/2161/2458
f 346/2159/346 3834/2162/3834 3833/2160/3833
f 1260/1715/1260 2316/1717/2316 3835/2163/3835
f 345/2164/345 3836/2165/3836 2457/2166/2457
f 345/2164/345 3837/2167/3837 3836/2165/3836
f 1252/1811/1252 2308/1813/2308 3838/2168/3838
f 344/2169/344 3839/2170/3839 2456/2171/2456
f 344/2169/344 3840/2172/3840 3839/2170/3839
f 1245/1895/1245 2301/1897/2301 3841/2173/3841
f 343/2174/343 3842/2175/3842 2455/2176/2455
f 343/2174/343 3843/2177/3843 3842/2175/3842
f 1239/1967/1239 2295/1969/2295 3844/2178/3844
f 342/2179/342 3845/2180/3845 2454/2181/2454
f 342/2179/342 3846/2182/3846 3845/2180/3845
f 1234/2027/1234 2290/2029/2290 3847/2183/3847
f 341/2184/341 3848/2185/3848 2453/2186/2453
f 341/2184/341 3849/2187/3849 3848/2185/3848
f 1230/2075/1230 2286/2077/2286 3850/2188/3850
f 340/2189/340 3851/2190/3851 2452/2191/2452
f 340/2189/340 3852/2192/3852 3851/2190/3851
f 1227/2111/1227 2283/2113/2283 3853/2193/3853
f 339/2194/339 3854/2195/3854 2451/2196/2451
f 339/2194/339 3855/2197/3855 3854/2195/3854
f 1225/2135/1225 2281/2137/2281 3856/2198/3856
f 338/2199/338 3857/2200/3857 2450/2201/2450
f 338/2199/338 3858/2202/3858 3857/2200/3857
f 1223/2147/1223 2279/2149/2279 3859/2203/3859
f 1222/2204/1222 3860/2205/3860 3334/2206/3334
f 1222/2204/1222 3861/2207/3861 3860/2205/3860
f 5706/2208/5705 5707/2209/5706 3885/2210/3885
f 1103/2211/1103 3863/2212/3863 2159/2213/2159
f 1103/2211/1103 3864/2214/3864 3863/2212/3863
f 1221/2215/1221 2277/2216/2277 3865/2217/3865
f 1220/2218/1220 3866/2219/3866 3332/2220/3332
f 1220/2218/1220 3867/2221/3867 3866/2219/3866
f 5823/2222/5822 4971/2223/4970 1773/1011/1773
f 1112/2224/1112 3869/2225/3869 2168/2226/2168
f 1112/2224/1112 3870/2227/3870 3869/2225/3869
f 1219/2228/1219 2275/491/2275 3871/2229/3871
f 1218/2230/1218 3872/2231/3872 3330/2232/3330
f 1218/2230/1218 3873/495/3873 3872/2231/3872
f 5798/2233/5797 5799/1240/5798 4588/2234/4588
f 1111/2235/1111 3875/2236/3875 2167/2237/2167
f 1111/2235/1111 3876/2238/3876 3875/2236/3875
f 1217/2239/1217 2273/500/2273 3877/2240/3877
f 1216/2241/1216 3878/2242/3878 3328/2243/3328
f 1216/2241/1216 3879/2244/3879 3878/2242/3878
f 5803/2245/5802 5681/2246/5680 2500/2247/2500
f 1110/2248/1110 3881/2249/3881 2166/2250/2166
f 1110/2248/1110 3882/2251/3882 3881/2249/3881
f 1215/2252/1215 2271/2253/2271 3883/2254/3883
f 1214/2255/1214 3884/2256/3884 3326/2257/3326
f 1214/2255/1214 3885/2210/3885 3884/2256/3884
f 5807/2258/5806 1765/1234/1765 1764/2259/1764
f 1109/2260/1109 3887/2261/3887 2165/2262/2165
f 1109/2260/1109 3888/2263/3888 3887/2261/3887
f 1213/2264/1213 2269/2265/2269 3889/2266/3889
f 1212/2267/1212 3890/2268/3890 3324/2269/3324
f 1212/2267/1212 3891/2270/3891 3890/2268/3890
f 5811/2271/5810 5812/2272/5811 4989/2273/4988
f 1108/2274/1108 3893/2275/3893 2164/2276/2164
f 1108/2274/1108 3894/2277/3894 3893/2275/3893
f 1211/2278/1211 2267/24/2267 3895/2279/3895
f 1210/2280/1210 3896/2281/3896 3322/2282/3322
f 1210/2280/1210 3897/20/3897 3896/2281/3896
f 5815/2283/5814 4983/2284/4982 1769/2285/1769
f 1107/2286/1107 3899/2287/3899 2163/2288/2163
f 1107/2286/1107 3900/2289/3900 3899/2287/3899
f 1209/2290/1209 2265/123/2265 3901/2291/3901
f 1208/2292/1208 3902/2293/3902 3320/2294/3320
f 1208/2292/1208 3903/18/3903 3902/2293/3902
f 5820/2295/5819 4978/2296/4977 4977/2297/4976
f 1106/2298/1106 3905/2299/3905 2162/2300/2162
f 1106/2298/1106 3906/2301/3906 3905/2299/3905
f 1207/2302/1207 2263/2303/2263 3907/2304/3907
f 1206/2305/1206 3908/2306/3908 3318/2307/3318
f 1206/2305/1206 3909/77/3909 3908/2306/3908
f 5830/1007/5829 5831/2308/5830 4959/2309/4958
f 1105/2310/1105 3911/2311/3911 2161/2312/2161
f 1105/2310/1105 3912/2313/3912 3911/2311/3911
f 1205/2314/1205 2261/11/2261 3913/2315/3913
f 1204/2316/1204 3914/2317/3914 3316/2318/3316
f 1204/2316/1204 3915/60/3915 3914/2317/3914
f 5841/2319/5840 5842/1455/5841 4941/2320/4940
f 1104/2321/1104 3917/2322/3917 2160/2323/2160
f 1104/2321/1104 3918/2324/3918 3917/2322/3917
f 1203/2325/1203 2259/9/2259 3919/2326/3919
f 1202/2327/1202 3920/2328/3920 3314/2329/3314
f 1202/2327/1202 3921/2330/3921 3920/2328/3920
f 1103/2211/1103 2159/2213/2159 3922/2331/3922
f 1094/2332/1094 3923/2333/3923 2150/2334/2150
f 1094/2332/1094 3924/2335/3924 3923/2333/3923
f 1201/2336/1201 2257/2337/2257 3925/2338/3925
f 1200/2339/1200 3926/2340/3926 3312/2341/3312
f 1200/2339/1200 3927/2342/3927 3926/2340/3926
f 1112/2224/1112 2168/2226/2168 3928/2343/3928
f 1102/2344/1102 3929/2345/3929 2158/2346/2158
f 1102/2344/1102 3930/2347/3930 3929/2345/3929
f 1199/2348/1199 2255/2349/2255 3931/2350/3931
f 1198/2351/1198 3932/2352/3932 3310/2353/3310
f 1198/2351/1198 3933/2354/3933 3932/2352/3932
f 1111/2235/1111 2167/2237/2167 3934/2355/3934
f 1101/2356/1101 3935/2357/3935 2157/2358/2157
f 1101/2356/1101 3936/2359/3936 3935/2357/3935
f 1197/2360/1197 2253/2361/2253 3937/2362/3937
f 1196/2363/1196 3938/2364/3938 3308/2365/3308
f 1196/2363/1196 3939/2366/3939 3938/2364/3938
f 1110/2248/1110 2166/2250/2166 3940/2367/3940
f 1100/2368/1100 3941/2369/3941 2156/2370/2156
f 1100/2368/1100 3942/2371/3942 3941/2369/3941
f 1195/2372/1195 2251/2373/2251 3943/2374/3943
f 1194/2375/1194 3944/2376/3944 3306/2377/3306
f 1194/2375/1194 3945/2378/3945 3944/2376/3944
f 1109/2260/1109 2165/2262/2165 3946/2379/3946
f 1099/2380/1099 3947/2381/3947 2155/2382/2155
f 1099/2380/1099 3948/2383/3948 3947/2381/3947
f 1193/2384/1193 2249/2385/2249 3949/2386/3949
f 1192/2387/1192 3950/2388/3950 3304/2389/3304
f 1192/2387/1192 3951/2390/3951 3950/2388/3950
f 1108/2274/1108 2164/2276/2164 3952/2391/3952
f 1098/2392/1098 3953/2393/3953 2154/2394/2154
f 1098/2392/1098 3954/2395/3954 3953/2393/3953
f 1191/2396/1191 2247/2397/2247 3955/2398/3955
f 1190/2399/1190 3956/2400/3956 3302/2401/3302
f 1190/2399/1190 3957/2402/3957 3956/2400/3956
f 1107/2286/1107 2163/2288/2163 3958/2403/3958
f 1097/2404/1097 3959/2405/3959 2153/2406/2153
f 1097/2404/1097 3960/2407/3960 3959/2405/3959
f 1189/2408/1189 2245/2409/2245 3961/2410/3961
f 1188/2411/1188 3962/2412/3962 3300/2413/3300
f 1188/2411/1188 3963/2414/3963 3962/2412/3962
f 1106/2298/1106 2162/2300/2162 3964/2415/3964
f 1096/2416/1096 3965/2417/3965 2152/2418/2152
f 1096/2416/1096 3966/2419/3966 3965/2417/3965
f 1187/2420/1187 2243/2421/2243 3967/2422/3967
f 1186/2423/1186 3968/2424/3968 3298/2425/3298
f 1186/2423/1186 3969/2426/3969 3968/2424/3968
f 1105/2310/1105 2161/2312/2161 3970/2427/3970
f 1095/2428/1095 3971/2429/3971 2151/2430/2151
f 1095/2428/1095 3972/2431/3972 3971/2429/3971
f 1185/2432/1185 2241/2433/2241 3973/2434/3973
f 1184/2435/1184 3974/2436/3974 3296/2437/3296
f 1184/2435/1184 3975/2438/3975 3974/2436/3974
f 1094/2332/1094 2150/2334/2150 3976/2439/3976
f 1086/2440/1086 3977/2441/3977 2142/2442/2142
f 1086/2440/1086 3978/2443/3978 3977/2441/3977
f 1183/2444/1183 2239/2445/2239 3979/2446/3979
f 1182/2447/1182 3980/2448/3980 3294/2449/3294
f 1182/2447/1182 3981/2450/3981 3980/2448/3980
f 1102/2344/1102 2158/2346/2158 3982/2451/3982
f 1093/2452/1093 3983/2453/3983 2149/2454/2149
f 1093/2452/1093 3984/2455/3984 3983/2453/3983
f 1181/2456/1181 2237/2457/2237 3985/2458/3985
f 1180/2459/1180 3986/2460/3986 3292/2461/3292
f 1180/2459/1180 3987/2462/3987 3986/2460/3986
f 1101/2356/1101 2157/2358/2157 3988/2463/3988
f 1092/2464/1092 3989/2465/3989 2148/2466/2148
f 1092/2464/1092 3990/2467/3990 3989/2465/3989
f 1179/2468/1179 2235/2469/2235 3991/2470/3991
f 1178/2471/1178 3992/2472/3992 3290/2473/3290
f 1178/2471/1178 3993/2474/3993 3992/2472/3992
f 1100/2368/1100 2156/2370/2156 3994/2475/3994
f 1091/2476/1091 3995/2477/3995 2147/2478/2147
f 1091/2476/1091 3996/2479/3996 3995/2477/3995
f 1177/2480/1177 2233/2481/2233 3997/2482/3997
f 1176/2483/1176 3998/2484/3998 3288/2485/3288
f 1176/2483/1176 3999/2486/3999 3998/2484/3998
f 1099/2380/1099 2155/2382/2155 4000/2487/4000
f 1090/2488/1090 4001/2489/4001 2146/2490/2146
f 1090/2488/1090 4002/2491/4002 4001/2489/4001
f 1175/2492/1175 2231/2493/2231 4003/2494/4003
f 1174/2495/1174 4004/2496/4004 3286/2497/3286
f 1174/2495/1174 4005/2498/4005 4004/2496/4004
f 1098/2392/1098 2154/2394/2154 4006/2499/4006
f 1089/2500/1089 4007/2501/4007 2145/2502/2145
f 1089/2500/1089 4008/2503/4008 4007/2501/4007
f 1173/2504/1173 2229/2505/2229 4009/2506/4009
f 1172/2507/1172 4010/2508/4010 3284/2509/3284
f 1172/2507/1172 4011/2510/4011 4010/2508/4010
f 1097/2404/1097 2153/2406/2153 4012/2511/4012
f 1088/2512/1088 4013/2513/4013 2144/2514/2144
f 1088/2512/1088 4014/2515/4014 4013/2513/4013
f 1171/2516/1171 2227/2517/2227 4015/2518/4015
f 1170/2519/1170 4016/2520/4016 3282/2521/3282
f 1170/2519/1170 4017/2522/4017 4016/2520/4016
f 1096/2416/1096 2152/2418/2152 4018/2523/4018
f 1087/2524/1087 4019/2525/4019 2143/2526/2143
f 1087/2524/1087 4020/2527/4020 4019/2525/4019
f 1169/2528/1169 2225/2529/2225 4021/2530/4021
f 1168/2531/1168 4022/2532/4022 3280/2533/3280
f 1168/2531/1168 4023/2534/4023 4022/2532/4022
f 1086/2440/1086 2142/2442/2142 4024/2535/4024
f 1079/2536/1079 4025/2537/4025 2135/2538/2135
f 1079/2536/1079 4026/2539/4026 4025/2537/4025
f 1167/2540/1167 2223/2541/2223 4027/2542/4027
f 1166/2543/1166 4028/2544/4028 3278/2545/3278
f 1166/2543/1166 4029/2546/4029 4028/2544/4028
f 1093/2452/1093 2149/2454/2149 4030/2547/4030
f 1085/2548/1085 4031/2549/4031 2141/2550/2141
f 1085/2548/1085 4032/2551/4032 4031/2549/4031
f 1165/2552/1165 2221/2553/2221 4033/2554/4033
f 1164/2555/1164 4034/2556/4034 3276/2557/3276
f 1164/2555/1164 4035/2558/4035 4034/2556/4034
f 1092/2464/1092 2148/2466/2148 4036/2559/4036
f 1084/2560/1084 4037/2561/4037 2140/2562/2140
f 1084/2560/1084 4038/2563/4038 4037/2561/4037
f 1163/2564/1163 2219/2565/2219 4039/2566/4039
f 1162/2567/1162 4040/2568/4040 3274/2569/3274
f 1162/2567/1162 4041/2570/4041 4040/2568/4040
f 1091/2476/1091 2147/2478/2147 4042/2571/4042
f 1083/2572/1083 4043/2573/4043 2139/2574/2139
f 1083/2572/1083 4044/2575/4044 4043/2573/4043
f 1161/2576/1161 2217/2577/2217 4045/2578/4045
f 1160/2579/1160 4046/2580/4046 3272/2581/3272
f 1160/2579/1160 4047/2582/4047 4046/2580/4046
f 1090/2488/1090 2146/2490/2146 4048/2583/4048
f 1082/2584/1082 4049/2585/4049 2138/2586/2138
f 1082/2584/1082 4050/2587/4050 4049/2585/4049
f 1159/2588/1159 2215/2589/2215 4051/2590/4051
f 1158/2591/1158 4052/2592/4052 3270/2593/3270
f 1158/2591/1158 4053/2594/4053 4052/2592/4052
f 1089/2500/1089 2145/2502/2145 4054/2595/4054
f 1081/2596/1081 4055/2597/4055 2137/2598/2137
f 1081/2596/1081 4056/2599/4056 4055/2597/4055
f 1157/2600/1157 2213/2601/2213 4057/2602/4057
f 1156/2603/1156 4058/2604/4058 3268/2605/3268
f 1156/2603/1156 4059/2606/4059 4058/2604/4058
f 1088/2512/1088 2144/2514/2144 4060/2607/4060
f 1080/2608/1080 4061/2609/4061 2136/2610/2136
f 1080/2608/1080 4062/2611/4062 4061/2609/4061
f 1155/2612/1155 2211/2613/2211 4063/2614/4063
f 1154/2615/1154 4064/2616/4064 3266/2617/3266
f 1154/2615/1154 4065/2618/4065 4064/2616/4064
f 1079/2536/1079 2135/2538/2135 4066/2619/4066
f 1073/2620/1073 4067/2621/4067 2129/2622/2129
f 1073/2620/1073 4068/2623/4068 4067/2621/4067
f 1153/2624/1153 2209/2625/2209 4069/2626/4069
f 1152/2627/1152 4070/2628/4070 3264/2629/3264
f 1152/2627/1152 4071/2630/4071 4070/2628/4070
f 1085/2548/1085 2141/2550/2141 4072/2631/4072
f 1078/2632/1078 4073/2633/4073 2134/2634/2134
f 1078/2632/1078 4074/2635/4074 4073/2633/4073
f 1151/2636/1151 2207/2637/2207 4075/2638/4075
f 1150/2639/1150 4076/2640/4076 3262/2641/3262
f 1150/2639/1150 4077/2642/4077 4076/2640/4076
f 1084/2560/1084 2140/2562/2140 4078/2643/4078
f 1077/2644/1077 4079/2645/4079 2133/2646/2133
f 1077/2644/1077 4080/2647/4080 4079/2645/4079
f 1149/2648/1149 2205/2649/2205 4081/2650/4081
f 1148/2651/1148 4082/2652/4082 3260/2653/3260
f 1148/2651/1148 4083/2654/4083 4082/2652/4082
f 1083/2572/1083 2139/2574/2139 4084/2655/4084
f 1076/2656/1076 4085/2657/4085 2132/2658/2132
f 1076/2656/1076 4086/2659/4086 4085/2657/4085
f 1147/2660/1147 2203/2661/2203 4087/2662/4087
f 1146/2663/1146 4088/2664/4088 3258/2665/3258
f 1146/2663/1146 4089/2666/4089 4088/2664/4088
f 1082/2584/1082 2138/2586/2138 4090/2667/4090
f 1075/2668/1075 4091/2669/4091 2131/2670/2131
f 1075/2668/1075 4092/2671/4092 4091/2669/4091
f 1145/2672/1145 2201/2673/2201 4093/2674/4093
f 1144/2675/1144 4094/2676/4094 3256/2677/3256
f 1144/2675/1144 4095/2678/4095 4094/2676/4094
f 1081/2596/1081 2137/2598/2137 4096/2679/4096
f 1074/2680/1074 4097/2681/4097 2130/2682/2130
f 1074/2680/1074 4098/2683/4098 4097/2681/4097
f 1143/2684/1143 2199/2685/2199 4099/2686/4099
f 1142/2687/1142 4100/2688/4100 3254/2689/3254
f 1142/2687/1142 4101/2690/4101 4100/2688/4100
f 1073/2620/1073 2129/2622/2129 4102/2691/4102
f 1068/2692/1068 4103/2693/4103 2124/2694/2124
f 1068/2692/1068 4104/2695/4104 4103/2693/4103
f 1141/2696/1141 2197/2697/2197 4105/2698/4105
f 1140/2699/1140 4106/2700/4106 3252/2701/3252
f 1140/2699/1140 4107/2702/4107 4106/2700/4106
f 1078/2632/1078 2134/2634/2134 4108/2703/4108
f 1072/2704/1072 4109/2705/4109 2128/2706/2128
f 1072/2704/1072 4110/2707/4110 4109/2705/4109
f 1139/2708/1139 2195/2709/2195 4111/2710/4111
f 1138/2711/1138 4112/2712/4112 3250/2713/3250
f 1138/2711/1138 4113/2714/4113 4112/2712/4112
f 1077/2644/1077 2133/2646/2133 4114/2715/4114
f 1071/2716/1071 4115/2717/4115 2127/2718/2127
f 1071/2716/1071 4116/2719/4116 4115/2717/4115
f 1137/2720/1137 2193/2721/2193 4117/2722/4117
f 1136/2723/1136 4118/2724/4118 3248/2725/3248
f 1136/2723/1136 4119/2726/4119 4118/2724/4118
f 1076/2656/1076 2132/2658/2132 4120/2727/4120
f 1070/2728/1070 4121/2729/4121 2126/2730/2126
f 1070/2728/1070 4122/2731/4122 4121/2729/4121
f 1135/2732/1135 2191/2733/2191 4123/2734/4123
f 1134/2735/1134 4124/2736/4124 3246/2737/3246
f 1134/2735/1134 4125/2738/4125 4124/2736/4124
f 1075/2668/1075 2131/2670/2131 4126/2739/4126
f 1069/2740/1069 4127/2741/4127 2125/2742/2125
f 1069/2740/1069 4128/2743/4128 4127/2741/4127
f 1133/2744/1133 2189/2745/2189 4129/2746/4129
f 1132/2747/1132 4130/2748/4130 3244/2749/3244
f 1132/2747/1132 4131/2750/4131 4130/2748/4130
f 1068/2692/1068 2124/2694/2124 4132/2751/4132
f 1064/2752/1064 4133/2753/4133 2120/2754/2120
f 1064/2752/1064 4134/2755/4134 4133/2753/4133
f 1131/2756/1131 2187/2757/2187 4135/2758/4135
f 1130/2759/1130 4136/2760/4136 3242/2761/3242
f 1130/2759/1130 4137/2762/4137 4136/2760/4136
f 1072/2704/1072 2128/2706/2128 4138/2763/4138
f 1067/2764/1067 4139/2765/4139 2123/2766/2123
f 1067/2764/1067 4140/2767/4140 4139/2765/4139
f 1129/2768/1129 2185/2769/2185 4141/2770/4141
f 1128/2771/1128 4142/2772/4142 3240/2773/3240
f 1128/2771/1128 4143/2774/4143 4142/2772/4142
f 1071/2716/1071 2127/2718/2127 4144/2775/4144
f 1066/2776/1066 4145/2777/4145 2122/2778/2122
f 1066/2776/1066 4146/2779/4146 4145/2777/4145
f 1127/2780/1127 2183/2781/2183 4147/2782/4147
f 1126/2783/1126 4148/2784/4148 3238/2785/3238
f 1126/2783/1126 4149/2786/4149 4148/2784/4148
f 1070/2728/1070 2126/2730/2126 4150/2787/4150
f 1065/2788/1065 4151/2789/4151 2121/2790/2121
f 1065/2788/1065 4152/2791/4152 4151/2789/4151
f 1125/2792/1125 2181/2793/2181 4153/2794/4153
f 1124/2795/1124 4154/2796/4154 3236/2797/3236
f 1124/2795/1124 4155/2798/4155 4154/2796/4154
f 1064/2752/1064 2120/2754/2120 4156/2799/4156
f 1061/2800/1061 4157/2801/4157 2117/2802/2117
f 1061/2800/1061 4158/2803/4158 4157/2801/4157
f 1123/2804/1123 2179/2805/2179 4159/2806/4159
f 1122/2807/1122 4160/2808/4160 3234/2809/3234
f 1122/2807/1122 4161/2810/4161 4160/2808/4160
f 1067/2764/1067 2123/2766/2123 4162/2811/4162
f 1063/2812/1063 4163/2813/4163 2119/2814/2119
f 1063/2812/1063 4164/2815/4164 4163/2813/4163
f 1121/2816/1121 2177/2817/2177 4165/2818/4165
f 1120/2819/1120 4166/2820/4166 3232/2821/3232
f 1120/2819/1120 4167/2822/4167 4166/2820/4166
f 1066/2776/1066 2122/2778/2122 4168/2823/4168
f 1062/2824/1062 4169/2825/4169 2118/2826/2118
f 1062/2824/1062 4170/2827/4170 4169/2825/4169
f 1119/2828/1119 2175/2829/2175 4171/2830/4171
f 1118/2831/1118 4172/2832/4172 3230/2833/3230
f 1118/2831/1118 4173/2834/4173 4172/2832/4172
f 1061/2800/1061 2117/2802/2117 4174/2835/4174
f 1059/2836/1059 4175/2837/4175 2115/2838/2115
f 1059/2836/1059 4176/2839/4176 4175/2837/4175
f 1117/2840/1117 2173/2841/2173 4177/2842/4177
f 1116/2843/1116 4178/2844/4178 3228/2845/3228
f 1116/2843/1116 4179/2846/4179 4178/2844/4178
f 1063/2812/1063 2119/2814/2119 4180/2847/4180
f 1060/2848/1060 4181/2849/4181 2116/2850/2116
f 1060/2848/1060 4182/2851/4182 4181/2849/4181
f 1115/2852/1115 2171/2853/2171 4183/2854/4183
f 1114/2855/1114 4184/2856/4184 3226/2857/3226
f 1114/2855/1114 4185/2858/4185 4184/2856/4184
f 1059/2836/1059 2115/2838/2115 4186/2859/4186
f 1058/2860/1058 4187/2861/4187 2114/2862/2114
f 1058/2860/1058 4188/2863/4188 4187/2861/4187
f 1113/2864/1113 2169/2865/2169 4189/2866/4189
f 369/2867/369 4190/2868/4190 1425/2869/1425
f 369/2867/369 4191/2870/4191 4190/2868/4190
f 1104/2321/1104 2160/2323/2160 4192/2871/4192
f 370/2872/370 4193/2873/4193 1426/2874/1426
f 370/2872/370 4194/2875/4194 4193/2873/4193
f 1095/2428/1095 2151/2430/2151 4195/2876/4195
f 371/2877/371 4196/2878/4196 1427/2879/1427
f 371/2877/371 4197/2880/4197 4196/2878/4196
f 1087/2524/1087 2143/2526/2143 4198/2881/4198
f 372/2882/372 4199/2883/4199 1428/2884/1428
f 372/2882/372 4200/2885/4200 4199/2883/4199
f 1080/2608/1080 2136/2610/2136 4201/2886/4201
f 373/2887/373 4202/2888/4202 1429/2889/1429
f 373/2887/373 4203/2890/4203 4202/2888/4202
f 1074/2680/1074 2130/2682/2130 4204/2891/4204
f 374/2892/374 4205/2893/4205 1430/2894/1430
f 374/2892/374 4206/2895/4206 4205/2893/4205
f 1069/2740/1069 2125/2742/2125 4207/2896/4207
f 375/2897/375 4208/2898/4208 1431/2899/1431
f 375/2897/375 4209/2900/4209 4208/2898/4208
f 1065/2788/1065 2121/2790/2121 4210/2901/4210
f 376/2902/376 4211/2903/4211 1432/2904/1432
f 376/2902/376 4212/2905/4212 4211/2903/4211
f 1062/2824/1062 2118/2826/2118 4213/2906/4213
f 377/2907/377 4214/2908/4214 1433/2909/1433
f 377/2907/377 4215/2910/4215 4214/2908/4214
f 1060/2848/1060 2116/2850/2116 4216/2911/4216
f 335/2912/335 4217/2913/4217 1391/2914/1391
f 335/2912/335 4218/2915/4218 4217/2913/4217
f 1058/2860/1058 2114/2862/2114 4219/2916/4219
f 1057/2917/1057 4220/2918/4220 3169/2919/3169
f 1057/2917/1057 4221/2920/4221 4220/2918/4220
f 5850/2921/5849 2512/2922/2512 5655/2923/5654
f 938/2924/938 4223/2925/4223 1994/2926/1994
f 938/2924/938 4224/2927/4224 4223/2925/4223
f 1056/2928/1056 2112/2929/2112 4225/2930/4225
f 1055/2931/1055 4226/2932/4226 3167/2933/3167
f 1055/2931/1055 4227/730/4227 4226/2932/4226
f 5858/2934/5857 2577/2935/2577 2517/2936/2517
f 947/2937/947 4229/2938/4229 2003/2939/2003
f 947/2937/947 4230/2940/4230 4229/2938/4229
f 1054/2941/1054 2110/2942/2110 4231/2943/4231
f 1053/2944/1053 4232/2945/4232 3165/2946/3165
f 1053/2944/1053 4233/734/4233 4232/2945/4232
f 5866/2947/5865 5867/2948/5866 5639/2949/5638
f 946/2950/946 4235/2951/4235 2002/2952/2002
f 946/2950/946 4236/2953/4236 4235/2951/4235
f 1052/2954/1052 2108/2955/2108 4237/2956/4237
f 1051/2957/1051 4238/2958/4238 3163/2959/3163
f 1051/2957/1051 4239/2960/4239 4238/2958/4238
f 5875/2961/5874 5634/1484/5633 5633/2962/5632
f 945/2963/945 4241/2964/4241 2001/2965/2001
f 945/2963/945 4242/2966/4242 4241/2964/4241
f 1050/2967/1050 2106/742/2106 4243/2968/4243
f 1049/2969/1049 4244/2970/4244 3161/2971/3161
f 1049/2969/1049 4245/2972/4245 4244/2970/4244
f 5883/2973/5882 5683/2974/5682 1388/2975/1388
f 944/2976/944 4247/2977/4247 2000/2978/2000
f 944/2976/944 4248/2979/4248 4247/2977/4247
f 1048/2980/1048 2104/750/2104 4249/2981/4249
f 1047/2982/1047 4250/2983/4250 3159/2984/3159
f 1047/2982/1047 4251/2985/4251 4250/2983/4250
f 5774/1591/5773 1934/30/1934 1933/1592/1933
f 943/2986/943 4253/2987/4253 1999/2988/1999
f 943/2986/943 4254/2989/4254 4253/2987/4253
f 1046/2990/1046 2102/758/2102 4255/2991/4255
f 1045/2992/1045 4256/2993/4256 3157/2994/3157
f 1045/2992/1045 4257/975/4257 4256/2993/4256
f 5783/1554/5782 4611/2995/4611 1938/1555/1938
f 942/2996/942 4259/2997/4259 1998/2998/1998
f 942/2996/942 4260/2999/4260 4259/2997/4259
f 1044/3000/1044 2100/3001/2100 4261/3002/4261
f 1043/3003/1043 4262/3004/4262 3155/3005/3155
f 1043/3003/1043 4263/984/4263 4262/3004/4262
f 5791/1514/5790 5792/3006/5791 4600/1515/4600
f 941/3007/941 4265/3008/4265 1997/3009/1997
f 941/3007/941 4266/3010/4266 4265/3008/4265
f 1042/3011/1042 2098/3012/2098 4267/3013/4267
f 1041/3014/1041 4268/3015/4268 3153/3016/3153
f 1041/3014/1041 4269/996/4269 4268/3015/4268
f 5886/3017/5885 5677/745/5676 5885/744/5884
f 940/3018/940 4271/3019/4271 1996/3020/1996
f 940/3018/940 4272/3021/4272 4271/3019/4271
f 1040/3022/1040 2096/3023/2096 4273/3024/4273
f 1039/3025/1039 4274/3026/4274 3151/3027/3151
f 1039/3025/1039 4275/1004/4275 4274/3026/4274
f 5883/2973/5882 1388/2975/1388 5661/3028/5660
f 939/3029/939 4277/3030/4277 1995/3031/1995
f 939/3029/939 4278/3032/4278 4277/3030/4277
f 1038/3033/1038 2094/3034/2094 4279/3035/4279
f 1037/3036/1037 4280/3037/4280 3149/3038/3149
f 1037/3036/1037 4281/3039/4281 4280/3037/4280
f 938/2924/938 1994/2926/1994 4282/3040/4282
f 929/3041/929 4283/3042/4283 1985/3043/1985
f 929/3041/929 4284/3044/4284 4283/3042/4283
f 1036/3045/1036 2092/3046/2092 4285/3047/4285
f 1035/3048/1035 4286/3049/4286 3147/3050/3147
f 1035/3048/1035 4287/3051/4287 4286/3049/4286
f 947/2937/947 2003/2939/2003 4288/3052/4288
f 937/3053/937 4289/3054/4289 1993/3055/1993
f 937/3053/937 4290/3056/4290 4289/3054/4289
f 1034/3057/1034 2090/3058/2090 4291/3059/4291
f 1033/3060/1033 4292/3061/4292 3145/3062/3145
f 1033/3060/1033 4293/3063/4293 4292/3061/4292
f 946/2950/946 2002/2952/2002 4294/3064/4294
f 936/3065/936 4295/3066/4295 1992/3067/1992
f 936/3065/936 4296/3068/4296 4295/3066/4295
f 1032/3069/1032 2088/3070/2088 4297/3071/4297
f 1031/3072/1031 4298/3073/4298 3143/3074/3143
f 1031/3072/1031 4299/3075/4299 4298/3073/4298
f 945/2963/945 2001/2965/2001 4300/3076/4300
f 935/3077/935 4301/3078/4301 1991/3079/1991
f 935/3077/935 4302/3080/4302 4301/3078/4301
f 1030/3081/1030 2086/3082/2086 4303/3083/4303
f 1029/3084/1029 4304/3085/4304 3141/3086/3141
f 1029/3084/1029 4305/3087/4305 4304/3085/4304
f 944/2976/944 2000/2978/2000 4306/3088/4306
f 934/3089/934 4307/3090/4307 1990/3091/1990
f 934/3089/934 4308/3092/4308 4307/3090/4307
f 1028/3093/1028 2084/3094/2084 4309/3095/4309
f 1027/3096/1027 4310/3097/4310 3139/3098/3139
f 1027/3096/1027 4311/3099/4311 4310/3097/4310
f 943/2986/943 1999/2988/1999 4312/3100/4312
f 933/3101/933 4313/3102/4313 1989/3103/1989
f 933/3101/933 4314/3104/4314 4313/3102/4313
f 1026/3105/1026 2082/3106/2082 4315/3107/4315
f 1025/3108/1025 4316/3109/4316 3137/3110/3137
f 1025/3108/1025 4317/3111/4317 4316/3109/4316
f 942/2996/942 1998/2998/1998 4318/3112/4318
f 932/3113/932 4319/3114/4319 1988/3115/1988
f 932/3113/932 4320/3116/4320 4319/3114/4319
f 1024/3117/1024 2080/3118/2080 4321/3119/4321
f 1023/3120/1023 4322/3121/4322 3135/3122/3135
f 1023/3120/1023 4323/3123/4323 4322/3121/4322
f 941/3007/941 1997/3009/1997 4324/3124/4324
f 931/3125/931 4325/3126/4325 1987/3127/1987
f 931/3125/931 4326/3128/4326 4325/3126/4325
f 1022/3129/1022 2078/3130/2078 4327/3131/4327
f 1021/3132/1021 4328/3133/4328 3133/3134/3133
f 1021/3132/1021 4329/3135/4329 4328/3133/4328
f 940/3018/940 1996/3020/1996 4330/3136/4330
f 930/3137/930 4331/3138/4331 1986/3139/1986
f 930/3137/930 4332/3140/4332 4331/3138/4331
f 1020/3141/1020 2076/3142/2076 4333/3143/4333
f 1019/3144/1019 4334/3145/4334 3131/3146/3131
f 1019/3144/1019 4335/3147/4335 4334/3145/4334
f 929/3041/929 1985/3043/1985 4336/3148/4336
f 921/3149/921 4337/3150/4337 1977/3151/1977
f 921/3149/921 4338/3152/4338 4337/3150/4337
f 1018/3153/1018 2074/3154/2074 4339/3155/4339
f 1017/3156/1017 4340/3157/4340 3129/3158/3129
f 1017/3156/1017 4341/3159/4341 4340/3157/4340
f 937/3053/937 1993/3055/1993 4342/3160/4342
f 928/3161/928 4343/3162/4343 1984/3163/1984
f 928/3161/928 4344/3164/4344 4343/3162/4343
f 1016/3165/1016 2072/3166/2072 4345/3167/4345
f 1015/3168/1015 4346/3169/4346 3127/3170/3127
f 1015/3168/1015 4347/3171/4347 4346/3169/4346
f 936/3065/936 1992/3067/1992 4348/3172/4348
f 927/3173/927 4349/3174/4349 1983/3175/1983
f 927/3173/927 4350/3176/4350 4349/3174/4349
f 1014/3177/1014 2070/3178/2070 4351/3179/4351
f 1013/3180/1013 4352/3181/4352 3125/3182/3125
f 1013/3180/1013 4353/3183/4353 4352/3181/4352
f 935/3077/935 1991/3079/1991 4354/3184/4354
f 926/3185/926 4355/3186/4355 1982/3187/1982
f 926/3185/926 4356/3188/4356 4355/3186/4355
f 1012/3189/1012 2068/3190/2068 4357/3191/4357
f 1011/3192/1011 4358/3193/4358 3123/3194/3123
f 1011/3192/1011 4359/3195/4359 4358/3193/4358
f 934/3089/934 1990/3091/1990 4360/3196/4360
f 925/3197/925 4361/3198/4361 1981/3199/1981
f 925/3197/925 4362/3200/4362 4361/3198/4361
f 1010/3201/1010 2066/3202/2066 4363/3203/4363
f 1009/3204/1009 4364/3205/4364 3121/3206/3121
f 1009/3204/1009 4365/3207/4365 4364/3205/4364
f 933/3101/933 1989/3103/1989 4366/3208/4366
f 924/3209/924 4367/3210/4367 1980/3211/1980
f 924/3209/924 4368/3212/4368 4367/3210/4367
f 1008/3213/1008 2064/3214/2064 4369/3215/4369
f 1007/3216/1007 4370/3217/4370 3119/3218/3119
f 1007/3216/1007 4371/3219/4371 4370/3217/4370
f 932/3113/932 1988/3115/1988 4372/3220/4372
f 923/3221/923 4373/3222/4373 1979/3223/1979
f 923/3221/923 4374/3224/4374 4373/3222/4373
f 1006/3225/1006 2062/3226/2062 4375/3227/4375
f 1005/3228/1005 4376/3229/4376 3117/3230/3117
f 1005/3228/1005 4377/3231/4377 4376/3229/4376
f 931/3125/931 1987/3127/1987 4378/3232/4378
f 922/3233/922 4379/3234/4379 1978/3235/1978
f 922/3233/922 4380/3236/4380 4379/3234/4379
f 1004/3237/1004 2060/3238/2060 4381/3239/4381
f 1003/3240/1003 4382/3241/4382 3115/3242/3115
f 1003/3240/1003 4383/3243/4383 4382/3241/4382
f 921/3149/921 1977/3151/1977 4384/3244/4384
f 914/3245/914 4385/3246/4385 1970/3247/1970
f 914/3245/914 4386/3248/4386 4385/3246/4385
f 1002/3249/1002 2058/3250/2058 4387/3251/4387
f 1001/3252/1001 4388/3253/4388 3113/3254/3113
f 1001/3252/1001 4389/3255/4389 4388/3253/4388
f 928/3161/928 1984/3163/1984 4390/3256/4390
f 920/3257/920 4391/3258/4391 1976/3259/1976
f 920/3257/920 4392/3260/4392 4391/3258/4391
f 1000/3261/1000 2056/3262/2056 4393/3263/4393
f 999/3264/999 4394/3265/4394 3111/3266/3111
f 999/3264/999 4395/3267/4395 4394/3265/4394
f 927/3173/927 1983/3175/1983 4396/3268/4396
f 919/3269/919 4397/3270/4397 1975/3271/1975
f 919/3269/919 4398/3272/4398 4397/3270/4397
f 998/3273/998 2054/3274/2054 4399/3275/4399
f 997/3276/997 4400/3277/4400 3109/3278/3109
f 997/3276/997 4401/3279/4401 4400/3277/4400
f 926/3185/926 1982/3187/1982 4402/3280/4402
f 918/3281/918 4403/3282/4403 1974/3283/1974
f 918/3281/918 4404/3284/4404 4403/3282/4403
f 996/3285/996 2052/3286/2052 4405/3287/4405
f 995/3288/995 4406/3289/4406 3107/3290/3107
f 995/3288/995 4407/3291/4407 4406/3289/4406
f 925/3197/925 1981/3199/1981 4408/3292/4408
f 917/3293/917 4409/3294/4409 1973/3295/1973
f 917/3293/917 4410/3296/4410 4409/3294/4409
f 994/3297/994 2050/3298/2050 4411/3299/4411
f 993/3300/993 4412/3301/4412 3105/3302/3105
f 993/3300/993 4413/3303/4413 4412/3301/4412
f 924/3209/924 1980/3211/1980 4414/3304/4414
f 916/3305/916 4415/3306/4415 1972/3307/1972
f 916/3305/916 4416/3308/4416 4415/3306/4415
f 992/3309/992 2048/3310/2048 4417/3311/4417
f 991/3312/991 4418/3313/4418 3103/3314/3103
f 991/3312/991 4419/3315/4419 4418/3313/4418
f 923/3221/923 1979/3223/1979 4420/3316/4420
f 915/3317/915 4421/3318/4421 1971/3319/1971
f 915/3317/915 4422/3320/4422 4421/3318/4421
f 990/3321/990 2046/3322/2046 4423/3323/4423
f 989/3324/989 4424/3325/4424 3101/3326/3101
f 989/3324/989 4425/3327/4425 4424/3325/4424
f 914/3245/914 1970/3247/1970 4426/3328/4426
f 908/3329/908 4427/3330/4427 1964/3331/1964
f 908/3329/908 4428/3332/4428 4427/3330/4427
f 988/3333/988 2044/3334/2044 4429/3335/4429
f 987/3336/987 4430/3337/4430 3099/3338/3099
f 987/3336/987 4431/3339/4431 4430/3337/4430
f 920/3257/920 1976/3259/1976 4432/3340/4432
f 913/3341/913 4433/3342/4433 1969/3343/1969
f 913/3341/913 4434/3344/4434 4433/3342/4433
f 986/3345/986 2042/3346/2042 4435/3347/4435
f 985/3348/985 4436/3349/4436 3097/3350/3097
f 985/3348/985 4437/3351/4437 4436/3349/4436
f 919/3269/919 1975/3271/1975 4438/3352/4438
f 912/3353/912 4439/3354/4439 1968/3355/1968
f 912/3353/912 4440/3356/4440 4439/3354/4439
f 984/3357/984 2040/3358/2040 4441/3359/4441
f 983/3360/983 4442/3361/4442 3095/3362/3095
f 983/3360/983 4443/3363/4443 4442/3361/4442
f 918/3281/918 1974/3283/1974 4444/3364/4444
f 911/3365/911 4445/3366/4445 1967/3367/1967
f 911/3365/911 4446/3368/4446 4445/3366/4445
f 982/3369/982 2038/3370/2038 4447/3371/4447
f 981/3372/981 4448/3373/4448 3093/3374/3093
f 981/3372/981 4449/3375/4449 4448/3373/4448
f 917/3293/917 1973/3295/1973 4450/3376/4450
f 910/3377/910 4451/3378/4451 1966/3379/1966
f 910/3377/910 4452/3380/4452 4451/3378/4451
f 980/3381/980 2036/3382/2036 4453/3383/4453
f 979/3384/979 4454/3385/4454 3091/3386/3091
f 979/3384/979 4455/3387/4455 4454/3385/4454
f 916/3305/916 1972/3307/1972 4456/3388/4456
f 909/3389/909 4457/3390/4457 1965/3391/1965
f 909/3389/909 4458/3392/4458 4457/3390/4457
f 978/3393/978 2034/3394/2034 4459/3395/4459
f 977/3396/977 4460/3397/4460 3089/3398/3089
f 977/3396/977 4461/3399/4461 4460/3397/4460
f 908/3329/908 1964/3331/1964 4462/3400/4462
f 903/3401/903 4463/3402/4463 1959/3403/1959
f 903/3401/903 4464/3404/4464 4463/3402/4463
f 976/3405/976 2032/3406/2032 4465/3407/4465
f 975/3408/975 4466/3409/4466 3087/3410/3087
f 975/3408/975 4467/3411/4467 4466/3409/4466
f 913/3341/913 1969/3343/1969 4468/3412/4468
f 907/3413/907 4469/3414/4469 1963/3415/1963
f 907/3413/907 4470/3416/4470 4469/3414/4469
f 974/3417/974 2030/3418/2030 4471/3419/4471
f 973/3420/973 4472/3421/4472 3085/3422/3085
f 973/3420/973 4473/3423/4473 4472/3421/4472
f 912/3353/912 1968/3355/1968 4474/3424/4474
f 906/3425/906 4475/3426/4475 1962/3427/1962
f 906/3425/906 4476/3428/4476 4475/3426/4475
f 972/3429/972 2028/3430/2028 4477/3431/4477
f 971/3432/971 4478/3433/4478 3083/3434/3083
f 971/3432/971 4479/3435/4479 4478/3433/4478
f 911/3365/911 1967/3367/1967 4480/3436/4480
f 905/3437/905 4481/3438/4481 1961/3439/1961
f 905/3437/905 4482/3440/4482 4481/3438/4481
f 970/3441/970 2026/3442/2026 4483/3443/4483
f 969/3444/969 4484/3445/4484 3081/3446/3081
f 969/3444/969 4485/3447/4485 4484/3445/4484
f 910/3377/910 1966/3379/1966 4486/3448/4486
f 904/3449/904 4487/3450/4487 1960/3451/1960
f 904/3449/904 4488/3452/4488 4487/3450/4487
f 968/3453/968 2024/3454/2024 4489/3455/4489
f 967/3456/967 4490/3457/4490 3079/3458/3079
f 967/3456/967 4491/3459/4491 4490/3457/4490
f 903/3401/903 1959/3403/1959 4492/3460/4492
f 899/3461/899 4493/3462/4493 1955/3463/1955
f 899/3461/899 4494/3464/4494 4493/3462/4493
f 966/3465/966 2022/3466/2022 4495/3467/4495
f 965/3468/965 4496/3469/4496 3077/3470/3077
f 965/3468/965 4497/3471/4497 4496/3469/4496
f 907/3413/907 1963/3415/1963 4498/3472/4498
f 902/3473/902 4499/3474/4499 1958/3475/1958
f 902/3473/902 4500/3476/4500 4499/3474/4499
f 964/3477/964 2020/3478/2020 4501/3479/4501
f 963/3480/963 4502/3481/4502 3075/3482/3075
f 963/3480/963 4503/3483/4503 4502/3481/4502
f 906/3425/906 1962/3427/1962 4504/3484/4504
f 901/3485/901 4505/3486/4505 1957/3487/1957
f 901/3485/901 4506/3488/4506 4505/3486/4505
f 962/3489/962 2018/3490/2018 4507/3491/4507
f 961/3492/961 4508/3493/4508 3073/3494/3073
f 961/3492/961 4509/3495/4509 4508/3493/4508
f 905/3437/905 1961/3439/1961 4510/3496/4510
f 900/3497/900 4511/3498/4511 1956/3499/1956
f 900/3497/900 4512/3500/4512 4511/3498/4511
f 960/3501/960 2016/3502/2016 4513/3503/4513
f 959/3504/959 4514/3505/4514 3071/3506/3071
f 959/3504/959 4515/3507/4515 4514/3505/4514
f 899/3461/899 1955/3463/1955 4516/3508/4516
f 896/3509/896 4517/3510/4517 1952/3511/1952
f 896/3509/896 4518/3512/4518 4517/3510/4517
f 958/3513/958 2014/3514/2014 4519/3515/4519
f 957/3516/957 4520/3517/4520 3069/3518/3069
f 957/3516/957 4521/3519/4521 4520/3517/4520
f 902/3473/902 1958/3475/1958 4522/3520/4522
f 898/3521/898 4523/3522/4523 1954/3523/1954
f 898/3521/898 4524/3524/4524 4523/3522/4523
f 956/3525/956 2012/3526/2012 4525/3527/4525
f 955/3528/955 4526/3529/4526 3067/3530/3067
f 955/3528/955 4527/3531/4527 4526/3529/4526
f 901/3485/901 1957/3487/1957 4528/3532/4528
f 897/3533/897 4529/3534/4529 1953/3535/1953
f 897/3533/897 4530/3536/4530 4529/3534/4529
f 954/3537/954 2010/3538/2010 4531/3539/4531
f 953/3540/953 4532/3541/4532 3065/3542/3065
f 953/3540/953 4533/3543/4533 4532/3541/4532
f 896/3509/896 1952/3511/1952 4534/3544/4534
f 894/3545/894 4535/3546/4535 1950/3547/1950
f 894/3545/894 4536/3548/4536 4535/3546/4535
f 952/3549/952 2008/3550/2008 4537/3551/4537
f 951/3552/951 4538/3553/4538 3063/3554/3063
f 951/3552/951 4539/3555/4539 4538/3553/4538
f 898/3521/898 1954/3523/1954 4540/3556/4540
f 895/3557/895 4541/3558/4541 1951/3559/1951
f 895/3557/895 4542/3560/4542 4541/3558/4541
f 950/3561/950 2006/3562/2006 4543/3563/4543
f 949/3564/949 4544/3565/4544 3061/3566/3061
f 949/3564/949 4545/3567/4545 4544/3565/4544
f 894/3545/894 1950/3547/1950 4546/3568/4546
f 893/3569/893 4547/3570/4547 1949/3571/1949
f 893/3569/893 4548/3572/4548 4547/3570/4547
f 948/3573/948 2004/3574/2004 4549/3575/4549
f 359/3576/359 4550/3577/4550 1415/3578/1415
f 359/3576/359 4551/3579/4551 4550/3577/4550
f 939/3029/939 1995/3031/1995 4552/3580/4552
f 360/3581/360 4553/3582/4553 1416/3583/1416
f 360/3581/360 4554/3584/4554 4553/3582/4553
f 930/3137/930 1986/3139/1986 4555/3585/4555
f 361/3586/361 4556/3587/4556 1417/3588/1417
f 361/3586/361 4557/3589/4557 4556/3587/4556
f 922/3233/922 1978/3235/1978 4558/3590/4558
f 362/3591/362 4559/3592/4559 1418/3593/1418
f 362/3591/362 4560/3594/4560 4559/3592/4559
f 915/3317/915 1971/3319/1971 4561/3595/4561
f 363/3596/363 4562/3597/4562 1419/3598/1419
f 363/3596/363 4563/3599/4563 4562/3597/4562
f 909/3389/909 1965/3391/1965 4564/3600/4564
f 364/3601/364 4565/3602/4565 1420/3603/1420
f 364/3601/364 4566/3604/4566 4565/3602/4565
f 904/3449/904 1960/3451/1960 4567/3605/4567
f 365/3606/365 4568/3607/4568 1421/3608/1421
f 365/3606/365 4569/3609/4569 4568/3607/4568
f 900/3497/900 1956/3499/1956 4570/3610/4570
f 366/3611/366 4571/3612/4571 1422/3613/1422
f 366/3611/366 4572/3614/4572 4571/3612/4571
f 897/3533/897 1953/3535/1953 4573/3615/4573
f 367/3616/367 4574/3617/4574 1423/3618/1423
f 367/3616/367 4575/3619/4575 4574/3617/4574
f 895/3557/895 1951/3559/1951 4576/3620/4576
f 334/3621/334 4577/3622/4577 1390/3623/1390
f 334/3621/334 4578/3624/4578 4577/3622/4577
f 893/3569/893 1949/3571/1949 4579/3625/4579
f 892/3626/892 4580/3627/4580 3004/3628/3004
f 892/3626/892 4581/3629/4581 4580/3627/4580
f 5880/3630/5879 2655/3631/2655 2556/3632/2556
f 773/3633/773 4583/3634/4583 1829/3635/1829
f 773/3633/773 4584/3636/4584 4583/3634/4583
f 891/3637/891 1947/1242/1947 4585/3638/4585
f 890/3639/890 4586/3640/4586 3002/3641/3002
f 890/3639/890 4587/3642/4587 4586/3640/4586
f 5877/752/5876 5630/3643/5629 2637/753/2637
f 782/3644/782 4589/3645/4589 1838/3646/1838
f 782/3644/782 4590/3647/4590 4589/3645/4589
f 889/3648/889 1945/1490/1945 4591/3649/4591
f 888/3650/888 4592/3651/4592 3000/3652/3000
f 888/3650/888 4593/488/4593 4592/3651/4592
f 5875/2961/5874 5633/2962/5632 5874/3653/5873
f 781/3654/781 4595/3655/4595 1837/3656/1837
f 781/3654/781 4596/3657/4596 4595/3655/4595
f 887/3658/887 1943/3659/1943 4597/3660/4597
f 886/3661/886 4598/3662/4598 2998/3663/2998
f 886/3661/886 4599/1516/4599 4598/3662/4598
f 5872/3664/5871 2539/3665/2539 5637/3666/5636
f 780/3667/780 4601/3668/4601 1836/3669/1836
f 780/3667/780 4602/3670/4602 4601/3668/4601
f 885/3671/885 1941/1528/1941 4603/3672/4603
f 884/3673/884 4604/3674/4604 2996/3675/2996
f 884/3673/884 4605/3676/4605 4604/3674/4604
f 5869/761/5868 2607/3677/2607 2532/762/2532
f 779/3678/779 4607/3679/4607 1835/3680/1835
f 779/3678/779 4608/3681/4608 4607/3679/4607
f 883/3682/883 1939/1543/1939 4609/3683/4609
f 882/3684/882 4610/3685/4610 2994/3686/2994
f 882/3684/882 4611/2995/4611 4610/3685/4610
f 5866/2947/5865 5639/2949/5638 2595/3687/2595
f 778/3688/778 4613/3689/4613 1834/3690/1834
f 778/3688/778 4614/3691/4614 4613/3689/4613
f 881/3692/881 1937/475/1937 4615/3693/4615
f 880/3694/880 4616/3695/4616 2992/3696/2992
f 880/3694/880 4617/503/4617 4616/3695/4616
f 5863/3697/5862 5643/3698/5642 5642/3699/5641
f 777/3700/777 4619/3701/4619 1833/3702/1833
f 777/3700/777 4620/3703/4620 4619/3701/4619
f 879/3704/879 1935/3705/1935 4621/3706/4621
f 878/3707/878 4622/3708/4622 2990/3709/2990
f 878/3707/878 4623/29/4623 4622/3708/4622
f 5861/3710/5860 5646/979/5645 5860/978/5859
f 776/3711/776 4625/3712/4625 1832/3713/1832
f 776/3711/776 4626/3714/4626 4625/3712/4625
f 877/3715/877 1933/1592/1933 4627/3716/4627
f 876/3717/876 4628/3718/4628 2988/3719/2988
f 876/3717/876 4629/1605/4629 4628/3718/4628
f 5858/2934/5857 2517/2936/2517 5857/3720/5856
f 775/3721/775 4631/3722/4631 1831/3723/1831
f 775/3721/775 4632/3724/4632 4631/3722/4631
f 875/3725/875 1931/185/1931 4633/3726/4633
f 874/3727/874 4634/3728/4634 2986/3729/2986
f 874/3727/874 4635/3730/4635 4634/3728/4634
f 5855/3731/5854 2571/3732/2571 5854/3733/5853
f 774/3734/774 4637/3735/4637 1830/3736/1830
f 774/3734/774 4638/3737/4638 4637/3735/4637
f 873/3738/873 1929/1250/1929 4639/3739/4639
f 872/3740/872 4640/3741/4640 2984/3742/2984
f 872/3740/872 4641/3743/4641 4640/3741/4640
f 773/3633/773 1829/3635/1829 4642/3744/4642
f 764/3745/764 4643/3746/4643 1820/3747/1820
f 764/3745/764 4644/3748/4644 4643/3746/4643
f 871/3749/871 1927/3750/1927 4645/3751/4645
f 870/3752/870 4646/3753/2059 2982/3754/2982
f 870/3752/870 4647/3755/4646 4646/3753/2059
f 782/3644/782 1838/3646/1838 4648/3756/4647
f 772/3757/772 4649/3758/4648 1828/3759/1828
f 772/3757/772 4650/3760/4649 4649/3758/4648
f 869/3761/869 1925/3762/1925 4651/3763/4650
f 868/3764/868 4652/3765/4651 2980/3766/2980
f 868/3764/868 4653/3767/4652 4652/3765/4651
f 781/3654/781 1837/3656/1837 4654/3768/4653
f 771/3769/771 4655/3770/4654 1827/3771/1827
f 771/3769/771 4656/3772/4655 4655/3770/4654
f 867/3773/867 1923/3774/1923 4657/3775/4656
f 866/3776/866 4658/3777/4657 2978/3778/2978
f 866/3776/866 4659/3779/4658 4658/3777/4657
f 780/3667/780 1836/3669/1836 4660/3780/4659
f 770/3781/770 4661/3782/4660 1826/3783/1826
f 770/3781/770 4662/3784/4661 4661/3782/4660
f 865/3785/865 1921/3786/1921 4663/3787/4662
f 864/3788/864 4664/3789/4663 2976/3790/2976
f 864/3788/864 4665/3791/4664 4664/3789/4663
f 779/3678/779 1835/3680/1835 4666/3792/4665
f 769/3793/769 4667/3794/4666 1825/3795/1825
f 769/3793/769 4668/3796/4667 4667/3794/4666
f 863/3797/863 1919/3798/1919 4669/3799/4668
f 862/3800/862 4670/3801/4669 2974/3802/2974
f 862/3800/862 4671/3803/4670 4670/3801/4669
f 778/3688/778 1834/3690/1834 4672/3804/4671
f 768/3805/768 4673/3806/4672 1824/3807/1824
f 768/3805/768 4674/3808/4673 4673/3806/4672
f 861/3809/861 1917/3810/1917 4675/3811/4674
f 860/3812/860 4676/3813/4675 2972/3814/2972
f 860/3812/860 4677/3815/4676 4676/3813/4675
f 777/3700/777 1833/3702/1833 4678/3816/4677
f 767/3817/767 4679/3818/4678 1823/3819/1823
f 767/3817/767 4680/3820/4679 4679/3818/4678
f 859/3821/859 1915/3822/1915 4681/3823/4680
f 858/3824/858 4682/3825/4681 2970/3826/2970
f 858/3824/858 4683/3827/4682 4682/3825/4681
f 776/3711/776 1832/3713/1832 4684/3828/4683
f 766/3829/766 4685/3830/4684 1822/3831/1822
f 766/3829/766 4686/3832/4685 4685/3830/4684
f 857/3833/857 1913/3834/1913 4687/3835/4686
f 856/3836/856 4688/3837/4687 2968/3838/2968
f 856/3836/856 4689/3839/4688 4688/3837/4687
f 775/3721/775 1831/3723/1831 4690/3840/4689
f 765/3841/765 4691/3842/4690 1821/3843/1821
f 765/3841/765 4692/3844/4691 4691/3842/4690
f 855/3845/855 1911/3846/1911 4693/3847/4692
f 854/3848/854 4694/3849/4693 2966/3850/2966
f 854/3848/854 4695/3851/4694 4694/3849/4693
f 764/3745/764 1820/3747/1820 4696/3852/4695
f 756/3853/756 4697/3854/4696 1812/3855/1812
f 756/3853/756 4698/3856/4697 4697/3854/4696
f 853/3857/853 1909/3858/1909 4699/3859/4698
f 852/3860/852 4700/3861/4699 2964/3862/2964
f 852/3860/852 4701/3863/4700 4700/3861/4699
f 772/3757/772 1828/3759/1828 4702/3864/4701
f 763/3865/763 4703/3866/4702 1819/3867/1819
f 763/3865/763 4704/3868/4703 4703/3866/4702
f 851/3869/851 1907/3870/1907 4705/3871/4704
f 850/3872/850 4706/3873/4705 2962/3874/2962
f 850/3872/850 4707/3875/4706 4706/3873/4705
f 771/3769/771 1827/3771/1827 4708/3876/4707
f 762/3877/762 4709/3878/4708 1818/3879/1818
f 762/3877/762 4710/3880/4709 4709/3878/4708
f 849/3881/849 1905/3882/1905 4711/3883/4710
f 848/3884/848 4712/3885/4711 2960/3886/2960
f 848/3884/848 4713/3887/4712 4712/3885/4711
f 770/3781/770 1826/3783/1826 4714/3888/4713
f 761/3889/761 4715/3890/4714 1817/3891/1817
f 761/3889/761 4716/3892/4715 4715/3890/4714
f 847/3893/847 1903/3894/1903 4717/3895/4716
f 846/3896/846 4718/3897/4717 2958/3898/2958
f 846/3896/846 4719/3899/4718 4718/3897/4717
f 769/3793/769 1825/3795/1825 4720/3900/4719
f 760/3901/760 4721/3902/4720 1816/3903/1816
f 760/3901/760 4722/3904/4721 4721/3902/4720
f 845/3905/845 1901/3906/1901 4723/3907/4722
f 844/3908/844 4724/3909/4723 2956/3910/2956
f 844/3908/844 4725/3911/4724 4724/3909/4723
f 768/3805/768 1824/3807/1824 4726/3912/4725
f 759/3913/759 4727/3914/4726 1815/3915/1815
f 759/3913/759 4728/3916/4727 4727/3914/4726
f 843/3917/843 1899/3918/1899 4729/3919/4728
f 842/3920/842 4730/3921/4729 2954/3922/2954
f 842/3920/842 4731/3923/4730 4730/3921/4729
f 767/3817/767 1823/3819/1823 4732/3924/4731
f 758/3925/758 4733/3926/4732 1814/3927/1814
f 758/3925/758 4734/3928/4733 4733/3926/4732
f 841/3929/841 1897/3930/1897 4735/3931/4734
f 840/3932/840 4736/3933/4735 2952/3934/2952
f 840/3932/840 4737/3935/4736 4736/3933/4735
f 766/3829/766 1822/3831/1822 4738/3936/4737
f 757/3937/757 4739/3938/4738 1813/3939/1813
f 757/3937/757 4740/3940/4739 4739/3938/4738
f 839/3941/839 1895/3942/1895 4741/3943/4740
f 838/3944/838 4742/3945/4741 2950/3946/2950
f 838/3944/838 4743/3947/4742 4742/3945/4741
f 756/3853/756 1812/3855/1812 4744/3948/4743
f 749/3949/749 4745/3950/4744 1805/3951/1805
f 749/3949/749 4746/3952/4745 4745/3950/4744
f 837/3953/837 1893/3954/1893 4747/3955/4746
f 836/3956/836 4748/3957/4747 2948/3958/2948
f 836/3956/836 4749/3959/4748 4748/3957/4747
f 763/3865/763 1819/3867/1819 4750/3960/4749
f 755/3961/755 4751/3962/4750 1811/3963/1811
f 755/3961/755 4752/3964/4751 4751/3962/4750
f 835/3965/835 1891/3966/1891 4753/3967/4752
f 834/3968/834 4754/3969/4753 2946/3970/2946
f 834/3968/834 4755/3971/4754 4754/3969/4753
f 762/3877/762 1818/3879/1818 4756/3972/4755
f 754/3973/754 4757/3974/4756 1810/3975/1810
f 754/3973/754 4758/3976/4757 4757/3974/4756
f 833/3977/833 1889/3978/1889 4759/3979/4758
f 832/3980/832 4760/3981/4759 2944/3982/2944
f 832/3980/832 4761/3983/4760 4760/3981/4759
f 761/3889/761 1817/3891/1817 4762/3984/4761
f 753/3985/753 4763/3986/4762 1809/3987/1809
f 753/3985/753 4764/3988/4763 4763/3986/4762
f 831/3989/831 1887/3990/1887 4765/3991/4764
f 830/3992/830 4766/3993/4765 2942/3994/2942
f 830/3992/830 4767/3995/4766 4766/3993/4765
f 760/3901/760 1816/3903/1816 4768/3996/4767
f 752/3997/752 4769/3998/4768 1808/3999/1808
f 752/3997/752 4770/4000/4769 4769/3998/4768
f 829/4001/829 1885/4002/1885 4771/4003/4770
f 828/4004/828 4772/4005/4771 2940/4006/2940
f 828/4004/828 4773/4007/4772 4772/4005/4771
f 759/3913/759 1815/3915/1815 4774/4008/4773
f 751/4009/751 4775/4010/4774 1807/4011/1807
f 751/4009/751 4776/4012/4775 4775/4010/4774
f 827/4013/827 1883/4014/1883 4777/4015/4776
f 826/4016/826 4778/4017/4777 2938/4018/2938
f 826/4016/826 4779/4019/4778 4778/4017/4777
f 758/3925/758 1814/3927/1814 4780/4020/4779
f 750/4021/750 4781/4022/4780 1806/4023/1806
f 750/4021/750 4782/4024/4781 4781/4022/4780
f 825/4025/825 1881/4026/1881 4783/4027/4782
f 824/4028/824 4784/4029/4783 2936/4030/2936
f 824/4028/824 4785/4031/4784 4784/4029/4783
f 749/3949/749 1805/3951/1805 4786/4032/4785
f 743/4033/743 4787/4034/4786 1799/4035/1799
f 743/4033/743 4788/4036/4787 4787/4034/4786
f 823/4037/823 1879/4038/1879 4789/4039/4788
f 822/4040/822 4790/4041/4789 2934/4042/2934
f 822/4040/822 4791/4043/4790 4790/4041/4789
f 755/3961/755 1811/3963/1811 4792/4044/4791
f 748/4045/748 4793/4046/4792 1804/4047/1804
f 748/4045/748 4794/4048/4793 4793/4046/4792
f 821/4049/821 1877/4050/1877 4795/4051/4794
f 820/4052/820 4796/4053/4795 2932/4054/2932
f 820/4052/820 4797/4055/4796 4796/4053/4795
f 754/3973/754 1810/3975/1810 4798/4056/4797
f 747/4057/747 4799/4058/4798 1803/4059/1803
f 747/4057/747 4800/4060/4799 4799/4058/4798
f 819/4061/819 1875/4062/1875 4801/4063/4800
f 818/4064/818 4802/4065/4801 2930/4066/2930
f 818/4064/818 4803/4067/4802 4802/4065/4801
f 753/3985/753 1809/3987/1809 4804/4068/4803
f 746/4069/746 4805/4070/4804 1802/4071/1802
f 746/4069/746 4806/4072/4805 4805/4070/4804
f 817/4073/817 1873/4074/1873 4807/4075/4806
f 816/4076/816 4808/4077/4807 2928/4078/2928
f 816/4076/816 4809/4079/4808 4808/4077/4807
f 752/3997/752 1808/3999/1808 4810/4080/4809
f 745/4081/745 4811/4082/4810 1801/4083/1801
f 745/4081/745 4812/4084/4811 4811/4082/4810
f 815/4085/815 1871/4086/1871 4813/4087/4812
f 814/4088/814 4814/4089/4813 2926/4090/2926
f 814/4088/814 4815/4091/4814 4814/4089/4813
f 751/4009/751 1807/4011/1807 4816/4092/4815
f 744/4093/744 4817/4094/4816 1800/4095/1800
f 744/4093/744 4818/4096/4817 4817/4094/4816
f 813/4097/813 1869/4098/1869 4819/4099/4818
f 812/4100/812 4820/4101/4819 2924/4102/2924
f 812/4100/812 4821/4103/4820 4820/4101/4819
f 743/4033/743 1799/4035/1799 4822/4104/4821
f 738/4105/738 4823/4106/4822 1794/4107/1794
f 738/4105/738 4824/4108/4823 4823/4106/4822
f 811/4109/811 1867/4110/1867 4825/4111/4824
f 810/4112/810 4826/4113/4825 2922/4114/2922
f 810/4112/810 4827/4115/4826 4826/4113/4825
f 748/4045/748 1804/4047/1804 4828/4116/4827
f 742/4117/742 4829/4118/4828 1798/4119/1798
f 742/4117/742 4830/4120/4829 4829/4118/4828
f 809/4121/809 1865/4122/1865 4831/4123/4830
f 808/4124/808 4832/4125/4831 2920/4126/2920
f 808/4124/808 4833/4127/4832 4832/4125/4831
f 747/4057/747 1803/4059/1803 4834/4128/4833
f 741/4129/741 4835/4130/4834 1797/4131/1797
f 741/4129/741 4836/4132/4835 4835/4130/4834
f 807/4133/807 1863/4134/1863 4837/4135/4836
f 806/4136/806 4838/4137/4837 2918/4138/2918
f 806/4136/806 4839/4139/4838 4838/4137/4837
f 746/4069/746 1802/4071/1802 4840/4140/4839
f 740/4141/740 4841/4142/4840 1796/4143/1796
f 740/4141/740 4842/4144/4841 4841/4142/4840
f 805/4145/805 1861/4146/1861 4843/4147/4842
f 804/4148/804 4844/4149/4843 2916/4150/2916
f 804/4148/804 4845/4151/4844 4844/4149/4843
f 745/4081/745 1801/4083/1801 4846/4152/4845
f 739/4153/739 4847/4154/4846 1795/4155/1795
f 739/4153/739 4848/4156/4847 4847/4154/4846
f 803/4157/803 1859/4158/1859 4849/4159/4848
f 802/4160/802 4850/4161/4849 2914/4162/2914
f 802/4160/802 4851/4163/4850 4850/4161/4849
f 738/4105/738 1794/4107/1794 4852/4164/4851
f 734/4165/734 4853/4166/4852 1790/4167/1790
f 734/4165/734 4854/4168/4853 4853/4166/4852
f 801/4169/801 1857/4170/1857 4855/4171/4854
f 800/4172/800 4856/4173/4855 2912/4174/2912
f 800/4172/800 4857/4175/4856 4856/4173/4855
f 742/4117/742 1798/4119/1798 4858/4176/4857
f 737/4177/737 4859/4178/4858 1793/4179/1793
f 737/4177/737 4860/4180/4859 4859/4178/4858
f 799/4181/799 1855/4182/1855 4861/4183/4860
f 798/4184/798 4862/4185/4861 2910/4186/2910
f 798/4184/798 4863/4187/4862 4862/4185/4861
f 741/4129/741 1797/4131/1797 4864/4188/4863
f 736/4189/736 4865/4190/4864 1792/4191/1792
f 736/4189/736 4866/4192/4865 4865/4190/4864
f 797/4193/797 1853/4194/1853 4867/4195/4866
f 796/4196/796 4868/4197/4867 2908/4198/2908
f 796/4196/796 4869/4199/4868 4868/4197/4867
f 740/4141/740 1796/4143/1796 4870/4200/4869
f 735/4201/735 4871/4202/4870 1791/4203/1791
f 735/4201/735 4872/4204/4871 4871/4202/4870
f 795/4205/795 1851/4206/1851 4873/4207/4872
f 794/4208/794 4874/4209/4873 2906/4210/2906
f 794/4208/794 4875/4211/4874 4874/4209/4873
f 734/4165/734 1790/4167/1790 4876/4212/4875
f 731/4213/731 4877/4214/4876 1787/4215/1787
f 731/4213/731 4878/4216/4877 4877/4214/4876
f 793/4217/793 1849/4218/1849 4879/4219/4878
f 792/4220/792 4880/4221/4879 2904/4222/2904
f 792/4220/792 4881/4223/4880 4880/4221/4879
f 737/4177/737 1793/4179/1793 4882/4224/4881
f 733/4225/733 4883/4226/4882 1789/4227/1789
f 733/4225/733 4884/4228/4883 4883/4226/4882
f 791/4229/791 1847/4230/1847 4885/4231/4884
f 790/4232/790 4886/4233/4885 2902/4234/2902
f 790/4232/790 4887/4235/4886 4886/4233/4885
f 736/4189/736 1792/4191/1792 4888/4236/4887
f 732/4237/732 4889/4238/4888 1788/4239/1788
f 732/4237/732 4890/4240/4889 4889/4238/4888
f 789/4241/789 1845/4242/1845 4891/4243/4890
f 788/4244/788 4892/4245/4891 2900/4246/2900
f 788/4244/788 4893/4247/4892 4892/4245/4891
f 731/4213/731 1787/4215/1787 4894/4248/4893
f 729/4249/729 4895/4250/4894 1785/4251/1785
f 729/4249/729 4896/4252/4895 4895/4250/4894
f 787/4253/787 1843/4254/1843 4897/4255/4896
f 786/4256/786 4898/4257/4897 2898/4258/2898
f 786/4256/786 4899/4259/4898 4898/4257/4897
f 733/4225/733 1789/4227/1789 4900/4260/4899
f 730/4261/730 4901/4262/4900 1786/4263/1786
f 730/4261/730 4902/4264/4901 4901/4262/4900
f 785/4265/785 1841/4266/1841 4903/4267/4902
f 784/4268/784 4904/4269/4903 2896/4270/2896
f 784/4268/784 4905/4271/4904 4904/4269/4903
f 729/4249/729 1785/4251/1785 4906/4272/4905
f 728/4273/728 4907/4274/4906 1784/4275/1784
f 728/4273/728 4908/4276/4907 4907/4274/4906
f 783/4277/783 1839/4278/1839 4909/4279/4908
f 349/4280/349 4910/4281/4909 1405/4282/1405
f 349/4280/349 4911/4283/4910 4910/4281/4909
f 774/3734/774 1830/3736/1830 4912/4284/4911
f 350/4285/350 4913/4286/4912 1406/4287/1406
f 350/4285/350 4914/4288/4913 4913/4286/4912
f 765/3841/765 1821/3843/1821 4915/4289/4914
f 351/4290/351 4916/4291/4915 1407/4292/1407
f 351/4290/351 4917/4293/4916 4916/4291/4915
f 757/3937/757 1813/3939/1813 4918/4294/4917
f 352/4295/352 4919/4296/4918 1408/4297/1408
f 352/4295/352 4920/4298/4919 4919/4296/4918
f 750/4021/750 1806/4023/1806 4921/4299/4920
f 353/4300/353 4922/4301/4921 1409/4302/1409
f 353/4300/353 4923/4303/4922 4922/4301/4921
f 744/4093/744 1800/4095/1800 4924/4304/4923
f 354/4305/354 4925/4306/4924 1410/4307/1410
f 354/4305/354 4926/4308/4925 4925/4306/4924
f 739/4153/739 1795/4155/1795 4927/4309/4926
f 355/4310/355 4928/4311/4927 1411/4312/1411
f 355/4310/355 4929/4313/4928 4928/4311/4927
f 735/4201/735 1791/4203/1791 4930/4314/4929
f 356/4315/356 4931/4316/4930 1412/4317/1412
f 356/4315/356 4932/4318/4931 4931/4316/4930
f 732/4237/732 1788/4239/1788 4933/4319/4932
f 357/4320/357 4934/4321/4933 1413/4322/1413
f 357/4320/357 4935/4323/4934 4934/4321/4933
f 730/4261/730 1786/4263/1786 4936/4324/4935
f 333/4325/333 4937/4326/4936 1389/4327/1389
f 333/4325/333 4938/4328/4937 4937/4326/4936
f 728/4273/728 1784/4275/1784 4939/4329/4938
f 727/4330/727 4940/4331/4939 2839/4332/2839
f 727/4330/727 4941/2320/4940 4940/4331/4939
f 5852/987/5851 5652/4333/5651 5651/988/5650
f 608/4334/608 4943/4335/4942 1664/4336/1664
f 608/4334/608 4944/4337/4943 4943/4335/4942
f 726/4338/726 1782/4339/1782 4945/4340/4944
f 725/4341/725 4946/4342/4945 2837/4343/2837
f 725/4341/725 4947/1000/4946 4946/4342/4945
f 5850/2921/5849 5655/2923/5654 5849/4344/5848
f 617/4345/617 4949/4346/4948 1673/4347/1673
f 617/4345/617 4950/4348/4949 4949/4346/4948
f 724/4349/724 1780/4350/1780 4951/4351/4950
f 723/4352/723 4952/4353/4951 2835/4354/2835
f 723/4352/723 4953/1448/4952 4952/4353/4951
f 5847/4355/5846 2510/991/2510 5846/990/5845
f 616/4356/616 4955/4357/4954 1672/4358/1672
f 616/4356/616 4956/4359/4955 4955/4357/4954
f 722/4360/722 1778/4361/1778 4957/4362/4956
f 721/4363/721 4958/4364/4957 2833/4365/2833
f 721/4363/721 4959/2309/4958 4958/4364/4957
f 5844/4366/5843 2490/4367/2490 5682/4368/5681
f 615/4369/615 4961/4370/4960 1671/4371/1671
f 615/4369/615 4962/4372/4961 4961/4370/4960
f 720/4373/720 1776/4374/1776 4963/4375/4962
f 719/4376/719 4964/4377/4963 2831/4378/2831
f 719/4376/719 4965/4379/4964 4964/4377/4963
f 5841/2319/5840 4941/2320/4940 1783/4380/1783
f 614/4381/614 4967/4382/4966 1670/4383/1670
f 614/4381/614 4968/4384/4967 4967/4382/4966
f 718/4385/718 1774/1246/1774 4969/4386/4968
f 717/4387/717 4970/4388/4969 2829/4389/2829
f 717/4387/717 4971/2223/4970 4970/4388/4969
f 5838/999/5837 4948/4390/4947 4947/1000/4946
f 613/4391/613 4973/4392/4972 1669/4393/1669
f 613/4391/613 4974/4394/4973 4973/4392/4972
f 716/4395/716 1772/1012/1772 4975/4396/4974
f 715/4397/715 4976/4398/4975 2827/4399/2827
f 715/4397/715 4977/2297/4976 4976/4398/4975
f 5836/4400/5835 4954/4401/4953 5835/4402/5834
f 612/4403/612 4979/4404/4978 1668/4405/1668
f 612/4403/612 4980/4406/4979 4979/4404/4978
f 714/4407/714 1770/4408/1770 4981/4409/4980
f 713/4410/713 4982/4411/4981 2825/4412/2825
f 713/4410/713 4983/2284/4982 4982/4411/4981
f 5833/4413/5832 1779/1449/1779 1778/4361/1778
f 611/4414/611 4985/4415/4984 1667/4416/1667
f 611/4414/611 4986/4417/4985 4985/4415/4984
f 712/4418/712 1768/4419/1768 4987/4420/4986
f 711/4421/711 4988/4422/4987 2823/4423/2823
f 711/4421/711 4989/2273/4988 4988/4422/4987
f 5830/1007/5829 4959/2309/4958 1777/1008/1777
f 610/4424/610 4991/4425/4990 1666/4426/1666
f 610/4424/610 4992/4427/4991 4991/4425/4990
f 710/4428/710 1766/4429/1766 4993/4430/4992
f 709/4431/709 4994/4432/4993 2821/4433/2821
f 709/4431/709 4995/1233/4994 4994/4432/4993
f 5827/4434/5826 4966/4435/4965 4965/4379/4964
f 609/4436/609 4997/4437/4996 1665/4438/1665
f 609/4436/609 4998/4439/4997 4997/4437/4996
f 708/4440/708 1764/2259/1764 4999/4441/4998
f 707/4442/707 5000/4443/4999 2819/4444/2819
f 707/4442/707 5001/4445/5000 5000/4443/4999
f 608/4334/608 1664/4336/1664 5002/4446/5001
f 599/4447/599 5003/4448/5002 1655/4449/1655
f 599/4447/599 5004/4450/5003 5003/4448/5002
f 706/4451/706 1762/4452/1762 5005/4453/5004
f 705/4454/705 5006/4455/5005 2817/4456/2817
f 705/4454/705 5007/4457/5006 5006/4455/5005
f 617/4345/617 1673/4347/1673 5008/4458/5007
f 607/4459/607 5009/4460/5008 1663/4461/1663
f 607/4459/607 5010/4462/5009 5009/4460/5008
f 704/4463/704 1760/4464/1760 5011/4465/5010
f 703/4466/703 5012/4467/5011 2815/4468/2815
f 703/4466/703 5013/4469/5012 5012/4467/5011
f 616/4356/616 1672/4358/1672 5014/4470/5013
f 606/4471/606 5015/4472/5014 1662/4473/1662
f 606/4471/606 5016/4474/5015 5015/4472/5014
f 702/4475/702 1758/4476/1758 5017/4477/5016
f 701/4478/701 5018/4479/5017 2813/4480/2813
f 701/4478/701 5019/4481/5018 5018/4479/5017
f 615/4369/615 1671/4371/1671 5020/4482/5019
f 605/4483/605 5021/4484/5020 1661/4485/1661
f 605/4483/605 5022/4486/5021 5021/4484/5020
f 700/4487/700 1756/4488/1756 5023/4489/5022
f 699/4490/699 5024/4491/5023 2811/4492/2811
f 699/4490/699 5025/4493/5024 5024/4491/5023
f 614/4381/614 1670/4383/1670 5026/4494/5025
f 604/4495/604 5027/4496/5026 1660/4497/1660
f 604/4495/604 5028/4498/5027 5027/4496/5026
f 698/4499/698 1754/4500/1754 5029/4501/5028
f 697/4502/697 5030/4503/5029 2809/4504/2809
f 697/4502/697 5031/4505/5030 5030/4503/5029
f 613/4391/613 1669/4393/1669 5032/4506/5031
f 603/4507/603 5033/4508/5032 1659/4509/1659
f 603/4507/603 5034/4510/5033 5033/4508/5032
f 696/4511/696 1752/4512/1752 5035/4513/5034
f 695/4514/695 5036/4515/5035 2807/4516/2807
f 695/4514/695 5037/4517/5036 5036/4515/5035
f 612/4403/612 1668/4405/1668 5038/4518/5037
f 602/4519/602 5039/4520/5038 1658/4521/1658
f 602/4519/602 5040/4522/5039 5039/4520/5038
f 694/4523/694 1750/4524/1750 5041/4525/5040
f 693/4526/693 5042/4527/5041 2805/4528/2805
f 693/4526/693 5043/4529/5042 5042/4527/5041
f 611/4414/611 1667/4416/1667 5044/4530/5043
f 601/4531/601 5045/4532/5044 1657/4533/1657
f 601/4531/601 5046/4534/5045 5045/4532/5044
f 692/4535/692 1748/4536/1748 5047/4537/5046
f 691/4538/691 5048/4539/5047 2803/4540/2803
f 691/4538/691 5049/4541/5048 5048/4539/5047
f 610/4424/610 1666/4426/1666 5050/4542/5049
f 600/4543/600 5051/4544/5050 1656/4545/1656
f 600/4543/600 5052/4546/5051 5051/4544/5050
f 690/4547/690 1746/4548/1746 5053/4549/5052
f 689/4550/689 5054/4551/5053 2801/4552/2801
f 689/4550/689 5055/4553/5054 5054/4551/5053
f 599/4447/599 1655/4449/1655 5056/4554/5055
f 591/4555/591 5057/4556/5056 1647/4557/1647
f 591/4555/591 5058/4558/5057 5057/4556/5056
f 688/4559/688 1744/4560/1744 5059/4561/5058
f 687/4562/687 5060/4563/5059 2799/4564/2799
f 687/4562/687 5061/4565/5060 5060/4563/5059
f 607/4459/607 1663/4461/1663 5062/4566/5061
f 598/4567/598 5063/4568/5062 1654/4569/1654
f 598/4567/598 5064/4570/5063 5063/4568/5062
f 686/4571/686 1742/4572/1742 5065/4573/5064
f 685/4574/685 5066/4575/5065 2797/4576/2797
f 685/4574/685 5067/4577/5066 5066/4575/5065
f 606/4471/606 1662/4473/1662 5068/4578/5067
f 597/4579/597 5069/4580/5068 1653/4581/1653
f 597/4579/597 5070/4582/5069 5069/4580/5068
f 684/4583/684 1740/4584/1740 5071/4585/5070
f 683/4586/683 5072/4587/5071 2795/4588/2795
f 683/4586/683 5073/4589/5072 5072/4587/5071
f 605/4483/605 1661/4485/1661 5074/4590/5073
f 596/4591/596 5075/4592/5074 1652/4593/1652
f 596/4591/596 5076/4594/5075 5075/4592/5074
f 682/4595/682 1738/4596/1738 5077/4597/5076
f 681/4598/681 5078/4599/5077 2793/4600/2793
f 681/4598/681 5079/4601/5078 5078/4599/5077
f 604/4495/604 1660/4497/1660 5080/4602/5079
f 595/4603/595 5081/4604/5080 1651/4605/1651
f 595/4603/595 5082/4606/5081 5081/4604/5080
f 680/4607/680 1736/4608/1736 5083/4609/5082
f 679/4610/679 5084/4611/5083 2791/4612/2791
f 679/4610/679 5085/4613/5084 5084/4611/5083
f 603/4507/603 1659/4509/1659 5086/4614/5085
f 594/4615/594 5087/4616/5086 1650/4617/1650
f 594/4615/594 5088/4618/5087 5087/4616/5086
f 678/4619/678 1734/4620/1734 5089/4621/5088
f 677/4622/677 5090/4623/5089 2789/4624/2789
f 677/4622/677 5091/4625/5090 5090/4623/5089
f 602/4519/602 1658/4521/1658 5092/4626/5091
f 593/4627/593 5093/4628/5092 1649/4629/1649
f 593/4627/593 5094/4630/5093 5093/4628/5092
f 676/4631/676 1732/4632/1732 5095/4633/5094
f 675/4634/675 5096/4635/5095 2787/4636/2787
f 675/4634/675 5097/4637/5096 5096/4635/5095
f 601/4531/601 1657/4533/1657 5098/4638/5097
f 592/4639/592 5099/4640/5098 1648/4641/1648
f 592/4639/592 5100/4642/5099 5099/4640/5098
f 674/4643/674 1730/4644/1730 5101/4645/5100
f 673/4646/673 5102/4647/5101 2785/4648/2785
f 673/4646/673 5103/4649/5102 5102/4647/5101
f 591/4555/591 1647/4557/1647 5104/4650/5103
f 584/4651/584 5105/4652/5104 1640/4653/1640
f 584/4651/584 5106/4654/5105 5105/4652/5104
f 672/4655/672 1728/4656/1728 5107/4657/5106
f 671/4658/671 5108/4659/5107 2783/4660/2783
f 671/4658/671 5109/4661/5108 5108/4659/5107
f 598/4567/598 1654/4569/1654 5110/4662/5109
f 590/4663/590 5111/4664/5110 1646/4665/1646
f 590/4663/590 5112/4666/5111 5111/4664/5110
f 670/4667/670 1726/4668/1726 5113/4669/5112
f 669/4670/669 5114/4671/5113 2781/4672/2781
f 669/4670/669 5115/4673/5114 5114/4671/5113
f 597/4579/597 1653/4581/1653 5116/4674/5115
f 589/4675/589 5117/4676/5116 1645/4677/1645
f 589/4675/589 5118/4678/5117 5117/4676/5116
f 668/4679/668 1724/4680/1724 5119/4681/5118
f 667/4682/667 5120/4683/5119 2779/4684/2779
f 667/4682/667 5121/4685/5120 5120/4683/5119
f 596/4591/596 1652/4593/1652 5122/4686/5121
f 588/4687/588 5123/4688/5122 1644/4689/1644
f 588/4687/588 5124/4690/5123 5123/4688/5122
f 666/4691/666 1722/4692/1722 5125/4693/5124
f 665/4694/665 5126/4695/5125 2777/4696/2777
f 665/4694/665 5127/4697/5126 5126/4695/5125
f 595/4603/595 1651/4605/1651 5128/4698/5127
f 587/4699/587 5129/4700/5128 1643/4701/1643
f 587/4699/587 5130/4702/5129 5129/4700/5128
f 664/4703/664 1720/4704/1720 5131/4705/5130
f 663/4706/663 5132/4707/5131 2775/4708/2775
f 663/4706/663 5133/4709/5132 5132/4707/5131
f 594/4615/594 1650/4617/1650 5134/4710/5133
f 586/4711/586 5135/4712/5134 1642/4713/1642
f 586/4711/586 5136/4714/5135 5135/4712/5134
f 662/4715/662 1718/4716/1718 5137/4717/5136
f 661/4718/661 5138/4719/5137 2773/4720/2773
f 661/4718/661 5139/4721/5138 5138/4719/5137
f 593/4627/593 1649/4629/1649 5140/4722/5139
f 585/4723/585 5141/4724/5140 1641/4725/1641
f 585/4723/585 5142/4726/5141 5141/4724/5140
f 660/4727/660 1716/4728/1716 5143/4729/5142
f 659/4730/659 5144/4731/5143 2771/4732/2771
f 659/4730/659 5145/4733/5144 5144/4731/5143
f 584/4651/584 1640/4653/1640 5146/4734/5145
f 578/4735/578 5147/4736/5146 1634/4737/1634
f 578/4735/578 5148/4738/5147 5147/4736/5146
f 658/4739/658 1714/4740/1714 5149/4741/5148
f 657/4742/657 5150/4743/5149 2769/4744/2769
f 657/4742/657 5151/4745/5150 5150/4743/5149
f 590/4663/590 1646/4665/1646 5152/4746/5151
f 583/4747/583 5153/4748/5152 1639/4749/1639
f 583/4747/583 5154/4750/5153 5153/4748/5152
f 656/4751/656 1712/4752/1712 5155/4753/5154
f 655/4754/655 5156/4755/5155 2767/4756/2767
f 655/4754/655 5157/4757/5156 5156/4755/5155
f 589/4675/589 1645/4677/1645 5158/4758/5157
f 582/4759/582 5159/4760/5158 1638/4761/1638
f 582/4759/582 5160/4762/5159 5159/4760/5158
f 654/4763/654 1710/4764/1710 5161/4765/5160
f 653/4766/653 5162/4767/5161 2765/4768/2765
f 653/4766/653 5163/4769/5162 5162/4767/5161
f 588/4687/588 1644/4689/1644 5164/4770/5163
f 581/4771/581 5165/4772/5164 1637/4773/1637
f 581/4771/581 5166/4774/5165 5165/4772/5164
f 652/4775/652 1708/4776/1708 5167/4777/5166
f 651/4778/651 5168/4779/5167 2763/4780/2763
f 651/4778/651 5169/4781/5168 5168/4779/5167
f 587/4699/587 1643/4701/1643 5170/4782/5169
f 580/4783/580 5171/4784/5170 1636/4785/1636
f 580/4783/580 5172/4786/5171 5171/4784/5170
f 650/4787/650 1706/4788/1706 5173/4789/5172
f 649/4790/649 5174/4791/5173 2761/4792/2761
f 649/4790/649 5175/4793/5174 5174/4791/5173
f 586/4711/586 1642/4713/1642 5176/4794/5175
f 579/4795/579 5177/4796/5176 1635/4797/1635
f 579/4795/579 5178/4798/5177 5177/4796/5176
f 648/4799/648 1704/4800/1704 5179/4801/5178
f 647/4802/647 5180/4803/5179 2759/4804/2759
f 647/4802/647 5181/4805/5180 5180/4803/5179
f 578/4735/578 1634/4737/1634 5182/4806/5181
f 573/4807/573 5183/4808/5182 1629/4809/1629
f 573/4807/573 5184/4810/5183 5183/4808/5182
f 646/4811/646 1702/4812/1702 5185/4813/5184
f 645/4814/645 5186/4815/5185 2757/4816/2757
f 645/4814/645 5187/4817/5186 5186/4815/5185
f 583/4747/583 1639/4749/1639 5188/4818/5187
f 577/4819/577 5189/4820/5188 1633/4821/1633
f 577/4819/577 5190/4822/5189 5189/4820/5188
f 644/4823/644 1700/4824/1700 5191/4825/5190
f 643/4826/643 5192/4827/5191 2755/4828/2755
f 643/4826/643 5193/4829/5192 5192/4827/5191
f 582/4759/582 1638/4761/1638 5194/4830/5193
f 576/4831/576 5195/4832/5194 1632/4833/1632
f 576/4831/576 5196/4834/5195 5195/4832/5194
f 642/4835/642 1698/4836/1698 5197/4837/5196
f 641/4838/641 5198/4839/5197 2753/4840/2753
f 641/4838/641 5199/4841/5198 5198/4839/5197
f 581/4771/581 1637/4773/1637 5200/4842/5199
f 575/4843/575 5201/4844/5200 1631/4845/1631
f 575/4843/575 5202/4846/5201 5201/4844/5200
f 640/4847/640 1696/4848/1696 5203/4849/5202
f 639/4850/639 5204/4851/5203 2751/4852/2751
f 639/4850/639 5205/4853/5204 5204/4851/5203
f 580/4783/580 1636/4785/1636 5206/4854/5205
f 574/4855/574 5207/4856/5206 1630/4857/1630
f 574/4855/574 5208/4858/5207 5207/4856/5206
f 638/4859/638 1694/4860/1694 5209/4861/5208
f 637/4862/637 5210/4863/5209 2749/4864/2749
f 637/4862/637 5211/4865/5210 5210/4863/5209
f 573/4807/573 1629/4809/1629 5212/4866/5211
f 569/4867/569 5213/4868/5212 1625/4869/1625
f 569/4867/569 5214/4870/5213 5213/4868/5212
f 636/4871/636 1692/4872/1692 5215/4873/5214
f 635/4874/635 5216/4875/5215 2747/4876/2747
f 635/4874/635 5217/4877/5216 5216/4875/5215
f 577/4819/577 1633/4821/1633 5218/4878/5217
f 572/4879/572 5219/4880/5218 1628/4881/1628
f 572/4879/572 5220/4882/5219 5219/4880/5218
f 634/4883/634 1690/4884/1690 5221/4885/5220
f 633/4886/633 5222/4887/5221 2745/4888/2745
f 633/4886/633 5223/4889/5222 5222/4887/5221
f 576/4831/576 1632/4833/1632 5224/4890/5223
f 571/4891/571 5225/4892/5224 1627/4893/1627
f 571/4891/571 5226/4894/5225 5225/4892/5224
f 632/4895/632 1688/4896/1688 5227/4897/5226
f 631/4898/631 5228/4899/5227 2743/4900/2743
f 631/4898/631 5229/4901/5228 5228/4899/5227
f 575/4843/575 1631/4845/1631 5230/4902/5229
f 570/4903/570 5231/4904/5230 1626/4905/1626
f 570/4903/570 5232/4906/5231 5231/4904/5230
f 630/4907/630 1686/4908/1686 5233/4909/5232
f 629/4910/629 5234/4911/5233 2741/4912/2741
f 629/4910/629 5235/4913/5234 5234/4911/5233
f 569/4867/569 1625/4869/1625 5236/4914/5235
f 566/4915/566 5237/4916/5236 1622/4917/1622
f 566/4915/566 5238/4918/5237 5237/4916/5236
f 628/4919/628 1684/4920/1684 5239/4921/5238
f 627/4922/627 5240/4923/5239 2739/4924/2739
f 627/4922/627 5241/4925/5240 5240/4923/5239
f 572/4879/572 1628/4881/1628 5242/4926/5241
f 568/4927/568 5243/4928/5242 1624/4929/1624
f 568/4927/568 5244/4930/5243 5243/4928/5242
f 626/4931/626 1682/4932/1682 5245/4933/5244
f 625/4934/625 5246/4935/5245 2737/4936/2737
f 625/4934/625 5247/4937/5246 5246/4935/5245
f 571/4891/571 1627/4893/1627 5248/4938/5247
f 567/4939/567 5249/4940/5248 1623/4941/1623
f 567/4939/567 5250/4942/5249 5249/4940/5248
f 624/4943/624 1680/4944/1680 5251/4945/5250
f 623/4946/623 5252/4947/5251 2735/4948/2735
f 623/4946/623 5253/4949/5252 5252/4947/5251
f 566/4915/566 1622/4917/1622 5254/4950/5253
f 564/4951/564 5255/4952/5254 1620/4953/1620
f 564/4951/564 5256/4954/5255 5255/4952/5254
f 622/4955/622 1678/4956/1678 5257/4957/5256
f 621/4958/621 5258/4959/5257 2733/4960/2733
f 621/4958/621 5259/4961/5258 5258/4959/5257
f 568/4927/568 1624/4929/1624 5260/4962/5259
f 565/4963/565 5261/4964/5260 1621/4965/1621
f 565/4963/565 5262/4966/5261 5261/4964/5260
f 620/4967/620 1676/4968/1676 5263/4969/5262
f 619/4970/619 5264/4971/5263 2731/4972/2731
f 619/4970/619 5265/4973/5264 5264/4971/5263
f 564/4951/564 1620/4953/1620 5266/4974/5265
f 563/4975/563 5267/4976/5266 1619/4977/1619
f 563/4975/563 5268/4978/5267 5267/4976/5266
f 618/4979/618 1674/4980/1674 5269/4981/5268
f 389/4982/389 5270/4983/5269 1445/4984/1445
f 389/4982/389 5271/4985/5270 5270/4983/5269
f 609/4436/609 1665/4438/1665 5272/4986/5271
f 390/4987/390 5273/4988/5272 1446/4989/1446
f 390/4987/390 5274/4990/5273 5273/4988/5272
f 600/4543/600 1656/4545/1656 5275/4991/5274
f 391/4992/391 5276/4993/5275 1447/4994/1447
f 391/4992/391 5277/4995/5276 5276/4993/5275
f 592/4639/592 1648/4641/1648 5278/4996/5277
f 392/4997/392 5279/4998/5278 1448/4999/1448
f 392/4997/392 5280/5000/5279 5279/4998/5278
f 585/4723/585 1641/4725/1641 5281/5001/5280
f 393/5002/393 5282/5003/5281 1449/5004/1449
f 393/5002/393 5283/5005/5282 5282/5003/5281
f 579/4795/579 1635/4797/1635 5284/5006/5283
f 394/5007/394 5285/5008/5284 1450/5009/1450
f 394/5007/394 5286/5010/5285 5285/5008/5284
f 574/4855/574 1630/4857/1630 5287/5011/5286
f 395/5012/395 5288/5013/5287 1451/5014/1451
f 395/5012/395 5289/5015/5288 5288/5013/5287
f 570/4903/570 1626/4905/1626 5290/5016/5289
f 396/5017/396 5291/5018/5290 1452/5019/1452
f 396/5017/396 5292/5020/5291 5291/5018/5290
f 567/4939/567 1623/4941/1623 5293/5021/5292
f 397/5022/397 5294/5023/5293 1453/5024/1453
f 397/5022/397 5295/5025/5294 5294/5023/5293
f 565/4963/565 1621/4965/1621 5296/5026/5295
f 337/5027/337 5297/5028/5296 1393/5029/1393
f 337/5027/337 5298/5030/5297 5297/5028/5296
f 563/4975/563 1619/4977/1619 5299/5031/5298
f 562/5032/562 5300/5033/5299 2674/5034/2674
f 562/5032/562 5301/5035/5300 5300/5033/5299
f 338/2199/338 2450/2201/2450 5302/5036/5301
f 443/5037/443 5303/5038/5302 1499/5039/1499
f 443/5037/443 5304/5040/5303 5303/5038/5302
f 561/5041/561 1617/5042/1617 5305/5043/5304
f 560/5044/560 5306/5045/5305 2672/5046/2672
f 560/5044/560 5307/5047/5306 5306/5045/5305
f 339/2194/339 2451/2196/2451 5308/5048/5307
f 452/5049/452 5309/5050/5308 1508/5051/1508
f 452/5049/452 5310/5052/5309 5309/5050/5308
f 559/5053/559 1615/5054/1615 5311/5055/5310
f 558/5056/558 5312/5057/5311 2670/5058/2670
f 558/5056/558 5313/5059/5312 5312/5057/5311
f 340/2189/340 2452/2191/2452 5314/5060/5313
f 451/5061/451 5315/5062/5314 1507/5063/1507
f 451/5061/451 5316/5064/5315 5315/5062/5314
f 557/5065/557 1613/5066/1613 5317/5067/5316
f 556/5068/556 5318/5069/5317 2668/5070/2668
f 556/5068/556 5319/5071/5318 5318/5069/5317
f 341/2184/341 2453/2186/2453 5320/5072/5319
f 450/5073/450 5321/5074/5320 1506/5075/1506
f 450/5073/450 5322/5076/5321 5321/5074/5320
f 555/5077/555 1611/5078/1611 5323/5079/5322
f 554/5080/554 5324/5081/5323 2666/5082/2666
f 554/5080/554 5325/5083/5324 5324/5081/5323
f 342/2179/342 2454/2181/2454 5326/5084/5325
f 449/5085/449 5327/5086/5326 1505/5087/1505
f 449/5085/449 5328/5088/5327 5327/5086/5326
f 553/5089/553 1609/5090/1609 5329/5091/5328
f 552/5092/552 5330/5093/5329 2664/5094/2664
f 552/5092/552 5331/5095/5330 5330/5093/5329
f 343/2174/343 2455/2176/2455 5332/5096/5331
f 448/5097/448 5333/5098/5332 1504/5099/1504
f 448/5097/448 5334/5100/5333 5333/5098/5332
f 551/5101/551 1607/5102/1607 5335/5103/5334
f 550/5104/550 5336/5105/5335 2662/5106/2662
f 550/5104/550 5337/5107/5336 5336/5105/5335
f 344/2169/344 2456/2171/2456 5338/5108/5337
f 447/5109/447 5339/5110/5338 1503/5111/1503
f 447/5109/447 5340/5112/5339 5339/5110/5338
f 549/5113/549 1605/5114/1605 5341/5115/5340
f 548/5116/548 5342/5117/5341 2660/5118/2660
f 548/5116/548 5343/5119/5342 5342/5117/5341
f 345/2164/345 2457/2166/2457 5344/5120/5343
f 446/5121/446 5345/5122/5344 1502/5123/1502
f 446/5121/446 5346/5124/5345 5345/5122/5344
f 547/5125/547 1603/5126/1603 5347/5127/5346
f 546/5128/546 5348/5129/5347 2658/5130/2658
f 546/5128/546 5349/5131/5348 5348/5129/5347
f 346/2159/346 2458/2161/2458 5350/5132/5349
f 445/5133/445 5351/5134/5350 1501/5135/1501
f 445/5133/445 5352/5136/5351 5351/5134/5350
f 545/5137/545 1601/5138/1601 5353/5139/5352
f 544/5140/544 5354/5141/5353 2656/5142/2656
f 544/5140/544 5355/5143/5354 5354/5141/5353
f 347/2154/347 2459/2156/2459 5356/5144/5355
f 444/5145/444 5357/5146/5356 1500/5147/1500
f 444/5145/444 5358/5148/5357 5357/5146/5356
f 543/5149/543 1599/5150/1599 5359/5151/5358
f 542/5152/542 5360/5153/5359 2654/5154/2654
f 542/5152/542 5361/5155/5360 5360/5153/5359
f 443/5037/443 1499/5039/1499 5362/5156/5361
f 434/5157/434 5363/5158/5362 1490/5159/1490
f 434/5157/434 5364/5160/5363 5363/5158/5362
f 541/5161/541 1597/5162/1597 5365/5163/5364
f 540/5164/540 5366/5165/5365 2652/5166/2652
f 540/5164/540 5367/5167/5366 5366/5165/5365
f 452/5049/452 1508/5051/1508 5368/5168/5367
f 442/5169/442 5369/5170/5368 1498/5171/1498
f 442/5169/442 5370/5172/5369 5369/5170/5368
f 539/5173/539 1595/5174/1595 5371/5175/5370
f 538/5176/538 5372/5177/5371 2650/5178/2650
f 538/5176/538 5373/5179/5372 5372/5177/5371
f 451/5061/451 1507/5063/1507 5374/5180/5373
f 441/5181/441 5375/5182/5374 1497/5183/1497
f 441/5181/441 5376/5184/5375 5375/5182/5374
f 537/5185/537 1593/5186/1593 5377/5187/5376
f 536/5188/536 5378/5189/5377 2648/5190/2648
f 536/5188/536 5379/5191/5378 5378/5189/5377
f 450/5073/450 1506/5075/1506 5380/5192/5379
f 440/5193/440 5381/5194/5380 1496/5195/1496
f 440/5193/440 5382/5196/5381 5381/5194/5380
f 535/5197/535 1591/5198/1591 5383/5199/5382
f 534/5200/534 5384/5201/5383 2646/5202/2646
f 534/5200/534 5385/5203/5384 5384/5201/5383
f 449/5085/449 1505/5087/1505 5386/5204/5385
f 439/5205/439 5387/5206/5386 1495/5207/1495
f 439/5205/439 5388/5208/5387 5387/5206/5386
f 533/5209/533 1589/5210/1589 5389/5211/5388
f 532/5212/532 5390/5213/5389 2644/5214/2644
f 532/5212/532 5391/5215/5390 5390/5213/5389
f 448/5097/448 1504/5099/1504 5392/5216/5391
f 438/5217/438 5393/5218/5392 1494/5219/1494
f 438/5217/438 5394/5220/5393 5393/5218/5392
f 531/5221/531 1587/5222/1587 5395/5223/5394
f 530/5224/530 5396/5225/5395 2642/5226/2642
f 530/5224/530 5397/5227/5396 5396/5225/5395
f 447/5109/447 1503/5111/1503 5398/5228/5397
f 437/5229/437 5399/5230/5398 1493/5231/1493
f 437/5229/437 5400/5232/5399 5399/5230/5398
f 529/5233/529 1585/5234/1585 5401/5235/5400
f 528/5236/528 5402/5237/5401 2640/5238/2640
f 528/5236/528 5403/5239/5402 5402/5237/5401
f 446/5121/446 1502/5123/1502 5404/5240/5403
f 436/5241/436 5405/5242/5404 1492/5243/1492
f 436/5241/436 5406/5244/5405 5405/5242/5404
f 527/5245/527 1583/5246/1583 5407/5247/5406
f 526/5248/526 5408/5249/5407 2638/5250/2638
f 526/5248/526 5409/5251/5408 5408/5249/5407
f 445/5133/445 1501/5135/1501 5410/5252/5409
f 435/5253/435 5411/5254/5410 1491/5255/1491
f 435/5253/435 5412/5256/5411 5411/5254/5410
f 525/5257/525 1581/5258/1581 5413/5259/5412
f 524/5260/524 5414/5261/5413 2636/5262/2636
f 524/5260/524 5415/5263/5414 5414/5261/5413
f 434/5157/434 1490/5159/1490 5416/5264/5415
f 426/5265/426 5417/5266/5416 1482/5267/1482
f 426/5265/426 5418/5268/5417 5417/5266/5416
f 523/5269/523 1579/5270/1579 5419/5271/5418
f 522/5272/522 5420/5273/5419 2634/5274/2634
f 522/5272/522 5421/5275/5420 5420/5273/5419
f 442/5169/442 1498/5171/1498 5422/5276/5421
f 433/5277/433 5423/5278/5422 1489/5279/1489
f 433/5277/433 5424/5280/5423 5423/5278/5422
f 521/5281/521 1577/5282/1577 5425/5283/5424
f 520/5284/520 5426/5285/5425 2632/5286/2632
f 520/5284/520 5427/5287/5426 5426/5285/5425
f 441/5181/441 1497/5183/1497 5428/5288/5427
f 432/5289/432 5429/5290/5428 1488/5291/1488
f 432/5289/432 5430/5292/5429 5429/5290/5428
f 519/5293/519 1575/5294/1575 5431/5295/5430
f 518/5296/518 5432/5297/5431 2630/5298/2630
f 518/5296/518 5433/5299/5432 5432/5297/5431
f 440/5193/440 1496/5195/1496 5434/5300/5433
f 431/5301/431 5435/5302/5434 1487/5303/1487
f 431/5301/431 5436/5304/5435 5435/5302/5434
f 517/5305/517 1573/5306/1573 5437/5307/5436
f 516/5308/516 5438/5309/5437 2628/5310/2628
f 516/5308/516 5439/5311/5438 5438/5309/5437
f 439/5205/439 1495/5207/1495 5440/5312/5439
f 430/5313/430 5441/5314/5440 1486/5315/1486
f 430/5313/430 5442/5316/5441 5441/5314/5440
f 515/5317/515 1571/5318/1571 5443/5319/5442
f 514/5320/514 5444/5321/5443 2626/5322/2626
f 514/5320/514 5445/5323/5444 5444/5321/5443
f 438/5217/438 1494/5219/1494 5446/5324/5445
f 429/5325/429 5447/5326/5446 1485/5327/1485
f 429/5325/429 5448/5328/5447 5447/5326/5446
f 513/5329/513 1569/5330/1569 5449/5331/5448
f 512/5332/512 5450/5333/5449 2624/5334/2624
f 512/5332/512 5451/5335/5450 5450/5333/5449
f 437/5229/437 1493/5231/1493 5452/5336/5451
f 428/5337/428 5453/5338/5452 1484/5339/1484
f 428/5337/428 5454/5340/5453 5453/5338/5452
f 511/5341/511 1567/5342/1567 5455/5343/5454
f 510/5344/510 5456/5345/5455 2622/5346/2622
f 510/5344/510 5457/5347/5456 5456/5345/5455
f 436/5241/436 1492/5243/1492 5458/5348/5457
f 427/5349/427 5459/5350/5458 1483/5351/1483
f 427/5349/427 5460/5352/5459 5459/5350/5458
f 509/5353/509 1565/5354/1565 5461/5355/5460
f 508/5356/508 5462/5357/5461 2620/5358/2620
f 508/5356/508 5463/5359/5462 5462/5357/5461
f 426/5265/426 1482/5267/1482 5464/5360/5463
f 419/5361/419 5465/5362/5464 1475/5363/1475
f 419/5361/419 5466/5364/5465 5465/5362/5464
f 507/5365/507 1563/5366/1563 5467/5367/5466
f 506/5368/506 5468/5369/5467 2618/5370/2618
f 506/5368/506 5469/5371/5468 5468/5369/5467
f 433/5277/433 1489/5279/1489 5470/5372/5469
f 425/5373/425 5471/5374/5470 1481/5375/1481
f 425/5373/425 5472/5376/5471 5471/5374/5470
f 505/5377/505 1561/5378/1561 5473/5379/5472
f 504/5380/504 5474/5381/5473 2616/5382/2616
f 504/5380/504 5475/5383/5474 5474/5381/5473
f 432/5289/432 1488/5291/1488 5476/5384/5475
f 424/5385/424 5477/5386/5476 1480/5387/1480
f 424/5385/424 5478/5388/5477 5477/5386/5476
f 503/5389/503 1559/5390/1559 5479/5391/5478
f 502/5392/502 5480/5393/5479 2614/5394/2614
f 502/5392/502 5481/5395/5480 5480/5393/5479
f 431/5301/431 1487/5303/1487 5482/5396/5481
f 423/5397/423 5483/5398/5482 1479/5399/1479
f 423/5397/423 5484/5400/5483 5483/5398/5482
f 501/5401/501 1557/5402/1557 5485/5403/5484
f 500/5404/500 5486/5405/5485 2612/5406/2612
f 500/5404/500 5487/5407/5486 5486/5405/5485
f 430/5313/430 1486/5315/1486 5488/5408/5487
f 422/5409/422 5489/5410/5488 1478/5411/1478
f 422/5409/422 5490/5412/5489 5489/5410/5488
f 499/5413/499 1555/5414/1555 5491/5415/5490
f 498/5416/498 5492/5417/5491 2610/5418/2610
f 498/5416/498 5493/5419/5492 5492/5417/5491
f 429/5325/429 1485/5327/1485 5494/5420/5493
f 421/5421/421 5495/5422/5494 1477/5423/1477
f 421/5421/421 5496/5424/5495 5495/5422/5494
f 497/5425/497 1553/5426/1553 5497/5427/5496
f 496/5428/496 5498/5429/5497 2608/5430/2608
f 496/5428/496 5499/5431/5498 5498/5429/5497
f 428/5337/428 1484/5339/1484 5500/5432/5499
f 420/5433/420 5501/5434/5500 1476/5435/1476
f 420/5433/420 5502/5436/5501 5501/5434/5500
f 495/5437/495 1551/5438/1551 5503/5439/5502
f 494/5440/494 5504/5441/5503 2606/5442/2606
f 494/5440/494 5505/5443/5504 5504/5441/5503
f 419/5361/419 1475/5363/1475 5506/5444/5505
f 413/5445/413 5507/5446/5506 1469/5447/1469
f 413/5445/413 5508/5448/5507 5507/5446/5506
f 493/5449/493 1549/5450/1549 5509/5451/5508
f 492/5452/492 5510/5453/5509 2604/5454/2604
f 492/5452/492 5511/5455/5510 5510/5453/5509
f 425/5373/425 1481/5375/1481 5512/5456/5511
f 418/5457/418 5513/5458/5512 1474/5459/1474
f 418/5457/418 5514/5460/5513 5513/5458/5512
f 491/5461/491 1547/5462/1547 5515/5463/5514
f 490/5464/490 5516/5465/5515 2602/5466/2602
f 490/5464/490 5517/5467/5516 5516/5465/5515
f 424/5385/424 1480/5387/1480 5518/5468/5517
f 417/5469/417 5519/5470/5518 1473/5471/1473
f 417/5469/417 5520/5472/5519 5519/5470/5518
f 489/5473/489 1545/5474/1545 5521/5475/5520
f 488/5476/488 5522/5477/5521 2600/5478/2600
f 488/5476/488 5523/5479/5522 5522/5477/5521
f 423/5397/423 1479/5399/1479 5524/5480/5523
f 416/5481/416 5525/5482/5524 1472/5483/1472
f 416/5481/416 5526/5484/5525 5525/5482/5524
f 487/5485/487 1543/5486/1543 5527/5487/5526
f 486/5488/486 5528/5489/5527 2598/5490/2598
f 486/5488/486 5529/5491/5528 5528/5489/5527
f 422/5409/422 1478/5411/1478 5530/5492/5529
f 415/5493/415 5531/5494/5530 1471/5495/1471
f 415/5493/415 5532/5496/5531 5531/5494/5530
f 485/5497/485 1541/5498/1541 5533/5499/5532
f 484/5500/484 5534/5501/5533 2596/5502/2596
f 484/5500/484 5535/5503/5534 5534/5501/5533
f 421/5421/421 1477/5423/1477 5536/5504/5535
f 414/5505/414 5537/5506/5536 1470/5507/1470
f 414/5505/414 5538/5508/5537 5537/5506/5536
f 483/5509/483 1539/5510/1539 5539/5511/5538
f 482/5512/482 5540/5513/5539 2594/5514/2594
f 482/5512/482 5541/5515/5540 5540/5513/5539
f 413/5445/413 1469/5447/1469 5542/5516/5541
f 408/5517/408 5543/5518/5542 1464/5519/1464
f 408/5517/408 5544/5520/5543 5543/5518/5542
f 481/5521/481 1537/5522/1537 5545/5523/5544
f 480/5524/480 5546/5525/5545 2592/5526/2592
f 480/5524/480 5547/5527/5546 5546/5525/5545
f 418/5457/418 1474/5459/1474 5548/5528/5547
f 412/5529/412 5549/5530/5548 1468/5531/1468
f 412/5529/412 5550/5532/5549 5549/5530/5548
f 479/5533/479 1535/5534/1535 5551/5535/5550
f 478/5536/478 5552/5537/5551 2590/5538/2590
f 478/5536/478 5553/5539/5552 5552/5537/5551
f 417/5469/417 1473/5471/1473 5554/5540/5553
f 411/5541/411 5555/5542/5554 1467/5543/1467
f 411/5541/411 5556/5544/5555 5555/5542/5554
f 477/5545/477 1533/5546/1533 5557/5547/5556
f 476/5548/476 5558/5549/5557 2588/5550/2588
f 476/5548/476 5559/5551/5558 5558/5549/5557
f 416/5481/416 1472/5483/1472 5560/5552/5559
f 410/5553/410 5561/5554/5560 1466/5555/1466
f 410/5553/410 5562/5556/5561 5561/5554/5560
f 475/5557/475 1531/5558/1531 5563/5559/5562
f 474/5560/474 5564/5561/5563 2586/5562/2586
f 474/5560/474 5565/5563/5564 5564/5561/5563
f 415/5493/415 1471/5495/1471 5566/5564/5565
f 409/5565/409 5567/5566/5566 1465/5567/1465
f 409/5565/409 5568/5568/5567 5567/5566/5566
f 473/5569/473 1529/5570/1529 5569/5571/5568
f 472/5572/472 5570/5573/5569 2584/5574/2584
f 472/5572/472 5571/5575/5570 5570/5573/5569
f 408/5517/408 1464/5519/1464 5572/5576/5571
f 404/5577/404 5573/5578/5572 1460/5579/1460
f 404/5577/404 5574/5580/5573 5573/5578/5572
f 471/5581/471 1527/5582/1527 5575/5583/5574
f 470/5584/470 5576/5585/5575 2582/5586/2582
f 470/5584/470 5577/5587/5576 5576/5585/5575
f 412/5529/412 1468/5531/1468 5578/5588/5577
f 407/5589/407 5579/5590/5578 1463/5591/1463
f 407/5589/407 5580/5592/5579 5579/5590/5578
f 469/5593/469 1525/5594/1525 5581/5595/5580
f 468/5596/468 5582/5597/5581 2580/5598/2580
f 468/5596/468 5583/5599/5582 5582/5597/5581
f 411/5541/411 1467/5543/1467 5584/5600/5583
f 406/5601/406 5585/5602/5584 1462/5603/1462
f 406/5601/406 5586/5604/5585 5585/5602/5584
f 467/5605/467 1523/5606/1523 5587/5607/5586
f 466/5608/466 5588/5609/5587 2578/5610/2578
f 466/5608/466 5589/5611/5588 5588/5609/5587
f 410/5553/410 1466/5555/1466 5590/5612/5589
f 405/5613/405 5591/5614/5590 1461/5615/1461
f 405/5613/405 5592/5616/5591 5591/5614/5590
f 465/5617/465 1521/5618/1521 5593/5619/5592
f 464/5620/464 5594/5621/5593 2576/5622/2576
f 464/5620/464 5595/5623/5594 5594/5621/5593
f 404/5577/404 1460/5579/1460 5596/5624/5595
f 401/5625/401 5597/5626/5596 1457/5627/1457
f 401/5625/401 5598/5628/5597 5597/5626/5596
f 463/5629/463 1519/5630/1519 5599/5631/5598
f 462/5632/462 5600/5633/5599 2574/5634/2574
f 462/5632/462 5601/5635/5600 5600/5633/5599
f 407/5589/407 1463/5591/1463 5602/5636/5601
f 403/5637/403 5603/5638/5602 1459/5639/1459
f 403/5637/403 5604/5640/5603 5603/5638/5602
f 461/5641/461 1517/5642/1517 5605/5643/5604
f 460/5644/460 5606/5645/5605 2572/5646/2572
f 460/5644/460 5607/5647/5606 5606/5645/5605
f 406/5601/406 1462/5603/1462 5608/5648/5607
f 402/5649/402 5609/5650/5608 1458/5651/1458
f 402/5649/402 5610/5652/5609 5609/5650/5608
f 459/5653/459 1515/5654/1515 5611/5655/5610
f 458/5656/458 5612/5657/5611 2570/5658/2570
f 458/5656/458 5613/5659/5612 5612/5657/5611
f 401/5625/401 1457/5627/1457 5614/5660/5613
f 399/5661/399 5615/5662/5614 1455/5663/1455
f 399/5661/399 5616/5664/5615 5615/5662/5614
f 457/5665/457 1513/5666/1513 5617/5667/5616
f 456/5668/456 5618/5669/5617 2568/5670/2568
f 456/5668/456 5619/5671/5618 5618/5669/5617
f 403/5637/403 1459/5639/1459 5620/5672/5619
f 400/5673/400 5621/5674/5620 1456/5675/1456
f 400/5673/400 5622/5676/5621 5621/5674/5620
f 455/5677/455 1511/5678/1511 5623/5679/5622
f 454/5680/454 5624/5681/5623 2566/5682/2566
f 454/5680/454 5625/5683/5624 5624/5681/5623
f 399/5661/399 1455/5663/1455 5626/5684/5625
f 398/5685/398 5627/5686/5626 1454/5687/1454
f 398/5685/398 5628/5688/5627 5627/5686/5626
f 453/5689/453 1509/5690/1509 5629/5691/5628
f 5821/5692/5820 4978/2296/4977 5820/2295/5819
f 5820/2295/5819 4977/2297/4976 5819/5693/5818
f 444/5145/444 1500/5147/1500 5632/5694/5631
f 5818/5695/5817 1770/4408/1770 5817/5696/5816
f 5817/5696/5816 4984/5697/4983 5816/5698/5815
f 435/5253/435 1491/5255/1491 5635/5699/5634
f 5815/2283/5814 1769/2285/1769 5814/5700/5813
f 5814/5700/5813 1768/4419/1768 5813/5701/5812
f 427/5349/427 1483/5351/1483 5638/5702/5637
f 5812/2272/5811 4990/5703/4989 4989/2273/4988
f 5811/2271/5810 4989/2273/4988 1767/5704/1767
f 420/5433/420 1476/5435/1476 5641/5705/5640
f 5809/5706/5808 1766/4429/1766 4996/5707/4995
f 5809/5706/5808 4995/1233/4994 5808/1232/5807
f 414/5505/414 1470/5507/1470 5644/5708/5643
f 5807/2258/5806 1764/2259/1764 5806/5709/5805
f 5806/5709/5805 5665/5710/5664 5805/5711/5804
f 409/5565/409 1465/5567/1465 5647/5712/5646
f 5804/5713/5803 2500/2247/2500 5681/2246/5680
f 5803/2245/5802 2500/2247/2500 4582/5714/4582
f 405/5613/405 1461/5615/1461 5650/5715/5649
f 5801/5716/5800 4581/3629/4581 1948/5717/1948
f 5800/1241/5799 1948/5717/1948 1947/1242/1947
f 402/5649/402 1458/5651/1458 5653/5718/5652
f 5798/2233/5797 4588/2234/4588 4587/3642/4587
f 5797/1489/5796 4587/3642/4587 1946/5719/1946
f 400/5673/400 1456/5675/1456 5656/5720/5655
f 5718/5721/5717 3867/2221/3867 2276/5722/2276
f 5765/5723/5764 5668/5724/5667 5667/1253/5666
f 398/5685/398 1454/5687/1454 5659/5725/5658
f 5824/1244/5823 4971/2223/4970 5823/2222/5822
f 5823/2222/5822 1773/1011/1773 5822/1010/5821
f 332/5726/332 2444/5727/2444 5662/5728/5661
f 388/5729/388 5663/5730/5662 1444/5731/1444
f 388/5729/388 5664/5732/5663 5663/5730/5662
f 5721/5733/5720 5722/5734/5721 3861/2207/3861
f 348/5735/348 5666/5736/5665 1404/5737/1404
f 348/5735/348 5667/1253/5666 5666/5736/5665
f 5724/5738/5723 5670/5739/5669 2470/5740/2470
f 358/5741/358 5669/5742/5668 1414/5743/1414
f 358/5741/358 5670/5739/5669 5669/5742/5668
f 5825/1245/5824 5826/5744/5825 1775/5745/1775
f 368/5746/368 5672/5747/5671 1424/5748/1424
f 368/5746/368 5673/6/5672 5672/5747/5671
f 5907/5749/5906 5908/5750/5907 3526/5751/3526
f 332/5726/332 5675/5752/5674 2444/5727/2444
f 332/5726/332 5676/746/5675 5675/5752/5674
f 5726/5753/5725 2094/3034/2094 5671/5754/5670
f 5677/745/5676 2424/1612/2424 1368/1611/1368
f 5703/5755/5702 2268/23/2268 5702/22/5701
f 5831/2308/5830 5832/5756/5831 4960/5757/4959
f 5675/5752/5674 5677/745/5676 1368/1611/1368
f 5675/5752/5674 5676/746/5675 5677/745/5676
f 5705/5758/5704 5706/2208/5705 2270/5759/2270
f 2444/5727/2444 3480/1446/3480 11/224/11
f 2444/5727/2444 5675/5752/5674 3480/1446/3480
f 5675/5752/5674 1368/1611/1368 3480/1446/3480
f 5674/5/5673 2259/9/2259 1203/2325/1203
f 5707/2209/5706 3886/5760/3886 3885/2210/3885
f 5903/1224/5902 5904/5761/5903 3532/5762/3532
f 5672/5747/5671 5674/5/5673 1203/2325/1203
f 5672/5747/5671 5673/6/5672 5674/5/5673
f 5906/5763/5905 5907/5749/5906 3525/1540/3525
f 1424/5748/1424 3315/1223/3315 32/1040/32
f 1424/5748/1424 5672/5747/5671 3315/1223/3315
f 5672/5747/5671 1203/2325/1203 3315/1223/3315
f 5671/5754/5670 2094/3034/2094 1038/3033/1038
f 5706/2208/5705 3885/2210/3885 2270/5759/2270
f 5740/5764/5739 4258/5765/4258 4257/975/4257
f 5669/5742/5668 5671/5754/5670 1038/3033/1038
f 5669/5742/5668 5670/5739/5669 5671/5754/5670
f 5725/5766/5724 5671/5754/5670 5670/5739/5669
f 1414/5743/1414 3150/973/3150 22/790/22
f 1414/5743/1414 5669/5742/5668 3150/973/3150
f 5669/5742/5668 1038/3033/1038 3150/973/3150
f 5668/5724/5667 1929/1250/1929 873/3738/873
f 5705/5758/5704 2270/5759/2270 2269/2265/2269
f 5762/5767/5761 5763/510/5762 4222/5768/4222
f 5666/5736/5665 5668/5724/5667 873/3738/873
f 5666/5736/5665 5667/1253/5666 5668/5724/5667
f 5722/5734/5721 5723/5769/5722 3862/5770/3862
f 1404/5737/1404 2985/723/2985 12/540/12
f 1404/5737/1404 5666/5736/5665 2985/723/2985
f 5666/5736/5665 873/3738/873 2985/723/2985
f 5665/5710/5664 1764/2259/1764 708/4440/708
f 5704/5771/5703 2269/2265/2269 3892/5772/3892
f 5778/5773/5777 1936/504/1936 1935/3705/1935
f 5663/5730/5662 5665/5710/5664 708/4440/708
f 5663/5730/5662 5664/5732/5663 5665/5710/5664
f 5719/5774/5718 5720/5775/5719 2277/2216/2277
f 1444/5731/1444 2820/473/2820 52/290/52
f 1444/5731/1444 5663/5730/5662 2820/473/2820
f 5663/5730/5662 708/4440/708 2820/473/2820
f 5662/5728/5661 1599/5150/1599 543/5149/543
f 5662/5728/5661 2444/5727/2444 1599/5150/1599
f 2444/5727/2444 11/224/11 1599/5150/1599
f 5660/39/5659 5662/5728/5661 543/5149/543
f 5660/39/5659 5661/3028/5660 5662/5728/5661
f 5661/3028/5660 332/5726/332 5662/5728/5661
f 5890/5776/5889 2426/1599/2426 3556/223/3556
f 5726/5753/5725 5671/5754/5670 5725/5766/5724
f 5660/39/5659 543/5149/543 2655/3631/2655
f 5659/5725/5658 1434/5777/1434 378/5778/378
f 5659/5725/5658 1454/5687/1454 1434/5777/1434
f 1454/5687/1454 42/5779/42 1434/5777/1434
f 5657/5780/5656 5659/5725/5658 378/5778/378
f 5657/5780/5656 5658/992/5657 5659/5725/5658
f 5658/992/5657 398/5685/398 5659/5725/5658
f 5765/5723/5764 5667/1253/5666 5764/1252/5763
f 5657/5780/5656 378/5778/378 2490/4367/2490
f 5656/5720/5655 1509/5690/1509 453/5689/453
f 5656/5720/5655 1456/5675/1456 1509/5690/1509
f 1456/5675/1456 62/34/62 1509/5690/1509
f 5654/1460/5653 5656/5720/5655 453/5689/453
f 5654/1460/5653 5655/2923/5654 5656/5720/5655
f 5655/2923/5654 400/5673/400 5656/5720/5655
f 5684/5781/5683 5673/6/5672 2480/33/2480
f 5718/5721/5717 2276/5722/2276 5717/5782/5716
f 5654/1460/5653 453/5689/453 2565/1461/2565
f 5653/5718/5652 1511/5678/1511 455/5677/455
f 5653/5718/5652 1458/5651/1458 1511/5678/1511
f 1458/5651/1458 63/40/63 1511/5678/1511
f 5651/988/5650 5653/5718/5652 455/5677/455
f 5651/988/5650 5652/4333/5651 5653/5718/5652
f 5652/4333/5651 402/5649/402 5653/5718/5652
f 5884/5783/5883 5676/746/5675 1388/2975/1388
f 5718/5721/5717 3868/5784/3868 3867/2221/3867
f 5651/988/5650 455/5677/455 2567/5785/2567
f 5650/5715/5649 1515/5654/1515 459/5653/459
f 5650/5715/5649 1461/5615/1461 1515/5654/1515
f 1461/5615/1461 65/48/65 1515/5654/1515
f 5648/5786/5647 5650/5715/5649 459/5653/459
f 5648/5786/5647 5649/5787/5648 5650/5715/5649
f 5649/5787/5648 405/5613/405 5650/5715/5649
f 5688/5788/5687 3915/60/3915 2260/8/2260
f 5719/5774/5718 2277/2216/2277 3868/5784/3868
f 5648/5786/5647 459/5653/459 2571/3732/2571
f 5647/5712/5646 1521/5618/1521 465/5617/465
f 5647/5712/5646 1465/5567/1465 1521/5618/1521
f 1465/5567/1465 68/61/68 1521/5618/1521
f 5645/980/5644 5647/5712/5646 465/5617/465
f 5645/980/5644 5646/979/5645 5647/5712/5646
f 5646/979/5645 409/5565/409 5647/5712/5646
f 5690/10/5689 5691/76/5690 2262/5789/2262
f 5720/5775/5719 2278/5790/2278 2277/2216/2277
f 5645/980/5644 465/5617/465 2577/2935/2577
f 5644/5708/5643 1529/5570/1529 473/5569/473
f 5644/5708/5643 1470/5507/1470 1529/5570/1529
f 1470/5507/1470 72/78/72 1529/5570/1529
f 5642/3699/5641 5644/5708/5643 473/5569/473
f 5642/3699/5641 5643/3698/5642 5644/5708/5643
f 5643/3698/5642 414/5505/414 5644/5708/5643
f 5694/5791/5693 2264/98/2264 2263/2303/2263
f 5721/5733/5720 3861/2207/3861 2278/5790/2278
f 5642/3699/5641 473/5569/473 2585/1472/2585
f 5641/5705/5640 1539/5510/1539 483/5509/483
f 5641/5705/5640 1476/5435/1476 1539/5510/1539
f 1476/5435/1476 77/99/77 1539/5510/1539
f 5639/2949/5638 5641/5705/5640 483/5509/483
f 5639/2949/5638 5640/5792/5639 5641/5705/5640
f 5640/5792/5639 420/5433/420 5641/5705/5640
f 5697/5793/5696 2265/123/2265 3904/17/3904
f 5722/5734/5721 3862/5770/3862 3861/2207/3861
f 5639/2949/5638 483/5509/483 2595/3687/2595
f 5638/5702/5637 1551/5438/1551 495/5437/495
f 5638/5702/5637 1483/5351/1483 1551/5438/1551
f 1483/5351/1483 83/124/83 1551/5438/1551
f 5636/1481/5635 5638/5702/5637 495/5437/495
f 5636/1481/5635 5637/3666/5636 5638/5702/5637
f 5637/3666/5636 427/5349/427 5638/5702/5637
f 5700/5794/5699 3898/152/3898 3897/20/3897
f 5723/5769/5722 2470/5740/2470 3862/5770/3862
f 5636/1481/5635 495/5437/495 2607/3677/2607
f 5635/5699/5634 1565/5354/1565 509/5353/509
f 5635/5699/5634 1491/5255/1491 1565/5354/1565
f 1491/5255/1491 90/153/90 1565/5354/1565
f 5633/2962/5632 5635/5699/5634 509/5353/509
f 5633/2962/5632 5634/1484/5633 5635/5699/5634
f 5634/1484/5633 435/5253/435 5635/5699/5634
f 5887/5795/5886 2425/27/2425 2424/1612/2424
f 5724/5738/5723 2470/5740/2470 5679/5796/5678
f 5633/2962/5632 509/5353/509 2621/5797/2621
f 5632/5694/5631 1581/5258/1581 525/5257/525
f 5632/5694/5631 1500/5147/1500 1581/5258/1581
f 1500/5147/1500 98/187/98 1581/5258/1581
f 5630/3643/5629 5632/5694/5631 525/5257/525
f 5630/3643/5629 5631/3/5630 5632/5694/5631
f 5631/3/5630 444/5145/444 5632/5694/5631
f 5772/5798/5771 5773/1593/5772 4630/5799/4630
f 5725/5766/5724 5670/5739/5669 5724/5738/5723
f 5630/3643/5629 525/5257/525 2637/753/2637
f 5629/5691/5628 1510/36/1510 454/5680/454
f 5629/5691/5628 1509/5690/1509 1510/36/1510
f 1509/5690/1509 62/34/62 1510/36/1510
f 5627/5686/5626 5629/5691/5628 454/5680/454
f 5627/5686/5626 5628/5688/5627 5629/5691/5628
f 5628/5688/5627 453/5689/453 5629/5691/5628
f 1454/5687/1454 2566/5682/2566 42/5779/42
f 1454/5687/1454 5627/5686/5626 2566/5682/2566
f 5627/5686/5626 454/5680/454 2566/5682/2566
f 5626/5684/5625 1435/5800/1435 379/5801/379
f 5626/5684/5625 1455/5663/1455 1435/5800/1435
f 1455/5663/1455 43/5802/43 1435/5800/1435
f 5624/5681/5623 5626/5684/5625 379/5801/379
f 5624/5681/5623 5625/5683/5624 5626/5684/5625
f 5625/5683/5624 399/5661/399 5626/5684/5625
f 2566/5682/2566 2491/5803/2491 42/5779/42
f 2566/5682/2566 5624/5681/5623 2491/5803/2491
f 5624/5681/5623 379/5801/379 2491/5803/2491
f 5623/5679/5622 1512/42/1512 456/5668/456
f 5623/5679/5622 1511/5678/1511 1512/42/1512
f 1511/5678/1511 63/40/63 1512/42/1512
f 5621/5674/5620 5623/5679/5622 456/5668/456
f 5621/5674/5620 5622/5676/5621 5623/5679/5622
f 5622/5676/5621 455/5677/455 5623/5679/5622
f 1456/5675/1456 2568/5670/2568 62/34/62
f 1456/5675/1456 5621/5674/5620 2568/5670/2568
f 5621/5674/5620 456/5668/456 2568/5670/2568
f 5620/5672/5619 1513/5666/1513 457/5665/457
f 5620/5672/5619 1459/5639/1459 1513/5666/1513
f 1459/5639/1459 64/44/64 1513/5666/1513
f 5618/5669/5617 5620/5672/5619 457/5665/457
f 5618/5669/5617 5619/5671/5618 5620/5672/5619
f 5619/5671/5618 403/5637/403 5620/5672/5619
f 2568/5670/2568 2569/43/2569 62/34/62
f 2568/5670/2568 5618/5669/5617 2569/43/2569
f 5618/5669/5617 457/5665/457 2569/43/2569
f 5617/5667/5616 1514/46/1514 458/5656/458
f 5617/5667/5616 1513/5666/1513 1514/46/1514
f 1513/5666/1513 64/44/64 1514/46/1514
f 5615/5662/5614 5617/5667/5616 458/5656/458
f 5615/5662/5614 5616/5664/5615 5617/5667/5616
f 5616/5664/5615 457/5665/457 5617/5667/5616
f 1455/5663/1455 2570/5658/2570 43/5802/43
f 1455/5663/1455 5615/5662/5614 2570/5658/2570
f 5615/5662/5614 458/5656/458 2570/5658/2570
f 5614/5660/5613 1436/5804/1436 380/5805/380
f 5614/5660/5613 1457/5627/1457 1436/5804/1436
f 1457/5627/1457 44/5806/44 1436/5804/1436
f 5612/5657/5611 5614/5660/5613 380/5805/380
f 5612/5657/5611 5613/5659/5612 5614/5660/5613
f 5613/5659/5612 401/5625/401 5614/5660/5613
f 2570/5658/2570 2492/5807/2492 43/5802/43
f 2570/5658/2570 5612/5657/5611 2492/5807/2492
f 5612/5657/5611 380/5805/380 2492/5807/2492
f 5611/5655/5610 1516/50/1516 460/5644/460
f 5611/5655/5610 1515/5654/1515 1516/50/1516
f 1515/5654/1515 65/48/65 1516/50/1516
f 5609/5650/5608 5611/5655/5610 460/5644/460
f 5609/5650/5608 5610/5652/5609 5611/5655/5610
f 5610/5652/5609 459/5653/459 5611/5655/5610
f 1458/5651/1458 2572/5646/2572 63/40/63
f 1458/5651/1458 5609/5650/5608 2572/5646/2572
f 5609/5650/5608 460/5644/460 2572/5646/2572
f 5608/5648/5607 1517/5642/1517 461/5641/461
f 5608/5648/5607 1462/5603/1462 1517/5642/1517
f 1462/5603/1462 66/52/66 1517/5642/1517
f 5606/5645/5605 5608/5648/5607 461/5641/461
f 5606/5645/5605 5607/5647/5606 5608/5648/5607
f 5607/5647/5606 406/5601/406 5608/5648/5607
f 2572/5646/2572 2573/51/2573 63/40/63
f 2572/5646/2572 5606/5645/5605 2573/51/2573
f 5606/5645/5605 461/5641/461 2573/51/2573
f 5605/5643/5604 1518/54/1518 462/5632/462
f 5605/5643/5604 1517/5642/1517 1518/54/1518
f 1517/5642/1517 66/52/66 1518/54/1518
f 5603/5638/5602 5605/5643/5604 462/5632/462
f 5603/5638/5602 5604/5640/5603 5605/5643/5604
f 5604/5640/5603 461/5641/461 5605/5643/5604
f 1459/5639/1459 2574/5634/2574 64/44/64
f 1459/5639/1459 5603/5638/5602 2574/5634/2574
f 5603/5638/5602 462/5632/462 2574/5634/2574
f 5602/5636/5601 1519/5630/1519 463/5629/463
f 5602/5636/5601 1463/5591/1463 1519/5630/1519
f 1463/5591/1463 67/56/67 1519/5630/1519
f 5600/5633/5599 5602/5636/5601 463/5629/463
f 5600/5633/5599 5601/5635/5600 5602/5636/5601
f 5601/5635/5600 407/5589/407 5602/5636/5601
f 2574/5634/2574 2575/55/2575 64/44/64
f 2574/5634/2574 5600/5633/5599 2575/55/2575
f 5600/5633/5599 463/5629/463 2575/55/2575
f 5599/5631/5598 1520/58/1520 464/5620/464
f 5599/5631/5598 1519/5630/1519 1520/58/1520
f 1519/5630/1519 67/56/67 1520/58/1520
f 5597/5626/5596 5599/5631/5598 464/5620/464
f 5597/5626/5596 5598/5628/5597 5599/5631/5598
f 5598/5628/5597 463/5629/463 5599/5631/5598
f 1457/5627/1457 2576/5622/2576 44/5806/44
f 1457/5627/1457 5597/5626/5596 2576/5622/2576
f 5597/5626/5596 464/5620/464 2576/5622/2576
f 5596/5624/5595 1437/5808/1437 381/5809/381
f 5596/5624/5595 1460/5579/1460 1437/5808/1437
f 1460/5579/1460 45/5810/45 1437/5808/1437
f 5594/5621/5593 5596/5624/5595 381/5809/381
f 5594/5621/5593 5595/5623/5594 5596/5624/5595
f 5595/5623/5594 404/5577/404 5596/5624/5595
f 2576/5622/2576 2493/5811/2493 44/5806/44
f 2576/5622/2576 5594/5621/5593 2493/5811/2493
f 5594/5621/5593 381/5809/381 2493/5811/2493
f 5593/5619/5592 1522/63/1522 466/5608/466
f 5593/5619/5592 1521/5618/1521 1522/63/1522
f 1521/5618/1521 68/61/68 1522/63/1522
f 5591/5614/5590 5593/5619/5592 466/5608/466
f 5591/5614/5590 5592/5616/5591 5593/5619/5592
f 5592/5616/5591 465/5617/465 5593/5619/5592
f 1461/5615/1461 2578/5610/2578 65/48/65
f 1461/5615/1461 5591/5614/5590 2578/5610/2578
f 5591/5614/5590 466/5608/466 2578/5610/2578
f 5590/5612/5589 1523/5606/1523 467/5605/467
f 5590/5612/5589 1466/5555/1466 1523/5606/1523
f 1466/5555/1466 69/65/69 1523/5606/1523
f 5588/5609/5587 5590/5612/5589 467/5605/467
f 5588/5609/5587 5589/5611/5588 5590/5612/5589
f 5589/5611/5588 410/5553/410 5590/5612/5589
f 2578/5610/2578 2579/64/2579 65/48/65
f 2578/5610/2578 5588/5609/5587 2579/64/2579
f 5588/5609/5587 467/5605/467 2579/64/2579
f 5587/5607/5586 1524/67/1524 468/5596/468
f 5587/5607/5586 1523/5606/1523 1524/67/1524
f 1523/5606/1523 69/65/69 1524/67/1524
f 5585/5602/5584 5587/5607/5586 468/5596/468
f 5585/5602/5584 5586/5604/5585 5587/5607/5586
f 5586/5604/5585 467/5605/467 5587/5607/5586
f 1462/5603/1462 2580/5598/2580 66/52/66
f 1462/5603/1462 5585/5602/5584 2580/5598/2580
f 5585/5602/5584 468/5596/468 2580/5598/2580
f 5584/5600/5583 1525/5594/1525 469/5593/469
f 5584/5600/5583 1467/5543/1467 1525/5594/1525
f 1467/5543/1467 70/69/70 1525/5594/1525
f 5582/5597/5581 5584/5600/5583 469/5593/469
f 5582/5597/5581 5583/5599/5582 5584/5600/5583
f 5583/5599/5582 411/5541/411 5584/5600/5583
f 2580/5598/2580 2581/68/2581 66/52/66
f 2580/5598/2580 5582/5597/5581 2581/68/2581
f 5582/5597/5581 469/5593/469 2581/68/2581
f 5581/5595/5580 1526/71/1526 470/5584/470
f 5581/5595/5580 1525/5594/1525 1526/71/1526
f 1525/5594/1525 70/69/70 1526/71/1526
f 5579/5590/5578 5581/5595/5580 470/5584/470
f 5579/5590/5578 5580/5592/5579 5581/5595/5580
f 5580/5592/5579 469/5593/469 5581/5595/5580
f 1463/5591/1463 2582/5586/2582 67/56/67
f 1463/5591/1463 5579/5590/5578 2582/5586/2582
f 5579/5590/5578 470/5584/470 2582/5586/2582
f 5578/5588/5577 1527/5582/1527 471/5581/471
f 5578/5588/5577 1468/5531/1468 1527/5582/1527
f 1468/5531/1468 71/73/71 1527/5582/1527
f 5576/5585/5575 5578/5588/5577 471/5581/471
f 5576/5585/5575 5577/5587/5576 5578/5588/5577
f 5577/5587/5576 412/5529/412 5578/5588/5577
f 2582/5586/2582 2583/72/2583 67/56/67
f 2582/5586/2582 5576/5585/5575 2583/72/2583
f 5576/5585/5575 471/5581/471 2583/72/2583
f 5575/5583/5574 1528/75/1528 472/5572/472
f 5575/5583/5574 1527/5582/1527 1528/75/1528
f 1527/5582/1527 71/73/71 1528/75/1528
f 5573/5578/5572 5575/5583/5574 472/5572/472
f 5573/5578/5572 5574/5580/5573 5575/5583/5574
f 5574/5580/5573 471/5581/471 5575/5583/5574
f 1460/5579/1460 2584/5574/2584 45/5810/45
f 1460/5579/1460 5573/5578/5572 2584/5574/2584
f 5573/5578/5572 472/5572/472 2584/5574/2584
f 5572/5576/5571 1438/5812/1438 382/5813/382
f 5572/5576/5571 1464/5519/1464 1438/5812/1438
f 1464/5519/1464 46/5814/46 1438/5812/1438
f 5570/5573/5569 5572/5576/5571 382/5813/382
f 5570/5573/5569 5571/5575/5570 5572/5576/5571
f 5571/5575/5570 408/5517/408 5572/5576/5571
f 2584/5574/2584 2494/5815/2494 45/5810/45
f 2584/5574/2584 5570/5573/5569 2494/5815/2494
f 5570/5573/5569 382/5813/382 2494/5815/2494
f 5569/5571/5568 1530/80/1530 474/5560/474
f 5569/5571/5568 1529/5570/1529 1530/80/1530
f 1529/5570/1529 72/78/72 1530/80/1530
f 5567/5566/5566 5569/5571/5568 474/5560/474
f 5567/5566/5566 5568/5568/5567 5569/5571/5568
f 5568/5568/5567 473/5569/473 5569/5571/5568
f 1465/5567/1465 2586/5562/2586 68/61/68
f 1465/5567/1465 5567/5566/5566 2586/5562/2586
f 5567/5566/5566 474/5560/474 2586/5562/2586
f 5566/5564/5565 1531/5558/1531 475/5557/475
f 5566/5564/5565 1471/5495/1471 1531/5558/1531
f 1471/5495/1471 73/82/73 1531/5558/1531
f 5564/5561/5563 5566/5564/5565 475/5557/475
f 5564/5561/5563 5565/5563/5564 5566/5564/5565
f 5565/5563/5564 415/5493/415 5566/5564/5565
f 2586/5562/2586 2587/81/2587 68/61/68
f 2586/5562/2586 5564/5561/5563 2587/81/2587
f 5564/5561/5563 475/5557/475 2587/81/2587
f 5563/5559/5562 1532/84/1532 476/5548/476
f 5563/5559/5562 1531/5558/1531 1532/84/1532
f 1531/5558/1531 73/82/73 1532/84/1532
f 5561/5554/5560 5563/5559/5562 476/5548/476
f 5561/5554/5560 5562/5556/5561 5563/5559/5562
f 5562/5556/5561 475/5557/475 5563/5559/5562
f 1466/5555/1466 2588/5550/2588 69/65/69
f 1466/5555/1466 5561/5554/5560 2588/5550/2588
f 5561/5554/5560 476/5548/476 2588/5550/2588
f 5560/5552/5559 1533/5546/1533 477/5545/477
f 5560/5552/5559 1472/5483/1472 1533/5546/1533
f 1472/5483/1472 74/86/74 1533/5546/1533
f 5558/5549/5557 5560/5552/5559 477/5545/477
f 5558/5549/5557 5559/5551/5558 5560/5552/5559
f 5559/5551/5558 416/5481/416 5560/5552/5559
f 2588/5550/2588 2589/85/2589 69/65/69
f 2588/5550/2588 5558/5549/5557 2589/85/2589
f 5558/5549/5557 477/5545/477 2589/85/2589
f 5557/5547/5556 1534/88/1534 478/5536/478
f 5557/5547/5556 1533/5546/1533 1534/88/1534
f 1533/5546/1533 74/86/74 1534/88/1534
f 5555/5542/5554 5557/5547/5556 478/5536/478
f 5555/5542/5554 5556/5544/5555 5557/5547/5556
f 5556/5544/5555 477/5545/477 5557/5547/5556
f 1467/5543/1467 2590/5538/2590 70/69/70
f 1467/5543/1467 5555/5542/5554 2590/5538/2590
f 5555/5542/5554 478/5536/478 2590/5538/2590
f 5554/5540/5553 1535/5534/1535 479/5533/479
f 5554/5540/5553 1473/5471/1473 1535/5534/1535
f 1473/5471/1473 75/90/75 1535/5534/1535
f 5552/5537/5551 5554/5540/5553 479/5533/479
f 5552/5537/5551 5553/5539/5552 5554/5540/5553
f 5553/5539/5552 417/5469/417 5554/5540/5553
f 2590/5538/2590 2591/89/2591 70/69/70
f 2590/5538/2590 5552/5537/5551 2591/89/2591
f 5552/5537/5551 479/5533/479 2591/89/2591
f 5551/5535/5550 1536/92/1536 480/5524/480
f 5551/5535/5550 1535/5534/1535 1536/92/1536
f 1535/5534/1535 75/90/75 1536/92/1536
f 5549/5530/5548 5551/5535/5550 480/5524/480
f 5549/5530/5548 5550/5532/5549 5551/5535/5550
f 5550/5532/5549 479/5533/479 5551/5535/5550
f 1468/5531/1468 2592/5526/2592 71/73/71
f 1468/5531/1468 5549/5530/5548 2592/5526/2592
f 5549/5530/5548 480/5524/480 2592/5526/2592
f 5548/5528/5547 1537/5522/1537 481/5521/481
f 5548/5528/5547 1474/5459/1474 1537/5522/1537
f 1474/5459/1474 76/94/76 1537/5522/1537
f 5546/5525/5545 5548/5528/5547 481/5521/481
f 5546/5525/5545 5547/5527/5546 5548/5528/5547
f 5547/5527/5546 418/5457/418 5548/5528/5547
f 2592/5526/2592 2593/93/2593 71/73/71
f 2592/5526/2592 5546/5525/5545 2593/93/2593
f 5546/5525/5545 481/5521/481 2593/93/2593
f 5545/5523/5544 1538/96/1538 482/5512/482
f 5545/5523/5544 1537/5522/1537 1538/96/1538
f 1537/5522/1537 76/94/76 1538/96/1538
f 5543/5518/5542 5545/5523/5544 482/5512/482
f 5543/5518/5542 5544/5520/5543 5545/5523/5544
f 5544/5520/5543 481/5521/481 5545/5523/5544
f 1464/5519/1464 2594/5514/2594 46/5814/46
f 1464/5519/1464 5543/5518/5542 2594/5514/2594
f 5543/5518/5542 482/5512/482 2594/5514/2594
f 5542/5516/5541 1439/5816/1439 383/5817/383
f 5542/5516/5541 1469/5447/1469 1439/5816/1439
f 1469/5447/1469 47/5818/47 1439/5816/1439
f 5540/5513/5539 5542/5516/5541 383/5817/383
f 5540/5513/5539 5541/5515/5540 5542/5516/5541
f 5541/5515/5540 413/5445/413 5542/5516/5541
f 2594/5514/2594 2495/5819/2495 46/5814/46
f 2594/5514/2594 5540/5513/5539 2495/5819/2495
f 5540/5513/5539 383/5817/383 2495/5819/2495
f 5539/5511/5538 1540/101/1540 484/5500/484
f 5539/5511/5538 1539/5510/1539 1540/101/1540
f 1539/5510/1539 77/99/77 1540/101/1540
f 5537/5506/5536 5539/5511/5538 484/5500/484
f 5537/5506/5536 5538/5508/5537 5539/5511/5538
f 5538/5508/5537 483/5509/483 5539/5511/5538
f 1470/5507/1470 2596/5502/2596 72/78/72
f 1470/5507/1470 5537/5506/5536 2596/5502/2596
f 5537/5506/5536 484/5500/484 2596/5502/2596
f 5536/5504/5535 1541/5498/1541 485/5497/485
f 5536/5504/5535 1477/5423/1477 1541/5498/1541
f 1477/5423/1477 78/103/78 1541/5498/1541
f 5534/5501/5533 5536/5504/5535 485/5497/485
f 5534/5501/5533 5535/5503/5534 5536/5504/5535
f 5535/5503/5534 421/5421/421 5536/5504/5535
f 2596/5502/2596 2597/102/2597 72/78/72
f 2596/5502/2596 5534/5501/5533 2597/102/2597
f 5534/5501/5533 485/5497/485 2597/102/2597
f 5533/5499/5532 1542/105/1542 486/5488/486
f 5533/5499/5532 1541/5498/1541 1542/105/1542
f 1541/5498/1541 78/103/78 1542/105/1542
f 5531/5494/5530 5533/5499/5532 486/5488/486
f 5531/5494/5530 5532/5496/5531 5533/5499/5532
f 5532/5496/5531 485/5497/485 5533/5499/5532
f 1471/5495/1471 2598/5490/2598 73/82/73
f 1471/5495/1471 5531/5494/5530 2598/5490/2598
f 5531/5494/5530 486/5488/486 2598/5490/2598
f 5530/5492/5529 1543/5486/1543 487/5485/487
f 5530/5492/5529 1478/5411/1478 1543/5486/1543
f 1478/5411/1478 79/107/79 1543/5486/1543
f 5528/5489/5527 5530/5492/5529 487/5485/487
f 5528/5489/5527 5529/5491/5528 5530/5492/5529
f 5529/5491/5528 422/5409/422 5530/5492/5529
f 2598/5490/2598 2599/106/2599 73/82/73
f 2598/5490/2598 5528/5489/5527 2599/106/2599
f 5528/5489/5527 487/5485/487 2599/106/2599
f 5527/5487/5526 1544/109/1544 488/5476/488
f 5527/5487/5526 1543/5486/1543 1544/109/1544
f 1543/5486/1543 79/107/79 1544/109/1544
f 5525/5482/5524 5527/5487/5526 488/5476/488
f 5525/5482/5524 5526/5484/5525 5527/5487/5526
f 5526/5484/5525 487/5485/487 5527/5487/5526
f 1472/5483/1472 2600/5478/2600 74/86/74
f 1472/5483/1472 5525/5482/5524 2600/5478/2600
f 5525/5482/5524 488/5476/488 2600/5478/2600
f 5524/5480/5523 1545/5474/1545 489/5473/489
f 5524/5480/5523 1479/5399/1479 1545/5474/1545
f 1479/5399/1479 80/111/80 1545/5474/1545
f 5522/5477/5521 5524/5480/5523 489/5473/489
f 5522/5477/5521 5523/5479/5522 5524/5480/5523
f 5523/5479/5522 423/5397/423 5524/5480/5523
f 2600/5478/2600 2601/110/2601 74/86/74
f 2600/5478/2600 5522/5477/5521 2601/110/2601
f 5522/5477/5521 489/5473/489 2601/110/2601
f 5521/5475/5520 1546/113/1546 490/5464/490
f 5521/5475/5520 1545/5474/1545 1546/113/1546
f 1545/5474/1545 80/111/80 1546/113/1546
f 5519/5470/5518 5521/5475/5520 490/5464/490
f 5519/5470/5518 5520/5472/5519 5521/5475/5520
f 5520/5472/5519 489/5473/489 5521/5475/5520
f 1473/5471/1473 2602/5466/2602 75/90/75
f 1473/5471/1473 5519/5470/5518 2602/5466/2602
f 5519/5470/5518 490/5464/490 2602/5466/2602
f 5518/5468/5517 1547/5462/1547 491/5461/491
f 5518/5468/5517 1480/5387/1480 1547/5462/1547
f 1480/5387/1480 81/115/81 1547/5462/1547
f 5516/5465/5515 5518/5468/5517 491/5461/491
f 5516/5465/5515 5517/5467/5516 5518/5468/5517
f 5517/5467/5516 424/5385/424 5518/5468/5517
f 2602/5466/2602 2603/114/2603 75/90/75
f 2602/5466/2602 5516/5465/5515 2603/114/2603
f 5516/5465/5515 491/5461/491 2603/114/2603
f 5515/5463/5514 1548/117/1548 492/5452/492
f 5515/5463/5514 1547/5462/1547 1548/117/1548
f 1547/5462/1547 81/115/81 1548/117/1548
f 5513/5458/5512 5515/5463/5514 492/5452/492
f 5513/5458/5512 5514/5460/5513 5515/5463/5514
f 5514/5460/5513 491/5461/491 5515/5463/5514
f 1474/5459/1474 2604/5454/2604 76/94/76
f 1474/5459/1474 5513/5458/5512 2604/5454/2604
f 5513/5458/5512 492/5452/492 2604/5454/2604
f 5512/5456/5511 1549/5450/1549 493/5449/493
f 5512/5456/5511 1481/5375/1481 1549/5450/1549
f 1481/5375/1481 82/119/82 1549/5450/1549
f 5510/5453/5509 5512/5456/5511 493/5449/493
f 5510/5453/5509 5511/5455/5510 5512/5456/5511
f 5511/5455/5510 425/5373/425 5512/5456/5511
f 2604/5454/2604 2605/118/2605 76/94/76
f 2604/5454/2604 5510/5453/5509 2605/118/2605
f 5510/5453/5509 493/5449/493 2605/118/2605
f 5509/5451/5508 1550/121/1550 494/5440/494
f 5509/5451/5508 1549/5450/1549 1550/121/1550
f 1549/5450/1549 82/119/82 1550/121/1550
f 5507/5446/5506 5509/5451/5508 494/5440/494
f 5507/5446/5506 5508/5448/5507 5509/5451/5508
f 5508/5448/5507 493/5449/493 5509/5451/5508
f 1469/5447/1469 2606/5442/2606 47/5818/47
f 1469/5447/1469 5507/5446/5506 2606/5442/2606
f 5507/5446/5506 494/5440/494 2606/5442/2606
f 5506/5444/5505 1440/5820/1440 384/5821/384
f 5506/5444/5505 1475/5363/1475 1440/5820/1440
f 1475/5363/1475 48/5822/48 1440/5820/1440
f 5504/5441/5503 5506/5444/5505 384/5821/384
f 5504/5441/5503 5505/5443/5504 5506/5444/5505
f 5505/5443/5504 419/5361/419 5506/5444/5505
f 2606/5442/2606 2496/5823/2496 47/5818/47
f 2606/5442/2606 5504/5441/5503 2496/5823/2496
f 5504/5441/5503 384/5821/384 2496/5823/2496
f 5503/5439/5502 1552/126/1552 496/5428/496
f 5503/5439/5502 1551/5438/1551 1552/126/1552
f 1551/5438/1551 83/124/83 1552/126/1552
f 5501/5434/5500 5503/5439/5502 496/5428/496
f 5501/5434/5500 5502/5436/5501 5503/5439/5502
f 5502/5436/5501 495/5437/495 5503/5439/5502
f 1476/5435/1476 2608/5430/2608 77/99/77
f 1476/5435/1476 5501/5434/5500 2608/5430/2608
f 5501/5434/5500 496/5428/496 2608/5430/2608
f 5500/5432/5499 1553/5426/1553 497/5425/497
f 5500/5432/5499 1484/5339/1484 1553/5426/1553
f 1484/5339/1484 84/128/84 1553/5426/1553
f 5498/5429/5497 5500/5432/5499 497/5425/497
f 5498/5429/5497 5499/5431/5498 5500/5432/5499
f 5499/5431/5498 428/5337/428 5500/5432/5499
f 2608/5430/2608 2609/127/2609 77/99/77
f 2608/5430/2608 5498/5429/5497 2609/127/2609
f 5498/5429/5497 497/5425/497 2609/127/2609
f 5497/5427/5496 1554/130/1554 498/5416/498
f 5497/5427/5496 1553/5426/1553 1554/130/1554
f 1553/5426/1553 84/128/84 1554/130/1554
f 5495/5422/5494 5497/5427/5496 498/5416/498
f 5495/5422/5494 5496/5424/5495 5497/5427/5496
f 5496/5424/5495 497/5425/497 5497/5427/5496
f 1477/5423/1477 2610/5418/2610 78/103/78
f 1477/5423/1477 5495/5422/5494 2610/5418/2610
f 5495/5422/5494 498/5416/498 2610/5418/2610
f 5494/5420/5493 1555/5414/1555 499/5413/499
f 5494/5420/5493 1485/5327/1485 1555/5414/1555
f 1485/5327/1485 85/132/85 1555/5414/1555
f 5492/5417/5491 5494/5420/5493 499/5413/499
f 5492/5417/5491 5493/5419/5492 5494/5420/5493
f 5493/5419/5492 429/5325/429 5494/5420/5493
f 2610/5418/2610 2611/131/2611 78/103/78
f 2610/5418/2610 5492/5417/5491 2611/131/2611
f 5492/5417/5491 499/5413/499 2611/131/2611
f 5491/5415/5490 1556/134/1556 500/5404/500
f 5491/5415/5490 1555/5414/1555 1556/134/1556
f 1555/5414/1555 85/132/85 1556/134/1556
f 5489/5410/5488 5491/5415/5490 500/5404/500
f 5489/5410/5488 5490/5412/5489 5491/5415/5490
f 5490/5412/5489 499/5413/499 5491/5415/5490
f 1478/5411/1478 2612/5406/2612 79/107/79
f 1478/5411/1478 5489/5410/5488 2612/5406/2612
f 5489/5410/5488 500/5404/500 2612/5406/2612
f 5488/5408/5487 1557/5402/1557 501/5401/501
f 5488/5408/5487 1486/5315/1486 1557/5402/1557
f 1486/5315/1486 86/136/86 1557/5402/1557
f 5486/5405/5485 5488/5408/5487 501/5401/501
f 5486/5405/5485 5487/5407/5486 5488/5408/5487
f 5487/5407/5486 430/5313/430 5488/5408/5487
f 2612/5406/2612 2613/135/2613 79/107/79
f 2612/5406/2612 5486/5405/5485 2613/135/2613
f 5486/5405/5485 501/5401/501 2613/135/2613
f 5485/5403/5484 1558/138/1558 502/5392/502
f 5485/5403/5484 1557/5402/1557 1558/138/1558
f 1557/5402/1557 86/136/86 1558/138/1558
f 5483/5398/5482 5485/5403/5484 502/5392/502
f 5483/5398/5482 5484/5400/5483 5485/5403/5484
f 5484/5400/5483 501/5401/501 5485/5403/5484
f 1479/5399/1479 2614/5394/2614 80/111/80
f 1479/5399/1479 5483/5398/5482 2614/5394/2614
f 5483/5398/5482 502/5392/502 2614/5394/2614
f 5482/5396/5481 1559/5390/1559 503/5389/503
f 5482/5396/5481 1487/5303/1487 1559/5390/1559
f 1487/5303/1487 87/140/87 1559/5390/1559
f 5480/5393/5479 5482/5396/5481 503/5389/503
f 5480/5393/5479 5481/5395/5480 5482/5396/5481
f 5481/5395/5480 431/5301/431 5482/5396/5481
f 2614/5394/2614 2615/139/2615 80/111/80
f 2614/5394/2614 5480/5393/5479 2615/139/2615
f 5480/5393/5479 503/5389/503 2615/139/2615
f 5479/5391/5478 1560/142/1560 504/5380/504
f 5479/5391/5478 1559/5390/1559 1560/142/1560
f 1559/5390/1559 87/140/87 1560/142/1560
f 5477/5386/5476 5479/5391/5478 504/5380/504
f 5477/5386/5476 5478/5388/5477 5479/5391/5478
f 5478/5388/5477 503/5389/503 5479/5391/5478
f 1480/5387/1480 2616/5382/2616 81/115/81
f 1480/5387/1480 5477/5386/5476 2616/5382/2616
f 5477/5386/5476 504/5380/504 2616/5382/2616
f 5476/5384/5475 1561/5378/1561 505/5377/505
f 5476/5384/5475 1488/5291/1488 1561/5378/1561
f 1488/5291/1488 88/144/88 1561/5378/1561
f 5474/5381/5473 5476/5384/5475 505/5377/505
f 5474/5381/5473 5475/5383/5474 5476/5384/5475
f 5475/5383/5474 432/5289/432 5476/5384/5475
f 2616/5382/2616 2617/143/2617 81/115/81
f 2616/5382/2616 5474/5381/5473 2617/143/2617
f 5474/5381/5473 505/5377/505 2617/143/2617
f 5473/5379/5472 1562/146/1562 506/5368/506
f 5473/5379/5472 1561/5378/1561 1562/146/1562
f 1561/5378/1561 88/144/88 1562/146/1562
f 5471/5374/5470 5473/5379/5472 506/5368/506
f 5471/5374/5470 5472/5376/5471 5473/5379/5472
f 5472/5376/5471 505/5377/505 5473/5379/5472
f 1481/5375/1481 2618/5370/2618 82/119/82
f 1481/5375/1481 5471/5374/5470 2618/5370/2618
f 5471/5374/5470 506/5368/506 2618/5370/2618
f 5470/5372/5469 1563/5366/1563 507/5365/507
f 5470/5372/5469 1489/5279/1489 1563/5366/1563
f 1489/5279/1489 89/148/89 1563/5366/1563
f 5468/5369/5467 5470/5372/5469 507/5365/507
f 5468/5369/5467 5469/5371/5468 5470/5372/5469
f 5469/5371/5468 433/5277/433 5470/5372/5469
f 2618/5370/2618 2619/147/2619 82/119/82
f 2618/5370/2618 5468/5369/5467 2619/147/2619
f 5468/5369/5467 507/5365/507 2619/147/2619
f 5467/5367/5466 1564/150/1564 508/5356/508
f 5467/5367/5466 1563/5366/1563 1564/150/1564
f 1563/5366/1563 89/148/89 1564/150/1564
f 5465/5362/5464 5467/5367/5466 508/5356/508
f 5465/5362/5464 5466/5364/5465 5467/5367/5466
f 5466/5364/5465 507/5365/507 5467/5367/5466
f 1475/5363/1475 2620/5358/2620 48/5822/48
f 1475/5363/1475 5465/5362/5464 2620/5358/2620
f 5465/5362/5464 508/5356/508 2620/5358/2620
f 5464/5360/5463 1441/5824/1441 385/5825/385
f 5464/5360/5463 1482/5267/1482 1441/5824/1441
f 1482/5267/1482 49/5826/49 1441/5824/1441
f 5462/5357/5461 5464/5360/5463 385/5825/385
f 5462/5357/5461 5463/5359/5462 5464/5360/5463
f 5463/5359/5462 426/5265/426 5464/5360/5463
f 2620/5358/2620 2497/5827/2497 48/5822/48
f 2620/5358/2620 5462/5357/5461 2497/5827/2497
f 5462/5357/5461 385/5825/385 2497/5827/2497
f 5461/5355/5460 1566/155/1566 510/5344/510
f 5461/5355/5460 1565/5354/1565 1566/155/1566
f 1565/5354/1565 90/153/90 1566/155/1566
f 5459/5350/5458 5461/5355/5460 510/5344/510
f 5459/5350/5458 5460/5352/5459 5461/5355/5460
f 5460/5352/5459 509/5353/509 5461/5355/5460
f 1483/5351/1483 2622/5346/2622 83/124/83
f 1483/5351/1483 5459/5350/5458 2622/5346/2622
f 5459/5350/5458 510/5344/510 2622/5346/2622
f 5458/5348/5457 1567/5342/1567 511/5341/511
f 5458/5348/5457 1492/5243/1492 1567/5342/1567
f 1492/5243/1492 91/157/91 1567/5342/1567
f 5456/5345/5455 5458/5348/5457 511/5341/511
f 5456/5345/5455 5457/5347/5456 5458/5348/5457
f 5457/5347/5456 436/5241/436 5458/5348/5457
f 2622/5346/2622 2623/156/2623 83/124/83
f 2622/5346/2622 5456/5345/5455 2623/156/2623
f 5456/5345/5455 511/5341/511 2623/156/2623
f 5455/5343/5454 1568/159/1568 512/5332/512
f 5455/5343/5454 1567/5342/1567 1568/159/1568
f 1567/5342/1567 91/157/91 1568/159/1568
f 5453/5338/5452 5455/5343/5454 512/5332/512
f 5453/5338/5452 5454/5340/5453 5455/5343/5454
f 5454/5340/5453 511/5341/511 5455/5343/5454
f 1484/5339/1484 2624/5334/2624 84/128/84
f 1484/5339/1484 5453/5338/5452 2624/5334/2624
f 5453/5338/5452 512/5332/512 2624/5334/2624
f 5452/5336/5451 1569/5330/1569 513/5329/513
f 5452/5336/5451 1493/5231/1493 1569/5330/1569
f 1493/5231/1493 92/161/92 1569/5330/1569
f 5450/5333/5449 5452/5336/5451 513/5329/513
f 5450/5333/5449 5451/5335/5450 5452/5336/5451
f 5451/5335/5450 437/5229/437 5452/5336/5451
f 2624/5334/2624 2625/160/2625 84/128/84
f 2624/5334/2624 5450/5333/5449 2625/160/2625
f 5450/5333/5449 513/5329/513 2625/160/2625
f 5449/5331/5448 1570/163/1570 514/5320/514
f 5449/5331/5448 1569/5330/1569 1570/163/1570
f 1569/5330/1569 92/161/92 1570/163/1570
f 5447/5326/5446 5449/5331/5448 514/5320/514
f 5447/5326/5446 5448/5328/5447 5449/5331/5448
f 5448/5328/5447 513/5329/513 5449/5331/5448
f 1485/5327/1485 2626/5322/2626 85/132/85
f 1485/5327/1485 5447/5326/5446 2626/5322/2626
f 5447/5326/5446 514/5320/514 2626/5322/2626
f 5446/5324/5445 1571/5318/1571 515/5317/515
f 5446/5324/5445 1494/5219/1494 1571/5318/1571
f 1494/5219/1494 93/165/93 1571/5318/1571
f 5444/5321/5443 5446/5324/5445 515/5317/515
f 5444/5321/5443 5445/5323/5444 5446/5324/5445
f 5445/5323/5444 438/5217/438 5446/5324/5445
f 2626/5322/2626 2627/164/2627 85/132/85
f 2626/5322/2626 5444/5321/5443 2627/164/2627
f 5444/5321/5443 515/5317/515 2627/164/2627
f 5443/5319/5442 1572/167/1572 516/5308/516
f 5443/5319/5442 1571/5318/1571 1572/167/1572
f 1571/5318/1571 93/165/93 1572/167/1572
f 5441/5314/5440 5443/5319/5442 516/5308/516
f 5441/5314/5440 5442/5316/5441 5443/5319/5442
f 5442/5316/5441 515/5317/515 5443/5319/5442
f 1486/5315/1486 2628/5310/2628 86/136/86
f 1486/5315/1486 5441/5314/5440 2628/5310/2628
f 5441/5314/5440 516/5308/516 2628/5310/2628
f 5440/5312/5439 1573/5306/1573 517/5305/517
f 5440/5312/5439 1495/5207/1495 1573/5306/1573
f 1495/5207/1495 94/169/94 1573/5306/1573
f 5438/5309/5437 5440/5312/5439 517/5305/517
f 5438/5309/5437 5439/5311/5438 5440/5312/5439
f 5439/5311/5438 439/5205/439 5440/5312/5439
f 2628/5310/2628 2629/168/2629 86/136/86
f 2628/5310/2628 5438/5309/5437 2629/168/2629
f 5438/5309/5437 517/5305/517 2629/168/2629
f 5437/5307/5436 1574/171/1574 518/5296/518
f 5437/5307/5436 1573/5306/1573 1574/171/1574
f 1573/5306/1573 94/169/94 1574/171/1574
f 5435/5302/5434 5437/5307/5436 518/5296/518
f 5435/5302/5434 5436/5304/5435 5437/5307/5436
f 5436/5304/5435 517/5305/517 5437/5307/5436
f 1487/5303/1487 2630/5298/2630 87/140/87
f 1487/5303/1487 5435/5302/5434 2630/5298/2630
f 5435/5302/5434 518/5296/518 2630/5298/2630
f 5434/5300/5433 1575/5294/1575 519/5293/519
f 5434/5300/5433 1496/5195/1496 1575/5294/1575
f 1496/5195/1496 95/173/95 1575/5294/1575
f 5432/5297/5431 5434/5300/5433 519/5293/519
f 5432/5297/5431 5433/5299/5432 5434/5300/5433
f 5433/5299/5432 440/5193/440 5434/5300/5433
f 2630/5298/2630 2631/172/2631 87/140/87
f 2630/5298/2630 5432/5297/5431 2631/172/2631
f 5432/5297/5431 519/5293/519 2631/172/2631
f 5431/5295/5430 1576/175/1576 520/5284/520
f 5431/5295/5430 1575/5294/1575 1576/175/1576
f 1575/5294/1575 95/173/95 1576/175/1576
f 5429/5290/5428 5431/5295/5430 520/5284/520
f 5429/5290/5428 5430/5292/5429 5431/5295/5430
f 5430/5292/5429 519/5293/519 5431/5295/5430
f 1488/5291/1488 2632/5286/2632 88/144/88
f 1488/5291/1488 5429/5290/5428 2632/5286/2632
f 5429/5290/5428 520/5284/520 2632/5286/2632
f 5428/5288/5427 1577/5282/1577 521/5281/521
f 5428/5288/5427 1497/5183/1497 1577/5282/1577
f 1497/5183/1497 96/177/96 1577/5282/1577
f 5426/5285/5425 5428/5288/5427 521/5281/521
f 5426/5285/5425 5427/5287/5426 5428/5288/5427
f 5427/5287/5426 441/5181/441 5428/5288/5427
f 2632/5286/2632 2633/176/2633 88/144/88
f 2632/5286/2632 5426/5285/5425 2633/176/2633
f 5426/5285/5425 521/5281/521 2633/176/2633
f 5425/5283/5424 1578/179/1578 522/5272/522
f 5425/5283/5424 1577/5282/1577 1578/179/1578
f 1577/5282/1577 96/177/96 1578/179/1578
f 5423/5278/5422 5425/5283/5424 522/5272/522
f 5423/5278/5422 5424/5280/5423 5425/5283/5424
f 5424/5280/5423 521/5281/521 5425/5283/5424
f 1489/5279/1489 2634/5274/2634 89/148/89
f 1489/5279/1489 5423/5278/5422 2634/5274/2634
f 5423/5278/5422 522/5272/522 2634/5274/2634
f 5422/5276/5421 1579/5270/1579 523/5269/523
f 5422/5276/5421 1498/5171/1498 1579/5270/1579
f 1498/5171/1498 97/181/97 1579/5270/1579
f 5420/5273/5419 5422/5276/5421 523/5269/523
f 5420/5273/5419 5421/5275/5420 5422/5276/5421
f 5421/5275/5420 442/5169/442 5422/5276/5421
f 2634/5274/2634 2635/180/2635 89/148/89
f 2634/5274/2634 5420/5273/5419 2635/180/2635
f 5420/5273/5419 523/5269/523 2635/180/2635
f 5419/5271/5418 1580/183/1580 524/5260/524
f 5419/5271/5418 1579/5270/1579 1580/183/1580
f 1579/5270/1579 97/181/97 1580/183/1580
f 5417/5266/5416 5419/5271/5418 524/5260/524
f 5417/5266/5416 5418/5268/5417 5419/5271/5418
f 5418/5268/5417 523/5269/523 5419/5271/5418
f 1482/5267/1482 2636/5262/2636 49/5826/49
f 1482/5267/1482 5417/5266/5416 2636/5262/2636
f 5417/5266/5416 524/5260/524 2636/5262/2636
f 5416/5264/5415 1442/5828/1442 386/5829/386
f 5416/5264/5415 1490/5159/1490 1442/5828/1442
f 1490/5159/1490 50/5830/50 1442/5828/1442
f 5414/5261/5413 5416/5264/5415 386/5829/386
f 5414/5261/5413 5415/5263/5414 5416/5264/5415
f 5415/5263/5414 434/5157/434 5416/5264/5415
f 2636/5262/2636 2498/5831/2498 49/5826/49
f 2636/5262/2636 5414/5261/5413 2498/5831/2498
f 5414/5261/5413 386/5829/386 2498/5831/2498
f 5413/5259/5412 1582/189/1582 526/5248/526
f 5413/5259/5412 1581/5258/1581 1582/189/1582
f 1581/5258/1581 98/187/98 1582/189/1582
f 5411/5254/5410 5413/5259/5412 526/5248/526
f 5411/5254/5410 5412/5256/5411 5413/5259/5412
f 5412/5256/5411 525/5257/525 5413/5259/5412
f 1491/5255/1491 2638/5250/2638 90/153/90
f 1491/5255/1491 5411/5254/5410 2638/5250/2638
f 5411/5254/5410 526/5248/526 2638/5250/2638
f 5410/5252/5409 1583/5246/1583 527/5245/527
f 5410/5252/5409 1501/5135/1501 1583/5246/1583
f 1501/5135/1501 99/191/99 1583/5246/1583
f 5408/5249/5407 5410/5252/5409 527/5245/527
f 5408/5249/5407 5409/5251/5408 5410/5252/5409
f 5409/5251/5408 445/5133/445 5410/5252/5409
f 2638/5250/2638 2639/190/2639 90/153/90
f 2638/5250/2638 5408/5249/5407 2639/190/2639
f 5408/5249/5407 527/5245/527 2639/190/2639
f 5407/5247/5406 1584/193/1584 528/5236/528
f 5407/5247/5406 1583/5246/1583 1584/193/1584
f 1583/5246/1583 99/191/99 1584/193/1584
f 5405/5242/5404 5407/5247/5406 528/5236/528
f 5405/5242/5404 5406/5244/5405 5407/5247/5406
f 5406/5244/5405 527/5245/527 5407/5247/5406
f 1492/5243/1492 2640/5238/2640 91/157/91
f 1492/5243/1492 5405/5242/5404 2640/5238/2640
f 5405/5242/5404 528/5236/528 2640/5238/2640
f 5404/5240/5403 1585/5234/1585 529/5233/529
f 5404/5240/5403 1502/5123/1502 1585/5234/1585
f 1502/5123/1502 100/195/100 1585/5234/1585
f 5402/5237/5401 5404/5240/5403 529/5233/529
f 5402/5237/5401 5403/5239/5402 5404/5240/5403
f 5403/5239/5402 446/5121/446 5404/5240/5403
f 2640/5238/2640 2641/194/2641 91/157/91
f 2640/5238/2640 5402/5237/5401 2641/194/2641
f 5402/5237/5401 529/5233/529 2641/194/2641
f 5401/5235/5400 1586/197/1586 530/5224/530
f 5401/5235/5400 1585/5234/1585 1586/197/1586
f 1585/5234/1585 100/195/100 1586/197/1586
f 5399/5230/5398 5401/5235/5400 530/5224/530
f 5399/5230/5398 5400/5232/5399 5401/5235/5400
f 5400/5232/5399 529/5233/529 5401/5235/5400
f 1493/5231/1493 2642/5226/2642 92/161/92
f 1493/5231/1493 5399/5230/5398 2642/5226/2642
f 5399/5230/5398 530/5224/530 2642/5226/2642
f 5398/5228/5397 1587/5222/1587 531/5221/531
f 5398/5228/5397 1503/5111/1503 1587/5222/1587
f 1503/5111/1503 101/199/101 1587/5222/1587
f 5396/5225/5395 5398/5228/5397 531/5221/531
f 5396/5225/5395 5397/5227/5396 5398/5228/5397
f 5397/5227/5396 447/5109/447 5398/5228/5397
f 2642/5226/2642 2643/198/2643 92/161/92
f 2642/5226/2642 5396/5225/5395 2643/198/2643
f 5396/5225/5395 531/5221/531 2643/198/2643
f 5395/5223/5394 1588/201/1588 532/5212/532
f 5395/5223/5394 1587/5222/1587 1588/201/1588
f 1587/5222/1587 101/199/101 1588/201/1588
f 5393/5218/5392 5395/5223/5394 532/5212/532
f 5393/5218/5392 5394/5220/5393 5395/5223/5394
f 5394/5220/5393 531/5221/531 5395/5223/5394
f 1494/5219/1494 2644/5214/2644 93/165/93
f 1494/5219/1494 5393/5218/5392 2644/5214/2644
f 5393/5218/5392 532/5212/532 2644/5214/2644
f 5392/5216/5391 1589/5210/1589 533/5209/533
f 5392/5216/5391 1504/5099/1504 1589/5210/1589
f 1504/5099/1504 102/203/102 1589/5210/1589
f 5390/5213/5389 5392/5216/5391 533/5209/533
f 5390/5213/5389 5391/5215/5390 5392/5216/5391
f 5391/5215/5390 448/5097/448 5392/5216/5391
f 2644/5214/2644 2645/202/2645 93/165/93
f 2644/5214/2644 5390/5213/5389 2645/202/2645
f 5390/5213/5389 533/5209/533 2645/202/2645
f 5389/5211/5388 1590/205/1590 534/5200/534
f 5389/5211/5388 1589/5210/1589 1590/205/1590
f 1589/5210/1589 102/203/102 1590/205/1590
f 5387/5206/5386 5389/5211/5388 534/5200/534
f 5387/5206/5386 5388/5208/5387 5389/5211/5388
f 5388/5208/5387 533/5209/533 5389/5211/5388
f 1495/5207/1495 2646/5202/2646 94/169/94
f 1495/5207/1495 5387/5206/5386 2646/5202/2646
f 5387/5206/5386 534/5200/534 2646/5202/2646
f 5386/5204/5385 1591/5198/1591 535/5197/535
f 5386/5204/5385 1505/5087/1505 1591/5198/1591
f 1505/5087/1505 103/207/103 1591/5198/1591
f 5384/5201/5383 5386/5204/5385 535/5197/535
f 5384/5201/5383 5385/5203/5384 5386/5204/5385
f 5385/5203/5384 449/5085/449 5386/5204/5385
f 2646/5202/2646 2647/206/2647 94/169/94
f 2646/5202/2646 5384/5201/5383 2647/206/2647
f 5384/5201/5383 535/5197/535 2647/206/2647
f 5383/5199/5382 1592/209/1592 536/5188/536
f 5383/5199/5382 1591/5198/1591 1592/209/1592
f 1591/5198/1591 103/207/103 1592/209/1592
f 5381/5194/5380 5383/5199/5382 536/5188/536
f 5381/5194/5380 5382/5196/5381 5383/5199/5382
f 5382/5196/5381 535/5197/535 5383/5199/5382
f 1496/5195/1496 2648/5190/2648 95/173/95
f 1496/5195/1496 5381/5194/5380 2648/5190/2648
f 5381/5194/5380 536/5188/536 2648/5190/2648
f 5380/5192/5379 1593/5186/1593 537/5185/537
f 5380/5192/5379 1506/5075/1506 1593/5186/1593
f 1506/5075/1506 104/211/104 1593/5186/1593
f 5378/5189/5377 5380/5192/5379 537/5185/537
f 5378/5189/5377 5379/5191/5378 5380/5192/5379
f 5379/5191/5378 450/5073/450 5380/5192/5379
f 2648/5190/2648 2649/210/2649 95/173/95
f 2648/5190/2648 5378/5189/5377 2649/210/2649
f 5378/5189/5377 537/5185/537 2649/210/2649
f 5377/5187/5376 1594/213/1594 538/5176/538
f 5377/5187/5376 1593/5186/1593 1594/213/1594
f 1593/5186/1593 104/211/104 1594/213/1594
f 5375/5182/5374 5377/5187/5376 538/5176/538
f 5375/5182/5374 5376/5184/5375 5377/5187/5376
f 5376/5184/5375 537/5185/537 5377/5187/5376
f 1497/5183/1497 2650/5178/2650 96/177/96
f 1497/5183/1497 5375/5182/5374 2650/5178/2650
f 5375/5182/5374 538/5176/538 2650/5178/2650
f 5374/5180/5373 1595/5174/1595 539/5173/539
f 5374/5180/5373 1507/5063/1507 1595/5174/1595
f 1507/5063/1507 105/215/105 1595/5174/1595
f 5372/5177/5371 5374/5180/5373 539/5173/539
f 5372/5177/5371 5373/5179/5372 5374/5180/5373
f 5373/5179/5372 451/5061/451 5374/5180/5373
f 2650/5178/2650 2651/214/2651 96/177/96
f 2650/5178/2650 5372/5177/5371 2651/214/2651
f 5372/5177/5371 539/5173/539 2651/214/2651
f 5371/5175/5370 1596/217/1596 540/5164/540
f 5371/5175/5370 1595/5174/1595 1596/217/1596
f 1595/5174/1595 105/215/105 1596/217/1596
f 5369/5170/5368 5371/5175/5370 540/5164/540
f 5369/5170/5368 5370/5172/5369 5371/5175/5370
f 5370/5172/5369 539/5173/539 5371/5175/5370
f 1498/5171/1498 2652/5166/2652 97/181/97
f 1498/5171/1498 5369/5170/5368 2652/5166/2652
f 5369/5170/5368 540/5164/540 2652/5166/2652
f 5368/5168/5367 1597/5162/1597 541/5161/541
f 5368/5168/5367 1508/5051/1508 1597/5162/1597
f 1508/5051/1508 106/219/106 1597/5162/1597
f 5366/5165/5365 5368/5168/5367 541/5161/541
f 5366/5165/5365 5367/5167/5366 5368/5168/5367
f 5367/5167/5366 452/5049/452 5368/5168/5367
f 2652/5166/2652 2653/218/2653 97/181/97
f 2652/5166/2652 5366/5165/5365 2653/218/2653
f 5366/5165/5365 541/5161/541 2653/218/2653
f 5365/5163/5364 1598/221/1598 542/5152/542
f 5365/5163/5364 1597/5162/1597 1598/221/1598
f 1597/5162/1597 106/219/106 1598/221/1598
f 5363/5158/5362 5365/5163/5364 542/5152/542
f 5363/5158/5362 5364/5160/5363 5365/5163/5364
f 5364/5160/5363 541/5161/541 5365/5163/5364
f 1490/5159/1490 2654/5154/2654 50/5830/50
f 1490/5159/1490 5363/5158/5362 2654/5154/2654
f 5363/5158/5362 542/5152/542 2654/5154/2654
f 5362/5156/5361 1443/5832/1443 387/5833/387
f 5362/5156/5361 1499/5039/1499 1443/5832/1443
f 1499/5039/1499 51/5834/51 1443/5832/1443
f 5360/5153/5359 5362/5156/5361 387/5833/387
f 5360/5153/5359 5361/5155/5360 5362/5156/5361
f 5361/5155/5360 443/5037/443 5362/5156/5361
f 2654/5154/2654 2499/5835/2499 50/5830/50
f 2654/5154/2654 5360/5153/5359 2499/5835/2499
f 5360/5153/5359 387/5833/387 2499/5835/2499
f 5359/5151/5358 1600/226/1600 544/5140/544
f 5359/5151/5358 1599/5150/1599 1600/226/1600
f 1599/5150/1599 11/224/11 1600/226/1600
f 5357/5146/5356 5359/5151/5358 544/5140/544
f 5357/5146/5356 5358/5148/5357 5359/5151/5358
f 5358/5148/5357 543/5149/543 5359/5151/5358
f 1500/5147/1500 2656/5142/2656 98/187/98
f 1500/5147/1500 5357/5146/5356 2656/5142/2656
f 5357/5146/5356 544/5140/544 2656/5142/2656
f 5356/5144/5355 1601/5138/1601 545/5137/545
f 5356/5144/5355 2459/2156/2459 1601/5138/1601
f 2459/2156/2459 10/228/10 1601/5138/1601
f 5354/5141/5353 5356/5144/5355 545/5137/545
f 5354/5141/5353 5355/5143/5354 5356/5144/5355
f 5355/5143/5354 347/2154/347 5356/5144/5355
f 2656/5142/2656 2657/227/2657 98/187/98
f 2656/5142/2656 5354/5141/5353 2657/227/2657
f 5354/5141/5353 545/5137/545 2657/227/2657
f 5353/5139/5352 1602/230/1602 546/5128/546
f 5353/5139/5352 1601/5138/1601 1602/230/1602
f 1601/5138/1601 10/228/10 1602/230/1602
f 5351/5134/5350 5353/5139/5352 546/5128/546
f 5351/5134/5350 5352/5136/5351 5353/5139/5352
f 5352/5136/5351 545/5137/545 5353/5139/5352
f 1501/5135/1501 2658/5130/2658 99/191/99
f 1501/5135/1501 5351/5134/5350 2658/5130/2658
f 5351/5134/5350 546/5128/546 2658/5130/2658
f 5350/5132/5349 1603/5126/1603 547/5125/547
f 5350/5132/5349 2458/2161/2458 1603/5126/1603
f 2458/2161/2458 9/232/9 1603/5126/1603
f 5348/5129/5347 5350/5132/5349 547/5125/547
f 5348/5129/5347 5349/5131/5348 5350/5132/5349
f 5349/5131/5348 346/2159/346 5350/5132/5349
f 2658/5130/2658 2659/231/2659 99/191/99
f 2658/5130/2658 5348/5129/5347 2659/231/2659
f 5348/5129/5347 547/5125/547 2659/231/2659
f 5347/5127/5346 1604/234/1604 548/5116/548
f 5347/5127/5346 1603/5126/1603 1604/234/1604
f 1603/5126/1603 9/232/9 1604/234/1604
f 5345/5122/5344 5347/5127/5346 548/5116/548
f 5345/5122/5344 5346/5124/5345 5347/5127/5346
f 5346/5124/5345 547/5125/547 5347/5127/5346
f 1502/5123/1502 2660/5118/2660 100/195/100
f 1502/5123/1502 5345/5122/5344 2660/5118/2660
f 5345/5122/5344 548/5116/548 2660/5118/2660
f 5344/5120/5343 1605/5114/1605 549/5113/549
f 5344/5120/5343 2457/2166/2457 1605/5114/1605
f 2457/2166/2457 8/236/8 1605/5114/1605
f 5342/5117/5341 5344/5120/5343 549/5113/549
f 5342/5117/5341 5343/5119/5342 5344/5120/5343
f 5343/5119/5342 345/2164/345 5344/5120/5343
f 2660/5118/2660 2661/235/2661 100/195/100
f 2660/5118/2660 5342/5117/5341 2661/235/2661
f 5342/5117/5341 549/5113/549 2661/235/2661
f 5341/5115/5340 1606/238/1606 550/5104/550
f 5341/5115/5340 1605/5114/1605 1606/238/1606
f 1605/5114/1605 8/236/8 1606/238/1606
f 5339/5110/5338 5341/5115/5340 550/5104/550
f 5339/5110/5338 5340/5112/5339 5341/5115/5340
f 5340/5112/5339 549/5113/549 5341/5115/5340
f 1503/5111/1503 2662/5106/2662 101/199/101
f 1503/5111/1503 5339/5110/5338 2662/5106/2662
f 5339/5110/5338 550/5104/550 2662/5106/2662
f 5338/5108/5337 1607/5102/1607 551/5101/551
f 5338/5108/5337 2456/2171/2456 1607/5102/1607
f 2456/2171/2456 7/240/7 1607/5102/1607
f 5336/5105/5335 5338/5108/5337 551/5101/551
f 5336/5105/5335 5337/5107/5336 5338/5108/5337
f 5337/5107/5336 344/2169/344 5338/5108/5337
f 2662/5106/2662 2663/239/2663 101/199/101
f 2662/5106/2662 5336/5105/5335 2663/239/2663
f 5336/5105/5335 551/5101/551 2663/239/2663
f 5335/5103/5334 1608/242/1608 552/5092/552
f 5335/5103/5334 1607/5102/1607 1608/242/1608
f 1607/5102/1607 7/240/7 1608/242/1608
f 5333/5098/5332 5335/5103/5334 552/5092/552
f 5333/5098/5332 5334/5100/5333 5335/5103/5334
f 5334/5100/5333 551/5101/551 5335/5103/5334
f 1504/5099/1504 2664/5094/2664 102/203/102
f 1504/5099/1504 5333/5098/5332 2664/5094/2664
f 5333/5098/5332 552/5092/552 2664/5094/2664
f 5332/5096/5331 1609/5090/1609 553/5089/553
f 5332/5096/5331 2455/2176/2455 1609/5090/1609
f 2455/2176/2455 6/244/6 1609/5090/1609
f 5330/5093/5329 5332/5096/5331 553/5089/553
f 5330/5093/5329 5331/5095/5330 5332/5096/5331
f 5331/5095/5330 343/2174/343 5332/5096/5331
f 2664/5094/2664 2665/243/2665 102/203/102
f 2664/5094/2664 5330/5093/5329 2665/243/2665
f 5330/5093/5329 553/5089/553 2665/243/2665
f 5329/5091/5328 1610/246/1610 554/5080/554
f 5329/5091/5328 1609/5090/1609 1610/246/1610
f 1609/5090/1609 6/244/6 1610/246/1610
f 5327/5086/5326 5329/5091/5328 554/5080/554
f 5327/5086/5326 5328/5088/5327 5329/5091/5328
f 5328/5088/5327 553/5089/553 5329/5091/5328
f 1505/5087/1505 2666/5082/2666 103/207/103
f 1505/5087/1505 5327/5086/5326 2666/5082/2666
f 5327/5086/5326 554/5080/554 2666/5082/2666
f 5326/5084/5325 1611/5078/1611 555/5077/555
f 5326/5084/5325 2454/2181/2454 1611/5078/1611
f 2454/2181/2454 5/248/5 1611/5078/1611
f 5324/5081/5323 5326/5084/5325 555/5077/555
f 5324/5081/5323 5325/5083/5324 5326/5084/5325
f 5325/5083/5324 342/2179/342 5326/5084/5325
f 2666/5082/2666 2667/247/2667 103/207/103
f 2666/5082/2666 5324/5081/5323 2667/247/2667
f 5324/5081/5323 555/5077/555 2667/247/2667
f 5323/5079/5322 1612/250/1612 556/5068/556
f 5323/5079/5322 1611/5078/1611 1612/250/1612
f 1611/5078/1611 5/248/5 1612/250/1612
f 5321/5074/5320 5323/5079/5322 556/5068/556
f 5321/5074/5320 5322/5076/5321 5323/5079/5322
f 5322/5076/5321 555/5077/555 5323/5079/5322
f 1506/5075/1506 2668/5070/2668 104/211/104
f 1506/5075/1506 5321/5074/5320 2668/5070/2668
f 5321/5074/5320 556/5068/556 2668/5070/2668
f 5320/5072/5319 1613/5066/1613 557/5065/557
f 5320/5072/5319 2453/2186/2453 1613/5066/1613
f 2453/2186/2453 4/252/4 1613/5066/1613
f 5318/5069/5317 5320/5072/5319 557/5065/557
f 5318/5069/5317 5319/5071/5318 5320/5072/5319
f 5319/5071/5318 341/2184/341 5320/5072/5319
f 2668/5070/2668 2669/251/2669 104/211/104
f 2668/5070/2668 5318/5069/5317 2669/251/2669
f 5318/5069/5317 557/5065/557 2669/251/2669
f 5317/5067/5316 1614/254/1614 558/5056/558
f 5317/5067/5316 1613/5066/1613 1614/254/1614
f 1613/5066/1613 4/252/4 1614/254/1614
f 5315/5062/5314 5317/5067/5316 558/5056/558
f 5315/5062/5314 5316/5064/5315 5317/5067/5316
f 5316/5064/5315 557/5065/557 5317/5067/5316
f 1507/5063/1507 2670/5058/2670 105/215/105
f 1507/5063/1507 5315/5062/5314 2670/5058/2670
f 5315/5062/5314 558/5056/558 2670/5058/2670
f 5314/5060/5313 1615/5054/1615 559/5053/559
f 5314/5060/5313 2452/2191/2452 1615/5054/1615
f 2452/2191/2452 3/256/3 1615/5054/1615
f 5312/5057/5311 5314/5060/5313 559/5053/559
f 5312/5057/5311 5313/5059/5312 5314/5060/5313
f 5313/5059/5312 340/2189/340 5314/5060/5313
f 2670/5058/2670 2671/255/2671 105/215/105
f 2670/5058/2670 5312/5057/5311 2671/255/2671
f 5312/5057/5311 559/5053/559 2671/255/2671
f 5311/5055/5310 1616/258/1616 560/5044/560
f 5311/5055/5310 1615/5054/1615 1616/258/1616
f 1615/5054/1615 3/256/3 1616/258/1616
f 5309/5050/5308 5311/5055/5310 560/5044/560
f 5309/5050/5308 5310/5052/5309 5311/5055/5310
f 5310/5052/5309 559/5053/559 5311/5055/5310
f 1508/5051/1508 2672/5046/2672 106/219/106
f 1508/5051/1508 5309/5050/5308 2672/5046/2672
f 5309/5050/5308 560/5044/560 2672/5046/2672
f 5308/5048/5307 1617/5042/1617 561/5041/561
f 5308/5048/5307 2451/2196/2451 1617/5042/1617
f 2451/2196/2451 2/260/2 1617/5042/1617
f 5306/5045/5305 5308/5048/5307 561/5041/561
f 5306/5045/5305 5307/5047/5306 5308/5048/5307
f 5307/5047/5306 339/2194/339 5308/5048/5307
f 2672/5046/2672 2673/259/2673 106/219/106
f 2672/5046/2672 5306/5045/5305 2673/259/2673
f 5306/5045/5305 561/5041/561 2673/259/2673
f 5305/5043/5304 1618/262/1618 562/5032/562
f 5305/5043/5304 1617/5042/1617 1618/262/1618
f 1617/5042/1617 2/260/2 1618/262/1618
f 5303/5038/5302 5305/5043/5304 562/5032/562
f 5303/5038/5302 5304/5040/5303 5305/5043/5304
f 5304/5040/5303 561/5041/561 5305/5043/5304
f 1499/5039/1499 2674/5034/2674 51/5834/51
f 1499/5039/1499 5303/5038/5302 2674/5034/2674
f 5303/5038/5302 562/5032/562 2674/5034/2674
f 5302/5036/5301 1392/5836/1392 336/5837/336
f 5302/5036/5301 2450/2201/2450 1392/5836/1392
f 2450/2201/2450 1/5838/1 1392/5836/1392
f 5300/5033/5299 5302/5036/5301 336/5837/336
f 5300/5033/5299 5301/5035/5300 5302/5036/5301
f 5301/5035/5300 338/2199/338 5302/5036/5301
f 2674/5034/2674 2448/5839/2448 51/5834/51
f 2674/5034/2674 5300/5033/5299 2448/5839/2448
f 5300/5033/5299 336/5837/336 2448/5839/2448
f 5299/5031/5298 2448/5839/2448 336/5837/336
f 5299/5031/5298 1619/4977/1619 2448/5839/2448
f 1619/4977/1619 51/5834/51 2448/5839/2448
f 5297/5028/5296 5299/5031/5298 336/5837/336
f 5297/5028/5296 5298/5030/5297 5299/5031/5298
f 5298/5030/5297 563/4975/563 5299/5031/5298
f 1393/5029/1393 1392/5836/1392 1/5838/1
f 1393/5029/1393 5297/5028/5296 1392/5836/1392
f 5297/5028/5296 336/5837/336 1392/5836/1392
f 5296/5026/5295 1674/4980/1674 618/4979/618
f 5296/5026/5295 1621/4965/1621 1674/4980/1674
f 1621/4965/1621 107/294/107 1674/4980/1674
f 5294/5023/5293 5296/5026/5295 618/4979/618
f 5294/5023/5293 5295/5025/5294 5296/5026/5295
f 5295/5025/5294 565/4963/565 5296/5026/5295
f 1453/5024/1453 2730/293/2730 61/263/61
f 1453/5024/1453 5294/5023/5293 2730/293/2730
f 5294/5023/5293 618/4979/618 2730/293/2730
f 5293/5021/5292 1676/4968/1676 620/4967/620
f 5293/5021/5292 1623/4941/1623 1676/4968/1676
f 1623/4941/1623 108/298/108 1676/4968/1676
f 5291/5018/5290 5293/5021/5292 620/4967/620
f 5291/5018/5290 5292/5020/5291 5293/5021/5292
f 5292/5020/5291 567/4939/567 5293/5021/5292
f 1452/5019/1452 2732/297/2732 60/266/60
f 1452/5019/1452 5291/5018/5290 2732/297/2732
f 5291/5018/5290 620/4967/620 2732/297/2732
f 5290/5016/5289 1680/4944/1680 624/4943/624
f 5290/5016/5289 1626/4905/1626 1680/4944/1680
f 1626/4905/1626 110/306/110 1680/4944/1680
f 5288/5013/5287 5290/5016/5289 624/4943/624
f 5288/5013/5287 5289/5015/5288 5290/5016/5289
f 5289/5015/5288 570/4903/570 5290/5016/5289
f 1451/5014/1451 2736/305/2736 59/269/59
f 1451/5014/1451 5288/5013/5287 2736/305/2736
f 5288/5013/5287 624/4943/624 2736/305/2736
f 5287/5011/5286 1686/4908/1686 630/4907/630
f 5287/5011/5286 1630/4857/1630 1686/4908/1686
f 1630/4857/1630 113/318/113 1686/4908/1686
f 5285/5008/5284 5287/5011/5286 630/4907/630
f 5285/5008/5284 5286/5010/5285 5287/5011/5286
f 5286/5010/5285 574/4855/574 5287/5011/5286
f 1450/5009/1450 2742/317/2742 58/272/58
f 1450/5009/1450 5285/5008/5284 2742/317/2742
f 5285/5008/5284 630/4907/630 2742/317/2742
f 5284/5006/5283 1694/4860/1694 638/4859/638
f 5284/5006/5283 1635/4797/1635 1694/4860/1694
f 1635/4797/1635 117/334/117 1694/4860/1694
f 5282/5003/5281 5284/5006/5283 638/4859/638
f 5282/5003/5281 5283/5005/5282 5284/5006/5283
f 5283/5005/5282 579/4795/579 5284/5006/5283
f 1449/5004/1449 2750/333/2750 57/275/57
f 1449/5004/1449 5282/5003/5281 2750/333/2750
f 5282/5003/5281 638/4859/638 2750/333/2750
f 5281/5001/5280 1704/4800/1704 648/4799/648
f 5281/5001/5280 1641/4725/1641 1704/4800/1704
f 1641/4725/1641 122/354/122 1704/4800/1704
f 5279/4998/5278 5281/5001/5280 648/4799/648
f 5279/4998/5278 5280/5000/5279 5281/5001/5280
f 5280/5000/5279 585/4723/585 5281/5001/5280
f 1448/4999/1448 2760/353/2760 56/278/56
f 1448/4999/1448 5279/4998/5278 2760/353/2760
f 5279/4998/5278 648/4799/648 2760/353/2760
f 5278/4996/5277 1716/4728/1716 660/4727/660
f 5278/4996/5277 1648/4641/1648 1716/4728/1716
f 1648/4641/1648 128/378/128 1716/4728/1716
f 5276/4993/5275 5278/4996/5277 660/4727/660
f 5276/4993/5275 5277/4995/5276 5278/4996/5277
f 5277/4995/5276 592/4639/592 5278/4996/5277
f 1447/4994/1447 2772/377/2772 55/281/55
f 1447/4994/1447 5276/4993/5275 2772/377/2772
f 5276/4993/5275 660/4727/660 2772/377/2772
f 5275/4991/5274 1730/4644/1730 674/4643/674
f 5275/4991/5274 1656/4545/1656 1730/4644/1730
f 1656/4545/1656 135/406/135 1730/4644/1730
f 5273/4988/5272 5275/4991/5274 674/4643/674
f 5273/4988/5272 5274/4990/5273 5275/4991/5274
f 5274/4990/5273 600/4543/600 5275/4991/5274
f 1446/4989/1446 2786/405/2786 54/284/54
f 1446/4989/1446 5273/4988/5272 2786/405/2786
f 5273/4988/5272 674/4643/674 2786/405/2786
f 5272/4986/5271 1746/4548/1746 690/4547/690
f 5272/4986/5271 1665/4438/1665 1746/4548/1746
f 1665/4438/1665 143/438/143 1746/4548/1746
f 5270/4983/5269 5272/4986/5271 690/4547/690
f 5270/4983/5269 5271/4985/5270 5272/4986/5271
f 5271/4985/5270 609/4436/609 5272/4986/5271
f 1445/4984/1445 2802/437/2802 53/287/53
f 1445/4984/1445 5270/4983/5269 2802/437/2802
f 5270/4983/5269 690/4547/690 2802/437/2802
f 5269/4981/5268 1675/296/1675 619/4970/619
f 5269/4981/5268 1674/4980/1674 1675/296/1675
f 1674/4980/1674 107/294/107 1675/296/1675
f 5267/4976/5266 5269/4981/5268 619/4970/619
f 5267/4976/5266 5268/4978/5267 5269/4981/5268
f 5268/4978/5267 618/4979/618 5269/4981/5268
f 1619/4977/1619 2731/4972/2731 51/5834/51
f 1619/4977/1619 5267/4976/5266 2731/4972/2731
f 5267/4976/5266 619/4970/619 2731/4972/2731
f 5266/4974/5265 2499/5835/2499 387/5833/387
f 5266/4974/5265 1620/4953/1620 2499/5835/2499
f 1620/4953/1620 50/5830/50 2499/5835/2499
f 5264/4971/5263 5266/4974/5265 387/5833/387
f 5264/4971/5263 5265/4973/5264 5266/4974/5265
f 5265/4973/5264 564/4951/564 5266/4974/5265
f 2731/4972/2731 1443/5832/1443 51/5834/51
f 2731/4972/2731 5264/4971/5263 1443/5832/1443
f 5264/4971/5263 387/5833/387 1443/5832/1443
f 5263/4969/5262 1677/300/1677 621/4958/621
f 5263/4969/5262 1676/4968/1676 1677/300/1677
f 1676/4968/1676 108/298/108 1677/300/1677
f 5261/4964/5260 5263/4969/5262 621/4958/621
f 5261/4964/5260 5262/4966/5261 5263/4969/5262
f 5262/4966/5261 620/4967/620 5263/4969/5262
f 1621/4965/1621 2733/4960/2733 107/294/107
f 1621/4965/1621 5261/4964/5260 2733/4960/2733
f 5261/4964/5260 621/4958/621 2733/4960/2733
f 5260/4962/5259 1678/4956/1678 622/4955/622
f 5260/4962/5259 1624/4929/1624 1678/4956/1678
f 1624/4929/1624 109/302/109 1678/4956/1678
f 5258/4959/5257 5260/4962/5259 622/4955/622
f 5258/4959/5257 5259/4961/5258 5260/4962/5259
f 5259/4961/5258 568/4927/568 5260/4962/5259
f 2733/4960/2733 2734/301/2734 107/294/107
f 2733/4960/2733 5258/4959/5257 2734/301/2734
f 5258/4959/5257 622/4955/622 2734/301/2734
f 5257/4957/5256 1679/304/1679 623/4946/623
f 5257/4957/5256 1678/4956/1678 1679/304/1679
f 1678/4956/1678 109/302/109 1679/304/1679
f 5255/4952/5254 5257/4957/5256 623/4946/623
f 5255/4952/5254 5256/4954/5255 5257/4957/5256
f 5256/4954/5255 622/4955/622 5257/4957/5256
f 1620/4953/1620 2735/4948/2735 50/5830/50
f 1620/4953/1620 5255/4952/5254 2735/4948/2735
f 5255/4952/5254 623/4946/623 2735/4948/2735
f 5254/4950/5253 2498/5831/2498 386/5829/386
f 5254/4950/5253 1622/4917/1622 2498/5831/2498
f 1622/4917/1622 49/5826/49 2498/5831/2498
f 5252/4947/5251 5254/4950/5253 386/5829/386
f 5252/4947/5251 5253/4949/5252 5254/4950/5253
f 5253/4949/5252 566/4915/566 5254/4950/5253
f 2735/4948/2735 1442/5828/1442 50/5830/50
f 2735/4948/2735 5252/4947/5251 1442/5828/1442
f 5252/4947/5251 386/5829/386 1442/5828/1442
f 5251/4945/5250 1681/308/1681 625/4934/625
f 5251/4945/5250 1680/4944/1680 1681/308/1681
f 1680/4944/1680 110/306/110 1681/308/1681
f 5249/4940/5248 5251/4945/5250 625/4934/625
f 5249/4940/5248 5250/4942/5249 5251/4945/5250
f 5250/4942/5249 624/4943/624 5251/4945/5250
f 1623/4941/1623 2737/4936/2737 108/298/108
f 1623/4941/1623 5249/4940/5248 2737/4936/2737
f 5249/4940/5248 625/4934/625 2737/4936/2737
f 5248/4938/5247 1682/4932/1682 626/4931/626
f 5248/4938/5247 1627/4893/1627 1682/4932/1682
f 1627/4893/1627 111/310/111 1682/4932/1682
f 5246/4935/5245 5248/4938/5247 626/4931/626
f 5246/4935/5245 5247/4937/5246 5248/4938/5247
f 5247/4937/5246 571/4891/571 5248/4938/5247
f 2737/4936/2737 2738/309/2738 108/298/108
f 2737/4936/2737 5246/4935/5245 2738/309/2738
f 5246/4935/5245 626/4931/626 2738/309/2738
f 5245/4933/5244 1683/312/1683 627/4922/627
f 5245/4933/5244 1682/4932/1682 1683/312/1683
f 1682/4932/1682 111/310/111 1683/312/1683
f 5243/4928/5242 5245/4933/5244 627/4922/627
f 5243/4928/5242 5244/4930/5243 5245/4933/5244
f 5244/4930/5243 626/4931/626 5245/4933/5244
f 1624/4929/1624 2739/4924/2739 109/302/109
f 1624/4929/1624 5243/4928/5242 2739/4924/2739
f 5243/4928/5242 627/4922/627 2739/4924/2739
f 5242/4926/5241 1684/4920/1684 628/4919/628
f 5242/4926/5241 1628/4881/1628 1684/4920/1684
f 1628/4881/1628 112/314/112 1684/4920/1684
f 5240/4923/5239 5242/4926/5241 628/4919/628
f 5240/4923/5239 5241/4925/5240 5242/4926/5241
f 5241/4925/5240 572/4879/572 5242/4926/5241
f 2739/4924/2739 2740/313/2740 109/302/109
f 2739/4924/2739 5240/4923/5239 2740/313/2740
f 5240/4923/5239 628/4919/628 2740/313/2740
f 5239/4921/5238 1685/316/1685 629/4910/629
f 5239/4921/5238 1684/4920/1684 1685/316/1685
f 1684/4920/1684 112/314/112 1685/316/1685
f 5237/4916/5236 5239/4921/5238 629/4910/629
f 5237/4916/5236 5238/4918/5237 5239/4921/5238
f 5238/4918/5237 628/4919/628 5239/4921/5238
f 1622/4917/1622 2741/4912/2741 49/5826/49
f 1622/4917/1622 5237/4916/5236 2741/4912/2741
f 5237/4916/5236 629/4910/629 2741/4912/2741
f 5236/4914/5235 2497/5827/2497 385/5825/385
f 5236/4914/5235 1625/4869/1625 2497/5827/2497
f 1625/4869/1625 48/5822/48 2497/5827/2497
f 5234/4911/5233 5236/4914/5235 385/5825/385
f 5234/4911/5233 5235/4913/5234 5236/4914/5235
f 5235/4913/5234 569/4867/569 5236/4914/5235
f 2741/4912/2741 1441/5824/1441 49/5826/49
f 2741/4912/2741 5234/4911/5233 1441/5824/1441
f 5234/4911/5233 385/5825/385 1441/5824/1441
f 5233/4909/5232 1687/320/1687 631/4898/631
f 5233/4909/5232 1686/4908/1686 1687/320/1687
f 1686/4908/1686 113/318/113 1687/320/1687
f 5231/4904/5230 5233/4909/5232 631/4898/631
f 5231/4904/5230 5232/4906/5231 5233/4909/5232
f 5232/4906/5231 630/4907/630 5233/4909/5232
f 1626/4905/1626 2743/4900/2743 110/306/110
f 1626/4905/1626 5231/4904/5230 2743/4900/2743
f 5231/4904/5230 631/4898/631 2743/4900/2743
f 5230/4902/5229 1688/4896/1688 632/4895/632
f 5230/4902/5229 1631/4845/1631 1688/4896/1688
f 1631/4845/1631 114/322/114 1688/4896/1688
f 5228/4899/5227 5230/4902/5229 632/4895/632
f 5228/4899/5227 5229/4901/5228 5230/4902/5229
f 5229/4901/5228 575/4843/575 5230/4902/5229
f 2743/4900/2743 2744/321/2744 110/306/110
f 2743/4900/2743 5228/4899/5227 2744/321/2744
f 5228/4899/5227 632/4895/632 2744/321/2744
f 5227/4897/5226 1689/324/1689 633/4886/633
f 5227/4897/5226 1688/4896/1688 1689/324/1689
f 1688/4896/1688 114/322/114 1689/324/1689
f 5225/4892/5224 5227/4897/5226 633/4886/633
f 5225/4892/5224 5226/4894/5225 5227/4897/5226
f 5226/4894/5225 632/4895/632 5227/4897/5226
f 1627/4893/1627 2745/4888/2745 111/310/111
f 1627/4893/1627 5225/4892/5224 2745/4888/2745
f 5225/4892/5224 633/4886/633 2745/4888/2745
f 5224/4890/5223 1690/4884/1690 634/4883/634
f 5224/4890/5223 1632/4833/1632 1690/4884/1690
f 1632/4833/1632 115/326/115 1690/4884/1690
f 5222/4887/5221 5224/4890/5223 634/4883/634
f 5222/4887/5221 5223/4889/5222 5224/4890/5223
f 5223/4889/5222 576/4831/576 5224/4890/5223
f 2745/4888/2745 2746/325/2746 111/310/111
f 2745/4888/2745 5222/4887/5221 2746/325/2746
f 5222/4887/5221 634/4883/634 2746/325/2746
f 5221/4885/5220 1691/328/1691 635/4874/635
f 5221/4885/5220 1690/4884/1690 1691/328/1691
f 1690/4884/1690 115/326/115 1691/328/1691
f 5219/4880/5218 5221/4885/5220 635/4874/635
f 5219/4880/5218 5220/4882/5219 5221/4885/5220
f 5220/4882/5219 634/4883/634 5221/4885/5220
f 1628/4881/1628 2747/4876/2747 112/314/112
f 1628/4881/1628 5219/4880/5218 2747/4876/2747
f 5219/4880/5218 635/4874/635 2747/4876/2747
f 5218/4878/5217 1692/4872/1692 636/4871/636
f 5218/4878/5217 1633/4821/1633 1692/4872/1692
f 1633/4821/1633 116/330/116 1692/4872/1692
f 5216/4875/5215 5218/4878/5217 636/4871/636
f 5216/4875/5215 5217/4877/5216 5218/4878/5217
f 5217/4877/5216 577/4819/577 5218/4878/5217
f 2747/4876/2747 2748/329/2748 112/314/112
f 2747/4876/2747 5216/4875/5215 2748/329/2748
f 5216/4875/5215 636/4871/636 2748/329/2748
f 5215/4873/5214 1693/332/1693 637/4862/637
f 5215/4873/5214 1692/4872/1692 1693/332/1693
f 1692/4872/1692 116/330/116 1693/332/1693
f 5213/4868/5212 5215/4873/5214 637/4862/637
f 5213/4868/5212 5214/4870/5213 5215/4873/5214
f 5214/4870/5213 636/4871/636 5215/4873/5214
f 1625/4869/1625 2749/4864/2749 48/5822/48
f 1625/4869/1625 5213/4868/5212 2749/4864/2749
f 5213/4868/5212 637/4862/637 2749/4864/2749
f 5212/4866/5211 2496/5823/2496 384/5821/384
f 5212/4866/5211 1629/4809/1629 2496/5823/2496
f 1629/4809/1629 47/5818/47 2496/5823/2496
f 5210/4863/5209 5212/4866/5211 384/5821/384
f 5210/4863/5209 5211/4865/5210 5212/4866/5211
f 5211/4865/5210 573/4807/573 5212/4866/5211
f 2749/4864/2749 1440/5820/1440 48/5822/48
f 2749/4864/2749 5210/4863/5209 1440/5820/1440
f 5210/4863/5209 384/5821/384 1440/5820/1440
f 5209/4861/5208 1695/336/1695 639/4850/639
f 5209/4861/5208 1694/4860/1694 1695/336/1695
f 1694/4860/1694 117/334/117 1695/336/1695
f 5207/4856/5206 5209/4861/5208 639/4850/639
f 5207/4856/5206 5208/4858/5207 5209/4861/5208
f 5208/4858/5207 638/4859/638 5209/4861/5208
f 1630/4857/1630 2751/4852/2751 113/318/113
f 1630/4857/1630 5207/4856/5206 2751/4852/2751
f 5207/4856/5206 639/4850/639 2751/4852/2751
f 5206/4854/5205 1696/4848/1696 640/4847/640
f 5206/4854/5205 1636/4785/1636 1696/4848/1696
f 1636/4785/1636 118/338/118 1696/4848/1696
f 5204/4851/5203 5206/4854/5205 640/4847/640
f 5204/4851/5203 5205/4853/5204 5206/4854/5205
f 5205/4853/5204 580/4783/580 5206/4854/5205
f 2751/4852/2751 2752/337/2752 113/318/113
f 2751/4852/2751 5204/4851/5203 2752/337/2752
f 5204/4851/5203 640/4847/640 2752/337/2752
f 5203/4849/5202 1697/340/1697 641/4838/641
f 5203/4849/5202 1696/4848/1696 1697/340/1697
f 1696/4848/1696 118/338/118 1697/340/1697
f 5201/4844/5200 5203/4849/5202 641/4838/641
f 5201/4844/5200 5202/4846/5201 5203/4849/5202
f 5202/4846/5201 640/4847/640 5203/4849/5202
f 1631/4845/1631 2753/4840/2753 114/322/114
f 1631/4845/1631 5201/4844/5200 2753/4840/2753
f 5201/4844/5200 641/4838/641 2753/4840/2753
f 5200/4842/5199 1698/4836/1698 642/4835/642
f 5200/4842/5199 1637/4773/1637 1698/4836/1698
f 1637/4773/1637 119/342/119 1698/4836/1698
f 5198/4839/5197 5200/4842/5199 642/4835/642
f 5198/4839/5197 5199/4841/5198 5200/4842/5199
f 5199/4841/5198 581/4771/581 5200/4842/5199
f 2753/4840/2753 2754/341/2754 114/322/114
f 2753/4840/2753 5198/4839/5197 2754/341/2754
f 5198/4839/5197 642/4835/642 2754/341/2754
f 5197/4837/5196 1699/344/1699 643/4826/643
f 5197/4837/5196 1698/4836/1698 1699/344/1699
f 1698/4836/1698 119/342/119 1699/344/1699
f 5195/4832/5194 5197/4837/5196 643/4826/643
f 5195/4832/5194 5196/4834/5195 5197/4837/5196
f 5196/4834/5195 642/4835/642 5197/4837/5196
f 1632/4833/1632 2755/4828/2755 115/326/115
f 1632/4833/1632 5195/4832/5194 2755/4828/2755
f 5195/4832/5194 643/4826/643 2755/4828/2755
f 5194/4830/5193 1700/4824/1700 644/4823/644
f 5194/4830/5193 1638/4761/1638 1700/4824/1700
f 1638/4761/1638 120/346/120 1700/4824/1700
f 5192/4827/5191 5194/4830/5193 644/4823/644
f 5192/4827/5191 5193/4829/5192 5194/4830/5193
f 5193/4829/5192 582/4759/582 5194/4830/5193
f 2755/4828/2755 2756/345/2756 115/326/115
f 2755/4828/2755 5192/4827/5191 2756/345/2756
f 5192/4827/5191 644/4823/644 2756/345/2756
f 5191/4825/5190 1701/348/1701 645/4814/645
f 5191/4825/5190 1700/4824/1700 1701/348/1701
f 1700/4824/1700 120/346/120 1701/348/1701
f 5189/4820/5188 5191/4825/5190 645/4814/645
f 5189/4820/5188 5190/4822/5189 5191/4825/5190
f 5190/4822/5189 644/4823/644 5191/4825/5190
f 1633/4821/1633 2757/4816/2757 116/330/116
f 1633/4821/1633 5189/4820/5188 2757/4816/2757
f 5189/4820/5188 645/4814/645 2757/4816/2757
f 5188/4818/5187 1702/4812/1702 646/4811/646
f 5188/4818/5187 1639/4749/1639 1702/4812/1702
f 1639/4749/1639 121/350/121 1702/4812/1702
f 5186/4815/5185 5188/4818/5187 646/4811/646
f 5186/4815/5185 5187/4817/5186 5188/4818/5187
f 5187/4817/5186 583/4747/583 5188/4818/5187
f 2757/4816/2757 2758/349/2758 116/330/116
f 2757/4816/2757 5186/4815/5185 2758/349/2758
f 5186/4815/5185 646/4811/646 2758/349/2758
f 5185/4813/5184 1703/352/1703 647/4802/647
f 5185/4813/5184 1702/4812/1702 1703/352/1703
f 1702/4812/1702 121/350/121 1703/352/1703
f 5183/4808/5182 5185/4813/5184 647/4802/647
f 5183/4808/5182 5184/4810/5183 5185/4813/5184
f 5184/4810/5183 646/4811/646 5185/4813/5184
f 1629/4809/1629 2759/4804/2759 47/5818/47
f 1629/4809/1629 5183/4808/5182 2759/4804/2759
f 5183/4808/5182 647/4802/647 2759/4804/2759
f 5182/4806/5181 2495/5819/2495 383/5817/383
f 5182/4806/5181 1634/4737/1634 2495/5819/2495
f 1634/4737/1634 46/5814/46 2495/5819/2495
f 5180/4803/5179 5182/4806/5181 383/5817/383
f 5180/4803/5179 5181/4805/5180 5182/4806/5181
f 5181/4805/5180 578/4735/578 5182/4806/5181
f 2759/4804/2759 1439/5816/1439 47/5818/47
f 2759/4804/2759 5180/4803/5179 1439/5816/1439
f 5180/4803/5179 383/5817/383 1439/5816/1439
f 5179/4801/5178 1705/356/1705 649/4790/649
f 5179/4801/5178 1704/4800/1704 1705/356/1705
f 1704/4800/1704 122/354/122 1705/356/1705
f 5177/4796/5176 5179/4801/5178 649/4790/649
f 5177/4796/5176 5178/4798/5177 5179/4801/5178
f 5178/4798/5177 648/4799/648 5179/4801/5178
f 1635/4797/1635 2761/4792/2761 117/334/117
f 1635/4797/1635 5177/4796/5176 2761/4792/2761
f 5177/4796/5176 649/4790/649 2761/4792/2761
f 5176/4794/5175 1706/4788/1706 650/4787/650
f 5176/4794/5175 1642/4713/1642 1706/4788/1706
f 1642/4713/1642 123/358/123 1706/4788/1706
f 5174/4791/5173 5176/4794/5175 650/4787/650
f 5174/4791/5173 5175/4793/5174 5176/4794/5175
f 5175/4793/5174 586/4711/586 5176/4794/5175
f 2761/4792/2761 2762/357/2762 117/334/117
f 2761/4792/2761 5174/4791/5173 2762/357/2762
f 5174/4791/5173 650/4787/650 2762/357/2762
f 5173/4789/5172 1707/360/1707 651/4778/651
f 5173/4789/5172 1706/4788/1706 1707/360/1707
f 1706/4788/1706 123/358/123 1707/360/1707
f 5171/4784/5170 5173/4789/5172 651/4778/651
f 5171/4784/5170 5172/4786/5171 5173/4789/5172
f 5172/4786/5171 650/4787/650 5173/4789/5172
f 1636/4785/1636 2763/4780/2763 118/338/118
f 1636/4785/1636 5171/4784/5170 2763/4780/2763
f 5171/4784/5170 651/4778/651 2763/4780/2763
f 5170/4782/5169 1708/4776/1708 652/4775/652
f 5170/4782/5169 1643/4701/1643 1708/4776/1708
f 1643/4701/1643 124/362/124 1708/4776/1708
f 5168/4779/5167 5170/4782/5169 652/4775/652
f 5168/4779/5167 5169/4781/5168 5170/4782/5169
f 5169/4781/5168 587/4699/587 5170/4782/5169
f 2763/4780/2763 2764/361/2764 118/338/118
f 2763/4780/2763 5168/4779/5167 2764/361/2764
f 5168/4779/5167 652/4775/652 2764/361/2764
f 5167/4777/5166 1709/364/1709 653/4766/653
f 5167/4777/5166 1708/4776/1708 1709/364/1709
f 1708/4776/1708 124/362/124 1709/364/1709
f 5165/4772/5164 5167/4777/5166 653/4766/653
f 5165/4772/5164 5166/4774/5165 5167/4777/5166
f 5166/4774/5165 652/4775/652 5167/4777/5166
f 1637/4773/1637 2765/4768/2765 119/342/119
f 1637/4773/1637 5165/4772/5164 2765/4768/2765
f 5165/4772/5164 653/4766/653 2765/4768/2765
f 5164/4770/5163 1710/4764/1710 654/4763/654
f 5164/4770/5163 1644/4689/1644 1710/4764/1710
f 1644/4689/1644 125/366/125 1710/4764/1710
f 5162/4767/5161 5164/4770/5163 654/4763/654
f 5162/4767/5161 5163/4769/5162 5164/4770/5163
f 5163/4769/5162 588/4687/588 5164/4770/5163
f 2765/4768/2765 2766/365/2766 119/342/119
f 2765/4768/2765 5162/4767/5161 2766/365/2766
f 5162/4767/5161 654/4763/654 2766/365/2766
f 5161/4765/5160 1711/368/1711 655/4754/655
f 5161/4765/5160 1710/4764/1710 1711/368/1711
f 1710/4764/1710 125/366/125 1711/368/1711
f 5159/4760/5158 5161/4765/5160 655/4754/655
f 5159/4760/5158 5160/4762/5159 5161/4765/5160
f 5160/4762/5159 654/4763/654 5161/4765/5160
f 1638/4761/1638 2767/4756/2767 120/346/120
f 1638/4761/1638 5159/4760/5158 2767/4756/2767
f 5159/4760/5158 655/4754/655 2767/4756/2767
f 5158/4758/5157 1712/4752/1712 656/4751/656
f 5158/4758/5157 1645/4677/1645 1712/4752/1712
f 1645/4677/1645 126/370/126 1712/4752/1712
f 5156/4755/5155 5158/4758/5157 656/4751/656
f 5156/4755/5155 5157/4757/5156 5158/4758/5157
f 5157/4757/5156 589/4675/589 5158/4758/5157
f 2767/4756/2767 2768/369/2768 120/346/120
f 2767/4756/2767 5156/4755/5155 2768/369/2768
f 5156/4755/5155 656/4751/656 2768/369/2768
f 5155/4753/5154 1713/372/1713 657/4742/657
f 5155/4753/5154 1712/4752/1712 1713/372/1713
f 1712/4752/1712 126/370/126 1713/372/1713
f 5153/4748/5152 5155/4753/5154 657/4742/657
f 5153/4748/5152 5154/4750/5153 5155/4753/5154
f 5154/4750/5153 656/4751/656 5155/4753/5154
f 1639/4749/1639 2769/4744/2769 121/350/121
f 1639/4749/1639 5153/4748/5152 2769/4744/2769
f 5153/4748/5152 657/4742/657 2769/4744/2769
f 5152/4746/5151 1714/4740/1714 658/4739/658
f 5152/4746/5151 1646/4665/1646 1714/4740/1714
f 1646/4665/1646 127/374/127 1714/4740/1714
f 5150/4743/5149 5152/4746/5151 658/4739/658
f 5150/4743/5149 5151/4745/5150 5152/4746/5151
f 5151/4745/5150 590/4663/590 5152/4746/5151
f 2769/4744/2769 2770/373/2770 121/350/121
f 2769/4744/2769 5150/4743/5149 2770/373/2770
f 5150/4743/5149 658/4739/658 2770/373/2770
f 5149/4741/5148 1715/376/1715 659/4730/659
f 5149/4741/5148 1714/4740/1714 1715/376/1715
f 1714/4740/1714 127/374/127 1715/376/1715
f 5147/4736/5146 5149/4741/5148 659/4730/659
f 5147/4736/5146 5148/4738/5147 5149/4741/5148
f 5148/4738/5147 658/4739/658 5149/4741/5148
f 1634/4737/1634 2771/4732/2771 46/5814/46
f 1634/4737/1634 5147/4736/5146 2771/4732/2771
f 5147/4736/5146 659/4730/659 2771/4732/2771
f 5146/4734/5145 2494/5815/2494 382/5813/382
f 5146/4734/5145 1640/4653/1640 2494/5815/2494
f 1640/4653/1640 45/5810/45 2494/5815/2494
f 5144/4731/5143 5146/4734/5145 382/5813/382
f 5144/4731/5143 5145/4733/5144 5146/4734/5145
f 5145/4733/5144 584/4651/584 5146/4734/5145
f 2771/4732/2771 1438/5812/1438 46/5814/46
f 2771/4732/2771 5144/4731/5143 1438/5812/1438
f 5144/4731/5143 382/5813/382 1438/5812/1438
f 5143/4729/5142 1717/380/1717 661/4718/661
f 5143/4729/5142 1716/4728/1716 1717/380/1717
f 1716/4728/1716 128/378/128 1717/380/1717
f 5141/4724/5140 5143/4729/5142 661/4718/661
f 5141/4724/5140 5142/4726/5141 5143/4729/5142
f 5142/4726/5141 660/4727/660 5143/4729/5142
f 1641/4725/1641 2773/4720/2773 122/354/122
f 1641/4725/1641 5141/4724/5140 2773/4720/2773
f 5141/4724/5140 661/4718/661 2773/4720/2773
f 5140/4722/5139 1718/4716/1718 662/4715/662
f 5140/4722/5139 1649/4629/1649 1718/4716/1718
f 1649/4629/1649 129/382/129 1718/4716/1718
f 5138/4719/5137 5140/4722/5139 662/4715/662
f 5138/4719/5137 5139/4721/5138 5140/4722/5139
f 5139/4721/5138 593/4627/593 5140/4722/5139
f 2773/4720/2773 2774/381/2774 122/354/122
f 2773/4720/2773 5138/4719/5137 2774/381/2774
f 5138/4719/5137 662/4715/662 2774/381/2774
f 5137/4717/5136 1719/384/1719 663/4706/663
f 5137/4717/5136 1718/4716/1718 1719/384/1719
f 1718/4716/1718 129/382/129 1719/384/1719
f 5135/4712/5134 5137/4717/5136 663/4706/663
f 5135/4712/5134 5136/4714/5135 5137/4717/5136
f 5136/4714/5135 662/4715/662 5137/4717/5136
f 1642/4713/1642 2775/4708/2775 123/358/123
f 1642/4713/1642 5135/4712/5134 2775/4708/2775
f 5135/4712/5134 663/4706/663 2775/4708/2775
f 5134/4710/5133 1720/4704/1720 664/4703/664
f 5134/4710/5133 1650/4617/1650 1720/4704/1720
f 1650/4617/1650 130/386/130 1720/4704/1720
f 5132/4707/5131 5134/4710/5133 664/4703/664
f 5132/4707/5131 5133/4709/5132 5134/4710/5133
f 5133/4709/5132 594/4615/594 5134/4710/5133
f 2775/4708/2775 2776/385/2776 123/358/123
f 2775/4708/2775 5132/4707/5131 2776/385/2776
f 5132/4707/5131 664/4703/664 2776/385/2776
f 5131/4705/5130 1721/388/1721 665/4694/665
f 5131/4705/5130 1720/4704/1720 1721/388/1721
f 1720/4704/1720 130/386/130 1721/388/1721
f 5129/4700/5128 5131/4705/5130 665/4694/665
f 5129/4700/5128 5130/4702/5129 5131/4705/5130
f 5130/4702/5129 664/4703/664 5131/4705/5130
f 1643/4701/1643 2777/4696/2777 124/362/124
f 1643/4701/1643 5129/4700/5128 2777/4696/2777
f 5129/4700/5128 665/4694/665 2777/4696/2777
f 5128/4698/5127 1722/4692/1722 666/4691/666
f 5128/4698/5127 1651/4605/1651 1722/4692/1722
f 1651/4605/1651 131/390/131 1722/4692/1722
f 5126/4695/5125 5128/4698/5127 666/4691/666
f 5126/4695/5125 5127/4697/5126 5128/4698/5127
f 5127/4697/5126 595/4603/595 5128/4698/5127
f 2777/4696/2777 2778/389/2778 124/362/124
f 2777/4696/2777 5126/4695/5125 2778/389/2778
f 5126/4695/5125 666/4691/666 2778/389/2778
f 5125/4693/5124 1723/392/1723 667/4682/667
f 5125/4693/5124 1722/4692/1722 1723/392/1723
f 1722/4692/1722 131/390/131 1723/392/1723
f 5123/4688/5122 5125/4693/5124 667/4682/667
f 5123/4688/5122 5124/4690/5123 5125/4693/5124
f 5124/4690/5123 666/4691/666 5125/4693/5124
f 1644/4689/1644 2779/4684/2779 125/366/125
f 1644/4689/1644 5123/4688/5122 2779/4684/2779
f 5123/4688/5122 667/4682/667 2779/4684/2779
f 5122/4686/5121 1724/4680/1724 668/4679/668
f 5122/4686/5121 1652/4593/1652 1724/4680/1724
f 1652/4593/1652 132/394/132 1724/4680/1724
f 5120/4683/5119 5122/4686/5121 668/4679/668
f 5120/4683/5119 5121/4685/5120 5122/4686/5121
f 5121/4685/5120 596/4591/596 5122/4686/5121
f 2779/4684/2779 2780/393/2780 125/366/125
f 2779/4684/2779 5120/4683/5119 2780/393/2780
f 5120/4683/5119 668/4679/668 2780/393/2780
f 5119/4681/5118 1725/396/1725 669/4670/669
f 5119/4681/5118 1724/4680/1724 1725/396/1725
f 1724/4680/1724 132/394/132 1725/396/1725
f 5117/4676/5116 5119/4681/5118 669/4670/669
f 5117/4676/5116 5118/4678/5117 5119/4681/5118
f 5118/4678/5117 668/4679/668 5119/4681/5118
f 1645/4677/1645 2781/4672/2781 126/370/126
f 1645/4677/1645 5117/4676/5116 2781/4672/2781
f 5117/4676/5116 669/4670/669 2781/4672/2781
f 5116/4674/5115 1726/4668/1726 670/4667/670
f 5116/4674/5115 1653/4581/1653 1726/4668/1726
f 1653/4581/1653 133/398/133 1726/4668/1726
f 5114/4671/5113 5116/4674/5115 670/4667/670
f 5114/4671/5113 5115/4673/5114 5116/4674/5115
f 5115/4673/5114 597/4579/597 5116/4674/5115
f 2781/4672/2781 2782/397/2782 126/370/126
f 2781/4672/2781 5114/4671/5113 2782/397/2782
f 5114/4671/5113 670/4667/670 2782/397/2782
f 5113/4669/5112 1727/400/1727 671/4658/671
f 5113/4669/5112 1726/4668/1726 1727/400/1727
f 1726/4668/1726 133/398/133 1727/400/1727
f 5111/4664/5110 5113/4669/5112 671/4658/671
f 5111/4664/5110 5112/4666/5111 5113/4669/5112
f 5112/4666/5111 670/4667/670 5113/4669/5112
f 1646/4665/1646 2783/4660/2783 127/374/127
f 1646/4665/1646 5111/4664/5110 2783/4660/2783
f 5111/4664/5110 671/4658/671 2783/4660/2783
f 5110/4662/5109 1728/4656/1728 672/4655/672
f 5110/4662/5109 1654/4569/1654 1728/4656/1728
f 1654/4569/1654 134/402/134 1728/4656/1728
f 5108/4659/5107 5110/4662/5109 672/4655/672
f 5108/4659/5107 5109/4661/5108 5110/4662/5109
f 5109/4661/5108 598/4567/598 5110/4662/5109
f 2783/4660/2783 2784/401/2784 127/374/127
f 2783/4660/2783 5108/4659/5107 2784/401/2784
f 5108/4659/5107 672/4655/672 2784/401/2784
f 5107/4657/5106 1729/404/1729 673/4646/673
f 5107/4657/5106 1728/4656/1728 1729/404/1729
f 1728/4656/1728 134/402/134 1729/404/1729
f 5105/4652/5104 5107/4657/5106 673/4646/673
f 5105/4652/5104 5106/4654/5105 5107/4657/5106
f 5106/4654/5105 672/4655/672 5107/4657/5106
f 1640/4653/1640 2785/4648/2785 45/5810/45
f 1640/4653/1640 5105/4652/5104 2785/4648/2785
f 5105/4652/5104 673/4646/673 2785/4648/2785
f 5104/4650/5103 2493/5811/2493 381/5809/381
f 5104/4650/5103 1647/4557/1647 2493/5811/2493
f 1647/4557/1647 44/5806/44 2493/5811/2493
f 5102/4647/5101 5104/4650/5103 381/5809/381
f 5102/4647/5101 5103/4649/5102 5104/4650/5103
f 5103/4649/5102 591/4555/591 5104/4650/5103
f 2785/4648/2785 1437/5808/1437 45/5810/45
f 2785/4648/2785 5102/4647/5101 1437/5808/1437
f 5102/4647/5101 381/5809/381 1437/5808/1437
f 5101/4645/5100 1731/408/1731 675/4634/675
f 5101/4645/5100 1730/4644/1730 1731/408/1731
f 1730/4644/1730 135/406/135 1731/408/1731
f 5099/4640/5098 5101/4645/5100 675/4634/675
f 5099/4640/5098 5100/4642/5099 5101/4645/5100
f 5100/4642/5099 674/4643/674 5101/4645/5100
f 1648/4641/1648 2787/4636/2787 128/378/128
f 1648/4641/1648 5099/4640/5098 2787/4636/2787
f 5099/4640/5098 675/4634/675 2787/4636/2787
f 5098/4638/5097 1732/4632/1732 676/4631/676
f 5098/4638/5097 1657/4533/1657 1732/4632/1732
f 1657/4533/1657 136/410/136 1732/4632/1732
f 5096/4635/5095 5098/4638/5097 676/4631/676
f 5096/4635/5095 5097/4637/5096 5098/4638/5097
f 5097/4637/5096 601/4531/601 5098/4638/5097
f 2787/4636/2787 2788/409/2788 128/378/128
f 2787/4636/2787 5096/4635/5095 2788/409/2788
f 5096/4635/5095 676/4631/676 2788/409/2788
f 5095/4633/5094 1733/412/1733 677/4622/677
f 5095/4633/5094 1732/4632/1732 1733/412/1733
f 1732/4632/1732 136/410/136 1733/412/1733
f 5093/4628/5092 5095/4633/5094 677/4622/677
f 5093/4628/5092 5094/4630/5093 5095/4633/5094
f 5094/4630/5093 676/4631/676 5095/4633/5094
f 1649/4629/1649 2789/4624/2789 129/382/129
f 1649/4629/1649 5093/4628/5092 2789/4624/2789
f 5093/4628/5092 677/4622/677 2789/4624/2789
f 5092/4626/5091 1734/4620/1734 678/4619/678
f 5092/4626/5091 1658/4521/1658 1734/4620/1734
f 1658/4521/1658 137/414/137 1734/4620/1734
f 5090/4623/5089 5092/4626/5091 678/4619/678
f 5090/4623/5089 5091/4625/5090 5092/4626/5091
f 5091/4625/5090 602/4519/602 5092/4626/5091
f 2789/4624/2789 2790/413/2790 129/382/129
f 2789/4624/2789 5090/4623/5089 2790/413/2790
f 5090/4623/5089 678/4619/678 2790/413/2790
f 5089/4621/5088 1735/416/1735 679/4610/679
f 5089/4621/5088 1734/4620/1734 1735/416/1735
f 1734/4620/1734 137/414/137 1735/416/1735
f 5087/4616/5086 5089/4621/5088 679/4610/679
f 5087/4616/5086 5088/4618/5087 5089/4621/5088
f 5088/4618/5087 678/4619/678 5089/4621/5088
f 1650/4617/1650 2791/4612/2791 130/386/130
f 1650/4617/1650 5087/4616/5086 2791/4612/2791
f 5087/4616/5086 679/4610/679 2791/4612/2791
f 5086/4614/5085 1736/4608/1736 680/4607/680
f 5086/4614/5085 1659/4509/1659 1736/4608/1736
f 1659/4509/1659 138/418/138 1736/4608/1736
f 5084/4611/5083 5086/4614/5085 680/4607/680
f 5084/4611/5083 5085/4613/5084 5086/4614/5085
f 5085/4613/5084 603/4507/603 5086/4614/5085
f 2791/4612/2791 2792/417/2792 130/386/130
f 2791/4612/2791 5084/4611/5083 2792/417/2792
f 5084/4611/5083 680/4607/680 2792/417/2792
f 5083/4609/5082 1737/420/1737 681/4598/681
f 5083/4609/5082 1736/4608/1736 1737/420/1737
f 1736/4608/1736 138/418/138 1737/420/1737
f 5081/4604/5080 5083/4609/5082 681/4598/681
f 5081/4604/5080 5082/4606/5081 5083/4609/5082
f 5082/4606/5081 680/4607/680 5083/4609/5082
f 1651/4605/1651 2793/4600/2793 131/390/131
f 1651/4605/1651 5081/4604/5080 2793/4600/2793
f 5081/4604/5080 681/4598/681 2793/4600/2793
f 5080/4602/5079 1738/4596/1738 682/4595/682
f 5080/4602/5079 1660/4497/1660 1738/4596/1738
f 1660/4497/1660 139/422/139 1738/4596/1738
f 5078/4599/5077 5080/4602/5079 682/4595/682
f 5078/4599/5077 5079/4601/5078 5080/4602/5079
f 5079/4601/5078 604/4495/604 5080/4602/5079
f 2793/4600/2793 2794/421/2794 131/390/131
f 2793/4600/2793 5078/4599/5077 2794/421/2794
f 5078/4599/5077 682/4595/682 2794/421/2794
f 5077/4597/5076 1739/424/1739 683/4586/683
f 5077/4597/5076 1738/4596/1738 1739/424/1739
f 1738/4596/1738 139/422/139 1739/424/1739
f 5075/4592/5074 5077/4597/5076 683/4586/683
f 5075/4592/5074 5076/4594/5075 5077/4597/5076
f 5076/4594/5075 682/4595/682 5077/4597/5076
f 1652/4593/1652 2795/4588/2795 132/394/132
f 1652/4593/1652 5075/4592/5074 2795/4588/2795
f 5075/4592/5074 683/4586/683 2795/4588/2795
f 5074/4590/5073 1740/4584/1740 684/4583/684
f 5074/4590/5073 1661/4485/1661 1740/4584/1740
f 1661/4485/1661 140/426/140 1740/4584/1740
f 5072/4587/5071 5074/4590/5073 684/4583/684
f 5072/4587/5071 5073/4589/5072 5074/4590/5073
f 5073/4589/5072 605/4483/605 5074/4590/5073
f 2795/4588/2795 2796/425/2796 132/394/132
f 2795/4588/2795 5072/4587/5071 2796/425/2796
f 5072/4587/5071 684/4583/684 2796/425/2796
f 5071/4585/5070 1741/428/1741 685/4574/685
f 5071/4585/5070 1740/4584/1740 1741/428/1741
f 1740/4584/1740 140/426/140 1741/428/1741
f 5069/4580/5068 5071/4585/5070 685/4574/685
f 5069/4580/5068 5070/4582/5069 5071/4585/5070
f 5070/4582/5069 684/4583/684 5071/4585/5070
f 1653/4581/1653 2797/4576/2797 133/398/133
f 1653/4581/1653 5069/4580/5068 2797/4576/2797
f 5069/4580/5068 685/4574/685 2797/4576/2797
f 5068/4578/5067 1742/4572/1742 686/4571/686
f 5068/4578/5067 1662/4473/1662 1742/4572/1742
f 1662/4473/1662 141/430/141 1742/4572/1742
f 5066/4575/5065 5068/4578/5067 686/4571/686
f 5066/4575/5065 5067/4577/5066 5068/4578/5067
f 5067/4577/5066 606/4471/606 5068/4578/5067
f 2797/4576/2797 2798/429/2798 133/398/133
f 2797/4576/2797 5066/4575/5065 2798/429/2798
f 5066/4575/5065 686/4571/686 2798/429/2798
f 5065/4573/5064 1743/432/1743 687/4562/687
f 5065/4573/5064 1742/4572/1742 1743/432/1743
f 1742/4572/1742 141/430/141 1743/432/1743
f 5063/4568/5062 5065/4573/5064 687/4562/687
f 5063/4568/5062 5064/4570/5063 5065/4573/5064
f 5064/4570/5063 686/4571/686 5065/4573/5064
f 1654/4569/1654 2799/4564/2799 134/402/134
f 1654/4569/1654 5063/4568/5062 2799/4564/2799
f 5063/4568/5062 687/4562/687 2799/4564/2799
f 5062/4566/5061 1744/4560/1744 688/4559/688
f 5062/4566/5061 1663/4461/1663 1744/4560/1744
f 1663/4461/1663 142/434/142 1744/4560/1744
f 5060/4563/5059 5062/4566/5061 688/4559/688
f 5060/4563/5059 5061/4565/5060 5062/4566/5061
f 5061/4565/5060 607/4459/607 5062/4566/5061
f 2799/4564/2799 2800/433/2800 134/402/134
f 2799/4564/2799 5060/4563/5059 2800/433/2800
f 5060/4563/5059 688/4559/688 2800/433/2800
f 5059/4561/5058 1745/436/1745 689/4550/689
f 5059/4561/5058 1744/4560/1744 1745/436/1745
f 1744/4560/1744 142/434/142 1745/436/1745
f 5057/4556/5056 5059/4561/5058 689/4550/689
f 5057/4556/5056 5058/4558/5057 5059/4561/5058
f 5058/4558/5057 688/4559/688 5059/4561/5058
f 1647/4557/1647 2801/4552/2801 44/5806/44
f 1647/4557/1647 5057/4556/5056 2801/4552/2801
f 5057/4556/5056 689/4550/689 2801/4552/2801
f 5056/4554/5055 2492/5807/2492 380/5805/380
f 5056/4554/5055 1655/4449/1655 2492/5807/2492
f 1655/4449/1655 43/5802/43 2492/5807/2492
f 5054/4551/5053 5056/4554/5055 380/5805/380
f 5054/4551/5053 5055/4553/5054 5056/4554/5055
f 5055/4553/5054 599/4447/599 5056/4554/5055
f 2801/4552/2801 1436/5804/1436 44/5806/44
f 2801/4552/2801 5054/4551/5053 1436/5804/1436
f 5054/4551/5053 380/5805/380 1436/5804/1436
f 5053/4549/5052 1747/440/1747 691/4538/691
f 5053/4549/5052 1746/4548/1746 1747/440/1747
f 1746/4548/1746 143/438/143 1747/440/1747
f 5051/4544/5050 5053/4549/5052 691/4538/691
f 5051/4544/5050 5052/4546/5051 5053/4549/5052
f 5052/4546/5051 690/4547/690 5053/4549/5052
f 1656/4545/1656 2803/4540/2803 135/406/135
f 1656/4545/1656 5051/4544/5050 2803/4540/2803
f 5051/4544/5050 691/4538/691 2803/4540/2803
f 5050/4542/5049 1748/4536/1748 692/4535/692
f 5050/4542/5049 1666/4426/1666 1748/4536/1748
f 1666/4426/1666 144/442/144 1748/4536/1748
f 5048/4539/5047 5050/4542/5049 692/4535/692
f 5048/4539/5047 5049/4541/5048 5050/4542/5049
f 5049/4541/5048 610/4424/610 5050/4542/5049
f 2803/4540/2803 2804/441/2804 135/406/135
f 2803/4540/2803 5048/4539/5047 2804/441/2804
f 5048/4539/5047 692/4535/692 2804/441/2804
f 5047/4537/5046 1749/444/1749 693/4526/693
f 5047/4537/5046 1748/4536/1748 1749/444/1749
f 1748/4536/1748 144/442/144 1749/444/1749
f 5045/4532/5044 5047/4537/5046 693/4526/693
f 5045/4532/5044 5046/4534/5045 5047/4537/5046
f 5046/4534/5045 692/4535/692 5047/4537/5046
f 1657/4533/1657 2805/4528/2805 136/410/136
f 1657/4533/1657 5045/4532/5044 2805/4528/2805
f 5045/4532/5044 693/4526/693 2805/4528/2805
f 5044/4530/5043 1750/4524/1750 694/4523/694
f 5044/4530/5043 1667/4416/1667 1750/4524/1750
f 1667/4416/1667 145/446/145 1750/4524/1750
f 5042/4527/5041 5044/4530/5043 694/4523/694
f 5042/4527/5041 5043/4529/5042 5044/4530/5043
f 5043/4529/5042 611/4414/611 5044/4530/5043
f 2805/4528/2805 2806/445/2806 136/410/136
f 2805/4528/2805 5042/4527/5041 2806/445/2806
f 5042/4527/5041 694/4523/694 2806/445/2806
f 5041/4525/5040 1751/448/1751 695/4514/695
f 5041/4525/5040 1750/4524/1750 1751/448/1751
f 1750/4524/1750 145/446/145 1751/448/1751
f 5039/4520/5038 5041/4525/5040 695/4514/695
f 5039/4520/5038 5040/4522/5039 5041/4525/5040
f 5040/4522/5039 694/4523/694 5041/4525/5040
f 1658/4521/1658 2807/4516/2807 137/414/137
f 1658/4521/1658 5039/4520/5038 2807/4516/2807
f 5039/4520/5038 695/4514/695 2807/4516/2807
f 5038/4518/5037 1752/4512/1752 696/4511/696
f 5038/4518/5037 1668/4405/1668 1752/4512/1752
f 1668/4405/1668 146/450/146 1752/4512/1752
f 5036/4515/5035 5038/4518/5037 696/4511/696
f 5036/4515/5035 5037/4517/5036 5038/4518/5037
f 5037/4517/5036 612/4403/612 5038/4518/5037
f 2807/4516/2807 2808/449/2808 137/414/137
f 2807/4516/2807 5036/4515/5035 2808/449/2808
f 5036/4515/5035 696/4511/696 2808/449/2808
f 5035/4513/5034 1753/452/1753 697/4502/697
f 5035/4513/5034 1752/4512/1752 1753/452/1753
f 1752/4512/1752 146/450/146 1753/452/1753
f 5033/4508/5032 5035/4513/5034 697/4502/697
f 5033/4508/5032 5034/4510/5033 5035/4513/5034
f 5034/4510/5033 696/4511/696 5035/4513/5034
f 1659/4509/1659 2809/4504/2809 138/418/138
f 1659/4509/1659 5033/4508/5032 2809/4504/2809
f 5033/4508/5032 697/4502/697 2809/4504/2809
f 5032/4506/5031 1754/4500/1754 698/4499/698
f 5032/4506/5031 1669/4393/1669 1754/4500/1754
f 1669/4393/1669 147/454/147 1754/4500/1754
f 5030/4503/5029 5032/4506/5031 698/4499/698
f 5030/4503/5029 5031/4505/5030 5032/4506/5031
f 5031/4505/5030 613/4391/613 5032/4506/5031
f 2809/4504/2809 2810/453/2810 138/418/138
f 2809/4504/2809 5030/4503/5029 2810/453/2810
f 5030/4503/5029 698/4499/698 2810/453/2810
f 5029/4501/5028 1755/456/1755 699/4490/699
f 5029/4501/5028 1754/4500/1754 1755/456/1755
f 1754/4500/1754 147/454/147 1755/456/1755
f 5027/4496/5026 5029/4501/5028 699/4490/699
f 5027/4496/5026 5028/4498/5027 5029/4501/5028
f 5028/4498/5027 698/4499/698 5029/4501/5028
f 1660/4497/1660 2811/4492/2811 139/422/139
f 1660/4497/1660 5027/4496/5026 2811/4492/2811
f 5027/4496/5026 699/4490/699 2811/4492/2811
f 5026/4494/5025 1756/4488/1756 700/4487/700
f 5026/4494/5025 1670/4383/1670 1756/4488/1756
f 1670/4383/1670 148/458/148 1756/4488/1756
f 5024/4491/5023 5026/4494/5025 700/4487/700
f 5024/4491/5023 5025/4493/5024 5026/4494/5025
f 5025/4493/5024 614/4381/614 5026/4494/5025
f 2811/4492/2811 2812/457/2812 139/422/139
f 2811/4492/2811 5024/4491/5023 2812/457/2812
f 5024/4491/5023 700/4487/700 2812/457/2812
f 5023/4489/5022 1757/460/1757 701/4478/701
f 5023/4489/5022 1756/4488/1756 1757/460/1757
f 1756/4488/1756 148/458/148 1757/460/1757
f 5021/4484/5020 5023/4489/5022 701/4478/701
f 5021/4484/5020 5022/4486/5021 5023/4489/5022
f 5022/4486/5021 700/4487/700 5023/4489/5022
f 1661/4485/1661 2813/4480/2813 140/426/140
f 1661/4485/1661 5021/4484/5020 2813/4480/2813
f 5021/4484/5020 701/4478/701 2813/4480/2813
f 5020/4482/5019 1758/4476/1758 702/4475/702
f 5020/4482/5019 1671/4371/1671 1758/4476/1758
f 1671/4371/1671 149/462/149 1758/4476/1758
f 5018/4479/5017 5020/4482/5019 702/4475/702
f 5018/4479/5017 5019/4481/5018 5020/4482/5019
f 5019/4481/5018 615/4369/615 5020/4482/5019
f 2813/4480/2813 2814/461/2814 140/426/140
f 2813/4480/2813 5018/4479/5017 2814/461/2814
f 5018/4479/5017 702/4475/702 2814/461/2814
f 5017/4477/5016 1759/464/1759 703/4466/703
f 5017/4477/5016 1758/4476/1758 1759/464/1759
f 1758/4476/1758 149/462/149 1759/464/1759
f 5015/4472/5014 5017/4477/5016 703/4466/703
f 5015/4472/5014 5016/4474/5015 5017/4477/5016
f 5016/4474/5015 702/4475/702 5017/4477/5016
f 1662/4473/1662 2815/4468/2815 141/430/141
f 1662/4473/1662 5015/4472/5014 2815/4468/2815
f 5015/4472/5014 703/4466/703 2815/4468/2815
f 5014/4470/5013 1760/4464/1760 704/4463/704
f 5014/4470/5013 1672/4358/1672 1760/4464/1760
f 1672/4358/1672 150/466/150 1760/4464/1760
f 5012/4467/5011 5014/4470/5013 704/4463/704
f 5012/4467/5011 5013/4469/5012 5014/4470/5013
f 5013/4469/5012 616/4356/616 5014/4470/5013
f 2815/4468/2815 2816/465/2816 141/430/141
f 2815/4468/2815 5012/4467/5011 2816/465/2816
f 5012/4467/5011 704/4463/704 2816/465/2816
f 5011/4465/5010 1761/468/1761 705/4454/705
f 5011/4465/5010 1760/4464/1760 1761/468/1761
f 1760/4464/1760 150/466/150 1761/468/1761
f 5009/4460/5008 5011/4465/5010 705/4454/705
f 5009/4460/5008 5010/4462/5009 5011/4465/5010
f 5010/4462/5009 704/4463/704 5011/4465/5010
f 1663/4461/1663 2817/4456/2817 142/434/142
f 1663/4461/1663 5009/4460/5008 2817/4456/2817
f 5009/4460/5008 705/4454/705 2817/4456/2817
f 5008/4458/5007 1762/4452/1762 706/4451/706
f 5008/4458/5007 1673/4347/1673 1762/4452/1762
f 1673/4347/1673 151/470/151 1762/4452/1762
f 5006/4455/5005 5008/4458/5007 706/4451/706
f 5006/4455/5005 5007/4457/5006 5008/4458/5007
f 5007/4457/5006 617/4345/617 5008/4458/5007
f 2817/4456/2817 2818/469/2818 142/434/142
f 2817/4456/2817 5006/4455/5005 2818/469/2818
f 5006/4455/5005 706/4451/706 2818/469/2818
f 5005/4453/5004 1763/472/1763 707/4442/707
f 5005/4453/5004 1762/4452/1762 1763/472/1763
f 1762/4452/1762 151/470/151 1763/472/1763
f 5003/4448/5002 5005/4453/5004 707/4442/707
f 5003/4448/5002 5004/4450/5003 5005/4453/5004
f 5004/4450/5003 706/4451/706 5005/4453/5004
f 1655/4449/1655 2819/4444/2819 43/5802/43
f 1655/4449/1655 5003/4448/5002 2819/4444/2819
f 5003/4448/5002 707/4442/707 2819/4444/2819
f 5002/4446/5001 2491/5803/2491 379/5801/379
f 5002/4446/5001 1664/4336/1664 2491/5803/2491
f 1664/4336/1664 42/5779/42 2491/5803/2491
f 5000/4443/4999 5002/4446/5001 379/5801/379
f 5000/4443/4999 5001/4445/5000 5002/4446/5001
f 5001/4445/5000 608/4334/608 5002/4446/5001
f 2819/4444/2819 1435/5800/1435 43/5802/43
f 2819/4444/2819 5000/4443/4999 1435/5800/1435
f 5000/4443/4999 379/5801/379 1435/5800/1435
f 4999/4441/4998 1765/1234/1765 709/4431/709
f 4999/4441/4998 1764/2259/1764 1765/1234/1765
f 5890/5776/5889 5891/5840/5890 2427/5841/2427
f 4997/4437/4996 4999/4441/4998 709/4431/709
f 4997/4437/4996 4998/4439/4997 4999/4441/4998
f 4998/4439/4997 708/4440/708 4999/4441/4998
f 1665/4438/1665 2821/4433/2821 143/438/143
f 1665/4438/1665 4997/4437/4996 2821/4433/2821
f 4997/4437/4996 709/4431/709 2821/4433/2821
f 4996/5707/4995 1766/4429/1766 710/4428/710
f 5905/5842/5904 2435/5843/2435 2434/1549/2434
f 5891/5840/5890 5892/478/5891 3549/1590/3549
f 4994/4432/4993 4996/5707/4995 710/4428/710
f 4994/4432/4993 4995/1233/4994 4996/5707/4995
f 5825/1245/5824 1775/5745/1775 1774/1246/1774
f 2821/4433/2821 2822/477/2822 143/438/143
f 2821/4433/2821 4994/4432/4993 2822/477/2822
f 4994/4432/4993 710/4428/710 2822/477/2822
f 4993/4430/4992 1767/5704/1767 711/4421/711
f 4993/4430/4992 1766/4429/1766 1767/5704/1767
f 5783/1554/5782 5784/5844/5783 4612/5845/4612
f 4991/4425/4990 4993/4430/4992 711/4421/711
f 4991/4425/4990 4992/4427/4991 4993/4430/4992
f 4992/4427/4991 710/4428/710 4993/4430/4992
f 1666/4426/1666 2823/4423/2823 144/442/144
f 1666/4426/1666 4991/4425/4990 2823/4423/2823
f 4991/4425/4990 711/4421/711 2823/4423/2823
f 4990/5703/4989 1768/4419/1768 712/4418/712
f 5906/5763/5905 3525/1540/3525 2435/5843/2435
f 5786/5846/5785 5787/5847/5786 4605/3676/4605
f 4988/4422/4987 4990/5703/4989 712/4418/712
f 4988/4422/4987 4989/2273/4988 4990/5703/4989
f 5828/5848/5827 1776/4374/1776 4966/4435/4965
f 2823/4423/2823 2824/481/2824 144/442/144
f 2823/4423/2823 4988/4422/4987 2824/481/2824
f 4988/4422/4987 712/4418/712 2824/481/2824
f 4987/4420/4986 1769/2285/1769 713/4410/713
f 4987/4420/4986 1768/4419/1768 1769/2285/1769
f 5789/5849/5788 5790/5850/5789 1942/5851/1942
f 4985/4415/4984 4987/4420/4986 713/4410/713
f 4985/4415/4984 4986/4417/4985 4987/4420/4986
f 4986/4417/4985 712/4418/712 4987/4420/4986
f 1667/4416/1667 2825/4412/2825 145/446/145
f 1667/4416/1667 4985/4415/4984 2825/4412/2825
f 4985/4415/4984 713/4410/713 2825/4412/2825
f 4984/5697/4983 1770/4408/1770 714/4407/714
f 5907/5749/5906 3526/5751/3526 3525/1540/3525
f 5792/3006/5791 5793/1504/5792 1943/3659/1943
f 4982/4411/4981 4984/5697/4983 714/4407/714
f 4982/4411/4981 4983/2284/4982 4984/5697/4983
f 5831/2308/5830 4960/5757/4959 4959/2309/4958
f 2825/4412/2825 2826/485/2826 145/446/145
f 2825/4412/2825 4982/4411/4981 2826/485/2826
f 4982/4411/4981 714/4407/714 2826/485/2826
f 4981/4409/4980 1771/5852/1771 715/4397/715
f 4981/4409/4980 1770/4408/1770 1771/5852/1771
f 5895/5853/5894 3543/1577/3543 2429/483/2429
f 4979/4404/4978 4981/4409/4980 715/4397/715
f 4979/4404/4978 4980/4406/4979 4981/4409/4980
f 4980/4406/4979 714/4407/714 4981/4409/4980
f 1668/4405/1668 2827/4399/2827 146/450/146
f 1668/4405/1668 4979/4404/4978 2827/4399/2827
f 4979/4404/4978 715/4397/715 2827/4399/2827
f 4978/2296/4977 1772/1012/1772 716/4395/716
f 5908/5750/5907 2436/1535/2436 3526/5751/3526
f 5717/5782/5716 2276/5722/2276 2275/491/2275
f 4976/4398/4975 4978/2296/4977 716/4395/716
f 4976/4398/4975 4977/2297/4976 4978/2296/4977
f 5834/1447/5833 1779/1449/1779 5833/4413/5832
f 2827/4399/2827 2828/489/2828 146/450/146
f 2827/4399/2827 4976/4398/4975 2828/489/2828
f 4976/4398/4975 716/4395/716 2828/489/2828
f 4975/4396/4974 1773/1011/1773 717/4387/717
f 4975/4396/4974 1772/1012/1772 1773/1011/1773
f 5796/1491/5795 1945/1490/1945 4594/487/4594
f 4973/4392/4972 4975/4396/4974 717/4387/717
f 4973/4392/4972 4974/4394/4973 4975/4396/4974
f 4974/4394/4973 716/4395/716 4975/4396/4974
f 1669/4393/1669 2829/4389/2829 147/454/147
f 1669/4393/1669 4973/4392/4972 2829/4389/2829
f 4973/4392/4972 717/4387/717 2829/4389/2829
f 4972/5854/4971 1774/1246/1774 718/4385/718
f 5909/5855/5908 2437/5856/2437 2436/1535/2436
f 5715/5857/5714 3874/492/3874 3873/495/3873
f 4970/4388/4969 4972/5854/4971 718/4385/718
f 4970/4388/4969 4971/2223/4970 4972/5854/4971
f 5837/998/5836 1780/4350/1780 5836/4400/5835
f 2829/4389/2829 2830/493/2830 147/454/147
f 2829/4389/2829 4970/4388/4969 2830/493/2830
f 4970/4388/4969 718/4385/718 2830/493/2830
f 4969/4386/4968 1775/5745/1775 719/4376/719
f 4969/4386/4968 1774/1246/1774 1775/5745/1775
f 5790/5850/5789 5791/1514/5790 4599/1516/4599
f 4967/4382/4966 4969/4386/4968 719/4376/719
f 4967/4382/4966 4968/4384/4967 4969/4386/4968
f 4968/4384/4967 718/4385/718 4969/4386/4968
f 1670/4383/1670 2831/4378/2831 148/458/148
f 1670/4383/1670 4967/4382/4966 2831/4378/2831
f 4967/4382/4966 719/4376/719 2831/4378/2831
f 4966/4435/4965 1776/4374/1776 720/4373/720
f 5910/1451/5909 3519/1453/3519 2437/5856/2437
f 5787/5847/5786 5788/1527/5787 4606/1529/4606
f 4964/4377/4963 4966/4435/4965 720/4373/720
f 4964/4377/4963 4965/4379/4964 4966/4435/4965
f 5839/5858/5838 1782/4339/1782 4948/4390/4947
f 2831/4378/2831 2832/497/2832 148/458/148
f 2831/4378/2831 4964/4377/4963 2832/497/2832
f 4964/4377/4963 720/4373/720 2832/497/2832
f 4963/4375/4962 1777/1008/1777 721/4363/721
f 4963/4375/4962 1776/4374/1776 1777/1008/1777
f 5784/5844/5783 5785/1541/5784 1939/1543/1939
f 4961/4370/4960 4963/4375/4962 721/4363/721
f 4961/4370/4960 4962/4372/4961 4963/4375/4962
f 4962/4372/4961 720/4373/720 4963/4375/4962
f 1671/4371/1671 2833/4365/2833 149/462/149
f 1671/4371/1671 4961/4370/4960 2833/4365/2833
f 4961/4370/4960 721/4363/721 2833/4365/2833
f 4960/5757/4959 1778/4361/1778 722/4360/722
f 5911/1452/5910 3520/5859/3520 3519/1453/3519
f 5782/1556/5781 1938/1555/1938 1937/475/1937
f 4958/4364/4957 4960/5757/4959 722/4360/722
f 4958/4364/4957 4959/2309/4958 4960/5757/4959
f 5842/1455/5841 4942/1457/4941 4941/2320/4940
f 2833/4365/2833 2834/501/2834 149/462/149
f 2833/4365/2833 4958/4364/4957 2834/501/2834
f 4958/4364/4957 722/4360/722 2834/501/2834
f 4957/4362/4956 1779/1449/1779 723/4352/723
f 4957/4362/4956 1778/4361/1778 1779/1449/1779
f 5711/5860/5710 5712/498/5711 3880/5861/3880
f 4955/4357/4954 4957/4362/4956 723/4352/723
f 4955/4357/4954 4956/4359/4955 4957/4362/4956
f 4956/4359/4955 722/4360/722 4957/4362/4956
f 1672/4358/1672 2835/4354/2835 150/466/150
f 1672/4358/1672 4955/4357/4954 2835/4354/2835
f 4955/4357/4954 723/4352/723 2835/4354/2835
f 4954/4401/4953 1780/4350/1780 724/4349/724
f 5912/5862/5911 2438/1522/2438 3520/5859/3520
f 5710/507/5709 5711/5860/5710 3879/2244/3879
f 4952/4353/4951 4954/4401/4953 724/4349/724
f 4952/4353/4951 4953/1448/4952 4954/4401/4953
f 5845/5863/5844 5657/5780/5656 5844/4366/5843
f 2835/4354/2835 2836/505/2836 150/466/150
f 2835/4354/2835 4952/4353/4951 2836/505/2836
f 4952/4353/4951 724/4349/724 2836/505/2836
f 4951/4351/4950 1781/5864/1781 725/4341/725
f 4951/4351/4950 1780/4350/1780 1781/5864/1781
f 5776/1580/5775 4624/1579/4624 4623/29/4623
f 4949/4346/4948 4951/4351/4950 725/4341/725
f 4949/4346/4948 4950/4348/4949 4951/4351/4950
f 4950/4348/4949 724/4349/724 4951/4351/4950
f 1673/4347/1673 2837/4343/2837 151/470/151
f 1673/4347/1673 4949/4346/4948 2837/4343/2837
f 4949/4346/4948 725/4341/725 2837/4343/2837
f 4948/4390/4947 1782/4339/1782 726/4338/726
f 5913/5865/5912 2439/5866/2439 2438/1522/2438
f 5708/5867/5707 5709/506/5708 2271/2253/2271
f 4946/4342/4945 4948/4390/4947 726/4338/726
f 4946/4342/4945 4947/1000/4946 4948/4390/4947
f 5848/1459/5847 2565/1461/2565 5847/4355/5846
f 2837/4343/2837 2838/509/2838 151/470/151
f 2837/4343/2837 4946/4342/4945 2838/509/2838
f 4946/4342/4945 726/4338/726 2838/509/2838
f 4945/4340/4944 1783/4380/1783 727/4330/727
f 4945/4340/4944 1782/4339/1782 1783/4380/1783
f 5770/184/5769 5771/1604/5770 1932/1606/1932
f 4943/4335/4942 4945/4340/4944 727/4330/727
f 4943/4335/4942 4944/4337/4943 4945/4340/4944
f 4944/4337/4943 726/4338/726 4945/4340/4944
f 1664/4336/1664 2839/4332/2839 42/5779/42
f 1664/4336/1664 4943/4335/4942 2839/4332/2839
f 4943/4335/4942 727/4330/727 2839/4332/2839
f 4942/1457/4941 2490/4367/2490 378/5778/378
f 5914/5868/5913 2439/5866/2439 5913/5865/5912
f 4940/4331/4939 4942/1457/4941 378/5778/378
f 4940/4331/4939 4941/2320/4940 4942/1457/4941
f 5850/2921/5849 2567/5785/2567 2512/2922/2512
f 2839/4332/2839 1434/5777/1434 42/5779/42
f 2839/4332/2839 4940/4331/4939 1434/5777/1434
f 4940/4331/4939 378/5778/378 1434/5777/1434
f 4939/4329/4938 2449/265/2449 337/5027/337
f 4939/4329/4938 1784/4275/1784 2449/265/2449
f 1784/4275/1784 61/263/61 2449/265/2449
f 4937/4326/4936 4939/4329/4938 337/5027/337
f 4937/4326/4936 4938/4328/4937 4939/4329/4938
f 4938/4328/4937 728/4273/728 4939/4329/4938
f 1389/4327/1389 1393/5029/1393 1/5838/1
f 1389/4327/1389 4937/4326/4936 1393/5029/1393
f 4937/4326/4936 337/5027/337 1393/5029/1393
f 4936/4324/4935 1839/4278/1839 783/4277/783
f 4936/4324/4935 1786/4263/1786 1839/4278/1839
f 1786/4263/1786 152/544/152 1839/4278/1839
f 4934/4321/4933 4936/4324/4935 783/4277/783
f 4934/4321/4933 4935/4323/4934 4936/4324/4935
f 4935/4323/4934 730/4261/730 4936/4324/4935
f 1413/4322/1413 2895/543/2895 21/513/21
f 1413/4322/1413 4934/4321/4933 2895/543/2895
f 4934/4321/4933 783/4277/783 2895/543/2895
f 4933/4319/4932 1841/4266/1841 785/4265/785
f 4933/4319/4932 1788/4239/1788 1841/4266/1841
f 1788/4239/1788 153/548/153 1841/4266/1841
f 4931/4316/4930 4933/4319/4932 785/4265/785
f 4931/4316/4930 4932/4318/4931 4933/4319/4932
f 4932/4318/4931 732/4237/732 4933/4319/4932
f 1412/4317/1412 2897/547/2897 20/516/20
f 1412/4317/1412 4931/4316/4930 2897/547/2897
f 4931/4316/4930 785/4265/785 2897/547/2897
f 4930/4314/4929 1845/4242/1845 789/4241/789
f 4930/4314/4929 1791/4203/1791 1845/4242/1845
f 1791/4203/1791 155/556/155 1845/4242/1845
f 4928/4311/4927 4930/4314/4929 789/4241/789
f 4928/4311/4927 4929/4313/4928 4930/4314/4929
f 4929/4313/4928 735/4201/735 4930/4314/4929
f 1411/4312/1411 2901/555/2901 19/519/19
f 1411/4312/1411 4928/4311/4927 2901/555/2901
f 4928/4311/4927 789/4241/789 2901/555/2901
f 4927/4309/4926 1851/4206/1851 795/4205/795
f 4927/4309/4926 1795/4155/1795 1851/4206/1851
f 1795/4155/1795 158/568/158 1851/4206/1851
f 4925/4306/4924 4927/4309/4926 795/4205/795
f 4925/4306/4924 4926/4308/4925 4927/4309/4926
f 4926/4308/4925 739/4153/739 4927/4309/4926
f 1410/4307/1410 2907/567/2907 18/522/18
f 1410/4307/1410 4925/4306/4924 2907/567/2907
f 4925/4306/4924 795/4205/795 2907/567/2907
f 4924/4304/4923 1859/4158/1859 803/4157/803
f 4924/4304/4923 1800/4095/1800 1859/4158/1859
f 1800/4095/1800 162/584/162 1859/4158/1859
f 4922/4301/4921 4924/4304/4923 803/4157/803
f 4922/4301/4921 4923/4303/4922 4924/4304/4923
f 4923/4303/4922 744/4093/744 4924/4304/4923
f 1409/4302/1409 2915/583/2915 17/525/17
f 1409/4302/1409 4922/4301/4921 2915/583/2915
f 4922/4301/4921 803/4157/803 2915/583/2915
f 4921/4299/4920 1869/4098/1869 813/4097/813
f 4921/4299/4920 1806/4023/1806 1869/4098/1869
f 1806/4023/1806 167/604/167 1869/4098/1869
f 4919/4296/4918 4921/4299/4920 813/4097/813
f 4919/4296/4918 4920/4298/4919 4921/4299/4920
f 4920/4298/4919 750/4021/750 4921/4299/4920
f 1408/4297/1408 2925/603/2925 16/528/16
f 1408/4297/1408 4919/4296/4918 2925/603/2925
f 4919/4296/4918 813/4097/813 2925/603/2925
f 4918/4294/4917 1881/4026/1881 825/4025/825
f 4918/4294/4917 1813/3939/1813 1881/4026/1881
f 1813/3939/1813 173/628/173 1881/4026/1881
f 4916/4291/4915 4918/4294/4917 825/4025/825
f 4916/4291/4915 4917/4293/4916 4918/4294/4917
f 4917/4293/4916 757/3937/757 4918/4294/4917
f 1407/4292/1407 2937/627/2937 15/531/15
f 1407/4292/1407 4916/4291/4915 2937/627/2937
f 4916/4291/4915 825/4025/825 2937/627/2937
f 4915/4289/4914 1895/3942/1895 839/3941/839
f 4915/4289/4914 1821/3843/1821 1895/3942/1895
f 1821/3843/1821 180/656/180 1895/3942/1895
f 4913/4286/4912 4915/4289/4914 839/3941/839
f 4913/4286/4912 4914/4288/4913 4915/4289/4914
f 4914/4288/4913 765/3841/765 4915/4289/4914
f 1406/4287/1406 2951/655/2951 14/534/14
f 1406/4287/1406 4913/4286/4912 2951/655/2951
f 4913/4286/4912 839/3941/839 2951/655/2951
f 4912/4284/4911 1911/3846/1911 855/3845/855
f 4912/4284/4911 1830/3736/1830 1911/3846/1911
f 1830/3736/1830 188/688/188 1911/3846/1911
f 4910/4281/4909 4912/4284/4911 855/3845/855
f 4910/4281/4909 4911/4283/4910 4912/4284/4911
f 4911/4283/4910 774/3734/774 4912/4284/4911
f 1405/4282/1405 2967/687/2967 13/537/13
f 1405/4282/1405 4910/4281/4909 2967/687/2967
f 4910/4281/4909 855/3845/855 2967/687/2967
f 4909/4279/4908 1840/546/1840 784/4268/784
f 4909/4279/4908 1839/4278/1839 1840/546/1840
f 1839/4278/1839 152/544/152 1840/546/1840
f 4907/4274/4906 4909/4279/4908 784/4268/784
f 4907/4274/4906 4908/4276/4907 4909/4279/4908
f 4908/4276/4907 783/4277/783 4909/4279/4908
f 1784/4275/1784 2896/4270/2896 61/263/61
f 1784/4275/1784 4907/4274/4906 2896/4270/2896
f 4907/4274/4906 784/4268/784 2896/4270/2896
f 4906/4272/4905 2509/268/2509 397/5022/397
f 4906/4272/4905 1785/4251/1785 2509/268/2509
f 1785/4251/1785 60/266/60 2509/268/2509
f 4904/4269/4903 4906/4272/4905 397/5022/397
f 4904/4269/4903 4905/4271/4904 4906/4272/4905
f 4905/4271/4904 729/4249/729 4906/4272/4905
f 2896/4270/2896 1453/5024/1453 61/263/61
f 2896/4270/2896 4904/4269/4903 1453/5024/1453
f 4904/4269/4903 397/5022/397 1453/5024/1453
f 4903/4267/4902 1842/550/1842 786/4256/786
f 4903/4267/4902 1841/4266/1841 1842/550/1842
f 1841/4266/1841 153/548/153 1842/550/1842
f 4901/4262/4900 4903/4267/4902 786/4256/786
f 4901/4262/4900 4902/4264/4901 4903/4267/4902
f 4902/4264/4901 785/4265/785 4903/4267/4902
f 1786/4263/1786 2898/4258/2898 152/544/152
f 1786/4263/1786 4901/4262/4900 2898/4258/2898
f 4901/4262/4900 786/4256/786 2898/4258/2898
f 4900/4260/4899 1843/4254/1843 787/4253/787
f 4900/4260/4899 1789/4227/1789 1843/4254/1843
f 1789/4227/1789 154/552/154 1843/4254/1843
f 4898/4257/4897 4900/4260/4899 787/4253/787
f 4898/4257/4897 4899/4259/4898 4900/4260/4899
f 4899/4259/4898 733/4225/733 4900/4260/4899
f 2898/4258/2898 2899/551/2899 152/544/152
f 2898/4258/2898 4898/4257/4897 2899/551/2899
f 4898/4257/4897 787/4253/787 2899/551/2899
f 4897/4255/4896 1844/554/1844 788/4244/788
f 4897/4255/4896 1843/4254/1843 1844/554/1844
f 1843/4254/1843 154/552/154 1844/554/1844
f 4895/4250/4894 4897/4255/4896 788/4244/788
f 4895/4250/4894 4896/4252/4895 4897/4255/4896
f 4896/4252/4895 787/4253/787 4897/4255/4896
f 1785/4251/1785 2900/4246/2900 60/266/60
f 1785/4251/1785 4895/4250/4894 2900/4246/2900
f 4895/4250/4894 788/4244/788 2900/4246/2900
f 4894/4248/4893 2508/271/2508 396/5017/396
f 4894/4248/4893 1787/4215/1787 2508/271/2508
f 1787/4215/1787 59/269/59 2508/271/2508
f 4892/4245/4891 4894/4248/4893 396/5017/396
f 4892/4245/4891 4893/4247/4892 4894/4248/4893
f 4893/4247/4892 731/4213/731 4894/4248/4893
f 2900/4246/2900 1452/5019/1452 60/266/60
f 2900/4246/2900 4892/4245/4891 1452/5019/1452
f 4892/4245/4891 396/5017/396 1452/5019/1452
f 4891/4243/4890 1846/558/1846 790/4232/790
f 4891/4243/4890 1845/4242/1845 1846/558/1846
f 1845/4242/1845 155/556/155 1846/558/1846
f 4889/4238/4888 4891/4243/4890 790/4232/790
f 4889/4238/4888 4890/4240/4889 4891/4243/4890
f 4890/4240/4889 789/4241/789 4891/4243/4890
f 1788/4239/1788 2902/4234/2902 153/548/153
f 1788/4239/1788 4889/4238/4888 2902/4234/2902
f 4889/4238/4888 790/4232/790 2902/4234/2902
f 4888/4236/4887 1847/4230/1847 791/4229/791
f 4888/4236/4887 1792/4191/1792 1847/4230/1847
f 1792/4191/1792 156/560/156 1847/4230/1847
f 4886/4233/4885 4888/4236/4887 791/4229/791
f 4886/4233/4885 4887/4235/4886 4888/4236/4887
f 4887/4235/4886 736/4189/736 4888/4236/4887
f 2902/4234/2902 2903/559/2903 153/548/153
f 2902/4234/2902 4886/4233/4885 2903/559/2903
f 4886/4233/4885 791/4229/791 2903/559/2903
f 4885/4231/4884 1848/562/1848 792/4220/792
f 4885/4231/4884 1847/4230/1847 1848/562/1848
f 1847/4230/1847 156/560/156 1848/562/1848
f 4883/4226/4882 4885/4231/4884 792/4220/792
f 4883/4226/4882 4884/4228/4883 4885/4231/4884
f 4884/4228/4883 791/4229/791 4885/4231/4884
f 1789/4227/1789 2904/4222/2904 154/552/154
f 1789/4227/1789 4883/4226/4882 2904/4222/2904
f 4883/4226/4882 792/4220/792 2904/4222/2904
f 4882/4224/4881 1849/4218/1849 793/4217/793
f 4882/4224/4881 1793/4179/1793 1849/4218/1849
f 1793/4179/1793 157/564/157 1849/4218/1849
f 4880/4221/4879 4882/4224/4881 793/4217/793
f 4880/4221/4879 4881/4223/4880 4882/4224/4881
f 4881/4223/4880 737/4177/737 4882/4224/4881
f 2904/4222/2904 2905/563/2905 154/552/154
f 2904/4222/2904 4880/4221/4879 2905/563/2905
f 4880/4221/4879 793/4217/793 2905/563/2905
f 4879/4219/4878 1850/566/1850 794/4208/794
f 4879/4219/4878 1849/4218/1849 1850/566/1850
f 1849/4218/1849 157/564/157 1850/566/1850
f 4877/4214/4876 4879/4219/4878 794/4208/794
f 4877/4214/4876 4878/4216/4877 4879/4219/4878
f 4878/4216/4877 793/4217/793 4879/4219/4878
f 1787/4215/1787 2906/4210/2906 59/269/59
f 1787/4215/1787 4877/4214/4876 2906/4210/2906
f 4877/4214/4876 794/4208/794 2906/4210/2906
f 4876/4212/4875 2507/274/2507 395/5012/395
f 4876/4212/4875 1790/4167/1790 2507/274/2507
f 1790/4167/1790 58/272/58 2507/274/2507
f 4874/4209/4873 4876/4212/4875 395/5012/395
f 4874/4209/4873 4875/4211/4874 4876/4212/4875
f 4875/4211/4874 734/4165/734 4876/4212/4875
f 2906/4210/2906 1451/5014/1451 59/269/59
f 2906/4210/2906 4874/4209/4873 1451/5014/1451
f 4874/4209/4873 395/5012/395 1451/5014/1451
f 4873/4207/4872 1852/570/1852 796/4196/796
f 4873/4207/4872 1851/4206/1851 1852/570/1852
f 1851/4206/1851 158/568/158 1852/570/1852
f 4871/4202/4870 4873/4207/4872 796/4196/796
f 4871/4202/4870 4872/4204/4871 4873/4207/4872
f 4872/4204/4871 795/4205/795 4873/4207/4872
f 1791/4203/1791 2908/4198/2908 155/556/155
f 1791/4203/1791 4871/4202/4870 2908/4198/2908
f 4871/4202/4870 796/4196/796 2908/4198/2908
f 4870/4200/4869 1853/4194/1853 797/4193/797
f 4870/4200/4869 1796/4143/1796 1853/4194/1853
f 1796/4143/1796 159/572/159 1853/4194/1853
f 4868/4197/4867 4870/4200/4869 797/4193/797
f 4868/4197/4867 4869/4199/4868 4870/4200/4869
f 4869/4199/4868 740/4141/740 4870/4200/4869
f 2908/4198/2908 2909/571/2909 155/556/155
f 2908/4198/2908 4868/4197/4867 2909/571/2909
f 4868/4197/4867 797/4193/797 2909/571/2909
f 4867/4195/4866 1854/574/1854 798/4184/798
f 4867/4195/4866 1853/4194/1853 1854/574/1854
f 1853/4194/1853 159/572/159 1854/574/1854
f 4865/4190/4864 4867/4195/4866 798/4184/798
f 4865/4190/4864 4866/4192/4865 4867/4195/4866
f 4866/4192/4865 797/4193/797 4867/4195/4866
f 1792/4191/1792 2910/4186/2910 156/560/156
f 1792/4191/1792 4865/4190/4864 2910/4186/2910
f 4865/4190/4864 798/4184/798 2910/4186/2910
f 4864/4188/4863 1855/4182/1855 799/4181/799
f 4864/4188/4863 1797/4131/1797 1855/4182/1855
f 1797/4131/1797 160/576/160 1855/4182/1855
f 4862/4185/4861 4864/4188/4863 799/4181/799
f 4862/4185/4861 4863/4187/4862 4864/4188/4863
f 4863/4187/4862 741/4129/741 4864/4188/4863
f 2910/4186/2910 2911/575/2911 156/560/156
f 2910/4186/2910 4862/4185/4861 2911/575/2911
f 4862/4185/4861 799/4181/799 2911/575/2911
f 4861/4183/4860 1856/578/1856 800/4172/800
f 4861/4183/4860 1855/4182/1855 1856/578/1856
f 1855/4182/1855 160/576/160 1856/578/1856
f 4859/4178/4858 4861/4183/4860 800/4172/800
f 4859/4178/4858 4860/4180/4859 4861/4183/4860
f 4860/4180/4859 799/4181/799 4861/4183/4860
f 1793/4179/1793 2912/4174/2912 157/564/157
f 1793/4179/1793 4859/4178/4858 2912/4174/2912
f 4859/4178/4858 800/4172/800 2912/4174/2912
f 4858/4176/4857 1857/4170/1857 801/4169/801
f 4858/4176/4857 1798/4119/1798 1857/4170/1857
f 1798/4119/1798 161/580/161 1857/4170/1857
f 4856/4173/4855 4858/4176/4857 801/4169/801
f 4856/4173/4855 4857/4175/4856 4858/4176/4857
f 4857/4175/4856 742/4117/742 4858/4176/4857
f 2912/4174/2912 2913/579/2913 157/564/157
f 2912/4174/2912 4856/4173/4855 2913/579/2913
f 4856/4173/4855 801/4169/801 2913/579/2913
f 4855/4171/4854 1858/582/1858 802/4160/802
f 4855/4171/4854 1857/4170/1857 1858/582/1858
f 1857/4170/1857 161/580/161 1858/582/1858
f 4853/4166/4852 4855/4171/4854 802/4160/802
f 4853/4166/4852 4854/4168/4853 4855/4171/4854
f 4854/4168/4853 801/4169/801 4855/4171/4854
f 1790/4167/1790 2914/4162/2914 58/272/58
f 1790/4167/1790 4853/4166/4852 2914/4162/2914
f 4853/4166/4852 802/4160/802 2914/4162/2914
f 4852/4164/4851 2506/277/2506 394/5007/394
f 4852/4164/4851 1794/4107/1794 2506/277/2506
f 1794/4107/1794 57/275/57 2506/277/2506
f 4850/4161/4849 4852/4164/4851 394/5007/394
f 4850/4161/4849 4851/4163/4850 4852/4164/4851
f 4851/4163/4850 738/4105/738 4852/4164/4851
f 2914/4162/2914 1450/5009/1450 58/272/58
f 2914/4162/2914 4850/4161/4849 1450/5009/1450
f 4850/4161/4849 394/5007/394 1450/5009/1450
f 4849/4159/4848 1860/586/1860 804/4148/804
f 4849/4159/4848 1859/4158/1859 1860/586/1860
f 1859/4158/1859 162/584/162 1860/586/1860
f 4847/4154/4846 4849/4159/4848 804/4148/804
f 4847/4154/4846 4848/4156/4847 4849/4159/4848
f 4848/4156/4847 803/4157/803 4849/4159/4848
f 1795/4155/1795 2916/4150/2916 158/568/158
f 1795/4155/1795 4847/4154/4846 2916/4150/2916
f 4847/4154/4846 804/4148/804 2916/4150/2916
f 4846/4152/4845 1861/4146/1861 805/4145/805
f 4846/4152/4845 1801/4083/1801 1861/4146/1861
f 1801/4083/1801 163/588/163 1861/4146/1861
f 4844/4149/4843 4846/4152/4845 805/4145/805
f 4844/4149/4843 4845/4151/4844 4846/4152/4845
f 4845/4151/4844 745/4081/745 4846/4152/4845
f 2916/4150/2916 2917/587/2917 158/568/158
f 2916/4150/2916 4844/4149/4843 2917/587/2917
f 4844/4149/4843 805/4145/805 2917/587/2917
f 4843/4147/4842 1862/590/1862 806/4136/806
f 4843/4147/4842 1861/4146/1861 1862/590/1862
f 1861/4146/1861 163/588/163 1862/590/1862
f 4841/4142/4840 4843/4147/4842 806/4136/806
f 4841/4142/4840 4842/4144/4841 4843/4147/4842
f 4842/4144/4841 805/4145/805 4843/4147/4842
f 1796/4143/1796 2918/4138/2918 159/572/159
f 1796/4143/1796 4841/4142/4840 2918/4138/2918
f 4841/4142/4840 806/4136/806 2918/4138/2918
f 4840/4140/4839 1863/4134/1863 807/4133/807
f 4840/4140/4839 1802/4071/1802 1863/4134/1863
f 1802/4071/1802 164/592/164 1863/4134/1863
f 4838/4137/4837 4840/4140/4839 807/4133/807
f 4838/4137/4837 4839/4139/4838 4840/4140/4839
f 4839/4139/4838 746/4069/746 4840/4140/4839
f 2918/4138/2918 2919/591/2919 159/572/159
f 2918/4138/2918 4838/4137/4837 2919/591/2919
f 4838/4137/4837 807/4133/807 2919/591/2919
f 4837/4135/4836 1864/594/1864 808/4124/808
f 4837/4135/4836 1863/4134/1863 1864/594/1864
f 1863/4134/1863 164/592/164 1864/594/1864
f 4835/4130/4834 4837/4135/4836 808/4124/808
f 4835/4130/4834 4836/4132/4835 4837/4135/4836
f 4836/4132/4835 807/4133/807 4837/4135/4836
f 1797/4131/1797 2920/4126/2920 160/576/160
f 1797/4131/1797 4835/4130/4834 2920/4126/2920
f 4835/4130/4834 808/4124/808 2920/4126/2920
f 4834/4128/4833 1865/4122/1865 809/4121/809
f 4834/4128/4833 1803/4059/1803 1865/4122/1865
f 1803/4059/1803 165/596/165 1865/4122/1865
f 4832/4125/4831 4834/4128/4833 809/4121/809
f 4832/4125/4831 4833/4127/4832 4834/4128/4833
f 4833/4127/4832 747/4057/747 4834/4128/4833
f 2920/4126/2920 2921/595/2921 160/576/160
f 2920/4126/2920 4832/4125/4831 2921/595/2921
f 4832/4125/4831 809/4121/809 2921/595/2921
f 4831/4123/4830 1866/598/1866 810/4112/810
f 4831/4123/4830 1865/4122/1865 1866/598/1866
f 1865/4122/1865 165/596/165 1866/598/1866
f 4829/4118/4828 4831/4123/4830 810/4112/810
f 4829/4118/4828 4830/4120/4829 4831/4123/4830
f 4830/4120/4829 809/4121/809 4831/4123/4830
f 1798/4119/1798 2922/4114/2922 161/580/161
f 1798/4119/1798 4829/4118/4828 2922/4114/2922
f 4829/4118/4828 810/4112/810 2922/4114/2922
f 4828/4116/4827 1867/4110/1867 811/4109/811
f 4828/4116/4827 1804/4047/1804 1867/4110/1867
f 1804/4047/1804 166/600/166 1867/4110/1867
f 4826/4113/4825 4828/4116/4827 811/4109/811
f 4826/4113/4825 4827/4115/4826 4828/4116/4827
f 4827/4115/4826 748/4045/748 4828/4116/4827
f 2922/4114/2922 2923/599/2923 161/580/161
f 2922/4114/2922 4826/4113/4825 2923/599/2923
f 4826/4113/4825 811/4109/811 2923/599/2923
f 4825/4111/4824 1868/602/1868 812/4100/812
f 4825/4111/4824 1867/4110/1867 1868/602/1868
f 1867/4110/1867 166/600/166 1868/602/1868
f 4823/4106/4822 4825/4111/4824 812/4100/812
f 4823/4106/4822 4824/4108/4823 4825/4111/4824
f 4824/4108/4823 811/4109/811 4825/4111/4824
f 1794/4107/1794 2924/4102/2924 57/275/57
f 1794/4107/1794 4823/4106/4822 2924/4102/2924
f 4823/4106/4822 812/4100/812 2924/4102/2924
f 4822/4104/4821 2505/280/2505 393/5002/393
f 4822/4104/4821 1799/4035/1799 2505/280/2505
f 1799/4035/1799 56/278/56 2505/280/2505
f 4820/4101/4819 4822/4104/4821 393/5002/393
f 4820/4101/4819 4821/4103/4820 4822/4104/4821
f 4821/4103/4820 743/4033/743 4822/4104/4821
f 2924/4102/2924 1449/5004/1449 57/275/57
f 2924/4102/2924 4820/4101/4819 1449/5004/1449
f 4820/4101/4819 393/5002/393 1449/5004/1449
f 4819/4099/4818 1870/606/1870 814/4088/814
f 4819/4099/4818 1869/4098/1869 1870/606/1870
f 1869/4098/1869 167/604/167 1870/606/1870
f 4817/4094/4816 4819/4099/4818 814/4088/814
f 4817/4094/4816 4818/4096/4817 4819/4099/4818
f 4818/4096/4817 813/4097/813 4819/4099/4818
f 1800/4095/1800 2926/4090/2926 162/584/162
f 1800/4095/1800 4817/4094/4816 2926/4090/2926
f 4817/4094/4816 814/4088/814 2926/4090/2926
f 4816/4092/4815 1871/4086/1871 815/4085/815
f 4816/4092/4815 1807/4011/1807 1871/4086/1871
f 1807/4011/1807 168/608/168 1871/4086/1871
f 4814/4089/4813 4816/4092/4815 815/4085/815
f 4814/4089/4813 4815/4091/4814 4816/4092/4815
f 4815/4091/4814 751/4009/751 4816/4092/4815
f 2926/4090/2926 2927/607/2927 162/584/162
f 2926/4090/2926 4814/4089/4813 2927/607/2927
f 4814/4089/4813 815/4085/815 2927/607/2927
f 4813/4087/4812 1872/610/1872 816/4076/816
f 4813/4087/4812 1871/4086/1871 1872/610/1872
f 1871/4086/1871 168/608/168 1872/610/1872
f 4811/4082/4810 4813/4087/4812 816/4076/816
f 4811/4082/4810 4812/4084/4811 4813/4087/4812
f 4812/4084/4811 815/4085/815 4813/4087/4812
f 1801/4083/1801 2928/4078/2928 163/588/163
f 1801/4083/1801 4811/4082/4810 2928/4078/2928
f 4811/4082/4810 816/4076/816 2928/4078/2928
f 4810/4080/4809 1873/4074/1873 817/4073/817
f 4810/4080/4809 1808/3999/1808 1873/4074/1873
f 1808/3999/1808 169/612/169 1873/4074/1873
f 4808/4077/4807 4810/4080/4809 817/4073/817
f 4808/4077/4807 4809/4079/4808 4810/4080/4809
f 4809/4079/4808 752/3997/752 4810/4080/4809
f 2928/4078/2928 2929/611/2929 163/588/163
f 2928/4078/2928 4808/4077/4807 2929/611/2929
f 4808/4077/4807 817/4073/817 2929/611/2929
f 4807/4075/4806 1874/614/1874 818/4064/818
f 4807/4075/4806 1873/4074/1873 1874/614/1874
f 1873/4074/1873 169/612/169 1874/614/1874
f 4805/4070/4804 4807/4075/4806 818/4064/818
f 4805/4070/4804 4806/4072/4805 4807/4075/4806
f 4806/4072/4805 817/4073/817 4807/4075/4806
f 1802/4071/1802 2930/4066/2930 164/592/164
f 1802/4071/1802 4805/4070/4804 2930/4066/2930
f 4805/4070/4804 818/4064/818 2930/4066/2930
f 4804/4068/4803 1875/4062/1875 819/4061/819
f 4804/4068/4803 1809/3987/1809 1875/4062/1875
f 1809/3987/1809 170/616/170 1875/4062/1875
f 4802/4065/4801 4804/4068/4803 819/4061/819
f 4802/4065/4801 4803/4067/4802 4804/4068/4803
f 4803/4067/4802 753/3985/753 4804/4068/4803
f 2930/4066/2930 2931/615/2931 164/592/164
f 2930/4066/2930 4802/4065/4801 2931/615/2931
f 4802/4065/4801 819/4061/819 2931/615/2931
f 4801/4063/4800 1876/618/1876 820/4052/820
f 4801/4063/4800 1875/4062/1875 1876/618/1876
f 1875/4062/1875 170/616/170 1876/618/1876
f 4799/4058/4798 4801/4063/4800 820/4052/820
f 4799/4058/4798 4800/4060/4799 4801/4063/4800
f 4800/4060/4799 819/4061/819 4801/4063/4800
f 1803/4059/1803 2932/4054/2932 165/596/165
f 1803/4059/1803 4799/4058/4798 2932/4054/2932
f 4799/4058/4798 820/4052/820 2932/4054/2932
f 4798/4056/4797 1877/4050/1877 821/4049/821
f 4798/4056/4797 1810/3975/1810 1877/4050/1877
f 1810/3975/1810 171/620/171 1877/4050/1877
f 4796/4053/4795 4798/4056/4797 821/4049/821
f 4796/4053/4795 4797/4055/4796 4798/4056/4797
f 4797/4055/4796 754/3973/754 4798/4056/4797
f 2932/4054/2932 2933/619/2933 165/596/165
f 2932/4054/2932 4796/4053/4795 2933/619/2933
f 4796/4053/4795 821/4049/821 2933/619/2933
f 4795/4051/4794 1878/622/1878 822/4040/822
f 4795/4051/4794 1877/4050/1877 1878/622/1878
f 1877/4050/1877 171/620/171 1878/622/1878
f 4793/4046/4792 4795/4051/4794 822/4040/822
f 4793/4046/4792 4794/4048/4793 4795/4051/4794
f 4794/4048/4793 821/4049/821 4795/4051/4794
f 1804/4047/1804 2934/4042/2934 166/600/166
f 1804/4047/1804 4793/4046/4792 2934/4042/2934
f 4793/4046/4792 822/4040/822 2934/4042/2934
f 4792/4044/4791 1879/4038/1879 823/4037/823
f 4792/4044/4791 1811/3963/1811 1879/4038/1879
f 1811/3963/1811 172/624/172 1879/4038/1879
f 4790/4041/4789 4792/4044/4791 823/4037/823
f 4790/4041/4789 4791/4043/4790 4792/4044/4791
f 4791/4043/4790 755/3961/755 4792/4044/4791
f 2934/4042/2934 2935/623/2935 166/600/166
f 2934/4042/2934 4790/4041/4789 2935/623/2935
f 4790/4041/4789 823/4037/823 2935/623/2935
f 4789/4039/4788 1880/626/1880 824/4028/824
f 4789/4039/4788 1879/4038/1879 1880/626/1880
f 1879/4038/1879 172/624/172 1880/626/1880
f 4787/4034/4786 4789/4039/4788 824/4028/824
f 4787/4034/4786 4788/4036/4787 4789/4039/4788
f 4788/4036/4787 823/4037/823 4789/4039/4788
f 1799/4035/1799 2936/4030/2936 56/278/56
f 1799/4035/1799 4787/4034/4786 2936/4030/2936
f 4787/4034/4786 824/4028/824 2936/4030/2936
f 4786/4032/4785 2504/283/2504 392/4997/392
f 4786/4032/4785 1805/3951/1805 2504/283/2504
f 1805/3951/1805 55/281/55 2504/283/2504
f 4784/4029/4783 4786/4032/4785 392/4997/392
f 4784/4029/4783 4785/4031/4784 4786/4032/4785
f 4785/4031/4784 749/3949/749 4786/4032/4785
f 2936/4030/2936 1448/4999/1448 56/278/56
f 2936/4030/2936 4784/4029/4783 1448/4999/1448
f 4784/4029/4783 392/4997/392 1448/4999/1448
f 4783/4027/4782 1882/630/1882 826/4016/826
f 4783/4027/4782 1881/4026/1881 1882/630/1882
f 1881/4026/1881 173/628/173 1882/630/1882
f 4781/4022/4780 4783/4027/4782 826/4016/826
f 4781/4022/4780 4782/4024/4781 4783/4027/4782
f 4782/4024/4781 825/4025/825 4783/4027/4782
f 1806/4023/1806 2938/4018/2938 167/604/167
f 1806/4023/1806 4781/4022/4780 2938/4018/2938
f 4781/4022/4780 826/4016/826 2938/4018/2938
f 4780/4020/4779 1883/4014/1883 827/4013/827
f 4780/4020/4779 1814/3927/1814 1883/4014/1883
f 1814/3927/1814 174/632/174 1883/4014/1883
f 4778/4017/4777 4780/4020/4779 827/4013/827
f 4778/4017/4777 4779/4019/4778 4780/4020/4779
f 4779/4019/4778 758/3925/758 4780/4020/4779
f 2938/4018/2938 2939/631/2939 167/604/167
f 2938/4018/2938 4778/4017/4777 2939/631/2939
f 4778/4017/4777 827/4013/827 2939/631/2939
f 4777/4015/4776 1884/634/1884 828/4004/828
f 4777/4015/4776 1883/4014/1883 1884/634/1884
f 1883/4014/1883 174/632/174 1884/634/1884
f 4775/4010/4774 4777/4015/4776 828/4004/828
f 4775/4010/4774 4776/4012/4775 4777/4015/4776
f 4776/4012/4775 827/4013/827 4777/4015/4776
f 1807/4011/1807 2940/4006/2940 168/608/168
f 1807/4011/1807 4775/4010/4774 2940/4006/2940
f 4775/4010/4774 828/4004/828 2940/4006/2940
f 4774/4008/4773 1885/4002/1885 829/4001/829
f 4774/4008/4773 1815/3915/1815 1885/4002/1885
f 1815/3915/1815 175/636/175 1885/4002/1885
f 4772/4005/4771 4774/4008/4773 829/4001/829
f 4772/4005/4771 4773/4007/4772 4774/4008/4773
f 4773/4007/4772 759/3913/759 4774/4008/4773
f 2940/4006/2940 2941/635/2941 168/608/168
f 2940/4006/2940 4772/4005/4771 2941/635/2941
f 4772/4005/4771 829/4001/829 2941/635/2941
f 4771/4003/4770 1886/638/1886 830/3992/830
f 4771/4003/4770 1885/4002/1885 1886/638/1886
f 1885/4002/1885 175/636/175 1886/638/1886
f 4769/3998/4768 4771/4003/4770 830/3992/830
f 4769/3998/4768 4770/4000/4769 4771/4003/4770
f 4770/4000/4769 829/4001/829 4771/4003/4770
f 1808/3999/1808 2942/3994/2942 169/612/169
f 1808/3999/1808 4769/3998/4768 2942/3994/2942
f 4769/3998/4768 830/3992/830 2942/3994/2942
f 4768/3996/4767 1887/3990/1887 831/3989/831
f 4768/3996/4767 1816/3903/1816 1887/3990/1887
f 1816/3903/1816 176/640/176 1887/3990/1887
f 4766/3993/4765 4768/3996/4767 831/3989/831
f 4766/3993/4765 4767/3995/4766 4768/3996/4767
f 4767/3995/4766 760/3901/760 4768/3996/4767
f 2942/3994/2942 2943/639/2943 169/612/169
f 2942/3994/2942 4766/3993/4765 2943/639/2943
f 4766/3993/4765 831/3989/831 2943/639/2943
f 4765/3991/4764 1888/642/1888 832/3980/832
f 4765/3991/4764 1887/3990/1887 1888/642/1888
f 1887/3990/1887 176/640/176 1888/642/1888
f 4763/3986/4762 4765/3991/4764 832/3980/832
f 4763/3986/4762 4764/3988/4763 4765/3991/4764
f 4764/3988/4763 831/3989/831 4765/3991/4764
f 1809/3987/1809 2944/3982/2944 170/616/170
f 1809/3987/1809 4763/3986/4762 2944/3982/2944
f 4763/3986/4762 832/3980/832 2944/3982/2944
f 4762/3984/4761 1889/3978/1889 833/3977/833
f 4762/3984/4761 1817/3891/1817 1889/3978/1889
f 1817/3891/1817 177/644/177 1889/3978/1889
f 4760/3981/4759 4762/3984/4761 833/3977/833
f 4760/3981/4759 4761/3983/4760 4762/3984/4761
f 4761/3983/4760 761/3889/761 4762/3984/4761
f 2944/3982/2944 2945/643/2945 170/616/170
f 2944/3982/2944 4760/3981/4759 2945/643/2945
f 4760/3981/4759 833/3977/833 2945/643/2945
f 4759/3979/4758 1890/646/1890 834/3968/834
f 4759/3979/4758 1889/3978/1889 1890/646/1890
f 1889/3978/1889 177/644/177 1890/646/1890
f 4757/3974/4756 4759/3979/4758 834/3968/834
f 4757/3974/4756 4758/3976/4757 4759/3979/4758
f 4758/3976/4757 833/3977/833 4759/3979/4758
f 1810/3975/1810 2946/3970/2946 171/620/171
f 1810/3975/1810 4757/3974/4756 2946/3970/2946
f 4757/3974/4756 834/3968/834 2946/3970/2946
f 4756/3972/4755 1891/3966/1891 835/3965/835
f 4756/3972/4755 1818/3879/1818 1891/3966/1891
f 1818/3879/1818 178/648/178 1891/3966/1891
f 4754/3969/4753 4756/3972/4755 835/3965/835
f 4754/3969/4753 4755/3971/4754 4756/3972/4755
f 4755/3971/4754 762/3877/762 4756/3972/4755
f 2946/3970/2946 2947/647/2947 171/620/171
f 2946/3970/2946 4754/3969/4753 2947/647/2947
f 4754/3969/4753 835/3965/835 2947/647/2947
f 4753/3967/4752 1892/650/1892 836/3956/836
f 4753/3967/4752 1891/3966/1891 1892/650/1892
f 1891/3966/1891 178/648/178 1892/650/1892
f 4751/3962/4750 4753/3967/4752 836/3956/836
f 4751/3962/4750 4752/3964/4751 4753/3967/4752
f 4752/3964/4751 835/3965/835 4753/3967/4752
f 1811/3963/1811 2948/3958/2948 172/624/172
f 1811/3963/1811 4751/3962/4750 2948/3958/2948
f 4751/3962/4750 836/3956/836 2948/3958/2948
f 4750/3960/4749 1893/3954/1893 837/3953/837
f 4750/3960/4749 1819/3867/1819 1893/3954/1893
f 1819/3867/1819 179/652/179 1893/3954/1893
f 4748/3957/4747 4750/3960/4749 837/3953/837
f 4748/3957/4747 4749/3959/4748 4750/3960/4749
f 4749/3959/4748 763/3865/763 4750/3960/4749
f 2948/3958/2948 2949/651/2949 172/624/172
f 2948/3958/2948 4748/3957/4747 2949/651/2949
f 4748/3957/4747 837/3953/837 2949/651/2949
f 4747/3955/4746 1894/654/1894 838/3944/838
f 4747/3955/4746 1893/3954/1893 1894/654/1894
f 1893/3954/1893 179/652/179 1894/654/1894
f 4745/3950/4744 4747/3955/4746 838/3944/838
f 4745/3950/4744 4746/3952/4745 4747/3955/4746
f 4746/3952/4745 837/3953/837 4747/3955/4746
f 1805/3951/1805 2950/3946/2950 55/281/55
f 1805/3951/1805 4745/3950/4744 2950/3946/2950
f 4745/3950/4744 838/3944/838 2950/3946/2950
f 4744/3948/4743 2503/286/2503 391/4992/391
f 4744/3948/4743 1812/3855/1812 2503/286/2503
f 1812/3855/1812 54/284/54 2503/286/2503
f 4742/3945/4741 4744/3948/4743 391/4992/391
f 4742/3945/4741 4743/3947/4742 4744/3948/4743
f 4743/3947/4742 756/3853/756 4744/3948/4743
f 2950/3946/2950 1447/4994/1447 55/281/55
f 2950/3946/2950 4742/3945/4741 1447/4994/1447
f 4742/3945/4741 391/4992/391 1447/4994/1447
f 4741/3943/4740 1896/658/1896 840/3932/840
f 4741/3943/4740 1895/3942/1895 1896/658/1896
f 1895/3942/1895 180/656/180 1896/658/1896
f 4739/3938/4738 4741/3943/4740 840/3932/840
f 4739/3938/4738 4740/3940/4739 4741/3943/4740
f 4740/3940/4739 839/3941/839 4741/3943/4740
f 1813/3939/1813 2952/3934/2952 173/628/173
f 1813/3939/1813 4739/3938/4738 2952/3934/2952
f 4739/3938/4738 840/3932/840 2952/3934/2952
f 4738/3936/4737 1897/3930/1897 841/3929/841
f 4738/3936/4737 1822/3831/1822 1897/3930/1897
f 1822/3831/1822 181/660/181 1897/3930/1897
f 4736/3933/4735 4738/3936/4737 841/3929/841
f 4736/3933/4735 4737/3935/4736 4738/3936/4737
f 4737/3935/4736 766/3829/766 4738/3936/4737
f 2952/3934/2952 2953/659/2953 173/628/173
f 2952/3934/2952 4736/3933/4735 2953/659/2953
f 4736/3933/4735 841/3929/841 2953/659/2953
f 4735/3931/4734 1898/662/1898 842/3920/842
f 4735/3931/4734 1897/3930/1897 1898/662/1898
f 1897/3930/1897 181/660/181 1898/662/1898
f 4733/3926/4732 4735/3931/4734 842/3920/842
f 4733/3926/4732 4734/3928/4733 4735/3931/4734
f 4734/3928/4733 841/3929/841 4735/3931/4734
f 1814/3927/1814 2954/3922/2954 174/632/174
f 1814/3927/1814 4733/3926/4732 2954/3922/2954
f 4733/3926/4732 842/3920/842 2954/3922/2954
f 4732/3924/4731 1899/3918/1899 843/3917/843
f 4732/3924/4731 1823/3819/1823 1899/3918/1899
f 1823/3819/1823 182/664/182 1899/3918/1899
f 4730/3921/4729 4732/3924/4731 843/3917/843
f 4730/3921/4729 4731/3923/4730 4732/3924/4731
f 4731/3923/4730 767/3817/767 4732/3924/4731
f 2954/3922/2954 2955/663/2955 174/632/174
f 2954/3922/2954 4730/3921/4729 2955/663/2955
f 4730/3921/4729 843/3917/843 2955/663/2955
f 4729/3919/4728 1900/666/1900 844/3908/844
f 4729/3919/4728 1899/3918/1899 1900/666/1900
f 1899/3918/1899 182/664/182 1900/666/1900
f 4727/3914/4726 4729/3919/4728 844/3908/844
f 4727/3914/4726 4728/3916/4727 4729/3919/4728
f 4728/3916/4727 843/3917/843 4729/3919/4728
f 1815/3915/1815 2956/3910/2956 175/636/175
f 1815/3915/1815 4727/3914/4726 2956/3910/2956
f 4727/3914/4726 844/3908/844 2956/3910/2956
f 4726/3912/4725 1901/3906/1901 845/3905/845
f 4726/3912/4725 1824/3807/1824 1901/3906/1901
f 1824/3807/1824 183/668/183 1901/3906/1901
f 4724/3909/4723 4726/3912/4725 845/3905/845
f 4724/3909/4723 4725/3911/4724 4726/3912/4725
f 4725/3911/4724 768/3805/768 4726/3912/4725
f 2956/3910/2956 2957/667/2957 175/636/175
f 2956/3910/2956 4724/3909/4723 2957/667/2957
f 4724/3909/4723 845/3905/845 2957/667/2957
f 4723/3907/4722 1902/670/1902 846/3896/846
f 4723/3907/4722 1901/3906/1901 1902/670/1902
f 1901/3906/1901 183/668/183 1902/670/1902
f 4721/3902/4720 4723/3907/4722 846/3896/846
f 4721/3902/4720 4722/3904/4721 4723/3907/4722
f 4722/3904/4721 845/3905/845 4723/3907/4722
f 1816/3903/1816 2958/3898/2958 176/640/176
f 1816/3903/1816 4721/3902/4720 2958/3898/2958
f 4721/3902/4720 846/3896/846 2958/3898/2958
f 4720/3900/4719 1903/3894/1903 847/3893/847
f 4720/3900/4719 1825/3795/1825 1903/3894/1903
f 1825/3795/1825 184/672/184 1903/3894/1903
f 4718/3897/4717 4720/3900/4719 847/3893/847
f 4718/3897/4717 4719/3899/4718 4720/3900/4719
f 4719/3899/4718 769/3793/769 4720/3900/4719
f 2958/3898/2958 2959/671/2959 176/640/176
f 2958/3898/2958 4718/3897/4717 2959/671/2959
f 4718/3897/4717 847/3893/847 2959/671/2959
f 4717/3895/4716 1904/674/1904 848/3884/848
f 4717/3895/4716 1903/3894/1903 1904/674/1904
f 1903/3894/1903 184/672/184 1904/674/1904
f 4715/3890/4714 4717/3895/4716 848/3884/848
f 4715/3890/4714 4716/3892/4715 4717/3895/4716
f 4716/3892/4715 847/3893/847 4717/3895/4716
f 1817/3891/1817 2960/3886/2960 177/644/177
f 1817/3891/1817 4715/3890/4714 2960/3886/2960
f 4715/3890/4714 848/3884/848 2960/3886/2960
f 4714/3888/4713 1905/3882/1905 849/3881/849
f 4714/3888/4713 1826/3783/1826 1905/3882/1905
f 1826/3783/1826 185/676/185 1905/3882/1905
f 4712/3885/4711 4714/3888/4713 849/3881/849
f 4712/3885/4711 4713/3887/4712 4714/3888/4713
f 4713/3887/4712 770/3781/770 4714/3888/4713
f 2960/3886/2960 2961/675/2961 177/644/177
f 2960/3886/2960 4712/3885/4711 2961/675/2961
f 4712/3885/4711 849/3881/849 2961/675/2961
f 4711/3883/4710 1906/678/1906 850/3872/850
f 4711/3883/4710 1905/3882/1905 1906/678/1906
f 1905/3882/1905 185/676/185 1906/678/1906
f 4709/3878/4708 4711/3883/4710 850/3872/850
f 4709/3878/4708 4710/3880/4709 4711/3883/4710
f 4710/3880/4709 849/3881/849 4711/3883/4710
f 1818/3879/1818 2962/3874/2962 178/648/178
f 1818/3879/1818 4709/3878/4708 2962/3874/2962
f 4709/3878/4708 850/3872/850 2962/3874/2962
f 4708/3876/4707 1907/3870/1907 851/3869/851
f 4708/3876/4707 1827/3771/1827 1907/3870/1907
f 1827/3771/1827 186/680/186 1907/3870/1907
f 4706/3873/4705 4708/3876/4707 851/3869/851
f 4706/3873/4705 4707/3875/4706 4708/3876/4707
f 4707/3875/4706 771/3769/771 4708/3876/4707
f 2962/3874/2962 2963/679/2963 178/648/178
f 2962/3874/2962 4706/3873/4705 2963/679/2963
f 4706/3873/4705 851/3869/851 2963/679/2963
f 4705/3871/4704 1908/682/1908 852/3860/852
f 4705/3871/4704 1907/3870/1907 1908/682/1908
f 1907/3870/1907 186/680/186 1908/682/1908
f 4703/3866/4702 4705/3871/4704 852/3860/852
f 4703/3866/4702 4704/3868/4703 4705/3871/4704
f 4704/3868/4703 851/3869/851 4705/3871/4704
f 1819/3867/1819 2964/3862/2964 179/652/179
f 1819/3867/1819 4703/3866/4702 2964/3862/2964
f 4703/3866/4702 852/3860/852 2964/3862/2964
f 4702/3864/4701 1909/3858/1909 853/3857/853
f 4702/3864/4701 1828/3759/1828 1909/3858/1909
f 1828/3759/1828 187/684/187 1909/3858/1909
f 4700/3861/4699 4702/3864/4701 853/3857/853
f 4700/3861/4699 4701/3863/4700 4702/3864/4701
f 4701/3863/4700 772/3757/772 4702/3864/4701
f 2964/3862/2964 2965/683/2965 179/652/179
f 2964/3862/2964 4700/3861/4699 2965/683/2965
f 4700/3861/4699 853/3857/853 2965/683/2965
f 4699/3859/4698 1910/686/1910 854/3848/854
f 4699/3859/4698 1909/3858/1909 1910/686/1910
f 1909/3858/1909 187/684/187 1910/686/1910
f 4697/3854/4696 4699/3859/4698 854/3848/854
f 4697/3854/4696 4698/3856/4697 4699/3859/4698
f 4698/3856/4697 853/3857/853 4699/3859/4698
f 1812/3855/1812 2966/3850/2966 54/284/54
f 1812/3855/1812 4697/3854/4696 2966/3850/2966
f 4697/3854/4696 854/3848/854 2966/3850/2966
f 4696/3852/4695 2502/289/2502 390/4987/390
f 4696/3852/4695 1820/3747/1820 2502/289/2502
f 1820/3747/1820 53/287/53 2502/289/2502
f 4694/3849/4693 4696/3852/4695 390/4987/390
f 4694/3849/4693 4695/3851/4694 4696/3852/4695
f 4695/3851/4694 764/3745/764 4696/3852/4695
f 2966/3850/2966 1446/4989/1446 54/284/54
f 2966/3850/2966 4694/3849/4693 1446/4989/1446
f 4694/3849/4693 390/4987/390 1446/4989/1446
f 4693/3847/4692 1912/690/1912 856/3836/856
f 4693/3847/4692 1911/3846/1911 1912/690/1912
f 1911/3846/1911 188/688/188 1912/690/1912
f 4691/3842/4690 4693/3847/4692 856/3836/856
f 4691/3842/4690 4692/3844/4691 4693/3847/4692
f 4692/3844/4691 855/3845/855 4693/3847/4692
f 1821/3843/1821 2968/3838/2968 180/656/180
f 1821/3843/1821 4691/3842/4690 2968/3838/2968
f 4691/3842/4690 856/3836/856 2968/3838/2968
f 4690/3840/4689 1913/3834/1913 857/3833/857
f 4690/3840/4689 1831/3723/1831 1913/3834/1913
f 1831/3723/1831 189/692/189 1913/3834/1913
f 4688/3837/4687 4690/3840/4689 857/3833/857
f 4688/3837/4687 4689/3839/4688 4690/3840/4689
f 4689/3839/4688 775/3721/775 4690/3840/4689
f 2968/3838/2968 2969/691/2969 180/656/180
f 2968/3838/2968 4688/3837/4687 2969/691/2969
f 4688/3837/4687 857/3833/857 2969/691/2969
f 4687/3835/4686 1914/694/1914 858/3824/858
f 4687/3835/4686 1913/3834/1913 1914/694/1914
f 1913/3834/1913 189/692/189 1914/694/1914
f 4685/3830/4684 4687/3835/4686 858/3824/858
f 4685/3830/4684 4686/3832/4685 4687/3835/4686
f 4686/3832/4685 857/3833/857 4687/3835/4686
f 1822/3831/1822 2970/3826/2970 181/660/181
f 1822/3831/1822 4685/3830/4684 2970/3826/2970
f 4685/3830/4684 858/3824/858 2970/3826/2970
f 4684/3828/4683 1915/3822/1915 859/3821/859
f 4684/3828/4683 1832/3713/1832 1915/3822/1915
f 1832/3713/1832 190/696/190 1915/3822/1915
f 4682/3825/4681 4684/3828/4683 859/3821/859
f 4682/3825/4681 4683/3827/4682 4684/3828/4683
f 4683/3827/4682 776/3711/776 4684/3828/4683
f 2970/3826/2970 2971/695/2971 181/660/181
f 2970/3826/2970 4682/3825/4681 2971/695/2971
f 4682/3825/4681 859/3821/859 2971/695/2971
f 4681/3823/4680 1916/698/1916 860/3812/860
f 4681/3823/4680 1915/3822/1915 1916/698/1916
f 1915/3822/1915 190/696/190 1916/698/1916
f 4679/3818/4678 4681/3823/4680 860/3812/860
f 4679/3818/4678 4680/3820/4679 4681/3823/4680
f 4680/3820/4679 859/3821/859 4681/3823/4680
f 1823/3819/1823 2972/3814/2972 182/664/182
f 1823/3819/1823 4679/3818/4678 2972/3814/2972
f 4679/3818/4678 860/3812/860 2972/3814/2972
f 4678/3816/4677 1917/3810/1917 861/3809/861
f 4678/3816/4677 1833/3702/1833 1917/3810/1917
f 1833/3702/1833 191/700/191 1917/3810/1917
f 4676/3813/4675 4678/3816/4677 861/3809/861
f 4676/3813/4675 4677/3815/4676 4678/3816/4677
f 4677/3815/4676 777/3700/777 4678/3816/4677
f 2972/3814/2972 2973/699/2973 182/664/182
f 2972/3814/2972 4676/3813/4675 2973/699/2973
f 4676/3813/4675 861/3809/861 2973/699/2973
f 4675/3811/4674 1918/702/1918 862/3800/862
f 4675/3811/4674 1917/3810/1917 1918/702/1918
f 1917/3810/1917 191/700/191 1918/702/1918
f 4673/3806/4672 4675/3811/4674 862/3800/862
f 4673/3806/4672 4674/3808/4673 4675/3811/4674
f 4674/3808/4673 861/3809/861 4675/3811/4674
f 1824/3807/1824 2974/3802/2974 183/668/183
f 1824/3807/1824 4673/3806/4672 2974/3802/2974
f 4673/3806/4672 862/3800/862 2974/3802/2974
f 4672/3804/4671 1919/3798/1919 863/3797/863
f 4672/3804/4671 1834/3690/1834 1919/3798/1919
f 1834/3690/1834 192/704/192 1919/3798/1919
f 4670/3801/4669 4672/3804/4671 863/3797/863
f 4670/3801/4669 4671/3803/4670 4672/3804/4671
f 4671/3803/4670 778/3688/778 4672/3804/4671
f 2974/3802/2974 2975/703/2975 183/668/183
f 2974/3802/2974 4670/3801/4669 2975/703/2975
f 4670/3801/4669 863/3797/863 2975/703/2975
f 4669/3799/4668 1920/706/1920 864/3788/864
f 4669/3799/4668 1919/3798/1919 1920/706/1920
f 1919/3798/1919 192/704/192 1920/706/1920
f 4667/3794/4666 4669/3799/4668 864/3788/864
f 4667/3794/4666 4668/3796/4667 4669/3799/4668
f 4668/3796/4667 863/3797/863 4669/3799/4668
f 1825/3795/1825 2976/3790/2976 184/672/184
f 1825/3795/1825 4667/3794/4666 2976/3790/2976
f 4667/3794/4666 864/3788/864 2976/3790/2976
f 4666/3792/4665 1921/3786/1921 865/3785/865
f 4666/3792/4665 1835/3680/1835 1921/3786/1921
f 1835/3680/1835 193/708/193 1921/3786/1921
f 4664/3789/4663 4666/3792/4665 865/3785/865
f 4664/3789/4663 4665/3791/4664 4666/3792/4665
f 4665/3791/4664 779/3678/779 4666/3792/4665
f 2976/3790/2976 2977/707/2977 184/672/184
f 2976/3790/2976 4664/3789/4663 2977/707/2977
f 4664/3789/4663 865/3785/865 2977/707/2977
f 4663/3787/4662 1922/710/1922 866/3776/866
f 4663/3787/4662 1921/3786/1921 1922/710/1922
f 1921/3786/1921 193/708/193 1922/710/1922
f 4661/3782/4660 4663/3787/4662 866/3776/866
f 4661/3782/4660 4662/3784/4661 4663/3787/4662
f 4662/3784/4661 865/3785/865 4663/3787/4662
f 1826/3783/1826 2978/3778/2978 185/676/185
f 1826/3783/1826 4661/3782/4660 2978/3778/2978
f 4661/3782/4660 866/3776/866 2978/3778/2978
f 4660/3780/4659 1923/3774/1923 867/3773/867
f 4660/3780/4659 1836/3669/1836 1923/3774/1923
f 1836/3669/1836 194/712/194 1923/3774/1923
f 4658/3777/4657 4660/3780/4659 867/3773/867
f 4658/3777/4657 4659/3779/4658 4660/3780/4659
f 4659/3779/4658 780/3667/780 4660/3780/4659
f 2978/3778/2978 2979/711/2979 185/676/185
f 2978/3778/2978 4658/3777/4657 2979/711/2979
f 4658/3777/4657 867/3773/867 2979/711/2979
f 4657/3775/4656 1924/714/1924 868/3764/868
f 4657/3775/4656 1923/3774/1923 1924/714/1924
f 1923/3774/1923 194/712/194 1924/714/1924
f 4655/3770/4654 4657/3775/4656 868/3764/868
f 4655/3770/4654 4656/3772/4655 4657/3775/4656
f 4656/3772/4655 867/3773/867 4657/3775/4656
f 1827/3771/1827 2980/3766/2980 186/680/186
f 1827/3771/1827 4655/3770/4654 2980/3766/2980
f 4655/3770/4654 868/3764/868 2980/3766/2980
f 4654/3768/4653 1925/3762/1925 869/3761/869
f 4654/3768/4653 1837/3656/1837 1925/3762/1925
f 1837/3656/1837 195/716/195 1925/3762/1925
f 4652/3765/4651 4654/3768/4653 869/3761/869
f 4652/3765/4651 4653/3767/4652 4654/3768/4653
f 4653/3767/4652 781/3654/781 4654/3768/4653
f 2980/3766/2980 2981/715/2981 186/680/186
f 2980/3766/2980 4652/3765/4651 2981/715/2981
f 4652/3765/4651 869/3761/869 2981/715/2981
f 4651/3763/4650 1926/718/1926 870/3752/870
f 4651/3763/4650 1925/3762/1925 1926/718/1926
f 1925/3762/1925 195/716/195 1926/718/1926
f 4649/3758/4648 4651/3763/4650 870/3752/870
f 4649/3758/4648 4650/3760/4649 4651/3763/4650
f 4650/3760/4649 869/3761/869 4651/3763/4650
f 1828/3759/1828 2982/3754/2982 187/684/187
f 1828/3759/1828 4649/3758/4648 2982/3754/2982
f 4649/3758/4648 870/3752/870 2982/3754/2982
f 4648/3756/4647 1927/3750/1927 871/3749/871
f 4648/3756/4647 1838/3646/1838 1927/3750/1927
f 1838/3646/1838 196/720/196 1927/3750/1927
f 4646/3753/2059 4648/3756/4647 871/3749/871
f 4646/3753/2059 4647/3755/4646 4648/3756/4647
f 4647/3755/4646 782/3644/782 4648/3756/4647
f 2982/3754/2982 2983/719/2983 187/684/187
f 2982/3754/2982 4646/3753/2059 2983/719/2983
f 4646/3753/2059 871/3749/871 2983/719/2983
f 4645/3751/4645 1928/722/1928 872/3740/872
f 4645/3751/4645 1927/3750/1927 1928/722/1928
f 1927/3750/1927 196/720/196 1928/722/1928
f 4643/3746/4643 4645/3751/4645 872/3740/872
f 4643/3746/4643 4644/3748/4644 4645/3751/4645
f 4644/3748/4644 871/3749/871 4645/3751/4645
f 1820/3747/1820 2984/3742/2984 53/287/53
f 1820/3747/1820 4643/3746/4643 2984/3742/2984
f 4643/3746/4643 872/3740/872 2984/3742/2984
f 4642/3744/4642 2501/292/2501 389/4982/389
f 4642/3744/4642 1829/3635/1829 2501/292/2501
f 1829/3635/1829 52/290/52 2501/292/2501
f 4640/3741/4640 4642/3744/4642 389/4982/389
f 4640/3741/4640 4641/3743/4641 4642/3744/4642
f 4641/3743/4641 773/3633/773 4642/3744/4642
f 2984/3742/2984 1445/4984/1445 53/287/53
f 2984/3742/2984 4640/3741/4640 1445/4984/1445
f 4640/3741/4640 389/4982/389 1445/4984/1445
f 4639/3739/4639 1930/1249/1930 874/3727/874
f 4639/3739/4639 1929/1250/1929 1930/1249/1930
f 5761/725/5760 5762/5767/5761 4221/2920/4221
f 4637/3735/4637 4639/3739/4639 874/3727/874
f 4637/3735/4637 4638/3737/4638 4639/3739/4639
f 4638/3737/4638 873/3738/873 4639/3739/4639
f 1830/3736/1830 2986/3729/2986 188/688/188
f 1830/3736/1830 4637/3735/4637 2986/3729/2986
f 4637/3735/4637 874/3727/874 2986/3729/2986
f 4636/186/4636 1931/185/1931 875/3725/875
f 5915/1463/5914 3513/1465/3513 5914/5868/5913
f 5759/5869/5758 5760/724/5759 2112/2929/2112
f 4634/3728/4634 4636/186/4636 875/3725/875
f 4634/3728/4634 4635/3730/4635 4636/186/4636
f 5853/5870/5852 2514/5871/2514 5652/4333/5651
f 2986/3729/2986 2987/727/2987 188/688/188
f 2986/3729/2986 4634/3728/4634 2987/727/2987
f 4634/3728/4634 875/3725/875 2987/727/2987
f 4633/3726/4633 1932/1606/1932 876/3717/876
f 4633/3726/4633 1931/185/1931 1932/1606/1932
f 5758/729/5757 5759/5869/5758 4228/5872/4228
f 4631/3722/4631 4633/3726/4633 876/3717/876
f 4631/3722/4631 4632/3724/4632 4633/3726/4633
f 4632/3724/4632 875/3725/875 4633/3726/4633
f 1831/3723/1831 2988/3719/2988 189/692/189
f 1831/3723/1831 4631/3722/4631 2988/3719/2988
f 4631/3722/4631 876/3717/876 2988/3719/2988
f 4630/5799/4630 1933/1592/1933 877/3715/877
f 5916/5873/5915 3514/1464/3514 5915/1463/5914
f 5757/728/5756 2111/5874/2111 2110/2942/2110
f 4628/3718/4628 4630/5799/4630 877/3715/877
f 4628/3718/4628 4629/1605/4629 4630/5799/4630
f 5856/5875/5855 5648/5786/5647 5855/3731/5854
f 2988/3719/2988 2989/731/2989 189/692/189
f 2988/3719/2988 4628/3718/4628 2989/731/2989
f 4628/3718/4628 877/3715/877 2989/731/2989
f 4627/3716/4627 1934/30/1934 878/3707/878
f 4627/3716/4627 1933/1592/1933 1934/30/1934
f 5756/5876/5755 2110/2942/2110 4234/733/4234
f 4625/3712/4625 4627/3716/4627 878/3707/878
f 4625/3712/4625 4626/3714/4626 4627/3716/4627
f 4626/3714/4626 877/3715/877 4627/3716/4627
f 1832/3713/1832 2990/3709/2990 190/696/190
f 1832/3713/1832 4625/3712/4625 2990/3709/2990
f 4625/3712/4625 878/3707/878 2990/3709/2990
f 4624/1579/4624 1935/3705/1935 879/3704/879
f 5917/1467/5916 2440/1469/2440 5916/5873/5915
f 5754/5877/5753 4233/734/4233 2109/5878/2109
f 4622/3708/4622 4624/1579/4624 879/3704/879
f 4622/3708/4622 4623/29/4623 4624/1579/4624
f 5859/5879/5858 2577/2935/2577 5858/2934/5857
f 2990/3709/2990 2991/735/2991 190/696/190
f 2990/3709/2990 4622/3708/4622 2991/735/2991
f 4622/3708/4622 879/3704/879 2991/735/2991
f 4621/3706/4621 1936/504/1936 880/3694/880
f 4621/3706/4621 1935/3705/1935 1936/504/1936
f 5752/737/5751 5753/5880/5752 2108/2955/2108
f 4619/3701/4619 4621/3706/4621 880/3694/880
f 4619/3701/4619 4620/3703/4620 4621/3706/4621
f 4620/3703/4620 879/3704/879 4621/3706/4621
f 1833/3702/1833 2992/3696/2992 191/700/191
f 1833/3702/1833 4619/3701/4619 2992/3696/2992
f 4619/3701/4619 880/3694/880 2992/3696/2992
f 4618/476/4618 1937/475/1937 881/3692/881
f 5917/1467/5916 3507/1501/3507 2441/1468/2441
f 5750/5881/5749 5751/736/5750 4239/2960/4239
f 4616/3695/4616 4618/476/4618 881/3692/881
f 4616/3695/4616 4617/503/4617 4618/476/4618
f 5862/1471/5861 2521/1473/2521 5861/3710/5860
f 2992/3696/2992 2993/739/2993 191/700/191
f 2992/3696/2992 4616/3695/4616 2993/739/2993
f 4616/3695/4616 881/3692/881 2993/739/2993
f 4615/3693/4615 1938/1555/1938 882/3684/882
f 4615/3693/4615 1937/475/1937 1938/1555/1938
f 5749/741/5748 5750/5881/5749 2107/5882/2107
f 4613/3689/4613 4615/3693/4615 882/3684/882
f 4613/3689/4613 4614/3691/4614 4615/3693/4615
f 4614/3691/4614 881/3692/881 4615/3693/4615
f 1834/3690/1834 2994/3686/2994 192/704/192
f 1834/3690/1834 4613/3689/4613 2994/3686/2994
f 4613/3689/4613 882/3684/882 2994/3686/2994
f 4612/5845/4612 1939/1543/1939 883/3682/883
f 5918/5883/5917 3508/5884/3508 3507/1501/3507
f 5747/5885/5746 5748/740/5747 4246/5886/4246
f 4610/3685/4610 4612/5845/4612 883/3682/883
f 4610/3685/4610 4611/2995/4611 4612/5845/4612
f 5864/5887/5863 2526/5888/2526 5643/3698/5642
f 2994/3686/2994 2995/743/2995 192/704/192
f 2994/3686/2994 4610/3685/4610 2995/743/2995
f 4610/3685/4610 883/3682/883 2995/743/2995
f 4609/3683/4609 1940/1542/1940 884/3673/884
f 4609/3683/4609 1939/1543/1939 1940/1542/1940
f 5746/5889/5745 5747/5885/5746 4245/2972/4245
f 4607/3679/4607 4609/3683/4609 884/3673/884
f 4607/3679/4607 4608/3681/4608 4609/3683/4609
f 4608/3681/4608 883/3682/883 4609/3683/4609
f 1835/3680/1835 2996/3675/2996 193/708/193
f 1835/3680/1835 4607/3679/4607 2996/3675/2996
f 4607/3679/4607 884/3673/884 2996/3675/2996
f 4606/1529/4606 1941/1528/1941 885/3671/885
f 5919/1475/5918 2442/1477/2442 3508/5884/3508
f 5745/749/5744 5746/5889/5745 2105/5890/2105
f 4604/3674/4604 4606/1529/4606 885/3671/885
f 4604/3674/4604 4605/3676/4605 4606/1529/4606
f 5867/2948/5866 5640/5792/5639 5639/2949/5638
f 2996/3675/2996 2997/747/2997 193/708/193
f 2996/3675/2996 4604/3674/4604 2997/747/2997
f 4604/3674/4604 885/3671/885 2997/747/2997
f 4603/3672/4603 1942/5851/1942 886/3661/886
f 4603/3672/4603 1941/1528/1941 1942/5851/1942
f 5882/38/5881 5883/2973/5882 5661/3028/5660
f 4601/3668/4601 4603/3672/4603 886/3661/886
f 4601/3668/4601 4602/3670/4602 4603/3672/4603
f 4602/3670/4602 885/3671/885 4603/3672/4603
f 1836/3669/1836 2998/3663/2998 194/712/194
f 1836/3669/1836 4601/3668/4601 2998/3663/2998
f 4601/3668/4601 886/3661/886 2998/3663/2998
f 4600/1515/4600 1943/3659/1943 887/3658/887
f 5920/1476/5919 2443/5891/2443 2442/1477/2442
f 5879/2/5878 5880/3630/5879 2556/3632/2556
f 4598/3662/4598 4600/1515/4600 887/3658/887
f 4598/3662/4598 4599/1516/4599 4600/1515/4600
f 5870/1479/5869 5636/1481/5635 2607/3677/2607
f 2998/3663/2998 2999/751/2999 194/712/194
f 2998/3663/2998 4598/3662/4598 2999/751/2999
f 4598/3662/4598 887/3658/887 2999/751/2999
f 4597/3660/4597 1944/1503/1944 888/3650/888
f 4597/3660/4597 1943/3659/1943 1944/1503/1944
f 5744/748/5743 4252/5892/4252 4251/2985/4251
f 4595/3655/4595 4597/3660/4597 888/3650/888
f 4595/3655/4595 4596/3657/4596 4597/3660/4597
f 4596/3657/4596 887/3658/887 4597/3660/4597
f 1837/3656/1837 3000/3652/3000 195/716/195
f 1837/3656/1837 4595/3655/4595 3000/3652/3000
f 4595/3655/4595 888/3650/888 3000/3652/3000
f 4594/487/4594 1945/1490/1945 889/3648/889
f 5921/5893/5920 3501/1488/3501 2443/5891/2443
f 5743/5894/5742 4251/2985/4251 2103/757/2103
f 4592/3651/4592 4594/487/4594 889/3648/889
f 4592/3651/4592 4593/488/4593 4594/487/4594
f 5873/5895/5872 2621/5797/2621 2539/3665/2539
f 3000/3652/3000 3001/755/3001 195/716/195
f 3000/3652/3000 4592/3651/4592 3001/755/3001
f 4592/3651/4592 889/3648/889 3001/755/3001
f 4591/3649/4591 1946/5719/1946 890/3639/890
f 4591/3649/4591 1945/1490/1945 1946/5719/1946
f 5874/3653/5873 5633/2962/5632 2621/5797/2621
f 4589/3645/4589 4591/3649/4591 890/3639/890
f 4589/3645/4589 4590/3647/4590 4591/3649/4591
f 4590/3647/4590 889/3648/889 4591/3649/4591
f 1838/3646/1838 3002/3641/3002 196/720/196
f 1838/3646/1838 4589/3645/4589 3002/3641/3002
f 4589/3645/4589 890/3639/890 3002/3641/3002
f 4588/2234/4588 1947/1242/1947 891/3637/891
f 5922/5896/5921 3502/5897/3502 3501/1488/3501
f 5871/1480/5870 5872/3664/5871 5637/3666/5636
f 4586/3640/4586 4588/2234/4588 891/3637/891
f 4586/3640/4586 4587/3642/4587 4588/2234/4588
f 5876/1483/5875 5634/1484/5633 5875/2961/5874
f 3002/3641/3002 3003/759/3003 196/720/196
f 3002/3641/3002 4586/3640/4586 3003/759/3003
f 4586/3640/4586 891/3637/891 3003/759/3003
f 4585/3638/4585 1948/5717/1948 892/3626/892
f 4585/3638/4585 1947/1242/1947 1948/5717/1948
f 5741/5898/5740 2102/758/2102 4258/5765/4258
f 4583/3634/4583 4585/3638/4585 892/3626/892
f 4583/3634/4583 4584/3636/4584 4585/3638/4585
f 4584/3636/4584 891/3637/891 4585/3638/4585
f 1829/3635/1829 3004/3628/3004 52/290/52
f 1829/3635/1829 4583/3634/4583 3004/3628/3004
f 4583/3634/4583 892/3626/892 3004/3628/3004
f 4582/5714/4582 2500/2247/2500 388/5729/388
f 5923/31/5922 2480/33/2480 3502/5897/3502
f 4580/3627/4580 4582/5714/4582 388/5729/388
f 4580/3627/4580 4581/3629/4581 4582/5714/4582
f 5878/1/5877 5631/3/5630 5630/3643/5629
f 3004/3628/3004 1444/5731/1444 52/290/52
f 3004/3628/3004 4580/3627/4580 1444/5731/1444
f 4580/3627/4580 388/5729/388 1444/5731/1444
f 4579/3625/4579 2445/515/2445 333/4325/333
f 4579/3625/4579 1949/3571/1949 2445/515/2445
f 1949/3571/1949 21/513/21 2445/515/2445
f 4577/3622/4577 4579/3625/4579 333/4325/333
f 4577/3622/4577 4578/3624/4578 4579/3625/4579
f 4578/3624/4578 893/3569/893 4579/3625/4579
f 1390/3623/1390 1389/4327/1389 1/5838/1
f 1390/3623/1390 4577/3622/4577 1389/4327/1389
f 4577/3622/4577 333/4325/333 1389/4327/1389
f 4576/3620/4576 2004/3574/2004 948/3573/948
f 4576/3620/4576 1951/3559/1951 2004/3574/2004
f 1951/3559/1951 197/794/197 2004/3574/2004
f 4574/3617/4574 4576/3620/4576 948/3573/948
f 4574/3617/4574 4575/3619/4575 4576/3620/4576
f 4575/3619/4575 895/3557/895 4576/3620/4576
f 1423/3618/1423 3060/793/3060 31/763/31
f 1423/3618/1423 4574/3617/4574 3060/793/3060
f 4574/3617/4574 948/3573/948 3060/793/3060
f 4573/3615/4573 2006/3562/2006 950/3561/950
f 4573/3615/4573 1953/3535/1953 2006/3562/2006
f 1953/3535/1953 198/798/198 2006/3562/2006
f 4571/3612/4571 4573/3615/4573 950/3561/950
f 4571/3612/4571 4572/3614/4572 4573/3615/4573
f 4572/3614/4572 897/3533/897 4573/3615/4573
f 1422/3613/1422 3062/797/3062 30/766/30
f 1422/3613/1422 4571/3612/4571 3062/797/3062
f 4571/3612/4571 950/3561/950 3062/797/3062
f 4570/3610/4570 2010/3538/2010 954/3537/954
f 4570/3610/4570 1956/3499/1956 2010/3538/2010
f 1956/3499/1956 200/806/200 2010/3538/2010
f 4568/3607/4568 4570/3610/4570 954/3537/954
f 4568/3607/4568 4569/3609/4569 4570/3610/4570
f 4569/3609/4569 900/3497/900 4570/3610/4570
f 1421/3608/1421 3066/805/3066 29/769/29
f 1421/3608/1421 4568/3607/4568 3066/805/3066
f 4568/3607/4568 954/3537/954 3066/805/3066
f 4567/3605/4567 2016/3502/2016 960/3501/960
f 4567/3605/4567 1960/3451/1960 2016/3502/2016
f 1960/3451/1960 203/818/203 2016/3502/2016
f 4565/3602/4565 4567/3605/4567 960/3501/960
f 4565/3602/4565 4566/3604/4566 4567/3605/4567
f 4566/3604/4566 904/3449/904 4567/3605/4567
f 1420/3603/1420 3072/817/3072 28/772/28
f 1420/3603/1420 4565/3602/4565 3072/817/3072
f 4565/3602/4565 960/3501/960 3072/817/3072
f 4564/3600/4564 2024/3454/2024 968/3453/968
f 4564/3600/4564 1965/3391/1965 2024/3454/2024
f 1965/3391/1965 207/834/207 2024/3454/2024
f 4562/3597/4562 4564/3600/4564 968/3453/968
f 4562/3597/4562 4563/3599/4563 4564/3600/4564
f 4563/3599/4563 909/3389/909 4564/3600/4564
f 1419/3598/1419 3080/833/3080 27/775/27
f 1419/3598/1419 4562/3597/4562 3080/833/3080
f 4562/3597/4562 968/3453/968 3080/833/3080
f 4561/3595/4561 2034/3394/2034 978/3393/978
f 4561/3595/4561 1971/3319/1971 2034/3394/2034
f 1971/3319/1971 212/854/212 2034/3394/2034
f 4559/3592/4559 4561/3595/4561 978/3393/978
f 4559/3592/4559 4560/3594/4560 4561/3595/4561
f 4560/3594/4560 915/3317/915 4561/3595/4561
f 1418/3593/1418 3090/853/3090 26/778/26
f 1418/3593/1418 4559/3592/4559 3090/853/3090
f 4559/3592/4559 978/3393/978 3090/853/3090
f 4558/3590/4558 2046/3322/2046 990/3321/990
f 4558/3590/4558 1978/3235/1978 2046/3322/2046
f 1978/3235/1978 218/878/218 2046/3322/2046
f 4556/3587/4556 4558/3590/4558 990/3321/990
f 4556/3587/4556 4557/3589/4557 4558/3590/4558
f 4557/3589/4557 922/3233/922 4558/3590/4558
f 1417/3588/1417 3102/877/3102 25/781/25
f 1417/3588/1417 4556/3587/4556 3102/877/3102
f 4556/3587/4556 990/3321/990 3102/877/3102
f 4555/3585/4555 2060/3238/2060 1004/3237/1004
f 4555/3585/4555 1986/3139/1986 2060/3238/2060
f 1986/3139/1986 225/906/225 2060/3238/2060
f 4553/3582/4553 4555/3585/4555 1004/3237/1004
f 4553/3582/4553 4554/3584/4554 4555/3585/4555
f 4554/3584/4554 930/3137/930 4555/3585/4555
f 1416/3583/1416 3116/905/3116 24/784/24
f 1416/3583/1416 4553/3582/4553 3116/905/3116
f 4553/3582/4553 1004/3237/1004 3116/905/3116
f 4552/3580/4552 2076/3142/2076 1020/3141/1020
f 4552/3580/4552 1995/3031/1995 2076/3142/2076
f 1995/3031/1995 233/938/233 2076/3142/2076
f 4550/3577/4550 4552/3580/4552 1020/3141/1020
f 4550/3577/4550 4551/3579/4551 4552/3580/4552
f 4551/3579/4551 939/3029/939 4552/3580/4552
f 1415/3578/1415 3132/937/3132 23/787/23
f 1415/3578/1415 4550/3577/4550 3132/937/3132
f 4550/3577/4550 1020/3141/1020 3132/937/3132
f 4549/3575/4549 2005/796/2005 949/3564/949
f 4549/3575/4549 2004/3574/2004 2005/796/2005
f 2004/3574/2004 197/794/197 2005/796/2005
f 4547/3570/4547 4549/3575/4549 949/3564/949
f 4547/3570/4547 4548/3572/4548 4549/3575/4549
f 4548/3572/4548 948/3573/948 4549/3575/4549
f 1949/3571/1949 3061/3566/3061 21/513/21
f 1949/3571/1949 4547/3570/4547 3061/3566/3061
f 4547/3570/4547 949/3564/949 3061/3566/3061
f 4546/3568/4546 2469/518/2469 357/4320/357
f 4546/3568/4546 1950/3547/1950 2469/518/2469
f 1950/3547/1950 20/516/20 2469/518/2469
f 4544/3565/4544 4546/3568/4546 357/4320/357
f 4544/3565/4544 4545/3567/4545 4546/3568/4546
f 4545/3567/4545 894/3545/894 4546/3568/4546
f 3061/3566/3061 1413/4322/1413 21/513/21
f 3061/3566/3061 4544/3565/4544 1413/4322/1413
f 4544/3565/4544 357/4320/357 1413/4322/1413
f 4543/3563/4543 2007/800/2007 951/3552/951
f 4543/3563/4543 2006/3562/2006 2007/800/2007
f 2006/3562/2006 198/798/198 2007/800/2007
f 4541/3558/4541 4543/3563/4543 951/3552/951
f 4541/3558/4541 4542/3560/4542 4543/3563/4543
f 4542/3560/4542 950/3561/950 4543/3563/4543
f 1951/3559/1951 3063/3554/3063 197/794/197
f 1951/3559/1951 4541/3558/4541 3063/3554/3063
f 4541/3558/4541 951/3552/951 3063/3554/3063
f 4540/3556/4540 2008/3550/2008 952/3549/952
f 4540/3556/4540 1954/3523/1954 2008/3550/2008
f 1954/3523/1954 199/802/199 2008/3550/2008
f 4538/3553/4538 4540/3556/4540 952/3549/952
f 4538/3553/4538 4539/3555/4539 4540/3556/4540
f 4539/3555/4539 898/3521/898 4540/3556/4540
f 3063/3554/3063 3064/801/3064 197/794/197
f 3063/3554/3063 4538/3553/4538 3064/801/3064
f 4538/3553/4538 952/3549/952 3064/801/3064
f 4537/3551/4537 2009/804/2009 953/3540/953
f 4537/3551/4537 2008/3550/2008 2009/804/2009
f 2008/3550/2008 199/802/199 2009/804/2009
f 4535/3546/4535 4537/3551/4537 953/3540/953
f 4535/3546/4535 4536/3548/4536 4537/3551/4537
f 4536/3548/4536 952/3549/952 4537/3551/4537
f 1950/3547/1950 3065/3542/3065 20/516/20
f 1950/3547/1950 4535/3546/4535 3065/3542/3065
f 4535/3546/4535 953/3540/953 3065/3542/3065
f 4534/3544/4534 2468/521/2468 356/4315/356
f 4534/3544/4534 1952/3511/1952 2468/521/2468
f 1952/3511/1952 19/519/19 2468/521/2468
f 4532/3541/4532 4534/3544/4534 356/4315/356
f 4532/3541/4532 4533/3543/4533 4534/3544/4534
f 4533/3543/4533 896/3509/896 4534/3544/4534
f 3065/3542/3065 1412/4317/1412 20/516/20
f 3065/3542/3065 4532/3541/4532 1412/4317/1412
f 4532/3541/4532 356/4315/356 1412/4317/1412
f 4531/3539/4531 2011/808/2011 955/3528/955
f 4531/3539/4531 2010/3538/2010 2011/808/2011
f 2010/3538/2010 200/806/200 2011/808/2011
f 4529/3534/4529 4531/3539/4531 955/3528/955
f 4529/3534/4529 4530/3536/4530 4531/3539/4531
f 4530/3536/4530 954/3537/954 4531/3539/4531
f 1953/3535/1953 3067/3530/3067 198/798/198
f 1953/3535/1953 4529/3534/4529 3067/3530/3067
f 4529/3534/4529 955/3528/955 3067/3530/3067
f 4528/3532/4528 2012/3526/2012 956/3525/956
f 4528/3532/4528 1957/3487/1957 2012/3526/2012
f 1957/3487/1957 201/810/201 2012/3526/2012
f 4526/3529/4526 4528/3532/4528 956/3525/956
f 4526/3529/4526 4527/3531/4527 4528/3532/4528
f 4527/3531/4527 901/3485/901 4528/3532/4528
f 3067/3530/3067 3068/809/3068 198/798/198
f 3067/3530/3067 4526/3529/4526 3068/809/3068
f 4526/3529/4526 956/3525/956 3068/809/3068
f 4525/3527/4525 2013/812/2013 957/3516/957
f 4525/3527/4525 2012/3526/2012 2013/812/2013
f 2012/3526/2012 201/810/201 2013/812/2013
f 4523/3522/4523 4525/3527/4525 957/3516/957
f 4523/3522/4523 4524/3524/4524 4525/3527/4525
f 4524/3524/4524 956/3525/956 4525/3527/4525
f 1954/3523/1954 3069/3518/3069 199/802/199
f 1954/3523/1954 4523/3522/4523 3069/3518/3069
f 4523/3522/4523 957/3516/957 3069/3518/3069
f 4522/3520/4522 2014/3514/2014 958/3513/958
f 4522/3520/4522 1958/3475/1958 2014/3514/2014
f 1958/3475/1958 202/814/202 2014/3514/2014
f 4520/3517/4520 4522/3520/4522 958/3513/958
f 4520/3517/4520 4521/3519/4521 4522/3520/4522
f 4521/3519/4521 902/3473/902 4522/3520/4522
f 3069/3518/3069 3070/813/3070 199/802/199
f 3069/3518/3069 4520/3517/4520 3070/813/3070
f 4520/3517/4520 958/3513/958 3070/813/3070
f 4519/3515/4519 2015/816/2015 959/3504/959
f 4519/3515/4519 2014/3514/2014 2015/816/2015
f 2014/3514/2014 202/814/202 2015/816/2015
f 4517/3510/4517 4519/3515/4519 959/3504/959
f 4517/3510/4517 4518/3512/4518 4519/3515/4519
f 4518/3512/4518 958/3513/958 4519/3515/4519
f 1952/3511/1952 3071/3506/3071 19/519/19
f 1952/3511/1952 4517/3510/4517 3071/3506/3071
f 4517/3510/4517 959/3504/959 3071/3506/3071
f 4516/3508/4516 2467/524/2467 355/4310/355
f 4516/3508/4516 1955/3463/1955 2467/524/2467
f 1955/3463/1955 18/522/18 2467/524/2467
f 4514/3505/4514 4516/3508/4516 355/4310/355
f 4514/3505/4514 4515/3507/4515 4516/3508/4516
f 4515/3507/4515 899/3461/899 4516/3508/4516
f 3071/3506/3071 1411/4312/1411 19/519/19
f 3071/3506/3071 4514/3505/4514 1411/4312/1411
f 4514/3505/4514 355/4310/355 1411/4312/1411
f 4513/3503/4513 2017/820/2017 961/3492/961
f 4513/3503/4513 2016/3502/2016 2017/820/2017
f 2016/3502/2016 203/818/203 2017/820/2017
f 4511/3498/4511 4513/3503/4513 961/3492/961
f 4511/3498/4511 4512/3500/4512 4513/3503/4513
f 4512/3500/4512 960/3501/960 4513/3503/4513
f 1956/3499/1956 3073/3494/3073 200/806/200
f 1956/3499/1956 4511/3498/4511 3073/3494/3073
f 4511/3498/4511 961/3492/961 3073/3494/3073
f 4510/3496/4510 2018/3490/2018 962/3489/962
f 4510/3496/4510 1961/3439/1961 2018/3490/2018
f 1961/3439/1961 204/822/204 2018/3490/2018
f 4508/3493/4508 4510/3496/4510 962/3489/962
f 4508/3493/4508 4509/3495/4509 4510/3496/4510
f 4509/3495/4509 905/3437/905 4510/3496/4510
f 3073/3494/3073 3074/821/3074 200/806/200
f 3073/3494/3073 4508/3493/4508 3074/821/3074
f 4508/3493/4508 962/3489/962 3074/821/3074
f 4507/3491/4507 2019/824/2019 963/3480/963
f 4507/3491/4507 2018/3490/2018 2019/824/2019
f 2018/3490/2018 204/822/204 2019/824/2019
f 4505/3486/4505 4507/3491/4507 963/3480/963
f 4505/3486/4505 4506/3488/4506 4507/3491/4507
f 4506/3488/4506 962/3489/962 4507/3491/4507
f 1957/3487/1957 3075/3482/3075 201/810/201
f 1957/3487/1957 4505/3486/4505 3075/3482/3075
f 4505/3486/4505 963/3480/963 3075/3482/3075
f 4504/3484/4504 2020/3478/2020 964/3477/964
f 4504/3484/4504 1962/3427/1962 2020/3478/2020
f 1962/3427/1962 205/826/205 2020/3478/2020
f 4502/3481/4502 4504/3484/4504 964/3477/964
f 4502/3481/4502 4503/3483/4503 4504/3484/4504
f 4503/3483/4503 906/3425/906 4504/3484/4504
f 3075/3482/3075 3076/825/3076 201/810/201
f 3075/3482/3075 4502/3481/4502 3076/825/3076
f 4502/3481/4502 964/3477/964 3076/825/3076
f 4501/3479/4501 2021/828/2021 965/3468/965
f 4501/3479/4501 2020/3478/2020 2021/828/2021
f 2020/3478/2020 205/826/205 2021/828/2021
f 4499/3474/4499 4501/3479/4501 965/3468/965
f 4499/3474/4499 4500/3476/4500 4501/3479/4501
f 4500/3476/4500 964/3477/964 4501/3479/4501
f 1958/3475/1958 3077/3470/3077 202/814/202
f 1958/3475/1958 4499/3474/4499 3077/3470/3077
f 4499/3474/4499 965/3468/965 3077/3470/3077
f 4498/3472/4498 2022/3466/2022 966/3465/966
f 4498/3472/4498 1963/3415/1963 2022/3466/2022
f 1963/3415/1963 206/830/206 2022/3466/2022
f 4496/3469/4496 4498/3472/4498 966/3465/966
f 4496/3469/4496 4497/3471/4497 4498/3472/4498
f 4497/3471/4497 907/3413/907 4498/3472/4498
f 3077/3470/3077 3078/829/3078 202/814/202
f 3077/3470/3077 4496/3469/4496 3078/829/3078
f 4496/3469/4496 966/3465/966 3078/829/3078
f 4495/3467/4495 2023/832/2023 967/3456/967
f 4495/3467/4495 2022/3466/2022 2023/832/2023
f 2022/3466/2022 206/830/206 2023/832/2023
f 4493/3462/4493 4495/3467/4495 967/3456/967
f 4493/3462/4493 4494/3464/4494 4495/3467/4495
f 4494/3464/4494 966/3465/966 4495/3467/4495
f 1955/3463/1955 3079/3458/3079 18/522/18
f 1955/3463/1955 4493/3462/4493 3079/3458/3079
f 4493/3462/4493 967/3456/967 3079/3458/3079
f 4492/3460/4492 2466/527/2466 354/4305/354
f 4492/3460/4492 1959/3403/1959 2466/527/2466
f 1959/3403/1959 17/525/17 2466/527/2466
f 4490/3457/4490 4492/3460/4492 354/4305/354
f 4490/3457/4490 4491/3459/4491 4492/3460/4492
f 4491/3459/4491 903/3401/903 4492/3460/4492
f 3079/3458/3079 1410/4307/1410 18/522/18
f 3079/3458/3079 4490/3457/4490 1410/4307/1410
f 4490/3457/4490 354/4305/354 1410/4307/1410
f 4489/3455/4489 2025/836/2025 969/3444/969
f 4489/3455/4489 2024/3454/2024 2025/836/2025
f 2024/3454/2024 207/834/207 2025/836/2025
f 4487/3450/4487 4489/3455/4489 969/3444/969
f 4487/3450/4487 4488/3452/4488 4489/3455/4489
f 4488/3452/4488 968/3453/968 4489/3455/4489
f 1960/3451/1960 3081/3446/3081 203/818/203
f 1960/3451/1960 4487/3450/4487 3081/3446/3081
f 4487/3450/4487 969/3444/969 3081/3446/3081
f 4486/3448/4486 2026/3442/2026 970/3441/970
f 4486/3448/4486 1966/3379/1966 2026/3442/2026
f 1966/3379/1966 208/838/208 2026/3442/2026
f 4484/3445/4484 4486/3448/4486 970/3441/970
f 4484/3445/4484 4485/3447/4485 4486/3448/4486
f 4485/3447/4485 910/3377/910 4486/3448/4486
f 3081/3446/3081 3082/837/3082 203/818/203
f 3081/3446/3081 4484/3445/4484 3082/837/3082
f 4484/3445/4484 970/3441/970 3082/837/3082
f 4483/3443/4483 2027/840/2027 971/3432/971
f 4483/3443/4483 2026/3442/2026 2027/840/2027
f 2026/3442/2026 208/838/208 2027/840/2027
f 4481/3438/4481 4483/3443/4483 971/3432/971
f 4481/3438/4481 4482/3440/4482 4483/3443/4483
f 4482/3440/4482 970/3441/970 4483/3443/4483
f 1961/3439/1961 3083/3434/3083 204/822/204
f 1961/3439/1961 4481/3438/4481 3083/3434/3083
f 4481/3438/4481 971/3432/971 3083/3434/3083
f 4480/3436/4480 2028/3430/2028 972/3429/972
f 4480/3436/4480 1967/3367/1967 2028/3430/2028
f 1967/3367/1967 209/842/209 2028/3430/2028
f 4478/3433/4478 4480/3436/4480 972/3429/972
f 4478/3433/4478 4479/3435/4479 4480/3436/4480
f 4479/3435/4479 911/3365/911 4480/3436/4480
f 3083/3434/3083 3084/841/3084 204/822/204
f 3083/3434/3083 4478/3433/4478 3084/841/3084
f 4478/3433/4478 972/3429/972 3084/841/3084
f 4477/3431/4477 2029/844/2029 973/3420/973
f 4477/3431/4477 2028/3430/2028 2029/844/2029
f 2028/3430/2028 209/842/209 2029/844/2029
f 4475/3426/4475 4477/3431/4477 973/3420/973
f 4475/3426/4475 4476/3428/4476 4477/3431/4477
f 4476/3428/4476 972/3429/972 4477/3431/4477
f 1962/3427/1962 3085/3422/3085 205/826/205
f 1962/3427/1962 4475/3426/4475 3085/3422/3085
f 4475/3426/4475 973/3420/973 3085/3422/3085
f 4474/3424/4474 2030/3418/2030 974/3417/974
f 4474/3424/4474 1968/3355/1968 2030/3418/2030
f 1968/3355/1968 210/846/210 2030/3418/2030
f 4472/3421/4472 4474/3424/4474 974/3417/974
f 4472/3421/4472 4473/3423/4473 4474/3424/4474
f 4473/3423/4473 912/3353/912 4474/3424/4474
f 3085/3422/3085 3086/845/3086 205/826/205
f 3085/3422/3085 4472/3421/4472 3086/845/3086
f 4472/3421/4472 974/3417/974 3086/845/3086
f 4471/3419/4471 2031/848/2031 975/3408/975
f 4471/3419/4471 2030/3418/2030 2031/848/2031
f 2030/3418/2030 210/846/210 2031/848/2031
f 4469/3414/4469 4471/3419/4471 975/3408/975
f 4469/3414/4469 4470/3416/4470 4471/3419/4471
f 4470/3416/4470 974/3417/974 4471/3419/4471
f 1963/3415/1963 3087/3410/3087 206/830/206
f 1963/3415/1963 4469/3414/4469 3087/3410/3087
f 4469/3414/4469 975/3408/975 3087/3410/3087
f 4468/3412/4468 2032/3406/2032 976/3405/976
f 4468/3412/4468 1969/3343/1969 2032/3406/2032
f 1969/3343/1969 211/850/211 2032/3406/2032
f 4466/3409/4466 4468/3412/4468 976/3405/976
f 4466/3409/4466 4467/3411/4467 4468/3412/4468
f 4467/3411/4467 913/3341/913 4468/3412/4468
f 3087/3410/3087 3088/849/3088 206/830/206
f 3087/3410/3087 4466/3409/4466 3088/849/3088
f 4466/3409/4466 976/3405/976 3088/849/3088
f 4465/3407/4465 2033/852/2033 977/3396/977
f 4465/3407/4465 2032/3406/2032 2033/852/2033
f 2032/3406/2032 211/850/211 2033/852/2033
f 4463/3402/4463 4465/3407/4465 977/3396/977
f 4463/3402/4463 4464/3404/4464 4465/3407/4465
f 4464/3404/4464 976/3405/976 4465/3407/4465
f 1959/3403/1959 3089/3398/3089 17/525/17
f 1959/3403/1959 4463/3402/4463 3089/3398/3089
f 4463/3402/4463 977/3396/977 3089/3398/3089
f 4462/3400/4462 2465/530/2465 353/4300/353
f 4462/3400/4462 1964/3331/1964 2465/530/2465
f 1964/3331/1964 16/528/16 2465/530/2465
f 4460/3397/4460 4462/3400/4462 353/4300/353
f 4460/3397/4460 4461/3399/4461 4462/3400/4462
f 4461/3399/4461 908/3329/908 4462/3400/4462
f 3089/3398/3089 1409/4302/1409 17/525/17
f 3089/3398/3089 4460/3397/4460 1409/4302/1409
f 4460/3397/4460 353/4300/353 1409/4302/1409
f 4459/3395/4459 2035/856/2035 979/3384/979
f 4459/3395/4459 2034/3394/2034 2035/856/2035
f 2034/3394/2034 212/854/212 2035/856/2035
f 4457/3390/4457 4459/3395/4459 979/3384/979
f 4457/3390/4457 4458/3392/4458 4459/3395/4459
f 4458/3392/4458 978/3393/978 4459/3395/4459
f 1965/3391/1965 3091/3386/3091 207/834/207
f 1965/3391/1965 4457/3390/4457 3091/3386/3091
f 4457/3390/4457 979/3384/979 3091/3386/3091
f 4456/3388/4456 2036/3382/2036 980/3381/980
f 4456/3388/4456 1972/3307/1972 2036/3382/2036
f 1972/3307/1972 213/858/213 2036/3382/2036
f 4454/3385/4454 4456/3388/4456 980/3381/980
f 4454/3385/4454 4455/3387/4455 4456/3388/4456
f 4455/3387/4455 916/3305/916 4456/3388/4456
f 3091/3386/3091 3092/857/3092 207/834/207
f 3091/3386/3091 4454/3385/4454 3092/857/3092
f 4454/3385/4454 980/3381/980 3092/857/3092
f 4453/3383/4453 2037/860/2037 981/3372/981
f 4453/3383/4453 2036/3382/2036 2037/860/2037
f 2036/3382/2036 213/858/213 2037/860/2037
f 4451/3378/4451 4453/3383/4453 981/3372/981
f 4451/3378/4451 4452/3380/4452 4453/3383/4453
f 4452/3380/4452 980/3381/980 4453/3383/4453
f 1966/3379/1966 3093/3374/3093 208/838/208
f 1966/3379/1966 4451/3378/4451 3093/3374/3093
f 4451/3378/4451 981/3372/981 3093/3374/3093
f 4450/3376/4450 2038/3370/2038 982/3369/982
f 4450/3376/4450 1973/3295/1973 2038/3370/2038
f 1973/3295/1973 214/862/214 2038/3370/2038
f 4448/3373/4448 4450/3376/4450 982/3369/982
f 4448/3373/4448 4449/3375/4449 4450/3376/4450
f 4449/3375/4449 917/3293/917 4450/3376/4450
f 3093/3374/3093 3094/861/3094 208/838/208
f 3093/3374/3093 4448/3373/4448 3094/861/3094
f 4448/3373/4448 982/3369/982 3094/861/3094
f 4447/3371/4447 2039/864/2039 983/3360/983
f 4447/3371/4447 2038/3370/2038 2039/864/2039
f 2038/3370/2038 214/862/214 2039/864/2039
f 4445/3366/4445 4447/3371/4447 983/3360/983
f 4445/3366/4445 4446/3368/4446 4447/3371/4447
f 4446/3368/4446 982/3369/982 4447/3371/4447
f 1967/3367/1967 3095/3362/3095 209/842/209
f 1967/3367/1967 4445/3366/4445 3095/3362/3095
f 4445/3366/4445 983/3360/983 3095/3362/3095
f 4444/3364/4444 2040/3358/2040 984/3357/984
f 4444/3364/4444 1974/3283/1974 2040/3358/2040
f 1974/3283/1974 215/866/215 2040/3358/2040
f 4442/3361/4442 4444/3364/4444 984/3357/984
f 4442/3361/4442 4443/3363/4443 4444/3364/4444
f 4443/3363/4443 918/3281/918 4444/3364/4444
f 3095/3362/3095 3096/865/3096 209/842/209
f 3095/3362/3095 4442/3361/4442 3096/865/3096
f 4442/3361/4442 984/3357/984 3096/865/3096
f 4441/3359/4441 2041/868/2041 985/3348/985
f 4441/3359/4441 2040/3358/2040 2041/868/2041
f 2040/3358/2040 215/866/215 2041/868/2041
f 4439/3354/4439 4441/3359/4441 985/3348/985
f 4439/3354/4439 4440/3356/4440 4441/3359/4441
f 4440/3356/4440 984/3357/984 4441/3359/4441
f 1968/3355/1968 3097/3350/3097 210/846/210
f 1968/3355/1968 4439/3354/4439 3097/3350/3097
f 4439/3354/4439 985/3348/985 3097/3350/3097
f 4438/3352/4438 2042/3346/2042 986/3345/986
f 4438/3352/4438 1975/3271/1975 2042/3346/2042
f 1975/3271/1975 216/870/216 2042/3346/2042
f 4436/3349/4436 4438/3352/4438 986/3345/986
f 4436/3349/4436 4437/3351/4437 4438/3352/4438
f 4437/3351/4437 919/3269/919 4438/3352/4438
f 3097/3350/3097 3098/869/3098 210/846/210
f 3097/3350/3097 4436/3349/4436 3098/869/3098
f 4436/3349/4436 986/3345/986 3098/869/3098
f 4435/3347/4435 2043/872/2043 987/3336/987
f 4435/3347/4435 2042/3346/2042 2043/872/2043
f 2042/3346/2042 216/870/216 2043/872/2043
f 4433/3342/4433 4435/3347/4435 987/3336/987
f 4433/3342/4433 4434/3344/4434 4435/3347/4435
f 4434/3344/4434 986/3345/986 4435/3347/4435
f 1969/3343/1969 3099/3338/3099 211/850/211
f 1969/3343/1969 4433/3342/4433 3099/3338/3099
f 4433/3342/4433 987/3336/987 3099/3338/3099
f 4432/3340/4432 2044/3334/2044 988/3333/988
f 4432/3340/4432 1976/3259/1976 2044/3334/2044
f 1976/3259/1976 217/874/217 2044/3334/2044
f 4430/3337/4430 4432/3340/4432 988/3333/988
f 4430/3337/4430 4431/3339/4431 4432/3340/4432
f 4431/3339/4431 920/3257/920 4432/3340/4432
f 3099/3338/3099 3100/873/3100 211/850/211
f 3099/3338/3099 4430/3337/4430 3100/873/3100
f 4430/3337/4430 988/3333/988 3100/873/3100
f 4429/3335/4429 2045/876/2045 989/3324/989
f 4429/3335/4429 2044/3334/2044 2045/876/2045
f 2044/3334/2044 217/874/217 2045/876/2045
f 4427/3330/4427 4429/3335/4429 989/3324/989
f 4427/3330/4427 4428/3332/4428 4429/3335/4429
f 4428/3332/4428 988/3333/988 4429/3335/4429
f 1964/3331/1964 3101/3326/3101 16/528/16
f 1964/3331/1964 4427/3330/4427 3101/3326/3101
f 4427/3330/4427 989/3324/989 3101/3326/3101
f 4426/3328/4426 2464/533/2464 352/4295/352
f 4426/3328/4426 1970/3247/1970 2464/533/2464
f 1970/3247/1970 15/531/15 2464/533/2464
f 4424/3325/4424 4426/3328/4426 352/4295/352
f 4424/3325/4424 4425/3327/4425 4426/3328/4426
f 4425/3327/4425 914/3245/914 4426/3328/4426
f 3101/3326/3101 1408/4297/1408 16/528/16
f 3101/3326/3101 4424/3325/4424 1408/4297/1408
f 4424/3325/4424 352/4295/352 1408/4297/1408
f 4423/3323/4423 2047/880/2047 991/3312/991
f 4423/3323/4423 2046/3322/2046 2047/880/2047
f 2046/3322/2046 218/878/218 2047/880/2047
f 4421/3318/4421 4423/3323/4423 991/3312/991
f 4421/3318/4421 4422/3320/4422 4423/3323/4423
f 4422/3320/4422 990/3321/990 4423/3323/4423
f 1971/3319/1971 3103/3314/3103 212/854/212
f 1971/3319/1971 4421/3318/4421 3103/3314/3103
f 4421/3318/4421 991/3312/991 3103/3314/3103
f 4420/3316/4420 2048/3310/2048 992/3309/992
f 4420/3316/4420 1979/3223/1979 2048/3310/2048
f 1979/3223/1979 219/882/219 2048/3310/2048
f 4418/3313/4418 4420/3316/4420 992/3309/992
f 4418/3313/4418 4419/3315/4419 4420/3316/4420
f 4419/3315/4419 923/3221/923 4420/3316/4420
f 3103/3314/3103 3104/881/3104 212/854/212
f 3103/3314/3103 4418/3313/4418 3104/881/3104
f 4418/3313/4418 992/3309/992 3104/881/3104
f 4417/3311/4417 2049/884/2049 993/3300/993
f 4417/3311/4417 2048/3310/2048 2049/884/2049
f 2048/3310/2048 219/882/219 2049/884/2049
f 4415/3306/4415 4417/3311/4417 993/3300/993
f 4415/3306/4415 4416/3308/4416 4417/3311/4417
f 4416/3308/4416 992/3309/992 4417/3311/4417
f 1972/3307/1972 3105/3302/3105 213/858/213
f 1972/3307/1972 4415/3306/4415 3105/3302/3105
f 4415/3306/4415 993/3300/993 3105/3302/3105
f 4414/3304/4414 2050/3298/2050 994/3297/994
f 4414/3304/4414 1980/3211/1980 2050/3298/2050
f 1980/3211/1980 220/886/220 2050/3298/2050
f 4412/3301/4412 4414/3304/4414 994/3297/994
f 4412/3301/4412 4413/3303/4413 4414/3304/4414
f 4413/3303/4413 924/3209/924 4414/3304/4414
f 3105/3302/3105 3106/885/3106 213/858/213
f 3105/3302/3105 4412/3301/4412 3106/885/3106
f 4412/3301/4412 994/3297/994 3106/885/3106
f 4411/3299/4411 2051/888/2051 995/3288/995
f 4411/3299/4411 2050/3298/2050 2051/888/2051
f 2050/3298/2050 220/886/220 2051/888/2051
f 4409/3294/4409 4411/3299/4411 995/3288/995
f 4409/3294/4409 4410/3296/4410 4411/3299/4411
f 4410/3296/4410 994/3297/994 4411/3299/4411
f 1973/3295/1973 3107/3290/3107 214/862/214
f 1973/3295/1973 4409/3294/4409 3107/3290/3107
f 4409/3294/4409 995/3288/995 3107/3290/3107
f 4408/3292/4408 2052/3286/2052 996/3285/996
f 4408/3292/4408 1981/3199/1981 2052/3286/2052
f 1981/3199/1981 221/890/221 2052/3286/2052
f 4406/3289/4406 4408/3292/4408 996/3285/996
f 4406/3289/4406 4407/3291/4407 4408/3292/4408
f 4407/3291/4407 925/3197/925 4408/3292/4408
f 3107/3290/3107 3108/889/3108 214/862/214
f 3107/3290/3107 4406/3289/4406 3108/889/3108
f 4406/3289/4406 996/3285/996 3108/889/3108
f 4405/3287/4405 2053/892/2053 997/3276/997
f 4405/3287/4405 2052/3286/2052 2053/892/2053
f 2052/3286/2052 221/890/221 2053/892/2053
f 4403/3282/4403 4405/3287/4405 997/3276/997
f 4403/3282/4403 4404/3284/4404 4405/3287/4405
f 4404/3284/4404 996/3285/996 4405/3287/4405
f 1974/3283/1974 3109/3278/3109 215/866/215
f 1974/3283/1974 4403/3282/4403 3109/3278/3109
f 4403/3282/4403 997/3276/997 3109/3278/3109
f 4402/3280/4402 2054/3274/2054 998/3273/998
f 4402/3280/4402 1982/3187/1982 2054/3274/2054
f 1982/3187/1982 222/894/222 2054/3274/2054
f 4400/3277/4400 4402/3280/4402 998/3273/998
f 4400/3277/4400 4401/3279/4401 4402/3280/4402
f 4401/3279/4401 926/3185/926 4402/3280/4402
f 3109/3278/3109 3110/893/3110 215/866/215
f 3109/3278/3109 4400/3277/4400 3110/893/3110
f 4400/3277/4400 998/3273/998 3110/893/3110
f 4399/3275/4399 2055/896/2055 999/3264/999
f 4399/3275/4399 2054/3274/2054 2055/896/2055
f 2054/3274/2054 222/894/222 2055/896/2055
f 4397/3270/4397 4399/3275/4399 999/3264/999
f 4397/3270/4397 4398/3272/4398 4399/3275/4399
f 4398/3272/4398 998/3273/998 4399/3275/4399
f 1975/3271/1975 3111/3266/3111 216/870/216
f 1975/3271/1975 4397/3270/4397 3111/3266/3111
f 4397/3270/4397 999/3264/999 3111/3266/3111
f 4396/3268/4396 2056/3262/2056 1000/3261/1000
f 4396/3268/4396 1983/3175/1983 2056/3262/2056
f 1983/3175/1983 223/898/223 2056/3262/2056
f 4394/3265/4394 4396/3268/4396 1000/3261/1000
f 4394/3265/4394 4395/3267/4395 4396/3268/4396
f 4395/3267/4395 927/3173/927 4396/3268/4396
f 3111/3266/3111 3112/897/3112 216/870/216
f 3111/3266/3111 4394/3265/4394 3112/897/3112
f 4394/3265/4394 1000/3261/1000 3112/897/3112
f 4393/3263/4393 2057/900/2057 1001/3252/1001
f 4393/3263/4393 2056/3262/2056 2057/900/2057
f 2056/3262/2056 223/898/223 2057/900/2057
f 4391/3258/4391 4393/3263/4393 1001/3252/1001
f 4391/3258/4391 4392/3260/4392 4393/3263/4393
f 4392/3260/4392 1000/3261/1000 4393/3263/4393
f 1976/3259/1976 3113/3254/3113 217/874/217
f 1976/3259/1976 4391/3258/4391 3113/3254/3113
f 4391/3258/4391 1001/3252/1001 3113/3254/3113
f 4390/3256/4390 2058/3250/2058 1002/3249/1002
f 4390/3256/4390 1984/3163/1984 2058/3250/2058
f 1984/3163/1984 224/902/224 2058/3250/2058
f 4388/3253/4388 4390/3256/4390 1002/3249/1002
f 4388/3253/4388 4389/3255/4389 4390/3256/4390
f 4389/3255/4389 928/3161/928 4390/3256/4390
f 3113/3254/3113 3114/901/3114 217/874/217
f 3113/3254/3113 4388/3253/4388 3114/901/3114
f 4388/3253/4388 1002/3249/1002 3114/901/3114
f 4387/3251/4387 2059/904/2059 1003/3240/1003
f 4387/3251/4387 2058/3250/2058 2059/904/2059
f 2058/3250/2058 224/902/224 2059/904/2059
f 4385/3246/4385 4387/3251/4387 1003/3240/1003
f 4385/3246/4385 4386/3248/4386 4387/3251/4387
f 4386/3248/4386 1002/3249/1002 4387/3251/4387
f 1970/3247/1970 3115/3242/3115 15/531/15
f 1970/3247/1970 4385/3246/4385 3115/3242/3115
f 4385/3246/4385 1003/3240/1003 3115/3242/3115
f 4384/3244/4384 2463/536/2463 351/4290/351
f 4384/3244/4384 1977/3151/1977 2463/536/2463
f 1977/3151/1977 14/534/14 2463/536/2463
f 4382/3241/4382 4384/3244/4384 351/4290/351
f 4382/3241/4382 4383/3243/4383 4384/3244/4384
f 4383/3243/4383 921/3149/921 4384/3244/4384
f 3115/3242/3115 1407/4292/1407 15/531/15
f 3115/3242/3115 4382/3241/4382 1407/4292/1407
f 4382/3241/4382 351/4290/351 1407/4292/1407
f 4381/3239/4381 2061/908/2061 1005/3228/1005
f 4381/3239/4381 2060/3238/2060 2061/908/2061
f 2060/3238/2060 225/906/225 2061/908/2061
f 4379/3234/4379 4381/3239/4381 1005/3228/1005
f 4379/3234/4379 4380/3236/4380 4381/3239/4381
f 4380/3236/4380 1004/3237/1004 4381/3239/4381
f 1978/3235/1978 3117/3230/3117 218/878/218
f 1978/3235/1978 4379/3234/4379 3117/3230/3117
f 4379/3234/4379 1005/3228/1005 3117/3230/3117
f 4378/3232/4378 2062/3226/2062 1006/3225/1006
f 4378/3232/4378 1987/3127/1987 2062/3226/2062
f 1987/3127/1987 226/910/226 2062/3226/2062
f 4376/3229/4376 4378/3232/4378 1006/3225/1006
f 4376/3229/4376 4377/3231/4377 4378/3232/4378
f 4377/3231/4377 931/3125/931 4378/3232/4378
f 3117/3230/3117 3118/909/3118 218/878/218
f 3117/3230/3117 4376/3229/4376 3118/909/3118
f 4376/3229/4376 1006/3225/1006 3118/909/3118
f 4375/3227/4375 2063/912/2063 1007/3216/1007
f 4375/3227/4375 2062/3226/2062 2063/912/2063
f 2062/3226/2062 226/910/226 2063/912/2063
f 4373/3222/4373 4375/3227/4375 1007/3216/1007
f 4373/3222/4373 4374/3224/4374 4375/3227/4375
f 4374/3224/4374 1006/3225/1006 4375/3227/4375
f 1979/3223/1979 3119/3218/3119 219/882/219
f 1979/3223/1979 4373/3222/4373 3119/3218/3119
f 4373/3222/4373 1007/3216/1007 3119/3218/3119
f 4372/3220/4372 2064/3214/2064 1008/3213/1008
f 4372/3220/4372 1988/3115/1988 2064/3214/2064
f 1988/3115/1988 227/914/227 2064/3214/2064
f 4370/3217/4370 4372/3220/4372 1008/3213/1008
f 4370/3217/4370 4371/3219/4371 4372/3220/4372
f 4371/3219/4371 932/3113/932 4372/3220/4372
f 3119/3218/3119 3120/913/3120 219/882/219
f 3119/3218/3119 4370/3217/4370 3120/913/3120
f 4370/3217/4370 1008/3213/1008 3120/913/3120
f 4369/3215/4369 2065/916/2065 1009/3204/1009
f 4369/3215/4369 2064/3214/2064 2065/916/2065
f 2064/3214/2064 227/914/227 2065/916/2065
f 4367/3210/4367 4369/3215/4369 1009/3204/1009
f 4367/3210/4367 4368/3212/4368 4369/3215/4369
f 4368/3212/4368 1008/3213/1008 4369/3215/4369
f 1980/3211/1980 3121/3206/3121 220/886/220
f 1980/3211/1980 4367/3210/4367 3121/3206/3121
f 4367/3210/4367 1009/3204/1009 3121/3206/3121
f 4366/3208/4366 2066/3202/2066 1010/3201/1010
f 4366/3208/4366 1989/3103/1989 2066/3202/2066
f 1989/3103/1989 228/918/228 2066/3202/2066
f 4364/3205/4364 4366/3208/4366 1010/3201/1010
f 4364/3205/4364 4365/3207/4365 4366/3208/4366
f 4365/3207/4365 933/3101/933 4366/3208/4366
f 3121/3206/3121 3122/917/3122 220/886/220
f 3121/3206/3121 4364/3205/4364 3122/917/3122
f 4364/3205/4364 1010/3201/1010 3122/917/3122
f 4363/3203/4363 2067/920/2067 1011/3192/1011
f 4363/3203/4363 2066/3202/2066 2067/920/2067
f 2066/3202/2066 228/918/228 2067/920/2067
f 4361/3198/4361 4363/3203/4363 1011/3192/1011
f 4361/3198/4361 4362/3200/4362 4363/3203/4363
f 4362/3200/4362 1010/3201/1010 4363/3203/4363
f 1981/3199/1981 3123/3194/3123 221/890/221
f 1981/3199/1981 4361/3198/4361 3123/3194/3123
f 4361/3198/4361 1011/3192/1011 3123/3194/3123
f 4360/3196/4360 2068/3190/2068 1012/3189/1012
f 4360/3196/4360 1990/3091/1990 2068/3190/2068
f 1990/3091/1990 229/922/229 2068/3190/2068
f 4358/3193/4358 4360/3196/4360 1012/3189/1012
f 4358/3193/4358 4359/3195/4359 4360/3196/4360
f 4359/3195/4359 934/3089/934 4360/3196/4360
f 3123/3194/3123 3124/921/3124 221/890/221
f 3123/3194/3123 4358/3193/4358 3124/921/3124
f 4358/3193/4358 1012/3189/1012 3124/921/3124
f 4357/3191/4357 2069/924/2069 1013/3180/1013
f 4357/3191/4357 2068/3190/2068 2069/924/2069
f 2068/3190/2068 229/922/229 2069/924/2069
f 4355/3186/4355 4357/3191/4357 1013/3180/1013
f 4355/3186/4355 4356/3188/4356 4357/3191/4357
f 4356/3188/4356 1012/3189/1012 4357/3191/4357
f 1982/3187/1982 3125/3182/3125 222/894/222
f 1982/3187/1982 4355/3186/4355 3125/3182/3125
f 4355/3186/4355 1013/3180/1013 3125/3182/3125
f 4354/3184/4354 2070/3178/2070 1014/3177/1014
f 4354/3184/4354 1991/3079/1991 2070/3178/2070
f 1991/3079/1991 230/926/230 2070/3178/2070
f 4352/3181/4352 4354/3184/4354 1014/3177/1014
f 4352/3181/4352 4353/3183/4353 4354/3184/4354
f 4353/3183/4353 935/3077/935 4354/3184/4354
f 3125/3182/3125 3126/925/3126 222/894/222
f 3125/3182/3125 4352/3181/4352 3126/925/3126
f 4352/3181/4352 1014/3177/1014 3126/925/3126
f 4351/3179/4351 2071/928/2071 1015/3168/1015
f 4351/3179/4351 2070/3178/2070 2071/928/2071
f 2070/3178/2070 230/926/230 2071/928/2071
f 4349/3174/4349 4351/3179/4351 1015/3168/1015
f 4349/3174/4349 4350/3176/4350 4351/3179/4351
f 4350/3176/4350 1014/3177/1014 4351/3179/4351
f 1983/3175/1983 3127/3170/3127 223/898/223
f 1983/3175/1983 4349/3174/4349 3127/3170/3127
f 4349/3174/4349 1015/3168/1015 3127/3170/3127
f 4348/3172/4348 2072/3166/2072 1016/3165/1016
f 4348/3172/4348 1992/3067/1992 2072/3166/2072
f 1992/3067/1992 231/930/231 2072/3166/2072
f 4346/3169/4346 4348/3172/4348 1016/3165/1016
f 4346/3169/4346 4347/3171/4347 4348/3172/4348
f 4347/3171/4347 936/3065/936 4348/3172/4348
f 3127/3170/3127 3128/929/3128 223/898/223
f 3127/3170/3127 4346/3169/4346 3128/929/3128
f 4346/3169/4346 1016/3165/1016 3128/929/3128
f 4345/3167/4345 2073/932/2073 1017/3156/1017
f 4345/3167/4345 2072/3166/2072 2073/932/2073
f 2072/3166/2072 231/930/231 2073/932/2073
f 4343/3162/4343 4345/3167/4345 1017/3156/1017
f 4343/3162/4343 4344/3164/4344 4345/3167/4345
f 4344/3164/4344 1016/3165/1016 4345/3167/4345
f 1984/3163/1984 3129/3158/3129 224/902/224
f 1984/3163/1984 4343/3162/4343 3129/3158/3129
f 4343/3162/4343 1017/3156/1017 3129/3158/3129
f 4342/3160/4342 2074/3154/2074 1018/3153/1018
f 4342/3160/4342 1993/3055/1993 2074/3154/2074
f 1993/3055/1993 232/934/232 2074/3154/2074
f 4340/3157/4340 4342/3160/4342 1018/3153/1018
f 4340/3157/4340 4341/3159/4341 4342/3160/4342
f 4341/3159/4341 937/3053/937 4342/3160/4342
f 3129/3158/3129 3130/933/3130 224/902/224
f 3129/3158/3129 4340/3157/4340 3130/933/3130
f 4340/3157/4340 1018/3153/1018 3130/933/3130
f 4339/3155/4339 2075/936/2075 1019/3144/1019
f 4339/3155/4339 2074/3154/2074 2075/936/2075
f 2074/3154/2074 232/934/232 2075/936/2075
f 4337/3150/4337 4339/3155/4339 1019/3144/1019
f 4337/3150/4337 4338/3152/4338 4339/3155/4339
f 4338/3152/4338 1018/3153/1018 4339/3155/4339
f 1977/3151/1977 3131/3146/3131 14/534/14
f 1977/3151/1977 4337/3150/4337 3131/3146/3131
f 4337/3150/4337 1019/3144/1019 3131/3146/3131
f 4336/3148/4336 2462/539/2462 350/4285/350
f 4336/3148/4336 1985/3043/1985 2462/539/2462
f 1985/3043/1985 13/537/13 2462/539/2462
f 4334/3145/4334 4336/3148/4336 350/4285/350
f 4334/3145/4334 4335/3147/4335 4336/3148/4336
f 4335/3147/4335 929/3041/929 4336/3148/4336
f 3131/3146/3131 1406/4287/1406 14/534/14
f 3131/3146/3131 4334/3145/4334 1406/4287/1406
f 4334/3145/4334 350/4285/350 1406/4287/1406
f 4333/3143/4333 2077/940/2077 1021/3132/1021
f 4333/3143/4333 2076/3142/2076 2077/940/2077
f 2076/3142/2076 233/938/233 2077/940/2077
f 4331/3138/4331 4333/3143/4333 1021/3132/1021
f 4331/3138/4331 4332/3140/4332 4333/3143/4333
f 4332/3140/4332 1020/3141/1020 4333/3143/4333
f 1986/3139/1986 3133/3134/3133 225/906/225
f 1986/3139/1986 4331/3138/4331 3133/3134/3133
f 4331/3138/4331 1021/3132/1021 3133/3134/3133
f 4330/3136/4330 2078/3130/2078 1022/3129/1022
f 4330/3136/4330 1996/3020/1996 2078/3130/2078
f 1996/3020/1996 234/942/234 2078/3130/2078
f 4328/3133/4328 4330/3136/4330 1022/3129/1022
f 4328/3133/4328 4329/3135/4329 4330/3136/4330
f 4329/3135/4329 940/3018/940 4330/3136/4330
f 3133/3134/3133 3134/941/3134 225/906/225
f 3133/3134/3133 4328/3133/4328 3134/941/3134
f 4328/3133/4328 1022/3129/1022 3134/941/3134
f 4327/3131/4327 2079/944/2079 1023/3120/1023
f 4327/3131/4327 2078/3130/2078 2079/944/2079
f 2078/3130/2078 234/942/234 2079/944/2079
f 4325/3126/4325 4327/3131/4327 1023/3120/1023
f 4325/3126/4325 4326/3128/4326 4327/3131/4327
f 4326/3128/4326 1022/3129/1022 4327/3131/4327
f 1987/3127/1987 3135/3122/3135 226/910/226
f 1987/3127/1987 4325/3126/4325 3135/3122/3135
f 4325/3126/4325 1023/3120/1023 3135/3122/3135
f 4324/3124/4324 2080/3118/2080 1024/3117/1024
f 4324/3124/4324 1997/3009/1997 2080/3118/2080
f 1997/3009/1997 235/946/235 2080/3118/2080
f 4322/3121/4322 4324/3124/4324 1024/3117/1024
f 4322/3121/4322 4323/3123/4323 4324/3124/4324
f 4323/3123/4323 941/3007/941 4324/3124/4324
f 3135/3122/3135 3136/945/3136 226/910/226
f 3135/3122/3135 4322/3121/4322 3136/945/3136
f 4322/3121/4322 1024/3117/1024 3136/945/3136
f 4321/3119/4321 2081/948/2081 1025/3108/1025
f 4321/3119/4321 2080/3118/2080 2081/948/2081
f 2080/3118/2080 235/946/235 2081/948/2081
f 4319/3114/4319 4321/3119/4321 1025/3108/1025
f 4319/3114/4319 4320/3116/4320 4321/3119/4321
f 4320/3116/4320 1024/3117/1024 4321/3119/4321
f 1988/3115/1988 3137/3110/3137 227/914/227
f 1988/3115/1988 4319/3114/4319 3137/3110/3137
f 4319/3114/4319 1025/3108/1025 3137/3110/3137
f 4318/3112/4318 2082/3106/2082 1026/3105/1026
f 4318/3112/4318 1998/2998/1998 2082/3106/2082
f 1998/2998/1998 236/950/236 2082/3106/2082
f 4316/3109/4316 4318/3112/4318 1026/3105/1026
f 4316/3109/4316 4317/3111/4317 4318/3112/4318
f 4317/3111/4317 942/2996/942 4318/3112/4318
f 3137/3110/3137 3138/949/3138 227/914/227
f 3137/3110/3137 4316/3109/4316 3138/949/3138
f 4316/3109/4316 1026/3105/1026 3138/949/3138
f 4315/3107/4315 2083/952/2083 1027/3096/1027
f 4315/3107/4315 2082/3106/2082 2083/952/2083
f 2082/3106/2082 236/950/236 2083/952/2083
f 4313/3102/4313 4315/3107/4315 1027/3096/1027
f 4313/3102/4313 4314/3104/4314 4315/3107/4315
f 4314/3104/4314 1026/3105/1026 4315/3107/4315
f 1989/3103/1989 3139/3098/3139 228/918/228
f 1989/3103/1989 4313/3102/4313 3139/3098/3139
f 4313/3102/4313 1027/3096/1027 3139/3098/3139
f 4312/3100/4312 2084/3094/2084 1028/3093/1028
f 4312/3100/4312 1999/2988/1999 2084/3094/2084
f 1999/2988/1999 237/954/237 2084/3094/2084
f 4310/3097/4310 4312/3100/4312 1028/3093/1028
f 4310/3097/4310 4311/3099/4311 4312/3100/4312
f 4311/3099/4311 943/2986/943 4312/3100/4312
f 3139/3098/3139 3140/953/3140 228/918/228
f 3139/3098/3139 4310/3097/4310 3140/953/3140
f 4310/3097/4310 1028/3093/1028 3140/953/3140
f 4309/3095/4309 2085/956/2085 1029/3084/1029
f 4309/3095/4309 2084/3094/2084 2085/956/2085
f 2084/3094/2084 237/954/237 2085/956/2085
f 4307/3090/4307 4309/3095/4309 1029/3084/1029
f 4307/3090/4307 4308/3092/4308 4309/3095/4309
f 4308/3092/4308 1028/3093/1028 4309/3095/4309
f 1990/3091/1990 3141/3086/3141 229/922/229
f 1990/3091/1990 4307/3090/4307 3141/3086/3141
f 4307/3090/4307 1029/3084/1029 3141/3086/3141
f 4306/3088/4306 2086/3082/2086 1030/3081/1030
f 4306/3088/4306 2000/2978/2000 2086/3082/2086
f 2000/2978/2000 238/958/238 2086/3082/2086
f 4304/3085/4304 4306/3088/4306 1030/3081/1030
f 4304/3085/4304 4305/3087/4305 4306/3088/4306
f 4305/3087/4305 944/2976/944 4306/3088/4306
f 3141/3086/3141 3142/957/3142 229/922/229
f 3141/3086/3141 4304/3085/4304 3142/957/3142
f 4304/3085/4304 1030/3081/1030 3142/957/3142
f 4303/3083/4303 2087/960/2087 1031/3072/1031
f 4303/3083/4303 2086/3082/2086 2087/960/2087
f 2086/3082/2086 238/958/238 2087/960/2087
f 4301/3078/4301 4303/3083/4303 1031/3072/1031
f 4301/3078/4301 4302/3080/4302 4303/3083/4303
f 4302/3080/4302 1030/3081/1030 4303/3083/4303
f 1991/3079/1991 3143/3074/3143 230/926/230
f 1991/3079/1991 4301/3078/4301 3143/3074/3143
f 4301/3078/4301 1031/3072/1031 3143/3074/3143
f 4300/3076/4300 2088/3070/2088 1032/3069/1032
f 4300/3076/4300 2001/2965/2001 2088/3070/2088
f 2001/2965/2001 239/962/239 2088/3070/2088
f 4298/3073/4298 4300/3076/4300 1032/3069/1032
f 4298/3073/4298 4299/3075/4299 4300/3076/4300
f 4299/3075/4299 945/2963/945 4300/3076/4300
f 3143/3074/3143 3144/961/3144 230/926/230
f 3143/3074/3143 4298/3073/4298 3144/961/3144
f 4298/3073/4298 1032/3069/1032 3144/961/3144
f 4297/3071/4297 2089/964/2089 1033/3060/1033
f 4297/3071/4297 2088/3070/2088 2089/964/2089
f 2088/3070/2088 239/962/239 2089/964/2089
f 4295/3066/4295 4297/3071/4297 1033/3060/1033
f 4295/3066/4295 4296/3068/4296 4297/3071/4297
f 4296/3068/4296 1032/3069/1032 4297/3071/4297
f 1992/3067/1992 3145/3062/3145 231/930/231
f 1992/3067/1992 4295/3066/4295 3145/3062/3145
f 4295/3066/4295 1033/3060/1033 3145/3062/3145
f 4294/3064/4294 2090/3058/2090 1034/3057/1034
f 4294/3064/4294 2002/2952/2002 2090/3058/2090
f 2002/2952/2002 240/966/240 2090/3058/2090
f 4292/3061/4292 4294/3064/4294 1034/3057/1034
f 4292/3061/4292 4293/3063/4293 4294/3064/4294
f 4293/3063/4293 946/2950/946 4294/3064/4294
f 3145/3062/3145 3146/965/3146 231/930/231
f 3145/3062/3145 4292/3061/4292 3146/965/3146
f 4292/3061/4292 1034/3057/1034 3146/965/3146
f 4291/3059/4291 2091/968/2091 1035/3048/1035
f 4291/3059/4291 2090/3058/2090 2091/968/2091
f 2090/3058/2090 240/966/240 2091/968/2091
f 4289/3054/4289 4291/3059/4291 1035/3048/1035
f 4289/3054/4289 4290/3056/4290 4291/3059/4291
f 4290/3056/4290 1034/3057/1034 4291/3059/4291
f 1993/3055/1993 3147/3050/3147 232/934/232
f 1993/3055/1993 4289/3054/4289 3147/3050/3147
f 4289/3054/4289 1035/3048/1035 3147/3050/3147
f 4288/3052/4288 2092/3046/2092 1036/3045/1036
f 4288/3052/4288 2003/2939/2003 2092/3046/2092
f 2003/2939/2003 241/970/241 2092/3046/2092
f 4286/3049/4286 4288/3052/4288 1036/3045/1036
f 4286/3049/4286 4287/3051/4287 4288/3052/4288
f 4287/3051/4287 947/2937/947 4288/3052/4288
f 3147/3050/3147 3148/969/3148 232/934/232
f 3147/3050/3147 4286/3049/4286 3148/969/3148
f 4286/3049/4286 1036/3045/1036 3148/969/3148
f 4285/3047/4285 2093/972/2093 1037/3036/1037
f 4285/3047/4285 2092/3046/2092 2093/972/2093
f 2092/3046/2092 241/970/241 2093/972/2093
f 4283/3042/4283 4285/3047/4285 1037/3036/1037
f 4283/3042/4283 4284/3044/4284 4285/3047/4285
f 4284/3044/4284 1036/3045/1036 4285/3047/4285
f 1985/3043/1985 3149/3038/3149 13/537/13
f 1985/3043/1985 4283/3042/4283 3149/3038/3149
f 4283/3042/4283 1037/3036/1037 3149/3038/3149
f 4282/3040/4282 2461/542/2461 349/4280/349
f 4282/3040/4282 1994/2926/1994 2461/542/2461
f 1994/2926/1994 12/540/12 2461/542/2461
f 4280/3037/4280 4282/3040/4282 349/4280/349
f 4280/3037/4280 4281/3039/4281 4282/3040/4282
f 4281/3039/4281 938/2924/938 4282/3040/4282
f 3149/3038/3149 1405/4282/1405 13/537/13
f 3149/3038/3149 4280/3037/4280 1405/4282/1405
f 4280/3037/4280 349/4280/349 1405/4282/1405
f 4279/3035/4279 2095/5899/2095 1039/3025/1039
f 4279/3035/4279 2094/3034/2094 2095/5899/2095
f 5865/5900/5864 5866/2947/5865 2595/3687/2595
f 4277/3030/4277 4279/3035/4279 1039/3025/1039
f 4277/3030/4277 4278/3032/4278 4279/3035/4279
f 4278/3032/4278 1038/3033/1038 4279/3035/4279
f 1995/3031/1995 3151/3027/3151 233/938/233
f 1995/3031/1995 4277/3030/4277 3151/3027/3151
f 4277/3030/4277 1039/3025/1039 3151/3027/3151
f 4276/1003/4276 2096/3023/2096 1040/3022/1040
f 5684/5781/5683 2480/33/2480 5678/32/5677
f 2585/1472/2585 5862/1471/5861 5642/3699/5641
f 4274/3026/4274 4276/1003/4276 1040/3022/1040
f 4274/3026/4274 4275/1004/4275 4276/1003/4276
f 5881/37/5880 5660/39/5659 2655/3631/2655
f 3151/3027/3151 3152/977/3152 233/938/233
f 3151/3027/3151 4274/3026/4274 3152/977/3152
f 4274/3026/4274 1040/3022/1040 3152/977/3152
f 4273/3024/4273 2097/5901/2097 1041/3014/1041
f 4273/3024/4273 2096/3023/2096 2097/5901/2097
f 5738/5902/5737 2101/976/2101 2100/3001/2100
f 4271/3019/4271 4273/3024/4273 1041/3014/1041
f 4271/3019/4271 4272/3021/4272 4273/3024/4273
f 4272/3021/4272 1040/3022/1040 4273/3024/4273
f 1996/3020/1996 3153/3016/3153 234/942/234
f 1996/3020/1996 4271/3019/4271 3153/3016/3153
f 4271/3019/4271 1041/3014/1041 3153/3016/3153
f 4270/5903/4270 2098/3012/2098 1042/3011/1042
f 5685/4/5684 5673/6/5672 5684/5781/5683
f 5737/5904/5736 2100/3001/2100 4264/983/4264
f 4268/3015/4268 4270/5903/4270 1042/3011/1042
f 4268/3015/4268 4269/996/4269 4270/5903/4270
f 5884/5783/5883 1388/2975/1388 5683/2974/5682
f 3153/3016/3153 3154/981/3154 234/942/234
f 3153/3016/3153 4268/3015/4268 3154/981/3154
f 4268/3015/4268 1042/3011/1042 3154/981/3154
f 4267/3013/4267 2099/5905/2099 1043/3003/1043
f 4267/3013/4267 2098/3012/2098 2099/5905/2099
f 5857/3720/5856 2517/2936/2517 5649/5787/5648
f 4265/3008/4265 4267/3013/4267 1043/3003/1043
f 4265/3008/4265 4266/3010/4266 4267/3013/4267
f 4266/3010/4266 1042/3011/1042 4267/3013/4267
f 1997/3009/1997 3155/3005/3155 235/946/235
f 1997/3009/1997 4265/3008/4265 3155/3005/3155
f 4265/3008/4265 1043/3003/1043 3155/3005/3155
f 4264/983/4264 2100/3001/2100 1044/3000/1044
f 5686/47/5685 5674/5/5673 5685/4/5684
f 5854/3733/5853 2571/3732/2571 2514/5871/2514
f 4262/3004/4262 4264/983/4264 1044/3000/1044
f 4262/3004/4262 4263/984/4263 4264/983/4264
f 5797/1489/5796 1946/5719/1946 1945/1490/1945
f 3155/3005/3155 3156/985/3156 235/946/235
f 3155/3005/3155 4262/3004/4262 3156/985/3156
f 4262/3004/4262 1044/3000/1044 3156/985/3156
f 4261/3002/4261 2101/976/2101 1045/2992/1045
f 4261/3002/4261 2100/3001/2100 2101/976/2101
f 5735/5906/5734 4263/984/4263 2099/5905/2099
f 4259/2997/4259 4261/3002/4261 1045/2992/1045
f 4259/2997/4259 4260/2999/4260 4261/3002/4261
f 4260/2999/4260 1044/3000/1044 4261/3002/4261
f 1998/2998/1998 3157/2994/3157 236/950/236
f 1998/2998/1998 4259/2997/4259 3157/2994/3157
f 4259/2997/4259 1045/2992/1045 3157/2994/3157
f 4258/5765/4258 2102/758/2102 1046/2990/1046
f 5687/7/5686 2259/9/2259 5686/47/5685
f 5734/5907/5733 2099/5905/2099 2098/3012/2098
f 4256/2993/4256 4258/5765/4258 1046/2990/1046
f 4256/2993/4256 4257/975/4257 4258/5765/4258
f 5788/1527/5787 5789/5849/5788 1941/1528/1941
f 3157/2994/3157 3158/989/3158 236/950/236
f 3157/2994/3157 4256/2993/4256 3158/989/3158
f 4256/2993/4256 1046/2990/1046 3158/989/3158
f 4255/2991/4255 2103/757/2103 1047/2982/1047
f 4255/2991/4255 2102/758/2102 2103/757/2103
f 5849/4344/5848 5655/2923/5654 5654/1460/5653
f 4253/2987/4253 4255/2991/4255 1047/2982/1047
f 4253/2987/4253 4254/2989/4254 4255/2991/4255
f 4254/2989/4254 1046/2990/1046 4255/2991/4255
f 1999/2988/1999 3159/2984/3159 237/954/237
f 1999/2988/1999 4253/2987/4253 3159/2984/3159
f 4253/2987/4253 1047/2982/1047 3159/2984/3159
f 4252/5892/4252 2104/750/2104 1048/2980/1048
f 5688/5788/5687 2260/8/2260 5687/7/5686
f 5732/995/5731 5733/5908/5732 4270/5903/4270
f 4250/2983/4250 4252/5892/4252 1048/2980/1048
f 4250/2983/4250 4251/2985/4251 4252/5892/4252
f 5780/1567/5779 4618/476/4618 4617/503/4617
f 3159/2984/3159 3160/993/3160 237/954/237
f 3159/2984/3159 4250/2983/4250 3160/993/3160
f 4250/2983/4250 1048/2980/1048 3160/993/3160
f 4249/2981/4249 2105/5890/2105 1049/2969/1049
f 4249/2981/4249 2104/750/2104 2105/5890/2105
f 5843/1456/5842 5682/4368/5681 2490/4367/2490
f 4247/2977/4247 4249/2981/4249 1049/2969/1049
f 4247/2977/4247 4248/2979/4248 4249/2981/4249
f 4248/2979/4248 1048/2980/1048 4249/2981/4249
f 2000/2978/2000 3161/2971/3161 238/958/238
f 2000/2978/2000 4247/2977/4247 3161/2971/3161
f 4247/2977/4247 1049/2969/1049 3161/2971/3161
f 4246/5886/4246 2106/742/2106 1050/2967/1050
f 5689/59/5688 3915/60/3915 5688/5788/5687
f 5840/5909/5839 5841/2319/5840 1783/4380/1783
f 4244/2970/4244 4246/5886/4246 1050/2967/1050
f 4244/2970/4244 4245/2972/4245 4246/5886/4246
f 5771/1604/5770 5772/5798/5771 4629/1605/4629
f 3161/2971/3161 3162/997/3162 238/958/238
f 3161/2971/3161 4244/2970/4244 3162/997/3162
f 4244/2970/4244 1050/2967/1050 3162/997/3162
f 4243/2968/4243 2107/5882/2107 1051/2957/1051
f 4243/2968/4243 2106/742/2106 2107/5882/2107
f 5730/5910/5729 5731/994/5730 2097/5901/2097
f 4241/2964/4241 4243/2968/4243 1051/2957/1051
f 4241/2964/4241 4242/2966/4242 4243/2968/4243
f 4242/2966/4242 1050/2967/1050 4243/2968/4243
f 2001/2965/2001 3163/2959/3163 239/962/239
f 2001/2965/2001 4241/2964/4241 3163/2959/3163
f 4241/2964/4241 1051/2957/1051 3163/2959/3163
f 4240/738/4240 2108/2955/2108 1052/2954/1052
f 5690/10/5689 3916/12/3916 5689/59/5688
f 5730/5910/5729 2096/3023/2096 4276/1003/4276
f 4238/2958/4238 4240/738/4240 1052/2954/1052
f 4238/2958/4238 4239/2960/4239 4240/738/4240
f 5880/3630/5879 5881/37/5880 2655/3631/2655
f 3163/2959/3163 3164/1001/3164 239/962/239
f 3163/2959/3163 4238/2958/4238 3164/1001/3164
f 4238/2958/4238 1052/2954/1052 3164/1001/3164
f 4237/2956/4237 2109/5878/2109 1053/2944/1053
f 4237/2956/4237 2108/2955/2108 2109/5878/2109
f 5835/4402/5834 4954/4401/4953 4953/1448/4952
f 4235/2951/4235 4237/2956/4237 1053/2944/1053
f 4235/2951/4235 4236/2953/4236 4237/2956/4237
f 4236/2953/4236 1052/2954/1052 4237/2956/4237
f 2002/2952/2002 3165/2946/3165 240/966/240
f 2002/2952/2002 4235/2951/4235 3165/2946/3165
f 4235/2951/4235 1053/2944/1053 3165/2946/3165
f 4234/733/4234 2110/2942/2110 1054/2941/1054
f 5690/10/5689 2262/5789/2262 2261/11/2261
f 5832/5756/5831 5833/4413/5832 1778/4361/1778
f 4232/2945/4232 4234/733/4234 1054/2941/1054
f 4232/2945/4232 4233/734/4233 4234/733/4234
f 5872/3664/5871 5873/5895/5872 2539/3665/2539
f 3165/2946/3165 3166/1005/3166 240/966/240
f 3165/2946/3165 4232/2945/4232 3166/1005/3166
f 4232/2945/4232 1054/2941/1054 3166/1005/3166
f 4231/2943/4231 2111/5874/2111 1055/2931/1055
f 4231/2943/4231 2110/2942/2110 2111/5874/2111
f 5728/5911/5727 4275/1004/4275 2095/5899/2095
f 4229/2938/4229 4231/2943/4231 1055/2931/1055
f 4229/2938/4229 4230/2940/4230 4231/2943/4231
f 4230/2940/4230 1054/2941/1054 4231/2943/4231
f 2003/2939/2003 3167/2933/3167 241/970/241
f 2003/2939/2003 4229/2938/4229 3167/2933/3167
f 4229/2938/4229 1055/2931/1055 3167/2933/3167
f 4228/5872/4228 2112/2929/2112 1056/2928/1056
f 5691/76/5690 3909/77/3909 2262/5789/2262
f 5727/5912/5726 2095/5899/2095 2094/3034/2094
f 4226/2932/4226 4228/5872/4228 1056/2928/1056
f 4226/2932/4226 4227/730/4227 4228/5872/4228
f 5863/3697/5862 5864/5887/5863 5643/3698/5642
f 3167/2933/3167 3168/1009/3168 241/970/241
f 3167/2933/3167 4226/2932/4226 3168/1009/3168
f 4226/2932/4226 1056/2928/1056 3168/1009/3168
f 4225/2930/4225 2113/726/2113 1057/2917/1057
f 4225/2930/4225 2112/2929/2112 2113/726/2113
f 5826/5744/5825 5827/4434/5826 4965/4379/4964
f 4223/2925/4223 4225/2930/4225 1057/2917/1057
f 4223/2925/4223 4224/2927/4224 4225/2930/4225
f 4224/2927/4224 1056/2928/1056 4225/2930/4225
f 1994/2926/1994 3169/2919/3169 12/540/12
f 1994/2926/1994 4223/2925/4223 3169/2919/3169
f 4223/2925/4223 1057/2917/1057 3169/2919/3169
f 4222/5768/4222 2460/512/2460 348/5735/348
f 5692/13/5691 3910/15/3910 3909/77/3909
f 4220/2918/4220 4222/5768/4222 348/5735/348
f 4220/2918/4220 4221/2920/4221 4222/5768/4222
f 5855/3731/5854 5648/5786/5647 2571/3732/2571
f 3169/2919/3169 1404/5737/1404 12/540/12
f 3169/2919/3169 4220/2918/4220 1404/5737/1404
f 4220/2918/4220 348/5735/348 1404/5737/1404
f 4219/2916/4219 2446/765/2446 334/3621/334
f 4219/2916/4219 2114/2862/2114 2446/765/2446
f 2114/2862/2114 31/763/31 2446/765/2446
f 4217/2913/4217 4219/2916/4219 334/3621/334
f 4217/2913/4217 4218/2915/4218 4219/2916/4219
f 4218/2915/4218 1058/2860/1058 4219/2916/4219
f 1391/2914/1391 1390/3623/1390 1/5838/1
f 1391/2914/1391 4217/2913/4217 1390/3623/1390
f 4217/2913/4217 334/3621/334 1390/3623/1390
f 4216/2911/4216 2169/2865/2169 1113/2864/1113
f 4216/2911/4216 2116/2850/2116 2169/2865/2169
f 2116/2850/2116 242/1044/242 2169/2865/2169
f 4214/2908/4214 4216/2911/4216 1113/2864/1113
f 4214/2908/4214 4215/2910/4215 4216/2911/4216
f 4215/2910/4215 1060/2848/1060 4216/2911/4216
f 1433/2909/1433 3225/1043/3225 41/1013/41
f 1433/2909/1433 4214/2908/4214 3225/1043/3225
f 4214/2908/4214 1113/2864/1113 3225/1043/3225
f 4213/2906/4213 2171/2853/2171 1115/2852/1115
f 4213/2906/4213 2118/2826/2118 2171/2853/2171
f 2118/2826/2118 243/1048/243 2171/2853/2171
f 4211/2903/4211 4213/2906/4213 1115/2852/1115
f 4211/2903/4211 4212/2905/4212 4213/2906/4213
f 4212/2905/4212 1062/2824/1062 4213/2906/4213
f 1432/2904/1432 3227/1047/3227 40/1016/40
f 1432/2904/1432 4211/2903/4211 3227/1047/3227
f 4211/2903/4211 1115/2852/1115 3227/1047/3227
f 4210/2901/4210 2175/2829/2175 1119/2828/1119
f 4210/2901/4210 2121/2790/2121 2175/2829/2175
f 2121/2790/2121 245/1056/245 2175/2829/2175
f 4208/2898/4208 4210/2901/4210 1119/2828/1119
f 4208/2898/4208 4209/2900/4209 4210/2901/4210
f 4209/2900/4209 1065/2788/1065 4210/2901/4210
f 1431/2899/1431 3231/1055/3231 39/1019/39
f 1431/2899/1431 4208/2898/4208 3231/1055/3231
f 4208/2898/4208 1119/2828/1119 3231/1055/3231
f 4207/2896/4207 2181/2793/2181 1125/2792/1125
f 4207/2896/4207 2125/2742/2125 2181/2793/2181
f 2125/2742/2125 248/1068/248 2181/2793/2181
f 4205/2893/4205 4207/2896/4207 1125/2792/1125
f 4205/2893/4205 4206/2895/4206 4207/2896/4207
f 4206/2895/4206 1069/2740/1069 4207/2896/4207
f 1430/2894/1430 3237/1067/3237 38/1022/38
f 1430/2894/1430 4205/2893/4205 3237/1067/3237
f 4205/2893/4205 1125/2792/1125 3237/1067/3237
f 4204/2891/4204 2189/2745/2189 1133/2744/1133
f 4204/2891/4204 2130/2682/2130 2189/2745/2189
f 2130/2682/2130 252/1084/252 2189/2745/2189
f 4202/2888/4202 4204/2891/4204 1133/2744/1133
f 4202/2888/4202 4203/2890/4203 4204/2891/4204
f 4203/2890/4203 1074/2680/1074 4204/2891/4204
f 1429/2889/1429 3245/1083/3245 37/1025/37
f 1429/2889/1429 4202/2888/4202 3245/1083/3245
f 4202/2888/4202 1133/2744/1133 3245/1083/3245
f 4201/2886/4201 2199/2685/2199 1143/2684/1143
f 4201/2886/4201 2136/2610/2136 2199/2685/2199
f 2136/2610/2136 257/1104/257 2199/2685/2199
f 4199/2883/4199 4201/2886/4201 1143/2684/1143
f 4199/2883/4199 4200/2885/4200 4201/2886/4201
f 4200/2885/4200 1080/2608/1080 4201/2886/4201
f 1428/2884/1428 3255/1103/3255 36/1028/36
f 1428/2884/1428 4199/2883/4199 3255/1103/3255
f 4199/2883/4199 1143/2684/1143 3255/1103/3255
f 4198/2881/4198 2211/2613/2211 1155/2612/1155
f 4198/2881/4198 2143/2526/2143 2211/2613/2211
f 2143/2526/2143 263/1128/263 2211/2613/2211
f 4196/2878/4196 4198/2881/4198 1155/2612/1155
f 4196/2878/4196 4197/2880/4197 4198/2881/4198
f 4197/2880/4197 1087/2524/1087 4198/2881/4198
f 1427/2879/1427 3267/1127/3267 35/1031/35
f 1427/2879/1427 4196/2878/4196 3267/1127/3267
f 4196/2878/4196 1155/2612/1155 3267/1127/3267
f 4195/2876/4195 2225/2529/2225 1169/2528/1169
f 4195/2876/4195 2151/2430/2151 2225/2529/2225
f 2151/2430/2151 270/1156/270 2225/2529/2225
f 4193/2873/4193 4195/2876/4195 1169/2528/1169
f 4193/2873/4193 4194/2875/4194 4195/2876/4195
f 4194/2875/4194 1095/2428/1095 4195/2876/4195
f 1426/2874/1426 3281/1155/3281 34/1034/34
f 1426/2874/1426 4193/2873/4193 3281/1155/3281
f 4193/2873/4193 1169/2528/1169 3281/1155/3281
f 4192/2871/4192 2241/2433/2241 1185/2432/1185
f 4192/2871/4192 2160/2323/2160 2241/2433/2241
f 2160/2323/2160 278/1188/278 2241/2433/2241
f 4190/2868/4190 4192/2871/4192 1185/2432/1185
f 4190/2868/4190 4191/2870/4191 4192/2871/4192
f 4191/2870/4191 1104/2321/1104 4192/2871/4192
f 1425/2869/1425 3297/1187/3297 33/1037/33
f 1425/2869/1425 4190/2868/4190 3297/1187/3297
f 4190/2868/4190 1185/2432/1185 3297/1187/3297
f 4189/2866/4189 2170/1046/2170 1114/2855/1114
f 4189/2866/4189 2169/2865/2169 2170/1046/2170
f 2169/2865/2169 242/1044/242 2170/1046/2170
f 4187/2861/4187 4189/2866/4189 1114/2855/1114
f 4187/2861/4187 4188/2863/4188 4189/2866/4189
f 4188/2863/4188 1113/2864/1113 4189/2866/4189
f 2114/2862/2114 3226/2857/3226 31/763/31
f 2114/2862/2114 4187/2861/4187 3226/2857/3226
f 4187/2861/4187 1114/2855/1114 3226/2857/3226
f 4186/2859/4186 2479/768/2479 367/3616/367
f 4186/2859/4186 2115/2838/2115 2479/768/2479
f 2115/2838/2115 30/766/30 2479/768/2479
f 4184/2856/4184 4186/2859/4186 367/3616/367
f 4184/2856/4184 4185/2858/4185 4186/2859/4186
f 4185/2858/4185 1059/2836/1059 4186/2859/4186
f 3226/2857/3226 1423/3618/1423 31/763/31
f 3226/2857/3226 4184/2856/4184 1423/3618/1423
f 4184/2856/4184 367/3616/367 1423/3618/1423
f 4183/2854/4183 2172/1050/2172 1116/2843/1116
f 4183/2854/4183 2171/2853/2171 2172/1050/2172
f 2171/2853/2171 243/1048/243 2172/1050/2172
f 4181/2849/4181 4183/2854/4183 1116/2843/1116
f 4181/2849/4181 4182/2851/4182 4183/2854/4183
f 4182/2851/4182 1115/2852/1115 4183/2854/4183
f 2116/2850/2116 3228/2845/3228 242/1044/242
f 2116/2850/2116 4181/2849/4181 3228/2845/3228
f 4181/2849/4181 1116/2843/1116 3228/2845/3228
f 4180/2847/4180 2173/2841/2173 1117/2840/1117
f 4180/2847/4180 2119/2814/2119 2173/2841/2173
f 2119/2814/2119 244/1052/244 2173/2841/2173
f 4178/2844/4178 4180/2847/4180 1117/2840/1117
f 4178/2844/4178 4179/2846/4179 4180/2847/4180
f 4179/2846/4179 1063/2812/1063 4180/2847/4180
f 3228/2845/3228 3229/1051/3229 242/1044/242
f 3228/2845/3228 4178/2844/4178 3229/1051/3229
f 4178/2844/4178 1117/2840/1117 3229/1051/3229
f 4177/2842/4177 2174/1054/2174 1118/2831/1118
f 4177/2842/4177 2173/2841/2173 2174/1054/2174
f 2173/2841/2173 244/1052/244 2174/1054/2174
f 4175/2837/4175 4177/2842/4177 1118/2831/1118
f 4175/2837/4175 4176/2839/4176 4177/2842/4177
f 4176/2839/4176 1117/2840/1117 4177/2842/4177
f 2115/2838/2115 3230/2833/3230 30/766/30
f 2115/2838/2115 4175/2837/4175 3230/2833/3230
f 4175/2837/4175 1118/2831/1118 3230/2833/3230
f 4174/2835/4174 2478/771/2478 366/3611/366
f 4174/2835/4174 2117/2802/2117 2478/771/2478
f 2117/2802/2117 29/769/29 2478/771/2478
f 4172/2832/4172 4174/2835/4174 366/3611/366
f 4172/2832/4172 4173/2834/4173 4174/2835/4174
f 4173/2834/4173 1061/2800/1061 4174/2835/4174
f 3230/2833/3230 1422/3613/1422 30/766/30
f 3230/2833/3230 4172/2832/4172 1422/3613/1422
f 4172/2832/4172 366/3611/366 1422/3613/1422
f 4171/2830/4171 2176/1058/2176 1120/2819/1120
f 4171/2830/4171 2175/2829/2175 2176/1058/2176
f 2175/2829/2175 245/1056/245 2176/1058/2176
f 4169/2825/4169 4171/2830/4171 1120/2819/1120
f 4169/2825/4169 4170/2827/4170 4171/2830/4171
f 4170/2827/4170 1119/2828/1119 4171/2830/4171
f 2118/2826/2118 3232/2821/3232 243/1048/243
f 2118/2826/2118 4169/2825/4169 3232/2821/3232
f 4169/2825/4169 1120/2819/1120 3232/2821/3232
f 4168/2823/4168 2177/2817/2177 1121/2816/1121
f 4168/2823/4168 2122/2778/2122 2177/2817/2177
f 2122/2778/2122 246/1060/246 2177/2817/2177
f 4166/2820/4166 4168/2823/4168 1121/2816/1121
f 4166/2820/4166 4167/2822/4167 4168/2823/4168
f 4167/2822/4167 1066/2776/1066 4168/2823/4168
f 3232/2821/3232 3233/1059/3233 243/1048/243
f 3232/2821/3232 4166/2820/4166 3233/1059/3233
f 4166/2820/4166 1121/2816/1121 3233/1059/3233
f 4165/2818/4165 2178/1062/2178 1122/2807/1122
f 4165/2818/4165 2177/2817/2177 2178/1062/2178
f 2177/2817/2177 246/1060/246 2178/1062/2178
f 4163/2813/4163 4165/2818/4165 1122/2807/1122
f 4163/2813/4163 4164/2815/4164 4165/2818/4165
f 4164/2815/4164 1121/2816/1121 4165/2818/4165
f 2119/2814/2119 3234/2809/3234 244/1052/244
f 2119/2814/2119 4163/2813/4163 3234/2809/3234
f 4163/2813/4163 1122/2807/1122 3234/2809/3234
f 4162/2811/4162 2179/2805/2179 1123/2804/1123
f 4162/2811/4162 2123/2766/2123 2179/2805/2179
f 2123/2766/2123 247/1064/247 2179/2805/2179
f 4160/2808/4160 4162/2811/4162 1123/2804/1123
f 4160/2808/4160 4161/2810/4161 4162/2811/4162
f 4161/2810/4161 1067/2764/1067 4162/2811/4162
f 3234/2809/3234 3235/1063/3235 244/1052/244
f 3234/2809/3234 4160/2808/4160 3235/1063/3235
f 4160/2808/4160 1123/2804/1123 3235/1063/3235
f 4159/2806/4159 2180/1066/2180 1124/2795/1124
f 4159/2806/4159 2179/2805/2179 2180/1066/2180
f 2179/2805/2179 247/1064/247 2180/1066/2180
f 4157/2801/4157 4159/2806/4159 1124/2795/1124
f 4157/2801/4157 4158/2803/4158 4159/2806/4159
f 4158/2803/4158 1123/2804/1123 4159/2806/4159
f 2117/2802/2117 3236/2797/3236 29/769/29
f 2117/2802/2117 4157/2801/4157 3236/2797/3236
f 4157/2801/4157 1124/2795/1124 3236/2797/3236
f 4156/2799/4156 2477/774/2477 365/3606/365
f 4156/2799/4156 2120/2754/2120 2477/774/2477
f 2120/2754/2120 28/772/28 2477/774/2477
f 4154/2796/4154 4156/2799/4156 365/3606/365
f 4154/2796/4154 4155/2798/4155 4156/2799/4156
f 4155/2798/4155 1064/2752/1064 4156/2799/4156
f 3236/2797/3236 1421/3608/1421 29/769/29
f 3236/2797/3236 4154/2796/4154 1421/3608/1421
f 4154/2796/4154 365/3606/365 1421/3608/1421
f 4153/2794/4153 2182/1070/2182 1126/2783/1126
f 4153/2794/4153 2181/2793/2181 2182/1070/2182
f 2181/2793/2181 248/1068/248 2182/1070/2182
f 4151/2789/4151 4153/2794/4153 1126/2783/1126
f 4151/2789/4151 4152/2791/4152 4153/2794/4153
f 4152/2791/4152 1125/2792/1125 4153/2794/4153
f 2121/2790/2121 3238/2785/3238 245/1056/245
f 2121/2790/2121 4151/2789/4151 3238/2785/3238
f 4151/2789/4151 1126/2783/1126 3238/2785/3238
f 4150/2787/4150 2183/2781/2183 1127/2780/1127
f 4150/2787/4150 2126/2730/2126 2183/2781/2183
f 2126/2730/2126 249/1072/249 2183/2781/2183
f 4148/2784/4148 4150/2787/4150 1127/2780/1127
f 4148/2784/4148 4149/2786/4149 4150/2787/4150
f 4149/2786/4149 1070/2728/1070 4150/2787/4150
f 3238/2785/3238 3239/1071/3239 245/1056/245
f 3238/2785/3238 4148/2784/4148 3239/1071/3239
f 4148/2784/4148 1127/2780/1127 3239/1071/3239
f 4147/2782/4147 2184/1074/2184 1128/2771/1128
f 4147/2782/4147 2183/2781/2183 2184/1074/2184
f 2183/2781/2183 249/1072/249 2184/1074/2184
f 4145/2777/4145 4147/2782/4147 1128/2771/1128
f 4145/2777/4145 4146/2779/4146 4147/2782/4147
f 4146/2779/4146 1127/2780/1127 4147/2782/4147
f 2122/2778/2122 3240/2773/3240 246/1060/246
f 2122/2778/2122 4145/2777/4145 3240/2773/3240
f 4145/2777/4145 1128/2771/1128 3240/2773/3240
f 4144/2775/4144 2185/2769/2185 1129/2768/1129
f 4144/2775/4144 2127/2718/2127 2185/2769/2185
f 2127/2718/2127 250/1076/250 2185/2769/2185
f 4142/2772/4142 4144/2775/4144 1129/2768/1129
f 4142/2772/4142 4143/2774/4143 4144/2775/4144
f 4143/2774/4143 1071/2716/1071 4144/2775/4144
f 3240/2773/3240 3241/1075/3241 246/1060/246
f 3240/2773/3240 4142/2772/4142 3241/1075/3241
f 4142/2772/4142 1129/2768/1129 3241/1075/3241
f 4141/2770/4141 2186/1078/2186 1130/2759/1130
f 4141/2770/4141 2185/2769/2185 2186/1078/2186
f 2185/2769/2185 250/1076/250 2186/1078/2186
f 4139/2765/4139 4141/2770/4141 1130/2759/1130
f 4139/2765/4139 4140/2767/4140 4141/2770/4141
f 4140/2767/4140 1129/2768/1129 4141/2770/4141
f 2123/2766/2123 3242/2761/3242 247/1064/247
f 2123/2766/2123 4139/2765/4139 3242/2761/3242
f 4139/2765/4139 1130/2759/1130 3242/2761/3242
f 4138/2763/4138 2187/2757/2187 1131/2756/1131
f 4138/2763/4138 2128/2706/2128 2187/2757/2187
f 2128/2706/2128 251/1080/251 2187/2757/2187
f 4136/2760/4136 4138/2763/4138 1131/2756/1131
f 4136/2760/4136 4137/2762/4137 4138/2763/4138
f 4137/2762/4137 1072/2704/1072 4138/2763/4138
f 3242/2761/3242 3243/1079/3243 247/1064/247
f 3242/2761/3242 4136/2760/4136 3243/1079/3243
f 4136/2760/4136 1131/2756/1131 3243/1079/3243
f 4135/2758/4135 2188/1082/2188 1132/2747/1132
f 4135/2758/4135 2187/2757/2187 2188/1082/2188
f 2187/2757/2187 251/1080/251 2188/1082/2188
f 4133/2753/4133 4135/2758/4135 1132/2747/1132
f 4133/2753/4133 4134/2755/4134 4135/2758/4135
f 4134/2755/4134 1131/2756/1131 4135/2758/4135
f 2120/2754/2120 3244/2749/3244 28/772/28
f 2120/2754/2120 4133/2753/4133 3244/2749/3244
f 4133/2753/4133 1132/2747/1132 3244/2749/3244
f 4132/2751/4132 2476/777/2476 364/3601/364
f 4132/2751/4132 2124/2694/2124 2476/777/2476
f 2124/2694/2124 27/775/27 2476/777/2476
f 4130/2748/4130 4132/2751/4132 364/3601/364
f 4130/2748/4130 4131/2750/4131 4132/2751/4132
f 4131/2750/4131 1068/2692/1068 4132/2751/4132
f 3244/2749/3244 1420/3603/1420 28/772/28
f 3244/2749/3244 4130/2748/4130 1420/3603/1420
f 4130/2748/4130 364/3601/364 1420/3603/1420
f 4129/2746/4129 2190/1086/2190 1134/2735/1134
f 4129/2746/4129 2189/2745/2189 2190/1086/2190
f 2189/2745/2189 252/1084/252 2190/1086/2190
f 4127/2741/4127 4129/2746/4129 1134/2735/1134
f 4127/2741/4127 4128/2743/4128 4129/2746/4129
f 4128/2743/4128 1133/2744/1133 4129/2746/4129
f 2125/2742/2125 3246/2737/3246 248/1068/248
f 2125/2742/2125 4127/2741/4127 3246/2737/3246
f 4127/2741/4127 1134/2735/1134 3246/2737/3246
f 4126/2739/4126 2191/2733/2191 1135/2732/1135
f 4126/2739/4126 2131/2670/2131 2191/2733/2191
f 2131/2670/2131 253/1088/253 2191/2733/2191
f 4124/2736/4124 4126/2739/4126 1135/2732/1135
f 4124/2736/4124 4125/2738/4125 4126/2739/4126
f 4125/2738/4125 1075/2668/1075 4126/2739/4126
f 3246/2737/3246 3247/1087/3247 248/1068/248
f 3246/2737/3246 4124/2736/4124 3247/1087/3247
f 4124/2736/4124 1135/2732/1135 3247/1087/3247
f 4123/2734/4123 2192/1090/2192 1136/2723/1136
f 4123/2734/4123 2191/2733/2191 2192/1090/2192
f 2191/2733/2191 253/1088/253 2192/1090/2192
f 4121/2729/4121 4123/2734/4123 1136/2723/1136
f 4121/2729/4121 4122/2731/4122 4123/2734/4123
f 4122/2731/4122 1135/2732/1135 4123/2734/4123
f 2126/2730/2126 3248/2725/3248 249/1072/249
f 2126/2730/2126 4121/2729/4121 3248/2725/3248
f 4121/2729/4121 1136/2723/1136 3248/2725/3248
f 4120/2727/4120 2193/2721/2193 1137/2720/1137
f 4120/2727/4120 2132/2658/2132 2193/2721/2193
f 2132/2658/2132 254/1092/254 2193/2721/2193
f 4118/2724/4118 4120/2727/4120 1137/2720/1137
f 4118/2724/4118 4119/2726/4119 4120/2727/4120
f 4119/2726/4119 1076/2656/1076 4120/2727/4120
f 3248/2725/3248 3249/1091/3249 249/1072/249
f 3248/2725/3248 4118/2724/4118 3249/1091/3249
f 4118/2724/4118 1137/2720/1137 3249/1091/3249
f 4117/2722/4117 2194/1094/2194 1138/2711/1138
f 4117/2722/4117 2193/2721/2193 2194/1094/2194
f 2193/2721/2193 254/1092/254 2194/1094/2194
f 4115/2717/4115 4117/2722/4117 1138/2711/1138
f 4115/2717/4115 4116/2719/4116 4117/2722/4117
f 4116/2719/4116 1137/2720/1137 4117/2722/4117
f 2127/2718/2127 3250/2713/3250 250/1076/250
f 2127/2718/2127 4115/2717/4115 3250/2713/3250
f 4115/2717/4115 1138/2711/1138 3250/2713/3250
f 4114/2715/4114 2195/2709/2195 1139/2708/1139
f 4114/2715/4114 2133/2646/2133 2195/2709/2195
f 2133/2646/2133 255/1096/255 2195/2709/2195
f 4112/2712/4112 4114/2715/4114 1139/2708/1139
f 4112/2712/4112 4113/2714/4113 4114/2715/4114
f 4113/2714/4113 1077/2644/1077 4114/2715/4114
f 3250/2713/3250 3251/1095/3251 250/1076/250
f 3250/2713/3250 4112/2712/4112 3251/1095/3251
f 4112/2712/4112 1139/2708/1139 3251/1095/3251
f 4111/2710/4111 2196/1098/2196 1140/2699/1140
f 4111/2710/4111 2195/2709/2195 2196/1098/2196
f 2195/2709/2195 255/1096/255 2196/1098/2196
f 4109/2705/4109 4111/2710/4111 1140/2699/1140
f 4109/2705/4109 4110/2707/4110 4111/2710/4111
f 4110/2707/4110 1139/2708/1139 4111/2710/4111
f 2128/2706/2128 3252/2701/3252 251/1080/251
f 2128/2706/2128 4109/2705/4109 3252/2701/3252
f 4109/2705/4109 1140/2699/1140 3252/2701/3252
f 4108/2703/4108 2197/2697/2197 1141/2696/1141
f 4108/2703/4108 2134/2634/2134 2197/2697/2197
f 2134/2634/2134 256/1100/256 2197/2697/2197
f 4106/2700/4106 4108/2703/4108 1141/2696/1141
f 4106/2700/4106 4107/2702/4107 4108/2703/4108
f 4107/2702/4107 1078/2632/1078 4108/2703/4108
f 3252/2701/3252 3253/1099/3253 251/1080/251
f 3252/2701/3252 4106/2700/4106 3253/1099/3253
f 4106/2700/4106 1141/2696/1141 3253/1099/3253
f 4105/2698/4105 2198/1102/2198 1142/2687/1142
f 4105/2698/4105 2197/2697/2197 2198/1102/2198
f 2197/2697/2197 256/1100/256 2198/1102/2198
f 4103/2693/4103 4105/2698/4105 1142/2687/1142
f 4103/2693/4103 4104/2695/4104 4105/2698/4105
f 4104/2695/4104 1141/2696/1141 4105/2698/4105
f 2124/2694/2124 3254/2689/3254 27/775/27
f 2124/2694/2124 4103/2693/4103 3254/2689/3254
f 4103/2693/4103 1142/2687/1142 3254/2689/3254
f 4102/2691/4102 2475/780/2475 363/3596/363
f 4102/2691/4102 2129/2622/2129 2475/780/2475
f 2129/2622/2129 26/778/26 2475/780/2475
f 4100/2688/4100 4102/2691/4102 363/3596/363
f 4100/2688/4100 4101/2690/4101 4102/2691/4102
f 4101/2690/4101 1073/2620/1073 4102/2691/4102
f 3254/2689/3254 1419/3598/1419 27/775/27
f 3254/2689/3254 4100/2688/4100 1419/3598/1419
f 4100/2688/4100 363/3596/363 1419/3598/1419
f 4099/2686/4099 2200/1106/2200 1144/2675/1144
f 4099/2686/4099 2199/2685/2199 2200/1106/2200
f 2199/2685/2199 257/1104/257 2200/1106/2200
f 4097/2681/4097 4099/2686/4099 1144/2675/1144
f 4097/2681/4097 4098/2683/4098 4099/2686/4099
f 4098/2683/4098 1143/2684/1143 4099/2686/4099
f 2130/2682/2130 3256/2677/3256 252/1084/252
f 2130/2682/2130 4097/2681/4097 3256/2677/3256
f 4097/2681/4097 1144/2675/1144 3256/2677/3256
f 4096/2679/4096 2201/2673/2201 1145/2672/1145
f 4096/2679/4096 2137/2598/2137 2201/2673/2201
f 2137/2598/2137 258/1108/258 2201/2673/2201
f 4094/2676/4094 4096/2679/4096 1145/2672/1145
f 4094/2676/4094 4095/2678/4095 4096/2679/4096
f 4095/2678/4095 1081/2596/1081 4096/2679/4096
f 3256/2677/3256 3257/1107/3257 252/1084/252
f 3256/2677/3256 4094/2676/4094 3257/1107/3257
f 4094/2676/4094 1145/2672/1145 3257/1107/3257
f 4093/2674/4093 2202/1110/2202 1146/2663/1146
f 4093/2674/4093 2201/2673/2201 2202/1110/2202
f 2201/2673/2201 258/1108/258 2202/1110/2202
f 4091/2669/4091 4093/2674/4093 1146/2663/1146
f 4091/2669/4091 4092/2671/4092 4093/2674/4093
f 4092/2671/4092 1145/2672/1145 4093/2674/4093
f 2131/2670/2131 3258/2665/3258 253/1088/253
f 2131/2670/2131 4091/2669/4091 3258/2665/3258
f 4091/2669/4091 1146/2663/1146 3258/2665/3258
f 4090/2667/4090 2203/2661/2203 1147/2660/1147
f 4090/2667/4090 2138/2586/2138 2203/2661/2203
f 2138/2586/2138 259/1112/259 2203/2661/2203
f 4088/2664/4088 4090/2667/4090 1147/2660/1147
f 4088/2664/4088 4089/2666/4089 4090/2667/4090
f 4089/2666/4089 1082/2584/1082 4090/2667/4090
f 3258/2665/3258 3259/1111/3259 253/1088/253
f 3258/2665/3258 4088/2664/4088 3259/1111/3259
f 4088/2664/4088 1147/2660/1147 3259/1111/3259
f 4087/2662/4087 2204/1114/2204 1148/2651/1148
f 4087/2662/4087 2203/2661/2203 2204/1114/2204
f 2203/2661/2203 259/1112/259 2204/1114/2204
f 4085/2657/4085 4087/2662/4087 1148/2651/1148
f 4085/2657/4085 4086/2659/4086 4087/2662/4087
f 4086/2659/4086 1147/2660/1147 4087/2662/4087
f 2132/2658/2132 3260/2653/3260 254/1092/254
f 2132/2658/2132 4085/2657/4085 3260/2653/3260
f 4085/2657/4085 1148/2651/1148 3260/2653/3260
f 4084/2655/4084 2205/2649/2205 1149/2648/1149
f 4084/2655/4084 2139/2574/2139 2205/2649/2205
f 2139/2574/2139 260/1116/260 2205/2649/2205
f 4082/2652/4082 4084/2655/4084 1149/2648/1149
f 4082/2652/4082 4083/2654/4083 4084/2655/4084
f 4083/2654/4083 1083/2572/1083 4084/2655/4084
f 3260/2653/3260 3261/1115/3261 254/1092/254
f 3260/2653/3260 4082/2652/4082 3261/1115/3261
f 4082/2652/4082 1149/2648/1149 3261/1115/3261
f 4081/2650/4081 2206/1118/2206 1150/2639/1150
f 4081/2650/4081 2205/2649/2205 2206/1118/2206
f 2205/2649/2205 260/1116/260 2206/1118/2206
f 4079/2645/4079 4081/2650/4081 1150/2639/1150
f 4079/2645/4079 4080/2647/4080 4081/2650/4081
f 4080/2647/4080 1149/2648/1149 4081/2650/4081
f 2133/2646/2133 3262/2641/3262 255/1096/255
f 2133/2646/2133 4079/2645/4079 3262/2641/3262
f 4079/2645/4079 1150/2639/1150 3262/2641/3262
f 4078/2643/4078 2207/2637/2207 1151/2636/1151
f 4078/2643/4078 2140/2562/2140 2207/2637/2207
f 2140/2562/2140 261/1120/261 2207/2637/2207
f 4076/2640/4076 4078/2643/4078 1151/2636/1151
f 4076/2640/4076 4077/2642/4077 4078/2643/4078
f 4077/2642/4077 1084/2560/1084 4078/2643/4078
f 3262/2641/3262 3263/1119/3263 255/1096/255
f 3262/2641/3262 4076/2640/4076 3263/1119/3263
f 4076/2640/4076 1151/2636/1151 3263/1119/3263
f 4075/2638/4075 2208/1122/2208 1152/2627/1152
f 4075/2638/4075 2207/2637/2207 2208/1122/2208
f 2207/2637/2207 261/1120/261 2208/1122/2208
f 4073/2633/4073 4075/2638/4075 1152/2627/1152
f 4073/2633/4073 4074/2635/4074 4075/2638/4075
f 4074/2635/4074 1151/2636/1151 4075/2638/4075
f 2134/2634/2134 3264/2629/3264 256/1100/256
f 2134/2634/2134 4073/2633/4073 3264/2629/3264
f 4073/2633/4073 1152/2627/1152 3264/2629/3264
f 4072/2631/4072 2209/2625/2209 1153/2624/1153
f 4072/2631/4072 2141/2550/2141 2209/2625/2209
f 2141/2550/2141 262/1124/262 2209/2625/2209
f 4070/2628/4070 4072/2631/4072 1153/2624/1153
f 4070/2628/4070 4071/2630/4071 4072/2631/4072
f 4071/2630/4071 1085/2548/1085 4072/2631/4072
f 3264/2629/3264 3265/1123/3265 256/1100/256
f 3264/2629/3264 4070/2628/4070 3265/1123/3265
f 4070/2628/4070 1153/2624/1153 3265/1123/3265
f 4069/2626/4069 2210/1126/2210 1154/2615/1154
f 4069/2626/4069 2209/2625/2209 2210/1126/2210
f 2209/2625/2209 262/1124/262 2210/1126/2210
f 4067/2621/4067 4069/2626/4069 1154/2615/1154
f 4067/2621/4067 4068/2623/4068 4069/2626/4069
f 4068/2623/4068 1153/2624/1153 4069/2626/4069
f 2129/2622/2129 3266/2617/3266 26/778/26
f 2129/2622/2129 4067/2621/4067 3266/2617/3266
f 4067/2621/4067 1154/2615/1154 3266/2617/3266
f 4066/2619/4066 2474/783/2474 362/3591/362
f 4066/2619/4066 2135/2538/2135 2474/783/2474
f 2135/2538/2135 25/781/25 2474/783/2474
f 4064/2616/4064 4066/2619/4066 362/3591/362
f 4064/2616/4064 4065/2618/4065 4066/2619/4066
f 4065/2618/4065 1079/2536/1079 4066/2619/4066
f 3266/2617/3266 1418/3593/1418 26/778/26
f 3266/2617/3266 4064/2616/4064 1418/3593/1418
f 4064/2616/4064 362/3591/362 1418/3593/1418
f 4063/2614/4063 2212/1130/2212 1156/2603/1156
f 4063/2614/4063 2211/2613/2211 2212/1130/2212
f 2211/2613/2211 263/1128/263 2212/1130/2212
f 4061/2609/4061 4063/2614/4063 1156/2603/1156
f 4061/2609/4061 4062/2611/4062 4063/2614/4063
f 4062/2611/4062 1155/2612/1155 4063/2614/4063
f 2136/2610/2136 3268/2605/3268 257/1104/257
f 2136/2610/2136 4061/2609/4061 3268/2605/3268
f 4061/2609/4061 1156/2603/1156 3268/2605/3268
f 4060/2607/4060 2213/2601/2213 1157/2600/1157
f 4060/2607/4060 2144/2514/2144 2213/2601/2213
f 2144/2514/2144 264/1132/264 2213/2601/2213
f 4058/2604/4058 4060/2607/4060 1157/2600/1157
f 4058/2604/4058 4059/2606/4059 4060/2607/4060
f 4059/2606/4059 1088/2512/1088 4060/2607/4060
f 3268/2605/3268 3269/1131/3269 257/1104/257
f 3268/2605/3268 4058/2604/4058 3269/1131/3269
f 4058/2604/4058 1157/2600/1157 3269/1131/3269
f 4057/2602/4057 2214/1134/2214 1158/2591/1158
f 4057/2602/4057 2213/2601/2213 2214/1134/2214
f 2213/2601/2213 264/1132/264 2214/1134/2214
f 4055/2597/4055 4057/2602/4057 1158/2591/1158
f 4055/2597/4055 4056/2599/4056 4057/2602/4057
f 4056/2599/4056 1157/2600/1157 4057/2602/4057
f 2137/2598/2137 3270/2593/3270 258/1108/258
f 2137/2598/2137 4055/2597/4055 3270/2593/3270
f 4055/2597/4055 1158/2591/1158 3270/2593/3270
f 4054/2595/4054 2215/2589/2215 1159/2588/1159
f 4054/2595/4054 2145/2502/2145 2215/2589/2215
f 2145/2502/2145 265/1136/265 2215/2589/2215
f 4052/2592/4052 4054/2595/4054 1159/2588/1159
f 4052/2592/4052 4053/2594/4053 4054/2595/4054
f 4053/2594/4053 1089/2500/1089 4054/2595/4054
f 3270/2593/3270 3271/1135/3271 258/1108/258
f 3270/2593/3270 4052/2592/4052 3271/1135/3271
f 4052/2592/4052 1159/2588/1159 3271/1135/3271
f 4051/2590/4051 2216/1138/2216 1160/2579/1160
f 4051/2590/4051 2215/2589/2215 2216/1138/2216
f 2215/2589/2215 265/1136/265 2216/1138/2216
f 4049/2585/4049 4051/2590/4051 1160/2579/1160
f 4049/2585/4049 4050/2587/4050 4051/2590/4051
f 4050/2587/4050 1159/2588/1159 4051/2590/4051
f 2138/2586/2138 3272/2581/3272 259/1112/259
f 2138/2586/2138 4049/2585/4049 3272/2581/3272
f 4049/2585/4049 1160/2579/1160 3272/2581/3272
f 4048/2583/4048 2217/2577/2217 1161/2576/1161
f 4048/2583/4048 2146/2490/2146 2217/2577/2217
f 2146/2490/2146 266/1140/266 2217/2577/2217
f 4046/2580/4046 4048/2583/4048 1161/2576/1161
f 4046/2580/4046 4047/2582/4047 4048/2583/4048
f 4047/2582/4047 1090/2488/1090 4048/2583/4048
f 3272/2581/3272 3273/1139/3273 259/1112/259
f 3272/2581/3272 4046/2580/4046 3273/1139/3273
f 4046/2580/4046 1161/2576/1161 3273/1139/3273
f 4045/2578/4045 2218/1142/2218 1162/2567/1162
f 4045/2578/4045 2217/2577/2217 2218/1142/2218
f 2217/2577/2217 266/1140/266 2218/1142/2218
f 4043/2573/4043 4045/2578/4045 1162/2567/1162
f 4043/2573/4043 4044/2575/4044 4045/2578/4045
f 4044/2575/4044 1161/2576/1161 4045/2578/4045
f 2139/2574/2139 3274/2569/3274 260/1116/260
f 2139/2574/2139 4043/2573/4043 3274/2569/3274
f 4043/2573/4043 1162/2567/1162 3274/2569/3274
f 4042/2571/4042 2219/2565/2219 1163/2564/1163
f 4042/2571/4042 2147/2478/2147 2219/2565/2219
f 2147/2478/2147 267/1144/267 2219/2565/2219
f 4040/2568/4040 4042/2571/4042 1163/2564/1163
f 4040/2568/4040 4041/2570/4041 4042/2571/4042
f 4041/2570/4041 1091/2476/1091 4042/2571/4042
f 3274/2569/3274 3275/1143/3275 260/1116/260
f 3274/2569/3274 4040/2568/4040 3275/1143/3275
f 4040/2568/4040 1163/2564/1163 3275/1143/3275
f 4039/2566/4039 2220/1146/2220 1164/2555/1164
f 4039/2566/4039 2219/2565/2219 2220/1146/2220
f 2219/2565/2219 267/1144/267 2220/1146/2220
f 4037/2561/4037 4039/2566/4039 1164/2555/1164
f 4037/2561/4037 4038/2563/4038 4039/2566/4039
f 4038/2563/4038 1163/2564/1163 4039/2566/4039
f 2140/2562/2140 3276/2557/3276 261/1120/261
f 2140/2562/2140 4037/2561/4037 3276/2557/3276
f 4037/2561/4037 1164/2555/1164 3276/2557/3276
f 4036/2559/4036 2221/2553/2221 1165/2552/1165
f 4036/2559/4036 2148/2466/2148 2221/2553/2221
f 2148/2466/2148 268/1148/268 2221/2553/2221
f 4034/2556/4034 4036/2559/4036 1165/2552/1165
f 4034/2556/4034 4035/2558/4035 4036/2559/4036
f 4035/2558/4035 1092/2464/1092 4036/2559/4036
f 3276/2557/3276 3277/1147/3277 261/1120/261
f 3276/2557/3276 4034/2556/4034 3277/1147/3277
f 4034/2556/4034 1165/2552/1165 3277/1147/3277
f 4033/2554/4033 2222/1150/2222 1166/2543/1166
f 4033/2554/4033 2221/2553/2221 2222/1150/2222
f 2221/2553/2221 268/1148/268 2222/1150/2222
f 4031/2549/4031 4033/2554/4033 1166/2543/1166
f 4031/2549/4031 4032/2551/4032 4033/2554/4033
f 4032/2551/4032 1165/2552/1165 4033/2554/4033
f 2141/2550/2141 3278/2545/3278 262/1124/262
f 2141/2550/2141 4031/2549/4031 3278/2545/3278
f 4031/2549/4031 1166/2543/1166 3278/2545/3278
f 4030/2547/4030 2223/2541/2223 1167/2540/1167
f 4030/2547/4030 2149/2454/2149 2223/2541/2223
f 2149/2454/2149 269/1152/269 2223/2541/2223
f 4028/2544/4028 4030/2547/4030 1167/2540/1167
f 4028/2544/4028 4029/2546/4029 4030/2547/4030
f 4029/2546/4029 1093/2452/1093 4030/2547/4030
f 3278/2545/3278 3279/1151/3279 262/1124/262
f 3278/2545/3278 4028/2544/4028 3279/1151/3279
f 4028/2544/4028 1167/2540/1167 3279/1151/3279
f 4027/2542/4027 2224/1154/2224 1168/2531/1168
f 4027/2542/4027 2223/2541/2223 2224/1154/2224
f 2223/2541/2223 269/1152/269 2224/1154/2224
f 4025/2537/4025 4027/2542/4027 1168/2531/1168
f 4025/2537/4025 4026/2539/4026 4027/2542/4027
f 4026/2539/4026 1167/2540/1167 4027/2542/4027
f 2135/2538/2135 3280/2533/3280 25/781/25
f 2135/2538/2135 4025/2537/4025 3280/2533/3280
f 4025/2537/4025 1168/2531/1168 3280/2533/3280
f 4024/2535/4024 2473/786/2473 361/3586/361
f 4024/2535/4024 2142/2442/2142 2473/786/2473
f 2142/2442/2142 24/784/24 2473/786/2473
f 4022/2532/4022 4024/2535/4024 361/3586/361
f 4022/2532/4022 4023/2534/4023 4024/2535/4024
f 4023/2534/4023 1086/2440/1086 4024/2535/4024
f 3280/2533/3280 1417/3588/1417 25/781/25
f 3280/2533/3280 4022/2532/4022 1417/3588/1417
f 4022/2532/4022 361/3586/361 1417/3588/1417
f 4021/2530/4021 2226/1158/2226 1170/2519/1170
f 4021/2530/4021 2225/2529/2225 2226/1158/2226
f 2225/2529/2225 270/1156/270 2226/1158/2226
f 4019/2525/4019 4021/2530/4021 1170/2519/1170
f 4019/2525/4019 4020/2527/4020 4021/2530/4021
f 4020/2527/4020 1169/2528/1169 4021/2530/4021
f 2143/2526/2143 3282/2521/3282 263/1128/263
f 2143/2526/2143 4019/2525/4019 3282/2521/3282
f 4019/2525/4019 1170/2519/1170 3282/2521/3282
f 4018/2523/4018 2227/2517/2227 1171/2516/1171
f 4018/2523/4018 2152/2418/2152 2227/2517/2227
f 2152/2418/2152 271/1160/271 2227/2517/2227
f 4016/2520/4016 4018/2523/4018 1171/2516/1171
f 4016/2520/4016 4017/2522/4017 4018/2523/4018
f 4017/2522/4017 1096/2416/1096 4018/2523/4018
f 3282/2521/3282 3283/1159/3283 263/1128/263
f 3282/2521/3282 4016/2520/4016 3283/1159/3283
f 4016/2520/4016 1171/2516/1171 3283/1159/3283
f 4015/2518/4015 2228/1162/2228 1172/2507/1172
f 4015/2518/4015 2227/2517/2227 2228/1162/2228
f 2227/2517/2227 271/1160/271 2228/1162/2228
f 4013/2513/4013 4015/2518/4015 1172/2507/1172
f 4013/2513/4013 4014/2515/4014 4015/2518/4015
f 4014/2515/4014 1171/2516/1171 4015/2518/4015
f 2144/2514/2144 3284/2509/3284 264/1132/264
f 2144/2514/2144 4013/2513/4013 3284/2509/3284
f 4013/2513/4013 1172/2507/1172 3284/2509/3284
f 4012/2511/4012 2229/2505/2229 1173/2504/1173
f 4012/2511/4012 2153/2406/2153 2229/2505/2229
f 2153/2406/2153 272/1164/272 2229/2505/2229
f 4010/2508/4010 4012/2511/4012 1173/2504/1173
f 4010/2508/4010 4011/2510/4011 4012/2511/4012
f 4011/2510/4011 1097/2404/1097 4012/2511/4012
f 3284/2509/3284 3285/1163/3285 264/1132/264
f 3284/2509/3284 4010/2508/4010 3285/1163/3285
f 4010/2508/4010 1173/2504/1173 3285/1163/3285
f 4009/2506/4009 2230/1166/2230 1174/2495/1174
f 4009/2506/4009 2229/2505/2229 2230/1166/2230
f 2229/2505/2229 272/1164/272 2230/1166/2230
f 4007/2501/4007 4009/2506/4009 1174/2495/1174
f 4007/2501/4007 4008/2503/4008 4009/2506/4009
f 4008/2503/4008 1173/2504/1173 4009/2506/4009
f 2145/2502/2145 3286/2497/3286 265/1136/265
f 2145/2502/2145 4007/2501/4007 3286/2497/3286
f 4007/2501/4007 1174/2495/1174 3286/2497/3286
f 4006/2499/4006 2231/2493/2231 1175/2492/1175
f 4006/2499/4006 2154/2394/2154 2231/2493/2231
f 2154/2394/2154 273/1168/273 2231/2493/2231
f 4004/2496/4004 4006/2499/4006 1175/2492/1175
f 4004/2496/4004 4005/2498/4005 4006/2499/4006
f 4005/2498/4005 1098/2392/1098 4006/2499/4006
f 3286/2497/3286 3287/1167/3287 265/1136/265
f 3286/2497/3286 4004/2496/4004 3287/1167/3287
f 4004/2496/4004 1175/2492/1175 3287/1167/3287
f 4003/2494/4003 2232/1170/2232 1176/2483/1176
f 4003/2494/4003 2231/2493/2231 2232/1170/2232
f 2231/2493/2231 273/1168/273 2232/1170/2232
f 4001/2489/4001 4003/2494/4003 1176/2483/1176
f 4001/2489/4001 4002/2491/4002 4003/2494/4003
f 4002/2491/4002 1175/2492/1175 4003/2494/4003
f 2146/2490/2146 3288/2485/3288 266/1140/266
f 2146/2490/2146 4001/2489/4001 3288/2485/3288
f 4001/2489/4001 1176/2483/1176 3288/2485/3288
f 4000/2487/4000 2233/2481/2233 1177/2480/1177
f 4000/2487/4000 2155/2382/2155 2233/2481/2233
f 2155/2382/2155 274/1172/274 2233/2481/2233
f 3998/2484/3998 4000/2487/4000 1177/2480/1177
f 3998/2484/3998 3999/2486/3999 4000/2487/4000
f 3999/2486/3999 1099/2380/1099 4000/2487/4000
f 3288/2485/3288 3289/1171/3289 266/1140/266
f 3288/2485/3288 3998/2484/3998 3289/1171/3289
f 3998/2484/3998 1177/2480/1177 3289/1171/3289
f 3997/2482/3997 2234/1174/2234 1178/2471/1178
f 3997/2482/3997 2233/2481/2233 2234/1174/2234
f 2233/2481/2233 274/1172/274 2234/1174/2234
f 3995/2477/3995 3997/2482/3997 1178/2471/1178
f 3995/2477/3995 3996/2479/3996 3997/2482/3997
f 3996/2479/3996 1177/2480/1177 3997/2482/3997
f 2147/2478/2147 3290/2473/3290 267/1144/267
f 2147/2478/2147 3995/2477/3995 3290/2473/3290
f 3995/2477/3995 1178/2471/1178 3290/2473/3290
f 3994/2475/3994 2235/2469/2235 1179/2468/1179
f 3994/2475/3994 2156/2370/2156 2235/2469/2235
f 2156/2370/2156 275/1176/275 2235/2469/2235
f 3992/2472/3992 3994/2475/3994 1179/2468/1179
f 3992/2472/3992 3993/2474/3993 3994/2475/3994
f 3993/2474/3993 1100/2368/1100 3994/2475/3994
f 3290/2473/3290 3291/1175/3291 267/1144/267
f 3290/2473/3290 3992/2472/3992 3291/1175/3291
f 3992/2472/3992 1179/2468/1179 3291/1175/3291
f 3991/2470/3991 2236/1178/2236 1180/2459/1180
f 3991/2470/3991 2235/2469/2235 2236/1178/2236
f 2235/2469/2235 275/1176/275 2236/1178/2236
f 3989/2465/3989 3991/2470/3991 1180/2459/1180
f 3989/2465/3989 3990/2467/3990 3991/2470/3991
f 3990/2467/3990 1179/2468/1179 3991/2470/3991
f 2148/2466/2148 3292/2461/3292 268/1148/268
f 2148/2466/2148 3989/2465/3989 3292/2461/3292
f 3989/2465/3989 1180/2459/1180 3292/2461/3292
f 3988/2463/3988 2237/2457/2237 1181/2456/1181
f 3988/2463/3988 2157/2358/2157 2237/2457/2237
f 2157/2358/2157 276/1180/276 2237/2457/2237
f 3986/2460/3986 3988/2463/3988 1181/2456/1181
f 3986/2460/3986 3987/2462/3987 3988/2463/3988
f 3987/2462/3987 1101/2356/1101 3988/2463/3988
f 3292/2461/3292 3293/1179/3293 268/1148/268
f 3292/2461/3292 3986/2460/3986 3293/1179/3293
f 3986/2460/3986 1181/2456/1181 3293/1179/3293
f 3985/2458/3985 2238/1182/2238 1182/2447/1182
f 3985/2458/3985 2237/2457/2237 2238/1182/2238
f 2237/2457/2237 276/1180/276 2238/1182/2238
f 3983/2453/3983 3985/2458/3985 1182/2447/1182
f 3983/2453/3983 3984/2455/3984 3985/2458/3985
f 3984/2455/3984 1181/2456/1181 3985/2458/3985
f 2149/2454/2149 3294/2449/3294 269/1152/269
f 2149/2454/2149 3983/2453/3983 3294/2449/3294
f 3983/2453/3983 1182/2447/1182 3294/2449/3294
f 3982/2451/3982 2239/2445/2239 1183/2444/1183
f 3982/2451/3982 2158/2346/2158 2239/2445/2239
f 2158/2346/2158 277/1184/277 2239/2445/2239
f 3980/2448/3980 3982/2451/3982 1183/2444/1183
f 3980/2448/3980 3981/2450/3981 3982/2451/3982
f 3981/2450/3981 1102/2344/1102 3982/2451/3982
f 3294/2449/3294 3295/1183/3295 269/1152/269
f 3294/2449/3294 3980/2448/3980 3295/1183/3295
f 3980/2448/3980 1183/2444/1183 3295/1183/3295
f 3979/2446/3979 2240/1186/2240 1184/2435/1184
f 3979/2446/3979 2239/2445/2239 2240/1186/2240
f 2239/2445/2239 277/1184/277 2240/1186/2240
f 3977/2441/3977 3979/2446/3979 1184/2435/1184
f 3977/2441/3977 3978/2443/3978 3979/2446/3979
f 3978/2443/3978 1183/2444/1183 3979/2446/3979
f 2142/2442/2142 3296/2437/3296 24/784/24
f 2142/2442/2142 3977/2441/3977 3296/2437/3296
f 3977/2441/3977 1184/2435/1184 3296/2437/3296
f 3976/2439/3976 2472/789/2472 360/3581/360
f 3976/2439/3976 2150/2334/2150 2472/789/2472
f 2150/2334/2150 23/787/23 2472/789/2472
f 3974/2436/3974 3976/2439/3976 360/3581/360
f 3974/2436/3974 3975/2438/3975 3976/2439/3976
f 3975/2438/3975 1094/2332/1094 3976/2439/3976
f 3296/2437/3296 1416/3583/1416 24/784/24
f 3296/2437/3296 3974/2436/3974 1416/3583/1416
f 3974/2436/3974 360/3581/360 1416/3583/1416
f 3973/2434/3973 2242/1190/2242 1186/2423/1186
f 3973/2434/3973 2241/2433/2241 2242/1190/2242
f 2241/2433/2241 278/1188/278 2242/1190/2242
f 3971/2429/3971 3973/2434/3973 1186/2423/1186
f 3971/2429/3971 3972/2431/3972 3973/2434/3973
f 3972/2431/3972 1185/2432/1185 3973/2434/3973
f 2151/2430/2151 3298/2425/3298 270/1156/270
f 2151/2430/2151 3971/2429/3971 3298/2425/3298
f 3971/2429/3971 1186/2423/1186 3298/2425/3298
f 3970/2427/3970 2243/2421/2243 1187/2420/1187
f 3970/2427/3970 2161/2312/2161 2243/2421/2243
f 2161/2312/2161 279/1192/279 2243/2421/2243
f 3968/2424/3968 3970/2427/3970 1187/2420/1187
f 3968/2424/3968 3969/2426/3969 3970/2427/3970
f 3969/2426/3969 1105/2310/1105 3970/2427/3970
f 3298/2425/3298 3299/1191/3299 270/1156/270
f 3298/2425/3298 3968/2424/3968 3299/1191/3299
f 3968/2424/3968 1187/2420/1187 3299/1191/3299
f 3967/2422/3967 2244/1194/2244 1188/2411/1188
f 3967/2422/3967 2243/2421/2243 2244/1194/2244
f 2243/2421/2243 279/1192/279 2244/1194/2244
f 3965/2417/3965 3967/2422/3967 1188/2411/1188
f 3965/2417/3965 3966/2419/3966 3967/2422/3967
f 3966/2419/3966 1187/2420/1187 3967/2422/3967
f 2152/2418/2152 3300/2413/3300 271/1160/271
f 2152/2418/2152 3965/2417/3965 3300/2413/3300
f 3965/2417/3965 1188/2411/1188 3300/2413/3300
f 3964/2415/3964 2245/2409/2245 1189/2408/1189
f 3964/2415/3964 2162/2300/2162 2245/2409/2245
f 2162/2300/2162 280/1196/280 2245/2409/2245
f 3962/2412/3962 3964/2415/3964 1189/2408/1189
f 3962/2412/3962 3963/2414/3963 3964/2415/3964
f 3963/2414/3963 1106/2298/1106 3964/2415/3964
f 3300/2413/3300 3301/1195/3301 271/1160/271
f 3300/2413/3300 3962/2412/3962 3301/1195/3301
f 3962/2412/3962 1189/2408/1189 3301/1195/3301
f 3961/2410/3961 2246/1198/2246 1190/2399/1190
f 3961/2410/3961 2245/2409/2245 2246/1198/2246
f 2245/2409/2245 280/1196/280 2246/1198/2246
f 3959/2405/3959 3961/2410/3961 1190/2399/1190
f 3959/2405/3959 3960/2407/3960 3961/2410/3961
f 3960/2407/3960 1189/2408/1189 3961/2410/3961
f 2153/2406/2153 3302/2401/3302 272/1164/272
f 2153/2406/2153 3959/2405/3959 3302/2401/3302
f 3959/2405/3959 1190/2399/1190 3302/2401/3302
f 3958/2403/3958 2247/2397/2247 1191/2396/1191
f 3958/2403/3958 2163/2288/2163 2247/2397/2247
f 2163/2288/2163 281/1200/281 2247/2397/2247
f 3956/2400/3956 3958/2403/3958 1191/2396/1191
f 3956/2400/3956 3957/2402/3957 3958/2403/3958
f 3957/2402/3957 1107/2286/1107 3958/2403/3958
f 3302/2401/3302 3303/1199/3303 272/1164/272
f 3302/2401/3302 3956/2400/3956 3303/1199/3303
f 3956/2400/3956 1191/2396/1191 3303/1199/3303
f 3955/2398/3955 2248/1202/2248 1192/2387/1192
f 3955/2398/3955 2247/2397/2247 2248/1202/2248
f 2247/2397/2247 281/1200/281 2248/1202/2248
f 3953/2393/3953 3955/2398/3955 1192/2387/1192
f 3953/2393/3953 3954/2395/3954 3955/2398/3955
f 3954/2395/3954 1191/2396/1191 3955/2398/3955
f 2154/2394/2154 3304/2389/3304 273/1168/273
f 2154/2394/2154 3953/2393/3953 3304/2389/3304
f 3953/2393/3953 1192/2387/1192 3304/2389/3304
f 3952/2391/3952 2249/2385/2249 1193/2384/1193
f 3952/2391/3952 2164/2276/2164 2249/2385/2249
f 2164/2276/2164 282/1204/282 2249/2385/2249
f 3950/2388/3950 3952/2391/3952 1193/2384/1193
f 3950/2388/3950 3951/2390/3951 3952/2391/3952
f 3951/2390/3951 1108/2274/1108 3952/2391/3952
f 3304/2389/3304 3305/1203/3305 273/1168/273
f 3304/2389/3304 3950/2388/3950 3305/1203/3305
f 3950/2388/3950 1193/2384/1193 3305/1203/3305
f 3949/2386/3949 2250/1206/2250 1194/2375/1194
f 3949/2386/3949 2249/2385/2249 2250/1206/2250
f 2249/2385/2249 282/1204/282 2250/1206/2250
f 3947/2381/3947 3949/2386/3949 1194/2375/1194
f 3947/2381/3947 3948/2383/3948 3949/2386/3949
f 3948/2383/3948 1193/2384/1193 3949/2386/3949
f 2155/2382/2155 3306/2377/3306 274/1172/274
f 2155/2382/2155 3947/2381/3947 3306/2377/3306
f 3947/2381/3947 1194/2375/1194 3306/2377/3306
f 3946/2379/3946 2251/2373/2251 1195/2372/1195
f 3946/2379/3946 2165/2262/2165 2251/2373/2251
f 2165/2262/2165 283/1208/283 2251/2373/2251
f 3944/2376/3944 3946/2379/3946 1195/2372/1195
f 3944/2376/3944 3945/2378/3945 3946/2379/3946
f 3945/2378/3945 1109/2260/1109 3946/2379/3946
f 3306/2377/3306 3307/1207/3307 274/1172/274
f 3306/2377/3306 3944/2376/3944 3307/1207/3307
f 3944/2376/3944 1195/2372/1195 3307/1207/3307
f 3943/2374/3943 2252/1210/2252 1196/2363/1196
f 3943/2374/3943 2251/2373/2251 2252/1210/2252
f 2251/2373/2251 283/1208/283 2252/1210/2252
f 3941/2369/3941 3943/2374/3943 1196/2363/1196
f 3941/2369/3941 3942/2371/3942 3943/2374/3943
f 3942/2371/3942 1195/2372/1195 3943/2374/3943
f 2156/2370/2156 3308/2365/3308 275/1176/275
f 2156/2370/2156 3941/2369/3941 3308/2365/3308
f 3941/2369/3941 1196/2363/1196 3308/2365/3308
f 3940/2367/3940 2253/2361/2253 1197/2360/1197
f 3940/2367/3940 2166/2250/2166 2253/2361/2253
f 2166/2250/2166 284/1212/284 2253/2361/2253
f 3938/2364/3938 3940/2367/3940 1197/2360/1197
f 3938/2364/3938 3939/2366/3939 3940/2367/3940
f 3939/2366/3939 1110/2248/1110 3940/2367/3940
f 3308/2365/3308 3309/1211/3309 275/1176/275
f 3308/2365/3308 3938/2364/3938 3309/1211/3309
f 3938/2364/3938 1197/2360/1197 3309/1211/3309
f 3937/2362/3937 2254/1214/2254 1198/2351/1198
f 3937/2362/3937 2253/2361/2253 2254/1214/2254
f 2253/2361/2253 284/1212/284 2254/1214/2254
f 3935/2357/3935 3937/2362/3937 1198/2351/1198
f 3935/2357/3935 3936/2359/3936 3937/2362/3937
f 3936/2359/3936 1197/2360/1197 3937/2362/3937
f 2157/2358/2157 3310/2353/3310 276/1180/276
f 2157/2358/2157 3935/2357/3935 3310/2353/3310
f 3935/2357/3935 1198/2351/1198 3310/2353/3310
f 3934/2355/3934 2255/2349/2255 1199/2348/1199
f 3934/2355/3934 2167/2237/2167 2255/2349/2255
f 2167/2237/2167 285/1216/285 2255/2349/2255
f 3932/2352/3932 3934/2355/3934 1199/2348/1199
f 3932/2352/3932 3933/2354/3933 3934/2355/3934
f 3933/2354/3933 1111/2235/1111 3934/2355/3934
f 3310/2353/3310 3311/1215/3311 276/1180/276
f 3310/2353/3310 3932/2352/3932 3311/1215/3311
f 3932/2352/3932 1199/2348/1199 3311/1215/3311
f 3931/2350/3931 2256/1218/2256 1200/2339/1200
f 3931/2350/3931 2255/2349/2255 2256/1218/2256
f 2255/2349/2255 285/1216/285 2256/1218/2256
f 3929/2345/3929 3931/2350/3931 1200/2339/1200
f 3929/2345/3929 3930/2347/3930 3931/2350/3931
f 3930/2347/3930 1199/2348/1199 3931/2350/3931
f 2158/2346/2158 3312/2341/3312 277/1184/277
f 2158/2346/2158 3929/2345/3929 3312/2341/3312
f 3929/2345/3929 1200/2339/1200 3312/2341/3312
f 3928/2343/3928 2257/2337/2257 1201/2336/1201
f 3928/2343/3928 2168/2226/2168 2257/2337/2257
f 2168/2226/2168 286/1220/286 2257/2337/2257
f 3926/2340/3926 3928/2343/3928 1201/2336/1201
f 3926/2340/3926 3927/2342/3927 3928/2343/3928
f 3927/2342/3927 1112/2224/1112 3928/2343/3928
f 3312/2341/3312 3313/1219/3313 277/1184/277
f 3312/2341/3312 3926/2340/3926 3313/1219/3313
f 3926/2340/3926 1201/2336/1201 3313/1219/3313
f 3925/2338/3925 2258/1222/2258 1202/2327/1202
f 3925/2338/3925 2257/2337/2257 2258/1222/2258
f 2257/2337/2257 286/1220/286 2258/1222/2258
f 3923/2333/3923 3925/2338/3925 1202/2327/1202
f 3923/2333/3923 3924/2335/3924 3925/2338/3925
f 3924/2335/3924 1201/2336/1201 3925/2338/3925
f 2150/2334/2150 3314/2329/3314 23/787/23
f 2150/2334/2150 3923/2333/3923 3314/2329/3314
f 3923/2333/3923 1202/2327/1202 3314/2329/3314
f 3922/2331/3922 2471/792/2471 359/3576/359
f 3922/2331/3922 2159/2213/2159 2471/792/2471
f 2159/2213/2159 22/790/22 2471/792/2471
f 3920/2328/3920 3922/2331/3922 359/3576/359
f 3920/2328/3920 3921/2330/3921 3922/2331/3922
f 3921/2330/3921 1103/2211/1103 3922/2331/3922
f 3314/2329/3314 1415/3578/1415 23/787/23
f 3314/2329/3314 3920/2328/3920 1415/3578/1415
f 3920/2328/3920 359/3576/359 1415/3578/1415
f 3919/2326/3919 2260/8/2260 1204/2316/1204
f 3919/2326/3919 2259/9/2259 2260/8/2260
f 5819/5693/5818 4977/2297/4976 1771/5852/1771
f 3917/2322/3917 3919/2326/3919 1204/2316/1204
f 3917/2322/3917 3918/2324/3918 3919/2326/3919
f 3918/2324/3918 1203/2325/1203 3919/2326/3919
f 2160/2323/2160 3316/2318/3316 278/1188/278
f 2160/2323/2160 3917/2322/3917 3316/2318/3316
f 3917/2322/3917 1204/2316/1204 3316/2318/3316
f 3916/12/3916 2261/11/2261 1205/2314/1205
f 5693/14/5692 2263/2303/2263 3910/15/3910
f 5816/5698/5815 4984/5697/4983 4983/2284/4982
f 3914/2317/3914 3916/12/3916 1205/2314/1205
f 3914/2317/3914 3915/60/3915 3916/12/3916
f 5847/4355/5846 2565/1461/2565 2510/991/2510
f 3316/2318/3316 3317/1227/3317 278/1188/278
f 3316/2318/3316 3914/2317/3914 3317/1227/3317
f 3914/2317/3914 1205/2314/1205 3317/1227/3317
f 3913/2315/3913 2262/5789/2262 1206/2305/1206
f 3913/2315/3913 2261/11/2261 2262/5789/2262
f 5902/5913/5901 2433/1226/2433 2432/1229/2432
f 3911/2311/3911 3913/2315/3913 1206/2305/1206
f 3911/2311/3911 3912/2313/3912 3913/2315/3913
f 3912/2313/3912 1205/2314/1205 3913/2315/3913
f 2161/2312/2161 3318/2307/3318 279/1192/279
f 2161/2312/2161 3911/2311/3911 3318/2307/3318
f 3911/2311/3911 1206/2305/1206 3318/2307/3318
f 3910/15/3910 2263/2303/2263 1207/2302/1207
f 5694/5791/5693 2263/2303/2263 5693/14/5692
f 5810/5914/5809 5811/2271/5810 1767/5704/1767
f 3908/2306/3908 3910/15/3910 1207/2302/1207
f 3908/2306/3908 3909/77/3909 3910/15/3910
f 5838/999/5837 5839/5858/5838 4948/4390/4947
f 3318/2307/3318 3319/1231/3319 279/1192/279
f 3318/2307/3318 3908/2306/3908 3319/1231/3319
f 3908/2306/3908 1207/2302/1207 3319/1231/3319
f 3907/2304/3907 2264/98/2264 1208/2292/1208
f 3907/2304/3907 2263/2303/2263 2264/98/2264
f 5900/5915/5899 3538/1230/3538 3537/1566/3537
f 3905/2299/3905 3907/2304/3907 1208/2292/1208
f 3905/2299/3905 3906/2301/3906 3907/2304/3907
f 3906/2301/3906 1207/2302/1207 3907/2304/3907
f 2162/2300/2162 3320/2294/3320 280/1196/280
f 2162/2300/2162 3905/2299/3905 3320/2294/3320
f 3905/2299/3905 1208/2292/1208 3320/2294/3320
f 3904/17/3904 2265/123/2265 1209/2290/1209
f 5695/97/5694 2264/98/2264 5694/5791/5693
f 5899/5916/5898 3537/1566/3537 2431/1237/2431
f 3902/2293/3902 3904/17/3904 1209/2290/1209
f 3902/2293/3902 3903/18/3903 3904/17/3904
f 5827/4434/5826 5828/5848/5827 4966/4435/4965
f 3320/2294/3320 3321/1235/3321 280/1196/280
f 3320/2294/3320 3902/2293/3902 3321/1235/3321
f 3902/2293/3902 1209/2290/1209 3321/1235/3321
f 3901/2291/3901 2266/21/2266 1210/2280/1210
f 3901/2291/3901 2265/123/2265 2266/21/2266
f 5805/5711/5804 5665/5710/5664 5664/5732/5663
f 3899/2287/3899 3901/2291/3901 1210/2280/1210
f 3899/2287/3899 3900/2289/3900 3901/2291/3901
f 3900/2289/3900 1209/2290/1209 3901/2291/3901
f 2163/2288/2163 3322/2282/3322 281/1200/281
f 2163/2288/2163 3899/2287/3899 3322/2282/3322
f 3899/2287/3899 1210/2280/1210 3322/2282/3322
f 3898/152/3898 2267/24/2267 1211/2278/1211
f 5696/16/5695 3903/18/3903 5695/97/5694
f 5802/5917/5801 5803/2245/5802 4582/5714/4582
f 3896/2281/3896 3898/152/3898 1211/2278/1211
f 3896/2281/3896 3897/20/3897 3898/152/3898
f 5818/5695/5817 1771/5852/1771 1770/4408/1770
f 3322/2282/3322 3323/1239/3323 281/1200/281
f 3322/2282/3322 3896/2281/3896 3323/1239/3323
f 3896/2281/3896 1211/2278/1211 3323/1239/3323
f 3895/2279/3895 2268/23/2268 1212/2267/1212
f 3895/2279/3895 2267/24/2267 2268/23/2268
f 5897/5918/5896 2430/1238/2430 3544/5919/3544
f 3893/2275/3893 3895/2279/3895 1212/2267/1212
f 3893/2275/3893 3894/2277/3894 3895/2279/3895
f 3894/2277/3894 1211/2278/1211 3895/2279/3895
f 2164/2276/2164 3324/2269/3324 282/1204/282
f 2164/2276/2164 3893/2275/3893 3324/2269/3324
f 3893/2275/3893 1212/2267/1212 3324/2269/3324
f 3892/5772/3892 2269/2265/2269 1213/2264/1213
f 5697/5793/5696 3904/17/3904 5696/16/5695
f 5896/5920/5895 3544/5919/3544 3543/1577/3543
f 3890/2268/3890 3892/5772/3892 1213/2264/1213
f 3890/2268/3890 3891/2270/3891 3892/5772/3892
f 5814/5700/5813 1769/2285/1769 1768/4419/1768
f 3324/2269/3324 3325/1243/3325 282/1204/282
f 3324/2269/3324 3890/2268/3890 3325/1243/3325
f 3890/2268/3890 1213/2264/1213 3325/1243/3325
f 3889/2266/3889 2270/5759/2270 1214/2255/1214
f 3889/2266/3889 2269/2265/2269 2270/5759/2270
f 5704/5771/5703 3892/5772/3892 3891/2270/3891
f 3887/2261/3887 3889/2266/3889 1214/2255/1214
f 3887/2261/3887 3888/2263/3888 3889/2266/3889
f 3888/2263/3888 1213/2264/1213 3889/2266/3889
f 2165/2262/2165 3326/2257/3326 283/1208/283
f 2165/2262/2165 3887/2261/3887 3326/2257/3326
f 3887/2261/3887 1214/2255/1214 3326/2257/3326
f 3886/5760/3886 2271/2253/2271 1215/2252/1215
f 5698/122/5697 2265/123/2265 5697/5793/5696
f 5904/5761/5903 5905/5842/5904 2434/1549/2434
f 3884/2256/3884 3886/5760/3886 1215/2252/1215
f 3884/2256/3884 3885/2210/3885 3886/5760/3886
f 5809/5706/5808 5810/5914/5809 1766/4429/1766
f 3326/2257/3326 3327/1247/3327 283/1208/283
f 3326/2257/3326 3884/2256/3884 3327/1247/3327
f 3884/2256/3884 1215/2252/1215 3327/1247/3327
f 3883/2254/3883 2272/508/2272 1216/2241/1216
f 3883/2254/3883 2271/2253/2271 2272/508/2272
f 5766/5921/5765 1929/1250/1929 5668/5724/5667
f 3881/2249/3881 3883/2254/3883 1216/2241/1216
f 3881/2249/3881 3882/2251/3882 3883/2254/3883
f 3882/2251/3882 1215/2252/1215 3883/2254/3883
f 2166/2250/2166 3328/2243/3328 284/1212/284
f 2166/2250/2166 3881/2249/3881 3328/2243/3328
f 3881/2249/3881 1216/2241/1216 3328/2243/3328
f 3880/5861/3880 2273/500/2273 1217/2239/1217
f 5699/19/5698 2266/21/2266 5698/122/5697
f 5768/5922/5767 4635/3730/4635 1930/1249/1930
f 3878/2242/3878 3880/5861/3880 1217/2239/1217
f 3878/2242/3878 3879/2244/3879 3880/5861/3880
f 5806/5709/5805 1764/2259/1764 5665/5710/5664
f 3328/2243/3328 3329/1251/3329 284/1212/284
f 3328/2243/3328 3878/2242/3878 3329/1251/3329
f 3878/2242/3878 1217/2239/1217 3329/1251/3329
f 3877/2240/3877 2274/496/2274 1218/2230/1218
f 3877/2240/3877 2273/500/2273 2274/496/2274
f 5769/5923/5768 4636/186/4636 4635/3730/4635
f 3875/2236/3875 3877/2240/3877 1218/2230/1218
f 3875/2236/3875 3876/2238/3876 3877/2240/3877
f 3876/2238/3876 1217/2239/1217 3877/2240/3877
f 2167/2237/2167 3330/2232/3330 285/1216/285
f 2167/2237/2167 3875/2236/3875 3330/2232/3330
f 3875/2236/3875 1218/2230/1218 3330/2232/3330
f 3874/492/3874 2275/491/2275 1219/2228/1219
f 5700/5794/5699 3897/20/3897 5699/19/5698
f 5862/1471/5861 5863/3697/5862 5642/3699/5641
f 3872/2231/3872 3874/492/3874 1219/2228/1219
f 3872/2231/3872 3873/495/3873 3874/492/3874
f 5801/5716/5800 5802/5917/5801 4581/3629/4581
f 3330/2232/3330 3331/1254/3331 285/1216/285
f 3330/2232/3330 3872/2231/3872 3331/1254/3331
f 3872/2231/3872 1219/2228/1219 3331/1254/3331
f 3871/2229/3871 2276/5722/2276 1220/2218/1220
f 3871/2229/3871 2275/491/2275 2276/5722/2276
f 3869/2225/3869 3871/2229/3871 1220/2218/1220
f 3869/2225/3869 3870/2227/3870 3871/2229/3871
f 3870/2227/3870 1219/2228/1219 3871/2229/3871
f 2168/2226/2168 3332/2220/3332 286/1220/286
f 2168/2226/2168 3869/2225/3869 3332/2220/3332
f 3869/2225/3869 1220/2218/1220 3332/2220/3332
f 3868/5784/3868 2277/2216/2277 1221/2215/1221
f 5701/151/5700 3898/152/3898 5700/5794/5699
f 3866/2219/3866 3868/5784/3868 1221/2215/1221
f 3866/2219/3866 3867/2221/3867 3868/5784/3868
f 5797/1489/5796 5798/2233/5797 4587/3642/4587
f 3332/2220/3332 3333/1255/3333 286/1220/286
f 3332/2220/3332 3866/2219/3866 3333/1255/3333
f 3866/2219/3866 1221/2215/1221 3333/1255/3333
f 3865/2217/3865 2278/5790/2278 1222/2204/1222
f 3865/2217/3865 2277/2216/2277 2278/5790/2278
f 3863/2212/3863 3865/2217/3865 1222/2204/1222
f 3863/2212/3863 3864/2214/3864 3865/2217/3865
f 3864/2214/3864 1221/2215/1221 3865/2217/3865
f 2159/2213/2159 3334/2206/3334 22/790/22
f 2159/2213/2159 3863/2212/3863 3334/2206/3334
f 3863/2212/3863 1222/2204/1222 3334/2206/3334
f 3862/5770/3862 2470/5740/2470 358/5741/358
f 5702/22/5701 2267/24/2267 5701/151/5700
f 3860/2205/3860 3862/5770/3862 358/5741/358
f 3860/2205/3860 3861/2207/3861 3862/5770/3862
f 5703/5755/5702 3891/2270/3891 2268/23/2268
f 3334/2206/3334 1414/5743/1414 22/790/22
f 3334/2206/3334 3860/2205/3860 1414/5743/1414
f 3860/2205/3860 358/5741/358 1414/5743/1414
f 3859/2203/3859 2447/1015/2447 335/2912/335
f 3859/2203/3859 2279/2149/2279 2447/1015/2447
f 2279/2149/2279 41/1013/41 2447/1015/2447
f 3857/2200/3857 3859/2203/3859 335/2912/335
f 3857/2200/3857 3858/2202/3858 3859/2203/3859
f 3858/2202/3858 1223/2147/1223 3859/2203/3859
f 2450/2201/2450 1391/2914/1391 1/5838/1
f 2450/2201/2450 3857/2200/3857 1391/2914/1391
f 3857/2200/3857 335/2912/335 1391/2914/1391
f 3856/2198/3856 2334/2152/2334 1278/2151/1278
f 3856/2198/3856 2281/2137/2281 2334/2152/2334
f 2281/2137/2281 287/1267/287 2334/2152/2334
f 3854/2195/3854 3856/2198/3856 1278/2151/1278
f 3854/2195/3854 3855/2197/3855 3856/2198/3856
f 3855/2197/3855 1225/2135/1225 3856/2198/3856
f 2451/2196/2451 3390/1266/3390 2/260/2
f 2451/2196/2451 3854/2195/3854 3390/1266/3390
f 3854/2195/3854 1278/2151/1278 3390/1266/3390
f 3853/2193/3853 2336/2140/2336 1280/2139/1280
f 3853/2193/3853 2283/2113/2283 2336/2140/2336
f 2283/2113/2283 288/1271/288 2336/2140/2336
f 3851/2190/3851 3853/2193/3853 1280/2139/1280
f 3851/2190/3851 3852/2192/3852 3853/2193/3853
f 3852/2192/3852 1227/2111/1227 3853/2193/3853
f 2452/2191/2452 3392/1270/3392 3/256/3
f 2452/2191/2452 3851/2190/3851 3392/1270/3392
f 3851/2190/3851 1280/2139/1280 3392/1270/3392
f 3850/2188/3850 2340/2116/2340 1284/2115/1284
f 3850/2188/3850 2286/2077/2286 2340/2116/2340
f 2286/2077/2286 290/1279/290 2340/2116/2340
f 3848/2185/3848 3850/2188/3850 1284/2115/1284
f 3848/2185/3848 3849/2187/3849 3850/2188/3850
f 3849/2187/3849 1230/2075/1230 3850/2188/3850
f 2453/2186/2453 3396/1278/3396 4/252/4
f 2453/2186/2453 3848/2185/3848 3396/1278/3396
f 3848/2185/3848 1284/2115/1284 3396/1278/3396
f 3847/2183/3847 2346/2080/2346 1290/2079/1290
f 3847/2183/3847 2290/2029/2290 2346/2080/2346
f 2290/2029/2290 293/1291/293 2346/2080/2346
f 3845/2180/3845 3847/2183/3847 1290/2079/1290
f 3845/2180/3845 3846/2182/3846 3847/2183/3847
f 3846/2182/3846 1234/2027/1234 3847/2183/3847
f 2454/2181/2454 3402/1290/3402 5/248/5
f 2454/2181/2454 3845/2180/3845 3402/1290/3402
f 3845/2180/3845 1290/2079/1290 3402/1290/3402
f 3844/2178/3844 2354/2032/2354 1298/2031/1298
f 3844/2178/3844 2295/1969/2295 2354/2032/2354
f 2295/1969/2295 297/1307/297 2354/2032/2354
f 3842/2175/3842 3844/2178/3844 1298/2031/1298
f 3842/2175/3842 3843/2177/3843 3844/2178/3844
f 3843/2177/3843 1239/1967/1239 3844/2178/3844
f 2455/2176/2455 3410/1306/3410 6/244/6
f 2455/2176/2455 3842/2175/3842 3410/1306/3410
f 3842/2175/3842 1298/2031/1298 3410/1306/3410
f 3841/2173/3841 2364/1972/2364 1308/1971/1308
f 3841/2173/3841 2301/1897/2301 2364/1972/2364
f 2301/1897/2301 302/1327/302 2364/1972/2364
f 3839/2170/3839 3841/2173/3841 1308/1971/1308
f 3839/2170/3839 3840/2172/3840 3841/2173/3841
f 3840/2172/3840 1245/1895/1245 3841/2173/3841
f 2456/2171/2456 3420/1326/3420 7/240/7
f 2456/2171/2456 3839/2170/3839 3420/1326/3420
f 3839/2170/3839 1308/1971/1308 3420/1326/3420
f 3838/2168/3838 2376/1900/2376 1320/1899/1320
f 3838/2168/3838 2308/1813/2308 2376/1900/2376
f 2308/1813/2308 308/1351/308 2376/1900/2376
f 3836/2165/3836 3838/2168/3838 1320/1899/1320
f 3836/2165/3836 3837/2167/3837 3838/2168/3838
f 3837/2167/3837 1252/1811/1252 3838/2168/3838
f 2457/2166/2457 3432/1350/3432 8/236/8
f 2457/2166/2457 3836/2165/3836 3432/1350/3432
f 3836/2165/3836 1320/1899/1320 3432/1350/3432
f 3835/2163/3835 2390/1816/2390 1334/1815/1334
f 3835/2163/3835 2316/1717/2316 2390/1816/2390
f 2316/1717/2316 315/1379/315 2390/1816/2390
f 3833/2160/3833 3835/2163/3835 1334/1815/1334
f 3833/2160/3833 3834/2162/3834 3835/2163/3835
f 3834/2162/3834 1260/1715/1260 3835/2163/3835
f 2458/2161/2458 3446/1378/3446 9/232/9
f 2458/2161/2458 3833/2160/3833 3446/1378/3446
f 3833/2160/3833 1334/1815/1334 3446/1378/3446
f 3832/2158/3832 2406/1720/2406 1350/1719/1350
f 3832/2158/3832 2325/1609/2325 2406/1720/2406
f 2325/1609/2325 323/1411/323 2406/1720/2406
f 3830/2155/3830 3832/2158/3832 1350/1719/1350
f 3830/2155/3830 3831/2157/3831 3832/2158/3832
f 3831/2157/3831 1269/1607/1269 3832/2158/3832
f 2459/2156/2459 3462/1410/3462 10/228/10
f 2459/2156/2459 3830/2155/3830 3462/1410/3462
f 3830/2155/3830 1350/1719/1350 3462/1410/3462
f 3829/2153/3829 2335/1269/2335 1279/2142/1279
f 3829/2153/3829 2334/2152/2334 2335/1269/2335
f 2334/2152/2334 287/1267/287 2335/1269/2335
f 3827/2148/3827 3829/2153/3829 1279/2142/1279
f 3827/2148/3827 3828/2150/3828 3829/2153/3829
f 3828/2150/3828 1278/2151/1278 3829/2153/3829
f 2279/2149/2279 3391/2144/3391 41/1013/41
f 2279/2149/2279 3827/2148/3827 3391/2144/3391
f 3827/2148/3827 1279/2142/1279 3391/2144/3391
f 3826/2146/3826 2489/1018/2489 377/2907/377
f 3826/2146/3826 2280/2125/2280 2489/1018/2489
f 2280/2125/2280 40/1016/40 2489/1018/2489
f 3824/2143/3824 3826/2146/3826 377/2907/377
f 3824/2143/3824 3825/2145/3825 3826/2146/3826
f 3825/2145/3825 1224/2123/1224 3826/2146/3826
f 3391/2144/3391 1433/2909/1433 41/1013/41
f 3391/2144/3391 3824/2143/3824 1433/2909/1433
f 3824/2143/3824 377/2907/377 1433/2909/1433
f 3823/2141/3823 2337/1273/2337 1281/2130/1281
f 3823/2141/3823 2336/2140/2336 2337/1273/2337
f 2336/2140/2336 288/1271/288 2337/1273/2337
f 3821/2136/3821 3823/2141/3823 1281/2130/1281
f 3821/2136/3821 3822/2138/3822 3823/2141/3823
f 3822/2138/3822 1280/2139/1280 3823/2141/3823
f 2281/2137/2281 3393/2132/3393 287/1267/287
f 2281/2137/2281 3821/2136/3821 3393/2132/3393
f 3821/2136/3821 1281/2130/1281 3393/2132/3393
f 3820/2134/3820 2338/2128/2338 1282/2127/1282
f 3820/2134/3820 2284/2101/2284 2338/2128/2338
f 2284/2101/2284 289/1275/289 2338/2128/2338
f 3818/2131/3818 3820/2134/3820 1282/2127/1282
f 3818/2131/3818 3819/2133/3819 3820/2134/3820
f 3819/2133/3819 1228/2099/1228 3820/2134/3820
f 3393/2132/3393 3394/1274/3394 287/1267/287
f 3393/2132/3393 3818/2131/3818 3394/1274/3394
f 3818/2131/3818 1282/2127/1282 3394/1274/3394
f 3817/2129/3817 2339/1277/2339 1283/2118/1283
f 3817/2129/3817 2338/2128/2338 2339/1277/2339
f 2338/2128/2338 289/1275/289 2339/1277/2339
f 3815/2124/3815 3817/2129/3817 1283/2118/1283
f 3815/2124/3815 3816/2126/3816 3817/2129/3817
f 3816/2126/3816 1282/2127/1282 3817/2129/3817
f 2280/2125/2280 3395/2120/3395 40/1016/40
f 2280/2125/2280 3815/2124/3815 3395/2120/3395
f 3815/2124/3815 1283/2118/1283 3395/2120/3395
f 3814/2122/3814 2488/1021/2488 376/2902/376
f 3814/2122/3814 2282/2089/2282 2488/1021/2488
f 2282/2089/2282 39/1019/39 2488/1021/2488
f 3812/2119/3812 3814/2122/3814 376/2902/376
f 3812/2119/3812 3813/2121/3813 3814/2122/3814
f 3813/2121/3813 1226/2087/1226 3814/2122/3814
f 3395/2120/3395 1432/2904/1432 40/1016/40
f 3395/2120/3395 3812/2119/3812 1432/2904/1432
f 3812/2119/3812 376/2902/376 1432/2904/1432
f 3811/2117/3811 2341/1281/2341 1285/2106/1285
f 3811/2117/3811 2340/2116/2340 2341/1281/2341
f 2340/2116/2340 290/1279/290 2341/1281/2341
f 3809/2112/3809 3811/2117/3811 1285/2106/1285
f 3809/2112/3809 3810/2114/3810 3811/2117/3811
f 3810/2114/3810 1284/2115/1284 3811/2117/3811
f 2283/2113/2283 3397/2108/3397 288/1271/288
f 2283/2113/2283 3809/2112/3809 3397/2108/3397
f 3809/2112/3809 1285/2106/1285 3397/2108/3397
f 3808/2110/3808 2342/2104/2342 1286/2103/1286
f 3808/2110/3808 2287/2065/2287 2342/2104/2342
f 2287/2065/2287 291/1283/291 2342/2104/2342
f 3806/2107/3806 3808/2110/3808 1286/2103/1286
f 3806/2107/3806 3807/2109/3807 3808/2110/3808
f 3807/2109/3807 1231/2063/1231 3808/2110/3808
f 3397/2108/3397 3398/1282/3398 288/1271/288
f 3397/2108/3397 3806/2107/3806 3398/1282/3398
f 3806/2107/3806 1286/2103/1286 3398/1282/3398
f 3805/2105/3805 2343/1285/2343 1287/2094/1287
f 3805/2105/3805 2342/2104/2342 2343/1285/2343
f 2342/2104/2342 291/1283/291 2343/1285/2343
f 3803/2100/3803 3805/2105/3805 1287/2094/1287
f 3803/2100/3803 3804/2102/3804 3805/2105/3805
f 3804/2102/3804 1286/2103/1286 3805/2105/3805
f 2284/2101/2284 3399/2096/3399 289/1275/289
f 2284/2101/2284 3803/2100/3803 3399/2096/3399
f 3803/2100/3803 1287/2094/1287 3399/2096/3399
f 3802/2098/3802 2344/2092/2344 1288/2091/1288
f 3802/2098/3802 2288/2053/2288 2344/2092/2344
f 2288/2053/2288 292/1287/292 2344/2092/2344
f 3800/2095/3800 3802/2098/3802 1288/2091/1288
f 3800/2095/3800 3801/2097/3801 3802/2098/3802
f 3801/2097/3801 1232/2051/1232 3802/2098/3802
f 3399/2096/3399 3400/1286/3400 289/1275/289
f 3399/2096/3399 3800/2095/3800 3400/1286/3400
f 3800/2095/3800 1288/2091/1288 3400/1286/3400
f 3799/2093/3799 2345/1289/2345 1289/2082/1289
f 3799/2093/3799 2344/2092/2344 2345/1289/2345
f 2344/2092/2344 292/1287/292 2345/1289/2345
f 3797/2088/3797 3799/2093/3799 1289/2082/1289
f 3797/2088/3797 3798/2090/3798 3799/2093/3799
f 3798/2090/3798 1288/2091/1288 3799/2093/3799
f 2282/2089/2282 3401/2084/3401 39/1019/39
f 2282/2089/2282 3797/2088/3797 3401/2084/3401
f 3797/2088/3797 1289/2082/1289 3401/2084/3401
f 3796/2086/3796 2487/1024/2487 375/2897/375
f 3796/2086/3796 2285/2041/2285 2487/1024/2487
f 2285/2041/2285 38/1022/38 2487/1024/2487
f 3794/2083/3794 3796/2086/3796 375/2897/375
f 3794/2083/3794 3795/2085/3795 3796/2086/3796
f 3795/2085/3795 1229/2039/1229 3796/2086/3796
f 3401/2084/3401 1431/2899/1431 39/1019/39
f 3401/2084/3401 3794/2083/3794 1431/2899/1431
f 3794/2083/3794 375/2897/375 1431/2899/1431
f 3793/2081/3793 2347/1293/2347 1291/2070/1291
f 3793/2081/3793 2346/2080/2346 2347/1293/2347
f 2346/2080/2346 293/1291/293 2347/1293/2347
f 3791/2076/3791 3793/2081/3793 1291/2070/1291
f 3791/2076/3791 3792/2078/3792 3793/2081/3793
f 3792/2078/3792 1290/2079/1290 3793/2081/3793
f 2286/2077/2286 3403/2072/3403 290/1279/290
f 2286/2077/2286 3791/2076/3791 3403/2072/3403
f 3791/2076/3791 1291/2070/1291 3403/2072/3403
f 3790/2074/3790 2348/2068/2348 1292/2067/1292
f 3790/2074/3790 2291/2017/2291 2348/2068/2348
f 2291/2017/2291 294/1295/294 2348/2068/2348
f 3788/2071/3788 3790/2074/3790 1292/2067/1292
f 3788/2071/3788 3789/2073/3789 3790/2074/3790
f 3789/2073/3789 1235/2015/1235 3790/2074/3790
f 3403/2072/3403 3404/1294/3404 290/1279/290
f 3403/2072/3403 3788/2071/3788 3404/1294/3404
f 3788/2071/3788 1292/2067/1292 3404/1294/3404
f 3787/2069/3787 2349/1297/2349 1293/2058/1293
f 3787/2069/3787 2348/2068/2348 2349/1297/2349
f 2348/2068/2348 294/1295/294 2349/1297/2349
f 3785/2064/3785 3787/2069/3787 1293/2058/1293
f 3785/2064/3785 3786/2066/3786 3787/2069/3787
f 3786/2066/3786 1292/2067/1292 3787/2069/3787
f 2287/2065/2287 3405/2060/3405 291/1283/291
f 2287/2065/2287 3785/2064/3785 3405/2060/3405
f 3785/2064/3785 1293/2058/1293 3405/2060/3405
f 3784/2062/3784 2350/2056/2350 1294/2055/1294
f 3784/2062/3784 2292/2005/2292 2350/2056/2350
f 2292/2005/2292 295/1299/295 2350/2056/2350
f 3782/2059/3782 3784/2062/3784 1294/2055/1294
f 3782/2059/3782 3783/2061/3783 3784/2062/3784
f 3783/2061/3783 1236/2003/1236 3784/2062/3784
f 3405/2060/3405 3406/1298/3406 291/1283/291
f 3405/2060/3405 3782/2059/3782 3406/1298/3406
f 3782/2059/3782 1294/2055/1294 3406/1298/3406
f 3781/2057/3781 2351/1301/2351 1295/2046/1295
f 3781/2057/3781 2350/2056/2350 2351/1301/2351
f 2350/2056/2350 295/1299/295 2351/1301/2351
f 3779/2052/3779 3781/2057/3781 1295/2046/1295
f 3779/2052/3779 3780/2054/3780 3781/2057/3781
f 3780/2054/3780 1294/2055/1294 3781/2057/3781
f 2288/2053/2288 3407/2048/3407 292/1287/292
f 2288/2053/2288 3779/2052/3779 3407/2048/3407
f 3779/2052/3779 1295/2046/1295 3407/2048/3407
f 3778/2050/3778 2352/2044/2352 1296/2043/1296
f 3778/2050/3778 2293/1993/2293 2352/2044/2352
f 2293/1993/2293 296/1303/296 2352/2044/2352
f 3776/2047/3776 3778/2050/3778 1296/2043/1296
f 3776/2047/3776 3777/2049/3777 3778/2050/3778
f 3777/2049/3777 1237/1991/1237 3778/2050/3778
f 3407/2048/3407 3408/1302/3408 292/1287/292
f 3407/2048/3407 3776/2047/3776 3408/1302/3408
f 3776/2047/3776 1296/2043/1296 3408/1302/3408
f 3775/2045/3775 2353/1305/2353 1297/2034/1297
f 3775/2045/3775 2352/2044/2352 2353/1305/2353
f 2352/2044/2352 296/1303/296 2353/1305/2353
f 3773/2040/3773 3775/2045/3775 1297/2034/1297
f 3773/2040/3773 3774/2042/3774 3775/2045/3775
f 3774/2042/3774 1296/2043/1296 3775/2045/3775
f 2285/2041/2285 3409/2036/3409 38/1022/38
f 2285/2041/2285 3773/2040/3773 3409/2036/3409
f 3773/2040/3773 1297/2034/1297 3409/2036/3409
f 3772/2038/3772 2486/1027/2486 374/2892/374
f 3772/2038/3772 2289/1981/2289 2486/1027/2486
f 2289/1981/2289 37/1025/37 2486/1027/2486
f 3770/2035/3770 3772/2038/3772 374/2892/374
f 3770/2035/3770 3771/2037/3771 3772/2038/3772
f 3771/2037/3771 1233/1979/1233 3772/2038/3772
f 3409/2036/3409 1430/2894/1430 38/1022/38
f 3409/2036/3409 3770/2035/3770 1430/2894/1430
f 3770/2035/3770 374/2892/374 1430/2894/1430
f 3769/2033/3769 2355/1309/2355 1299/2022/1299
f 3769/2033/3769 2354/2032/2354 2355/1309/2355
f 2354/2032/2354 297/1307/297 2355/1309/2355
f 3767/2028/3767 3769/2033/3769 1299/2022/1299
f 3767/2028/3767 3768/2030/3768 3769/2033/3769
f 3768/2030/3768 1298/2031/1298 3769/2033/3769
f 2290/2029/2290 3411/2024/3411 293/1291/293
f 2290/2029/2290 3767/2028/3767 3411/2024/3411
f 3767/2028/3767 1299/2022/1299 3411/2024/3411
f 3766/2026/3766 2356/2020/2356 1300/2019/1300
f 3766/2026/3766 2296/1957/2296 2356/2020/2356
f 2296/1957/2296 298/1311/298 2356/2020/2356
f 3764/2023/3764 3766/2026/3766 1300/2019/1300
f 3764/2023/3764 3765/2025/3765 3766/2026/3766
f 3765/2025/3765 1240/1955/1240 3766/2026/3766
f 3411/2024/3411 3412/1310/3412 293/1291/293
f 3411/2024/3411 3764/2023/3764 3412/1310/3412
f 3764/2023/3764 1300/2019/1300 3412/1310/3412
f 3763/2021/3763 2357/1313/2357 1301/2010/1301
f 3763/2021/3763 2356/2020/2356 2357/1313/2357
f 2356/2020/2356 298/1311/298 2357/1313/2357
f 3761/2016/3761 3763/2021/3763 1301/2010/1301
f 3761/2016/3761 3762/2018/3762 3763/2021/3763
f 3762/2018/3762 1300/2019/1300 3763/2021/3763
f 2291/2017/2291 3413/2012/3413 294/1295/294
f 2291/2017/2291 3761/2016/3761 3413/2012/3413
f 3761/2016/3761 1301/2010/1301 3413/2012/3413
f 3760/2014/3760 2358/2008/2358 1302/2007/1302
f 3760/2014/3760 2297/1945/2297 2358/2008/2358
f 2297/1945/2297 299/1315/299 2358/2008/2358
f 3758/2011/3758 3760/2014/3760 1302/2007/1302
f 3758/2011/3758 3759/2013/3759 3760/2014/3760
f 3759/2013/3759 1241/1943/1241 3760/2014/3760
f 3413/2012/3413 3414/1314/3414 294/1295/294
f 3413/2012/3413 3758/2011/3758 3414/1314/3414
f 3758/2011/3758 1302/2007/1302 3414/1314/3414
f 3757/2009/3757 2359/1317/2359 1303/1998/1303
f 3757/2009/3757 2358/2008/2358 2359/1317/2359
f 2358/2008/2358 299/1315/299 2359/1317/2359
f 3755/2004/3755 3757/2009/3757 1303/1998/1303
f 3755/2004/3755 3756/2006/3756 3757/2009/3757
f 3756/2006/3756 1302/2007/1302 3757/2009/3757
f 2292/2005/2292 3415/2000/3415 295/1299/295
f 2292/2005/2292 3755/2004/3755 3415/2000/3415
f 3755/2004/3755 1303/1998/1303 3415/2000/3415
f 3754/2002/3754 2360/1996/2360 1304/1995/1304
f 3754/2002/3754 2298/1933/2298 2360/1996/2360
f 2298/1933/2298 300/1319/300 2360/1996/2360
f 3752/1999/3752 3754/2002/3754 1304/1995/1304
f 3752/1999/3752 3753/2001/3753 3754/2002/3754
f 3753/2001/3753 1242/1931/1242 3754/2002/3754
f 3415/2000/3415 3416/1318/3416 295/1299/295
f 3415/2000/3415 3752/1999/3752 3416/1318/3416
f 3752/1999/3752 1304/1995/1304 3416/1318/3416
f 3751/1997/3751 2361/1321/2361 1305/1986/1305
f 3751/1997/3751 2360/1996/2360 2361/1321/2361
f 2360/1996/2360 300/1319/300 2361/1321/2361
f 3749/1992/3749 3751/1997/3751 1305/1986/1305
f 3749/1992/3749 3750/1994/3750 3751/1997/3751
f 3750/1994/3750 1304/1995/1304 3751/1997/3751
f 2293/1993/2293 3417/1988/3417 296/1303/296
f 2293/1993/2293 3749/1992/3749 3417/1988/3417
f 3749/1992/3749 1305/1986/1305 3417/1988/3417
f 3748/1990/3748 2362/1984/2362 1306/1983/1306
f 3748/1990/3748 2299/1921/2299 2362/1984/2362
f 2299/1921/2299 301/1323/301 2362/1984/2362
f 3746/1987/3746 3748/1990/3748 1306/1983/1306
f 3746/1987/3746 3747/1989/3747 3748/1990/3748
f 3747/1989/3747 1243/1919/1243 3748/1990/3748
f 3417/1988/3417 3418/1322/3418 296/1303/296
f 3417/1988/3417 3746/1987/3746 3418/1322/3418
f 3746/1987/3746 1306/1983/1306 3418/1322/3418
f 3745/1985/3745 2363/1325/2363 1307/1974/1307
f 3745/1985/3745 2362/1984/2362 2363/1325/2363
f 2362/1984/2362 301/1323/301 2363/1325/2363
f 3743/1980/3743 3745/1985/3745 1307/1974/1307
f 3743/1980/3743 3744/1982/3744 3745/1985/3745
f 3744/1982/3744 1306/1983/1306 3745/1985/3745
f 2289/1981/2289 3419/1976/3419 37/1025/37
f 2289/1981/2289 3743/1980/3743 3419/1976/3419
f 3743/1980/3743 1307/1974/1307 3419/1976/3419
f 3742/1978/3742 2485/1030/2485 373/2887/373
f 3742/1978/3742 2294/1909/2294 2485/1030/2485
f 2294/1909/2294 36/1028/36 2485/1030/2485
f 3740/1975/3740 3742/1978/3742 373/2887/373
f 3740/1975/3740 3741/1977/3741 3742/1978/3742
f 3741/1977/3741 1238/1907/1238 3742/1978/3742
f 3419/1976/3419 1429/2889/1429 37/1025/37
f 3419/1976/3419 3740/1975/3740 1429/2889/1429
f 3740/1975/3740 373/2887/373 1429/2889/1429
f 3739/1973/3739 2365/1329/2365 1309/1962/1309
f 3739/1973/3739 2364/1972/2364 2365/1329/2365
f 2364/1972/2364 302/1327/302 2365/1329/2365
f 3737/1968/3737 3739/1973/3739 1309/1962/1309
f 3737/1968/3737 3738/1970/3738 3739/1973/3739
f 3738/1970/3738 1308/1971/1308 3739/1973/3739
f 2295/1969/2295 3421/1964/3421 297/1307/297
f 2295/1969/2295 3737/1968/3737 3421/1964/3421
f 3737/1968/3737 1309/1962/1309 3421/1964/3421
f 3736/1966/3736 2366/1960/2366 1310/1959/1310
f 3736/1966/3736 2302/1885/2302 2366/1960/2366
f 2302/1885/2302 303/1331/303 2366/1960/2366
f 3734/1963/3734 3736/1966/3736 1310/1959/1310
f 3734/1963/3734 3735/1965/3735 3736/1966/3736
f 3735/1965/3735 1246/1883/1246 3736/1966/3736
f 3421/1964/3421 3422/1330/3422 297/1307/297
f 3421/1964/3421 3734/1963/3734 3422/1330/3422
f 3734/1963/3734 1310/1959/1310 3422/1330/3422
f 3733/1961/3733 2367/1333/2367 1311/1950/1311
f 3733/1961/3733 2366/1960/2366 2367/1333/2367
f 2366/1960/2366 303/1331/303 2367/1333/2367
f 3731/1956/3731 3733/1961/3733 1311/1950/1311
f 3731/1956/3731 3732/1958/3732 3733/1961/3733
f 3732/1958/3732 1310/1959/1310 3733/1961/3733
f 2296/1957/2296 3423/1952/3423 298/1311/298
f 2296/1957/2296 3731/1956/3731 3423/1952/3423
f 3731/1956/3731 1311/1950/1311 3423/1952/3423
f 3730/1954/3730 2368/1948/2368 1312/1947/1312
f 3730/1954/3730 2303/1873/2303 2368/1948/2368
f 2303/1873/2303 304/1335/304 2368/1948/2368
f 3728/1951/3728 3730/1954/3730 1312/1947/1312
f 3728/1951/3728 3729/1953/3729 3730/1954/3730
f 3729/1953/3729 1247/1871/1247 3730/1954/3730
f 3423/1952/3423 3424/1334/3424 298/1311/298
f 3423/1952/3423 3728/1951/3728 3424/1334/3424
f 3728/1951/3728 1312/1947/1312 3424/1334/3424
f 3727/1949/3727 2369/1337/2369 1313/1938/1313
f 3727/1949/3727 2368/1948/2368 2369/1337/2369
f 2368/1948/2368 304/1335/304 2369/1337/2369
f 3725/1944/3725 3727/1949/3727 1313/1938/1313
f 3725/1944/3725 3726/1946/3726 3727/1949/3727
f 3726/1946/3726 1312/1947/1312 3727/1949/3727
f 2297/1945/2297 3425/1940/3425 299/1315/299
f 2297/1945/2297 3725/1944/3725 3425/1940/3425
f 3725/1944/3725 1313/1938/1313 3425/1940/3425
f 3724/1942/3724 2370/1936/2370 1314/1935/1314
f 3724/1942/3724 2304/1861/2304 2370/1936/2370
f 2304/1861/2304 305/1339/305 2370/1936/2370
f 3722/1939/3722 3724/1942/3724 1314/1935/1314
f 3722/1939/3722 3723/1941/3723 3724/1942/3724
f 3723/1941/3723 1248/1859/1248 3724/1942/3724
f 3425/1940/3425 3426/1338/3426 299/1315/299
f 3425/1940/3425 3722/1939/3722 3426/1338/3426
f 3722/1939/3722 1314/1935/1314 3426/1338/3426
f 3721/1937/3721 2371/1341/2371 1315/1926/1315
f 3721/1937/3721 2370/1936/2370 2371/1341/2371
f 2370/1936/2370 305/1339/305 2371/1341/2371
f 3719/1932/3719 3721/1937/3721 1315/1926/1315
f 3719/1932/3719 3720/1934/3720 3721/1937/3721
f 3720/1934/3720 1314/1935/1314 3721/1937/3721
f 2298/1933/2298 3427/1928/3427 300/1319/300
f 2298/1933/2298 3719/1932/3719 3427/1928/3427
f 3719/1932/3719 1315/1926/1315 3427/1928/3427
f 3718/1930/3718 2372/1924/2372 1316/1923/1316
f 3718/1930/3718 2305/1849/2305 2372/1924/2372
f 2305/1849/2305 306/1343/306 2372/1924/2372
f 3716/1927/3716 3718/1930/3718 1316/1923/1316
f 3716/1927/3716 3717/1929/3717 3718/1930/3718
f 3717/1929/3717 1249/1847/1249 3718/1930/3718
f 3427/1928/3427 3428/1342/3428 300/1319/300
f 3427/1928/3427 3716/1927/3716 3428/1342/3428
f 3716/1927/3716 1316/1923/1316 3428/1342/3428
f 3715/1925/3715 2373/1345/2373 1317/1914/1317
f 3715/1925/3715 2372/1924/2372 2373/1345/2373
f 2372/1924/2372 306/1343/306 2373/1345/2373
f 3713/1920/3713 3715/1925/3715 1317/1914/1317
f 3713/1920/3713 3714/1922/3714 3715/1925/3715
f 3714/1922/3714 1316/1923/1316 3715/1925/3715
f 2299/1921/2299 3429/1916/3429 301/1323/301
f 2299/1921/2299 3713/1920/3713 3429/1916/3429
f 3713/1920/3713 1317/1914/1317 3429/1916/3429
f 3712/1918/3712 2374/1912/2374 1318/1911/1318
f 3712/1918/3712 2306/1837/2306 2374/1912/2374
f 2306/1837/2306 307/1347/307 2374/1912/2374
f 3710/1915/3710 3712/1918/3712 1318/1911/1318
f 3710/1915/3710 3711/1917/3711 3712/1918/3712
f 3711/1917/3711 1250/1835/1250 3712/1918/3712
f 3429/1916/3429 3430/1346/3430 301/1323/301
f 3429/1916/3429 3710/1915/3710 3430/1346/3430
f 3710/1915/3710 1318/1911/1318 3430/1346/3430
f 3709/1913/3709 2375/1349/2375 1319/1902/1319
f 3709/1913/3709 2374/1912/2374 2375/1349/2375
f 2374/1912/2374 307/1347/307 2375/1349/2375
f 3707/1908/3707 3709/1913/3709 1319/1902/1319
f 3707/1908/3707 3708/1910/3708 3709/1913/3709
f 3708/1910/3708 1318/1911/1318 3709/1913/3709
f 2294/1909/2294 3431/1904/3431 36/1028/36
f 2294/1909/2294 3707/1908/3707 3431/1904/3431
f 3707/1908/3707 1319/1902/1319 3431/1904/3431
f 3706/1906/3706 2484/1033/2484 372/2882/372
f 3706/1906/3706 2300/1825/2300 2484/1033/2484
f 2300/1825/2300 35/1031/35 2484/1033/2484
f 3704/1903/3704 3706/1906/3706 372/2882/372
f 3704/1903/3704 3705/1905/3705 3706/1906/3706
f 3705/1905/3705 1244/1823/1244 3706/1906/3706
f 3431/1904/3431 1428/2884/1428 36/1028/36
f 3431/1904/3431 3704/1903/3704 1428/2884/1428
f 3704/1903/3704 372/2882/372 1428/2884/1428
f 3703/1901/3703 2377/1353/2377 1321/1890/1321
f 3703/1901/3703 2376/1900/2376 2377/1353/2377
f 2376/1900/2376 308/1351/308 2377/1353/2377
f 3701/1896/3701 3703/1901/3703 1321/1890/1321
f 3701/1896/3701 3702/1898/3702 3703/1901/3703
f 3702/1898/3702 1320/1899/1320 3703/1901/3703
f 2301/1897/2301 3433/1892/3433 302/1327/302
f 2301/1897/2301 3701/1896/3701 3433/1892/3433
f 3701/1896/3701 1321/1890/1321 3433/1892/3433
f 3700/1894/3700 2378/1888/2378 1322/1887/1322
f 3700/1894/3700 2309/1801/2309 2378/1888/2378
f 2309/1801/2309 309/1355/309 2378/1888/2378
f 3698/1891/3698 3700/1894/3700 1322/1887/1322
f 3698/1891/3698 3699/1893/3699 3700/1894/3700
f 3699/1893/3699 1253/1799/1253 3700/1894/3700
f 3433/1892/3433 3434/1354/3434 302/1327/302
f 3433/1892/3433 3698/1891/3698 3434/1354/3434
f 3698/1891/3698 1322/1887/1322 3434/1354/3434
f 3697/1889/3697 2379/1357/2379 1323/1878/1323
f 3697/1889/3697 2378/1888/2378 2379/1357/2379
f 2378/1888/2378 309/1355/309 2379/1357/2379
f 3695/1884/3695 3697/1889/3697 1323/1878/1323
f 3695/1884/3695 3696/1886/3696 3697/1889/3697
f 3696/1886/3696 1322/1887/1322 3697/1889/3697
f 2302/1885/2302 3435/1880/3435 303/1331/303
f 2302/1885/2302 3695/1884/3695 3435/1880/3435
f 3695/1884/3695 1323/1878/1323 3435/1880/3435
f 3694/1882/3694 2380/1876/2380 1324/1875/1324
f 3694/1882/3694 2310/1789/2310 2380/1876/2380
f 2310/1789/2310 310/1359/310 2380/1876/2380
f 3692/1879/3692 3694/1882/3694 1324/1875/1324
f 3692/1879/3692 3693/1881/3693 3694/1882/3694
f 3693/1881/3693 1254/1787/1254 3694/1882/3694
f 3435/1880/3435 3436/1358/3436 303/1331/303
f 3435/1880/3435 3692/1879/3692 3436/1358/3436
f 3692/1879/3692 1324/1875/1324 3436/1358/3436
f 3691/1877/3691 2381/1361/2381 1325/1866/1325
f 3691/1877/3691 2380/1876/2380 2381/1361/2381
f 2380/1876/2380 310/1359/310 2381/1361/2381
f 3689/1872/3689 3691/1877/3691 1325/1866/1325
f 3689/1872/3689 3690/1874/3690 3691/1877/3691
f 3690/1874/3690 1324/1875/1324 3691/1877/3691
f 2303/1873/2303 3437/1868/3437 304/1335/304
f 2303/1873/2303 3689/1872/3689 3437/1868/3437
f 3689/1872/3689 1325/1866/1325 3437/1868/3437
f 3688/1870/3688 2382/1864/2382 1326/1863/1326
f 3688/1870/3688 2311/1777/2311 2382/1864/2382
f 2311/1777/2311 311/1363/311 2382/1864/2382
f 3686/1867/3686 3688/1870/3688 1326/1863/1326
f 3686/1867/3686 3687/1869/3687 3688/1870/3688
f 3687/1869/3687 1255/1775/1255 3688/1870/3688
f 3437/1868/3437 3438/1362/3438 304/1335/304
f 3437/1868/3437 3686/1867/3686 3438/1362/3438
f 3686/1867/3686 1326/1863/1326 3438/1362/3438
f 3685/1865/3685 2383/1365/2383 1327/1854/1327
f 3685/1865/3685 2382/1864/2382 2383/1365/2383
f 2382/1864/2382 311/1363/311 2383/1365/2383
f 3683/1860/3683 3685/1865/3685 1327/1854/1327
f 3683/1860/3683 3684/1862/3684 3685/1865/3685
f 3684/1862/3684 1326/1863/1326 3685/1865/3685
f 2304/1861/2304 3439/1856/3439 305/1339/305
f 2304/1861/2304 3683/1860/3683 3439/1856/3439
f 3683/1860/3683 1327/1854/1327 3439/1856/3439
f 3682/1858/3682 2384/1852/2384 1328/1851/1328
f 3682/1858/3682 2312/1765/2312 2384/1852/2384
f 2312/1765/2312 312/1367/312 2384/1852/2384
f 3680/1855/3680 3682/1858/3682 1328/1851/1328
f 3680/1855/3680 3681/1857/3681 3682/1858/3682
f 3681/1857/3681 1256/1763/1256 3682/1858/3682
f 3439/1856/3439 3440/1366/3440 305/1339/305
f 3439/1856/3439 3680/1855/3680 3440/1366/3440
f 3680/1855/3680 1328/1851/1328 3440/1366/3440
f 3679/1853/3679 2385/1369/2385 1329/1842/1329
f 3679/1853/3679 2384/1852/2384 2385/1369/2385
f 2384/1852/2384 312/1367/312 2385/1369/2385
f 3677/1848/3677 3679/1853/3679 1329/1842/1329
f 3677/1848/3677 3678/1850/3678 3679/1853/3679
f 3678/1850/3678 1328/1851/1328 3679/1853/3679
f 2305/1849/2305 3441/1844/3441 306/1343/306
f 2305/1849/2305 3677/1848/3677 3441/1844/3441
f 3677/1848/3677 1329/1842/1329 3441/1844/3441
f 3676/1846/3676 2386/1840/2386 1330/1839/1330
f 3676/1846/3676 2313/1753/2313 2386/1840/2386
f 2313/1753/2313 313/1371/313 2386/1840/2386
f 3674/1843/3674 3676/1846/3676 1330/1839/1330
f 3674/1843/3674 3675/1845/3675 3676/1846/3676
f 3675/1845/3675 1257/1751/1257 3676/1846/3676
f 3441/1844/3441 3442/1370/3442 306/1343/306
f 3441/1844/3441 3674/1843/3674 3442/1370/3442
f 3674/1843/3674 1330/1839/1330 3442/1370/3442
f 3673/1841/3673 2387/1373/2387 1331/1830/1331
f 3673/1841/3673 2386/1840/2386 2387/1373/2387
f 2386/1840/2386 313/1371/313 2387/1373/2387
f 3671/1836/3671 3673/1841/3673 1331/1830/1331
f 3671/1836/3671 3672/1838/3672 3673/1841/3673
f 3672/1838/3672 1330/1839/1330 3673/1841/3673
f 2306/1837/2306 3443/1832/3443 307/1347/307
f 2306/1837/2306 3671/1836/3671 3443/1832/3443
f 3671/1836/3671 1331/1830/1331 3443/1832/3443
f 3670/1834/3670 2388/1828/2388 1332/1827/1332
f 3670/1834/3670 2314/1741/2314 2388/1828/2388
f 2314/1741/2314 314/1375/314 2388/1828/2388
f 3668/1831/3668 3670/1834/3670 1332/1827/1332
f 3668/1831/3668 3669/1833/3669 3670/1834/3670
f 3669/1833/3669 1258/1739/1258 3670/1834/3670
f 3443/1832/3443 3444/1374/3444 307/1347/307
f 3443/1832/3443 3668/1831/3668 3444/1374/3444
f 3668/1831/3668 1332/1827/1332 3444/1374/3444
f 3667/1829/3667 2389/1377/2389 1333/1818/1333
f 3667/1829/3667 2388/1828/2388 2389/1377/2389
f 2388/1828/2388 314/1375/314 2389/1377/2389
f 3665/1824/3665 3667/1829/3667 1333/1818/1333
f 3665/1824/3665 3666/1826/3666 3667/1829/3667
f 3666/1826/3666 1332/1827/1332 3667/1829/3667
f 2300/1825/2300 3445/1820/3445 35/1031/35
f 2300/1825/2300 3665/1824/3665 3445/1820/3445
f 3665/1824/3665 1333/1818/1333 3445/1820/3445
f 3664/1822/3664 2483/1036/2483 371/2877/371
f 3664/1822/3664 2307/1729/2307 2483/1036/2483
f 2307/1729/2307 34/1034/34 2483/1036/2483
f 3662/1819/3662 3664/1822/3664 371/2877/371
f 3662/1819/3662 3663/1821/3663 3664/1822/3664
f 3663/1821/3663 1251/1727/1251 3664/1822/3664
f 3445/1820/3445 1427/2879/1427 35/1031/35
f 3445/1820/3445 3662/1819/3662 1427/2879/1427
f 3662/1819/3662 371/2877/371 1427/2879/1427
f 3661/1817/3661 2391/1381/2391 1335/1806/1335
f 3661/1817/3661 2390/1816/2390 2391/1381/2391
f 2390/1816/2390 315/1379/315 2391/1381/2391
f 3659/1812/3659 3661/1817/3661 1335/1806/1335
f 3659/1812/3659 3660/1814/3660 3661/1817/3661
f 3660/1814/3660 1334/1815/1334 3661/1817/3661
f 2308/1813/2308 3447/1808/3447 308/1351/308
f 2308/1813/2308 3659/1812/3659 3447/1808/3447
f 3659/1812/3659 1335/1806/1335 3447/1808/3447
f 3658/1810/3658 2392/1804/2392 1336/1803/1336
f 3658/1810/3658 2317/1705/2317 2392/1804/2392
f 2317/1705/2317 316/1383/316 2392/1804/2392
f 3656/1807/3656 3658/1810/3658 1336/1803/1336
f 3656/1807/3656 3657/1809/3657 3658/1810/3658
f 3657/1809/3657 1261/1703/1261 3658/1810/3658
f 3447/1808/3447 3448/1382/3448 308/1351/308
f 3447/1808/3447 3656/1807/3656 3448/1382/3448
f 3656/1807/3656 1336/1803/1336 3448/1382/3448
f 3655/1805/3655 2393/1385/2393 1337/1794/1337
f 3655/1805/3655 2392/1804/2392 2393/1385/2393
f 2392/1804/2392 316/1383/316 2393/1385/2393
f 3653/1800/3653 3655/1805/3655 1337/1794/1337
f 3653/1800/3653 3654/1802/3654 3655/1805/3655
f 3654/1802/3654 1336/1803/1336 3655/1805/3655
f 2309/1801/2309 3449/1796/3449 309/1355/309
f 2309/1801/2309 3653/1800/3653 3449/1796/3449
f 3653/1800/3653 1337/1794/1337 3449/1796/3449
f 3652/1798/3652 2394/1792/2394 1338/1791/1338
f 3652/1798/3652 2318/1693/2318 2394/1792/2394
f 2318/1693/2318 317/1387/317 2394/1792/2394
f 3650/1795/3650 3652/1798/3652 1338/1791/1338
f 3650/1795/3650 3651/1797/3651 3652/1798/3652
f 3651/1797/3651 1262/1691/1262 3652/1798/3652
f 3449/1796/3449 3450/1386/3450 309/1355/309
f 3449/1796/3449 3650/1795/3650 3450/1386/3450
f 3650/1795/3650 1338/1791/1338 3450/1386/3450
f 3649/1793/3649 2395/1389/2395 1339/1782/1339
f 3649/1793/3649 2394/1792/2394 2395/1389/2395
f 2394/1792/2394 317/1387/317 2395/1389/2395
f 3647/1788/3647 3649/1793/3649 1339/1782/1339
f 3647/1788/3647 3648/1790/3648 3649/1793/3649
f 3648/1790/3648 1338/1791/1338 3649/1793/3649
f 2310/1789/2310 3451/1784/3451 310/1359/310
f 2310/1789/2310 3647/1788/3647 3451/1784/3451
f 3647/1788/3647 1339/1782/1339 3451/1784/3451
f 3646/1786/3646 2396/1780/2396 1340/1779/1340
f 3646/1786/3646 2319/1681/2319 2396/1780/2396
f 2319/1681/2319 318/1391/318 2396/1780/2396
f 3644/1783/3644 3646/1786/3646 1340/1779/1340
f 3644/1783/3644 3645/1785/3645 3646/1786/3646
f 3645/1785/3645 1263/1679/1263 3646/1786/3646
f 3451/1784/3451 3452/1390/3452 310/1359/310
f 3451/1784/3451 3644/1783/3644 3452/1390/3452
f 3644/1783/3644 1340/1779/1340 3452/1390/3452
f 3643/1781/3643 2397/1393/2397 1341/1770/1341
f 3643/1781/3643 2396/1780/2396 2397/1393/2397
f 2396/1780/2396 318/1391/318 2397/1393/2397
f 3641/1776/3641 3643/1781/3643 1341/1770/1341
f 3641/1776/3641 3642/1778/3642 3643/1781/3643
f 3642/1778/3642 1340/1779/1340 3643/1781/3643
f 2311/1777/2311 3453/1772/3453 311/1363/311
f 2311/1777/2311 3641/1776/3641 3453/1772/3453
f 3641/1776/3641 1341/1770/1341 3453/1772/3453
f 3640/1774/3640 2398/1768/2398 1342/1767/1342
f 3640/1774/3640 2320/1669/2320 2398/1768/2398
f 2320/1669/2320 319/1395/319 2398/1768/2398
f 3638/1771/3638 3640/1774/3640 1342/1767/1342
f 3638/1771/3638 3639/1773/3639 3640/1774/3640
f 3639/1773/3639 1264/1667/1264 3640/1774/3640
f 3453/1772/3453 3454/1394/3454 311/1363/311
f 3453/1772/3453 3638/1771/3638 3454/1394/3454
f 3638/1771/3638 1342/1767/1342 3454/1394/3454
f 3637/1769/3637 2399/1397/2399 1343/1758/1343
f 3637/1769/3637 2398/1768/2398 2399/1397/2399
f 2398/1768/2398 319/1395/319 2399/1397/2399
f 3635/1764/3635 3637/1769/3637 1343/1758/1343
f 3635/1764/3635 3636/1766/3636 3637/1769/3637
f 3636/1766/3636 1342/1767/1342 3637/1769/3637
f 2312/1765/2312 3455/1760/3455 312/1367/312
f 2312/1765/2312 3635/1764/3635 3455/1760/3455
f 3635/1764/3635 1343/1758/1343 3455/1760/3455
f 3634/1762/3634 2400/1756/2400 1344/1755/1344
f 3634/1762/3634 2321/1657/2321 2400/1756/2400
f 2321/1657/2321 320/1399/320 2400/1756/2400
f 3632/1759/3632 3634/1762/3634 1344/1755/1344
f 3632/1759/3632 3633/1761/3633 3634/1762/3634
f 3633/1761/3633 1265/1655/1265 3634/1762/3634
f 3455/1760/3455 3456/1398/3456 312/1367/312
f 3455/1760/3455 3632/1759/3632 3456/1398/3456
f 3632/1759/3632 1344/1755/1344 3456/1398/3456
f 3631/1757/3631 2401/1401/2401 1345/1746/1345
f 3631/1757/3631 2400/1756/2400 2401/1401/2401
f 2400/1756/2400 320/1399/320 2401/1401/2401
f 3629/1752/3629 3631/1757/3631 1345/1746/1345
f 3629/1752/3629 3630/1754/3630 3631/1757/3631
f 3630/1754/3630 1344/1755/1344 3631/1757/3631
f 2313/1753/2313 3457/1748/3457 313/1371/313
f 2313/1753/2313 3629/1752/3629 3457/1748/3457
f 3629/1752/3629 1345/1746/1345 3457/1748/3457
f 3628/1750/3628 2402/1744/2402 1346/1743/1346
f 3628/1750/3628 2322/1645/2322 2402/1744/2402
f 2322/1645/2322 321/1403/321 2402/1744/2402
f 3626/1747/3626 3628/1750/3628 1346/1743/1346
f 3626/1747/3626 3627/1749/3627 3628/1750/3628
f 3627/1749/3627 1266/1643/1266 3628/1750/3628
f 3457/1748/3457 3458/1402/3458 313/1371/313
f 3457/1748/3457 3626/1747/3626 3458/1402/3458
f 3626/1747/3626 1346/1743/1346 3458/1402/3458
f 3625/1745/3625 2403/1405/2403 1347/1734/1347
f 3625/1745/3625 2402/1744/2402 2403/1405/2403
f 2402/1744/2402 321/1403/321 2403/1405/2403
f 3623/1740/3623 3625/1745/3625 1347/1734/1347
f 3623/1740/3623 3624/1742/3624 3625/1745/3625
f 3624/1742/3624 1346/1743/1346 3625/1745/3625
f 2314/1741/2314 3459/1736/3459 314/1375/314
f 2314/1741/2314 3623/1740/3623 3459/1736/3459
f 3623/1740/3623 1347/1734/1347 3459/1736/3459
f 3622/1738/3622 2404/1732/2404 1348/1731/1348
f 3622/1738/3622 2323/1633/2323 2404/1732/2404
f 2323/1633/2323 322/1407/322 2404/1732/2404
f 3620/1735/3620 3622/1738/3622 1348/1731/1348
f 3620/1735/3620 3621/1737/3621 3622/1738/3622
f 3621/1737/3621 1267/1631/1267 3622/1738/3622
f 3459/1736/3459 3460/1406/3460 314/1375/314
f 3459/1736/3459 3620/1735/3620 3460/1406/3460
f 3620/1735/3620 1348/1731/1348 3460/1406/3460
f 3619/1733/3619 2405/1409/2405 1349/1722/1349
f 3619/1733/3619 2404/1732/2404 2405/1409/2405
f 2404/1732/2404 322/1407/322 2405/1409/2405
f 3617/1728/3617 3619/1733/3619 1349/1722/1349
f 3617/1728/3617 3618/1730/3618 3619/1733/3619
f 3618/1730/3618 1348/1731/1348 3619/1733/3619
f 2307/1729/2307 3461/1724/3461 34/1034/34
f 2307/1729/2307 3617/1728/3617 3461/1724/3461
f 3617/1728/3617 1349/1722/1349 3461/1724/3461
f 3616/1726/3616 2482/1039/2482 370/2872/370
f 3616/1726/3616 2315/1621/2315 2482/1039/2482
f 2315/1621/2315 33/1037/33 2482/1039/2482
f 3614/1723/3614 3616/1726/3616 370/2872/370
f 3614/1723/3614 3615/1725/3615 3616/1726/3616
f 3615/1725/3615 1259/1619/1259 3616/1726/3616
f 3461/1724/3461 1426/2874/1426 34/1034/34
f 3461/1724/3461 3614/1723/3614 1426/2874/1426
f 3614/1723/3614 370/2872/370 1426/2874/1426
f 3613/1721/3613 2407/1413/2407 1351/1710/1351
f 3613/1721/3613 2406/1720/2406 2407/1413/2407
f 2406/1720/2406 323/1411/323 2407/1413/2407
f 3611/1716/3611 3613/1721/3613 1351/1710/1351
f 3611/1716/3611 3612/1718/3612 3613/1721/3613
f 3612/1718/3612 1350/1719/1350 3613/1721/3613
f 2316/1717/2316 3463/1712/3463 315/1379/315
f 2316/1717/2316 3611/1716/3611 3463/1712/3463
f 3611/1716/3611 1351/1710/1351 3463/1712/3463
f 3610/1714/3610 2408/1708/2408 1352/1707/1352
f 3610/1714/3610 2326/1596/2326 2408/1708/2408
f 2326/1596/2326 324/1415/324 2408/1708/2408
f 3608/1711/3608 3610/1714/3610 1352/1707/1352
f 3608/1711/3608 3609/1713/3609 3610/1714/3610
f 3609/1713/3609 1270/1594/1270 3610/1714/3610
f 3463/1712/3463 3464/1414/3464 315/1379/315
f 3463/1712/3463 3608/1711/3608 3464/1414/3464
f 3608/1711/3608 1352/1707/1352 3464/1414/3464
f 3607/1709/3607 2409/1417/2409 1353/1698/1353
f 3607/1709/3607 2408/1708/2408 2409/1417/2409
f 2408/1708/2408 324/1415/324 2409/1417/2409
f 3605/1704/3605 3607/1709/3607 1353/1698/1353
f 3605/1704/3605 3606/1706/3606 3607/1709/3607
f 3606/1706/3606 1352/1707/1352 3607/1709/3607
f 2317/1705/2317 3465/1700/3465 316/1383/316
f 2317/1705/2317 3605/1704/3605 3465/1700/3465
f 3605/1704/3605 1353/1698/1353 3465/1700/3465
f 3604/1702/3604 2410/1696/2410 1354/1695/1354
f 3604/1702/3604 2327/1583/2327 2410/1696/2410
f 2327/1583/2327 325/1419/325 2410/1696/2410
f 3602/1699/3602 3604/1702/3604 1354/1695/1354
f 3602/1699/3602 3603/1701/3603 3604/1702/3604
f 3603/1701/3603 1271/1581/1271 3604/1702/3604
f 3465/1700/3465 3466/1418/3466 316/1383/316
f 3465/1700/3465 3602/1699/3602 3466/1418/3466
f 3602/1699/3602 1354/1695/1354 3466/1418/3466
f 3601/1697/3601 2411/1421/2411 1355/1686/1355
f 3601/1697/3601 2410/1696/2410 2411/1421/2411
f 2410/1696/2410 325/1419/325 2411/1421/2411
f 3599/1692/3599 3601/1697/3601 1355/1686/1355
f 3599/1692/3599 3600/1694/3600 3601/1697/3601
f 3600/1694/3600 1354/1695/1354 3601/1697/3601
f 2318/1693/2318 3467/1688/3467 317/1387/317
f 2318/1693/2318 3599/1692/3599 3467/1688/3467
f 3599/1692/3599 1355/1686/1355 3467/1688/3467
f 3598/1690/3598 2412/1684/2412 1356/1683/1356
f 3598/1690/3598 2328/1570/2328 2412/1684/2412
f 2328/1570/2328 326/1423/326 2412/1684/2412
f 3596/1687/3596 3598/1690/3598 1356/1683/1356
f 3596/1687/3596 3597/1689/3597 3598/1690/3598
f 3597/1689/3597 1272/1568/1272 3598/1690/3598
f 3467/1688/3467 3468/1422/3468 317/1387/317
f 3467/1688/3467 3596/1687/3596 3468/1422/3468
f 3596/1687/3596 1356/1683/1356 3468/1422/3468
f 3595/1685/3595 2413/1425/2413 1357/1674/1357
f 3595/1685/3595 2412/1684/2412 2413/1425/2413
f 2412/1684/2412 326/1423/326 2413/1425/2413
f 3593/1680/3593 3595/1685/3595 1357/1674/1357
f 3593/1680/3593 3594/1682/3594 3595/1685/3595
f 3594/1682/3594 1356/1683/1356 3595/1685/3595
f 2319/1681/2319 3469/1676/3469 318/1391/318
f 2319/1681/2319 3593/1680/3593 3469/1676/3469
f 3593/1680/3593 1357/1674/1357 3469/1676/3469
f 3592/1678/3592 2414/1672/2414 1358/1671/1358
f 3592/1678/3592 2329/1559/2329 2414/1672/2414
f 2329/1559/2329 327/1427/327 2414/1672/2414
f 3590/1675/3590 3592/1678/3592 1358/1671/1358
f 3590/1675/3590 3591/1677/3591 3592/1678/3592
f 3591/1677/3591 1273/1557/1273 3592/1678/3592
f 3469/1676/3469 3470/1426/3470 318/1391/318
f 3469/1676/3469 3590/1675/3590 3470/1426/3470
f 3590/1675/3590 1358/1671/1358 3470/1426/3470
f 3589/1673/3589 2415/1429/2415 1359/1662/1359
f 3589/1673/3589 2414/1672/2414 2415/1429/2415
f 2414/1672/2414 327/1427/327 2415/1429/2415
f 3587/1668/3587 3589/1673/3589 1359/1662/1359
f 3587/1668/3587 3588/1670/3588 3589/1673/3589
f 3588/1670/3588 1358/1671/1358 3589/1673/3589
f 2320/1669/2320 3471/1664/3471 319/1395/319
f 2320/1669/2320 3587/1668/3587 3471/1664/3471
f 3587/1668/3587 1359/1662/1359 3471/1664/3471
f 3586/1666/3586 2416/1660/2416 1360/1659/1360
f 3586/1666/3586 2330/1546/2330 2416/1660/2416
f 2330/1546/2330 328/1431/328 2416/1660/2416
f 3584/1663/3584 3586/1666/3586 1360/1659/1360
f 3584/1663/3584 3585/1665/3585 3586/1666/3586
f 3585/1665/3585 1274/1544/1274 3586/1666/3586
f 3471/1664/3471 3472/1430/3472 319/1395/319
f 3471/1664/3471 3584/1663/3584 3472/1430/3472
f 3584/1663/3584 1360/1659/1360 3472/1430/3472
f 3583/1661/3583 2417/1433/2417 1361/1650/1361
f 3583/1661/3583 2416/1660/2416 2417/1433/2417
f 2416/1660/2416 328/1431/328 2417/1433/2417
f 3581/1656/3581 3583/1661/3583 1361/1650/1361
f 3581/1656/3581 3582/1658/3582 3583/1661/3583
f 3582/1658/3582 1360/1659/1360 3583/1661/3583
f 2321/1657/2321 3473/1652/3473 320/1399/320
f 2321/1657/2321 3581/1656/3581 3473/1652/3473
f 3581/1656/3581 1361/1650/1361 3473/1652/3473
f 3580/1654/3580 2418/1648/2418 1362/1647/1362
f 3580/1654/3580 2331/1532/2331 2418/1648/2418
f 2331/1532/2331 329/1435/329 2418/1648/2418
f 3578/1651/3578 3580/1654/3580 1362/1647/1362
f 3578/1651/3578 3579/1653/3579 3580/1654/3580
f 3579/1653/3579 1275/1530/1275 3580/1654/3580
f 3473/1652/3473 3474/1434/3474 320/1399/320
f 3473/1652/3473 3578/1651/3578 3474/1434/3474
f 3578/1651/3578 1362/1647/1362 3474/1434/3474
f 3577/1649/3577 2419/1437/2419 1363/1638/1363
f 3577/1649/3577 2418/1648/2418 2419/1437/2419
f 2418/1648/2418 329/1435/329 2419/1437/2419
f 3575/1644/3575 3577/1649/3577 1363/1638/1363
f 3575/1644/3575 3576/1646/3576 3577/1649/3577
f 3576/1646/3576 1362/1647/1362 3577/1649/3577
f 2322/1645/2322 3475/1640/3475 321/1403/321
f 2322/1645/2322 3575/1644/3575 3475/1640/3475
f 3575/1644/3575 1363/1638/1363 3475/1640/3475
f 3574/1642/3574 2420/1636/2420 1364/1635/1364
f 3574/1642/3574 2332/1519/2332 2420/1636/2420
f 2332/1519/2332 330/1439/330 2420/1636/2420
f 3572/1639/3572 3574/1642/3574 1364/1635/1364
f 3572/1639/3572 3573/1641/3573 3574/1642/3574
f 3573/1641/3573 1276/1517/1276 3574/1642/3574
f 3475/1640/3475 3476/1438/3476 321/1403/321
f 3475/1640/3475 3572/1639/3572 3476/1438/3476
f 3572/1639/3572 1364/1635/1364 3476/1438/3476
f 3571/1637/3571 2421/1441/2421 1365/1626/1365
f 3571/1637/3571 2420/1636/2420 2421/1441/2421
f 2420/1636/2420 330/1439/330 2421/1441/2421
f 3569/1632/3569 3571/1637/3571 1365/1626/1365
f 3569/1632/3569 3570/1634/3570 3571/1637/3571
f 3570/1634/3570 1364/1635/1364 3571/1637/3571
f 2323/1633/2323 3477/1628/3477 322/1407/322
f 2323/1633/2323 3569/1632/3569 3477/1628/3477
f 3569/1632/3569 1365/1626/1365 3477/1628/3477
f 3568/1630/3568 2422/1624/2422 1366/1623/1366
f 3568/1630/3568 2333/1507/2333 2422/1624/2422
f 2333/1507/2333 331/1443/331 2422/1624/2422
f 3566/1627/3566 3568/1630/3568 1366/1623/1366
f 3566/1627/3566 3567/1629/3567 3568/1630/3568
f 3567/1629/3567 1277/1505/1277 3568/1630/3568
f 3477/1628/3477 3478/1442/3478 322/1407/322
f 3477/1628/3477 3566/1627/3566 3478/1442/3478
f 3566/1627/3566 1366/1623/1366 3478/1442/3478
f 3565/1625/3565 2423/1445/2423 1367/1614/1367
f 3565/1625/3565 2422/1624/2422 2423/1445/2423
f 2422/1624/2422 331/1443/331 2423/1445/2423
f 3563/1620/3563 3565/1625/3565 1367/1614/1367
f 3563/1620/3563 3564/1622/3564 3565/1625/3565
f 3564/1622/3564 1366/1623/1366 3565/1625/3565
f 2315/1621/2315 3479/1616/3479 33/1037/33
f 2315/1621/2315 3563/1620/3563 3479/1616/3479
f 3563/1620/3563 1367/1614/1367 3479/1616/3479
f 3562/1618/3562 2481/1042/2481 369/2867/369
f 3562/1618/3562 2324/1494/2324 2481/1042/2481
f 2324/1494/2324 32/1040/32 2481/1042/2481
f 3560/1615/3560 3562/1618/3562 369/2867/369
f 3560/1615/3560 3561/1617/3561 3562/1618/3562
f 3561/1617/3561 1268/1492/1268 3562/1618/3562
f 3479/1616/3479 1425/2869/1425 33/1037/33
f 3479/1616/3479 3560/1615/3560 1425/2869/1425
f 3560/1615/3560 369/2867/369 1425/2869/1425
f 3559/1613/3559 2425/27/2425 1369/1601/1369
f 3559/1613/3559 2424/1612/2424 2425/27/2425
f 5908/5750/5907 5909/5855/5908 2436/1535/2436
f 3557/1608/3557 3559/1613/3559 1369/1601/1369
f 3557/1608/3557 3558/1610/3558 3559/1613/3559
f 3558/1610/3558 1368/1611/1368 3559/1613/3559
f 2325/1609/2325 3481/1603/3481 323/1411/323
f 2325/1609/2325 3557/1608/3557 3481/1603/3481
f 3557/1608/3557 1369/1601/1369 3481/1603/3481
f 3556/223/3556 2426/1599/2426 1370/1598/1370
f 5887/5795/5886 2424/1612/2424 5886/3017/5885
f 5909/5855/5908 5910/1451/5909 2437/5856/2437
f 3554/1602/3554 3556/223/3556 1370/1598/1370
f 3554/1602/3554 3555/26/3555 3556/223/3556
f 5770/184/5769 4636/186/4636 5769/5923/5768
f 3481/1603/3481 3482/1450/3482 323/1411/323
f 3481/1603/3481 3554/1602/3554 3482/1450/3482
f 3554/1602/3554 1370/1598/1370 3482/1450/3482
f 3553/1600/3553 2427/5841/2427 1371/1587/1371
f 3553/1600/3553 2426/1599/2426 2427/5841/2427
f 5837/998/5836 1781/5864/1781 1780/4350/1780
f 3551/1595/3551 3553/1600/3553 1371/1587/1371
f 3551/1595/3551 3552/1597/3552 3553/1600/3553
f 3552/1597/3552 1370/1598/1370 3553/1600/3553
f 2326/1596/2326 3483/1589/3483 324/1415/324
f 2326/1596/2326 3551/1595/3551 3483/1589/3483
f 3551/1595/3551 1371/1587/1371 3483/1589/3483
f 3550/480/3550 2428/484/2428 1372/1585/1372
f 5888/25/5887 2425/27/2425 5887/5795/5886
f 5839/5858/5838 5840/5909/5839 1782/4339/1782
f 3548/1588/3548 3550/480/3550 1372/1585/1372
f 3548/1588/3548 3549/1590/3549 3550/480/3550
f 5772/5798/5771 4630/5799/4630 4629/1605/4629
f 3483/1589/3483 3484/1454/3484 324/1415/324
f 3483/1589/3483 3548/1588/3548 3484/1454/3484
f 3548/1588/3548 1372/1585/1372 3484/1454/3484
f 3547/1586/3547 2429/483/2429 1373/1574/1373
f 3547/1586/3547 2428/484/2428 2429/483/2429
f 5911/1452/5910 5912/5862/5911 3520/5859/3520
f 3545/1582/3545 3547/1586/3547 1373/1574/1373
f 3545/1582/3545 3546/1584/3546 3547/1586/3547
f 3546/1584/3546 1372/1585/1372 3547/1586/3547
f 2327/1583/2327 3485/1576/3485 325/1419/325
f 2327/1583/2327 3545/1582/3545 3485/1576/3485
f 3545/1582/3545 1373/1574/1373 3485/1576/3485
f 3544/5919/3544 2430/1238/2430 1374/1572/1374
f 5889/222/5888 3555/26/3555 5888/25/5887
f 5912/5862/5911 5913/5865/5912 2438/1522/2438
f 3542/1575/3542 3544/5919/3544 1374/1572/1374
f 3542/1575/3542 3543/1577/3543 3544/5919/3544
f 5775/28/5774 1934/30/1934 5774/1591/5773
f 3485/1576/3485 3486/1458/3486 325/1419/325
f 3485/1576/3485 3542/1575/3542 3486/1458/3486
f 3542/1575/3542 1374/1572/1374 3486/1458/3486
f 3541/1573/3541 2431/1237/2431 1375/1563/1375
f 3541/1573/3541 2430/1238/2430 2431/1237/2431
f 5845/5863/5844 5658/992/5657 5657/5780/5656
f 3539/1569/3539 3541/1573/3541 1375/1563/1375
f 3539/1569/3539 3540/1571/3540 3541/1573/3541
f 3540/1571/3540 1374/1572/1374 3541/1573/3541
f 2328/1570/2328 3487/1565/3487 326/1423/326
f 2328/1570/2328 3539/1569/3539 3487/1565/3487
f 3539/1569/3539 1375/1563/1375 3487/1565/3487
f 3538/1230/3538 2432/1229/2432 1376/1561/1376
f 5890/5776/5889 3556/223/3556 5889/222/5888
f 5914/5868/5913 3513/1465/3513 2439/5866/2439
f 3536/1564/3536 3538/1230/3538 1376/1561/1376
f 3536/1564/3536 3537/1566/3537 3538/1230/3538
f 5778/5773/5777 1935/3705/1935 5777/1578/5776
f 3487/1565/3487 3488/1462/3488 326/1423/326
f 3487/1565/3487 3536/1564/3536 3488/1462/3488
f 3536/1564/3536 1376/1561/1376 3488/1462/3488
f 3535/1562/3535 2433/1226/2433 1377/1551/1377
f 3535/1562/3535 2432/1229/2432 2433/1226/2433
f 5850/2921/5849 5851/986/5850 2567/5785/2567
f 3533/1558/3533 3535/1562/3535 1377/1551/1377
f 3533/1558/3533 3534/1560/3534 3535/1562/3535
f 3534/1560/3534 1376/1561/1376 3535/1562/3535
f 2329/1559/2329 3489/1553/3489 327/1427/327
f 2329/1559/2329 3533/1558/3533 3489/1553/3489
f 3533/1558/3533 1377/1551/1377 3489/1553/3489
f 3532/5762/3532 2434/1549/2434 1378/1548/1378
f 5890/5776/5889 2427/5841/2427 2426/1599/2426
f 5916/5873/5915 2440/1469/2440 3514/1464/3514
f 3530/1552/3530 3532/5762/3532 1378/1548/1378
f 3530/1552/3530 3531/1225/3531 3532/5762/3532
f 5781/474/5780 4618/476/4618 5780/1567/5779
f 3489/1553/3489 3490/1466/3490 327/1427/327
f 3489/1553/3489 3530/1552/3530 3490/1466/3490
f 3530/1552/3530 1378/1548/1378 3490/1466/3490
f 3529/1550/3529 2435/5843/2435 1379/1537/1379
f 3529/1550/3529 2434/1549/2434 2435/5843/2435
f 5856/5875/5855 5649/5787/5648 5648/5786/5647
f 3527/1545/3527 3529/1550/3529 1379/1537/1379
f 3527/1545/3527 3528/1547/3528 3529/1550/3529
f 3528/1547/3528 1378/1548/1378 3529/1550/3529
f 2330/1546/2330 3491/1539/3491 328/1431/328
f 2330/1546/2330 3527/1545/3527 3491/1539/3491
f 3527/1545/3527 1379/1537/1379 3491/1539/3491
f 3526/5751/3526 2436/1535/2436 1380/1534/1380
f 5891/5840/5890 3549/1590/3549 2427/5841/2427
f 5859/5879/5858 5645/980/5644 2577/2935/2577
f 3524/1538/3524 3526/5751/3526 1380/1534/1380
f 3524/1538/3524 3525/1540/3525 3526/5751/3526
f 5783/1554/5782 4612/5845/4612 4611/2995/4611
f 3491/1539/3491 3492/1470/3492 328/1431/328
f 3491/1539/3491 3524/1538/3524 3492/1470/3492
f 3524/1538/3524 1380/1534/1380 3492/1470/3492
f 3523/1536/3523 2437/5856/2437 1381/1524/1381
f 3523/1536/3523 2436/1535/2436 2437/5856/2437
f 5917/1467/5916 5918/5883/5917 3507/1501/3507
f 3521/1531/3521 3523/1536/3523 1381/1524/1381
f 3521/1531/3521 3522/1533/3522 3523/1536/3523
f 3522/1533/3522 1380/1534/1380 3523/1536/3523
f 2331/1532/2331 3493/1526/3493 329/1435/329
f 2331/1532/2331 3521/1531/3521 3493/1526/3493
f 3521/1531/3521 1381/1524/1381 3493/1526/3493
f 3520/5859/3520 2438/1522/2438 1382/1521/1382
f 5892/478/5891 3550/480/3550 3549/1590/3549
f 5918/5883/5917 5919/1475/5918 3508/5884/3508
f 3518/1525/3518 3520/5859/3520 1382/1521/1382
f 3518/1525/3518 3519/1453/3519 3520/5859/3520
f 5786/5846/5785 4605/3676/4605 1940/1542/1940
f 3493/1526/3493 3494/1474/3494 329/1435/329
f 3493/1526/3493 3518/1525/3518 3494/1474/3494
f 3518/1525/3518 1382/1521/1382 3494/1474/3494
f 3517/1523/3517 2439/5866/2439 1383/1511/1383
f 3517/1523/3517 2438/1522/2438 2439/5866/2439
f 5864/5887/5863 5865/5900/5864 2526/5888/2526
f 3515/1518/3515 3517/1523/3517 1383/1511/1383
f 3515/1518/3515 3516/1520/3516 3517/1523/3517
f 3516/1520/3516 1382/1521/1382 3517/1523/3517
f 2332/1519/2332 3495/1513/3495 330/1439/330
f 2332/1519/2332 3515/1518/3515 3495/1513/3495
f 3515/1518/3515 1383/1511/1383 3495/1513/3495
f 3514/1464/3514 2440/1469/2440 1384/1509/1384
f 5893/479/5892 2428/484/2428 3550/480/3550
f 5867/2948/5866 5868/760/5867 5640/5792/5639
f 3512/1512/3512 3514/1464/3514 1384/1509/1384
f 3512/1512/3512 3513/1465/3513 3514/1464/3514
f 5789/5849/5788 1942/5851/1942 1941/1528/1941
f 3495/1513/3495 3496/1478/3496 330/1439/330
f 3495/1513/3495 3512/1512/3512 3496/1478/3496
f 3512/1512/3512 1384/1509/1384 3496/1478/3496
f 3511/1510/3511 2441/1468/2441 1385/1498/1385
f 3511/1510/3511 2440/1469/2440 2441/1468/2441
f 5920/1476/5919 5921/5893/5920 2443/5891/2443
f 3509/1506/3509 3511/1510/3511 1385/1498/1385
f 3509/1506/3509 3510/1508/3510 3511/1510/3511
f 3510/1508/3510 1384/1509/1384 3511/1510/3511
f 2333/1507/2333 3497/1500/3497 331/1443/331
f 2333/1507/2333 3509/1506/3509 3497/1500/3497
f 3509/1506/3509 1385/1498/1385 3497/1500/3497
f 3508/5884/3508 2442/1477/2442 1386/1496/1386
f 5894/482/5893 2428/484/2428 5893/479/5892
f 5921/5893/5920 5922/5896/5921 3501/1488/3501
f 3506/1499/3506 3508/5884/3508 1386/1496/1386
f 3506/1499/3506 3507/1501/3507 3508/5884/3508
f 5792/3006/5791 1943/3659/1943 4600/1515/4600
f 3497/1500/3497 3498/1482/3498 331/1443/331
f 3497/1500/3497 3506/1499/3506 3498/1482/3498
f 3506/1499/3506 1386/1496/1386 3498/1482/3498
f 3505/1497/3505 2443/5891/2443 1387/1485/1387
f 3505/1497/3505 2442/1477/2442 2443/5891/2443
f 5922/5896/5921 5923/31/5922 3502/5897/3502
f 3503/1493/3503 3505/1497/3505 1387/1485/1387
f 3503/1493/3503 3504/1495/3504 3505/1497/3505
f 3504/1495/3504 1386/1496/1386 3505/1497/3505
f 2324/1494/2324 3499/1487/3499 32/1040/32
f 2324/1494/2324 3503/1493/3503 3499/1487/3499
f 3503/1493/3503 1387/1485/1387 3499/1487/3499
f 3502/5897/3502 2480/33/2480 368/5746/368
f 5895/5853/5894 2429/483/2429 5894/482/5893
f 3500/1486/3500 3502/5897/3502 368/5746/368
f 3500/1486/3500 3501/1488/3501 3502/5897/3502
f 5795/486/5794 4593/488/4593 5794/1502/5793
f 3499/1487/3499 1424/5748/1424 32/1040/32
f 3499/1487/3499 3500/1486/3500 1424/5748/1424
f 3500/1486/3500 368/5746/368 1424/5748/1424
f 2443/5891/2443 3501/1488/3501 1387/1485/1387
f 5717/5782/5716 2275/491/2275 5716/490/5715
f 5796/1491/5795 4594/487/4594 5795/486/5794
f 3380/1444/3380 3504/1495/3504 1268/1492/1268
f 3380/1444/3380 3498/1482/3498 3504/1495/3504
f 3498/1482/3498 1386/1496/1386 3504/1495/3504
f 2441/1468/2441 3507/1501/3507 1385/1498/1385
f 5716/490/5715 3874/492/3874 5715/5857/5714
f 5793/1504/5792 1944/1503/1944 1943/3659/1943
f 3389/1440/3389 3510/1508/3510 1277/1505/1277
f 3389/1440/3389 3496/1478/3496 3510/1508/3510
f 3496/1478/3496 1384/1509/1384 3510/1508/3510
f 2439/5866/2439 3513/1465/3513 1383/1511/1383
f 5715/5857/5714 3873/495/3873 5714/494/5713
f 5790/5850/5789 4599/1516/4599 1942/5851/1942
f 3388/1436/3388 3516/1520/3516 1276/1517/1276
f 3388/1436/3388 3494/1474/3494 3516/1520/3516
f 3494/1474/3494 1382/1521/1382 3516/1520/3516
f 2437/5856/2437 3519/1453/3519 1381/1524/1381
f 5714/494/5713 2274/496/2274 5713/499/5712
f 5787/5847/5786 4606/1529/4606 4605/3676/4605
f 3387/1432/3387 3522/1533/3522 1275/1530/1275
f 3387/1432/3387 3492/1470/3492 3522/1533/3522
f 3492/1470/3492 1380/1534/1380 3522/1533/3522
f 2435/5843/2435 3525/1540/3525 1379/1537/1379
f 5713/499/5712 2274/496/2274 2273/500/2273
f 5784/5844/5783 1939/1543/1939 4612/5845/4612
f 3386/1428/3386 3528/1547/3528 1274/1544/1274
f 3386/1428/3386 3490/1466/3490 3528/1547/3528
f 3490/1466/3490 1378/1548/1378 3528/1547/3528
f 2433/1226/2433 3531/1225/3531 1377/1551/1377
f 5712/498/5711 2273/500/2273 3880/5861/3880
f 5782/1556/5781 1937/475/1937 5781/474/5780
f 3385/1424/3385 3534/1560/3534 1273/1557/1273
f 3385/1424/3385 3488/1462/3488 3534/1560/3534
f 3488/1462/3488 1376/1561/1376 3534/1560/3534
f 2431/1237/2431 3537/1566/3537 1375/1563/1375
f 5711/5860/5710 3880/5861/3880 3879/2244/3879
f 5779/502/5778 1936/504/1936 5778/5773/5777
f 3384/1420/3384 3540/1571/3540 1272/1568/1272
f 3384/1420/3384 3486/1458/3486 3540/1571/3540
f 3486/1458/3486 1374/1572/1374 3540/1571/3540
f 2429/483/2429 3543/1577/3543 1373/1574/1373
f 5710/507/5709 3879/2244/3879 2272/508/2272
f 5776/1580/5775 4623/29/4623 5775/28/5774
f 3383/1416/3383 3546/1584/3546 1271/1581/1271
f 3383/1416/3383 3484/1454/3484 3546/1584/3546
f 3484/1454/3484 1372/1585/1372 3546/1584/3546
f 2427/5841/2427 3549/1590/3549 1371/1587/1371
f 5709/506/5708 2272/508/2272 2271/2253/2271
f 5773/1593/5772 1933/1592/1933 4630/5799/4630
f 3382/1412/3382 3552/1597/3552 1270/1594/1270
f 3382/1412/3382 3482/1450/3482 3552/1597/3552
f 3482/1450/3482 1370/1598/1370 3552/1597/3552
f 2425/27/2425 3555/26/3555 1369/1601/1369
f 5708/5867/5707 2271/2253/2271 3886/5760/3886
f 5770/184/5769 1932/1606/1932 1931/185/1931
f 3381/1265/3381 3558/1610/3558 1269/1607/1269
f 3381/1265/3381 3480/1446/3480 3558/1610/3558
f 3480/1446/3480 1368/1611/1368 3558/1610/3558
f 2423/1445/2423 3561/1617/3561 1367/1614/1367
f 2423/1445/2423 3380/1444/3380 3561/1617/3561
f 3380/1444/3380 1268/1492/1268 3561/1617/3561
f 3371/1408/3371 3564/1622/3564 1259/1619/1259
f 3371/1408/3371 3478/1442/3478 3564/1622/3564
f 3478/1442/3478 1366/1623/1366 3564/1622/3564
f 2421/1441/2421 3567/1629/3567 1365/1626/1365
f 2421/1441/2421 3389/1440/3389 3567/1629/3567
f 3389/1440/3389 1277/1505/1277 3567/1629/3567
f 3379/1404/3379 3570/1634/3570 1267/1631/1267
f 3379/1404/3379 3476/1438/3476 3570/1634/3570
f 3476/1438/3476 1364/1635/1364 3570/1634/3570
f 2419/1437/2419 3573/1641/3573 1363/1638/1363
f 2419/1437/2419 3388/1436/3388 3573/1641/3573
f 3388/1436/3388 1276/1517/1276 3573/1641/3573
f 3378/1400/3378 3576/1646/3576 1266/1643/1266
f 3378/1400/3378 3474/1434/3474 3576/1646/3576
f 3474/1434/3474 1362/1647/1362 3576/1646/3576
f 2417/1433/2417 3579/1653/3579 1361/1650/1361
f 2417/1433/2417 3387/1432/3387 3579/1653/3579
f 3387/1432/3387 1275/1530/1275 3579/1653/3579
f 3377/1396/3377 3582/1658/3582 1265/1655/1265
f 3377/1396/3377 3472/1430/3472 3582/1658/3582
f 3472/1430/3472 1360/1659/1360 3582/1658/3582
f 2415/1429/2415 3585/1665/3585 1359/1662/1359
f 2415/1429/2415 3386/1428/3386 3585/1665/3585
f 3386/1428/3386 1274/1544/1274 3585/1665/3585
f 3376/1392/3376 3588/1670/3588 1264/1667/1264
f 3376/1392/3376 3470/1426/3470 3588/1670/3588
f 3470/1426/3470 1358/1671/1358 3588/1670/3588
f 2413/1425/2413 3591/1677/3591 1357/1674/1357
f 2413/1425/2413 3385/1424/3385 3591/1677/3591
f 3385/1424/3385 1273/1557/1273 3591/1677/3591
f 3375/1388/3375 3594/1682/3594 1263/1679/1263
f 3375/1388/3375 3468/1422/3468 3594/1682/3594
f 3468/1422/3468 1356/1683/1356 3594/1682/3594
f 2411/1421/2411 3597/1689/3597 1355/1686/1355
f 2411/1421/2411 3384/1420/3384 3597/1689/3597
f 3384/1420/3384 1272/1568/1272 3597/1689/3597
f 3374/1384/3374 3600/1694/3600 1262/1691/1262
f 3374/1384/3374 3466/1418/3466 3600/1694/3600
f 3466/1418/3466 1354/1695/1354 3600/1694/3600
f 2409/1417/2409 3603/1701/3603 1353/1698/1353
f 2409/1417/2409 3383/1416/3383 3603/1701/3603
f 3383/1416/3383 1271/1581/1271 3603/1701/3603
f 3373/1380/3373 3606/1706/3606 1261/1703/1261
f 3373/1380/3373 3464/1414/3464 3606/1706/3606
f 3464/1414/3464 1352/1707/1352 3606/1706/3606
f 2407/1413/2407 3609/1713/3609 1351/1710/1351
f 2407/1413/2407 3382/1412/3382 3609/1713/3609
f 3382/1412/3382 1270/1594/1270 3609/1713/3609
f 3372/1264/3372 3612/1718/3612 1260/1715/1260
f 3372/1264/3372 3462/1410/3462 3612/1718/3612
f 3462/1410/3462 1350/1719/1350 3612/1718/3612
f 2405/1409/2405 3615/1725/3615 1349/1722/1349
f 2405/1409/2405 3371/1408/3371 3615/1725/3615
f 3371/1408/3371 1259/1619/1259 3615/1725/3615
f 3363/1376/3363 3618/1730/3618 1251/1727/1251
f 3363/1376/3363 3460/1406/3460 3618/1730/3618
f 3460/1406/3460 1348/1731/1348 3618/1730/3618
f 2403/1405/2403 3621/1737/3621 1347/1734/1347
f 2403/1405/2403 3379/1404/3379 3621/1737/3621
f 3379/1404/3379 1267/1631/1267 3621/1737/3621
f 3370/1372/3370 3624/1742/3624 1258/1739/1258
f 3370/1372/3370 3458/1402/3458 3624/1742/3624
f 3458/1402/3458 1346/1743/1346 3624/1742/3624
f 2401/1401/2401 3627/1749/3627 1345/1746/1345
f 2401/1401/2401 3378/1400/3378 3627/1749/3627
f 3378/1400/3378 1266/1643/1266 3627/1749/3627
f 3369/1368/3369 3630/1754/3630 1257/1751/1257
f 3369/1368/3369 3456/1398/3456 3630/1754/3630
f 3456/1398/3456 1344/1755/1344 3630/1754/3630
f 2399/1397/2399 3633/1761/3633 1343/1758/1343
f 2399/1397/2399 3377/1396/3377 3633/1761/3633
f 3377/1396/3377 1265/1655/1265 3633/1761/3633
f 3368/1364/3368 3636/1766/3636 1256/1763/1256
f 3368/1364/3368 3454/1394/3454 3636/1766/3636
f 3454/1394/3454 1342/1767/1342 3636/1766/3636
f 2397/1393/2397 3639/1773/3639 1341/1770/1341
f 2397/1393/2397 3376/1392/3376 3639/1773/3639
f 3376/1392/3376 1264/1667/1264 3639/1773/3639
f 3367/1360/3367 3642/1778/3642 1255/1775/1255
f 3367/1360/3367 3452/1390/3452 3642/1778/3642
f 3452/1390/3452 1340/1779/1340 3642/1778/3642
f 2395/1389/2395 3645/1785/3645 1339/1782/1339
f 2395/1389/2395 3375/1388/3375 3645/1785/3645
f 3375/1388/3375 1263/1679/1263 3645/1785/3645
f 3366/1356/3366 3648/1790/3648 1254/1787/1254
f 3366/1356/3366 3450/1386/3450 3648/1790/3648
f 3450/1386/3450 1338/1791/1338 3648/1790/3648
f 2393/1385/2393 3651/1797/3651 1337/1794/1337
f 2393/1385/2393 3374/1384/3374 3651/1797/3651
f 3374/1384/3374 1262/1691/1262 3651/1797/3651
f 3365/1352/3365 3654/1802/3654 1253/1799/1253
f 3365/1352/3365 3448/1382/3448 3654/1802/3654
f 3448/1382/3448 1336/1803/1336 3654/1802/3654
f 2391/1381/2391 3657/1809/3657 1335/1806/1335
f 2391/1381/2391 3373/1380/3373 3657/1809/3657
f 3373/1380/3373 1261/1703/1261 3657/1809/3657
f 3364/1263/3364 3660/1814/3660 1252/1811/1252
f 3364/1263/3364 3446/1378/3446 3660/1814/3660
f 3446/1378/3446 1334/1815/1334 3660/1814/3660
f 2389/1377/2389 3663/1821/3663 1333/1818/1333
f 2389/1377/2389 3363/1376/3363 3663/1821/3663
f 3363/1376/3363 1251/1727/1251 3663/1821/3663
f 3356/1348/3356 3666/1826/3666 1244/1823/1244
f 3356/1348/3356 3444/1374/3444 3666/1826/3666
f 3444/1374/3444 1332/1827/1332 3666/1826/3666
f 2387/1373/2387 3669/1833/3669 1331/1830/1331
f 2387/1373/2387 3370/1372/3370 3669/1833/3669
f 3370/1372/3370 1258/1739/1258 3669/1833/3669
f 3362/1344/3362 3672/1838/3672 1250/1835/1250
f 3362/1344/3362 3442/1370/3442 3672/1838/3672
f 3442/1370/3442 1330/1839/1330 3672/1838/3672
f 2385/1369/2385 3675/1845/3675 1329/1842/1329
f 2385/1369/2385 3369/1368/3369 3675/1845/3675
f 3369/1368/3369 1257/1751/1257 3675/1845/3675
f 3361/1340/3361 3678/1850/3678 1249/1847/1249
f 3361/1340/3361 3440/1366/3440 3678/1850/3678
f 3440/1366/3440 1328/1851/1328 3678/1850/3678
f 2383/1365/2383 3681/1857/3681 1327/1854/1327
f 2383/1365/2383 3368/1364/3368 3681/1857/3681
f 3368/1364/3368 1256/1763/1256 3681/1857/3681
f 3360/1336/3360 3684/1862/3684 1248/1859/1248
f 3360/1336/3360 3438/1362/3438 3684/1862/3684
f 3438/1362/3438 1326/1863/1326 3684/1862/3684
f 2381/1361/2381 3687/1869/3687 1325/1866/1325
f 2381/1361/2381 3367/1360/3367 3687/1869/3687
f 3367/1360/3367 1255/1775/1255 3687/1869/3687
f 3359/1332/3359 3690/1874/3690 1247/1871/1247
f 3359/1332/3359 3436/1358/3436 3690/1874/3690
f 3436/1358/3436 1324/1875/1324 3690/1874/3690
f 2379/1357/2379 3693/1881/3693 1323/1878/1323
f 2379/1357/2379 3366/1356/3366 3693/1881/3693
f 3366/1356/3366 1254/1787/1254 3693/1881/3693
f 3358/1328/3358 3696/1886/3696 1246/1883/1246
f 3358/1328/3358 3434/1354/3434 3696/1886/3696
f 3434/1354/3434 1322/1887/1322 3696/1886/3696
f 2377/1353/2377 3699/1893/3699 1321/1890/1321
f 2377/1353/2377 3365/1352/3365 3699/1893/3699
f 3365/1352/3365 1253/1799/1253 3699/1893/3699
f 3357/1262/3357 3702/1898/3702 1245/1895/1245
f 3357/1262/3357 3432/1350/3432 3702/1898/3702
f 3432/1350/3432 1320/1899/1320 3702/1898/3702
f 2375/1349/2375 3705/1905/3705 1319/1902/1319
f 2375/1349/2375 3356/1348/3356 3705/1905/3705
f 3356/1348/3356 1244/1823/1244 3705/1905/3705
f 3350/1324/3350 3708/1910/3708 1238/1907/1238
f 3350/1324/3350 3430/1346/3430 3708/1910/3708
f 3430/1346/3430 1318/1911/1318 3708/1910/3708
f 2373/1345/2373 3711/1917/3711 1317/1914/1317
f 2373/1345/2373 3362/1344/3362 3711/1917/3711
f 3362/1344/3362 1250/1835/1250 3711/1917/3711
f 3355/1320/3355 3714/1922/3714 1243/1919/1243
f 3355/1320/3355 3428/1342/3428 3714/1922/3714
f 3428/1342/3428 1316/1923/1316 3714/1922/3714
f 2371/1341/2371 3717/1929/3717 1315/1926/1315
f 2371/1341/2371 3361/1340/3361 3717/1929/3717
f 3361/1340/3361 1249/1847/1249 3717/1929/3717
f 3354/1316/3354 3720/1934/3720 1242/1931/1242
f 3354/1316/3354 3426/1338/3426 3720/1934/3720
f 3426/1338/3426 1314/1935/1314 3720/1934/3720
f 2369/1337/2369 3723/1941/3723 1313/1938/1313
f 2369/1337/2369 3360/1336/3360 3723/1941/3723
f 3360/1336/3360 1248/1859/1248 3723/1941/3723
f 3353/1312/3353 3726/1946/3726 1241/1943/1241
f 3353/1312/3353 3424/1334/3424 3726/1946/3726
f 3424/1334/3424 1312/1947/1312 3726/1946/3726
f 2367/1333/2367 3729/1953/3729 1311/1950/1311
f 2367/1333/2367 3359/1332/3359 3729/1953/3729
f 3359/1332/3359 1247/1871/1247 3729/1953/3729
f 3352/1308/3352 3732/1958/3732 1240/1955/1240
f 3352/1308/3352 3422/1330/3422 3732/1958/3732
f 3422/1330/3422 1310/1959/1310 3732/1958/3732
f 2365/1329/2365 3735/1965/3735 1309/1962/1309
f 2365/1329/2365 3358/1328/3358 3735/1965/3735
f 3358/1328/3358 1246/1883/1246 3735/1965/3735
f 3351/1261/3351 3738/1970/3738 1239/1967/1239
f 3351/1261/3351 3420/1326/3420 3738/1970/3738
f 3420/1326/3420 1308/1971/1308 3738/1970/3738
f 2363/1325/2363 3741/1977/3741 1307/1974/1307
f 2363/1325/2363 3350/1324/3350 3741/1977/3741
f 3350/1324/3350 1238/1907/1238 3741/1977/3741
f 3345/1304/3345 3744/1982/3744 1233/1979/1233
f 3345/1304/3345 3418/1322/3418 3744/1982/3744
f 3418/1322/3418 1306/1983/1306 3744/1982/3744
f 2361/1321/2361 3747/1989/3747 1305/1986/1305
f 2361/1321/2361 3355/1320/3355 3747/1989/3747
f 3355/1320/3355 1243/1919/1243 3747/1989/3747
f 3349/1300/3349 3750/1994/3750 1237/1991/1237
f 3349/1300/3349 3416/1318/3416 3750/1994/3750
f 3416/1318/3416 1304/1995/1304 3750/1994/3750
f 2359/1317/2359 3753/2001/3753 1303/1998/1303
f 2359/1317/2359 3354/1316/3354 3753/2001/3753
f 3354/1316/3354 1242/1931/1242 3753/2001/3753
f 3348/1296/3348 3756/2006/3756 1236/2003/1236
f 3348/1296/3348 3414/1314/3414 3756/2006/3756
f 3414/1314/3414 1302/2007/1302 3756/2006/3756
f 2357/1313/2357 3759/2013/3759 1301/2010/1301
f 2357/1313/2357 3353/1312/3353 3759/2013/3759
f 3353/1312/3353 1241/1943/1241 3759/2013/3759
f 3347/1292/3347 3762/2018/3762 1235/2015/1235
f 3347/1292/3347 3412/1310/3412 3762/2018/3762
f 3412/1310/3412 1300/2019/1300 3762/2018/3762
f 2355/1309/2355 3765/2025/3765 1299/2022/1299
f 2355/1309/2355 3352/1308/3352 3765/2025/3765
f 3352/1308/3352 1240/1955/1240 3765/2025/3765
f 3346/1260/3346 3768/2030/3768 1234/2027/1234
f 3346/1260/3346 3410/1306/3410 3768/2030/3768
f 3410/1306/3410 1298/2031/1298 3768/2030/3768
f 2353/1305/2353 3771/2037/3771 1297/2034/1297
f 2353/1305/2353 3345/1304/3345 3771/2037/3771
f 3345/1304/3345 1233/1979/1233 3771/2037/3771
f 3341/1288/3341 3774/2042/3774 1229/2039/1229
f 3341/1288/3341 3408/1302/3408 3774/2042/3774
f 3408/1302/3408 1296/2043/1296 3774/2042/3774
f 2351/1301/2351 3777/2049/3777 1295/2046/1295
f 2351/1301/2351 3349/1300/3349 3777/2049/3777
f 3349/1300/3349 1237/1991/1237 3777/2049/3777
f 3344/1284/3344 3780/2054/3780 1232/2051/1232
f 3344/1284/3344 3406/1298/3406 3780/2054/3780
f 3406/1298/3406 1294/2055/1294 3780/2054/3780
f 2349/1297/2349 3783/2061/3783 1293/2058/1293
f 2349/1297/2349 3348/1296/3348 3783/2061/3783
f 3348/1296/3348 1236/2003/1236 3783/2061/3783
f 3343/1280/3343 3786/2066/3786 1231/2063/1231
f 3343/1280/3343 3404/1294/3404 3786/2066/3786
f 3404/1294/3404 1292/2067/1292 3786/2066/3786
f 2347/1293/2347 3789/2073/3789 1291/2070/1291
f 2347/1293/2347 3347/1292/3347 3789/2073/3789
f 3347/1292/3347 1235/2015/1235 3789/2073/3789
f 3342/1259/3342 3792/2078/3792 1230/2075/1230
f 3342/1259/3342 3402/1290/3402 3792/2078/3792
f 3402/1290/3402 1290/2079/1290 3792/2078/3792
f 2345/1289/2345 3795/2085/3795 1289/2082/1289
f 2345/1289/2345 3341/1288/3341 3795/2085/3795
f 3341/1288/3341 1229/2039/1229 3795/2085/3795
f 3338/1276/3338 3798/2090/3798 1226/2087/1226
f 3338/1276/3338 3400/1286/3400 3798/2090/3798
f 3400/1286/3400 1288/2091/1288 3798/2090/3798
f 2343/1285/2343 3801/2097/3801 1287/2094/1287
f 2343/1285/2343 3344/1284/3344 3801/2097/3801
f 3344/1284/3344 1232/2051/1232 3801/2097/3801
f 3340/1272/3340 3804/2102/3804 1228/2099/1228
f 3340/1272/3340 3398/1282/3398 3804/2102/3804
f 3398/1282/3398 1286/2103/1286 3804/2102/3804
f 2341/1281/2341 3807/2109/3807 1285/2106/1285
f 2341/1281/2341 3343/1280/3343 3807/2109/3807
f 3343/1280/3343 1231/2063/1231 3807/2109/3807
f 3339/1258/3339 3810/2114/3810 1227/2111/1227
f 3339/1258/3339 3396/1278/3396 3810/2114/3810
f 3396/1278/3396 1284/2115/1284 3810/2114/3810
f 2339/1277/2339 3813/2121/3813 1283/2118/1283
f 2339/1277/2339 3338/1276/3338 3813/2121/3813
f 3338/1276/3338 1226/2087/1226 3813/2121/3813
f 3336/1268/3336 3816/2126/3816 1224/2123/1224
f 3336/1268/3336 3394/1274/3394 3816/2126/3816
f 3394/1274/3394 1282/2127/1282 3816/2126/3816
f 2337/1273/2337 3819/2133/3819 1281/2130/1281
f 2337/1273/2337 3340/1272/3340 3819/2133/3819
f 3340/1272/3340 1228/2099/1228 3819/2133/3819
f 3337/1257/3337 3822/2138/3822 1225/2135/1225
f 3337/1257/3337 3392/1270/3392 3822/2138/3822
f 3392/1270/3392 1280/2139/1280 3822/2138/3822
f 2335/1269/2335 3825/2145/3825 1279/2142/1279
f 2335/1269/2335 3336/1268/3336 3825/2145/3825
f 3336/1268/3336 1224/2123/1224 3825/2145/3825
f 3335/1256/3335 3828/2150/3828 1223/2147/1223
f 3335/1256/3335 3390/1266/3390 3828/2150/3828
f 3390/1266/3390 1278/2151/1278 3828/2150/3828
f 1403/225/1403 3831/2157/3831 347/2154/347
f 1403/225/1403 3381/1265/3381 3831/2157/3831
f 3381/1265/3381 1269/1607/1269 3831/2157/3831
f 1402/229/1402 3834/2162/3834 346/2159/346
f 1402/229/1402 3372/1264/3372 3834/2162/3834
f 3372/1264/3372 1260/1715/1260 3834/2162/3834
f 1401/233/1401 3837/2167/3837 345/2164/345
f 1401/233/1401 3364/1263/3364 3837/2167/3837
f 3364/1263/3364 1252/1811/1252 3837/2167/3837
f 1400/237/1400 3840/2172/3840 344/2169/344
f 1400/237/1400 3357/1262/3357 3840/2172/3840
f 3357/1262/3357 1245/1895/1245 3840/2172/3840
f 1399/241/1399 3843/2177/3843 343/2174/343
f 1399/241/1399 3351/1261/3351 3843/2177/3843
f 3351/1261/3351 1239/1967/1239 3843/2177/3843
f 1398/245/1398 3846/2182/3846 342/2179/342
f 1398/245/1398 3346/1260/3346 3846/2182/3846
f 3346/1260/3346 1234/2027/1234 3846/2182/3846
f 1397/249/1397 3849/2187/3849 341/2184/341
f 1397/249/1397 3342/1259/3342 3849/2187/3849
f 3342/1259/3342 1230/2075/1230 3849/2187/3849
f 1396/253/1396 3852/2192/3852 340/2189/340
f 1396/253/1396 3339/1258/3339 3852/2192/3852
f 3339/1258/3339 1227/2111/1227 3852/2192/3852
f 1395/257/1395 3855/2197/3855 339/2194/339
f 1395/257/1395 3337/1257/3337 3855/2197/3855
f 3337/1257/3337 1225/2135/1225 3855/2197/3855
f 1394/261/1394 3858/2202/3858 338/2199/338
f 1394/261/1394 3335/1256/3335 3858/2202/3858
f 3335/1256/3335 1223/2147/1223 3858/2202/3858
f 2278/5790/2278 3861/2207/3861 1222/2204/1222
f 5763/510/5762 2460/512/2460 4222/5768/4222
f 5707/2209/5706 5708/5867/5707 3886/5760/3886
f 3215/1221/3215 3864/2214/3864 1103/2211/1103
f 3215/1221/3215 3333/1255/3333 3864/2214/3864
f 3333/1255/3333 1221/2215/1221 3864/2214/3864
f 2276/5722/2276 3867/2221/3867 1220/2218/1220
f 5762/5767/5761 4222/5768/4222 4221/2920/4221
f 5824/1244/5823 4972/5854/4971 4971/2223/4970
f 3224/1217/3224 3870/2227/3870 1112/2224/1112
f 3224/1217/3224 3331/1254/3331 3870/2227/3870
f 3331/1254/3331 1219/2228/1219 3870/2227/3870
f 2274/496/2274 3873/495/3873 1218/2230/1218
f 5761/725/5760 4221/2920/4221 2113/726/2113
f 5800/1241/5799 5801/5716/5800 1948/5717/1948
f 3223/1213/3223 3876/2238/3876 1111/2235/1111
f 3223/1213/3223 3329/1251/3329 3876/2238/3876
f 3329/1251/3329 1217/2239/1217 3876/2238/3876
f 2272/508/2272 3879/2244/3879 1216/2241/1216
f 5760/724/5759 2113/726/2113 2112/2929/2112
f 5804/5713/5803 5664/5732/5663 2500/2247/2500
f 3222/1209/3222 3882/2251/3882 1110/2248/1110
f 3222/1209/3222 3327/1247/3327 3882/2251/3882
f 3327/1247/3327 1215/2252/1215 3882/2251/3882
f 2270/5759/2270 3885/2210/3885 1214/2255/1214
f 5759/5869/5758 2112/2929/2112 4228/5872/4228
f 5809/5706/5808 4996/5707/4995 4995/1233/4994
f 3221/1205/3221 3888/2263/3888 1109/2260/1109
f 3221/1205/3221 3325/1243/3325 3888/2263/3888
f 3325/1243/3325 1213/2264/1213 3888/2263/3888
f 2268/23/2268 3891/2270/3891 1212/2267/1212
f 5758/729/5757 4228/5872/4228 4227/730/4227
f 5812/2272/5811 5813/5701/5812 4990/5703/4989
f 3220/1201/3220 3894/2277/3894 1108/2274/1108
f 3220/1201/3220 3323/1239/3323 3894/2277/3894
f 3323/1239/3323 1211/2278/1211 3894/2277/3894
f 2266/21/2266 3897/20/3897 1210/2280/1210
f 5757/728/5756 4227/730/4227 2111/5874/2111
f 5817/5696/5816 1770/4408/1770 4984/5697/4983
f 3219/1197/3219 3900/2289/3900 1107/2286/1107
f 3219/1197/3219 3321/1235/3321 3900/2289/3900
f 3321/1235/3321 1209/2290/1209 3900/2289/3900
f 2264/98/2264 3903/18/3903 1208/2292/1208
f 5757/728/5756 2110/2942/2110 5756/5876/5755
f 5821/5692/5820 1772/1012/1772 4978/2296/4977
f 3218/1193/3218 3906/2301/3906 1106/2298/1106
f 3218/1193/3218 3319/1231/3319 3906/2301/3906
f 3319/1231/3319 1207/2302/1207 3906/2301/3906
f 2262/5789/2262 3909/77/3909 1206/2305/1206
f 5756/5876/5755 4234/733/4234 5755/732/5754
f 5836/4400/5835 1780/4350/1780 4954/4401/4953
f 3217/1189/3217 3912/2313/3912 1105/2310/1105
f 3217/1189/3217 3317/1227/3317 3912/2313/3912
f 3317/1227/3317 1205/2314/1205 3912/2313/3912
f 2260/8/2260 3915/60/3915 1204/2316/1204
f 5755/732/5754 4233/734/4233 5754/5877/5753
f 5844/4366/5843 5657/5780/5656 2490/4367/2490
f 3216/1041/3216 3918/2324/3918 1104/2321/1104
f 3216/1041/3216 3315/1223/3315 3918/2324/3918
f 3315/1223/3315 1203/2325/1203 3918/2324/3918
f 2258/1222/2258 3921/2330/3921 1202/2327/1202
f 2258/1222/2258 3215/1221/3215 3921/2330/3921
f 3215/1221/3215 1103/2211/1103 3921/2330/3921
f 3206/1185/3206 3924/2335/3924 1094/2332/1094
f 3206/1185/3206 3313/1219/3313 3924/2335/3924
f 3313/1219/3313 1201/2336/1201 3924/2335/3924
f 2256/1218/2256 3927/2342/3927 1200/2339/1200
f 2256/1218/2256 3224/1217/3224 3927/2342/3927
f 3224/1217/3224 1112/2224/1112 3927/2342/3927
f 3214/1181/3214 3930/2347/3930 1102/2344/1102
f 3214/1181/3214 3311/1215/3311 3930/2347/3930
f 3311/1215/3311 1199/2348/1199 3930/2347/3930
f 2254/1214/2254 3933/2354/3933 1198/2351/1198
f 2254/1214/2254 3223/1213/3223 3933/2354/3933
f 3223/1213/3223 1111/2235/1111 3933/2354/3933
f 3213/1177/3213 3936/2359/3936 1101/2356/1101
f 3213/1177/3213 3309/1211/3309 3936/2359/3936
f 3309/1211/3309 1197/2360/1197 3936/2359/3936
f 2252/1210/2252 3939/2366/3939 1196/2363/1196
f 2252/1210/2252 3222/1209/3222 3939/2366/3939
f 3222/1209/3222 1110/2248/1110 3939/2366/3939
f 3212/1173/3212 3942/2371/3942 1100/2368/1100
f 3212/1173/3212 3307/1207/3307 3942/2371/3942
f 3307/1207/3307 1195/2372/1195 3942/2371/3942
f 2250/1206/2250 3945/2378/3945 1194/2375/1194
f 2250/1206/2250 3221/1205/3221 3945/2378/3945
f 3221/1205/3221 1109/2260/1109 3945/2378/3945
f 3211/1169/3211 3948/2383/3948 1099/2380/1099
f 3211/1169/3211 3305/1203/3305 3948/2383/3948
f 3305/1203/3305 1193/2384/1193 3948/2383/3948
f 2248/1202/2248 3951/2390/3951 1192/2387/1192
f 2248/1202/2248 3220/1201/3220 3951/2390/3951
f 3220/1201/3220 1108/2274/1108 3951/2390/3951
f 3210/1165/3210 3954/2395/3954 1098/2392/1098
f 3210/1165/3210 3303/1199/3303 3954/2395/3954
f 3303/1199/3303 1191/2396/1191 3954/2395/3954
f 2246/1198/2246 3957/2402/3957 1190/2399/1190
f 2246/1198/2246 3219/1197/3219 3957/2402/3957
f 3219/1197/3219 1107/2286/1107 3957/2402/3957
f 3209/1161/3209 3960/2407/3960 1097/2404/1097
f 3209/1161/3209 3301/1195/3301 3960/2407/3960
f 3301/1195/3301 1189/2408/1189 3960/2407/3960
f 2244/1194/2244 3963/2414/3963 1188/2411/1188
f 2244/1194/2244 3218/1193/3218 3963/2414/3963
f 3218/1193/3218 1106/2298/1106 3963/2414/3963
f 3208/1157/3208 3966/2419/3966 1096/2416/1096
f 3208/1157/3208 3299/1191/3299 3966/2419/3966
f 3299/1191/3299 1187/2420/1187 3966/2419/3966
f 2242/1190/2242 3969/2426/3969 1186/2423/1186
f 2242/1190/2242 3217/1189/3217 3969/2426/3969
f 3217/1189/3217 1105/2310/1105 3969/2426/3969
f 3207/1038/3207 3972/2431/3972 1095/2428/1095
f 3207/1038/3207 3297/1187/3297 3972/2431/3972
f 3297/1187/3297 1185/2432/1185 3972/2431/3972
f 2240/1186/2240 3975/2438/3975 1184/2435/1184
f 2240/1186/2240 3206/1185/3206 3975/2438/3975
f 3206/1185/3206 1094/2332/1094 3975/2438/3975
f 3198/1153/3198 3978/2443/3978 1086/2440/1086
f 3198/1153/3198 3295/1183/3295 3978/2443/3978
f 3295/1183/3295 1183/2444/1183 3978/2443/3978
f 2238/1182/2238 3981/2450/3981 1182/2447/1182
f 2238/1182/2238 3214/1181/3214 3981/2450/3981
f 3214/1181/3214 1102/2344/1102 3981/2450/3981
f 3205/1149/3205 3984/2455/3984 1093/2452/1093
f 3205/1149/3205 3293/1179/3293 3984/2455/3984
f 3293/1179/3293 1181/2456/1181 3984/2455/3984
f 2236/1178/2236 3987/2462/3987 1180/2459/1180
f 2236/1178/2236 3213/1177/3213 3987/2462/3987
f 3213/1177/3213 1101/2356/1101 3987/2462/3987
f 3204/1145/3204 3990/2467/3990 1092/2464/1092
f 3204/1145/3204 3291/1175/3291 3990/2467/3990
f 3291/1175/3291 1179/2468/1179 3990/2467/3990
f 2234/1174/2234 3993/2474/3993 1178/2471/1178
f 2234/1174/2234 3212/1173/3212 3993/2474/3993
f 3212/1173/3212 1100/2368/1100 3993/2474/3993
f 3203/1141/3203 3996/2479/3996 1091/2476/1091
f 3203/1141/3203 3289/1171/3289 3996/2479/3996
f 3289/1171/3289 1177/2480/1177 3996/2479/3996
f 2232/1170/2232 3999/2486/3999 1176/2483/1176
f 2232/1170/2232 3211/1169/3211 3999/2486/3999
f 3211/1169/3211 1099/2380/1099 3999/2486/3999
f 3202/1137/3202 4002/2491/4002 1090/2488/1090
f 3202/1137/3202 3287/1167/3287 4002/2491/4002
f 3287/1167/3287 1175/2492/1175 4002/2491/4002
f 2230/1166/2230 4005/2498/4005 1174/2495/1174
f 2230/1166/2230 3210/1165/3210 4005/2498/4005
f 3210/1165/3210 1098/2392/1098 4005/2498/4005
f 3201/1133/3201 4008/2503/4008 1089/2500/1089
f 3201/1133/3201 3285/1163/3285 4008/2503/4008
f 3285/1163/3285 1173/2504/1173 4008/2503/4008
f 2228/1162/2228 4011/2510/4011 1172/2507/1172
f 2228/1162/2228 3209/1161/3209 4011/2510/4011
f 3209/1161/3209 1097/2404/1097 4011/2510/4011
f 3200/1129/3200 4014/2515/4014 1088/2512/1088
f 3200/1129/3200 3283/1159/3283 4014/2515/4014
f 3283/1159/3283 1171/2516/1171 4014/2515/4014
f 2226/1158/2226 4017/2522/4017 1170/2519/1170
f 2226/1158/2226 3208/1157/3208 4017/2522/4017
f 3208/1157/3208 1096/2416/1096 4017/2522/4017
f 3199/1035/3199 4020/2527/4020 1087/2524/1087
f 3199/1035/3199 3281/1155/3281 4020/2527/4020
f 3281/1155/3281 1169/2528/1169 4020/2527/4020
f 2224/1154/2224 4023/2534/4023 1168/2531/1168
f 2224/1154/2224 3198/1153/3198 4023/2534/4023
f 3198/1153/3198 1086/2440/1086 4023/2534/4023
f 3191/1125/3191 4026/2539/4026 1079/2536/1079
f 3191/1125/3191 3279/1151/3279 4026/2539/4026
f 3279/1151/3279 1167/2540/1167 4026/2539/4026
f 2222/1150/2222 4029/2546/4029 1166/2543/1166
f 2222/1150/2222 3205/1149/3205 4029/2546/4029
f 3205/1149/3205 1093/2452/1093 4029/2546/4029
f 3197/1121/3197 4032/2551/4032 1085/2548/1085
f 3197/1121/3197 3277/1147/3277 4032/2551/4032
f 3277/1147/3277 1165/2552/1165 4032/2551/4032
f 2220/1146/2220 4035/2558/4035 1164/2555/1164
f 2220/1146/2220 3204/1145/3204 4035/2558/4035
f 3204/1145/3204 1092/2464/1092 4035/2558/4035
f 3196/1117/3196 4038/2563/4038 1084/2560/1084
f 3196/1117/3196 3275/1143/3275 4038/2563/4038
f 3275/1143/3275 1163/2564/1163 4038/2563/4038
f 2218/1142/2218 4041/2570/4041 1162/2567/1162
f 2218/1142/2218 3203/1141/3203 4041/2570/4041
f 3203/1141/3203 1091/2476/1091 4041/2570/4041
f 3195/1113/3195 4044/2575/4044 1083/2572/1083
f 3195/1113/3195 3273/1139/3273 4044/2575/4044
f 3273/1139/3273 1161/2576/1161 4044/2575/4044
f 2216/1138/2216 4047/2582/4047 1160/2579/1160
f 2216/1138/2216 3202/1137/3202 4047/2582/4047
f 3202/1137/3202 1090/2488/1090 4047/2582/4047
f 3194/1109/3194 4050/2587/4050 1082/2584/1082
f 3194/1109/3194 3271/1135/3271 4050/2587/4050
f 3271/1135/3271 1159/2588/1159 4050/2587/4050
f 2214/1134/2214 4053/2594/4053 1158/2591/1158
f 2214/1134/2214 3201/1133/3201 4053/2594/4053
f 3201/1133/3201 1089/2500/1089 4053/2594/4053
f 3193/1105/3193 4056/2599/4056 1081/2596/1081
f 3193/1105/3193 3269/1131/3269 4056/2599/4056
f 3269/1131/3269 1157/2600/1157 4056/2599/4056
f 2212/1130/2212 4059/2606/4059 1156/2603/1156
f 2212/1130/2212 3200/1129/3200 4059/2606/4059
f 3200/1129/3200 1088/2512/1088 4059/2606/4059
f 3192/1032/3192 4062/2611/4062 1080/2608/1080
f 3192/1032/3192 3267/1127/3267 4062/2611/4062
f 3267/1127/3267 1155/2612/1155 4062/2611/4062
f 2210/1126/2210 4065/2618/4065 1154/2615/1154
f 2210/1126/2210 3191/1125/3191 4065/2618/4065
f 3191/1125/3191 1079/2536/1079 4065/2618/4065
f 3185/1101/3185 4068/2623/4068 1073/2620/1073
f 3185/1101/3185 3265/1123/3265 4068/2623/4068
f 3265/1123/3265 1153/2624/1153 4068/2623/4068
f 2208/1122/2208 4071/2630/4071 1152/2627/1152
f 2208/1122/2208 3197/1121/3197 4071/2630/4071
f 3197/1121/3197 1085/2548/1085 4071/2630/4071
f 3190/1097/3190 4074/2635/4074 1078/2632/1078
f 3190/1097/3190 3263/1119/3263 4074/2635/4074
f 3263/1119/3263 1151/2636/1151 4074/2635/4074
f 2206/1118/2206 4077/2642/4077 1150/2639/1150
f 2206/1118/2206 3196/1117/3196 4077/2642/4077
f 3196/1117/3196 1084/2560/1084 4077/2642/4077
f 3189/1093/3189 4080/2647/4080 1077/2644/1077
f 3189/1093/3189 3261/1115/3261 4080/2647/4080
f 3261/1115/3261 1149/2648/1149 4080/2647/4080
f 2204/1114/2204 4083/2654/4083 1148/2651/1148
f 2204/1114/2204 3195/1113/3195 4083/2654/4083
f 3195/1113/3195 1083/2572/1083 4083/2654/4083
f 3188/1089/3188 4086/2659/4086 1076/2656/1076
f 3188/1089/3188 3259/1111/3259 4086/2659/4086
f 3259/1111/3259 1147/2660/1147 4086/2659/4086
f 2202/1110/2202 4089/2666/4089 1146/2663/1146
f 2202/1110/2202 3194/1109/3194 4089/2666/4089
f 3194/1109/3194 1082/2584/1082 4089/2666/4089
f 3187/1085/3187 4092/2671/4092 1075/2668/1075
f 3187/1085/3187 3257/1107/3257 4092/2671/4092
f 3257/1107/3257 1145/2672/1145 4092/2671/4092
f 2200/1106/2200 4095/2678/4095 1144/2675/1144
f 2200/1106/2200 3193/1105/3193 4095/2678/4095
f 3193/1105/3193 1081/2596/1081 4095/2678/4095
f 3186/1029/3186 4098/2683/4098 1074/2680/1074
f 3186/1029/3186 3255/1103/3255 4098/2683/4098
f 3255/1103/3255 1143/2684/1143 4098/2683/4098
f 2198/1102/2198 4101/2690/4101 1142/2687/1142
f 2198/1102/2198 3185/1101/3185 4101/2690/4101
f 3185/1101/3185 1073/2620/1073 4101/2690/4101
f 3180/1081/3180 4104/2695/4104 1068/2692/1068
f 3180/1081/3180 3253/1099/3253 4104/2695/4104
f 3253/1099/3253 1141/2696/1141 4104/2695/4104
f 2196/1098/2196 4107/2702/4107 1140/2699/1140
f 2196/1098/2196 3190/1097/3190 4107/2702/4107
f 3190/1097/3190 1078/2632/1078 4107/2702/4107
f 3184/1077/3184 4110/2707/4110 1072/2704/1072
f 3184/1077/3184 3251/1095/3251 4110/2707/4110
f 3251/1095/3251 1139/2708/1139 4110/2707/4110
f 2194/1094/2194 4113/2714/4113 1138/2711/1138
f 2194/1094/2194 3189/1093/3189 4113/2714/4113
f 3189/1093/3189 1077/2644/1077 4113/2714/4113
f 3183/1073/3183 4116/2719/4116 1071/2716/1071
f 3183/1073/3183 3249/1091/3249 4116/2719/4116
f 3249/1091/3249 1137/2720/1137 4116/2719/4116
f 2192/1090/2192 4119/2726/4119 1136/2723/1136
f 2192/1090/2192 3188/1089/3188 4119/2726/4119
f 3188/1089/3188 1076/2656/1076 4119/2726/4119
f 3182/1069/3182 4122/2731/4122 1070/2728/1070
f 3182/1069/3182 3247/1087/3247 4122/2731/4122
f 3247/1087/3247 1135/2732/1135 4122/2731/4122
f 2190/1086/2190 4125/2738/4125 1134/2735/1134
f 2190/1086/2190 3187/1085/3187 4125/2738/4125
f 3187/1085/3187 1075/2668/1075 4125/2738/4125
f 3181/1026/3181 4128/2743/4128 1069/2740/1069
f 3181/1026/3181 3245/1083/3245 4128/2743/4128
f 3245/1083/3245 1133/2744/1133 4128/2743/4128
f 2188/1082/2188 4131/2750/4131 1132/2747/1132
f 2188/1082/2188 3180/1081/3180 4131/2750/4131
f 3180/1081/3180 1068/2692/1068 4131/2750/4131
f 3176/1065/3176 4134/2755/4134 1064/2752/1064
f 3176/1065/3176 3243/1079/3243 4134/2755/4134
f 3243/1079/3243 1131/2756/1131 4134/2755/4134
f 2186/1078/2186 4137/2762/4137 1130/2759/1130
f 2186/1078/2186 3184/1077/3184 4137/2762/4137
f 3184/1077/3184 1072/2704/1072 4137/2762/4137
f 3179/1061/3179 4140/2767/4140 1067/2764/1067
f 3179/1061/3179 3241/1075/3241 4140/2767/4140
f 3241/1075/3241 1129/2768/1129 4140/2767/4140
f 2184/1074/2184 4143/2774/4143 1128/2771/1128
f 2184/1074/2184 3183/1073/3183 4143/2774/4143
f 3183/1073/3183 1071/2716/1071 4143/2774/4143
f 3178/1057/3178 4146/2779/4146 1066/2776/1066
f 3178/1057/3178 3239/1071/3239 4146/2779/4146
f 3239/1071/3239 1127/2780/1127 4146/2779/4146
f 2182/1070/2182 4149/2786/4149 1126/2783/1126
f 2182/1070/2182 3182/1069/3182 4149/2786/4149
f 3182/1069/3182 1070/2728/1070 4149/2786/4149
f 3177/1023/3177 4152/2791/4152 1065/2788/1065
f 3177/1023/3177 3237/1067/3237 4152/2791/4152
f 3237/1067/3237 1125/2792/1125 4152/2791/4152
f 2180/1066/2180 4155/2798/4155 1124/2795/1124
f 2180/1066/2180 3176/1065/3176 4155/2798/4155
f 3176/1065/3176 1064/2752/1064 4155/2798/4155
f 3173/1053/3173 4158/2803/4158 1061/2800/1061
f 3173/1053/3173 3235/1063/3235 4158/2803/4158
f 3235/1063/3235 1123/2804/1123 4158/2803/4158
f 2178/1062/2178 4161/2810/4161 1122/2807/1122
f 2178/1062/2178 3179/1061/3179 4161/2810/4161
f 3179/1061/3179 1067/2764/1067 4161/2810/4161
f 3175/1049/3175 4164/2815/4164 1063/2812/1063
f 3175/1049/3175 3233/1059/3233 4164/2815/4164
f 3233/1059/3233 1121/2816/1121 4164/2815/4164
f 2176/1058/2176 4167/2822/4167 1120/2819/1120
f 2176/1058/2176 3178/1057/3178 4167/2822/4167
f 3178/1057/3178 1066/2776/1066 4167/2822/4167
f 3174/1020/3174 4170/2827/4170 1062/2824/1062
f 3174/1020/3174 3231/1055/3231 4170/2827/4170
f 3231/1055/3231 1119/2828/1119 4170/2827/4170
f 2174/1054/2174 4173/2834/4173 1118/2831/1118
f 2174/1054/2174 3173/1053/3173 4173/2834/4173
f 3173/1053/3173 1061/2800/1061 4173/2834/4173
f 3171/1045/3171 4176/2839/4176 1059/2836/1059
f 3171/1045/3171 3229/1051/3229 4176/2839/4176
f 3229/1051/3229 1117/2840/1117 4176/2839/4176
f 2172/1050/2172 4179/2846/4179 1116/2843/1116
f 2172/1050/2172 3175/1049/3175 4179/2846/4179
f 3175/1049/3175 1063/2812/1063 4179/2846/4179
f 3172/1017/3172 4182/2851/4182 1060/2848/1060
f 3172/1017/3172 3227/1047/3227 4182/2851/4182
f 3227/1047/3227 1115/2852/1115 4182/2851/4182
f 2170/1046/2170 4185/2858/4185 1114/2855/1114
f 2170/1046/2170 3171/1045/3171 4185/2858/4185
f 3171/1045/3171 1059/2836/1059 4185/2858/4185
f 3170/1014/3170 4188/2863/4188 1058/2860/1058
f 3170/1014/3170 3225/1043/3225 4188/2863/4188
f 3225/1043/3225 1113/2864/1113 4188/2863/4188
f 2481/1042/2481 4191/2870/4191 369/2867/369
f 2481/1042/2481 3216/1041/3216 4191/2870/4191
f 3216/1041/3216 1104/2321/1104 4191/2870/4191
f 2482/1039/2482 4194/2875/4194 370/2872/370
f 2482/1039/2482 3207/1038/3207 4194/2875/4194
f 3207/1038/3207 1095/2428/1095 4194/2875/4194
f 2483/1036/2483 4197/2880/4197 371/2877/371
f 2483/1036/2483 3199/1035/3199 4197/2880/4197
f 3199/1035/3199 1087/2524/1087 4197/2880/4197
f 2484/1033/2484 4200/2885/4200 372/2882/372
f 2484/1033/2484 3192/1032/3192 4200/2885/4200
f 3192/1032/3192 1080/2608/1080 4200/2885/4200
f 2485/1030/2485 4203/2890/4203 373/2887/373
f 2485/1030/2485 3186/1029/3186 4203/2890/4203
f 3186/1029/3186 1074/2680/1074 4203/2890/4203
f 2486/1027/2486 4206/2895/4206 374/2892/374
f 2486/1027/2486 3181/1026/3181 4206/2895/4206
f 3181/1026/3181 1069/2740/1069 4206/2895/4206
f 2487/1024/2487 4209/2900/4209 375/2897/375
f 2487/1024/2487 3177/1023/3177 4209/2900/4209
f 3177/1023/3177 1065/2788/1065 4209/2900/4209
f 2488/1021/2488 4212/2905/4212 376/2902/376
f 2488/1021/2488 3174/1020/3174 4212/2905/4212
f 3174/1020/3174 1062/2824/1062 4212/2905/4212
f 2489/1018/2489 4215/2910/4215 377/2907/377
f 2489/1018/2489 3172/1017/3172 4215/2910/4215
f 3172/1017/3172 1060/2848/1060 4215/2910/4215
f 2447/1015/2447 4218/2915/4218 335/2912/335
f 2447/1015/2447 3170/1014/3170 4218/2915/4218
f 3170/1014/3170 1058/2860/1058 4218/2915/4218
f 2113/726/2113 4221/2920/4221 1057/2917/1057
f 5754/5877/5753 2109/5878/2109 5753/5880/5752
f 5852/987/5851 5853/5870/5852 5652/4333/5651
f 3050/971/3050 4224/2927/4224 938/2924/938
f 3050/971/3050 3168/1009/3168 4224/2927/4224
f 3168/1009/3168 1056/2928/1056 4224/2927/4224
f 2111/5874/2111 4227/730/4227 1055/2931/1055
f 5753/5880/5752 2109/5878/2109 2108/2955/2108
f 5861/3710/5860 2521/1473/2521 5646/979/5645
f 3059/967/3059 4230/2940/4230 947/2937/947
f 3059/967/3059 3166/1005/3166 4230/2940/4230
f 3166/1005/3166 1054/2941/1054 4230/2940/4230
f 2109/5878/2109 4233/734/4233 1053/2944/1053
f 5752/737/5751 2108/2955/2108 4240/738/4240
f 5869/761/5868 5870/1479/5869 2607/3677/2607
f 3058/963/3058 4236/2953/4236 946/2950/946
f 3058/963/3058 3164/1001/3164 4236/2953/4236
f 3164/1001/3164 1052/2954/1052 4236/2953/4236
f 2107/5882/2107 4239/2960/4239 1051/2957/1051
f 5751/736/5750 4240/738/4240 4239/2960/4239
f 5877/752/5876 5878/1/5877 5630/3643/5629
f 3057/959/3057 4242/2966/4242 945/2963/945
f 3057/959/3057 3162/997/3162 4242/2966/4242
f 3162/997/3162 1050/2967/1050 4242/2966/4242
f 2105/5890/2105 4245/2972/4245 1049/2969/1049
f 5750/5881/5749 4239/2960/4239 2107/5882/2107
f 5886/3017/5885 2424/1612/2424 5677/745/5676
f 3056/955/3056 4248/2979/4248 944/2976/944
f 3056/955/3056 3160/993/3160 4248/2979/4248
f 3160/993/3160 1048/2980/1048 4248/2979/4248
f 2103/757/2103 4251/2985/4251 1047/2982/1047
f 5749/741/5748 2107/5882/2107 2106/742/2106
f 5777/1578/5776 1935/3705/1935 4624/1579/4624
f 3055/951/3055 4254/2989/4254 943/2986/943
f 3055/951/3055 3158/989/3158 4254/2989/4254
f 3158/989/3158 1046/2990/1046 4254/2989/4254
f 2101/976/2101 4257/975/4257 1045/2992/1045
f 5748/740/5747 2106/742/2106 4246/5886/4246
f 5785/1541/5784 5786/5846/5785 1940/1542/1940
f 3054/947/3054 4260/2999/4260 942/2996/942
f 3054/947/3054 3156/985/3156 4260/2999/4260
f 3156/985/3156 1044/3000/1044 4260/2999/4260
f 2099/5905/2099 4263/984/4263 1043/3003/1043
f 5747/5885/5746 4246/5886/4246 4245/2972/4245
f 5794/1502/5793 4593/488/4593 1944/1503/1944
f 3053/943/3053 4266/3010/4266 941/3007/941
f 3053/943/3053 3154/981/3154 4266/3010/4266
f 3154/981/3154 1042/3011/1042 4266/3010/4266
f 2097/5901/2097 4269/996/4269 1041/3014/1041
f 5746/5889/5745 4245/2972/4245 2105/5890/2105
f 5885/744/5884 5676/746/5675 5884/5783/5883
f 3052/939/3052 4272/3021/4272 940/3018/940
f 3052/939/3052 3152/977/3152 4272/3021/4272
f 3152/977/3152 1040/3022/1040 4272/3021/4272
f 2095/5899/2095 4275/1004/4275 1039/3025/1039
f 5745/749/5744 2105/5890/2105 2104/750/2104
f 5882/38/5881 5661/3028/5660 5660/39/5659
f 3051/791/3051 4278/3032/4278 939/3029/939
f 3051/791/3051 3150/973/3150 4278/3032/4278
f 3150/973/3150 1038/3033/1038 4278/3032/4278
f 2093/972/2093 4281/3039/4281 1037/3036/1037
f 2093/972/2093 3050/971/3050 4281/3039/4281
f 3050/971/3050 938/2924/938 4281/3039/4281
f 3041/935/3041 4284/3044/4284 929/3041/929
f 3041/935/3041 3148/969/3148 4284/3044/4284
f 3148/969/3148 1036/3045/1036 4284/3044/4284
f 2091/968/2091 4287/3051/4287 1035/3048/1035
f 2091/968/2091 3059/967/3059 4287/3051/4287
f 3059/967/3059 947/2937/947 4287/3051/4287
f 3049/931/3049 4290/3056/4290 937/3053/937
f 3049/931/3049 3146/965/3146 4290/3056/4290
f 3146/965/3146 1034/3057/1034 4290/3056/4290
f 2089/964/2089 4293/3063/4293 1033/3060/1033
f 2089/964/2089 3058/963/3058 4293/3063/4293
f 3058/963/3058 946/2950/946 4293/3063/4293
f 3048/927/3048 4296/3068/4296 936/3065/936
f 3048/927/3048 3144/961/3144 4296/3068/4296
f 3144/961/3144 1032/3069/1032 4296/3068/4296
f 2087/960/2087 4299/3075/4299 1031/3072/1031
f 2087/960/2087 3057/959/3057 4299/3075/4299
f 3057/959/3057 945/2963/945 4299/3075/4299
f 3047/923/3047 4302/3080/4302 935/3077/935
f 3047/923/3047 3142/957/3142 4302/3080/4302
f 3142/957/3142 1030/3081/1030 4302/3080/4302
f 2085/956/2085 4305/3087/4305 1029/3084/1029
f 2085/956/2085 3056/955/3056 4305/3087/4305
f 3056/955/3056 944/2976/944 4305/3087/4305
f 3046/919/3046 4308/3092/4308 934/3089/934
f 3046/919/3046 3140/953/3140 4308/3092/4308
f 3140/953/3140 1028/3093/1028 4308/3092/4308
f 2083/952/2083 4311/3099/4311 1027/3096/1027
f 2083/952/2083 3055/951/3055 4311/3099/4311
f 3055/951/3055 943/2986/943 4311/3099/4311
f 3045/915/3045 4314/3104/4314 933/3101/933
f 3045/915/3045 3138/949/3138 4314/3104/4314
f 3138/949/3138 1026/3105/1026 4314/3104/4314
f 2081/948/2081 4317/3111/4317 1025/3108/1025
f 2081/948/2081 3054/947/3054 4317/3111/4317
f 3054/947/3054 942/2996/942 4317/3111/4317
f 3044/911/3044 4320/3116/4320 932/3113/932
f 3044/911/3044 3136/945/3136 4320/3116/4320
f 3136/945/3136 1024/3117/1024 4320/3116/4320
f 2079/944/2079 4323/3123/4323 1023/3120/1023
f 2079/944/2079 3053/943/3053 4323/3123/4323
f 3053/943/3053 941/3007/941 4323/3123/4323
f 3043/907/3043 4326/3128/4326 931/3125/931
f 3043/907/3043 3134/941/3134 4326/3128/4326
f 3134/941/3134 1022/3129/1022 4326/3128/4326
f 2077/940/2077 4329/3135/4329 1021/3132/1021
f 2077/940/2077 3052/939/3052 4329/3135/4329
f 3052/939/3052 940/3018/940 4329/3135/4329
f 3042/788/3042 4332/3140/4332 930/3137/930
f 3042/788/3042 3132/937/3132 4332/3140/4332
f 3132/937/3132 1020/3141/1020 4332/3140/4332
f 2075/936/2075 4335/3147/4335 1019/3144/1019
f 2075/936/2075 3041/935/3041 4335/3147/4335
f 3041/935/3041 929/3041/929 4335/3147/4335
f 3033/903/3033 4338/3152/4338 921/3149/921
f 3033/903/3033 3130/933/3130 4338/3152/4338
f 3130/933/3130 1018/3153/1018 4338/3152/4338
f 2073/932/2073 4341/3159/4341 1017/3156/1017
f 2073/932/2073 3049/931/3049 4341/3159/4341
f 3049/931/3049 937/3053/937 4341/3159/4341
f 3040/899/3040 4344/3164/4344 928/3161/928
f 3040/899/3040 3128/929/3128 4344/3164/4344
f 3128/929/3128 1016/3165/1016 4344/3164/4344
f 2071/928/2071 4347/3171/4347 1015/3168/1015
f 2071/928/2071 3048/927/3048 4347/3171/4347
f 3048/927/3048 936/3065/936 4347/3171/4347
f 3039/895/3039 4350/3176/4350 927/3173/927
f 3039/895/3039 3126/925/3126 4350/3176/4350
f 3126/925/3126 1014/3177/1014 4350/3176/4350
f 2069/924/2069 4353/3183/4353 1013/3180/1013
f 2069/924/2069 3047/923/3047 4353/3183/4353
f 3047/923/3047 935/3077/935 4353/3183/4353
f 3038/891/3038 4356/3188/4356 926/3185/926
f 3038/891/3038 3124/921/3124 4356/3188/4356
f 3124/921/3124 1012/3189/1012 4356/3188/4356
f 2067/920/2067 4359/3195/4359 1011/3192/1011
f 2067/920/2067 3046/919/3046 4359/3195/4359
f 3046/919/3046 934/3089/934 4359/3195/4359
f 3037/887/3037 4362/3200/4362 925/3197/925
f 3037/887/3037 3122/917/3122 4362/3200/4362
f 3122/917/3122 1010/3201/1010 4362/3200/4362
f 2065/916/2065 4365/3207/4365 1009/3204/1009
f 2065/916/2065 3045/915/3045 4365/3207/4365
f 3045/915/3045 933/3101/933 4365/3207/4365
f 3036/883/3036 4368/3212/4368 924/3209/924
f 3036/883/3036 3120/913/3120 4368/3212/4368
f 3120/913/3120 1008/3213/1008 4368/3212/4368
f 2063/912/2063 4371/3219/4371 1007/3216/1007
f 2063/912/2063 3044/911/3044 4371/3219/4371
f 3044/911/3044 932/3113/932 4371/3219/4371
f 3035/879/3035 4374/3224/4374 923/3221/923
f 3035/879/3035 3118/909/3118 4374/3224/4374
f 3118/909/3118 1006/3225/1006 4374/3224/4374
f 2061/908/2061 4377/3231/4377 1005/3228/1005
f 2061/908/2061 3043/907/3043 4377/3231/4377
f 3043/907/3043 931/3125/931 4377/3231/4377
f 3034/785/3034 4380/3236/4380 922/3233/922
f 3034/785/3034 3116/905/3116 4380/3236/4380
f 3116/905/3116 1004/3237/1004 4380/3236/4380
f 2059/904/2059 4383/3243/4383 1003/3240/1003
f 2059/904/2059 3033/903/3033 4383/3243/4383
f 3033/903/3033 921/3149/921 4383/3243/4383
f 3026/875/3026 4386/3248/4386 914/3245/914
f 3026/875/3026 3114/901/3114 4386/3248/4386
f 3114/901/3114 1002/3249/1002 4386/3248/4386
f 2057/900/2057 4389/3255/4389 1001/3252/1001
f 2057/900/2057 3040/899/3040 4389/3255/4389
f 3040/899/3040 928/3161/928 4389/3255/4389
f 3032/871/3032 4392/3260/4392 920/3257/920
f 3032/871/3032 3112/897/3112 4392/3260/4392
f 3112/897/3112 1000/3261/1000 4392/3260/4392
f 2055/896/2055 4395/3267/4395 999/3264/999
f 2055/896/2055 3039/895/3039 4395/3267/4395
f 3039/895/3039 927/3173/927 4395/3267/4395
f 3031/867/3031 4398/3272/4398 919/3269/919
f 3031/867/3031 3110/893/3110 4398/3272/4398
f 3110/893/3110 998/3273/998 4398/3272/4398
f 2053/892/2053 4401/3279/4401 997/3276/997
f 2053/892/2053 3038/891/3038 4401/3279/4401
f 3038/891/3038 926/3185/926 4401/3279/4401
f 3030/863/3030 4404/3284/4404 918/3281/918
f 3030/863/3030 3108/889/3108 4404/3284/4404
f 3108/889/3108 996/3285/996 4404/3284/4404
f 2051/888/2051 4407/3291/4407 995/3288/995
f 2051/888/2051 3037/887/3037 4407/3291/4407
f 3037/887/3037 925/3197/925 4407/3291/4407
f 3029/859/3029 4410/3296/4410 917/3293/917
f 3029/859/3029 3106/885/3106 4410/3296/4410
f 3106/885/3106 994/3297/994 4410/3296/4410
f 2049/884/2049 4413/3303/4413 993/3300/993
f 2049/884/2049 3036/883/3036 4413/3303/4413
f 3036/883/3036 924/3209/924 4413/3303/4413
f 3028/855/3028 4416/3308/4416 916/3305/916
f 3028/855/3028 3104/881/3104 4416/3308/4416
f 3104/881/3104 992/3309/992 4416/3308/4416
f 2047/880/2047 4419/3315/4419 991/3312/991
f 2047/880/2047 3035/879/3035 4419/3315/4419
f 3035/879/3035 923/3221/923 4419/3315/4419
f 3027/782/3027 4422/3320/4422 915/3317/915
f 3027/782/3027 3102/877/3102 4422/3320/4422
f 3102/877/3102 990/3321/990 4422/3320/4422
f 2045/876/2045 4425/3327/4425 989/3324/989
f 2045/876/2045 3026/875/3026 4425/3327/4425
f 3026/875/3026 914/3245/914 4425/3327/4425
f 3020/851/3020 4428/3332/4428 908/3329/908
f 3020/851/3020 3100/873/3100 4428/3332/4428
f 3100/873/3100 988/3333/988 4428/3332/4428
f 2043/872/2043 4431/3339/4431 987/3336/987
f 2043/872/2043 3032/871/3032 4431/3339/4431
f 3032/871/3032 920/3257/920 4431/3339/4431
f 3025/847/3025 4434/3344/4434 913/3341/913
f 3025/847/3025 3098/869/3098 4434/3344/4434
f 3098/869/3098 986/3345/986 4434/3344/4434
f 2041/868/2041 4437/3351/4437 985/3348/985
f 2041/868/2041 3031/867/3031 4437/3351/4437
f 3031/867/3031 919/3269/919 4437/3351/4437
f 3024/843/3024 4440/3356/4440 912/3353/912
f 3024/843/3024 3096/865/3096 4440/3356/4440
f 3096/865/3096 984/3357/984 4440/3356/4440
f 2039/864/2039 4443/3363/4443 983/3360/983
f 2039/864/2039 3030/863/3030 4443/3363/4443
f 3030/863/3030 918/3281/918 4443/3363/4443
f 3023/839/3023 4446/3368/4446 911/3365/911
f 3023/839/3023 3094/861/3094 4446/3368/4446
f 3094/861/3094 982/3369/982 4446/3368/4446
f 2037/860/2037 4449/3375/4449 981/3372/981
f 2037/860/2037 3029/859/3029 4449/3375/4449
f 3029/859/3029 917/3293/917 4449/3375/4449
f 3022/835/3022 4452/3380/4452 910/3377/910
f 3022/835/3022 3092/857/3092 4452/3380/4452
f 3092/857/3092 980/3381/980 4452/3380/4452
f 2035/856/2035 4455/3387/4455 979/3384/979
f 2035/856/2035 3028/855/3028 4455/3387/4455
f 3028/855/3028 916/3305/916 4455/3387/4455
f 3021/779/3021 4458/3392/4458 909/3389/909
f 3021/779/3021 3090/853/3090 4458/3392/4458
f 3090/853/3090 978/3393/978 4458/3392/4458
f 2033/852/2033 4461/3399/4461 977/3396/977
f 2033/852/2033 3020/851/3020 4461/3399/4461
f 3020/851/3020 908/3329/908 4461/3399/4461
f 3015/831/3015 4464/3404/4464 903/3401/903
f 3015/831/3015 3088/849/3088 4464/3404/4464
f 3088/849/3088 976/3405/976 4464/3404/4464
f 2031/848/2031 4467/3411/4467 975/3408/975
f 2031/848/2031 3025/847/3025 4467/3411/4467
f 3025/847/3025 913/3341/913 4467/3411/4467
f 3019/827/3019 4470/3416/4470 907/3413/907
f 3019/827/3019 3086/845/3086 4470/3416/4470
f 3086/845/3086 974/3417/974 4470/3416/4470
f 2029/844/2029 4473/3423/4473 973/3420/973
f 2029/844/2029 3024/843/3024 4473/3423/4473
f 3024/843/3024 912/3353/912 4473/3423/4473
f 3018/823/3018 4476/3428/4476 906/3425/906
f 3018/823/3018 3084/841/3084 4476/3428/4476
f 3084/841/3084 972/3429/972 4476/3428/4476
f 2027/840/2027 4479/3435/4479 971/3432/971
f 2027/840/2027 3023/839/3023 4479/3435/4479
f 3023/839/3023 911/3365/911 4479/3435/4479
f 3017/819/3017 4482/3440/4482 905/3437/905
f 3017/819/3017 3082/837/3082 4482/3440/4482
f 3082/837/3082 970/3441/970 4482/3440/4482
f 2025/836/2025 4485/3447/4485 969/3444/969
f 2025/836/2025 3022/835/3022 4485/3447/4485
f 3022/835/3022 910/3377/910 4485/3447/4485
f 3016/776/3016 4488/3452/4488 904/3449/904
f 3016/776/3016 3080/833/3080 4488/3452/4488
f 3080/833/3080 968/3453/968 4488/3452/4488
f 2023/832/2023 4491/3459/4491 967/3456/967
f 2023/832/2023 3015/831/3015 4491/3459/4491
f 3015/831/3015 903/3401/903 4491/3459/4491
f 3011/815/3011 4494/3464/4494 899/3461/899
f 3011/815/3011 3078/829/3078 4494/3464/4494
f 3078/829/3078 966/3465/966 4494/3464/4494
f 2021/828/2021 4497/3471/4497 965/3468/965
f 2021/828/2021 3019/827/3019 4497/3471/4497
f 3019/827/3019 907/3413/907 4497/3471/4497
f 3014/811/3014 4500/3476/4500 902/3473/902
f 3014/811/3014 3076/825/3076 4500/3476/4500
f 3076/825/3076 964/3477/964 4500/3476/4500
f 2019/824/2019 4503/3483/4503 963/3480/963
f 2019/824/2019 3018/823/3018 4503/3483/4503
f 3018/823/3018 906/3425/906 4503/3483/4503
f 3013/807/3013 4506/3488/4506 901/3485/901
f 3013/807/3013 3074/821/3074 4506/3488/4506
f 3074/821/3074 962/3489/962 4506/3488/4506
f 2017/820/2017 4509/3495/4509 961/3492/961
f 2017/820/2017 3017/819/3017 4509/3495/4509
f 3017/819/3017 905/3437/905 4509/3495/4509
f 3012/773/3012 4512/3500/4512 900/3497/900
f 3012/773/3012 3072/817/3072 4512/3500/4512
f 3072/817/3072 960/3501/960 4512/3500/4512
f 2015/816/2015 4515/3507/4515 959/3504/959
f 2015/816/2015 3011/815/3011 4515/3507/4515
f 3011/815/3011 899/3461/899 4515/3507/4515
f 3008/803/3008 4518/3512/4518 896/3509/896
f 3008/803/3008 3070/813/3070 4518/3512/4518
f 3070/813/3070 958/3513/958 4518/3512/4518
f 2013/812/2013 4521/3519/4521 957/3516/957
f 2013/812/2013 3014/811/3014 4521/3519/4521
f 3014/811/3014 902/3473/902 4521/3519/4521
f 3010/799/3010 4524/3524/4524 898/3521/898
f 3010/799/3010 3068/809/3068 4524/3524/4524
f 3068/809/3068 956/3525/956 4524/3524/4524
f 2011/808/2011 4527/3531/4527 955/3528/955
f 2011/808/2011 3013/807/3013 4527/3531/4527
f 3013/807/3013 901/3485/901 4527/3531/4527
f 3009/770/3009 4530/3536/4530 897/3533/897
f 3009/770/3009 3066/805/3066 4530/3536/4530
f 3066/805/3066 954/3537/954 4530/3536/4530
f 2009/804/2009 4533/3543/4533 953/3540/953
f 2009/804/2009 3008/803/3008 4533/3543/4533
f 3008/803/3008 896/3509/896 4533/3543/4533
f 3006/795/3006 4536/3548/4536 894/3545/894
f 3006/795/3006 3064/801/3064 4536/3548/4536
f 3064/801/3064 952/3549/952 4536/3548/4536
f 2007/800/2007 4539/3555/4539 951/3552/951
f 2007/800/2007 3010/799/3010 4539/3555/4539
f 3010/799/3010 898/3521/898 4539/3555/4539
f 3007/767/3007 4542/3560/4542 895/3557/895
f 3007/767/3007 3062/797/3062 4542/3560/4542
f 3062/797/3062 950/3561/950 4542/3560/4542
f 2005/796/2005 4545/3567/4545 949/3564/949
f 2005/796/2005 3006/795/3006 4545/3567/4545
f 3006/795/3006 894/3545/894 4545/3567/4545
f 3005/764/3005 4548/3572/4548 893/3569/893
f 3005/764/3005 3060/793/3060 4548/3572/4548
f 3060/793/3060 948/3573/948 4548/3572/4548
f 2471/792/2471 4551/3579/4551 359/3576/359
f 2471/792/2471 3051/791/3051 4551/3579/4551
f 3051/791/3051 939/3029/939 4551/3579/4551
f 2472/789/2472 4554/3584/4554 360/3581/360
f 2472/789/2472 3042/788/3042 4554/3584/4554
f 3042/788/3042 930/3137/930 4554/3584/4554
f 2473/786/2473 4557/3589/4557 361/3586/361
f 2473/786/2473 3034/785/3034 4557/3589/4557
f 3034/785/3034 922/3233/922 4557/3589/4557
f 2474/783/2474 4560/3594/4560 362/3591/362
f 2474/783/2474 3027/782/3027 4560/3594/4560
f 3027/782/3027 915/3317/915 4560/3594/4560
f 2475/780/2475 4563/3599/4563 363/3596/363
f 2475/780/2475 3021/779/3021 4563/3599/4563
f 3021/779/3021 909/3389/909 4563/3599/4563
f 2476/777/2476 4566/3604/4566 364/3601/364
f 2476/777/2476 3016/776/3016 4566/3604/4566
f 3016/776/3016 904/3449/904 4566/3604/4566
f 2477/774/2477 4569/3609/4569 365/3606/365
f 2477/774/2477 3012/773/3012 4569/3609/4569
f 3012/773/3012 900/3497/900 4569/3609/4569
f 2478/771/2478 4572/3614/4572 366/3611/366
f 2478/771/2478 3009/770/3009 4572/3614/4572
f 3009/770/3009 897/3533/897 4572/3614/4572
f 2479/768/2479 4575/3619/4575 367/3616/367
f 2479/768/2479 3007/767/3007 4575/3619/4575
f 3007/767/3007 895/3557/895 4575/3619/4575
f 2446/765/2446 4578/3624/4578 334/3621/334
f 2446/765/2446 3005/764/3005 4578/3624/4578
f 3005/764/3005 893/3569/893 4578/3624/4578
f 1948/5717/1948 4581/3629/4581 892/3626/892
f 5744/748/5743 2104/750/2104 4252/5892/4252
f 5879/2/5878 2556/3632/2556 5631/3/5630
f 2885/721/2885 4584/3636/4584 773/3633/773
f 2885/721/2885 3003/759/3003 4584/3636/4584
f 3003/759/3003 891/3637/891 4584/3636/4584
f 1946/5719/1946 4587/3642/4587 890/3639/890
f 5744/748/5743 4251/2985/4251 5743/5894/5742
f 5877/752/5876 2547/754/2547 5876/1483/5875
f 2894/717/2894 4590/3647/4590 782/3644/782
f 2894/717/2894 3001/755/3001 4590/3647/4590
f 3001/755/3001 889/3648/889 4590/3647/4590
f 1944/1503/1944 4593/488/4593 888/3650/888
f 5743/5894/5742 2103/757/2103 5742/756/5741
f 5874/3653/5873 2621/5797/2621 5873/5895/5872
f 2893/713/2893 4596/3657/4596 781/3654/781
f 2893/713/2893 2999/751/2999 4596/3657/4596
f 2999/751/2999 887/3658/887 4596/3657/4596
f 1942/5851/1942 4599/1516/4599 886/3661/886
f 5742/756/5741 2102/758/2102 5741/5898/5740
f 5871/1480/5870 5637/3666/5636 5636/1481/5635
f 2892/709/2892 4602/3670/4602 780/3667/780
f 2892/709/2892 2997/747/2997 4602/3670/4602
f 2997/747/2997 885/3671/885 4602/3670/4602
f 1940/1542/1940 4605/3676/4605 884/3673/884
f 5741/5898/5740 4258/5765/4258 5740/5764/5739
f 5868/760/5867 2532/762/2532 5640/5792/5639
f 2891/705/2891 4608/3681/4608 779/3678/779
f 2891/705/2891 2995/743/2995 4608/3681/4608
f 2995/743/2995 883/3682/883 4608/3681/4608
f 1938/1555/1938 4611/2995/4611 882/3684/882
f 5740/5764/5739 4257/975/4257 5739/974/5738
f 5865/5900/5864 2595/3687/2595 2526/5888/2526
f 2890/701/2890 4614/3691/4614 778/3688/778
f 2890/701/2890 2993/739/2993 4614/3691/4614
f 2993/739/2993 881/3692/881 4614/3691/4614
f 1936/504/1936 4617/503/4617 880/3694/880
f 5739/974/5738 2101/976/2101 5738/5902/5737
f 2889/697/2889 4620/3703/4620 777/3700/777
f 2889/697/2889 2991/735/2991 4620/3703/4620
f 2991/735/2991 879/3704/879 4620/3703/4620
f 1934/30/1934 4623/29/4623 878/3707/878
f 5738/5902/5737 2100/3001/2100 5737/5904/5736
f 5860/978/5859 5645/980/5644 5859/5879/5858
f 2888/693/2888 4626/3714/4626 776/3711/776
f 2888/693/2888 2989/731/2989 4626/3714/4626
f 2989/731/2989 877/3715/877 4626/3714/4626
f 1932/1606/1932 4629/1605/4629 876/3717/876
f 5737/5904/5736 4264/983/4264 5736/982/5735
f 5857/3720/5856 5649/5787/5648 5856/5875/5855
f 2887/689/2887 4632/3724/4632 775/3721/775
f 2887/689/2887 2987/727/2987 4632/3724/4632
f 2987/727/2987 875/3725/875 4632/3724/4632
f 1930/1249/1930 4635/3730/4635 874/3727/874
f 5736/982/5735 4263/984/4263 5735/5906/5734
f 5854/3733/5853 2514/5871/2514 5853/5870/5852
f 2886/541/2886 4638/3737/4638 774/3734/774
f 2886/541/2886 2985/723/2985 4638/3737/4638
f 2985/723/2985 873/3738/873 4638/3737/4638
f 1928/722/1928 4641/3743/4641 872/3740/872
f 1928/722/1928 2885/721/2885 4641/3743/4641
f 2885/721/2885 773/3633/773 4641/3743/4641
f 2876/685/2876 4644/3748/4644 764/3745/764
f 2876/685/2876 2983/719/2983 4644/3748/4644
f 2983/719/2983 871/3749/871 4644/3748/4644
f 1926/718/1926 4647/3755/4646 870/3752/870
f 1926/718/1926 2894/717/2894 4647/3755/4646
f 2894/717/2894 782/3644/782 4647/3755/4646
f 2884/681/2884 4650/3760/4649 772/3757/772
f 2884/681/2884 2981/715/2981 4650/3760/4649
f 2981/715/2981 869/3761/869 4650/3760/4649
f 1924/714/1924 4653/3767/4652 868/3764/868
f 1924/714/1924 2893/713/2893 4653/3767/4652
f 2893/713/2893 781/3654/781 4653/3767/4652
f 2883/677/2883 4656/3772/4655 771/3769/771
f 2883/677/2883 2979/711/2979 4656/3772/4655
f 2979/711/2979 867/3773/867 4656/3772/4655
f 1922/710/1922 4659/3779/4658 866/3776/866
f 1922/710/1922 2892/709/2892 4659/3779/4658
f 2892/709/2892 780/3667/780 4659/3779/4658
f 2882/673/2882 4662/3784/4661 770/3781/770
f 2882/673/2882 2977/707/2977 4662/3784/4661
f 2977/707/2977 865/3785/865 4662/3784/4661
f 1920/706/1920 4665/3791/4664 864/3788/864
f 1920/706/1920 2891/705/2891 4665/3791/4664
f 2891/705/2891 779/3678/779 4665/3791/4664
f 2881/669/2881 4668/3796/4667 769/3793/769
f 2881/669/2881 2975/703/2975 4668/3796/4667
f 2975/703/2975 863/3797/863 4668/3796/4667
f 1918/702/1918 4671/3803/4670 862/3800/862
f 1918/702/1918 2890/701/2890 4671/3803/4670
f 2890/701/2890 778/3688/778 4671/3803/4670
f 2880/665/2880 4674/3808/4673 768/3805/768
f 2880/665/2880 2973/699/2973 4674/3808/4673
f 2973/699/2973 861/3809/861 4674/3808/4673
f 1916/698/1916 4677/3815/4676 860/3812/860
f 1916/698/1916 2889/697/2889 4677/3815/4676
f 2889/697/2889 777/3700/777 4677/3815/4676
f 2879/661/2879 4680/3820/4679 767/3817/767
f 2879/661/2879 2971/695/2971 4680/3820/4679
f 2971/695/2971 859/3821/859 4680/3820/4679
f 1914/694/1914 4683/3827/4682 858/3824/858
f 1914/694/1914 2888/693/2888 4683/3827/4682
f 2888/693/2888 776/3711/776 4683/3827/4682
f 2878/657/2878 4686/3832/4685 766/3829/766
f 2878/657/2878 2969/691/2969 4686/3832/4685
f 2969/691/2969 857/3833/857 4686/3832/4685
f 1912/690/1912 4689/3839/4688 856/3836/856
f 1912/690/1912 2887/689/2887 4689/3839/4688
f 2887/689/2887 775/3721/775 4689/3839/4688
f 2877/538/2877 4692/3844/4691 765/3841/765
f 2877/538/2877 2967/687/2967 4692/3844/4691
f 2967/687/2967 855/3845/855 4692/3844/4691
f 1910/686/1910 4695/3851/4694 854/3848/854
f 1910/686/1910 2876/685/2876 4695/3851/4694
f 2876/685/2876 764/3745/764 4695/3851/4694
f 2868/653/2868 4698/3856/4697 756/3853/756
f 2868/653/2868 2965/683/2965 4698/3856/4697
f 2965/683/2965 853/3857/853 4698/3856/4697
f 1908/682/1908 4701/3863/4700 852/3860/852
f 1908/682/1908 2884/681/2884 4701/3863/4700
f 2884/681/2884 772/3757/772 4701/3863/4700
f 2875/649/2875 4704/3868/4703 763/3865/763
f 2875/649/2875 2963/679/2963 4704/3868/4703
f 2963/679/2963 851/3869/851 4704/3868/4703
f 1906/678/1906 4707/3875/4706 850/3872/850
f 1906/678/1906 2883/677/2883 4707/3875/4706
f 2883/677/2883 771/3769/771 4707/3875/4706
f 2874/645/2874 4710/3880/4709 762/3877/762
f 2874/645/2874 2961/675/2961 4710/3880/4709
f 2961/675/2961 849/3881/849 4710/3880/4709
f 1904/674/1904 4713/3887/4712 848/3884/848
f 1904/674/1904 2882/673/2882 4713/3887/4712
f 2882/673/2882 770/3781/770 4713/3887/4712
f 2873/641/2873 4716/3892/4715 761/3889/761
f 2873/641/2873 2959/671/2959 4716/3892/4715
f 2959/671/2959 847/3893/847 4716/3892/4715
f 1902/670/1902 4719/3899/4718 846/3896/846
f 1902/670/1902 2881/669/2881 4719/3899/4718
f 2881/669/2881 769/3793/769 4719/3899/4718
f 2872/637/2872 4722/3904/4721 760/3901/760
f 2872/637/2872 2957/667/2957 4722/3904/4721
f 2957/667/2957 845/3905/845 4722/3904/4721
f 1900/666/1900 4725/3911/4724 844/3908/844
f 1900/666/1900 2880/665/2880 4725/3911/4724
f 2880/665/2880 768/3805/768 4725/3911/4724
f 2871/633/2871 4728/3916/4727 759/3913/759
f 2871/633/2871 2955/663/2955 4728/3916/4727
f 2955/663/2955 843/3917/843 4728/3916/4727
f 1898/662/1898 4731/3923/4730 842/3920/842
f 1898/662/1898 2879/661/2879 4731/3923/4730
f 2879/661/2879 767/3817/767 4731/3923/4730
f 2870/629/2870 4734/3928/4733 758/3925/758
f 2870/629/2870 2953/659/2953 4734/3928/4733
f 2953/659/2953 841/3929/841 4734/3928/4733
f 1896/658/1896 4737/3935/4736 840/3932/840
f 1896/658/1896 2878/657/2878 4737/3935/4736
f 2878/657/2878 766/3829/766 4737/3935/4736
f 2869/535/2869 4740/3940/4739 757/3937/757
f 2869/535/2869 2951/655/2951 4740/3940/4739
f 2951/655/2951 839/3941/839 4740/3940/4739
f 1894/654/1894 4743/3947/4742 838/3944/838
f 1894/654/1894 2868/653/2868 4743/3947/4742
f 2868/653/2868 756/3853/756 4743/3947/4742
f 2861/625/2861 4746/3952/4745 749/3949/749
f 2861/625/2861 2949/651/2949 4746/3952/4745
f 2949/651/2949 837/3953/837 4746/3952/4745
f 1892/650/1892 4749/3959/4748 836/3956/836
f 1892/650/1892 2875/649/2875 4749/3959/4748
f 2875/649/2875 763/3865/763 4749/3959/4748
f 2867/621/2867 4752/3964/4751 755/3961/755
f 2867/621/2867 2947/647/2947 4752/3964/4751
f 2947/647/2947 835/3965/835 4752/3964/4751
f 1890/646/1890 4755/3971/4754 834/3968/834
f 1890/646/1890 2874/645/2874 4755/3971/4754
f 2874/645/2874 762/3877/762 4755/3971/4754
f 2866/617/2866 4758/3976/4757 754/3973/754
f 2866/617/2866 2945/643/2945 4758/3976/4757
f 2945/643/2945 833/3977/833 4758/3976/4757
f 1888/642/1888 4761/3983/4760 832/3980/832
f 1888/642/1888 2873/641/2873 4761/3983/4760
f 2873/641/2873 761/3889/761 4761/3983/4760
f 2865/613/2865 4764/3988/4763 753/3985/753
f 2865/613/2865 2943/639/2943 4764/3988/4763
f 2943/639/2943 831/3989/831 4764/3988/4763
f 1886/638/1886 4767/3995/4766 830/3992/830
f 1886/638/1886 2872/637/2872 4767/3995/4766
f 2872/637/2872 760/3901/760 4767/3995/4766
f 2864/609/2864 4770/4000/4769 752/3997/752
f 2864/609/2864 2941/635/2941 4770/4000/4769
f 2941/635/2941 829/4001/829 4770/4000/4769
f 1884/634/1884 4773/4007/4772 828/4004/828
f 1884/634/1884 2871/633/2871 4773/4007/4772
f 2871/633/2871 759/3913/759 4773/4007/4772
f 2863/605/2863 4776/4012/4775 751/4009/751
f 2863/605/2863 2939/631/2939 4776/4012/4775
f 2939/631/2939 827/4013/827 4776/4012/4775
f 1882/630/1882 4779/4019/4778 826/4016/826
f 1882/630/1882 2870/629/2870 4779/4019/4778
f 2870/629/2870 758/3925/758 4779/4019/4778
f 2862/532/2862 4782/4024/4781 750/4021/750
f 2862/532/2862 2937/627/2937 4782/4024/4781
f 2937/627/2937 825/4025/825 4782/4024/4781
f 1880/626/1880 4785/4031/4784 824/4028/824
f 1880/626/1880 2861/625/2861 4785/4031/4784
f 2861/625/2861 749/3949/749 4785/4031/4784
f 2855/601/2855 4788/4036/4787 743/4033/743
f 2855/601/2855 2935/623/2935 4788/4036/4787
f 2935/623/2935 823/4037/823 4788/4036/4787
f 1878/622/1878 4791/4043/4790 822/4040/822
f 1878/622/1878 2867/621/2867 4791/4043/4790
f 2867/621/2867 755/3961/755 4791/4043/4790
f 2860/597/2860 4794/4048/4793 748/4045/748
f 2860/597/2860 2933/619/2933 4794/4048/4793
f 2933/619/2933 821/4049/821 4794/4048/4793
f 1876/618/1876 4797/4055/4796 820/4052/820
f 1876/618/1876 2866/617/2866 4797/4055/4796
f 2866/617/2866 754/3973/754 4797/4055/4796
f 2859/593/2859 4800/4060/4799 747/4057/747
f 2859/593/2859 2931/615/2931 4800/4060/4799
f 2931/615/2931 819/4061/819 4800/4060/4799
f 1874/614/1874 4803/4067/4802 818/4064/818
f 1874/614/1874 2865/613/2865 4803/4067/4802
f 2865/613/2865 753/3985/753 4803/4067/4802
f 2858/589/2858 4806/4072/4805 746/4069/746
f 2858/589/2858 2929/611/2929 4806/4072/4805
f 2929/611/2929 817/4073/817 4806/4072/4805
f 1872/610/1872 4809/4079/4808 816/4076/816
f 1872/610/1872 2864/609/2864 4809/4079/4808
f 2864/609/2864 752/3997/752 4809/4079/4808
f 2857/585/2857 4812/4084/4811 745/4081/745
f 2857/585/2857 2927/607/2927 4812/4084/4811
f 2927/607/2927 815/4085/815 4812/4084/4811
f 1870/606/1870 4815/4091/4814 814/4088/814
f 1870/606/1870 2863/605/2863 4815/4091/4814
f 2863/605/2863 751/4009/751 4815/4091/4814
f 2856/529/2856 4818/4096/4817 744/4093/744
f 2856/529/2856 2925/603/2925 4818/4096/4817
f 2925/603/2925 813/4097/813 4818/4096/4817
f 1868/602/1868 4821/4103/4820 812/4100/812
f 1868/602/1868 2855/601/2855 4821/4103/4820
f 2855/601/2855 743/4033/743 4821/4103/4820
f 2850/581/2850 4824/4108/4823 738/4105/738
f 2850/581/2850 2923/599/2923 4824/4108/4823
f 2923/599/2923 811/4109/811 4824/4108/4823
f 1866/598/1866 4827/4115/4826 810/4112/810
f 1866/598/1866 2860/597/2860 4827/4115/4826
f 2860/597/2860 748/4045/748 4827/4115/4826
f 2854/577/2854 4830/4120/4829 742/4117/742
f 2854/577/2854 2921/595/2921 4830/4120/4829
f 2921/595/2921 809/4121/809 4830/4120/4829
f 1864/594/1864 4833/4127/4832 808/4124/808
f 1864/594/1864 2859/593/2859 4833/4127/4832
f 2859/593/2859 747/4057/747 4833/4127/4832
f 2853/573/2853 4836/4132/4835 741/4129/741
f 2853/573/2853 2919/591/2919 4836/4132/4835
f 2919/591/2919 807/4133/807 4836/4132/4835
f 1862/590/1862 4839/4139/4838 806/4136/806
f 1862/590/1862 2858/589/2858 4839/4139/4838
f 2858/589/2858 746/4069/746 4839/4139/4838
f 2852/569/2852 4842/4144/4841 740/4141/740
f 2852/569/2852 2917/587/2917 4842/4144/4841
f 2917/587/2917 805/4145/805 4842/4144/4841
f 1860/586/1860 4845/4151/4844 804/4148/804
f 1860/586/1860 2857/585/2857 4845/4151/4844
f 2857/585/2857 745/4081/745 4845/4151/4844
f 2851/526/2851 4848/4156/4847 739/4153/739
f 2851/526/2851 2915/583/2915 4848/4156/4847
f 2915/583/2915 803/4157/803 4848/4156/4847
f 1858/582/1858 4851/4163/4850 802/4160/802
f 1858/582/1858 2850/581/2850 4851/4163/4850
f 2850/581/2850 738/4105/738 4851/4163/4850
f 2846/565/2846 4854/4168/4853 734/4165/734
f 2846/565/2846 2913/579/2913 4854/4168/4853
f 2913/579/2913 801/4169/801 4854/4168/4853
f 1856/578/1856 4857/4175/4856 800/4172/800
f 1856/578/1856 2854/577/2854 4857/4175/4856
f 2854/577/2854 742/4117/742 4857/4175/4856
f 2849/561/2849 4860/4180/4859 737/4177/737
f 2849/561/2849 2911/575/2911 4860/4180/4859
f 2911/575/2911 799/4181/799 4860/4180/4859
f 1854/574/1854 4863/4187/4862 798/4184/798
f 1854/574/1854 2853/573/2853 4863/4187/4862
f 2853/573/2853 741/4129/741 4863/4187/4862
f 2848/557/2848 4866/4192/4865 736/4189/736
f 2848/557/2848 2909/571/2909 4866/4192/4865
f 2909/571/2909 797/4193/797 4866/4192/4865
f 1852/570/1852 4869/4199/4868 796/4196/796
f 1852/570/1852 2852/569/2852 4869/4199/4868
f 2852/569/2852 740/4141/740 4869/4199/4868
f 2847/523/2847 4872/4204/4871 735/4201/735
f 2847/523/2847 2907/567/2907 4872/4204/4871
f 2907/567/2907 795/4205/795 4872/4204/4871
f 1850/566/1850 4875/4211/4874 794/4208/794
f 1850/566/1850 2846/565/2846 4875/4211/4874
f 2846/565/2846 734/4165/734 4875/4211/4874
f 2843/553/2843 4878/4216/4877 731/4213/731
f 2843/553/2843 2905/563/2905 4878/4216/4877
f 2905/563/2905 793/4217/793 4878/4216/4877
f 1848/562/1848 4881/4223/4880 792/4220/792
f 1848/562/1848 2849/561/2849 4881/4223/4880
f 2849/561/2849 737/4177/737 4881/4223/4880
f 2845/549/2845 4884/4228/4883 733/4225/733
f 2845/549/2845 2903/559/2903 4884/4228/4883
f 2903/559/2903 791/4229/791 4884/4228/4883
f 1846/558/1846 4887/4235/4886 790/4232/790
f 1846/558/1846 2848/557/2848 4887/4235/4886
f 2848/557/2848 736/4189/736 4887/4235/4886
f 2844/520/2844 4890/4240/4889 732/4237/732
f 2844/520/2844 2901/555/2901 4890/4240/4889
f 2901/555/2901 789/4241/789 4890/4240/4889
f 1844/554/1844 4893/4247/4892 788/4244/788
f 1844/554/1844 2843/553/2843 4893/4247/4892
f 2843/553/2843 731/4213/731 4893/4247/4892
f 2841/545/2841 4896/4252/4895 729/4249/729
f 2841/545/2841 2899/551/2899 4896/4252/4895
f 2899/551/2899 787/4253/787 4896/4252/4895
f 1842/550/1842 4899/4259/4898 786/4256/786
f 1842/550/1842 2845/549/2845 4899/4259/4898
f 2845/549/2845 733/4225/733 4899/4259/4898
f 2842/517/2842 4902/4264/4901 730/4261/730
f 2842/517/2842 2897/547/2897 4902/4264/4901
f 2897/547/2897 785/4265/785 4902/4264/4901
f 1840/546/1840 4905/4271/4904 784/4268/784
f 1840/546/1840 2841/545/2841 4905/4271/4904
f 2841/545/2841 729/4249/729 4905/4271/4904
f 2840/514/2840 4908/4276/4907 728/4273/728
f 2840/514/2840 2895/543/2895 4908/4276/4907
f 2895/543/2895 783/4277/783 4908/4276/4907
f 2461/542/2461 4911/4283/4910 349/4280/349
f 2461/542/2461 2886/541/2886 4911/4283/4910
f 2886/541/2886 774/3734/774 4911/4283/4910
f 2462/539/2462 4914/4288/4913 350/4285/350
f 2462/539/2462 2877/538/2877 4914/4288/4913
f 2877/538/2877 765/3841/765 4914/4288/4913
f 2463/536/2463 4917/4293/4916 351/4290/351
f 2463/536/2463 2869/535/2869 4917/4293/4916
f 2869/535/2869 757/3937/757 4917/4293/4916
f 2464/533/2464 4920/4298/4919 352/4295/352
f 2464/533/2464 2862/532/2862 4920/4298/4919
f 2862/532/2862 750/4021/750 4920/4298/4919
f 2465/530/2465 4923/4303/4922 353/4300/353
f 2465/530/2465 2856/529/2856 4923/4303/4922
f 2856/529/2856 744/4093/744 4923/4303/4922
f 2466/527/2466 4926/4308/4925 354/4305/354
f 2466/527/2466 2851/526/2851 4926/4308/4925
f 2851/526/2851 739/4153/739 4926/4308/4925
f 2467/524/2467 4929/4313/4928 355/4310/355
f 2467/524/2467 2847/523/2847 4929/4313/4928
f 2847/523/2847 735/4201/735 4929/4313/4928
f 2468/521/2468 4932/4318/4931 356/4315/356
f 2468/521/2468 2844/520/2844 4932/4318/4931
f 2844/520/2844 732/4237/732 4932/4318/4931
f 2469/518/2469 4935/4323/4934 357/4320/357
f 2469/518/2469 2842/517/2842 4935/4323/4934
f 2842/517/2842 730/4261/730 4935/4323/4934
f 2445/515/2445 4938/4328/4937 333/4325/333
f 2445/515/2445 2840/514/2840 4938/4328/4937
f 2840/514/2840 728/4273/728 4938/4328/4937
f 1783/4380/1783 4941/2320/4940 727/4330/727
f 5735/5906/5734 2099/5905/2099 5734/5907/5733
f 5851/986/5850 5651/988/5650 2567/5785/2567
f 2720/471/2720 4944/4337/4943 608/4334/608
f 2720/471/2720 2838/509/2838 4944/4337/4943
f 2838/509/2838 726/4338/726 4944/4337/4943
f 1781/5864/1781 4947/1000/4946 725/4341/725
f 5734/5907/5733 2098/3012/2098 5733/5908/5732
f 5849/4344/5848 5654/1460/5653 5848/1459/5847
f 2729/467/2729 4950/4348/4949 617/4345/617
f 2729/467/2729 2836/505/2836 4950/4348/4949
f 2836/505/2836 724/4349/724 4950/4348/4949
f 1779/1449/1779 4953/1448/4952 723/4352/723
f 5733/5908/5732 2098/3012/2098 4270/5903/4270
f 5846/990/5845 5658/992/5657 5845/5863/5844
f 2728/463/2728 4956/4359/4955 616/4356/616
f 2728/463/2728 2834/501/2834 4956/4359/4955
f 2834/501/2834 722/4360/722 4956/4359/4955
f 1777/1008/1777 4959/2309/4958 721/4363/721
f 5732/995/5731 4270/5903/4270 4269/996/4269
f 5843/1456/5842 2490/4367/2490 4942/1457/4941
f 2727/459/2727 4962/4372/4961 615/4369/615
f 2727/459/2727 2832/497/2832 4962/4372/4961
f 2832/497/2832 720/4373/720 4962/4372/4961
f 1775/5745/1775 4965/4379/4964 719/4376/719
f 5731/994/5730 4269/996/4269 2097/5901/2097
f 5840/5909/5839 1783/4380/1783 1782/4339/1782
f 2726/455/2726 4968/4384/4967 614/4381/614
f 2726/455/2726 2830/493/2830 4968/4384/4967
f 2830/493/2830 718/4385/718 4968/4384/4967
f 1773/1011/1773 4971/2223/4970 717/4387/717
f 5730/5910/5729 2097/5901/2097 2096/3023/2096
f 5837/998/5836 4947/1000/4946 1781/5864/1781
f 2725/451/2725 4974/4394/4973 613/4391/613
f 2725/451/2725 2828/489/2828 4974/4394/4973
f 2828/489/2828 716/4395/716 4974/4394/4973
f 1771/5852/1771 4977/2297/4976 715/4397/715
f 5730/5910/5729 4276/1003/4276 5729/1002/5728
f 5835/4402/5834 4953/1448/4952 5834/1447/5833
f 2724/447/2724 4980/4406/4979 612/4403/612
f 2724/447/2724 2826/485/2826 4980/4406/4979
f 2826/485/2826 714/4407/714 4980/4406/4979
f 1769/2285/1769 4983/2284/4982 713/4410/713
f 5729/1002/5728 4275/1004/4275 5728/5911/5727
f 5832/5756/5831 1778/4361/1778 4960/5757/4959
f 2723/443/2723 4986/4417/4985 611/4414/611
f 2723/443/2723 2824/481/2824 4986/4417/4985
f 2824/481/2824 712/4418/712 4986/4417/4985
f 1767/5704/1767 4989/2273/4988 711/4421/711
f 5728/5911/5727 2095/5899/2095 5727/5912/5726
f 5829/1006/5828 1777/1008/1777 1776/4374/1776
f 2722/439/2722 4992/4427/4991 610/4424/610
f 2722/439/2722 2822/477/2822 4992/4427/4991
f 2822/477/2822 710/4428/710 4992/4427/4991
f 1765/1234/1765 4995/1233/4994 709/4431/709
f 5727/5912/5726 2094/3034/2094 5726/5753/5725
f 5826/5744/5825 4965/4379/4964 1775/5745/1775
f 2721/291/2721 4998/4439/4997 609/4436/609
f 2721/291/2721 2820/473/2820 4998/4439/4997
f 2820/473/2820 708/4440/708 4998/4439/4997
f 1763/472/1763 5001/4445/5000 707/4442/707
f 1763/472/1763 2720/471/2720 5001/4445/5000
f 2720/471/2720 608/4334/608 5001/4445/5000
f 2711/435/2711 5004/4450/5003 599/4447/599
f 2711/435/2711 2818/469/2818 5004/4450/5003
f 2818/469/2818 706/4451/706 5004/4450/5003
f 1761/468/1761 5007/4457/5006 705/4454/705
f 1761/468/1761 2729/467/2729 5007/4457/5006
f 2729/467/2729 617/4345/617 5007/4457/5006
f 2719/431/2719 5010/4462/5009 607/4459/607
f 2719/431/2719 2816/465/2816 5010/4462/5009
f 2816/465/2816 704/4463/704 5010/4462/5009
f 1759/464/1759 5013/4469/5012 703/4466/703
f 1759/464/1759 2728/463/2728 5013/4469/5012
f 2728/463/2728 616/4356/616 5013/4469/5012
f 2718/427/2718 5016/4474/5015 606/4471/606
f 2718/427/2718 2814/461/2814 5016/4474/5015
f 2814/461/2814 702/4475/702 5016/4474/5015
f 1757/460/1757 5019/4481/5018 701/4478/701
f 1757/460/1757 2727/459/2727 5019/4481/5018
f 2727/459/2727 615/4369/615 5019/4481/5018
f 2717/423/2717 5022/4486/5021 605/4483/605
f 2717/423/2717 2812/457/2812 5022/4486/5021
f 2812/457/2812 700/4487/700 5022/4486/5021
f 1755/456/1755 5025/4493/5024 699/4490/699
f 1755/456/1755 2726/455/2726 5025/4493/5024
f 2726/455/2726 614/4381/614 5025/4493/5024
f 2716/419/2716 5028/4498/5027 604/4495/604
f 2716/419/2716 2810/453/2810 5028/4498/5027
f 2810/453/2810 698/4499/698 5028/4498/5027
f 1753/452/1753 5031/4505/5030 697/4502/697
f 1753/452/1753 2725/451/2725 5031/4505/5030
f 2725/451/2725 613/4391/613 5031/4505/5030
f 2715/415/2715 5034/4510/5033 603/4507/603
f 2715/415/2715 2808/449/2808 5034/4510/5033
f 2808/449/2808 696/4511/696 5034/4510/5033
f 1751/448/1751 5037/4517/5036 695/4514/695
f 1751/448/1751 2724/447/2724 5037/4517/5036
f 2724/447/2724 612/4403/612 5037/4517/5036
f 2714/411/2714 5040/4522/5039 602/4519/602
f 2714/411/2714 2806/445/2806 5040/4522/5039
f 2806/445/2806 694/4523/694 5040/4522/5039
f 1749/444/1749 5043/4529/5042 693/4526/693
f 1749/444/1749 2723/443/2723 5043/4529/5042
f 2723/443/2723 611/4414/611 5043/4529/5042
f 2713/407/2713 5046/4534/5045 601/4531/601
f 2713/407/2713 2804/441/2804 5046/4534/5045
f 2804/441/2804 692/4535/692 5046/4534/5045
f 1747/440/1747 5049/4541/5048 691/4538/691
f 1747/440/1747 2722/439/2722 5049/4541/5048
f 2722/439/2722 610/4424/610 5049/4541/5048
f 2712/288/2712 5052/4546/5051 600/4543/600
f 2712/288/2712 2802/437/2802 5052/4546/5051
f 2802/437/2802 690/4547/690 5052/4546/5051
f 1745/436/1745 5055/4553/5054 689/4550/689
f 1745/436/1745 2711/435/2711 5055/4553/5054
f 2711/435/2711 599/4447/599 5055/4553/5054
f 2703/403/2703 5058/4558/5057 591/4555/591
f 2703/403/2703 2800/433/2800 5058/4558/5057
f 2800/433/2800 688/4559/688 5058/4558/5057
f 1743/432/1743 5061/4565/5060 687/4562/687
f 1743/432/1743 2719/431/2719 5061/4565/5060
f 2719/431/2719 607/4459/607 5061/4565/5060
f 2710/399/2710 5064/4570/5063 598/4567/598
f 2710/399/2710 2798/429/2798 5064/4570/5063
f 2798/429/2798 686/4571/686 5064/4570/5063
f 1741/428/1741 5067/4577/5066 685/4574/685
f 1741/428/1741 2718/427/2718 5067/4577/5066
f 2718/427/2718 606/4471/606 5067/4577/5066
f 2709/395/2709 5070/4582/5069 597/4579/597
f 2709/395/2709 2796/425/2796 5070/4582/5069
f 2796/425/2796 684/4583/684 5070/4582/5069
f 1739/424/1739 5073/4589/5072 683/4586/683
f 1739/424/1739 2717/423/2717 5073/4589/5072
f 2717/423/2717 605/4483/605 5073/4589/5072
f 2708/391/2708 5076/4594/5075 596/4591/596
f 2708/391/2708 2794/421/2794 5076/4594/5075
f 2794/421/2794 682/4595/682 5076/4594/5075
f 1737/420/1737 5079/4601/5078 681/4598/681
f 1737/420/1737 2716/419/2716 5079/4601/5078
f 2716/419/2716 604/4495/604 5079/4601/5078
f 2707/387/2707 5082/4606/5081 595/4603/595
f 2707/387/2707 2792/417/2792 5082/4606/5081
f 2792/417/2792 680/4607/680 5082/4606/5081
f 1735/416/1735 5085/4613/5084 679/4610/679
f 1735/416/1735 2715/415/2715 5085/4613/5084
f 2715/415/2715 603/4507/603 5085/4613/5084
f 2706/383/2706 5088/4618/5087 594/4615/594
f 2706/383/2706 2790/413/2790 5088/4618/5087
f 2790/413/2790 678/4619/678 5088/4618/5087
f 1733/412/1733 5091/4625/5090 677/4622/677
f 1733/412/1733 2714/411/2714 5091/4625/5090
f 2714/411/2714 602/4519/602 5091/4625/5090
f 2705/379/2705 5094/4630/5093 593/4627/593
f 2705/379/2705 2788/409/2788 5094/4630/5093
f 2788/409/2788 676/4631/676 5094/4630/5093
f 1731/408/1731 5097/4637/5096 675/4634/675
f 1731/408/1731 2713/407/2713 5097/4637/5096
f 2713/407/2713 601/4531/601 5097/4637/5096
f 2704/285/2704 5100/4642/5099 592/4639/592
f 2704/285/2704 2786/405/2786 5100/4642/5099
f 2786/405/2786 674/4643/674 5100/4642/5099
f 1729/404/1729 5103/4649/5102 673/4646/673
f 1729/404/1729 2703/403/2703 5103/4649/5102
f 2703/403/2703 591/4555/591 5103/4649/5102
f 2696/375/2696 5106/4654/5105 584/4651/584
f 2696/375/2696 2784/401/2784 5106/4654/5105
f 2784/401/2784 672/4655/672 5106/4654/5105
f 1727/400/1727 5109/4661/5108 671/4658/671
f 1727/400/1727 2710/399/2710 5109/4661/5108
f 2710/399/2710 598/4567/598 5109/4661/5108
f 2702/371/2702 5112/4666/5111 590/4663/590
f 2702/371/2702 2782/397/2782 5112/4666/5111
f 2782/397/2782 670/4667/670 5112/4666/5111
f 1725/396/1725 5115/4673/5114 669/4670/669
f 1725/396/1725 2709/395/2709 5115/4673/5114
f 2709/395/2709 597/4579/597 5115/4673/5114
f 2701/367/2701 5118/4678/5117 589/4675/589
f 2701/367/2701 2780/393/2780 5118/4678/5117
f 2780/393/2780 668/4679/668 5118/4678/5117
f 1723/392/1723 5121/4685/5120 667/4682/667
f 1723/392/1723 2708/391/2708 5121/4685/5120
f 2708/391/2708 596/4591/596 5121/4685/5120
f 2700/363/2700 5124/4690/5123 588/4687/588
f 2700/363/2700 2778/389/2778 5124/4690/5123
f 2778/389/2778 666/4691/666 5124/4690/5123
f 1721/388/1721 5127/4697/5126 665/4694/665
f 1721/388/1721 2707/387/2707 5127/4697/5126
f 2707/387/2707 595/4603/595 5127/4697/5126
f 2699/359/2699 5130/4702/5129 587/4699/587
f 2699/359/2699 2776/385/2776 5130/4702/5129
f 2776/385/2776 664/4703/664 5130/4702/5129
f 1719/384/1719 5133/4709/5132 663/4706/663
f 1719/384/1719 2706/383/2706 5133/4709/5132
f 2706/383/2706 594/4615/594 5133/4709/5132
f 2698/355/2698 5136/4714/5135 586/4711/586
f 2698/355/2698 2774/381/2774 5136/4714/5135
f 2774/381/2774 662/4715/662 5136/4714/5135
f 1717/380/1717 5139/4721/5138 661/4718/661
f 1717/380/1717 2705/379/2705 5139/4721/5138
f 2705/379/2705 593/4627/593 5139/4721/5138
f 2697/282/2697 5142/4726/5141 585/4723/585
f 2697/282/2697 2772/377/2772 5142/4726/5141
f 2772/377/2772 660/4727/660 5142/4726/5141
f 1715/376/1715 5145/4733/5144 659/4730/659
f 1715/376/1715 2696/375/2696 5145/4733/5144
f 2696/375/2696 584/4651/584 5145/4733/5144
f 2690/351/2690 5148/4738/5147 578/4735/578
f 2690/351/2690 2770/373/2770 5148/4738/5147
f 2770/373/2770 658/4739/658 5148/4738/5147
f 1713/372/1713 5151/4745/5150 657/4742/657
f 1713/372/1713 2702/371/2702 5151/4745/5150
f 2702/371/2702 590/4663/590 5151/4745/5150
f 2695/347/2695 5154/4750/5153 583/4747/583
f 2695/347/2695 2768/369/2768 5154/4750/5153
f 2768/369/2768 656/4751/656 5154/4750/5153
f 1711/368/1711 5157/4757/5156 655/4754/655
f 1711/368/1711 2701/367/2701 5157/4757/5156
f 2701/367/2701 589/4675/589 5157/4757/5156
f 2694/343/2694 5160/4762/5159 582/4759/582
f 2694/343/2694 2766/365/2766 5160/4762/5159
f 2766/365/2766 654/4763/654 5160/4762/5159
f 1709/364/1709 5163/4769/5162 653/4766/653
f 1709/364/1709 2700/363/2700 5163/4769/5162
f 2700/363/2700 588/4687/588 5163/4769/5162
f 2693/339/2693 5166/4774/5165 581/4771/581
f 2693/339/2693 2764/361/2764 5166/4774/5165
f 2764/361/2764 652/4775/652 5166/4774/5165
f 1707/360/1707 5169/4781/5168 651/4778/651
f 1707/360/1707 2699/359/2699 5169/4781/5168
f 2699/359/2699 587/4699/587 5169/4781/5168
f 2692/335/2692 5172/4786/5171 580/4783/580
f 2692/335/2692 2762/357/2762 5172/4786/5171
f 2762/357/2762 650/4787/650 5172/4786/5171
f 1705/356/1705 5175/4793/5174 649/4790/649
f 1705/356/1705 2698/355/2698 5175/4793/5174
f 2698/355/2698 586/4711/586 5175/4793/5174
f 2691/279/2691 5178/4798/5177 579/4795/579
f 2691/279/2691 2760/353/2760 5178/4798/5177
f 2760/353/2760 648/4799/648 5178/4798/5177
f 1703/352/1703 5181/4805/5180 647/4802/647
f 1703/352/1703 2690/351/2690 5181/4805/5180
f 2690/351/2690 578/4735/578 5181/4805/5180
f 2685/331/2685 5184/4810/5183 573/4807/573
f 2685/331/2685 2758/349/2758 5184/4810/5183
f 2758/349/2758 646/4811/646 5184/4810/5183
f 1701/348/1701 5187/4817/5186 645/4814/645
f 1701/348/1701 2695/347/2695 5187/4817/5186
f 2695/347/2695 583/4747/583 5187/4817/5186
f 2689/327/2689 5190/4822/5189 577/4819/577
f 2689/327/2689 2756/345/2756 5190/4822/5189
f 2756/345/2756 644/4823/644 5190/4822/5189
f 1699/344/1699 5193/4829/5192 643/4826/643
f 1699/344/1699 2694/343/2694 5193/4829/5192
f 2694/343/2694 582/4759/582 5193/4829/5192
f 2688/323/2688 5196/4834/5195 576/4831/576
f 2688/323/2688 2754/341/2754 5196/4834/5195
f 2754/341/2754 642/4835/642 5196/4834/5195
f 1697/340/1697 5199/4841/5198 641/4838/641
f 1697/340/1697 2693/339/2693 5199/4841/5198
f 2693/339/2693 581/4771/581 5199/4841/5198
f 2687/319/2687 5202/4846/5201 575/4843/575
f 2687/319/2687 2752/337/2752 5202/4846/5201
f 2752/337/2752 640/4847/640 5202/4846/5201
f 1695/336/1695 5205/4853/5204 639/4850/639
f 1695/336/1695 2692/335/2692 5205/4853/5204
f 2692/335/2692 580/4783/580 5205/4853/5204
f 2686/276/2686 5208/4858/5207 574/4855/574
f 2686/276/2686 2750/333/2750 5208/4858/5207
f 2750/333/2750 638/4859/638 5208/4858/5207
f 1693/332/1693 5211/4865/5210 637/4862/637
f 1693/332/1693 2685/331/2685 5211/4865/5210
f 2685/331/2685 573/4807/573 5211/4865/5210
f 2681/315/2681 5214/4870/5213 569/4867/569
f 2681/315/2681 2748/329/2748 5214/4870/5213
f 2748/329/2748 636/4871/636 5214/4870/5213
f 1691/328/1691 5217/4877/5216 635/4874/635
f 1691/328/1691 2689/327/2689 5217/4877/5216
f 2689/327/2689 577/4819/577 5217/4877/5216
f 2684/311/2684 5220/4882/5219 572/4879/572
f 2684/311/2684 2746/325/2746 5220/4882/5219
f 2746/325/2746 634/4883/634 5220/4882/5219
f 1689/324/1689 5223/4889/5222 633/4886/633
f 1689/324/1689 2688/323/2688 5223/4889/5222
f 2688/323/2688 576/4831/576 5223/4889/5222
f 2683/307/2683 5226/4894/5225 571/4891/571
f 2683/307/2683 2744/321/2744 5226/4894/5225
f 2744/321/2744 632/4895/632 5226/4894/5225
f 1687/320/1687 5229/4901/5228 631/4898/631
f 1687/320/1687 2687/319/2687 5229/4901/5228
f 2687/319/2687 575/4843/575 5229/4901/5228
f 2682/273/2682 5232/4906/5231 570/4903/570
f 2682/273/2682 2742/317/2742 5232/4906/5231
f 2742/317/2742 630/4907/630 5232/4906/5231
f 1685/316/1685 5235/4913/5234 629/4910/629
f 1685/316/1685 2681/315/2681 5235/4913/5234
f 2681/315/2681 569/4867/569 5235/4913/5234
f 2678/303/2678 5238/4918/5237 566/4915/566
f 2678/303/2678 2740/313/2740 5238/4918/5237
f 2740/313/2740 628/4919/628 5238/4918/5237
f 1683/312/1683 5241/4925/5240 627/4922/627
f 1683/312/1683 2684/311/2684 5241/4925/5240
f 2684/311/2684 572/4879/572 5241/4925/5240
f 2680/299/2680 5244/4930/5243 568/4927/568
f 2680/299/2680 2738/309/2738 5244/4930/5243
f 2738/309/2738 626/4931/626 5244/4930/5243
f 1681/308/1681 5247/4937/5246 625/4934/625
f 1681/308/1681 2683/307/2683 5247/4937/5246
f 2683/307/2683 571/4891/571 5247/4937/5246
f 2679/270/2679 5250/4942/5249 567/4939/567
f 2679/270/2679 2736/305/2736 5250/4942/5249
f 2736/305/2736 624/4943/624 5250/4942/5249
f 1679/304/1679 5253/4949/5252 623/4946/623
f 1679/304/1679 2678/303/2678 5253/4949/5252
f 2678/303/2678 566/4915/566 5253/4949/5252
f 2676/295/2676 5256/4954/5255 564/4951/564
f 2676/295/2676 2734/301/2734 5256/4954/5255
f 2734/301/2734 622/4955/622 5256/4954/5255
f 1677/300/1677 5259/4961/5258 621/4958/621
f 1677/300/1677 2680/299/2680 5259/4961/5258
f 2680/299/2680 568/4927/568 5259/4961/5258
f 2677/267/2677 5262/4966/5261 565/4963/565
f 2677/267/2677 2732/297/2732 5262/4966/5261
f 2732/297/2732 620/4967/620 5262/4966/5261
f 1675/296/1675 5265/4973/5264 619/4970/619
f 1675/296/1675 2676/295/2676 5265/4973/5264
f 2676/295/2676 564/4951/564 5265/4973/5264
f 2675/264/2675 5268/4978/5267 563/4975/563
f 2675/264/2675 2730/293/2730 5268/4978/5267
f 2730/293/2730 618/4979/618 5268/4978/5267
f 2501/292/2501 5271/4985/5270 389/4982/389
f 2501/292/2501 2721/291/2721 5271/4985/5270
f 2721/291/2721 609/4436/609 5271/4985/5270
f 2502/289/2502 5274/4990/5273 390/4987/390
f 2502/289/2502 2712/288/2712 5274/4990/5273
f 2712/288/2712 600/4543/600 5274/4990/5273
f 2503/286/2503 5277/4995/5276 391/4992/391
f 2503/286/2503 2704/285/2704 5277/4995/5276
f 2704/285/2704 592/4639/592 5277/4995/5276
f 2504/283/2504 5280/5000/5279 392/4997/392
f 2504/283/2504 2697/282/2697 5280/5000/5279
f 2697/282/2697 585/4723/585 5280/5000/5279
f 2505/280/2505 5283/5005/5282 393/5002/393
f 2505/280/2505 2691/279/2691 5283/5005/5282
f 2691/279/2691 579/4795/579 5283/5005/5282
f 2506/277/2506 5286/5010/5285 394/5007/394
f 2506/277/2506 2686/276/2686 5286/5010/5285
f 2686/276/2686 574/4855/574 5286/5010/5285
f 2507/274/2507 5289/5015/5288 395/5012/395
f 2507/274/2507 2682/273/2682 5289/5015/5288
f 2682/273/2682 570/4903/570 5289/5015/5288
f 2508/271/2508 5292/5020/5291 396/5017/396
f 2508/271/2508 2679/270/2679 5292/5020/5291
f 2679/270/2679 567/4939/567 5292/5020/5291
f 2509/268/2509 5295/5025/5294 397/5022/397
f 2509/268/2509 2677/267/2677 5295/5025/5294
f 2677/267/2677 565/4963/565 5295/5025/5294
f 2449/265/2449 5298/5030/5297 337/5027/337
f 2449/265/2449 2675/264/2675 5298/5030/5297
f 2675/264/2675 563/4975/563 5298/5030/5297
f 1618/262/1618 5301/5035/5300 562/5032/562
f 1618/262/1618 1394/261/1394 5301/5035/5300
f 1394/261/1394 338/2199/338 5301/5035/5300
f 2555/220/2555 5304/5040/5303 443/5037/443
f 2555/220/2555 2673/259/2673 5304/5040/5303
f 2673/259/2673 561/5041/561 5304/5040/5303
f 1616/258/1616 5307/5047/5306 560/5044/560
f 1616/258/1616 1395/257/1395 5307/5047/5306
f 1395/257/1395 339/2194/339 5307/5047/5306
f 2564/216/2564 5310/5052/5309 452/5049/452
f 2564/216/2564 2671/255/2671 5310/5052/5309
f 2671/255/2671 559/5053/559 5310/5052/5309
f 1614/254/1614 5313/5059/5312 558/5056/558
f 1614/254/1614 1396/253/1396 5313/5059/5312
f 1396/253/1396 340/2189/340 5313/5059/5312
f 2563/212/2563 5316/5064/5315 451/5061/451
f 2563/212/2563 2669/251/2669 5316/5064/5315
f 2669/251/2669 557/5065/557 5316/5064/5315
f 1612/250/1612 5319/5071/5318 556/5068/556
f 1612/250/1612 1397/249/1397 5319/5071/5318
f 1397/249/1397 341/2184/341 5319/5071/5318
f 2562/208/2562 5322/5076/5321 450/5073/450
f 2562/208/2562 2667/247/2667 5322/5076/5321
f 2667/247/2667 555/5077/555 5322/5076/5321
f 1610/246/1610 5325/5083/5324 554/5080/554
f 1610/246/1610 1398/245/1398 5325/5083/5324
f 1398/245/1398 342/2179/342 5325/5083/5324
f 2561/204/2561 5328/5088/5327 449/5085/449
f 2561/204/2561 2665/243/2665 5328/5088/5327
f 2665/243/2665 553/5089/553 5328/5088/5327
f 1608/242/1608 5331/5095/5330 552/5092/552
f 1608/242/1608 1399/241/1399 5331/5095/5330
f 1399/241/1399 343/2174/343 5331/5095/5330
f 2560/200/2560 5334/5100/5333 448/5097/448
f 2560/200/2560 2663/239/2663 5334/5100/5333
f 2663/239/2663 551/5101/551 5334/5100/5333
f 1606/238/1606 5337/5107/5336 550/5104/550
f 1606/238/1606 1400/237/1400 5337/5107/5336
f 1400/237/1400 344/2169/344 5337/5107/5336
f 2559/196/2559 5340/5112/5339 447/5109/447
f 2559/196/2559 2661/235/2661 5340/5112/5339
f 2661/235/2661 549/5113/549 5340/5112/5339
f 1604/234/1604 5343/5119/5342 548/5116/548
f 1604/234/1604 1401/233/1401 5343/5119/5342
f 1401/233/1401 345/2164/345 5343/5119/5342
f 2558/192/2558 5346/5124/5345 446/5121/446
f 2558/192/2558 2659/231/2659 5346/5124/5345
f 2659/231/2659 547/5125/547 5346/5124/5345
f 1602/230/1602 5349/5131/5348 546/5128/546
f 1602/230/1602 1402/229/1402 5349/5131/5348
f 1402/229/1402 346/2159/346 5349/5131/5348
f 2557/188/2557 5352/5136/5351 445/5133/445
f 2557/188/2557 2657/227/2657 5352/5136/5351
f 2657/227/2657 545/5137/545 5352/5136/5351
f 1600/226/1600 5355/5143/5354 544/5140/544
f 1600/226/1600 1403/225/1403 5355/5143/5354
f 1403/225/1403 347/2154/347 5355/5143/5354
f 2556/3632/2556 5358/5148/5357 444/5145/444
f 2556/3632/2556 2655/3631/2655 5358/5148/5357
f 2655/3631/2655 543/5149/543 5358/5148/5357
f 1598/221/1598 5361/5155/5360 542/5152/542
f 1598/221/1598 2555/220/2555 5361/5155/5360
f 2555/220/2555 443/5037/443 5361/5155/5360
f 2546/182/2546 5364/5160/5363 434/5157/434
f 2546/182/2546 2653/218/2653 5364/5160/5363
f 2653/218/2653 541/5161/541 5364/5160/5363
f 1596/217/1596 5367/5167/5366 540/5164/540
f 1596/217/1596 2564/216/2564 5367/5167/5366
f 2564/216/2564 452/5049/452 5367/5167/5366
f 2554/178/2554 5370/5172/5369 442/5169/442
f 2554/178/2554 2651/214/2651 5370/5172/5369
f 2651/214/2651 539/5173/539 5370/5172/5369
f 1594/213/1594 5373/5179/5372 538/5176/538
f 1594/213/1594 2563/212/2563 5373/5179/5372
f 2563/212/2563 451/5061/451 5373/5179/5372
f 2553/174/2553 5376/5184/5375 441/5181/441
f 2553/174/2553 2649/210/2649 5376/5184/5375
f 2649/210/2649 537/5185/537 5376/5184/5375
f 1592/209/1592 5379/5191/5378 536/5188/536
f 1592/209/1592 2562/208/2562 5379/5191/5378
f 2562/208/2562 450/5073/450 5379/5191/5378
f 2552/170/2552 5382/5196/5381 440/5193/440
f 2552/170/2552 2647/206/2647 5382/5196/5381
f 2647/206/2647 535/5197/535 5382/5196/5381
f 1590/205/1590 5385/5203/5384 534/5200/534
f 1590/205/1590 2561/204/2561 5385/5203/5384
f 2561/204/2561 449/5085/449 5385/5203/5384
f 2551/166/2551 5388/5208/5387 439/5205/439
f 2551/166/2551 2645/202/2645 5388/5208/5387
f 2645/202/2645 533/5209/533 5388/5208/5387
f 1588/201/1588 5391/5215/5390 532/5212/532
f 1588/201/1588 2560/200/2560 5391/5215/5390
f 2560/200/2560 448/5097/448 5391/5215/5390
f 2550/162/2550 5394/5220/5393 438/5217/438
f 2550/162/2550 2643/198/2643 5394/5220/5393
f 2643/198/2643 531/5221/531 5394/5220/5393
f 1586/197/1586 5397/5227/5396 530/5224/530
f 1586/197/1586 2559/196/2559 5397/5227/5396
f 2559/196/2559 447/5109/447 5397/5227/5396
f 2549/158/2549 5400/5232/5399 437/5229/437
f 2549/158/2549 2641/194/2641 5400/5232/5399
f 2641/194/2641 529/5233/529 5400/5232/5399
f 1584/193/1584 5403/5239/5402 528/5236/528
f 1584/193/1584 2558/192/2558 5403/5239/5402
f 2558/192/2558 446/5121/446 5403/5239/5402
f 2548/154/2548 5406/5244/5405 436/5241/436
f 2548/154/2548 2639/190/2639 5406/5244/5405
f 2639/190/2639 527/5245/527 5406/5244/5405
f 1582/189/1582 5409/5251/5408 526/5248/526
f 1582/189/1582 2557/188/2557 5409/5251/5408
f 2557/188/2557 445/5133/445 5409/5251/5408
f 2547/754/2547 5412/5256/5411 435/5253/435
f 2547/754/2547 2637/753/2637 5412/5256/5411
f 2637/753/2637 525/5257/525 5412/5256/5411
f 1580/183/1580 5415/5263/5414 524/5260/524
f 1580/183/1580 2546/182/2546 5415/5263/5414
f 2546/182/2546 434/5157/434 5415/5263/5414
f 2538/149/2538 5418/5268/5417 426/5265/426
f 2538/149/2538 2635/180/2635 5418/5268/5417
f 2635/180/2635 523/5269/523 5418/5268/5417
f 1578/179/1578 5421/5275/5420 522/5272/522
f 1578/179/1578 2554/178/2554 5421/5275/5420
f 2554/178/2554 442/5169/442 5421/5275/5420
f 2545/145/2545 5424/5280/5423 433/5277/433
f 2545/145/2545 2633/176/2633 5424/5280/5423
f 2633/176/2633 521/5281/521 5424/5280/5423
f 1576/175/1576 5427/5287/5426 520/5284/520
f 1576/175/1576 2553/174/2553 5427/5287/5426
f 2553/174/2553 441/5181/441 5427/5287/5426
f 2544/141/2544 5430/5292/5429 432/5289/432
f 2544/141/2544 2631/172/2631 5430/5292/5429
f 2631/172/2631 519/5293/519 5430/5292/5429
f 1574/171/1574 5433/5299/5432 518/5296/518
f 1574/171/1574 2552/170/2552 5433/5299/5432
f 2552/170/2552 440/5193/440 5433/5299/5432
f 2543/137/2543 5436/5304/5435 431/5301/431
f 2543/137/2543 2629/168/2629 5436/5304/5435
f 2629/168/2629 517/5305/517 5436/5304/5435
f 1572/167/1572 5439/5311/5438 516/5308/516
f 1572/167/1572 2551/166/2551 5439/5311/5438
f 2551/166/2551 439/5205/439 5439/5311/5438
f 2542/133/2542 5442/5316/5441 430/5313/430
f 2542/133/2542 2627/164/2627 5442/5316/5441
f 2627/164/2627 515/5317/515 5442/5316/5441
f 1570/163/1570 5445/5323/5444 514/5320/514
f 1570/163/1570 2550/162/2550 5445/5323/5444
f 2550/162/2550 438/5217/438 5445/5323/5444
f 2541/129/2541 5448/5328/5447 429/5325/429
f 2541/129/2541 2625/160/2625 5448/5328/5447
f 2625/160/2625 513/5329/513 5448/5328/5447
f 1568/159/1568 5451/5335/5450 512/5332/512
f 1568/159/1568 2549/158/2549 5451/5335/5450
f 2549/158/2549 437/5229/437 5451/5335/5450
f 2540/125/2540 5454/5340/5453 428/5337/428
f 2540/125/2540 2623/156/2623 5454/5340/5453
f 2623/156/2623 511/5341/511 5454/5340/5453
f 1566/155/1566 5457/5347/5456 510/5344/510
f 1566/155/1566 2548/154/2548 5457/5347/5456
f 2548/154/2548 436/5241/436 5457/5347/5456
f 2539/3665/2539 5460/5352/5459 427/5349/427
f 2539/3665/2539 2621/5797/2621 5460/5352/5459
f 2621/5797/2621 509/5353/509 5460/5352/5459
f 1564/150/1564 5463/5359/5462 508/5356/508
f 1564/150/1564 2538/149/2538 5463/5359/5462
f 2538/149/2538 426/5265/426 5463/5359/5462
f 2531/120/2531 5466/5364/5465 419/5361/419
f 2531/120/2531 2619/147/2619 5466/5364/5465
f 2619/147/2619 507/5365/507 5466/5364/5465
f 1562/146/1562 5469/5371/5468 506/5368/506
f 1562/146/1562 2545/145/2545 5469/5371/5468
f 2545/145/2545 433/5277/433 5469/5371/5468
f 2537/116/2537 5472/5376/5471 425/5373/425
f 2537/116/2537 2617/143/2617 5472/5376/5471
f 2617/143/2617 505/5377/505 5472/5376/5471
f 1560/142/1560 5475/5383/5474 504/5380/504
f 1560/142/1560 2544/141/2544 5475/5383/5474
f 2544/141/2544 432/5289/432 5475/5383/5474
f 2536/112/2536 5478/5388/5477 424/5385/424
f 2536/112/2536 2615/139/2615 5478/5388/5477
f 2615/139/2615 503/5389/503 5478/5388/5477
f 1558/138/1558 5481/5395/5480 502/5392/502
f 1558/138/1558 2543/137/2543 5481/5395/5480
f 2543/137/2543 431/5301/431 5481/5395/5480
f 2535/108/2535 5484/5400/5483 423/5397/423
f 2535/108/2535 2613/135/2613 5484/5400/5483
f 2613/135/2613 501/5401/501 5484/5400/5483
f 1556/134/1556 5487/5407/5486 500/5404/500
f 1556/134/1556 2542/133/2542 5487/5407/5486
f 2542/133/2542 430/5313/430 5487/5407/5486
f 2534/104/2534 5490/5412/5489 422/5409/422
f 2534/104/2534 2611/131/2611 5490/5412/5489
f 2611/131/2611 499/5413/499 5490/5412/5489
f 1554/130/1554 5493/5419/5492 498/5416/498
f 1554/130/1554 2541/129/2541 5493/5419/5492
f 2541/129/2541 429/5325/429 5493/5419/5492
f 2533/100/2533 5496/5424/5495 421/5421/421
f 2533/100/2533 2609/127/2609 5496/5424/5495
f 2609/127/2609 497/5425/497 5496/5424/5495
f 1552/126/1552 5499/5431/5498 496/5428/496
f 1552/126/1552 2540/125/2540 5499/5431/5498
f 2540/125/2540 428/5337/428 5499/5431/5498
f 2532/762/2532 5502/5436/5501 420/5433/420
f 2532/762/2532 2607/3677/2607 5502/5436/5501
f 2607/3677/2607 495/5437/495 5502/5436/5501
f 1550/121/1550 5505/5443/5504 494/5440/494
f 1550/121/1550 2531/120/2531 5505/5443/5504
f 2531/120/2531 419/5361/419 5505/5443/5504
f 2525/95/2525 5508/5448/5507 413/5445/413
f 2525/95/2525 2605/118/2605 5508/5448/5507
f 2605/118/2605 493/5449/493 5508/5448/5507
f 1548/117/1548 5511/5455/5510 492/5452/492
f 1548/117/1548 2537/116/2537 5511/5455/5510
f 2537/116/2537 425/5373/425 5511/5455/5510
f 2530/91/2530 5514/5460/5513 418/5457/418
f 2530/91/2530 2603/114/2603 5514/5460/5513
f 2603/114/2603 491/5461/491 5514/5460/5513
f 1546/113/1546 5517/5467/5516 490/5464/490
f 1546/113/1546 2536/112/2536 5517/5467/5516
f 2536/112/2536 424/5385/424 5517/5467/5516
f 2529/87/2529 5520/5472/5519 417/5469/417
f 2529/87/2529 2601/110/2601 5520/5472/5519
f 2601/110/2601 489/5473/489 5520/5472/5519
f 1544/109/1544 5523/5479/5522 488/5476/488
f 1544/109/1544 2535/108/2535 5523/5479/5522
f 2535/108/2535 423/5397/423 5523/5479/5522
f 2528/83/2528 5526/5484/5525 416/5481/416
f 2528/83/2528 2599/106/2599 5526/5484/5525
f 2599/106/2599 487/5485/487 5526/5484/5525
f 1542/105/1542 5529/5491/5528 486/5488/486
f 1542/105/1542 2534/104/2534 5529/5491/5528
f 2534/104/2534 422/5409/422 5529/5491/5528
f 2527/79/2527 5532/5496/5531 415/5493/415
f 2527/79/2527 2597/102/2597 5532/5496/5531
f 2597/102/2597 485/5497/485 5532/5496/5531
f 1540/101/1540 5535/5503/5534 484/5500/484
f 1540/101/1540 2533/100/2533 5535/5503/5534
f 2533/100/2533 421/5421/421 5535/5503/5534
f 2526/5888/2526 5538/5508/5537 414/5505/414
f 2526/5888/2526 2595/3687/2595 5538/5508/5537
f 2595/3687/2595 483/5509/483 5538/5508/5537
f 1538/96/1538 5541/5515/5540 482/5512/482
f 1538/96/1538 2525/95/2525 5541/5515/5540
f 2525/95/2525 413/5445/413 5541/5515/5540
f 2520/74/2520 5544/5520/5543 408/5517/408
f 2520/74/2520 2593/93/2593 5544/5520/5543
f 2593/93/2593 481/5521/481 5544/5520/5543
f 1536/92/1536 5547/5527/5546 480/5524/480
f 1536/92/1536 2530/91/2530 5547/5527/5546
f 2530/91/2530 418/5457/418 5547/5527/5546
f 2524/70/2524 5550/5532/5549 412/5529/412
f 2524/70/2524 2591/89/2591 5550/5532/5549
f 2591/89/2591 479/5533/479 5550/5532/5549
f 1534/88/1534 5553/5539/5552 478/5536/478
f 1534/88/1534 2529/87/2529 5553/5539/5552
f 2529/87/2529 417/5469/417 5553/5539/5552
f 2523/66/2523 5556/5544/5555 411/5541/411
f 2523/66/2523 2589/85/2589 5556/5544/5555
f 2589/85/2589 477/5545/477 5556/5544/5555
f 1532/84/1532 5559/5551/5558 476/5548/476
f 1532/84/1532 2528/83/2528 5559/5551/5558
f 2528/83/2528 416/5481/416 5559/5551/5558
f 2522/62/2522 5562/5556/5561 410/5553/410
f 2522/62/2522 2587/81/2587 5562/5556/5561
f 2587/81/2587 475/5557/475 5562/5556/5561
f 1530/80/1530 5565/5563/5564 474/5560/474
f 1530/80/1530 2527/79/2527 5565/5563/5564
f 2527/79/2527 415/5493/415 5565/5563/5564
f 2521/1473/2521 5568/5568/5567 409/5565/409
f 2521/1473/2521 2585/1472/2585 5568/5568/5567
f 2585/1472/2585 473/5569/473 5568/5568/5567
f 1528/75/1528 5571/5575/5570 472/5572/472
f 1528/75/1528 2520/74/2520 5571/5575/5570
f 2520/74/2520 408/5517/408 5571/5575/5570
f 2516/57/2516 5574/5580/5573 404/5577/404
f 2516/57/2516 2583/72/2583 5574/5580/5573
f 2583/72/2583 471/5581/471 5574/5580/5573
f 1526/71/1526 5577/5587/5576 470/5584/470
f 1526/71/1526 2524/70/2524 5577/5587/5576
f 2524/70/2524 412/5529/412 5577/5587/5576
f 2519/53/2519 5580/5592/5579 407/5589/407
f 2519/53/2519 2581/68/2581 5580/5592/5579
f 2581/68/2581 469/5593/469 5580/5592/5579
f 1524/67/1524 5583/5599/5582 468/5596/468
f 1524/67/1524 2523/66/2523 5583/5599/5582
f 2523/66/2523 411/5541/411 5583/5599/5582
f 2518/49/2518 5586/5604/5585 406/5601/406
f 2518/49/2518 2579/64/2579 5586/5604/5585
f 2579/64/2579 467/5605/467 5586/5604/5585
f 1522/63/1522 5589/5611/5588 466/5608/466
f 1522/63/1522 2522/62/2522 5589/5611/5588
f 2522/62/2522 410/5553/410 5589/5611/5588
f 2517/2936/2517 5592/5616/5591 405/5613/405
f 2517/2936/2517 2577/2935/2577 5592/5616/5591
f 2577/2935/2577 465/5617/465 5592/5616/5591
f 1520/58/1520 5595/5623/5594 464/5620/464
f 1520/58/1520 2516/57/2516 5595/5623/5594
f 2516/57/2516 404/5577/404 5595/5623/5594
f 2513/45/2513 5598/5628/5597 401/5625/401
f 2513/45/2513 2575/55/2575 5598/5628/5597
f 2575/55/2575 463/5629/463 5598/5628/5597
f 1518/54/1518 5601/5635/5600 462/5632/462
f 1518/54/1518 2519/53/2519 5601/5635/5600
f 2519/53/2519 407/5589/407 5601/5635/5600
f 2515/41/2515 5604/5640/5603 403/5637/403
f 2515/41/2515 2573/51/2573 5604/5640/5603
f 2573/51/2573 461/5641/461 5604/5640/5603
f 1516/50/1516 5607/5647/5606 460/5644/460
f 1516/50/1516 2518/49/2518 5607/5647/5606
f 2518/49/2518 406/5601/406 5607/5647/5606
f 2514/5871/2514 5610/5652/5609 402/5649/402
f 2514/5871/2514 2571/3732/2571 5610/5652/5609
f 2571/3732/2571 459/5653/459 5610/5652/5609
f 1514/46/1514 5613/5659/5612 458/5656/458
f 1514/46/1514 2513/45/2513 5613/5659/5612
f 2513/45/2513 401/5625/401 5613/5659/5612
f 2511/35/2511 5616/5664/5615 399/5661/399
f 2511/35/2511 2569/43/2569 5616/5664/5615
f 2569/43/2569 457/5665/457 5616/5664/5615
f 1512/42/1512 5619/5671/5618 456/5668/456
f 1512/42/1512 2515/41/2515 5619/5671/5618
f 2515/41/2515 403/5637/403 5619/5671/5618
f 2512/2922/2512 5622/5676/5621 400/5673/400
f 2512/2922/2512 2567/5785/2567 5622/5676/5621
f 2567/5785/2567 455/5677/455 5622/5676/5621
f 1510/36/1510 5625/5683/5624 454/5680/454
f 1510/36/1510 2511/35/2511 5625/5683/5624
f 2511/35/2511 399/5661/399 5625/5683/5624
f 2510/991/2510 5628/5688/5627 398/5685/398
f 2510/991/2510 2565/1461/2565 5628/5688/5627
f 2565/1461/2565 453/5689/453 5628/5688/5627
f 5822/1010/5821 1772/1012/1772 5821/5692/5820
f 5903/1224/5902 3532/5762/3532 3531/1225/3531
f 2556/3632/2556 444/5145/444 5631/3/5630
f 5819/5693/5818 1771/5852/1771 5818/5695/5817
f 5903/1224/5902 2433/1226/2433 5902/5913/5901
f 2547/754/2547 435/5253/435 5634/1484/5633
f 5816/5698/5815 4983/2284/4982 5815/2283/5814
f 5902/5913/5901 2432/1229/2432 5901/1228/5900
f 2539/3665/2539 427/5349/427 5637/3666/5636
f 5813/5701/5812 1768/4419/1768 4990/5703/4989
f 5901/1228/5900 3538/1230/3538 5900/5915/5899
f 2532/762/2532 420/5433/420 5640/5792/5639
f 5810/5914/5809 1767/5704/1767 1766/4429/1766
f 5900/5915/5899 3537/1566/3537 5899/5916/5898
f 2526/5888/2526 414/5505/414 5643/3698/5642
f 5808/1232/5807 1765/1234/1765 5807/2258/5806
f 5899/5916/5898 2431/1237/2431 5898/1236/5897
f 2521/1473/2521 409/5565/409 5646/979/5645
f 5805/5711/5804 5664/5732/5663 5804/5713/5803
f 5898/1236/5897 2430/1238/2430 5897/5918/5896
f 2517/2936/2517 405/5613/405 5649/5787/5648
f 5802/5917/5801 4582/5714/4582 4581/3629/4581
f 5897/5918/5896 3544/5919/3544 5896/5920/5895
f 2514/5871/2514 402/5649/402 5652/4333/5651
f 5799/1240/5798 1947/1242/1947 4588/2234/4588
f 5896/5920/5895 3543/1577/3543 5895/5853/5894
f 2512/2922/2512 400/5673/400 5655/2923/5654
f 5718/5721/5717 5719/5774/5718 3868/5784/3868
f 5704/5771/5703 3891/2270/3891 5703/5755/5702
f 2510/991/2510 398/5685/398 5658/992/5657
f 5824/1244/5823 1774/1246/1774 4972/5854/4971
f 5904/5761/5903 2434/1549/2434 3532/5762/3532
f 1388/2975/1388 332/5726/332 5661/3028/5660
f 2500/2247/2500 5664/5732/5663 388/5729/388
f 5766/5921/5765 5668/5724/5667 5765/5723/5764
f 5720/5775/5719 5721/5733/5720 2278/5790/2278
f 2460/512/2460 5667/1253/5666 348/5735/348
f 5767/1248/5766 1929/1250/1929 5766/5921/5765
f 5723/5769/5722 5679/5796/5678 2470/5740/2470
f 2470/5740/2470 5670/5739/5669 358/5741/358
f 5768/5922/5767 1930/1249/1930 5767/1248/5766
f 5905/5842/5904 5906/5763/5905 2435/5843/2435
f 2480/33/2480 5673/6/5672 368/5746/368
f 5769/5923/5768 4635/3730/4635 5768/5922/5767
f 5828/5848/5827 5829/1006/5828 1776/4374/1776
f 1388/2975/1388 5676/746/5675 332/5726/332
f 5764/1252/5763 2460/512/2460 5680/511/5679
f 5704/5771/5703 5705/5758/5704 2269/2265/2269
