# Blender 4.4.3
# www.blender.org
o Dunes_city
v -0.130000 0.330000 0.074019
v -0.170000 0.330000 0.074019
v -0.170000 0.370000 0.074019
v -0.130000 0.370000 0.074019
v -0.170000 0.330000 -0.010801
v -0.130000 0.330000 -0.010801
v -0.170000 0.370000 -0.010801
v -0.130000 0.370000 -0.010801
v 0.670000 -0.170000 -0.030644
v 0.660403 -0.166581 0.024170
v 0.630000 -0.170000 -0.030644
v 0.639597 -0.166581 0.024170
v 0.670000 -0.130000 -0.030644
v 0.660403 -0.133419 0.024170
v 0.630000 -0.130000 -0.030644
v 0.639597 -0.133419 0.024170
v 0.670000 -0.170000 0.009605
v 0.630000 -0.170000 0.009605
v 0.630000 -0.130000 0.009605
v 0.670000 -0.130000 0.009605
v 0.663424 -0.170000 -0.000368
v 0.663424 -0.170000 0.005964
v 0.636576 -0.170000 0.005964
v 0.636576 -0.170000 -0.000368
v 0.630000 -0.163424 -0.000368
v 0.630000 -0.136576 0.005964
v 0.630000 -0.136576 -0.000368
v 0.636576 -0.130000 -0.000368
v 0.636576 -0.130000 0.005964
v 0.670000 -0.136576 -0.000368
v 0.648082 -0.170000 -0.000368
v 0.655753 -0.170000 -0.000368
v 0.648082 -0.170000 0.005964
v 0.630000 -0.144247 -0.000368
v 0.630000 -0.155753 -0.000368
v 0.630000 -0.155753 0.005964
v 0.651918 -0.130000 -0.000368
v 0.644247 -0.130000 -0.000368
v 0.670000 -0.151918 -0.000368
v 0.670000 -0.144247 -0.000368
v 0.640411 -0.170000 -0.000368
v 0.659589 -0.170000 -0.000368
v 0.659589 -0.170000 0.005964
v 0.655753 -0.170000 0.005964
v 0.651918 -0.170000 0.005964
v 0.648082 -0.170000 0.005964
v 0.644247 -0.170000 0.005964
v 0.640411 -0.170000 0.005964
v 0.630000 -0.140411 -0.000368
v 0.630000 -0.159589 -0.000368
v 0.630000 -0.159589 0.005964
v 0.630000 -0.155753 0.005964
v 0.630000 -0.151918 0.005964
v 0.630000 -0.148082 0.005964
v 0.630000 -0.144247 0.005964
v 0.630000 -0.140411 0.005964
v 0.659589 -0.130000 -0.000368
v 0.640411 -0.130000 -0.000368
v 0.640411 -0.130000 0.005964
v 0.644247 -0.130000 0.005964
v 0.648082 -0.130000 0.005964
v 0.651918 -0.130000 0.005964
v 0.655753 -0.130000 0.005964
v 0.659589 -0.130000 0.005964
v 0.670000 -0.159589 -0.000368
v 0.670000 -0.140411 -0.000368
v 0.670000 -0.140411 0.005964
v 0.670000 -0.144247 0.005964
v 0.670000 -0.148082 0.005964
v 0.670000 -0.151918 0.005964
v 0.670000 -0.155753 0.005964
v 0.670000 -0.159589 0.005964
v 0.180000 0.520000 0.090264
v 0.220000 0.520000 0.090264
v 0.220000 0.480000 0.090264
v 0.180000 0.480000 0.090264
v 0.220000 0.520000 0.005445
v 0.180000 0.520000 0.005445
v 0.220000 0.480000 0.005445
v 0.180000 0.480000 0.005445
v -0.080000 0.330000 -0.006938
v -0.089597 0.333419 0.047877
v -0.120000 0.330000 -0.006938
v -0.110403 0.333419 0.047877
v -0.080000 0.370000 -0.006938
v -0.089597 0.366581 0.047877
v -0.120000 0.370000 -0.006938
v -0.110403 0.366581 0.047877
v -0.080000 0.330000 0.033312
v -0.120000 0.330000 0.033312
v -0.120000 0.370000 0.033312
v -0.080000 0.370000 0.033312
v -0.113424 0.330000 0.029670
v -0.120000 0.336576 0.023339
v -0.120000 0.363424 0.029670
v -0.113424 0.370000 0.029670
v -0.086576 0.370000 0.023339
v -0.080000 0.336576 0.029670
v -0.080000 0.336576 0.023339
v -0.101918 0.330000 0.023339
v -0.098082 0.330000 0.023339
v -0.094247 0.330000 0.023339
v -0.090411 0.370000 0.023339
v -0.094247 0.370000 0.023339
v -0.098082 0.370000 0.023339
v -0.101918 0.370000 0.023339
v -0.105753 0.370000 0.029670
v -0.080000 0.348082 0.023339
v -0.080000 0.351918 0.023339
v -0.080000 0.355753 0.023339
v -0.080000 0.359589 0.023339
v -0.109589 0.330000 0.023339
v -0.090411 0.330000 0.023339
v -0.090411 0.330000 0.029670
v -0.094247 0.330000 0.029670
v -0.098082 0.330000 0.029670
v -0.101918 0.330000 0.029670
v -0.105753 0.330000 0.029670
v -0.109589 0.330000 0.029670
v -0.120000 0.359589 0.023339
v -0.120000 0.340411 0.023339
v -0.120000 0.340411 0.029670
v -0.120000 0.344247 0.029670
v -0.120000 0.348082 0.029670
v -0.120000 0.351918 0.029670
v -0.120000 0.355753 0.029670
v -0.120000 0.359589 0.029670
v -0.090411 0.370000 0.023339
v -0.109589 0.370000 0.023339
v -0.109589 0.370000 0.029670
v -0.105753 0.370000 0.029670
v -0.101918 0.370000 0.029670
v -0.098082 0.370000 0.029670
v -0.094247 0.370000 0.029670
v -0.090411 0.370000 0.029670
v -0.080000 0.340411 0.023339
v -0.080000 0.359589 0.023339
v -0.080000 0.359589 0.029670
v -0.080000 0.355753 0.029670
v -0.080000 0.351918 0.029670
v -0.080000 0.348082 0.029670
v -0.080000 0.344247 0.029670
v -0.080000 0.340411 0.029670
v -0.430000 -0.330000 -0.023093
v -0.433419 -0.339597 0.031721
v -0.430000 -0.370000 -0.023093
v -0.433419 -0.360403 0.031721
v -0.470000 -0.330000 -0.023093
v -0.466581 -0.339597 0.031721
v -0.470000 -0.370000 -0.023093
v -0.466581 -0.360403 0.031721
v -0.430000 -0.330000 0.017156
v -0.430000 -0.370000 0.017156
v -0.470000 -0.370000 0.017156
v -0.470000 -0.330000 0.017156
v -0.430000 -0.336576 0.013515
v -0.436576 -0.370000 0.007183
v -0.436576 -0.370000 0.013515
v -0.463424 -0.370000 0.007183
v -0.470000 -0.363424 0.013515
v -0.470000 -0.336576 0.007183
v -0.463424 -0.330000 0.013515
v -0.430000 -0.355753 0.007183
v -0.430000 -0.351918 0.007183
v -0.430000 -0.348082 0.007183
v -0.430000 -0.344247 0.007183
v -0.430000 -0.340411 0.007183
v -0.459589 -0.370000 0.007183
v -0.455753 -0.370000 0.007183
v -0.451918 -0.370000 0.007183
v -0.448082 -0.370000 0.007183
v -0.444247 -0.370000 0.013515
v -0.470000 -0.340411 0.007183
v -0.470000 -0.344247 0.007183
v -0.470000 -0.348082 0.007183
v -0.470000 -0.351918 0.007183
v -0.470000 -0.355753 0.007183
v -0.470000 -0.359589 0.007183
v -0.448082 -0.330000 0.007183
v -0.455753 -0.330000 0.007183
v -0.459589 -0.330000 0.007183
v -0.430000 -0.359589 0.007183
v -0.430000 -0.340411 0.007183
v -0.430000 -0.340411 0.013515
v -0.430000 -0.344247 0.013515
v -0.430000 -0.348082 0.013515
v -0.430000 -0.351918 0.013515
v -0.430000 -0.355753 0.013515
v -0.430000 -0.359589 0.013515
v -0.459589 -0.370000 0.007183
v -0.440411 -0.370000 0.007183
v -0.440411 -0.370000 0.013515
v -0.444247 -0.370000 0.013515
v -0.448082 -0.370000 0.013515
v -0.451918 -0.370000 0.013515
v -0.455753 -0.370000 0.013515
v -0.459589 -0.370000 0.013515
v -0.470000 -0.340411 0.007183
v -0.470000 -0.359589 0.007183
v -0.470000 -0.359589 0.013515
v -0.470000 -0.355753 0.013515
v -0.470000 -0.351918 0.013515
v -0.470000 -0.348082 0.013515
v -0.470000 -0.344247 0.013515
v -0.470000 -0.340411 0.013515
v -0.440411 -0.330000 0.007183
v -0.459589 -0.330000 0.007183
v -0.459589 -0.330000 0.013515
v -0.455753 -0.330000 0.013515
v -0.451918 -0.330000 0.013515
v -0.448082 -0.330000 0.013515
v -0.444247 -0.330000 0.013515
v -0.440411 -0.330000 0.013515
v 0.070000 0.630000 0.009321
v 0.060403 0.633419 0.064135
v 0.030000 0.630000 0.009321
v 0.039597 0.633419 0.064135
v 0.070000 0.670000 0.009321
v 0.060403 0.666581 0.064135
v 0.030000 0.670000 0.009321
v 0.039597 0.666581 0.064135
v 0.070000 0.630000 0.049571
v 0.030000 0.630000 0.049571
v 0.030000 0.670000 0.049571
v 0.070000 0.670000 0.049571
v 0.063424 0.630000 0.045929
v 0.036576 0.630000 0.039597
v 0.030000 0.636576 0.039597
v 0.030000 0.663424 0.039597
v 0.036576 0.670000 0.045929
v 0.063424 0.670000 0.039597
v 0.070000 0.663424 0.039597
v 0.070000 0.636576 0.045929
v 0.048082 0.630000 0.039597
v 0.051918 0.630000 0.039597
v 0.055753 0.630000 0.045929
v 0.030000 0.659589 0.039597
v 0.055753 0.670000 0.039597
v 0.044247 0.670000 0.039597
v 0.040411 0.670000 0.039597
v 0.040411 0.630000 0.039597
v 0.059589 0.630000 0.039597
v 0.059589 0.630000 0.045929
v 0.055753 0.630000 0.045929
v 0.051918 0.630000 0.045929
v 0.048082 0.630000 0.045929
v 0.044247 0.630000 0.045929
v 0.040411 0.630000 0.045929
v 0.030000 0.659589 0.039597
v 0.030000 0.640411 0.039597
v 0.030000 0.640411 0.045929
v 0.030000 0.644247 0.045929
v 0.030000 0.648082 0.045929
v 0.030000 0.651918 0.045929
v 0.030000 0.655753 0.045929
v 0.030000 0.659589 0.045929
v 0.059589 0.670000 0.039597
v 0.040411 0.670000 0.039597
v 0.040411 0.670000 0.045929
v 0.044247 0.670000 0.045929
v 0.048082 0.670000 0.045929
v 0.051918 0.670000 0.045929
v 0.055753 0.670000 0.045929
v 0.059589 0.670000 0.045929
v 0.070000 0.640411 0.039597
v 0.070000 0.659589 0.039597
v 0.070000 0.659589 0.045929
v 0.070000 0.655753 0.045929
v 0.070000 0.651918 0.045929
v 0.070000 0.648082 0.045929
v 0.070000 0.644247 0.045929
v 0.070000 0.640411 0.045929
v -0.180000 -0.170000 0.040316
v -0.220000 -0.170000 0.040316
v -0.220000 -0.130000 0.040316
v -0.180000 -0.130000 0.040316
v -0.220000 -0.170000 -0.044504
v -0.180000 -0.170000 -0.044504
v -0.220000 -0.130000 -0.044504
v -0.180000 -0.130000 -0.044504
v -0.070000 0.320000 -0.009367
v -0.060403 0.316581 0.045447
v -0.030000 0.320000 -0.009367
v -0.039597 0.316581 0.045447
v -0.070000 0.280000 -0.009367
v -0.060403 0.283419 0.045447
v -0.030000 0.280000 -0.009367
v -0.039597 0.283419 0.045447
v -0.070000 0.320000 0.030883
v -0.030000 0.320000 0.030883
v -0.030000 0.280000 0.030883
v -0.070000 0.280000 0.030883
v -0.063424 0.320000 0.027241
v -0.030000 0.313424 0.027241
v -0.030000 0.286576 0.027241
v -0.036576 0.280000 0.020909
v -0.070000 0.286576 0.027241
v -0.070000 0.313424 0.020909
v -0.048082 0.320000 0.020909
v -0.055753 0.320000 0.020909
v -0.030000 0.290411 0.020909
v -0.030000 0.294247 0.020909
v -0.030000 0.298082 0.020909
v -0.044247 0.280000 0.020909
v -0.040411 0.280000 0.020909
v -0.070000 0.309589 0.020909
v -0.070000 0.305753 0.020909
v -0.070000 0.301918 0.020909
v -0.070000 0.298082 0.020909
v -0.070000 0.294247 0.020909
v -0.070000 0.290411 0.020909
v -0.040411 0.320000 0.020909
v -0.059589 0.320000 0.020909
v -0.059589 0.320000 0.027241
v -0.055753 0.320000 0.027241
v -0.051918 0.320000 0.027241
v -0.048082 0.320000 0.027241
v -0.044247 0.320000 0.027241
v -0.040411 0.320000 0.027241
v -0.030000 0.290411 0.020909
v -0.030000 0.309589 0.020909
v -0.030000 0.309589 0.027241
v -0.030000 0.305753 0.027241
v -0.030000 0.301918 0.027241
v -0.030000 0.298082 0.027241
v -0.030000 0.294247 0.027241
v -0.030000 0.290411 0.027241
v -0.059589 0.280000 0.020909
v -0.040411 0.280000 0.020909
v -0.040411 0.280000 0.027241
v -0.044247 0.280000 0.027241
v -0.048082 0.280000 0.027241
v -0.051918 0.280000 0.027241
v -0.055753 0.280000 0.027241
v -0.059589 0.280000 0.027241
v -0.070000 0.309589 0.020909
v -0.070000 0.290411 0.020909
v -0.070000 0.290411 0.027241
v -0.070000 0.294247 0.027241
v -0.070000 0.298082 0.027241
v -0.070000 0.301918 0.027241
v -0.070000 0.305753 0.027241
v -0.070000 0.309589 0.027241
v -0.420000 -0.270000 0.032305
v -0.420000 -0.230000 0.032305
v -0.380000 -0.230000 0.032305
v -0.380000 -0.270000 0.032305
v -0.420000 -0.230000 -0.052515
v -0.420000 -0.270000 -0.052515
v -0.380000 -0.230000 -0.052515
v -0.380000 -0.270000 -0.052515
v 0.330000 -0.520000 0.056436
v 0.330000 -0.480000 0.056436
v 0.370000 -0.480000 0.056436
v 0.370000 -0.520000 0.056436
v 0.330000 -0.480000 -0.028384
v 0.330000 -0.520000 -0.028384
v 0.370000 -0.480000 -0.028384
v 0.370000 -0.520000 -0.028384
v -0.430000 -0.220000 -0.028206
v -0.439597 -0.216581 0.026608
v -0.470000 -0.220000 -0.028206
v -0.460403 -0.216581 0.026608
v -0.430000 -0.180000 -0.028206
v -0.439597 -0.183419 0.026608
v -0.470000 -0.180000 -0.028206
v -0.460403 -0.183419 0.026608
v -0.430000 -0.220000 0.012043
v -0.470000 -0.220000 0.012043
v -0.470000 -0.180000 0.012043
v -0.430000 -0.180000 0.012043
v -0.436576 -0.220000 0.008402
v -0.463424 -0.220000 0.002070
v -0.470000 -0.213424 0.002070
v -0.470000 -0.186576 0.002070
v -0.463424 -0.180000 0.002070
v -0.436576 -0.180000 0.002070
v -0.430000 -0.186576 0.002070
v -0.430000 -0.213424 0.002070
v -0.455753 -0.220000 0.002070
v -0.448082 -0.220000 0.002070
v -0.444247 -0.220000 0.002070
v -0.440411 -0.220000 0.002070
v -0.470000 -0.190411 0.002070
v -0.470000 -0.194247 0.002070
v -0.470000 -0.198082 0.002070
v -0.444247 -0.180000 0.002070
v -0.455753 -0.180000 0.002070
v -0.459589 -0.180000 0.002070
v -0.430000 -0.209589 0.002070
v -0.430000 -0.194247 0.002070
v -0.430000 -0.194247 0.008402
v -0.459589 -0.220000 0.002070
v -0.440411 -0.220000 0.002070
v -0.440411 -0.220000 0.008402
v -0.444247 -0.220000 0.008402
v -0.448082 -0.220000 0.008402
v -0.451918 -0.220000 0.008402
v -0.455753 -0.220000 0.008402
v -0.459589 -0.220000 0.008402
v -0.470000 -0.190411 0.002070
v -0.470000 -0.209589 0.002070
v -0.470000 -0.209589 0.008402
v -0.470000 -0.205753 0.008402
v -0.470000 -0.201918 0.008402
v -0.470000 -0.198082 0.008402
v -0.470000 -0.194247 0.008402
v -0.470000 -0.190411 0.008402
v -0.440411 -0.180000 0.002070
v -0.459589 -0.180000 0.002070
v -0.459589 -0.180000 0.008402
v -0.455753 -0.180000 0.008402
v -0.451918 -0.180000 0.008402
v -0.448082 -0.180000 0.008402
v -0.444247 -0.180000 0.008402
v -0.440411 -0.180000 0.008402
v -0.430000 -0.209589 0.002070
v -0.430000 -0.190411 0.002070
v -0.430000 -0.190411 0.008402
v -0.430000 -0.194247 0.008402
v -0.430000 -0.198082 0.008402
v -0.430000 -0.201918 0.008402
v -0.430000 -0.205753 0.008402
v -0.430000 -0.209589 0.008402
v -0.170000 -0.370000 -0.069884
v -0.166581 -0.360403 -0.015070
v -0.170000 -0.330000 -0.069884
v -0.166581 -0.339597 -0.015070
v -0.130000 -0.370000 -0.069884
v -0.133419 -0.360403 -0.015070
v -0.130000 -0.330000 -0.069884
v -0.133419 -0.339597 -0.015070
v -0.170000 -0.370000 -0.029634
v -0.170000 -0.330000 -0.029634
v -0.130000 -0.330000 -0.029634
v -0.130000 -0.370000 -0.029634
v -0.170000 -0.363424 -0.033276
v -0.170000 -0.336576 -0.039608
v -0.163424 -0.330000 -0.039608
v -0.130000 -0.336576 -0.033276
v -0.130000 -0.363424 -0.039608
v -0.136576 -0.370000 -0.033276
v -0.163424 -0.370000 -0.033276
v -0.163424 -0.370000 -0.039608
v -0.170000 -0.340411 -0.039608
v -0.170000 -0.344247 -0.039608
v -0.170000 -0.359589 -0.039608
v -0.170000 -0.348082 -0.033276
v -0.144247 -0.330000 -0.039608
v -0.155753 -0.330000 -0.039608
v -0.155753 -0.330000 -0.033276
v -0.144247 -0.330000 -0.033276
v -0.130000 -0.359589 -0.039608
v -0.130000 -0.355753 -0.039608
v -0.130000 -0.348082 -0.039608
v -0.130000 -0.351918 -0.033276
v -0.151918 -0.370000 -0.039608
v -0.144247 -0.370000 -0.039608
v -0.151918 -0.370000 -0.033276
v -0.170000 -0.340411 -0.039608
v -0.170000 -0.359589 -0.039608
v -0.170000 -0.359589 -0.033276
v -0.170000 -0.355753 -0.033276
v -0.170000 -0.351918 -0.033276
v -0.170000 -0.348082 -0.033276
v -0.170000 -0.344247 -0.033276
v -0.170000 -0.340411 -0.033276
v -0.140411 -0.330000 -0.039608
v -0.159589 -0.330000 -0.039608
v -0.159589 -0.330000 -0.033276
v -0.155753 -0.330000 -0.033276
v -0.151918 -0.330000 -0.033276
v -0.148082 -0.330000 -0.033276
v -0.144247 -0.330000 -0.033276
v -0.140411 -0.330000 -0.033276
v -0.130000 -0.359589 -0.039608
v -0.130000 -0.340411 -0.039608
v -0.130000 -0.340411 -0.033276
v -0.130000 -0.344247 -0.033276
v -0.130000 -0.348082 -0.033276
v -0.130000 -0.351918 -0.033276
v -0.130000 -0.355753 -0.033276
v -0.130000 -0.359589 -0.033276
v -0.159589 -0.370000 -0.039608
v -0.140411 -0.370000 -0.039608
v -0.140411 -0.370000 -0.033276
v -0.144247 -0.370000 -0.033276
v -0.148082 -0.370000 -0.033276
v -0.151918 -0.370000 -0.033276
v -0.155753 -0.370000 -0.033276
v -0.159589 -0.370000 -0.033276
v -0.120000 0.370000 -0.005800
v -0.110403 0.366581 0.049014
v -0.080000 0.370000 -0.005800
v -0.089597 0.366581 0.049014
v -0.120000 0.330000 -0.005800
v -0.110403 0.333419 0.049014
v -0.080000 0.330000 -0.005800
v -0.089597 0.333419 0.049014
v -0.120000 0.370000 0.034450
v -0.080000 0.370000 0.034450
v -0.080000 0.330000 0.034450
v -0.120000 0.330000 0.034450
v -0.113424 0.370000 0.030808
v -0.086576 0.370000 0.030808
v -0.080000 0.363424 0.030808
v -0.080000 0.336576 0.030808
v -0.086576 0.330000 0.024476
v -0.113424 0.330000 0.024476
v -0.120000 0.336576 0.030808
v -0.120000 0.363424 0.030808
v -0.090411 0.370000 0.024476
v -0.098082 0.370000 0.024476
v -0.101918 0.370000 0.024476
v -0.109589 0.370000 0.024476
v -0.080000 0.348082 0.024476
v -0.080000 0.351918 0.024476
v -0.080000 0.355753 0.030808
v -0.105753 0.330000 0.024476
v -0.094247 0.330000 0.024476
v -0.094247 0.330000 0.030808
v -0.120000 0.359589 0.024476
v -0.120000 0.355753 0.024476
v -0.120000 0.351918 0.024476
v -0.120000 0.348082 0.024476
v -0.120000 0.344247 0.030808
v -0.090411 0.370000 0.024476
v -0.109589 0.370000 0.024476
v -0.109589 0.370000 0.030808
v -0.105753 0.370000 0.030808
v -0.101918 0.370000 0.030808
v -0.098082 0.370000 0.030808
v -0.094247 0.370000 0.030808
v -0.090411 0.370000 0.030808
v -0.080000 0.340411 0.024476
v -0.080000 0.359589 0.024476
v -0.080000 0.359589 0.030808
v -0.080000 0.355753 0.030808
v -0.080000 0.351918 0.030808
v -0.080000 0.348082 0.030808
v -0.080000 0.344247 0.030808
v -0.080000 0.340411 0.030808
v -0.109589 0.330000 0.024476
v -0.090411 0.330000 0.024476
v -0.090411 0.330000 0.030808
v -0.094247 0.330000 0.030808
v -0.098082 0.330000 0.030808
v -0.101918 0.330000 0.030808
v -0.105753 0.330000 0.030808
v -0.109589 0.330000 0.030808
v -0.120000 0.359589 0.024476
v -0.120000 0.340411 0.024476
v -0.120000 0.340411 0.030808
v -0.120000 0.344247 0.030808
v -0.120000 0.348082 0.030808
v -0.120000 0.351918 0.030808
v -0.120000 0.355753 0.030808
v -0.120000 0.359589 0.030808
v 0.230000 -0.320000 -0.066206
v 0.233419 -0.310403 -0.011391
v 0.230000 -0.280000 -0.066206
v 0.233419 -0.289597 -0.011391
v 0.270000 -0.320000 -0.066206
v 0.266581 -0.310403 -0.011391
v 0.270000 -0.280000 -0.066206
v 0.266581 -0.289597 -0.011391
v 0.230000 -0.320000 -0.025956
v 0.230000 -0.280000 -0.025956
v 0.270000 -0.280000 -0.025956
v 0.270000 -0.320000 -0.025956
v 0.230000 -0.313424 -0.029598
v 0.263424 -0.320000 -0.035930
v 0.230000 -0.294247 -0.035930
v 0.230000 -0.305753 -0.035930
v 0.230000 -0.309589 -0.035930
v 0.230000 -0.298082 -0.029598
v 0.251918 -0.280000 -0.035930
v 0.244247 -0.280000 -0.035930
v 0.244247 -0.280000 -0.029598
v 0.259589 -0.280000 -0.029598
v 0.270000 -0.305753 -0.035930
v 0.270000 -0.298082 -0.035930
v 0.270000 -0.301918 -0.029598
v 0.244247 -0.320000 -0.029598
v 0.230000 -0.290411 -0.035930
v 0.230000 -0.309589 -0.035930
v 0.230000 -0.309589 -0.029598
v 0.230000 -0.305753 -0.029598
v 0.230000 -0.301918 -0.029598
v 0.230000 -0.298082 -0.029598
v 0.230000 -0.294247 -0.029598
v 0.230000 -0.290411 -0.029598
v 0.259589 -0.280000 -0.035930
v 0.240411 -0.280000 -0.035930
v 0.240411 -0.280000 -0.029598
v 0.244247 -0.280000 -0.029598
v 0.248082 -0.280000 -0.029598
v 0.251918 -0.280000 -0.029598
v 0.255753 -0.280000 -0.029598
v 0.259589 -0.280000 -0.029598
v 0.270000 -0.309589 -0.035930
v 0.270000 -0.290411 -0.035930
v 0.270000 -0.290411 -0.029598
v 0.270000 -0.294247 -0.029598
v 0.270000 -0.298082 -0.029598
v 0.270000 -0.301918 -0.029598
v 0.270000 -0.305753 -0.029598
v 0.270000 -0.309589 -0.029598
v 0.240411 -0.320000 -0.035930
v 0.259589 -0.320000 -0.035930
v 0.259589 -0.320000 -0.029598
v 0.255753 -0.320000 -0.029598
v 0.251918 -0.320000 -0.029598
v 0.248082 -0.320000 -0.029598
v 0.244247 -0.320000 -0.029598
v 0.240411 -0.320000 -0.029598
v -0.130000 -0.320000 -0.002216
v -0.170000 -0.320000 -0.002216
v -0.170000 -0.280000 -0.002216
v -0.130000 -0.280000 -0.002216
v -0.170000 -0.320000 -0.087035
v -0.130000 -0.320000 -0.087035
v -0.170000 -0.280000 -0.087035
v -0.130000 -0.280000 -0.087035
v -0.280000 -0.130000 0.046801
v -0.280000 -0.170000 0.046801
v -0.320000 -0.170000 0.046801
v -0.320000 -0.130000 0.046801
v -0.280000 -0.170000 -0.038018
v -0.280000 -0.130000 -0.038018
v -0.320000 -0.170000 -0.038018
v -0.320000 -0.130000 -0.038018
v -0.080000 0.470000 0.066289
v -0.080000 0.430000 0.066289
v -0.120000 0.430000 0.066289
v -0.120000 0.470000 0.066289
v -0.080000 0.430000 -0.018531
v -0.080000 0.470000 -0.018531
v -0.120000 0.430000 -0.018531
v -0.120000 0.470000 -0.018531
v 0.670000 -0.320000 0.044224
v 0.630000 -0.320000 0.044224
v 0.630000 -0.280000 0.044224
v 0.670000 -0.280000 0.044224
v 0.630000 -0.320000 -0.040596
v 0.670000 -0.320000 -0.040596
v 0.630000 -0.280000 -0.040596
v 0.670000 -0.280000 -0.040596
v 0.330000 -0.430000 0.043626
v 0.370000 -0.430000 0.043626
v 0.370000 -0.470000 0.043626
v 0.330000 -0.470000 0.043626
v 0.370000 -0.430000 -0.041193
v 0.330000 -0.430000 -0.041193
v 0.370000 -0.470000 -0.041193
v 0.330000 -0.470000 -0.041193
v 0.370000 -0.330000 0.020363
v 0.370000 -0.370000 0.020363
v 0.330000 -0.370000 0.020363
v 0.330000 -0.330000 0.020363
v 0.370000 -0.370000 -0.064457
v 0.370000 -0.330000 -0.064457
v 0.330000 -0.370000 -0.064457
v 0.330000 -0.330000 -0.064457
v 0.330000 -0.420000 0.028804
v 0.330000 -0.380000 0.028804
v 0.370000 -0.380000 0.028804
v 0.370000 -0.420000 0.028804
v 0.330000 -0.380000 -0.056016
v 0.330000 -0.420000 -0.056016
v 0.370000 -0.380000 -0.056016
v 0.370000 -0.420000 -0.056016
v 0.020000 -0.530000 -0.051073
v 0.016581 -0.539597 0.003741
v 0.020000 -0.570000 -0.051073
v 0.016581 -0.560403 0.003741
v -0.020000 -0.530000 -0.051073
v -0.016581 -0.539597 0.003741
v -0.020000 -0.570000 -0.051073
v -0.016581 -0.560403 0.003741
v 0.020000 -0.530000 -0.010823
v 0.020000 -0.570000 -0.010823
v -0.020000 -0.570000 -0.010823
v -0.020000 -0.530000 -0.010823
v 0.020000 -0.563424 -0.020797
v 0.013424 -0.570000 -0.020797
v -0.013424 -0.570000 -0.014465
v -0.020000 -0.536576 -0.020797
v -0.013424 -0.530000 -0.014465
v 0.013424 -0.530000 -0.014465
v 0.013424 -0.530000 -0.020797
v 0.020000 -0.559589 -0.020797
v -0.009589 -0.570000 -0.020797
v -0.001918 -0.570000 -0.020797
v 0.001918 -0.570000 -0.020797
v 0.005753 -0.570000 -0.014465
v -0.020000 -0.540411 -0.020797
v -0.020000 -0.544247 -0.020797
v -0.020000 -0.548082 -0.014465
v 0.001918 -0.530000 -0.020797
v 0.001918 -0.530000 -0.014465
v 0.020000 -0.559589 -0.020797
v 0.020000 -0.540411 -0.020797
v 0.020000 -0.540411 -0.014465
v 0.020000 -0.544247 -0.014465
v 0.020000 -0.548082 -0.014465
v 0.020000 -0.551918 -0.014465
v 0.020000 -0.555753 -0.014465
v 0.020000 -0.559589 -0.014465
v -0.009589 -0.570000 -0.020797
v 0.009589 -0.570000 -0.020797
v 0.009589 -0.570000 -0.014465
v 0.005753 -0.570000 -0.014465
v 0.001918 -0.570000 -0.014465
v -0.001918 -0.570000 -0.014465
v -0.005753 -0.570000 -0.014465
v -0.009589 -0.570000 -0.014465
v -0.020000 -0.540411 -0.020797
v -0.020000 -0.559589 -0.020797
v -0.020000 -0.559589 -0.014465
v -0.020000 -0.555753 -0.014465
v -0.020000 -0.551918 -0.014465
v -0.020000 -0.548082 -0.014465
v -0.020000 -0.544247 -0.014465
v -0.020000 -0.540411 -0.014465
v 0.009589 -0.530000 -0.020797
v -0.009589 -0.530000 -0.020797
v -0.009589 -0.530000 -0.014465
v -0.005753 -0.530000 -0.014465
v -0.001918 -0.530000 -0.014465
v 0.001918 -0.530000 -0.014465
v 0.005753 -0.530000 -0.014465
v 0.009589 -0.530000 -0.014465
v -0.170000 0.420000 0.078170
v -0.130000 0.420000 0.078170
v -0.130000 0.380000 0.078170
v -0.170000 0.380000 0.078170
v -0.130000 0.420000 -0.006650
v -0.170000 0.420000 -0.006650
v -0.130000 0.380000 -0.006650
v -0.170000 0.380000 -0.006650
v 0.030000 0.570000 0.019399
v 0.039597 0.566581 0.074214
v 0.070000 0.570000 0.019399
v 0.060403 0.566581 0.074214
v 0.030000 0.530000 0.019399
v 0.039597 0.533419 0.074214
v 0.070000 0.530000 0.019399
v 0.060403 0.533419 0.074214
v 0.030000 0.570000 0.059649
v 0.070000 0.570000 0.059649
v 0.070000 0.530000 0.059649
v 0.030000 0.530000 0.059649
v 0.036576 0.570000 0.056007
v 0.070000 0.563424 0.049676
v 0.070000 0.536576 0.049676
v 0.063424 0.530000 0.049676
v 0.063424 0.530000 0.056007
v 0.030000 0.536576 0.049676
v 0.030000 0.563424 0.049676
v 0.044247 0.570000 0.049676
v 0.040411 0.570000 0.049676
v 0.070000 0.544247 0.049676
v 0.070000 0.555753 0.049676
v 0.070000 0.559589 0.049676
v 0.070000 0.548082 0.056007
v 0.048082 0.530000 0.049676
v 0.051918 0.530000 0.049676
v 0.055753 0.530000 0.049676
v 0.059589 0.530000 0.049676
v 0.059589 0.530000 0.056007
v 0.055753 0.530000 0.056007
v 0.051918 0.530000 0.056007
v 0.048082 0.530000 0.056007
v 0.030000 0.551918 0.049676
v 0.030000 0.544247 0.049676
v 0.030000 0.544247 0.056007
v 0.059589 0.570000 0.049676
v 0.040411 0.570000 0.049676
v 0.040411 0.570000 0.056007
v 0.044247 0.570000 0.056007
v 0.048082 0.570000 0.056007
v 0.051918 0.570000 0.056007
v 0.055753 0.570000 0.056007
v 0.059589 0.570000 0.056007
v 0.070000 0.540411 0.049676
v 0.070000 0.559589 0.049676
v 0.070000 0.559589 0.056007
v 0.070000 0.555753 0.056007
v 0.070000 0.551918 0.056007
v 0.070000 0.548082 0.056007
v 0.070000 0.544247 0.056007
v 0.070000 0.540411 0.056007
v 0.040411 0.530000 0.049676
v 0.059589 0.530000 0.049676
v 0.059589 0.530000 0.056007
v 0.055753 0.530000 0.056007
v 0.051918 0.530000 0.056007
v 0.048082 0.530000 0.056007
v 0.044247 0.530000 0.056007
v 0.040411 0.530000 0.056007
v 0.030000 0.559589 0.049676
v 0.030000 0.540411 0.049676
v 0.030000 0.540411 0.056007
v 0.030000 0.544247 0.056007
v 0.030000 0.548082 0.056007
v 0.030000 0.551918 0.056007
v 0.030000 0.555753 0.056007
v 0.030000 0.559589 0.056007
v 0.080000 0.480000 0.021535
v 0.083419 0.489597 0.076350
v 0.080000 0.520000 0.021535
v 0.083419 0.510403 0.076350
v 0.120000 0.480000 0.021535
v 0.116581 0.489597 0.076350
v 0.120000 0.520000 0.021535
v 0.116581 0.510403 0.076350
v 0.080000 0.480000 0.061785
v 0.080000 0.520000 0.061785
v 0.120000 0.520000 0.061785
v 0.120000 0.480000 0.061785
v 0.080000 0.486576 0.051811
v 0.080000 0.513424 0.058143
v 0.086576 0.520000 0.051811
v 0.113424 0.520000 0.051811
v 0.120000 0.513424 0.058143
v 0.120000 0.486576 0.058143
v 0.080000 0.505753 0.051811
v 0.080000 0.494247 0.051811
v 0.080000 0.494247 0.058143
v 0.109589 0.520000 0.051811
v 0.105753 0.520000 0.051811
v 0.094247 0.520000 0.051811
v 0.090411 0.520000 0.051811
v 0.101918 0.520000 0.058143
v 0.120000 0.490411 0.051811
v 0.120000 0.494247 0.051811
v 0.120000 0.498082 0.058143
v 0.105753 0.480000 0.051811
v 0.080000 0.509589 0.051811
v 0.080000 0.490411 0.051811
v 0.080000 0.490411 0.058143
v 0.080000 0.494247 0.058143
v 0.080000 0.498082 0.058143
v 0.080000 0.501918 0.058143
v 0.080000 0.505753 0.058143
v 0.080000 0.509589 0.058143
v 0.109589 0.520000 0.051811
v 0.090411 0.520000 0.051811
v 0.090411 0.520000 0.058143
v 0.094247 0.520000 0.058143
v 0.098082 0.520000 0.058143
v 0.101918 0.520000 0.058143
v 0.105753 0.520000 0.058143
v 0.109589 0.520000 0.058143
v 0.120000 0.490411 0.051811
v 0.120000 0.509589 0.051811
v 0.120000 0.509589 0.058143
v 0.120000 0.505753 0.058143
v 0.120000 0.501918 0.058143
v 0.120000 0.498082 0.058143
v 0.120000 0.494247 0.058143
v 0.120000 0.490411 0.058143
v 0.090411 0.480000 0.051811
v 0.109589 0.480000 0.051811
v 0.109589 0.480000 0.058143
v 0.105753 0.480000 0.058143
v 0.101918 0.480000 0.058143
v 0.098082 0.480000 0.058143
v 0.094247 0.480000 0.058143
v 0.090411 0.480000 0.058143
v 0.430000 -0.420000 -0.028339
v 0.433419 -0.410403 0.026475
v 0.430000 -0.380000 -0.028339
v 0.433419 -0.389597 0.026475
v 0.470000 -0.420000 -0.028339
v 0.466581 -0.410403 0.026475
v 0.470000 -0.380000 -0.028339
v 0.466581 -0.389597 0.026475
v 0.430000 -0.420000 0.011911
v 0.430000 -0.380000 0.011911
v 0.470000 -0.380000 0.011911
v 0.470000 -0.420000 0.011911
v 0.430000 -0.413424 0.008269
v 0.430000 -0.386576 0.001937
v 0.470000 -0.386576 0.001937
v 0.470000 -0.413424 0.001937
v 0.463424 -0.420000 0.001937
v 0.430000 -0.390411 0.001937
v 0.430000 -0.394247 0.001937
v 0.430000 -0.398082 0.001937
v 0.430000 -0.401918 0.001937
v 0.430000 -0.405753 0.001937
v 0.430000 -0.409589 0.001937
v 0.455753 -0.380000 0.001937
v 0.444247 -0.380000 0.001937
v 0.444247 -0.380000 0.008269
v 0.459589 -0.380000 0.008269
v 0.470000 -0.409589 0.001937
v 0.470000 -0.405753 0.001937
v 0.470000 -0.390411 0.008269
v 0.470000 -0.401918 0.008269
v 0.444247 -0.420000 0.001937
v 0.455753 -0.420000 0.001937
v 0.455753 -0.420000 0.008269
v 0.444247 -0.420000 0.008269
v 0.430000 -0.390411 0.001937
v 0.430000 -0.409589 0.001937
v 0.430000 -0.409589 0.008269
v 0.430000 -0.405753 0.008269
v 0.430000 -0.401918 0.008269
v 0.430000 -0.398082 0.008269
v 0.430000 -0.394247 0.008269
v 0.430000 -0.390411 0.008269
v 0.459589 -0.380000 0.001937
v 0.440411 -0.380000 0.001937
v 0.440411 -0.380000 0.008269
v 0.444247 -0.380000 0.008269
v 0.448082 -0.380000 0.008269
v 0.451918 -0.380000 0.008269
v 0.455753 -0.380000 0.008269
v 0.459589 -0.380000 0.008269
v 0.470000 -0.409589 0.001937
v 0.470000 -0.390411 0.001937
v 0.470000 -0.390411 0.008269
v 0.470000 -0.394247 0.008269
v 0.470000 -0.398082 0.008269
v 0.470000 -0.401918 0.008269
v 0.470000 -0.405753 0.008269
v 0.470000 -0.409589 0.008269
v 0.440411 -0.420000 0.001937
v 0.459589 -0.420000 0.001937
v 0.459589 -0.420000 0.008269
v 0.455753 -0.420000 0.008269
v 0.451918 -0.420000 0.008269
v 0.448082 -0.420000 0.008269
v 0.444247 -0.420000 0.008269
v 0.440411 -0.420000 0.008269
v 0.180000 -0.220000 0.014093
v 0.183419 -0.210403 0.068907
v 0.180000 -0.180000 0.014093
v 0.183419 -0.189597 0.068907
v 0.220000 -0.220000 0.014093
v 0.216581 -0.210403 0.068907
v 0.220000 -0.180000 0.014093
v 0.216581 -0.189597 0.068907
v 0.180000 -0.220000 0.054342
v 0.180000 -0.180000 0.054342
v 0.220000 -0.180000 0.054342
v 0.220000 -0.220000 0.054342
v 0.180000 -0.213424 0.044369
v 0.180000 -0.186576 0.044369
v 0.186576 -0.180000 0.044369
v 0.186576 -0.180000 0.050701
v 0.213424 -0.180000 0.050701
v 0.220000 -0.186576 0.044369
v 0.220000 -0.213424 0.050701
v 0.220000 -0.213424 0.044369
v 0.213424 -0.220000 0.050701
v 0.186576 -0.220000 0.044369
v 0.180000 -0.205753 0.044369
v 0.209589 -0.180000 0.044369
v 0.205753 -0.180000 0.044369
v 0.198082 -0.180000 0.044369
v 0.201918 -0.180000 0.050701
v 0.220000 -0.205753 0.044369
v 0.220000 -0.194247 0.044369
v 0.220000 -0.201918 0.050701
v 0.190411 -0.220000 0.044369
v 0.205753 -0.220000 0.044369
v 0.209589 -0.220000 0.044369
v 0.180000 -0.190411 0.044369
v 0.180000 -0.209589 0.044369
v 0.180000 -0.209589 0.050701
v 0.180000 -0.205753 0.050701
v 0.180000 -0.201918 0.050701
v 0.180000 -0.198082 0.050701
v 0.180000 -0.194247 0.050701
v 0.180000 -0.190411 0.050701
v 0.209589 -0.180000 0.044369
v 0.190411 -0.180000 0.044369
v 0.190411 -0.180000 0.050701
v 0.194247 -0.180000 0.050701
v 0.198082 -0.180000 0.050701
v 0.201918 -0.180000 0.050701
v 0.205753 -0.180000 0.050701
v 0.209589 -0.180000 0.050701
v 0.220000 -0.209589 0.044369
v 0.220000 -0.190411 0.044369
v 0.220000 -0.190411 0.050701
v 0.220000 -0.194247 0.050701
v 0.220000 -0.198082 0.050701
v 0.220000 -0.201918 0.050701
v 0.220000 -0.205753 0.050701
v 0.220000 -0.209589 0.050701
v 0.190411 -0.220000 0.044369
v 0.209589 -0.220000 0.044369
v 0.209589 -0.220000 0.050701
v 0.205753 -0.220000 0.050701
v 0.201918 -0.220000 0.050701
v 0.198082 -0.220000 0.050701
v 0.194247 -0.220000 0.050701
v 0.190411 -0.220000 0.050701
v 0.130000 0.430000 0.093060
v 0.130000 0.470000 0.093060
v 0.170000 0.470000 0.093060
v 0.170000 0.430000 0.093060
v 0.130000 0.470000 0.008240
v 0.130000 0.430000 0.008240
v 0.170000 0.470000 0.008240
v 0.170000 0.430000 0.008240
v -0.520000 0.570000 -0.009877
v -0.510403 0.566581 0.044937
v -0.480000 0.570000 -0.009877
v -0.489597 0.566581 0.044937
v -0.520000 0.530000 -0.009877
v -0.510403 0.533419 0.044937
v -0.480000 0.530000 -0.009877
v -0.489597 0.533419 0.044937
v -0.520000 0.570000 0.030372
v -0.480000 0.570000 0.030372
v -0.480000 0.530000 0.030372
v -0.520000 0.530000 0.030372
v -0.486576 0.570000 0.020399
v -0.480000 0.563424 0.020399
v -0.480000 0.536576 0.020399
v -0.486576 0.530000 0.020399
v -0.513424 0.530000 0.020399
v -0.520000 0.563424 0.026731
v -0.490411 0.570000 0.020399
v -0.494247 0.570000 0.020399
v -0.505753 0.570000 0.020399
v -0.505753 0.570000 0.026731
v -0.480000 0.548082 0.020399
v -0.480000 0.551918 0.020399
v -0.480000 0.559589 0.020399
v -0.480000 0.548082 0.026731
v -0.509589 0.530000 0.020399
v -0.505753 0.530000 0.020399
v -0.501918 0.530000 0.020399
v -0.498082 0.530000 0.020399
v -0.490411 0.530000 0.020399
v -0.494247 0.530000 0.026731
v -0.520000 0.559589 0.020399
v -0.520000 0.551918 0.020399
v -0.520000 0.548082 0.020399
v -0.520000 0.544247 0.026731
v -0.490411 0.570000 0.020399
v -0.509589 0.570000 0.020399
v -0.509589 0.570000 0.026731
v -0.505753 0.570000 0.026731
v -0.501918 0.570000 0.026731
v -0.498082 0.570000 0.026731
v -0.494247 0.570000 0.026731
v -0.490411 0.570000 0.026731
v -0.480000 0.540411 0.020399
v -0.480000 0.559589 0.020399
v -0.480000 0.559589 0.026731
v -0.480000 0.555753 0.026731
v -0.480000 0.551918 0.026731
v -0.480000 0.548082 0.026731
v -0.480000 0.544247 0.026731
v -0.480000 0.540411 0.026731
v -0.509589 0.530000 0.020399
v -0.490411 0.530000 0.020399
v -0.490411 0.530000 0.026731
v -0.494247 0.530000 0.026731
v -0.498082 0.530000 0.026731
v -0.501918 0.530000 0.026731
v -0.505753 0.530000 0.026731
v -0.509589 0.530000 0.026731
v -0.520000 0.559589 0.020399
v -0.520000 0.540411 0.020399
v -0.520000 0.540411 0.026731
v -0.520000 0.544247 0.026731
v -0.520000 0.548082 0.026731
v -0.520000 0.551918 0.026731
v -0.520000 0.555753 0.026731
v -0.520000 0.559589 0.026731
v 0.230000 0.470000 0.084084
v 0.270000 0.470000 0.084084
v 0.270000 0.430000 0.084084
v 0.230000 0.430000 0.084084
v 0.270000 0.470000 -0.000736
v 0.230000 0.470000 -0.000736
v 0.270000 0.430000 -0.000736
v 0.230000 0.430000 -0.000736
v 0.380000 -0.370000 0.025857
v 0.380000 -0.330000 0.025857
v 0.420000 -0.330000 0.025857
v 0.420000 -0.370000 0.025857
v 0.380000 -0.330000 -0.058963
v 0.380000 -0.370000 -0.058963
v 0.420000 -0.330000 -0.058963
v 0.420000 -0.370000 -0.058963
v -0.020000 0.430000 0.082755
v -0.020000 0.470000 0.082755
v 0.020000 0.470000 0.082755
v 0.020000 0.430000 0.082755
v -0.020000 0.470000 -0.002065
v -0.020000 0.430000 -0.002065
v 0.020000 0.470000 -0.002065
v 0.020000 0.430000 -0.002065
v -0.080000 0.420000 0.068902
v -0.080000 0.380000 0.068902
v -0.120000 0.380000 0.068902
v -0.120000 0.420000 0.068902
v -0.080000 0.380000 -0.015918
v -0.080000 0.420000 -0.015918
v -0.120000 0.380000 -0.015918
v -0.120000 0.420000 -0.015918
v 0.230000 0.670000 0.070942
v 0.270000 0.670000 0.070942
v 0.270000 0.630000 0.070942
v 0.230000 0.630000 0.070942
v 0.270000 0.670000 -0.013878
v 0.230000 0.670000 -0.013878
v 0.270000 0.630000 -0.013878
v 0.230000 0.630000 -0.013878
v 0.230000 -0.330000 0.005318
v 0.270000 -0.330000 0.005318
v 0.270000 -0.370000 0.005318
v 0.230000 -0.370000 0.005318
v 0.270000 -0.330000 -0.079502
v 0.230000 -0.330000 -0.079502
v 0.270000 -0.370000 -0.079502
v 0.230000 -0.370000 -0.079502
v 0.520000 -0.420000 -0.022543
v 0.510403 -0.416581 0.032271
v 0.480000 -0.420000 -0.022543
v 0.489597 -0.416581 0.032271
v 0.520000 -0.380000 -0.022543
v 0.510403 -0.383419 0.032271
v 0.480000 -0.380000 -0.022543
v 0.489597 -0.383419 0.032271
v 0.520000 -0.420000 0.017707
v 0.480000 -0.420000 0.017707
v 0.480000 -0.380000 0.017707
v 0.520000 -0.380000 0.017707
v 0.513424 -0.420000 0.014065
v 0.486576 -0.420000 0.007733
v 0.480000 -0.413424 0.014065
v 0.480000 -0.386576 0.007733
v 0.486576 -0.380000 0.007733
v 0.513424 -0.380000 0.007733
v 0.520000 -0.386576 0.014065
v 0.520000 -0.413424 0.007733
v 0.480000 -0.398082 0.007733
v 0.490411 -0.420000 0.007733
v 0.509589 -0.420000 0.007733
v 0.509589 -0.420000 0.014065
v 0.505753 -0.420000 0.014065
v 0.501918 -0.420000 0.014065
v 0.498082 -0.420000 0.014065
v 0.494247 -0.420000 0.014065
v 0.490411 -0.420000 0.014065
v 0.480000 -0.390411 0.007733
v 0.480000 -0.409589 0.007733
v 0.480000 -0.409589 0.014065
v 0.480000 -0.405753 0.014065
v 0.480000 -0.401918 0.014065
v 0.480000 -0.398082 0.014065
v 0.480000 -0.394247 0.014065
v 0.480000 -0.390411 0.014065
v 0.509589 -0.380000 0.007733
v 0.490411 -0.380000 0.007733
v 0.490411 -0.380000 0.014065
v 0.494247 -0.380000 0.014065
v 0.498082 -0.380000 0.014065
v 0.501918 -0.380000 0.014065
v 0.505753 -0.380000 0.014065
v 0.509589 -0.380000 0.014065
v 0.520000 -0.409589 0.007733
v 0.520000 -0.390411 0.007733
v 0.520000 -0.390411 0.014065
v 0.520000 -0.394247 0.014065
v 0.520000 -0.398082 0.014065
v 0.520000 -0.401918 0.014065
v 0.520000 -0.405753 0.014065
v 0.520000 -0.409589 0.014065
v 0.370000 -0.530000 0.066477
v 0.370000 -0.570000 0.066477
v 0.330000 -0.570000 0.066477
v 0.330000 -0.530000 0.066477
v 0.370000 -0.570000 -0.018343
v 0.370000 -0.530000 -0.018343
v 0.330000 -0.570000 -0.018343
v 0.330000 -0.530000 -0.018343
v 0.480000 -0.430000 -0.028935
v 0.489597 -0.433419 0.025880
v 0.520000 -0.430000 -0.028935
v 0.510403 -0.433419 0.025880
v 0.480000 -0.470000 -0.028935
v 0.489597 -0.466581 0.025880
v 0.520000 -0.470000 -0.028935
v 0.510403 -0.466581 0.025880
v 0.480000 -0.430000 0.011315
v 0.520000 -0.430000 0.011315
v 0.520000 -0.470000 0.011315
v 0.480000 -0.470000 0.011315
v 0.486576 -0.430000 0.001341
v 0.513424 -0.430000 0.001341
v 0.520000 -0.463424 0.001341
v 0.480000 -0.463424 0.007673
v 0.501918 -0.470000 0.007673
v 0.480000 -0.444247 0.001341
v 0.480000 -0.451918 0.001341
v 0.480000 -0.448082 0.007673
v 0.509589 -0.430000 0.001341
v 0.490411 -0.430000 0.001341
v 0.490411 -0.430000 0.007673
v 0.494247 -0.430000 0.007673
v 0.498082 -0.430000 0.007673
v 0.501918 -0.430000 0.007673
v 0.505753 -0.430000 0.007673
v 0.509589 -0.430000 0.007673
v 0.520000 -0.459589 0.001341
v 0.520000 -0.440411 0.001341
v 0.520000 -0.440411 0.007673
v 0.520000 -0.444247 0.007673
v 0.520000 -0.448082 0.007673
v 0.520000 -0.451918 0.007673
v 0.520000 -0.455753 0.007673
v 0.520000 -0.459589 0.007673
v 0.490411 -0.470000 0.001341
v 0.509589 -0.470000 0.001341
v 0.509589 -0.470000 0.007673
v 0.505753 -0.470000 0.007673
v 0.501918 -0.470000 0.007673
v 0.498082 -0.470000 0.007673
v 0.494247 -0.470000 0.007673
v 0.490411 -0.470000 0.007673
v 0.480000 -0.440411 0.001341
v 0.480000 -0.459589 0.001341
v 0.480000 -0.459589 0.007673
v 0.480000 -0.455753 0.007673
v 0.480000 -0.451918 0.007673
v 0.480000 -0.448082 0.007673
v 0.480000 -0.444247 0.007673
v 0.480000 -0.440411 0.007673
v 0.020000 -0.530000 0.016847
v 0.020000 -0.570000 0.016847
v -0.020000 -0.570000 0.016847
v -0.020000 -0.530000 0.016847
v 0.020000 -0.570000 -0.067973
v 0.020000 -0.530000 -0.067973
v -0.020000 -0.570000 -0.067973
v -0.020000 -0.530000 -0.067973
v -0.420000 -0.130000 0.024289
v -0.380000 -0.130000 0.024289
v -0.380000 -0.170000 0.024289
v -0.420000 -0.170000 0.024289
v -0.380000 -0.130000 -0.060530
v -0.420000 -0.130000 -0.060530
v -0.380000 -0.170000 -0.060530
v -0.420000 -0.170000 -0.060530
v -0.030000 0.520000 0.069116
v -0.030000 0.480000 0.069116
v -0.070000 0.480000 0.069116
v -0.070000 0.520000 0.069116
v -0.030000 0.480000 -0.015703
v -0.030000 0.520000 -0.015703
v -0.070000 0.480000 -0.015703
v -0.070000 0.520000 -0.015703
v 0.080000 0.380000 0.010212
v 0.083419 0.389597 0.065026
v 0.080000 0.420000 0.010212
v 0.083419 0.410403 0.065026
v 0.120000 0.380000 0.010212
v 0.116581 0.389597 0.065026
v 0.120000 0.420000 0.010212
v 0.116581 0.410403 0.065026
v 0.080000 0.380000 0.050461
v 0.080000 0.420000 0.050461
v 0.120000 0.420000 0.050461
v 0.120000 0.380000 0.050461
v 0.080000 0.386576 0.046820
v 0.080000 0.413424 0.046820
v 0.080000 0.413424 0.040488
v 0.086576 0.420000 0.040488
v 0.113424 0.420000 0.040488
v 0.120000 0.413424 0.040488
v 0.120000 0.386576 0.040488
v 0.113424 0.380000 0.046820
v 0.086576 0.380000 0.046820
v 0.080000 0.405753 0.040488
v 0.080000 0.394247 0.040488
v 0.080000 0.390411 0.040488
v 0.080000 0.394247 0.046820
v 0.109589 0.420000 0.040488
v 0.105753 0.420000 0.040488
v 0.101918 0.420000 0.046820
v 0.120000 0.390411 0.040488
v 0.120000 0.394247 0.040488
v 0.120000 0.398082 0.040488
v 0.120000 0.401918 0.040488
v 0.120000 0.405753 0.040488
v 0.120000 0.409589 0.040488
v 0.105753 0.380000 0.040488
v 0.109589 0.380000 0.040488
v 0.080000 0.409589 0.040488
v 0.080000 0.390411 0.040488
v 0.080000 0.390411 0.046820
v 0.080000 0.394247 0.046820
v 0.080000 0.398082 0.046820
v 0.080000 0.401918 0.046820
v 0.080000 0.405753 0.046820
v 0.080000 0.409589 0.046820
v 0.109589 0.420000 0.040488
v 0.090411 0.420000 0.040488
v 0.090411 0.420000 0.046820
v 0.094247 0.420000 0.046820
v 0.098082 0.420000 0.046820
v 0.101918 0.420000 0.046820
v 0.105753 0.420000 0.046820
v 0.109589 0.420000 0.046820
v 0.120000 0.390411 0.040488
v 0.120000 0.409589 0.040488
v 0.120000 0.409589 0.046820
v 0.120000 0.405753 0.046820
v 0.120000 0.401918 0.046820
v 0.120000 0.398082 0.046820
v 0.120000 0.394247 0.046820
v 0.120000 0.390411 0.046820
v 0.090411 0.380000 0.040488
v 0.109589 0.380000 0.040488
v 0.109589 0.380000 0.046820
v 0.105753 0.380000 0.046820
v 0.101918 0.380000 0.046820
v 0.098082 0.380000 0.046820
v 0.094247 0.380000 0.046820
v 0.090411 0.380000 0.046820
v -0.030000 0.330000 -0.009182
v -0.039597 0.333419 0.045632
v -0.070000 0.330000 -0.009182
v -0.060403 0.333419 0.045632
v -0.030000 0.370000 -0.009182
v -0.039597 0.366581 0.045632
v -0.070000 0.370000 -0.009182
v -0.060403 0.366581 0.045632
v -0.030000 0.330000 0.031068
v -0.070000 0.330000 0.031068
v -0.070000 0.370000 0.031068
v -0.030000 0.370000 0.031068
v -0.036576 0.330000 0.021094
v -0.063424 0.330000 0.021094
v -0.070000 0.363424 0.021094
v -0.063424 0.370000 0.021094
v -0.036576 0.370000 0.021094
v -0.030000 0.363424 0.027426
v -0.059589 0.330000 0.021094
v -0.055753 0.330000 0.021094
v -0.051918 0.330000 0.021094
v -0.044247 0.330000 0.021094
v -0.040411 0.330000 0.021094
v -0.070000 0.359589 0.021094
v -0.070000 0.355753 0.021094
v -0.070000 0.351918 0.021094
v -0.070000 0.348082 0.021094
v -0.070000 0.344247 0.021094
v -0.048082 0.370000 0.021094
v -0.051918 0.370000 0.021094
v -0.055753 0.370000 0.021094
v -0.059589 0.370000 0.021094
v -0.048082 0.370000 0.027426
v -0.059589 0.330000 0.021094
v -0.040411 0.330000 0.021094
v -0.040411 0.330000 0.027426
v -0.044247 0.330000 0.027426
v -0.048082 0.330000 0.027426
v -0.051918 0.330000 0.027426
v -0.055753 0.330000 0.027426
v -0.059589 0.330000 0.027426
v -0.070000 0.359589 0.021094
v -0.070000 0.340411 0.021094
v -0.070000 0.340411 0.027426
v -0.070000 0.344247 0.027426
v -0.070000 0.348082 0.027426
v -0.070000 0.351918 0.027426
v -0.070000 0.355753 0.027426
v -0.070000 0.359589 0.027426
v -0.040411 0.370000 0.021094
v -0.059589 0.370000 0.021094
v -0.059589 0.370000 0.027426
v -0.055753 0.370000 0.027426
v -0.051918 0.370000 0.027426
v -0.048082 0.370000 0.027426
v -0.044247 0.370000 0.027426
v -0.040411 0.370000 0.027426
v -0.030000 0.340411 0.021094
v -0.030000 0.359589 0.021094
v -0.030000 0.359589 0.027426
v -0.030000 0.355753 0.027426
v -0.030000 0.351918 0.027426
v -0.030000 0.348082 0.027426
v -0.030000 0.344247 0.027426
v -0.030000 0.340411 0.027426
v 0.070000 0.530000 0.083830
v 0.030000 0.530000 0.083830
v 0.030000 0.570000 0.083830
v 0.070000 0.570000 0.083830
v 0.030000 0.530000 -0.000989
v 0.070000 0.530000 -0.000989
v 0.030000 0.570000 -0.000989
v 0.070000 0.570000 -0.000989
v -0.080000 -0.320000 -0.066379
v -0.089597 -0.316581 -0.011565
v -0.120000 -0.320000 -0.066379
v -0.110403 -0.316581 -0.011565
v -0.080000 -0.280000 -0.066379
v -0.089597 -0.283419 -0.011565
v -0.120000 -0.280000 -0.066379
v -0.110403 -0.283419 -0.011565
v -0.080000 -0.320000 -0.026129
v -0.120000 -0.320000 -0.026129
v -0.120000 -0.280000 -0.026129
v -0.080000 -0.280000 -0.026129
v -0.086576 -0.320000 -0.036103
v -0.113424 -0.320000 -0.029771
v -0.120000 -0.313424 -0.029771
v -0.120000 -0.286576 -0.036103
v -0.113424 -0.280000 -0.029771
v -0.086576 -0.280000 -0.036103
v -0.080000 -0.313424 -0.036103
v -0.105753 -0.320000 -0.036103
v -0.094247 -0.320000 -0.036103
v -0.090411 -0.320000 -0.036103
v -0.120000 -0.298082 -0.036103
v -0.120000 -0.301918 -0.036103
v -0.120000 -0.305753 -0.029771
v -0.105753 -0.280000 -0.036103
v -0.105753 -0.280000 -0.029771
v -0.080000 -0.301918 -0.036103
v -0.080000 -0.298082 -0.036103
v -0.080000 -0.294247 -0.029771
v -0.080000 -0.301918 -0.029771
v -0.109589 -0.320000 -0.036103
v -0.090411 -0.320000 -0.036103
v -0.090411 -0.320000 -0.029771
v -0.094247 -0.320000 -0.029771
v -0.098082 -0.320000 -0.029771
v -0.101918 -0.320000 -0.029771
v -0.105753 -0.320000 -0.029771
v -0.109589 -0.320000 -0.029771
v -0.120000 -0.290411 -0.036103
v -0.120000 -0.309589 -0.036103
v -0.120000 -0.309589 -0.029771
v -0.120000 -0.305753 -0.029771
v -0.120000 -0.301918 -0.029771
v -0.120000 -0.298082 -0.029771
v -0.120000 -0.294247 -0.029771
v -0.120000 -0.290411 -0.029771
v -0.090411 -0.280000 -0.036103
v -0.109589 -0.280000 -0.036103
v -0.109589 -0.280000 -0.029771
v -0.105753 -0.280000 -0.029771
v -0.101918 -0.280000 -0.029771
v -0.098082 -0.280000 -0.029771
v -0.094247 -0.280000 -0.029771
v -0.090411 -0.280000 -0.029771
v -0.080000 -0.309589 -0.036103
v -0.080000 -0.290411 -0.036103
v -0.080000 -0.290411 -0.029771
v -0.080000 -0.294247 -0.029771
v -0.080000 -0.298082 -0.029771
v -0.080000 -0.301918 -0.029771
v -0.080000 -0.305753 -0.029771
v -0.080000 -0.309589 -0.029771
v 0.230000 0.520000 0.084790
v 0.270000 0.520000 0.084790
v 0.270000 0.480000 0.084790
v 0.230000 0.480000 0.084790
v 0.270000 0.520000 -0.000030
v 0.230000 0.520000 -0.000030
v 0.270000 0.480000 -0.000030
v 0.230000 0.480000 -0.000030
v -0.170000 0.720000 -0.040469
v -0.160403 0.716581 0.014345
v -0.130000 0.720000 -0.040469
v -0.139597 0.716581 0.014345
v -0.170000 0.680000 -0.040469
v -0.160403 0.683419 0.014345
v -0.130000 0.680000 -0.040469
v -0.139597 0.683419 0.014345
v -0.170000 0.720000 -0.000219
v -0.130000 0.720000 -0.000219
v -0.130000 0.680000 -0.000219
v -0.170000 0.680000 -0.000219
v -0.163424 0.720000 -0.010193
v -0.163424 0.720000 -0.003861
v -0.130000 0.713424 -0.003861
v -0.130000 0.686576 -0.003861
v -0.136576 0.680000 -0.003861
v -0.163424 0.680000 -0.003861
v -0.163424 0.680000 -0.010193
v -0.170000 0.686576 -0.003861
v -0.170000 0.713424 -0.003861
v -0.170000 0.713424 -0.010193
v -0.155753 0.680000 -0.010193
v -0.144247 0.680000 -0.010193
v -0.151918 0.680000 -0.003861
v -0.170000 0.701918 -0.010193
v -0.170000 0.701918 -0.003861
v -0.140411 0.720000 -0.010193
v -0.159589 0.720000 -0.010193
v -0.159589 0.720000 -0.003861
v -0.155753 0.720000 -0.003861
v -0.151918 0.720000 -0.003861
v -0.148082 0.720000 -0.003861
v -0.144247 0.720000 -0.003861
v -0.140411 0.720000 -0.003861
v -0.130000 0.690411 -0.010193
v -0.130000 0.709589 -0.010193
v -0.130000 0.709589 -0.003861
v -0.130000 0.705753 -0.003861
v -0.130000 0.701918 -0.003861
v -0.130000 0.698082 -0.003861
v -0.130000 0.694247 -0.003861
v -0.130000 0.690411 -0.003861
v -0.159589 0.680000 -0.010193
v -0.140411 0.680000 -0.010193
v -0.140411 0.680000 -0.003861
v -0.144247 0.680000 -0.003861
v -0.148082 0.680000 -0.003861
v -0.151918 0.680000 -0.003861
v -0.155753 0.680000 -0.003861
v -0.159589 0.680000 -0.003861
v -0.170000 0.709589 -0.010193
v -0.170000 0.690411 -0.010193
v -0.170000 0.690411 -0.003861
v -0.170000 0.694247 -0.003861
v -0.170000 0.698082 -0.003861
v -0.170000 0.701918 -0.003861
v -0.170000 0.705753 -0.003861
v -0.170000 0.709589 -0.003861
v 0.230000 -0.480000 0.064479
v 0.270000 -0.480000 0.064479
v 0.270000 -0.520000 0.064479
v 0.230000 -0.520000 0.064479
v 0.270000 -0.480000 -0.020340
v 0.230000 -0.480000 -0.020340
v 0.270000 -0.520000 -0.020340
v 0.230000 -0.520000 -0.020340
v 0.030000 0.280000 0.007581
v 0.033419 0.289597 0.062395
v 0.030000 0.320000 0.007581
v 0.033419 0.310403 0.062395
v 0.070000 0.280000 0.007581
v 0.066581 0.289597 0.062395
v 0.070000 0.320000 0.007581
v 0.066581 0.310403 0.062395
v 0.030000 0.280000 0.047831
v 0.030000 0.320000 0.047831
v 0.070000 0.320000 0.047831
v 0.070000 0.280000 0.047831
v 0.030000 0.286576 0.037857
v 0.030000 0.313424 0.037857
v 0.036576 0.320000 0.044189
v 0.063424 0.320000 0.037857
v 0.070000 0.313424 0.037857
v 0.063424 0.280000 0.037857
v 0.036576 0.280000 0.037857
v 0.030000 0.309589 0.037857
v 0.030000 0.305753 0.037857
v 0.030000 0.301918 0.044189
v 0.059589 0.320000 0.037857
v 0.055753 0.320000 0.037857
v 0.044247 0.320000 0.037857
v 0.051918 0.320000 0.044189
v 0.070000 0.294247 0.037857
v 0.070000 0.305753 0.037857
v 0.070000 0.309589 0.037857
v 0.070000 0.298082 0.044189
v 0.040411 0.280000 0.037857
v 0.044247 0.280000 0.037857
v 0.055753 0.280000 0.037857
v 0.059589 0.280000 0.037857
v 0.055753 0.280000 0.044189
v 0.030000 0.309589 0.037857
v 0.030000 0.290411 0.037857
v 0.030000 0.290411 0.044189
v 0.030000 0.294247 0.044189
v 0.030000 0.298082 0.044189
v 0.030000 0.301918 0.044189
v 0.030000 0.305753 0.044189
v 0.030000 0.309589 0.044189
v 0.059589 0.320000 0.037857
v 0.040411 0.320000 0.037857
v 0.040411 0.320000 0.044189
v 0.044247 0.320000 0.044189
v 0.048082 0.320000 0.044189
v 0.051918 0.320000 0.044189
v 0.055753 0.320000 0.044189
v 0.059589 0.320000 0.044189
v 0.070000 0.290411 0.037857
v 0.070000 0.309589 0.037857
v 0.070000 0.309589 0.044189
v 0.070000 0.305753 0.044189
v 0.070000 0.301918 0.044189
v 0.070000 0.298082 0.044189
v 0.070000 0.294247 0.044189
v 0.070000 0.290411 0.044189
v 0.040411 0.280000 0.037857
v 0.059589 0.280000 0.037857
v 0.059589 0.280000 0.044189
v 0.055753 0.280000 0.044189
v 0.051918 0.280000 0.044189
v 0.048082 0.280000 0.044189
v 0.044247 0.280000 0.044189
v 0.040411 0.280000 0.044189
v -0.170000 -0.320000 -0.070337
v -0.166581 -0.310403 -0.015523
v -0.170000 -0.280000 -0.070337
v -0.166581 -0.289597 -0.015523
v -0.130000 -0.320000 -0.070337
v -0.133419 -0.310403 -0.015523
v -0.130000 -0.280000 -0.070337
v -0.133419 -0.289597 -0.015523
v -0.170000 -0.320000 -0.030087
v -0.170000 -0.280000 -0.030087
v -0.130000 -0.280000 -0.030087
v -0.130000 -0.320000 -0.030087
v -0.136576 -0.280000 -0.040061
v -0.170000 -0.298082 -0.040061
v -0.170000 -0.301918 -0.040061
v -0.170000 -0.305753 -0.040061
v -0.170000 -0.305753 -0.033729
v -0.140411 -0.280000 -0.040061
v -0.144247 -0.280000 -0.040061
v -0.148082 -0.280000 -0.040061
v -0.151918 -0.280000 -0.040061
v -0.155753 -0.280000 -0.040061
v -0.151918 -0.280000 -0.033729
v -0.148082 -0.280000 -0.033729
v -0.130000 -0.305753 -0.040061
v -0.130000 -0.294247 -0.040061
v -0.130000 -0.301918 -0.033729
v -0.130000 -0.305753 -0.033729
v -0.155753 -0.320000 -0.040061
v -0.151918 -0.320000 -0.040061
v -0.148082 -0.320000 -0.040061
v -0.144247 -0.320000 -0.033729
v -0.148082 -0.320000 -0.033729
v -0.151918 -0.320000 -0.033729
v -0.155753 -0.320000 -0.033729
v -0.170000 -0.290411 -0.040061
v -0.170000 -0.309589 -0.040061
v -0.170000 -0.309589 -0.033729
v -0.170000 -0.305753 -0.033729
v -0.170000 -0.301918 -0.033729
v -0.170000 -0.298082 -0.033729
v -0.170000 -0.294247 -0.033729
v -0.170000 -0.290411 -0.033729
v -0.140411 -0.280000 -0.040061
v -0.159589 -0.280000 -0.040061
v -0.159589 -0.280000 -0.033729
v -0.155753 -0.280000 -0.033729
v -0.151918 -0.280000 -0.033729
v -0.148082 -0.280000 -0.033729
v -0.144247 -0.280000 -0.033729
v -0.140411 -0.280000 -0.033729
v -0.130000 -0.309589 -0.040061
v -0.130000 -0.290411 -0.040061
v -0.130000 -0.290411 -0.033729
v -0.130000 -0.294247 -0.033729
v -0.130000 -0.298082 -0.033729
v -0.130000 -0.301918 -0.033729
v -0.130000 -0.305753 -0.033729
v -0.130000 -0.309589 -0.033729
v -0.159589 -0.320000 -0.040061
v -0.140411 -0.320000 -0.040061
v -0.140411 -0.320000 -0.033729
v -0.144247 -0.320000 -0.033729
v -0.148082 -0.320000 -0.033729
v -0.151918 -0.320000 -0.033729
v -0.155753 -0.320000 -0.033729
v -0.159589 -0.320000 -0.033729
v -0.170000 0.620000 -0.037096
v -0.160403 0.616581 0.017719
v -0.130000 0.620000 -0.037096
v -0.139597 0.616581 0.017719
v -0.170000 0.580000 -0.037096
v -0.160403 0.583419 0.017719
v -0.130000 0.580000 -0.037096
v -0.139597 0.583419 0.017719
v -0.170000 0.620000 0.003154
v -0.130000 0.620000 0.003154
v -0.130000 0.580000 0.003154
v -0.170000 0.580000 0.003154
v -0.163424 0.620000 -0.000488
v -0.136576 0.620000 -0.000488
v -0.130000 0.586576 -0.006820
v -0.136576 0.580000 -0.006820
v -0.163424 0.580000 -0.006820
v -0.170000 0.613424 -0.006820
v -0.130000 0.594247 -0.006820
v -0.130000 0.605753 -0.006820
v -0.130000 0.605753 -0.000488
v -0.159589 0.580000 -0.006820
v -0.155753 0.580000 -0.006820
v -0.148082 0.580000 -0.006820
v -0.151918 0.580000 -0.000488
v -0.140411 0.620000 -0.006820
v -0.159589 0.620000 -0.006820
v -0.159589 0.620000 -0.000488
v -0.155753 0.620000 -0.000488
v -0.151918 0.620000 -0.000488
v -0.148082 0.620000 -0.000488
v -0.144247 0.620000 -0.000488
v -0.140411 0.620000 -0.000488
v -0.130000 0.590411 -0.006820
v -0.130000 0.609589 -0.006820
v -0.130000 0.609589 -0.000488
v -0.130000 0.605753 -0.000488
v -0.130000 0.601918 -0.000488
v -0.130000 0.598082 -0.000488
v -0.130000 0.594247 -0.000488
v -0.130000 0.590411 -0.000488
v -0.159589 0.580000 -0.006820
v -0.140411 0.580000 -0.006820
v -0.140411 0.580000 -0.000488
v -0.144247 0.580000 -0.000488
v -0.148082 0.580000 -0.000488
v -0.151918 0.580000 -0.000488
v -0.155753 0.580000 -0.000488
v -0.159589 0.580000 -0.000488
v -0.170000 0.609589 -0.006820
v -0.170000 0.590411 -0.006820
v -0.170000 0.590411 -0.000488
v -0.170000 0.594247 -0.000488
v -0.170000 0.598082 -0.000488
v -0.170000 0.601918 -0.000488
v -0.170000 0.605753 -0.000488
v -0.170000 0.609589 -0.000488
v 0.030000 0.630000 0.081003
v 0.030000 0.670000 0.081003
v 0.070000 0.670000 0.081003
v 0.070000 0.630000 0.081003
v 0.030000 0.670000 -0.003817
v 0.030000 0.630000 -0.003817
v 0.070000 0.670000 -0.003817
v 0.070000 0.630000 -0.003817
v 0.270000 -0.580000 0.058783
v 0.270000 -0.620000 0.058783
v 0.230000 -0.620000 0.058783
v 0.230000 -0.580000 0.058783
v 0.270000 -0.620000 -0.026036
v 0.270000 -0.580000 -0.026036
v 0.230000 -0.620000 -0.026036
v 0.230000 -0.580000 -0.026036
v 0.120000 0.320000 0.078120
v 0.120000 0.280000 0.078120
v 0.080000 0.280000 0.078120
v 0.080000 0.320000 0.078120
v 0.120000 0.280000 -0.006699
v 0.120000 0.320000 -0.006699
v 0.080000 0.280000 -0.006699
v 0.080000 0.320000 -0.006699
v 0.120000 0.270000 0.005615
v 0.116581 0.260403 0.060429
v 0.120000 0.230000 0.005615
v 0.116581 0.239597 0.060429
v 0.080000 0.270000 0.005615
v 0.083419 0.260403 0.060429
v 0.080000 0.230000 0.005615
v 0.083419 0.239597 0.060429
v 0.120000 0.270000 0.045865
v 0.120000 0.230000 0.045865
v 0.080000 0.230000 0.045865
v 0.080000 0.270000 0.045865
v 0.120000 0.263424 0.042223
v 0.120000 0.236576 0.035891
v 0.113424 0.230000 0.035891
v 0.086576 0.230000 0.042223
v 0.080000 0.236576 0.035891
v 0.080000 0.263424 0.035891
v 0.086576 0.270000 0.035891
v 0.113424 0.270000 0.035891
v 0.120000 0.240411 0.035891
v 0.090411 0.230000 0.035891
v 0.094247 0.230000 0.035891
v 0.098082 0.230000 0.035891
v 0.101918 0.230000 0.035891
v 0.105753 0.230000 0.035891
v 0.109589 0.230000 0.035891
v 0.080000 0.251918 0.035891
v 0.080000 0.248082 0.035891
v 0.080000 0.244247 0.035891
v 0.109589 0.270000 0.035891
v 0.101918 0.270000 0.035891
v 0.094247 0.270000 0.035891
v 0.090411 0.270000 0.035891
v 0.120000 0.240411 0.035891
v 0.120000 0.259589 0.035891
v 0.120000 0.259589 0.042223
v 0.120000 0.255753 0.042223
v 0.120000 0.251918 0.042223
v 0.120000 0.248082 0.042223
v 0.120000 0.244247 0.042223
v 0.120000 0.240411 0.042223
v 0.090411 0.230000 0.035891
v 0.109589 0.230000 0.035891
v 0.109589 0.230000 0.042223
v 0.105753 0.230000 0.042223
v 0.101918 0.230000 0.042223
v 0.098082 0.230000 0.042223
v 0.094247 0.230000 0.042223
v 0.090411 0.230000 0.042223
v 0.080000 0.259589 0.035891
v 0.080000 0.240411 0.035891
v 0.080000 0.240411 0.042223
v 0.080000 0.244247 0.042223
v 0.080000 0.248082 0.042223
v 0.080000 0.251918 0.042223
v 0.080000 0.255753 0.042223
v 0.080000 0.259589 0.042223
v 0.109589 0.270000 0.035891
v 0.090411 0.270000 0.035891
v 0.090411 0.270000 0.042223
v 0.094247 0.270000 0.042223
v 0.098082 0.270000 0.042223
v 0.101918 0.270000 0.042223
v 0.105753 0.270000 0.042223
v 0.109589 0.270000 0.042223
v -0.180000 -0.270000 0.034844
v -0.220000 -0.270000 0.034844
v -0.220000 -0.230000 0.034844
v -0.180000 -0.230000 0.034844
v -0.220000 -0.270000 -0.049976
v -0.180000 -0.270000 -0.049976
v -0.220000 -0.230000 -0.049976
v -0.180000 -0.230000 -0.049976
v -0.020000 0.670000 0.079145
v 0.020000 0.670000 0.079145
v 0.020000 0.630000 0.079145
v -0.020000 0.630000 0.079145
v 0.020000 0.670000 -0.005675
v -0.020000 0.670000 -0.005675
v 0.020000 0.630000 -0.005675
v -0.020000 0.630000 -0.005675
v -0.220000 -0.180000 -0.027384
v -0.210403 -0.183419 0.027430
v -0.180000 -0.180000 -0.027384
v -0.189597 -0.183419 0.027430
v -0.220000 -0.220000 -0.027384
v -0.210403 -0.216581 0.027430
v -0.180000 -0.220000 -0.027384
v -0.189597 -0.216581 0.027430
v -0.220000 -0.180000 0.012866
v -0.180000 -0.180000 0.012866
v -0.180000 -0.220000 0.012866
v -0.220000 -0.220000 0.012866
v -0.186576 -0.180000 0.009224
v -0.180000 -0.186576 0.009224
v -0.180000 -0.213424 0.002892
v -0.213424 -0.220000 0.002892
v -0.220000 -0.213424 0.009224
v -0.220000 -0.186576 0.002892
v -0.180000 -0.209589 0.002892
v -0.180000 -0.205753 0.002892
v -0.180000 -0.201918 0.002892
v -0.180000 -0.198082 0.002892
v -0.180000 -0.194247 0.009224
v -0.220000 -0.205753 0.002892
v -0.220000 -0.205753 0.009224
v -0.220000 -0.201918 0.009224
v -0.190411 -0.180000 0.002892
v -0.209589 -0.180000 0.002892
v -0.209589 -0.180000 0.009224
v -0.205753 -0.180000 0.009224
v -0.201918 -0.180000 0.009224
v -0.198082 -0.180000 0.009224
v -0.194247 -0.180000 0.009224
v -0.190411 -0.180000 0.009224
v -0.180000 -0.209589 0.002892
v -0.180000 -0.190411 0.002892
v -0.180000 -0.190411 0.009224
v -0.180000 -0.194247 0.009224
v -0.180000 -0.198082 0.009224
v -0.180000 -0.201918 0.009224
v -0.180000 -0.205753 0.009224
v -0.180000 -0.209589 0.009224
v -0.209589 -0.220000 0.002892
v -0.190411 -0.220000 0.002892
v -0.190411 -0.220000 0.009224
v -0.194247 -0.220000 0.009224
v -0.198082 -0.220000 0.009224
v -0.201918 -0.220000 0.009224
v -0.205753 -0.220000 0.009224
v -0.209589 -0.220000 0.009224
v -0.220000 -0.190411 0.002892
v -0.220000 -0.209589 0.002892
v -0.220000 -0.209589 0.009224
v -0.220000 -0.205753 0.009224
v -0.220000 -0.201918 0.009224
v -0.220000 -0.198082 0.009224
v -0.220000 -0.194247 0.009224
v -0.220000 -0.190411 0.009224
v -0.370000 -0.280000 -0.038081
v -0.360403 -0.283419 0.016733
v -0.330000 -0.280000 -0.038081
v -0.339597 -0.283419 0.016733
v -0.370000 -0.320000 -0.038081
v -0.360403 -0.316581 0.016733
v -0.330000 -0.320000 -0.038081
v -0.339597 -0.316581 0.016733
v -0.370000 -0.280000 0.002168
v -0.330000 -0.280000 0.002168
v -0.330000 -0.320000 0.002168
v -0.370000 -0.320000 0.002168
v -0.363424 -0.280000 -0.007805
v -0.336576 -0.280000 -0.001473
v -0.336576 -0.280000 -0.007805
v -0.330000 -0.313424 -0.007805
v -0.336576 -0.320000 -0.007805
v -0.336576 -0.320000 -0.001473
v -0.363424 -0.320000 -0.007805
v -0.370000 -0.313424 -0.007805
v -0.370000 -0.286576 -0.007805
v -0.344247 -0.280000 -0.007805
v -0.348082 -0.280000 -0.007805
v -0.351918 -0.280000 -0.007805
v -0.355753 -0.280000 -0.001473
v -0.330000 -0.309589 -0.007805
v -0.330000 -0.301918 -0.007805
v -0.330000 -0.294247 -0.007805
v -0.359589 -0.320000 -0.007805
v -0.370000 -0.298082 -0.007805
v -0.370000 -0.305753 -0.007805
v -0.370000 -0.309589 -0.007805
v -0.340411 -0.280000 -0.007805
v -0.359589 -0.280000 -0.007805
v -0.359589 -0.280000 -0.001473
v -0.355753 -0.280000 -0.001473
v -0.351918 -0.280000 -0.001473
v -0.348082 -0.280000 -0.001473
v -0.344247 -0.280000 -0.001473
v -0.340411 -0.280000 -0.001473
v -0.330000 -0.309589 -0.007805
v -0.330000 -0.290411 -0.007805
v -0.330000 -0.290411 -0.001473
v -0.330000 -0.294247 -0.001473
v -0.330000 -0.298082 -0.001473
v -0.330000 -0.301918 -0.001473
v -0.330000 -0.305753 -0.001473
v -0.330000 -0.309589 -0.001473
v -0.359589 -0.320000 -0.007805
v -0.340411 -0.320000 -0.007805
v -0.340411 -0.320000 -0.001473
v -0.344247 -0.320000 -0.001473
v -0.348082 -0.320000 -0.001473
v -0.351918 -0.320000 -0.001473
v -0.355753 -0.320000 -0.001473
v -0.359589 -0.320000 -0.001473
v -0.370000 -0.290411 -0.007805
v -0.370000 -0.309589 -0.007805
v -0.370000 -0.309589 -0.001473
v -0.370000 -0.305753 -0.001473
v -0.370000 -0.301918 -0.001473
v -0.370000 -0.298082 -0.001473
v -0.370000 -0.294247 -0.001473
v -0.370000 -0.290411 -0.001473
v 0.630000 -0.180000 -0.029126
v 0.639597 -0.183419 0.025688
v 0.670000 -0.180000 -0.029126
v 0.660403 -0.183419 0.025688
v 0.630000 -0.220000 -0.029126
v 0.639597 -0.216581 0.025688
v 0.670000 -0.220000 -0.029126
v 0.660403 -0.216581 0.025688
v 0.630000 -0.180000 0.011124
v 0.670000 -0.180000 0.011124
v 0.670000 -0.220000 0.011124
v 0.630000 -0.220000 0.011124
v 0.636576 -0.180000 0.001150
v 0.663424 -0.180000 0.007482
v 0.663424 -0.180000 0.001150
v 0.670000 -0.186576 0.001150
v 0.670000 -0.213424 0.001150
v 0.663424 -0.220000 0.001150
v 0.636576 -0.220000 0.001150
v 0.651918 -0.180000 0.001150
v 0.648082 -0.180000 0.001150
v 0.644247 -0.180000 0.007482
v 0.670000 -0.209589 0.001150
v 0.670000 -0.205753 0.001150
v 0.670000 -0.201918 0.001150
v 0.670000 -0.198082 0.001150
v 0.670000 -0.194247 0.007482
v 0.644247 -0.220000 0.001150
v 0.655753 -0.220000 0.001150
v 0.648082 -0.220000 0.007482
v 0.630000 -0.194247 0.001150
v 0.630000 -0.198082 0.001150
v 0.630000 -0.201918 0.001150
v 0.630000 -0.205753 0.001150
v 0.630000 -0.201918 0.007482
v 0.630000 -0.198082 0.007482
v 0.630000 -0.194247 0.007482
v 0.659589 -0.180000 0.001150
v 0.640411 -0.180000 0.001150
v 0.640411 -0.180000 0.007482
v 0.644247 -0.180000 0.007482
v 0.648082 -0.180000 0.007482
v 0.651918 -0.180000 0.007482
v 0.655753 -0.180000 0.007482
v 0.659589 -0.180000 0.007482
v 0.670000 -0.209589 0.001150
v 0.670000 -0.190411 0.001150
v 0.670000 -0.190411 0.007482
v 0.670000 -0.194247 0.007482
v 0.670000 -0.198082 0.007482
v 0.670000 -0.201918 0.007482
v 0.670000 -0.205753 0.007482
v 0.670000 -0.209589 0.007482
v 0.640411 -0.220000 0.001150
v 0.659589 -0.220000 0.001150
v 0.659589 -0.220000 0.007482
v 0.655753 -0.220000 0.007482
v 0.651918 -0.220000 0.007482
v 0.648082 -0.220000 0.007482
v 0.644247 -0.220000 0.007482
v 0.640411 -0.220000 0.007482
v 0.630000 -0.190411 0.001150
v 0.630000 -0.209589 0.001150
v 0.630000 -0.209589 0.007482
v 0.630000 -0.205753 0.007482
v 0.630000 -0.201918 0.007482
v 0.630000 -0.198082 0.007482
v 0.630000 -0.194247 0.007482
v 0.630000 -0.190411 0.007482
v -0.420000 -0.220000 0.027007
v -0.420000 -0.180000 0.027007
v -0.380000 -0.180000 0.027007
v -0.380000 -0.220000 0.027007
v -0.420000 -0.180000 -0.057813
v -0.420000 -0.220000 -0.057813
v -0.380000 -0.180000 -0.057813
v -0.380000 -0.220000 -0.057813
v -0.370000 -0.370000 0.049013
v -0.370000 -0.330000 0.049013
v -0.330000 -0.330000 0.049013
v -0.330000 -0.370000 0.049013
v -0.370000 -0.330000 -0.035807
v -0.370000 -0.370000 -0.035807
v -0.330000 -0.330000 -0.035807
v -0.330000 -0.370000 -0.035807
v 0.470000 -0.470000 0.042336
v 0.430000 -0.470000 0.042336
v 0.430000 -0.430000 0.042336
v 0.470000 -0.430000 0.042336
v 0.430000 -0.470000 -0.042483
v 0.470000 -0.470000 -0.042483
v 0.430000 -0.430000 -0.042483
v 0.470000 -0.430000 -0.042483
v 0.630000 -0.220000 0.038964
v 0.630000 -0.180000 0.038964
v 0.670000 -0.180000 0.038964
v 0.670000 -0.220000 0.038964
v 0.630000 -0.180000 -0.045856
v 0.630000 -0.220000 -0.045856
v 0.670000 -0.180000 -0.045856
v 0.670000 -0.220000 -0.045856
v -0.380000 -0.380000 0.059106
v -0.380000 -0.420000 0.059106
v -0.420000 -0.420000 0.059106
v -0.420000 -0.380000 0.059106
v -0.380000 -0.420000 -0.025714
v -0.380000 -0.380000 -0.025714
v -0.420000 -0.420000 -0.025714
v -0.420000 -0.380000 -0.025714
v 0.670000 -0.230000 -0.028278
v 0.666582 -0.239597 0.026536
v 0.670000 -0.270000 -0.028278
v 0.666581 -0.260403 0.026536
v 0.630000 -0.230000 -0.028278
v 0.633419 -0.239597 0.026536
v 0.630000 -0.270000 -0.028278
v 0.633419 -0.260403 0.026536
v 0.670000 -0.230000 0.011972
v 0.670000 -0.270000 0.011972
v 0.630000 -0.270000 0.011972
v 0.630000 -0.230000 0.011972
v 0.663424 -0.270000 0.001998
v 0.630000 -0.263424 0.001998
v 0.663424 -0.230000 0.001998
v 0.670000 -0.255753 0.008330
v 0.651918 -0.270000 0.001998
v 0.640411 -0.270000 0.008330
v 0.630000 -0.244247 0.001998
v 0.630000 -0.248082 0.008330
v 0.659589 -0.230000 0.001998
v 0.651918 -0.230000 0.001998
v 0.648082 -0.230000 0.008330
v 0.651918 -0.230000 0.008330
v 0.670000 -0.259589 0.001998
v 0.670000 -0.240411 0.001998
v 0.670000 -0.240411 0.008330
v 0.670000 -0.244247 0.008330
v 0.670000 -0.248082 0.008330
v 0.670000 -0.251918 0.008330
v 0.670000 -0.255753 0.008330
v 0.670000 -0.259589 0.008330
v 0.640411 -0.270000 0.001998
v 0.659589 -0.270000 0.001998
v 0.659589 -0.270000 0.008330
v 0.655753 -0.270000 0.008330
v 0.651918 -0.270000 0.008330
v 0.648082 -0.270000 0.008330
v 0.644247 -0.270000 0.008330
v 0.640411 -0.270000 0.008330
v 0.630000 -0.240411 0.001998
v 0.630000 -0.259589 0.001998
v 0.630000 -0.259589 0.008330
v 0.630000 -0.255753 0.008330
v 0.630000 -0.251918 0.008330
v 0.630000 -0.248082 0.008330
v 0.630000 -0.244247 0.008330
v 0.630000 -0.240411 0.008330
v 0.659589 -0.230000 0.001998
v 0.640411 -0.230000 0.001998
v 0.640411 -0.230000 0.008330
v 0.644247 -0.230000 0.008330
v 0.648082 -0.230000 0.008330
v 0.651918 -0.230000 0.008330
v 0.655753 -0.230000 0.008330
v 0.659589 -0.230000 0.008330
v 0.320000 0.380000 0.058033
v 0.280000 0.380000 0.058033
v 0.280000 0.420000 0.058033
v 0.320000 0.420000 0.058033
v 0.280000 0.380000 -0.026786
v 0.320000 0.380000 -0.026786
v 0.280000 0.420000 -0.026786
v 0.320000 0.420000 -0.026786
v 0.070000 0.370000 0.076548
v 0.070000 0.330000 0.076548
v 0.030000 0.330000 0.076548
v 0.030000 0.370000 0.076548
v 0.070000 0.330000 -0.008272
v 0.070000 0.370000 -0.008272
v 0.030000 0.330000 -0.008272
v 0.030000 0.370000 -0.008272
v 0.070000 0.570000 0.015447
v 0.066581 0.560403 0.070261
v 0.070000 0.530000 0.015447
v 0.066581 0.539597 0.070261
v 0.030000 0.570000 0.015447
v 0.033419 0.560403 0.070261
v 0.030000 0.530000 0.015447
v 0.033419 0.539597 0.070261
v 0.070000 0.570000 0.055696
v 0.070000 0.530000 0.055696
v 0.030000 0.530000 0.055696
v 0.030000 0.570000 0.055696
v 0.070000 0.563424 0.045723
v 0.063424 0.530000 0.052055
v 0.030000 0.536576 0.045723
v 0.030000 0.563424 0.045723
v 0.036576 0.570000 0.045723
v 0.063424 0.570000 0.045723
v 0.070000 0.544247 0.045723
v 0.070000 0.551918 0.045723
v 0.070000 0.559589 0.045723
v 0.070000 0.555753 0.052055
v 0.044247 0.530000 0.045723
v 0.048082 0.530000 0.052055
v 0.044247 0.530000 0.052055
v 0.030000 0.551918 0.045723
v 0.030000 0.544247 0.045723
v 0.030000 0.544247 0.052055
v 0.030000 0.551918 0.052055
v 0.070000 0.540411 0.045723
v 0.070000 0.559589 0.045723
v 0.070000 0.559589 0.052055
v 0.070000 0.555753 0.052055
v 0.070000 0.551918 0.052055
v 0.070000 0.548082 0.052055
v 0.070000 0.544247 0.052055
v 0.070000 0.540411 0.052055
v 0.040411 0.530000 0.045723
v 0.059589 0.530000 0.045723
v 0.059589 0.530000 0.052055
v 0.055753 0.530000 0.052055
v 0.051918 0.530000 0.052055
v 0.048082 0.530000 0.052055
v 0.044247 0.530000 0.052055
v 0.040411 0.530000 0.052055
v 0.030000 0.559589 0.045723
v 0.030000 0.540411 0.045723
v 0.030000 0.540411 0.052055
v 0.030000 0.544247 0.052055
v 0.030000 0.548082 0.052055
v 0.030000 0.551918 0.052055
v 0.030000 0.555753 0.052055
v 0.030000 0.559589 0.052055
v 0.059589 0.570000 0.045723
v 0.040411 0.570000 0.045723
v 0.040411 0.570000 0.052055
v 0.044247 0.570000 0.052055
v 0.048082 0.570000 0.052055
v 0.051918 0.570000 0.052055
v 0.055753 0.570000 0.052055
v 0.059589 0.570000 0.052055
v 0.320000 -0.470000 0.059708
v 0.280000 -0.470000 0.059708
v 0.280000 -0.430000 0.059708
v 0.320000 -0.430000 0.059708
v 0.280000 -0.470000 -0.025112
v 0.320000 -0.470000 -0.025112
v 0.280000 -0.430000 -0.025112
v 0.320000 -0.430000 -0.025112
v 0.070000 0.280000 0.073334
v 0.030000 0.280000 0.073334
v 0.030000 0.320000 0.073334
v 0.070000 0.320000 0.073334
v 0.030000 0.280000 -0.011486
v 0.070000 0.280000 -0.011486
v 0.030000 0.320000 -0.011486
v 0.070000 0.320000 -0.011486
v 0.070000 0.230000 0.077977
v 0.030000 0.230000 0.077977
v 0.030000 0.270000 0.077977
v 0.070000 0.270000 0.077977
v 0.030000 0.230000 -0.006842
v 0.070000 0.230000 -0.006842
v 0.030000 0.270000 -0.006842
v 0.070000 0.270000 -0.006842
v -0.120000 0.330000 -0.001449
v -0.116581 0.339597 0.053365
v -0.120000 0.370000 -0.001449
v -0.116581 0.360403 0.053365
v -0.080000 0.330000 -0.001449
v -0.083419 0.339597 0.053365
v -0.080000 0.370000 -0.001449
v -0.083419 0.360403 0.053365
v -0.120000 0.330000 0.038800
v -0.120000 0.370000 0.038800
v -0.080000 0.370000 0.038800
v -0.080000 0.330000 0.038800
v -0.120000 0.336576 0.035159
v -0.120000 0.363424 0.028827
v -0.113424 0.370000 0.035159
v -0.086576 0.370000 0.028827
v -0.080000 0.363424 0.028827
v -0.080000 0.336576 0.035159
v -0.086576 0.330000 0.035159
v -0.113424 0.330000 0.035159
v -0.120000 0.355753 0.028827
v -0.120000 0.351918 0.028827
v -0.120000 0.355753 0.035159
v -0.090411 0.370000 0.028827
v -0.094247 0.370000 0.028827
v -0.098082 0.370000 0.028827
v -0.101918 0.370000 0.028827
v -0.105753 0.370000 0.028827
v -0.109589 0.370000 0.028827
v -0.098082 0.370000 0.035159
v -0.080000 0.355753 0.028827
v -0.109589 0.330000 0.028827
v -0.105753 0.330000 0.028827
v -0.101918 0.330000 0.028827
v -0.098082 0.330000 0.028827
v -0.094247 0.330000 0.035159
v -0.120000 0.359589 0.028827
v -0.120000 0.340411 0.028827
v -0.120000 0.340411 0.035159
v -0.120000 0.344247 0.035159
v -0.120000 0.348082 0.035159
v -0.120000 0.351918 0.035159
v -0.120000 0.355753 0.035159
v -0.120000 0.359589 0.035159
v -0.090411 0.370000 0.028827
v -0.109589 0.370000 0.028827
v -0.109589 0.370000 0.035159
v -0.105753 0.370000 0.035159
v -0.101918 0.370000 0.035159
v -0.098082 0.370000 0.035159
v -0.094247 0.370000 0.035159
v -0.090411 0.370000 0.035159
v -0.080000 0.340411 0.028827
v -0.080000 0.359589 0.028827
v -0.080000 0.359589 0.035159
v -0.080000 0.355753 0.035159
v -0.080000 0.351918 0.035159
v -0.080000 0.348082 0.035159
v -0.080000 0.344247 0.035159
v -0.080000 0.340411 0.035159
v -0.109589 0.330000 0.028827
v -0.090411 0.330000 0.028827
v -0.090411 0.330000 0.035159
v -0.094247 0.330000 0.035159
v -0.098082 0.330000 0.035159
v -0.101918 0.330000 0.035159
v -0.105753 0.330000 0.035159
v -0.109589 0.330000 0.035159
v 0.130000 -0.620000 0.060054
v 0.130000 -0.580000 0.060054
v 0.170000 -0.580000 0.060054
v 0.170000 -0.620000 0.060054
v 0.130000 -0.580000 -0.024766
v 0.130000 -0.620000 -0.024766
v 0.170000 -0.580000 -0.024766
v 0.170000 -0.620000 -0.024766
v -0.120000 -0.830000 -0.045237
v -0.110403 -0.833419 0.009578
v -0.080000 -0.830000 -0.045237
v -0.089597 -0.833419 0.009578
v -0.120000 -0.870000 -0.045237
v -0.110403 -0.866581 0.009578
v -0.080000 -0.870000 -0.045237
v -0.089597 -0.866581 0.009578
v -0.120000 -0.830000 -0.004987
v -0.080000 -0.830000 -0.004987
v -0.080000 -0.870000 -0.004987
v -0.120000 -0.870000 -0.004987
v -0.113424 -0.830000 -0.014960
v -0.086576 -0.870000 -0.008629
v -0.113424 -0.870000 -0.014960
v -0.094247 -0.830000 -0.014960
v -0.098082 -0.830000 -0.014960
v -0.101918 -0.830000 -0.014960
v -0.105753 -0.830000 -0.014960
v -0.109589 -0.830000 -0.014960
v -0.080000 -0.855753 -0.014960
v -0.080000 -0.851918 -0.014960
v -0.080000 -0.844247 -0.014960
v -0.080000 -0.855753 -0.008629
v -0.109589 -0.870000 -0.014960
v -0.105753 -0.870000 -0.014960
v -0.101918 -0.870000 -0.014960
v -0.098082 -0.870000 -0.014960
v -0.090411 -0.870000 -0.014960
v -0.094247 -0.870000 -0.008629
v -0.120000 -0.844247 -0.014960
v -0.120000 -0.848082 -0.014960
v -0.120000 -0.851918 -0.014960
v -0.120000 -0.855753 -0.014960
v -0.120000 -0.851918 -0.008629
v -0.120000 -0.848082 -0.008629
v -0.120000 -0.844247 -0.008629
v -0.090411 -0.830000 -0.014960
v -0.109589 -0.830000 -0.014960
v -0.109589 -0.830000 -0.008629
v -0.105753 -0.830000 -0.008629
v -0.101918 -0.830000 -0.008629
v -0.098082 -0.830000 -0.008629
v -0.094247 -0.830000 -0.008629
v -0.090411 -0.830000 -0.008629
v -0.080000 -0.859589 -0.014960
v -0.080000 -0.840411 -0.014960
v -0.080000 -0.840411 -0.008629
v -0.080000 -0.844247 -0.008629
v -0.080000 -0.848082 -0.008629
v -0.080000 -0.851918 -0.008629
v -0.080000 -0.855753 -0.008629
v -0.080000 -0.859589 -0.008629
v -0.109589 -0.870000 -0.014960
v -0.090411 -0.870000 -0.014960
v -0.090411 -0.870000 -0.008629
v -0.094247 -0.870000 -0.008629
v -0.098082 -0.870000 -0.008629
v -0.101918 -0.870000 -0.008629
v -0.105753 -0.870000 -0.008629
v -0.109589 -0.870000 -0.008629
v -0.120000 -0.840411 -0.014960
v -0.120000 -0.859589 -0.014960
v -0.120000 -0.859589 -0.008629
v -0.120000 -0.855753 -0.008629
v -0.120000 -0.851918 -0.008629
v -0.120000 -0.848082 -0.008629
v -0.120000 -0.844247 -0.008629
v -0.120000 -0.840411 -0.008629
v 0.020000 0.570000 0.087895
v 0.020000 0.530000 0.087895
v -0.020000 0.530000 0.087895
v -0.020000 0.570000 0.087895
v 0.020000 0.530000 0.003075
v 0.020000 0.570000 0.003075
v -0.020000 0.530000 0.003075
v -0.020000 0.570000 0.003075
v 0.170000 -0.620000 0.058451
v 0.130000 -0.620000 0.058451
v 0.130000 -0.580000 0.058451
v 0.170000 -0.580000 0.058451
v 0.130000 -0.620000 -0.026369
v 0.170000 -0.620000 -0.026369
v 0.130000 -0.580000 -0.026369
v 0.170000 -0.580000 -0.026369
v 0.670000 -0.280000 0.040408
v 0.670000 -0.320000 0.040408
v 0.630000 -0.320000 0.040408
v 0.630000 -0.280000 0.040408
v 0.670000 -0.320000 -0.044412
v 0.670000 -0.280000 -0.044412
v 0.630000 -0.320000 -0.044412
v 0.630000 -0.280000 -0.044412
v 0.620000 -0.120000 0.064606
v 0.580000 -0.120000 0.064606
v 0.580000 -0.080000 0.064606
v 0.620000 -0.080000 0.064606
v 0.580000 -0.120000 -0.020214
v 0.620000 -0.120000 -0.020214
v 0.580000 -0.080000 -0.020214
v 0.620000 -0.080000 -0.020214
v 0.570000 -0.380000 -0.023571
v 0.566581 -0.389597 0.031243
v 0.570000 -0.420000 -0.023571
v 0.566581 -0.410403 0.031243
v 0.530000 -0.380000 -0.023571
v 0.533419 -0.389597 0.031243
v 0.530000 -0.420000 -0.023571
v 0.533419 -0.410403 0.031243
v 0.570000 -0.380000 0.016678
v 0.570000 -0.420000 0.016678
v 0.530000 -0.420000 0.016678
v 0.530000 -0.380000 0.016678
v 0.570000 -0.386576 0.006705
v 0.570000 -0.386576 0.013037
v 0.570000 -0.413424 0.013037
v 0.563424 -0.420000 0.006705
v 0.563424 -0.420000 0.013037
v 0.536576 -0.420000 0.006705
v 0.530000 -0.386576 0.006705
v 0.536576 -0.380000 0.006705
v 0.563424 -0.380000 0.006705
v 0.570000 -0.398082 0.006705
v 0.540411 -0.420000 0.006705
v 0.548082 -0.420000 0.006705
v 0.555753 -0.420000 0.006705
v 0.530000 -0.390411 0.006705
v 0.530000 -0.398082 0.006705
v 0.530000 -0.401918 0.006705
v 0.530000 -0.405753 0.006705
v 0.559589 -0.380000 0.006705
v 0.555753 -0.380000 0.006705
v 0.551918 -0.380000 0.013037
v 0.570000 -0.409589 0.006705
v 0.570000 -0.390411 0.006705
v 0.570000 -0.390411 0.013037
v 0.570000 -0.394247 0.013037
v 0.570000 -0.398082 0.013037
v 0.570000 -0.401918 0.013037
v 0.570000 -0.405753 0.013037
v 0.570000 -0.409589 0.013037
v 0.540411 -0.420000 0.006705
v 0.559589 -0.420000 0.006705
v 0.559589 -0.420000 0.013037
v 0.555753 -0.420000 0.013037
v 0.551918 -0.420000 0.013037
v 0.548082 -0.420000 0.013037
v 0.544247 -0.420000 0.013037
v 0.540411 -0.420000 0.013037
v 0.530000 -0.390411 0.006705
v 0.530000 -0.409589 0.006705
v 0.530000 -0.409589 0.013037
v 0.530000 -0.405753 0.013037
v 0.530000 -0.401918 0.013037
v 0.530000 -0.398082 0.013037
v 0.530000 -0.394247 0.013037
v 0.530000 -0.390411 0.013037
v 0.559589 -0.380000 0.006705
v 0.540411 -0.380000 0.006705
v 0.540411 -0.380000 0.013037
v 0.544247 -0.380000 0.013037
v 0.548082 -0.380000 0.013037
v 0.551918 -0.380000 0.013037
v 0.555753 -0.380000 0.013037
v 0.559589 -0.380000 0.013037
v -0.070000 0.270000 -0.009543
v -0.060403 0.266581 0.045272
v -0.030000 0.270000 -0.009543
v -0.039597 0.266581 0.045272
v -0.070000 0.230000 -0.009543
v -0.060403 0.233419 0.045272
v -0.030000 0.230000 -0.009543
v -0.039597 0.233419 0.045272
v -0.070000 0.270000 0.030707
v -0.030000 0.270000 0.030707
v -0.030000 0.230000 0.030707
v -0.070000 0.230000 0.030707
v -0.063424 0.270000 0.027065
v -0.036576 0.270000 0.020734
v -0.036576 0.230000 0.020734
v -0.063424 0.230000 0.020734
v -0.040411 0.270000 0.020734
v -0.044247 0.270000 0.020734
v -0.048082 0.270000 0.020734
v -0.051918 0.270000 0.020734
v -0.055753 0.270000 0.020734
v -0.059589 0.270000 0.020734
v -0.030000 0.255753 0.020734
v -0.059589 0.230000 0.020734
v -0.044247 0.230000 0.020734
v -0.040411 0.230000 0.020734
v -0.070000 0.255753 0.020734
v -0.070000 0.251918 0.020734
v -0.070000 0.248082 0.020734
v -0.070000 0.244247 0.020734
v -0.070000 0.244247 0.027065
v -0.070000 0.255753 0.027065
v -0.040411 0.270000 0.020734
v -0.059589 0.270000 0.020734
v -0.059589 0.270000 0.027065
v -0.055753 0.270000 0.027065
v -0.051918 0.270000 0.027065
v -0.048082 0.270000 0.027065
v -0.044247 0.270000 0.027065
v -0.040411 0.270000 0.027065
v -0.030000 0.240411 0.020734
v -0.030000 0.259589 0.020734
v -0.030000 0.259589 0.027065
v -0.030000 0.255753 0.027065
v -0.030000 0.251918 0.027065
v -0.030000 0.248082 0.027065
v -0.030000 0.244247 0.027065
v -0.030000 0.240411 0.027065
v -0.059589 0.230000 0.020734
v -0.040411 0.230000 0.020734
v -0.040411 0.230000 0.027065
v -0.044247 0.230000 0.027065
v -0.048082 0.230000 0.027065
v -0.051918 0.230000 0.027065
v -0.055753 0.230000 0.027065
v -0.059589 0.230000 0.027065
v -0.070000 0.259589 0.020734
v -0.070000 0.240411 0.020734
v -0.070000 0.240411 0.027065
v -0.070000 0.244247 0.027065
v -0.070000 0.248082 0.027065
v -0.070000 0.251918 0.027065
v -0.070000 0.255753 0.027065
v -0.070000 0.259589 0.027065
v 0.370000 -0.220000 0.091429
v 0.330000 -0.220000 0.091429
v 0.330000 -0.180000 0.091429
v 0.370000 -0.180000 0.091429
v 0.330000 -0.220000 0.006610
v 0.370000 -0.220000 0.006610
v 0.330000 -0.180000 0.006610
v 0.370000 -0.180000 0.006610
v -0.370000 -0.430000 0.056018
v -0.330000 -0.430000 0.056018
v -0.330000 -0.470000 0.056018
v -0.370000 -0.470000 0.056018
v -0.330000 -0.430000 -0.028802
v -0.370000 -0.430000 -0.028802
v -0.330000 -0.470000 -0.028802
v -0.370000 -0.470000 -0.028802
v 0.230000 -0.320000 -0.063598
v 0.233419 -0.310403 -0.008784
v 0.230000 -0.280000 -0.063598
v 0.233419 -0.289597 -0.008784
v 0.270000 -0.320000 -0.063598
v 0.266581 -0.310403 -0.008784
v 0.270000 -0.280000 -0.063598
v 0.266581 -0.289597 -0.008784
v 0.230000 -0.320000 -0.023349
v 0.230000 -0.280000 -0.023349
v 0.270000 -0.280000 -0.023349
v 0.270000 -0.320000 -0.023349
v 0.230000 -0.313424 -0.033322
v 0.230000 -0.286576 -0.033322
v 0.270000 -0.286576 -0.033322
v 0.270000 -0.286576 -0.026990
v 0.270000 -0.313424 -0.033322
v 0.263424 -0.320000 -0.033322
v 0.236576 -0.320000 -0.033322
v 0.230000 -0.290411 -0.033322
v 0.230000 -0.298082 -0.033322
v 0.230000 -0.301918 -0.033322
v 0.230000 -0.305753 -0.033322
v 0.230000 -0.309589 -0.033322
v 0.244247 -0.280000 -0.033322
v 0.240411 -0.280000 -0.033322
v 0.270000 -0.309589 -0.033322
v 0.270000 -0.298082 -0.033322
v 0.240411 -0.320000 -0.033322
v 0.244247 -0.320000 -0.033322
v 0.248082 -0.320000 -0.033322
v 0.255753 -0.320000 -0.033322
v 0.255753 -0.320000 -0.026990
v 0.230000 -0.290411 -0.033322
v 0.230000 -0.309589 -0.033322
v 0.230000 -0.309589 -0.026990
v 0.230000 -0.305753 -0.026990
v 0.230000 -0.301918 -0.026990
v 0.230000 -0.298082 -0.026990
v 0.230000 -0.294247 -0.026990
v 0.230000 -0.290411 -0.026990
v 0.259589 -0.280000 -0.033322
v 0.240411 -0.280000 -0.033322
v 0.240411 -0.280000 -0.026990
v 0.244247 -0.280000 -0.026990
v 0.248082 -0.280000 -0.026990
v 0.251918 -0.280000 -0.026990
v 0.255753 -0.280000 -0.026990
v 0.259589 -0.280000 -0.026990
v 0.270000 -0.309589 -0.033322
v 0.270000 -0.290411 -0.033322
v 0.270000 -0.290411 -0.026990
v 0.270000 -0.294247 -0.026990
v 0.270000 -0.298082 -0.026990
v 0.270000 -0.301918 -0.026990
v 0.270000 -0.305753 -0.026990
v 0.270000 -0.309589 -0.026990
v 0.240411 -0.320000 -0.033322
v 0.259589 -0.320000 -0.033322
v 0.259589 -0.320000 -0.026990
v 0.255753 -0.320000 -0.026990
v 0.251918 -0.320000 -0.026990
v 0.248082 -0.320000 -0.026990
v 0.244247 -0.320000 -0.026990
v 0.240411 -0.320000 -0.026990
v 0.120000 0.630000 0.077492
v 0.080000 0.630000 0.077492
v 0.080000 0.670000 0.077492
v 0.120000 0.670000 0.077492
v 0.080000 0.630000 -0.007328
v 0.120000 0.630000 -0.007328
v 0.080000 0.670000 -0.007328
v 0.120000 0.670000 -0.007328
v -0.230000 -0.420000 -0.016107
v -0.239597 -0.416581 0.038707
v -0.270000 -0.420000 -0.016107
v -0.260403 -0.416581 0.038707
v -0.230000 -0.380000 -0.016107
v -0.239597 -0.383419 0.038707
v -0.270000 -0.380000 -0.016107
v -0.260403 -0.383419 0.038707
v -0.230000 -0.420000 0.024142
v -0.270000 -0.420000 0.024142
v -0.270000 -0.380000 0.024142
v -0.230000 -0.380000 0.024142
v -0.263424 -0.420000 0.014169
v -0.270000 -0.413424 0.014169
v -0.270000 -0.386576 0.014169
v -0.263424 -0.380000 0.014169
v -0.263424 -0.380000 0.020501
v -0.236576 -0.380000 0.014169
v -0.230000 -0.386576 0.014169
v -0.230000 -0.413424 0.014169
v -0.259589 -0.420000 0.014169
v -0.251918 -0.420000 0.014169
v -0.248082 -0.420000 0.014169
v -0.244247 -0.420000 0.020501
v -0.248082 -0.420000 0.020501
v -0.270000 -0.390411 0.014169
v -0.270000 -0.394247 0.014169
v -0.270000 -0.398082 0.014169
v -0.270000 -0.401918 0.014169
v -0.270000 -0.405753 0.014169
v -0.270000 -0.409589 0.014169
v -0.240411 -0.380000 0.014169
v -0.248082 -0.380000 0.014169
v -0.251918 -0.380000 0.014169
v -0.230000 -0.409589 0.014169
v -0.230000 -0.405753 0.014169
v -0.230000 -0.401918 0.014169
v -0.230000 -0.398082 0.014169
v -0.230000 -0.394247 0.014169
v -0.230000 -0.390411 0.014169
v -0.259589 -0.420000 0.014169
v -0.240411 -0.420000 0.014169
v -0.240411 -0.420000 0.020501
v -0.244247 -0.420000 0.020501
v -0.248082 -0.420000 0.020501
v -0.251918 -0.420000 0.020501
v -0.255753 -0.420000 0.020501
v -0.259589 -0.420000 0.020501
v -0.270000 -0.390411 0.014169
v -0.270000 -0.409589 0.014169
v -0.270000 -0.409589 0.020501
v -0.270000 -0.405753 0.020501
v -0.270000 -0.401918 0.020501
v -0.270000 -0.398082 0.020501
v -0.270000 -0.394247 0.020501
v -0.270000 -0.390411 0.020501
v -0.240411 -0.380000 0.014169
v -0.259589 -0.380000 0.014169
v -0.259589 -0.380000 0.020501
v -0.255753 -0.380000 0.020501
v -0.251918 -0.380000 0.020501
v -0.248082 -0.380000 0.020501
v -0.244247 -0.380000 0.020501
v -0.240411 -0.380000 0.020501
v -0.230000 -0.409589 0.014169
v -0.230000 -0.390411 0.014169
v -0.230000 -0.390411 0.020501
v -0.230000 -0.394247 0.020501
v -0.230000 -0.398082 0.020501
v -0.230000 -0.401918 0.020501
v -0.230000 -0.405753 0.020501
v -0.230000 -0.409589 0.020501
v 0.130000 -0.520000 -0.008967
v 0.133419 -0.510403 0.045847
v 0.130000 -0.480000 -0.008967
v 0.133419 -0.489597 0.045847
v 0.170000 -0.520000 -0.008967
v 0.166581 -0.510403 0.045847
v 0.170000 -0.480000 -0.008967
v 0.166581 -0.489597 0.045847
v 0.130000 -0.520000 0.031283
v 0.130000 -0.480000 0.031283
v 0.170000 -0.480000 0.031283
v 0.170000 -0.520000 0.031283
v 0.130000 -0.486576 0.021309
v 0.136576 -0.480000 0.021309
v 0.163424 -0.480000 0.027641
v 0.170000 -0.486576 0.021309
v 0.170000 -0.486576 0.027641
v 0.170000 -0.513424 0.021309
v 0.163424 -0.520000 0.021309
v 0.136576 -0.520000 0.021309
v 0.130000 -0.490411 0.021309
v 0.130000 -0.498082 0.021309
v 0.130000 -0.501918 0.021309
v 0.130000 -0.505753 0.021309
v 0.159589 -0.480000 0.021309
v 0.151918 -0.480000 0.021309
v 0.144247 -0.480000 0.021309
v 0.140411 -0.480000 0.021309
v 0.170000 -0.501918 0.021309
v 0.170000 -0.498082 0.021309
v 0.170000 -0.494247 0.021309
v 0.140411 -0.520000 0.021309
v 0.144247 -0.520000 0.021309
v 0.148082 -0.520000 0.021309
v 0.151918 -0.520000 0.021309
v 0.155753 -0.520000 0.027641
v 0.130000 -0.490411 0.021309
v 0.130000 -0.509589 0.021309
v 0.130000 -0.509589 0.027641
v 0.130000 -0.505753 0.027641
v 0.130000 -0.501918 0.027641
v 0.130000 -0.498082 0.027641
v 0.130000 -0.494247 0.027641
v 0.130000 -0.490411 0.027641
v 0.159589 -0.480000 0.021309
v 0.140411 -0.480000 0.021309
v 0.140411 -0.480000 0.027641
v 0.144247 -0.480000 0.027641
v 0.148082 -0.480000 0.027641
v 0.151918 -0.480000 0.027641
v 0.155753 -0.480000 0.027641
v 0.159589 -0.480000 0.027641
v 0.170000 -0.509589 0.021309
v 0.170000 -0.490411 0.021309
v 0.170000 -0.490411 0.027641
v 0.170000 -0.494247 0.027641
v 0.170000 -0.498082 0.027641
v 0.170000 -0.501918 0.027641
v 0.170000 -0.505753 0.027641
v 0.170000 -0.509589 0.027641
v 0.140411 -0.520000 0.021309
v 0.159589 -0.520000 0.021309
v 0.159589 -0.520000 0.027641
v 0.155753 -0.520000 0.027641
v 0.151918 -0.520000 0.027641
v 0.148082 -0.520000 0.027641
v 0.144247 -0.520000 0.027641
v 0.140411 -0.520000 0.027641
v -0.230000 -0.370000 0.050659
v -0.270000 -0.370000 0.050659
v -0.270000 -0.330000 0.050659
v -0.230000 -0.330000 0.050659
v -0.270000 -0.370000 -0.034161
v -0.230000 -0.370000 -0.034161
v -0.270000 -0.330000 -0.034161
v -0.230000 -0.330000 -0.034161
v 0.170000 0.620000 0.061570
v 0.170000 0.580000 0.061570
v 0.130000 0.580000 0.061570
v 0.130000 0.620000 0.061570
v 0.170000 0.580000 -0.023249
v 0.170000 0.620000 -0.023249
v 0.130000 0.580000 -0.023249
v 0.130000 0.620000 -0.023249
v -0.020000 -0.320000 0.098167
v -0.020000 -0.280000 0.098167
v 0.020000 -0.280000 0.098167
v 0.020000 -0.320000 0.098167
v -0.020000 -0.280000 0.013347
v -0.020000 -0.320000 0.013347
v 0.020000 -0.280000 0.013347
v 0.020000 -0.320000 0.013347
v 0.270000 0.620000 0.060058
v 0.270000 0.580000 0.060058
v 0.230000 0.580000 0.060058
v 0.230000 0.620000 0.060058
v 0.270000 0.580000 -0.024761
v 0.270000 0.620000 -0.024761
v 0.230000 0.580000 -0.024761
v 0.230000 0.620000 -0.024761
v -0.120000 -0.230000 0.009542
v -0.080000 -0.230000 0.009542
v -0.080000 -0.270000 0.009542
v -0.120000 -0.270000 0.009542
v -0.080000 -0.230000 -0.075278
v -0.120000 -0.230000 -0.075278
v -0.080000 -0.270000 -0.075278
v -0.120000 -0.270000 -0.075278
v 0.320000 -0.330000 0.009228
v 0.320000 -0.370000 0.009228
v 0.280000 -0.370000 0.009228
v 0.280000 -0.330000 0.009228
v 0.320000 -0.370000 -0.075592
v 0.320000 -0.330000 -0.075592
v 0.280000 -0.370000 -0.075592
v 0.280000 -0.330000 -0.075592
v -0.070000 -0.620000 -0.063071
v -0.066581 -0.610403 -0.008257
v -0.070000 -0.580000 -0.063071
v -0.066581 -0.589597 -0.008257
v -0.030000 -0.620000 -0.063071
v -0.033419 -0.610403 -0.008257
v -0.030000 -0.580000 -0.063071
v -0.033419 -0.589597 -0.008257
v -0.070000 -0.620000 -0.022822
v -0.070000 -0.580000 -0.022822
v -0.030000 -0.580000 -0.022822
v -0.030000 -0.620000 -0.022822
v -0.070000 -0.613424 -0.032795
v -0.070000 -0.586576 -0.032795
v -0.063424 -0.580000 -0.032795
v -0.036576 -0.580000 -0.032795
v -0.030000 -0.586576 -0.032795
v -0.030000 -0.613424 -0.032795
v -0.036576 -0.620000 -0.026463
v -0.063424 -0.620000 -0.032795
v -0.070000 -0.594247 -0.032795
v -0.070000 -0.605753 -0.032795
v -0.070000 -0.609589 -0.032795
v -0.070000 -0.605753 -0.026463
v -0.040411 -0.580000 -0.032795
v -0.044247 -0.580000 -0.032795
v -0.048082 -0.580000 -0.032795
v -0.030000 -0.609589 -0.032795
v -0.030000 -0.605753 -0.032795
v -0.030000 -0.601918 -0.032795
v -0.030000 -0.598082 -0.032795
v -0.030000 -0.594247 -0.032795
v -0.059589 -0.620000 -0.032795
v -0.055753 -0.620000 -0.032795
v -0.051918 -0.620000 -0.032795
v -0.044247 -0.620000 -0.032795
v -0.040411 -0.620000 -0.032795
v -0.070000 -0.590411 -0.032795
v -0.070000 -0.609589 -0.032795
v -0.070000 -0.609589 -0.026463
v -0.070000 -0.605753 -0.026463
v -0.070000 -0.601918 -0.026463
v -0.070000 -0.598082 -0.026463
v -0.070000 -0.594247 -0.026463
v -0.070000 -0.590411 -0.026463
v -0.040411 -0.580000 -0.032795
v -0.059589 -0.580000 -0.032795
v -0.059589 -0.580000 -0.026463
v -0.055753 -0.580000 -0.026463
v -0.051918 -0.580000 -0.026463
v -0.048082 -0.580000 -0.026463
v -0.044247 -0.580000 -0.026463
v -0.040411 -0.580000 -0.026463
v -0.030000 -0.609589 -0.032795
v -0.030000 -0.590411 -0.032795
v -0.030000 -0.590411 -0.026463
v -0.030000 -0.594247 -0.026463
v -0.030000 -0.598082 -0.026463
v -0.030000 -0.601918 -0.026463
v -0.030000 -0.605753 -0.026463
v -0.030000 -0.609589 -0.026463
v -0.059589 -0.620000 -0.032795
v -0.040411 -0.620000 -0.032795
v -0.040411 -0.620000 -0.026463
v -0.044247 -0.620000 -0.026463
v -0.048082 -0.620000 -0.026463
v -0.051918 -0.620000 -0.026463
v -0.055753 -0.620000 -0.026463
v -0.059589 -0.620000 -0.026463
v -0.020000 -0.570000 -0.050740
v -0.016581 -0.560403 0.004074
v -0.020000 -0.530000 -0.050740
v -0.016581 -0.539597 0.004074
v 0.020000 -0.570000 -0.050740
v 0.016581 -0.560403 0.004074
v 0.020000 -0.530000 -0.050740
v 0.016581 -0.539597 0.004074
v -0.020000 -0.570000 -0.010490
v -0.020000 -0.530000 -0.010490
v 0.020000 -0.530000 -0.010490
v 0.020000 -0.570000 -0.010490
v -0.020000 -0.563424 -0.020464
v -0.013424 -0.530000 -0.014132
v 0.013424 -0.530000 -0.020464
v 0.020000 -0.536576 -0.020464
v 0.020000 -0.536576 -0.014132
v 0.020000 -0.563424 -0.014132
v 0.020000 -0.563424 -0.020464
v -0.020000 -0.544247 -0.020464
v -0.020000 -0.555753 -0.020464
v -0.020000 -0.555753 -0.014132
v -0.020000 -0.548082 -0.014132
v 0.009589 -0.530000 -0.020464
v 0.005753 -0.530000 -0.020464
v -0.005753 -0.530000 -0.020464
v -0.005753 -0.530000 -0.014132
v 0.009589 -0.530000 -0.014132
v 0.020000 -0.544247 -0.020464
v -0.001918 -0.570000 -0.020464
v 0.001918 -0.570000 -0.020464
v 0.005753 -0.570000 -0.020464
v -0.020000 -0.540411 -0.020464
v -0.020000 -0.559589 -0.020464
v -0.020000 -0.559589 -0.014132
v -0.020000 -0.555753 -0.014132
v -0.020000 -0.551918 -0.014132
v -0.020000 -0.548082 -0.014132
v -0.020000 -0.544247 -0.014132
v -0.020000 -0.540411 -0.014132
v 0.009589 -0.530000 -0.020464
v -0.009589 -0.530000 -0.020464
v -0.009589 -0.530000 -0.014132
v -0.005753 -0.530000 -0.014132
v -0.001918 -0.530000 -0.014132
v 0.001918 -0.530000 -0.014132
v 0.005753 -0.530000 -0.014132
v 0.009589 -0.530000 -0.014132
v 0.020000 -0.559589 -0.020464
v 0.020000 -0.540411 -0.020464
v 0.020000 -0.540411 -0.014132
v 0.020000 -0.544247 -0.014132
v 0.020000 -0.548082 -0.014132
v 0.020000 -0.551918 -0.014132
v 0.020000 -0.555753 -0.014132
v 0.020000 -0.559589 -0.014132
v -0.009589 -0.570000 -0.020464
v 0.009589 -0.570000 -0.020464
v 0.009589 -0.570000 -0.014132
v 0.005753 -0.570000 -0.014132
v 0.001918 -0.570000 -0.014132
v -0.001918 -0.570000 -0.014132
v -0.005753 -0.570000 -0.014132
v -0.009589 -0.570000 -0.014132
v -0.330000 -0.180000 0.030632
v -0.330000 -0.220000 0.030632
v -0.370000 -0.220000 0.030632
v -0.370000 -0.180000 0.030632
v -0.330000 -0.220000 -0.054188
v -0.330000 -0.180000 -0.054188
v -0.370000 -0.220000 -0.054188
v -0.370000 -0.180000 -0.054188
v 0.230000 -0.370000 -0.063652
v 0.233419 -0.360403 -0.008838
v 0.230000 -0.330000 -0.063652
v 0.233419 -0.339597 -0.008838
v 0.270000 -0.370000 -0.063652
v 0.266581 -0.360403 -0.008838
v 0.270000 -0.330000 -0.063652
v 0.266581 -0.339597 -0.008838
v 0.230000 -0.370000 -0.023403
v 0.230000 -0.330000 -0.023403
v 0.270000 -0.330000 -0.023403
v 0.270000 -0.370000 -0.023403
v 0.230000 -0.363424 -0.033376
v 0.236576 -0.330000 -0.033376
v 0.270000 -0.336576 -0.027044
v 0.270000 -0.363424 -0.027044
v 0.236576 -0.370000 -0.027044
v 0.230000 -0.355753 -0.033376
v 0.244247 -0.330000 -0.033376
v 0.240411 -0.330000 -0.033376
v 0.270000 -0.359589 -0.033376
v 0.270000 -0.355753 -0.033376
v 0.270000 -0.351918 -0.033376
v 0.270000 -0.348082 -0.033376
v 0.240411 -0.370000 -0.033376
v 0.244247 -0.370000 -0.033376
v 0.255753 -0.370000 -0.033376
v 0.230000 -0.340411 -0.033376
v 0.230000 -0.359589 -0.033376
v 0.230000 -0.359589 -0.027044
v 0.230000 -0.355753 -0.027044
v 0.230000 -0.351918 -0.027044
v 0.230000 -0.348082 -0.027044
v 0.230000 -0.344247 -0.027044
v 0.230000 -0.340411 -0.027044
v 0.259589 -0.330000 -0.033376
v 0.240411 -0.330000 -0.033376
v 0.240411 -0.330000 -0.027044
v 0.244247 -0.330000 -0.027044
v 0.248082 -0.330000 -0.027044
v 0.251918 -0.330000 -0.027044
v 0.255753 -0.330000 -0.027044
v 0.259589 -0.330000 -0.027044
v 0.270000 -0.359589 -0.033376
v 0.270000 -0.340411 -0.033376
v 0.270000 -0.340411 -0.027044
v 0.270000 -0.344247 -0.027044
v 0.270000 -0.348082 -0.027044
v 0.270000 -0.351918 -0.027044
v 0.270000 -0.355753 -0.027044
v 0.270000 -0.359589 -0.027044
v 0.240411 -0.370000 -0.033376
v 0.259589 -0.370000 -0.033376
v 0.259589 -0.370000 -0.027044
v 0.255753 -0.370000 -0.027044
v 0.251918 -0.370000 -0.027044
v 0.248082 -0.370000 -0.027044
v 0.244247 -0.370000 -0.027044
v 0.240411 -0.370000 -0.027044
v -0.230000 -0.330000 -0.029367
v -0.233419 -0.339597 0.025447
v -0.230000 -0.370000 -0.029367
v -0.233419 -0.360403 0.025447
v -0.270000 -0.330000 -0.029367
v -0.266581 -0.339597 0.025447
v -0.270000 -0.370000 -0.029367
v -0.266581 -0.360403 0.025447
v -0.230000 -0.330000 0.010883
v -0.230000 -0.370000 0.010883
v -0.270000 -0.370000 0.010883
v -0.270000 -0.330000 0.010883
v -0.230000 -0.336576 0.007241
v -0.236576 -0.370000 0.007241
v -0.263424 -0.370000 0.000909
v -0.270000 -0.363424 0.007241
v -0.270000 -0.336576 0.000909
v -0.263424 -0.330000 0.000909
v -0.230000 -0.351918 0.000909
v -0.230000 -0.348082 0.000909
v -0.230000 -0.351918 0.007241
v -0.230000 -0.355753 0.007241
v -0.251918 -0.370000 0.000909
v -0.244247 -0.370000 0.000909
v -0.244247 -0.370000 0.007241
v -0.244247 -0.330000 0.000909
v -0.248082 -0.330000 0.007241
v -0.230000 -0.359589 0.000909
v -0.230000 -0.340411 0.000909
v -0.230000 -0.340411 0.007241
v -0.230000 -0.344247 0.007241
v -0.230000 -0.348082 0.007241
v -0.230000 -0.351918 0.007241
v -0.230000 -0.355753 0.007241
v -0.230000 -0.359589 0.007241
v -0.259589 -0.370000 0.000909
v -0.240411 -0.370000 0.000909
v -0.240411 -0.370000 0.007241
v -0.244247 -0.370000 0.007241
v -0.248082 -0.370000 0.007241
v -0.251918 -0.370000 0.007241
v -0.255753 -0.370000 0.007241
v -0.259589 -0.370000 0.007241
v -0.270000 -0.340411 0.000909
v -0.270000 -0.359589 0.000909
v -0.270000 -0.359589 0.007241
v -0.270000 -0.355753 0.007241
v -0.270000 -0.351918 0.007241
v -0.270000 -0.348082 0.007241
v -0.270000 -0.344247 0.007241
v -0.270000 -0.340411 0.007241
v -0.240411 -0.330000 0.000909
v -0.259589 -0.330000 0.000909
v -0.259589 -0.330000 0.007241
v -0.255753 -0.330000 0.007241
v -0.251918 -0.330000 0.007241
v -0.248082 -0.330000 0.007241
v -0.244247 -0.330000 0.007241
v -0.240411 -0.330000 0.007241
v 0.070000 0.330000 0.000631
v 0.060403 0.333419 0.055445
v 0.030000 0.330000 0.000631
v 0.039597 0.333419 0.055445
v 0.070000 0.370000 0.000631
v 0.060403 0.366581 0.055445
v 0.030000 0.370000 0.000631
v 0.039597 0.366581 0.055445
v 0.070000 0.330000 0.040881
v 0.030000 0.330000 0.040881
v 0.030000 0.370000 0.040881
v 0.070000 0.370000 0.040881
v 0.063424 0.330000 0.037239
v 0.030000 0.336576 0.037239
v 0.030000 0.363424 0.037239
v 0.036576 0.370000 0.037239
v 0.063424 0.370000 0.030907
v 0.070000 0.336576 0.037239
v 0.048082 0.330000 0.030907
v 0.051918 0.330000 0.030907
v 0.055753 0.330000 0.030907
v 0.059589 0.330000 0.030907
v 0.030000 0.351918 0.030907
v 0.030000 0.348082 0.030907
v 0.030000 0.344247 0.037239
v 0.059589 0.370000 0.030907
v 0.055753 0.370000 0.030907
v 0.044247 0.370000 0.030907
v 0.051918 0.370000 0.037239
v 0.070000 0.355753 0.030907
v 0.040411 0.330000 0.030907
v 0.059589 0.330000 0.030907
v 0.059589 0.330000 0.037239
v 0.055753 0.330000 0.037239
v 0.051918 0.330000 0.037239
v 0.048082 0.330000 0.037239
v 0.044247 0.330000 0.037239
v 0.040411 0.330000 0.037239
v 0.030000 0.359589 0.030907
v 0.030000 0.340411 0.030907
v 0.030000 0.340411 0.037239
v 0.030000 0.344247 0.037239
v 0.030000 0.348082 0.037239
v 0.030000 0.351918 0.037239
v 0.030000 0.355753 0.037239
v 0.030000 0.359589 0.037239
v 0.059589 0.370000 0.030907
v 0.040411 0.370000 0.030907
v 0.040411 0.370000 0.037239
v 0.044247 0.370000 0.037239
v 0.048082 0.370000 0.037239
v 0.051918 0.370000 0.037239
v 0.055753 0.370000 0.037239
v 0.059589 0.370000 0.037239
v 0.070000 0.340411 0.030907
v 0.070000 0.359589 0.030907
v 0.070000 0.359589 0.037239
v 0.070000 0.355753 0.037239
v 0.070000 0.351918 0.037239
v 0.070000 0.348082 0.037239
v 0.070000 0.344247 0.037239
v 0.070000 0.340411 0.037239
v 0.320000 0.570000 0.062172
v 0.320000 0.530000 0.062172
v 0.280000 0.530000 0.062172
v 0.280000 0.570000 0.062172
v 0.320000 0.530000 -0.022647
v 0.320000 0.570000 -0.022647
v 0.280000 0.530000 -0.022647
v 0.280000 0.570000 -0.022647
v -0.120000 -0.480000 0.079211
v -0.080000 -0.480000 0.079211
v -0.080000 -0.520000 0.079211
v -0.120000 -0.520000 0.079211
v -0.080000 -0.480000 -0.005609
v -0.120000 -0.480000 -0.005609
v -0.080000 -0.520000 -0.005609
v -0.120000 -0.520000 -0.005609
v -0.080000 0.630000 -0.040488
v -0.089597 0.633419 0.014326
v -0.120000 0.630000 -0.040488
v -0.110403 0.633419 0.014326
v -0.080000 0.670000 -0.040488
v -0.089597 0.666581 0.014326
v -0.120000 0.670000 -0.040488
v -0.110403 0.666581 0.014326
v -0.080000 0.630000 -0.000239
v -0.120000 0.630000 -0.000239
v -0.120000 0.670000 -0.000239
v -0.080000 0.670000 -0.000239
v -0.086576 0.630000 -0.003880
v -0.113424 0.630000 -0.010212
v -0.120000 0.636576 -0.010212
v -0.120000 0.663424 -0.010212
v -0.086576 0.670000 -0.010212
v -0.080000 0.663424 -0.010212
v -0.080000 0.636576 -0.010212
v -0.120000 0.659589 -0.010212
v -0.090411 0.670000 -0.010212
v -0.098082 0.670000 -0.010212
v -0.105753 0.670000 -0.010212
v -0.080000 0.640411 -0.010212
v -0.080000 0.644247 -0.010212
v -0.080000 0.651918 -0.010212
v -0.080000 0.659589 -0.010212
v -0.080000 0.648082 -0.003880
v -0.109589 0.630000 -0.010212
v -0.090411 0.630000 -0.010212
v -0.090411 0.630000 -0.003880
v -0.094247 0.630000 -0.003880
v -0.098082 0.630000 -0.003880
v -0.101918 0.630000 -0.003880
v -0.105753 0.630000 -0.003880
v -0.109589 0.630000 -0.003880
v -0.120000 0.659589 -0.010212
v -0.120000 0.640411 -0.010212
v -0.120000 0.640411 -0.003880
v -0.120000 0.644247 -0.003880
v -0.120000 0.648082 -0.003880
v -0.120000 0.651918 -0.003880
v -0.120000 0.655753 -0.003880
v -0.120000 0.659589 -0.003880
v -0.090411 0.670000 -0.010212
v -0.109589 0.670000 -0.010212
v -0.109589 0.670000 -0.003880
v -0.105753 0.670000 -0.003880
v -0.101918 0.670000 -0.003880
v -0.098082 0.670000 -0.003880
v -0.094247 0.670000 -0.003880
v -0.090411 0.670000 -0.003880
v -0.080000 0.640411 -0.010212
v -0.080000 0.659589 -0.010212
v -0.080000 0.659589 -0.003880
v -0.080000 0.655753 -0.003880
v -0.080000 0.651918 -0.003880
v -0.080000 0.648082 -0.003880
v -0.080000 0.644247 -0.003880
v -0.080000 0.640411 -0.003880
v 0.270000 0.670000 0.069976
v 0.270000 0.630000 0.069976
v 0.230000 0.630000 0.069976
v 0.230000 0.670000 0.069976
v 0.270000 0.630000 -0.014844
v 0.270000 0.670000 -0.014844
v 0.230000 0.630000 -0.014844
v 0.230000 0.670000 -0.014844
v -0.120000 -0.180000 0.013011
v -0.080000 -0.180000 0.013011
v -0.080000 -0.220000 0.013011
v -0.120000 -0.220000 0.013011
v -0.080000 -0.180000 -0.071808
v -0.120000 -0.180000 -0.071808
v -0.080000 -0.220000 -0.071808
v -0.120000 -0.220000 -0.071808
v 0.030000 0.220000 0.075896
v 0.070000 0.220000 0.075896
v 0.070000 0.180000 0.075896
v 0.030000 0.180000 0.075896
v 0.070000 0.220000 -0.008924
v 0.030000 0.220000 -0.008924
v 0.070000 0.180000 -0.008924
v 0.030000 0.180000 -0.008924
v -0.330000 -0.180000 0.028237
v -0.330000 -0.220000 0.028237
v -0.370000 -0.220000 0.028237
v -0.370000 -0.180000 0.028237
v -0.330000 -0.220000 -0.056583
v -0.330000 -0.180000 -0.056583
v -0.370000 -0.220000 -0.056583
v -0.370000 -0.180000 -0.056583
vn -0.0000 -1.0000 -0.0000
vn -0.0000 0.9990 0.0456
vn -0.0000 0.9988 0.0485
vn -0.0000 0.9958 0.0911
vn -0.0000 0.9992 0.0393
vn -0.0000 0.9982 0.0605
vn -0.0000 1.0000 -0.0000
vn 0.9991 -0.0000 0.0418
vn 0.9988 -0.0000 0.0485
vn 0.9991 -0.0000 0.0435
vn 0.9953 -0.0000 0.0968
vn -0.9951 -0.0000 0.0993
vn -0.9933 -0.0000 0.1160
vn -0.9803 -0.0000 0.1976
vn -0.9963 -0.0000 0.0855
vn 1.0000 -0.0000 -0.0000
vn -0.0000 0.9984 0.0569
vn -0.0000 0.9999 0.0155
vn -0.0000 0.9961 0.0878
vn -1.0000 -0.0000 -0.0000
vn -0.0000 0.9972 0.0741
vn -0.0000 0.9980 0.0635
vn -0.0000 0.9998 0.0182
vn -0.0000 -0.0000 -1.0000
vn -0.8350 -0.0000 0.5502
vn -0.0000 -0.0000 1.0000
vn -0.0000 0.9979 0.0651
vn -0.0000 0.9998 0.0177
vn -0.0000 0.9915 0.1298
vn 0.8350 -0.0000 0.5502
vn -0.0000 -0.9980 0.0636
vn -0.0000 -0.9999 0.0173
vn -0.0000 -0.9919 0.1268
vn -0.0000 -0.9977 0.0675
vn -0.0000 0.8350 0.5502
vn -0.9969 -0.0000 0.0784
vn -0.9999 -0.0000 0.0108
vn -0.9927 -0.0000 0.1208
vn -0.0000 -0.8350 0.5502
vn -0.9982 -0.0000 0.0598
vn -0.9978 -0.0000 0.0666
vn -0.9998 -0.0000 0.0181
vn -0.9911 -0.0000 0.1330
vn -0.0000 0.9980 0.0631
vn -0.0000 0.9993 0.0380
vn -0.0000 0.9995 0.0316
vn -0.0000 0.9993 0.0369
vn 0.9963 -0.0000 0.0855
vn 0.9951 -0.0000 0.0993
vn 0.9933 -0.0000 0.1160
vn 0.9803 -0.0000 0.1976
vn -0.0000 0.9935 0.1137
vn -0.9976 -0.0000 0.0694
vn -0.9967 -0.0000 0.0811
vn -0.9904 -0.0000 0.1385
vn -0.9943 -0.0000 0.1070
vn -0.9983 -0.0000 0.0575
vn -0.9991 -0.0000 0.0414
vn -0.9996 -0.0000 0.0288
vn -0.9990 -0.0000 0.0444
vn -0.9986 -0.0000 0.0523
vn -0.9988 -0.0000 0.0487
vn -0.9994 -0.0000 0.0335
vn -0.0000 -0.9946 0.1043
vn -0.0000 -0.9999 0.0142
vn -0.0000 -0.9986 0.0522
vn -0.0000 -0.9999 0.0111
vn -0.0000 -0.9981 0.0610
vn -0.0000 0.9980 0.0625
vn -0.0000 0.9999 0.0165
vn -0.0000 0.9973 0.0730
vn -0.0000 0.9922 0.1248
vn -0.0000 -0.9932 0.1167
vn -0.0000 -0.9971 0.0757
vn -0.0000 -0.9968 0.0805
vn 0.9992 -0.0000 0.0409
vn -0.0000 -0.0000 -0.0000
vn 0.9991 -0.0000 0.0414
vn 0.9983 -0.0000 0.0576
vn -0.9987 -0.0000 0.0505
vn -0.9996 -0.0000 0.0283
vn -0.9949 -0.0000 0.1009
vn -0.9970 -0.0000 0.0779
vn -0.0000 -0.9977 0.0682
vn -0.0000 -0.9968 0.0796
vn -0.0000 -0.9907 0.1361
vn -0.0000 -0.9980 0.0635
vn -0.0000 -0.9998 0.0196
vn 0.9966 -0.0000 0.0823
vn 0.9954 -0.0000 0.0956
vn 0.9891 -0.0000 0.1472
vn 0.9817 -0.0000 0.1902
vn -0.0000 0.9919 0.1267
vn -0.0000 0.9973 0.0740
vn 0.9999 -0.0000 0.0173
vn 0.9982 -0.0000 0.0596
vn -0.0000 -0.9994 0.0343
vn -0.0000 -0.9983 0.0588
vn -0.0000 -0.9986 0.0532
vn -0.9941 -0.0000 0.1080
vn -0.9987 -0.0000 0.0503
vn -0.9985 -0.0000 0.0541
vn -0.9993 -0.0000 0.0371
vn -0.0000 -0.9963 0.0858
vn -0.0000 -0.9912 0.1323
vn -0.0000 -0.9853 0.1710
vn -0.0000 -0.9971 0.0760
vn -0.0000 -0.9996 0.0298
vn -0.0000 -0.9997 0.0257
vn -0.0000 -0.9987 0.0515
vn -0.0000 -0.9981 0.0613
vn -0.0000 -0.9996 0.0291
vn -0.0000 -0.9955 0.0945
vn -0.0000 0.9983 0.0576
vn -0.0000 0.9991 0.0414
vn -0.0000 0.9965 0.0830
vn 0.9975 -0.0000 0.0707
vn 0.9984 -0.0000 0.0569
vn 0.9999 -0.0000 0.0155
vn 0.9935 -0.0000 0.1137
vn 0.9961 -0.0000 0.0878
vn -0.0000 -0.9998 0.0209
vn -0.0000 -0.9978 0.0663
vn -0.9993 -0.0000 0.0368
vn -0.9991 -0.0000 0.0430
vn -0.9973 -0.0000 0.0736
vn -0.9994 -0.0000 0.0345
vn -0.0000 -0.9996 0.0294
vn -0.0000 -0.9982 0.0601
vn 0.9988 -0.0000 0.0486
vn 0.9992 -0.0000 0.0391
vn 0.9987 -0.0000 0.0501
vn 0.9986 -0.0000 0.0535
vn 1.0000 -0.0000 0.0060
vn 0.9966 -0.0000 0.0826
vn 0.9943 -0.0000 0.1069
vn 0.9999 -0.0000 0.0146
vn -0.9977 -0.0000 0.0679
vn -0.9935 -0.0000 0.1140
vn -0.9993 -0.0000 0.0381
vn -0.9992 -0.0000 0.0391
vn -0.9987 -0.0000 0.0506
vn -0.0000 -0.9990 0.0447
vn -0.0000 -0.9993 0.0385
vn -0.0000 -0.9989 0.0475
vn -0.0000 -0.9982 0.0594
vn -0.0000 -0.9992 0.0406
vn -0.0000 -0.9996 0.0297
vn -0.0000 -0.9987 0.0513
vn -0.0000 -0.9994 0.0347
vn 0.9980 -0.0000 0.0628
vn 0.9998 -0.0000 0.0187
vn 0.9975 -0.0000 0.0709
vn -0.0000 -0.9983 0.0576
vn -0.0000 -0.9991 0.0414
vn -0.0000 -0.9965 0.0830
vn -0.0000 -0.9967 0.0806
vn -0.0000 -0.9962 0.0867
vn -0.0000 -0.9995 0.0301
vn -0.0000 -0.9919 0.1274
vn -0.0000 -0.9983 0.0577
vn -0.9912 -0.0000 0.1327
vn -0.9947 -0.0000 0.1026
vn -0.9978 -0.0000 0.0665
vn -0.0000 -0.9990 0.0456
vn -0.0000 -0.9987 0.0508
vn -0.0000 -0.9990 0.0437
vn 0.9911 -0.0000 0.1328
vn 0.9978 -0.0000 0.0665
vn 0.9998 -0.0000 0.0191
vn 0.9970 -0.0000 0.0777
vn -0.9981 -0.0000 0.0611
vn -0.9945 -0.0000 0.1045
vn 0.9986 -0.0000 0.0522
vn 0.9984 -0.0000 0.0557
vn 0.9995 -0.0000 0.0312
vn 0.9938 -0.0000 0.1112
vn 0.9965 -0.0000 0.0830
vn -0.9980 -0.0000 0.0638
vn -0.9998 -0.0000 0.0174
vn -0.9919 -0.0000 0.1274
vn -0.9968 -0.0000 0.0797
vn -0.0000 0.9994 0.0350
vn -0.0000 0.9992 0.0409
vn -0.0000 0.9975 0.0700
vn -0.0000 0.9995 0.0328
vn -0.0000 0.9990 0.0436
vn -0.0000 0.9992 0.0411
vn -0.0000 0.9962 0.0871
vn -0.0000 0.9987 0.0509
vn -0.9976 -0.0000 0.0698
vn -0.9985 -0.0000 0.0556
vn -0.0000 -0.9931 0.1174
vn 0.9981 -0.0000 0.0620
vn 0.9999 -0.0000 0.0169
vn 0.9923 -0.0000 0.1237
vn 0.9970 -0.0000 0.0774
vn 0.9972 -0.0000 0.0742
vn 0.9934 -0.0000 0.1144
vn 0.9890 -0.0000 0.1480
vn 0.9962 -0.0000 0.0867
vn -0.0000 -0.9998 0.0181
vn -0.0000 -0.9978 0.0666
vn -0.0000 -0.9978 0.0667
vn 0.9940 -0.0000 0.1094
vn -0.0000 -0.9976 0.0698
vn -1.0000 0.0020 -0.0000
vn -0.0000 -0.9994 0.0358
vn -0.0000 -1.0000 0.0098
vn -0.0000 -0.9993 0.0381
vn -0.0000 0.9968 0.0795
vn -0.0000 0.9957 0.0929
vn -0.0000 0.9874 0.1585
vn -0.0000 0.9964 0.0845
vn -0.0000 -0.9927 0.1207
vn -0.0000 -0.9986 0.0521
vn -0.0000 -0.9982 0.0604
vn -0.0000 0.9994 0.0360
vn -0.0000 0.9985 0.0555
vn -0.0000 0.9974 0.0720
vn -0.0000 0.9991 0.0421
vn -0.0000 0.9981 0.0622
vn -0.0000 0.9992 0.0397
vn -0.9996 -0.0000 0.0294
vn -0.9903 -0.0000 0.1393
vn -0.9970 -0.0000 0.0770
vn -0.9959 -0.0000 0.0900
vn -0.9881 -0.0000 0.1536
vn -0.9954 -0.0000 0.0963
vn -0.0000 0.9972 0.0742
vn -0.0000 0.9999 0.0162
vn -0.0000 0.9982 0.0594
vn -0.0000 -0.9911 0.1330
vn 0.9950 -0.0000 0.1000
vn -0.0000 0.9959 0.0909
vn -0.0000 0.9943 0.1062
vn -0.0000 0.9835 0.1811
vn -0.0000 -0.9885 0.1510
vn 0.0361 -0.0000 -0.9993
vn 0.0409 -0.0000 -0.9992
vn -0.0000 -0.9997 0.0253
vn -0.0000 0.9976 0.0698
vn -0.0000 0.9996 0.0294
vn -0.0000 0.9903 0.1393
vn -0.0000 0.9982 0.0601
vn -0.0000 0.9978 0.0666
vn -0.0000 0.9998 0.0181
vn -0.0000 0.9911 0.1330
vn -0.0000 0.9982 0.0598
vn 0.9973 -0.0000 0.0731
vn 0.9963 -0.0000 0.0854
vn 0.9893 -0.0000 0.1459
vn 0.9958 -0.0000 0.0914
vn -0.0000 0.9994 0.0342
vn -0.0000 0.9989 0.0473
vn -0.0000 0.9985 0.0553
vn -0.0000 0.9955 0.0945
vn -0.0000 0.9978 0.0657
vn -1.0000 -0.0000 0.0057
vn -0.9979 -0.0000 0.0645
vn -0.9950 -0.0000 0.0994
vn -0.9983 -0.0000 0.0576
vn -0.0000 0.9984 0.0570
vn -0.0000 0.9988 0.0488
vn -0.0000 0.9998 0.0201
vn -0.9965 -0.0000 0.0830
vn -0.0000 0.9996 0.0298
vn -0.0000 0.9987 0.0515
vn -0.0000 0.9982 0.0596
vn -0.0000 0.9997 0.0257
vn -0.0000 -0.9988 0.0497
vn -0.0000 -0.9999 0.0135
vn -0.9974 -0.0000 0.0721
vn -0.9938 -0.0000 0.1111
vn -0.9896 -0.0000 0.1438
vn 0.9990 -0.0000 0.0451
vn 0.9988 -0.0000 0.0480
vn 0.9959 -0.0000 0.0902
vn 0.9992 -0.0000 0.0389
vn -0.9917 -0.0000 0.1287
vn -0.9972 -0.0000 0.0753
vn -0.0000 -0.9948 0.1014
vn -0.0000 0.9986 0.0534
vn -0.0000 0.9994 0.0347
vn -0.0000 0.9885 0.1510
vn -0.0000 0.9968 0.0805
vn -0.0000 0.9971 0.0757
vn -0.0000 0.9932 0.1167
vn 0.9972 -0.0000 0.0749
vn 0.9998 -0.0000 0.0204
vn 0.9888 -0.0000 0.1494
vn 0.9979 -0.0000 0.0653
vn -0.0000 0.9929 0.1186
vn -0.9963 -0.0000 0.0858
vn -0.9971 -0.0000 0.0760
vn -0.9912 -0.0000 0.1323
vn -0.0000 0.9987 0.0505
vn -0.0000 0.9970 0.0779
vn -0.0000 0.9996 0.0283
vn 0.9899 -0.0000 0.1415
vn -0.0000 -0.9981 0.0623
vn -0.0000 0.9981 0.0620
vn -0.0000 0.9923 0.1238
vn -0.0000 -0.9954 0.0957
vn -0.0000 -0.9895 0.1444
vn -0.9853 -0.0000 0.1710
vn 0.9980 -0.0000 0.0635
vn 0.9919 -0.0000 0.1268
vn -0.0000 -0.9951 0.0994
vn -0.0000 -0.9985 0.0543
vn -0.0000 0.9952 0.0974
vn -0.0000 0.9999 0.0133
vn -0.0000 -0.9881 0.1536
vn -0.0000 -0.9974 0.0716
vn -0.9877 -0.0000 0.1563
vn -0.0000 -0.9960 0.0892
vn -0.0000 -0.9925 0.1223
vn -0.0000 -0.9982 0.0596
vn -0.0000 0.9949 0.1009
vn -0.0000 -0.9903 0.1393
vt 0.974650 0.021155
vt 0.974650 0.964465
vt 0.529796 0.964465
vt 0.529796 0.021155
vt 0.732583 0.626146
vt 0.746798 0.649610
vt 0.761014 0.649610
vt 0.775230 0.649610
vt 0.789446 0.649610
vt 0.803661 0.649610
vt 0.679778 0.761805
vt 0.679778 0.612651
vt 0.715349 0.558437
vt 0.792464 0.558437
vt 0.828034 0.612651
vt 0.704151 0.626146
vt 0.828034 0.761805
vt 0.761014 0.626146
vt 0.584326 0.852754
vt 0.570111 0.852754
vt 0.555895 0.852754
vt 0.531522 0.964969
vt 0.531522 0.815788
vt 0.679778 0.815788
vt 0.555895 0.626146
vt 0.531522 0.612651
vt 0.567092 0.558437
vt 0.644207 0.558437
vt 0.909270 0.649385
vt 0.976291 0.612419
vt 0.828034 0.761601
vt 0.852407 0.649385
vt 0.880839 0.649385
vt 0.704151 0.649610
vt 0.880839 0.625916
vt 0.895055 0.649385
vt 0.923486 0.649385
vt 0.828034 0.612419
vt 0.852407 0.625916
vt 0.529796 0.722019
vt 0.974650 0.722019
vt 0.974650 0.277165
vt 0.529796 0.277165
vt 0.866623 0.649385
vt 0.963620 0.558437
vt 0.840705 0.558437
vt 0.732583 0.649610
vt 0.718367 0.649610
vt 0.655405 0.852754
vt 0.641189 0.852754
vt 0.612758 0.852754
vt 0.895055 0.625916
vt 0.976291 0.761601
vt 0.951918 0.649385
vt 0.937702 0.649385
vt 0.909270 0.625916
vt 0.667107 0.761805
vt 0.544192 0.761805
vt 0.555895 0.649610
vt 0.570111 0.649610
vt 0.531522 0.761805
vt 0.598542 0.649610
vt 0.612758 0.626146
vt 0.612758 0.649610
vt 0.626974 0.852754
vt 0.555895 0.829285
vt 0.655405 0.829285
vt 0.679778 0.964969
vt 0.626974 0.649610
vt 0.584326 0.649610
vt 0.976291 0.909857
vt 0.828034 0.909857
vt 0.828034 0.884720
vt 0.750919 0.884720
vt 0.750920 0.761805
vt 0.951918 0.625916
vt 0.655405 0.649610
vt 0.641189 0.649610
vt 0.626974 0.829285
vt 0.655405 0.626146
vt 0.803661 0.626146
vt 0.612758 0.829285
vt 0.746798 0.626146
vt 0.584326 0.626146
vt 0.598542 0.852754
vt 0.584326 0.829285
vt 0.626974 0.626146
vt 0.641189 0.829285
vt 0.598542 0.626146
vt 0.598542 0.829285
vt 0.923486 0.625916
vt 0.718367 0.626146
vt 0.775230 0.626146
s 1
f 2548/1/1 2544/2/1 2545/3/1 2549/4/1
f 107/5/2 106/6/2 105/7/2 104/8/2 103/9/2 97/10/2 87/11/3 91/12/4 88/13/4 86/14/4 92/15/5 96/16/2
f 1344/15/6 1337/17/7 1349/10/7
f 821/15/8 826/16/9 838/18/9 837/8/9 816/11/10 820/12/11 817/13/11 815/14/11
f 833/19/7 834/20/7 824/21/7 812/22/7 819/23/7 820/24/7
f 2241/25/12 2237/26/13 2230/27/14 2232/28/14 2238/12/15
f 39/29/16 17/30/16 13/31/16 30/32/16 40/33/16
f 1145/10/17 1132/17/18 1134/11/7 1138/12/19 1144/34/17
f 526/35/20 525/36/20 524/29/20 523/37/20 496/31/20 503/38/20 500/30/20 510/39/20
f 19/12/21 29/16/22 28/34/22 15/11/23
f 2807/40/24 2809/41/24 2810/42/24 2808/43/24
f 110/33/16 111/44/16 89/30/16 108/29/16 109/36/16
f 2471/45/25 2478/30/25 2481/38/25 2475/46/25
f 2616/40/26 2615/43/26 2618/42/26 2617/41/26
f 1348/34/27 1339/11/28 1343/12/29 1340/13/29 1338/14/29 1344/15/6 1365/18/27 1361/7/27 1362/6/27 1363/47/27 1364/48/27
f 623/41/24 624/42/24 622/43/24 621/40/24
f 86/46/30 82/45/30 89/30/30 92/38/30
f 1914/49/16 1924/50/16 1901/22/16 1926/19/26 1925/51/26 1909/24/16
f 2094/52/7 2076/31/7 2083/38/7 2080/30/7
f 309/36/20 310/33/20 285/31/20 311/44/20 297/39/20 289/30/20 281/53/20 298/54/20 306/55/20 307/37/20 308/29/20
f 2425/32/7 2437/56/7 2436/37/7 2410/31/7 2417/38/7
f 2494/47/31 2495/48/31 2484/34/31 2476/11/32 2480/12/33 2477/13/33 2475/14/33 2481/15/34
f 1272/57/35 1275/24/35 1274/23/35 1268/58/35
f 2823/59/36 2833/60/36 2811/61/37 2819/26/38
f 2065/3/1 2066/2/1 2070/1/1 2068/4/1
f 1181/3/7 1186/4/7 1188/1/7 1184/2/7
f 2540/41/24 2541/42/24 2539/43/24 2538/40/24
f 2944/3/7 2949/4/7 2951/1/7 2947/2/7
f 88/57/25 91/24/25 90/23/25 84/58/25
f 3030/62/16 3031/63/16 3029/64/16
f 646/4/16 648/1/16 644/2/16 641/3/16
f 662/4/7 664/1/7 660/2/7 657/3/7
f 1970/57/30 1973/24/30 1972/23/30 1966/58/30
f 3018/57/39 3021/24/39 3020/23/39 3014/58/39
f 2155/15/40 2158/34/41 2150/11/42 2154/12/43 2151/13/43 2149/14/43
f 302/65/16 303/51/16 283/22/16 290/23/16 294/66/16 291/24/16 295/67/16 301/50/16
f 350/1/16 346/2/16 347/3/16 351/4/16
f 2476/68/16 2472/22/16 2492/19/16 2480/24/16
f 2241/25/12 2238/12/15 2250/64/20 2249/69/20 2229/61/20 2237/26/13
f 284/28/44 290/12/44 283/11/44 281/61/45 299/64/46 300/70/46 293/25/46 289/26/47 282/27/44
f 1969/71/24 1967/72/24 1963/31/24 1965/53/24
f 3028/32/7 3037/56/7 3036/37/7 3019/30/7 3011/53/7 3015/31/7
f 2963/15/48 2966/16/49 2962/12/50 2959/13/51 2957/14/51
f 217/73/26 215/74/26 219/75/26 221/17/26
f 1245/1/16 1246/4/16 1241/3/16 1242/2/16
f 1336/73/26 1334/74/26 1338/75/26 1340/17/26
f 2053/4/16 2055/1/16 2051/2/16 2048/3/16
f 2885/46/39 2881/45/39 2888/30/39 2891/38/39
f 1139/15/52 1132/17/18 1145/10/17 1144/34/17 1138/12/19 1135/13/52 1133/14/52
f 374/21/20 362/22/20 369/23/20 370/24/20 366/68/20 375/49/20 384/50/20 385/65/20 386/51/20
f 161/10/53 173/9/53 174/8/53 175/7/53 176/6/53 177/47/53 178/48/53 160/16/53 154/12/54 151/13/55 149/14/55 155/15/56
f 1273/30/1 1265/53/1 1269/31/1 1300/44/1 1299/33/1 1285/76/1
f 645/4/20 642/3/20 643/2/20 647/1/20
f 1099/42/26 1098/41/26 1097/40/26 1096/43/26
f 2955/28/57 2961/12/57 2954/11/57 2952/61/58 2969/70/59 2964/59/59 2960/26/60 2953/27/57
f 1906/57/30 1909/24/30 1908/23/30 1902/58/30
f 448/63/61 434/12/62 427/11/20 425/61/63 438/77/61 445/78/61 446/69/61
f 1257/3/16 1258/2/16 1261/1/16 1262/4/16
f 2171/5/20 2170/47/20 2150/11/42 2158/34/41 2155/15/40
f 361/27/64 363/28/64 369/12/64 362/11/65 373/77/66 380/69/66 360/61/67 381/62/66 382/70/66 383/60/66 372/25/66 368/26/68
f 427/22/7 449/65/20 452/79/7
f 507/67/16 502/24/16 498/68/16 494/22/16 516/51/16
f 514/62/69 492/61/70 515/60/69 504/25/69 500/26/71 493/27/72 495/28/72 501/12/71 505/80/69 512/78/69 513/64/69
f 2553/73/26 2551/74/26 2555/75/26 2557/17/26
f 1098/2/16 1099/3/16 1103/4/16 1102/1/16
f 1543/4/1 1542/1/1 1538/2/1 1539/3/1
f 287/11/1 291/12/73 296/34/74 305/48/74 304/47/74 292/15/75
f 692/78/16 685/77/16 675/11/16 673/61/76
f 581/8/77 583/18/77 582/6/77 565/11/78 570/15/79
f 1754/2/7 1751/3/7 1756/4/7 1758/1/7
f 617/3/1 618/2/1 621/1/1 622/4/1
f 1336/58/25 1340/57/25 1343/24/25 1342/23/25
f 2431/9/80 2432/7/80 2433/6/80 2434/47/80 2412/11/81 2416/12/82 2413/13/82 2411/14/82 2417/15/83 2424/10/80
f 2972/9/16 2967/81/16 2963/15/48 2956/17/16 2958/11/16
f 1082/41/26 1081/40/26 1080/43/26 1083/42/26
f 748/68/16 744/22/16 756/49/16 752/24/16
f 825/49/7 831/50/7 832/65/7 835/82/7 820/24/7
f 629/4/1 626/3/1 627/2/1 631/1/1
f 80/4/1 79/1/1 75/2/1 76/3/1
f 2886/71/24 2884/72/24 2880/31/24 2882/53/24
f 2477/57/30 2480/24/30 2479/23/30 2473/58/30
f 2547/4/20 2549/1/20 2545/2/20 2542/3/20
f 22/25/84 17/26/85 10/27/86 12/28/86 18/12/87 33/63/84 31/64/84 32/70/84 9/61/88 21/59/84
f 233/76/16 222/30/16 214/53/16 218/31/16 232/32/16
f 1561/32/1 1548/31/1 1555/38/1 1552/30/1 1578/35/1 1576/33/1 1577/44/1
f 1642/35/1 1615/31/1 1622/38/1 1619/30/1 1643/52/1
f 2303/1/7 2301/4/7 2298/3/7 2299/2/7
f 1761/53/24 1765/71/24 1763/72/24 1759/31/24
f 2066/2/20 2067/3/20 2071/4/20 2070/1/20
f 659/2/1 663/1/1 661/4/1 658/3/1
f 656/1/20 652/2/20 649/3/20 654/4/20
f 2561/15/89 2565/16/90 2564/34/90 2560/12/91 2557/13/92 2555/14/92
f 37/7/22 38/47/22 15/11/23 28/34/22 29/16/22 19/12/21 16/13/93 14/14/93 20/15/94
f 2209/40/24 2211/41/24 2212/42/24 2210/43/24
f 945/11/95 966/8/16 968/18/16 950/15/96 957/81/16 958/10/16 943/17/16
f 1195/11/97 1205/83/98 1200/15/99 1193/17/1
f 680/17/26 676/73/26 674/74/26 678/75/26
f 1255/1/1 1251/2/1 1252/3/1 1256/4/1
f 1909/24/16 1925/51/26 1926/19/26 1901/22/16
f 430/46/39 426/45/39 433/30/39 436/38/39
f 678/14/100 684/15/101 699/18/102 679/11/103 683/12/100 680/13/100
f 701/56/7 700/29/7 677/31/7 684/38/7 681/30/7 689/39/7
f 521/5/104 520/47/104 508/34/104 502/12/105 499/13/106 497/14/106 503/15/107
f 2474/17/1 2476/11/32 2493/9/1 2485/10/1 2481/15/34
f 236/84/108 226/25/108 223/12/109 216/11/110 227/77/108 234/64/108 235/62/108
f 1027/34/111 1042/48/111 1018/11/112 1022/12/113
f 229/49/20 237/50/20 216/22/20 228/21/20 224/24/20 220/68/20
f 735/40/26 734/43/26 737/42/26 736/41/26
f 739/4/7 734/3/7 735/2/7 738/1/7
f 1122/2/16 1126/1/16 1124/4/16 1121/3/16
f 148/31/7 155/38/7 162/39/7 181/44/7 180/33/7 179/29/7
f 168/50/1 169/65/1 170/51/1 171/85/1 172/86/1 154/24/1 150/68/1 146/22/1 159/49/1
f 1266/45/39 1273/30/39 1276/38/39 1270/46/39
f 1021/12/114 1012/61/115 1020/26/116 1013/27/116 1015/28/116
f 386/51/20 385/65/20 384/50/20 375/49/20 366/68/20 362/22/20 374/21/20
f 2901/84/20 2889/12/40 2902/63/20 2899/69/20 2880/61/42 2900/70/20
f 2219/41/24 2220/42/24 2218/43/24 2217/40/24
f 2891/15/117 2884/17/16 2898/10/16 2897/81/16
f 3148/53/16 3152/31/16 3171/55/16 3166/54/16 3156/30/16
f 1293/9/118 1294/8/118 1295/7/118 1296/6/118 1297/47/118 1298/48/118 1282/34/118 1271/11/119 1275/12/120 1272/13/120 1270/14/120 1276/15/121 1283/10/118
f 2702/13/92 2700/14/92 2706/15/89 2711/16/90 2710/34/90 2705/12/91
f 1201/59/17 1189/61/18 1197/26/52 1190/27/52 1192/28/52 1198/12/19 1202/77/17
f 26/67/20 27/49/20 15/68/20 11/22/20 34/65/20 19/24/20
f 748/11/122 753/15/123 746/17/1
f 875/73/26 873/74/26 877/75/26 879/17/26
f 2619/4/20 2616/3/20 2617/2/20 2621/1/20
f 878/71/24 876/72/24 872/31/24 874/53/24
f 945/71/24 943/72/24 939/31/24 941/53/24
f 3027/10/124 3026/16/124 3021/12/125 3018/13/126 3016/14/126 3022/15/126 3015/17/126 3017/11/127
f 2557/57/35 2560/24/35 2559/23/35 2553/58/35
f 2205/43/26 2208/42/26 2207/41/26 2206/40/26
f 2319/10/1 2329/9/1 2330/8/1 2331/7/1 2311/11/128 2332/6/1 2334/5/1 2316/15/129
f 1997/52/20 1998/56/20 1994/29/20 1967/31/20 1995/36/20
f 946/57/35 949/24/35 948/23/35 942/58/35
f 1004/3/1 1009/4/1 1011/1/1 1007/2/1
f 1019/57/30 1022/24/30 1021/23/30 1015/58/30
f 942/73/26 940/74/26 944/75/26 946/17/26
f 1024/77/7 1030/78/7 1012/61/115 1031/69/7 1021/12/114
f 1034/51/16 1014/22/16 1035/85/16 1022/24/16 1037/82/16
f 2792/4/16 2787/3/16 2788/2/16 2791/1/16
f 1086/1/1 1082/2/1 1083/3/1 1087/4/1
f 6/4/16 8/1/16 4/2/16 1/3/16
f 2081/12/130 2074/11/16 2072/61/131 2087/87/132
f 3073/73/26 3071/74/26 3075/75/26 3077/17/26
f 2620/4/16 2622/1/16 2618/2/16 2615/3/16
f 431/71/24 429/72/24 425/31/24 427/53/24
f 15/11/23 38/47/22 37/7/22 20/15/94
f 2141/4/16 2136/3/16 2137/2/16 2140/1/16
f 79/41/24 80/42/24 78/43/24 77/40/24
f 495/73/26 493/74/26 497/75/26 499/17/26
f 1111/4/20 1110/1/20 1106/2/20 1107/3/20
f 499/57/30 502/24/30 501/23/30 495/58/30
f 2838/9/133 2839/8/133 2840/7/133 2817/11/134 2841/6/133 2842/47/133 2827/34/133 2821/12/135 2818/13/136 2816/14/136 2822/15/136 2815/17/137 2828/10/133
f 1627/84/138 1626/70/139 1625/62/140 1611/61/141 1619/26/139 1612/27/139 1614/28/139 1620/12/142
f 1100/1/20 1101/4/20 1096/3/20 1097/2/20
f 2394/1/16 2395/4/16 2390/3/16 2391/2/16
f 821/15/8 814/17/16 816/11/10 836/9/16 827/81/16
f 1106/41/26 1105/40/26 1104/43/26 1107/42/26
f 2053/4/1 2048/3/1 2049/2/1 2052/1/1
f 879/57/35 882/24/35 881/23/35 875/58/35
f 1116/40/24 1118/41/24 1119/42/24 1117/43/24
f 1104/3/16 1105/2/16 1108/1/16 1109/4/16
f 1131/58/25 1135/57/25 1138/24/25 1137/23/25
f 1403/4/16 1405/1/16 1401/2/16 1398/3/16
f 3145/4/20 3147/1/20 3143/2/20 3140/3/20
f 2155/38/7 2152/30/7 2160/32/7 2148/31/7
f 2312/57/30 2315/24/30 2314/23/30 2308/58/30
f 1127/4/1 1126/1/1 1122/2/1 1123/3/1
f 1183/2/1 1187/1/1 1185/4/1 1182/3/1
f 287/71/24 285/72/24 281/31/24 283/53/24
f 2407/27/92 2409/28/92 2415/12/89 2419/25/90 2418/59/90 2414/26/91
f 2412/71/24 2410/72/24 2406/31/24 2408/53/24
f 2894/49/7 2907/88/7 2904/65/7 2903/50/7 2882/22/7 2905/19/7 2906/86/7 2893/66/7 2890/24/7
f 12/73/26 10/74/26 14/75/26 16/17/26
f 2544/41/26 2543/40/26 2542/43/26 2545/42/26
f 1141/77/143 1140/25/143 1137/12/144 1130/11/1 1128/61/145
f 5/4/20 2/3/20 3/2/20 7/1/20
f 2792/4/7 2794/1/7 2790/2/7 2787/3/7
f 2409/73/26 2407/74/26 2411/75/26 2413/17/26
f 1129/45/30 1136/30/30 1139/38/30 1133/46/30
f 3072/53/24 3076/71/24 3074/72/24 3070/31/24
f 1550/71/24 1548/72/24 1544/31/24 1546/53/24
f 1791/33/7 1792/44/7 1777/32/7 1763/31/7 1770/38/7 1767/30/7 1790/29/7
f 1904/14/146 1910/15/147 1927/9/148 1917/10/148 1903/17/149 1905/11/149 1915/34/148 1916/16/148 1909/12/150 1906/13/146
f 1195/71/24 1193/72/24 1189/31/24 1191/53/24
f 1147/54/16 1132/31/16 1139/38/16 1136/30/16 1146/39/16
f 1208/56/20 1206/37/20 1197/30/20 1189/53/20 1193/31/20 1207/36/20
f 1247/41/24 1248/42/24 1246/43/24 1245/40/24
f 1196/57/30 1199/24/30 1198/23/30 1192/58/30
f 2561/38/1 2558/30/1 2582/35/1 2581/33/1 2567/32/1 2554/31/1
f 1252/2/20 1249/3/20 1254/4/20 1256/1/20
f 1263/1/20 1259/2/20 1260/3/20 1264/4/20
f 1017/46/25 1013/45/25 1020/30/25 1023/38/25
f 2153/12/151 2162/69/16 2144/61/152 2163/62/153 2165/84/153
f 354/41/26 353/40/26 352/43/26 355/42/26
f 1259/2/1 1263/1/1 1261/4/1 1258/3/1
f 90/12/154 81/61/155 89/26/156 82/27/156 84/28/156
f 297/39/20 311/44/20 285/31/20 292/38/20 289/30/20
f 237/50/20 229/49/20 220/68/20 216/22/20
f 811/45/39 818/30/39 821/38/39 815/46/39
f 365/46/30 361/45/30 368/30/30 371/38/30
f 2647/89/157 2646/84/158 2623/61/159 2631/26/160 2624/27/160 2626/28/160 2632/12/161
f 698/8/20 699/18/102 684/15/101 677/17/20 688/10/20 697/9/20 679/11/103
f 2907/88/7 2903/50/7 2904/65/7
f 3231/1/20 3227/2/20 3224/3/20 3229/4/20
f 2560/24/7 2574/19/7 2575/20/7
f 1643/52/1 1644/56/1 1640/29/1 1641/36/1
f 3014/73/26 3012/74/26 3016/75/26 3018/17/26
f 3151/73/26 3149/74/26 3153/75/26 3155/17/26
f 1633/90/7 1634/82/7 1630/51/7 1631/85/7
f 3075/46/30 3071/45/30 3078/30/30 3081/38/30
f 1927/9/148 1910/15/147 1903/17/149 1917/10/148
f 1844/58/30 1848/57/30 1851/24/30 1850/23/30
f 964/85/7 965/82/7 963/65/7 962/50/7 955/67/7 949/24/7 945/68/7 941/22/7
f 2308/73/26 2306/74/26 2310/75/26 2312/17/26
f 216/53/24 220/71/24 218/72/24 214/31/24
f 2701/71/24 2699/72/24 2695/31/24 2697/53/24
f 750/30/20 742/53/20 760/54/20
f 2780/40/26 2779/43/26 2782/42/26 2781/41/26
f 13/31/16 17/30/16 9/53/16
f 1901/53/24 1905/71/24 1903/72/24 1899/31/24
f 2061/4/1 2063/1/1 2059/2/1 2056/3/1
f 432/57/35 435/24/35 434/23/35 428/58/35
f 2139/42/26 2138/41/26 2137/40/26 2136/43/26
f 1424/54/16 1414/30/16 1406/53/16 1410/31/16
f 2553/28/162 2559/12/163 2563/77/164 2569/78/164 2570/64/164 2571/62/164 2572/70/164 2573/60/164 2562/59/164 2558/26/163 2551/27/162
f 1434/36/16 1435/35/16 1410/31/16 1417/38/16 1414/30/16 1436/56/16 1433/29/16
f 1435/35/16 1434/36/16 1433/29/16 1436/56/16 1414/30/16 1424/54/16 1410/31/16
f 880/30/1 872/53/1 876/31/1 906/91/1
f 1471/41/26 1470/40/26 1469/43/26 1472/42/26
f 1475/41/24 1476/42/24 1474/43/24 1473/40/24
f 1475/1/1 1471/2/1 1472/3/1 1476/4/1
f 1494/81/1 1495/10/1 1481/17/1 1483/11/165 1499/8/166 1501/18/166 1500/47/166 1493/16/166 1488/15/167
f 1480/58/30 1484/57/30 1487/24/30 1486/23/30
f 2228/4/7 2227/1/7 2223/2/7 2224/3/7
f 2205/3/1 2206/2/1 2209/1/1 2210/4/1
f 2781/2/16 2782/3/16 2786/4/16 2785/1/16
f 2953/45/39 2960/30/39 2963/38/39 2957/46/39
f 906/91/1 876/31/1 903/37/16
f 3145/4/7 3140/3/7 3141/2/7 3144/1/7
f 1550/68/7 1546/22/7 1559/49/7 1566/50/7 1567/65/7 1569/82/7 1568/19/7 1558/66/7 1554/24/7
f 1537/2/7 1540/1/7 1541/4/7 1536/3/7
f 817/57/35 820/24/35 819/23/35 813/58/35
f 1022/24/16 1018/68/16 1026/49/16
f 1412/71/24 1410/72/24 1406/31/24 1408/53/24
f 1848/17/26 1844/73/26 1842/74/26 1846/75/26
f 2885/14/168 2891/15/117 2908/47/169 2886/11/170 2895/34/169 2896/16/169 2890/12/171 2887/13/168
f 1497/76/20 1498/54/20 1477/53/20 1481/31/20 1502/29/20 1503/56/20 1496/39/20 1485/30/20
f 773/83/1 774/18/1 767/7/1 768/6/1
f 284/73/26 282/74/26 286/75/26 288/17/26
f 1537/3/16 1538/2/16 1542/1/16 1540/4/16
f 641/43/26 644/42/26 643/41/26 642/40/26
f 1616/46/39 1612/45/39 1619/30/39 1622/38/39
f 448/63/61 446/69/61 445/78/61 438/77/61 425/61/63 447/60/61 437/25/61 433/26/172 426/27/173 428/28/173 434/12/62
f 3238/41/24 3239/42/24 3237/43/24 3236/40/24
f 2648/50/20 2649/65/20 2650/51/20 2651/85/20 2652/19/20 2653/20/20 2636/21/20 2632/23/20 2633/24/20 2637/49/20
f 964/85/7 941/22/7 953/21/7 954/66/7 948/23/7 949/24/7 955/67/7 962/50/7 963/65/7 965/82/7
f 1681/58/30 1685/57/30 1688/24/30 1687/23/30
f 1620/12/142 1624/64/20 1611/61/141 1625/62/140 1627/84/138
f 1622/15/174 1636/47/175 1617/11/176 1621/12/177 1618/13/177 1616/14/177
f 676/28/178 682/12/79 673/61/76 681/26/178 674/27/178
f 362/53/24 366/71/24 364/72/24 360/31/24
f 2818/57/35 2821/24/35 2820/23/35 2814/58/35
f 1740/4/20 1735/3/20 1736/2/20 1739/1/20
f 1735/43/26 1738/42/26 1737/41/26 1736/40/26
f 1741/41/24 1742/42/24 1740/43/24 1739/40/24
f 1137/23/20 1142/66/20 1148/51/20 1143/49/20 1130/22/20
f 1740/4/1 1742/1/1 1738/2/1 1735/3/1
f 2403/4/16 2405/1/16 2401/2/16 2398/3/16
f 2883/73/26 2881/74/26 2885/75/26 2887/17/26
f 566/57/35 569/24/35 568/23/35 562/58/35
f 232/32/16 218/31/16 225/38/16 222/30/16 233/76/16
f 1749/1/20 1745/2/20 1746/3/20 1750/4/20
f 1747/4/1 1744/3/1 1745/2/1 1749/1/1
f 3171/55/16 3152/31/16 3172/37/16 3175/56/16 3156/30/16 3166/54/16
f 102/70/16 81/61/155 90/12/154 93/80/16 100/64/77 101/62/77
f 570/15/79 565/11/78 569/12/178 566/13/178 564/14/178
f 1748/4/16 1743/3/16 1744/2/16 1747/1/16
f 1757/41/24 1758/42/24 1756/43/24 1755/40/24
f 2835/50/7 2836/65/7 2837/51/7 2825/21/7 2820/23/7 2821/24/7 2817/68/7 2813/22/7 2826/49/7
f 745/73/26 743/74/26 747/75/26 749/17/26
f 1751/43/26 1754/42/26 1753/41/26 1752/40/26
f 734/3/20 739/4/20 741/1/20 737/2/20
f 1472/2/20 1469/3/20 1474/4/20 1476/1/20
f 363/58/25 367/57/25 370/24/25 369/23/25
f 1775/34/164 1788/47/164 1787/6/164 1786/7/164 1776/10/164 1770/15/163 1763/17/20 1765/11/20 1769/12/163
f 771/92/1 772/5/1 769/47/1 770/48/1
f 2546/1/7 2547/4/7 2542/3/7 2543/2/7
f 1136/30/16 1128/53/16 1132/31/16 1147/54/16 1146/39/16
f 2085/34/179 2078/11/180 2082/12/181 2079/13/181 2077/14/181 2083/15/182 2090/8/179 2091/18/179
f 653/1/7 654/4/7 649/3/7 650/2/7
f 360/61/67 380/69/66 373/77/66 362/11/65
f 1829/40/24 1831/41/24 1832/42/24 1830/43/24
f 2488/64/183 2489/62/183 2490/70/183 2491/60/183 2482/25/183 2478/26/184 2471/27/185 2473/28/185 2479/12/185 2472/11/185 2470/61/186 2483/77/183 2486/78/183 2487/69/183
f 1832/4/7 1831/1/7 1827/2/7 1828/3/7
f 1826/2/1 1829/1/1 1830/4/1 1825/3/1
f 1840/1/20 1836/2/20 1833/3/20 1838/4/20
f 1828/42/26 1827/41/26 1826/40/26 1825/43/26
f 561/22/7 577/51/7 580/88/7
f 180/33/7 181/44/7 162/39/7 155/38/7 152/30/7 144/53/7 148/31/7 179/29/7
f 2387/4/16 2389/1/16 2385/2/16 2382/3/16
f 1825/3/16 1830/4/16 1832/1/16 1828/2/16
f 1839/1/16 1837/4/16 1834/3/16 1835/2/16
f 1833/43/26 1836/42/26 1835/41/26 1834/40/26
f 1839/41/24 1840/42/24 1838/43/24 1837/40/24
f 2151/17/26 2147/73/26 2145/74/26 2149/75/26
f 1853/80/187 1841/61/188 1849/26/189 1842/27/189 1844/28/189 1850/12/190
f 1289/84/20 1287/70/20 1288/60/101 1277/25/191 1274/12/192
f 1776/10/164 1786/7/164 1787/6/164 1788/47/164 1775/34/164 1769/12/163 1766/13/162 1764/14/162 1770/15/163
f 1205/83/98 1195/11/97 1199/12/193 1196/13/193 1194/14/193 1200/15/99
f 1618/57/35 1621/24/35 1620/23/35 1614/58/35
f 1908/23/16 1909/24/16 1901/22/16
f 888/32/1 876/31/1 883/38/1 880/30/1
f 676/58/39 680/57/39 683/24/39 682/23/39
f 1571/47/194 1572/48/194 1560/34/194 1550/11/195 1554/12/196 1551/13/196 1549/14/196 1555/15/197 1570/8/194 1573/18/194
f 215/45/30 222/30/30 225/38/30 219/46/30
f 1987/51/16 1986/65/16 1985/50/16 1979/49/16 1973/24/16 1969/68/16 1965/22/16 1972/23/16 1978/21/16 1989/86/16 1988/85/16
f 667/41/26 666/40/26 665/43/26 668/42/26
f 1968/46/25 1964/45/25 1971/30/25 1974/38/25
f 1842/45/25 1849/30/25 1852/38/25 1846/46/25
f 3220/40/24 3222/41/24 3223/42/24 3221/43/24
f 2427/62/16 2406/61/16 2414/26/91 2418/59/90 2419/25/90 2415/12/89 2420/80/16
f 3144/4/16 3141/3/16 3142/2/16 3146/1/16
f 2259/47/198 2245/34/198 2239/12/199 2236/13/200 2234/14/200 2240/15/201 2246/81/198
f 2033/3/7 2034/2/7 2038/1/7 2036/4/7
f 1694/10/1 1699/9/1 1700/8/1 1702/18/1 1701/6/1 1684/11/202 1693/34/203 1689/15/204
f 814/31/1 839/33/1 818/30/1 810/53/1
f 2070/41/24 2071/42/24 2069/43/24 2068/40/24
f 2156/59/153 2164/60/153 2144/61/152 2152/26/205
f 1183/2/20 1184/3/20 1188/4/20 1187/1/20
f 2397/1/7 2393/2/7 2390/3/7 2395/4/7
f 3215/1/7 3211/2/7 3208/3/7 3213/4/7
f 2063/4/16 2062/1/16 2058/2/16 2059/3/16
f 745/58/30 749/57/30 752/24/30 751/23/30
f 2061/43/24 2060/40/24 2062/41/24 2063/42/24
f 275/2/7 276/3/7 280/4/7 279/1/7
f 1344/15/6 1349/10/7 1337/17/7 1339/11/28 1348/34/27 1364/48/27 1363/47/27 1362/6/27 1361/7/27 1365/18/27
f 2890/12/171 2896/16/169 2895/34/169 2886/11/170
f 2845/29/1 2844/37/1 2843/55/1 2830/54/1 2811/53/1 2815/31/1
f 2332/6/1 2311/11/128 2333/48/206 2318/16/206 2316/15/129 2334/5/1
f 638/4/16 633/3/16 634/2/16 637/1/16
f 2075/73/26 2073/74/26 2077/75/26 2079/17/26
f 2161/54/7 2152/30/7 2144/53/7
f 2084/21/1 2074/22/1 2081/23/1 2082/24/1
f 2161/54/7 2144/53/7 2148/31/7 2160/32/7 2152/30/7
f 2077/46/35 2073/45/35 2080/30/35 2083/38/35
f 3165/32/16 3174/44/16 3152/31/16 3159/38/16
f 2069/4/7 2071/1/7 2067/2/7 2064/3/7
f 813/73/26 811/74/26 815/75/26 817/17/26
f 898/88/7 874/22/7 895/65/207
f 1856/10/208 1845/17/209 1847/11/210
f 1847/71/24 1845/72/24 1841/31/24 1843/53/24
f 2132/1/1 2133/4/1 2128/3/1 2129/2/1
f 3219/42/26 3218/41/26 3217/40/26 3216/43/26
f 582/6/77 583/18/77 581/8/77 570/15/79 563/17/16 565/11/78
f 2154/24/1 2168/79/1 2167/82/1 2157/66/1
f 761/70/211 762/60/211 754/25/211 750/26/212 743/27/213 745/28/213 751/12/214
f 2134/1/7 2130/2/7 2131/3/7 2135/4/7
f 3073/28/215 3079/12/216 3082/25/217 3091/60/217 3090/70/217 3089/62/217 3070/61/155 3078/26/215 3071/27/215
f 2232/73/26 2230/74/26 2234/75/26 2236/17/26
f 1012/61/115 1021/12/114 1033/84/16 1032/70/16
f 367/17/26 363/73/26 361/74/26 365/75/26
f 2703/30/1 2695/53/1 2714/54/1 2726/55/1 2727/37/1 2728/29/1 2729/36/1 2730/35/1
f 1904/46/25 1900/45/25 1907/30/25 1910/38/25
f 1920/69/218 1921/64/218 1922/62/218 1923/84/218 1911/59/218 1907/26/219 1900/27/220 1902/28/220 1908/12/221 1912/80/218 1913/77/218 1901/11/222 1899/61/223
f 84/73/26 82/74/26 86/75/26 88/17/26
f 2150/68/1 2146/22/1 2166/65/1 2168/79/1 2154/24/1
f 366/11/7 387/8/7 377/10/7 364/17/7
f 2147/58/39 2151/57/39 2154/24/39 2153/23/39
f 224/24/20 228/21/20 216/22/20 223/23/20
f 428/73/26 426/74/26 430/75/26 432/17/26
f 2052/40/24 2054/41/24 2055/42/24 2053/43/24
f 2149/46/35 2145/45/35 2152/30/35 2155/38/35
f 1299/33/1 1300/44/1 1284/39/1 1273/30/1 1285/76/1
f 2582/35/1 2558/30/1 2550/53/1 2568/54/1 2578/55/1 2579/37/1 2580/29/1 2554/31/1 2567/32/1 2581/33/1
f 1551/57/35 1554/24/35 1553/23/35 1547/58/35
f 2210/4/16 2212/1/16 2208/2/16 2205/3/16
f 504/25/69 515/60/69 492/61/70 500/26/71
f 160/16/53 178/48/53 177/47/53 176/6/53 175/7/53 174/8/53 173/9/53 161/10/53 155/15/56 148/17/20 150/11/20 154/12/54
f 1574/55/1 1575/37/1 1552/30/1 1544/53/1 1548/31/1 1562/54/1
f 2089/88/1 2088/85/1 2074/22/1 2084/21/1 2082/24/1
f 2211/1/20 2209/4/20 2206/3/20 2207/2/20
f 748/71/24 746/72/24 742/31/24 744/53/24
f 2225/4/20 2222/3/20 2223/2/20 2227/1/20
f 2166/65/1 2146/22/1 2153/23/1 2154/24/1 2157/66/1 2167/82/1
f 2228/1/16 2224/2/16 2221/3/16 2226/4/16
f 1094/1/16 1090/2/16 1091/3/16 1095/4/16
f 2230/45/39 2237/30/39 2240/38/39 2234/46/39
f 1197/30/20 1204/39/20 1200/38/20
f 2307/53/24 2311/71/24 2309/72/24 2305/31/24
f 2243/66/7 2257/20/7 2231/22/7 2238/23/7
f 2231/22/7 2257/20/7 2243/66/7 2238/23/7 2239/24/7 2258/82/7 2254/51/7 2255/85/7 2256/19/7
f 905/35/1 904/33/1 876/31/1 888/32/1 880/30/1
f 2235/71/24 2233/72/24 2229/31/24 2231/53/24
f 1997/52/20 1996/33/20 1995/36/20 1967/31/20 1974/38/20 1971/30/20 1998/56/20
f 1277/25/191 1288/60/101 1265/61/224 1273/26/225 1266/27/225 1268/28/225 1274/12/192
f 2309/17/1 2311/11/128 2331/7/1 2330/8/1 2329/9/1 2319/10/1 2316/15/129
f 2092/55/7 2086/54/7 2072/53/7 2076/31/7
f 350/41/24 351/42/24 349/43/24 348/40/24
f 2299/41/26 2298/40/26 2297/43/26 2300/42/26
f 573/69/226 576/63/226 574/70/226 575/60/226 571/25/226 567/26/227 560/27/228 562/28/228 568/12/229
f 2314/12/230 2307/11/7 2305/61/231 2317/59/232 2324/60/232 2323/70/232 2322/62/232 2321/64/232 2320/69/232
f 2327/19/16 2307/22/16 2314/23/16 2315/24/16 2328/79/16 2326/51/16
f 2339/52/20 2338/33/20 2337/36/20 2309/31/20 2316/38/20 2313/30/20 2340/56/20 2336/29/20
f 646/4/1 641/3/1 642/2/1 645/1/1
f 1681/73/26 1679/74/26 1683/75/26 1685/17/26
f 2768/4/1 2763/3/1 2764/2/1 2767/1/1
f 2374/43/26 2377/42/26 2376/41/26 2375/40/26
f 2215/41/26 2214/40/26 2213/43/26 2216/42/26
f 1014/11/7 1012/61/115 1030/78/7 1024/77/7 1021/12/114
f 2383/40/26 2382/43/26 2385/42/26 2384/41/26
f 2388/41/24 2389/42/24 2387/43/24 2386/40/24
f 1263/41/24 1264/42/24 1262/43/24 1261/40/24
f 1685/13/233 1683/14/233 1689/15/204 1693/34/203 1684/11/202 1688/12/233
f 1015/73/26 1013/74/26 1017/75/26 1019/17/26
f 493/45/25 500/30/25 503/38/25 497/46/25
f 2393/3/20 2397/4/20 2396/1/20 2392/2/20
f 1018/71/24 1016/72/24 1012/31/24 1014/53/24
f 2402/40/24 2404/41/24 2405/42/24 2403/43/24
f 2400/41/26 2399/40/26 2398/43/26 2401/42/26
f 2404/1/20 2402/4/20 2399/3/20 2400/2/20
f 2713/32/1 2699/31/1 2706/38/1 2703/30/1
f 368/30/16 390/55/16 379/54/16 360/53/16 364/31/16 391/33/16 392/35/16 378/32/16 371/38/16
f 1635/8/16 1617/11/176 1636/47/175 1622/15/174 1637/18/16
f 357/43/24 356/40/24 358/41/24 359/42/24
f 1338/46/30 1334/45/30 1341/30/30 1344/38/30
f 2420/80/16 2415/12/89 2408/11/16 2406/61/16 2427/62/16
f 2431/9/80 2424/10/80 2417/15/83 2410/17/20 2412/11/81 2434/47/80 2433/6/80 2432/7/80
f 2626/73/26 2624/74/26 2628/75/26 2630/17/26
f 2482/25/183 2491/60/183 2490/70/183 2489/62/183 2488/64/183 2487/69/183 2486/78/183 2483/77/183 2470/61/186 2478/26/184
f 1120/43/26 1123/42/26 1122/41/26 1121/40/26
f 2394/4/1 2391/3/1 2392/2/1 2396/1/1
f 2472/22/16 2479/23/16 2480/24/16 2492/19/16
f 77/4/16 74/3/16 75/2/16 79/1/16
f 89/30/16 111/44/16 85/31/16 92/38/16
f 2075/28/234 2081/12/130 2087/87/132 2072/61/131 2080/26/234 2073/27/234
f 562/73/26 560/74/26 564/75/26 566/17/26
f 1409/73/26 1407/74/26 1411/75/26 1413/17/26
f 2698/73/26 2696/74/26 2700/75/26 2702/17/26
f 8/4/7 7/1/7 3/2/7 4/3/7
f 273/3/1 274/2/1 277/1/1 278/4/1
f 2262/29/1 2261/37/1 2233/31/1 2240/38/1 2247/39/1 2264/35/1 2263/36/1
f 1691/80/235 1690/25/235 1686/26/236 1679/27/237 1681/28/237 1687/12/236
f 292/15/75 304/47/74 305/48/74 296/34/74 291/12/73 288/13/238 286/14/238
f 2501/91/20 2497/29/20 2474/31/20 2498/36/20 2500/35/20 2478/30/20
f 943/31/1 971/44/1 959/39/1 950/38/1 947/30/1 970/33/1
f 2534/3/1 2535/2/1 2538/1/1 2539/4/1
f 1047/35/239 1046/36/240 1016/31/20 1020/30/20
f 455/6/16 431/11/16 435/12/50 440/16/49 436/15/48 429/17/16 441/10/16 453/9/16 454/8/16 456/18/16
f 2422/66/1 2415/23/1 2416/24/1 2430/19/1 2408/22/1 2421/21/1
f 2/40/26 1/43/26 4/42/26 3/41/26
f 940/45/39 947/30/39 950/38/39 944/46/39
f 877/46/39 873/45/39 880/30/39 883/38/39
f 1198/23/16 1199/24/16 1191/22/16
f 1190/45/25 1197/30/25 1200/38/25 1194/46/25
f 2556/71/24 2554/72/24 2550/31/24 2552/53/24
f 282/45/25 289/30/25 292/38/25 286/46/25
f 2560/24/7 2575/20/7 2552/22/7 2559/23/7
f 2577/6/16 2576/9/16 2566/10/16 2561/15/89 2554/17/16 2556/11/16
f 2573/60/164 2572/70/164 2571/62/164 2570/64/164 2569/78/164 2563/77/164 2559/12/163 2552/11/20 2550/61/20 2558/26/163 2562/59/164
f 2560/24/7 2556/68/7 2552/22/7 2575/20/7 2574/19/7
f 3161/77/128 3150/11/166 3148/61/98 3156/26/98 3149/27/98 3151/28/98 3157/12/241 3160/25/128
f 230/16/242 240/48/242 220/11/243 224/12/244 221/13/244 219/14/244 225/15/245
f 1966/73/26 1964/74/26 1968/75/26 1970/17/26
f 279/1/20 277/4/20 274/3/20 275/2/20
f 2555/46/39 2551/45/39 2558/30/39 2561/38/39
f 87/71/24 85/72/24 81/31/24 83/53/24
f 1488/15/167 1481/17/1 1495/10/1 1494/81/1
f 2130/41/26 2129/40/26 2128/43/26 2131/42/26
f 437/25/61 447/60/61 425/61/63 433/26/172
f 1975/59/246 1963/61/247 1971/26/248 1964/27/248 1966/28/248 1972/12/249
f 156/25/250 152/26/251 145/27/252 147/28/252 153/12/253 163/69/250 164/64/250 165/62/250 166/70/250 167/60/250
f 1635/8/16 1638/93/16 1637/18/16 1622/15/174 1615/17/16 1617/11/176
f 2142/41/24 2143/42/24 2141/43/24 2140/40/24
f 1477/61/254 1489/59/255 1490/25/255 1485/26/256 1478/27/257 1480/28/257 1486/12/258
f 1742/4/16 1741/1/16 1737/2/16 1738/3/16
f 2784/4/20 2779/3/20 2780/2/20 2783/1/20
f 874/11/20 872/61/259 889/78/260 885/77/260 881/12/261
f 2715/78/20 2695/61/58 2718/70/24 2717/62/24 2716/64/24 2704/12/262 2707/77/20
f 2816/46/39 2812/45/39 2819/30/39 2822/38/39
f 2708/21/7 2697/22/7 2704/23/7 2705/24/7 2709/67/7 2719/50/7 2720/51/7 2721/19/7 2722/20/7
f 2710/34/90 2711/16/90 2706/15/89 2699/17/16 2712/10/16 2723/7/16 2724/6/16 2725/47/16 2701/11/16 2705/12/91
f 2712/10/16 2699/17/16 2701/11/16 2725/47/16 2724/6/16 2723/7/16
f 431/68/7 427/22/7 452/79/7 435/24/7
f 2633/12/263 2639/16/264 2638/34/264 2629/11/265
f 2769/1/7 2765/2/7 2766/3/7 2770/4/7
f 2704/12/262 2695/61/58 2703/26/266 2696/27/266 2698/28/266
f 1119/4/1 1118/1/1 1114/2/1 1115/3/1
f 640/4/20 639/1/20 635/2/20 636/3/20
f 2775/40/24 2777/41/24 2778/42/24 2776/43/24
f 3095/9/267 3086/10/267 3074/17/268 3076/11/269 3080/12/269 3077/13/269 3075/14/269 3081/15/270 3085/16/267 3097/47/267 3098/18/267 3096/8/267
f 2772/40/26 2771/43/26 2774/42/26 2773/41/26
f 221/57/25 224/24/25 223/23/25 217/58/25
f 2809/1/1 2807/4/1 2804/3/1 2805/2/1
f 1475/1/16 1473/4/16 1470/3/16 1471/2/16
f 2379/43/24 2378/40/24 2380/41/24 2381/42/24
f 3216/3/20 3221/4/20 3223/1/20 3219/2/20
f 2950/1/20 2946/2/20 2947/3/20 2951/4/20
f 1751/3/16 1752/2/16 1755/1/16 1756/4/16
f 2478/30/20 2470/53/20 2474/31/20 2497/29/20 2496/37/20 2501/91/20
f 2378/4/1 2375/3/1 2376/2/1 2380/1/1
f 816/71/24 814/72/24 810/31/24 812/53/24
f 2785/1/7 2783/4/7 2780/3/7 2781/2/7
f 2702/57/35 2705/24/35 2704/23/35 2698/58/35
f 3234/41/26 3233/40/26 3232/43/26 3235/42/26
f 2791/40/24 2793/41/24 2794/42/24 2792/43/24
f 349/4/1 351/1/1 347/2/1 344/3/1
f 654/43/24 653/40/24 655/41/24 656/42/24
f 1614/73/26 1612/74/26 1616/75/26 1618/17/26
f 1541/4/20 1543/1/20 1539/2/20 1536/3/20
f 3030/62/16 3029/64/16 3032/87/16 3011/61/16 3019/26/50 3023/25/49 3020/12/48 3031/63/16
f 2150/71/24 2148/72/24 2144/31/24 2146/53/24
f 81/53/16 85/31/16 99/54/16 98/76/16 89/30/16
f 1415/12/34 1426/70/31 1427/60/31 1418/59/31 1406/61/32 1414/26/33 1407/27/33 1409/28/33
f 2796/40/26 2795/43/26 2798/42/26 2797/41/26
f 2800/4/20 2802/1/20 2798/2/20 2795/3/20
f 1972/12/249 1965/11/7 1977/77/7 1976/80/7
f 1247/1/1 1245/4/1 1242/3/1 1243/2/1
f 1354/70/271 1353/64/271 1352/69/271 1351/78/271 1346/77/271 1335/11/272 1333/61/272 1345/59/271 1355/60/271
f 1086/1/16 1084/4/16 1081/3/16 1082/2/16
f 2800/4/7 2795/3/7 2796/2/7 2799/1/7
f 1259/41/26 1258/40/26 1257/43/26 1260/42/26
f 2814/73/26 2812/74/26 2816/75/26 2818/17/26
f 2800/43/24 2799/40/24 2801/41/24 2802/42/24
f 2805/41/26 2804/40/26 2803/43/26 2806/42/26
f 2959/57/35 2962/24/35 2961/23/35 2955/58/35
f 2044/4/7 2041/3/7 2042/2/7 2046/1/7
f 40/33/16 30/32/16 13/31/16 20/38/16 17/30/16 39/29/16
f 2697/11/20 2695/61/58 2715/78/20 2707/77/20 2704/12/262
f 1411/46/30 1407/45/30 1414/30/30 1417/38/30
f 1545/45/39 1552/30/39 1555/38/39 1549/46/39
f 2630/57/25 2633/24/25 2632/23/25 2626/58/25
f 288/57/30 291/24/30 290/23/30 284/58/30
f 1557/77/273 1563/78/273 1564/69/273 1565/63/273 1556/59/273 1552/26/274 1545/27/275 1547/28/275 1553/12/274
f 2893/66/7 2906/86/7 2905/19/7 2882/22/7 2889/23/7 2890/24/7
f 498/71/24 496/72/24 492/31/24 494/53/24
f 3230/1/16 3228/4/16 3225/3/16 3226/2/16
f 1779/78/276 1772/77/276 1759/61/277 1767/26/278 1760/27/278 1762/28/278 1768/12/279 1771/25/276
f 3229/4/7 3224/3/7 3225/2/7 3228/1/7
f 1547/73/26 1545/74/26 1549/75/26 1551/17/26
f 2956/31/1 2977/37/1 2976/55/1 2968/76/1 2960/30/1 2952/53/1
f 875/28/280 881/12/261 885/77/260 889/78/260 872/61/259 890/69/260 891/64/260 892/62/260 893/70/260 894/60/260 884/25/260 880/26/281 873/27/280
f 1761/22/1 1784/19/1 1783/85/1 1782/51/1 1781/65/1 1780/50/1 1774/67/1 1769/24/1 1765/68/1
f 3210/2/20 3211/3/20 3215/4/20 3214/1/20
f 678/46/35 674/45/35 681/30/35 684/38/35
f 2303/1/16 2299/2/16 2300/3/16 2304/4/16
f 1501/18/166 1499/8/166 1483/11/165 1487/12/282 1484/13/282 1482/14/282 1488/15/167 1493/16/166 1500/47/166
f 1923/84/218 1922/62/218 1921/64/218 1920/69/218 1899/61/223 1907/26/219 1911/59/218
f 3016/46/35 3012/45/35 3019/30/35 3022/38/35
f 1903/31/20 1929/33/20 1928/29/20 1919/54/20 1907/30/20 1899/53/20
f 738/4/16 735/3/16 736/2/16 740/1/16
f 1423/10/7 1417/15/283 1410/17/7 1412/11/284
f 2378/1/16 2379/4/16 2374/3/16 2375/2/16
f 627/41/26 626/40/26 625/43/26 628/42/26
f 3138/1/20 3134/2/20 3135/3/20 3139/4/20
f 353/2/20 356/1/20 357/4/20 352/3/20
f 218/17/7 220/11/243 231/10/7 225/15/245
f 500/30/20 492/53/20 496/31/20 522/55/20 511/76/20
f 15/71/24 13/72/24 9/31/24 11/53/24
f 278/43/24 277/40/24 279/41/24 280/42/24
f 3137/4/7 3139/1/7 3135/2/7 3132/3/7
f 3141/40/26 3140/43/26 3143/42/26 3142/41/26
f 3146/41/24 3147/42/24 3145/43/24 3144/40/24
f 1357/65/26 1356/50/26 1347/49/26 1343/24/20 1339/68/20 1335/22/20 1360/19/26 1359/85/26 1358/51/26
f 2130/2/20 2134/1/20 2132/4/20 2129/3/20
f 3154/71/24 3152/72/24 3148/31/24 3150/53/24
f 3149/45/30 3156/30/30 3159/38/30 3153/46/30
f 1131/73/26 1129/74/26 1133/75/26 1135/17/26
f 2887/57/35 2890/24/35 2889/23/35 2883/58/35
f 1779/78/276 1771/25/276 1768/12/279 1761/11/16 1759/61/277 1772/77/276
f 1291/65/7 1290/50/7 1281/49/7 1275/24/7 1271/68/7 1267/22/7 1280/21/7 1292/82/7
f 3210/41/26 3209/40/26 3208/43/26 3211/42/26
f 2628/46/30 2624/45/30 2631/30/30 2634/38/30
f 436/15/48 440/16/49 435/12/50 432/13/51 430/14/51
f 518/86/16 517/85/16 516/51/16 494/22/16 501/23/16 502/24/16 506/66/16
f 3222/1/16 3220/4/16 3217/3/16 3218/2/16
f 2382/3/1 2383/2/1 2386/1/1 2387/4/1
f 3025/49/1 3021/24/1 3017/68/1 3013/22/1
f 1023/38/20 1020/30/20 1016/31/20
f 3224/43/26 3227/42/26 3226/41/26 3225/40/26
f 3218/2/1 3219/3/1 3223/4/1 3222/1/1
f 2052/4/20 2049/3/20 2050/2/20 2054/1/20
f 367/13/285 365/14/285 371/15/286 388/47/287 389/48/287 376/34/287 370/12/288
f 2220/1/16 2216/2/16 2213/3/16 2218/4/16
f 3236/4/1 3233/3/1 3234/2/1 3238/1/1
f 287/11/1 292/15/75 285/17/1
f 2625/11/1 2623/61/159 2635/77/1 2643/78/1 2644/64/1 2645/62/1 2647/89/157 2632/12/161
f 2534/43/26 2537/42/26 2536/41/26 2535/40/26
f 2704/12/262 2716/64/24 2717/62/24 2718/70/24 2695/61/58
f 3234/2/20 3235/3/20 3239/4/20 3238/1/20
f 6/43/24 5/40/24 7/41/24 8/42/24
f 2806/2/7 2803/3/7 2808/4/7 2810/1/7
f 2407/45/35 2414/30/35 2417/38/35 2411/46/35
f 24/77/1 11/11/1 9/61/88 32/70/84 31/64/84 33/63/84 18/12/87 23/80/1
f 1044/55/20 1016/31/20 1045/29/20 1020/30/20 1029/76/20
f 220/11/243 240/48/242 230/16/242 225/15/245 239/47/7
f 18/23/20 19/24/20 36/86/20 35/19/20 25/21/20
f 1827/2/20 1831/1/20 1829/4/20 1826/3/20
f 19/24/20 15/68/20 27/49/20 26/67/20
f 20/15/94 13/17/7 15/11/23
f 2963/38/1 2960/30/1 2978/33/1 2956/31/1
f 1094/41/24 1095/42/24 1093/43/24 1092/40/24
f 73/43/26 76/42/26 75/41/26 74/40/26
f 77/1/7 78/4/7 73/3/7 74/2/7
f 78/4/20 80/1/20 76/2/20 73/3/20
f 2973/8/16 2974/7/16 2975/6/16 2963/15/48 2967/81/16 2972/9/16 2958/11/16
f 2381/1/7 2377/2/7 2374/3/7 2379/4/7
f 3167/50/20 3162/21/20 3157/23/20 3158/24/20 3163/49/20
f 95/67/20 94/21/20 90/23/20 91/24/20
f 516/51/16 517/85/16 518/86/16 506/66/16 502/24/16 507/67/16
f 2805/2/20 2806/3/20 2810/4/20 2809/1/20
f 1124/40/24 1126/41/24 1127/42/24 1125/43/24
f 103/9/2 104/8/2 105/7/2 106/6/2 107/5/2 96/16/2 92/15/5 85/17/7 87/11/3 97/10/2
f 939/53/1 943/31/1 969/55/1 960/54/1 947/30/1
f 886/34/289 878/11/290 882/12/291 879/13/291 877/14/291 883/15/292 901/92/289
f 2306/27/293 2308/28/293 2314/12/230 2320/69/232 2321/64/232 2322/62/232 2323/70/232 2324/60/232 2317/59/232 2305/61/231 2313/26/293
f 146/53/24 150/71/24 148/72/24 144/31/24
f 169/65/1 168/50/1 159/49/1 146/22/1 153/23/1 157/21/1 158/66/1 154/24/1 172/86/1 171/85/1 170/51/1
f 2908/47/169 2891/15/117 2897/81/16 2898/10/16 2884/17/16 2886/11/170
f 2135/1/16 2131/2/16 2128/3/16 2133/4/16
f 1116/4/16 1113/3/16 1114/2/16 1118/1/16
f 2302/4/20 2297/3/20 2298/2/20 2301/1/20
f 273/43/26 276/42/26 275/41/26 274/40/26
f 1278/80/20 1279/77/20 1267/11/20 1265/61/224 1286/69/20 1274/12/192
f 100/64/77 93/80/16 90/12/154 83/11/1 81/61/155 102/70/16 101/62/77
f 278/4/16 280/1/16 276/2/16 273/3/16
f 379/54/16 390/55/16 368/30/16 360/53/16
f 303/51/16 302/65/16 301/50/16 295/67/16 291/24/16 287/68/16 283/22/16
f 1764/46/35 1760/45/35 1767/30/35 1770/38/35
f 1286/69/20 1265/61/224 1288/60/101 1287/70/20 1289/84/20 1274/12/192
f 306/55/20 298/54/20 281/53/20 285/31/20 310/33/20 309/36/20 308/29/20 307/37/20
f 436/38/1 442/39/1 458/33/1 459/56/1 457/29/1 429/31/1
f 1843/11/7 1841/61/188 1853/80/187 1850/12/190
f 1094/1/7 1092/4/7 1089/3/7 1090/2/7
f 874/22/7 898/88/7 882/24/7 878/68/7
f 449/65/20 427/22/7 434/23/7 439/21/7 450/19/7 451/86/7 435/24/7 452/79/7
f 383/60/66 382/70/66 381/62/66 360/61/67 368/26/68 372/25/66
f 1762/73/26 1760/74/26 1764/75/26 1766/17/26
f 2251/87/20 2242/77/20 2238/12/15 2231/11/20 2229/61/20 2249/69/20
f 377/10/7 387/8/7 366/11/7 370/12/288 376/34/287 389/48/287 388/47/287 371/15/286 364/17/7
f 225/15/245 231/10/7 220/11/243 238/8/7
f 2142/1/20 2138/2/20 2139/3/20 2143/4/20
f 453/9/16 441/10/16 429/17/16 431/11/16 455/6/16 456/18/16 454/8/16
f 1784/19/1 1761/22/1 1785/20/1 1773/21/1 1768/23/1 1769/24/1 1774/67/1 1780/50/1 1781/65/1 1782/51/1 1783/85/1
f 831/50/7 825/49/7 820/24/7 816/68/7 812/22/7 832/65/7
f 648/4/7 647/1/7 643/2/7 644/3/7
f 679/71/24 677/72/24 673/31/24 675/53/24
f 560/45/39 567/30/39 570/38/39 564/46/39
f 509/10/1 503/15/107 496/17/1 498/11/1 519/8/1
f 1021/12/114 1031/69/7 1012/61/115 1032/70/16 1033/84/16
f 511/76/20 522/55/20 496/31/20 523/37/20 524/29/20 525/36/20 526/35/20 510/39/20 500/30/20
f 443/76/1 444/54/1 425/53/1 429/31/1 457/29/1 459/56/1 458/33/1 442/39/1 436/38/1 433/30/1
f 568/12/229 561/11/20 559/61/20 567/26/227 571/25/226 575/60/226 574/70/226 576/63/226 573/69/226
f 577/51/7 561/22/7 578/19/7 579/86/7 569/24/7 580/88/7
f 568/23/7 569/24/7 579/86/7 578/19/7 561/22/7
f 565/68/7 561/22/7 580/88/7 569/24/7
f 584/91/1 563/31/1 572/32/1
f 2153/12/151 2146/11/16 2144/61/152
f 1/3/1 2/2/1 5/1/1 6/4/1
f 349/4/20 344/3/20 345/2/20 348/1/20
f 623/1/7 619/2/7 620/3/7 624/4/7
f 2304/1/1 2300/2/1 2297/3/1 2302/4/1
f 632/4/20 631/1/20 627/2/20 628/3/20
f 358/1/7 356/4/7 353/3/7 354/2/7
f 1863/86/16 1862/85/16 1861/51/16 1860/65/16 1859/50/16 1855/49/16 1847/68/16 1843/22/16 1850/23/16 1854/66/16
f 1617/71/24 1615/72/24 1611/31/24 1613/53/24
f 2909/29/20 2888/30/1 2880/53/1 2884/31/1 2911/33/77 2910/36/77
f 630/4/7 632/1/7 628/2/7 625/3/7
f 633/43/26 636/42/26 635/41/26 634/40/26
f 639/41/24 640/42/24 638/43/24 637/40/24
f 740/1/1 736/2/1 737/3/1 741/4/1
f 637/4/1 634/3/1 635/2/1 639/1/1
f 1762/58/39 1766/57/39 1769/24/39 1768/23/39
f 433/30/1 425/53/1 444/54/1 443/76/1
f 640/1/7 636/2/7 633/3/7 638/4/7
f 1683/46/25 1679/45/25 1686/30/25 1689/38/25
f 647/41/24 648/42/24 646/43/24 645/40/24
f 17/26/85 22/25/84 21/59/84 9/61/88
f 1192/73/26 1190/74/26 1194/75/26 1196/17/26
f 3013/53/24 3017/71/24 3015/72/24 3011/31/24
f 2062/1/7 2060/4/7 2057/3/7 2058/2/7
f 565/71/24 563/72/24 559/31/24 561/53/24
f 3214/1/1 3212/4/1 3209/3/1 3210/2/1
f 659/41/26 658/40/26 657/43/26 660/42/26
f 2791/4/1 2788/3/1 2789/2/1 2793/1/1
f 663/41/24 664/42/24 662/43/24 661/40/24
f 660/3/20 664/4/20 663/1/20 659/2/20
f 1007/42/26 1006/41/26 1005/40/26 1004/43/26
f 3081/15/270 3074/17/268 3086/10/267 3095/9/267 3096/8/267 3098/18/267 3097/47/267 3085/16/267
f 671/1/16 667/2/16 668/3/16 672/4/16
f 623/1/20 621/4/20 618/3/20 619/2/20
f 2946/2/1 2950/1/1 2948/4/1 2945/3/1
f 2140/4/1 2137/3/1 2138/2/1 2142/1/1
f 682/12/79 675/11/16 685/77/16 692/78/16 673/61/76
f 679/11/103 699/18/102 698/8/20
f 2883/28/43 2889/12/40 2892/59/41 2880/61/42 2888/26/43 2881/27/43
f 2886/68/7 2882/22/7 2903/50/7 2894/49/7 2890/24/7
f 686/21/1 675/22/1 682/23/1 683/24/1 687/67/1 693/50/1 694/51/1 695/85/1 696/86/1
f 1246/4/7 1248/1/7 1244/2/7 1241/3/7
f 751/23/16 752/24/16 756/49/16 744/22/16 763/65/16 766/82/16 764/19/16 765/20/16 755/21/16
f 2036/1/20 2037/4/20 2032/3/20 2033/2/20
f 777/35/20 776/33/20 759/32/20 746/31/20 753/38/20 750/30/20
f 2134/41/24 2135/42/24 2133/43/24 2132/40/24
f 822/59/294 829/70/294 830/84/294 819/12/295 823/80/20 828/69/20 810/61/20 818/26/296
f 810/61/20 828/69/20 823/80/20 819/12/295 812/11/20
f 669/40/24 671/41/24 672/42/24 670/43/24
f 3168/9/297 3164/10/297 3159/15/298 3152/17/7 3154/11/299 3170/47/297 3169/7/297
f 887/10/16 899/9/16 900/8/16 902/18/16 901/92/289 883/15/292 876/17/16 878/11/290
f 2153/12/151 2165/84/153 2163/62/153 2144/61/152 2164/60/153 2156/59/153 2152/26/205 2145/27/300 2147/28/300
f 891/64/260 890/69/260 872/61/259 880/26/281 884/25/260 894/60/260 893/70/260 892/62/260
f 661/1/16 662/4/16 657/3/16 658/2/16
f 881/23/7 882/24/7 897/86/7 874/22/7
f 1692/49/16 1696/65/16 1680/22/16 1697/19/16 1698/86/16 1688/24/16
f 690/76/7 691/54/7 673/53/7 677/31/7 700/29/7 701/56/7 689/39/7 681/30/7
f 876/31/1 904/33/1 905/35/1 880/30/1 906/91/1 903/37/16
f 941/11/20 939/61/20 947/26/163 951/59/164 961/70/164 952/77/164 948/12/163
f 2047/1/1 2043/2/1 2040/3/1 2045/4/1
f 750/30/20 760/54/20 742/53/20 746/31/20 775/29/20
f 2799/4/16 2796/3/16 2797/2/16 2801/1/16
f 960/54/1 969/55/1 943/31/1 970/33/1 947/30/1
f 1008/4/7 1005/3/7 1006/2/7 1010/1/7
f 630/4/16 625/3/16 626/2/16 629/1/16
f 1004/3/20 1005/2/20 1008/1/20 1009/4/20
f 1415/12/34 1408/11/1 1406/61/32 1425/69/1 1419/80/1
f 1020/30/20 1045/29/20 1016/31/20 1046/36/240 1047/35/239
f 2772/3/1 2773/2/1 2777/1/1 2775/4/1
f 1421/49/20 1416/24/20 1412/68/20 1408/22/20 1415/23/20 1420/66/20 1430/86/20 1429/85/20 1428/51/20
f 1014/22/16 1034/51/16 1037/82/16 1022/24/16 1026/49/16 1018/68/16
f 1974/15/301 1980/34/203 1969/11/202 1973/12/233 1970/13/233 1968/14/233
f 1125/4/20 1127/1/20 1123/2/20 1120/3/20
f 2435/55/7 2426/54/7 2406/53/7 2410/31/7
f 1020/30/20 1012/53/20 1016/31/20 1044/55/20 1029/76/20
f 1086/41/24 1087/42/24 1085/43/24 1084/40/24
f 1755/4/1 1752/3/1 1753/2/1 1757/1/1
f 2402/1/1 2403/4/1 2398/3/1 2399/2/1
f 1902/73/26 1900/74/26 1904/75/26 1906/17/26
f 1088/3/20 1089/2/20 1092/1/20 1093/4/20
f 10/45/30 17/30/30 20/38/30 14/46/30
f 1480/73/26 1478/74/26 1482/75/26 1484/17/26
f 2730/35/1 2729/36/1 2728/29/1 2727/37/1 2726/55/1 2714/54/1 2695/53/1 2699/31/1 2713/32/1 2703/30/1
f 1097/3/7 1098/2/7 1102/1/7 1100/4/7
f 1110/41/24 1111/42/24 1109/43/24 1108/40/24
f 2159/10/20 2155/15/40 2148/17/20
f 653/4/16 650/3/16 651/2/16 655/1/16
f 1091/2/1 1088/3/1 1093/4/1 1095/1/1
f 1108/4/1 1105/3/1 1106/2/1 1110/1/1
f 1111/1/7 1107/2/7 1104/3/7 1109/4/7
f 2577/6/16 2556/11/16 2560/12/91 2564/34/90 2565/16/90 2561/15/89 2566/10/16 2576/9/16
f 1112/43/26 1115/42/26 1114/41/26 1113/40/26
f 348/4/7 345/3/7 346/2/7 350/1/7
f 2388/1/7 2384/2/7 2385/3/7 2389/4/7
f 1124/1/7 1125/4/7 1120/3/7 1121/2/7
f 2700/46/39 2696/45/39 2703/30/39 2706/38/39
f 1148/51/20 1142/66/20 1137/23/20 1138/24/20 1134/68/20 1130/22/20 1143/49/20
f 1134/71/24 1132/72/24 1128/31/24 1130/53/24
f 2047/4/16 2046/1/16 2042/2/16 2043/3/16
f 1187/41/24 1188/42/24 1186/43/24 1185/40/24
f 1183/41/26 1182/40/26 1181/43/26 1184/42/26
f 1432/5/302 1431/47/302 1412/11/284 1416/12/303 1413/13/303 1411/14/303 1417/15/283 1422/16/302
f 3027/10/124 3017/11/127 3021/12/125 3026/16/124
f 1189/61/18 1201/59/17 1202/77/17 1198/12/19 1191/11/7
f 1203/49/16 1199/24/16 1195/68/16 1191/22/16
f 1116/1/7 1117/4/7 1112/3/7 1113/2/7
f 1252/42/26 1251/41/26 1250/40/26 1249/43/26
f 2229/53/1 2233/31/1 2260/55/1 2248/76/1 2237/30/1
f 1197/30/20 1206/37/20 1208/56/20 1207/36/20 1193/31/20 1200/38/20 1204/39/20
f 2172/18/20 2155/15/40 2159/10/20 2148/17/20 2150/11/42 2169/7/20
f 1243/41/26 1242/40/26 1241/43/26 1244/42/26
f 1083/2/20 1080/3/20 1085/4/20 1087/1/20
f 1243/2/20 1244/3/20 1248/4/20 1247/1/20
f 1011/4/16 1010/1/16 1006/2/16 1007/3/16
f 1274/12/192 1267/11/20 1279/77/20 1278/80/20
f 1254/43/24 1253/40/24 1255/41/24 1256/42/24
f 655/1/1 651/2/1 652/3/1 656/4/1
f 835/82/7 832/65/7 812/22/7 824/21/7 834/20/7 833/19/7 820/24/7
f 151/57/39 154/24/39 153/23/39 147/58/39
f 1419/80/1 1425/69/1 1406/61/32 1418/59/31 1427/60/31 1426/70/31 1415/12/34
f 18/12/87 11/11/1 24/77/1 23/80/1
f 2817/71/24 2815/72/24 2811/31/24 2813/53/24
f 1571/47/194 1573/18/194 1570/8/194 1555/15/197 1548/17/16 1550/11/195 1560/34/194 1572/48/194
f 2043/42/26 2042/41/26 2041/40/26 2040/43/26
f 755/21/16 765/20/16 764/19/16 766/82/16 763/65/16 744/22/16 751/23/16
f 1290/50/7 1291/65/7 1292/82/7 1280/21/7 1267/22/7 1274/23/7 1275/24/7 1281/49/7
f 1343/24/20 1335/22/20 1342/23/20
f 1293/9/118 1283/10/118 1276/15/121 1269/17/16 1271/11/119 1282/34/118 1298/48/118 1297/47/118 1296/6/118 1295/7/118 1294/8/118
f 1908/12/221 1901/11/222 1913/77/218 1912/80/218
f 1276/38/1 1273/30/1 1284/39/1 1300/44/1 1269/31/1
f 2251/87/20 2250/64/20 2238/12/15 2242/77/20
f 1268/73/26 1266/74/26 1270/75/26 1272/17/26
f 358/1/16 354/2/16 355/3/16 359/4/16
f 1337/31/16 1350/39/16 1341/30/16 1333/53/16
f 2477/17/26 2473/73/26 2471/74/26 2475/75/26
f 1337/31/16 1344/38/16 1341/30/16 1350/39/16
f 1402/40/24 1404/41/24 1405/42/24 1403/43/24
f 1400/41/26 1399/40/26 1398/43/26 1401/42/26
f 2658/37/16 2659/29/16 2660/36/16 2661/33/16 2662/44/16 2641/32/16 2627/31/16 2634/38/16 2631/30/16 2642/54/16 2657/55/16
f 1404/1/7 1400/2/7 1401/3/7 1405/4/7
f 1403/4/1 1398/3/1 1399/2/1 1402/1/1
f 1428/51/20 1429/85/20 1430/86/20 1420/66/20 1415/23/20 1416/24/20 1421/49/20
f 1680/22/16 1696/65/16 1692/49/16 1688/24/16 1684/68/16
f 108/29/16 89/30/16 98/76/16 99/54/16 85/31/16 111/44/16 110/33/16 109/36/16
f 1412/11/284 1431/47/302 1432/5/302 1422/16/302 1417/15/283 1423/10/7
f 1181/3/16 1182/2/16 1185/1/16 1186/4/16
f 1985/50/16 1986/65/16 1987/51/16 1988/85/16 1989/86/16 1978/21/16 1972/23/16 1973/24/16 1979/49/16
f 3208/3/16 3209/2/16 3212/1/16 3213/4/16
f 2944/43/26 2947/42/26 2946/41/26 2945/40/26
f 225/15/245 238/8/7 220/11/243 239/47/7
f 1485/30/20 1477/53/20 1498/54/20 1497/76/20
f 95/67/20 91/24/20 87/68/20 83/22/20 90/23/20 94/21/20
f 1469/3/7 1470/2/7 1473/1/7 1474/4/7
f 2839/8/133 2838/9/133 2828/10/133 2815/17/137 2817/11/134 2840/7/133
f 1492/67/16 1491/66/16 1486/23/16 1487/24/16
f 1492/67/16 1487/24/16 1483/68/16 1479/22/16 1486/23/16 1491/66/16
f 902/18/16 900/8/16 899/9/16 887/10/16 878/11/290 886/34/289 901/92/289
f 2955/73/26 2953/74/26 2957/75/26 2959/17/26
f 1503/56/20 1502/29/20 1481/31/20 1488/38/20 1485/30/20 1496/39/20
f 1485/26/256 1490/25/255 1489/59/255 1477/61/254
f 1538/41/26 1537/40/26 1536/43/26 1539/42/26
f 1541/43/24 1540/40/24 1542/41/24 1543/42/24
f 289/26/47 293/25/46 300/70/46 299/64/46 281/61/45
f 1096/3/1 1101/4/1 1103/1/1 1099/2/1
f 2824/77/20 2831/69/20 2811/61/37 2832/70/36 2834/84/36 2820/12/53
f 1552/30/1 1575/37/1 1574/55/1 1562/54/1 1548/31/1 1561/32/1 1577/44/1 1576/33/1 1578/35/1
f 1624/64/20 1620/12/142 1613/11/20 1611/61/141
f 434/23/7 435/24/7 451/86/7 450/19/7 439/21/7
f 1640/29/1 1639/37/1 1645/91/1 1644/56/1 1643/52/1 1619/30/1 1611/53/1 1615/31/1 1642/35/1 1641/36/1
f 1633/90/7 1632/19/7 1631/85/7 1630/51/7 1613/22/7 1620/23/7 1621/24/7 1617/68/7 1623/49/7 1628/50/7 1629/65/7 1634/82/7
f 1980/34/203 1974/15/301 1992/18/1 1991/47/1 1969/11/202
f 1687/23/16 1688/24/16 1698/86/16 1680/22/16
f 2843/55/1 2844/37/1 2845/29/1 2815/31/1 2822/38/1 2829/39/1 2847/44/1 2846/33/1 2819/30/1 2811/53/1 2830/54/1
f 2404/1/7 2400/2/7 2401/3/7 2405/4/7
f 1695/54/20 1682/31/20 1689/38/20 1686/30/20
f 747/46/25 743/45/25 750/30/25 753/38/25
f 1117/4/20 1119/1/20 1115/2/20 1112/3/20
f 1747/40/24 1749/41/24 1750/42/24 1748/43/24
f 1743/43/26 1746/42/26 1745/41/26 1744/40/26
f 2948/40/24 2950/41/24 2951/42/24 2949/43/24
f 1773/21/1 1785/20/1 1761/22/1 1768/23/1
f 754/25/211 762/60/211 761/70/211 751/12/214 742/61/7 750/26/212
f 2538/4/20 2535/3/20 2536/2/20 2540/1/20
f 2039/4/16 2038/1/16 2034/2/16 2035/3/16
f 1629/65/7 1628/50/7 1623/49/7 1617/68/7 1613/22/7 1630/51/7
f 2773/2/20 2774/3/20 2778/4/20 2777/1/20
f 1791/33/7 1790/29/7 1767/30/7 1778/54/7 1789/55/7 1763/31/7 1777/32/7 1792/44/7
f 3152/31/16 3173/36/16 3156/30/16 3175/56/16 3172/37/16
f 3152/31/16 3174/44/16 3165/32/16 3159/38/16 3156/30/16 3173/36/16
f 1254/4/7 1249/3/7 1250/2/7 1253/1/7
f 1839/1/1 1835/2/1 1836/3/1 1840/4/1
f 1409/58/25 1413/57/25 1416/24/25 1415/23/25
f 1837/1/7 1838/4/7 1833/3/7 1834/2/7
f 1903/31/20 1930/44/20 1918/32/20 1910/38/20 1907/30/20 1919/54/20 1928/29/20 1929/33/20
f 2388/1/20 2386/4/20 2383/3/20 2384/2/20
f 1860/65/16 1861/51/16 1862/85/16 1863/86/16 1854/66/16 1850/23/16 1851/24/16 1847/68/16 1855/49/16 1859/50/16
f 1992/18/1 1990/8/1 1969/11/202 1991/47/1
f 1972/12/249 1976/80/7 1977/77/7 1965/11/7 1963/61/247 1982/64/7
f 1858/54/20 1866/52/20 1865/35/20 1857/39/20 1849/30/20
f 3092/51/20 3093/85/20 3094/86/20 3083/66/20 3080/24/20 3084/67/20
f 1841/53/20 1845/31/20 1864/33/20 1866/52/20 1858/54/20 1849/30/20
f 3019/30/7 3036/37/7 3037/56/7 3028/32/7 3015/31/7 3022/38/7
f 1982/64/7 1963/61/247 1983/62/7 1984/84/7 1972/12/249
f 2393/42/26 2392/41/26 2391/40/26 2390/43/26
f 1984/84/7 1983/62/7 1963/61/247 1975/59/246 1972/12/249
f 2546/40/24 2548/41/24 2549/42/24 2547/43/24
f 1974/15/301 1967/17/1 1969/11/202 1981/10/1
f 1974/15/301 1981/10/1 1969/11/202 1990/8/1 1992/18/1
f 3073/58/25 3077/57/25 3080/24/25 3079/23/25
f 748/11/122 757/34/304 770/48/1 769/47/1 768/6/1 767/7/1 774/18/1 773/83/1 772/5/1 771/92/1 758/16/305 753/15/123
f 830/84/294 829/70/294 822/59/294 818/26/296 811/27/306 813/28/306 819/12/295
f 1994/29/20 1993/37/20 1999/91/20 1998/56/20 1971/30/20 1963/53/20 1967/31/20
f 2038/41/24 2039/42/24 2037/43/24 2036/40/24
f 2966/16/49 2963/15/48 2975/6/16 2974/7/16 2973/8/16 2958/11/16 2962/12/50
f 1691/80/235 1687/12/236 1680/11/7 1678/61/7 1686/26/236 1690/25/235
f 2037/4/1 2039/1/1 2035/2/1 2032/3/1
f 2376/2/20 2377/3/20 2381/4/20 2380/1/20
f 16/57/25 19/24/25 18/23/25 12/58/25
f 2040/3/20 2041/2/20 2044/1/20 2045/4/20
f 948/23/7 954/66/7 953/21/7 941/22/7
f 1264/1/7 1260/2/7 1257/3/7 1262/4/7
f 1477/61/254 1486/12/258 1479/11/7
f 2629/71/24 2627/72/24 2623/31/24 2625/53/24
f 2776/4/16 2771/3/16 2772/2/16 2775/1/16
f 291/24/16 294/66/16 290/23/16
f 2061/4/20 2056/3/20 2057/2/20 2060/1/20
f 619/41/26 618/40/26 617/43/26 620/42/26
f 838/18/9 826/16/9 821/15/8 827/81/16 836/9/16 816/11/10 837/8/9
f 697/9/20 688/10/20 677/17/20 679/11/103
f 874/22/7 896/19/7 897/86/7 882/24/7 898/88/7 895/65/207
f 2068/1/16 2069/4/16 2064/3/16 2065/2/16
f 667/2/7 671/1/7 669/4/7 666/3/7
f 952/77/164 961/70/164 951/59/164 947/26/163 940/27/162 942/28/162 948/12/163
f 744/11/7 742/61/7 751/12/214
f 2082/24/1 2078/68/1 2074/22/1 2089/88/1
f 2261/37/1 2262/29/1 2263/36/1 2264/35/1 2247/39/1 2240/38/1 2237/30/1 2248/76/1 2260/55/1 2233/31/1
f 2074/22/1 2088/85/1 2089/88/1
f 2075/58/39 2079/57/39 2082/24/39 2081/23/39
f 2719/50/7 2709/67/7 2705/24/7 2701/68/7 2697/22/7 2708/21/7 2722/20/7 2721/19/7 2720/51/7
f 2091/18/179 2090/8/179 2083/15/182 2076/17/20 2078/11/180 2085/34/179
f 2094/52/7 2095/56/7 2093/29/7 2076/31/7
f 897/86/7 896/19/7 874/22/7
f 1759/53/7 1763/31/7 1789/55/7 1778/54/7 1767/30/7
f 501/12/71 494/11/7 492/61/70 514/62/69 513/64/69 512/78/69 505/80/69
f 2254/51/7 2253/65/7 2252/50/7 2244/49/7 2231/22/7 2256/19/7 2255/85/7
f 2544/2/16 2548/1/16 2546/4/16 2543/3/16
f 956/34/307 945/11/95 949/12/308 946/13/308 944/14/308 950/15/96 967/47/307
f 509/10/1 519/8/1 498/11/1 502/12/105 508/34/104 520/47/104 521/5/104 503/15/107
f 1253/4/16 1250/3/16 1251/2/16 1255/1/16
f 1199/24/16 1203/49/16 1191/22/16
f 2078/71/24 2076/72/24 2072/31/24 2074/53/24
f 1918/32/20 1930/44/20 1903/31/20 1910/38/20
f 1695/54/20 1686/30/20 1678/53/20 1682/31/20
f 2763/3/16 2768/4/16 2770/1/16 2766/2/16
f 2144/61/152 2162/69/16 2153/12/151
f 2143/1/7 2139/2/7 2136/3/7 2141/4/7
f 1701/6/1 1702/18/1 1700/8/1 1699/9/1 1694/10/1 1689/15/204 1682/17/1 1684/11/202
f 2172/18/20 2169/7/20 2150/11/42 2170/47/20 2171/5/20 2155/15/40
f 2837/51/7 2836/65/7 2835/50/7 2826/49/7 2813/22/7 2820/23/7 2825/21/7
f 669/1/20 670/4/20 665/3/20 666/2/20
f 1483/71/24 1481/72/24 1477/31/24 1479/53/24
f 2211/1/7 2207/2/7 2208/3/7 2212/4/7
f 1342/12/309 1335/11/272 1346/77/271 1351/78/271 1352/69/271 1353/64/271 1354/70/271 1355/60/271 1345/59/271 1333/61/272 1341/26/309 1334/27/309 1336/28/309
f 2218/4/1 2213/3/1 2214/2/1 2217/1/1
f 2220/4/7 2219/1/7 2215/2/7 2216/3/7
f 2225/40/24 2227/41/24 2228/42/24 2226/43/24
f 2221/43/26 2224/42/26 2223/41/26 2222/40/26
f 1080/3/7 1081/2/7 1084/1/7 1085/4/7
f 2235/68/7 2231/22/7 2244/49/7 2252/50/7 2253/65/7 2258/82/7 2239/24/7
f 1482/46/25 1478/45/25 1485/30/25 1488/38/25
f 1016/17/1 1018/11/112 1038/9/1 1028/10/1 1023/15/310
f 2302/43/24 2301/40/24 2303/41/24 2304/42/24
f 2655/7/264 2656/6/264 2629/11/265 2638/34/264 2639/16/264 2633/12/263 2630/13/311 2628/14/311 2634/15/311 2627/17/312 2640/10/264 2654/9/264
f 2054/1/7 2050/2/7 2051/3/7 2055/4/7
f 749/13/313 747/14/313 753/15/123 758/16/305 757/34/304 748/11/122 752/12/313
f 2327/19/16 2326/51/16 2325/65/16 2328/79/16 2315/24/16 2311/68/16 2307/22/16
f 344/43/26 347/42/26 346/41/26 345/40/26
f 950/15/96 943/17/16 958/10/16 957/81/16
f 567/30/1 559/53/1 563/31/1 584/91/1
f 2335/37/20 2341/91/20 2340/56/20 2313/30/20 2305/53/20 2309/31/20 2337/36/20 2339/52/20 2336/29/20
f 681/30/7 673/53/7 691/54/7 690/76/7
f 672/1/1 668/2/1 665/3/1 670/4/1
f 959/39/1 971/44/1 943/31/1 950/38/1
f 2397/42/24 2395/43/24 2394/40/24 2396/41/24
f 1039/8/111 1040/7/111 1041/6/111 1043/5/111 1023/15/310 1028/10/1 1038/9/1 1018/11/112
f 2310/46/25 2306/45/25 2313/30/25 2316/38/25
f 2080/30/7 2072/53/7 2086/54/7 2092/55/7 2076/31/7 2093/29/7 2095/56/7 2094/52/7
f 1680/22/16 1698/86/16 1697/19/16
f 2889/12/40 2901/84/20 2900/70/20 2880/61/42 2892/59/41
f 2409/58/39 2413/57/39 2416/24/39 2415/23/39
f 2408/22/1 2429/51/1 2428/50/1 2423/49/1 2412/68/1
f 1008/40/24 1010/41/24 1011/42/24 1009/43/24
f 2435/55/7 2410/31/7 2436/37/7 2437/56/7 2425/32/7 2417/38/7 2414/30/7 2406/53/7 2426/54/7
f 2476/71/24 2474/72/24 2470/31/24 2472/53/24
f 2051/42/26 2050/41/26 2049/40/26 2048/43/26
f 1339/71/24 1337/72/24 1333/31/24 1335/53/24
f 1565/63/273 1564/69/273 1563/78/273 1557/77/273 1553/12/274 1546/11/20 1544/61/20 1552/26/274 1556/59/273
f 2494/47/31 2481/15/34 2485/10/1 2493/9/1 2476/11/32 2484/34/31 2495/48/31
f 2500/35/20 2499/33/20 2498/36/20 2474/31/20 2481/38/20 2478/30/20
f 3084/67/20 3080/24/20 3076/68/20 3072/22/20 3092/51/20
f 3083/66/20 3094/86/20 3093/85/20 3092/51/20 3072/22/20 3079/23/20 3080/24/20
f 2534/3/16 2539/4/16 2541/1/16 2537/2/16
f 2540/1/7 2536/2/7 2537/3/7 2541/4/7
f 1736/3/7 1737/2/7 1741/1/7 1739/4/7
f 2629/11/265 2656/6/264 2655/7/264 2654/9/264 2640/10/264 2627/17/312
f 1553/23/7 1554/24/7 1558/66/7 1568/19/7 1569/82/7 1567/65/7 1566/50/7 1559/49/7 1546/22/7
f 2415/23/1 2422/66/1 2421/21/1 2408/22/1
f 1101/43/24 1100/40/24 1102/41/24 1103/42/24
f 584/91/1 572/32/1 563/31/1 570/38/1 567/30/1
f 2066/41/26 2065/40/26 2064/43/26 2067/42/26
f 3079/12/216 3088/64/1 3070/61/155 3089/62/217 3090/70/217 3091/60/217 3082/25/217
f 1091/42/26 1090/41/26 1089/40/26 1088/43/26
f 2578/55/1 2568/54/1 2550/53/1 2554/31/1 2580/29/1 2579/37/1
f 1924/50/16 1914/49/16 1909/24/16 1905/68/16 1901/22/16
f 3136/1/16 3137/4/16 3132/3/16 3133/2/16
f 2619/40/24 2621/41/24 2622/42/24 2620/43/24
f 2619/1/1 2620/4/1 2615/3/1 2616/2/1
f 153/23/1 154/24/1 158/66/1 157/21/1
f 2621/1/7 2617/2/7 2618/3/7 2622/4/7
f 3079/12/216 3072/11/1 3070/61/155 3088/64/1
f 2643/78/1 2635/77/1 2623/61/159 2646/84/158 2645/62/1 2644/64/1
f 2650/51/20 2649/65/20 2648/50/20 2637/49/20 2633/24/20 2629/68/20 2625/22/20 2632/23/20 2636/21/20 2653/20/20 2652/19/20 2651/85/20
f 2910/36/77 2911/33/77 2884/31/1 2888/30/1 2909/29/20
f 2662/44/16 2661/33/16 2660/36/16 2659/29/16 2658/37/16 2657/55/16 2642/54/16 2631/30/16 2623/53/16 2627/31/16 2641/32/16
f 2046/41/24 2047/42/24 2045/43/24 2044/40/24
f 651/41/26 650/40/26 649/43/26 652/42/26
f 1022/24/16 1035/85/16 1014/22/16 1036/20/16 1025/21/16 1021/23/16
f 3014/28/51 3020/12/48 3023/25/49 3019/26/50 3012/27/51
f 2765/41/26 2764/40/26 2763/43/26 2766/42/26
f 2768/43/24 2767/40/24 2769/41/24 2770/42/24
f 1402/4/20 1399/3/20 1400/2/20 1404/1/20
f 2790/3/20 2794/4/20 2793/1/20 2789/2/20
f 2765/2/20 2769/1/20 2767/4/20 2764/3/20
f 2056/43/26 2059/42/26 2058/41/26 2057/40/26
f 2785/41/24 2786/42/24 2784/43/24 2783/40/24
f 1754/3/20 1758/4/20 1757/1/20 1753/2/20
f 147/73/26 145/74/26 149/75/26 151/17/26
f 1846/14/314 1852/15/314 1845/17/209 1856/10/208 1847/11/210 1851/12/314 1848/13/314
f 2779/3/1 2784/4/1 2786/1/1 2782/2/1
f 2789/41/26 2788/40/26 2787/43/26 2790/42/26
f 2236/57/35 2239/24/35 2238/23/35 2232/58/35
f 2807/1/16 2808/4/16 2803/3/16 2804/2/16
f 2801/1/1 2797/2/1 2798/3/1 2802/4/1
f 1271/71/24 1269/72/24 1265/31/24 1267/53/24
f 2820/12/53 2834/84/36 2832/70/36 2811/61/37 2833/60/36 2823/59/36 2819/26/38 2812/27/315 2814/28/315
f 967/47/307 950/15/96 968/18/16 966/8/16 945/11/95 956/34/307
f 3155/57/25 3158/24/25 3157/23/25 3151/58/25
f 2824/77/20 2820/12/53 2813/11/20 2811/61/37 2831/69/20
f 2827/34/133 2842/47/133 2841/6/133 2817/11/134 2821/12/135
f 740/41/24 741/42/24 739/43/24 738/40/24
f 2889/12/40 2880/61/42 2899/69/20 2902/63/20
f 1360/19/26 1335/22/20 1343/24/20 1347/49/26 1356/50/26 1357/65/26 1358/51/26 1359/85/26
f 1025/21/16 1036/20/16 1014/22/16 1021/23/16
f 2882/11/20 2880/61/42 2889/12/40
f 821/38/1 818/30/1 839/33/1 814/31/1
f 694/51/1 693/50/1 687/67/1 683/24/1 679/68/1 675/22/1 686/21/1 696/86/1 695/85/1
f 2846/33/1 2847/44/1 2829/39/1 2822/38/1 2819/30/1
f 1131/28/316 1137/12/144 1140/25/143 1141/77/143 1128/61/145 1136/26/316 1129/27/316
f 2948/1/16 2949/4/16 2944/3/16 2945/2/16
f 1909/12/150 1916/16/148 1915/34/148 1905/11/149
f 1857/39/20 1865/35/20 1864/33/20 1845/31/20 1852/38/20 1849/30/20
f 631/41/24 632/42/24 630/43/24 629/40/24
f 2964/59/59 2969/70/59 2952/61/58 2960/26/60
f 149/46/35 145/45/35 152/30/35 155/38/35
f 2965/21/7 2954/22/7 2961/23/7 2962/24/7 2970/19/7 2971/20/7
f 2971/20/7 2970/19/7 2962/24/7 2958/68/7 2954/22/7 2965/21/7
f 2246/81/198 2240/15/201 2233/17/16 2235/11/16 2239/12/199 2245/34/198 2259/47/198
f 3136/4/1 3133/3/1 3134/2/1 3138/1/1
f 2956/31/1 2978/33/1 2960/30/1 2968/76/1 2976/55/1 2977/37/1
f 3011/61/16 3032/87/16 3031/63/16 3020/12/48 3013/11/16
f 35/19/20 36/86/20 19/24/20 34/65/20 11/22/20 18/23/20 25/21/20
f 2888/30/1 2884/31/1 2891/38/1
f 3035/86/1 3024/66/1 3021/24/1 3033/51/1 3013/22/1 3034/19/1
f 3035/86/1 3034/19/1 3013/22/1 3020/23/1 3021/24/1 3024/66/1
f 2423/49/1 2428/50/1 2429/51/1 2408/22/1 2430/19/1 2416/24/1 2412/68/1
f 3013/22/1 3033/51/1 3021/24/1 3025/49/1
f 776/33/20 777/35/20 750/30/20 775/29/20 746/31/20 759/32/20
f 3087/76/16 3099/33/16 3074/31/16 3081/38/16 3078/30/16
f 3087/76/16 3078/30/16 3070/53/16 3074/31/16 3099/33/16
f 3134/41/26 3133/40/26 3132/43/26 3135/42/26
f 3138/41/24 3139/42/24 3137/43/24 3136/40/24
f 2226/4/1 2221/3/1 2222/2/1 2225/1/1
f 1680/53/24 1684/71/24 1682/72/24 1678/31/24
f 3146/1/1 3142/2/1 3143/3/1 3147/4/1
f 3161/77/128 3160/25/128 3157/12/241 3150/11/166
f 3167/50/20 3163/49/20 3158/24/20 3154/68/20 3150/22/20 3157/23/20 3162/21/20
f 1017/14/317 1023/15/310 1043/5/111 1041/6/111 1040/7/111 1039/8/111 1018/11/112 1042/48/111 1027/34/111 1022/12/113 1019/13/317
f 2217/4/20 2214/3/20 2215/2/20 2219/1/20
f 3232/3/7 3237/4/7 3239/1/7 3235/2/7
f 3214/41/24 3215/42/24 3213/43/24 3212/40/24
f 357/4/1 359/1/1 355/2/1 352/3/1
f 217/28/318 223/12/109 226/25/108 236/84/108 235/62/108 234/64/108 227/77/108 216/11/110 214/61/318 222/26/318 215/27/318
f 3220/1/7 3221/4/7 3216/3/7 3217/2/7
f 3153/14/319 3159/15/298 3164/10/297 3168/9/297 3169/7/297 3170/47/297 3154/11/299 3158/12/319 3155/13/319
f 2776/4/7 2778/1/7 2774/2/7 2771/3/7
f 392/35/16 391/33/16 364/31/16 371/38/16 378/32/16
f 3229/43/24 3228/40/24 3230/41/24 3231/42/24
f 163/69/250 153/12/253 146/11/16 144/61/16 152/26/251 156/25/250 167/60/250 166/70/250 165/62/250 164/64/250
f 3230/1/1 3226/2/1 3227/3/1 3231/4/1
f 624/1/16 620/2/16 617/3/16 622/4/16
f 2033/40/26 2032/43/26 2035/42/26 2034/41/26
f 2958/71/24 2956/72/24 2952/31/24 2954/53/24
f 3236/1/16 3237/4/16 3232/3/16 3233/2/16
f 1746/2/7 1743/3/7 1748/4/7 1750/1/7
f 2318/16/206 2333/48/206 2311/11/128 2315/12/320 2312/13/320 2310/14/320 2316/15/129
l 138 137
l 122 121
l 200 199
l 184 183
l 267 266
l 251 250
l 720 719
l 704 703
l 1066 1065
l 1050 1049
l 1167 1166
l 1151 1150
l 1319 1318
l 1303 1302
l 1392 1391
l 1376 1375
l 1522 1521
l 1506 1505
l 1811 1810
l 1795 1794
l 1885 1884
l 1869 1868
l 1957 1956
l 1941 1940
l 2018 2017
l 2002 2001
l 2283 2282
l 2267 2266
l 2689 2688
l 2673 2672
l 2749 2748
l 2733 2732
l 2866 2865
l 2850 2849
l 2938 2937
l 2922 2921
l 48 41
l 64 57
l 327 320
l 343 336
l 408 401
l 424 417
l 467 460
l 483 476
l 542 535
l 558 551
l 592 585
l 608 601
l 785 778
l 801 794
l 855 848
l 871 864
l 914 907
l 930 923
l 987 980
l 1003 996
l 1216 1209
l 1232 1225
l 1452 1445
l 1468 1461
l 1586 1579
l 1602 1595
l 1661 1654
l 1677 1670
l 1710 1703
l 1726 1719
l 2103 2096
l 2119 2112
l 2180 2173
l 2196 2189
l 2349 2342
l 2365 2358
l 2453 2446
l 2469 2462
l 2509 2502
l 2525 2518
l 2590 2583
l 2606 2599
l 2994 2987
l 3010 3003
l 3045 3038
l 3061 3054
l 3115 3108
l 3131 3124
l 3191 3184
l 3207 3200
l 60 61
l 44 45
l 141 142
l 125 126
l 203 204
l 187 188
l 270 271
l 254 255
l 339 340
l 323 324
l 420 421
l 404 405
l 479 480
l 463 464
l 554 555
l 538 539
l 604 605
l 588 589
l 723 724
l 707 708
l 797 798
l 781 782
l 867 868
l 851 852
l 926 927
l 910 911
l 999 1000
l 983 984
l 1069 1070
l 1053 1054
l 1170 1171
l 1154 1155
l 1228 1229
l 1212 1213
l 1322 1323
l 1306 1307
l 1395 1396
l 1379 1380
l 1464 1465
l 1448 1449
l 1525 1526
l 1509 1510
l 1598 1599
l 1582 1583
l 1673 1674
l 1657 1658
l 1722 1723
l 1706 1707
l 1814 1815
l 1798 1799
l 1888 1889
l 1872 1873
l 1960 1961
l 1944 1945
l 2021 2022
l 2005 2006
l 2115 2116
l 2099 2100
l 2192 2193
l 2176 2177
l 2286 2287
l 2270 2271
l 2361 2362
l 2345 2346
l 2465 2466
l 2449 2450
l 2521 2522
l 2505 2506
l 2602 2603
l 2586 2587
l 2692 2693
l 2676 2677
l 2752 2753
l 2736 2737
l 2869 2870
l 2853 2854
l 2941 2942
l 2925 2926
l 3006 3007
l 2990 2991
l 3057 3058
l 3041 3042
l 3127 3128
l 3111 3112
l 3203 3204
l 3187 3188
l 67 66
l 51 50
l 330 329
l 314 313
l 411 410
l 395 394
l 486 485
l 470 469
l 545 544
l 529 528
l 611 610
l 595 594
l 804 803
l 788 787
l 858 857
l 842 841
l 933 932
l 917 916
l 990 989
l 974 973
l 1235 1234
l 1219 1218
l 1455 1454
l 1439 1438
l 1605 1604
l 1589 1588
l 1664 1663
l 1648 1647
l 1729 1728
l 1713 1712
l 2122 2121
l 2106 2105
l 2199 2198
l 2183 2182
l 2368 2367
l 2352 2351
l 2456 2455
l 2440 2439
l 2528 2527
l 2512 2511
l 2609 2608
l 2593 2592
l 2997 2996
l 2981 2980
l 3064 3063
l 3048 3047
l 3118 3117
l 3102 3101
l 3194 3193
l 3178 3177
l 127 120
l 143 136
l 189 182
l 205 198
l 256 249
l 272 265
l 709 702
l 725 718
l 1055 1048
l 1071 1064
l 1156 1149
l 1172 1165
l 1308 1301
l 1324 1317
l 1381 1374
l 1397 1390
l 1511 1504
l 1527 1520
l 1800 1793
l 1816 1809
l 1874 1867
l 1890 1883
l 1946 1939
l 1962 1955
l 2007 2000
l 2023 2016
l 2272 2265
l 2288 2281
l 2678 2671
l 2694 2687
l 2738 2731
l 2754 2747
l 2855 2848
l 2871 2864
l 2927 2920
l 2943 2936
l 70 71
l 54 55
l 139 140
l 123 124
l 201 202
l 185 186
l 268 269
l 252 253
l 333 334
l 317 318
l 414 415
l 398 399
l 489 490
l 473 474
l 548 549
l 532 533
l 614 615
l 598 599
l 721 722
l 705 706
l 807 808
l 791 792
l 861 862
l 845 846
l 936 937
l 920 921
l 993 994
l 977 978
l 1067 1068
l 1051 1052
l 1168 1169
l 1152 1153
l 1238 1239
l 1222 1223
l 1320 1321
l 1304 1305
l 1393 1394
l 1377 1378
l 1458 1459
l 1442 1443
l 1523 1524
l 1507 1508
l 1608 1609
l 1592 1593
l 1667 1668
l 1651 1652
l 1732 1733
l 1716 1717
l 1812 1813
l 1796 1797
l 1886 1887
l 1870 1871
l 1958 1959
l 1942 1943
l 2019 2020
l 2003 2004
l 2125 2126
l 2109 2110
l 2202 2203
l 2186 2187
l 2284 2285
l 2268 2269
l 2371 2372
l 2355 2356
l 2459 2460
l 2443 2444
l 2531 2532
l 2515 2516
l 2612 2613
l 2596 2597
l 2690 2691
l 2674 2675
l 2750 2751
l 2734 2735
l 2867 2868
l 2851 2852
l 2939 2940
l 2923 2924
l 3000 3001
l 2984 2985
l 3067 3068
l 3051 3052
l 3121 3122
l 3105 3106
l 3197 3198
l 3181 3182
l 130 129
l 114 113
l 208 207
l 192 191
l 259 258
l 243 242
l 728 727
l 712 711
l 1074 1073
l 1058 1057
l 1175 1174
l 1159 1158
l 1327 1326
l 1311 1310
l 1384 1383
l 1368 1367
l 1530 1529
l 1514 1513
l 1819 1818
l 1803 1802
l 1893 1892
l 1877 1876
l 1949 1948
l 1933 1932
l 2026 2025
l 2010 2009
l 2291 2290
l 2275 2274
l 2681 2680
l 2665 2664
l 2757 2756
l 2741 2740
l 2874 2873
l 2858 2857
l 2930 2929
l 2914 2913
l 56 49
l 72 65
l 319 312
l 335 328
l 400 393
l 416 409
l 475 468
l 491 484
l 534 527
l 550 543
l 600 593
l 616 609
l 793 786
l 809 802
l 847 840
l 863 856
l 922 915
l 938 931
l 979 972
l 995 988
l 1224 1217
l 1240 1233
l 1444 1437
l 1460 1453
l 1594 1587
l 1610 1603
l 1653 1646
l 1669 1662
l 1718 1711
l 1734 1727
l 2111 2104
l 2127 2120
l 2188 2181
l 2204 2197
l 2357 2350
l 2373 2366
l 2445 2438
l 2461 2454
l 2517 2510
l 2533 2526
l 2598 2591
l 2614 2607
l 2986 2979
l 3002 2995
l 3053 3046
l 3069 3062
l 3107 3100
l 3123 3116
l 3183 3176
l 3199 3192
l 68 69
l 52 53
l 133 134
l 117 118
l 211 212
l 195 196
l 262 263
l 246 247
l 331 332
l 315 316
l 412 413
l 396 397
l 487 488
l 471 472
l 546 547
l 530 531
l 612 613
l 596 597
l 731 732
l 715 716
l 805 806
l 789 790
l 859 860
l 843 844
l 934 935
l 918 919
l 991 992
l 975 976
l 1077 1078
l 1061 1062
l 1178 1179
l 1162 1163
l 1236 1237
l 1220 1221
l 1330 1331
l 1314 1315
l 1387 1388
l 1371 1372
l 1456 1457
l 1440 1441
l 1533 1534
l 1517 1518
l 1606 1607
l 1590 1591
l 1665 1666
l 1649 1650
l 1730 1731
l 1714 1715
l 1822 1823
l 1806 1807
l 1896 1897
l 1880 1881
l 1952 1953
l 1936 1937
l 2029 2030
l 2013 2014
l 2123 2124
l 2107 2108
l 2200 2201
l 2184 2185
l 2294 2295
l 2278 2279
l 2369 2370
l 2353 2354
l 2457 2458
l 2441 2442
l 2529 2530
l 2513 2514
l 2610 2611
l 2594 2595
l 2684 2685
l 2668 2669
l 2760 2761
l 2744 2745
l 2877 2878
l 2861 2862
l 2933 2934
l 2917 2918
l 2998 2999
l 2982 2983
l 3065 3066
l 3049 3050
l 3119 3120
l 3103 3104
l 3195 3196
l 3179 3180
l 59 58
l 43 42
l 338 337
l 322 321
l 419 418
l 403 402
l 478 477
l 462 461
l 553 552
l 537 536
l 603 602
l 587 586
l 796 795
l 780 779
l 866 865
l 850 849
l 925 924
l 909 908
l 998 997
l 982 981
l 1227 1226
l 1211 1210
l 1463 1462
l 1447 1446
l 1597 1596
l 1581 1580
l 1672 1671
l 1656 1655
l 1721 1720
l 1705 1704
l 2114 2113
l 2098 2097
l 2191 2190
l 2175 2174
l 2360 2359
l 2344 2343
l 2464 2463
l 2448 2447
l 2520 2519
l 2504 2503
l 2601 2600
l 2585 2584
l 3005 3004
l 2989 2988
l 3056 3055
l 3040 3039
l 3126 3125
l 3110 3109
l 3202 3201
l 3186 3185
l 119 112
l 135 128
l 197 190
l 213 206
l 248 241
l 264 257
l 717 710
l 733 726
l 1063 1056
l 1079 1072
l 1164 1157
l 1180 1173
l 1316 1309
l 1332 1325
l 1373 1366
l 1389 1382
l 1519 1512
l 1535 1528
l 1808 1801
l 1824 1817
l 1882 1875
l 1898 1891
l 1938 1931
l 1954 1947
l 2015 2008
l 2031 2024
l 2280 2273
l 2296 2289
l 2670 2663
l 2686 2679
l 2746 2739
l 2762 2755
l 2863 2856
l 2879 2872
l 2919 2912
l 2935 2928
l 62 63
l 46 47
l 131 132
l 115 116
l 209 210
l 193 194
l 260 261
l 244 245
l 341 342
l 325 326
l 422 423
l 406 407
l 481 482
l 465 466
l 556 557
l 540 541
l 606 607
l 590 591
l 729 730
l 713 714
l 799 800
l 783 784
l 869 870
l 853 854
l 928 929
l 912 913
l 1001 1002
l 985 986
l 1075 1076
l 1059 1060
l 1176 1177
l 1160 1161
l 1230 1231
l 1214 1215
l 1328 1329
l 1312 1313
l 1385 1386
l 1369 1370
l 1466 1467
l 1450 1451
l 1531 1532
l 1515 1516
l 1600 1601
l 1584 1585
l 1675 1676
l 1659 1660
l 1724 1725
l 1708 1709
l 1820 1821
l 1804 1805
l 1894 1895
l 1878 1879
l 1950 1951
l 1934 1935
l 2027 2028
l 2011 2012
l 2117 2118
l 2101 2102
l 2194 2195
l 2178 2179
l 2292 2293
l 2276 2277
l 2363 2364
l 2347 2348
l 2467 2468
l 2451 2452
l 2523 2524
l 2507 2508
l 2604 2605
l 2588 2589
l 2682 2683
l 2666 2667
l 2758 2759
l 2742 2743
l 2875 2876
l 2859 2860
l 2931 2932
l 2915 2916
l 3008 3009
l 2992 2993
l 3059 3060
l 3043 3044
l 3129 3130
l 3113 3114
l 3205 3206
l 3189 3190
