# Blender 4.3.2
# www.blender.org
o Mountains_applied
v 0.000000 0.100000 -1.000000
v -0.866025 0.100000 -0.500000
v -0.865698 0.100000 0.499811
v 0.000000 0.100000 1.000000
v 0.866025 0.100000 0.500000
v 0.866025 0.100000 -0.500000
v 0.000000 0.426438 0.000000
v -0.787296 0.100000 -0.545455
v -0.708566 0.100000 -0.590909
v -0.629837 0.100000 -0.636364
v -0.551107 0.100000 -0.681818
v -0.472378 0.100000 -0.727273
v -0.393648 0.100000 -0.772727
v -0.314918 0.100000 -0.818182
v -0.236189 0.100000 -0.863636
v -0.157459 0.100000 -0.909091
v -0.078730 0.100000 -0.954545
v -0.866025 0.100000 0.409091
v -0.866025 0.100000 0.318182
v -0.866025 0.100000 0.227273
v -0.866025 0.100000 0.136364
v -0.866025 0.100000 0.045455
v -0.866025 0.100000 -0.045455
v -0.866025 0.100000 -0.136364
v -0.866025 0.100000 -0.227273
v -0.866025 0.100000 -0.318182
v -0.866025 0.100000 -0.409091
v -0.078730 0.100000 0.954545
v -0.157459 0.100000 0.909091
v -0.236189 0.100000 0.863636
v -0.314918 0.100000 0.818182
v -0.393648 0.100000 0.772727
v -0.472377 0.100000 0.727273
v -0.551107 0.100000 0.681818
v -0.629837 0.100000 0.636364
v -0.708566 0.100000 0.590909
v -0.787296 0.100000 0.545455
v 0.787296 0.100000 0.545455
v 0.708566 0.100000 0.590909
v 0.629837 0.100000 0.636364
v 0.551107 0.100000 0.681818
v 0.472378 0.100000 0.727273
v 0.393648 0.100000 0.772727
v 0.314918 0.100000 0.818182
v 0.236189 0.100000 0.863636
v 0.157459 0.100000 0.909091
v 0.078730 0.100000 0.954545
v 0.866025 0.100000 -0.409091
v 0.866025 0.100000 -0.318182
v 0.866025 0.100000 -0.227273
v 0.866025 0.100000 -0.136364
v 0.866025 0.100000 -0.045455
v 0.866025 0.100000 0.045455
v 0.866025 0.100000 0.136364
v 0.866025 0.100000 0.227273
v 0.866025 0.100000 0.318182
v 0.866025 0.100000 0.409091
v 0.078730 0.100000 -0.954545
v 0.157459 0.100000 -0.909091
v 0.236189 0.100000 -0.863636
v 0.314918 0.100000 -0.818182
v 0.393648 0.100000 -0.772727
v 0.472377 0.100000 -0.727273
v 0.551107 0.100000 -0.681818
v 0.629837 0.100000 -0.636364
v 0.708566 0.100000 -0.590909
v 0.787296 0.100000 -0.545455
v 0.078730 0.421227 -0.045455
v 0.157459 0.372208 -0.090909
v 0.236189 0.274931 -0.136364
v 0.314918 0.188386 -0.181818
v 0.393648 0.128014 -0.227273
v 0.472377 0.083556 -0.272727
v 0.551107 0.050959 -0.318182
v 0.629837 0.049589 -0.363636
v 0.708566 0.069276 -0.409091
v 0.787296 0.086956 -0.454545
v -0.787296 0.082353 0.454545
v -0.708566 0.056921 0.409091
v -0.629837 0.058456 0.363636
v -0.551107 0.066471 0.318182
v -0.472378 0.101287 0.272727
v -0.393648 0.163919 0.227273
v -0.314918 0.256409 0.181818
v -0.236189 0.444996 0.136364
v -0.157459 0.533040 0.090909
v -0.078730 0.494706 0.045455
v -0.787296 0.128958 -0.454545
v -0.708566 0.160978 -0.409091
v -0.629837 0.216046 -0.363636
v -0.551107 0.264424 -0.318182
v -0.472378 0.269104 -0.272727
v -0.393648 0.277559 -0.227273
v -0.314918 0.321021 -0.181818
v -0.236189 0.400830 -0.136364
v -0.157459 0.379592 -0.090909
v -0.078730 0.372671 -0.045455
v 0.000000 0.155364 -0.909091
v -0.000000 0.188398 -0.818182
v 0.000000 0.173911 -0.727273
v 0.000000 0.175819 -0.636364
v 0.000000 0.188901 -0.545455
v 0.000000 0.164660 -0.454545
v 0.000000 0.168850 -0.363636
v 0.000000 0.196044 -0.272727
v 0.000000 0.267817 -0.181818
v 0.000000 0.353641 -0.090909
v 0.787296 0.085367 0.454545
v 0.708566 0.072448 0.409091
v 0.629837 0.072050 0.363636
v 0.551107 0.075445 0.318182
v 0.472378 0.088441 0.272727
v 0.393648 0.122690 0.227273
v 0.314918 0.207705 0.181818
v 0.236189 0.328347 0.136364
v 0.157459 0.488462 0.090909
v 0.078730 0.505200 0.045455
v 0.000000 0.157194 0.909091
v 0.000000 0.271118 0.818182
v 0.000000 0.207247 0.727273
v 0.000000 0.120266 0.636364
v 0.000000 0.064005 0.545455
v 0.000000 0.059033 0.454545
v 0.000000 0.115603 0.363636
v 0.000000 0.235548 0.272727
v -0.000000 0.398639 0.181818
v 0.000000 0.544322 0.090909
v 0.787296 0.085429 0.363636
v 0.787296 0.085869 0.272727
v 0.708566 0.074078 0.318182
v 0.787296 0.090417 0.181818
v 0.708566 0.079641 0.227273
v 0.629837 0.076903 0.272727
v 0.787296 0.103087 0.090909
v 0.708566 0.104155 0.136364
v 0.629837 0.097004 0.181818
v 0.551107 0.094194 0.227273
v 0.787296 0.142702 0.000000
v 0.708566 0.143713 0.045455
v 0.629837 0.152846 0.090909
v 0.551107 0.143781 0.136364
v 0.472378 0.129680 0.181818
v 0.787296 0.218348 -0.090909
v 0.708566 0.226250 -0.045455
v 0.629837 0.238480 0.000000
v 0.551107 0.230243 0.045455
v 0.472378 0.203581 0.090909
v 0.393648 0.213536 0.136364
v 0.787296 0.142052 -0.181818
v 0.708566 0.227038 -0.136364
v 0.629837 0.339299 -0.090909
v 0.551107 0.339048 -0.045455
v 0.472377 0.312874 0.000000
v 0.393648 0.351594 0.045455
v 0.314918 0.343789 0.090909
v 0.787296 0.095022 -0.272727
v 0.708566 0.131697 -0.227273
v 0.629837 0.168854 -0.181818
v 0.551107 0.253413 -0.136364
v 0.472378 0.312120 -0.090909
v 0.393648 0.400423 -0.045455
v 0.314918 0.475452 -0.000000
v 0.236189 0.470954 0.045455
v 0.787296 0.088590 -0.363636
v 0.708566 0.078192 -0.318182
v 0.629837 0.076737 -0.272727
v 0.551107 0.109303 -0.227273
v 0.472378 0.183107 -0.181818
v 0.393648 0.254634 -0.136364
v 0.314918 0.365881 -0.090909
v 0.236189 0.381975 -0.045455
v 0.157459 0.415441 -0.000000
v 0.078730 0.492903 0.136364
v 0.078730 0.324542 0.227273
v 0.157459 0.320007 0.181818
v 0.078730 0.141258 0.318182
v 0.157459 0.157649 0.272727
v 0.236189 0.166387 0.227273
v 0.078730 0.061142 0.409091
v 0.157459 0.068138 0.363636
v 0.236189 0.078255 0.318182
v 0.314918 0.100076 0.272727
v 0.078730 0.040997 0.500000
v 0.157459 0.034624 0.454545
v 0.236189 0.033700 0.409091
v 0.314918 0.044729 0.363636
v 0.393648 0.069421 0.318182
v 0.078730 0.056412 0.590909
v 0.157459 0.033489 0.545455
v 0.236189 0.026613 0.500000
v 0.314918 0.031582 0.454545
v 0.393648 0.051097 0.409091
v 0.472378 0.069905 0.363636
v 0.078730 0.121330 0.681818
v 0.157459 0.062246 0.636364
v 0.236189 0.032981 0.590909
v 0.314918 0.034034 0.545455
v 0.393648 0.049458 0.500000
v 0.472378 0.065236 0.454545
v 0.551107 0.071022 0.409091
v 0.078730 0.187731 0.772727
v 0.157459 0.101864 0.727273
v 0.236189 0.060324 0.681818
v 0.314918 0.056521 0.636364
v 0.393648 0.059359 0.590909
v 0.472377 0.069328 0.545455
v 0.551107 0.071723 0.500000
v 0.629837 0.072122 0.454545
v 0.078730 0.235226 0.863636
v 0.157459 0.132130 0.818182
v 0.236189 0.095341 0.772727
v 0.314918 0.087282 0.727273
v 0.393648 0.085354 0.681818
v 0.472377 0.085582 0.636364
v 0.551107 0.086952 0.590909
v 0.629837 0.085579 0.545455
v 0.708566 0.085452 0.500000
v -0.078730 0.465178 0.136364
v -0.157459 0.422904 0.181818
v -0.078730 0.318141 0.227273
v -0.236189 0.301478 0.227273
v -0.157459 0.307873 0.272727
v -0.078730 0.221303 0.318182
v -0.314918 0.173738 0.272727
v -0.236189 0.180373 0.318182
v -0.157459 0.180069 0.363636
v -0.078730 0.115124 0.409091
v -0.393648 0.092384 0.318182
v -0.314918 0.124185 0.363636
v -0.236189 0.159919 0.409091
v -0.157459 0.155951 0.454545
v -0.078730 0.084094 0.500000
v -0.472378 0.063983 0.363636
v -0.393648 0.075848 0.409091
v -0.314918 0.133553 0.454545
v -0.236189 0.188672 0.500000
v -0.157459 0.177169 0.545455
v -0.078730 0.135924 0.590909
v -0.551107 0.055288 0.409091
v -0.472378 0.065338 0.454545
v -0.393648 0.112827 0.500000
v -0.314918 0.182255 0.545455
v -0.236189 0.235777 0.590909
v -0.157459 0.273389 0.636364
v -0.078730 0.262107 0.681818
v -0.629837 0.049722 0.454545
v -0.551107 0.059146 0.500000
v -0.472377 0.109498 0.545455
v -0.393648 0.173209 0.590909
v -0.314918 0.282782 0.636364
v -0.236189 0.263445 0.681818
v -0.157459 0.224730 0.727273
v -0.078730 0.222706 0.772727
v -0.708566 0.070143 0.500000
v -0.629837 0.076621 0.545455
v -0.551107 0.097060 0.590909
v -0.472378 0.132741 0.636364
v -0.393648 0.135097 0.681818
v -0.314918 0.171802 0.727273
v -0.236189 0.129141 0.772727
v -0.157459 0.148516 0.818182
v -0.078730 0.175557 0.863636
v -0.157459 0.497351 0.000000
v -0.236189 0.477644 -0.045455
v -0.236189 0.562993 0.045455
v -0.314918 0.509838 -0.090909
v -0.314918 0.482741 0.000000
v -0.314918 0.389476 0.090909
v -0.393648 0.551651 -0.136364
v -0.393648 0.449089 -0.045455
v -0.393648 0.444330 0.045455
v -0.393648 0.235801 0.136364
v -0.472378 0.412422 -0.181818
v -0.472378 0.423892 -0.090909
v -0.472377 0.368114 0.000000
v -0.472378 0.274324 0.090909
v -0.472378 0.177192 0.181818
v -0.551107 0.357671 -0.227273
v -0.551107 0.344338 -0.136364
v -0.551107 0.361375 -0.045455
v -0.551107 0.281353 0.045455
v -0.551107 0.221881 0.136364
v -0.551107 0.117051 0.227273
v -0.629837 0.282966 -0.272727
v -0.629837 0.304207 -0.181818
v -0.629837 0.330541 -0.090909
v -0.629837 0.296018 0.000000
v -0.629837 0.253892 0.090909
v -0.629837 0.176515 0.181818
v -0.629837 0.086015 0.272727
v -0.708566 0.195906 -0.318182
v -0.708566 0.239358 -0.227273
v -0.708566 0.310571 -0.136364
v -0.708566 0.281783 -0.045455
v -0.708566 0.262061 0.045455
v -0.708566 0.263415 0.136364
v -0.708566 0.155507 0.227273
v -0.708566 0.087736 0.318182
v -0.787296 0.135023 -0.363636
v -0.787296 0.123610 -0.272727
v -0.787296 0.145771 -0.181818
v -0.787296 0.179712 -0.090909
v -0.787296 0.182584 0.000000
v -0.787296 0.192842 0.090909
v -0.787296 0.216323 0.181818
v -0.787296 0.147054 0.272727
v -0.787296 0.096117 0.363636
v -0.078730 0.299801 -0.136364
v -0.078730 0.206958 -0.227273
v -0.157459 0.285681 -0.181818
v -0.078730 0.147495 -0.318182
v -0.157459 0.163743 -0.272727
v -0.236189 0.236184 -0.227273
v -0.078730 0.114441 -0.409091
v -0.157459 0.100994 -0.363636
v -0.236189 0.136854 -0.318182
v -0.314918 0.195257 -0.272727
v -0.078730 0.108373 -0.500000
v -0.157459 0.066538 -0.454545
v -0.236189 0.069182 -0.409091
v -0.314918 0.103726 -0.363636
v -0.393648 0.181537 -0.318182
v -0.078730 0.116577 -0.590909
v -0.157459 0.065533 -0.545455
v -0.236189 0.051789 -0.500000
v -0.314918 0.054872 -0.454545
v -0.393648 0.097221 -0.409091
v -0.472378 0.164147 -0.363636
v -0.078730 0.099867 -0.681818
v -0.157459 0.062109 -0.636364
v -0.236189 0.049336 -0.590909
v -0.314918 0.047600 -0.545455
v -0.393648 0.056725 -0.500000
v -0.472378 0.093917 -0.454545
v -0.551107 0.157257 -0.409091
v -0.078730 0.100585 -0.772727
v -0.157459 0.061413 -0.727273
v -0.236189 0.047085 -0.681818
v -0.314918 0.043762 -0.636364
v -0.393648 0.048428 -0.590909
v -0.472377 0.076160 -0.545455
v -0.551107 0.123921 -0.500000
v -0.629837 0.147176 -0.454545
v -0.078730 0.100339 -0.863636
v -0.157459 0.074626 -0.818182
v -0.236189 0.066805 -0.772727
v -0.314918 0.065508 -0.727273
v -0.393648 0.066384 -0.681818
v -0.472378 0.081972 -0.636364
v -0.551107 0.098685 -0.590909
v -0.629837 0.114968 -0.545455
v -0.708566 0.125667 -0.500000
v 0.078730 0.304290 -0.136364
v 0.157459 0.217494 -0.181818
v 0.078730 0.244460 -0.227273
v 0.236189 0.180821 -0.227273
v 0.157459 0.171346 -0.272727
v 0.078730 0.179589 -0.318182
v 0.314918 0.130287 -0.272727
v 0.236189 0.147372 -0.318182
v 0.157459 0.161527 -0.363636
v 0.078730 0.182027 -0.409091
v 0.393648 0.074006 -0.318182
v 0.314918 0.093598 -0.363636
v 0.236189 0.137788 -0.409091
v 0.157459 0.184764 -0.454545
v 0.078730 0.232290 -0.500000
v 0.472377 0.049155 -0.363636
v 0.393648 0.052104 -0.409091
v 0.314918 0.084527 -0.454545
v 0.236189 0.191237 -0.500000
v 0.157459 0.272886 -0.545455
v 0.078730 0.280248 -0.590909
v 0.551107 0.036901 -0.409091
v 0.472377 0.038258 -0.454545
v 0.393648 0.062905 -0.500000
v 0.314918 0.146705 -0.545455
v 0.236189 0.243186 -0.590909
v 0.157459 0.325756 -0.636364
v 0.078730 0.263800 -0.681818
v 0.629837 0.052789 -0.454545
v 0.551107 0.043112 -0.500000
v 0.472377 0.056327 -0.545455
v 0.393648 0.122447 -0.590909
v 0.314918 0.219270 -0.636364
v 0.236189 0.292511 -0.681818
v 0.157459 0.306995 -0.727273
v 0.078730 0.274018 -0.772727
v 0.708566 0.084991 -0.500000
v 0.629837 0.081214 -0.545455
v 0.551107 0.079951 -0.590909
v 0.472378 0.094082 -0.636364
v 0.393648 0.134473 -0.681818
v 0.314918 0.191817 -0.727273
v 0.236189 0.130297 -0.772727
v 0.157459 0.163936 -0.818182
v 0.078730 0.179356 -0.863636
v -0.039365 0.100000 -0.977273
v -0.866025 0.100000 -0.454545
v -0.826661 0.100000 0.522727
v 0.039365 0.100000 0.977273
v 0.866025 0.100000 0.454545
v 0.826661 0.100000 -0.522727
v 0.826661 0.094890 -0.477273
v -0.039365 0.437986 0.022727
v -0.039365 0.386833 -0.022727
v 0.000000 0.379550 -0.045455
v 0.039365 0.474027 0.022727
v -0.000000 0.479702 0.045455
v -0.826661 0.100000 -0.522727
v -0.747931 0.100000 -0.568182
v -0.669201 0.100000 -0.613636
v -0.590472 0.100000 -0.659091
v -0.511742 0.100000 -0.704545
v -0.433013 0.100000 -0.750000
v -0.354283 0.100000 -0.795455
v -0.275554 0.100000 -0.840909
v -0.196824 0.100000 -0.886364
v -0.118094 0.100000 -0.931818
v -0.866025 0.100000 0.454545
v -0.866025 0.100000 0.363636
v -0.866025 0.100000 0.272727
v -0.866025 0.100000 0.181818
v -0.866025 0.100000 0.090909
v -0.866025 0.100000 -0.000000
v -0.866025 0.100000 -0.090909
v -0.866025 0.100000 -0.181818
v -0.866025 0.100000 -0.272727
v -0.866025 0.100000 -0.363636
v -0.039365 0.100000 0.977273
v -0.118094 0.100000 0.931818
v -0.196824 0.100000 0.886364
v -0.275554 0.100000 0.840909
v -0.354283 0.100000 0.795455
v -0.433013 0.100000 0.750000
v -0.511742 0.100000 0.704545
v -0.590472 0.100000 0.659091
v -0.669201 0.100000 0.613636
v -0.747931 0.100000 0.568182
v 0.826661 0.100000 0.522727
v 0.747931 0.100000 0.568182
v 0.669201 0.100000 0.613636
v 0.590472 0.100000 0.659091
v 0.511742 0.100000 0.704545
v 0.433013 0.100000 0.750000
v 0.354283 0.100000 0.795455
v 0.275554 0.100000 0.840909
v 0.196824 0.100000 0.886364
v 0.118094 0.100000 0.931818
v 0.866025 0.100000 -0.454545
v 0.866025 0.100000 -0.363636
v 0.866025 0.100000 -0.272727
v 0.866025 0.100000 -0.181818
v 0.866025 0.100000 -0.090909
v 0.866025 0.100000 0.000000
v 0.866025 0.100000 0.090909
v 0.866025 0.100000 0.181818
v 0.866025 0.100000 0.272727
v 0.866025 0.100000 0.363636
v 0.039365 0.100000 -0.977273
v 0.118094 0.100000 -0.931818
v 0.196824 0.100000 -0.886364
v 0.275554 0.100000 -0.840909
v 0.354283 0.100000 -0.795455
v 0.433013 0.100000 -0.750000
v 0.511742 0.100000 -0.704545
v 0.590472 0.100000 -0.659091
v 0.669201 0.100000 -0.613636
v 0.747931 0.100000 -0.568182
v 0.039365 0.424272 -0.022727
v 0.118094 0.374773 -0.068182
v 0.196824 0.346063 -0.113636
v 0.275554 0.225431 -0.159091
v 0.354283 0.156038 -0.204545
v 0.433013 0.106438 -0.250000
v 0.511742 0.063761 -0.295455
v 0.590472 0.045770 -0.340909
v 0.669201 0.058939 -0.386364
v 0.747931 0.078407 -0.431818
v -0.826661 0.094695 0.477273
v -0.747931 0.064564 0.431818
v -0.669201 0.056357 0.386364
v -0.590472 0.061671 0.340909
v -0.511742 0.076421 0.295455
v -0.433013 0.136774 0.250000
v -0.354283 0.197247 0.204545
v -0.275554 0.384494 0.159091
v -0.196824 0.487998 0.113636
v -0.118094 0.575056 0.068182
v -0.826661 0.101252 -0.477273
v -0.747931 0.148002 -0.431818
v -0.669201 0.178287 -0.386364
v -0.590472 0.238037 -0.340909
v -0.511742 0.283249 -0.295455
v -0.433013 0.268765 -0.250000
v -0.354283 0.290981 -0.204545
v -0.275554 0.403926 -0.159091
v -0.196824 0.389100 -0.113636
v -0.118094 0.382784 -0.068182
v -0.000000 0.102039 -0.954545
v 0.000000 0.167644 -0.863636
v 0.000000 0.200705 -0.772727
v -0.000000 0.169736 -0.681818
v -0.000000 0.189443 -0.590909
v -0.000000 0.168204 -0.500000
v 0.000000 0.165699 -0.409091
v 0.000000 0.172671 -0.318182
v 0.000000 0.237663 -0.227273
v 0.000000 0.303611 -0.136364
v 0.826661 0.095416 0.477273
v 0.747931 0.076693 0.431818
v 0.669201 0.071610 0.386364
v 0.590472 0.073129 0.340909
v 0.511742 0.079924 0.295455
v 0.433013 0.100828 0.250000
v 0.354283 0.166063 0.204545
v 0.275554 0.259306 0.159091
v 0.196824 0.435503 0.113636
v 0.118094 0.495559 0.068182
v 0.000000 0.101440 0.954545
v 0.000000 0.239374 0.863636
v 0.000000 0.234901 0.772727
v 0.000000 0.180926 0.681818
v 0.000000 0.086469 0.590909
v 0.000000 0.057367 0.500000
v 0.000000 0.080445 0.409091
v 0.000000 0.172925 0.318182
v -0.000000 0.325869 0.227273
v -0.000000 0.470743 0.136364
v 0.826661 0.095408 0.431818
v 0.747931 0.076788 0.386364
v 0.826661 0.095426 0.340909
v 0.669201 0.072309 0.340909
v 0.826661 0.095238 0.250000
v 0.747931 0.077917 0.295455
v 0.590472 0.076279 0.295455
v 0.826661 0.096366 0.159091
v 0.747931 0.082576 0.204545
v 0.669201 0.078194 0.250000
v 0.511742 0.091294 0.250000
v 0.826661 0.098366 0.068182
v 0.747931 0.101538 0.113636
v 0.669201 0.101644 0.159091
v 0.590472 0.096897 0.204545
v 0.433013 0.127982 0.204545
v 0.826661 0.101916 -0.022727
v 0.747931 0.139080 0.022727
v 0.669201 0.157920 0.068182
v 0.590472 0.144537 0.113636
v 0.511742 0.135121 0.159091
v 0.354283 0.221735 0.159091
v 0.826661 0.102858 -0.113636
v 0.747931 0.234362 -0.068182
v 0.669201 0.234161 -0.022727
v 0.590472 0.240628 0.022727
v 0.511742 0.217393 0.068182
v 0.433013 0.204768 0.113636
v 0.275554 0.332876 0.113636
v 0.826661 0.096878 -0.204545
v 0.747931 0.184029 -0.159091
v 0.669201 0.287438 -0.113636
v 0.590472 0.347075 -0.068182
v 0.511742 0.320441 -0.022727
v 0.433013 0.325030 0.022727
v 0.354283 0.355538 0.068182
v 0.196824 0.489802 0.068182
v 0.826661 0.095357 -0.295455
v 0.747931 0.103049 -0.250000
v 0.669202 0.143876 -0.204545
v 0.590472 0.207849 -0.159091
v 0.511742 0.279892 -0.113636
v 0.433013 0.343661 -0.068182
v 0.354283 0.486114 -0.022727
v 0.275554 0.462973 0.022727
v 0.118094 0.452581 0.022727
v 0.826661 0.094962 -0.386364
v 0.747931 0.081833 -0.340909
v 0.669201 0.075663 -0.295455
v 0.590472 0.088242 -0.250000
v 0.511742 0.143961 -0.204545
v 0.433013 0.218745 -0.159091
v 0.354283 0.288104 -0.113636
v 0.275554 0.400351 -0.068182
v 0.196824 0.394214 -0.022727
v 0.826661 0.095114 0.386364
v 0.787296 0.085336 0.409091
v 0.826661 0.095166 0.295455
v 0.787296 0.085673 0.318182
v 0.747931 0.077239 0.340909
v 0.708566 0.072909 0.363636
v 0.826661 0.095412 0.204545
v 0.787296 0.087152 0.227273
v 0.747931 0.079416 0.250000
v 0.708566 0.076206 0.272727
v 0.669201 0.074314 0.295455
v 0.629837 0.073583 0.318182
v 0.826661 0.097319 0.113636
v 0.787296 0.096293 0.136364
v 0.747931 0.090197 0.159091
v 0.708566 0.089419 0.181818
v 0.669201 0.084909 0.204545
v 0.629837 0.083317 0.227273
v 0.590472 0.082750 0.250000
v 0.551107 0.081374 0.272727
v 0.826661 0.099800 0.022727
v 0.787296 0.114136 0.045455
v 0.747931 0.116430 0.068182
v 0.708566 0.121735 0.090909
v 0.669202 0.129642 0.113636
v 0.629837 0.117762 0.136364
v 0.590472 0.115786 0.159091
v 0.551107 0.115329 0.181818
v 0.511742 0.109346 0.204545
v 0.472378 0.105495 0.227273
v 0.826661 0.103076 -0.068182
v 0.787296 0.193677 -0.045455
v 0.747931 0.177153 -0.022727
v 0.708566 0.175159 0.000000
v 0.669201 0.194376 0.022727
v 0.629837 0.202590 0.045455
v 0.590472 0.192322 0.068182
v 0.551107 0.185516 0.090909
v 0.511742 0.169330 0.113636
v 0.472378 0.163372 0.136364
v 0.433013 0.162000 0.159091
v 0.393648 0.164425 0.181818
v 0.826661 0.099657 -0.159091
v 0.787296 0.189013 -0.136364
v 0.747931 0.231519 -0.113636
v 0.708566 0.297764 -0.090909
v 0.669202 0.292024 -0.068182
v 0.629837 0.297477 -0.045455
v 0.590472 0.284560 -0.022727
v 0.551107 0.287792 0.000000
v 0.511742 0.257439 0.022727
v 0.472378 0.254295 0.045455
v 0.433013 0.257737 0.068182
v 0.393648 0.279203 0.090909
v 0.354283 0.287031 0.113636
v 0.314918 0.277353 0.136364
v 0.826661 0.095790 -0.250000
v 0.787296 0.105441 -0.227273
v 0.747931 0.134759 -0.204545
v 0.708566 0.186038 -0.181818
v 0.669201 0.203043 -0.159091
v 0.629837 0.246290 -0.136364
v 0.590472 0.293565 -0.113636
v 0.551107 0.335466 -0.090909
v 0.511742 0.352654 -0.068182
v 0.472378 0.352183 -0.045455
v 0.433013 0.371632 -0.022727
v 0.393648 0.426910 0.000000
v 0.354283 0.459249 0.022727
v 0.314918 0.449381 0.045455
v 0.275554 0.449412 0.068182
v 0.236189 0.456833 0.090909
v 0.826661 0.095212 -0.340909
v 0.787296 0.090652 -0.318182
v 0.747931 0.088869 -0.295455
v 0.708566 0.096664 -0.272727
v 0.669201 0.101320 -0.250000
v 0.629837 0.112855 -0.227273
v 0.590472 0.135135 -0.204545
v 0.551107 0.171176 -0.181818
v 0.511742 0.219550 -0.159091
v 0.472378 0.274731 -0.136364
v 0.433013 0.302821 -0.113636
v 0.393648 0.354030 -0.090909
v 0.354283 0.393255 -0.068182
v 0.314918 0.434307 -0.045455
v 0.275554 0.415071 -0.022727
v 0.236189 0.418465 -0.000000
v 0.196824 0.433448 0.022727
v 0.157459 0.457487 0.045455
v 0.826661 0.094890 -0.431818
v 0.787296 0.087327 -0.409091
v 0.747931 0.078843 -0.386364
v 0.708566 0.070542 -0.363636
v 0.669201 0.063030 -0.340909
v 0.629837 0.057018 -0.318182
v 0.590472 0.059054 -0.295455
v 0.551107 0.070809 -0.272727
v 0.511742 0.093474 -0.250000
v 0.472378 0.125559 -0.227273
v 0.433013 0.154813 -0.204545
v 0.393648 0.182514 -0.181818
v 0.354283 0.212762 -0.159091
v 0.314918 0.247816 -0.136364
v 0.275554 0.335468 -0.113636
v 0.236189 0.376363 -0.090909
v 0.196824 0.379501 -0.068182
v 0.157459 0.389717 -0.045455
v 0.118094 0.415597 -0.022727
v 0.078730 0.469449 -0.000000
v 0.039365 0.521039 0.068182
v 0.118094 0.475490 0.113636
v 0.039365 0.458977 0.159091
v 0.196824 0.345102 0.159091
v 0.039365 0.278406 0.250000
v 0.118094 0.303572 0.204545
v 0.275554 0.190135 0.204545
v 0.039365 0.123884 0.340909
v 0.118094 0.156056 0.295455
v 0.196824 0.157004 0.250000
v 0.354283 0.114931 0.250000
v 0.039365 0.056660 0.431818
v 0.118094 0.067458 0.386364
v 0.196824 0.070805 0.340909
v 0.275554 0.088607 0.295455
v 0.433013 0.080510 0.295455
v 0.039365 0.049719 0.522727
v 0.118094 0.036573 0.477273
v 0.196824 0.033331 0.431818
v 0.275554 0.037146 0.386364
v 0.354283 0.056305 0.340909
v 0.511742 0.074007 0.340909
v 0.039365 0.080309 0.613636
v 0.118094 0.042101 0.568182
v 0.196824 0.028598 0.522727
v 0.275554 0.027282 0.477273
v 0.354283 0.040012 0.431818
v 0.433013 0.061902 0.386364
v 0.590472 0.071556 0.386364
v 0.039365 0.166805 0.704545
v 0.118094 0.091739 0.659091
v 0.196824 0.038684 0.613636
v 0.275554 0.031944 0.568182
v 0.354283 0.040622 0.522727
v 0.433013 0.058151 0.477273
v 0.511742 0.069518 0.431818
v 0.669201 0.072325 0.431818
v 0.039365 0.227737 0.795455
v 0.118094 0.141946 0.750000
v 0.196824 0.076221 0.704545
v 0.275554 0.057361 0.659091
v 0.354283 0.055713 0.613636
v 0.433013 0.065100 0.568182
v 0.511742 0.071314 0.522727
v 0.590472 0.071895 0.477273
v 0.747931 0.085409 0.477273
v 0.039365 0.222427 0.886364
v 0.118094 0.187473 0.840909
v 0.196824 0.109461 0.795455
v 0.275554 0.089703 0.750000
v 0.354283 0.086139 0.704545
v 0.433013 0.085211 0.659091
v 0.511742 0.085773 0.613636
v 0.590472 0.085621 0.568182
v 0.669201 0.085523 0.522727
v 0.039365 0.534809 0.113636
v 0.078730 0.560496 0.090909
v 0.039365 0.380416 0.204545
v 0.078730 0.406541 0.181818
v 0.118094 0.398323 0.159091
v 0.157459 0.412159 0.136364
v 0.039365 0.190832 0.295455
v 0.078730 0.199278 0.272727
v 0.118094 0.202595 0.250000
v 0.157459 0.203758 0.227273
v 0.196824 0.221090 0.204545
v 0.236189 0.243301 0.181818
v 0.039365 0.083712 0.386364
v 0.078730 0.094564 0.363636
v 0.118094 0.103100 0.340909
v 0.157459 0.105925 0.318182
v 0.196824 0.116407 0.295455
v 0.236189 0.119873 0.272727
v 0.275554 0.130264 0.250000
v 0.314918 0.152553 0.227273
v 0.039365 0.047671 0.477273
v 0.078730 0.043607 0.454545
v 0.118094 0.044485 0.431818
v 0.157459 0.045358 0.409091
v 0.196824 0.045294 0.386364
v 0.236189 0.048116 0.363636
v 0.275554 0.054967 0.340909
v 0.314918 0.064872 0.318182
v 0.354283 0.077907 0.295455
v 0.393648 0.091139 0.272727
v 0.039365 0.057206 0.568182
v 0.078730 0.044272 0.545455
v 0.118094 0.036367 0.522727
v 0.157459 0.031779 0.500000
v 0.196824 0.029153 0.477273
v 0.236189 0.028185 0.454545
v 0.275554 0.029751 0.431818
v 0.314918 0.035267 0.409091
v 0.354283 0.045177 0.386364
v 0.393648 0.057430 0.363636
v 0.433013 0.068548 0.340909
v 0.472378 0.076275 0.318182
v 0.039365 0.117593 0.659091
v 0.078730 0.085616 0.636364
v 0.118094 0.062557 0.613636
v 0.157459 0.043476 0.590909
v 0.196824 0.031512 0.568182
v 0.236189 0.027782 0.545455
v 0.275554 0.027651 0.522727
v 0.314918 0.031272 0.500000
v 0.354283 0.038759 0.477273
v 0.393648 0.048633 0.454545
v 0.433013 0.058612 0.431818
v 0.472378 0.066486 0.409091
v 0.511742 0.070921 0.386364
v 0.551107 0.072387 0.363636
v 0.039365 0.187990 0.750000
v 0.078730 0.152121 0.727273
v 0.118094 0.118022 0.704545
v 0.157459 0.080566 0.681818
v 0.196824 0.052436 0.659091
v 0.236189 0.043156 0.636364
v 0.275554 0.042818 0.613636
v 0.314918 0.041876 0.590909
v 0.354283 0.045303 0.568182
v 0.393648 0.052835 0.545455
v 0.433013 0.060212 0.522727
v 0.472377 0.065852 0.500000
v 0.511742 0.069274 0.477273
v 0.551107 0.070441 0.454545
v 0.590472 0.070827 0.431818
v 0.629837 0.071242 0.409091
v 0.039365 0.287337 0.840909
v 0.078730 0.220469 0.818182
v 0.118094 0.168979 0.795455
v 0.157459 0.119755 0.772727
v 0.196824 0.095210 0.750000
v 0.236189 0.081352 0.727273
v 0.275554 0.073824 0.704545
v 0.314918 0.072740 0.681818
v 0.354283 0.071346 0.659091
v 0.393648 0.071297 0.636364
v 0.433013 0.073401 0.613636
v 0.472377 0.075882 0.590909
v 0.511742 0.076856 0.568182
v 0.551107 0.076659 0.545455
v 0.590472 0.076596 0.522727
v 0.629837 0.076674 0.500000
v 0.669201 0.076687 0.477273
v 0.708566 0.076699 0.454545
v 0.039365 0.102469 0.931818
v 0.078730 0.105595 0.909091
v 0.118094 0.104563 0.886364
v 0.157459 0.100781 0.863636
v 0.196824 0.098889 0.840909
v 0.236189 0.097748 0.818182
v 0.275554 0.096591 0.795455
v 0.314918 0.095550 0.772727
v 0.354283 0.095017 0.750000
v 0.393648 0.095252 0.727273
v 0.433013 0.095157 0.704545
v 0.472377 0.094709 0.681818
v 0.511742 0.095153 0.659091
v 0.551107 0.095597 0.636364
v 0.590472 0.095592 0.613636
v 0.629837 0.095478 0.590909
v 0.669201 0.095465 0.568182
v 0.708566 0.095155 0.545455
v 0.747931 0.095150 0.522727
v 0.787296 0.095137 0.500000
v -0.039365 0.498300 0.068182
v -0.039365 0.420831 0.159091
v -0.118094 0.524100 0.113636
v -0.039365 0.289934 0.250000
v -0.196824 0.448684 0.159091
v -0.118094 0.367207 0.204545
v -0.039365 0.160138 0.340909
v -0.275554 0.274864 0.204545
v -0.196824 0.329707 0.250000
v -0.118094 0.273296 0.295455
v -0.039365 0.081624 0.431818
v -0.354283 0.168822 0.250000
v -0.275554 0.176590 0.295455
v -0.196824 0.200411 0.340909
v -0.118094 0.151032 0.386364
v -0.039365 0.072733 0.522727
v -0.433013 0.096288 0.295455
v -0.354283 0.099334 0.340909
v -0.275554 0.138253 0.386364
v -0.196824 0.173580 0.431818
v -0.118094 0.112007 0.477273
v -0.039365 0.125080 0.613636
v -0.511742 0.063859 0.340909
v -0.433013 0.067052 0.386364
v -0.354283 0.100305 0.431818
v -0.275554 0.169394 0.477273
v -0.196824 0.184342 0.522727
v -0.118094 0.150172 0.568182
v -0.039365 0.248366 0.704545
v -0.590472 0.055335 0.386364
v -0.511742 0.058175 0.431818
v -0.433013 0.081378 0.477273
v -0.354283 0.147476 0.522727
v -0.275554 0.209788 0.568182
v -0.196824 0.258706 0.613636
v -0.118094 0.262329 0.659091
v -0.039365 0.239013 0.795455
v -0.669201 0.051062 0.431818
v -0.590472 0.051886 0.477273
v -0.511742 0.077161 0.522727
v -0.433013 0.144435 0.568182
v -0.354283 0.216894 0.613636
v -0.275554 0.265700 0.659091
v -0.196824 0.248713 0.704545
v -0.118094 0.217565 0.750000
v -0.039365 0.168555 0.886364
v -0.747931 0.076128 0.477273
v -0.669201 0.072539 0.522727
v -0.590472 0.085960 0.568182
v -0.511742 0.125427 0.613636
v -0.433013 0.123425 0.659091
v -0.354283 0.167485 0.704545
v -0.275554 0.140587 0.750000
v -0.196824 0.132898 0.795455
v -0.118094 0.161634 0.840909
v -0.078730 0.541725 0.090909
v -0.039365 0.499299 0.113636
v -0.157459 0.492067 0.136364
v -0.118094 0.441858 0.159091
v -0.078730 0.384507 0.181818
v -0.039365 0.348553 0.204545
v -0.236189 0.398892 0.181818
v -0.196824 0.383714 0.204545
v -0.157459 0.358071 0.227273
v -0.118094 0.305799 0.250000
v -0.078730 0.271330 0.272727
v -0.039365 0.223892 0.295455
v -0.314918 0.205310 0.227273
v -0.275554 0.219013 0.250000
v -0.236189 0.220075 0.272727
v -0.196824 0.234266 0.295455
v -0.157459 0.222098 0.318182
v -0.118094 0.202145 0.340909
v -0.078730 0.149161 0.363636
v -0.039365 0.111226 0.386364
v -0.393648 0.130540 0.272727
v -0.354283 0.129597 0.295455
v -0.314918 0.138782 0.318182
v -0.275554 0.147986 0.340909
v -0.236189 0.164526 0.363636
v -0.196824 0.179130 0.386364
v -0.157459 0.161589 0.409091
v -0.118094 0.127702 0.431818
v -0.078730 0.092363 0.454545
v -0.039365 0.067853 0.477273
v -0.472378 0.073525 0.318182
v -0.433013 0.072328 0.340909
v -0.393648 0.075447 0.363636
v -0.354283 0.094833 0.386364
v -0.314918 0.122486 0.409091
v -0.275554 0.144379 0.431818
v -0.236189 0.172764 0.454545
v -0.196824 0.173702 0.477273
v -0.157459 0.159713 0.500000
v -0.118094 0.120738 0.522727
v -0.078730 0.096709 0.545455
v -0.039365 0.087287 0.568182
v -0.551107 0.058939 0.363636
v -0.511742 0.059162 0.386364
v -0.472378 0.062360 0.409091
v -0.433013 0.069558 0.431818
v -0.393648 0.085625 0.454545
v -0.354283 0.117279 0.477273
v -0.314918 0.155168 0.500000
v -0.275554 0.180599 0.522727
v -0.236189 0.200683 0.545455
v -0.196824 0.213249 0.568182
v -0.157459 0.217305 0.590909
v -0.118094 0.198130 0.613636
v -0.078730 0.183331 0.636364
v -0.039365 0.179499 0.659091
v -0.629837 0.052032 0.409091
v -0.590472 0.051487 0.431818
v -0.551107 0.053862 0.454545
v -0.511742 0.061285 0.477273
v -0.472378 0.078809 0.500000
v -0.433013 0.112013 0.522727
v -0.393648 0.155694 0.545455
v -0.354283 0.193965 0.568182
v -0.314918 0.230890 0.590909
v -0.275554 0.257548 0.613636
v -0.236189 0.264149 0.636364
v -0.196824 0.272993 0.659091
v -0.157459 0.284457 0.681818
v -0.118094 0.279271 0.704545
v -0.078730 0.253661 0.727273
v -0.039365 0.246419 0.750000
v -0.708566 0.056863 0.454545
v -0.669201 0.054168 0.477273
v -0.629837 0.055939 0.500000
v -0.590472 0.064702 0.522727
v -0.551107 0.078397 0.545455
v -0.511742 0.103437 0.568182
v -0.472378 0.136054 0.590909
v -0.433013 0.140457 0.613636
v -0.393648 0.144063 0.636364
v -0.354283 0.240490 0.659091
v -0.314918 0.246295 0.681818
v -0.275554 0.212906 0.704545
v -0.236189 0.176211 0.727273
v -0.196824 0.169924 0.750000
v -0.157459 0.171547 0.772727
v -0.118094 0.183352 0.795455
v -0.078730 0.197290 0.818182
v -0.039365 0.228842 0.840909
v -0.787296 0.092952 0.500000
v -0.747931 0.090734 0.522727
v -0.708566 0.090061 0.545455
v -0.669201 0.092094 0.568182
v -0.629837 0.093162 0.590909
v -0.590472 0.095585 0.613636
v -0.551107 0.097963 0.636364
v -0.511742 0.101176 0.659091
v -0.472377 0.101943 0.681818
v -0.433013 0.102560 0.704545
v -0.393648 0.102528 0.727273
v -0.354283 0.102766 0.750000
v -0.314918 0.102108 0.772727
v -0.275554 0.101219 0.795455
v -0.236189 0.101220 0.818182
v -0.196824 0.101791 0.840909
v -0.157459 0.101465 0.863636
v -0.118094 0.101471 0.886364
v -0.078730 0.101554 0.909091
v -0.039365 0.101410 0.931818
v -0.078730 0.425054 0.000000
v -0.157459 0.529878 0.045455
v -0.157459 0.452131 -0.045455
v -0.236189 0.492990 0.090909
v -0.236189 0.433376 -0.090909
v -0.236189 0.552503 0.000000
v -0.314918 0.353588 0.136364
v -0.314918 0.445851 -0.136364
v -0.314918 0.538405 -0.045455
v -0.314918 0.437031 0.045455
v -0.393648 0.194309 0.181818
v -0.393648 0.382492 -0.181818
v -0.393648 0.510668 -0.090909
v -0.393648 0.434973 -0.000000
v -0.393648 0.326500 0.090909
v -0.472377 0.144398 0.227273
v -0.472378 0.343860 -0.227273
v -0.472378 0.462115 -0.136364
v -0.472378 0.380623 -0.045455
v -0.472378 0.379817 0.045455
v -0.472378 0.213054 0.136364
v -0.551107 0.082334 0.272727
v -0.551107 0.318212 -0.272727
v -0.551107 0.336552 -0.181818
v -0.551107 0.375416 -0.090909
v -0.551107 0.341193 0.000000
v -0.551107 0.238950 0.090909
v -0.551107 0.170490 0.181818
v -0.629837 0.068321 0.318182
v -0.629837 0.233108 -0.318182
v -0.629837 0.295288 -0.227273
v -0.629837 0.313810 -0.136364
v -0.629837 0.314329 -0.045455
v -0.629837 0.281935 0.045455
v -0.629837 0.237248 0.136364
v -0.629837 0.122486 0.227273
v -0.708566 0.070126 0.363636
v -0.708566 0.175233 -0.363636
v -0.708566 0.211005 -0.272727
v -0.708566 0.276663 -0.181818
v -0.708566 0.316336 -0.090909
v -0.708566 0.266758 0.000000
v -0.708566 0.262618 0.090909
v -0.708566 0.198926 0.181818
v -0.708566 0.111968 0.272727
v -0.787296 0.084691 0.409091
v -0.787296 0.132636 -0.409091
v -0.787296 0.129753 -0.318182
v -0.787296 0.122041 -0.227273
v -0.787296 0.156377 -0.136364
v -0.787296 0.208863 -0.045455
v -0.787296 0.196680 0.045455
v -0.787296 0.204757 0.136364
v -0.787296 0.170144 0.227273
v -0.787296 0.120683 0.318182
v -0.118094 0.444734 -0.022727
v -0.118094 0.513869 0.022727
v -0.196824 0.439487 -0.068182
v -0.196824 0.505484 -0.022727
v -0.196824 0.537284 0.022727
v -0.196824 0.532567 0.068182
v -0.275554 0.444811 -0.113636
v -0.275554 0.476902 -0.068182
v -0.275554 0.531897 -0.022727
v -0.275554 0.507055 0.022727
v -0.275554 0.472701 0.068182
v -0.275554 0.433872 0.113636
v -0.354283 0.424705 -0.159091
v -0.354283 0.541373 -0.113636
v -0.354283 0.552262 -0.068182
v -0.354283 0.522950 -0.022727
v -0.354283 0.452921 0.022727
v -0.354283 0.390456 0.068182
v -0.354283 0.310397 0.113636
v -0.354283 0.238468 0.159091
v -0.433013 0.361552 -0.204545
v -0.433013 0.483993 -0.159091
v -0.433013 0.499430 -0.113636
v -0.433013 0.415264 -0.068182
v -0.433013 0.383848 -0.022727
v -0.433013 0.375474 0.022727
v -0.433013 0.394513 0.068182
v -0.433013 0.246296 0.113636
v -0.433013 0.199596 0.159091
v -0.433013 0.166162 0.204545
v -0.511742 0.336363 -0.250000
v -0.511742 0.375482 -0.204545
v -0.511742 0.371055 -0.159091
v -0.511742 0.400325 -0.113636
v -0.511742 0.415123 -0.068182
v -0.511742 0.408496 -0.022727
v -0.511742 0.407257 0.022727
v -0.511742 0.282997 0.068182
v -0.511742 0.227125 0.113636
v -0.511742 0.200595 0.159091
v -0.511742 0.154586 0.204545
v -0.511742 0.107232 0.250000
v -0.590472 0.270052 -0.295455
v -0.590472 0.325281 -0.250000
v -0.590472 0.318929 -0.204545
v -0.590472 0.319347 -0.159091
v -0.590472 0.331265 -0.113636
v -0.590472 0.335174 -0.068182
v -0.590472 0.317948 -0.022727
v -0.590472 0.297862 0.022727
v -0.590472 0.255361 0.068182
v -0.590472 0.232463 0.113636
v -0.590472 0.209672 0.159091
v -0.590472 0.142713 0.204545
v -0.590472 0.096636 0.250000
v -0.590472 0.073017 0.295455
v -0.669201 0.210625 -0.340909
v -0.669201 0.244565 -0.295455
v -0.669201 0.265578 -0.250000
v -0.669201 0.285446 -0.204545
v -0.669201 0.302102 -0.159091
v -0.669201 0.324405 -0.113636
v -0.669202 0.310702 -0.068182
v -0.669201 0.291348 -0.022727
v -0.669201 0.278728 0.022727
v -0.669201 0.272691 0.068182
v -0.669201 0.258858 0.113636
v -0.669201 0.227629 0.159091
v -0.669201 0.162599 0.204545
v -0.669201 0.113110 0.250000
v -0.669201 0.082278 0.295455
v -0.669201 0.066775 0.340909
v -0.747931 0.159057 -0.386364
v -0.747931 0.163023 -0.340909
v -0.747931 0.163908 -0.295455
v -0.747931 0.167848 -0.250000
v -0.747931 0.201154 -0.204545
v -0.747931 0.237346 -0.159091
v -0.747931 0.254448 -0.113636
v -0.747931 0.280725 -0.068182
v -0.747931 0.236125 -0.022727
v -0.747931 0.239727 0.022727
v -0.747931 0.241502 0.068182
v -0.747931 0.246733 0.113636
v -0.747931 0.241622 0.159091
v -0.747931 0.184605 0.204545
v -0.747931 0.152327 0.250000
v -0.747931 0.122070 0.295455
v -0.747931 0.098056 0.340909
v -0.747931 0.076988 0.386364
v -0.826661 0.101374 -0.431818
v -0.826661 0.101544 -0.386364
v -0.826661 0.101318 -0.340909
v -0.826661 0.101060 -0.295455
v -0.826661 0.099378 -0.250000
v -0.826661 0.098462 -0.204545
v -0.826661 0.102355 -0.159091
v -0.826661 0.103601 -0.113636
v -0.826661 0.104360 -0.068182
v -0.826661 0.103921 -0.022727
v -0.826661 0.103847 0.022727
v -0.826661 0.103961 0.068182
v -0.826661 0.103561 0.113636
v -0.826661 0.104451 0.159091
v -0.826661 0.107816 0.204545
v -0.826661 0.104234 0.250000
v -0.826661 0.100763 0.295455
v -0.826661 0.097622 0.340909
v -0.826661 0.095276 0.386364
v -0.826661 0.094238 0.431818
v -0.039365 0.347512 -0.068182
v -0.118094 0.330159 -0.113636
v -0.039365 0.278138 -0.159091
v -0.196824 0.348235 -0.159091
v -0.039365 0.195102 -0.250000
v -0.118094 0.242149 -0.204545
v -0.275554 0.275826 -0.204545
v -0.039365 0.156362 -0.340909
v -0.118094 0.146011 -0.295455
v -0.196824 0.202954 -0.250000
v -0.354283 0.223340 -0.250000
v -0.039365 0.131685 -0.431818
v -0.118094 0.103937 -0.386364
v -0.196824 0.117898 -0.340909
v -0.275554 0.172255 -0.295455
v -0.433013 0.212551 -0.295455
v -0.039365 0.141386 -0.522727
v -0.118094 0.082600 -0.477273
v -0.196824 0.063728 -0.431818
v -0.275554 0.080736 -0.386364
v -0.354283 0.152281 -0.340909
v -0.511742 0.225703 -0.340909
v -0.039365 0.140337 -0.613636
v -0.118094 0.091234 -0.568182
v -0.196824 0.055238 -0.522727
v -0.275554 0.051169 -0.477273
v -0.354283 0.068701 -0.431818
v -0.433013 0.128795 -0.386364
v -0.590472 0.197197 -0.386364
v -0.039365 0.129338 -0.704545
v -0.118094 0.080092 -0.659091
v -0.196824 0.054060 -0.613636
v -0.275554 0.047225 -0.568182
v -0.354283 0.050137 -0.522727
v -0.433013 0.068912 -0.477273
v -0.511742 0.123887 -0.431818
v -0.669201 0.152169 -0.431818
v -0.039365 0.153436 -0.795455
v -0.118094 0.070242 -0.750000
v -0.196824 0.052733 -0.704545
v -0.275554 0.044033 -0.659091
v -0.354283 0.045645 -0.613636
v -0.433013 0.054221 -0.568182
v -0.511742 0.097506 -0.522727
v -0.590472 0.136216 -0.477273
v -0.747931 0.128244 -0.477273
v -0.039365 0.128085 -0.886364
v -0.118094 0.084078 -0.840909
v -0.196824 0.072948 -0.795455
v -0.275554 0.065196 -0.750000
v -0.354283 0.067082 -0.704545
v -0.433013 0.068601 -0.659091
v -0.511742 0.090793 -0.613636
v -0.590472 0.105909 -0.568182
v -0.669201 0.138457 -0.522727
v -0.039365 0.329102 -0.113636
v -0.078730 0.343114 -0.090909
v -0.039365 0.236827 -0.204545
v -0.078730 0.250025 -0.181818
v -0.118094 0.294189 -0.159091
v -0.157459 0.342106 -0.136364
v -0.039365 0.167627 -0.295455
v -0.078730 0.164869 -0.272727
v -0.118094 0.176457 -0.250000
v -0.157459 0.208306 -0.227273
v -0.196824 0.271244 -0.204545
v -0.236189 0.336191 -0.181818
v -0.039365 0.137321 -0.386364
v -0.078730 0.126604 -0.363636
v -0.118094 0.121344 -0.340909
v -0.157459 0.129028 -0.318182
v -0.196824 0.159341 -0.295455
v -0.236189 0.192835 -0.272727
v -0.275554 0.212768 -0.250000
v -0.314918 0.237371 -0.227273
v -0.039365 0.130157 -0.477273
v -0.078730 0.106965 -0.454545
v -0.118094 0.089805 -0.431818
v -0.157459 0.077810 -0.409091
v -0.196824 0.084162 -0.386364
v -0.236189 0.098835 -0.363636
v -0.275554 0.118365 -0.340909
v -0.314918 0.160780 -0.318182
v -0.354283 0.185576 -0.295455
v -0.393648 0.217325 -0.272727
v -0.039365 0.153402 -0.568182
v -0.078730 0.122099 -0.545455
v -0.118094 0.087467 -0.522727
v -0.157459 0.064837 -0.500000
v -0.196824 0.057333 -0.477273
v -0.236189 0.055931 -0.454545
v -0.275554 0.058787 -0.431818
v -0.314918 0.070241 -0.409091
v -0.354283 0.099957 -0.386364
v -0.393648 0.147863 -0.363636
v -0.433013 0.172112 -0.340909
v -0.472378 0.211096 -0.318182
v -0.039365 0.134669 -0.659091
v -0.078730 0.109084 -0.636364
v -0.118094 0.086165 -0.613636
v -0.157459 0.065331 -0.590909
v -0.196824 0.054657 -0.568182
v -0.236189 0.050536 -0.545455
v -0.275554 0.048892 -0.522727
v -0.314918 0.049752 -0.500000
v -0.354283 0.055284 -0.477273
v -0.393648 0.068251 -0.454545
v -0.433013 0.091210 -0.431818
v -0.472378 0.120442 -0.409091
v -0.511742 0.157972 -0.386364
v -0.551107 0.222018 -0.363636
v -0.039365 0.134433 -0.750000
v -0.078730 0.095517 -0.727273
v -0.118094 0.069899 -0.704545
v -0.157459 0.059811 -0.681818
v -0.196824 0.052249 -0.659091
v -0.236189 0.046625 -0.636364
v -0.275554 0.044146 -0.613636
v -0.314918 0.044344 -0.590909
v -0.354283 0.046613 -0.568182
v -0.393648 0.050636 -0.545455
v -0.433013 0.059230 -0.522727
v -0.472377 0.083576 -0.500000
v -0.511742 0.106166 -0.477273
v -0.551107 0.129656 -0.454545
v -0.590472 0.150189 -0.431818
v -0.629837 0.166237 -0.409091
v -0.039365 0.143683 -0.840909
v -0.078730 0.093285 -0.818182
v -0.118094 0.072388 -0.795455
v -0.157459 0.065590 -0.772727
v -0.196824 0.057447 -0.750000
v -0.236189 0.052678 -0.727273
v -0.275554 0.051397 -0.704545
v -0.314918 0.050290 -0.681818
v -0.354283 0.051251 -0.659091
v -0.393648 0.052533 -0.636364
v -0.433013 0.056198 -0.613636
v -0.472377 0.074375 -0.590909
v -0.511742 0.088688 -0.568182
v -0.551107 0.102945 -0.545455
v -0.590472 0.119931 -0.522727
v -0.629837 0.137701 -0.500000
v -0.669201 0.141071 -0.477273
v -0.708566 0.141746 -0.454545
v -0.039365 0.099136 -0.931818
v -0.078730 0.096269 -0.909091
v -0.118094 0.093860 -0.886364
v -0.157459 0.091391 -0.863636
v -0.196824 0.090776 -0.840909
v -0.236189 0.090004 -0.818182
v -0.275554 0.089669 -0.795455
v -0.314918 0.089697 -0.772727
v -0.354283 0.089853 -0.750000
v -0.393648 0.087630 -0.727273
v -0.433013 0.088011 -0.704545
v -0.472378 0.091321 -0.681818
v -0.511742 0.094128 -0.659091
v -0.551107 0.096516 -0.636364
v -0.590472 0.098232 -0.613636
v -0.629837 0.099324 -0.590909
v -0.669201 0.100046 -0.568182
v -0.708566 0.101039 -0.545455
v -0.747931 0.101246 -0.522727
v -0.787296 0.101333 -0.500000
v 0.039365 0.385100 -0.068182
v 0.039365 0.273662 -0.159091
v 0.118094 0.327939 -0.113636
v 0.039365 0.233337 -0.250000
v 0.196824 0.232402 -0.159091
v 0.118094 0.222417 -0.204545
v 0.039365 0.179025 -0.340909
v 0.275554 0.185065 -0.204545
v 0.196824 0.173314 -0.250000
v 0.118094 0.172654 -0.295455
v 0.039365 0.175250 -0.431818
v 0.354283 0.120897 -0.250000
v 0.275554 0.136721 -0.295455
v 0.196824 0.154105 -0.340909
v 0.118094 0.169760 -0.386364
v 0.039365 0.208108 -0.522727
v 0.433013 0.074834 -0.295455
v 0.354283 0.080454 -0.340909
v 0.275554 0.113329 -0.386364
v 0.196824 0.165252 -0.431818
v 0.118094 0.206829 -0.477273
v 0.039365 0.221068 -0.613636
v 0.511742 0.049005 -0.340909
v 0.433013 0.050100 -0.386364
v 0.354283 0.059071 -0.431818
v 0.275554 0.131083 -0.477273
v 0.196824 0.225225 -0.522727
v 0.118094 0.306402 -0.568182
v 0.039365 0.218434 -0.704545
v 0.590472 0.040823 -0.386364
v 0.511742 0.036254 -0.431818
v 0.433013 0.044615 -0.477273
v 0.354283 0.095136 -0.522727
v 0.275554 0.203003 -0.568182
v 0.196824 0.300411 -0.613636
v 0.118094 0.309589 -0.659091
v 0.039365 0.240029 -0.795455
v 0.669201 0.060851 -0.431818
v 0.590472 0.046524 -0.477273
v 0.511742 0.042378 -0.522727
v 0.433013 0.085720 -0.568182
v 0.354283 0.166209 -0.613636
v 0.275554 0.250883 -0.659091
v 0.196824 0.291617 -0.704545
v 0.118094 0.291298 -0.750000
v 0.039365 0.158918 -0.886364
v 0.747931 0.086406 -0.477273
v 0.669201 0.082534 -0.522727
v 0.590472 0.080231 -0.568182
v 0.511742 0.085832 -0.613636
v 0.433013 0.107502 -0.659091
v 0.354283 0.169924 -0.704545
v 0.275554 0.193788 -0.750000
v 0.196824 0.153981 -0.795455
v 0.118094 0.162058 -0.840909
v 0.078730 0.366334 -0.090909
v 0.039365 0.320958 -0.113636
v 0.157459 0.293498 -0.136364
v 0.118094 0.275619 -0.159091
v 0.078730 0.272797 -0.181818
v 0.039365 0.253558 -0.204545
v 0.236189 0.207807 -0.181818
v 0.196824 0.195269 -0.204545
v 0.157459 0.185962 -0.227273
v 0.118094 0.192425 -0.250000
v 0.078730 0.195447 -0.272727
v 0.039365 0.198387 -0.295455
v 0.314918 0.150869 -0.227273
v 0.275554 0.155432 -0.250000
v 0.236189 0.157859 -0.272727
v 0.196824 0.161681 -0.295455
v 0.157459 0.162231 -0.318182
v 0.118094 0.167108 -0.340909
v 0.078730 0.176158 -0.363636
v 0.039365 0.172913 -0.386364
v 0.393648 0.095341 -0.272727
v 0.354283 0.099920 -0.295455
v 0.314918 0.110665 -0.318182
v 0.275554 0.123256 -0.340909
v 0.236189 0.138156 -0.363636
v 0.196824 0.154664 -0.386364
v 0.157459 0.167141 -0.409091
v 0.118094 0.181312 -0.431818
v 0.078730 0.196174 -0.454545
v 0.039365 0.196700 -0.477273
v 0.472377 0.060817 -0.318182
v 0.433013 0.059788 -0.340909
v 0.393648 0.060614 -0.363636
v 0.354283 0.064721 -0.386364
v 0.314918 0.082407 -0.409091
v 0.275554 0.113730 -0.431818
v 0.236189 0.153153 -0.454545
v 0.196824 0.189366 -0.477273
v 0.157459 0.222031 -0.500000
v 0.118094 0.262642 -0.522727
v 0.078730 0.254221 -0.545455
v 0.039365 0.233830 -0.568182
v 0.551107 0.041426 -0.363636
v 0.511742 0.040793 -0.386364
v 0.472377 0.041775 -0.409091
v 0.433013 0.044136 -0.431818
v 0.393648 0.050371 -0.454545
v 0.354283 0.070958 -0.477273
v 0.314918 0.108090 -0.500000
v 0.275554 0.168850 -0.522727
v 0.236189 0.211899 -0.545455
v 0.196824 0.264034 -0.568182
v 0.157459 0.304586 -0.590909
v 0.118094 0.302665 -0.613636
v 0.078730 0.255886 -0.636364
v 0.039365 0.211401 -0.659091
v 0.629837 0.048240 -0.409091
v 0.590472 0.040403 -0.431818
v 0.551107 0.036211 -0.454545
v 0.511742 0.035576 -0.477273
v 0.472377 0.041777 -0.500000
v 0.433013 0.059197 -0.522727
v 0.393648 0.087916 -0.545455
v 0.354283 0.128816 -0.568182
v 0.314918 0.184394 -0.590909
v 0.275554 0.235894 -0.613636
v 0.236189 0.289985 -0.636364
v 0.196824 0.322143 -0.659091
v 0.157459 0.325692 -0.681818
v 0.118094 0.335405 -0.704545
v 0.078730 0.303455 -0.727273
v 0.039365 0.243214 -0.750000
v 0.708566 0.074616 -0.454545
v 0.669201 0.069475 -0.477273
v 0.629837 0.064523 -0.500000
v 0.590472 0.061406 -0.522727
v 0.551107 0.059088 -0.545455
v 0.511742 0.061803 -0.568182
v 0.472377 0.078396 -0.590909
v 0.433013 0.101873 -0.613636
v 0.393648 0.141211 -0.636364
v 0.354283 0.178246 -0.659091
v 0.314918 0.208265 -0.681818
v 0.275554 0.233829 -0.704545
v 0.236189 0.239435 -0.727273
v 0.196824 0.245965 -0.750000
v 0.157459 0.217355 -0.772727
v 0.118094 0.217253 -0.795455
v 0.078730 0.220403 -0.818182
v 0.039365 0.198579 -0.840909
v 0.787296 0.094860 -0.500000
v 0.747931 0.094834 -0.522727
v 0.708566 0.094654 -0.545455
v 0.669201 0.094323 -0.568182
v 0.629837 0.094059 -0.590909
v 0.590472 0.093617 -0.613636
v 0.551107 0.093729 -0.636364
v 0.511742 0.094785 -0.659091
v 0.472377 0.096078 -0.681818
v 0.433013 0.097641 -0.704545
v 0.393648 0.099438 -0.727273
v 0.354283 0.102775 -0.750000
v 0.314918 0.106710 -0.772727
v 0.275554 0.101806 -0.795455
v 0.236189 0.102596 -0.818182
v 0.196824 0.105516 -0.840909
v 0.157459 0.101041 -0.863636
v 0.118094 0.102772 -0.886364
v 0.078730 0.104450 -0.909091
v 0.039365 0.103204 -0.931818
v -0.019682 0.100000 -0.988636
v -0.866025 0.100000 -0.477273
v -0.846340 0.100000 0.511362
v 0.019682 0.100000 0.988636
v 0.866025 0.100000 0.477273
v 0.846343 0.100000 -0.511364
v 0.846343 0.098032 -0.488636
v -0.019682 0.421233 0.011364
v -0.019682 0.397611 -0.011364
v 0.000000 0.394811 -0.022727
v 0.019682 0.446991 0.011364
v -0.000000 0.451636 0.022727
v -0.806978 0.100000 -0.534091
v -0.728249 0.100000 -0.579545
v -0.649519 0.100000 -0.625000
v -0.570789 0.100000 -0.670455
v -0.492060 0.100000 -0.715909
v -0.413330 0.100000 -0.761364
v -0.334601 0.100000 -0.806818
v -0.255871 0.100000 -0.852273
v -0.177142 0.100000 -0.897727
v -0.098412 0.100000 -0.943182
v -0.866025 0.100000 0.431818
v -0.866025 0.100000 0.340909
v -0.866025 0.100000 0.250000
v -0.866025 0.100000 0.159091
v -0.866025 0.100000 0.068182
v -0.866025 0.100000 -0.022727
v -0.866025 0.100000 -0.113636
v -0.866025 0.100000 -0.204545
v -0.866025 0.100000 -0.295455
v -0.866025 0.100000 -0.386364
v -0.059047 0.100000 0.965909
v -0.137777 0.100000 0.920455
v -0.216506 0.100000 0.875000
v -0.295236 0.100000 0.829545
v -0.373966 0.100000 0.784091
v -0.452695 0.100000 0.738636
v -0.531425 0.100000 0.693182
v -0.610154 0.100000 0.647727
v -0.688884 0.100000 0.602273
v -0.767613 0.100000 0.556818
v 0.806978 0.100000 0.534091
v 0.728249 0.100000 0.579545
v 0.649519 0.100000 0.625000
v 0.570789 0.100000 0.670455
v 0.492060 0.100000 0.715909
v 0.413330 0.100000 0.761364
v 0.334601 0.100000 0.806818
v 0.255871 0.100000 0.852273
v 0.177142 0.100000 0.897727
v 0.098412 0.100000 0.943182
v 0.866025 0.100000 -0.431818
v 0.866025 0.100000 -0.340909
v 0.866025 0.100000 -0.250000
v 0.866025 0.100000 -0.159091
v 0.866025 0.100000 -0.068182
v 0.866025 0.100000 0.022727
v 0.866025 0.100000 0.113636
v 0.866025 0.100000 0.204545
v 0.866025 0.100000 0.295455
v 0.866025 0.100000 0.386364
v 0.059047 0.100000 -0.965909
v 0.137777 0.100000 -0.920455
v 0.216506 0.100000 -0.875000
v 0.295236 0.100000 -0.829545
v 0.373966 0.100000 -0.784091
v 0.452695 0.100000 -0.738636
v 0.531425 0.100000 -0.693182
v 0.610154 0.100000 -0.647727
v 0.688884 0.100000 -0.602273
v 0.767613 0.100000 -0.556818
v 0.059047 0.423955 -0.034091
v 0.137777 0.375249 -0.079545
v 0.216506 0.309660 -0.125000
v 0.295236 0.204987 -0.170455
v 0.373966 0.141204 -0.215909
v 0.452695 0.095533 -0.261364
v 0.531425 0.056482 -0.306818
v 0.610154 0.046588 -0.352273
v 0.688884 0.064111 -0.397727
v 0.767613 0.082764 -0.443182
v -0.806978 0.089163 0.465909
v -0.728249 0.059088 0.420455
v -0.649519 0.057270 0.375000
v -0.570789 0.063767 0.329545
v -0.492060 0.086263 0.284091
v -0.413330 0.149963 0.238636
v -0.334601 0.221836 0.193182
v -0.255871 0.426820 0.147727
v -0.177142 0.502277 0.102273
v -0.098412 0.531068 0.056818
v -0.806978 0.107719 -0.465909
v -0.728249 0.155810 -0.420455
v -0.649519 0.192746 -0.375000
v -0.570789 0.243745 -0.329545
v -0.492060 0.271759 -0.284091
v -0.413330 0.273094 -0.238636
v -0.334601 0.302965 -0.193182
v -0.255871 0.410061 -0.147727
v -0.177142 0.378172 -0.102273
v -0.098412 0.387146 -0.056818
v -0.000000 0.116778 -0.931818
v -0.000000 0.184995 -0.840909
v 0.000000 0.189189 -0.750000
v -0.000000 0.170640 -0.659091
v -0.000000 0.186436 -0.568182
v 0.000000 0.165508 -0.477273
v 0.000000 0.166150 -0.386364
v 0.000000 0.183722 -0.295455
v 0.000000 0.258284 -0.204545
v 0.000000 0.332974 -0.113636
v 0.806978 0.091001 0.465909
v 0.728249 0.073901 0.420455
v 0.649519 0.071767 0.375000
v 0.570789 0.074071 0.329545
v 0.492060 0.083434 0.284091
v 0.413330 0.110964 0.238636
v 0.334601 0.186534 0.193182
v 0.255871 0.289062 0.147727
v 0.177142 0.461048 0.102273
v 0.098412 0.508728 0.056818
v 0.000000 0.111714 0.931818
v 0.000000 0.277042 0.840909
v 0.000000 0.216072 0.750000
v 0.000000 0.143766 0.659091
v 0.000000 0.071515 0.568182
v 0.000000 0.056512 0.477273
v 0.000000 0.096164 0.386364
v 0.000000 0.215244 0.295455
v -0.000000 0.360993 0.204545
v 0.000000 0.509686 0.113636
v 0.806978 0.090980 0.443182
v 0.728249 0.073989 0.397727
v 0.806978 0.091037 0.352273
v 0.649519 0.072208 0.352273
v 0.806978 0.090304 0.261364
v 0.728249 0.075458 0.306818
v 0.570789 0.075869 0.306818
v 0.806978 0.093312 0.170455
v 0.728249 0.080408 0.215909
v 0.649519 0.077367 0.261364
v 0.492060 0.090126 0.261364
v 0.806978 0.099216 0.079545
v 0.728249 0.101552 0.125000
v 0.649519 0.098123 0.170455
v 0.570789 0.096359 0.215909
v 0.413330 0.126055 0.215909
v 0.806978 0.116591 -0.011364
v 0.728249 0.140118 0.034091
v 0.649519 0.154179 0.079545
v 0.570789 0.146687 0.125000
v 0.492060 0.131722 0.170455
v 0.334601 0.213860 0.170455
v 0.806978 0.150369 -0.102273
v 0.728249 0.225600 -0.056818
v 0.649519 0.236086 -0.011364
v 0.570789 0.235258 0.034091
v 0.492060 0.206719 0.079545
v 0.413330 0.207327 0.125000
v 0.255871 0.328432 0.125000
v 0.806978 0.102738 -0.193182
v 0.728249 0.205504 -0.147727
v 0.649519 0.312512 -0.102273
v 0.570789 0.347694 -0.056818
v 0.492060 0.310718 -0.011364
v 0.413330 0.327094 0.034091
v 0.334601 0.359947 0.079545
v 0.177142 0.498159 0.079545
v 0.806978 0.092883 -0.284091
v 0.728249 0.113937 -0.238636
v 0.649519 0.153782 -0.193182
v 0.570790 0.227003 -0.147727
v 0.492060 0.299445 -0.102273
v 0.413330 0.375080 -0.056818
v 0.334601 0.486286 -0.011364
v 0.255871 0.464949 0.034091
v 0.098412 0.485487 0.034091
v 0.806978 0.091352 -0.375000
v 0.728249 0.078831 -0.329545
v 0.649519 0.074979 -0.284091
v 0.570789 0.097200 -0.238636
v 0.492060 0.169962 -0.193182
v 0.413330 0.231573 -0.147727
v 0.334601 0.332679 -0.102273
v 0.255871 0.383925 -0.056818
v 0.177142 0.404562 -0.011364
v 0.806978 0.090224 0.375000
v 0.787296 0.085361 0.386364
v 0.806978 0.090161 0.284091
v 0.787296 0.085724 0.295455
v 0.728249 0.074916 0.329545
v 0.708566 0.073304 0.340909
v 0.806978 0.092122 0.193182
v 0.787296 0.088053 0.204545
v 0.728249 0.078513 0.238636
v 0.708566 0.077604 0.250000
v 0.649519 0.075307 0.284091
v 0.629837 0.074997 0.295455
v 0.806978 0.097490 0.102273
v 0.787296 0.099286 0.113636
v 0.728249 0.095382 0.147727
v 0.708566 0.097616 0.159091
v 0.649519 0.090523 0.193182
v 0.629837 0.089713 0.204545
v 0.570789 0.088462 0.238636
v 0.551107 0.085946 0.250000
v 0.806978 0.108856 0.011364
v 0.787296 0.124520 0.022727
v 0.728249 0.128733 0.056818
v 0.708566 0.130981 0.068182
v 0.649519 0.138856 0.102273
v 0.629837 0.131071 0.113636
v 0.570789 0.127335 0.147727
v 0.551107 0.126193 0.159091
v 0.492060 0.119569 0.193182
v 0.472378 0.117406 0.204545
v 0.806978 0.137966 -0.079545
v 0.787296 0.210278 -0.068182
v 0.728249 0.198592 -0.034091
v 0.708566 0.196596 -0.022727
v 0.649519 0.214939 0.011364
v 0.629837 0.226940 0.022727
v 0.570789 0.208092 0.056818
v 0.551107 0.204689 0.068182
v 0.492060 0.188704 0.102273
v 0.472378 0.185329 0.113636
v 0.413330 0.188411 0.147727
v 0.393648 0.189565 0.159091
v 0.806978 0.110161 -0.170455
v 0.787296 0.162560 -0.159091
v 0.728249 0.234485 -0.125000
v 0.708566 0.258084 -0.113636
v 0.649519 0.322645 -0.079545
v 0.629837 0.318609 -0.068182
v 0.570789 0.318883 -0.034091
v 0.551107 0.303759 -0.022727
v 0.492060 0.282437 0.011364
v 0.472378 0.280404 0.022727
v 0.413330 0.298146 0.056818
v 0.393648 0.311925 0.068182
v 0.334601 0.314363 0.102273
v 0.314918 0.304653 0.113636
v 0.806978 0.093770 -0.261364
v 0.787296 0.099407 -0.250000
v 0.728249 0.133479 -0.215909
v 0.708566 0.153869 -0.204545
v 0.649519 0.183282 -0.170455
v 0.629837 0.204695 -0.159091
v 0.570789 0.268008 -0.125000
v 0.551107 0.287366 -0.113636
v 0.492060 0.327162 -0.079545
v 0.472378 0.336113 -0.068182
v 0.413330 0.385600 -0.034091
v 0.393648 0.402790 -0.022727
v 0.334601 0.510649 0.011364
v 0.314918 0.502162 0.022727
v 0.255871 0.495337 0.056818
v 0.236189 0.492454 0.068182
v 0.806978 0.091921 -0.352273
v 0.787296 0.090076 -0.340909
v 0.728249 0.084167 -0.306818
v 0.708566 0.085997 -0.295455
v 0.649519 0.088282 -0.261364
v 0.629837 0.092930 -0.250000
v 0.570790 0.120624 -0.215909
v 0.551107 0.136595 -0.204545
v 0.492060 0.199479 -0.170455
v 0.472378 0.217734 -0.159091
v 0.413330 0.277611 -0.125000
v 0.393648 0.304025 -0.113636
v 0.334601 0.393317 -0.079545
v 0.314918 0.427050 -0.068182
v 0.255871 0.395750 -0.034091
v 0.236189 0.396284 -0.022727
v 0.177142 0.420595 0.011364
v 0.157459 0.435581 0.022727
v 0.806978 0.090890 -0.443182
v 0.787296 0.087068 -0.431818
v 0.728249 0.074048 -0.397727
v 0.708566 0.069498 -0.386364
v 0.649519 0.055884 -0.352273
v 0.629837 0.052237 -0.340909
v 0.570789 0.053907 -0.306818
v 0.551107 0.059061 -0.295455
v 0.492060 0.088000 -0.261364
v 0.472378 0.102899 -0.250000
v 0.413330 0.137689 -0.215909
v 0.393648 0.153323 -0.204545
v 0.334601 0.198480 -0.170455
v 0.314918 0.216041 -0.159091
v 0.255871 0.297833 -0.125000
v 0.236189 0.376245 -0.113636
v 0.177142 0.378314 -0.079545
v 0.157459 0.389598 -0.068182
v 0.098412 0.415521 -0.034091
v 0.078730 0.440293 -0.022727
v 0.059047 0.537086 0.056818
v 0.137777 0.480578 0.102273
v 0.059047 0.497855 0.147727
v 0.216506 0.331875 0.147727
v 0.059047 0.328515 0.238636
v 0.137777 0.302191 0.193182
v 0.295236 0.202290 0.193182
v 0.059047 0.131927 0.329545
v 0.137777 0.159158 0.284091
v 0.216506 0.160082 0.238636
v 0.373966 0.119495 0.238636
v 0.059047 0.058300 0.420455
v 0.137777 0.068306 0.375000
v 0.216506 0.074011 0.329545
v 0.295236 0.093927 0.284091
v 0.452695 0.085166 0.284091
v 0.059047 0.044775 0.511364
v 0.137777 0.035470 0.465909
v 0.216506 0.033218 0.420455
v 0.295236 0.040398 0.375000
v 0.373966 0.062944 0.329545
v 0.531425 0.074884 0.329545
v 0.059047 0.067858 0.602273
v 0.137777 0.037306 0.556818
v 0.216506 0.027301 0.511364
v 0.295236 0.028913 0.465909
v 0.373966 0.045394 0.420455
v 0.452695 0.066360 0.375000
v 0.610154 0.071788 0.375000
v 0.059047 0.146220 0.693182
v 0.137777 0.077452 0.647727
v 0.216506 0.034449 0.602273
v 0.295236 0.032419 0.556818
v 0.373966 0.044942 0.511364
v 0.452695 0.061978 0.465909
v 0.531425 0.070520 0.420455
v 0.688884 0.072386 0.420455
v 0.059047 0.203006 0.784091
v 0.137777 0.119623 0.738636
v 0.216506 0.066773 0.693182
v 0.295236 0.057310 0.647727
v 0.373966 0.056964 0.602273
v 0.452695 0.067493 0.556818
v 0.531425 0.071606 0.511364
v 0.610154 0.072000 0.465909
v 0.767613 0.085378 0.465909
v 0.059047 0.257539 0.875000
v 0.137777 0.164412 0.829545
v 0.216506 0.100522 0.784091
v 0.295236 0.088204 0.738636
v 0.373966 0.085671 0.693182
v 0.452695 0.085381 0.647727
v 0.531425 0.086940 0.602273
v 0.610154 0.085586 0.556818
v 0.688884 0.085479 0.511364
v 0.059047 0.535951 0.125000
v 0.078730 0.517640 0.113636
v 0.059047 0.368225 0.215909
v 0.078730 0.371455 0.204545
v 0.137777 0.365754 0.170455
v 0.157459 0.377267 0.159091
v 0.059047 0.163017 0.306818
v 0.078730 0.169999 0.295455
v 0.137777 0.176979 0.261364
v 0.157459 0.175859 0.250000
v 0.216506 0.190962 0.215909
v 0.236189 0.201509 0.204545
v 0.059047 0.071854 0.397727
v 0.078730 0.076220 0.386364
v 0.137777 0.084102 0.352273
v 0.157459 0.084527 0.340909
v 0.216506 0.095046 0.306818
v 0.236189 0.099745 0.295455
v 0.295236 0.115361 0.261364
v 0.314918 0.124043 0.250000
v 0.059047 0.044006 0.488636
v 0.078730 0.041226 0.477273
v 0.137777 0.038881 0.443182
v 0.157459 0.038602 0.431818
v 0.216506 0.038298 0.397727
v 0.236189 0.039365 0.386364
v 0.295236 0.048255 0.352273
v 0.314918 0.053101 0.340909
v 0.373966 0.072307 0.306818
v 0.393648 0.078800 0.295455
v 0.059047 0.055899 0.579545
v 0.078730 0.048379 0.568182
v 0.137777 0.034707 0.534091
v 0.157459 0.032007 0.522727
v 0.216506 0.027530 0.488636
v 0.236189 0.027063 0.477273
v 0.295236 0.029964 0.443182
v 0.314918 0.032909 0.431818
v 0.373966 0.047743 0.397727
v 0.393648 0.053716 0.386364
v 0.452695 0.069175 0.352273
v 0.472378 0.072628 0.340909
v 0.059047 0.120438 0.670455
v 0.078730 0.103235 0.659091
v 0.137777 0.065290 0.625000
v 0.157459 0.052595 0.613636
v 0.216506 0.031272 0.579545
v 0.236189 0.029757 0.568182
v 0.295236 0.030110 0.534091
v 0.314918 0.032204 0.522727
v 0.373966 0.043865 0.488636
v 0.393648 0.048661 0.477273
v 0.452695 0.062160 0.443182
v 0.472378 0.065619 0.431818
v 0.531425 0.071063 0.397727
v 0.551107 0.071565 0.386364
v 0.059047 0.183960 0.761364
v 0.078730 0.169465 0.750000
v 0.137777 0.110557 0.715909
v 0.157459 0.092333 0.704545
v 0.216506 0.054820 0.670455
v 0.236189 0.050563 0.659091
v 0.295236 0.049382 0.625000
v 0.314918 0.048562 0.613636
v 0.373966 0.052109 0.579545
v 0.393648 0.055538 0.568182
v 0.452695 0.065003 0.534091
v 0.472377 0.067179 0.522727
v 0.531425 0.070475 0.488636
v 0.551107 0.070732 0.477273
v 0.610154 0.071156 0.443182
v 0.629837 0.071322 0.431818
v 0.059047 0.258051 0.852273
v 0.078730 0.236179 0.840909
v 0.137777 0.155819 0.806818
v 0.157459 0.130354 0.795455
v 0.216506 0.094371 0.761364
v 0.236189 0.089331 0.750000
v 0.295236 0.080916 0.715909
v 0.314918 0.080219 0.704545
v 0.373966 0.078769 0.670455
v 0.393648 0.078600 0.659091
v 0.452695 0.079904 0.625000
v 0.472377 0.080536 0.613636
v 0.531425 0.081205 0.579545
v 0.551107 0.081013 0.568182
v 0.610154 0.080768 0.534091
v 0.629837 0.080785 0.522727
v 0.688884 0.080722 0.488636
v 0.708566 0.080703 0.477273
v 0.059047 0.099868 0.943182
v 0.078730 0.099892 0.931818
v 0.137777 0.099656 0.897727
v 0.157459 0.099431 0.886364
v 0.216506 0.098975 0.852273
v 0.236189 0.098840 0.840909
v 0.295236 0.098490 0.806818
v 0.314918 0.098362 0.795455
v 0.373966 0.098180 0.761364
v 0.393648 0.098164 0.750000
v 0.452695 0.098141 0.715909
v 0.472377 0.098143 0.704545
v 0.531425 0.098309 0.670455
v 0.551107 0.098409 0.659091
v 0.610154 0.098442 0.625000
v 0.629837 0.098418 0.613636
v 0.688884 0.098323 0.579545
v 0.708566 0.098281 0.568182
v 0.767613 0.098169 0.534091
v 0.787296 0.098168 0.522727
v -0.019682 0.517561 0.079545
v -0.019682 0.403392 0.170455
v -0.098412 0.502401 0.125000
v -0.019682 0.278279 0.261364
v -0.177142 0.446007 0.170455
v -0.098412 0.349278 0.215909
v -0.019682 0.136312 0.352273
v -0.255871 0.310964 0.215909
v -0.177142 0.320748 0.261364
v -0.098412 0.272383 0.306818
v -0.019682 0.067861 0.443182
v -0.334601 0.175494 0.261364
v -0.255871 0.178065 0.306818
v -0.177142 0.185457 0.352273
v -0.098412 0.133271 0.397727
v -0.019682 0.068071 0.534091
v -0.413330 0.093777 0.306818
v -0.334601 0.111468 0.352273
v -0.255871 0.148766 0.397727
v -0.177142 0.162641 0.443182
v -0.098412 0.093487 0.488636
v -0.019682 0.124378 0.625000
v -0.492060 0.063604 0.352273
v -0.413330 0.070327 0.397727
v -0.334601 0.118354 0.443182
v -0.255871 0.182852 0.488636
v -0.177142 0.185769 0.534091
v -0.098412 0.142628 0.579545
v -0.019682 0.228581 0.715909
v -0.570789 0.054974 0.397727
v -0.492060 0.061088 0.443182
v -0.413330 0.095525 0.488636
v -0.334601 0.165911 0.534091
v -0.255871 0.223171 0.579545
v -0.177142 0.266298 0.625000
v -0.098412 0.261416 0.670455
v -0.019682 0.253499 0.806818
v -0.649519 0.049963 0.443182
v -0.570789 0.054646 0.488636
v -0.492060 0.092068 0.534091
v -0.413330 0.158718 0.579545
v -0.334601 0.263009 0.625000
v -0.255871 0.257248 0.670455
v -0.177142 0.234310 0.715909
v -0.098412 0.218121 0.761364
v -0.019682 0.158893 0.897727
v -0.728249 0.073164 0.488636
v -0.649519 0.074451 0.534091
v -0.570789 0.090522 0.579545
v -0.492060 0.133157 0.625000
v -0.413330 0.100000 0.670455
v -0.334601 0.168019 0.715909
v -0.255871 0.131933 0.761364
v -0.177142 0.137247 0.806818
v -0.098412 0.174589 0.852273
v -0.078730 0.509441 0.113636
v -0.059047 0.484425 0.125000
v -0.157459 0.467034 0.159091
v -0.137777 0.432136 0.170455
v -0.078730 0.350545 0.204545
v -0.059047 0.334297 0.215909
v -0.236189 0.359818 0.204545
v -0.216506 0.362796 0.215909
v -0.157459 0.332621 0.250000
v -0.137777 0.305615 0.261364
v -0.078730 0.256308 0.295455
v -0.059047 0.228436 0.306818
v -0.314918 0.192678 0.250000
v -0.295236 0.189732 0.261364
v -0.236189 0.195312 0.295455
v -0.216506 0.196798 0.306818
v -0.157459 0.197725 0.340909
v -0.137777 0.192230 0.352273
v -0.078730 0.130554 0.386364
v -0.059047 0.112521 0.397727
v -0.393648 0.110110 0.295455
v -0.373966 0.109033 0.306818
v -0.314918 0.130614 0.340909
v -0.295236 0.136132 0.352273
v -0.236189 0.160334 0.386364
v -0.216506 0.173475 0.397727
v -0.157459 0.157120 0.431818
v -0.137777 0.138970 0.443182
v -0.078730 0.083728 0.477273
v -0.059047 0.075082 0.488636
v -0.472378 0.067277 0.340909
v -0.452695 0.067397 0.352273
v -0.393648 0.074495 0.386364
v -0.373966 0.082811 0.397727
v -0.314918 0.126794 0.431818
v -0.295236 0.138461 0.443182
v -0.236189 0.188993 0.477273
v -0.216506 0.184384 0.488636
v -0.157459 0.168166 0.522727
v -0.137777 0.149437 0.534091
v -0.078730 0.116418 0.568182
v -0.059047 0.110542 0.579545
v -0.551107 0.056782 0.386364
v -0.531425 0.057181 0.397727
v -0.472378 0.063185 0.431818
v -0.452695 0.067366 0.443182
v -0.393648 0.097151 0.477273
v -0.373966 0.114087 0.488636
v -0.314918 0.164745 0.522727
v -0.295236 0.180610 0.534091
v -0.236189 0.214158 0.568182
v -0.216506 0.224379 0.579545
v -0.157459 0.244827 0.613636
v -0.137777 0.234155 0.625000
v -0.078730 0.224222 0.659091
v -0.059047 0.222292 0.670455
v -0.629837 0.050123 0.431818
v -0.610154 0.050075 0.443182
v -0.551107 0.054986 0.477273
v -0.531425 0.059538 0.488636
v -0.472378 0.092586 0.522727
v -0.452695 0.110555 0.534091
v -0.393648 0.175311 0.568182
v -0.373966 0.194467 0.579545
v -0.314918 0.254633 0.613636
v -0.295236 0.269490 0.625000
v -0.236189 0.264485 0.659091
v -0.216506 0.269883 0.670455
v -0.157459 0.276922 0.704545
v -0.137777 0.260324 0.715909
v -0.078730 0.249181 0.750000
v -0.059047 0.248859 0.761364
v -0.708566 0.062274 0.477273
v -0.688884 0.060775 0.488636
v -0.629837 0.065110 0.522727
v -0.610154 0.070098 0.534091
v -0.551107 0.089066 0.568182
v -0.531425 0.099013 0.579545
v -0.472378 0.137577 0.613636
v -0.452695 0.136043 0.625000
v -0.393648 0.138617 0.659091
v -0.373965 0.185472 0.670455
v -0.314918 0.205756 0.704545
v -0.295236 0.197022 0.715909
v -0.236189 0.149425 0.750000
v -0.216506 0.146667 0.761364
v -0.157459 0.162202 0.795455
v -0.137777 0.170134 0.806818
v -0.078730 0.190358 0.840909
v -0.059047 0.204773 0.852273
v -0.787296 0.097450 0.522727
v -0.767613 0.097036 0.534091
v -0.708566 0.096752 0.568182
v -0.688884 0.097061 0.579545
v -0.629837 0.097748 0.613636
v -0.610154 0.098087 0.625000
v -0.551107 0.098980 0.659091
v -0.531425 0.099220 0.670455
v -0.472377 0.099616 0.704545
v -0.452695 0.099624 0.715909
v -0.393648 0.099826 0.750000
v -0.373966 0.099874 0.761364
v -0.314918 0.099916 0.795455
v -0.295236 0.099949 0.806818
v -0.236189 0.100042 0.840909
v -0.216506 0.100066 0.852273
v -0.157459 0.100021 0.886364
v -0.137777 0.100021 0.897727
v -0.078730 0.099994 0.931818
v -0.059047 0.099965 0.943182
v -0.078730 0.459407 0.022727
v -0.157459 0.561997 0.068182
v -0.157459 0.475571 -0.022727
v -0.236189 0.469104 0.113636
v -0.236189 0.452972 -0.068182
v -0.236189 0.579373 0.022727
v -0.314918 0.289658 0.159091
v -0.314918 0.484408 -0.113636
v -0.314918 0.508978 -0.022727
v -0.314918 0.418775 0.068182
v -0.393648 0.178111 0.204545
v -0.393648 0.504423 -0.159091
v -0.393648 0.472034 -0.068182
v -0.393648 0.436381 0.022727
v -0.393648 0.271557 0.113636
v -0.472378 0.123266 0.250000
v -0.472377 0.394870 -0.204545
v -0.472378 0.478874 -0.113636
v -0.472377 0.371321 -0.022727
v -0.472377 0.337283 0.068182
v -0.472377 0.190652 0.159091
v -0.551107 0.072881 0.295455
v -0.551107 0.335521 -0.250000
v -0.551107 0.337756 -0.159091
v -0.551107 0.374908 -0.068182
v -0.551107 0.317964 0.022727
v -0.551107 0.228262 0.113636
v -0.551107 0.141837 0.204545
v -0.629837 0.062796 0.340909
v -0.629837 0.258413 -0.295455
v -0.629837 0.300074 -0.204545
v -0.629837 0.322514 -0.113636
v -0.629837 0.304578 -0.022727
v -0.629837 0.269201 0.068182
v -0.629837 0.218461 0.159091
v -0.629837 0.101177 0.250000
v -0.708566 0.062860 0.386364
v -0.708566 0.188001 -0.340909
v -0.708566 0.222897 -0.250000
v -0.708566 0.305722 -0.159091
v -0.708566 0.295636 -0.068182
v -0.708566 0.264092 0.022727
v -0.708566 0.261655 0.113636
v -0.708566 0.175148 0.204545
v -0.708566 0.098350 0.295455
v -0.787296 0.082596 0.431818
v -0.787296 0.135530 -0.386364
v -0.787296 0.126479 -0.295455
v -0.787296 0.121736 -0.204545
v -0.787296 0.174837 -0.113636
v -0.787296 0.166890 -0.022727
v -0.787296 0.164183 0.068182
v -0.787296 0.228144 0.159091
v -0.787296 0.164465 0.250000
v -0.787296 0.105154 0.340909
v -0.137777 0.475732 -0.011364
v -0.137777 0.506330 0.011364
v -0.216506 0.455297 -0.056818
v -0.216506 0.480482 -0.034091
v -0.216506 0.572000 0.034091
v -0.216506 0.546788 0.056818
v -0.295236 0.477224 -0.102273
v -0.295236 0.490442 -0.079545
v -0.295236 0.511864 -0.011364
v -0.295236 0.488972 0.011364
v -0.295236 0.428391 0.079545
v -0.295236 0.415816 0.102273
v -0.373965 0.495374 -0.147727
v -0.373965 0.555218 -0.125000
v -0.373966 0.495072 -0.056818
v -0.373966 0.468410 -0.034091
v -0.373965 0.454141 0.034091
v -0.373965 0.422664 0.056818
v -0.373966 0.261576 0.125000
v -0.373966 0.234511 0.147727
v -0.452695 0.413704 -0.193182
v -0.452695 0.439898 -0.170455
v -0.452695 0.455358 -0.102273
v -0.452695 0.418813 -0.079545
v -0.452695 0.373962 -0.011364
v -0.452695 0.366385 0.011364
v -0.452695 0.344877 0.079545
v -0.452695 0.267093 0.102273
v -0.452695 0.185900 0.170455
v -0.452695 0.169861 0.193182
v -0.531425 0.348190 -0.238636
v -0.531425 0.367934 -0.215909
v -0.531425 0.359608 -0.147727
v -0.531425 0.367992 -0.125000
v -0.531425 0.384858 -0.056818
v -0.531425 0.389390 -0.034091
v -0.531425 0.324929 0.034091
v -0.531425 0.282503 0.056818
v -0.531425 0.219285 0.125000
v -0.531425 0.210103 0.147727
v -0.531425 0.133826 0.215909
v -0.531425 0.110593 0.238636
v -0.610154 0.271440 -0.284091
v -0.610154 0.297714 -0.261364
v -0.610154 0.307366 -0.193182
v -0.610154 0.311128 -0.170455
v -0.610154 0.336109 -0.102273
v -0.610154 0.332785 -0.079545
v -0.610154 0.306822 -0.011364
v -0.610154 0.295636 0.011364
v -0.610154 0.253871 0.079545
v -0.610154 0.243591 0.102273
v -0.610154 0.193154 0.170455
v -0.610154 0.159331 0.193182
v -0.610154 0.090467 0.261364
v -0.610154 0.078496 0.284091
v -0.688884 0.206675 -0.329545
v -0.688884 0.220397 -0.306818
v -0.688884 0.251536 -0.238636
v -0.688884 0.267238 -0.215909
v -0.688884 0.314100 -0.147727
v -0.688884 0.319768 -0.125000
v -0.688884 0.300540 -0.056818
v -0.688884 0.289884 -0.034091
v -0.688884 0.271131 0.034091
v -0.688884 0.268863 0.056818
v -0.688884 0.264450 0.125000
v -0.688884 0.255854 0.147727
v -0.688884 0.159430 0.215909
v -0.688884 0.133542 0.238636
v -0.688884 0.083662 0.306818
v -0.688884 0.075006 0.329545
v -0.767613 0.146184 -0.375000
v -0.767613 0.145755 -0.352273
v -0.767613 0.139254 -0.284091
v -0.767613 0.138542 -0.261364
v -0.767613 0.183455 -0.193182
v -0.767613 0.203126 -0.170455
v -0.767613 0.212824 -0.102273
v -0.767613 0.246981 -0.079545
v -0.767613 0.204512 -0.011364
v -0.767613 0.211126 0.011364
v -0.767613 0.209041 0.079545
v -0.767613 0.226871 0.102273
v -0.767613 0.230896 0.170455
v -0.767613 0.196068 0.193182
v -0.767613 0.151003 0.261364
v -0.767613 0.137413 0.284091
v -0.767613 0.098889 0.352273
v -0.767613 0.088837 0.375000
v -0.846343 0.100004 -0.420455
v -0.846343 0.100025 -0.397727
v -0.846343 0.100037 -0.329545
v -0.846343 0.100040 -0.306818
v -0.846343 0.099430 -0.238636
v -0.846343 0.099170 -0.215909
v -0.846343 0.100055 -0.147727
v -0.846343 0.100210 -0.125000
v -0.846343 0.100179 -0.056818
v -0.846343 0.100142 -0.034091
v -0.846343 0.100014 0.034091
v -0.846343 0.100011 0.056818
v -0.846343 0.099844 0.125000
v -0.846343 0.099791 0.147727
v -0.846343 0.099759 0.215909
v -0.846343 0.099729 0.238636
v -0.846343 0.099130 0.306818
v -0.846343 0.098843 0.329545
v -0.846343 0.098104 0.397727
v -0.846343 0.097996 0.420455
v -0.059047 0.362874 -0.056818
v -0.137777 0.354019 -0.102273
v -0.059047 0.289482 -0.147727
v -0.216506 0.370432 -0.147727
v -0.059047 0.201751 -0.238636
v -0.137777 0.269093 -0.193182
v -0.295236 0.296830 -0.193182
v -0.059047 0.149796 -0.329545
v -0.137777 0.152104 -0.284091
v -0.216506 0.224712 -0.238636
v -0.373965 0.247520 -0.238636
v -0.059047 0.119967 -0.420455
v -0.137777 0.100409 -0.375000
v -0.216506 0.129925 -0.329545
v -0.295236 0.189937 -0.284091
v -0.452695 0.235764 -0.284091
v -0.059047 0.123180 -0.511364
v -0.137777 0.072583 -0.465909
v -0.216506 0.065785 -0.420455
v -0.295236 0.090349 -0.375000
v -0.373966 0.171783 -0.329545
v -0.531425 0.257123 -0.329545
v -0.059047 0.128111 -0.602273
v -0.137777 0.076879 -0.556818
v -0.216506 0.053109 -0.511364
v -0.295236 0.052249 -0.465909
v -0.373966 0.081690 -0.420455
v -0.452695 0.145317 -0.375000
v -0.610154 0.208847 -0.375000
v -0.059047 0.111675 -0.693182
v -0.137777 0.067910 -0.647727
v -0.216506 0.051410 -0.602273
v -0.295236 0.047181 -0.556818
v -0.373966 0.052931 -0.511364
v -0.452695 0.080873 -0.465909
v -0.531425 0.137406 -0.420455
v -0.688884 0.156833 -0.420455
v -0.059047 0.125725 -0.784091
v -0.137777 0.067411 -0.738636
v -0.216506 0.049743 -0.693182
v -0.295236 0.043592 -0.647727
v -0.373966 0.046876 -0.602273
v -0.452695 0.065360 -0.556818
v -0.531425 0.108825 -0.511364
v -0.610154 0.141624 -0.465909
v -0.767613 0.130139 -0.465909
v -0.059047 0.113637 -0.875000
v -0.137777 0.081927 -0.829545
v -0.216506 0.068307 -0.784091
v -0.295236 0.066261 -0.738636
v -0.373966 0.067730 -0.693182
v -0.452695 0.077520 -0.647727
v -0.531425 0.094871 -0.602273
v -0.610154 0.109595 -0.556818
v -0.688884 0.130866 -0.511364
v -0.059047 0.304106 -0.125000
v -0.078730 0.315446 -0.113636
v -0.059047 0.228414 -0.215909
v -0.078730 0.231968 -0.204545
v -0.137777 0.283510 -0.170455
v -0.157459 0.308383 -0.159091
v -0.059047 0.157283 -0.306818
v -0.078730 0.153234 -0.295455
v -0.137777 0.168958 -0.261364
v -0.157459 0.189653 -0.250000
v -0.216506 0.253541 -0.215909
v -0.236189 0.284190 -0.204545
v -0.059047 0.125673 -0.397727
v -0.078730 0.119116 -0.386364
v -0.137777 0.110994 -0.352273
v -0.157459 0.114147 -0.340909
v -0.216506 0.149716 -0.306818
v -0.236189 0.162931 -0.295455
v -0.295236 0.202299 -0.261364
v -0.314918 0.211136 -0.250000
v -0.059047 0.119848 -0.488636
v -0.078730 0.106122 -0.477273
v -0.137777 0.076215 -0.443182
v -0.157459 0.070287 -0.431818
v -0.216506 0.076627 -0.397727
v -0.236189 0.082302 -0.386364
v -0.295236 0.110478 -0.352273
v -0.314918 0.128176 -0.340909
v -0.373966 0.183913 -0.306818
v -0.393648 0.197514 -0.295455
v -0.059047 0.133728 -0.579545
v -0.078730 0.122607 -0.568182
v -0.137777 0.075951 -0.534091
v -0.157459 0.065307 -0.522727
v -0.216506 0.054232 -0.488636
v -0.236189 0.053280 -0.477273
v -0.295236 0.056095 -0.443182
v -0.314918 0.060581 -0.431818
v -0.373966 0.099670 -0.397727
v -0.393648 0.120059 -0.386364
v -0.452695 0.166462 -0.352273
v -0.472378 0.185925 -0.340909
v -0.059047 0.116217 -0.670455
v -0.078730 0.102193 -0.659091
v -0.137777 0.071011 -0.625000
v -0.157459 0.063937 -0.613636
v -0.216506 0.051994 -0.579545
v -0.236189 0.050092 -0.568182
v -0.295236 0.048142 -0.534091
v -0.314918 0.048603 -0.522727
v -0.373966 0.056109 -0.488636
v -0.393648 0.061340 -0.477273
v -0.452695 0.092702 -0.443182
v -0.472378 0.106583 -0.431818
v -0.531425 0.158786 -0.397727
v -0.551107 0.182004 -0.386364
v -0.059047 0.112703 -0.761364
v -0.078730 0.087355 -0.750000
v -0.137777 0.064159 -0.715909
v -0.157459 0.061076 -0.704545
v -0.216506 0.048717 -0.670455
v -0.236189 0.046245 -0.659091
v -0.295236 0.042878 -0.625000
v -0.314918 0.043164 -0.613636
v -0.373966 0.046900 -0.579545
v -0.393648 0.048592 -0.568182
v -0.452695 0.068491 -0.534091
v -0.472377 0.080094 -0.522727
v -0.531425 0.116002 -0.488636
v -0.551107 0.126351 -0.477273
v -0.610154 0.149357 -0.443182
v -0.629837 0.154035 -0.431818
v -0.059047 0.117687 -0.852273
v -0.078730 0.097082 -0.840909
v -0.137777 0.071866 -0.806818
v -0.157459 0.068881 -0.795455
v -0.216506 0.060590 -0.761364
v -0.236189 0.058258 -0.750000
v -0.295236 0.056793 -0.715909
v -0.314918 0.056604 -0.704545
v -0.373966 0.058222 -0.670455
v -0.393648 0.058661 -0.659091
v -0.452695 0.071542 -0.625000
v -0.472377 0.077361 -0.613636
v -0.531425 0.094528 -0.579545
v -0.551107 0.099784 -0.568182
v -0.610154 0.117023 -0.534091
v -0.629837 0.127611 -0.522727
v -0.688884 0.134086 -0.488636
v -0.708566 0.133367 -0.477273
v -0.059047 0.098863 -0.943182
v -0.078730 0.098554 -0.931818
v -0.137777 0.097630 -0.897727
v -0.157459 0.097220 -0.886364
v -0.216506 0.096777 -0.852273
v -0.236189 0.096689 -0.840909
v -0.295236 0.096502 -0.806818
v -0.314918 0.096489 -0.795455
v -0.373966 0.096842 -0.761364
v -0.393648 0.096093 -0.750000
v -0.452695 0.096178 -0.715909
v -0.472377 0.096823 -0.704545
v -0.531425 0.097972 -0.670455
v -0.551107 0.098351 -0.659091
v -0.610154 0.099144 -0.625000
v -0.629837 0.099280 -0.613636
v -0.688884 0.099547 -0.579545
v -0.708566 0.099632 -0.568182
v -0.767613 0.099845 -0.534091
v -0.787296 0.099878 -0.522727
v 0.019682 0.361262 -0.079545
v 0.019682 0.272215 -0.170455
v 0.098412 0.324935 -0.125000
v 0.019682 0.223808 -0.261364
v 0.177142 0.224750 -0.170455
v 0.098412 0.226795 -0.215909
v 0.019682 0.171078 -0.352273
v 0.255871 0.182793 -0.215909
v 0.177142 0.172225 -0.261364
v 0.098412 0.175351 -0.306818
v 0.019682 0.172125 -0.443182
v 0.334601 0.122120 -0.261364
v 0.255871 0.143318 -0.306818
v 0.177142 0.156979 -0.352273
v 0.098412 0.176233 -0.397727
v 0.019682 0.190685 -0.534091
v 0.413330 0.073153 -0.306818
v 0.334601 0.085391 -0.352273
v 0.255871 0.126860 -0.397727
v 0.177142 0.173300 -0.443182
v 0.098412 0.227358 -0.488636
v 0.019682 0.198582 -0.625000
v 0.492060 0.048942 -0.352273
v 0.413330 0.050832 -0.397727
v 0.334601 0.068077 -0.443182
v 0.255871 0.162346 -0.488636
v 0.177142 0.254152 -0.534091
v 0.098412 0.294378 -0.579545
v 0.019682 0.197215 -0.715909
v 0.570789 0.038351 -0.397727
v 0.492060 0.036876 -0.443182
v 0.413330 0.051373 -0.488636
v 0.334601 0.115869 -0.534091
v 0.255871 0.222337 -0.579545
v 0.177142 0.312376 -0.625000
v 0.098412 0.286300 -0.670455
v 0.019682 0.217292 -0.806818
v 0.649519 0.056645 -0.443182
v 0.570789 0.044449 -0.488636
v 0.492060 0.046537 -0.534091
v 0.413330 0.101361 -0.579545
v 0.334601 0.190225 -0.625000
v 0.255871 0.275016 -0.670455
v 0.177142 0.294587 -0.715909
v 0.098412 0.275330 -0.761364
v 0.019682 0.159269 -0.897727
v 0.728249 0.085938 -0.488636
v 0.649519 0.081650 -0.534091
v 0.570789 0.079762 -0.579545
v 0.492060 0.089783 -0.625000
v 0.413330 0.116206 -0.670455
v 0.334601 0.187550 -0.715909
v 0.255871 0.178614 -0.761364
v 0.177142 0.170372 -0.806818
v 0.098412 0.146272 -0.852273
v 0.078730 0.333943 -0.113636
v 0.059047 0.309900 -0.125000
v 0.157459 0.241974 -0.159091
v 0.137777 0.239324 -0.170455
v 0.078730 0.259186 -0.204545
v 0.059047 0.265719 -0.215909
v 0.236189 0.191560 -0.204545
v 0.216506 0.184826 -0.215909
v 0.157459 0.178777 -0.250000
v 0.137777 0.178993 -0.261364
v 0.078730 0.185821 -0.295455
v 0.059047 0.189834 -0.306818
v 0.314918 0.136927 -0.250000
v 0.295236 0.141983 -0.261364
v 0.236189 0.151897 -0.295455
v 0.216506 0.153743 -0.306818
v 0.157459 0.160788 -0.340909
v 0.137777 0.163414 -0.352273
v 0.078730 0.178232 -0.386364
v 0.059047 0.177551 -0.397727
v 0.393648 0.082404 -0.295455
v 0.373966 0.085523 -0.306818
v 0.314918 0.100561 -0.340909
v 0.295236 0.110231 -0.352273
v 0.236189 0.138554 -0.386364
v 0.216506 0.146157 -0.397727
v 0.157459 0.174824 -0.431818
v 0.137777 0.182366 -0.443182
v 0.078730 0.211116 -0.477273
v 0.059047 0.208988 -0.488636
v 0.472377 0.054225 -0.340909
v 0.452695 0.054251 -0.352273
v 0.393648 0.055647 -0.386364
v 0.373966 0.057153 -0.397727
v 0.314918 0.082071 -0.431818
v 0.295236 0.099583 -0.443182
v 0.236189 0.171256 -0.477273
v 0.216506 0.196087 -0.488636
v 0.157459 0.241843 -0.522727
v 0.137777 0.268705 -0.534091
v 0.078730 0.269674 -0.568182
v 0.059047 0.254485 -0.579545
v 0.551107 0.038685 -0.386364
v 0.531425 0.038100 -0.397727
v 0.472377 0.039435 -0.431818
v 0.452695 0.040896 -0.443182
v 0.393648 0.054210 -0.477273
v 0.373966 0.066541 -0.488636
v 0.314918 0.124755 -0.522727
v 0.295236 0.159932 -0.534091
v 0.236189 0.225720 -0.568182
v 0.216506 0.253822 -0.579545
v 0.157459 0.313860 -0.613636
v 0.137777 0.320511 -0.625000
v 0.078730 0.256528 -0.659091
v 0.059047 0.234673 -0.670455
v 0.629837 0.049550 -0.431818
v 0.610154 0.045590 -0.443182
v 0.551107 0.038276 -0.477273
v 0.531425 0.037467 -0.488636
v 0.472377 0.048096 -0.522727
v 0.452695 0.059307 -0.534091
v 0.393648 0.104761 -0.568182
v 0.373966 0.123075 -0.579545
v 0.314918 0.205437 -0.613636
v 0.295236 0.232462 -0.625000
v 0.236189 0.293263 -0.659091
v 0.216506 0.311731 -0.670455
v 0.157459 0.317497 -0.704545
v 0.137777 0.328171 -0.715909
v 0.078730 0.296323 -0.750000
v 0.059047 0.283575 -0.761364
v 0.708566 0.079488 -0.477273
v 0.688884 0.077835 -0.488636
v 0.629837 0.072674 -0.522727
v 0.610154 0.071813 -0.534091
v 0.551107 0.069657 -0.568182
v 0.531425 0.070678 -0.579545
v 0.472377 0.088332 -0.613636
v 0.452695 0.095191 -0.625000
v 0.393648 0.139755 -0.659091
v 0.373965 0.159453 -0.670455
v 0.314918 0.203048 -0.704545
v 0.295236 0.202867 -0.715909
v 0.236189 0.205720 -0.750000
v 0.216506 0.201692 -0.761364
v 0.157459 0.196561 -0.795455
v 0.137777 0.179724 -0.806818
v 0.078730 0.190239 -0.840909
v 0.059047 0.193560 -0.852273
v 0.787296 0.098022 -0.522727
v 0.767613 0.098017 -0.534091
v 0.708566 0.097992 -0.568182
v 0.688884 0.097964 -0.579545
v 0.629837 0.097830 -0.613636
v 0.610154 0.097757 -0.625000
v 0.551107 0.097758 -0.659091
v 0.531425 0.097848 -0.670455
v 0.472377 0.098280 -0.704545
v 0.452695 0.098467 -0.715909
v 0.393648 0.099014 -0.750000
v 0.373966 0.099226 -0.761364
v 0.314918 0.099612 -0.795455
v 0.295236 0.099431 -0.806818
v 0.236189 0.099642 -0.840909
v 0.216506 0.099991 -0.852273
v 0.157459 0.099205 -0.886364
v 0.137777 0.099357 -0.897727
v 0.078730 0.099657 -0.931818
v 0.059047 0.099695 -0.943182
v -0.059047 0.100000 -0.965909
v -0.866025 0.100000 -0.431818
v -0.806978 0.100000 0.534091
v 0.059047 0.100000 0.965909
v 0.866025 0.100000 0.431818
v 0.806978 0.100000 -0.534091
v 0.806978 0.090891 -0.465909
v -0.059047 0.458444 0.034091
v -0.059047 0.374170 -0.034091
v 0.000000 0.356193 -0.068182
v 0.059047 0.491390 0.034091
v -0.000000 0.510493 0.068182
v -0.846343 0.100000 -0.511364
v -0.767613 0.100000 -0.556818
v -0.688884 0.100000 -0.602273
v -0.610154 0.100000 -0.647727
v -0.531425 0.100000 -0.693182
v -0.452695 0.100000 -0.738636
v -0.373966 0.100000 -0.784091
v -0.295236 0.100000 -0.829545
v -0.216506 0.100000 -0.875000
v -0.137777 0.100000 -0.920455
v -0.866022 0.100000 0.477271
v -0.866025 0.100000 0.386364
v -0.866025 0.100000 0.295455
v -0.866025 0.100000 0.204545
v -0.866025 0.100000 0.113636
v -0.866025 0.100000 0.022727
v -0.866025 0.100000 -0.068182
v -0.866025 0.100000 -0.159091
v -0.866025 0.100000 -0.250000
v -0.866025 0.100000 -0.340909
v -0.019682 0.100000 0.988636
v -0.098412 0.100000 0.943182
v -0.177142 0.100000 0.897727
v -0.255871 0.100000 0.852273
v -0.334601 0.100000 0.806818
v -0.413330 0.100000 0.761364
v -0.492060 0.100000 0.715909
v -0.570789 0.100000 0.670455
v -0.649519 0.100000 0.625000
v -0.728249 0.100000 0.579545
v 0.846343 0.100000 0.511364
v 0.767613 0.100000 0.556818
v 0.688884 0.100000 0.602273
v 0.610154 0.100000 0.647727
v 0.531425 0.100000 0.693182
v 0.452695 0.100000 0.738636
v 0.373966 0.100000 0.784091
v 0.295236 0.100000 0.829545
v 0.216506 0.100000 0.875000
v 0.137777 0.100000 0.920455
v 0.866025 0.100000 -0.477273
v 0.866025 0.100000 -0.386364
v 0.866025 0.100000 -0.295455
v 0.866025 0.100000 -0.204545
v 0.866025 0.100000 -0.113636
v 0.866025 0.100000 -0.022727
v 0.866025 0.100000 0.068182
v 0.866025 0.100000 0.159091
v 0.866025 0.100000 0.250000
v 0.866025 0.100000 0.340909
v 0.019682 0.100000 -0.988636
v 0.098412 0.100000 -0.943182
v 0.177142 0.100000 -0.897727
v 0.255871 0.100000 -0.852273
v 0.334601 0.100000 -0.806818
v 0.413330 0.100000 -0.761364
v 0.492060 0.100000 -0.715909
v 0.570789 0.100000 -0.670455
v 0.649519 0.100000 -0.625000
v 0.728249 0.100000 -0.579545
v 0.019682 0.423801 -0.011364
v 0.098412 0.400148 -0.056818
v 0.177142 0.359270 -0.102273
v 0.255871 0.256041 -0.147727
v 0.334601 0.171874 -0.193182
v 0.413330 0.117230 -0.238636
v 0.492060 0.072767 -0.284091
v 0.570789 0.047304 -0.329545
v 0.649519 0.054028 -0.375000
v 0.728249 0.073881 -0.420455
v -0.846341 0.098290 0.488635
v -0.767613 0.073375 0.443182
v -0.688884 0.056127 0.397727
v -0.610154 0.059925 0.352273
v -0.531425 0.070346 0.306818
v -0.452695 0.120164 0.261364
v -0.373966 0.177251 0.215909
v -0.295236 0.313421 0.170455
v -0.216506 0.469873 0.125000
v -0.137777 0.564050 0.079545
v -0.846343 0.099964 -0.488636
v -0.767613 0.141242 -0.443182
v -0.688884 0.168537 -0.397727
v -0.610154 0.230038 -0.352273
v -0.531425 0.285610 -0.306818
v -0.452695 0.265754 -0.261364
v -0.373966 0.283238 -0.215909
v -0.295236 0.361872 -0.170455
v -0.216506 0.390493 -0.125000
v -0.137777 0.388270 -0.079545
v -0.000000 0.099583 -0.977273
v 0.000000 0.163438 -0.886364
v -0.000000 0.201645 -0.795455
v -0.000000 0.169747 -0.704545
v -0.000000 0.182088 -0.613636
v -0.000000 0.170931 -0.522727
v 0.000000 0.164857 -0.431818
v 0.000000 0.170971 -0.340909
v 0.000000 0.222807 -0.250000
v 0.000000 0.281009 -0.159091
v 0.846343 0.098409 0.488636
v 0.767613 0.080657 0.443182
v 0.688884 0.071802 0.397727
v 0.610154 0.072485 0.352273
v 0.531425 0.077365 0.306818
v 0.452695 0.094278 0.261364
v 0.373966 0.139951 0.215909
v 0.295236 0.235909 0.170455
v 0.216506 0.409412 0.125000
v 0.137777 0.506126 0.079545
v 0.000000 0.099902 0.977273
v 0.000000 0.195997 0.886364
v 0.000000 0.256745 0.795455
v 0.000000 0.212543 0.704545
v 0.000000 0.102203 0.613636
v 0.000000 0.059877 0.522727
v 0.000000 0.067579 0.431818
v 0.000000 0.141102 0.340909
v -0.000000 0.293698 0.250000
v -0.000000 0.433336 0.159091
v 0.846343 0.098314 0.420455
v 0.767613 0.080750 0.375000
v 0.846343 0.098317 0.329545
v 0.688884 0.072893 0.329545
v 0.846343 0.098293 0.238636
v 0.767613 0.081505 0.284091
v 0.610154 0.076531 0.284091
v 0.846343 0.098592 0.147727
v 0.767613 0.085627 0.193182
v 0.688884 0.080078 0.238636
v 0.531425 0.092803 0.238636
v 0.846343 0.099097 0.056818
v 0.767613 0.102383 0.102273
v 0.688884 0.108666 0.147727
v 0.610154 0.096803 0.193182
v 0.452695 0.128987 0.193182
v 0.846343 0.099442 -0.034091
v 0.767613 0.140456 0.011364
v 0.688884 0.150783 0.056818
v 0.610154 0.149399 0.102273
v 0.531425 0.138820 0.147727
v 0.373966 0.218854 0.147727
v 0.846343 0.099009 -0.125000
v 0.767613 0.236884 -0.079545
v 0.688884 0.230252 -0.034091
v 0.610154 0.242148 0.011364
v 0.531425 0.222570 0.056818
v 0.452695 0.207155 0.102273
v 0.295236 0.338909 0.102273
v 0.846343 0.098197 -0.215909
v 0.767613 0.157225 -0.170455
v 0.688884 0.253117 -0.125000
v 0.610154 0.353179 -0.079545
v 0.531425 0.332649 -0.034091
v 0.452695 0.314745 0.011364
v 0.373966 0.349093 0.056818
v 0.216506 0.479133 0.056818
v 0.846343 0.098068 -0.306818
v 0.767613 0.097444 -0.261364
v 0.688884 0.138964 -0.215909
v 0.610154 0.189816 -0.170455
v 0.531425 0.278538 -0.125000
v 0.452695 0.322315 -0.079545
v 0.373965 0.424693 -0.034091
v 0.295236 0.468711 0.011364
v 0.137777 0.436588 0.011364
v 0.846343 0.098032 -0.397727
v 0.767613 0.085415 -0.352273
v 0.688884 0.077118 -0.306818
v 0.610154 0.081349 -0.261364
v 0.531425 0.126627 -0.215909
v 0.452695 0.206487 -0.170455
v 0.373966 0.261488 -0.125000
v 0.295236 0.413715 -0.079545
v 0.216506 0.387097 -0.034091
v 0.846343 0.098274 0.397727
v 0.787296 0.085331 0.431818
v 0.846343 0.098279 0.306818
v 0.787296 0.085539 0.340909
v 0.767613 0.080897 0.352273
v 0.708566 0.072636 0.386364
v 0.846343 0.098304 0.215909
v 0.787296 0.086420 0.250000
v 0.767613 0.082061 0.261364
v 0.708566 0.075168 0.295455
v 0.688884 0.073754 0.306818
v 0.629837 0.072705 0.340909
v 0.846343 0.098719 0.125000
v 0.787296 0.093379 0.159091
v 0.767613 0.089258 0.170455
v 0.708566 0.082829 0.204545
v 0.688884 0.083541 0.215909
v 0.629837 0.079718 0.250000
v 0.610154 0.079203 0.261364
v 0.551107 0.077914 0.295455
v 0.846343 0.099236 0.034091
v 0.787296 0.107839 0.068182
v 0.767613 0.108122 0.079545
v 0.708566 0.113621 0.113636
v 0.688884 0.119877 0.125000
v 0.629837 0.105365 0.159091
v 0.610154 0.104944 0.170455
v 0.551107 0.103520 0.204545
v 0.531425 0.101480 0.215909
v 0.472378 0.096359 0.250000
v 0.846343 0.099345 -0.056818
v 0.787296 0.162693 -0.022727
v 0.767613 0.161414 -0.011364
v 0.708566 0.158686 0.022727
v 0.688884 0.163815 0.034091
v 0.629837 0.169703 0.068182
v 0.610154 0.169090 0.079545
v 0.551107 0.159454 0.113636
v 0.531425 0.156997 0.125000
v 0.472378 0.145656 0.159091
v 0.452695 0.143854 0.170455
v 0.393648 0.143857 0.204545
v 0.846343 0.098821 -0.147727
v 0.787296 0.209595 -0.113636
v 0.767613 0.236457 -0.102273
v 0.708566 0.260454 -0.068182
v 0.688884 0.261152 -0.056818
v 0.629837 0.269066 -0.022727
v 0.610154 0.257063 -0.011364
v 0.551107 0.252613 0.022727
v 0.531425 0.247789 0.034091
v 0.472378 0.226420 0.068182
v 0.452695 0.227237 0.079545
v 0.393648 0.243765 0.113636
v 0.373965 0.258531 0.125000
v 0.314918 0.236639 0.159091
v 0.846343 0.098143 -0.238636
v 0.787296 0.117981 -0.204545
v 0.767613 0.133730 -0.193182
v 0.708566 0.208543 -0.159091
v 0.688884 0.228987 -0.147727
v 0.629837 0.290958 -0.113636
v 0.610154 0.322419 -0.102273
v 0.551107 0.366818 -0.068182
v 0.531425 0.357566 -0.056818
v 0.472377 0.341357 -0.022727
v 0.452695 0.348595 -0.011364
v 0.393648 0.380576 0.022727
v 0.373966 0.400091 0.034091
v 0.314918 0.395978 0.068182
v 0.295236 0.382195 0.079545
v 0.236189 0.387214 0.113636
v 0.846343 0.098064 -0.329545
v 0.787296 0.092083 -0.295455
v 0.767613 0.092341 -0.284091
v 0.708566 0.111128 -0.250000
v 0.688884 0.115944 -0.238636
v 0.629837 0.136236 -0.204545
v 0.610154 0.151096 -0.193182
v 0.551107 0.214165 -0.159091
v 0.531425 0.237157 -0.147727
v 0.472378 0.284760 -0.113636
v 0.452695 0.308358 -0.102273
v 0.393648 0.375668 -0.068182
v 0.373966 0.394516 -0.056818
v 0.314918 0.456796 -0.022727
v 0.295236 0.444176 -0.011364
v 0.236189 0.442840 0.022727
v 0.216506 0.450100 0.034091
v 0.157459 0.486034 0.068182
v 0.846343 0.098029 -0.420455
v 0.787296 0.087807 -0.386364
v 0.767613 0.083891 -0.375000
v 0.708566 0.073119 -0.340909
v 0.688884 0.070642 -0.329545
v 0.629837 0.064854 -0.295455
v 0.610154 0.066770 -0.284091
v 0.551107 0.087432 -0.250000
v 0.531425 0.100436 -0.238636
v 0.472378 0.151242 -0.204545
v 0.452695 0.175742 -0.193182
v 0.393648 0.216472 -0.159091
v 0.373966 0.223324 -0.147727
v 0.314918 0.320946 -0.113636
v 0.295236 0.366167 -0.102273
v 0.236189 0.377717 -0.068182
v 0.216506 0.376531 -0.056818
v 0.157459 0.398439 -0.022727
v 0.137777 0.410371 -0.011364
v 0.078730 0.490520 0.022727
v 0.019682 0.533248 0.079545
v 0.098412 0.483171 0.125000
v 0.019682 0.431239 0.170455
v 0.177142 0.340333 0.170455
v 0.019682 0.251673 0.261364
v 0.098412 0.315239 0.215909
v 0.255871 0.176225 0.215909
v 0.019682 0.118826 0.352273
v 0.098412 0.150029 0.306818
v 0.177142 0.156079 0.261364
v 0.334601 0.107076 0.261364
v 0.019682 0.057243 0.443182
v 0.098412 0.064539 0.397727
v 0.177142 0.068787 0.352273
v 0.255871 0.083256 0.306818
v 0.413330 0.075293 0.306818
v 0.019682 0.055989 0.534091
v 0.098412 0.038311 0.488636
v 0.177142 0.033868 0.443182
v 0.255871 0.034951 0.397727
v 0.334601 0.050092 0.352273
v 0.492060 0.072440 0.352273
v 0.019682 0.097922 0.625000
v 0.098412 0.048349 0.579545
v 0.177142 0.030604 0.534091
v 0.255871 0.026566 0.488636
v 0.334601 0.035320 0.443182
v 0.413330 0.056721 0.397727
v 0.570789 0.071319 0.397727
v 0.019682 0.185953 0.715909
v 0.098412 0.106133 0.670455
v 0.177142 0.048343 0.625000
v 0.255871 0.032249 0.579545
v 0.334601 0.036854 0.534091
v 0.413330 0.053922 0.488636
v 0.492060 0.067777 0.443182
v 0.649519 0.072251 0.443182
v 0.019682 0.257140 0.806818
v 0.098412 0.168324 0.761364
v 0.177142 0.088591 0.715909
v 0.255871 0.057593 0.670455
v 0.334601 0.055734 0.625000
v 0.413330 0.062276 0.579545
v 0.492060 0.070593 0.534091
v 0.570789 0.071804 0.488636
v 0.728249 0.085431 0.488636
v 0.019682 0.180585 0.897727
v 0.098412 0.223123 0.852273
v 0.177142 0.124067 0.806818
v 0.255871 0.092128 0.761364
v 0.334601 0.086419 0.715909
v 0.413330 0.085142 0.670455
v 0.492060 0.085712 0.625000
v 0.570789 0.086805 0.579545
v 0.649519 0.085555 0.534091
v 0.019682 0.539525 0.102273
v 0.078730 0.536056 0.068182
v 0.019682 0.381777 0.193182
v 0.078730 0.445018 0.159091
v 0.098412 0.446841 0.147727
v 0.157459 0.449867 0.113636
v 0.019682 0.220213 0.284091
v 0.078730 0.238757 0.250000
v 0.098412 0.241528 0.238636
v 0.157459 0.246626 0.204545
v 0.177142 0.258677 0.193182
v 0.236189 0.285039 0.159091
v 0.019682 0.098043 0.375000
v 0.078730 0.116153 0.340909
v 0.098412 0.123278 0.329545
v 0.157459 0.134238 0.295455
v 0.177142 0.139262 0.284091
v 0.236189 0.141769 0.250000
v 0.255871 0.148120 0.238636
v 0.314918 0.176638 0.204545
v 0.019682 0.052453 0.465909
v 0.078730 0.049936 0.431818
v 0.098412 0.051786 0.420455
v 0.157459 0.055226 0.386364
v 0.177142 0.055192 0.375000
v 0.236189 0.060857 0.340909
v 0.255871 0.064939 0.329545
v 0.314918 0.080512 0.295455
v 0.334601 0.086998 0.284091
v 0.393648 0.106739 0.250000
v 0.019682 0.060275 0.556818
v 0.078730 0.042037 0.522727
v 0.098412 0.038471 0.511364
v 0.157459 0.032582 0.477273
v 0.177142 0.031468 0.465909
v 0.236189 0.030225 0.431818
v 0.255871 0.030960 0.420455
v 0.314918 0.039023 0.386364
v 0.334601 0.043943 0.375000
v 0.393648 0.062510 0.340909
v 0.413330 0.068419 0.329545
v 0.472378 0.081343 0.295455
v 0.019682 0.116951 0.647727
v 0.078730 0.069863 0.613636
v 0.098412 0.059315 0.602273
v 0.157459 0.036960 0.568182
v 0.177142 0.032477 0.556818
v 0.236189 0.026810 0.522727
v 0.255871 0.026567 0.511364
v 0.314918 0.031069 0.477273
v 0.334601 0.034565 0.465909
v 0.393648 0.049429 0.431818
v 0.413330 0.054830 0.420455
v 0.472378 0.067891 0.386364
v 0.492060 0.070525 0.375000
v 0.551107 0.073640 0.340909
v 0.019682 0.196041 0.738636
v 0.078730 0.142867 0.704545
v 0.098412 0.124774 0.693182
v 0.157459 0.070747 0.659091
v 0.177142 0.055452 0.647727
v 0.236189 0.037502 0.613636
v 0.255871 0.037116 0.602273
v 0.314918 0.037129 0.568182
v 0.334601 0.039248 0.556818
v 0.393648 0.050913 0.522727
v 0.413330 0.055056 0.511364
v 0.472377 0.065317 0.477273
v 0.492060 0.067648 0.465909
v 0.551107 0.070651 0.431818
v 0.570789 0.070912 0.420455
v 0.629837 0.071592 0.386364
v 0.019683 0.290985 0.829545
v 0.078730 0.200052 0.795455
v 0.098412 0.184249 0.784091
v 0.157459 0.111218 0.750000
v 0.177142 0.098198 0.738636
v 0.236189 0.071860 0.704545
v 0.255871 0.066893 0.693182
v 0.314918 0.064561 0.659091
v 0.334601 0.063697 0.647727
v 0.393648 0.064468 0.613636
v 0.413330 0.066377 0.602273
v 0.472377 0.072078 0.568182
v 0.492060 0.073060 0.556818
v 0.551107 0.073498 0.522727
v 0.570789 0.073514 0.511364
v 0.629837 0.073713 0.477273
v 0.649519 0.073774 0.465909
v 0.708566 0.073884 0.431818
v 0.019682 0.115908 0.920455
v 0.078730 0.151386 0.886364
v 0.098412 0.143980 0.875000
v 0.157459 0.109929 0.840909
v 0.177142 0.105599 0.829545
v 0.236189 0.097241 0.795455
v 0.255871 0.095353 0.784091
v 0.314918 0.091558 0.750000
v 0.334601 0.091296 0.738636
v 0.393648 0.090558 0.704545
v 0.413330 0.090463 0.693182
v 0.472377 0.090375 0.659091
v 0.492060 0.090389 0.647727
v 0.551107 0.091804 0.613636
v 0.570789 0.091768 0.602273
v 0.629837 0.091153 0.568182
v 0.649519 0.091133 0.556818
v 0.708566 0.090303 0.522727
v 0.728249 0.090291 0.511364
v 0.787296 0.090241 0.477273
v -0.059047 0.487706 0.056818
v -0.059047 0.446095 0.147727
v -0.137777 0.542628 0.102273
v -0.059047 0.302518 0.238636
v -0.216506 0.437106 0.147727
v -0.137777 0.405727 0.193182
v -0.059047 0.194188 0.329545
v -0.295236 0.280668 0.193182
v -0.216506 0.292507 0.238636
v -0.137777 0.297046 0.284091
v -0.059047 0.098766 0.420455
v -0.373966 0.164828 0.238636
v -0.295236 0.172918 0.284091
v -0.216506 0.189773 0.329545
v -0.137777 0.174015 0.375000
v -0.059047 0.078015 0.511364
v -0.452695 0.098870 0.284091
v -0.373966 0.093470 0.329545
v -0.295236 0.131020 0.375000
v -0.216506 0.171742 0.420455
v -0.137777 0.132977 0.465909
v -0.059047 0.131068 0.602273
v -0.531425 0.064781 0.329545
v -0.452695 0.065068 0.375000
v -0.373966 0.085411 0.420455
v -0.295236 0.147564 0.465909
v -0.216506 0.184869 0.511364
v -0.137777 0.161171 0.556818
v -0.059047 0.266767 0.693182
v -0.610154 0.056442 0.375000
v -0.531425 0.056308 0.420455
v -0.452695 0.071650 0.465909
v -0.373966 0.130679 0.511364
v -0.295236 0.195561 0.556818
v -0.216506 0.248285 0.602273
v -0.137777 0.267878 0.647727
v -0.059047 0.228648 0.784091
v -0.688884 0.053212 0.420455
v -0.610154 0.050318 0.465909
v -0.531425 0.066185 0.511364
v -0.452695 0.127145 0.556818
v -0.373966 0.185131 0.602273
v -0.295236 0.279673 0.647727
v -0.216506 0.260672 0.693182
v -0.137777 0.222515 0.738636
v -0.059047 0.175417 0.875000
v -0.767613 0.079510 0.465909
v -0.688884 0.070188 0.511364
v -0.610154 0.080901 0.556818
v -0.531425 0.106705 0.602273
v -0.452695 0.131751 0.647727
v -0.373965 0.151671 0.693182
v -0.295236 0.157882 0.738636
v -0.216506 0.129133 0.784091
v -0.137777 0.154957 0.829545
v -0.078730 0.522682 0.068182
v -0.019682 0.518584 0.102273
v -0.157459 0.508280 0.113636
v -0.098412 0.459824 0.147727
v -0.078730 0.425139 0.159091
v -0.019682 0.371968 0.193182
v -0.236189 0.422205 0.159091
v -0.177142 0.402385 0.193182
v -0.157459 0.388749 0.204545
v -0.098412 0.316861 0.238636
v -0.078730 0.292839 0.250000
v -0.019682 0.226932 0.284091
v -0.314918 0.232673 0.204545
v -0.255871 0.257319 0.238636
v -0.236189 0.251188 0.250000
v -0.177142 0.258204 0.284091
v -0.157459 0.251973 0.295455
v -0.098412 0.214669 0.329545
v -0.078730 0.176464 0.340909
v -0.019682 0.112809 0.375000
v -0.393648 0.151073 0.250000
v -0.334601 0.154341 0.284091
v -0.314918 0.158616 0.295455
v -0.255871 0.163447 0.329545
v -0.236189 0.169705 0.340909
v -0.177142 0.176565 0.375000
v -0.157459 0.170299 0.386364
v -0.098412 0.119396 0.420455
v -0.078730 0.102530 0.431818
v -0.019682 0.062349 0.465909
v -0.472378 0.084333 0.295455
v -0.413330 0.080103 0.329545
v -0.393648 0.080634 0.340909
v -0.334601 0.110100 0.375000
v -0.314918 0.123087 0.386364
v -0.255871 0.150860 0.420455
v -0.236189 0.163719 0.431818
v -0.177142 0.163191 0.465909
v -0.157459 0.155282 0.477273
v -0.098412 0.096407 0.511364
v -0.078730 0.088669 0.522727
v -0.019682 0.074620 0.556818
v -0.551107 0.062034 0.340909
v -0.492060 0.061361 0.375000
v -0.472378 0.062550 0.386364
v -0.413330 0.072093 0.420455
v -0.393648 0.079093 0.431818
v -0.334601 0.125074 0.465909
v -0.314918 0.148182 0.477273
v -0.255871 0.185038 0.511364
v -0.236189 0.192058 0.522727
v -0.177142 0.199808 0.556818
v -0.157459 0.193846 0.568182
v -0.098412 0.164796 0.602273
v -0.078730 0.158201 0.613636
v -0.019682 0.146008 0.647727
v -0.629837 0.054942 0.386364
v -0.570789 0.053405 0.420455
v -0.551107 0.054301 0.431818
v -0.492060 0.063370 0.465909
v -0.472378 0.069977 0.477273
v -0.413330 0.112532 0.511364
v -0.393648 0.131979 0.522727
v -0.334601 0.191029 0.556818
v -0.314918 0.202421 0.568182
v -0.255871 0.245519 0.602273
v -0.236189 0.257996 0.613636
v -0.177142 0.274094 0.647727
v -0.157459 0.280211 0.659091
v -0.098412 0.274907 0.693182
v -0.078730 0.260273 0.704545
v -0.019682 0.228244 0.738636
v -0.708566 0.054999 0.431818
v -0.649519 0.050664 0.465909
v -0.629837 0.051099 0.477273
v -0.570789 0.060557 0.511364
v -0.551107 0.067284 0.522727
v -0.492060 0.108030 0.556818
v -0.472377 0.125496 0.568182
v -0.413330 0.150732 0.602273
v -0.393648 0.155202 0.613636
v -0.334601 0.271033 0.647727
v -0.314918 0.299457 0.659091
v -0.255871 0.252118 0.693182
v -0.236189 0.220788 0.704545
v -0.177142 0.194648 0.738636
v -0.157459 0.194416 0.750000
v -0.098412 0.202821 0.784091
v -0.078730 0.209232 0.795455
v -0.019682 0.245161 0.829545
v -0.787296 0.087620 0.477273
v -0.728249 0.081090 0.511364
v -0.708566 0.080396 0.522727
v -0.649519 0.084883 0.556818
v -0.629837 0.086045 0.568182
v -0.570789 0.094259 0.602273
v -0.551107 0.097680 0.613636
v -0.492060 0.111981 0.647727
v -0.472377 0.112782 0.659091
v -0.413330 0.120190 0.693182
v -0.393648 0.121370 0.704545
v -0.334601 0.119837 0.738636
v -0.314918 0.115606 0.750000
v -0.255871 0.107618 0.784091
v -0.236189 0.107418 0.795455
v -0.177142 0.111794 0.829545
v -0.157459 0.114614 0.840909
v -0.098412 0.113201 0.875000
v -0.078730 0.112354 0.886364
v -0.019682 0.111346 0.920455
v -0.078730 0.396742 -0.022727
v -0.157459 0.503498 0.022727
v -0.157459 0.419570 -0.068182
v -0.236189 0.531319 0.068182
v -0.236189 0.422478 -0.113636
v -0.236189 0.503894 -0.022727
v -0.314918 0.367574 0.113636
v -0.314918 0.389719 -0.159091
v -0.314918 0.536188 -0.068182
v -0.314918 0.459597 0.022727
v -0.393648 0.213750 0.159091
v -0.393648 0.322666 -0.204545
v -0.393648 0.552106 -0.113636
v -0.393648 0.432642 -0.022727
v -0.393648 0.400191 0.068182
v -0.472377 0.159538 0.204545
v -0.472378 0.302067 -0.250000
v -0.472378 0.421507 -0.159091
v -0.472378 0.399414 -0.068182
v -0.472378 0.371515 0.022727
v -0.472378 0.240988 0.113636
v -0.551107 0.096600 0.250000
v -0.551107 0.288179 -0.295455
v -0.551107 0.344029 -0.204545
v -0.551107 0.369292 -0.113636
v -0.551107 0.359127 -0.022727
v -0.551107 0.255578 0.068182
v -0.551107 0.208966 0.159091
v -0.629837 0.075676 0.295455
v -0.629837 0.227399 -0.340909
v -0.629837 0.297529 -0.250000
v -0.629837 0.307290 -0.159091
v -0.629837 0.322718 -0.068182
v -0.629837 0.287623 0.022727
v -0.629837 0.244617 0.113636
v -0.629837 0.149616 0.204545
v -0.708566 0.078406 0.340909
v -0.708566 0.167438 -0.386364
v -0.708566 0.208013 -0.295455
v -0.708566 0.253461 -0.204545
v -0.708566 0.316215 -0.113636
v -0.708566 0.270406 -0.022727
v -0.708566 0.261768 0.068182
v -0.708566 0.229228 0.159091
v -0.708566 0.131860 0.250000
v -0.787296 0.089427 0.386364
v -0.787296 0.132160 -0.431818
v -0.787296 0.134699 -0.340909
v -0.787296 0.122029 -0.250000
v -0.787296 0.165829 -0.159091
v -0.787296 0.215247 -0.068182
v -0.787296 0.199475 0.022727
v -0.787296 0.205234 0.113636
v -0.787296 0.186767 0.204545
v -0.787296 0.133217 0.295455
v -0.098412 0.412013 -0.034091
v -0.098412 0.502400 0.034091
v -0.177142 0.407242 -0.079545
v -0.177142 0.508929 -0.011364
v -0.177142 0.516703 0.011364
v -0.177142 0.537638 0.079545
v -0.255871 0.425303 -0.125000
v -0.255871 0.474017 -0.056818
v -0.255871 0.504508 -0.034091
v -0.255871 0.535225 0.034091
v -0.255871 0.516815 0.056818
v -0.255871 0.441705 0.125000
v -0.334601 0.361057 -0.170455
v -0.334601 0.535065 -0.102273
v -0.334601 0.559273 -0.079545
v -0.334601 0.500252 -0.011364
v -0.334601 0.465973 0.011364
v -0.334601 0.391283 0.079545
v -0.334601 0.361909 0.102273
v -0.334601 0.247672 0.170455
v -0.413330 0.315691 -0.215909
v -0.413330 0.533804 -0.147727
v -0.413330 0.541560 -0.125000
v -0.413330 0.424204 -0.056818
v -0.413330 0.414218 -0.034091
v -0.413330 0.397596 0.034091
v -0.413330 0.409978 0.056818
v -0.413330 0.239513 0.125000
v -0.413330 0.216072 0.147727
v -0.413330 0.162849 0.215909
v -0.492060 0.306531 -0.261364
v -0.492060 0.394030 -0.193182
v -0.492060 0.386332 -0.170455
v -0.492060 0.452950 -0.102273
v -0.492060 0.409220 -0.079545
v -0.492060 0.381322 -0.011364
v -0.492060 0.385761 0.011364
v -0.492060 0.277242 0.079545
v -0.492060 0.251861 0.102273
v -0.492060 0.187135 0.170455
v -0.492060 0.171930 0.193182
v -0.492060 0.104118 0.261364
v -0.570789 0.261604 -0.306818
v -0.570789 0.337297 -0.238636
v -0.570789 0.336988 -0.215909
v -0.570789 0.328123 -0.147727
v -0.570789 0.334411 -0.125000
v -0.570789 0.344946 -0.056818
v -0.570789 0.330674 -0.034091
v -0.570789 0.287196 0.034091
v -0.570789 0.262785 0.056818
v -0.570789 0.229324 0.125000
v -0.570789 0.222314 0.147727
v -0.570789 0.127930 0.215909
v -0.570789 0.105353 0.238636
v -0.570789 0.069120 0.306818
v -0.649519 0.211213 -0.352273
v -0.649519 0.257325 -0.284091
v -0.649519 0.276570 -0.261364
v -0.649519 0.297887 -0.193182
v -0.649519 0.301258 -0.170455
v -0.649519 0.329932 -0.102273
v -0.649519 0.318395 -0.079545
v -0.649519 0.297418 -0.011364
v -0.649519 0.286814 0.011364
v -0.649519 0.271941 0.079545
v -0.649519 0.261725 0.102273
v -0.649519 0.199322 0.170455
v -0.649519 0.171870 0.193182
v -0.649519 0.096931 0.261364
v -0.649519 0.083296 0.284091
v -0.649519 0.061683 0.352273
v -0.728249 0.161008 -0.397727
v -0.728249 0.173018 -0.329545
v -0.728249 0.178608 -0.306818
v -0.728249 0.203719 -0.238636
v -0.728249 0.223797 -0.215909
v -0.728249 0.281084 -0.147727
v -0.728249 0.292327 -0.125000
v -0.728249 0.280800 -0.056818
v -0.728249 0.267565 -0.034091
v -0.728249 0.252667 0.034091
v -0.728249 0.252147 0.056818
v -0.728249 0.256255 0.125000
v -0.728249 0.260955 0.147727
v -0.728249 0.172971 0.215909
v -0.728249 0.152522 0.238636
v -0.728249 0.104256 0.306818
v -0.728249 0.093207 0.329545
v -0.728249 0.065092 0.397727
v -0.806978 0.107617 -0.443182
v -0.806978 0.109610 -0.375000
v -0.806978 0.108182 -0.352273
v -0.806978 0.105588 -0.284091
v -0.806978 0.103916 -0.261364
v -0.806978 0.104631 -0.193182
v -0.806978 0.114934 -0.170455
v -0.806978 0.122734 -0.102273
v -0.806978 0.128496 -0.079545
v -0.806978 0.131234 -0.011364
v -0.806978 0.133313 0.011364
v -0.806978 0.125606 0.079545
v -0.806978 0.127858 0.102273
v -0.806978 0.154800 0.170455
v -0.806978 0.152980 0.193182
v -0.806978 0.120495 0.261364
v -0.806978 0.114562 0.284091
v -0.806978 0.097192 0.352273
v -0.806978 0.093706 0.375000
v -0.806978 0.088945 0.443182
v -0.019682 0.347623 -0.079545
v -0.098412 0.319565 -0.125000
v -0.019682 0.276021 -0.170455
v -0.177142 0.312762 -0.170455
v -0.019682 0.193225 -0.261364
v -0.098412 0.223082 -0.215909
v -0.255871 0.253151 -0.215909
v -0.019682 0.162197 -0.352273
v -0.098412 0.145230 -0.306818
v -0.177142 0.186418 -0.261364
v -0.334601 0.204688 -0.261364
v -0.019682 0.147320 -0.443182
v -0.098412 0.110694 -0.397727
v -0.177142 0.106872 -0.352273
v -0.255871 0.154980 -0.306818
v -0.413330 0.194563 -0.306818
v -0.019682 0.165809 -0.534091
v -0.098412 0.095160 -0.488636
v -0.177142 0.063708 -0.443182
v -0.255871 0.074015 -0.397727
v -0.334601 0.123841 -0.352273
v -0.492060 0.193179 -0.352273
v -0.019682 0.157877 -0.625000
v -0.098412 0.106445 -0.579545
v -0.177142 0.058859 -0.534091
v -0.255871 0.051112 -0.488636
v -0.334601 0.059930 -0.443182
v -0.413330 0.114768 -0.397727
v -0.570789 0.176062 -0.397727
v -0.019682 0.148144 -0.715909
v -0.098412 0.085711 -0.670455
v -0.177142 0.057522 -0.625000
v -0.255871 0.047910 -0.579545
v -0.334601 0.048483 -0.534091
v -0.413330 0.061560 -0.488636
v -0.492060 0.109440 -0.443182
v -0.649519 0.150321 -0.443182
v -0.019682 0.179197 -0.806818
v -0.098412 0.077257 -0.761364
v -0.177142 0.056614 -0.715909
v -0.255871 0.045364 -0.670455
v -0.334601 0.044426 -0.625000
v -0.413330 0.049789 -0.579545
v -0.492060 0.086047 -0.534091
v -0.570789 0.128978 -0.488636
v -0.728249 0.125383 -0.488636
v -0.019682 0.142248 -0.897727
v -0.098412 0.091700 -0.852273
v -0.177142 0.073853 -0.806818
v -0.255871 0.065906 -0.761364
v -0.334601 0.066111 -0.715909
v -0.413330 0.067784 -0.670455
v -0.492060 0.086656 -0.625000
v -0.570789 0.102184 -0.579545
v -0.649519 0.123807 -0.534091
v -0.019682 0.341595 -0.102273
v -0.078730 0.353153 -0.068182
v -0.019682 0.252917 -0.193182
v -0.078730 0.278795 -0.159091
v -0.098412 0.297668 -0.147727
v -0.157459 0.364803 -0.113636
v -0.019682 0.177571 -0.284091
v -0.078730 0.181065 -0.250000
v -0.098412 0.192110 -0.238636
v -0.157459 0.258709 -0.204545
v -0.177142 0.294245 -0.193182
v -0.236189 0.378758 -0.159091
v -0.019682 0.153602 -0.375000
v -0.078730 0.138690 -0.340909
v -0.098412 0.134276 -0.329545
v -0.157459 0.148979 -0.295455
v -0.177142 0.159078 -0.284091
v -0.236189 0.219469 -0.250000
v -0.255871 0.229408 -0.238636
v -0.314918 0.271823 -0.204545
v -0.019682 0.147767 -0.465909
v -0.078730 0.109161 -0.431818
v -0.098412 0.105035 -0.420455
v -0.157459 0.088536 -0.386364
v -0.177142 0.091656 -0.375000
v -0.236189 0.117596 -0.340909
v -0.255871 0.129269 -0.329545
v -0.314918 0.184286 -0.295455
v -0.334601 0.188776 -0.284091
v -0.393648 0.243349 -0.250000
v -0.019682 0.168107 -0.556818
v -0.078730 0.113338 -0.522727
v -0.098412 0.097654 -0.511364
v -0.157459 0.064860 -0.477273
v -0.177142 0.061105 -0.465909
v -0.236189 0.060703 -0.431818
v -0.255871 0.063159 -0.420455
v -0.314918 0.084730 -0.386364
v -0.334601 0.100549 -0.375000
v -0.393648 0.167372 -0.340909
v -0.413330 0.177624 -0.329545
v -0.472378 0.239886 -0.295455
v -0.019682 0.153568 -0.647727
v -0.078730 0.111892 -0.613636
v -0.098412 0.101570 -0.602273
v -0.157459 0.065545 -0.568182
v -0.177142 0.058622 -0.556818
v -0.236189 0.050987 -0.522727
v -0.255871 0.050047 -0.511364
v -0.314918 0.051623 -0.477273
v -0.334601 0.054742 -0.465909
v -0.393648 0.079534 -0.431818
v -0.413330 0.093838 -0.420455
v -0.472378 0.139277 -0.386364
v -0.492060 0.161455 -0.375000
v -0.551107 0.241029 -0.340909
v -0.019682 0.153588 -0.738636
v -0.078730 0.093734 -0.704545
v -0.098412 0.087530 -0.693182
v -0.157459 0.060500 -0.659091
v -0.177142 0.056403 -0.647727
v -0.236189 0.048097 -0.613636
v -0.255871 0.046598 -0.602273
v -0.314918 0.046196 -0.568182
v -0.334601 0.047090 -0.556818
v -0.393648 0.053349 -0.522727
v -0.413330 0.056989 -0.511364
v -0.472377 0.086624 -0.477273
v -0.492060 0.099272 -0.465909
v -0.551107 0.139404 -0.431818
v -0.570789 0.153361 -0.420455
v -0.629837 0.189152 -0.386364
v -0.019682 0.174481 -0.829545
v -0.078730 0.100903 -0.795455
v -0.098412 0.079935 -0.784091
v -0.157459 0.063224 -0.750000
v -0.177142 0.059752 -0.738636
v -0.236189 0.050017 -0.704545
v -0.255871 0.047765 -0.693182
v -0.314918 0.046014 -0.659091
v -0.334601 0.046574 -0.647727
v -0.393648 0.049387 -0.613636
v -0.413330 0.050603 -0.602273
v -0.472377 0.073740 -0.568182
v -0.492060 0.082107 -0.556818
v -0.551107 0.109842 -0.522727
v -0.570789 0.120713 -0.511364
v -0.629837 0.142341 -0.477273
v -0.649519 0.144795 -0.465909
v -0.708566 0.149996 -0.431818
v -0.019682 0.109866 -0.920455
v -0.078730 0.094938 -0.886364
v -0.098412 0.091467 -0.875000
v -0.157459 0.083042 -0.840909
v -0.177142 0.082784 -0.829545
v -0.236189 0.080374 -0.795455
v -0.255871 0.079842 -0.784091
v -0.314918 0.079943 -0.750000
v -0.334601 0.079978 -0.738636
v -0.393648 0.074073 -0.704545
v -0.413330 0.074384 -0.693182
v -0.472378 0.085165 -0.659091
v -0.492060 0.088614 -0.647727
v -0.551107 0.095822 -0.613636
v -0.570790 0.097801 -0.602273
v -0.629837 0.102569 -0.568182
v -0.649519 0.104418 -0.556818
v -0.708566 0.110011 -0.522727
v -0.728249 0.109382 -0.511364
v -0.787296 0.108381 -0.477273
v 0.059047 0.398072 -0.056818
v 0.059047 0.289976 -0.147727
v 0.137777 0.348226 -0.102273
v 0.059047 0.245331 -0.238636
v 0.216506 0.247526 -0.147727
v 0.137777 0.217964 -0.193182
v 0.059047 0.182197 -0.329545
v 0.295236 0.187759 -0.193182
v 0.216506 0.175936 -0.238636
v 0.137777 0.170636 -0.284091
v 0.059047 0.178941 -0.420455
v 0.373966 0.121766 -0.238636
v 0.295236 0.134304 -0.284091
v 0.216506 0.148120 -0.329545
v 0.137777 0.164787 -0.375000
v 0.059047 0.231164 -0.511364
v 0.452695 0.078806 -0.284091
v 0.373966 0.075886 -0.329545
v 0.295236 0.102368 -0.375000
v 0.216506 0.149796 -0.420455
v 0.137777 0.194811 -0.465909
v 0.059047 0.254455 -0.602273
v 0.531425 0.049537 -0.329545
v 0.452695 0.049563 -0.375000
v 0.373966 0.054511 -0.420455
v 0.295236 0.105984 -0.465909
v 0.216506 0.204908 -0.511364
v 0.137777 0.286870 -0.556818
v 0.059047 0.246153 -0.693182
v 0.610154 0.044535 -0.375000
v 0.531425 0.036253 -0.420455
v 0.452695 0.040684 -0.465909
v 0.373966 0.077743 -0.511364
v 0.295236 0.178930 -0.556818
v 0.216506 0.272382 -0.602273
v 0.137777 0.326649 -0.647727
v 0.059047 0.258420 -0.784091
v 0.688884 0.065225 -0.420455
v 0.610154 0.049370 -0.465909
v 0.531425 0.042143 -0.511364
v 0.452695 0.069958 -0.556818
v 0.373966 0.138021 -0.602273
v 0.295236 0.236696 -0.647727
v 0.216506 0.302266 -0.693182
v 0.137777 0.302251 -0.738636
v 0.059047 0.137283 -0.875000
v 0.767613 0.086731 -0.465909
v 0.688884 0.083729 -0.511364
v 0.610154 0.080868 -0.556818
v 0.531425 0.081724 -0.602273
v 0.452695 0.100235 -0.647727
v 0.373965 0.150475 -0.693182
v 0.295236 0.177898 -0.738636
v 0.216506 0.181901 -0.784091
v 0.137777 0.122830 -0.829545
v 0.078730 0.389792 -0.068182
v 0.019682 0.349989 -0.102273
v 0.157459 0.326790 -0.113636
v 0.098412 0.307579 -0.147727
v 0.078730 0.291446 -0.159091
v 0.019682 0.260091 -0.193182
v 0.236189 0.233334 -0.159091
v 0.177142 0.201365 -0.193182
v 0.157459 0.198934 -0.204545
v 0.098412 0.209283 -0.238636
v 0.078730 0.214470 -0.250000
v 0.019682 0.195869 -0.284091
v 0.314918 0.170847 -0.204545
v 0.255871 0.169101 -0.238636
v 0.236189 0.169338 -0.250000
v 0.177142 0.164854 -0.284091
v 0.157459 0.165133 -0.295455
v 0.098412 0.171838 -0.329545
v 0.078730 0.175980 -0.340909
v 0.019682 0.169452 -0.375000
v 0.393648 0.110805 -0.250000
v 0.334601 0.114099 -0.284091
v 0.314918 0.119759 -0.295455
v 0.255871 0.138350 -0.329545
v 0.236189 0.140225 -0.340909
v 0.177142 0.157967 -0.375000
v 0.157459 0.164205 -0.386364
v 0.098412 0.181676 -0.420455
v 0.078730 0.188003 -0.431818
v 0.019682 0.182822 -0.465909
v 0.472377 0.070053 -0.295455
v 0.413330 0.066028 -0.329545
v 0.393648 0.066691 -0.340909
v 0.334601 0.077916 -0.375000
v 0.314918 0.085385 -0.386364
v 0.255871 0.129413 -0.420455
v 0.236189 0.142926 -0.431818
v 0.177142 0.187801 -0.465909
v 0.157459 0.199839 -0.477273
v 0.098412 0.254773 -0.511364
v 0.078730 0.246082 -0.522727
v 0.019682 0.206981 -0.556818
v 0.551107 0.045354 -0.340909
v 0.492060 0.044588 -0.375000
v 0.472377 0.045046 -0.386364
v 0.413330 0.047884 -0.420455
v 0.393648 0.050157 -0.431818
v 0.334601 0.076471 -0.465909
v 0.314918 0.094699 -0.477273
v 0.255871 0.180831 -0.511364
v 0.236189 0.199133 -0.522727
v 0.177142 0.267091 -0.556818
v 0.157459 0.291156 -0.568182
v 0.098412 0.289323 -0.602273
v 0.078730 0.261084 -0.613636
v 0.019682 0.192480 -0.647727
v 0.629837 0.048392 -0.386364
v 0.570789 0.037593 -0.420455
v 0.551107 0.036037 -0.431818
v 0.492060 0.036339 -0.465909
v 0.472377 0.038755 -0.477273
v 0.413330 0.060218 -0.511364
v 0.393648 0.074290 -0.522727
v 0.334601 0.136813 -0.556818
v 0.314918 0.170423 -0.568182
v 0.255871 0.239354 -0.602273
v 0.236189 0.270801 -0.613636
v 0.177142 0.325813 -0.647727
v 0.157459 0.331618 -0.659091
v 0.098412 0.306750 -0.693182
v 0.078730 0.279710 -0.704545
v 0.019682 0.209191 -0.738636
v 0.708566 0.071106 -0.431818
v 0.649519 0.060789 -0.465909
v 0.629837 0.057629 -0.477273
v 0.570789 0.051375 -0.511364
v 0.551107 0.050150 -0.522727
v 0.492060 0.056087 -0.556818
v 0.472377 0.066847 -0.568182
v 0.413330 0.115222 -0.602273
v 0.393648 0.131920 -0.613636
v 0.334601 0.206473 -0.647727
v 0.314918 0.221207 -0.659091
v 0.255871 0.269828 -0.693182
v 0.236189 0.280710 -0.704545
v 0.177142 0.274067 -0.738636
v 0.157459 0.257009 -0.750000
v 0.098412 0.253601 -0.784091
v 0.078730 0.244137 -0.795455
v 0.019682 0.197378 -0.829545
v 0.787296 0.090804 -0.477273
v 0.728249 0.090473 -0.511364
v 0.708566 0.090033 -0.522727
v 0.649519 0.088675 -0.556818
v 0.629837 0.088473 -0.568182
v 0.570789 0.087369 -0.602273
v 0.551107 0.087734 -0.613636
v 0.492060 0.092190 -0.647727
v 0.472377 0.094358 -0.659091
v 0.413330 0.102294 -0.693182
v 0.393648 0.106992 -0.704545
v 0.334601 0.137880 -0.738636
v 0.314918 0.147251 -0.750000
v 0.255871 0.116443 -0.784091
v 0.236189 0.117241 -0.795455
v 0.177142 0.131200 -0.829545
v 0.157459 0.113174 -0.840909
v 0.098412 0.129296 -0.875000
v 0.078730 0.123139 -0.886364
v 0.019682 0.118862 -0.920455
v 0.019682 0.102983 -0.943182
v 0.039365 0.099717 -0.954545
v 0.019682 0.099653 -0.965909
v 0.039365 0.119747 -0.909091
v 0.059047 0.123478 -0.897727
v 0.059047 0.103538 -0.920455
v 0.098412 0.105096 -0.897727
v 0.118094 0.099602 -0.909091
v 0.098412 0.099697 -0.920455
v 0.118094 0.116686 -0.863636
v 0.137777 0.112752 -0.852273
v 0.137777 0.101527 -0.875000
v 0.177142 0.101872 -0.852273
v 0.196824 0.099559 -0.863636
v 0.177142 0.099285 -0.875000
v 0.196824 0.130355 -0.818182
v 0.216506 0.129272 -0.806818
v 0.216506 0.104441 -0.829545
v 0.255871 0.101350 -0.806818
v 0.275554 0.099300 -0.818182
v 0.255871 0.099369 -0.829545
v 0.275554 0.121784 -0.772727
v 0.295236 0.141621 -0.761364
v 0.295236 0.103853 -0.784091
v 0.334601 0.106065 -0.761364
v 0.354283 0.099459 -0.772727
v 0.334601 0.099676 -0.784091
v 0.354283 0.121307 -0.727273
v 0.373966 0.111820 -0.715909
v 0.373966 0.100677 -0.738636
v 0.413330 0.098448 -0.715909
v 0.433013 0.098645 -0.727273
v 0.413330 0.098828 -0.738636
v 0.433013 0.099135 -0.681818
v 0.452695 0.096789 -0.670455
v 0.452695 0.096844 -0.693182
v 0.492060 0.095629 -0.670455
v 0.511742 0.097975 -0.681818
v 0.492060 0.098061 -0.693182
v 0.511742 0.090649 -0.636364
v 0.531425 0.088811 -0.625000
v 0.531425 0.094143 -0.647727
v 0.570789 0.093560 -0.625000
v 0.590472 0.097708 -0.636364
v 0.570789 0.097708 -0.647727
v 0.590472 0.087728 -0.590909
v 0.610154 0.088086 -0.579545
v 0.610154 0.093828 -0.602273
v 0.649519 0.094208 -0.579545
v 0.669201 0.097934 -0.590909
v 0.649519 0.097897 -0.602273
v 0.669201 0.088622 -0.545455
v 0.688884 0.089213 -0.534091
v 0.688884 0.093688 -0.556818
v 0.728249 0.094753 -0.534091
v 0.747931 0.098010 -0.545455
v 0.728249 0.098006 -0.556818
v 0.747931 0.090792 -0.500000
v 0.767613 0.090778 -0.488636
v 0.767613 0.094862 -0.511364
v 0.019682 0.184802 -0.852273
v 0.039365 0.176047 -0.863636
v 0.019682 0.165396 -0.875000
v 0.039365 0.221741 -0.818182
v 0.059047 0.248413 -0.806818
v 0.059047 0.216672 -0.829545
v 0.098412 0.224004 -0.806818
v 0.118094 0.189787 -0.818182
v 0.098412 0.192710 -0.829545
v 0.118094 0.246925 -0.772727
v 0.137777 0.251833 -0.761364
v 0.137777 0.218789 -0.784091
v 0.177142 0.227753 -0.761364
v 0.196824 0.207204 -0.772727
v 0.177142 0.187403 -0.784091
v 0.196824 0.265621 -0.727273
v 0.216506 0.272663 -0.715909
v 0.216506 0.236866 -0.738636
v 0.255871 0.248959 -0.715909
v 0.275554 0.211233 -0.727273
v 0.255871 0.214599 -0.738636
v 0.275554 0.249423 -0.681818
v 0.295236 0.231289 -0.670455
v 0.295236 0.229323 -0.693182
v 0.334601 0.199975 -0.670455
v 0.354283 0.176302 -0.681818
v 0.334601 0.190039 -0.693182
v 0.354283 0.186054 -0.636364
v 0.373966 0.154204 -0.625000
v 0.373966 0.164529 -0.647727
v 0.413330 0.119256 -0.625000
v 0.433013 0.107129 -0.636364
v 0.413330 0.120205 -0.647727
v 0.433013 0.099001 -0.590909
v 0.452695 0.081541 -0.579545
v 0.452695 0.090188 -0.602273
v 0.492060 0.068557 -0.579545
v 0.511742 0.074488 -0.590909
v 0.492060 0.080892 -0.602273
v 0.511742 0.050450 -0.545455
v 0.531425 0.049010 -0.534091
v 0.531425 0.058816 -0.556818
v 0.570789 0.060503 -0.534091
v 0.590472 0.071304 -0.545455
v 0.570789 0.070269 -0.556818
v 0.590472 0.052711 -0.500000
v 0.610154 0.054877 -0.488636
v 0.610154 0.062543 -0.511364
v 0.649519 0.066812 -0.488636
v 0.669201 0.075819 -0.500000
v 0.649519 0.074151 -0.511364
v 0.669201 0.064140 -0.454545
v 0.688884 0.067650 -0.443182
v 0.688884 0.072045 -0.465909
v 0.019682 0.225560 -0.761364
v 0.039365 0.259895 -0.772727
v 0.019682 0.222836 -0.784091
v 0.039365 0.235115 -0.727273
v 0.059047 0.257041 -0.715909
v 0.059047 0.272900 -0.738636
v 0.098412 0.320007 -0.715909
v 0.118094 0.328629 -0.727273
v 0.098412 0.318420 -0.738636
v 0.118094 0.324824 -0.681818
v 0.137777 0.333344 -0.670455
v 0.137777 0.329004 -0.693182
v 0.177142 0.324179 -0.670455
v 0.196824 0.314579 -0.681818
v 0.177142 0.316501 -0.693182
v 0.196824 0.311518 -0.636364
v 0.216506 0.298010 -0.625000
v 0.216506 0.306081 -0.647727
v 0.255871 0.256294 -0.625000
v 0.275553 0.246091 -0.636364
v 0.255871 0.275458 -0.647727
v 0.275554 0.219322 -0.590909
v 0.295236 0.201872 -0.579545
v 0.295236 0.218131 -0.602273
v 0.334601 0.154495 -0.579545
v 0.354283 0.147222 -0.590909
v 0.334601 0.176959 -0.602273
v 0.354283 0.110057 -0.545455
v 0.373966 0.090566 -0.534091
v 0.373966 0.106354 -0.556818
v 0.413330 0.072001 -0.534091
v 0.433013 0.071676 -0.545455
v 0.413330 0.086640 -0.556818
v 0.433013 0.049732 -0.500000
v 0.452695 0.043105 -0.488636
v 0.452695 0.049453 -0.511364
v 0.492060 0.037285 -0.488636
v 0.511742 0.037688 -0.500000
v 0.492060 0.040540 -0.511364
v 0.511742 0.035351 -0.454545
v 0.531425 0.035305 -0.443182
v 0.531425 0.035425 -0.465909
v 0.570789 0.037861 -0.443182
v 0.590472 0.042339 -0.454545
v 0.570789 0.039876 -0.465909
v 0.590472 0.040094 -0.409091
v 0.610154 0.043680 -0.397727
v 0.610154 0.043860 -0.420455
v 0.019682 0.191846 -0.670455
v 0.039365 0.213834 -0.681818
v 0.019682 0.189712 -0.693182
v 0.039365 0.219172 -0.636364
v 0.059047 0.237341 -0.625000
v 0.059047 0.238065 -0.647727
v 0.098412 0.285305 -0.625000
v 0.118094 0.297271 -0.636364
v 0.098412 0.281966 -0.647727
v 0.118094 0.309825 -0.590909
v 0.137777 0.303199 -0.579545
v 0.137777 0.319933 -0.602273
v 0.177142 0.291944 -0.579545
v 0.196824 0.288733 -0.590909
v 0.177142 0.299887 -0.602273
v 0.196824 0.246061 -0.545455
v 0.216506 0.217275 -0.534091
v 0.216506 0.237123 -0.556818
v 0.255871 0.190564 -0.534091
v 0.275554 0.188811 -0.545455
v 0.255871 0.204752 -0.556818
v 0.275554 0.147348 -0.500000
v 0.295236 0.120440 -0.488636
v 0.295236 0.137061 -0.511364
v 0.334601 0.087773 -0.488636
v 0.354283 0.082230 -0.500000
v 0.334601 0.100938 -0.511364
v 0.354283 0.061839 -0.454545
v 0.373966 0.054176 -0.443182
v 0.373966 0.057682 -0.465909
v 0.413330 0.046426 -0.443182
v 0.433013 0.043221 -0.454545
v 0.413330 0.047124 -0.465909
v 0.433013 0.046541 -0.409091
v 0.452695 0.045677 -0.397727
v 0.452695 0.042713 -0.420455
v 0.492060 0.041144 -0.397727
v 0.511742 0.038099 -0.409091
v 0.492060 0.038547 -0.420455
v 0.511742 0.044360 -0.363636
v 0.531425 0.044518 -0.352273
v 0.531425 0.040816 -0.375000
v 0.019682 0.217844 -0.579545
v 0.039365 0.233426 -0.590909
v 0.019682 0.203427 -0.602273
v 0.039365 0.215637 -0.545455
v 0.059047 0.227850 -0.534091
v 0.059047 0.247775 -0.556818
v 0.098412 0.278872 -0.534091
v 0.118094 0.287663 -0.545455
v 0.098412 0.291402 -0.556818
v 0.118094 0.227955 -0.500000
v 0.137777 0.213380 -0.488636
v 0.137777 0.240756 -0.511364
v 0.177142 0.206725 -0.488636
v 0.196824 0.213942 -0.500000
v 0.177142 0.227166 -0.511364
v 0.196824 0.175544 -0.454545
v 0.216506 0.157532 -0.443182
v 0.216506 0.170794 -0.465909
v 0.255871 0.134620 -0.443182
v 0.275554 0.121657 -0.454545
v 0.255871 0.145358 -0.465909
v 0.275554 0.111984 -0.409091
v 0.295236 0.098207 -0.397727
v 0.295236 0.096624 -0.420455
v 0.334601 0.070200 -0.397727
v 0.354283 0.060393 -0.409091
v 0.334601 0.067425 -0.420455
v 0.354283 0.071328 -0.363636
v 0.373966 0.068218 -0.352273
v 0.373966 0.061713 -0.375000
v 0.413330 0.060107 -0.352273
v 0.433013 0.054566 -0.363636
v 0.413330 0.055001 -0.375000
v 0.433013 0.066111 -0.318182
v 0.452695 0.067598 -0.306818
v 0.452695 0.059963 -0.329545
v 0.019682 0.183864 -0.488636
v 0.039365 0.202642 -0.500000
v 0.019682 0.184202 -0.511364
v 0.039365 0.185249 -0.454545
v 0.059047 0.185828 -0.443182
v 0.059047 0.196562 -0.465909
v 0.098412 0.191236 -0.443182
v 0.118094 0.192643 -0.454545
v 0.098412 0.205544 -0.465909
v 0.118094 0.174219 -0.409091
v 0.137777 0.168493 -0.397727
v 0.137777 0.173727 -0.420455
v 0.177142 0.161918 -0.397727
v 0.196824 0.158362 -0.409091
v 0.177142 0.166085 -0.420455
v 0.196824 0.152249 -0.363636
v 0.216506 0.146011 -0.352273
v 0.216506 0.146454 -0.375000
v 0.255871 0.129576 -0.352273
v 0.275554 0.115835 -0.363636
v 0.255871 0.125305 -0.375000
v 0.275554 0.130540 -0.318182
v 0.295236 0.126737 -0.306818
v 0.295236 0.116664 -0.329545
v 0.334601 0.104502 -0.306818
v 0.354283 0.089359 -0.318182
v 0.334601 0.095326 -0.329545
v 0.354283 0.109464 -0.272727
v 0.373966 0.107673 -0.261364
v 0.373966 0.094281 -0.284091
v 0.019682 0.167734 -0.397727
v 0.039365 0.172688 -0.409091
v 0.019682 0.168039 -0.420455
v 0.039365 0.173173 -0.363636
v 0.059047 0.180868 -0.352273
v 0.059047 0.177441 -0.375000
v 0.098412 0.170948 -0.352273
v 0.118094 0.167316 -0.363636
v 0.098412 0.172685 -0.375000
v 0.118094 0.168540 -0.318182
v 0.137777 0.167124 -0.306818
v 0.137777 0.163836 -0.329545
v 0.177142 0.161333 -0.306818
v 0.196824 0.156395 -0.318182
v 0.177142 0.158465 -0.329545
v 0.196824 0.166258 -0.272727
v 0.216506 0.168833 -0.261364
v 0.216506 0.161546 -0.284091
v 0.255871 0.156517 -0.261364
v 0.275554 0.146438 -0.272727
v 0.255871 0.147892 -0.284091
v 0.275554 0.168931 -0.227273
v 0.295236 0.169260 -0.215909
v 0.295236 0.153813 -0.238636
v 0.019682 0.180968 -0.306818
v 0.039365 0.183780 -0.318182
v 0.019682 0.178797 -0.329545
v 0.039365 0.223765 -0.272727
v 0.059047 0.221273 -0.261364
v 0.059047 0.198685 -0.284091
v 0.098412 0.192457 -0.261364
v 0.118094 0.179732 -0.272727
v 0.098412 0.181983 -0.284091
v 0.118094 0.201458 -0.227273
v 0.137777 0.199940 -0.215909
v 0.137777 0.188359 -0.238636
v 0.177142 0.187797 -0.215909
v 0.196824 0.180781 -0.227273
v 0.177142 0.180058 -0.238636
v 0.196824 0.210430 -0.181818
v 0.216506 0.218489 -0.170455
v 0.216506 0.200048 -0.193182
v 0.019682 0.253552 -0.215909
v 0.039365 0.247797 -0.227273
v 0.019682 0.229345 -0.238636
v 0.039365 0.261419 -0.181818
v 0.059047 0.270540 -0.170455
v 0.059047 0.262465 -0.193182
v 0.098412 0.280253 -0.170455
v 0.118094 0.253768 -0.181818
v 0.098412 0.264233 -0.193182
v 0.118094 0.300253 -0.136364
v 0.137777 0.313134 -0.125000
v 0.137777 0.285973 -0.147727
v 0.019682 0.311493 -0.125000
v 0.039365 0.298909 -0.136364
v 0.019682 0.289551 -0.147727
v 0.039365 0.358707 -0.090909
v 0.059047 0.381500 -0.079545
v 0.059047 0.342724 -0.102273
v 0.728249 0.076875 -0.443182
v 0.747931 0.082010 -0.454545
v 0.728249 0.080983 -0.465909
v 0.649519 0.053404 -0.397727
v 0.669201 0.059152 -0.409091
v 0.649519 0.054145 -0.420455
v 0.570789 0.042944 -0.352273
v 0.590472 0.042621 -0.363636
v 0.570789 0.040091 -0.375000
v 0.492060 0.062103 -0.306818
v 0.511742 0.055200 -0.318182
v 0.492060 0.054540 -0.329545
v 0.413330 0.099088 -0.261364
v 0.433013 0.087995 -0.272727
v 0.413330 0.083451 -0.284091
v 0.334601 0.152188 -0.215909
v 0.354283 0.135051 -0.227273
v 0.334601 0.136476 -0.238636
v 0.255871 0.214421 -0.170455
v 0.275554 0.203284 -0.181818
v 0.255871 0.198884 -0.193182
v 0.177142 0.311606 -0.125000
v 0.196824 0.271024 -0.136364
v 0.177142 0.249711 -0.147727
v 0.098412 0.367447 -0.079545
v 0.118094 0.365543 -0.090909
v 0.098412 0.359203 -0.102273
v 0.019682 0.393932 -0.034091
v 0.039365 0.396516 -0.045455
v 0.019682 0.383708 -0.056818
v -0.806978 0.101316 -0.488636
v -0.806978 0.099906 -0.511364
v -0.826661 0.099932 -0.500000
v -0.767613 0.107888 -0.488636
v -0.747931 0.108533 -0.500000
v -0.767613 0.101319 -0.511364
v -0.728249 0.101551 -0.534091
v -0.728249 0.099724 -0.556818
v -0.747931 0.099815 -0.545455
v -0.688884 0.109107 -0.534091
v -0.669201 0.107148 -0.545455
v -0.688884 0.100603 -0.556818
v -0.649519 0.099736 -0.579545
v -0.649519 0.099374 -0.602273
v -0.669201 0.099448 -0.590909
v -0.610154 0.101071 -0.579545
v -0.590472 0.099772 -0.590909
v -0.610154 0.098905 -0.602273
v -0.570789 0.097444 -0.625000
v -0.570789 0.098676 -0.647727
v -0.590472 0.098950 -0.636364
v -0.531425 0.093847 -0.625000
v -0.511742 0.091178 -0.636364
v -0.531425 0.095409 -0.647727
v -0.492060 0.092766 -0.670455
v -0.492060 0.097141 -0.693182
v -0.511742 0.097555 -0.681818
v -0.452695 0.081873 -0.670455
v -0.433013 0.081340 -0.681818
v -0.452695 0.090593 -0.693182
v -0.413330 0.087818 -0.715909
v -0.413330 0.095803 -0.738636
v -0.433013 0.095581 -0.727273
v -0.373966 0.080614 -0.715909
v -0.354283 0.080225 -0.727273
v -0.373966 0.091115 -0.738636
v -0.334601 0.089789 -0.761364
v -0.334601 0.096563 -0.784091
v -0.354283 0.096554 -0.772727
v -0.295236 0.079542 -0.761364
v -0.275554 0.079626 -0.772727
v -0.295236 0.089344 -0.784091
v -0.255871 0.089874 -0.806818
v -0.255871 0.096606 -0.829545
v -0.275554 0.096587 -0.818182
v -0.216506 0.080617 -0.806818
v -0.196824 0.082114 -0.818182
v -0.216506 0.089550 -0.829545
v -0.177142 0.090784 -0.852273
v -0.177142 0.096937 -0.875000
v -0.196824 0.096831 -0.863636
v -0.137777 0.086463 -0.852273
v -0.118094 0.088505 -0.863636
v -0.137777 0.092868 -0.875000
v -0.098412 0.095040 -0.897727
v -0.098412 0.098237 -0.920455
v -0.118094 0.097920 -0.909091
v -0.059047 0.098640 -0.897727
v -0.039365 0.104371 -0.909091
v -0.059047 0.096964 -0.920455
v -0.728249 0.144865 -0.443182
v -0.728249 0.134480 -0.465909
v -0.747931 0.139113 -0.454545
v -0.688884 0.147334 -0.443182
v -0.669201 0.145365 -0.454545
v -0.688884 0.139570 -0.465909
v -0.649519 0.142103 -0.488636
v -0.649519 0.137329 -0.511364
v -0.669201 0.138279 -0.500000
v -0.610154 0.138575 -0.488636
v -0.590472 0.135657 -0.500000
v -0.610154 0.133023 -0.511364
v -0.570789 0.110278 -0.534091
v -0.570789 0.104806 -0.556818
v -0.590472 0.110758 -0.545455
v -0.531425 0.099660 -0.534091
v -0.511742 0.090469 -0.545455
v -0.531425 0.095774 -0.556818
v -0.492060 0.081744 -0.579545
v -0.492060 0.083470 -0.602273
v -0.511742 0.089194 -0.590909
v -0.452695 0.065061 -0.579545
v -0.433013 0.053659 -0.590909
v -0.452695 0.066628 -0.602273
v -0.413330 0.053733 -0.625000
v -0.413330 0.059293 -0.647727
v -0.433013 0.061186 -0.636364
v -0.373966 0.047937 -0.625000
v -0.354283 0.047267 -0.636364
v -0.373966 0.051448 -0.647727
v -0.334601 0.050993 -0.670455
v -0.334601 0.057335 -0.693182
v -0.354283 0.058204 -0.681818
v -0.295236 0.045839 -0.670455
v -0.275554 0.046413 -0.681818
v -0.295236 0.050275 -0.693182
v -0.255871 0.052042 -0.715909
v -0.255871 0.057507 -0.738636
v -0.275554 0.057571 -0.727273
v -0.216506 0.051266 -0.715909
v -0.196824 0.053852 -0.727273
v -0.216506 0.054756 -0.738636
v -0.177142 0.061108 -0.761364
v -0.177142 0.068399 -0.784091
v -0.196824 0.063819 -0.772727
v -0.137777 0.065954 -0.761364
v -0.118094 0.071304 -0.772727
v -0.137777 0.067947 -0.784091
v -0.098412 0.078195 -0.806818
v -0.098412 0.087248 -0.829545
v -0.118094 0.073959 -0.818182
v -0.059047 0.119324 -0.806818
v -0.039365 0.151741 -0.818182
v -0.059047 0.115089 -0.829545
v -0.649519 0.174059 -0.397727
v -0.649519 0.158091 -0.420455
v -0.669201 0.162427 -0.409091
v -0.610154 0.181988 -0.397727
v -0.590472 0.168531 -0.409091
v -0.610154 0.160775 -0.420455
v -0.570789 0.139565 -0.443182
v -0.570789 0.132242 -0.465909
v -0.590472 0.141139 -0.454545
v -0.531425 0.125733 -0.443182
v -0.511742 0.112240 -0.454545
v -0.531425 0.118761 -0.465909
v -0.492060 0.095958 -0.488636
v -0.492060 0.093754 -0.511364
v -0.511742 0.104333 -0.500000
v -0.452695 0.074645 -0.488636
v -0.433013 0.062995 -0.500000
v -0.452695 0.070948 -0.511364
v -0.413330 0.053881 -0.534091
v -0.413330 0.051523 -0.556818
v -0.433013 0.056599 -0.545455
v -0.373966 0.050342 -0.534091
v -0.354283 0.048315 -0.545455
v -0.373966 0.048124 -0.556818
v -0.334601 0.045371 -0.579545
v -0.334601 0.044143 -0.602273
v -0.354283 0.045508 -0.590909
v -0.295236 0.045675 -0.579545
v -0.275554 0.045747 -0.590909
v -0.295236 0.043880 -0.602273
v -0.255871 0.045077 -0.625000
v -0.255871 0.044268 -0.647727
v -0.275554 0.043241 -0.636364
v -0.216506 0.050259 -0.625000
v -0.196824 0.053154 -0.636364
v -0.216506 0.049037 -0.647727
v -0.177142 0.055377 -0.670455
v -0.177142 0.056039 -0.693182
v -0.196824 0.051922 -0.681818
v -0.137777 0.066327 -0.670455
v -0.118094 0.069900 -0.681818
v -0.137777 0.064517 -0.693182
v -0.098412 0.076469 -0.715909
v -0.098412 0.078264 -0.738636
v -0.118094 0.071945 -0.727273
v -0.059047 0.110570 -0.715909
v -0.039365 0.127534 -0.727273
v -0.059047 0.108379 -0.738636
v -0.570789 0.233108 -0.352273
v -0.570789 0.210673 -0.375000
v -0.590472 0.231408 -0.363636
v -0.531425 0.225600 -0.352273
v -0.511742 0.187831 -0.363636
v -0.531425 0.190279 -0.375000
v -0.492060 0.140871 -0.397727
v -0.492060 0.124101 -0.420455
v -0.511742 0.138924 -0.409091
v -0.452695 0.122791 -0.397727
v -0.433013 0.108638 -0.409091
v -0.452695 0.105919 -0.420455
v -0.413330 0.078341 -0.443182
v -0.413330 0.068554 -0.465909
v -0.433013 0.079706 -0.454545
v -0.373966 0.068440 -0.443182
v -0.354283 0.060138 -0.454545
v -0.373966 0.060700 -0.465909
v -0.334601 0.051747 -0.488636
v -0.334601 0.049867 -0.511364
v -0.354283 0.052308 -0.500000
v -0.295236 0.050110 -0.488636
v -0.275554 0.049699 -0.500000
v -0.295236 0.048925 -0.511364
v -0.255871 0.049442 -0.534091
v -0.255871 0.048850 -0.556818
v -0.275554 0.048230 -0.545455
v -0.216506 0.052508 -0.534091
v -0.196824 0.054817 -0.545455
v -0.216506 0.052220 -0.556818
v -0.177142 0.058446 -0.579545
v -0.177142 0.058119 -0.602273
v -0.196824 0.054535 -0.590909
v -0.137777 0.077328 -0.579545
v -0.118094 0.091177 -0.590909
v -0.137777 0.076729 -0.602273
v -0.098412 0.096871 -0.625000
v -0.098412 0.094938 -0.647727
v -0.118094 0.083161 -0.636364
v -0.059047 0.123901 -0.625000
v -0.039365 0.137515 -0.636364
v -0.059047 0.119578 -0.647727
v -0.492060 0.243615 -0.306818
v -0.492060 0.218498 -0.329545
v -0.511742 0.251213 -0.318182
v -0.452695 0.211150 -0.306818
v -0.433013 0.191297 -0.318182
v -0.452695 0.188230 -0.329545
v -0.413330 0.159371 -0.352273
v -0.413330 0.139008 -0.375000
v -0.433013 0.149119 -0.363636
v -0.373966 0.151756 -0.352273
v -0.354283 0.123127 -0.363636
v -0.373966 0.122237 -0.375000
v -0.334601 0.082428 -0.397727
v -0.334601 0.068818 -0.420455
v -0.354283 0.082222 -0.409091
v -0.295236 0.074346 -0.397727
v -0.275554 0.067431 -0.409091
v -0.295236 0.062957 -0.420455
v -0.255871 0.056677 -0.443182
v -0.255871 0.053089 -0.465909
v -0.275554 0.053871 -0.454545
v -0.216506 0.059556 -0.443182
v -0.196824 0.059581 -0.454545
v -0.216506 0.056166 -0.465909
v -0.177142 0.059836 -0.488636
v -0.177142 0.059236 -0.511364
v -0.196824 0.056023 -0.500000
v -0.137777 0.072174 -0.488636
v -0.118094 0.083733 -0.500000
v -0.137777 0.074111 -0.511364
v -0.098412 0.103151 -0.534091
v -0.098412 0.106258 -0.556818
v -0.118094 0.090271 -0.545455
v -0.059047 0.132251 -0.534091
v -0.039365 0.155444 -0.545455
v -0.059047 0.139731 -0.556818
v -0.413330 0.239766 -0.261364
v -0.413330 0.214467 -0.284091
v -0.433013 0.237284 -0.272727
v -0.373966 0.219481 -0.261364
v -0.354283 0.200085 -0.272727
v -0.373966 0.198600 -0.284091
v -0.334601 0.175835 -0.306818
v -0.334601 0.151916 -0.329545
v -0.354283 0.172700 -0.318182
v -0.295236 0.172468 -0.306818
v -0.275554 0.142590 -0.318182
v -0.295236 0.135530 -0.329545
v -0.255871 0.107482 -0.352273
v -0.255871 0.089173 -0.375000
v -0.275554 0.097936 -0.363636
v -0.216506 0.109377 -0.352273
v -0.196824 0.100103 -0.363636
v -0.216506 0.091855 -0.375000
v -0.177142 0.078770 -0.397727
v -0.177142 0.069050 -0.420455
v -0.196824 0.071551 -0.409091
v -0.137777 0.089697 -0.397727
v -0.118094 0.095641 -0.409091
v -0.137777 0.081268 -0.420455
v -0.098412 0.098385 -0.443182
v -0.098412 0.094971 -0.465909
v -0.118094 0.084606 -0.454545
v -0.059047 0.118050 -0.443182
v -0.039365 0.129432 -0.454545
v -0.059047 0.116866 -0.465909
v -0.334601 0.260446 -0.215909
v -0.334601 0.228605 -0.238636
v -0.354283 0.252845 -0.227273
v -0.295236 0.250222 -0.215909
v -0.275554 0.238509 -0.227273
v -0.295236 0.222451 -0.238636
v -0.255871 0.207746 -0.261364
v -0.255871 0.179998 -0.284091
v -0.275554 0.193592 -0.272727
v -0.216506 0.198179 -0.261364
v -0.196824 0.180563 -0.272727
v -0.216506 0.172921 -0.284091
v -0.177142 0.139676 -0.306818
v -0.177142 0.122282 -0.329545
v -0.196824 0.137609 -0.318182
v -0.137777 0.138335 -0.306818
v -0.118094 0.133446 -0.318182
v -0.137777 0.122966 -0.329545
v -0.098412 0.126611 -0.352273
v -0.098412 0.116215 -0.375000
v -0.118094 0.113593 -0.363636
v -0.059047 0.140406 -0.352273
v -0.039365 0.142249 -0.363636
v -0.059047 0.131014 -0.375000
v -0.255871 0.371623 -0.170455
v -0.255871 0.317427 -0.193182
v -0.275553 0.327908 -0.181818
v -0.216506 0.356958 -0.170455
v -0.196824 0.327906 -0.181818
v -0.216506 0.295471 -0.193182
v -0.177142 0.240658 -0.215909
v -0.177142 0.203813 -0.238636
v -0.196824 0.224290 -0.227273
v -0.137777 0.222206 -0.215909
v -0.118094 0.200024 -0.227273
v -0.137777 0.195907 -0.238636
v -0.098412 0.172202 -0.261364
v -0.098412 0.157374 -0.284091
v -0.118094 0.159022 -0.272727
v -0.059047 0.175033 -0.261364
v -0.039365 0.176348 -0.272727
v -0.059047 0.164383 -0.284091
v -0.177142 0.357654 -0.125000
v -0.177142 0.345915 -0.147727
v -0.196824 0.369650 -0.136364
v -0.137777 0.335394 -0.125000
v -0.118094 0.307078 -0.136364
v -0.137777 0.308691 -0.147727
v -0.098412 0.272230 -0.170455
v -0.098412 0.250820 -0.193182
v -0.118094 0.265063 -0.181818
v -0.059047 0.262762 -0.170455
v -0.039365 0.261089 -0.181818
v -0.059047 0.243252 -0.193182
v -0.098412 0.353403 -0.079545
v -0.098412 0.337780 -0.102273
v -0.118094 0.362299 -0.090909
v -0.059047 0.342463 -0.079545
v -0.039365 0.339095 -0.090909
v -0.059047 0.327686 -0.102273
v -0.019682 0.161329 -0.852273
v -0.019682 0.150958 -0.875000
v -0.039365 0.141710 -0.863636
v -0.019682 0.170325 -0.761364
v -0.019682 0.174469 -0.784091
v -0.039365 0.143415 -0.772727
v -0.019682 0.150517 -0.670455
v -0.019682 0.147569 -0.693182
v -0.039365 0.130308 -0.681818
v -0.019682 0.166952 -0.579545
v -0.019682 0.163728 -0.602273
v -0.039365 0.148083 -0.590909
v -0.019682 0.150516 -0.488636
v -0.019682 0.151899 -0.511364
v -0.039365 0.137071 -0.500000
v -0.019682 0.148959 -0.397727
v -0.019682 0.146324 -0.420455
v -0.039365 0.134211 -0.409091
v -0.019682 0.169334 -0.306818
v -0.019682 0.167673 -0.329545
v -0.039365 0.159558 -0.318182
v -0.019682 0.231853 -0.215909
v -0.019682 0.223279 -0.238636
v -0.039365 0.222186 -0.227273
v -0.019682 0.323179 -0.125000
v -0.019682 0.288375 -0.147727
v -0.039365 0.311017 -0.136364
v -0.019682 0.381982 -0.034091
v -0.019682 0.362867 -0.056818
v -0.039365 0.368516 -0.045455
v -0.826661 0.094291 0.454545
v -0.846343 0.097995 0.443182
v -0.846343 0.098095 0.465909
v -0.806978 0.089100 0.420455
v -0.806978 0.090778 0.397727
v -0.826661 0.093951 0.409091
v -0.826661 0.096299 0.363636
v -0.846343 0.098551 0.352273
v -0.846343 0.098299 0.375000
v -0.806978 0.102108 0.329545
v -0.806978 0.108273 0.306818
v -0.826661 0.099088 0.318182
v -0.826661 0.102462 0.272727
v -0.846343 0.099588 0.261364
v -0.846343 0.099367 0.284091
v -0.806978 0.130604 0.238636
v -0.806978 0.137686 0.215909
v -0.826661 0.106749 0.227273
v -0.826661 0.105903 0.181818
v -0.846343 0.099762 0.170455
v -0.846343 0.099757 0.193182
v -0.806978 0.144451 0.147727
v -0.806978 0.131942 0.125000
v -0.826661 0.104335 0.136364
v -0.826661 0.103933 0.090909
v -0.846343 0.099987 0.079545
v -0.846343 0.099930 0.102273
v -0.806978 0.129129 0.056818
v -0.806978 0.132208 0.034091
v -0.826661 0.104005 0.045455
v -0.826661 0.104002 0.000000
v -0.846343 0.100104 -0.011364
v -0.846343 0.100070 0.011364
v -0.806978 0.132275 -0.034091
v -0.806978 0.129284 -0.056818
v -0.826661 0.104389 -0.045455
v -0.826661 0.103547 -0.090909
v -0.846343 0.100219 -0.102273
v -0.846343 0.100217 -0.079545
v -0.806978 0.121273 -0.125000
v -0.806978 0.123517 -0.147727
v -0.826661 0.103461 -0.136364
v -0.826661 0.099331 -0.181818
v -0.846343 0.099170 -0.193182
v -0.846343 0.099474 -0.170455
v -0.806978 0.102362 -0.215909
v -0.806978 0.102479 -0.238636
v -0.826661 0.098607 -0.227273
v -0.826661 0.100309 -0.272727
v -0.846343 0.100015 -0.284091
v -0.846343 0.099774 -0.261364
v -0.806978 0.106947 -0.306818
v -0.806978 0.107554 -0.329545
v -0.826661 0.101229 -0.318182
v -0.826661 0.101565 -0.363636
v -0.846343 0.100024 -0.375000
v -0.846343 0.100033 -0.352273
v -0.806978 0.109936 -0.397727
v -0.806978 0.109207 -0.420455
v -0.826661 0.101657 -0.409091
v -0.747931 0.068879 0.409091
v -0.767613 0.080556 0.397727
v -0.767613 0.075141 0.420455
v -0.728249 0.073348 0.375000
v -0.728249 0.082881 0.352273
v -0.747931 0.086869 0.363636
v -0.747931 0.109851 0.318182
v -0.767613 0.124994 0.306818
v -0.767613 0.111534 0.329545
v -0.728249 0.116402 0.284091
v -0.728249 0.132457 0.261364
v -0.747931 0.135392 0.272727
v -0.747931 0.167119 0.227273
v -0.767613 0.178362 0.215909
v -0.767613 0.165650 0.238636
v -0.728249 0.190224 0.193182
v -0.728249 0.212945 0.170455
v -0.747931 0.205700 0.181818
v -0.747931 0.248174 0.136364
v -0.767613 0.232101 0.125000
v -0.767613 0.239061 0.147727
v -0.728249 0.252925 0.102273
v -0.728249 0.254036 0.079545
v -0.747931 0.243273 0.090909
v -0.747931 0.240234 0.045455
v -0.767613 0.218006 0.034091
v -0.767613 0.210899 0.056818
v -0.728249 0.254767 0.011364
v -0.728249 0.255890 -0.011364
v -0.747931 0.241436 0.000000
v -0.747931 0.256409 -0.045455
v -0.767613 0.234389 -0.056818
v -0.767613 0.209313 -0.034091
v -0.728249 0.307747 -0.079545
v -0.728249 0.308181 -0.102273
v -0.747931 0.275081 -0.090909
v -0.747931 0.254536 -0.136364
v -0.767613 0.199314 -0.147727
v -0.767613 0.202291 -0.125000
v -0.728249 0.271973 -0.170455
v -0.728249 0.243647 -0.193182
v -0.747931 0.231588 -0.181818
v -0.747931 0.173501 -0.227273
v -0.767613 0.141262 -0.238636
v -0.767613 0.154164 -0.215909
v -0.728249 0.184846 -0.261364
v -0.728249 0.181638 -0.284091
v -0.747931 0.158994 -0.272727
v -0.747931 0.159070 -0.318182
v -0.767613 0.145161 -0.329545
v -0.767613 0.142800 -0.306818
v -0.728249 0.172914 -0.352273
v -0.728249 0.165559 -0.375000
v -0.747931 0.159828 -0.363636
v -0.669201 0.061123 0.363636
v -0.688884 0.067693 0.352273
v -0.688884 0.061426 0.375000
v -0.649519 0.067079 0.329545
v -0.649519 0.073941 0.306818
v -0.669201 0.073587 0.318182
v -0.669201 0.094683 0.272727
v -0.688884 0.111161 0.261364
v -0.688884 0.094754 0.284091
v -0.649519 0.116589 0.238636
v -0.649519 0.140544 0.215909
v -0.669201 0.136234 0.227273
v -0.669201 0.191487 0.181818
v -0.688884 0.211013 0.170455
v -0.688884 0.184678 0.193182
v -0.649519 0.253573 0.147727
v -0.649519 0.251649 0.125000
v -0.669201 0.249670 0.136364
v -0.669201 0.269936 0.090909
v -0.688884 0.268105 0.079545
v -0.688884 0.269258 0.102273
v -0.649519 0.277052 0.056818
v -0.649519 0.282041 0.034091
v -0.669201 0.275422 0.045455
v -0.669201 0.283709 0.000000
v -0.688884 0.279838 -0.011364
v -0.688884 0.274629 0.011364
v -0.649519 0.302403 -0.034091
v -0.649519 0.316745 -0.056818
v -0.669201 0.299431 -0.045455
v -0.669201 0.322553 -0.090909
v -0.688884 0.325387 -0.102273
v -0.688884 0.312532 -0.079545
v -0.649519 0.318712 -0.125000
v -0.649519 0.308341 -0.147727
v -0.669201 0.313354 -0.136364
v -0.669202 0.294306 -0.181818
v -0.688884 0.283229 -0.193182
v -0.688884 0.297332 -0.170455
v -0.649519 0.287343 -0.215909
v -0.649519 0.282174 -0.238636
v -0.669201 0.269854 -0.227273
v -0.669201 0.259209 -0.272727
v -0.688884 0.229284 -0.284091
v -0.688884 0.238305 -0.261364
v -0.649519 0.237881 -0.306818
v -0.649519 0.226723 -0.329545
v -0.669201 0.230183 -0.318182
v -0.590472 0.066455 0.318182
v -0.610154 0.070316 0.306818
v -0.610154 0.064396 0.329545
v -0.570789 0.076732 0.284091
v -0.570789 0.088066 0.261364
v -0.590472 0.082440 0.272727
v -0.590472 0.117098 0.227273
v -0.610154 0.132577 0.215909
v -0.610154 0.108604 0.238636
v -0.570789 0.152540 0.193182
v -0.570789 0.183427 0.170455
v -0.590472 0.170645 0.181818
v -0.590472 0.225834 0.136364
v -0.610154 0.237237 0.125000
v -0.610154 0.230113 0.147727
v -0.570789 0.233705 0.102273
v -0.570789 0.245443 0.079545
v -0.590472 0.241218 0.090909
v -0.590472 0.275892 0.045455
v -0.610154 0.288430 0.034091
v -0.610154 0.270822 0.056818
v -0.570789 0.313022 0.011364
v -0.570789 0.322751 -0.011364
v -0.590472 0.307387 0.000000
v -0.590472 0.327158 -0.045455
v -0.610154 0.324048 -0.056818
v -0.610154 0.314333 -0.034091
v -0.570789 0.355462 -0.079545
v -0.570789 0.351602 -0.102273
v -0.590472 0.344871 -0.090909
v -0.590472 0.324616 -0.136364
v -0.610154 0.315139 -0.147727
v -0.610154 0.322838 -0.125000
v -0.570789 0.323041 -0.170455
v -0.570789 0.326598 -0.193182
v -0.590472 0.314287 -0.181818
v -0.590472 0.330552 -0.227273
v -0.610154 0.309901 -0.238636
v -0.610154 0.311086 -0.215909
v -0.570789 0.322209 -0.261364
v -0.570789 0.285306 -0.284091
v -0.590472 0.292605 -0.272727
v -0.511742 0.088645 0.272727
v -0.531425 0.091661 0.261364
v -0.531425 0.078792 0.284091
v -0.492060 0.127823 0.238636
v -0.492060 0.152389 0.215909
v -0.511742 0.130859 0.227273
v -0.511742 0.177630 0.181818
v -0.531425 0.194391 0.170455
v -0.531425 0.159638 0.193182
v -0.492060 0.205144 0.147727
v -0.492060 0.217682 0.125000
v -0.511742 0.210752 0.136364
v -0.511742 0.251229 0.090909
v -0.531425 0.251173 0.079545
v -0.531425 0.235024 0.102273
v -0.492060 0.357278 0.056818
v -0.492060 0.391126 0.034091
v -0.511742 0.348360 0.045455
v -0.511742 0.410087 0.000000
v -0.531425 0.399386 -0.011364
v -0.531425 0.378847 0.011364
v -0.492060 0.381924 -0.034091
v -0.492060 0.395561 -0.056818
v -0.511742 0.410770 -0.045455
v -0.511742 0.441129 -0.090909
v -0.531425 0.400120 -0.102273
v -0.531425 0.395316 -0.079545
v -0.492060 0.429197 -0.125000
v -0.492060 0.413281 -0.147727
v -0.511742 0.390448 -0.136364
v -0.511742 0.370313 -0.181818
v -0.531425 0.357175 -0.193182
v -0.531425 0.353012 -0.170455
v -0.492060 0.378341 -0.215909
v -0.492060 0.344795 -0.238636
v -0.511742 0.361208 -0.227273
v -0.433013 0.149432 0.227273
v -0.452695 0.152453 0.215909
v -0.452695 0.138738 0.238636
v -0.413330 0.178069 0.193182
v -0.413330 0.195596 0.170455
v -0.433013 0.180736 0.181818
v -0.433013 0.217898 0.136364
v -0.452695 0.229201 0.125000
v -0.452695 0.204476 0.147727
v -0.413330 0.274069 0.102273
v -0.413330 0.385096 0.079545
v -0.433013 0.299608 0.090909
v -0.433013 0.387027 0.045455
v -0.452695 0.367366 0.034091
v -0.452695 0.383871 0.056818
v -0.413330 0.401060 0.011364
v -0.413330 0.407222 -0.011364
v -0.433013 0.382158 0.000000
v -0.433013 0.398874 -0.045455
v -0.452695 0.393632 -0.056818
v -0.452695 0.378502 -0.034091
v -0.413330 0.458355 -0.079545
v -0.413330 0.507040 -0.102273
v -0.433013 0.450982 -0.090909
v -0.433013 0.534825 -0.136364
v -0.452695 0.493559 -0.147727
v -0.452695 0.507168 -0.125000
v -0.413330 0.462114 -0.170455
v -0.413330 0.370002 -0.193182
v -0.433013 0.426583 -0.181818
v -0.354283 0.216094 0.181818
v -0.373965 0.212078 0.170455
v -0.373965 0.191872 0.193182
v -0.334601 0.276154 0.147727
v -0.334601 0.321944 0.125000
v -0.354283 0.265370 0.136364
v -0.354283 0.361993 0.090909
v -0.373966 0.368703 0.079545
v -0.373966 0.307126 0.102273
v -0.334601 0.420234 0.056818
v -0.334601 0.436258 0.034091
v -0.354283 0.433785 0.045455
v -0.354283 0.493214 0.000000
v -0.373966 0.465782 -0.011364
v -0.373966 0.457575 0.011364
v -0.334601 0.524281 -0.034091
v -0.334601 0.545256 -0.056818
v -0.354283 0.529948 -0.045455
v -0.354283 0.570632 -0.090909
v -0.373965 0.554640 -0.102273
v -0.373965 0.522221 -0.079545
v -0.334601 0.489344 -0.125000
v -0.334601 0.448514 -0.147727
v -0.354283 0.499065 -0.136364
v -0.275554 0.399530 0.136364
v -0.295236 0.387230 0.125000
v -0.295236 0.373516 0.147727
v -0.255871 0.474034 0.102273
v -0.255871 0.504926 0.079545
v -0.275554 0.452230 0.090909
v -0.275554 0.493849 0.045455
v -0.295236 0.471337 0.034091
v -0.295236 0.450760 0.056818
v -0.255871 0.550718 0.011364
v -0.255871 0.531785 -0.011364
v -0.275553 0.521451 0.000000
v -0.275554 0.509145 -0.045455
v -0.295236 0.518289 -0.056818
v -0.295236 0.533325 -0.034091
v -0.255871 0.449180 -0.079545
v -0.255871 0.438453 -0.102273
v -0.275554 0.461104 -0.090909
v -0.196824 0.512113 0.090909
v -0.216506 0.517531 0.079545
v -0.216506 0.489055 0.102273
v -0.177141 0.544660 0.056818
v -0.177141 0.533663 0.034091
v -0.196824 0.569341 0.045455
v -0.196824 0.539180 0.000000
v -0.216506 0.522755 -0.011364
v -0.216506 0.566063 0.011364
v -0.177142 0.484164 -0.034091
v -0.177142 0.436353 -0.056818
v -0.196824 0.471252 -0.045455
v -0.118094 0.535656 0.045455
v -0.137777 0.524202 0.034091
v -0.137777 0.542042 0.056818
v -0.098412 0.468532 0.011364
v -0.098412 0.436991 -0.011364
v -0.118094 0.481556 0.000000
v -0.747931 0.151430 -0.409091
v -0.767613 0.142141 -0.420455
v -0.767613 0.145694 -0.397727
v -0.669201 0.196282 -0.363636
v -0.688884 0.177191 -0.375000
v -0.688884 0.192966 -0.352273
v -0.590472 0.248131 -0.318182
v -0.610154 0.237373 -0.329545
v -0.610154 0.250429 -0.306818
v -0.511742 0.309490 -0.272727
v -0.531425 0.313207 -0.284091
v -0.531425 0.332206 -0.261364
v -0.433013 0.308275 -0.227273
v -0.452695 0.304606 -0.238636
v -0.452695 0.350603 -0.215909
v -0.354283 0.338924 -0.181818
v -0.373965 0.328689 -0.193182
v -0.373965 0.391999 -0.170455
v -0.275554 0.415805 -0.136364
v -0.295236 0.421836 -0.147727
v -0.295236 0.450783 -0.125000
v -0.196824 0.414107 -0.090909
v -0.216506 0.409643 -0.102273
v -0.216506 0.437028 -0.079545
v -0.118094 0.411218 -0.045455
v -0.137777 0.416981 -0.056818
v -0.137777 0.443231 -0.034091
v -0.039365 0.410756 0.000000
v -0.059047 0.399286 -0.011364
v -0.059047 0.433098 0.011364
v -0.019682 0.101319 0.943182
v -0.039365 0.099931 0.954545
v -0.019682 0.099912 0.965909
v -0.039365 0.111983 0.909091
v -0.059047 0.112195 0.897727
v -0.059047 0.101475 0.920455
v -0.098412 0.101609 0.897727
v -0.118094 0.100027 0.909091
v -0.098412 0.100018 0.920455
v -0.118094 0.112788 0.863636
v -0.137777 0.112956 0.852273
v -0.137777 0.101579 0.875000
v -0.177142 0.101877 0.852273
v -0.196824 0.100051 0.863636
v -0.177142 0.100022 0.875000
v -0.196824 0.109581 0.818182
v -0.216506 0.108006 0.806818
v -0.216506 0.101526 0.829545
v -0.255871 0.101202 0.806818
v -0.275554 0.099971 0.818182
v -0.255871 0.099997 0.829545
v -0.275554 0.108519 0.772727
v -0.295236 0.110884 0.761364
v -0.295236 0.101519 0.784091
v -0.334601 0.102626 0.761364
v -0.354283 0.099899 0.772727
v -0.334601 0.099920 0.784091
v -0.354283 0.122781 0.727273
v -0.373966 0.121470 0.715909
v -0.373966 0.102923 0.738636
v -0.413330 0.102207 0.715909
v -0.433013 0.099642 0.727273
v -0.413330 0.099710 0.738636
v -0.433013 0.120361 0.681818
v -0.452695 0.116656 0.670455
v -0.452695 0.102900 0.693182
v -0.492060 0.101638 0.670455
v -0.511742 0.099451 0.681818
v -0.492060 0.099539 0.693182
v -0.511742 0.110954 0.636364
v -0.531425 0.102359 0.625000
v -0.531425 0.099481 0.647727
v -0.570789 0.096700 0.625000
v -0.590472 0.098416 0.636364
v -0.570789 0.098708 0.647727
v -0.590472 0.091563 0.590909
v -0.610154 0.088684 0.579545
v -0.610154 0.094353 0.602273
v -0.649519 0.092585 0.579545
v -0.669201 0.097424 0.590909
v -0.649519 0.097536 0.602273
v -0.669201 0.083503 0.545455
v -0.688884 0.081349 0.534091
v -0.688884 0.090884 0.556818
v -0.728249 0.089978 0.534091
v -0.747931 0.096730 0.545455
v -0.728249 0.096600 0.556818
v -0.747931 0.083617 0.500000
v -0.767613 0.085507 0.488636
v -0.767613 0.092046 0.511364
v -0.019682 0.244396 0.852273
v -0.039365 0.219507 0.863636
v -0.019682 0.202670 0.875000
v -0.039365 0.229898 0.818182
v -0.059047 0.218173 0.806818
v -0.059047 0.209760 0.829545
v -0.098412 0.191491 0.806818
v -0.118094 0.173534 0.818182
v -0.098412 0.182706 0.829545
v -0.118094 0.200370 0.772727
v -0.137777 0.193214 0.761364
v -0.137777 0.178399 0.784091
v -0.177142 0.170993 0.761364
v -0.196824 0.147102 0.772727
v -0.177142 0.151624 0.784091
v -0.196824 0.201620 0.727273
v -0.216506 0.204440 0.715909
v -0.216506 0.169036 0.738636
v -0.255871 0.193726 0.715909
v -0.275554 0.175324 0.727273
v -0.255871 0.158451 0.738636
v -0.275554 0.250870 0.681818
v -0.295236 0.275388 0.670455
v -0.295236 0.241690 0.693182
v -0.334601 0.246066 0.670455
v -0.354283 0.191729 0.681818
v -0.334601 0.200307 0.693182
v -0.354283 0.226599 0.636364
v -0.373966 0.174413 0.625000
v -0.373966 0.183005 0.647727
v -0.413330 0.138914 0.625000
v -0.433013 0.131746 0.636364
v -0.413330 0.122905 0.647727
v -0.433013 0.147138 0.590909
v -0.452695 0.137376 0.579545
v -0.452695 0.140320 0.602273
v -0.492060 0.124148 0.579545
v -0.511742 0.116711 0.590909
v -0.492060 0.133121 0.602273
v -0.511742 0.089931 0.545455
v -0.531425 0.076365 0.534091
v -0.531425 0.088047 0.556818
v -0.570789 0.070748 0.534091
v -0.590472 0.076163 0.545455
v -0.570789 0.081908 0.556818
v -0.590472 0.055873 0.500000
v -0.610154 0.052701 0.488636
v -0.610154 0.059301 0.511364
v -0.649519 0.054548 0.488636
v -0.669201 0.061313 0.500000
v -0.649519 0.062749 0.511364
v -0.669201 0.051105 0.454545
v -0.688884 0.052487 0.443182
v -0.688884 0.054882 0.465909
v -0.019682 0.243127 0.761364
v -0.039365 0.243903 0.772727
v -0.019682 0.246977 0.784091
v -0.039365 0.243546 0.727273
v -0.059047 0.255260 0.715909
v -0.059047 0.251501 0.738636
v -0.098412 0.261791 0.715909
v -0.118094 0.254644 0.727273
v -0.098412 0.250818 0.738636
v -0.118094 0.280636 0.681818
v -0.137777 0.287074 0.670455
v -0.137777 0.290939 0.693182
v -0.177142 0.277848 0.670455
v -0.196824 0.273279 0.681818
v -0.177142 0.285169 0.693182
v -0.196824 0.268329 0.636364
v -0.216506 0.264059 0.625000
v -0.216506 0.267357 0.647727
v -0.255871 0.263994 0.625000
v -0.275553 0.268229 0.636364
v -0.255871 0.262179 0.647727
v -0.275554 0.232927 0.590909
v -0.295236 0.217139 0.579545
v -0.295236 0.242084 0.602273
v -0.334601 0.212682 0.579545
v -0.354283 0.219161 0.590909
v -0.334601 0.235428 0.602273
v -0.354283 0.170053 0.545455
v -0.373966 0.149927 0.534091
v -0.373966 0.176101 0.556818
v -0.413330 0.132870 0.534091
v -0.433013 0.131567 0.545455
v -0.413330 0.152370 0.556818
v -0.433013 0.094563 0.500000
v -0.452695 0.079999 0.488636
v -0.452695 0.093460 0.511364
v -0.492060 0.068466 0.488636
v -0.511742 0.067060 0.500000
v -0.492060 0.078152 0.511364
v -0.511742 0.058917 0.454545
v -0.531425 0.056031 0.443182
v -0.531425 0.056645 0.465909
v -0.570789 0.052272 0.443182
v -0.590472 0.050778 0.454545
v -0.570789 0.052303 0.465909
v -0.590472 0.053187 0.409091
v -0.610154 0.053658 0.397727
v -0.610154 0.051387 0.420455
v -0.019682 0.178511 0.670455
v -0.039365 0.230644 0.681818
v -0.019682 0.235656 0.693182
v -0.039365 0.146996 0.636364
v -0.059047 0.152817 0.625000
v -0.059047 0.179838 0.647727
v -0.098412 0.188971 0.625000
v -0.118094 0.228412 0.636364
v -0.098412 0.224044 0.647727
v -0.118094 0.172619 0.590909
v -0.137777 0.181866 0.579545
v -0.137777 0.206687 0.602273
v -0.177142 0.222206 0.579545
v -0.196824 0.236500 0.590909
v -0.177142 0.248387 0.602273
v -0.196824 0.196710 0.545455
v -0.216506 0.192926 0.534091
v -0.216506 0.206600 0.556818
v -0.255871 0.193179 0.534091
v -0.275554 0.194394 0.545455
v -0.255871 0.206726 0.556818
v -0.275554 0.176100 0.500000
v -0.295236 0.165353 0.488636
v -0.295236 0.168675 0.511364
v -0.334601 0.136422 0.488636
v -0.354283 0.131289 0.500000
v -0.334601 0.150773 0.511364
v -0.354283 0.106730 0.454545
v -0.373966 0.090360 0.443182
v -0.373966 0.100181 0.465909
v -0.413330 0.075830 0.443182
v -0.433013 0.073547 0.454545
v -0.413330 0.083098 0.465909
v -0.433013 0.067607 0.409091
v -0.452695 0.064568 0.397727
v -0.452695 0.065326 0.420455
v -0.492060 0.060354 0.397727
v -0.511742 0.058308 0.409091
v -0.492060 0.060264 0.420455
v -0.511742 0.060890 0.363636
v -0.531425 0.061103 0.352273
v -0.531425 0.058701 0.375000
v -0.019682 0.089994 0.579545
v -0.039365 0.105383 0.590909
v -0.019682 0.106310 0.602273
v -0.039365 0.078057 0.545455
v -0.059047 0.083013 0.534091
v -0.059047 0.091546 0.556818
v -0.098412 0.103151 0.534091
v -0.118094 0.130705 0.545455
v -0.098412 0.122634 0.556818
v -0.118094 0.115190 0.500000
v -0.137777 0.133950 0.488636
v -0.137777 0.141389 0.511364
v -0.177142 0.168055 0.488636
v -0.196824 0.178872 0.500000
v -0.177142 0.176682 0.511364
v -0.196824 0.172956 0.454545
v -0.216506 0.174113 0.443182
v -0.216506 0.181016 0.465909
v -0.255871 0.157841 0.443182
v -0.275554 0.152311 0.454545
v -0.255871 0.167802 0.465909
v -0.275554 0.140590 0.409091
v -0.295236 0.130978 0.397727
v -0.295236 0.133393 0.420455
v -0.334601 0.110224 0.397727
v -0.354283 0.096577 0.409091
v -0.334601 0.112559 0.420455
v -0.354283 0.095138 0.363636
v -0.373966 0.084642 0.352273
v -0.373966 0.082143 0.375000
v -0.413330 0.072894 0.352273
v -0.433013 0.068248 0.363636
v -0.413330 0.070279 0.375000
v -0.433013 0.081125 0.318182
v -0.452695 0.082674 0.306818
v -0.452695 0.072697 0.329545
v -0.019682 0.062084 0.488636
v -0.039365 0.069230 0.500000
v -0.019682 0.064268 0.511364
v -0.039365 0.071166 0.454545
v -0.059047 0.086184 0.443182
v -0.059047 0.076592 0.465909
v -0.098412 0.109511 0.443182
v -0.118094 0.118516 0.454545
v -0.098412 0.100854 0.465909
v -0.118094 0.138548 0.409091
v -0.137777 0.158612 0.397727
v -0.137777 0.147667 0.420455
v -0.177142 0.171311 0.397727
v -0.196824 0.172544 0.409091
v -0.177142 0.166350 0.420455
v -0.196824 0.186555 0.363636
v -0.216506 0.181068 0.352273
v -0.216506 0.174089 0.375000
v -0.255871 0.153126 0.352273
v -0.275554 0.140224 0.363636
v -0.255871 0.148376 0.375000
v -0.275554 0.159394 0.318182
v -0.295236 0.157256 0.306818
v -0.295236 0.143646 0.329545
v -0.334601 0.133000 0.306818
v -0.354283 0.111056 0.318182
v -0.334601 0.118324 0.329545
v -0.354283 0.156419 0.272727
v -0.373966 0.150730 0.261364
v -0.373966 0.129431 0.284091
v -0.019682 0.094474 0.397727
v -0.039365 0.094920 0.409091
v -0.019682 0.079557 0.420455
v -0.039365 0.132022 0.363636
v -0.059047 0.152899 0.352273
v -0.059047 0.129999 0.375000
v -0.098412 0.174334 0.352273
v -0.118094 0.169656 0.363636
v -0.098412 0.148882 0.375000
v -0.118094 0.245180 0.318182
v -0.137777 0.250222 0.306818
v -0.137777 0.213521 0.329545
v -0.177142 0.225359 0.306818
v -0.196824 0.215583 0.318182
v -0.177142 0.201948 0.329545
v -0.196824 0.253307 0.272727
v -0.216506 0.243539 0.261364
v -0.216506 0.216762 0.284091
v -0.255871 0.213283 0.261364
v -0.275554 0.195806 0.272727
v -0.255871 0.190413 0.284091
v -0.275554 0.250036 0.227273
v -0.295236 0.238694 0.215909
v -0.295236 0.216595 0.238636
v -0.019682 0.208791 0.306818
v -0.039365 0.198184 0.318182
v -0.019682 0.169210 0.329545
v -0.039365 0.262103 0.272727
v -0.059047 0.277712 0.261364
v -0.059047 0.260772 0.284091
v -0.098412 0.294604 0.261364
v -0.118094 0.286298 0.272727
v -0.098412 0.278875 0.284091
v -0.118094 0.333097 0.227273
v -0.137777 0.363833 0.215909
v -0.137777 0.336064 0.238636
v -0.177142 0.364768 0.215909
v -0.196824 0.345136 0.227273
v -0.177142 0.343448 0.238636
v -0.196824 0.418594 0.181818
v -0.216506 0.417956 0.170455
v -0.216506 0.390645 0.193182
v -0.019682 0.336269 0.215909
v -0.039365 0.318628 0.227273
v -0.019682 0.299965 0.238636
v -0.039365 0.385138 0.181818
v -0.059047 0.399411 0.170455
v -0.059047 0.366576 0.193182
v -0.098412 0.413423 0.170455
v -0.118094 0.415056 0.181818
v -0.098412 0.384429 0.193182
v -0.118094 0.491000 0.136364
v -0.137777 0.513860 0.125000
v -0.137777 0.477940 0.147727
v -0.019682 0.486410 0.125000
v -0.039365 0.462108 0.136364
v -0.019682 0.443941 0.147727
v -0.039365 0.529876 0.090909
v -0.059047 0.520173 0.079545
v -0.059047 0.526023 0.102273
v -0.728249 0.060120 0.443182
v -0.747931 0.069333 0.454545
v -0.728249 0.065328 0.465909
v -0.649519 0.053581 0.397727
v -0.669201 0.052845 0.409091
v -0.649519 0.050986 0.420455
v -0.570789 0.059902 0.352273
v -0.590472 0.058083 0.363636
v -0.570789 0.057072 0.375000
v -0.492060 0.074726 0.306818
v -0.511742 0.068694 0.318182
v -0.492060 0.067708 0.329545
v -0.413330 0.134645 0.261364
v -0.433013 0.116941 0.272727
v -0.413330 0.113082 0.284091
v -0.334601 0.204961 0.215909
v -0.354283 0.182760 0.227273
v -0.334601 0.186226 0.238636
v -0.255871 0.394349 0.170455
v -0.275554 0.335606 0.181818
v -0.255871 0.357621 0.193182
v -0.177142 0.488188 0.125000
v -0.196824 0.465978 0.136364
v -0.177142 0.467810 0.147727
v -0.098412 0.560191 0.079545
v -0.118094 0.577809 0.090909
v -0.098412 0.546567 0.102273
v -0.019682 0.452877 0.034091
v -0.039365 0.467793 0.045455
v -0.019682 0.481017 0.056818
v 0.806978 0.095126 0.488636
v 0.806978 0.098280 0.511364
v 0.826661 0.098316 0.500000
v 0.767613 0.090264 0.488636
v 0.747931 0.090281 0.500000
v 0.767613 0.094716 0.511364
v 0.728249 0.095149 0.534091
v 0.728249 0.098280 0.556818
v 0.747931 0.098322 0.545455
v 0.688884 0.090322 0.534091
v 0.669201 0.091114 0.545455
v 0.688884 0.095162 0.556818
v 0.649519 0.095470 0.579545
v 0.649519 0.098399 0.602273
v 0.669201 0.098400 0.590909
v 0.610154 0.091161 0.579545
v 0.590472 0.091188 0.590909
v 0.610154 0.095589 0.602273
v 0.570789 0.095805 0.625000
v 0.570789 0.098463 0.647727
v 0.590472 0.098467 0.636364
v 0.531425 0.091218 0.625000
v 0.511742 0.091171 0.636364
v 0.531425 0.095466 0.647727
v 0.492060 0.095138 0.670455
v 0.492060 0.098145 0.693182
v 0.511742 0.098265 0.681818
v 0.452695 0.090367 0.670455
v 0.433013 0.090382 0.681818
v 0.452695 0.094719 0.693182
v 0.413330 0.095190 0.715909
v 0.413330 0.098263 0.738636
v 0.433013 0.098294 0.727273
v 0.373966 0.090816 0.715909
v 0.354283 0.091111 0.727273
v 0.373966 0.094930 0.738636
v 0.334601 0.095480 0.761364
v 0.334601 0.098310 0.784091
v 0.354283 0.098186 0.772727
v 0.295236 0.092303 0.761364
v 0.275554 0.093510 0.772727
v 0.295236 0.095581 0.784091
v 0.255871 0.097151 0.806818
v 0.255871 0.098717 0.829545
v 0.275554 0.098599 0.818182
v 0.216506 0.099751 0.806818
v 0.196824 0.101822 0.818182
v 0.216506 0.098016 0.829545
v 0.177142 0.099548 0.852273
v 0.177142 0.099257 0.875000
v 0.196824 0.099096 0.863636
v 0.137777 0.116203 0.852273
v 0.118094 0.132437 0.863636
v 0.137777 0.102105 0.875000
v 0.098412 0.106401 0.897727
v 0.098412 0.099940 0.920455
v 0.118094 0.099892 0.909091
v 0.059047 0.139059 0.897727
v 0.039365 0.123526 0.909091
v 0.059047 0.103877 0.920455
v 0.728249 0.076698 0.443182
v 0.728249 0.080690 0.465909
v 0.747931 0.080671 0.454545
v 0.688884 0.073852 0.443182
v 0.669201 0.073803 0.454545
v 0.688884 0.076694 0.465909
v 0.649519 0.076700 0.488636
v 0.649519 0.080783 0.511364
v 0.669201 0.080750 0.500000
v 0.610154 0.073636 0.488636
v 0.590472 0.073567 0.500000
v 0.610154 0.076632 0.511364
v 0.570789 0.076590 0.534091
v 0.570789 0.080848 0.556818
v 0.590472 0.080768 0.545455
v 0.531425 0.073538 0.534091
v 0.511742 0.073505 0.545455
v 0.531425 0.076795 0.556818
v 0.492060 0.076589 0.579545
v 0.492060 0.080924 0.602273
v 0.511742 0.081089 0.590909
v 0.452695 0.070540 0.579545
v 0.433013 0.068556 0.590909
v 0.452695 0.074756 0.602273
v 0.413330 0.072167 0.625000
v 0.413330 0.078827 0.647727
v 0.433013 0.079287 0.636364
v 0.373966 0.063286 0.625000
v 0.354283 0.063100 0.636364
v 0.373966 0.070996 0.647727
v 0.334601 0.072077 0.670455
v 0.334601 0.079884 0.693182
v 0.354283 0.079274 0.681818
v 0.295236 0.064975 0.670455
v 0.275554 0.065101 0.681818
v 0.295236 0.072994 0.693182
v 0.255871 0.076798 0.715909
v 0.255871 0.085791 0.738636
v 0.275554 0.082493 0.727273
v 0.216506 0.078285 0.715909
v 0.196824 0.086954 0.727273
v 0.216506 0.086948 0.738636
v 0.177142 0.106255 0.761364
v 0.177142 0.112863 0.784091
v 0.196824 0.102645 0.772727
v 0.137777 0.130000 0.761364
v 0.118094 0.155282 0.772727
v 0.137777 0.142003 0.784091
v 0.098412 0.192736 0.806818
v 0.098412 0.209171 0.829545
v 0.118094 0.181616 0.818182
v 0.059047 0.227657 0.806818
v 0.039365 0.259492 0.818182
v 0.059047 0.256845 0.829545
v 0.649519 0.071487 0.397727
v 0.649519 0.071478 0.420455
v 0.669201 0.071624 0.409091
v 0.610154 0.071382 0.397727
v 0.590472 0.071147 0.409091
v 0.610154 0.071025 0.420455
v 0.570789 0.070643 0.443182
v 0.570789 0.070873 0.465909
v 0.590472 0.071008 0.454545
v 0.531425 0.070197 0.443182
v 0.511742 0.069265 0.454545
v 0.531425 0.070069 0.465909
v 0.492060 0.067875 0.488636
v 0.492060 0.068818 0.511364
v 0.511742 0.069897 0.500000
v 0.452695 0.062361 0.488636
v 0.433013 0.058906 0.500000
v 0.452695 0.063275 0.511364
v 0.413330 0.056703 0.534091
v 0.413330 0.059081 0.556818
v 0.433013 0.062293 0.545455
v 0.373966 0.046646 0.534091
v 0.354283 0.042586 0.545455
v 0.373966 0.048859 0.556818
v 0.334601 0.042845 0.579545
v 0.334601 0.048363 0.602273
v 0.354283 0.049517 0.590909
v 0.295236 0.036362 0.579545
v 0.275554 0.036577 0.590909
v 0.295236 0.042120 0.602273
v 0.255871 0.043139 0.625000
v 0.255871 0.049741 0.647727
v 0.275554 0.049928 0.636364
v 0.216506 0.038727 0.625000
v 0.196824 0.044078 0.636364
v 0.216506 0.045479 0.647727
v 0.177142 0.064704 0.670455
v 0.177142 0.076191 0.693182
v 0.196824 0.063478 0.681818
v 0.137777 0.087330 0.670455
v 0.118094 0.105014 0.681818
v 0.137777 0.099217 0.693182
v 0.098412 0.137218 0.715909
v 0.098412 0.153735 0.738636
v 0.118094 0.132447 0.727273
v 0.059047 0.157883 0.715909
v 0.039365 0.174622 0.727273
v 0.059047 0.172692 0.738636
v 0.570789 0.072753 0.352273
v 0.570789 0.071868 0.375000
v 0.590472 0.072155 0.363636
v 0.531425 0.073110 0.352273
v 0.511742 0.072201 0.363636
v 0.531425 0.071888 0.375000
v 0.492060 0.069163 0.397727
v 0.492060 0.068269 0.420455
v 0.511742 0.070053 0.409091
v 0.452695 0.064304 0.397727
v 0.433013 0.059882 0.409091
v 0.452695 0.062924 0.420455
v 0.413330 0.053759 0.443182
v 0.413330 0.053467 0.465909
v 0.433013 0.058043 0.454545
v 0.373966 0.044020 0.443182
v 0.354283 0.038959 0.454545
v 0.373966 0.043532 0.465909
v 0.334601 0.034594 0.488636
v 0.334601 0.035352 0.511364
v 0.354283 0.039335 0.500000
v 0.295236 0.028588 0.488636
v 0.275554 0.027118 0.500000
v 0.295236 0.028945 0.511364
v 0.255871 0.027309 0.534091
v 0.255871 0.029069 0.556818
v 0.275554 0.029116 0.545455
v 0.216506 0.027768 0.534091
v 0.196824 0.029539 0.545455
v 0.216506 0.029054 0.556818
v 0.177142 0.036103 0.579545
v 0.177142 0.041563 0.602273
v 0.196824 0.034582 0.590909
v 0.137777 0.042790 0.579545
v 0.118094 0.049907 0.590909
v 0.137777 0.052537 0.602273
v 0.098412 0.073951 0.625000
v 0.098412 0.089970 0.647727
v 0.118094 0.077316 0.636364
v 0.059047 0.083153 0.625000
v 0.039365 0.097256 0.636364
v 0.059047 0.100188 0.647727
v 0.492060 0.078574 0.306818
v 0.492060 0.075038 0.329545
v 0.511742 0.076509 0.318182
v 0.452695 0.077998 0.306818
v 0.433013 0.073610 0.318182
v 0.452695 0.072914 0.329545
v 0.413330 0.063319 0.352273
v 0.413330 0.059506 0.375000
v 0.433013 0.064747 0.363636
v 0.373966 0.056138 0.352273
v 0.354283 0.049777 0.363636
v 0.373966 0.051229 0.375000
v 0.334601 0.039740 0.397727
v 0.334601 0.036977 0.420455
v 0.354283 0.042024 0.409091
v 0.295236 0.035220 0.397727
v 0.275554 0.032566 0.409091
v 0.295236 0.031939 0.420455
v 0.255871 0.028565 0.443182
v 0.255871 0.027204 0.465909
v 0.275554 0.028110 0.454545
v 0.216506 0.030170 0.443182
v 0.196824 0.030629 0.454545
v 0.216506 0.028428 0.465909
v 0.177142 0.030275 0.488636
v 0.177142 0.029974 0.511364
v 0.196824 0.028505 0.500000
v 0.137777 0.033982 0.488636
v 0.118094 0.035856 0.500000
v 0.137777 0.033754 0.511364
v 0.098412 0.039812 0.534091
v 0.098412 0.042653 0.556818
v 0.118094 0.038189 0.545455
v 0.059047 0.046695 0.534091
v 0.039365 0.052608 0.545455
v 0.059047 0.049961 0.556818
v 0.413330 0.096343 0.261364
v 0.413330 0.084529 0.284091
v 0.433013 0.089675 0.272727
v 0.373966 0.101087 0.261364
v 0.354283 0.094288 0.272727
v 0.373966 0.084872 0.284091
v 0.334601 0.070977 0.306818
v 0.334601 0.058860 0.329545
v 0.354283 0.065433 0.318182
v 0.295236 0.074977 0.306818
v 0.275554 0.069824 0.318182
v 0.295236 0.059619 0.329545
v 0.255871 0.051039 0.352273
v 0.255871 0.041331 0.375000
v 0.275554 0.044306 0.363636
v 0.216506 0.057882 0.352273
v 0.196824 0.056014 0.363636
v 0.216506 0.046244 0.375000
v 0.177142 0.045109 0.397727
v 0.177142 0.038163 0.420455
v 0.196824 0.037958 0.409091
v 0.137777 0.055268 0.397727
v 0.118094 0.054052 0.409091
v 0.137777 0.045310 0.420455
v 0.098412 0.043610 0.443182
v 0.098412 0.039644 0.465909
v 0.118094 0.039037 0.454545
v 0.059047 0.049069 0.443182
v 0.039365 0.049843 0.454545
v 0.059047 0.044893 0.465909
v 0.334601 0.157001 0.215909
v 0.334601 0.133582 0.238636
v 0.354283 0.137774 0.227273
v 0.295236 0.171110 0.215909
v 0.275554 0.157986 0.227273
v 0.295236 0.140154 0.238636
v 0.255871 0.124009 0.261364
v 0.255871 0.104063 0.284091
v 0.275554 0.109308 0.272727
v 0.216506 0.136448 0.261364
v 0.196824 0.135919 0.272727
v 0.216506 0.117643 0.284091
v 0.177142 0.110536 0.306818
v 0.177142 0.086730 0.329545
v 0.196824 0.090707 0.318182
v 0.137777 0.128889 0.306818
v 0.118094 0.126724 0.318182
v 0.137777 0.103637 0.329545
v 0.098412 0.100826 0.352273
v 0.098412 0.081000 0.375000
v 0.118094 0.083907 0.363636
v 0.059047 0.108136 0.352273
v 0.039365 0.101914 0.363636
v 0.059047 0.088478 0.375000
v 0.255871 0.249103 0.170455
v 0.255871 0.215502 0.193182
v 0.275554 0.223556 0.181818
v 0.216506 0.283015 0.170455
v 0.196824 0.273366 0.181818
v 0.216506 0.231615 0.193182
v 0.177142 0.210200 0.215909
v 0.177142 0.177711 0.238636
v 0.196824 0.182844 0.227273
v 0.137777 0.237861 0.215909
v 0.118094 0.237807 0.227273
v 0.137777 0.199937 0.238636
v 0.098412 0.204922 0.261364
v 0.098412 0.177328 0.284091
v 0.118094 0.180841 0.272727
v 0.059047 0.241709 0.261364
v 0.039365 0.229317 0.272727
v 0.059047 0.194888 0.284091
v 0.177142 0.424424 0.125000
v 0.177142 0.387761 0.147727
v 0.196824 0.399196 0.136364
v 0.137777 0.440827 0.125000
v 0.118094 0.440800 0.136364
v 0.137777 0.405042 0.147727
v 0.098412 0.398125 0.170455
v 0.098412 0.367255 0.193182
v 0.118094 0.359604 0.181818
v 0.059047 0.453777 0.170455
v 0.039365 0.417830 0.181818
v 0.059047 0.419576 0.193182
v 0.098412 0.528417 0.079545
v 0.098412 0.520892 0.102273
v 0.118094 0.514033 0.090909
v 0.059047 0.571923 0.079545
v 0.039365 0.563215 0.090909
v 0.059047 0.569167 0.102273
v 0.019682 0.278257 0.852273
v 0.019682 0.226107 0.875000
v 0.039365 0.274000 0.863636
v 0.019682 0.208662 0.761364
v 0.019682 0.228295 0.784091
v 0.039365 0.204541 0.772727
v 0.019682 0.144047 0.670455
v 0.019682 0.176963 0.693182
v 0.039365 0.145643 0.681818
v 0.019682 0.067845 0.579545
v 0.019682 0.082181 0.602273
v 0.039365 0.065644 0.590909
v 0.019682 0.051861 0.488636
v 0.019682 0.053272 0.511364
v 0.039365 0.048020 0.500000
v 0.019682 0.081294 0.397727
v 0.019682 0.067498 0.420455
v 0.039365 0.068524 0.409091
v 0.019682 0.178578 0.306818
v 0.019682 0.145094 0.329545
v 0.039365 0.151169 0.318182
v 0.019682 0.346585 0.215909
v 0.019682 0.311383 0.238636
v 0.039365 0.333957 0.227273
v 0.019682 0.496062 0.125000
v 0.019682 0.465448 0.147727
v 0.039365 0.496012 0.136364
v 0.019682 0.466443 0.034091
v 0.019682 0.491821 0.056818
v 0.039365 0.500119 0.045455
v 0.059047 0.468559 0.011364
v 0.059047 0.444278 -0.011364
v 0.039365 0.444047 -0.000000
v 0.098412 0.460637 0.011364
v 0.118094 0.437537 -0.000000
v 0.098412 0.440816 -0.011364
v 0.137777 0.406856 -0.034091
v 0.137777 0.387459 -0.056818
v 0.118094 0.395379 -0.045455
v 0.177142 0.389034 -0.034091
v 0.196824 0.382491 -0.045455
v 0.177142 0.387454 -0.056818
v 0.216506 0.376172 -0.079545
v 0.216506 0.372745 -0.102273
v 0.196824 0.377807 -0.090909
v 0.255871 0.377271 -0.079545
v 0.275554 0.398861 -0.090909
v 0.255871 0.379252 -0.102273
v 0.295236 0.279244 -0.125000
v 0.295236 0.244188 -0.147727
v 0.275554 0.269625 -0.136364
v 0.334601 0.269200 -0.125000
v 0.354283 0.242222 -0.136364
v 0.334601 0.228418 -0.147727
v 0.373966 0.192291 -0.170455
v 0.373966 0.166362 -0.193182
v 0.354283 0.182120 -0.181818
v 0.413330 0.196638 -0.170455
v 0.433013 0.187888 -0.181818
v 0.413330 0.166677 -0.193182
v 0.452695 0.143664 -0.215909
v 0.452695 0.117623 -0.238636
v 0.433013 0.129577 -0.227273
v 0.492060 0.134462 -0.215909
v 0.511742 0.116968 -0.227273
v 0.492060 0.108789 -0.238636
v 0.531425 0.080503 -0.261364
v 0.531425 0.066330 -0.284091
v 0.511742 0.075939 -0.272727
v 0.570789 0.078123 -0.261364
v 0.590472 0.071338 -0.272727
v 0.570789 0.063813 -0.284091
v 0.610154 0.056694 -0.306818
v 0.610154 0.050348 -0.329545
v 0.590472 0.050910 -0.318182
v 0.649519 0.065678 -0.306818
v 0.669201 0.068038 -0.318182
v 0.649519 0.059565 -0.329545
v 0.688884 0.066674 -0.352273
v 0.688884 0.064738 -0.375000
v 0.669201 0.060174 -0.363636
v 0.728249 0.076229 -0.352273
v 0.747931 0.079863 -0.363636
v 0.728249 0.074502 -0.375000
v 0.767613 0.083115 -0.397727
v 0.767613 0.082832 -0.420455
v 0.747931 0.078454 -0.409091
v 0.806978 0.091103 -0.397727
v 0.826661 0.094914 -0.409091
v 0.806978 0.090960 -0.420455
v 0.137777 0.475359 0.056818
v 0.137777 0.451855 0.034091
v 0.118094 0.473255 0.045455
v 0.177142 0.470450 0.056818
v 0.196824 0.459819 0.045455
v 0.177142 0.444240 0.034091
v 0.216506 0.425421 0.011364
v 0.216506 0.402774 -0.011364
v 0.196824 0.412969 -0.000000
v 0.255871 0.439271 0.011364
v 0.275554 0.437511 -0.000000
v 0.255871 0.414399 -0.011364
v 0.295236 0.427166 -0.034091
v 0.295236 0.415483 -0.056818
v 0.275554 0.403753 -0.045455
v 0.334601 0.463148 -0.034091
v 0.354283 0.442417 -0.045455
v 0.334601 0.435475 -0.056818
v 0.373966 0.365914 -0.079545
v 0.373966 0.319267 -0.102273
v 0.354283 0.364478 -0.090909
v 0.413330 0.339470 -0.079545
v 0.433013 0.322570 -0.090909
v 0.413330 0.321535 -0.102273
v 0.452695 0.280348 -0.125000
v 0.452695 0.245853 -0.147727
v 0.433013 0.261492 -0.136364
v 0.492060 0.267881 -0.125000
v 0.511742 0.254713 -0.136364
v 0.492060 0.252041 -0.147727
v 0.531425 0.195166 -0.170455
v 0.531425 0.156546 -0.193182
v 0.511742 0.177825 -0.181818
v 0.570789 0.185001 -0.170455
v 0.590472 0.167945 -0.181818
v 0.570789 0.150162 -0.193182
v 0.610154 0.122162 -0.215909
v 0.610154 0.100037 -0.238636
v 0.590472 0.109259 -0.227273
v 0.649519 0.127827 -0.215909
v 0.669202 0.120670 -0.227273
v 0.649519 0.105952 -0.238636
v 0.688884 0.099073 -0.261364
v 0.688884 0.086441 -0.284091
v 0.669201 0.086475 -0.272727
v 0.728249 0.101005 -0.261364
v 0.747931 0.094205 -0.272727
v 0.728249 0.091072 -0.284091
v 0.767613 0.088194 -0.306818
v 0.767613 0.086716 -0.329545
v 0.747931 0.083945 -0.318182
v 0.806978 0.092650 -0.306818
v 0.826661 0.095278 -0.318182
v 0.806978 0.092350 -0.329545
v 0.216506 0.446161 0.102273
v 0.216506 0.482596 0.079545
v 0.196824 0.472360 0.090909
v 0.255871 0.379856 0.102273
v 0.275554 0.379255 0.090909
v 0.255871 0.467352 0.079545
v 0.295236 0.445083 0.056818
v 0.295236 0.494713 0.034091
v 0.275554 0.491437 0.045455
v 0.334601 0.402638 0.056818
v 0.354283 0.406690 0.045455
v 0.334601 0.470053 0.034091
v 0.373966 0.446794 0.011364
v 0.373966 0.434689 -0.011364
v 0.354283 0.473870 -0.000000
v 0.413330 0.363255 0.011364
v 0.433013 0.353796 0.000000
v 0.413330 0.387866 -0.011364
v 0.452695 0.358521 -0.034091
v 0.452695 0.352719 -0.056818
v 0.433013 0.367924 -0.045455
v 0.492060 0.342704 -0.034091
v 0.511742 0.355349 -0.045455
v 0.492060 0.356027 -0.056818
v 0.531425 0.339582 -0.079545
v 0.531425 0.302771 -0.102273
v 0.511742 0.315740 -0.090909
v 0.570789 0.354363 -0.079545
v 0.590472 0.339187 -0.090909
v 0.570790 0.311148 -0.102273
v 0.610154 0.275548 -0.125000
v 0.610154 0.230847 -0.147727
v 0.590472 0.249742 -0.136364
v 0.649519 0.270885 -0.125000
v 0.669201 0.247326 -0.136364
v 0.649519 0.228836 -0.147727
v 0.688884 0.197060 -0.170455
v 0.688884 0.167610 -0.193182
v 0.669201 0.172958 -0.181818
v 0.728249 0.180947 -0.170455
v 0.747931 0.159036 -0.181818
v 0.728249 0.156045 -0.193182
v 0.767613 0.115343 -0.215909
v 0.767613 0.104903 -0.238636
v 0.747931 0.116289 -0.227273
v 0.806978 0.099153 -0.215909
v 0.826661 0.096223 -0.227273
v 0.806978 0.096259 -0.238636
v 0.295236 0.269575 0.147727
v 0.295236 0.299244 0.125000
v 0.275554 0.291245 0.136364
v 0.334601 0.246737 0.147727
v 0.354283 0.248584 0.136364
v 0.334601 0.278685 0.125000
v 0.373966 0.290543 0.102273
v 0.373966 0.320859 0.079545
v 0.354283 0.319596 0.090909
v 0.413330 0.236043 0.102273
v 0.433013 0.235823 0.090909
v 0.413330 0.270980 0.079545
v 0.452695 0.255243 0.056818
v 0.452695 0.283033 0.034091
v 0.433013 0.292138 0.045455
v 0.492060 0.231871 0.056818
v 0.511742 0.234250 0.045455
v 0.492060 0.254583 0.034091
v 0.531425 0.274782 0.011364
v 0.531425 0.299627 -0.011364
v 0.511742 0.287679 0.000000
v 0.570789 0.261200 0.011364
v 0.590472 0.270408 0.000000
v 0.570789 0.289810 -0.011364
v 0.610154 0.288716 -0.034091
v 0.610154 0.327307 -0.056818
v 0.590472 0.324129 -0.045455
v 0.649519 0.258786 -0.034091
v 0.669202 0.255648 -0.045455
v 0.649519 0.292673 -0.056818
v 0.688884 0.290552 -0.079545
v 0.688884 0.307617 -0.102273
v 0.669201 0.324502 -0.090909
v 0.728249 0.255801 -0.079545
v 0.747931 0.272454 -0.090909
v 0.728249 0.275994 -0.102273
v 0.767613 0.208261 -0.125000
v 0.767613 0.181359 -0.147727
v 0.747931 0.210150 -0.136364
v 0.806978 0.127487 -0.125000
v 0.826661 0.101265 -0.136364
v 0.806978 0.119549 -0.147727
v 0.373966 0.165034 0.193182
v 0.373966 0.189714 0.170455
v 0.354283 0.188443 0.181818
v 0.413330 0.143108 0.193182
v 0.433013 0.144627 0.181818
v 0.413330 0.164558 0.170455
v 0.452695 0.163739 0.147727
v 0.452695 0.181520 0.125000
v 0.433013 0.182591 0.136364
v 0.492060 0.149985 0.147727
v 0.511742 0.153206 0.136364
v 0.492060 0.164910 0.125000
v 0.531425 0.177069 0.102273
v 0.531425 0.196946 0.079545
v 0.511742 0.194294 0.090909
v 0.570789 0.164870 0.102273
v 0.590472 0.167790 0.090909
v 0.570789 0.190523 0.079545
v 0.610154 0.197188 0.056818
v 0.610154 0.221070 0.034091
v 0.590472 0.221661 0.045455
v 0.649519 0.184283 0.056818
v 0.669201 0.175238 0.045455
v 0.649519 0.194058 0.034091
v 0.688884 0.184457 0.011364
v 0.688884 0.205638 -0.011364
v 0.669201 0.213177 0.000000
v 0.728249 0.155528 0.011364
v 0.747931 0.157494 0.000000
v 0.728249 0.178073 -0.011364
v 0.767613 0.179935 -0.034091
v 0.767613 0.204854 -0.056818
v 0.747931 0.202824 -0.045455
v 0.806978 0.124596 -0.034091
v 0.826661 0.103122 -0.045455
v 0.806978 0.134875 -0.056818
v 0.452695 0.103967 0.238636
v 0.452695 0.115374 0.215909
v 0.433013 0.113817 0.227273
v 0.492060 0.098051 0.238636
v 0.511742 0.099914 0.227273
v 0.492060 0.107894 0.215909
v 0.531425 0.111683 0.193182
v 0.531425 0.124518 0.170455
v 0.511742 0.122193 0.181818
v 0.570789 0.105550 0.193182
v 0.590472 0.105036 0.181818
v 0.570789 0.114719 0.170455
v 0.610154 0.116579 0.147727
v 0.610154 0.128707 0.125000
v 0.590472 0.129294 0.136364
v 0.649519 0.107650 0.147727
v 0.669201 0.112008 0.136364
v 0.649519 0.120818 0.125000
v 0.688884 0.129101 0.102273
v 0.688884 0.138328 0.079545
v 0.669201 0.143549 0.090909
v 0.728249 0.109919 0.102273
v 0.747931 0.108322 0.090909
v 0.728249 0.118054 0.079545
v 0.767613 0.115153 0.056818
v 0.767613 0.125016 0.034091
v 0.747931 0.126399 0.045455
v 0.806978 0.101072 0.056818
v 0.826661 0.099002 0.045455
v 0.806978 0.103976 0.034091
v 0.531425 0.080652 0.284091
v 0.531425 0.085246 0.261364
v 0.511742 0.084468 0.272727
v 0.570789 0.078418 0.284091
v 0.590472 0.078822 0.272727
v 0.570789 0.081835 0.261364
v 0.610154 0.082777 0.238636
v 0.610154 0.089767 0.215909
v 0.590472 0.089509 0.227273
v 0.649519 0.080322 0.238636
v 0.669201 0.081338 0.227273
v 0.649519 0.084171 0.215909
v 0.688884 0.090087 0.193182
v 0.688884 0.096869 0.170455
v 0.669201 0.091942 0.181818
v 0.728249 0.083397 0.193182
v 0.747931 0.085147 0.181818
v 0.728249 0.089733 0.170455
v 0.767613 0.093009 0.147727
v 0.767613 0.097571 0.125000
v 0.747931 0.095896 0.136364
v 0.806978 0.094911 0.147727
v 0.826661 0.096854 0.136364
v 0.806978 0.096290 0.125000
v 0.610154 0.073373 0.329545
v 0.610154 0.074685 0.306818
v 0.590472 0.074421 0.318182
v 0.649519 0.072820 0.329545
v 0.669201 0.073039 0.318182
v 0.649519 0.073828 0.306818
v 0.688884 0.075181 0.284091
v 0.688884 0.077135 0.261364
v 0.669201 0.075995 0.272727
v 0.728249 0.076171 0.284091
v 0.747931 0.078501 0.272727
v 0.728249 0.077072 0.261364
v 0.767613 0.082910 0.238636
v 0.767613 0.083997 0.215909
v 0.747931 0.080669 0.227273
v 0.806978 0.090790 0.238636
v 0.826661 0.095306 0.227273
v 0.806978 0.091122 0.215909
v 0.688884 0.071997 0.375000
v 0.688884 0.072298 0.352273
v 0.669201 0.071879 0.363636
v 0.728249 0.074129 0.375000
v 0.747931 0.076937 0.363636
v 0.728249 0.074451 0.352273
v 0.767613 0.081092 0.329545
v 0.767613 0.081269 0.306818
v 0.747931 0.077548 0.318182
v 0.806978 0.091075 0.329545
v 0.826661 0.095146 0.318182
v 0.806978 0.090370 0.306818
v 0.767613 0.080636 0.420455
v 0.767613 0.080658 0.397727
v 0.747931 0.076703 0.409091
v 0.806978 0.090980 0.420455
v 0.826661 0.095111 0.409091
v 0.806978 0.090207 0.397727
v 0.846343 0.098052 -0.352273
v 0.846343 0.098039 -0.375000
v 0.826661 0.095057 -0.363636
v 0.846343 0.098102 -0.261364
v 0.846343 0.098080 -0.284091
v 0.826661 0.094920 -0.272727
v 0.846343 0.098616 -0.170455
v 0.846343 0.098419 -0.193182
v 0.826661 0.097989 -0.181818
v 0.846343 0.099267 -0.079545
v 0.846343 0.099231 -0.102273
v 0.826661 0.104543 -0.090909
v 0.846343 0.099406 0.011364
v 0.846343 0.099487 -0.011364
v 0.826661 0.101257 0.000000
v 0.846343 0.098844 0.102273
v 0.846343 0.098966 0.079545
v 0.826661 0.097569 0.090909
v 0.846343 0.098358 0.193182
v 0.846343 0.098466 0.170455
v 0.826661 0.095416 0.181818
v 0.846343 0.098281 0.284091
v 0.846343 0.098285 0.261364
v 0.826661 0.094639 0.272727
v 0.846343 0.098274 0.375000
v 0.846343 0.098316 0.352273
v 0.826661 0.095121 0.363636
v 0.846343 0.098388 0.465909
v 0.846343 0.098390 0.443182
v 0.826661 0.095405 0.454545
v 0.846343 0.098028 -0.443182
v 0.846343 0.098028 -0.465909
v 0.826661 0.094880 -0.454545
v 0.019682 0.101759 0.943182
v 0.019682 0.099874 0.965909
v 0.039365 0.099859 0.954545
v -0.806978 0.093964 0.488636
v -0.826661 0.098041 0.500000
v -0.806978 0.097729 0.511364
v -0.826661 0.101255 -0.454545
v -0.846343 0.099984 -0.465909
v -0.846343 0.099997 -0.443182
v -0.019682 0.100612 -0.943182
v -0.019682 0.099375 -0.965909
v -0.039365 0.099145 -0.954545
v 0.806978 0.094865 -0.488636
v 0.826661 0.098026 -0.500000
v 0.806978 0.098022 -0.511364
vn -0.0000 0.9998 0.0184
vn 0.0014 1.0000 0.0008
vn 0.0661 0.9971 -0.0381
vn -0.0000 1.0000 -0.0043
vn -0.0605 0.9976 -0.0349
vn -0.0747 0.9963 0.0431
vn -0.4027 0.6005 -0.6908
vn 0.0040 1.0000 0.0059
vn 0.0115 0.9998 0.0174
vn 0.0217 0.9992 0.0336
vn 0.0513 0.9957 0.0778
vn 0.0955 0.9845 0.1470
vn 0.0791 0.9842 0.1583
vn 0.0875 0.9845 0.1519
vn 0.0808 0.9865 0.1424
vn 0.0597 0.9915 0.1153
vn 0.0288 0.9978 0.0590
vn 0.0986 0.9951 0.0016
vn 0.0514 0.9987 0.0042
vn 0.0130 0.9999 0.0004
vn 0.0093 1.0000 0.0008
vn -0.0006 1.0000 -0.0000
vn -0.0081 1.0000 0.0005
vn -0.0067 1.0000 -0.0023
vn 0.0355 0.9994 0.0038
vn -0.0019 1.0000 -0.0001
vn -0.0007 1.0000 -0.0003
vn 0.0009 1.0000 -0.0007
vn -0.0005 1.0000 0.0009
vn -0.0017 1.0000 0.0022
vn 0.0013 1.0000 -0.0032
vn 0.0032 1.0000 -0.0070
vn 0.0096 0.9998 -0.0168
vn 0.0198 0.9989 -0.0413
vn 0.0483 0.9944 -0.0936
vn 0.0738 0.9879 -0.1367
vn 0.0745 0.9903 -0.1171
vn -0.0463 0.9957 -0.0802
vn -0.0425 0.9963 -0.0747
vn -0.0395 0.9968 -0.0690
vn -0.0428 0.9965 -0.0712
vn -0.0470 0.9956 -0.0814
vn -0.0460 0.9957 -0.0802
vn -0.0382 0.9968 -0.0700
vn -0.0260 0.9985 -0.0490
vn -0.0087 0.9997 -0.0217
vn -0.0033 1.0000 -0.0051
vn -0.0996 0.9950 -0.0000
vn -0.0978 0.9952 -0.0001
vn -0.0926 0.9957 -0.0008
vn -0.0551 0.9985 -0.0027
vn -0.0308 0.9995 -0.0014
vn -0.0423 0.9991 0.0020
vn -0.0682 0.9977 0.0018
vn -0.0861 0.9963 0.0002
vn -0.0862 0.9963 -0.0006
vn -0.0864 0.9963 -0.0006
vn -0.0078 0.9999 0.0145
vn -0.0163 0.9993 0.0327
vn -0.0002 0.9999 0.0106
vn -0.0144 0.9997 0.0197
vn -0.0197 0.9990 0.0402
vn -0.0388 0.9966 0.0727
vn -0.0543 0.9938 0.0967
vn -0.0566 0.9938 0.0960
vn -0.0514 0.9948 0.0883
vn -0.0501 0.9950 0.0867
vn 0.0802 0.7135 -0.6961
vn -0.1012 0.6794 -0.7267
vn 0.0055 0.3887 -0.9213
vn 0.2082 0.7046 -0.6784
vn 0.0769 0.7415 -0.6665
vn 0.1392 0.8075 -0.5732
vn 0.0583 0.9563 -0.2864
vn -0.2311 0.9694 -0.0824
vn -0.2298 0.9728 0.0298
vn -0.1537 0.9847 0.0826
vn 0.3033 0.9461 -0.1137
vn 0.1807 0.9682 0.1728
vn 0.0323 0.9848 0.1704
vn -0.0276 0.9723 0.2322
vn -0.2650 0.7338 0.6255
vn -0.3073 0.8228 0.4782
vn -0.6888 0.4572 0.5626
vn -0.3234 0.6560 0.6820
vn -0.4736 0.5592 0.6804
vn 0.5581 0.4949 -0.6660
vn -0.5341 0.7785 -0.3296
vn -0.1026 0.9307 -0.3510
vn -0.3197 0.7385 -0.5936
vn -0.3173 0.6588 -0.6821
vn 0.4915 0.5096 -0.7062
vn 0.3450 0.4734 -0.8105
vn 0.0312 0.3583 -0.9331
vn 0.5828 0.6036 -0.5441
vn 0.3245 0.6096 -0.7233
vn 0.4540 0.6798 -0.5760
vn -0.1932 0.7202 -0.6663
vn -0.5651 0.7702 -0.2957
vn -0.7754 0.5864 0.2342
vn -0.7010 0.6925 -0.1704
vn -0.5964 0.7555 0.2711
vn -0.5971 0.7994 0.0667
vn -0.2790 0.9513 -0.1309
vn -0.4127 0.6924 -0.5918
vn -0.0281 0.8576 -0.5135
vn -0.2545 0.8906 -0.3769
vn -0.1969 0.9749 -0.1043
vn -0.0469 0.9987 -0.0219
vn 0.0038 0.9997 0.0247
vn 0.0292 0.9952 0.0936
vn 0.0706 0.9455 0.3180
vn 0.2152 0.7643 0.6079
vn 0.2740 0.5790 0.7679
vn 0.4923 0.3561 0.7943
vn 0.2260 0.7631 0.6055
vn 0.2438 0.6305 -0.7369
vn -0.1542 0.4179 0.8953
vn -0.4679 0.7715 -0.4311
vn 0.6845 0.7233 -0.0909
vn 0.4639 0.6581 -0.5931
vn 0.3095 0.9228 -0.2294
vn 0.2459 0.9437 0.2213
vn 0.2807 0.6870 0.6703
vn 0.1715 0.5425 0.8223
vn -0.2387 0.4972 0.8341
vn -0.3089 0.9504 -0.0369
vn -0.2417 0.9703 0.0092
vn -0.2098 0.9776 0.0150
vn -0.0473 0.9982 0.0375
vn -0.1319 0.9849 0.1117
vn 0.0589 0.9916 0.1148
vn 0.0386 0.9939 0.1033
vn 0.1698 0.9698 0.1752
vn 0.3477 0.8829 0.3155
vn 0.1552 0.9339 0.3220
vn 0.1117 0.9294 0.3519
vn 0.5695 0.6370 0.5195
vn 0.4487 0.7720 0.4502
vn 0.2463 0.7513 0.6123
vn 0.2108 0.7759 0.5946
vn 0.2267 0.8323 0.5058
vn 0.8517 0.5240 -0.0037
vn 0.4579 0.5304 0.7135
vn 0.4327 0.6924 0.5774
vn 0.2206 0.6585 0.7195
vn 0.3453 0.7081 0.6159
vn 0.5348 0.5441 0.6465
vn 0.5227 0.6219 -0.5831
vn 0.3369 0.6358 -0.6945
vn 0.4563 0.8268 -0.3288
vn 0.1864 0.6037 0.7751
vn 0.4668 0.5270 0.7102
vn 0.6244 0.4106 0.6645
vn 0.2612 0.4404 0.8590
vn 0.0395 0.9880 -0.1495
vn 0.0714 0.7260 -0.6840
vn 0.0254 0.5550 -0.8314
vn 0.1276 0.5002 -0.8565
vn 0.0443 0.6953 -0.7173
vn 0.5259 0.7107 -0.4673
vn -0.5950 0.5652 -0.5714
vn -0.2381 0.6276 -0.7412
vn -0.1744 0.9835 -0.0478
vn -0.1837 0.9478 -0.2606
vn -0.1622 0.8414 -0.5155
vn 0.0772 0.6779 -0.7311
vn 0.0928 0.5813 -0.8084
vn -0.1489 0.4609 -0.8749
vn 0.2667 0.3819 -0.8849
vn -0.1773 0.9077 -0.3802
vn 0.1935 0.7469 -0.6362
vn 0.5781 0.4445 0.6843
vn 0.5384 0.3132 0.7823
vn 0.2520 0.3028 0.9191
vn 0.1680 0.6246 0.7627
vn 0.3736 0.7052 0.6026
vn 0.2009 0.6018 0.7730
vn 0.1502 0.8567 0.4934
vn 0.2896 0.8053 0.5173
vn 0.1957 0.7452 0.6375
vn 0.1401 0.7232 0.6763
vn 0.1506 0.9884 -0.0184
vn 0.1128 0.9852 0.1287
vn 0.0695 0.9782 0.1957
vn -0.0655 0.9536 0.2939
vn -0.1010 0.9369 0.3347
vn 0.1796 0.8874 -0.4247
vn 0.1121 0.9882 -0.1040
vn 0.0215 0.9998 0.0054
vn -0.1382 0.9896 0.0398
vn -0.2268 0.9697 0.0911
vn -0.0934 0.9903 0.1031
vn 0.3066 0.7066 -0.6377
vn 0.4156 0.8422 -0.3436
vn -0.0453 0.9845 -0.1697
vn -0.1688 0.9801 -0.1045
vn -0.2479 0.9676 -0.0476
vn -0.1419 0.9899 0.0066
vn -0.0082 0.9998 0.0204
vn 0.3320 0.7724 -0.5415
vn 0.4504 0.8248 -0.3418
vn -0.0341 0.9054 -0.4231
vn -0.1510 0.9327 -0.3275
vn -0.2371 0.9532 -0.1874
vn -0.1395 0.9845 -0.1065
vn -0.0410 0.9973 -0.0612
vn -0.0363 0.9980 -0.0523
vn 0.7267 0.5084 0.4620
vn 0.7250 0.6503 0.2271
vn 0.0922 0.9793 -0.1803
vn -0.1046 0.9638 -0.2454
vn -0.1356 0.9578 -0.2535
vn -0.1329 0.9682 -0.2118
vn -0.1278 0.9652 -0.2283
vn -0.1269 0.9671 -0.2207
vn -0.1175 0.9716 -0.2053
vn 0.1809 0.4778 0.8597
vn 0.0758 0.5262 0.8470
vn 0.2056 0.5939 0.7778
vn -0.3562 0.3428 0.8692
vn -0.0173 0.5866 0.8097
vn 0.3337 0.4504 0.8281
vn -0.3085 0.7503 0.5847
vn -0.4541 0.7853 0.4209
vn -0.0382 0.8619 0.5056
vn 0.4091 0.7783 0.4764
vn -0.2910 0.8063 0.5150
vn -0.4945 0.8584 0.1364
vn -0.4997 0.8648 -0.0489
vn 0.5347 0.8439 0.0441
vn 0.4193 0.9020 -0.1029
vn -0.0943 0.9903 0.1017
vn -0.3079 0.9468 -0.0936
vn -0.4492 0.8220 -0.3502
vn -0.0162 0.9978 -0.0646
vn 0.6345 0.6738 -0.3786
vn 0.5213 0.6269 -0.5790
vn -0.0647 0.9964 0.0541
vn -0.1797 0.9732 -0.1432
vn -0.3500 0.7478 -0.5641
vn -0.1851 0.7497 -0.6354
vn -0.0358 0.7111 -0.7021
vn 0.2451 0.8161 -0.5234
vn 0.3551 0.7705 -0.5293
vn 0.0030 0.9998 -0.0212
vn -0.1274 0.9574 -0.2590
vn -0.3616 0.7562 -0.5453
vn -0.6423 0.7107 0.2870
vn -0.1322 0.8004 -0.5847
vn -0.2512 0.8628 0.4388
vn -0.3293 0.4796 0.8134
vn -0.4876 0.6768 0.5515
vn 0.2657 0.8975 -0.3520
vn 0.0954 0.9034 -0.4181
vn -0.2519 0.9476 -0.1966
vn -0.2172 0.8758 0.4311
vn -0.7944 0.5728 0.2022
vn -0.3477 0.4510 0.8220
vn -0.3202 0.6967 0.6419
vn -0.5732 0.6050 0.5527
vn -0.4834 0.5001 0.7185
vn 0.3984 0.7549 -0.5209
vn 0.3278 0.6165 -0.7159
vn -0.4111 0.6551 0.6340
vn 0.7489 0.4566 -0.4803
vn -0.2726 0.6270 0.7298
vn -0.6050 0.5362 0.5886
vn -0.0460 0.8216 -0.5681
vn -0.7715 0.4870 0.4095
vn -0.4944 0.7663 0.4103
vn -0.3195 0.6156 0.7204
vn -0.6249 0.6762 -0.3902
vn -0.0908 0.5316 0.8421
vn 0.2782 0.9599 0.0351
vn -0.3613 0.4320 0.8263
vn 0.0347 0.8245 0.5647
vn -0.4367 0.8737 -0.2141
vn -0.5983 0.7063 -0.3783
vn -0.7674 0.6091 0.2004
vn -0.3584 0.5589 0.7478
vn 0.2538 0.9000 0.3544
vn -0.0984 0.7055 0.7019
vn -0.3076 0.7103 -0.6332
vn -0.2359 0.9599 -0.1518
vn -0.2482 0.9643 0.0922
vn -0.2070 0.9053 0.3709
vn 0.3749 0.8284 0.4161
vn 0.1456 0.5773 0.8035
vn 0.1228 0.8670 0.4830
vn -0.6588 0.6897 -0.3006
vn -0.6810 0.6006 -0.4190
vn -0.5470 0.8103 -0.2102
vn -0.4222 0.7958 0.4341
vn -0.4069 0.9121 0.0497
vn -0.0549 0.9458 0.3201
vn 0.2791 0.6877 0.6702
vn 0.4103 0.8360 0.3643
vn -0.6565 0.7541 0.0168
vn -0.6525 0.7550 0.0646
vn -0.8480 0.3925 -0.3561
vn -0.8998 0.3443 -0.2679
vn -0.8420 0.4586 -0.2842
vn -0.8409 0.4120 -0.3510
vn -0.5487 0.5957 0.5866
vn -0.3909 0.7758 0.4953
vn 0.0368 0.9493 0.3121
vn 0.2213 0.7612 -0.6096
vn -0.1214 0.6391 -0.7595
vn 0.4560 0.6440 -0.6143
vn -0.3109 0.8981 -0.3110
vn 0.2100 0.7294 -0.6510
vn 0.0442 0.6540 -0.7552
vn -0.3462 0.9145 -0.2094
vn -0.1421 0.8618 -0.4870
vn 0.0329 0.7129 -0.7005
vn 0.0115 0.8583 -0.5129
vn -0.5338 0.8363 0.1248
vn -0.2870 0.9506 -0.1182
vn -0.0600 0.9025 -0.4266
vn 0.2083 0.7105 -0.6721
vn 0.1723 0.8248 -0.5385
vn -0.5537 0.8108 -0.1896
vn -0.4065 0.9136 0.0071
vn -0.0782 0.9957 -0.0494
vn 0.0783 0.9781 -0.1927
vn 0.2528 0.7288 -0.6363
vn 0.3355 0.6421 -0.6893
vn -0.5671 0.8145 -0.1224
vn -0.3007 0.9506 -0.0767
vn -0.1122 0.9928 -0.0429
vn 0.0032 0.9986 -0.0525
vn 0.1181 0.9783 -0.1701
vn 0.3748 0.8454 -0.3806
vn 0.2914 0.6951 -0.6572
vn -0.7023 0.6794 0.2124
vn -0.1885 0.9791 0.0762
vn -0.0673 0.9945 0.0799
vn 0.0572 0.9964 0.0624
vn 0.0837 0.9963 0.0174
vn 0.3955 0.9090 -0.1316
vn 0.2749 0.9116 -0.3058
vn 0.0503 0.9645 -0.2593
vn -0.5155 0.8554 -0.0503
vn 0.0340 0.9444 0.3270
vn 0.1851 0.8874 0.4221
vn 0.2489 0.8643 0.4371
vn 0.1910 0.9281 0.3197
vn 0.3106 0.9369 0.1607
vn 0.1324 0.9874 -0.0871
vn 0.0216 0.8711 -0.4907
vn -0.3246 0.8564 -0.4016
vn -0.3049 0.7295 -0.6123
vn 0.2726 0.6965 -0.6637
vn 0.5681 0.6127 -0.5495
vn 0.0958 0.8939 -0.4380
vn 0.1496 0.9429 -0.2976
vn 0.2933 0.9327 -0.2097
vn 0.4294 0.8484 -0.3095
vn 0.2410 0.9420 -0.2337
vn 0.1656 0.9840 0.0664
vn -0.0185 0.9816 0.1903
vn 0.2555 0.9118 -0.3215
vn 0.5103 0.8155 -0.2731
vn 0.4483 0.8888 0.0951
vn 0.1746 0.8581 0.4829
vn -0.3580 0.7014 0.6163
vn 0.1270 0.9725 -0.1953
vn 0.1611 0.9797 -0.1189
vn 0.5921 0.7743 0.2234
vn 0.5191 0.7438 0.4211
vn 0.3238 0.7038 0.6323
vn -0.6740 0.7305 -0.1097
vn -0.0202 0.9981 -0.0578
vn 0.1056 0.9943 -0.0154
vn 0.3542 0.8561 0.3763
vn 0.6247 0.5611 0.5431
vn 0.5251 0.6328 0.5691
vn 0.0926 0.9268 0.3639
vn -0.7714 0.5614 0.2995
vn -0.2706 0.9480 0.1672
vn -0.1950 0.9496 0.2453
vn 0.2950 0.8804 0.3713
vn 0.4316 0.7742 0.4629
vn 0.6467 0.7209 0.2492
vn 0.6426 0.7367 -0.2106
vn 0.4881 0.6182 -0.6162
vn 0.1150 0.6756 -0.7283
vn -0.1805 0.9583 0.2214
vn -0.2065 0.9237 0.3226
vn -0.1705 0.9145 0.3669
vn 0.1670 0.9762 0.1386
vn 0.7122 0.6012 -0.3624
vn 0.2994 0.6561 -0.6927
vn 0.4377 0.5194 -0.7339
vn 0.0437 0.4699 -0.8816
vn 0.3943 0.5835 -0.7100
vn 0.0159 0.9993 0.0342
vn 0.0005 1.0000 -0.0002
vn 0.0573 0.9943 -0.0903
vn -0.0032 1.0000 -0.0060
vn -0.0816 0.9967 -0.0000
vn -0.0500 0.9950 0.0865
vn -0.1294 0.9888 0.0745
vn 0.1411 0.6178 -0.7736
vn -0.0632 0.7392 -0.6705
vn -0.3204 0.7517 -0.5764
vn -0.3738 0.6208 -0.6891
vn -0.1813 0.6164 -0.7663
vn 0.0024 1.0000 0.0034
vn 0.0070 0.9999 0.0095
vn 0.0159 0.9996 0.0254
vn 0.0336 0.9982 0.0501
vn 0.0719 0.9910 0.1127
vn 0.1042 0.9769 0.1867
vn 0.0860 0.9851 0.1492
vn 0.0850 0.9854 0.1477
vn 0.0769 0.9877 0.1362
vn 0.0446 0.9953 0.0865
vn 0.0988 0.9951 -0.0015
vn 0.0798 0.9968 0.0037
vn 0.0265 0.9996 0.0032
vn 0.0122 0.9999 0.0001
vn 0.0021 1.0000 0.0008
vn -0.0044 1.0000 0.0005
vn -0.0111 0.9999 -0.0000
vn 0.0344 0.9994 -0.0045
vn 0.0054 1.0000 0.0035
vn -0.0014 1.0000 -0.0001
vn 0.0022 1.0000 -0.0033
vn -0.0005 1.0000 0.0011
vn -0.0005 1.0000 0.0018
vn 0.0001 1.0000 -0.0009
vn 0.0020 1.0000 -0.0042
vn 0.0074 0.9999 -0.0148
vn 0.0117 0.9997 -0.0229
vn 0.0327 0.9973 -0.0652
vn 0.0621 0.9919 -0.1108
vn 0.0851 0.9859 -0.1437
vn -0.0435 0.9963 -0.0744
vn -0.0435 0.9963 -0.0742
vn -0.0405 0.9967 -0.0702
vn -0.0389 0.9970 -0.0673
vn -0.0469 0.9959 -0.0778
vn -0.0439 0.9962 -0.0752
vn -0.0428 0.9961 -0.0777
vn -0.0325 0.9977 -0.0598
vn -0.0189 0.9991 -0.0374
vn -0.0015 1.0000 -0.0041
vn -0.0997 0.9950 -0.0000
vn -0.0988 0.9951 -0.0002
vn -0.0965 0.9953 -0.0003
vn -0.0751 0.9972 -0.0029
vn -0.0381 0.9993 -0.0005
vn -0.0281 0.9996 0.0012
vn -0.0556 0.9985 0.0018
vn -0.0804 0.9968 0.0016
vn -0.0869 0.9962 0.0001
vn -0.0863 0.9963 0.0006
vn -0.0088 0.9999 0.0134
vn -0.0077 0.9998 0.0161
vn -0.0182 0.9996 0.0234
vn -0.0160 0.9994 0.0298
vn -0.0082 0.9998 0.0206
vn -0.0297 0.9979 0.0568
vn -0.0490 0.9950 0.0874
vn -0.0578 0.9933 0.1002
vn -0.0531 0.9944 0.0909
vn -0.0504 0.9949 0.0872
vn -0.3938 0.6351 -0.6645
vn -0.0062 0.8091 -0.5876
vn -0.0761 0.4151 -0.9066
vn 0.1336 0.5419 -0.8297
vn 0.1498 0.6961 -0.7021
vn 0.0316 0.7438 -0.6677
vn 0.1380 0.9024 -0.4082
vn -0.0832 0.9806 -0.1772
vn -0.2624 0.9647 -0.0232
vn -0.1848 0.9801 0.0723
vn 0.1653 0.9821 -0.0899
vn 0.3463 0.9381 -0.0036
vn 0.0830 0.9795 0.1833
vn 0.0081 0.9835 0.1808
vn -0.1352 0.9085 0.3955
vn -0.2538 0.7861 0.5635
vn -0.5120 0.6987 0.4997
vn -0.6540 0.4463 0.6108
vn -0.2957 0.7100 0.6391
vn 0.0577 0.8499 -0.5237
vn -0.1132 0.9914 -0.0653
vn -0.2093 0.9447 -0.2523
vn -0.2185 0.8038 -0.5534
vn -0.1113 0.9297 -0.3512
vn 0.5489 0.5213 -0.6534
vn 0.3624 0.5032 -0.7845
vn 0.2717 0.4487 -0.8514
vn 0.0720 0.5636 -0.8229
vn 0.5054 0.6284 -0.5913
vn 0.4529 0.5778 -0.6789
vn -0.0328 0.9647 -0.2611
vn -0.3834 0.8193 -0.4263
vn -0.7910 0.5992 0.1234
vn -0.7268 0.6863 -0.0287
vn -0.7458 0.6562 -0.1148
vn -0.6390 0.7655 0.0746
vn -0.4131 0.9103 -0.0273
vn -0.2742 0.9415 -0.1958
vn -0.2750 0.7639 -0.5838
vn 0.0846 0.6438 -0.7605
vn -0.1339 0.9884 -0.0722
vn -0.1340 0.9879 -0.0778
vn -0.0069 0.9999 0.0072
vn 0.0123 0.9987 0.0494
vn 0.0498 0.9836 0.1735
vn 0.0999 0.8787 0.4668
vn 0.3032 0.6274 0.7172
vn 0.2136 0.5297 0.8209
vn 0.1962 0.5169 0.8332
vn 0.4206 0.6403 -0.6427
vn -0.0050 0.9821 0.1881
vn -0.3107 0.4396 0.8427
vn 0.4815 0.7005 -0.5267
vn 0.4897 0.4477 -0.7482
vn 0.4380 0.7452 -0.5028
vn 0.2594 0.9630 -0.0727
vn 0.2617 0.8171 0.5136
vn 0.3402 0.4989 0.7971
vn -0.1464 0.5419 0.8276
vn -0.2088 0.5086 0.8353
vn -0.1838 0.9829 -0.0048
vn -0.1663 0.9861 0.0051
vn -0.1811 0.9835 0.0006
vn -0.0021 0.9997 0.0259
vn -0.1927 0.9812 0.0131
vn -0.1400 0.9899 0.0208
vn 0.0388 0.9946 0.0962
vn -0.1114 0.9932 0.0335
vn -0.0733 0.9924 0.0988
vn 0.0060 0.9927 0.1207
vn 0.1209 0.9399 0.3193
vn 0.0281 0.9990 0.0355
vn 0.1379 0.9542 0.2654
vn 0.0035 0.9115 0.4112
vn 0.1806 0.9293 0.3222
vn 0.2520 0.8021 0.5414
vn 0.4232 0.9041 0.0595
vn 0.3023 0.7897 0.5339
vn 0.4303 0.7112 0.5559
vn 0.3086 0.7294 0.6105
vn 0.1856 0.8091 0.5576
vn 0.3651 0.5590 0.7445
vn 0.5751 0.8129 -0.0919
vn 0.2764 0.5443 0.7921
vn 0.4663 0.6346 0.6163
vn 0.2806 0.6640 0.6931
vn 0.1636 0.7096 0.6854
vn 0.4066 0.5964 0.6921
vn 0.3670 0.4245 0.8277
vn 0.0650 0.9965 -0.0530
vn 0.3781 0.6214 -0.6862
vn 0.1223 0.4598 -0.8796
vn 0.2229 0.9151 0.3360
vn 0.1516 0.5589 0.8152
vn 0.5551 0.4829 0.6772
vn 0.5186 0.4259 0.7414
vn 0.1440 0.9541 -0.2627
vn -0.1336 0.9910 0.0035
vn 0.1411 0.8967 -0.4195
vn -0.1967 0.6398 -0.7429
vn -0.0529 0.4821 -0.8745
vn -0.1201 0.6179 -0.7771
vn 0.2824 0.6216 -0.7307
vn 0.4126 0.8514 -0.3237
vn -0.4379 0.5861 -0.6817
vn 0.4704 0.6922 -0.5472
vn -0.1704 0.9854 -0.0039
vn -0.2111 0.9737 -0.0862
vn -0.2602 0.8947 -0.3630
vn -0.0593 0.7684 -0.6373
vn 0.1492 0.5823 -0.7991
vn -0.1570 0.5218 -0.8385
vn 0.0880 0.3606 -0.9286
vn -0.6455 0.7579 -0.0948
vn 0.0392 0.8313 -0.5544
vn -0.2002 0.9798 0.0003
vn -0.2449 0.9695 -0.0047
vn -0.1991 0.9799 -0.0088
vn -0.2355 0.9719 -0.0010
vn -0.1581 0.9873 0.0136
vn -0.0543 0.9984 0.0143
vn -0.1679 0.9858 0.0091
vn -0.1871 0.9818 0.0338
vn -0.1181 0.9918 0.0482
vn -0.0118 0.9983 0.0566
vn 0.0025 0.9979 0.0645
vn 0.0179 0.9986 0.0506
vn -0.0479 0.9986 0.0202
vn -0.0076 0.9916 0.1291
vn 0.0346 0.9748 0.2205
vn 0.1656 0.9413 0.2940
vn 0.0130 0.9704 0.2413
vn 0.0983 0.9709 0.2184
vn 0.1021 0.9693 0.2235
vn 0.0704 0.9823 0.1733
vn 0.1718 0.9829 0.0667
vn 0.3867 0.8724 0.2989
vn 0.2664 0.8970 0.3528
vn 0.4210 0.8477 0.3229
vn 0.1198 0.8306 0.5438
vn 0.1833 0.8570 0.4817
vn 0.2242 0.8602 0.4581
vn 0.1794 0.8821 0.4355
vn 0.1608 0.8881 0.4305
vn 0.1519 0.8969 0.4153
vn 0.5746 0.8180 0.0245
vn 0.5483 0.5977 0.5849
vn 0.3143 0.6942 0.6475
vn 0.4579 0.6702 0.5840
vn 0.4903 0.6604 0.5687
vn 0.3585 0.6460 0.6740
vn 0.2713 0.6471 0.7125
vn 0.1584 0.7045 0.6918
vn 0.1740 0.7284 0.6627
vn 0.2907 0.7442 0.6014
vn 0.3856 0.6946 0.6073
vn 0.3869 0.6508 0.6533
vn 0.3385 0.9361 -0.0953
vn 0.6419 0.5297 -0.5544
vn 0.4120 0.5478 -0.7282
vn 0.5779 0.8058 0.1297
vn 0.4318 0.5177 0.7386
vn 0.4224 0.5610 0.7119
vn 0.4547 0.5888 0.6683
vn 0.1825 0.6747 0.7151
vn 0.1101 0.6470 0.7545
vn 0.3973 0.6008 0.6937
vn 0.5711 0.5250 0.6311
vn 0.5995 0.4482 0.6631
vn 0.2968 0.5243 0.7981
vn 0.3054 0.5545 0.7741
vn -0.0785 0.9962 -0.0376
vn 0.2851 0.8996 -0.3307
vn 0.3547 0.6878 -0.6333
vn 0.2124 0.6361 -0.7418
vn -0.1088 0.5213 -0.8464
vn 0.0362 0.4658 -0.8841
vn -0.1067 0.4494 -0.8869
vn -0.1518 0.5028 -0.8510
vn -0.0992 0.8098 -0.5783
vn 0.1601 0.9870 -0.0148
vn 0.6390 0.7509 0.1667
vn 0.8085 0.5880 0.0252
vn 0.6696 0.4301 0.6055
vn 0.3040 0.3567 0.8834
vn 0.5851 0.3290 0.7413
vn 0.3024 0.3938 0.8680
vn -0.1488 0.9889 -0.0064
vn -0.1269 0.9910 -0.0420
vn -0.0653 0.9721 -0.2251
vn -0.0719 0.8806 -0.4684
vn -0.2063 0.7823 -0.5878
vn -0.1054 0.7187 -0.6873
vn -0.0195 0.6152 -0.7882
vn 0.1088 0.5153 -0.8501
vn 0.1055 0.4644 -0.8793
vn 0.1176 0.7207 -0.6832
vn 0.0996 0.5898 -0.8014
vn 0.2352 0.5778 -0.7816
vn 0.4163 0.4885 -0.7668
vn -0.4867 0.7220 -0.4917
vn -0.5190 0.6890 -0.5058
vn -0.2170 0.6799 -0.7005
vn -0.0924 0.6911 -0.7168
vn 0.1086 0.6715 -0.7330
vn -0.1775 0.9841 -0.0010
vn -0.2005 0.9796 -0.0137
vn -0.2281 0.9732 -0.0289
vn -0.2376 0.9683 -0.0774
vn -0.2641 0.9507 -0.1627
vn -0.2172 0.9411 -0.2591
vn -0.0664 0.9123 -0.4040
vn 0.0527 0.8486 -0.5263
vn 0.1481 0.7376 -0.6588
vn 0.1508 0.6669 -0.7298
vn -0.1130 0.6055 -0.7877
vn -0.0384 0.6060 -0.7946
vn 0.0846 0.5987 -0.7965
vn 0.1704 0.4852 -0.8577
vn 0.1031 0.2796 -0.9545
vn -0.0960 0.9949 -0.0321
vn 0.1606 0.9778 -0.1344
vn 0.1909 0.9493 -0.2499
vn 0.3576 0.7304 -0.5819
vn 0.0915 0.6985 -0.7097
vn -0.4910 0.5045 -0.7102
vn 0.4687 0.4589 0.7548
vn -0.3266 0.4767 0.8161
vn 0.4973 0.3313 0.8018
vn -0.0151 0.3332 0.9427
vn 0.5444 0.2964 0.7847
vn 0.1244 0.5524 0.8242
vn 0.1982 0.6648 0.7202
vn 0.2963 0.6067 0.7377
vn 0.3173 0.6659 0.6752
vn 0.1782 0.7074 0.6840
vn 0.1985 0.9059 0.3740
vn 0.2275 0.8155 0.5322
vn 0.2325 0.7771 0.5848
vn 0.1732 0.7430 0.6465
vn -0.0402 0.9415 0.3346
vn 0.2192 0.9707 -0.0982
vn 0.1072 0.9920 0.0667
vn 0.1076 0.9816 0.1580
vn 0.0079 0.9687 0.2481
vn -0.1211 0.9389 0.3221
vn -0.0065 0.9955 0.0948
vn 0.2888 0.7885 -0.5429
vn 0.1331 0.9610 -0.2424
vn 0.0698 0.9973 -0.0231
vn -0.0473 0.9986 0.0216
vn -0.2119 0.9751 0.0655
vn -0.1794 0.9782 0.1045
vn 0.0002 0.9998 0.0218
vn 0.5541 0.7266 -0.4062
vn 0.3251 0.8117 -0.4853
vn 0.2001 0.9571 -0.2097
vn -0.0931 0.9829 -0.1586
vn -0.2384 0.9687 -0.0689
vn -0.2104 0.9774 -0.0184
vn -0.0592 0.9981 0.0175
vn -0.0318 0.9983 -0.0483
vn 0.4092 0.5892 -0.6967
vn 0.6309 0.6907 -0.3534
vn 0.2160 0.8664 -0.4503
vn -0.1770 0.9328 -0.3138
vn -0.1929 0.9400 -0.2815
vn -0.2053 0.9695 -0.1334
vn -0.0724 0.9942 -0.0796
vn -0.0375 0.9977 -0.0562
vn -0.1175 0.9716 -0.2055
vn -0.0871 0.3100 0.9467
vn 0.8398 0.4855 0.2431
vn 0.4226 0.9044 -0.0594
vn -0.0318 0.9725 -0.2306
vn -0.1241 0.9606 -0.2486
vn -0.1436 0.9611 -0.2360
vn -0.1418 0.9679 -0.2074
vn -0.1115 0.9669 -0.2296
vn -0.1166 0.9695 -0.2156
vn -0.4183 0.4910 0.7641
vn 0.7339 0.6714 0.1029
vn -0.3390 0.4454 0.8287
vn 0.6044 0.4312 0.6699
vn 0.3938 0.4405 0.8068
vn 0.2215 0.5184 0.8259
vn 0.2644 0.4957 0.8273
vn 0.3277 0.5208 0.7883
vn 0.4726 0.5561 0.6837
vn 0.3240 0.5213 0.7895
vn 0.2564 0.4412 0.8600
vn 0.2868 0.4573 0.8418
vn 0.1907 0.7920 0.5799
vn 0.1403 0.7459 0.6511
vn 0.3205 0.6929 0.6459
vn 0.2905 0.6508 0.7015
vn 0.3060 0.6590 0.6871
vn 0.2417 0.7231 0.6471
vn 0.1428 0.6779 0.7211
vn 0.1713 0.6402 0.7489
vn 0.1919 0.9807 0.0368
vn 0.1325 0.9744 0.1815
vn 0.1339 0.9424 0.3065
vn 0.2013 0.9198 0.3367
vn 0.1822 0.9146 0.3611
vn 0.1331 0.8974 0.4206
vn 0.0885 0.8707 0.4839
vn 0.0501 0.8564 0.5139
vn 0.0072 0.8463 0.5326
vn 0.0537 0.8513 0.5219
vn 0.2608 0.9277 -0.2671
vn 0.1757 0.9753 -0.1342
vn 0.1236 0.9910 -0.0505
vn 0.0946 0.9954 0.0122
vn 0.0732 0.9962 0.0463
vn 0.0358 0.9970 0.0689
vn -0.0301 0.9948 0.0968
vn -0.1194 0.9841 0.1317
vn -0.1880 0.9683 0.1646
vn -0.1894 0.9641 0.1859
vn -0.1280 0.9735 0.1896
vn -0.0337 0.9817 0.1874
vn 0.3291 0.6557 -0.6795
vn 0.1948 0.7921 -0.5784
vn 0.1654 0.8449 -0.5086
vn 0.2076 0.9261 -0.3149
vn 0.1033 0.9880 -0.1152
vn 0.0056 0.9978 -0.0654
vn -0.0655 0.9969 -0.0431
vn -0.1556 0.9875 -0.0245
vn -0.2256 0.9742 -0.0079
vn -0.2424 0.9700 0.0165
vn -0.2049 0.9780 0.0395
vn -0.1284 0.9905 0.0495
vn -0.0413 0.9980 0.0474
vn 0.0048 0.9989 0.0458
vn 0.4643 0.7558 -0.4617
vn 0.3872 0.7875 -0.4795
vn 0.5015 0.7491 -0.4328
vn 0.4598 0.7985 -0.3885
vn 0.2239 0.8990 -0.3764
vn -0.1050 0.9554 -0.2761
vn -0.1358 0.9507 -0.2787
vn -0.1549 0.9584 -0.2396
vn -0.2306 0.9620 -0.1460
vn -0.2483 0.9637 -0.0978
vn -0.2048 0.9761 -0.0726
vn -0.1389 0.9895 -0.0405
vn -0.0636 0.9979 -0.0139
vn -0.0159 0.9999 -0.0019
vn -0.0080 1.0000 0.0030
vn -0.0071 1.0000 0.0066
vn 0.4385 0.8987 -0.0089
vn 0.6122 0.6020 -0.5127
vn 0.6632 0.6544 -0.3631
vn 0.5209 0.7894 -0.3248
vn 0.2669 0.9114 -0.3132
vn 0.0313 0.9325 -0.3597
vn -0.1203 0.9261 -0.3575
vn -0.1655 0.9321 -0.3222
vn -0.1651 0.9292 -0.3305
vn -0.1985 0.9354 -0.2925
vn -0.1953 0.9542 -0.2267
vn -0.1508 0.9718 -0.1815
vn -0.1039 0.9806 -0.1661
vn -0.0886 0.9827 -0.1623
vn -0.0911 0.9836 -0.1558
vn -0.0901 0.9841 -0.1530
vn -0.0868 0.9848 -0.1504
vn -0.0856 0.9853 -0.1478
vn 0.1491 0.9104 0.3859
vn 0.2728 0.7684 0.5789
vn 0.3676 0.8014 0.4719
vn 0.2166 0.9489 0.2294
vn 0.1008 0.9921 0.0751
vn 0.0241 0.9995 -0.0222
vn -0.0198 0.9939 -0.1084
vn -0.0741 0.9870 -0.1426
vn -0.0792 0.9846 -0.1558
vn -0.0961 0.9823 -0.1611
vn -0.0896 0.9810 -0.1722
vn -0.1021 0.9811 -0.1646
vn -0.1027 0.9823 -0.1568
vn -0.0947 0.9849 -0.1452
vn -0.0807 0.9847 -0.1547
vn -0.0888 0.9835 -0.1577
vn -0.0858 0.9835 -0.1590
vn -0.0987 0.9802 -0.1717
vn -0.0925 0.9802 -0.1750
vn -0.1047 0.9802 -0.1683
vn 0.0684 0.5692 -0.8194
vn -0.0139 0.4840 0.8750
vn 0.0605 0.5097 0.8582
vn 0.0174 0.6592 0.7518
vn -0.4688 0.6374 0.6115
vn 0.2078 0.4984 0.8417
vn 0.2655 0.5316 0.8043
vn -0.6387 0.3936 0.6612
vn -0.5529 0.5401 0.6345
vn -0.0350 0.7259 0.6869
vn 0.3871 0.8166 0.4282
vn -0.4556 0.7738 0.4401
vn -0.3705 0.7493 0.5489
vn -0.1618 0.8381 0.5210
vn 0.4661 0.7329 0.4956
vn 0.3365 0.9245 -0.1789
vn -0.2447 0.7648 0.5960
vn -0.5245 0.8050 0.2771
vn -0.4062 0.9137 -0.0070
vn 0.1977 0.9803 -0.0007
vn 0.6705 0.7381 0.0750
vn 0.4447 0.6674 -0.5974
vn -0.0677 0.9834 0.1684
vn -0.1379 0.9904 0.0126
vn -0.5626 0.8064 -0.1822
vn -0.3693 0.8081 -0.4590
vn 0.1799 0.9191 -0.3507
vn 0.5899 0.5968 -0.5440
vn 0.5961 0.8019 -0.0418
vn -0.0246 0.9940 0.1069
vn -0.1137 0.9934 -0.0128
vn -0.2957 0.8696 -0.3953
vn -0.3404 0.7306 -0.5919
vn -0.1679 0.7574 -0.6310
vn -0.0264 0.8235 -0.5667
vn 0.4872 0.5779 -0.6548
vn -0.5472 0.8161 0.1859
vn 0.0602 0.9975 0.0382
vn -0.0495 0.9929 -0.1082
vn -0.2963 0.8508 -0.4339
vn -0.4884 0.8267 -0.2792
vn -0.8562 0.5082 -0.0930
vn 0.3971 0.8754 0.2757
vn -0.2724 0.4519 0.8495
vn -0.3820 0.5949 0.7072
vn -0.3346 0.3739 0.8650
vn 0.3064 0.9090 -0.2826
vn 0.1608 0.8851 -0.4367
vn -0.0343 0.9449 -0.3255
vn -0.5668 0.8208 0.0713
vn 0.2461 0.8873 0.3900
vn -0.5732 0.4763 0.6668
vn -0.1443 0.5426 0.8275
vn -0.4563 0.6973 0.5528
vn -0.5922 0.5639 0.5756
vn 0.6373 0.7546 0.1562
vn 0.0274 0.5403 0.8410
vn -0.3031 0.6654 0.6822
vn 0.2097 0.4798 0.8519
vn 0.2257 0.5419 0.8095
vn -0.0485 0.5628 0.8252
vn -0.3673 0.5668 0.7375
vn -0.1052 0.5464 0.8309
vn 0.0578 0.6494 0.7582
vn 0.2240 0.6736 0.7043
vn 0.3205 0.7546 0.5726
vn 0.3765 0.5893 0.7148
vn -0.5118 0.6594 0.5507
vn -0.4186 0.5464 0.7255
vn -0.4239 0.5850 0.6914
vn -0.5002 0.6200 0.6045
vn -0.2711 0.6042 0.7493
vn 0.1099 0.5562 0.8238
vn 0.3323 0.6623 0.6715
vn 0.3306 0.7363 0.5904
vn -0.2882 0.7055 0.6475
vn -0.4119 0.6591 0.6293
vn -0.4750 0.7536 0.4543
vn -0.3966 0.8496 0.3476
vn -0.5527 0.8137 0.1800
vn -0.0061 0.9703 0.2416
vn 0.3543 0.8937 0.2753
vn 0.5590 0.7614 0.3284
vn 0.4882 0.8076 0.3309
vn 0.3262 0.9445 0.0383
vn -0.1511 0.9267 0.3442
vn -0.1554 0.9518 0.2644
vn -0.2831 0.9515 0.1205
vn -0.5737 0.8187 -0.0228
vn -0.4658 0.8815 -0.0776
vn -0.4122 0.8822 -0.2275
vn -0.3204 0.8513 -0.4155
vn 0.3941 0.9095 -0.1324
vn 0.6322 0.7415 -0.2249
vn 0.7389 0.6389 -0.2141
vn 0.4778 0.7613 -0.4384
vn 0.3549 0.7902 -0.4996
vn -0.0357 0.9928 0.1145
vn -0.0738 0.9957 0.0561
vn -0.1170 0.9930 -0.0141
vn -0.1882 0.9741 -0.1257
vn -0.3489 0.8746 -0.3367
vn -0.4647 0.7777 -0.4234
vn -0.4851 0.8194 -0.3054
vn -0.3229 0.8767 -0.3565
vn 0.0042 0.8852 -0.4651
vn 0.0862 0.7509 -0.6548
vn 0.5675 0.5478 -0.6147
vn 0.5837 0.5212 -0.6226
vn 0.5128 0.5052 -0.6942
vn 0.4487 0.4510 -0.7715
vn -0.0061 0.9944 0.1057
vn -0.0534 0.9972 0.0531
vn -0.1023 0.9946 -0.0147
vn -0.1917 0.9665 -0.1709
vn -0.2896 0.8574 -0.4253
vn -0.3762 0.7177 -0.5859
vn -0.3474 0.6723 -0.6537
vn -0.2937 0.6766 -0.6753
vn -0.0969 0.6707 -0.7354
vn 0.0291 0.7683 -0.6394
vn -0.0665 0.9924 -0.1039
vn -0.1823 0.9765 -0.1152
vn -0.1872 0.9818 -0.0330
vn 0.1856 0.8366 0.5155
vn 0.0688 0.9632 0.2598
vn 0.3251 0.9431 -0.0694
vn 0.2197 0.9632 -0.1547
vn 0.1279 0.9687 -0.2126
vn 0.0631 0.9528 -0.2968
vn -0.0221 0.9114 -0.4109
vn -0.1324 0.8909 -0.4344
vn -0.4403 0.7735 -0.4559
vn -0.2388 0.9415 -0.2377
vn -0.1556 0.9345 0.3203
vn -0.7116 0.6565 0.2503
vn -0.8232 0.4874 0.2911
vn -0.3896 0.4309 0.8140
vn -0.0194 0.4521 0.8918
vn -0.1445 0.5482 0.8238
vn -0.3988 0.6126 0.6824
vn -0.4542 0.7304 0.5101
vn -0.4594 0.7858 0.4141
vn -0.5305 0.7869 0.3152
vn -0.6810 0.7190 0.1386
vn 0.1722 0.9622 -0.2111
vn 0.2133 0.9375 -0.2750
vn 0.1687 0.9283 -0.3314
vn 0.1259 0.9490 -0.2890
vn 0.0871 0.9667 -0.2406
vn 0.0186 0.9894 -0.1442
vn -0.0809 0.9966 -0.0131
vn -0.1755 0.9582 0.2260
vn -0.2039 0.9398 0.2743
vn -0.2042 0.9046 0.3742
vn -0.2282 0.8995 0.3727
vn -0.2032 0.9003 0.3848
vn -0.1157 0.9510 0.2868
vn -0.0900 0.9801 0.1767
vn -0.1021 0.9820 0.1588
vn -0.1429 0.9673 0.2097
vn -0.1437 0.9504 0.2759
vn -0.1509 0.9549 0.2558
vn -0.1397 0.9586 0.2480
vn -0.1314 0.9618 0.2402
vn 0.4559 0.5197 -0.7226
vn 0.1216 0.7037 -0.7000
vn 0.4038 0.5332 -0.7434
vn -0.2104 0.5955 0.7753
vn 0.3853 0.7488 -0.5393
vn -0.1015 0.5741 -0.8125
vn -0.7720 0.3949 0.4981
vn 0.3794 0.4512 -0.8077
vn 0.2355 0.9151 0.3274
vn -0.5144 0.6537 0.5550
vn -0.2856 0.7484 0.5986
vn 0.3642 0.2608 -0.8941
vn -0.5708 0.4035 0.7151
vn -0.8232 0.5678 -0.0004
vn -0.0844 0.2883 0.9538
vn -0.1001 0.7754 0.6234
vn 0.3891 0.4304 -0.8145
vn -0.8232 0.3845 -0.4178
vn 0.0568 0.8576 0.5112
vn 0.0598 0.9402 0.3353
vn -0.0971 0.7140 0.6934
vn -0.0624 0.8851 0.4612
vn -0.2771 0.6606 -0.6977
vn -0.5993 0.7925 0.1129
vn -0.7459 0.6637 -0.0562
vn -0.7973 0.4650 0.3847
vn -0.0720 0.8566 0.5109
vn -0.1272 0.5649 0.8153
vn 0.0767 0.9596 0.2707
vn -0.2411 0.8475 -0.4729
vn -0.5423 0.8373 -0.0696
vn -0.1288 0.9343 -0.3324
vn -0.2147 0.8927 0.3962
vn -0.0120 0.9195 0.3928
vn 0.3960 0.8441 0.3616
vn 0.1377 0.6822 0.7181
vn 0.3080 0.9000 0.3084
vn -0.3349 0.8554 -0.3952
vn -0.7752 0.6036 -0.1866
vn -0.4993 0.5945 -0.6303
vn -0.2672 0.9075 0.3241
vn -0.4823 0.8677 0.1209
vn -0.3585 0.9335 0.0005
vn 0.0650 0.6607 0.7478
vn 0.4045 0.7415 0.5352
vn 0.2900 0.9462 0.1435
vn -0.6375 0.7678 -0.0641
vn -0.6709 0.7330 0.1119
vn -0.7473 0.6636 -0.0343
vn -0.8934 0.4453 -0.0599
vn -0.7627 0.4732 0.4409
vn -0.8198 0.4933 0.2908
vn -0.9050 0.3897 -0.1706
vn -0.5318 0.7583 0.3770
vn -0.2588 0.8432 0.4713
vn 0.4664 0.5038 -0.7271
vn 0.3768 0.6326 -0.6766
vn 0.3672 0.6089 -0.7031
vn 0.0953 0.5569 -0.8251
vn 0.6847 0.6422 -0.3448
vn -0.1936 0.6890 0.6984
vn 0.5142 0.6283 -0.5838
vn 0.5862 0.5632 -0.5824
vn 0.0476 0.9914 -0.1215
vn -0.7956 0.5115 0.3247
vn -0.8076 0.4406 0.3920
vn -0.6690 0.4813 0.5663
vn 0.2261 0.2382 -0.9445
vn 0.5424 0.5295 -0.6523
vn -0.4825 0.6769 0.5559
vn -0.4040 0.7513 0.5219
vn 0.1083 0.7101 0.6957
vn -0.1710 0.5139 0.8406
vn -0.5553 0.3669 0.7464
vn -0.5448 0.5690 0.6159
vn 0.3388 0.3400 -0.8773
vn -0.2695 0.3476 -0.8981
vn -0.4540 0.4170 0.7874
vn -0.4754 0.5918 0.6510
vn -0.5961 0.7677 0.2351
vn -0.6065 0.7934 -0.0518
vn -0.4966 0.7134 0.4945
vn -0.1194 0.5274 0.8412
vn -0.2015 0.7523 0.6273
vn -0.1890 0.8050 0.5624
vn 0.2157 0.6457 -0.7325
vn -0.5104 0.8455 -0.1568
vn -0.6776 0.6748 -0.2926
vn -0.6822 0.5052 -0.5285
vn -0.1649 0.8244 0.5414
vn 0.1672 0.9842 -0.0578
vn -0.1487 0.8790 0.4530
vn -0.4312 0.3972 0.8102
vn -0.1102 0.7228 0.6822
vn 0.1233 0.8106 0.5725
vn -0.2661 0.6765 0.6867
vn -0.2637 0.7080 0.6552
vn -0.2208 0.6958 -0.6835
vn -0.4668 0.7458 -0.4753
vn -0.4757 0.8346 0.2778
vn -0.2956 0.9333 -0.2038
vn -0.2712 0.8589 -0.4344
vn -0.4449 0.8323 0.3306
vn -0.3578 0.8661 0.3492
vn -0.1813 0.8135 0.5526
vn 0.1637 0.7895 0.5915
vn 0.2064 0.9368 0.2825
vn 0.1193 0.5935 0.7959
vn 0.0950 0.6516 0.7526
vn 0.0562 0.7945 0.6046
vn 0.0353 0.9435 0.3293
vn -0.3728 0.7577 -0.5357
vn -0.4123 0.7621 -0.4993
vn -0.6327 0.7468 -0.2048
vn -0.3564 0.8210 -0.4460
vn 0.0116 0.9115 -0.4112
vn -0.0455 0.9696 -0.2402
vn -0.2538 0.8861 0.3878
vn -0.3403 0.8898 0.3042
vn -0.2773 0.9453 0.1721
vn -0.1495 0.9812 0.1216
vn 0.2338 0.9008 0.3659
vn 0.0805 0.5037 0.8601
vn 0.2473 0.6120 0.7512
vn 0.2785 0.7095 0.6474
vn 0.2362 0.8842 0.4030
vn 0.1673 0.9505 0.2618
vn -0.3875 0.9099 -0.1480
vn -0.5637 0.8259 0.0113
vn -0.7001 0.7140 -0.0044
vn -0.7874 0.5800 -0.2086
vn -0.7295 0.4309 -0.5312
vn -0.8736 0.4494 -0.1869
vn -0.9078 0.3832 -0.1702
vn -0.7260 0.6083 0.3207
vn -0.8068 0.5669 0.1667
vn -0.6899 0.7239 0.0034
vn -0.6976 0.7152 -0.0422
vn -0.5181 0.8484 -0.1088
vn -0.1224 0.7467 0.6537
vn 0.1112 0.7704 0.6278
vn 0.3039 0.7740 0.5555
vn 0.4206 0.7933 0.4402
vn 0.3619 0.8317 0.4211
vn 0.3454 0.8758 0.3371
vn -0.2049 0.9786 -0.0164
vn -0.2343 0.9722 0.0034
vn -0.1920 0.9814 0.0091
vn -0.1548 0.9877 0.0231
vn -0.0899 0.9952 0.0377
vn -0.1067 0.9939 -0.0264
vn -0.4019 0.9100 -0.1024
vn -0.4448 0.8956 -0.0075
vn -0.5241 0.8515 -0.0136
vn -0.5419 0.8404 0.0083
vn -0.5496 0.8354 0.0033
vn -0.5094 0.8604 0.0131
vn -0.5275 0.8494 -0.0167
vn -0.6390 0.7685 -0.0333
vn -0.6708 0.7414 0.0197
vn -0.4959 0.8631 0.0961
vn -0.2792 0.9563 0.0874
vn -0.0234 0.9966 0.0786
vn 0.1493 0.9872 0.0565
vn 0.2220 0.9750 -0.0038
vn -0.0617 0.8344 -0.5478
vn 0.2736 0.6730 -0.6872
vn -0.1240 0.7177 -0.6852
vn 0.5249 0.6183 -0.5849
vn -0.3070 0.6447 -0.7001
vn 0.1275 0.5575 -0.8204
vn -0.1063 0.4131 -0.9044
vn -0.4300 0.8527 -0.2967
vn -0.1329 0.8628 -0.4878
vn 0.2859 0.6907 -0.6643
vn 0.2691 0.6341 -0.7249
vn -0.5752 0.8153 -0.0671
vn -0.4012 0.8554 -0.3276
vn 0.1008 0.7727 -0.6267
vn 0.2415 0.6724 -0.6997
vn 0.3220 0.6715 -0.6674
vn -0.5836 0.7492 0.3134
vn -0.4986 0.8667 -0.0132
vn -0.0910 0.9640 -0.2497
vn 0.0154 0.8294 -0.5584
vn 0.3798 0.6359 -0.6719
vn 0.4874 0.5274 -0.6959
vn -0.6483 0.7427 -0.1677
vn -0.5962 0.8027 0.0147
vn -0.1563 0.9874 -0.0246
vn -0.0233 0.9956 -0.0909
vn 0.2356 0.8758 -0.4213
vn 0.1286 0.7196 -0.6824
vn 0.0258 0.5905 -0.8066
vn -0.6820 0.7305 -0.0354
vn -0.4955 0.8372 -0.2313
vn -0.1746 0.9841 -0.0325
vn -0.0495 0.9973 -0.0542
vn 0.0621 0.9943 -0.0872
vn 0.2910 0.9062 -0.3067
vn 0.3096 0.8215 -0.4789
vn -0.0509 0.9351 -0.3508
vn -0.8046 0.5873 0.0880
vn -0.2685 0.9629 -0.0261
vn -0.1460 0.9883 0.0432
vn -0.0026 0.9975 0.0708
vn 0.0790 0.9962 0.0355
vn 0.3371 0.9398 -0.0558
vn 0.3256 0.8987 -0.2938
vn 0.2324 0.9650 -0.1217
vn -0.2053 0.8208 -0.5331
vn -0.6515 0.6163 -0.4424
vn -0.1271 0.9557 0.2655
vn 0.0787 0.9263 0.3686
vn 0.2443 0.8771 0.4136
vn 0.2730 0.8680 0.4147
vn 0.3581 0.8704 0.3380
vn 0.2286 0.9726 0.0428
vn 0.0465 0.9708 -0.2355
vn -0.1581 0.8808 -0.4463
vn -0.2968 0.7813 -0.5491
vn 0.2154 0.7945 -0.5678
vn -0.1228 0.7719 -0.6238
vn 0.1444 0.7216 -0.6771
vn 0.1924 0.7122 -0.6751
vn 0.4615 0.6145 -0.6399
vn -0.2895 0.9009 -0.3232
vn -0.1099 0.8567 -0.5040
vn -0.0079 0.7295 -0.6839
vn 0.1724 0.6081 -0.7749
vn 0.0768 0.4192 -0.9046
vn 0.1697 0.3875 -0.9061
vn -0.4918 0.8554 -0.1623
vn -0.3151 0.8722 -0.3741
vn -0.2989 0.8755 -0.3797
vn 0.0053 0.8030 -0.5959
vn 0.2153 0.7102 -0.6702
vn 0.1362 0.6328 -0.7622
vn -0.1122 0.7212 -0.6835
vn 0.1211 0.6033 -0.7883
vn -0.6047 0.7871 0.1216
vn -0.4654 0.8824 -0.0683
vn -0.4923 0.8450 -0.2086
vn -0.2623 0.8962 -0.3577
vn -0.0216 0.8488 -0.5283
vn -0.0459 0.7876 -0.6144
vn 0.0793 0.7057 -0.7040
vn 0.1436 0.6153 -0.7751
vn 0.1899 0.8407 -0.5071
vn 0.3063 0.6718 -0.6744
vn -0.6101 0.7827 -0.1232
vn -0.6129 0.7729 0.1641
vn -0.5370 0.8344 0.1242
vn -0.3250 0.9456 0.0144
vn -0.1323 0.9884 -0.0748
vn -0.0745 0.9847 -0.1573
vn -0.0096 0.9591 -0.2829
vn 0.1517 0.8725 -0.4645
vn 0.3443 0.7011 -0.6244
vn 0.1914 0.6819 -0.7060
vn 0.1648 0.7308 -0.6624
vn 0.4669 0.5858 -0.6625
vn -0.6511 0.7502 -0.1154
vn -0.5434 0.8245 -0.1576
vn -0.5336 0.8306 -0.1592
vn -0.4259 0.9043 -0.0277
vn -0.1610 0.9869 -0.0070
vn -0.0815 0.9965 -0.0195
vn -0.0307 0.9990 -0.0317
vn 0.0326 0.9972 -0.0666
vn 0.1280 0.9777 -0.1663
vn 0.2050 0.9112 -0.3574
vn 0.2740 0.8141 -0.5120
vn 0.3456 0.7615 -0.5484
vn 0.3552 0.6416 -0.6799
vn 0.1890 0.6367 -0.7476
vn -0.7697 0.5990 0.2206
vn -0.6301 0.7722 -0.0817
vn -0.3957 0.9178 -0.0342
vn -0.2392 0.9710 0.0007
vn -0.1753 0.9841 -0.0275
vn -0.1252 0.9913 -0.0416
vn -0.0622 0.9965 -0.0550
vn -0.0005 0.9978 -0.0665
vn 0.0325 0.9975 -0.0626
vn 0.0873 0.9909 -0.1024
vn 0.3313 0.9350 -0.1263
vn 0.4854 0.8659 -0.1209
vn 0.4438 0.8848 -0.1422
vn 0.3157 0.9105 -0.2670
vn 0.1885 0.8521 -0.4882
vn -0.0993 0.7901 -0.6049
vn -0.7844 0.6057 -0.1335
vn -0.6330 0.7742 0.0021
vn -0.2240 0.9730 0.0552
vn -0.0551 0.9873 0.1492
vn -0.0693 0.9786 0.1938
vn 0.0434 0.9823 0.1824
vn 0.0891 0.9680 0.2347
vn 0.1488 0.9629 0.2250
vn 0.1473 0.9615 0.2321
vn 0.1671 0.9665 0.1948
vn 0.3761 0.9140 0.1519
vn 0.3910 0.9177 0.0709
vn 0.3184 0.9475 -0.0287
vn 0.2373 0.9497 -0.2045
vn 0.2047 0.8566 -0.4737
vn 0.0959 0.9565 -0.2755
vn -0.1630 0.9737 -0.1593
vn -0.0890 0.9319 -0.3517
vn -0.1749 0.9771 -0.1211
vn -0.0296 0.9975 0.0640
vn 0.0497 0.9796 0.1949
vn 0.1018 0.9531 0.2852
vn 0.1518 0.9396 0.3068
vn 0.1912 0.9258 0.3262
vn 0.1875 0.9203 0.3433
vn 0.2031 0.9206 0.3336
vn 0.2125 0.9218 0.3242
vn 0.1372 0.9016 0.4102
vn 0.2786 0.9073 0.3149
vn 0.2079 0.9452 0.2518
vn 0.1490 0.9789 0.1397
vn 0.0867 0.9946 0.0572
vn 0.0356 0.9993 -0.0129
vn -0.0109 0.9977 -0.0663
vn -0.0496 0.9874 -0.1500
vn -0.1008 0.9714 -0.2148
vn -0.1179 0.9753 -0.1868
vn -0.0978 0.9795 -0.1762
vn -0.3119 0.7452 -0.5893
vn 0.0165 0.7920 -0.6103
vn 0.1539 0.5627 -0.8122
vn -0.1535 0.8569 -0.4921
vn 0.0726 0.6327 -0.7710
vn 0.5027 0.5745 -0.6460
vn -0.1604 0.9638 -0.2128
vn 0.2419 0.7736 -0.5857
vn 0.0901 0.9479 -0.3057
vn 0.2342 0.9460 -0.2240
vn -0.2895 0.9267 0.2397
vn 0.3019 0.8234 -0.4805
vn 0.3442 0.8937 -0.2878
vn 0.2587 0.9623 -0.0839
vn 0.1924 0.9699 0.1495
vn -0.7229 0.6725 0.1583
vn 0.1165 0.8970 -0.4264
vn 0.3969 0.8542 -0.3359
vn 0.5465 0.8350 -0.0643
vn 0.3509 0.8805 0.3188
vn 0.2271 0.7588 0.6105
vn -0.7265 0.6521 -0.2166
vn 0.1157 0.9666 -0.2287
vn 0.1313 0.9762 -0.1725
vn 0.3200 0.9472 0.0219
vn 0.6568 0.6493 0.3835
vn 0.5028 0.6950 0.5140
vn -0.0682 0.9222 0.3807
vn -0.8022 0.5467 0.2400
vn -0.1228 0.9909 -0.0556
vn 0.0489 0.9970 -0.0593
vn 0.1813 0.9735 0.1394
vn 0.4644 0.7561 0.4612
vn 0.4142 0.7297 0.5441
vn 0.3786 0.7945 0.4747
vn -0.7276 0.6095 0.3148
vn -0.5881 0.6655 -0.4596
vn -0.2687 0.9575 0.1046
vn -0.2395 0.9471 0.2136
vn -0.0489 0.9619 0.2688
vn 0.3713 0.7984 0.4741
vn 0.6075 0.6228 0.4931
vn 0.7185 0.6954 0.0146
vn 0.2920 0.6399 -0.7108
vn 0.2127 0.4523 -0.8661
vn 0.4798 0.6771 -0.5579
vn -0.1308 0.9731 0.1896
vn -0.2048 0.9419 0.2663
vn -0.2198 0.9170 0.3328
vn 0.0022 0.9440 0.3298
vn 0.4439 0.8836 -0.1493
vn 0.7196 0.5416 -0.4346
vn 0.4385 0.5290 -0.7266
vn 0.3588 0.5124 -0.7802
vn 0.5619 0.4429 -0.6987
vn 0.0136 0.6742 -0.7384
vn 0.0501 0.5902 -0.8057
vn 0.2020 0.4717 -0.8583
vn 0.4180 0.5654 -0.7111
vn -0.1269 0.8339 -0.5372
vn -0.1654 0.9608 -0.2223
vn 0.0513 0.7664 -0.6403
vn 0.0448 0.8395 -0.5416
vn 0.2256 0.8957 -0.3831
vn 0.3597 0.8312 -0.4239
vn 0.4207 0.7664 -0.4854
vn -0.1050 0.7981 -0.5933
vn 0.3357 0.7657 -0.5486
vn 0.3187 0.8454 -0.4286
vn 0.2967 0.8959 -0.3306
vn 0.1320 0.9667 -0.2194
vn 0.1393 0.9845 -0.1070
vn 0.1935 0.9807 -0.0270
vn 0.1829 0.9829 0.0204
vn -0.2205 0.9752 -0.0183
vn 0.2044 0.8286 -0.5211
vn 0.4137 0.8364 -0.3594
vn 0.4541 0.8206 -0.3468
vn 0.4433 0.8521 -0.2784
vn 0.4285 0.9024 -0.0454
vn 0.3242 0.9394 0.1112
vn 0.1738 0.9612 0.2141
vn 0.1941 0.9106 0.3649
vn -0.1591 0.8758 0.4558
vn -0.4187 0.8539 0.3091
vn 0.1302 0.9380 -0.3214
vn 0.1451 0.9588 -0.2440
vn 0.1793 0.9551 -0.2358
vn 0.3351 0.9145 -0.2265
vn 0.5862 0.8076 -0.0643
vn 0.6453 0.7491 0.1499
vn 0.4716 0.7608 0.4458
vn 0.2537 0.7274 0.6376
vn 0.1781 0.7044 0.6871
vn 0.1927 0.6226 0.7585
vn -0.6987 0.6192 0.3585
vn -0.6815 0.6895 0.2452
vn 0.0288 0.9891 -0.1442
vn 0.0854 0.9871 -0.1352
vn 0.1090 0.9866 -0.1214
vn 0.1343 0.9883 -0.0718
vn 0.2250 0.9705 0.0865
vn 0.4201 0.8291 0.3691
vn 0.5845 0.6793 0.4436
vn 0.5913 0.6159 0.5206
vn 0.5264 0.7179 0.4555
vn 0.5346 0.6190 0.5754
vn 0.3335 0.8386 0.4307
vn -0.6346 0.7542 -0.1686
vn -0.7499 0.6593 -0.0547
vn -0.7432 0.6655 -0.0691
vn -0.2461 0.9690 0.0230
vn -0.1745 0.9835 0.0466
vn -0.0883 0.9949 0.0480
vn 0.0093 0.9984 0.0560
vn 0.1794 0.9635 0.1984
vn 0.2587 0.8714 0.4167
vn 0.3742 0.7712 0.5149
vn 0.5258 0.6650 0.5304
vn 0.6551 0.5921 0.4694
vn 0.4334 0.7668 0.4734
vn 0.6157 0.7140 0.3332
vn 0.3623 0.9307 0.0497
vn 0.2558 0.9273 -0.2731
vn -0.2409 0.9668 0.0857
vn -0.7700 0.6221 0.1417
vn -0.7984 0.5255 0.2938
vn -0.2212 0.9589 0.1776
vn -0.2642 0.9339 0.2408
vn -0.2732 0.9134 0.3019
vn -0.2557 0.8953 0.3647
vn -0.2586 0.8877 0.3810
vn -0.0543 0.8821 0.4679
vn 0.2478 0.8768 0.4122
vn 0.5160 0.8423 0.1558
vn 0.7020 0.6987 0.1382
vn 0.7063 0.6913 -0.1524
vn 0.6392 0.7217 -0.2657
vn 0.6164 0.5853 -0.5267
vn 0.2978 0.5097 -0.8072
vn 0.3961 0.5314 -0.7488
vn 0.3684 0.5435 -0.7542
vn 0.4992 0.5152 -0.6967
vn 0.3461 0.5821 -0.7358
vn -0.2628 0.7118 -0.6514
vn -0.0905 0.9836 0.1563
vn -0.0954 0.9829 0.1576
vn -0.1222 0.9780 0.1693
vn -0.1081 0.9733 0.2025
vn -0.1255 0.9717 0.2001
vn -0.1307 0.9682 0.2131
vn -0.1027 0.9723 0.2101
vn -0.0523 0.9861 0.1576
vn -0.0006 0.9971 0.0755
vn 0.0681 0.9974 -0.0228
vn 0.1761 0.9680 -0.1790
vn 0.3626 0.8495 -0.3832
vn 0.2960 0.7517 -0.5893
vn 0.1521 0.9113 -0.3826
vn 0.3066 0.8856 -0.3487
vn 0.2524 0.8255 -0.5048
vn 0.1494 0.9499 -0.2745
vn 0.3137 0.8855 -0.3428
vn 0.2227 0.8769 -0.4260
vn 0.1986 0.9086 -0.3674
vn 0.0106 0.9996 0.0245
vn 0.0013 1.0000 -0.0003
vn 0.0501 0.9956 -0.0786
vn -0.0025 1.0000 -0.0051
vn -0.0811 0.9967 -0.0003
vn -0.0499 0.9950 0.0863
vn -0.0895 0.9946 0.0516
vn -0.2197 0.6364 -0.7394
vn -0.1760 0.7061 -0.6859
vn -0.3077 0.6907 -0.6544
vn -0.3158 0.6561 -0.6855
vn -0.2983 0.6301 -0.7169
vn 0.0031 1.0000 0.0046
vn 0.0094 0.9999 0.0135
vn 0.0183 0.9994 0.0289
vn 0.0418 0.9971 0.0628
vn 0.0797 0.9884 0.1290
vn 0.0973 0.9795 0.1767
vn 0.0878 0.9848 0.1500
vn 0.0829 0.9858 0.1460
vn 0.0699 0.9892 0.1292
vn 0.0366 0.9967 0.0727
vn 0.1013 0.9949 -0.0000
vn 0.0661 0.9978 0.0043
vn 0.0173 0.9998 0.0021
vn 0.0114 0.9999 0.0004
vn 0.0001 1.0000 0.0004
vn -0.0062 1.0000 0.0006
vn -0.0109 0.9999 -0.0001
vn 0.0421 0.9991 -0.0000
vn -0.0014 1.0000 0.0004
vn -0.0012 1.0000 -0.0000
vn 0.0018 1.0000 -0.0021
vn -0.0007 1.0000 0.0010
vn -0.0013 1.0000 0.0027
vn 0.0007 1.0000 -0.0019
vn 0.0026 1.0000 -0.0052
vn 0.0091 0.9998 -0.0163
vn 0.0140 0.9994 -0.0309
vn 0.0401 0.9961 -0.0790
vn 0.0648 0.9903 -0.1228
vn 0.0820 0.9877 -0.1333
vn -0.0463 0.9960 -0.0770
vn -0.0435 0.9962 -0.0754
vn -0.0401 0.9967 -0.0699
vn -0.0403 0.9969 -0.0682
vn -0.0470 0.9956 -0.0813
vn -0.0464 0.9959 -0.0776
vn -0.0415 0.9964 -0.0733
vn -0.0294 0.9981 -0.0546
vn -0.0145 0.9994 -0.0301
vn -0.0028 1.0000 -0.0034
vn -0.0982 0.9952 -0.0002
vn -0.0950 0.9955 -0.0006
vn -0.0650 0.9979 -0.0030
vn -0.0353 0.9994 -0.0011
vn -0.0345 0.9994 0.0025
vn -0.0618 0.9981 0.0018
vn -0.0845 0.9964 0.0008
vn -0.0871 0.9962 -0.0000
vn -0.0874 0.9962 -0.0000
vn -0.0072 0.9999 0.0131
vn -0.0101 0.9996 0.0247
vn -0.0112 0.9999 0.0067
vn -0.0178 0.9995 0.0270
vn -0.0137 0.9994 0.0306
vn -0.0343 0.9973 0.0647
vn -0.0512 0.9944 0.0923
vn -0.0578 0.9934 0.0988
vn -0.0522 0.9946 0.0895
vn -0.0503 0.9949 0.0869
vn -0.3319 0.6655 -0.6685
vn -0.2261 0.7882 -0.5724
vn -0.0970 0.2767 -0.9560
vn 0.2105 0.6578 -0.7232
vn 0.0898 0.7080 -0.7005
vn 0.0776 0.7630 -0.6417
vn 0.1058 0.9335 -0.3427
vn -0.1666 0.9781 -0.1248
vn -0.2541 0.9671 0.0070
vn -0.1698 0.9821 0.0814
vn 0.2335 0.9660 -0.1112
vn 0.2591 0.9596 0.1099
vn 0.0508 0.9830 0.1764
vn -0.0047 0.9801 0.1986
vn -0.2120 0.8247 0.5243
vn -0.3013 0.8181 0.4898
vn -0.5720 0.6045 0.5544
vn -0.5655 0.6025 0.5632
vn -0.3292 0.6743 0.6611
vn 0.5653 0.4938 -0.6608
vn -0.3782 0.9022 -0.2072
vn -0.1402 0.9379 -0.3173
vn -0.2679 0.7238 -0.6358
vn -0.1765 0.8282 -0.5319
vn 0.5474 0.5051 -0.6673
vn 0.3487 0.4893 -0.7994
vn 0.1960 0.4149 -0.8885
vn 0.3117 0.7169 -0.6236
vn 0.4440 0.6460 -0.6210
vn 0.4887 0.5584 -0.6703
vn -0.1077 0.7342 -0.6704
vn -0.4528 0.8101 -0.3724
vn -0.7629 0.5498 0.3403
vn -0.7109 0.6981 -0.0851
vn -0.7440 0.6675 0.0296
vn -0.6544 0.7538 0.0602
vn -0.3738 0.9240 -0.0810
vn -0.3188 0.8422 -0.4349
vn -0.2438 0.8381 -0.4880
vn 0.0157 0.6590 -0.7520
vn -0.1889 0.9774 -0.0945
vn -0.0891 0.9948 -0.0498
vn 0.0019 0.9999 0.0159
vn 0.0194 0.9975 0.0682
vn 0.0661 0.9670 0.2461
vn 0.1560 0.8293 0.5366
vn 0.2399 0.6163 0.7501
vn 0.3771 0.4703 0.7979
vn 0.1962 0.5102 0.8374
vn 0.5207 0.5947 -0.6125
vn -0.0512 0.7700 0.6359
vn -0.6449 0.7007 0.3051
vn 0.5854 0.6983 -0.4119
vn 0.4389 0.5506 -0.7101
vn 0.3794 0.8327 -0.4033
vn 0.2474 0.9685 0.0298
vn 0.2703 0.7627 0.5875
vn 0.2383 0.6167 0.7503
vn -0.1357 0.5298 0.8372
vn -0.1975 0.5116 0.8362
vn -0.2473 0.9689 -0.0005
vn -0.1060 0.9943 0.0053
vn -0.2411 0.9704 0.0152
vn 0.0072 0.9997 0.0234
vn -0.2179 0.9758 0.0172
vn -0.0786 0.9965 0.0290
vn 0.0336 0.9949 0.0950
vn -0.1006 0.9925 0.0691
vn -0.0099 0.9941 0.1083
vn 0.0307 0.9935 0.1096
vn 0.1086 0.9461 0.3050
vn 0.1826 0.9791 0.0898
vn 0.2345 0.9255 0.2973
vn 0.1036 0.9287 0.3561
vn 0.1335 0.9286 0.3463
vn 0.2410 0.7837 0.5725
vn 0.7384 0.6410 0.2096
vn 0.3709 0.7994 0.4726
vn 0.2064 0.7510 0.6272
vn 0.2870 0.7591 0.5843
vn 0.1871 0.8242 0.5345
vn 0.2496 0.5790 0.7761
vn 0.9448 0.3204 -0.0681
vn 0.3362 0.5665 0.7524
vn 0.4573 0.6237 0.6339
vn 0.1828 0.6768 0.7131
vn 0.1616 0.7118 0.6835
vn 0.5068 0.5933 0.6255
vn 0.4307 0.3986 0.8097
vn 0.5363 0.8161 -0.2153
vn 0.3452 0.6326 -0.6933
vn 0.1315 0.5994 -0.7895
vn 0.3112 0.7332 0.6046
vn 0.3289 0.5666 0.7555
vn 0.6322 0.4487 0.6317
vn 0.3579 0.4243 0.8318
vn 0.0901 0.9921 0.0876
vn -0.0401 0.9986 -0.0348
vn 0.2297 0.7922 -0.5654
vn -0.0910 0.6128 -0.7850
vn 0.0632 0.4836 -0.8730
vn 0.0060 0.5981 -0.8014
vn 0.5057 0.6284 -0.5911
vn -0.1886 0.8131 -0.5508
vn -0.3073 0.5996 -0.7390
vn 0.5428 0.6079 -0.5795
vn -0.1704 0.9852 -0.0182
vn -0.1786 0.9702 -0.1639
vn -0.2277 0.8725 -0.4323
vn -0.0075 0.7307 -0.6827
vn 0.0857 0.5730 -0.8151
vn -0.0499 0.4958 -0.8670
vn 0.1628 0.3476 -0.9234
vn -0.4460 0.8505 -0.2789
vn 0.0680 0.8057 -0.5884
vn -0.2398 0.9708 0.0125
vn -0.2349 0.9720 0.0021
vn -0.2254 0.9743 -0.0036
vn -0.2200 0.9755 0.0030
vn -0.0935 0.9954 0.0226
vn -0.0529 0.9983 0.0249
vn -0.1548 0.9867 0.0489
vn -0.1701 0.9832 0.0661
vn -0.0359 0.9967 0.0728
vn 0.0205 0.9964 0.0822
vn 0.0201 0.9968 0.0779
vn 0.0263 0.9970 0.0729
vn 0.0932 0.9931 0.0716
vn 0.0775 0.9868 0.1419
vn 0.1877 0.9500 0.2497
vn 0.2369 0.9187 0.3160
vn 0.1187 0.9485 0.2936
vn 0.1429 0.9483 0.2832
vn 0.0947 0.9473 0.3061
vn 0.0934 0.9561 0.2777
vn 0.5803 0.7839 0.2207
vn 0.4954 0.7513 0.4361
vn 0.3405 0.8445 0.4134
vn 0.4283 0.8124 0.3958
vn 0.1071 0.7947 0.5974
vn 0.1734 0.7751 0.6076
vn 0.2500 0.7984 0.5478
vn 0.2257 0.8327 0.5056
vn 0.1710 0.8689 0.4644
vn 0.1846 0.8646 0.4674
vn 0.9188 0.3774 0.1159
vn 0.7320 0.5419 0.4129
vn 0.3319 0.6336 0.6989
vn 0.4494 0.6170 0.6460
vn 0.4996 0.6619 0.5589
vn 0.4394 0.7041 0.5578
vn 0.1760 0.6772 0.7145
vn 0.1876 0.7074 0.6815
vn 0.2263 0.7150 0.6615
vn 0.2967 0.6880 0.6623
vn 0.4721 0.6386 0.6077
vn 0.4217 0.6064 0.6741
vn 0.7161 0.6617 -0.2220
vn 0.6059 0.5589 -0.5662
vn 0.3256 0.5571 -0.7639
vn 0.2514 0.4777 -0.8418
vn 0.3851 0.8242 0.4153
vn 0.4749 0.6120 0.6325
vn 0.2177 0.5572 0.8013
vn 0.1725 0.6493 0.7407
vn 0.3414 0.5746 0.7438
vn 0.4225 0.5571 0.7149
vn 0.6255 0.4669 0.6251
vn 0.6037 0.4485 0.6591
vn 0.2697 0.4936 0.8268
vn 0.2869 0.5258 0.8008
vn 0.0455 0.9952 -0.0870
vn 0.1508 0.9642 -0.2181
vn 0.3087 0.7031 -0.6406
vn 0.1430 0.6432 -0.7522
vn -0.0240 0.5538 -0.8323
vn 0.0540 0.4842 -0.8733
vn -0.0098 0.4926 -0.8702
vn 0.0297 0.5324 -0.8460
vn -0.1470 0.6091 -0.7794
vn -0.0665 0.6847 -0.7257
vn 0.6224 0.7618 -0.1796
vn 0.7049 0.6512 -0.2813
vn 0.2054 0.9783 -0.0263
vn -0.2826 0.9309 0.2313
vn 0.1145 0.9934 0.0001
vn -0.0905 0.9762 0.1973
vn -0.1457 0.9890 -0.0264
vn -0.1519 0.9875 -0.0423
vn -0.1051 0.9594 -0.2617
vn -0.1367 0.9233 -0.3588
vn -0.1874 0.8129 -0.5514
vn -0.1269 0.7769 -0.6167
vn 0.0115 0.6533 -0.7570
vn 0.0945 0.5997 -0.7947
vn 0.0241 0.5102 -0.8597
vn 0.0250 0.4606 -0.8873
vn -0.0364 0.4492 -0.8927
vn -0.0746 0.4127 -0.9078
vn 0.2289 0.4271 -0.8748
vn -0.1388 0.7543 -0.6417
vn -0.4005 0.7766 -0.4864
vn -0.1942 0.7787 -0.5966
vn 0.0437 0.7556 -0.6536
vn 0.2238 0.7251 -0.6513
vn -0.1961 0.9806 -0.0019
vn -0.2022 0.9793 -0.0064
vn -0.2290 0.9733 -0.0132
vn -0.2427 0.9698 -0.0257
vn -0.2602 0.9585 -0.1164
vn -0.2258 0.9615 -0.1569
vn 0.0007 0.9411 -0.3383
vn 0.0592 0.9158 -0.3972
vn 0.1657 0.7724 -0.6132
vn 0.1499 0.7236 -0.6737
vn -0.0259 0.6794 -0.7333
vn 0.0261 0.6421 -0.7662
vn 0.0758 0.6201 -0.7809
vn 0.1499 0.5754 -0.8040
vn 0.1139 0.3129 -0.9429
vn -0.0624 0.7124 -0.6990
vn 0.0507 0.8813 -0.4698
vn -0.0266 0.9400 -0.3402
vn 0.4363 0.6802 -0.5890
vn 0.0842 0.6882 -0.7206
vn -0.1318 0.5551 -0.8213
vn 0.3207 0.5170 0.7936
vn 0.0451 0.4909 0.8700
vn 0.5544 0.3185 0.7689
vn 0.0955 0.3914 0.9152
vn 0.3805 0.3052 0.8730
vn 0.2096 0.5617 0.8003
vn 0.1438 0.6421 0.7530
vn 0.3686 0.6467 0.6677
vn 0.2570 0.6344 0.7291
vn 0.2171 0.7434 0.6327
vn 0.1578 0.8831 0.4419
vn 0.2862 0.8082 0.5146
vn 0.2140 0.7579 0.6163
vn 0.1622 0.7386 0.6543
vn 0.0047 0.9416 0.3368
vn 0.1832 0.9813 -0.0583
vn 0.1056 0.9890 0.1036
vn 0.0915 0.9804 0.1747
vn -0.0284 0.9614 0.2736
vn -0.1215 0.9357 0.3312
vn 0.0181 0.9954 0.0936
vn 0.2085 0.8369 -0.5062
vn 0.1223 0.9781 -0.1683
vn 0.0467 0.9989 -0.0056
vn -0.0917 0.9953 0.0299
vn -0.2279 0.9705 0.0792
vn -0.1394 0.9846 0.1054
vn 0.0009 0.9997 0.0239
vn 0.4188 0.6983 -0.5805
vn 0.3790 0.8300 -0.4092
vn 0.0347 0.9849 -0.1698
vn -0.1261 0.9831 -0.1327
vn -0.2506 0.9663 -0.0588
vn -0.1794 0.9838 -0.0043
vn -0.0267 0.9995 0.0193
vn -0.0302 0.9985 -0.0457
vn 0.3921 0.6906 -0.6077
vn 0.5804 0.7499 -0.3176
vn 0.0835 0.8831 -0.4617
vn -0.1636 0.9334 -0.3194
vn -0.2235 0.9463 -0.2335
vn -0.1740 0.9775 -0.1192
vn -0.0507 0.9964 -0.0681
vn -0.0371 0.9978 -0.0544
vn -0.1176 0.9716 -0.2054
vn 0.4448 0.6106 0.6553
vn 0.8160 0.5404 0.2052
vn 0.2382 0.9617 -0.1357
vn -0.0811 0.9669 -0.2418
vn -0.1277 0.9588 -0.2539
vn -0.1403 0.9645 -0.2237
vn -0.1461 0.9669 -0.2094
vn -0.1270 0.9669 -0.2212
vn -0.1170 0.9717 -0.2054
vn 0.1360 0.5496 0.8243
vn 0.5704 0.4647 0.6773
vn 0.0888 0.4343 0.8964
vn 0.4912 0.3962 0.7757
vn 0.3095 0.4055 0.8601
vn 0.2408 0.4514 0.8592
vn 0.2136 0.5577 0.8021
vn 0.2292 0.5975 0.7684
vn 0.4268 0.6782 0.5982
vn 0.3633 0.6642 0.6533
vn 0.2342 0.5207 0.8210
vn 0.1904 0.4939 0.8484
vn 0.1554 0.8234 0.5458
vn 0.1501 0.7983 0.5833
vn 0.3245 0.7473 0.5799
vn 0.3003 0.7365 0.6061
vn 0.2495 0.6883 0.6812
vn 0.2281 0.7125 0.6635
vn 0.1386 0.6994 0.7012
vn 0.1241 0.6544 0.7459
vn 0.1686 0.9857 0.0009
vn 0.1375 0.9890 0.0539
vn 0.1268 0.9702 0.2063
vn 0.1484 0.9627 0.2264
vn 0.1230 0.9544 0.2722
vn 0.0991 0.9491 0.2990
vn 0.0161 0.9221 0.3866
vn -0.0135 0.9149 0.4034
vn -0.0566 0.9000 0.4322
vn -0.0310 0.9021 0.4303
vn 0.2101 0.9145 -0.3457
vn 0.1795 0.9517 -0.2490
vn 0.1140 0.9906 -0.0755
vn 0.0995 0.9944 -0.0364
vn 0.0505 0.9984 0.0245
vn 0.0278 0.9990 0.0343
vn -0.0837 0.9943 0.0658
vn -0.1304 0.9883 0.0797
vn -0.2166 0.9684 0.1238
vn -0.2122 0.9679 0.1344
vn -0.1153 0.9832 0.1415
vn -0.0676 0.9881 0.1382
vn 0.3226 0.6685 -0.6701
vn 0.2355 0.7624 -0.6027
vn 0.2696 0.8454 -0.4610
vn 0.3103 0.8767 -0.3675
vn 0.0422 0.9914 -0.1242
vn -0.0124 0.9933 -0.1149
vn -0.1190 0.9901 -0.0743
vn -0.1643 0.9846 -0.0591
vn -0.2464 0.9687 -0.0298
vn -0.2461 0.9691 -0.0173
vn -0.1774 0.9839 0.0205
vn -0.1378 0.9901 0.0273
vn -0.0205 0.9993 0.0304
vn -0.0030 0.9995 0.0301
vn 0.3393 0.7744 -0.5340
vn 0.3467 0.7666 -0.5404
vn 0.5394 0.7616 -0.3592
vn 0.4541 0.8013 -0.3894
vn 0.0568 0.9061 -0.4192
vn -0.0835 0.9325 -0.3514
vn -0.1470 0.9384 -0.3127
vn -0.1505 0.9411 -0.3029
vn -0.2435 0.9549 -0.1696
vn -0.2484 0.9589 -0.1370
vn -0.1744 0.9805 -0.0911
vn -0.1396 0.9873 -0.0757
vn -0.0416 0.9985 -0.0343
vn -0.0271 0.9992 -0.0286
vn -0.0204 0.9996 -0.0215
vn -0.0197 0.9996 -0.0195
vn 0.7474 0.6630 0.0418
vn 0.7090 0.6759 -0.2015
vn 0.7157 0.6351 -0.2904
vn 0.5763 0.7722 -0.2675
vn 0.1577 0.9465 -0.2816
vn 0.0412 0.9555 -0.2922
vn -0.1332 0.9388 -0.3178
vn -0.1482 0.9421 -0.3007
vn -0.1591 0.9395 -0.3033
vn -0.1697 0.9415 -0.2913
vn -0.1637 0.9601 -0.2266
vn -0.1470 0.9670 -0.2080
vn -0.1231 0.9686 -0.2161
vn -0.1185 0.9684 -0.2195
vn -0.1114 0.9750 -0.1921
vn -0.1107 0.9753 -0.1910
vn -0.1080 0.9761 -0.1888
vn -0.1079 0.9762 -0.1880
vn 0.0307 0.9968 0.0743
vn 0.0474 0.9930 0.1083
vn 0.0627 0.9962 0.0600
vn 0.0316 0.9992 0.0238
vn -0.0108 0.9992 -0.0391
vn -0.0219 0.9985 -0.0494
vn -0.0401 0.9950 -0.0910
vn -0.0535 0.9937 -0.0983
vn -0.0624 0.9920 -0.1100
vn -0.0649 0.9923 -0.1053
vn -0.0591 0.9918 -0.1130
vn -0.0664 0.9911 -0.1151
vn -0.0629 0.9930 -0.1002
vn -0.0591 0.9936 -0.0960
vn -0.0550 0.9938 -0.0967
vn -0.0551 0.9936 -0.0982
vn -0.0557 0.9930 -0.1042
vn -0.0604 0.9925 -0.1059
vn -0.0591 0.9918 -0.1131
vn -0.0678 0.9918 -0.1083
vn -0.2146 0.7147 -0.6657
vn -0.1742 0.5356 0.8263
vn 0.2379 0.4745 0.8475
vn 0.0895 0.5409 0.8363
vn -0.1757 0.5625 0.8079
vn 0.2142 0.5462 0.8098
vn 0.2779 0.6150 0.7380
vn -0.5911 0.3340 0.7342
vn -0.2037 0.5180 0.8308
vn 0.2253 0.7424 0.6309
vn 0.2927 0.8924 0.3436
vn -0.3988 0.7573 0.5172
vn -0.3870 0.7797 0.4922
vn 0.0998 0.8569 0.5058
vn 0.4273 0.7626 0.4857
vn 0.3166 0.9263 -0.2042
vn -0.2489 0.7868 0.5648
vn -0.6002 0.7854 0.1514
vn -0.4643 0.8845 -0.0458
vn 0.3874 0.9203 0.0552
vn 0.5858 0.8094 0.0412
vn 0.4278 0.6802 -0.5952
vn -0.0816 0.9872 0.1370
vn -0.1948 0.9800 -0.0396
vn -0.5444 0.8078 -0.2260
vn -0.3665 0.8965 -0.2490
vn 0.3690 0.8315 -0.4152
vn 0.5486 0.6141 -0.5674
vn 0.6698 0.7312 0.1293
vn -0.0449 0.9958 0.0801
vn -0.1433 0.9875 -0.0658
vn -0.3417 0.7921 -0.5058
vn -0.2734 0.7258 -0.6313
vn -0.0668 0.7405 -0.6687
vn 0.0549 0.8455 -0.5312
vn 0.4122 0.6301 -0.6581
vn -0.5829 0.8114 -0.0417
vn 0.0295 0.9995 0.0073
vn -0.0793 0.9811 -0.1764
vn -0.3482 0.7843 -0.5134
vn -0.5901 0.8071 0.0186
vn -0.6031 0.6195 -0.5025
vn -0.1404 0.9565 0.2556
vn -0.2619 0.4200 0.8689
vn -0.4332 0.6527 0.6215
vn -0.3722 0.4071 0.8341
vn 0.3121 0.8984 -0.3089
vn 0.1610 0.8865 -0.4339
vn -0.1047 0.9578 -0.2677
vn -0.3423 0.8812 0.3260
vn -0.1240 0.9915 0.0381
vn -0.4841 0.4390 0.7569
vn -0.2405 0.6436 0.7266
vn -0.5524 0.6373 0.5374
vn -0.5445 0.6078 0.5780
vn 0.2203 0.4765 0.8511
vn 0.0822 0.4894 0.8682
vn -0.0367 0.5831 0.8116
vn 0.2051 0.5449 0.8131
vn 0.2135 0.5514 0.8065
vn 0.0114 0.5839 0.8117
vn -0.4672 0.4194 0.7783
vn -0.3106 0.4648 0.8292
vn 0.1667 0.6551 0.7370
vn 0.4163 0.7032 0.5764
vn 0.4860 0.6173 0.6186
vn 0.3853 0.5321 0.7539
vn -0.4121 0.7333 0.5408
vn -0.3986 0.6766 0.6192
vn -0.4132 0.7111 0.5688
vn -0.5845 0.6972 0.4150
vn -0.1730 0.7401 0.6499
vn 0.0325 0.7209 0.6922
vn 0.3763 0.7448 0.5511
vn 0.3817 0.7611 0.5244
vn -0.2902 0.7290 0.6199
vn -0.3539 0.7346 0.5789
vn -0.5110 0.8186 0.2623
vn -0.3767 0.8900 0.2567
vn -0.5386 0.8404 0.0610
vn -0.3495 0.9331 0.0843
vn 0.4584 0.8768 0.1454
vn 0.6324 0.7420 0.2225
vn 0.4647 0.8724 0.1517
vn 0.3629 0.9313 -0.0314
vn -0.1084 0.9733 0.2025
vn -0.1159 0.9800 0.1620
vn -0.2932 0.9560 -0.0103
vn -0.4565 0.8875 -0.0624
vn -0.4505 0.8678 -0.2098
vn -0.4024 0.8736 -0.2737
vn -0.1240 0.9485 -0.2914
vn 0.2993 0.9504 -0.0845
vn 0.6361 0.7204 -0.2763
vn 0.7393 0.6186 -0.2660
vn 0.5197 0.6474 -0.5574
vn 0.5012 0.6579 -0.5621
vn -0.0485 0.9956 0.0797
vn -0.0683 0.9963 0.0521
vn -0.1422 0.9878 -0.0638
vn -0.1803 0.9745 -0.1338
vn -0.3633 0.8030 -0.4724
vn -0.3790 0.7710 -0.5117
vn -0.3370 0.8121 -0.4764
vn -0.2855 0.8126 -0.5081
vn -0.0102 0.7989 -0.6014
vn 0.0022 0.7284 -0.6851
vn 0.5240 0.5632 -0.6390
vn 0.5770 0.4924 -0.6517
vn 0.4637 0.4421 -0.7678
vn 0.4066 0.4187 -0.8120
vn -0.0065 0.9987 0.0509
vn -0.0307 0.9992 0.0238
vn -0.1156 0.9868 -0.1138
vn -0.1732 0.9636 -0.2035
vn -0.3336 0.7815 -0.5273
vn -0.3830 0.7346 -0.5601
vn -0.5686 0.7607 -0.3133
vn -0.6191 0.7492 -0.2354
vn -0.1058 0.6452 -0.7567
vn 0.1395 0.7803 -0.6096
vn -0.2197 0.9752 0.0264
vn -0.2271 0.9693 0.0945
vn -0.1726 0.6463 0.7433
vn -0.2038 0.5283 0.8242
vn -0.2442 0.8408 0.4831
vn -0.1301 0.9019 0.4119
vn 0.2666 0.9247 -0.2718
vn 0.1994 0.9299 -0.3092
vn 0.0882 0.9023 -0.4221
vn 0.0099 0.8993 -0.4372
vn -0.1683 0.9098 -0.3794
vn -0.3620 0.8574 -0.3659
vn -0.1263 0.9889 0.0783
vn -0.0234 0.9752 0.2200
vn -0.8526 0.5021 0.1450
vn -0.8246 0.4271 0.3710
vn -0.4149 0.4651 0.7820
vn -0.0733 0.5046 0.8603
vn -0.2176 0.6752 0.7048
vn -0.3353 0.7012 0.6292
vn -0.5560 0.7450 0.3686
vn -0.4563 0.7949 0.4000
vn -0.5598 0.7644 0.3199
vn -0.6737 0.6282 0.3893
vn 0.1074 0.9823 -0.1533
vn 0.1231 0.9769 -0.1745
vn 0.1064 0.9722 -0.2087
vn 0.0896 0.9775 -0.1912
vn 0.0639 0.9876 -0.1436
vn 0.0472 0.9918 -0.1189
vn 0.0001 0.9993 -0.0374
vn -0.0209 0.9998 -0.0025
vn -0.0376 0.9981 0.0487
vn -0.0325 0.9976 0.0605
vn -0.0389 0.9976 0.0568
vn -0.0358 0.9974 0.0621
vn -0.0196 0.9989 0.0417
vn -0.0161 0.9994 0.0308
vn -0.0202 0.9994 0.0285
vn -0.0228 0.9991 0.0354
vn -0.0200 0.9993 0.0330
vn -0.0187 0.9993 0.0338
vn -0.0180 0.9993 0.0339
vn -0.0171 0.9993 0.0324
vn 0.4996 0.4972 -0.7094
vn -0.2632 0.9567 -0.1242
vn 0.5208 0.5772 -0.6290
vn -0.3442 0.6368 0.6899
vn 0.2711 0.6955 -0.6654
vn -0.3062 0.9476 -0.0907
vn -0.6799 0.3434 0.6480
vn 0.5579 0.4743 -0.6810
vn -0.1685 0.6553 0.7363
vn -0.4945 0.5921 0.6363
vn -0.2862 0.7983 0.5299
vn 0.2786 0.3096 -0.9092
vn -0.7174 0.4185 0.5570
vn -0.8040 0.5900 -0.0749
vn -0.3225 0.4489 0.8334
vn -0.2419 0.7071 0.6645
vn -0.0672 0.5988 -0.7981
vn -0.6551 0.6198 0.4321
vn 0.1200 0.9700 0.2115
vn -0.4069 0.3366 0.8492
vn 0.0194 0.7916 0.6107
vn -0.0391 0.9434 0.3293
vn -0.2086 0.7665 -0.6074
vn -0.6009 0.7851 -0.1502
vn -0.6812 0.6941 0.2328
vn -0.5619 0.4815 0.6726
vn 0.1054 0.9246 0.3662
vn -0.1083 0.6551 0.7477
vn 0.0549 0.9758 0.2116
vn -0.2351 0.6837 -0.6909
vn -0.3805 0.9096 -0.1671
vn -0.1109 0.9141 -0.3901
vn -0.2490 0.9117 0.3269
vn 0.2592 0.8410 0.4749
vn 0.1805 0.5270 0.8304
vn 0.1390 0.7714 0.6209
vn 0.2453 0.9306 0.2718
vn -0.5366 0.7793 -0.3237
vn -0.7291 0.5768 -0.3684
vn -0.4584 0.7619 -0.4576
vn -0.2473 0.7599 0.6011
vn -0.4349 0.8951 0.0981
vn -0.2960 0.9552 -0.0008
vn 0.1781 0.7159 0.6751
vn 0.4288 0.8003 0.4191
vn 0.3502 0.9356 0.0452
vn -0.6454 0.7632 -0.0313
vn -0.6548 0.7496 0.0972
vn -0.7927 0.5628 -0.2345
vn -0.8839 0.4208 -0.2042
vn -0.8936 0.4262 0.1408
vn -0.9167 0.3983 0.0308
vn -0.7349 0.6778 -0.0214
vn -0.3920 0.8259 0.4054
vn -0.1288 0.8924 0.4324
vn 0.3366 0.5638 -0.7542
vn -0.0075 0.7385 -0.6742
vn 0.1698 0.6760 -0.7171
vn 0.0532 0.5982 -0.7996
vn 0.3481 0.9173 0.1934
vn -0.0521 0.5965 0.8010
vn 0.6454 0.5760 -0.5017
vn 0.7104 0.5331 -0.4595
vn -0.5064 0.6361 0.5821
vn -0.6356 0.5799 0.5096
vn -0.7320 0.5193 0.4411
vn -0.7749 0.4772 0.4145
vn 0.4876 0.2671 -0.8312
vn 0.3442 0.8383 -0.4227
vn -0.8047 0.3899 0.4477
vn -0.8598 0.4329 0.2707
vn -0.1090 0.9026 0.4165
vn 0.1195 0.4767 0.8709
vn -0.3861 0.4952 0.7783
vn -0.4184 0.6196 0.6641
vn -0.0188 0.5388 -0.8423
vn -0.4597 0.4577 -0.7611
vn -0.2455 0.4220 0.8727
vn -0.3037 0.5793 0.7564
vn -0.3122 0.9287 0.2002
vn -0.1895 0.9766 0.1020
vn -0.3312 0.3204 0.8875
vn -0.1774 0.4257 0.8873
vn -0.1250 0.7980 0.5895
vn -0.1049 0.8049 0.5840
vn -0.0401 0.7479 -0.6626
vn -0.3775 0.9146 -0.1447
vn -0.6743 0.6888 -0.2661
vn -0.6021 0.6211 -0.5017
vn -0.7305 0.6682 0.1407
vn -0.7736 0.6185 -0.1377
vn -0.6383 0.3417 0.6897
vn -0.4666 0.4591 0.7560
vn 0.1439 0.8766 0.4591
vn 0.2152 0.8634 0.4563
vn -0.2241 0.6648 0.7126
vn -0.2159 0.7122 0.6680
vn -0.1835 0.6851 -0.7050
vn -0.3241 0.7077 -0.6279
vn -0.3418 0.9398 -0.0029
vn -0.2668 0.9496 -0.1648
vn -0.2687 0.9268 -0.2625
vn -0.3072 0.9108 0.2759
vn -0.2790 0.8875 0.3666
vn -0.2458 0.9006 0.3584
vn 0.2740 0.8214 0.5002
vn 0.2824 0.8982 0.3369
vn 0.0917 0.5111 0.8546
vn 0.1022 0.6168 0.7804
vn 0.0857 0.8357 0.5424
vn 0.0721 0.9136 0.4001
vn -0.5248 0.7281 -0.4409
vn -0.6207 0.6958 -0.3615
vn -0.6300 0.6718 -0.3896
vn -0.5374 0.6955 -0.4770
vn -0.0005 0.9227 -0.3854
vn -0.1312 0.9522 -0.2759
vn -0.3360 0.8372 0.4315
vn -0.3977 0.8387 0.3720
vn -0.3322 0.9360 0.1161
vn -0.2937 0.9538 0.0637
vn 0.1779 0.9570 0.2289
vn 0.1622 0.7242 0.6702
vn 0.2657 0.6573 0.7052
vn 0.3177 0.6552 0.6854
vn 0.3304 0.8674 0.3720
vn 0.2929 0.9021 0.3168
vn -0.5222 0.8528 -0.0020
vn -0.5551 0.8318 0.0003
vn -0.6676 0.7400 0.0821
vn -0.7057 0.7073 -0.0411
vn -0.8045 0.3981 -0.4408
vn -0.8766 0.4563 -0.1526
vn -0.8640 0.3866 -0.3225
vn -0.8793 0.4469 -0.1648
vn -0.8462 0.5281 -0.0711
vn -0.7561 0.6220 -0.2036
vn -0.8254 0.5161 -0.2288
vn -0.7256 0.6310 -0.2745
vn -0.0920 0.7645 0.6380
vn 0.1006 0.6743 0.7316
vn 0.2388 0.8063 0.5411
vn 0.2389 0.8392 0.4885
vn 0.1821 0.8865 0.4253
vn 0.2476 0.9028 0.3516
vn -0.0384 0.9993 -0.0025
vn -0.0406 0.9992 0.0005
vn -0.0323 0.9995 0.0005
vn -0.0290 0.9996 0.0015
vn 0.0256 0.9996 0.0145
vn 0.0372 0.9993 0.0049
vn -0.0733 0.9971 -0.0188
vn -0.0888 0.9960 -0.0034
vn -0.1093 0.9940 0.0009
vn -0.1040 0.9946 0.0044
vn -0.0983 0.9952 -0.0003
vn -0.0997 0.9950 0.0007
vn -0.0986 0.9951 -0.0034
vn -0.1093 0.9940 0.0004
vn -0.1754 0.9845 0.0074
vn -0.1348 0.9907 0.0198
vn 0.0019 0.9998 0.0200
vn 0.0417 0.9989 0.0192
vn 0.1353 0.9907 0.0139
vn 0.1480 0.9890 -0.0005
vn 0.0938 0.7945 -0.5999
vn 0.4231 0.6132 -0.6670
vn -0.0846 0.7018 -0.7074
vn 0.5047 0.6748 -0.5384
vn -0.2351 0.6313 -0.7390
vn 0.3090 0.6477 -0.6964
vn -0.0551 0.4004 -0.9147
vn -0.3390 0.8917 -0.2998
vn 0.0803 0.8371 -0.5411
vn 0.2452 0.6680 -0.7026
vn 0.3121 0.5550 -0.7711
vn -0.4643 0.8731 -0.1484
vn -0.3049 0.8601 -0.4089
vn -0.0104 0.7528 -0.6582
vn 0.1277 0.8268 -0.5479
vn 0.4302 0.5832 -0.6891
vn -0.5729 0.7950 0.1995
vn -0.4098 0.9088 -0.0780
vn -0.0645 0.9368 -0.3439
vn 0.0957 0.7806 -0.6176
vn 0.2289 0.7945 -0.5624
vn 0.1992 0.6263 -0.7537
vn -0.5936 0.7841 -0.1810
vn -0.5381 0.8426 0.0231
vn -0.1070 0.9936 -0.0367
vn 0.0183 0.9913 -0.1301
vn 0.2606 0.7972 -0.5445
vn 0.2251 0.6980 -0.6798
vn -0.1824 0.6367 -0.7492
vn -0.6372 0.7637 -0.1037
vn -0.4475 0.8897 -0.0902
vn -0.1403 0.9894 -0.0376
vn -0.0210 0.9983 -0.0538
vn 0.0957 0.9877 -0.1237
vn 0.3532 0.8702 -0.3435
vn 0.3271 0.7721 -0.5449
vn -0.0416 0.9055 -0.4223
vn -0.7712 0.6275 0.1070
vn -0.2174 0.9758 0.0257
vn -0.0952 0.9934 0.0645
vn 0.0316 0.9974 0.0655
vn 0.0842 0.9962 0.0231
vn 0.4433 0.8932 -0.0754
vn 0.3499 0.8721 -0.3421
vn 0.1493 0.9640 -0.2198
vn -0.2842 0.7923 -0.5399
vn -0.6580 0.6970 -0.2852
vn -0.0057 0.9452 0.3265
vn 0.1135 0.9043 0.4115
vn 0.2483 0.8695 0.4269
vn 0.1747 0.8991 0.4014
vn 0.4110 0.8894 0.2001
vn 0.1805 0.9834 -0.0196
vn 0.0123 0.9408 -0.3387
vn -0.4237 0.8361 -0.3484
vn -0.2108 0.7754 -0.5953
vn 0.2326 0.7215 -0.6522
vn -0.1735 0.7479 -0.6407
vn 0.0063 0.7285 -0.6850
vn 0.2964 0.6922 -0.6580
vn 0.4589 0.5631 -0.6873
vn -0.3055 0.9081 -0.2864
vn -0.2194 0.9083 -0.3563
vn 0.1527 0.7233 -0.6734
vn 0.2218 0.7013 -0.6775
vn 0.1392 0.4781 -0.8672
vn 0.1218 0.4002 -0.9083
vn -0.4272 0.8829 -0.1950
vn -0.3426 0.9098 -0.2341
vn -0.2224 0.8776 -0.4247
vn -0.0536 0.8524 -0.5202
vn 0.0255 0.7105 -0.7033
vn 0.1039 0.6529 -0.7503
vn 0.0021 0.8089 -0.5879
vn 0.0733 0.7346 -0.6745
vn -0.5502 0.8251 0.1288
vn -0.5085 0.8603 0.0356
vn -0.4224 0.8902 -0.1709
vn -0.2896 0.9307 -0.2233
vn -0.0468 0.8685 -0.4934
vn -0.0559 0.8347 -0.5479
vn 0.1373 0.7059 -0.6949
vn 0.2345 0.6218 -0.7472
vn 0.2184 0.8350 -0.5050
vn 0.2571 0.7642 -0.5915
vn -0.6075 0.7698 -0.1957
vn -0.6077 0.7879 -0.0994
vn -0.5099 0.8586 0.0531
vn -0.3739 0.9273 0.0183
vn -0.1044 0.9924 -0.0649
vn -0.0782 0.9930 -0.0887
vn 0.0343 0.9731 -0.2277
vn 0.1146 0.9410 -0.3184
vn 0.3152 0.7094 -0.6303
vn 0.2684 0.6554 -0.7060
vn 0.2538 0.6975 -0.6701
vn 0.4376 0.6288 -0.6427
vn -0.6193 0.7745 -0.1289
vn -0.5606 0.8075 -0.1834
vn -0.4721 0.8697 -0.1442
vn -0.3722 0.9244 -0.0833
vn -0.1231 0.9922 -0.0182
vn -0.0942 0.9952 -0.0260
vn -0.0117 0.9992 -0.0378
vn 0.0163 0.9987 -0.0474
vn 0.1299 0.9776 -0.1656
vn 0.1613 0.9567 -0.2423
vn 0.3140 0.8340 -0.4536
vn 0.3538 0.8046 -0.4769
vn 0.3524 0.6397 -0.6830
vn 0.2628 0.5603 -0.7855
vn -0.7197 0.6428 0.2623
vn -0.6186 0.7837 0.0565
vn -0.2364 0.9700 0.0571
vn -0.1991 0.9797 0.0246
vn -0.1363 0.9906 0.0141
vn -0.1025 0.9947 0.0124
vn -0.0058 1.0000 -0.0065
vn 0.0230 0.9996 -0.0138
vn 0.0621 0.9977 -0.0275
vn 0.0794 0.9954 -0.0537
vn 0.4534 0.8839 -0.1146
vn 0.4489 0.8792 -0.1601
vn 0.4470 0.8805 -0.1577
vn 0.3127 0.9421 -0.1211
vn 0.1161 0.9237 -0.3652
vn -0.0190 0.9230 -0.3843
vn -0.7429 0.6693 -0.0108
vn -0.5375 0.8329 0.1317
vn -0.0362 0.9687 0.2457
vn 0.0298 0.9801 0.1964
vn 0.0453 0.9548 0.2938
vn 0.0961 0.9508 0.2946
vn 0.1552 0.9344 0.3205
vn 0.1926 0.9308 0.3108
vn 0.1844 0.9291 0.3206
vn 0.2055 0.9335 0.2938
vn 0.4575 0.8665 0.2000
vn 0.3713 0.9153 0.1561
vn 0.2529 0.9674 -0.0171
vn 0.2065 0.9744 -0.0885
vn 0.1326 0.8899 -0.4365
vn 0.1199 0.8685 -0.4810
vn -0.2447 0.9499 -0.1944
vn -0.1640 0.9333 -0.3194
vn 0.0035 0.9985 0.0551
vn 0.0305 0.9962 0.0812
vn 0.0680 0.9860 0.1522
vn 0.0801 0.9805 0.1793
vn 0.1115 0.9705 0.2136
vn 0.1252 0.9684 0.2158
vn 0.1248 0.9667 0.2233
vn 0.1305 0.9668 0.2197
vn 0.1183 0.9723 0.2014
vn 0.0964 0.9652 0.2432
vn 0.1605 0.9649 0.2081
vn 0.1278 0.9747 0.1836
vn 0.0838 0.9911 0.1035
vn 0.0668 0.9946 0.0791
vn 0.0266 0.9993 0.0266
vn 0.0168 0.9997 0.0162
vn 0.0018 0.9999 -0.0105
vn -0.0054 0.9998 -0.0209
vn -0.0150 0.9995 -0.0289
vn -0.0159 0.9994 -0.0296
vn -0.3200 0.7898 -0.5233
vn 0.1486 0.8431 -0.5168
vn 0.0774 0.6398 -0.7647
vn -0.3399 0.7894 -0.5112
vn 0.1448 0.6843 -0.7146
vn 0.5950 0.5623 -0.5743
vn -0.1505 0.9711 -0.1855
vn 0.1936 0.8301 -0.5229
vn 0.1264 0.9423 -0.3100
vn 0.2861 0.9352 -0.2084
vn -0.3535 0.9003 0.2541
vn 0.3940 0.8357 -0.3825
vn 0.3665 0.9092 -0.1976
vn 0.1987 0.9799 -0.0153
vn 0.1992 0.9623 0.1850
vn -0.5733 0.7259 0.3800
vn 0.1804 0.9196 -0.3489
vn 0.4507 0.8362 -0.3126
vn 0.5424 0.8390 0.0430
vn 0.2120 0.8886 0.4067
vn 0.0718 0.6954 0.7151
vn -0.7144 0.6824 -0.1546
vn 0.1234 0.9698 -0.2105
vn 0.1381 0.9785 -0.1530
vn 0.4886 0.8602 0.1459
vn 0.6402 0.6036 0.4752
vn 0.3618 0.6796 0.6382
vn -0.6362 0.7709 0.0311
vn -0.7858 0.5693 0.2419
vn -0.0674 0.9962 -0.0549
vn 0.0770 0.9959 -0.0474
vn 0.2651 0.9262 0.2680
vn 0.5445 0.6611 0.5162
vn 0.4277 0.7215 0.5446
vn 0.2966 0.8377 0.4585
vn -0.7919 0.5458 0.2737
vn -0.6099 0.6856 -0.3976
vn -0.2739 0.9518 0.1382
vn -0.2146 0.9478 0.2357
vn 0.1354 0.9367 0.3230
vn 0.4082 0.7672 0.4948
vn 0.5956 0.6637 0.4524
vn 0.7292 0.6806 -0.0709
vn 0.5437 0.6251 -0.5601
vn 0.2466 0.5713 -0.7828
vn 0.2632 0.7744 -0.5754
vn -0.1558 0.9664 0.2045
vn -0.2041 0.9324 0.2984
vn -0.2121 0.9133 0.3476
vn 0.0735 0.9698 0.2327
vn 0.6237 0.7346 -0.2671
vn 0.6243 0.6292 -0.4629
vn 0.0821 0.3559 -0.9309
vn 0.5214 0.5561 -0.6473
vn 0.5645 0.4969 -0.6591
vn -0.2212 0.5625 -0.7966
vn -0.1404 0.6640 -0.7344
vn 0.2991 0.5403 -0.7865
vn 0.4984 0.5519 -0.6686
vn 0.3187 0.8068 -0.4975
vn -0.0400 0.9557 -0.2915
vn 0.0342 0.8473 -0.5300
vn 0.0375 0.8827 -0.4683
vn 0.1766 0.9317 -0.3175
vn 0.2466 0.8980 -0.3644
vn 0.3504 0.8856 -0.3048
vn 0.1933 0.9115 -0.3631
vn 0.3866 0.8291 -0.4039
vn 0.3807 0.8589 -0.3425
vn 0.2840 0.9315 -0.2275
vn 0.2257 0.9410 -0.2522
vn 0.1483 0.9887 -0.0240
vn 0.1518 0.9882 0.0207
vn 0.0751 0.9909 0.1117
vn -0.1822 0.9821 0.0475
vn 0.2603 0.8809 -0.3953
vn 0.3594 0.8639 -0.3528
vn 0.4818 0.8216 -0.3049
vn 0.4757 0.8390 -0.2642
vn 0.4527 0.8916 0.0013
vn 0.4202 0.9053 0.0617
vn 0.1954 0.9185 0.3437
vn 0.1626 0.8955 0.4142
vn -0.2662 0.7611 0.5915
vn -0.4169 0.7524 0.5099
vn 0.1310 0.9609 -0.2438
vn 0.1347 0.9661 -0.2202
vn 0.1604 0.9699 -0.1829
vn 0.2119 0.9646 -0.1570
vn 0.6094 0.7917 0.0432
vn 0.6486 0.7451 0.1555
vn 0.4861 0.6574 0.5758
vn 0.3665 0.7320 0.5744
vn 0.2199 0.6497 0.7277
vn 0.2781 0.6522 0.7052
vn -0.6996 0.6444 0.3087
vn -0.7179 0.6862 0.1169
vn 0.0059 0.9951 -0.0985
vn 0.0417 0.9942 -0.0991
vn 0.1031 0.9917 -0.0765
vn 0.1217 0.9916 -0.0447
vn 0.2976 0.9205 0.2533
vn 0.3858 0.8448 0.3707
vn 0.6110 0.6094 0.5053
vn 0.6256 0.5751 0.5271
vn 0.5432 0.6858 0.4844
vn 0.6271 0.6039 0.4920
vn 0.3174 0.8795 0.3547
vn -0.3797 0.9103 0.1648
vn -0.7649 0.6391 0.0809
vn -0.7670 0.6325 0.1084
vn -0.2604 0.9610 0.0937
vn -0.2397 0.9641 0.1141
vn -0.1415 0.9792 0.1457
vn -0.1007 0.9841 0.1462
vn 0.2513 0.9196 0.3019
vn 0.2925 0.8711 0.3945
vn 0.3933 0.7406 0.5448
vn 0.4393 0.7257 0.5295
vn 0.6597 0.6107 0.4380
vn 0.5331 0.7795 0.3288
vn 0.6475 0.7600 0.0567
vn 0.5194 0.8484 -0.1024
vn 0.4620 0.8137 -0.3529
vn 0.4045 0.8421 -0.3568
vn -0.4014 0.7492 -0.5269
vn -0.5523 0.7924 -0.2590
vn -0.2062 0.9534 0.2202
vn -0.2295 0.9424 0.2433
vn -0.2476 0.9093 0.3344
vn -0.2419 0.8997 0.3634
vn -0.2301 0.8832 0.4087
vn -0.1495 0.8827 0.4455
vn 0.1750 0.9349 0.3088
vn 0.3082 0.9275 0.2116
vn 0.7391 0.6651 -0.1065
vn 0.7022 0.6878 -0.1839
vn 0.5222 0.7775 -0.3505
vn 0.4036 0.6607 -0.6329
vn 0.2830 0.4568 -0.8434
vn 0.5453 0.4505 -0.7068
vn 0.3349 0.6067 -0.7209
vn 0.2793 0.4719 -0.8362
vn 0.4893 0.5991 -0.6338
vn 0.0709 0.6669 -0.7418
vn -0.0647 0.9916 0.1120
vn -0.0652 0.9916 0.1121
vn -0.0795 0.9892 0.1228
vn -0.0719 0.9886 0.1319
vn -0.0791 0.9884 0.1296
vn -0.0814 0.9876 0.1345
vn -0.0717 0.9884 0.1341
vn -0.0629 0.9902 0.1244
vn -0.0348 0.9959 0.0833
vn -0.0253 0.9975 0.0661
vn 0.0136 0.9999 0.0062
vn 0.0405 0.9988 -0.0267
vn 0.0446 0.9913 -0.1239
vn 0.0187 0.9973 -0.0710
vn 0.0632 0.9959 -0.0650
vn 0.0672 0.9923 -0.1038
vn 0.0202 0.9995 -0.0258
vn 0.0399 0.9984 -0.0394
vn 0.0442 0.9950 -0.0894
vn 0.0409 0.9964 -0.0739
vn 0.0217 0.9987 0.0458
vn -0.0000 1.0000 -0.0001
vn 0.0643 0.9926 -0.1033
vn -0.0036 1.0000 -0.0059
vn -0.0834 0.9965 -0.0011
vn -0.0500 0.9950 0.0866
vn -0.1503 0.9850 0.0853
vn 0.3271 0.5820 -0.7445
vn 0.1149 0.7781 -0.6176
vn -0.3115 0.8282 -0.4659
vn -0.1977 0.6410 -0.7417
vn -0.1727 0.5291 -0.8308
vn 0.0017 1.0000 0.0021
vn 0.0047 1.0000 0.0073
vn 0.0140 0.9997 0.0214
vn 0.0266 0.9988 0.0405
vn 0.0617 0.9936 0.0947
vn 0.1097 0.9787 0.1732
vn 0.0863 0.9862 0.1412
vn 0.0854 0.9849 0.1504
vn 0.0795 0.9871 0.1392
vn 0.0525 0.9937 0.0994
vn 0.0917 0.9958 -0.0033
vn 0.0910 0.9958 0.0028
vn 0.0382 0.9993 0.0035
vn 0.0123 0.9999 -0.0000
vn 0.0057 1.0000 0.0013
vn -0.0021 1.0000 0.0008
vn -0.0100 0.9999 0.0006
vn 0.0120 0.9999 -0.0085
vn 0.0202 0.9998 0.0050
vn -0.0018 1.0000 -0.0001
vn 0.0025 1.0000 -0.0040
vn 0.0001 1.0000 0.0005
vn -0.0011 1.0000 0.0005
vn 0.0021 1.0000 -0.0036
vn 0.0044 0.9999 -0.0111
vn 0.0097 0.9998 -0.0191
vn 0.0259 0.9983 -0.0528
vn 0.0568 0.9929 -0.1046
vn 0.0814 0.9860 -0.1453
vn -0.0426 0.9966 -0.0711
vn -0.0425 0.9960 -0.0780
vn -0.0405 0.9966 -0.0724
vn -0.0388 0.9969 -0.0680
vn -0.0439 0.9962 -0.0748
vn -0.0432 0.9959 -0.0792
vn -0.0459 0.9958 -0.0797
vn -0.0355 0.9973 -0.0647
vn -0.0229 0.9988 -0.0433
vn -0.0028 0.9999 -0.0117
vn -0.0996 0.9950 0.0001
vn -0.0993 0.9951 -0.0001
vn -0.0974 0.9952 -0.0002
vn -0.0856 0.9963 -0.0032
vn -0.0447 0.9990 -0.0032
vn -0.0272 0.9996 -0.0007
vn -0.0492 0.9988 0.0019
vn -0.0745 0.9972 0.0018
vn -0.0866 0.9962 0.0001
vn -0.0852 0.9964 -0.0000
vn -0.0106 0.9998 0.0163
vn -0.0087 0.9999 0.0139
vn -0.0202 0.9993 0.0326
vn -0.0091 0.9997 0.0238
vn -0.0099 0.9998 0.0152
vn -0.0250 0.9985 0.0488
vn -0.0435 0.9957 0.0817
vn -0.0566 0.9934 0.0995
vn -0.0548 0.9942 0.0930
vn -0.0507 0.9949 0.0875
vn -0.3638 0.6146 -0.7000
vn 0.3415 0.6511 -0.6778
vn -0.1522 0.5613 -0.8135
vn 0.0749 0.4717 -0.8786
vn 0.1946 0.6992 -0.6880
vn 0.0298 0.7569 -0.6529
vn 0.1517 0.8607 -0.4859
vn -0.0046 0.9726 -0.2324
vn -0.2589 0.9645 -0.0523
vn -0.2047 0.9774 0.0534
vn 0.0920 0.9944 -0.0524
vn 0.3655 0.9264 -0.0908
vn 0.1299 0.9743 0.1841
vn 0.0187 0.9849 0.1721
vn -0.0694 0.9534 0.2937
vn -0.2642 0.7197 0.6421
vn -0.3745 0.7933 0.4800
vn -0.7217 0.3225 0.6125
vn -0.3298 0.6495 0.6851
vn -0.5860 0.8077 0.0652
vn -0.0150 0.9998 -0.0094
vn -0.2991 0.9239 -0.2387
vn -0.1427 0.8986 -0.4149
vn -0.2840 0.8529 -0.4380
vn 0.0986 0.6321 -0.7686
vn 0.4252 0.5125 -0.7461
vn 0.3236 0.4621 -0.8257
vn -0.0816 0.3122 -0.9465
vn 0.5122 0.6468 -0.5651
vn 0.3871 0.5452 -0.7436
vn -0.0035 0.9997 -0.0226
vn -0.3091 0.9162 -0.2548
vn -0.7330 0.6650 -0.1434
vn -0.7537 0.6535 0.0704
vn -0.7016 0.6856 -0.1942
vn -0.5573 0.7608 0.3326
vn -0.4798 0.8772 0.0190
vn -0.2411 0.9595 -0.1456
vn -0.3022 0.7464 -0.5929
vn 0.0299 0.8111 -0.5842
vn -0.0793 0.9959 -0.0447
vn -0.1661 0.9813 -0.0970
vn -0.0235 0.9997 -0.0044
vn 0.0067 0.9994 0.0352
vn 0.0387 0.9912 0.1266
vn 0.0669 0.9213 0.3830
vn 0.3036 0.6653 0.6821
vn 0.2708 0.5441 0.7941
vn 0.4935 0.3989 0.7729
vn 0.3991 0.9029 -0.1597
vn 0.0005 0.9998 0.0195
vn -0.2527 0.4519 0.8555
vn 0.0748 0.8023 -0.5922
vn 0.7777 0.6034 -0.1760
vn 0.4581 0.7138 -0.5298
vn 0.2784 0.9505 -0.1377
vn 0.2514 0.8751 0.4134
vn 0.3063 0.5891 0.7477
vn 0.0288 0.5057 0.8623
vn -0.3129 0.5002 0.8074
vn -0.1194 0.9928 -0.0038
vn -0.2118 0.9773 0.0050
vn -0.1188 0.9929 -0.0026
vn -0.0258 0.9991 0.0324
vn -0.1191 0.9929 0.0008
vn -0.1891 0.9818 0.0167
vn 0.0404 0.9943 0.0983
vn -0.0858 0.9963 0.0072
vn -0.1342 0.9847 0.1114
vn 0.0288 0.9910 0.1307
vn 0.1309 0.9322 0.3373
vn -0.0334 0.9994 0.0086
vn 0.0918 0.9700 0.2251
vn 0.1348 0.9002 0.4142
vn 0.1800 0.9326 0.3129
vn 0.2628 0.8169 0.5134
vn 0.0633 0.9980 0.0066
vn 0.2795 0.7507 0.5986
vn 0.5328 0.7289 0.4299
vn 0.2519 0.7089 0.6588
vn 0.1822 0.7909 0.5842
vn 0.4738 0.5248 0.7072
vn 0.0517 0.9985 -0.0175
vn 0.6350 0.6239 0.4555
vn 0.4850 0.5659 0.6668
vn 0.3977 0.7092 0.5822
vn 0.1477 0.6876 0.7109
vn 0.4128 0.6345 0.6534
vn 0.3556 0.4450 0.8219
vn -0.0873 0.9961 -0.0088
vn 0.3138 0.6638 -0.6789
vn 0.3196 0.5155 -0.7950
vn 0.2163 0.9761 -0.0224
vn 0.2273 0.5708 0.7890
vn 0.5360 0.4882 0.6888
vn 0.5002 0.4341 0.7493
vn -0.1198 0.7815 -0.6123
vn -0.1181 0.9930 -0.0008
vn 0.0338 0.9623 -0.2700
vn -0.1819 0.6701 -0.7196
vn 0.0166 0.5054 -0.8627
vn -0.0663 0.6085 -0.7907
vn 0.1638 0.7264 -0.6674
vn 0.7560 0.4989 -0.4238
vn -0.5435 0.5582 -0.6269
vn 0.3582 0.7154 -0.5999
vn -0.1274 0.9918 -0.0005
vn -0.2102 0.9755 -0.0650
vn -0.2392 0.9181 -0.3159
vn -0.1033 0.8045 -0.5849
vn 0.1212 0.6311 -0.7661
vn 0.0370 0.5561 -0.8303
vn -0.1428 0.4399 -0.8866
vn -0.1817 0.7714 -0.6099
vn -0.0155 0.8687 -0.4951
vn -0.1231 0.9924 -0.0006
vn -0.2538 0.9673 -0.0006
vn -0.1220 0.9925 -0.0004
vn -0.2475 0.9689 0.0051
vn -0.2085 0.9780 0.0079
vn -0.0548 0.9985 0.0092
vn -0.1170 0.9931 0.0017
vn -0.2005 0.9793 0.0280
vn -0.1794 0.9833 0.0308
vn -0.0342 0.9983 0.0468
vn -0.0240 0.9984 0.0508
vn 0.0105 0.9994 0.0335
vn -0.0738 0.9972 0.0071
vn -0.0746 0.9895 0.1240
vn -0.1053 0.9808 0.1639
vn 0.1196 0.9714 0.2053
vn 0.0470 0.9803 0.1920
vn 0.0538 0.9886 0.1403
vn 0.0621 0.9883 0.1393
vn 0.0469 0.9906 0.1285
vn -0.0152 0.9998 0.0104
vn 0.2728 0.9378 0.2148
vn 0.1658 0.9494 0.2667
vn 0.4045 0.8530 0.3298
vn 0.2556 0.8634 0.4350
vn 0.1773 0.8954 0.4085
vn 0.2100 0.8990 0.3844
vn 0.1296 0.9041 0.4072
vn 0.1343 0.9156 0.3791
vn 0.1184 0.9285 0.3521
vn 0.0775 0.9970 -0.0029
vn 0.6069 0.5642 0.5598
vn 0.2692 0.7272 0.6314
vn 0.4674 0.7171 0.5170
vn 0.5590 0.6709 0.4872
vn 0.2193 0.6531 0.7248
vn 0.3240 0.6763 0.6616
vn 0.2109 0.7389 0.6400
vn 0.1930 0.7718 0.6059
vn 0.2463 0.7654 0.5946
vn 0.3029 0.7635 0.5703
vn 0.3176 0.6974 0.6425
vn 0.0116 0.9998 -0.0175
vn 0.7433 0.5235 -0.4165
vn 0.6157 0.6343 -0.4675
vn 0.4619 0.4994 0.7330
vn 0.3948 0.5290 0.7512
vn 0.3664 0.5750 0.7315
vn 0.4000 0.6559 0.6402
vn 0.2093 0.6285 0.7491
vn 0.0767 0.6755 0.7333
vn 0.3382 0.6249 0.7037
vn 0.4923 0.6096 0.6213
vn 0.6169 0.4572 0.6406
vn 0.4643 0.4797 0.7445
vn 0.3021 0.5365 0.7880
vn -0.1009 0.9949 -0.0045
vn 0.4404 0.7335 -0.5177
vn 0.2823 0.6896 -0.6669
vn 0.3162 0.6597 -0.6818
vn 0.1556 0.6097 -0.7772
vn 0.0791 0.4491 -0.8900
vn 0.0105 0.4766 -0.8791
vn -0.0158 0.9984 -0.0546
vn -0.0237 0.9799 0.1981
vn 0.4465 0.6898 0.5700
vn 0.5460 0.6292 0.5532
vn 0.7062 0.3671 0.6054
vn 0.6175 0.3447 0.7070
vn 0.3095 0.3781 0.8725
vn 0.3588 0.3592 0.8615
vn 0.6092 0.2908 0.7377
vn -0.1199 0.9928 -0.0007
vn -0.0629 0.9934 -0.0955
vn -0.0503 0.9801 -0.1923
vn 0.0040 0.8091 -0.5877
vn -0.1952 0.7392 -0.6446
vn -0.0699 0.6376 -0.7672
vn -0.0146 0.5676 -0.8232
vn 0.1217 0.4768 -0.8706
vn 0.0421 0.5013 -0.8643
vn 0.1815 0.7111 -0.6792
vn 0.2425 0.7119 -0.6591
vn 0.3161 0.6166 -0.7210
vn 0.3492 0.5522 -0.7571
vn -0.5947 0.5977 -0.5377
vn -0.6005 0.5929 -0.5365
vn -0.2348 0.6442 -0.7279
vn -0.1641 0.6364 -0.7537
vn 0.1136 0.7617 -0.6378
vn -0.1283 0.9917 -0.0002
vn -0.1924 0.9810 -0.0256
vn -0.2191 0.9746 -0.0458
vn -0.2175 0.9638 -0.1544
vn -0.2434 0.9459 -0.2144
vn -0.1968 0.9011 -0.3863
vn -0.1245 0.8750 -0.4679
vn 0.0536 0.7627 -0.6445
vn 0.1213 0.7021 -0.7017
vn 0.1107 0.5896 -0.8000
vn 0.0609 0.5796 -0.8126
vn -0.0915 0.5462 -0.8326
vn -0.0929 0.5588 -0.8241
vn 0.1806 0.3199 -0.9301
vn 0.2440 0.3638 -0.8990
vn -0.1052 0.9858 -0.1307
vn 0.0286 0.9797 -0.1982
vn 0.2653 0.8593 -0.4373
vn 0.3589 0.7920 -0.4939
vn 0.0975 0.7608 -0.6416
vn -0.2133 0.6387 -0.7393
vn 0.5679 0.4534 0.6870
vn -0.2827 0.4822 0.8292
vn 0.3026 0.3363 0.8918
vn 0.0974 0.4318 0.8967
vn 0.5830 0.2923 0.7581
vn 0.1372 0.5604 0.8168
vn 0.2605 0.6723 0.6929
vn 0.2190 0.6159 0.7568
vn 0.3653 0.7095 0.6026
vn 0.1317 0.7018 0.7001
vn 0.2348 0.9233 0.3040
vn 0.1677 0.8324 0.5282
vn 0.2605 0.7959 0.5466
vn 0.1827 0.7421 0.6449
vn -0.0707 0.9400 0.3338
vn 0.2610 0.9541 -0.1468
vn 0.1234 0.9921 0.0240
vn 0.1155 0.9828 0.1443
vn 0.0413 0.9744 0.2208
vn -0.0994 0.9457 0.3094
vn -0.0464 0.9940 0.0988
vn 0.4103 0.7249 -0.5533
vn 0.1513 0.9310 -0.3321
vn 0.0929 0.9942 -0.0541
vn -0.0092 0.9999 0.0138
vn -0.1805 0.9822 0.0519
vn -0.2097 0.9727 0.0998
vn -0.0015 0.9998 0.0210
vn 0.6832 0.6913 -0.2353
vn 0.2763 0.7736 -0.5703
vn 0.3603 0.8903 -0.2783
vn -0.0720 0.9824 -0.1722
vn -0.2099 0.9742 -0.0827
vn -0.2337 0.9717 -0.0337
vn -0.1002 0.9949 0.0137
vn -0.0340 0.9982 -0.0503
vn 0.3166 0.6070 -0.7290
vn 0.5216 0.7035 -0.4827
vn 0.3368 0.8519 -0.4010
vn -0.1363 0.9261 -0.3517
vn -0.1630 0.9348 -0.3154
vn -0.2290 0.9611 -0.1541
vn -0.1045 0.9902 -0.0931
vn -0.0381 0.9976 -0.0581
vn -0.1177 0.9716 -0.2054
vn -0.0083 0.3629 0.9318
vn 0.7820 0.5748 0.2409
vn 0.5337 0.8421 0.0781
vn 0.0183 0.9782 -0.2070
vn -0.1188 0.9620 -0.2457
vn -0.1415 0.9586 -0.2473
vn -0.1331 0.9689 -0.2088
vn -0.1083 0.9657 -0.2361
vn -0.1262 0.9672 -0.2204
vn -0.3790 0.7442 0.5500
vn 0.5056 0.5511 -0.6638
vn -0.2376 0.4906 0.8384
vn 0.5187 0.3916 0.7600
vn 0.4987 0.4044 0.7666
vn 0.2260 0.4988 0.8367
vn 0.2159 0.5620 0.7984
vn 0.4600 0.3539 0.8143
vn 0.4811 0.3506 0.8035
vn 0.3140 0.3654 0.8763
vn 0.2885 0.3358 0.8967
vn 0.4053 0.4260 0.8088
vn 0.2472 0.7483 0.6156
vn 0.1405 0.6926 0.7075
vn 0.2319 0.6616 0.7131
vn 0.2897 0.6118 0.7360
vn 0.3441 0.6794 0.6480
vn 0.2099 0.6799 0.7027
vn 0.1647 0.6482 0.7434
vn 0.2233 0.6072 0.7625
vn 0.2219 0.9690 0.1090
vn 0.1403 0.9251 0.3529
vn 0.1430 0.9005 0.4106
vn 0.2543 0.8645 0.4336
vn 0.2404 0.8620 0.4463
vn 0.1653 0.8241 0.5418
vn 0.1457 0.8087 0.5699
vn 0.1079 0.7883 0.6058
vn 0.0818 0.7826 0.6172
vn 0.1355 0.8093 0.5716
vn 0.3000 0.9231 -0.2405
vn 0.1647 0.9838 -0.0707
vn 0.1359 0.9902 -0.0330
vn 0.0973 0.9934 0.0609
vn 0.0936 0.9926 0.0778
vn 0.0486 0.9916 0.1196
vn 0.0202 0.9902 0.1382
vn -0.0998 0.9743 0.2019
vn -0.1374 0.9659 0.2193
vn -0.1538 0.9556 0.2512
vn -0.1248 0.9595 0.2525
vn 0.0141 0.9662 0.2573
vn 0.4055 0.6532 -0.6395
vn 0.1849 0.8251 -0.5338
vn 0.1506 0.8607 -0.4864
vn 0.1417 0.9683 -0.2057
vn 0.1176 0.9860 -0.1186
vn 0.0151 0.9995 -0.0260
vn -0.0171 0.9997 -0.0162
vn -0.1463 0.9892 0.0067
vn -0.1878 0.9821 0.0156
vn -0.2363 0.9703 0.0525
vn -0.2221 0.9730 0.0632
vn -0.1135 0.9907 0.0745
vn -0.0673 0.9951 0.0719
vn 0.0148 0.9976 0.0673
vn 0.5688 0.7366 -0.3658
vn 0.4217 0.7759 -0.4692
vn 0.3907 0.7511 -0.5321
vn 0.4639 0.8202 -0.3348
vn 0.3967 0.8630 -0.3128
vn -0.0870 0.9720 -0.2182
vn -0.1093 0.9669 -0.2305
vn -0.1644 0.9724 -0.1654
vn -0.2061 0.9703 -0.1266
vn -0.2476 0.9662 -0.0716
vn -0.2312 0.9711 -0.0593
vn -0.1406 0.9900 -0.0134
vn -0.1009 0.9949 -0.0021
vn -0.0106 0.9999 0.0129
vn -0.0038 0.9999 0.0150
vn -0.0011 0.9999 0.0169
vn -0.0600 0.9579 -0.2807
vn 0.4772 0.7198 -0.5042
vn 0.5590 0.7315 -0.3905
vn 0.4664 0.8224 -0.3258
vn 0.3436 0.8755 -0.3397
vn 0.0157 0.9065 -0.4218
vn -0.0787 0.9156 -0.3943
vn -0.1594 0.9302 -0.3307
vn -0.1578 0.9294 -0.3337
vn -0.2192 0.9434 -0.2488
vn -0.2195 0.9532 -0.2077
vn -0.1445 0.9794 -0.1413
vn -0.1120 0.9851 -0.1307
vn -0.0624 0.9922 -0.1081
vn -0.0622 0.9926 -0.1045
vn -0.0610 0.9932 -0.0994
vn -0.0587 0.9935 -0.0973
vn -0.0550 0.9942 -0.0929
vn 0.2622 0.6098 0.7479
vn 0.4679 0.2856 0.8364
vn 0.5769 0.3344 0.7452
vn 0.5005 0.7155 0.4873
vn 0.3910 0.8281 0.4017
vn 0.0979 0.9943 -0.0427
vn 0.0313 0.9935 -0.1094
vn -0.0781 0.9808 -0.1785
vn -0.0906 0.9779 -0.1885
vn -0.1130 0.9709 -0.2112
vn -0.1186 0.9697 -0.2138
vn -0.1207 0.9724 -0.1996
vn -0.1281 0.9720 -0.1969
vn -0.1167 0.9761 -0.1832
vn -0.0994 0.9758 -0.1950
vn -0.1213 0.9699 -0.2111
vn -0.1212 0.9699 -0.2114
vn -0.1189 0.9710 -0.2073
vn -0.1193 0.9709 -0.2076
vn -0.1294 0.9706 -0.2032
vn 0.3550 0.5630 -0.7464
vn 0.0446 0.4825 0.8747
vn -0.4092 0.5405 0.7351
vn 0.0223 0.6378 0.7699
vn -0.3858 0.6506 0.6541
vn 0.1618 0.5292 0.8329
vn 0.2409 0.4854 0.8404
vn -0.6012 0.3919 0.6964
vn -0.5738 0.3354 0.7471
vn 0.1670 0.6986 0.6957
vn 0.4126 0.7893 0.4546
vn -0.3700 0.8018 0.4692
vn -0.3717 0.7518 0.5446
vn -0.6029 0.7391 0.3003
vn 0.2730 0.7921 0.5459
vn 0.3592 0.9193 -0.1608
vn -0.2601 0.7466 0.6123
vn -0.3860 0.8179 0.4266
vn -0.3676 0.9256 0.0905
vn -0.2633 0.9639 -0.0405
vn 0.7102 0.6983 0.0891
vn 0.5102 0.6306 -0.5849
vn -0.0503 0.9787 0.1989
vn -0.1105 0.9921 0.0602
vn -0.4610 0.8761 -0.1413
vn -0.3865 0.7873 -0.4804
vn 0.2141 0.9602 -0.1794
vn 0.6758 0.5961 -0.4335
vn 0.3215 0.9238 -0.2078
vn -0.0003 0.9906 0.1365
vn -0.0872 0.9959 0.0250
vn -0.2326 0.9380 -0.2571
vn -0.3223 0.7452 -0.5838
vn -0.1939 0.7709 -0.6067
vn -0.0133 0.7415 -0.6709
vn 0.4661 0.6367 -0.6144
vn -0.5019 0.7486 0.4332
vn 0.1008 0.9917 0.0797
vn -0.0234 0.9981 -0.0565
vn -0.2046 0.9156 -0.3462
vn -0.4053 0.7836 -0.4708
vn -0.7665 0.5828 0.2698
vn 0.5151 0.8417 -0.1618
vn -0.2386 0.6609 0.7115
vn -0.3528 0.5263 0.7737
vn -0.4417 0.3916 0.8072
vn 0.2877 0.9255 -0.2463
vn 0.1887 0.8925 -0.4098
vn 0.0064 0.9242 -0.3817
vn -0.5106 0.8547 -0.0939
vn -0.0780 0.9060 0.4159
vn -0.6615 0.4723 0.5826
vn -0.1354 0.4619 0.8766
vn -0.3933 0.7088 0.5856
vn -0.5205 0.5978 0.6097
vn 0.5526 0.5521 -0.6244
vn -0.2088 0.7455 0.6329
vn -0.5175 0.6411 0.5667
vn 0.2427 0.4410 0.8640
vn 0.1537 0.4560 0.8766
vn -0.1711 0.5332 0.8285
vn -0.2679 0.6639 0.6982
vn -0.0642 0.5203 0.8516
vn -0.0193 0.5319 0.8466
vn 0.2210 0.6292 0.7451
vn 0.2625 0.6730 0.6914
vn 0.2315 0.6194 0.7501
vn -0.5920 0.5271 0.6097
vn -0.4480 0.3988 0.8001
vn -0.3496 0.4413 0.8265
vn -0.4082 0.4491 0.7948
vn -0.3628 0.4717 0.8037
vn 0.2722 0.4262 0.8627
vn 0.2546 0.5089 0.8223
vn 0.2853 0.7120 0.6416
vn -0.3100 0.7818 0.5410
vn -0.3965 0.6721 0.6253
vn -0.3813 0.7322 0.5644
vn -0.4352 0.7970 0.4188
vn -0.5390 0.7907 0.2903
vn 0.1797 0.9336 0.3102
vn 0.1742 0.9072 0.3829
vn 0.4800 0.7787 0.4040
vn 0.4472 0.8005 0.3990
vn 0.2829 0.9516 0.1197
vn -0.2153 0.8366 0.5038
vn -0.2190 0.8901 0.3998
vn -0.2851 0.9022 0.3236
vn -0.5880 0.8086 0.0230
vn -0.4632 0.8860 0.0228
vn -0.4345 0.8852 -0.1662
vn -0.4179 0.8799 -0.2263
vn 0.4089 0.9096 -0.0739
vn 0.6125 0.7866 -0.0785
vn 0.5976 0.7844 -0.1663
vn 0.4260 0.8736 -0.2352
vn 0.3315 0.8657 -0.3752
vn -0.0278 0.9862 0.1633
vn -0.0818 0.9942 0.0704
vn -0.1000 0.9944 0.0347
vn -0.2183 0.9691 -0.1147
vn -0.3254 0.9262 -0.1904
vn -0.5497 0.7650 -0.3355
vn -0.4872 0.7729 -0.4064
vn -0.2874 0.9378 -0.1948
vn 0.0050 0.9589 -0.2836
vn 0.3572 0.7384 -0.5721
vn 0.5913 0.5995 -0.5394
vn 0.5588 0.5785 -0.5943
vn 0.5270 0.5922 -0.6095
vn 0.4488 0.5769 -0.6825
vn 0.0094 0.9901 0.1403
vn -0.0622 0.9963 0.0591
vn -0.0843 0.9960 0.0311
vn -0.1860 0.9704 -0.1541
vn -0.2336 0.9330 -0.2737
vn -0.3529 0.7258 -0.5905
vn -0.3166 0.7008 -0.6393
vn -0.1771 0.6973 -0.6945
vn -0.0814 0.7031 -0.7064
vn -0.0298 0.7237 -0.6894
vn -0.0262 0.8463 -0.5321
vn -0.1499 0.9586 -0.2420
vn -0.0479 0.9488 -0.3122
vn 0.4295 0.9029 0.0135
vn 0.1627 0.9439 0.2873
vn 0.6371 0.7398 -0.2162
vn 0.1686 0.9857 -0.0010
vn 0.0559 0.9936 -0.0986
vn 0.0273 0.9905 -0.1350
vn -0.0698 0.9391 -0.3364
vn -0.1294 0.9108 -0.3921
vn -0.4020 0.7549 -0.5183
vn -0.3323 0.8177 -0.4700
vn -0.4108 0.8276 0.3826
vn -0.5906 0.6949 0.4102
vn -0.8109 0.5843 0.0331
vn -0.1275 0.9705 0.2045
vn -0.1640 0.6861 0.7087
vn -0.0923 0.4023 0.9108
vn -0.3393 0.5634 0.7533
vn -0.3821 0.6041 0.6993
vn -0.4593 0.7575 0.4639
vn -0.5099 0.7588 0.4053
vn -0.7326 0.6744 0.0924
vn 0.2182 0.9501 -0.2228
vn 0.2723 0.9012 -0.3371
vn 0.2214 0.8928 -0.3922
vn 0.1508 0.9188 -0.3648
vn 0.0940 0.9380 -0.3335
vn -0.0952 0.9878 -0.1233
vn -0.2205 0.9754 -0.0020
vn -0.3256 0.7927 0.5153
vn -0.3496 0.7977 0.4914
vn -0.3934 0.9055 0.1590
vn -0.4208 0.6992 0.5779
vn -0.3506 0.5729 0.7408
vn -0.2886 0.6249 0.7254
vn -0.2563 0.8321 0.4918
vn -0.2743 0.8420 0.4646
vn -0.4090 0.7401 0.5339
vn -0.3908 0.6712 0.6299
vn -0.3893 0.6214 0.6800
vn -0.3771 0.6340 0.6751
vn -0.3605 0.6824 0.6359
vn 0.5167 0.5685 -0.6402
vn 0.1488 0.8457 -0.5125
vn 0.2693 0.5529 -0.7885
vn -0.3358 0.5766 0.7448
vn 0.5338 0.7001 -0.4742
vn 0.2433 0.5354 -0.8088
vn -0.6998 0.5126 0.4975
vn 0.0775 0.3130 -0.9466
vn 0.7130 0.6595 -0.2381
vn -0.4500 0.6193 0.6434
vn -0.3078 0.6991 0.6453
vn 0.3597 0.3825 -0.8511
vn -0.4479 0.8043 0.3904
vn -0.8040 0.5723 0.1617
vn -0.0008 0.4551 0.8905
vn 0.0184 0.7980 0.6024
vn 0.4654 0.4588 -0.7569
vn -0.7025 0.4893 -0.5167
vn -0.0536 0.7447 0.6652
vn 0.4468 0.8755 -0.1841
vn -0.1815 0.5564 0.8108
vn -0.0861 0.7905 0.6064
vn -0.3971 0.5989 -0.6955
vn -0.5741 0.7442 0.3414
vn -0.6174 0.6198 -0.4844
vn -0.8571 0.4905 0.1572
vn -0.1983 0.7107 0.6750
vn 0.0624 0.6983 0.7131
vn 0.0989 0.9282 0.3588
vn -0.3197 0.8766 -0.3596
vn -0.4951 0.8333 -0.2459
vn -0.2017 0.9562 -0.2120
vn -0.2558 0.9226 0.2887
vn -0.1824 0.9436 0.2764
vn 0.3510 0.8811 0.3170
vn 0.1582 0.6235 0.7656
vn 0.3661 0.8681 0.3353
vn -0.2262 0.9317 -0.2841
vn -0.7251 0.6558 -0.2100
vn -0.6375 0.6008 -0.4823
vn -0.4562 0.8703 -0.1857
vn -0.4744 0.8256 0.3056
vn -0.3633 0.9315 -0.0147
vn 0.0367 0.5012 0.8645
vn 0.3498 0.6804 0.6439
vn 0.1818 0.9542 0.2377
vn -0.6158 0.7859 -0.0566
vn -0.6572 0.7506 0.0685
vn -0.6816 0.7316 0.0135
vn -0.9000 0.4306 -0.0676
vn -0.8945 0.4299 -0.1224
vn -0.8127 0.5599 -0.1612
vn -0.8834 0.4539 -0.1165
vn -0.4838 0.6364 0.6007
vn -0.3443 0.8251 0.4480
vn 0.5663 0.5359 -0.6262
vn 0.5931 0.4840 -0.6434
vn 0.3760 0.5472 -0.7478
vn 0.5491 0.6387 -0.5389
vn 0.6723 0.6817 -0.2884
vn -0.4323 0.6785 0.5939
vn 0.3260 0.7371 -0.5919
vn 0.3941 0.5859 -0.7081
vn 0.4462 0.5737 -0.6868
vn -0.8263 0.4555 0.3313
vn -0.7694 0.5070 0.3886
vn -0.5469 0.5692 0.6140
vn 0.1776 0.2906 -0.9402
vn 0.6652 0.4378 -0.6049
vn 0.5658 0.8237 0.0369
vn 0.1900 0.6134 0.7665
vn 0.0013 0.5869 0.8097
vn -0.4007 0.5645 0.7216
vn -0.4894 0.4822 0.7266
vn -0.5929 0.5168 0.6176
vn 0.3475 0.3986 -0.8487
vn -0.2203 0.6010 -0.7683
vn -0.5815 0.7640 0.2795
vn -0.7020 0.5442 0.4593
vn -0.7436 0.6108 0.2721
vn -0.7814 0.6043 -0.1554
vn -0.6077 0.7202 0.3347
vn -0.3020 0.5804 0.7563
vn -0.2875 0.7006 0.6531
vn -0.2702 0.8109 0.5190
vn 0.4814 0.4890 -0.7275
vn -0.5959 0.7815 -0.1850
vn -0.7431 0.6475 -0.1691
vn -0.5833 0.7289 0.3583
vn 0.2532 0.6812 0.6870
vn 0.6770 0.7354 -0.0301
vn 0.6935 0.7103 -0.1209
vn -0.3757 0.4494 0.8105
vn -0.2849 0.5911 0.7546
vn 0.1043 0.7932 0.6000
vn -0.0343 0.7781 0.6272
vn -0.2606 0.7182 0.6452
vn -0.2870 0.7005 -0.6534
vn -0.4015 0.8500 -0.3409
vn -0.5251 0.8095 0.2626
vn -0.4166 0.8816 -0.2220
vn -0.4908 0.7781 -0.3920
vn -0.6324 0.6876 0.3569
vn -0.6143 0.7239 0.3140
vn -0.1746 0.6419 0.7467
vn -0.0431 0.7270 0.6853
vn 0.0985 0.9628 0.2517
vn 0.0556 0.8196 0.5702
vn 0.0074 0.6836 0.7299
vn 0.0008 0.7506 0.6608
vn 0.0014 0.9618 0.2738
vn -0.3647 0.7690 -0.5250
vn -0.3284 0.7215 -0.6096
vn -0.5414 0.7507 -0.3787
vn -0.2834 0.9209 -0.2678
vn -0.1839 0.9574 -0.2226
vn -0.0783 0.9961 -0.0401
vn -0.2317 0.9244 0.3029
vn -0.2873 0.9062 0.3103
vn -0.2491 0.9223 0.2954
vn 0.2002 0.9279 0.3144
vn 0.3194 0.8646 0.3880
vn 0.1600 0.5097 0.8453
vn 0.2179 0.6068 0.7644
vn 0.2039 0.7923 0.5751
vn 0.1695 0.8815 0.4406
vn 0.0820 0.9740 0.2113
vn -0.2136 0.9487 -0.2333
vn -0.6057 0.7919 -0.0777
vn -0.6997 0.6962 -0.1605
vn -0.7801 0.4931 -0.3852
vn -0.7372 0.5103 -0.4429
vn -0.8177 0.5254 -0.2351
vn -0.7957 0.5424 -0.2695
vn -0.3631 0.7124 0.6005
vn -0.5166 0.7408 0.4294
vn -0.5047 0.8622 0.0440
vn -0.4711 0.8818 -0.0241
vn -0.3547 0.9256 -0.1324
vn -0.1321 0.8799 0.4564
vn 0.1999 0.7577 0.6213
vn 0.2937 0.7209 0.6278
vn 0.4610 0.7914 0.4015
vn 0.4330 0.8164 0.3822
vn 0.3003 0.9109 0.2830
vn -0.5519 0.8333 -0.0310
vn -0.6074 0.7940 0.0237
vn -0.5909 0.8063 0.0290
vn -0.4888 0.8704 0.0581
vn -0.4652 0.8834 0.0559
vn -0.5579 0.8009 -0.2174
vn -0.7421 0.6243 -0.2441
vn -0.8372 0.5421 -0.0718
vn -0.8842 0.4600 -0.0819
vn -0.8625 0.5052 -0.0299
vn -0.8960 0.4435 -0.0231
vn -0.8482 0.5295 -0.0141
vn -0.8858 0.4603 -0.0581
vn -0.9468 0.3190 -0.0421
vn -0.9089 0.3833 0.1645
vn -0.7570 0.6200 0.2064
vn -0.6642 0.7220 0.1939
vn -0.0883 0.9772 0.1933
vn 0.0756 0.9860 0.1486
vn 0.2867 0.9580 0.0003
vn -0.2723 0.8990 -0.3430
vn 0.2084 0.7383 -0.6415
vn -0.0925 0.8131 -0.5748
vn 0.5899 0.5587 -0.5829
vn -0.3850 0.6687 -0.6361
vn 0.0362 0.5902 -0.8065
vn -0.0224 0.5069 -0.8617
vn -0.4355 0.8591 -0.2690
vn -0.2396 0.8785 -0.4132
vn 0.2547 0.6855 -0.6821
vn 0.1540 0.7524 -0.6404
vn -0.6557 0.7550 0.0070
vn -0.3800 0.8960 -0.2297
vn 0.0280 0.8282 -0.5597
vn 0.1226 0.6463 -0.7532
vn 0.2350 0.7553 -0.6118
vn -0.5781 0.7449 0.3331
vn -0.5211 0.8518 0.0539
vn -0.1662 0.9715 -0.1689
vn -0.0365 0.8673 -0.4964
vn 0.3346 0.6216 -0.7083
vn 0.4472 0.5510 -0.7046
vn -0.7046 0.6936 -0.1500
vn -0.5815 0.8083 -0.0926
vn -0.2542 0.9671 -0.0103
vn -0.0532 0.9964 -0.0661
vn 0.1590 0.9433 -0.2913
vn 0.1809 0.7051 -0.6857
vn 0.2110 0.6247 -0.7519
vn -0.7373 0.6717 0.0722
vn -0.5418 0.8244 -0.1638
vn -0.2320 0.9717 -0.0437
vn -0.0816 0.9954 -0.0492
vn 0.0285 0.9977 -0.0613
vn 0.1680 0.9573 -0.2354
vn 0.3705 0.8172 -0.4414
vn -0.0447 0.9582 -0.2827
vn -0.7153 0.6950 -0.0727
vn -0.4787 0.8736 0.0877
vn -0.1976 0.9782 0.0639
vn -0.0365 0.9965 0.0746
vn 0.0757 0.9958 0.0516
vn 0.1360 0.9905 -0.0185
vn 0.3642 0.9035 -0.2259
vn 0.2612 0.9481 -0.1812
vn -0.2304 0.8503 -0.4733
vn -0.6554 0.6067 -0.4499
vn -0.2983 0.9480 0.1108
vn 0.1374 0.9438 0.3005
vn 0.2155 0.8773 0.4287
vn 0.2744 0.8643 0.4215
vn 0.2801 0.9001 0.3337
vn 0.2731 0.9561 0.1059
vn 0.0904 0.9840 -0.1533
vn 0.0419 0.7784 -0.6264
vn -0.2062 0.8523 -0.4807
vn 0.2635 0.7572 -0.5976
vn -0.2736 0.7200 -0.6377
vn 0.1465 0.6606 -0.7363
vn 0.2087 0.7236 -0.6579
vn 0.3880 0.7131 -0.5839
vn -0.3715 0.8337 -0.4087
vn -0.1009 0.7254 -0.6809
vn -0.0986 0.6718 -0.7341
vn 0.2349 0.4553 -0.8588
vn 0.3796 0.5099 -0.7720
vn 0.4202 0.5654 -0.7098
vn -0.5666 0.7984 -0.2037
vn -0.3261 0.8685 -0.3733
vn -0.3432 0.8642 -0.3679
vn 0.0881 0.7991 -0.5947
vn 0.2427 0.7178 -0.6526
vn 0.1169 0.7133 -0.6910
vn -0.0334 0.7177 -0.6955
vn 0.0987 0.4704 -0.8769
vn -0.6671 0.7436 0.0453
vn -0.3963 0.9046 -0.1567
vn -0.4197 0.8781 -0.2299
vn -0.2168 0.8686 -0.4455
vn -0.0584 0.8488 -0.5254
vn -0.0245 0.7522 -0.6585
vn 0.0591 0.7044 -0.7073
vn 0.0179 0.8217 -0.5696
vn 0.0635 0.8546 -0.5154
vn 0.3273 0.5701 -0.7536
vn -0.6406 0.7678 -0.0059
vn -0.5518 0.7978 0.2430
vn -0.5335 0.8325 0.1494
vn -0.2879 0.9570 -0.0359
vn -0.1799 0.9801 -0.0839
vn -0.0672 0.9593 -0.2743
vn -0.0436 0.9348 -0.3525
vn 0.1807 0.7922 -0.5829
vn 0.3044 0.7051 -0.6404
vn 0.1297 0.7846 -0.6063
vn 0.1456 0.7887 -0.5973
vn 0.4867 0.5504 -0.6784
vn -0.6805 0.7231 -0.1191
vn -0.5561 0.8189 -0.1422
vn -0.5362 0.8258 -0.1746
vn -0.4228 0.9062 -0.0014
vn -0.2633 0.9647 -0.0070
vn -0.0776 0.9966 -0.0271
vn -0.0530 0.9979 -0.0362
vn 0.0520 0.9924 -0.1117
vn 0.1106 0.9783 -0.1750
vn 0.2296 0.8243 -0.5176
vn 0.2257 0.7661 -0.6018
vn 0.2995 0.6926 -0.6562
vn 0.3274 0.6191 -0.7138
vn -0.0591 0.7349 -0.6756
vn -0.7560 0.5933 0.2766
vn -0.5834 0.8027 -0.1237
vn -0.5510 0.8208 -0.1509
vn -0.2733 0.9606 -0.0506
vn -0.2130 0.9758 -0.0486
vn -0.1257 0.9903 -0.0588
vn -0.0951 0.9935 -0.0620
vn -0.0050 0.9974 -0.0712
vn 0.0143 0.9976 -0.0683
vn 0.0953 0.9870 -0.1293
vn 0.1502 0.9755 -0.1607
vn 0.4419 0.8758 -0.1943
vn 0.4201 0.8711 -0.2545
vn 0.3121 0.8209 -0.4783
vn 0.2148 0.7671 -0.6045
vn -0.2075 0.6742 -0.7088
vn -0.6626 0.7100 -0.2385
vn -0.7376 0.6662 -0.1104
vn -0.5671 0.8234 0.0203
vn -0.1567 0.9858 0.0600
vn -0.1657 0.9808 0.1031
vn -0.0152 0.9922 0.1236
vn 0.0086 0.9881 0.1539
vn 0.1014 0.9847 0.1420
vn 0.1091 0.9842 0.1394
vn 0.1195 0.9888 0.0896
vn 0.1500 0.9853 0.0818
vn 0.3909 0.9200 -0.0290
vn 0.3473 0.9337 -0.0875
vn 0.2535 0.8838 -0.3932
vn 0.2328 0.8711 -0.4323
vn 0.0837 0.9806 -0.1773
vn -0.0384 0.9822 -0.1840
vn -0.0410 0.9175 -0.3956
vn -0.4969 0.6968 -0.5173
vn -0.2815 0.9530 -0.1124
vn -0.1581 0.9861 0.0517
vn 0.0603 0.9462 0.3181
vn 0.1782 0.9218 0.3443
vn 0.2295 0.8703 0.4358
vn 0.2407 0.8607 0.4486
vn 0.2598 0.8572 0.4447
vn 0.2649 0.8557 0.4445
vn 0.1497 0.8850 0.4408
vn 0.3221 0.8815 0.3452
vn 0.2645 0.9458 0.1883
vn 0.2229 0.9661 0.1300
vn 0.0826 0.9957 -0.0416
vn 0.0443 0.9939 -0.1006
vn -0.0772 0.9508 -0.3001
vn -0.1148 0.9021 -0.4159
vn -0.2878 0.8356 -0.4679
vn -0.2753 0.8594 -0.4308
vn -0.2812 0.8347 -0.4735
vn -0.2593 0.7113 -0.6533
vn -0.2242 0.7402 -0.6339
vn -0.0357 0.5327 -0.8456
vn 0.1407 0.7208 -0.6787
vn -0.0263 0.4985 -0.8665
vn 0.4561 0.6541 -0.6034
vn 0.0889 0.9781 -0.1880
vn 0.2791 0.7550 -0.5934
vn 0.0468 0.9356 -0.3500
vn 0.1900 0.9482 -0.2547
vn -0.2657 0.9486 0.1719
vn 0.1766 0.8013 -0.5716
vn 0.3629 0.8736 -0.3242
vn 0.2743 0.9460 -0.1730
vn 0.1415 0.9838 0.1099
vn -0.5991 0.7487 0.2840
vn 0.1004 0.8533 -0.5117
vn 0.3259 0.8863 -0.3290
vn 0.5260 0.8240 -0.2107
vn 0.4656 0.8581 0.2164
vn 0.1566 0.8240 0.5445
vn -0.6937 0.6567 -0.2958
vn 0.0964 0.9630 -0.2518
vn 0.1295 0.9744 -0.1837
vn 0.2126 0.9749 -0.0658
vn 0.6490 0.6951 0.3094
vn 0.4893 0.7961 0.3560
vn 0.2828 0.7562 0.5900
vn -0.7841 0.5573 0.2730
vn -0.1809 0.9814 -0.0634
vn 0.0179 0.9980 -0.0607
vn 0.1360 0.9897 0.0456
vn 0.4101 0.8060 0.4268
vn 0.5811 0.6078 0.5413
vn 0.5758 0.5932 0.5626
vn -0.4486 0.8555 0.2585
vn -0.1655 0.7380 -0.6542
vn -0.2499 0.9654 0.0750
vn -0.2591 0.9467 0.1913
vn -0.1592 0.9568 0.2432
vn 0.3594 0.8326 0.4213
vn 0.5228 0.7134 0.4667
vn 0.5803 0.8141 0.0219
vn 0.3211 0.7553 -0.5713
vn 0.3095 0.4879 -0.8162
vn 0.3144 0.5903 -0.7435
vn -0.1160 0.9779 0.1741
vn -0.2008 0.9497 0.2402
vn -0.2119 0.9205 0.3283
vn -0.0860 0.9234 0.3740
vn 0.3169 0.9481 0.0264
vn 0.7143 0.5392 -0.4462
vn 0.4358 0.5171 -0.7366
vn 0.5421 0.4536 -0.7073
vn 0.3927 0.6033 -0.6942
vn 0.0906 0.6574 -0.7481
vn 0.0095 0.7061 -0.7081
vn -0.0416 0.4990 -0.8656
vn 0.1118 0.7543 -0.6470
vn -0.2529 0.7510 -0.6100
vn 0.1303 0.9215 -0.3659
vn -0.0264 0.5604 -0.8278
vn 0.1012 0.7924 -0.6015
vn 0.2819 0.7922 -0.5412
vn 0.5274 0.6748 -0.5162
vn 0.5092 0.6120 -0.6051
vn -0.3619 0.7118 -0.6019
vn 0.3057 0.7328 -0.6079
vn 0.2747 0.8362 -0.4747
vn 0.2125 0.8817 -0.4213
vn 0.1042 0.9677 -0.2294
vn 0.1432 0.9733 -0.1793
vn 0.2434 0.9651 -0.0971
vn 0.2491 0.9664 -0.0641
vn -0.1389 0.9878 -0.0701
vn 0.1354 0.8062 -0.5759
vn 0.4296 0.8371 -0.3387
vn 0.4477 0.8261 -0.3423
vn 0.3739 0.8872 -0.2702
vn 0.3095 0.9298 -0.1992
vn 0.2313 0.9671 0.1058
vn 0.1656 0.9769 0.1352
vn 0.1738 0.9395 0.2951
vn -0.0963 0.9453 0.3118
vn -0.5246 0.8217 0.2228
vn 0.1306 0.8900 -0.4369
vn 0.1771 0.9450 -0.2751
vn 0.2131 0.9370 -0.2769
vn 0.4593 0.8432 -0.2794
vn 0.5412 0.8156 -0.2047
vn 0.5628 0.8153 0.1364
vn 0.4656 0.8432 0.2688
vn 0.2037 0.8039 0.5588
vn 0.1334 0.7689 0.6253
vn -0.1441 0.6623 0.7352
vn -0.6429 0.6936 0.3249
vn -0.6449 0.6737 0.3608
vn 0.0472 0.9779 -0.2037
vn 0.1126 0.9795 -0.1671
vn 0.1183 0.9802 -0.1587
vn 0.1449 0.9849 -0.0950
vn 0.1794 0.9830 -0.0379
vn 0.4753 0.8087 0.3466
vn 0.5654 0.7295 0.3848
vn 0.6149 0.6774 0.4038
vn 0.5038 0.7841 0.3625
vn 0.4732 0.6888 0.5492
vn 0.2776 0.7653 0.5807
vn -0.6413 0.7352 -0.2195
vn -0.6764 0.6525 -0.3415
vn -0.7216 0.6816 -0.1214
vn -0.2369 0.9711 -0.0297
vn -0.0954 0.9954 -0.0113
vn -0.0494 0.9987 -0.0151
vn 0.0770 0.9970 0.0112
vn 0.1275 0.9890 0.0751
vn 0.3092 0.8662 0.3925
vn 0.3731 0.8143 0.4446
vn 0.5928 0.6070 0.5293
vn 0.6535 0.5799 0.4864
vn 0.4815 0.6802 0.5527
vn 0.5608 0.5862 0.5847
vn 0.2713 0.9298 0.2489
vn 0.1233 0.9917 0.0376
vn -0.7706 0.5242 0.3625
vn -0.7858 0.4855 0.3833
vn -0.7847 0.5311 0.3198
vn -0.2200 0.9688 0.1143
vn -0.2763 0.9379 0.2095
vn -0.2762 0.9310 0.2385
vn -0.2424 0.9157 0.3205
vn -0.2405 0.9159 0.3212
vn 0.1229 0.8944 0.4300
vn 0.2885 0.8562 0.4285
vn 0.5442 0.7910 0.2794
vn 0.5567 0.7650 0.3239
vn 0.6880 0.7200 0.0913
vn 0.6051 0.7756 -0.1797
vn 0.6972 0.6296 -0.3429
vn 0.4464 0.6291 -0.6363
vn 0.3857 0.5347 -0.7519
vn 0.2675 0.4277 -0.8634
vn 0.3808 0.5991 -0.7044
vn 0.2693 0.6666 -0.6951
vn -0.4420 0.7513 -0.4901
vn -0.1026 0.9799 0.1712
vn -0.1309 0.9729 0.1906
vn -0.1507 0.9669 0.2062
vn -0.1597 0.9509 0.2652
vn -0.1676 0.9490 0.2670
vn -0.1637 0.9443 0.2855
vn -0.1256 0.9505 0.2843
vn 0.0381 0.9924 0.1171
vn 0.1149 0.9929 0.0302
vn 0.3958 0.8535 -0.3388
vn 0.4584 0.7424 -0.4886
vn 0.6211 0.4127 -0.6662
vn 0.4455 0.4487 -0.7747
vn 0.2352 0.6789 -0.6956
vn 0.5562 0.6648 -0.4987
vn 0.2754 0.5132 -0.8129
vn 0.0607 0.7255 -0.6855
vn 0.5449 0.5627 -0.6216
vn 0.2447 0.6453 -0.7237
vn 0.3531 0.6312 -0.6906
vn 0.1737 0.9184 -0.3554
vn 0.0369 0.9970 -0.0684
vn 0.0240 0.9980 -0.0591
vn 0.3482 0.6210 -0.7023
vn 0.3938 0.6790 -0.6196
vn 0.1967 0.8923 -0.4064
vn 0.2585 0.8552 -0.4491
vn 0.0675 0.9950 -0.0740
vn 0.0559 0.9930 -0.1042
vn 0.5102 0.6390 -0.5757
vn 0.4500 0.7526 -0.4807
vn 0.2121 0.9380 -0.2741
vn 0.0971 0.8947 -0.4360
vn 0.0145 0.9951 -0.0975
vn 0.0086 0.9993 -0.0375
vn 0.4593 0.5752 -0.6769
vn 0.4777 0.5338 -0.6977
vn 0.3088 0.8403 -0.4455
vn 0.2008 0.9270 -0.3169
vn 0.0162 0.9992 -0.0366
vn 0.0370 0.9987 -0.0360
vn 0.2188 0.5051 -0.8348
vn 0.3000 0.4242 -0.8544
vn 0.1620 0.8353 -0.5254
vn 0.3801 0.7647 -0.5203
vn 0.0801 0.9936 -0.0796
vn 0.0834 0.9878 -0.1313
vn 0.6274 0.5081 -0.5901
vn 0.5275 0.6437 -0.5544
vn 0.2631 0.9270 -0.2673
vn 0.1232 0.9879 -0.0943
vn -0.0151 0.9987 0.0486
vn -0.0024 0.9996 0.0296
vn 0.2741 0.9379 -0.2127
vn 0.1944 0.9767 -0.0909
vn 0.0307 0.9991 0.0298
vn -0.0293 0.9922 0.1211
vn -0.0524 0.9926 0.1092
vn -0.0457 0.9945 0.0946
vn -0.0121 0.9827 0.1846
vn -0.0611 0.9658 0.2521
vn -0.0754 0.9792 0.1882
vn -0.1211 0.9684 0.2180
vn -0.0812 0.9870 0.1384
vn -0.0779 0.9873 0.1387
vn -0.1770 0.9443 0.2773
vn -0.1749 0.9467 0.2704
vn -0.1296 0.9700 0.2058
vn -0.1199 0.9731 0.1968
vn -0.0735 0.9896 0.1237
vn -0.0758 0.9891 0.1262
vn -0.1527 0.9572 0.2460
vn -0.1651 0.9623 0.2160
vn -0.1200 0.9745 0.1897
vn -0.1015 0.9812 0.1644
vn -0.0661 0.9914 0.1131
vn -0.0674 0.9911 0.1149
vn -0.1144 0.9765 0.1824
vn -0.1052 0.9785 0.1773
vn -0.0906 0.9835 0.1563
vn -0.2146 0.7777 -0.5909
vn 0.0961 0.6528 -0.7514
vn -0.0351 0.8938 -0.4470
vn -0.4055 0.6481 -0.6446
vn -0.0393 0.7938 -0.6070
vn 0.0584 0.6389 -0.7671
vn 0.4124 0.5707 -0.7101
vn 0.5811 0.4779 -0.6587
vn 0.4046 0.5102 -0.7589
vn 0.4162 0.5230 -0.7438
vn 0.3614 0.4517 -0.8157
vn 0.3741 0.5469 -0.7490
vn 0.1306 0.4820 -0.8664
vn 0.2427 0.5033 -0.8294
vn 0.3929 0.5522 -0.7353
vn 0.4450 0.6038 -0.6613
vn 0.2467 0.5546 -0.7947
vn 0.4603 0.5119 -0.7253
vn 0.5006 0.5328 -0.6823
vn 0.5687 0.5795 -0.5838
vn 0.3121 0.5632 -0.7651
vn 0.7215 0.6615 -0.2043
vn 0.6560 0.7388 -0.1542
vn 0.6298 0.6860 -0.3645
vn 0.6596 0.7059 -0.2580
vn 0.6978 0.6963 -0.1677
vn 0.6257 0.7540 -0.2000
vn 0.6692 0.7067 0.2296
vn 0.6495 0.6540 0.3879
vn 0.7248 0.6888 0.0129
vn 0.6219 0.7726 0.1280
vn 0.4837 0.8683 0.1097
vn 0.6373 0.7695 -0.0416
vn 0.4654 0.8242 0.3227
vn 0.4079 0.8240 0.3933
vn 0.3826 0.8860 0.2620
vn 0.0995 0.8751 0.4737
vn -0.0335 0.8855 0.4635
vn 0.0736 0.9037 0.4217
vn -0.0600 0.9189 0.3898
vn -0.1907 0.9214 0.3386
vn -0.1852 0.8867 0.4236
vn -0.2655 0.8904 0.3697
vn -0.2489 0.8949 0.3704
vn -0.2572 0.8893 0.3783
vn -0.2524 0.9204 0.2985
vn -0.2692 0.9253 0.2670
vn -0.2650 0.9038 0.3359
vn -0.2716 0.9236 0.2705
vn -0.2437 0.9318 0.2689
vn -0.2474 0.9211 0.3008
vn -0.2678 0.9468 0.1788
vn -0.2521 0.9570 0.1433
vn -0.2462 0.9458 0.2120
vn -0.8013 0.5628 0.2032
vn -0.7129 0.6734 -0.1954
vn -0.7606 0.6330 -0.1439
vn -0.8068 0.5163 0.2871
vn -0.8009 0.5038 0.3236
vn -0.8197 0.5225 0.2347
vn -0.6639 0.7350 0.1378
vn -0.0001 0.8443 -0.5359
vn -0.2697 0.7836 -0.5596
vn -0.5574 0.7642 0.3245
vn -0.2104 0.9759 0.0580
vn 0.2038 0.9776 -0.0527
vn 0.2453 0.9443 -0.2192
vn 0.2944 0.8434 -0.4495
vn 0.3463 0.8022 -0.4864
vn 0.3642 0.8404 0.4013
vn 0.4636 0.7432 0.4825
vn 0.5200 0.8166 0.2506
vn 0.6242 0.6285 0.4640
vn 0.5790 0.7648 0.2824
vn 0.7187 0.6628 0.2102
vn 0.3927 0.7441 0.5404
vn 0.5447 0.6575 0.5206
vn 0.5305 0.6911 0.4908
vn 0.6153 0.6057 0.5045
vn 0.5671 0.6366 0.5225
vn 0.5988 0.6244 0.5015
vn 0.4842 0.6980 0.5275
vn 0.4188 0.7695 0.4821
vn 0.4221 0.7296 0.5381
vn 0.3251 0.8192 0.4724
vn 0.3084 0.8254 0.4729
vn 0.3485 0.7833 0.5148
vn 0.2225 0.9280 0.2989
vn 0.1697 0.9687 0.1810
vn 0.2223 0.9198 0.3234
vn 0.0911 0.9910 0.0980
vn -0.0219 0.9876 0.1553
vn 0.1190 0.9707 0.2088
vn 0.0315 0.9994 -0.0130
vn -0.0082 0.9998 -0.0175
vn -0.0449 0.9978 0.0482
vn -0.1317 0.9901 0.0482
vn -0.2115 0.9690 0.1276
vn -0.1773 0.9744 0.1380
vn -0.1455 0.9893 -0.0103
vn -0.1955 0.9806 -0.0161
vn -0.2141 0.9760 0.0388
vn -0.7328 0.6800 -0.0255
vn -0.7762 0.6227 0.0987
vn -0.7577 0.6490 0.0682
vn -0.7233 0.6795 -0.1228
vn -0.6903 0.6970 -0.1942
vn -0.7157 0.6965 -0.0522
vn -0.7034 0.6996 -0.1259
vn -0.6948 0.7162 0.0659
vn -0.7631 0.6441 0.0521
vn -0.4066 0.9117 0.0596
vn 0.2261 0.8377 0.4971
vn -0.0693 0.9693 0.2358
vn 0.3809 0.7603 0.5261
vn 0.5314 0.7061 0.4681
vn 0.3201 0.8637 0.3893
vn 0.5548 0.6481 0.5217
vn 0.5213 0.6997 0.4886
vn 0.5944 0.6365 0.4914
vn 0.4961 0.7484 0.4402
vn 0.4870 0.7065 0.5136
vn 0.4360 0.7483 0.4999
vn 0.6462 0.5936 0.4797
vn 0.6244 0.6477 0.4367
vn 0.6278 0.5918 0.5056
vn 0.4838 0.7707 0.4147
vn 0.4448 0.7907 0.4207
vn 0.5092 0.7296 0.4565
vn 0.3685 0.9011 0.2285
vn 0.2493 0.9663 0.0649
vn 0.3233 0.9135 0.2469
vn 0.1649 0.9862 -0.0161
vn 0.1502 0.9886 0.0104
vn 0.2062 0.9727 0.1067
vn 0.1290 0.9833 -0.1286
vn 0.1224 0.9814 -0.1477
vn 0.1187 0.9875 -0.1035
vn 0.0993 0.9865 -0.1305
vn 0.0673 0.9929 -0.0984
vn 0.0864 0.9920 -0.0925
vn 0.1019 0.9792 -0.1757
vn 0.0818 0.9790 -0.1866
vn 0.0632 0.9883 -0.1387
vn -0.7466 0.6646 -0.0304
vn -0.7295 0.6608 -0.1766
vn -0.6938 0.6662 -0.2737
vn -0.6323 0.6612 0.4038
vn -0.6830 0.6958 0.2220
vn -0.6155 0.6757 0.4058
vn -0.3839 0.7262 0.5703
vn 0.1296 0.7638 0.6323
vn -0.5570 0.7558 0.3442
vn 0.2176 0.6338 0.7423
vn 0.1180 0.7115 0.6927
vn 0.2188 0.6216 0.7521
vn 0.1655 0.7212 0.6726
vn 0.3311 0.7687 0.5472
vn 0.2393 0.7239 0.6470
vn 0.3339 0.8226 0.4603
vn 0.4584 0.8092 0.3674
vn 0.3849 0.7300 0.5648
vn 0.5839 0.7631 0.2772
vn 0.6619 0.7007 0.2665
vn 0.6126 0.6761 0.4094
vn 0.6147 0.7887 0.0082
vn 0.5878 0.8035 -0.0946
vn 0.6136 0.7893 0.0230
vn 0.4641 0.8672 -0.1806
vn 0.3088 0.9441 -0.1151
vn 0.4870 0.8726 -0.0388
vn 0.3715 0.8812 -0.2925
vn 0.2814 0.9145 -0.2908
vn 0.2356 0.9437 -0.2323
vn 0.1576 0.9592 -0.2345
vn 0.1389 0.9684 -0.2071
vn 0.1427 0.9696 -0.1989
vn 0.1390 0.9409 -0.3087
vn 0.1181 0.9200 -0.3736
vn 0.1314 0.9521 -0.2761
vn -0.6375 0.7683 0.0565
vn -0.6438 0.7284 0.2342
vn -0.6628 0.7402 0.1130
vn -0.3002 0.8627 0.4070
vn -0.2699 0.8970 0.3501
vn -0.2700 0.8496 0.4531
vn 0.1156 0.8924 0.4362
vn 0.2100 0.8497 0.4837
vn 0.0799 0.8033 0.5902
vn 0.1899 0.9532 0.2353
vn 0.1560 0.9713 0.1797
vn 0.1622 0.9423 0.2928
vn 0.2236 0.9613 0.1613
vn 0.3674 0.9095 0.1944
vn 0.2183 0.9414 0.2570
vn 0.2747 0.9614 0.0177
vn 0.3343 0.9412 -0.0493
vn 0.3577 0.9336 0.0205
vn 0.4367 0.8703 -0.2279
vn 0.4624 0.8635 -0.2013
vn 0.5161 0.8551 -0.0487
vn 0.4199 0.8674 -0.2670
vn 0.3991 0.8605 -0.3167
vn 0.4520 0.8371 -0.3082
vn 0.4334 0.8311 -0.3485
vn 0.4099 0.8400 -0.3555
vn 0.4365 0.8296 -0.3482
vn 0.3669 0.8437 -0.3919
vn 0.2558 0.8287 -0.4978
vn 0.3381 0.8460 -0.4123
vn -0.1710 0.9850 -0.0253
vn -0.2543 0.9661 0.0450
vn -0.2137 0.9741 0.0737
vn -0.2177 0.9686 -0.1205
vn 0.0030 0.9940 -0.1098
vn -0.1036 0.9940 -0.0351
vn 0.2193 0.9755 0.0149
vn 0.1918 0.9796 0.0602
vn 0.2137 0.9710 0.1074
vn 0.1997 0.9716 -0.1269
vn 0.1711 0.9742 -0.1473
vn 0.1578 0.9847 -0.0741
vn 0.1156 0.9818 -0.1510
vn 0.2183 0.9616 -0.1662
vn 0.1565 0.9836 -0.0897
vn 0.0813 0.9603 -0.2669
vn 0.1422 0.9352 -0.3242
vn 0.2151 0.9360 -0.2785
vn 0.2803 0.8727 -0.3997
vn 0.3160 0.8827 -0.3477
vn 0.3066 0.9098 -0.2797
vn 0.2942 0.8024 -0.5192
vn 0.3079 0.7563 -0.5772
vn 0.3695 0.7967 -0.4782
vn -0.2760 0.8887 -0.3661
vn -0.1474 0.9354 -0.3215
vn -0.2319 0.9555 -0.1825
vn 0.0169 0.7845 -0.6199
vn 0.4154 0.6871 -0.5961
vn 0.3771 0.7676 -0.5182
vn 0.3646 0.7916 -0.4903
vn 0.2779 0.8849 -0.3738
vn 0.3237 0.8874 -0.3284
vn 0.4444 0.7625 -0.4702
vn 0.3691 0.7720 -0.5175
vn 0.3241 0.8710 -0.3693
vn 0.0983 0.8863 -0.4525
vn 0.0837 0.9143 -0.3964
vn 0.1273 0.9403 -0.3155
vn 0.0698 0.7600 -0.6462
vn 0.0184 0.6994 -0.7145
vn 0.0660 0.8103 -0.5823
vn -0.0336 0.8655 -0.4999
vn -0.2700 0.8164 -0.5106
vn -0.2109 0.8447 -0.4919
vn -0.0128 0.9164 -0.4000
vn -0.2852 0.8227 -0.4917
vn 0.2901 0.7019 -0.6505
vn 0.6218 0.5420 -0.5654
vn 0.3804 0.6746 -0.6326
vn 0.2809 0.6492 -0.7069
vn 0.0590 0.5944 -0.8020
vn 0.2169 0.5378 -0.8147
vn 0.1306 0.6381 -0.7588
vn 0.0101 0.7113 -0.7028
vn 0.1077 0.7245 -0.6808
vn -0.1134 0.6286 -0.7694
vn -0.0966 0.6827 -0.7243
vn -0.1435 0.5362 -0.8318
vn -0.1813 0.9716 0.1519
vn -0.1440 0.9745 0.1720
vn -0.1754 0.9652 0.1939
vn -0.2630 0.9648 0.0021
vn -0.2665 0.9630 0.0401
vn -0.2709 0.9603 0.0668
vn -0.0203 0.9876 -0.1555
vn -0.1015 0.9890 -0.1073
vn -0.0421 0.9941 -0.1000
vn 0.1393 0.9206 -0.3649
vn 0.1273 0.9441 -0.3040
vn 0.1312 0.9531 -0.2729
vn 0.1195 0.7970 -0.5920
vn 0.0854 0.8177 -0.5693
vn 0.1620 0.8587 -0.4862
vn 0.2829 0.7408 -0.6093
vn 0.2516 0.7692 -0.5874
vn 0.3232 0.7950 -0.5134
vn 0.1040 0.6830 -0.7230
vn 0.2009 0.7574 -0.6213
vn 0.1101 0.8069 -0.5804
vn 0.0010 0.4016 -0.9158
vn 0.0184 0.3724 -0.9279
vn 0.1601 0.4978 -0.8524
vn 0.1220 0.8129 -0.5695
vn 0.0015 0.7830 -0.6221
vn 0.0349 0.7085 -0.7048
vn -0.3878 0.7145 -0.5823
vn -0.3898 0.7289 -0.5628
vn -0.4103 0.7513 -0.5169
vn -0.1041 0.9800 -0.1695
vn -0.0162 0.9994 -0.0294
vn -0.0159 0.9995 -0.0284
vn -0.2668 0.8403 -0.4720
vn -0.2680 0.8523 -0.4492
vn -0.1043 0.9790 -0.1752
vn -0.1198 0.9710 -0.2068
vn -0.0108 0.9994 -0.0316
vn -0.0181 0.9994 -0.0304
vn -0.2909 0.7927 -0.5357
vn -0.1819 0.8202 -0.5423
vn -0.0791 0.9780 -0.1928
vn -0.0301 0.9945 -0.1007
vn 0.0107 0.9999 0.0076
vn 0.0056 1.0000 -0.0000
vn -0.0463 0.9752 -0.2163
vn 0.0001 0.9875 -0.1574
vn 0.0077 0.9992 -0.0398
vn 0.0614 0.9978 0.0231
vn 0.0517 0.9970 0.0585
vn 0.0383 0.9984 0.0412
vn 0.1306 0.9913 0.0156
vn 0.1745 0.9819 0.0732
vn 0.1199 0.9883 0.0944
vn 0.1854 0.9645 0.1881
vn 0.1166 0.9801 0.1607
vn 0.1007 0.9862 0.1310
vn 0.3022 0.9056 0.2976
vn 0.3369 0.8765 0.3438
vn 0.2229 0.9345 0.2777
vn 0.2410 0.8812 0.4067
vn 0.1424 0.9554 0.2588
vn 0.1517 0.9564 0.2495
vn 0.1548 0.8699 0.4683
vn 0.2764 0.8560 0.4369
vn 0.1570 0.9273 0.3397
vn 0.1954 0.9221 0.3338
vn 0.1266 0.9681 0.2162
vn 0.1283 0.9685 0.2133
vn 0.2675 0.8574 0.4397
vn 0.2501 0.8561 0.4522
vn 0.1966 0.9193 0.3409
vn 0.1854 0.9230 0.3371
vn 0.1210 0.9692 0.2143
vn 0.1225 0.9683 0.2178
vn 0.1756 0.8986 0.4021
vn 0.1579 0.9192 0.3607
vn 0.1635 0.9314 0.3252
vn 0.1574 0.9425 0.2947
vn 0.1014 0.9755 0.1952
vn 0.1114 0.9739 0.1977
vn 0.0223 0.9690 0.2461
vn -0.0489 0.9815 0.1851
vn 0.0768 0.9683 0.2378
vn 0.0071 0.9905 0.1374
vn 0.0391 0.9938 0.1040
vn 0.0547 0.9901 0.1293
vn -0.3798 0.8790 -0.2882
vn -0.4621 0.7803 -0.4215
vn -0.1068 0.9941 -0.0161
vn -0.0543 0.9153 -0.3992
vn -0.0908 0.9161 -0.3906
vn -0.0909 0.9091 -0.4065
vn -0.0694 0.9379 -0.3399
vn -0.1003 0.9629 -0.2504
vn -0.1376 0.9521 -0.2730
vn -0.0091 0.9869 -0.1613
vn 0.1321 0.9427 -0.3065
vn -0.1778 0.9795 -0.0948
vn 0.1024 0.9817 -0.1608
vn 0.2429 0.9276 -0.2837
vn 0.1019 0.8945 -0.4353
vn 0.2094 0.9235 -0.3213
vn 0.1717 0.9701 -0.1716
vn 0.1392 0.9489 -0.2833
vn 0.2895 0.9191 -0.2674
vn 0.3231 0.9305 -0.1724
vn 0.2853 0.9526 -0.1060
vn 0.3536 0.9350 0.0266
vn 0.3360 0.9367 0.0990
vn 0.2932 0.9551 0.0439
vn 0.4543 0.8907 0.0179
vn 0.3559 0.9336 0.0421
vn 0.4658 0.8768 0.1193
vn 0.1889 0.9654 0.1797
vn 0.2199 0.9334 0.2837
vn 0.3923 0.8892 0.2356
vn 0.1128 0.9885 0.1004
vn 0.1050 0.9870 0.1218
vn 0.1545 0.9642 0.2156
vn 0.1598 0.9600 0.2300
vn 0.2157 0.9267 0.3076
vn 0.2064 0.9242 0.3213
vn 0.0731 0.9868 0.1444
vn 0.0371 0.9871 0.1555
vn 0.1109 0.9658 0.2346
vn 0.0772 0.9763 0.2022
vn 0.1420 0.9485 0.2832
vn 0.1605 0.9424 0.2934
vn -0.0491 0.9937 0.1004
vn -0.1284 0.9850 0.1155
vn -0.0048 0.9799 0.1994
vn -0.0946 0.9783 0.1845
vn 0.0289 0.9632 0.2671
vn -0.0075 0.9479 0.3186
vn -0.1586 0.9868 0.0324
vn -0.2815 0.9575 0.0622
vn -0.1152 0.9864 0.1172
vn -0.4859 0.8707 0.0762
vn -0.3650 0.8925 0.2650
vn -0.1309 0.9499 0.2840
vn -0.8006 0.5833 -0.1375
vn -0.8245 0.5537 -0.1166
vn -0.7872 0.6165 -0.0161
vn -0.1418 0.7744 -0.6166
vn -0.0637 0.8918 -0.4480
vn -0.0704 0.8630 -0.5003
vn -0.0890 0.6733 -0.7340
vn 0.1206 0.7048 -0.6990
vn 0.0165 0.8234 -0.5672
vn 0.2521 0.8852 -0.3909
vn 0.2562 0.9453 -0.2021
vn 0.2260 0.9293 -0.2920
vn 0.3575 0.8586 -0.3675
vn 0.3915 0.8592 -0.3293
vn 0.4239 0.8862 -0.1870
vn 0.4529 0.8855 -0.1036
vn 0.4249 0.8840 -0.1950
vn 0.4011 0.8990 -0.1759
vn 0.4297 0.8833 -0.1874
vn 0.3140 0.9305 -0.1886
vn 0.4617 0.8782 -0.1253
vn 0.1473 0.9821 -0.1172
vn 0.1447 0.9853 -0.0910
vn 0.3308 0.9377 -0.1059
vn 0.0697 0.9922 -0.1029
vn 0.0366 0.9963 -0.0779
vn 0.0543 0.9955 -0.0776
vn 0.0200 0.9977 -0.0647
vn 0.0462 0.9987 -0.0215
vn 0.0540 0.9983 -0.0233
vn -0.0308 0.9969 -0.0726
vn -0.0626 0.9957 -0.0677
vn -0.0302 0.9977 -0.0612
vn -0.0926 0.9944 -0.0513
vn -0.0708 0.9975 0.0072
vn -0.0364 0.9993 -0.0023
vn -0.1565 0.9863 -0.0516
vn -0.1825 0.9823 -0.0429
vn -0.1570 0.9871 -0.0316
vn -0.2006 0.9796 -0.0124
vn -0.2017 0.9789 0.0325
vn -0.1622 0.9866 0.0191
vn -0.3450 0.9314 -0.1157
vn -0.4476 0.8838 -0.1360
vn -0.2333 0.9721 -0.0223
vn -0.4899 0.8669 -0.0924
vn -0.4493 0.8923 -0.0442
vn -0.2817 0.9587 0.0389
vn -0.6506 0.7583 -0.0401
vn -0.7204 0.6907 0.0624
vn -0.7021 0.7121 0.0069
vn 0.0647 0.8393 -0.5398
vn 0.1633 0.5729 -0.8032
vn -0.0471 0.8008 -0.5971
vn 0.3330 0.5668 -0.7536
vn 0.3950 0.5188 -0.7581
vn 0.3771 0.5117 -0.7720
vn 0.3403 0.7250 -0.5987
vn 0.3542 0.7761 -0.5217
vn 0.2925 0.7547 -0.5872
vn 0.2105 0.7424 -0.6360
vn 0.1939 0.7559 -0.6254
vn 0.2756 0.7987 -0.5349
vn 0.2520 0.8547 -0.4538
vn 0.2188 0.9139 -0.3418
vn 0.2918 0.8606 -0.4174
vn 0.2141 0.8914 -0.3995
vn 0.1732 0.9460 -0.2739
vn 0.1711 0.9522 -0.2531
vn 0.0782 0.9913 -0.1060
vn 0.0517 0.9961 -0.0719
vn 0.0933 0.9894 -0.1113
vn 0.0064 0.9973 -0.0730
vn -0.0269 0.9984 -0.0498
vn -0.0030 0.9991 -0.0432
vn -0.0558 0.9981 -0.0257
vn -0.0655 0.9973 -0.0330
vn -0.0377 0.9986 -0.0358
vn -0.1077 0.9940 -0.0193
vn -0.1597 0.9871 -0.0122
vn -0.1116 0.9937 -0.0119
vn -0.2641 0.9645 -0.0095
vn -0.2528 0.9672 -0.0260
vn -0.1648 0.9862 -0.0152
vn -0.5470 0.8371 -0.0034
vn -0.5628 0.8211 -0.0947
vn -0.5180 0.8472 -0.1183
vn -0.5449 0.8304 -0.1166
vn -0.5113 0.8364 -0.1977
vn -0.5546 0.8255 -0.1048
vn -0.5807 0.8027 -0.1362
vn -0.6481 0.7540 -0.1070
vn -0.6036 0.7842 -0.1436
vn 0.5451 0.5310 -0.6488
vn 0.5613 0.5536 -0.6152
vn 0.5468 0.5279 -0.6499
vn 0.3717 0.6370 -0.6753
vn 0.2480 0.7271 -0.6402
vn 0.2888 0.6851 -0.6688
vn 0.0567 0.7481 -0.6612
vn 0.0813 0.7024 -0.7071
vn 0.1216 0.7260 -0.6769
vn 0.3156 0.6547 -0.6869
vn 0.3793 0.6084 -0.6971
vn 0.3532 0.6206 -0.7000
vn 0.2694 0.7905 -0.5500
vn 0.2197 0.8744 -0.4325
vn 0.2987 0.7871 -0.5397
vn 0.0729 0.8547 -0.5140
vn 0.0012 0.9010 -0.4338
vn 0.0536 0.9276 -0.3697
vn -0.0493 0.9759 -0.2127
vn -0.0525 0.9914 -0.1197
vn -0.0178 0.9864 -0.1636
vn -0.0829 0.9761 -0.2009
vn -0.1137 0.9842 -0.1354
vn -0.0968 0.9889 -0.1127
vn -0.2027 0.9786 -0.0366
vn -0.2325 0.9724 -0.0165
vn -0.1471 0.9882 -0.0429
vn -0.4193 0.9074 0.0273
vn -0.5062 0.8578 0.0890
vn -0.4596 0.8849 0.0752
vn -0.5813 0.7966 0.1657
vn -0.6257 0.7786 0.0478
vn -0.5821 0.8102 0.0685
vn -0.5804 0.7554 0.3042
vn -0.6030 0.7788 0.1730
vn -0.6344 0.7730 0.0078
vn 0.3341 0.5847 -0.7392
vn 0.2998 0.6814 -0.6677
vn 0.3544 0.5935 -0.7226
vn 0.3051 0.6507 -0.6953
vn 0.2305 0.7590 -0.6090
vn 0.2801 0.7635 -0.5819
vn 0.1271 0.7792 -0.6137
vn 0.2885 0.6266 -0.7240
vn 0.2634 0.7765 -0.5724
vn 0.2262 0.6589 -0.7174
vn 0.1608 0.6173 -0.7701
vn 0.2106 0.6007 -0.7712
vn -0.0018 0.7539 -0.6569
vn -0.0254 0.8049 -0.5928
vn 0.0395 0.7681 -0.6391
vn -0.0153 0.7719 -0.6355
vn 0.0277 0.8062 -0.5910
vn -0.0322 0.8120 -0.5828
vn -0.1200 0.8876 -0.4447
vn -0.1519 0.9385 -0.3102
vn -0.0629 0.9111 -0.4073
vn -0.3616 0.8595 -0.3612
vn -0.4768 0.8394 -0.2610
vn -0.4118 0.8740 -0.2580
vn -0.4616 0.8694 -0.1764
vn -0.5030 0.8623 -0.0591
vn -0.4876 0.8625 -0.1354
vn -0.4937 0.8671 -0.0667
vn -0.6012 0.7987 -0.0243
vn -0.5076 0.8613 0.0224
vn 0.2247 0.5177 -0.8255
vn 0.2145 0.6219 -0.7531
vn 0.2823 0.5391 -0.7935
vn -0.0305 0.5441 -0.8385
vn -0.0822 0.6232 -0.7777
vn -0.0238 0.6791 -0.7336
vn -0.0598 0.6915 -0.7199
vn 0.0860 0.6563 -0.7496
vn 0.0481 0.7489 -0.6610
vn 0.2387 0.6495 -0.7219
vn 0.2121 0.6767 -0.7051
vn 0.1312 0.6710 -0.7298
vn 0.1719 0.7513 -0.6371
vn 0.1199 0.8005 -0.5872
vn 0.1690 0.7418 -0.6489
vn -0.0170 0.8312 -0.5558
vn -0.1980 0.8565 -0.4767
vn -0.1268 0.8520 -0.5079
vn -0.3347 0.8717 -0.3579
vn -0.3191 0.8925 -0.3188
vn -0.3442 0.8691 -0.3552
vn -0.3519 0.8480 -0.3964
vn -0.4532 0.8278 -0.3306
vn -0.3818 0.8836 -0.2710
vn 0.1233 0.4006 -0.9079
vn -0.0794 0.3852 -0.9194
vn -0.1453 0.3520 -0.9247
vn 0.3323 0.5963 -0.7307
vn 0.3632 0.5056 -0.7826
vn 0.1084 0.4002 -0.9100
vn 0.1534 0.4332 -0.8882
vn 0.2597 0.6831 -0.6825
vn 0.2510 0.5723 -0.7807
vn 0.1341 0.4917 -0.8604
vn 0.0326 0.6162 -0.7869
vn 0.1863 0.6736 -0.7153
vn -0.1047 0.7943 -0.5984
vn -0.1423 0.8584 -0.4929
vn -0.0895 0.8260 -0.5565
vn -0.2431 0.7769 -0.5807
vn -0.3241 0.8192 -0.4732
vn -0.2898 0.8859 -0.3621
vn 0.4283 0.7175 -0.5493
vn 0.4950 0.6227 -0.6060
vn 0.4948 0.6658 -0.5584
vn 0.5307 0.6016 -0.5971
vn 0.2152 0.7436 -0.6330
vn 0.3786 0.6332 -0.6751
vn 0.2388 0.6429 -0.7278
vn 0.2283 0.6894 -0.6874
vn 0.2719 0.6836 -0.6773
vn -0.1071 0.7039 -0.7022
vn -0.2111 0.7231 -0.6577
vn -0.1463 0.7659 -0.6261
vn 0.4111 0.6969 -0.5876
vn 0.2720 0.6928 -0.6679
vn 0.4097 0.6063 -0.6815
vn 0.1044 0.8437 -0.5266
vn -0.2167 0.8990 -0.3805
vn -0.1061 0.7631 -0.6376
vn -0.6064 0.7120 -0.3541
vn -0.5838 0.7510 -0.3084
vn -0.6859 0.6892 -0.2335
vn -0.7910 0.5578 0.2511
vn -0.7940 0.5953 0.1228
vn -0.7790 0.5791 0.2402
vn -0.6884 0.7194 -0.0926
vn -0.7096 0.7039 -0.0318
vn -0.6612 0.7439 -0.0968
vn -0.6820 0.7285 -0.0647
vn -0.7140 0.6821 -0.1581
vn -0.6477 0.7370 -0.1930
vn -0.6405 0.7623 0.0931
vn -0.5995 0.7720 0.2114
vn -0.5963 0.7863 0.1618
vn -0.6032 0.7900 -0.1098
vn -0.6296 0.7761 -0.0371
vn -0.5279 0.8408 -0.1196
vn -0.3300 0.9095 -0.2527
vn -0.3246 0.9369 -0.1302
vn -0.3477 0.9131 -0.2130
vn -0.3327 0.7920 -0.5119
vn -0.3725 0.7309 -0.5719
vn -0.2306 0.7492 -0.6210
vn 0.0141 0.6872 -0.7263
vn 0.0185 0.7029 -0.7110
vn -0.1911 0.6749 -0.7127
vn -0.1900 0.7843 -0.5906
vn -0.1818 0.7528 -0.6327
vn -0.0757 0.7847 -0.6152
vn 0.2224 0.9749 -0.0088
vn 0.1439 0.9896 -0.0018
vn 0.1383 0.9904 -0.0072
vn 0.2563 0.9658 0.0388
vn 0.1871 0.9762 0.1093
vn 0.2017 0.9791 0.0277
vn 0.0752 0.9953 0.0616
vn 0.0770 0.9969 0.0176
vn 0.1063 0.9942 0.0139
vn -0.3166 0.9149 0.2506
vn -0.5303 0.8184 0.2211
vn -0.1499 0.9846 0.0897
vn -0.3880 0.9182 0.0796
vn -0.0837 0.9963 0.0180
vn -0.0406 0.9990 0.0191
vn -0.8270 0.5331 0.1783
vn -0.8517 0.4782 0.2145
vn -0.5988 0.7981 0.0661
vn -0.6754 0.7365 -0.0375
vn -0.1277 0.9918 -0.0095
vn -0.1660 0.9860 -0.0127
vn -0.9235 0.3468 -0.1640
vn -0.8983 0.4201 -0.1288
vn -0.5895 0.8068 -0.0388
vn -0.5045 0.8634 -0.0021
vn -0.0988 0.9951 0.0014
vn -0.0938 0.9956 0.0047
vn -0.8599 0.5013 0.0958
vn -0.9011 0.4322 0.0345
vn -0.5373 0.8434 0.0076
vn -0.5475 0.8368 -0.0045
vn -0.0992 0.9951 0.0005
vn -0.0983 0.9952 0.0024
vn -0.8826 0.4691 0.0305
vn -0.8988 0.4376 -0.0273
vn -0.5402 0.8415 -0.0029
vn -0.4820 0.8756 -0.0310
vn -0.0899 0.9960 0.0003
vn -0.0991 0.9951 -0.0052
vn -0.8054 0.5926 -0.0160
vn -0.8159 0.5765 -0.0449
vn -0.4500 0.8930 -0.0090
vn -0.2334 0.9651 -0.1191
vn 0.0280 0.9995 -0.0108
vn -0.0212 0.9992 -0.0350
vn -0.4674 0.8836 -0.0270
vn -0.4604 0.8873 0.0270
vn -0.0780 0.9968 0.0162
vn -0.1211 0.9919 0.0382
vn -0.0174 0.9998 0.0094
vn 0.0040 0.9999 0.0154
vn -0.5256 0.8498 0.0397
vn -0.5661 0.8237 0.0324
vn -0.1777 0.9841 0.0079
vn -0.2154 0.9764 0.0126
vn -0.0394 0.9992 -0.0003
vn -0.0366 0.9993 0.0016
vn -0.6001 0.7998 -0.0138
vn -0.5809 0.8133 -0.0334
vn -0.2307 0.9730 -0.0073
vn 0.3609 0.9015 0.2388
vn 0.3256 0.9070 0.2671
vn 0.3916 0.9096 0.1386
vn 0.3430 0.8764 0.3380
vn 0.3902 0.8448 0.3662
vn 0.3431 0.8558 0.3873
vn 0.4000 0.8088 0.4310
vn 0.2325 0.8487 0.4750
vn 0.1916 0.8468 0.4962
vn 0.4566 0.7598 0.4628
vn 0.3992 0.7166 0.5719
vn 0.3866 0.7699 0.5077
vn 0.1884 0.7986 0.5716
vn 0.0530 0.8185 0.5720
vn 0.1630 0.8676 0.4698
vn 0.1486 0.7283 0.6689
vn 0.1275 0.5780 0.8060
vn 0.1785 0.6242 0.7606
vn -0.5035 0.8640 0.0030
vn -0.7153 0.6840 -0.1433
vn -0.5234 0.8521 -0.0065
vn -0.3985 0.9159 -0.0475
vn -0.4470 0.8942 -0.0257
vn -0.6264 0.7710 -0.1148
vn -0.6706 0.7418 0.0024
vn -0.7327 0.6805 0.0090
vn -0.8106 0.5589 0.1751
vn -0.5302 0.8453 0.0665
vn -0.5987 0.7874 0.1466
vn -0.7339 0.6778 -0.0455
vn -0.6853 0.5357 0.4933
vn -0.7502 0.5252 0.4017
vn -0.7186 0.5295 0.4509
vn -0.4596 0.7944 0.3970
vn -0.6774 0.7127 -0.1823
vn -0.8558 0.4559 -0.2445
vn -0.8885 0.4291 -0.1630
vn -0.9034 0.4288 0.0068
vn -0.8986 0.4149 -0.1423
vn -0.7306 0.5235 -0.4383
vn -0.6333 0.5250 -0.5686
vn -0.7761 0.4882 -0.3992
vn -0.8049 0.4924 -0.3311
vn -0.7606 0.6261 -0.1719
vn -0.7922 0.4743 -0.3840
vn -0.7727 0.5782 -0.2620
vn -0.7675 0.6385 -0.0569
vn -0.7482 0.6619 -0.0462
vn -0.6285 0.7775 -0.0207
vn -0.5860 0.8061 0.0820
vn -0.6428 0.7629 0.0687
vn -0.4440 0.8743 -0.1962
vn -0.2823 0.9335 -0.2210
vn -0.5017 0.8598 -0.0946
vn 0.1243 0.9668 0.2232
vn 0.2416 0.9294 0.2791
vn 0.1861 0.9516 0.2448
vn 0.1123 0.9594 0.2589
vn 0.1401 0.9333 0.3306
vn 0.2063 0.9264 0.3150
vn 0.2600 0.8048 0.5336
vn 0.3291 0.7226 0.6078
vn 0.3418 0.8104 0.4758
vn 0.2266 0.7020 0.6752
vn 0.2142 0.6292 0.7471
vn 0.2928 0.6468 0.7042
vn 0.1926 0.5965 0.7792
vn 0.0673 0.5610 0.8251
vn 0.1598 0.6499 0.7431
vn 0.1614 0.8660 0.4733
vn 0.3031 0.9275 0.2190
vn 0.1563 0.8882 0.4321
vn 0.0395 0.9674 0.2502
vn -0.2247 0.9744 0.0081
vn -0.0599 0.9888 0.1369
vn -0.0404 0.9666 0.2531
vn -0.1880 0.9613 0.2013
vn -0.2331 0.9628 0.1366
vn -0.3371 0.9023 0.2688
vn -0.4182 0.8681 0.2673
vn -0.3663 0.9150 0.1690
vn -0.3157 0.8796 0.3558
vn -0.2906 0.9028 0.3169
vn -0.3037 0.8648 0.3999
vn -0.1197 0.9305 0.3460
vn -0.1709 0.9801 0.1008
vn -0.2172 0.8350 0.5056
vn 0.0167 0.9083 -0.4181
vn -0.0679 0.9311 -0.3583
vn 0.0812 0.9117 -0.4027
vn -0.2154 0.9151 -0.3408
vn -0.4367 0.7539 -0.4908
vn -0.1252 0.8066 -0.5777
vn -0.4272 0.8457 -0.3197
vn -0.5846 0.7982 -0.1456
vn -0.5095 0.7877 -0.3462
vn -0.5620 0.7329 -0.3835
vn -0.7059 0.6602 -0.2565
vn -0.7246 0.6238 -0.2931
vn -0.1484 0.8009 -0.5801
vn -0.2055 0.8518 -0.4819
vn -0.3478 0.7822 -0.5169
vn 0.0224 0.9702 0.2413
vn 0.0547 0.9542 0.2940
vn 0.0369 0.9744 0.2219
vn 0.0028 0.9239 0.3826
vn 0.0016 0.8494 0.5278
vn 0.0467 0.8887 0.4560
vn 0.0692 0.7012 0.7096
vn 0.1017 0.6578 0.7463
vn 0.0922 0.7338 0.6731
vn 0.0090 0.6340 0.7733
vn 0.0047 0.5302 0.8479
vn 0.1183 0.5692 0.8137
vn 0.1779 0.9036 0.3897
vn 0.2730 0.9214 0.2767
vn 0.1994 0.7907 0.5789
vn 0.0771 0.9342 0.3484
vn 0.0237 0.8396 0.5426
vn 0.2029 0.8790 0.4315
vn 0.0889 0.7297 0.6780
vn -0.0627 0.8756 0.4790
vn 0.1986 0.7848 0.5870
vn -0.4822 0.7080 0.5159
vn -0.6133 0.7231 0.3177
vn -0.3574 0.8522 0.3820
vn -0.3919 0.8464 0.3606
vn -0.2874 0.8921 0.3486
vn -0.2938 0.8903 0.3480
vn -0.6609 0.7413 0.1165
vn -0.6179 0.7187 -0.3190
vn -0.4465 0.8932 -0.0541
vn -0.2870 0.9231 -0.2559
vn -0.2704 0.9324 -0.2397
vn -0.2268 0.8996 -0.3732
vn -0.4478 0.8920 -0.0614
vn -0.4992 0.8327 0.2395
vn -0.3634 0.9315 -0.0134
vn -0.5343 0.8422 0.0718
vn -0.6189 0.7663 -0.1722
vn -0.5601 0.8253 0.0715
vn -0.2776 0.6715 -0.6870
vn -0.3181 0.6069 -0.7284
vn -0.2758 0.5949 -0.7550
vn -0.2023 0.8146 0.5436
vn -0.1689 0.8080 0.5644
vn -0.1109 0.9002 0.4211
vn -0.2548 0.6739 0.6935
vn -0.1562 0.7322 0.6629
vn -0.2992 0.6595 0.6896
vn -0.0474 0.6927 0.7197
vn 0.0358 0.6609 0.7497
vn -0.1646 0.6228 0.7648
vn 0.0721 0.8252 0.5602
vn -0.1236 0.7362 0.6653
vn 0.0760 0.8785 0.4716
vn -0.3536 0.6355 0.6864
vn -0.3046 0.6820 0.6649
vn -0.1071 0.8065 0.5814
vn -0.3456 0.4205 0.8389
vn 0.2605 0.8367 0.4817
vn -0.6133 0.3103 0.7263
vn 0.0867 0.9895 0.1153
vn -0.7340 0.6736 0.0864
vn -0.7992 0.3770 0.4681
vn 0.5756 0.7833 0.2349
vn 0.4403 0.7725 0.4576
vn -0.0333 0.9860 0.1632
vn -0.5008 0.8385 0.2149
vn -0.7187 0.5726 -0.3943
vn -0.7652 0.6045 0.2214
vn -0.8345 0.4287 -0.3462
vn -0.7160 0.4833 -0.5037
vn -0.7829 0.5306 -0.3250
vn -0.6570 0.7471 0.1013
vn -0.6224 0.7472 0.2331
vn -0.6501 0.7589 -0.0376
vn -0.1086 0.6626 -0.7410
vn 0.3104 0.5340 -0.7864
vn -0.0701 0.7176 -0.6930
vn -0.2285 0.8272 0.5133
vn -0.1185 0.8187 0.5619
vn -0.1850 0.7984 0.5730
vn -0.2560 0.7913 0.5553
vn -0.2596 0.7409 0.6194
vn -0.1789 0.7939 0.5811
vn -0.1884 0.6893 0.6996
vn -0.0799 0.6109 0.7876
vn -0.1303 0.7290 0.6720
vn -0.2455 0.3942 0.8856
vn -0.0662 0.3907 0.9181
vn -0.1050 0.2673 0.9579
vn -0.5286 0.7635 -0.3709
vn -0.0986 0.9399 -0.3268
vn -0.5350 0.8276 0.1700
vn -0.8080 0.5774 0.1175
vn -0.7858 0.6036 0.1351
vn -0.6299 0.7590 0.1648
vn -0.5765 0.6837 0.4475
vn -0.3157 0.7333 0.6022
vn -0.3144 0.8695 0.3810
vn -0.6022 0.3999 0.6909
vn -0.5495 0.3984 0.7344
vn -0.4687 0.4311 0.7710
vn -0.6255 0.7728 -0.1074
vn -0.6501 0.4311 -0.6257
vn -0.7133 0.5963 0.3683
vn 0.0236 0.2699 -0.9626
vn 0.3360 0.3128 -0.8884
vn 0.0672 0.3852 -0.9204
vn -0.5102 0.6282 0.5875
vn -0.3919 0.6751 0.6250
vn -0.3716 0.7410 0.5593
vn -0.6383 0.4063 0.6538
vn -0.6972 0.3543 0.6232
vn -0.5614 0.4619 0.6866
vn -0.4021 0.4528 0.7958
vn -0.1462 0.3978 0.9058
vn -0.3437 0.3750 0.8610
vn -0.2396 0.6515 0.7199
vn -0.0745 0.7388 0.6698
vn 0.1825 0.6467 0.7406
vn -0.2939 0.5707 0.7668
vn -0.8662 0.4798 0.1396
vn -0.6143 0.7202 0.3223
vn 0.0564 0.7426 0.6673
vn 0.1138 0.8383 0.5332
vn -0.5930 0.6478 0.4781
vn -0.0909 0.9919 -0.0884
vn -0.3576 0.8999 0.2497
vn -0.7323 0.4111 0.5429
vn 0.5585 0.3943 -0.7298
vn 0.3682 0.3323 -0.8683
vn 0.5103 0.3404 -0.7898
vn -0.7153 0.5164 0.4708
vn -0.7104 0.5174 0.4771
vn -0.6819 0.4687 0.5615
vn -0.5009 0.5444 0.6728
vn -0.5928 0.5538 0.5848
vn -0.7845 0.4694 0.4052
vn -0.7912 0.4847 0.3729
vn -0.7120 0.5394 0.4495
vn -0.7166 0.5127 0.4728
vn -0.7557 0.6311 -0.1751
vn -0.0951 0.7496 -0.6550
vn -0.6780 0.6804 0.2783
vn 0.5320 0.5649 -0.6308
vn 0.6436 0.5875 -0.4906
vn 0.1053 0.9877 0.1158
vn 0.4506 0.7158 -0.5334
vn 0.4810 0.7696 -0.4201
vn 0.6523 0.6342 -0.4152
vn -0.2518 0.6335 0.7317
vn -0.1574 0.6109 0.7759
vn -0.3165 0.6588 0.6825
vn 0.0973 0.9949 -0.0277
vn 0.5457 0.6505 -0.5282
vn 0.3536 0.9231 0.1511
vn 0.5499 0.6640 -0.5067
vn 0.0647 0.4787 -0.8756
vn 0.4726 0.6980 -0.5381
vn 0.3571 0.5503 -0.7548
vn 0.2604 0.5397 -0.8006
vn 0.0680 0.5532 -0.8303
vn 0.2174 0.6254 -0.7494
vn -0.1385 0.7386 -0.6597
vn -0.1182 0.6551 -0.7463
vn 0.6235 0.4445 -0.6432
vn 0.6179 0.4808 -0.6221
vn 0.4688 0.5024 -0.7265
vn -0.3390 0.9177 -0.2070
vn -0.4005 0.9122 -0.0862
vn -0.4676 0.8762 -0.1169
vn -0.3254 0.7658 -0.5547
vn -0.3269 0.8344 -0.4437
vn -0.4272 0.7648 -0.4822
vn -0.1802 0.8153 -0.5503
vn -0.2907 0.8849 -0.3638
vn -0.2412 0.7398 -0.6281
vn 0.4766 0.5747 -0.6652
vn 0.1089 0.6807 -0.7244
vn 0.0495 0.7668 -0.6400
vn 0.3573 0.4232 -0.8326
vn 0.3906 0.4427 -0.8071
vn 0.3303 0.3744 -0.8664
vn 0.2398 0.3440 -0.9078
vn 0.3436 0.3714 -0.8625
vn 0.2936 0.2381 -0.9258
vn 0.2678 0.7491 -0.6059
vn 0.1904 0.5285 -0.8273
vn 0.4569 0.5358 -0.7101
vn 0.4342 0.5894 -0.6813
vn 0.4494 0.6499 -0.6130
vn 0.2803 0.6860 -0.6715
vn 0.4424 0.5576 -0.7024
vn 0.5162 0.5337 -0.6699
vn 0.4937 0.5358 -0.6849
vn 0.1018 0.6434 -0.7588
vn 0.1845 0.6283 -0.7558
vn 0.2633 0.5840 -0.7679
vn -0.1378 0.9625 0.2337
vn -0.0161 0.9994 0.0307
vn -0.0179 0.9994 0.0301
vn -0.3577 0.6608 0.6599
vn -0.3748 0.6412 0.6696
vn -0.1376 0.9596 0.2454
vn -0.1436 0.9558 0.2564
vn -0.0204 0.9992 0.0333
vn -0.0193 0.9992 0.0352
vn -0.3952 0.6431 0.6559
vn -0.3637 0.6657 0.6516
vn -0.1470 0.9553 0.2564
vn -0.1611 0.9531 0.2562
vn -0.0232 0.9989 0.0402
vn -0.0182 0.9991 0.0384
vn -0.3553 0.7962 0.4898
vn -0.3165 0.8284 0.4623
vn -0.1225 0.9770 0.1745
vn -0.0916 0.9827 0.1609
vn -0.0159 0.9995 0.0263
vn -0.0164 0.9995 0.0260
vn -0.2433 0.7956 0.5548
vn -0.2403 0.7222 0.6486
vn -0.0932 0.9717 0.2171
vn -0.1661 0.9227 0.3479
vn -0.0337 0.9977 0.0590
vn -0.0269 0.9982 0.0535
vn -0.4012 0.5584 0.7261
vn -0.4351 0.6039 0.6678
vn -0.2316 0.8942 0.3830
vn -0.2182 0.9039 0.3679
vn -0.0289 0.9982 0.0527
vn -0.0342 0.9982 0.0492
vn 0.0035 0.9738 0.2276
vn -0.3165 0.8430 0.4349
vn -0.2257 0.9139 0.3374
vn -0.1638 0.9540 0.2510
vn -0.0248 0.9993 0.0268
vn -0.0266 0.9990 0.0368
vn -0.4304 0.8003 0.4175
vn -0.4201 0.8925 0.1644
vn -0.1803 0.9783 0.1022
vn -0.0208 0.9959 -0.0877
vn 0.0339 0.9951 -0.0930
vn 0.0187 0.9976 -0.0673
vn -0.0217 0.9784 -0.2055
vn 0.0205 0.9602 -0.2786
vn 0.0469 0.9794 -0.1966
vn 0.1250 0.9564 -0.2639
vn 0.0862 0.9817 -0.1699
vn 0.0812 0.9841 -0.1582
vn 0.1483 0.9077 -0.3925
vn 0.1644 0.8980 -0.4082
vn 0.1335 0.9380 -0.3199
vn 0.1995 0.9274 -0.3164
vn 0.1281 0.9715 -0.1992
vn 0.1214 0.9697 -0.2121
vn 0.2709 0.9168 -0.2934
vn 0.2466 0.9338 -0.2593
vn 0.1931 0.9511 -0.2411
vn -0.5812 0.6319 0.5128
vn -0.4653 0.5825 0.6665
vn -0.2572 0.4343 0.8633
vn -0.6525 0.7337 0.1895
vn -0.5868 0.7440 0.3196
vn -0.6581 0.7275 0.1940
vn -0.4963 0.7907 0.3585
vn -0.4849 0.7838 0.3879
vn -0.5238 0.7958 0.3040
vn -0.4548 0.7219 0.5215
vn -0.4448 0.6634 0.6017
vn -0.4847 0.7757 0.4041
vn -0.4049 0.6576 0.6353
vn -0.4182 0.7102 0.5663
vn -0.5036 0.7185 0.4798
vn -0.3412 0.4815 0.8073
vn -0.2848 0.4402 0.8515
vn -0.3313 0.5948 0.7324
vn -0.0491 0.4735 0.8794
vn 0.0168 0.5269 0.8497
vn -0.0784 0.5960 0.7992
vn 0.0432 0.7160 0.6967
vn 0.3275 0.6920 0.6433
vn -0.0627 0.5121 0.8566
vn -0.5437 0.4210 0.7260
vn -0.5815 0.4402 0.6842
vn -0.5435 0.4494 0.7090
vn -0.8964 0.3975 -0.1961
vn -0.8577 0.5111 0.0550
vn -0.9150 0.3929 -0.0911
vn -0.2844 0.8402 0.4618
vn 0.0713 0.9265 0.3694
vn -0.2386 0.8026 0.5468
vn -0.3730 0.9235 0.0897
vn -0.3430 0.9030 -0.2587
vn -0.1744 0.9831 0.0564
vn -0.4134 0.8048 -0.4259
vn -0.5174 0.7816 -0.3484
vn -0.3507 0.9199 -0.1754
vn -0.3611 0.8043 -0.4719
vn -0.2335 0.8714 -0.4315
vn -0.2769 0.8564 -0.4359
vn -0.0549 0.9005 -0.4314
vn -0.0190 0.9039 -0.4274
vn -0.0618 0.9136 -0.4019
vn -0.0393 0.9629 -0.2669
vn -0.0092 0.9815 -0.1914
vn 0.0055 0.9333 -0.3591
vn 0.1023 0.9621 -0.2528
vn 0.1591 0.9180 -0.3634
vn 0.1462 0.9057 -0.3979
vn 0.0849 0.9941 -0.0674
vn 0.1218 0.9918 -0.0377
vn 0.1697 0.9696 -0.1766
vn 0.3685 0.8830 -0.2906
vn -0.1385 0.9676 0.2110
vn -0.1132 0.9576 -0.2648
vn 0.5316 0.8456 0.0482
vn 0.2534 0.9247 0.2841
vn 0.1572 0.9818 0.1067
vn 0.2070 0.8461 0.4912
vn -0.2026 0.6421 0.7394
vn -0.2092 0.7671 0.6065
vn 0.4449 0.8513 -0.2780
vn 0.1772 0.9048 -0.3872
vn 0.0257 0.9577 0.2867
vn -0.2247 0.9565 -0.1863
vn -0.3701 0.8898 0.2670
vn -0.2976 0.8865 0.3544
vn -0.1103 0.9551 -0.2751
vn -0.0609 0.9348 -0.3499
vn -0.1579 0.9802 -0.1196
vn 0.0486 0.9498 -0.3090
vn 0.2788 0.9459 -0.1658
vn 0.0645 0.9914 0.1141
vn -0.0822 0.6887 -0.7203
vn -0.0828 0.6808 -0.7277
vn -0.0419 0.6689 -0.7422
vn -0.1682 0.6750 -0.7184
vn -0.5781 0.7374 -0.3494
vn -0.4430 0.6631 -0.6034
vn -0.2554 0.6613 -0.7053
vn -0.2584 0.6837 -0.6825
vn -0.2917 0.6901 -0.6623
vn -0.3800 0.6861 -0.6204
vn -0.4343 0.7259 -0.5334
vn -0.5113 0.7379 -0.4405
vn -0.3420 0.7812 -0.5222
vn -0.2949 0.8629 -0.4104
vn -0.3453 0.7783 -0.5244
vn -0.2391 0.9246 -0.2965
vn -0.2415 0.9161 -0.3201
vn -0.2916 0.8495 -0.4397
vn -0.1476 0.9869 -0.0658
vn -0.1127 0.9936 -0.0071
vn -0.1422 0.9869 -0.0757
vn -0.0747 0.9969 0.0245
vn -0.0530 0.9986 -0.0078
vn -0.0782 0.9956 -0.0508
vn -0.0422 0.9956 0.0842
vn -0.0195 0.9937 0.1105
vn -0.0319 0.9964 0.0787
vn 0.4432 0.4254 -0.7890
vn 0.3859 0.4814 -0.7870
vn 0.5851 0.7075 -0.3964
vn 0.4649 0.5895 -0.6606
vn 0.5203 0.5875 -0.6198
vn 0.4808 0.4835 -0.7315
vn 0.5598 0.5177 -0.6470
vn 0.5349 0.4806 -0.6949
vn 0.4839 0.4608 -0.7440
vn 0.5805 0.5629 -0.5884
vn 0.6203 0.5545 -0.5547
vn 0.6036 0.5224 -0.6023
vn 0.3052 0.6544 -0.6918
vn 0.0174 0.6915 -0.7221
vn 0.2505 0.6919 -0.6772
vn 0.1491 0.8388 -0.5236
vn 0.1347 0.8974 -0.4201
vn 0.0515 0.8268 -0.5602
vn -0.1977 0.8838 -0.4241
vn -0.2469 0.8176 -0.5202
vn -0.1115 0.8331 -0.5418
vn -0.3899 0.9019 -0.1859
vn -0.4476 0.8345 -0.3214
vn -0.4089 0.8685 -0.2802
vn -0.5266 0.7494 -0.4014
vn -0.4073 0.7589 -0.5082
vn -0.4077 0.7765 -0.4805
vn -0.5321 0.7940 -0.2942
vn -0.4537 0.8513 -0.2634
vn -0.4237 0.8077 -0.4100
vn -0.2571 0.9404 -0.2225
vn -0.2370 0.9412 -0.2407
vn -0.3076 0.8757 -0.3723
vn -0.1568 0.9861 -0.0544
vn -0.1228 0.9924 -0.0064
vn -0.1457 0.9875 -0.0605
vn -0.0940 0.9953 0.0237
vn -0.0901 0.9957 0.0215
vn -0.1143 0.9933 -0.0157
vn -0.0651 0.9926 0.1021
vn -0.0475 0.9901 0.1322
vn -0.0547 0.9948 0.0856
vn 0.3357 0.7681 -0.5453
vn 0.3979 0.7104 -0.5805
vn 0.3868 0.7320 -0.5609
vn 0.3580 0.8890 -0.2855
vn 0.3874 0.8845 -0.2601
vn 0.4508 0.7704 -0.4509
vn 0.5892 0.7242 -0.3583
vn 0.6657 0.6237 -0.4098
vn 0.5453 0.6335 -0.5489
vn 0.7275 0.6730 -0.1335
vn 0.7390 0.6633 -0.1181
vn 0.7429 0.6351 -0.2116
vn 0.4198 0.8764 -0.2360
vn 0.2900 0.9342 -0.2077
vn 0.3801 0.8702 -0.3135
vn 0.3425 0.9380 -0.0532
vn -0.1180 0.9746 -0.1905
vn 0.1841 0.9469 -0.2635
vn -0.4280 0.8472 -0.3149
vn -0.4160 0.8148 -0.4039
vn -0.3874 0.7882 -0.4781
vn -0.4064 0.9068 -0.1121
vn -0.3889 0.9203 -0.0436
vn -0.4080 0.9003 -0.1517
vn -0.5659 0.8236 -0.0375
vn -0.5663 0.8186 -0.0958
vn -0.5477 0.8237 -0.1465
vn -0.5673 0.8198 0.0782
vn -0.4245 0.8819 0.2051
vn -0.4472 0.8938 0.0329
vn -0.1886 0.9611 0.2017
vn -0.1339 0.9847 0.1115
vn -0.1822 0.9819 0.0523
vn -0.2024 0.8699 0.4497
vn -0.2089 0.8510 0.4819
vn -0.1500 0.9385 0.3109
vn 0.2822 0.9584 -0.0424
vn 0.3197 0.9420 -0.1024
vn 0.2970 0.9467 -0.1246
vn 0.3634 0.8915 0.2706
vn 0.4360 0.8127 0.3865
vn 0.4116 0.8863 0.2124
vn 0.5152 0.7921 0.3274
vn 0.5936 0.7619 0.2589
vn 0.5471 0.7907 0.2746
vn 0.5147 0.7594 0.3980
vn 0.4247 0.7969 0.4297
vn 0.5271 0.7887 0.3165
vn 0.2342 0.9405 0.2462
vn 0.0940 0.9874 0.1274
vn 0.3262 0.9343 0.1436
vn -0.0744 0.9152 0.3961
vn -0.5284 0.7967 0.2932
vn -0.4514 0.8762 0.1690
vn -0.4851 0.8339 0.2633
vn -0.3905 0.9005 0.1912
vn -0.5009 0.8608 0.0900
vn -0.4009 0.7785 0.4829
vn -0.3645 0.7615 0.5360
vn -0.4035 0.8351 0.3740
vn -0.4863 0.6819 0.5463
vn -0.4580 0.7428 0.4884
vn -0.5645 0.7504 0.3440
vn -0.4245 0.6906 0.5855
vn -0.4056 0.7295 0.5508
vn -0.3736 0.6696 0.6419
vn 0.2916 0.7767 0.5583
vn 0.3702 0.7815 0.5021
vn 0.2982 0.8259 0.4785
vn 0.2865 0.6627 0.6919
vn 0.2587 0.5956 0.7605
vn 0.3305 0.7102 0.6217
vn 0.3310 0.5581 0.7609
vn 0.3661 0.6483 0.6676
vn 0.3709 0.7056 0.6038
vn -0.1612 0.4876 0.8581
vn -0.3113 0.5135 0.7996
vn -0.1820 0.5965 0.7817
vn -0.1814 0.6536 0.7348
vn -0.3479 0.7444 0.5699
vn -0.0153 0.7615 0.6480
vn -0.5763 0.4245 0.6983
vn -0.4587 0.4707 0.7537
vn -0.5243 0.6004 0.6039
vn -0.3905 0.5759 0.7183
vn -0.3578 0.6877 0.6318
vn -0.3597 0.7273 0.5845
vn -0.6197 0.4737 0.6258
vn -0.5773 0.5052 0.6415
vn -0.5380 0.5851 0.6068
vn 0.2166 0.6086 0.7634
vn 0.2906 0.5319 0.7954
vn 0.2924 0.5146 0.8060
vn 0.2257 0.5592 0.7977
vn 0.1102 0.7111 0.6944
vn 0.2894 0.6718 0.6819
vn 0.2447 0.7341 0.6334
vn 0.2876 0.8045 0.5197
vn 0.3073 0.8404 0.4464
vn 0.2455 0.5841 0.7737
vn 0.3175 0.5345 0.7833
vn 0.3849 0.5833 0.7153
vn -0.1374 0.5895 0.7960
vn -0.3186 0.5540 0.7691
vn -0.1519 0.7206 0.6765
vn -0.2781 0.5354 0.7975
vn -0.3539 0.6375 0.6843
vn -0.2890 0.5578 0.7780
vn -0.1370 0.5485 0.8249
vn 0.0038 0.5839 0.8118
vn -0.0755 0.6242 0.7776
vn -0.0677 0.5538 0.8299
vn 0.0184 0.5123 0.8586
vn 0.0098 0.5566 0.8307
vn 0.3258 0.5161 0.7922
vn 0.2891 0.5661 0.7720
vn 0.2989 0.5096 0.8068
vn 0.1813 0.4925 0.8512
vn -0.1474 0.6144 0.7751
vn 0.1470 0.5119 0.8463
vn -0.1240 0.5153 0.8480
vn 0.0035 0.4950 0.8689
vn -0.1340 0.4867 0.8632
vn 0.1227 0.9916 -0.0415
vn 0.3092 0.7157 -0.6263
vn 0.2096 0.7996 0.5628
vn 0.2658 0.9550 -0.1318
vn 0.3202 0.9186 -0.2318
vn 0.3063 0.9167 -0.2565
vn 0.0280 0.9901 0.1378
vn 0.0600 0.9913 0.1168
vn 0.0222 0.9966 0.0798
vn -0.0153 0.9892 0.1455
vn -0.0076 0.9904 0.1379
vn -0.0291 0.9938 0.1075
vn -0.1470 0.9170 0.3709
vn -0.0888 0.9603 0.2645
vn -0.1010 0.9667 0.2353
vn -0.2597 0.7414 0.6187
vn -0.2582 0.7140 0.6508
vn -0.2504 0.7196 0.6477
vn -0.4860 0.6722 0.5586
vn -0.4606 0.7463 0.4806
vn -0.4512 0.7592 0.4691
vn -0.5526 0.4675 0.6899
vn -0.6847 0.3052 0.6619
vn -0.6185 0.3744 0.6908
vn -0.4157 0.7163 0.5605
vn -0.3926 0.6593 0.6412
vn -0.3815 0.6778 0.6286
vn 0.7372 0.6582 -0.1524
vn 0.0233 0.9041 0.4267
vn 0.3547 0.5549 0.7525
vn -0.1902 0.5977 -0.7788
vn 0.0945 0.6083 -0.7881
vn -0.1701 0.5835 -0.7941
vn -0.1039 0.9815 -0.1608
vn -0.0631 0.9925 -0.1051
vn -0.0630 0.9929 -0.1012
vn -0.1195 0.9719 -0.2027
vn -0.1143 0.9720 -0.2052
vn -0.0980 0.9805 -0.1704
vn -0.0996 0.9800 -0.1722
vn -0.0615 0.9925 -0.1055
vn -0.0597 0.9925 -0.1066
vn -0.1087 0.9711 -0.2124
vn -0.1082 0.9705 -0.2155
vn -0.0855 0.9819 -0.1688
vn -0.0903 0.9835 -0.1570
vn -0.0568 0.9935 -0.0990
vn -0.0561 0.9935 -0.0995
vn -0.1209 0.9697 -0.2124
vn -0.1011 0.9727 -0.2091
vn -0.0887 0.9835 -0.1577
vn -0.0833 0.9859 -0.1449
vn -0.0563 0.9941 -0.0928
vn -0.0527 0.9941 -0.0949
vn -0.1292 0.9738 -0.1874
vn -0.1306 0.9717 -0.1970
vn -0.0959 0.9838 -0.1511
vn -0.1037 0.9809 -0.1648
vn -0.0681 0.9918 -0.1082
vn -0.0633 0.9925 -0.1046
vn -0.1172 0.9726 -0.2010
vn -0.1169 0.9706 -0.2104
vn -0.0910 0.9811 -0.1709
vn -0.0951 0.9811 -0.1683
vn -0.0615 0.9927 -0.1035
vn -0.0590 0.9926 -0.1063
vn -0.1058 0.9738 -0.2012
vn -0.0995 0.9764 -0.1914
vn -0.0911 0.9837 -0.1553
vn -0.0762 0.9853 -0.1530
vn -0.0539 0.9936 -0.0995
vn -0.0553 0.9928 -0.1063
vn -0.0487 0.9854 -0.1630
vn -0.0051 0.9891 -0.1471
vn -0.0479 0.9900 -0.1326
vn -0.0025 0.9977 -0.0676
vn -0.0255 0.9979 -0.0599
vn -0.0332 0.9968 -0.0723
vn 0.1982 0.9765 0.0845
vn 0.3283 0.9107 0.2509
vn 0.0519 0.9984 0.0245
vn 0.1510 0.9773 0.1487
vn 0.0141 0.9999 -0.0034
vn -0.0021 0.9998 -0.0217
vn 0.5955 0.5670 0.5691
vn 0.6423 0.4015 0.6528
vn 0.3245 0.8840 0.3364
vn 0.3527 0.7494 0.5603
vn 0.0688 0.9891 0.1302
vn 0.0821 0.9907 0.1085
vn 0.2986 0.3365 0.8931
vn 0.2379 0.4795 0.8447
vn 0.1915 0.8416 0.5050
vn -0.0848 0.9855 -0.1471
vn -0.1076 0.9763 -0.1876
vn -0.1072 0.9765 -0.1872
vn -0.0562 0.9940 -0.0940
vn -0.0570 0.9938 -0.0953
vn -0.0864 0.9851 -0.1489
vn -0.0881 0.9845 -0.1518
vn -0.1092 0.9756 -0.1902
vn -0.1080 0.9759 -0.1897
vn -0.0621 0.9929 -0.1011
vn -0.0624 0.9928 -0.1026
vn -0.0911 0.9838 -0.1543
vn -0.0899 0.9833 -0.1585
vn -0.1077 0.9716 -0.2108
vn -0.1104 0.9748 -0.1939
vn -0.0672 0.9912 -0.1142
vn -0.0839 0.9890 -0.1218
vn -0.0911 0.9819 -0.1658
vn -0.1239 0.9776 -0.1703
vn -0.1289 0.9720 -0.1966
vn -0.1309 0.9713 -0.1987
vn -0.1766 0.9720 -0.1552
vn -0.2036 0.9631 -0.1759
vn -0.1770 0.9638 -0.1995
vn -0.2028 0.9440 -0.2604
vn -0.1753 0.9462 -0.2718
vn -0.1728 0.9528 -0.2498
vn -0.2014 0.9356 -0.2899
vn -0.1756 0.9309 -0.3203
vn -0.1826 0.9305 -0.3174
vn -0.1574 0.9305 -0.3307
vn -0.1491 0.9431 -0.2974
vn -0.1490 0.9405 -0.3053
vn -0.1752 0.9302 -0.3226
vn -0.1585 0.9264 -0.3415
vn -0.1657 0.9300 -0.3280
vn -0.0366 0.9246 -0.3791
vn -0.0182 0.9479 -0.3180
vn -0.0780 0.9403 -0.3313
vn 0.1146 0.9080 -0.4029
vn 0.2452 0.8964 -0.3693
vn 0.1356 0.9336 -0.3315
vn 0.3694 0.8820 -0.2926
vn 0.4052 0.8540 -0.3264
vn 0.2827 0.9181 -0.2778
vn 0.6011 0.7189 -0.3490
vn 0.6584 0.6457 -0.3868
vn 0.6354 0.6747 -0.3755
vn 0.5978 0.6904 -0.4073
vn 0.6905 0.6132 -0.3837
vn 0.6835 0.6668 -0.2969
vn 0.4834 0.5681 -0.6660
vn 0.4318 0.5396 -0.7228
vn 0.6769 0.6056 -0.4184
vn -0.0051 1.0000 0.0067
vn -0.0176 0.9997 -0.0169
vn -0.0155 0.9998 -0.0147
vn -0.0017 0.9999 0.0167
vn -0.0022 0.9999 0.0163
vn -0.0075 1.0000 0.0051
vn -0.0095 1.0000 0.0008
vn -0.0220 0.9994 -0.0256
vn -0.0208 0.9995 -0.0235
vn -0.0293 0.9995 0.0100
vn -0.0614 0.9981 0.0054
vn -0.0334 0.9994 -0.0063
vn -0.1011 0.9946 -0.0255
vn -0.1032 0.9929 -0.0596
vn -0.0682 0.9967 -0.0450
vn -0.1763 0.9839 -0.0280
vn -0.2068 0.9774 -0.0442
vn -0.1737 0.9831 -0.0571
vn -0.2309 0.9692 -0.0857
vn -0.2332 0.9653 -0.1179
vn -0.2065 0.9729 -0.1045
vn -0.2516 0.9643 -0.0829
vn -0.2381 0.9662 -0.0990
vn -0.2501 0.9613 -0.1152
vn -0.1933 0.9623 -0.1916
vn -0.1779 0.9468 -0.2681
vn -0.2160 0.9519 -0.2174
vn -0.1292 0.9703 -0.2045
vn -0.1119 0.9669 -0.2292
vn -0.1336 0.9530 -0.2720
vn -0.1462 0.9529 -0.2656
vn -0.1618 0.9397 -0.3013
vn -0.1648 0.9394 -0.3005
vn 0.0258 0.9717 -0.2349
vn 0.2275 0.9324 -0.2809
vn 0.0327 0.9434 -0.3301
vn 0.3764 0.8428 -0.3848
vn 0.3469 0.8286 -0.4394
vn 0.2112 0.8673 -0.4507
vn 0.4591 0.7985 -0.3895
vn 0.4293 0.7709 -0.4705
vn 0.4902 0.7727 -0.4032
vn 0.4413 0.7708 -0.4595
vn 0.4442 0.7474 -0.4941
vn 0.5595 0.7294 -0.3936
vn 0.4718 0.7840 -0.4034
vn 0.4979 0.7784 -0.3824
vn 0.4002 0.7846 -0.4735
vn 0.0094 0.9988 0.0486
vn 0.0031 0.9995 0.0314
vn 0.0044 0.9994 0.0346
vn 0.0023 0.9978 0.0662
vn -0.0257 0.9973 0.0681
vn -0.0105 0.9989 0.0454
vn -0.0834 0.9953 0.0495
vn -0.0943 0.9951 0.0305
vn -0.0526 0.9981 0.0311
vn -0.1575 0.9847 0.0743
vn -0.1948 0.9783 0.0707
vn -0.1701 0.9843 0.0464
vn -0.2297 0.9728 0.0292
vn -0.2334 0.9724 -0.0033
vn -0.2100 0.9777 0.0100
vn -0.2355 0.9711 0.0397
vn -0.2188 0.9754 0.0268
vn -0.2413 0.9704 0.0034
vn -0.1960 0.9805 -0.0169
vn -0.2045 0.9777 -0.0483
vn -0.2327 0.9717 -0.0396
vn -0.1003 0.9950 -0.0007
vn -0.0558 0.9984 -0.0080
vn -0.1098 0.9934 -0.0328
vn -0.0275 0.9981 -0.0544
vn -0.0443 0.9933 -0.1068
vn -0.0775 0.9927 -0.0920
vn 0.0449 0.9982 -0.0397
vn 0.0790 0.9947 -0.0655
vn 0.0444 0.9958 -0.0800
vn 0.1751 0.9649 -0.1958
vn 0.2673 0.9291 -0.2557
vn 0.1468 0.9755 -0.1639
vn 0.1385 0.9415 -0.3071
vn 0.1409 0.9034 -0.4050
vn 0.1841 0.8832 -0.4313
vn 0.1623 0.8186 -0.5509
vn 0.2015 0.7998 -0.5654
vn 0.2226 0.8234 -0.5220
vn 0.2222 0.7935 -0.5665
vn 0.2957 0.7440 -0.5992
vn 0.2456 0.7483 -0.6162
vn 0.0148 0.9832 0.1821
vn -0.0203 0.9908 0.1338
vn 0.0171 0.9914 0.1298
vn -0.0430 0.9652 0.2578
vn -0.0882 0.9634 0.2532
vn -0.0838 0.9784 0.1890
vn -0.1642 0.9680 0.1895
vn -0.1913 0.9714 0.1407
vn -0.1577 0.9771 0.1427
vn -0.1682 0.9548 0.2451
vn -0.1624 0.9586 0.2339
vn -0.1983 0.9640 0.1774
vn -0.1599 0.9758 0.1490
vn -0.1725 0.9804 0.0949
vn -0.2029 0.9730 0.1102
vn -0.0571 0.9817 0.1815
vn -0.0157 0.9871 0.1594
vn -0.0737 0.9908 0.1139
vn 0.0069 0.9966 0.0818
vn -0.0018 0.9990 0.0436
vn -0.0394 0.9978 0.0538
vn 0.0699 0.9921 0.1041
vn 0.0849 0.9922 0.0908
vn 0.0574 0.9967 0.0575
vn 0.0848 0.9959 0.0324
vn 0.0846 0.9964 -0.0071
vn 0.0687 0.9976 0.0120
vn 0.1019 0.9941 0.0361
vn 0.1142 0.9935 0.0035
vn 0.1065 0.9942 -0.0160
vn 0.1470 0.9851 -0.0896
vn 0.1526 0.9721 -0.1782
vn 0.1306 0.9839 -0.1218
vn 0.1980 0.9739 -0.1105
vn 0.2384 0.9583 -0.1579
vn 0.2090 0.9593 -0.1901
vn 0.0792 0.8615 0.5015
vn -0.0035 0.9066 0.4220
vn 0.0160 0.9114 0.4111
vn 0.1112 0.7859 0.6082
vn 0.0789 0.7769 0.6247
vn 0.0229 0.8459 0.5328
vn 0.0205 0.8515 0.5240
vn -0.0443 0.9084 0.4157
vn -0.0629 0.9024 0.4263
vn 0.1298 0.7923 0.5962
vn 0.1365 0.7975 0.5876
vn 0.0731 0.8614 0.5027
vn 0.1080 0.8841 0.4547
vn 0.0715 0.9412 0.3302
vn 0.0433 0.9314 0.3614
vn 0.1894 0.8402 0.5081
vn 0.2144 0.8538 0.4743
vn 0.1586 0.9079 0.3881
vn 0.2010 0.9175 0.3432
vn 0.1539 0.9592 0.2373
vn 0.1424 0.9573 0.2514
vn 0.2300 0.8682 0.4396
vn 0.1757 0.8801 0.4410
vn 0.1713 0.9275 0.3323
vn 0.1220 0.9600 0.2520
vn 0.1157 0.9870 0.1115
vn 0.1108 0.9799 0.1661
vn 0.1560 0.9487 0.2752
vn 0.1921 0.9631 0.1885
vn 0.1581 0.9818 0.1052
vn 0.2083 0.6410 0.7388
vn 0.2000 0.6558 0.7279
vn 0.2683 0.6630 0.6988
vn 0.1507 0.6012 0.7847
vn 0.1016 0.6051 0.7896
vn 0.0932 0.6297 0.7712
vn 0.1987 0.7091 0.6765
vn 0.2010 0.7291 0.6542
vn 0.1736 0.7270 0.6644
vn 0.2776 0.7026 0.6553
vn 0.3752 0.7055 0.6012
vn 0.2973 0.7118 0.6364
vn 0.2611 0.6290 0.7322
vn 0.2618 0.7148 0.6485
vn 0.2461 0.6889 0.6818
vn 0.3189 0.5964 0.7366
vn 0.3220 0.6204 0.7151
vn 0.3345 0.6731 0.6596
vn 0.2178 0.7193 0.6597
vn 0.1913 0.7723 0.6057
vn 0.2821 0.7553 0.5915
vn 0.1370 0.7170 0.6835
vn 0.1882 0.7364 0.6498
vn 0.1456 0.7730 0.6174
vn 0.2780 0.4992 0.8207
vn 0.2036 0.5137 0.8335
vn 0.1835 0.5457 0.8177
vn 0.3964 0.3642 0.8427
vn 0.3244 0.3218 0.8895
vn 0.2612 0.4279 0.8653
vn 0.2757 0.4789 0.8335
vn 0.3099 0.6194 0.7213
vn 0.2634 0.5668 0.7806
vn 0.3974 0.3881 0.8315
vn 0.4953 0.3748 0.7837
vn 0.4093 0.5556 0.7237
vn 0.3785 0.5452 0.7480
vn 0.2560 0.6188 0.7426
vn 0.3837 0.6481 0.6578
vn 0.3529 0.3631 0.8623
vn 0.2140 0.4753 0.8534
vn 0.3297 0.5049 0.7977
vn 0.1790 0.5167 0.8373
vn 0.2434 0.4593 0.8543
vn 0.2890 0.4158 0.8623
vn 0.3416 0.4921 0.8007
vn 0.4873 0.4522 0.7470
vn 0.3036 0.4893 0.8176
vn 0.5182 0.4375 0.7348
vn 0.5535 0.4078 0.7262
vn 0.4718 0.3841 0.7936
vn 0.1264 0.4838 0.8660
vn -0.3528 0.4568 0.8166
vn 0.1010 0.5190 0.8488
vn 0.7056 0.6553 -0.2696
vn 0.5556 0.5564 0.6179
vn 0.6056 0.7654 0.2179
vn -0.0014 0.8816 -0.4721
vn -0.6551 0.7542 -0.0446
vn 0.0619 0.8208 0.5679
vn -0.3048 0.6744 0.6725
vn -0.3069 0.4111 0.8584
vn 0.1113 0.7089 0.6964
vn 0.5096 0.6979 -0.5032
vn 0.4685 0.6173 -0.6320
vn 0.4344 0.6837 -0.5864
vn 0.4090 0.5431 -0.7334
vn 0.5942 0.5899 -0.5467
vn 0.3992 0.5999 -0.6934
vn 0.3654 0.8392 -0.4028
vn 0.4104 0.7600 -0.5039
vn 0.2762 0.8517 -0.4454
vn 0.2249 0.9742 -0.0201
vn 0.2394 0.9669 -0.0882
vn 0.2031 0.9781 -0.0449
vn 0.2480 0.8037 0.5409
vn 0.2472 0.8554 0.4551
vn 0.1986 0.8422 0.5012
vn 0.2740 0.4859 0.8300
vn 0.2865 0.5856 0.7583
vn 0.2027 0.5646 0.8001
vn -0.1624 0.5085 0.8456
vn 0.0250 0.4649 0.8850
vn -0.2321 0.4508 0.8619
vn -0.3066 0.4987 0.8107
vn -0.3252 0.5199 0.7899
vn -0.4430 0.4763 0.7595
vn -0.3200 0.6540 -0.6855
vn -0.2430 0.6001 -0.7621
vn -0.4680 0.5562 -0.6868
vn -0.3382 0.6417 -0.6883
vn -0.3406 0.6599 -0.6697
vn -0.3451 0.6457 -0.6812
vn 0.5553 0.6142 -0.5608
vn 0.4495 0.6725 -0.5880
vn 0.4402 0.6234 -0.6462
vn 0.2511 0.8617 -0.4410
vn -0.1056 0.8552 -0.5074
vn 0.1981 0.7463 -0.6355
vn 0.1363 0.9265 -0.3506
vn 0.1585 0.9463 -0.2817
vn 0.2108 0.9631 -0.1676
vn 0.0406 0.9962 -0.0776
vn -0.2283 0.7906 -0.5681
vn -0.0887 0.8928 -0.4416
vn -0.4161 0.9060 -0.0776
vn -0.3451 0.7248 -0.5963
vn -0.0258 0.7815 -0.6234
vn 0.1548 0.3576 -0.9210
vn 0.2092 0.5069 -0.8363
vn 0.1864 0.4455 -0.8757
vn 0.1584 0.3824 -0.9103
vn 0.0795 0.5152 -0.8534
vn 0.0650 0.5711 -0.8183
vn -0.0245 0.6044 -0.7963
vn 0.0207 0.6512 -0.7587
vn 0.0958 0.6366 -0.7652
vn -0.0586 0.5755 -0.8157
vn -0.1417 0.5835 -0.7997
vn -0.0484 0.6003 -0.7983
vn 0.0617 0.6371 -0.7683
vn 0.0670 0.6929 -0.7179
vn -0.0568 0.6903 -0.7213
vn 0.1287 0.6208 -0.7733
vn 0.1350 0.6593 -0.7397
vn 0.1589 0.6930 -0.7032
vn 0.1122 0.7973 -0.5930
vn 0.1096 0.8803 -0.4615
vn 0.1466 0.8310 -0.5366
vn -0.0135 0.8073 -0.5900
vn -0.0659 0.8422 -0.5351
vn -0.0056 0.8845 -0.4666
vn -0.1409 0.9327 -0.3319
vn -0.1538 0.9650 -0.2125
vn -0.0709 0.9584 -0.2765
vn -0.2539 0.9162 -0.3099
vn -0.2658 0.9291 -0.2573
vn -0.2614 0.9437 -0.2028
vn -0.2498 0.9607 -0.1214
vn -0.2566 0.9651 -0.0524
vn -0.2626 0.9612 -0.0844
vn -0.2223 0.9704 -0.0940
vn -0.2291 0.9712 -0.0657
vn -0.2305 0.9720 -0.0458
vn -0.2209 0.9751 -0.0214
vn -0.2174 0.9761 -0.0072
vn -0.2231 0.9748 -0.0094
vn -0.1840 0.9829 -0.0094
vn -0.1750 0.9846 -0.0021
vn -0.1921 0.9814 -0.0051
vn 0.2119 0.6412 -0.7375
vn 0.2945 0.7208 -0.6274
vn 0.4993 0.6214 -0.6038
vn -0.0465 0.6297 -0.7754
vn -0.1152 0.6282 -0.7695
vn 0.0015 0.6801 -0.7331
vn -0.1305 0.6958 -0.7063
vn -0.0681 0.7589 -0.6477
vn -0.0283 0.7593 -0.6502
vn -0.3168 0.6365 -0.7033
vn -0.4511 0.6117 -0.6499
vn -0.3247 0.6832 -0.6541
vn -0.6007 0.6680 -0.4392
vn -0.5766 0.7892 -0.2114
vn -0.5925 0.7548 -0.2813
vn -0.2927 0.5921 -0.7508
vn 0.4497 0.4567 -0.7676
vn 0.0844 0.6214 -0.7789
vn 0.2038 0.5754 -0.7920
vn -0.0483 0.3619 -0.9310
vn 0.2268 0.4288 -0.8745
vn 0.4715 0.6179 -0.6292
vn 0.2923 0.7391 -0.6068
vn 0.2528 0.5830 -0.7722
vn 0.0393 0.6331 -0.7730
vn -0.0733 0.4612 -0.8843
vn -0.0994 0.4839 -0.8695
vn 0.2520 0.7214 -0.6450
vn 0.0556 0.6153 -0.7864
vn 0.1605 0.5514 -0.8187
vn 0.0726 0.4800 -0.8743
vn 0.0984 0.5529 -0.8274
vn 0.1283 0.5339 -0.8358
vn 0.0547 0.4965 -0.8663
vn -0.0373 0.5293 -0.8476
vn 0.0322 0.5696 -0.8213
vn -0.0415 0.6732 -0.7383
vn -0.0784 0.7422 -0.6655
vn -0.0396 0.7015 -0.7116
vn -0.1355 0.6876 -0.7133
vn -0.1881 0.7108 -0.6778
vn -0.1540 0.7477 -0.6460
vn -0.2089 0.8217 -0.5302
vn -0.2292 0.8781 -0.4199
vn -0.2389 0.8458 -0.4771
vn 0.1175 0.8866 -0.4474
vn 0.0259 0.9531 -0.3015
vn -0.0058 0.9401 -0.3409
vn -0.1241 0.9841 -0.1269
vn -0.1862 0.9807 -0.0593
vn -0.1481 0.9776 -0.1496
vn -0.0997 0.9948 -0.0188
vn -0.1400 0.9901 -0.0043
vn -0.1230 0.9923 -0.0153
vn 0.2918 0.4481 0.8450
vn 0.0815 0.8335 0.5465
vn 0.2103 0.5864 0.7822
vn 0.5087 0.3044 0.8053
vn 0.4576 0.3319 0.8249
vn 0.4864 0.4264 0.7626
vn 0.4519 0.3549 0.8184
vn -0.1515 0.9657 0.2108
vn 0.0833 0.9939 0.0726
vn 0.3870 0.3651 0.8467
vn 0.4995 0.3302 0.8009
vn 0.3829 0.3830 0.8407
vn 0.7847 0.5482 0.2892
vn 0.7907 0.5403 -0.2880
vn 0.8148 0.5595 0.1517
vn 0.6609 0.4398 0.6082
vn 0.5842 0.5493 0.5975
vn 0.7810 0.6084 0.1410
vn 0.5022 0.8612 0.0791
vn 0.2384 0.7809 -0.5774
vn 0.5061 0.7745 -0.3796
vn 0.1479 0.7212 0.6768
vn 0.0502 0.8826 0.4674
vn -0.2053 0.9569 -0.2054
vn -0.2397 0.5888 -0.7719
vn -0.1642 0.5336 -0.8296
vn -0.1098 0.5507 -0.8274
vn 0.2384 0.8563 -0.4582
vn -0.0555 0.6544 -0.7541
vn -0.0563 0.4480 -0.8923
vn 0.0336 0.4509 -0.8919
vn 0.0398 0.4730 -0.8802
vn -0.0672 0.4677 -0.8813
vn 0.0174 0.4748 -0.8799
vn 0.1311 0.5186 -0.8449
vn 0.0018 0.4655 -0.8851
vn -0.1388 0.6168 -0.7748
vn -0.1738 0.5969 -0.7833
vn -0.2083 0.5967 -0.7749
vn 0.4065 0.6225 -0.6688
vn 0.3696 0.6321 -0.6811
vn 0.3492 0.6255 -0.6977
vn 0.2727 0.8131 -0.5143
vn 0.1648 0.9155 -0.3671
vn 0.2729 0.7969 -0.5390
vn 0.3292 0.9299 -0.1639
vn -0.0119 0.9992 -0.0375
vn 0.1547 0.9804 -0.1219
vn 0.2370 0.5448 0.8044
vn 0.2774 0.5344 0.7984
vn 0.3089 0.5193 0.7968
vn 0.3004 0.5410 0.7855
vn 0.3201 0.5310 0.7846
vn 0.3193 0.5340 0.7829
vn 0.5008 0.5015 0.7054
vn 0.5169 0.5051 0.6911
vn 0.3832 0.4970 0.7786
vn 0.5079 0.4994 0.7019
vn 0.5139 0.5566 0.6527
vn 0.6111 0.4804 0.6291
vn 0.4651 0.5460 0.6968
vn 0.5321 0.5189 0.6691
vn 0.5535 0.4841 0.6777
vn 0.2501 0.6782 0.6911
vn 0.1436 0.7219 0.6769
vn 0.3446 0.6336 0.6927
vn 0.0305 0.6171 0.7863
vn 0.1363 0.6457 0.7513
vn 0.1435 0.6100 0.7793
vn 0.2118 0.5961 0.7745
vn 0.4313 0.6591 0.6161
vn 0.3307 0.6610 0.6735
vn 0.2719 0.5358 0.7994
vn 0.4214 0.5791 0.6979
vn 0.3381 0.5562 0.7592
vn 0.5338 0.5533 0.6395
vn 0.4071 0.5617 0.7202
vn 0.4649 0.5295 0.7096
vn 0.3952 0.5850 0.7082
vn 0.4624 0.7713 -0.4373
vn 0.3220 0.9454 -0.0497
vn 0.3177 0.5659 0.7608
vn 0.4513 0.8841 0.1210
vn 0.4578 0.7769 -0.4322
vn 0.3585 0.6303 -0.6886
vn 0.3288 0.6252 -0.7078
vn 0.3828 0.6179 -0.6868
vn 0.8704 0.4279 -0.2436
vn 0.4601 0.8847 -0.0745
vn 0.8264 0.5299 -0.1906
vn 0.3847 0.6411 0.6640
vn 0.4047 0.5806 0.7065
vn 0.3541 0.6061 0.7122
vn 0.3267 0.7276 0.6032
vn 0.3282 0.7500 0.5742
vn 0.3981 0.6583 0.6389
vn 0.3275 0.7258 0.6049
vn 0.3328 0.6845 0.6486
vn 0.4353 0.6723 0.5987
vn 0.2040 0.7831 0.5875
vn 0.1909 0.7883 0.5849
vn 0.2406 0.7488 0.6176
vn 0.1606 0.7049 0.6909
vn 0.1882 0.7090 0.6797
vn 0.1967 0.7071 0.6792
vn 0.2750 0.6775 0.6822
vn 0.3120 0.6626 0.6809
vn 0.2610 0.7048 0.6596
vn 0.3051 0.5992 0.7402
vn 0.2873 0.6852 0.6693
vn 0.2094 0.6718 0.7105
vn 0.3511 0.6987 0.6234
vn 0.5633 0.6749 0.4767
vn 0.4928 0.7028 0.5130
vn 0.5832 0.6114 0.5348
vn 0.5688 0.5867 0.5765
vn 0.4931 0.6484 0.5801
vn 0.3491 0.7316 0.5856
vn 0.2832 0.7189 0.6347
vn 0.3281 0.6918 0.6432
vn 0.1956 0.6711 0.7151
vn 0.2495 0.6414 0.7255
vn 0.3090 0.6072 0.7320
vn 0.8364 0.5108 0.1987
vn 0.5280 0.8480 0.0461
vn 0.9099 0.4000 0.1097
vn 0.1446 0.8950 0.4220
vn 0.2038 0.8551 0.4767
vn 0.1896 0.8451 0.4998
vn 0.1249 0.9243 0.3607
vn 0.1360 0.9197 0.3684
vn 0.1546 0.8937 0.4213
vn 0.1405 0.8791 0.4555
vn 0.1730 0.8559 0.4874
vn 0.1651 0.8603 0.4823
vn 0.1940 0.9057 0.3769
vn 0.2137 0.9063 0.3647
vn 0.2308 0.8786 0.4181
vn 0.2368 0.8551 0.4612
vn 0.2551 0.8025 0.5394
vn 0.2886 0.8020 0.5230
vn 0.1056 0.8906 0.4423
vn -0.0025 0.8668 0.4986
vn 0.0778 0.8248 0.5600
vn 0.3995 0.8409 0.3651
vn 0.4838 0.7865 0.3840
vn 0.2701 0.8268 0.4933
vn 0.2917 0.9026 0.3167
vn 0.2058 0.9323 0.2975
vn 0.3127 0.8815 0.3539
vn 0.2402 0.9120 0.3326
vn 0.2882 0.8449 0.4508
vn 0.3116 0.8546 0.4153
vn 0.2856 0.9520 0.1101
vn 0.0839 0.9956 0.0428
vn 0.4199 0.8932 0.1608
vn 0.0637 0.9832 0.1712
vn 0.1029 0.9625 0.2508
vn 0.0938 0.9661 0.2404
vn 0.0526 0.9901 0.1302
vn 0.0568 0.9888 0.1379
vn 0.0713 0.9764 0.2037
vn 0.1125 0.9685 0.2220
vn 0.1604 0.9437 0.2895
vn 0.1469 0.9430 0.2987
vn 0.0439 0.9881 0.1474
vn 0.0109 0.9886 0.1504
vn 0.0833 0.9729 0.2158
vn 0.0551 0.9575 0.2830
vn 0.0770 0.9249 0.3722
vn 0.0198 0.9441 0.3290
vn 0.0548 0.9787 0.1979
vn -0.0225 0.9832 0.1812
vn 0.1408 0.9551 0.2606
vn -0.0449 0.9823 0.1818
vn 0.0228 0.9802 0.1967
vn 0.0778 0.9684 0.2371
vn -0.0449 0.9966 0.0684
vn -0.0773 0.9967 0.0249
vn 0.0176 0.9979 0.0630
vn 0.0160 0.9987 0.0481
vn 0.0269 0.9972 0.0701
vn 0.0238 0.9973 0.0688
vn 0.0119 0.9993 0.0355
vn -0.0000 0.9991 0.0431
vn 0.0155 0.9983 0.0561
vn -0.0135 0.9975 0.0693
vn 0.0048 0.9952 0.0977
vn 0.0045 0.9963 0.0860
vn -0.0638 0.9973 0.0355
vn -0.1298 0.9910 0.0324
vn -0.0520 0.9973 0.0512
vn -0.1686 0.9848 0.0423
vn -0.1498 0.9869 0.0597
vn -0.1006 0.9926 0.0677
vn -0.2107 0.9774 0.0175
vn -0.1831 0.9831 0.0049
vn -0.1932 0.9808 0.0265
vn -0.0261 0.9996 0.0112
vn -0.0257 0.9995 0.0192
vn -0.0041 0.9999 0.0157
vn -0.1032 0.9946 0.0098
vn -0.1636 0.9865 0.0099
vn -0.1005 0.9948 0.0166
vn -0.2041 0.9789 0.0085
vn -0.1982 0.9801 0.0090
vn -0.1503 0.9885 0.0151
vn -0.2386 0.9711 -0.0107
vn -0.1888 0.9820 -0.0090
vn -0.2336 0.9722 -0.0127
vn -0.2142 0.9768 0.0001
vn -0.2134 0.9770 0.0024
vn -0.1677 0.9858 0.0022
vn -0.2442 0.9696 -0.0132
vn -0.1917 0.9814 -0.0100
vn -0.2407 0.9705 -0.0107
vn -0.1226 0.9925 -0.0015
vn -0.1257 0.9921 -0.0010
vn -0.1607 0.9870 -0.0078
vn -0.1171 0.9931 -0.0072
vn -0.1225 0.9925 0.0027
vn -0.1200 0.9927 -0.0129
vn -0.0299 0.9994 -0.0181
vn -0.0650 0.9978 -0.0143
vn 0.1844 0.9788 -0.0894
vn 0.0946 0.9955 0.0087
vn 0.0919 0.9956 -0.0157
vn 0.6332 0.7737 0.0199
vn 0.0134 0.9998 0.0143
vn 0.0401 0.9992 0.0053
vn 0.3004 0.9508 0.0756
vn -0.0648 0.9979 0.0054
vn -0.0516 0.9986 0.0095
vn -0.0140 0.9995 0.0289
vn -0.1156 0.9933 0.0024
vn -0.1037 0.9946 0.0103
vn -0.1431 0.9894 0.0233
vn -0.1282 0.9917 -0.0037
vn -0.1273 0.9919 0.0045
vn -0.2003 0.9797 0.0021
vn -0.1229 0.9924 0.0007
vn -0.1191 0.9929 0.0028
vn -0.1909 0.9816 0.0105
vn -0.1157 0.9933 -0.0004
vn -0.1158 0.9933 -0.0011
vn -0.1845 0.9828 -0.0003
vn -0.1288 0.9917 -0.0001
vn -0.1288 0.9917 0.0001
vn -0.1783 0.9840 -0.0000
vn 0.1249 0.9481 0.2925
vn 0.0188 0.9992 0.0359
vn 0.0223 0.9986 0.0488
vn 0.1497 0.9715 -0.1836
vn 0.0827 0.9897 -0.1165
vn 0.0954 0.9864 -0.1337
vn -0.1884 0.9821 -0.0012
vn -0.0318 0.9995 -0.0005
vn -0.0333 0.9994 -0.0012
vn -0.2261 0.9467 -0.2292
vn -0.0313 0.9993 -0.0206
vn -0.0143 0.9998 0.0120
vn -0.0906 0.9838 0.1547
vn -0.0647 0.9917 0.1115
vn -0.0647 0.9916 0.1119
vt 1.000000 0.750000
vt 0.988636 0.755682
vt 0.988636 0.744318
vt 0.500000 1.000000
vt 0.488636 0.994318
vt 0.500000 0.988636
vt 0.000000 0.750000
vt 0.000000 0.738636
vt 0.011364 0.744318
vt 0.000189 0.250094
vt 0.011365 0.244319
vt 0.011365 0.255683
vt 0.500000 0.000000
vt 0.511364 0.005682
vt 0.500000 0.011364
vt 1.000000 0.738636
vt 1.000000 0.295455
vt 0.988636 0.289773
vt 1.000000 0.284091
vt 1.000000 0.340909
vt 0.988636 0.335227
vt 1.000000 0.329545
vt 1.000000 0.386364
vt 0.988636 0.380682
vt 1.000000 0.375000
vt 1.000000 0.431818
vt 0.988636 0.426136
vt 1.000000 0.420455
vt 1.000000 0.477273
vt 0.988636 0.471591
vt 1.000000 0.465909
vt 1.000000 0.522727
vt 0.988636 0.517045
vt 1.000000 0.511364
vt 1.000000 0.568182
vt 0.988636 0.562500
vt 1.000000 0.556818
vt 1.000000 0.613636
vt 0.988636 0.607955
vt 1.000000 0.602273
vt 1.000000 0.659091
vt 0.988636 0.653409
vt 1.000000 0.647727
vt 1.000000 0.704545
vt 0.988636 0.698864
vt 1.000000 0.693182
vt 0.988636 0.301136
vt 0.954546 0.318182
vt 0.943182 0.312500
vt 0.954546 0.306818
vt 0.988636 0.346591
vt 0.954546 0.363636
vt 0.943182 0.357955
vt 0.954546 0.352273
vt 0.943182 0.323864
vt 0.909091 0.340909
vt 0.897727 0.335227
vt 0.909091 0.329545
vt 0.988636 0.392045
vt 0.954546 0.409091
vt 0.943182 0.403409
vt 0.954546 0.397727
vt 0.943182 0.369318
vt 0.909091 0.386364
vt 0.897727 0.380682
vt 0.909091 0.375000
vt 0.897727 0.346591
vt 0.863636 0.363636
vt 0.852273 0.357955
vt 0.863636 0.352273
vt 0.988636 0.437500
vt 0.954546 0.454545
vt 0.943182 0.448864
vt 0.954546 0.443182
vt 0.943182 0.414773
vt 0.909091 0.431818
vt 0.897727 0.426136
vt 0.909091 0.420455
vt 0.897727 0.392045
vt 0.863636 0.409091
vt 0.852273 0.403409
vt 0.863636 0.397727
vt 0.852273 0.369318
vt 0.818182 0.386364
vt 0.806818 0.380682
vt 0.818182 0.375000
vt 0.988636 0.482955
vt 0.954546 0.500000
vt 0.943182 0.494318
vt 0.954546 0.488636
vt 0.943182 0.460227
vt 0.909091 0.477273
vt 0.897727 0.471591
vt 0.909091 0.465909
vt 0.897727 0.437500
vt 0.863636 0.454545
vt 0.852273 0.448864
vt 0.863636 0.443182
vt 0.852273 0.414773
vt 0.818182 0.431818
vt 0.806818 0.426136
vt 0.818182 0.420455
vt 0.806818 0.392045
vt 0.772727 0.409091
vt 0.761364 0.403409
vt 0.772727 0.397727
vt 0.988636 0.528409
vt 0.954546 0.545454
vt 0.943182 0.539773
vt 0.954546 0.534091
vt 0.943182 0.505682
vt 0.909091 0.522727
vt 0.897727 0.517045
vt 0.909091 0.511364
vt 0.897727 0.482955
vt 0.863636 0.500000
vt 0.852273 0.494318
vt 0.863636 0.488636
vt 0.852273 0.460227
vt 0.818182 0.477273
vt 0.806818 0.471591
vt 0.818182 0.465909
vt 0.806818 0.437500
vt 0.772727 0.454545
vt 0.761364 0.448864
vt 0.772727 0.443182
vt 0.761364 0.414773
vt 0.727273 0.431818
vt 0.715909 0.426136
vt 0.727273 0.420455
vt 0.988636 0.573864
vt 0.954546 0.590909
vt 0.943182 0.585227
vt 0.954546 0.579545
vt 0.943182 0.551136
vt 0.909091 0.568182
vt 0.897727 0.562500
vt 0.909091 0.556818
vt 0.897727 0.528409
vt 0.863636 0.545454
vt 0.852273 0.539773
vt 0.863636 0.534091
vt 0.852273 0.505682
vt 0.818182 0.522727
vt 0.806818 0.517045
vt 0.818182 0.511364
vt 0.806818 0.482955
vt 0.772727 0.500000
vt 0.761364 0.494318
vt 0.772727 0.488636
vt 0.761364 0.460227
vt 0.727273 0.477273
vt 0.715909 0.471591
vt 0.727273 0.465909
vt 0.715909 0.437500
vt 0.681818 0.454545
vt 0.670455 0.448864
vt 0.681818 0.443182
vt 0.988636 0.619318
vt 0.954546 0.636364
vt 0.943182 0.630682
vt 0.954546 0.625000
vt 0.943182 0.596591
vt 0.909091 0.613636
vt 0.897727 0.607955
vt 0.909091 0.602273
vt 0.897727 0.573864
vt 0.863636 0.590909
vt 0.852273 0.585227
vt 0.863636 0.579545
vt 0.852273 0.551136
vt 0.818182 0.568182
vt 0.806818 0.562500
vt 0.818182 0.556818
vt 0.806818 0.528409
vt 0.772727 0.545454
vt 0.761364 0.539773
vt 0.772727 0.534091
vt 0.761364 0.505682
vt 0.727273 0.522727
vt 0.715909 0.517045
vt 0.727273 0.511364
vt 0.715909 0.482955
vt 0.681818 0.500000
vt 0.670455 0.494318
vt 0.681818 0.488636
vt 0.670455 0.460227
vt 0.636364 0.477273
vt 0.625000 0.471591
vt 0.636364 0.465909
vt 0.988636 0.664773
vt 0.954546 0.681818
vt 0.943182 0.676136
vt 0.954546 0.670454
vt 0.943182 0.642045
vt 0.909091 0.659091
vt 0.897727 0.653409
vt 0.909091 0.647727
vt 0.897727 0.619318
vt 0.863636 0.636364
vt 0.852273 0.630682
vt 0.863636 0.625000
vt 0.852273 0.596591
vt 0.818182 0.613636
vt 0.806818 0.607955
vt 0.818182 0.602273
vt 0.806818 0.573864
vt 0.772727 0.590909
vt 0.761364 0.585227
vt 0.772727 0.579545
vt 0.761364 0.551136
vt 0.727273 0.568182
vt 0.715909 0.562500
vt 0.727273 0.556818
vt 0.715909 0.528409
vt 0.681818 0.545454
vt 0.670455 0.539773
vt 0.681818 0.534091
vt 0.670455 0.505682
vt 0.636364 0.522727
vt 0.625000 0.517045
vt 0.636364 0.511364
vt 0.625000 0.482955
vt 0.590909 0.500000
vt 0.579546 0.494318
vt 0.590909 0.488636
vt 0.988636 0.710227
vt 0.954546 0.727273
vt 0.943182 0.721591
vt 0.954546 0.715909
vt 0.943182 0.687500
vt 0.909091 0.704545
vt 0.897727 0.698864
vt 0.909091 0.693182
vt 0.897727 0.664773
vt 0.863636 0.681818
vt 0.852273 0.676136
vt 0.863636 0.670454
vt 0.852273 0.642045
vt 0.818182 0.659091
vt 0.806818 0.653409
vt 0.818182 0.647727
vt 0.806818 0.619318
vt 0.772727 0.636364
vt 0.761364 0.630682
vt 0.772727 0.625000
vt 0.761364 0.596591
vt 0.727273 0.613636
vt 0.715909 0.607955
vt 0.727273 0.602273
vt 0.715909 0.573864
vt 0.681818 0.590909
vt 0.670455 0.585227
vt 0.681818 0.579545
vt 0.670455 0.551136
vt 0.636364 0.568182
vt 0.625000 0.562500
vt 0.636364 0.556818
vt 0.625000 0.528409
vt 0.590909 0.545454
vt 0.579546 0.539773
vt 0.590909 0.534091
vt 0.579546 0.505682
vt 0.545455 0.522727
vt 0.534091 0.517045
vt 0.545455 0.511364
vt 0.500000 0.454545
vt 0.511364 0.460227
vt 0.500000 0.465909
vt 0.500000 0.409091
vt 0.511364 0.414773
vt 0.500000 0.420455
vt 0.500000 0.363636
vt 0.511364 0.369318
vt 0.500000 0.375000
vt 0.500000 0.318182
vt 0.511364 0.323864
vt 0.500000 0.329545
vt 0.500000 0.272727
vt 0.511364 0.278409
vt 0.500000 0.284091
vt 0.500000 0.227273
vt 0.511364 0.232955
vt 0.500000 0.238636
vt 0.500000 0.181818
vt 0.511364 0.187500
vt 0.500000 0.193182
vt 0.500000 0.136364
vt 0.511364 0.142045
vt 0.500000 0.147727
vt 0.500000 0.090909
vt 0.511364 0.096591
vt 0.500000 0.102273
vt 0.500000 0.045455
vt 0.511364 0.051136
vt 0.500000 0.056818
vt 0.511364 0.448864
vt 0.545455 0.431818
vt 0.556818 0.437500
vt 0.545455 0.443182
vt 0.511364 0.403409
vt 0.545455 0.386364
vt 0.556818 0.392045
vt 0.545455 0.397727
vt 0.556818 0.426136
vt 0.590909 0.409091
vt 0.602273 0.414773
vt 0.590909 0.420455
vt 0.511364 0.357955
vt 0.545455 0.340909
vt 0.556818 0.346591
vt 0.545455 0.352273
vt 0.556818 0.380682
vt 0.590909 0.363636
vt 0.602273 0.369318
vt 0.590909 0.375000
vt 0.602273 0.403409
vt 0.636364 0.386364
vt 0.647727 0.392045
vt 0.636364 0.397727
vt 0.511364 0.312500
vt 0.545455 0.295455
vt 0.556818 0.301136
vt 0.545455 0.306818
vt 0.556818 0.335227
vt 0.590909 0.318182
vt 0.602273 0.323864
vt 0.590909 0.329545
vt 0.602273 0.357955
vt 0.636364 0.340909
vt 0.647727 0.346591
vt 0.636364 0.352273
vt 0.647727 0.380682
vt 0.681818 0.363636
vt 0.693182 0.369318
vt 0.681818 0.375000
vt 0.511364 0.267045
vt 0.545455 0.250000
vt 0.556818 0.255682
vt 0.545455 0.261364
vt 0.556818 0.289773
vt 0.590909 0.272727
vt 0.602273 0.278409
vt 0.590909 0.284091
vt 0.602273 0.312500
vt 0.636364 0.295455
vt 0.647727 0.301136
vt 0.636364 0.306818
vt 0.647727 0.335227
vt 0.681818 0.318182
vt 0.693182 0.323864
vt 0.681818 0.329545
vt 0.693182 0.357955
vt 0.727273 0.340909
vt 0.738636 0.346591
vt 0.727273 0.352273
vt 0.511364 0.221591
vt 0.545455 0.204545
vt 0.556818 0.210227
vt 0.545455 0.215909
vt 0.556818 0.244318
vt 0.590909 0.227273
vt 0.602273 0.232955
vt 0.590909 0.238636
vt 0.602273 0.267045
vt 0.636364 0.250000
vt 0.647727 0.255682
vt 0.636364 0.261364
vt 0.647727 0.289773
vt 0.681818 0.272727
vt 0.693182 0.278409
vt 0.681818 0.284091
vt 0.693182 0.312500
vt 0.727273 0.295455
vt 0.738636 0.301136
vt 0.727273 0.306818
vt 0.738636 0.335227
vt 0.772727 0.318182
vt 0.784091 0.323864
vt 0.772727 0.329545
vt 0.511364 0.176136
vt 0.545455 0.159091
vt 0.556818 0.164773
vt 0.545455 0.170454
vt 0.556818 0.198864
vt 0.590909 0.181818
vt 0.602273 0.187500
vt 0.590909 0.193182
vt 0.602273 0.221591
vt 0.636364 0.204545
vt 0.647727 0.210227
vt 0.636364 0.215909
vt 0.647727 0.244318
vt 0.681818 0.227273
vt 0.693182 0.232955
vt 0.681818 0.238636
vt 0.693182 0.267045
vt 0.727273 0.250000
vt 0.738636 0.255682
vt 0.727273 0.261364
vt 0.738636 0.289773
vt 0.772727 0.272727
vt 0.784091 0.278409
vt 0.772727 0.284091
vt 0.784091 0.312500
vt 0.818182 0.295455
vt 0.829545 0.301136
vt 0.818182 0.306818
vt 0.511364 0.130682
vt 0.545455 0.113636
vt 0.556818 0.119318
vt 0.545455 0.125000
vt 0.556818 0.153409
vt 0.590909 0.136364
vt 0.602273 0.142045
vt 0.590909 0.147727
vt 0.602273 0.176136
vt 0.636364 0.159091
vt 0.647727 0.164773
vt 0.636364 0.170454
vt 0.647727 0.198864
vt 0.681818 0.181818
vt 0.693182 0.187500
vt 0.681818 0.193182
vt 0.693182 0.221591
vt 0.727273 0.204546
vt 0.738636 0.210227
vt 0.727273 0.215909
vt 0.738636 0.244318
vt 0.772727 0.227273
vt 0.784091 0.232955
vt 0.772727 0.238636
vt 0.784091 0.267045
vt 0.818182 0.250000
vt 0.829545 0.255682
vt 0.818182 0.261364
vt 0.829545 0.289773
vt 0.863636 0.272727
vt 0.875000 0.278409
vt 0.863636 0.284091
vt 0.511364 0.085227
vt 0.545455 0.068182
vt 0.556818 0.073864
vt 0.545455 0.079545
vt 0.556818 0.107955
vt 0.590909 0.090909
vt 0.602273 0.096591
vt 0.590909 0.102273
vt 0.602273 0.130682
vt 0.636364 0.113636
vt 0.647727 0.119318
vt 0.636364 0.125000
vt 0.647727 0.153409
vt 0.681818 0.136364
vt 0.693182 0.142045
vt 0.681818 0.147727
vt 0.693182 0.176136
vt 0.727273 0.159091
vt 0.738636 0.164773
vt 0.727273 0.170454
vt 0.738636 0.198864
vt 0.772727 0.181818
vt 0.784091 0.187500
vt 0.772727 0.193182
vt 0.784091 0.221591
vt 0.818182 0.204546
vt 0.829545 0.210227
vt 0.818182 0.215909
vt 0.829545 0.244318
vt 0.863636 0.227273
vt 0.875000 0.232955
vt 0.863636 0.238636
vt 0.875000 0.267045
vt 0.909091 0.250000
vt 0.920455 0.255682
vt 0.909091 0.261364
vt 0.511364 0.039773
vt 0.545455 0.022727
vt 0.556818 0.028409
vt 0.545455 0.034091
vt 0.556818 0.062500
vt 0.590909 0.045455
vt 0.602273 0.051136
vt 0.590909 0.056818
vt 0.602273 0.085227
vt 0.636364 0.068182
vt 0.647727 0.073864
vt 0.636364 0.079545
vt 0.647727 0.107955
vt 0.681818 0.090909
vt 0.693182 0.096591
vt 0.681818 0.102273
vt 0.693182 0.130682
vt 0.727273 0.113636
vt 0.738636 0.119318
vt 0.727273 0.125000
vt 0.738636 0.153409
vt 0.772727 0.136364
vt 0.784091 0.142045
vt 0.772727 0.147727
vt 0.784091 0.176136
vt 0.818182 0.159091
vt 0.829545 0.164773
vt 0.818182 0.170454
vt 0.829545 0.198864
vt 0.863636 0.181818
vt 0.875000 0.187500
vt 0.863636 0.193182
vt 0.875000 0.221591
vt 0.909091 0.204545
vt 0.920455 0.210227
vt 0.909091 0.215909
vt 0.920455 0.244318
vt 0.954546 0.227273
vt 0.965909 0.232955
vt 0.954546 0.238636
vt 0.454545 0.477273
vt 0.465909 0.471591
vt 0.465909 0.482955
vt 0.409091 0.454545
vt 0.420455 0.448864
vt 0.420455 0.460227
vt 0.363636 0.431818
vt 0.375000 0.426136
vt 0.375000 0.437500
vt 0.318182 0.409091
vt 0.329545 0.403409
vt 0.329545 0.414773
vt 0.272727 0.386364
vt 0.284091 0.380682
vt 0.284091 0.392045
vt 0.227273 0.363636
vt 0.238636 0.357955
vt 0.238636 0.369318
vt 0.181818 0.340909
vt 0.193182 0.335227
vt 0.193182 0.346591
vt 0.136364 0.318182
vt 0.147727 0.312500
vt 0.147727 0.323864
vt 0.090909 0.295455
vt 0.102273 0.289773
vt 0.102273 0.301136
vt 0.045455 0.272727
vt 0.056818 0.267045
vt 0.056818 0.278409
vt 0.454545 0.465909
vt 0.454545 0.431818
vt 0.465909 0.426136
vt 0.465909 0.437500
vt 0.409091 0.443182
vt 0.409091 0.409091
vt 0.420455 0.403409
vt 0.420455 0.414773
vt 0.454545 0.420455
vt 0.454545 0.386364
vt 0.465909 0.380682
vt 0.465909 0.392045
vt 0.363636 0.420455
vt 0.363636 0.386364
vt 0.375000 0.380682
vt 0.375000 0.392045
vt 0.409091 0.397727
vt 0.409091 0.363636
vt 0.420455 0.357955
vt 0.420455 0.369318
vt 0.454545 0.375000
vt 0.454545 0.340909
vt 0.465909 0.335227
vt 0.465909 0.346591
vt 0.318182 0.397727
vt 0.318182 0.363636
vt 0.329545 0.357955
vt 0.329545 0.369318
vt 0.363636 0.375000
vt 0.363636 0.340909
vt 0.375000 0.335227
vt 0.375000 0.346591
vt 0.409091 0.352273
vt 0.409091 0.318182
vt 0.420455 0.312500
vt 0.420455 0.323864
vt 0.454545 0.329545
vt 0.454545 0.295455
vt 0.465909 0.289773
vt 0.465909 0.301136
vt 0.272727 0.375000
vt 0.272727 0.340909
vt 0.284091 0.335227
vt 0.284091 0.346591
vt 0.318182 0.352273
vt 0.318182 0.318182
vt 0.329545 0.312500
vt 0.329545 0.323864
vt 0.363636 0.329545
vt 0.363636 0.295455
vt 0.375000 0.289773
vt 0.375000 0.301136
vt 0.409091 0.306818
vt 0.409091 0.272727
vt 0.420455 0.267045
vt 0.420455 0.278409
vt 0.454545 0.284091
vt 0.454545 0.250000
vt 0.465909 0.244318
vt 0.465909 0.255682
vt 0.227273 0.352273
vt 0.227273 0.318182
vt 0.238636 0.312500
vt 0.238636 0.323864
vt 0.272727 0.329545
vt 0.272727 0.295455
vt 0.284091 0.289773
vt 0.284091 0.301136
vt 0.318182 0.306818
vt 0.318182 0.272727
vt 0.329545 0.267045
vt 0.329545 0.278409
vt 0.363636 0.284091
vt 0.363636 0.250000
vt 0.375000 0.244318
vt 0.375000 0.255682
vt 0.409091 0.261364
vt 0.409091 0.227273
vt 0.420455 0.221591
vt 0.420455 0.232955
vt 0.454545 0.238636
vt 0.454545 0.204545
vt 0.465909 0.198864
vt 0.465909 0.210227
vt 0.181818 0.329545
vt 0.181818 0.295455
vt 0.193182 0.289773
vt 0.193182 0.301136
vt 0.227273 0.306818
vt 0.227273 0.272727
vt 0.238636 0.267045
vt 0.238636 0.278409
vt 0.272727 0.284091
vt 0.272727 0.250000
vt 0.284091 0.244318
vt 0.284091 0.255682
vt 0.318182 0.261364
vt 0.318182 0.227273
vt 0.329545 0.221591
vt 0.329545 0.232954
vt 0.363636 0.238636
vt 0.363636 0.204545
vt 0.375000 0.198864
vt 0.375000 0.210227
vt 0.409091 0.215909
vt 0.409091 0.181818
vt 0.420455 0.176136
vt 0.420455 0.187500
vt 0.454545 0.193182
vt 0.454545 0.159091
vt 0.465909 0.153409
vt 0.465909 0.164773
vt 0.136364 0.306818
vt 0.136364 0.272727
vt 0.147727 0.267045
vt 0.147727 0.278409
vt 0.181818 0.284091
vt 0.181818 0.250000
vt 0.193182 0.244318
vt 0.193182 0.255682
vt 0.227273 0.261364
vt 0.227273 0.227273
vt 0.238636 0.221591
vt 0.238636 0.232955
vt 0.272727 0.238636
vt 0.272727 0.204545
vt 0.284091 0.198864
vt 0.284091 0.210227
vt 0.318182 0.215909
vt 0.318182 0.181818
vt 0.329545 0.176136
vt 0.329545 0.187500
vt 0.363636 0.193182
vt 0.363636 0.159091
vt 0.375000 0.153409
vt 0.375000 0.164773
vt 0.409091 0.170454
vt 0.409091 0.136364
vt 0.420455 0.130682
vt 0.420455 0.142045
vt 0.454545 0.147727
vt 0.454545 0.113636
vt 0.465909 0.107955
vt 0.465909 0.119318
vt 0.090909 0.284091
vt 0.090909 0.250000
vt 0.102273 0.244318
vt 0.102273 0.255682
vt 0.136364 0.261364
vt 0.136364 0.227273
vt 0.147727 0.221591
vt 0.147727 0.232955
vt 0.181818 0.238636
vt 0.181818 0.204545
vt 0.193182 0.198864
vt 0.193182 0.210227
vt 0.227273 0.215909
vt 0.227273 0.181818
vt 0.238636 0.176136
vt 0.238636 0.187500
vt 0.272727 0.193182
vt 0.272727 0.159091
vt 0.284091 0.153409
vt 0.284091 0.164773
vt 0.318182 0.170454
vt 0.318182 0.136364
vt 0.329545 0.130682
vt 0.329545 0.142045
vt 0.363636 0.147727
vt 0.363636 0.113636
vt 0.375000 0.107955
vt 0.375000 0.119318
vt 0.409091 0.125000
vt 0.409091 0.090909
vt 0.420455 0.085227
vt 0.420455 0.096591
vt 0.454545 0.102273
vt 0.454545 0.068182
vt 0.465909 0.062500
vt 0.465909 0.073864
vt 0.045455 0.261364
vt 0.045455 0.227273
vt 0.056818 0.221591
vt 0.056818 0.232955
vt 0.090909 0.238636
vt 0.090909 0.204545
vt 0.102273 0.198864
vt 0.102273 0.210227
vt 0.136364 0.215909
vt 0.136364 0.181818
vt 0.147727 0.176136
vt 0.147727 0.187500
vt 0.181818 0.193182
vt 0.181818 0.159091
vt 0.193182 0.153409
vt 0.193182 0.164773
vt 0.227273 0.170454
vt 0.227273 0.136364
vt 0.238636 0.130682
vt 0.238636 0.142045
vt 0.272727 0.147727
vt 0.272727 0.113636
vt 0.284091 0.107955
vt 0.284091 0.119318
vt 0.318182 0.125000
vt 0.318182 0.090909
vt 0.329545 0.085227
vt 0.329545 0.096591
vt 0.363636 0.102273
vt 0.363636 0.068182
vt 0.375000 0.062500
vt 0.375000 0.073864
vt 0.409091 0.079545
vt 0.409091 0.045455
vt 0.420455 0.039773
vt 0.420455 0.051136
vt 0.454545 0.056818
vt 0.454545 0.022727
vt 0.465909 0.017045
vt 0.465909 0.028409
vt 0.454545 0.522727
vt 0.454545 0.511364
vt 0.465909 0.517045
vt 0.409091 0.545454
vt 0.409091 0.534091
vt 0.420455 0.539773
vt 0.363636 0.568182
vt 0.363636 0.556818
vt 0.375000 0.562500
vt 0.318182 0.590909
vt 0.318182 0.579545
vt 0.329545 0.585227
vt 0.272727 0.613636
vt 0.272727 0.602273
vt 0.284091 0.607955
vt 0.227273 0.636364
vt 0.227273 0.625000
vt 0.238636 0.630682
vt 0.181818 0.659091
vt 0.181818 0.647727
vt 0.193182 0.653409
vt 0.136364 0.681818
vt 0.136364 0.670454
vt 0.147727 0.676136
vt 0.090909 0.704545
vt 0.090909 0.693182
vt 0.102273 0.698864
vt 0.045455 0.727273
vt 0.045455 0.715909
vt 0.056818 0.721591
vt 0.443182 0.517045
vt 0.409091 0.500000
vt 0.409091 0.488636
vt 0.420455 0.494318
vt 0.397727 0.539773
vt 0.363636 0.522727
vt 0.363636 0.511364
vt 0.375000 0.517045
vt 0.397727 0.494318
vt 0.363636 0.477273
vt 0.363636 0.465909
vt 0.375000 0.471591
vt 0.352273 0.562500
vt 0.318182 0.545454
vt 0.318182 0.534091
vt 0.329545 0.539773
vt 0.352273 0.517045
vt 0.318182 0.500000
vt 0.318182 0.488636
vt 0.329545 0.494318
vt 0.352273 0.471591
vt 0.318182 0.454545
vt 0.318182 0.443182
vt 0.329545 0.448864
vt 0.306818 0.585227
vt 0.272727 0.568182
vt 0.272727 0.556818
vt 0.284091 0.562500
vt 0.306818 0.539773
vt 0.272727 0.522727
vt 0.272727 0.511364
vt 0.284091 0.517045
vt 0.306818 0.494318
vt 0.272727 0.477273
vt 0.272727 0.465909
vt 0.284091 0.471591
vt 0.306818 0.448864
vt 0.272727 0.431818
vt 0.272727 0.420455
vt 0.284091 0.426136
vt 0.261364 0.607955
vt 0.227273 0.590909
vt 0.227273 0.579545
vt 0.238636 0.585227
vt 0.261364 0.562500
vt 0.227273 0.545454
vt 0.227273 0.534091
vt 0.238636 0.539773
vt 0.261364 0.517045
vt 0.227273 0.500000
vt 0.227273 0.488636
vt 0.238636 0.494318
vt 0.261364 0.471591
vt 0.227273 0.454545
vt 0.227273 0.443182
vt 0.238636 0.448864
vt 0.261364 0.426136
vt 0.227273 0.409091
vt 0.227273 0.397727
vt 0.238636 0.403409
vt 0.215909 0.630682
vt 0.181818 0.613636
vt 0.181818 0.602273
vt 0.193182 0.607955
vt 0.215909 0.585227
vt 0.181818 0.568182
vt 0.181818 0.556818
vt 0.193182 0.562500
vt 0.215909 0.539773
vt 0.181818 0.522727
vt 0.181818 0.511364
vt 0.193182 0.517045
vt 0.215909 0.494318
vt 0.181818 0.477273
vt 0.181818 0.465909
vt 0.193182 0.471591
vt 0.215909 0.448864
vt 0.181818 0.431818
vt 0.181818 0.420455
vt 0.193182 0.426136
vt 0.215909 0.403409
vt 0.181818 0.386364
vt 0.181818 0.375000
vt 0.193182 0.380682
vt 0.170455 0.653409
vt 0.136364 0.636364
vt 0.136364 0.625000
vt 0.147727 0.630682
vt 0.170455 0.607955
vt 0.136364 0.590909
vt 0.136364 0.579545
vt 0.147727 0.585227
vt 0.170455 0.562500
vt 0.136364 0.545454
vt 0.136364 0.534091
vt 0.147727 0.539773
vt 0.170455 0.517045
vt 0.136364 0.500000
vt 0.136364 0.488636
vt 0.147727 0.494318
vt 0.170455 0.471591
vt 0.136364 0.454545
vt 0.136364 0.443182
vt 0.147727 0.448864
vt 0.170455 0.426136
vt 0.136364 0.409091
vt 0.136364 0.397727
vt 0.147727 0.403409
vt 0.170455 0.380682
vt 0.136364 0.363636
vt 0.136364 0.352273
vt 0.147727 0.357955
vt 0.125000 0.676136
vt 0.090909 0.659091
vt 0.090909 0.647727
vt 0.102273 0.653409
vt 0.125000 0.630682
vt 0.090909 0.613636
vt 0.090909 0.602273
vt 0.102273 0.607955
vt 0.125000 0.585227
vt 0.090909 0.568182
vt 0.090909 0.556818
vt 0.102273 0.562500
vt 0.125000 0.539773
vt 0.090909 0.522727
vt 0.090909 0.511364
vt 0.102273 0.517045
vt 0.125000 0.494318
vt 0.090909 0.477273
vt 0.090909 0.465909
vt 0.102273 0.471591
vt 0.125000 0.448864
vt 0.090909 0.431818
vt 0.090909 0.420455
vt 0.102273 0.426136
vt 0.125000 0.403409
vt 0.090909 0.386364
vt 0.090909 0.375000
vt 0.102273 0.380682
vt 0.125000 0.357955
vt 0.090909 0.340909
vt 0.090909 0.329545
vt 0.102273 0.335227
vt 0.079546 0.698864
vt 0.045455 0.681818
vt 0.045455 0.670454
vt 0.056818 0.676136
vt 0.079546 0.653409
vt 0.045455 0.636364
vt 0.045455 0.625000
vt 0.056818 0.630682
vt 0.079546 0.607955
vt 0.045455 0.590909
vt 0.045455 0.579545
vt 0.056818 0.585227
vt 0.079546 0.562500
vt 0.045455 0.545454
vt 0.045455 0.534091
vt 0.056818 0.539773
vt 0.079546 0.517045
vt 0.045455 0.500000
vt 0.045455 0.488636
vt 0.056818 0.494318
vt 0.079546 0.471591
vt 0.045455 0.454545
vt 0.045455 0.443182
vt 0.056818 0.448864
vt 0.079546 0.426136
vt 0.045455 0.409091
vt 0.045455 0.397727
vt 0.056818 0.403409
vt 0.079546 0.380682
vt 0.045455 0.363636
vt 0.045455 0.352273
vt 0.056818 0.357955
vt 0.079546 0.335227
vt 0.045455 0.318182
vt 0.045455 0.306818
vt 0.056818 0.312500
vt 0.034091 0.721591
vt 0.000000 0.704545
vt 0.000000 0.693182
vt 0.011364 0.698864
vt 0.034091 0.676136
vt 0.000000 0.659091
vt 0.000000 0.647727
vt 0.011364 0.653409
vt 0.034091 0.630682
vt 0.000000 0.613636
vt 0.000000 0.602273
vt 0.011364 0.607955
vt 0.034091 0.585227
vt 0.000000 0.568182
vt 0.000000 0.556818
vt 0.011364 0.562500
vt 0.034091 0.539773
vt 0.000000 0.522727
vt 0.000000 0.511364
vt 0.011364 0.517045
vt 0.034091 0.494318
vt 0.000000 0.477273
vt 0.000000 0.465909
vt 0.011364 0.471591
vt 0.034091 0.448864
vt 0.000000 0.431818
vt 0.000000 0.420455
vt 0.011364 0.426136
vt 0.034091 0.403409
vt 0.000000 0.386364
vt 0.000000 0.375000
vt 0.011364 0.380682
vt 0.034091 0.357955
vt 0.000000 0.340909
vt 0.000000 0.329545
vt 0.011364 0.335227
vt 0.034091 0.312500
vt 0.000000 0.295455
vt 0.000000 0.284091
vt 0.011364 0.289773
vt 0.500000 0.545454
vt 0.488636 0.539773
vt 0.500000 0.534091
vt 0.500000 0.590909
vt 0.488636 0.585227
vt 0.500000 0.579545
vt 0.500000 0.636364
vt 0.488636 0.630682
vt 0.500000 0.625000
vt 0.500000 0.681818
vt 0.488636 0.676136
vt 0.500000 0.670454
vt 0.500000 0.727273
vt 0.488636 0.721591
vt 0.500000 0.715909
vt 0.500000 0.772727
vt 0.488636 0.767045
vt 0.500000 0.761363
vt 0.500000 0.818182
vt 0.488636 0.812500
vt 0.500000 0.806818
vt 0.500000 0.863636
vt 0.488636 0.857954
vt 0.500000 0.852273
vt 0.500000 0.909091
vt 0.488636 0.903409
vt 0.500000 0.897727
vt 0.500000 0.954545
vt 0.488636 0.948864
vt 0.500000 0.943182
vt 0.488636 0.551136
vt 0.454545 0.568182
vt 0.443182 0.562500
vt 0.454545 0.556818
vt 0.488636 0.596591
vt 0.454545 0.613636
vt 0.443182 0.607955
vt 0.454545 0.602273
vt 0.443182 0.573864
vt 0.409091 0.590909
vt 0.397727 0.585227
vt 0.409091 0.579545
vt 0.488636 0.642045
vt 0.454545 0.659091
vt 0.443182 0.653409
vt 0.454545 0.647727
vt 0.443182 0.619318
vt 0.409091 0.636364
vt 0.397727 0.630682
vt 0.409091 0.625000
vt 0.397727 0.596591
vt 0.363636 0.613636
vt 0.352273 0.607955
vt 0.363636 0.602273
vt 0.488636 0.687500
vt 0.454545 0.704545
vt 0.443182 0.698864
vt 0.454545 0.693182
vt 0.443182 0.664773
vt 0.409091 0.681818
vt 0.397727 0.676136
vt 0.409091 0.670454
vt 0.397727 0.642045
vt 0.363636 0.659091
vt 0.352273 0.653409
vt 0.363636 0.647727
vt 0.352273 0.619318
vt 0.318182 0.636364
vt 0.306818 0.630682
vt 0.318182 0.625000
vt 0.488636 0.732954
vt 0.454545 0.750000
vt 0.443182 0.744318
vt 0.454545 0.738636
vt 0.443182 0.710227
vt 0.409091 0.727273
vt 0.397727 0.721591
vt 0.409091 0.715909
vt 0.397727 0.687500
vt 0.363636 0.704545
vt 0.352273 0.698864
vt 0.363636 0.693182
vt 0.352273 0.664773
vt 0.318182 0.681818
vt 0.306818 0.676136
vt 0.318182 0.670454
vt 0.306818 0.642045
vt 0.272727 0.659091
vt 0.261364 0.653409
vt 0.272727 0.647727
vt 0.488636 0.778409
vt 0.454545 0.795454
vt 0.443182 0.789773
vt 0.454545 0.784091
vt 0.443182 0.755682
vt 0.409091 0.772727
vt 0.397727 0.767045
vt 0.409091 0.761363
vt 0.397727 0.732954
vt 0.363636 0.750000
vt 0.352273 0.744318
vt 0.363636 0.738636
vt 0.352273 0.710227
vt 0.318182 0.727273
vt 0.306818 0.721591
vt 0.318182 0.715909
vt 0.306818 0.687500
vt 0.272727 0.704545
vt 0.261364 0.698864
vt 0.272727 0.693182
vt 0.261364 0.664773
vt 0.227273 0.681818
vt 0.215909 0.676136
vt 0.227273 0.670454
vt 0.488636 0.823864
vt 0.454545 0.840909
vt 0.443182 0.835227
vt 0.454545 0.829545
vt 0.443182 0.801136
vt 0.409091 0.818182
vt 0.397727 0.812500
vt 0.409091 0.806818
vt 0.397727 0.778409
vt 0.363636 0.795454
vt 0.352273 0.789773
vt 0.363636 0.784091
vt 0.352273 0.755682
vt 0.318182 0.772727
vt 0.306818 0.767045
vt 0.318182 0.761363
vt 0.306818 0.732954
vt 0.272727 0.750000
vt 0.261364 0.744318
vt 0.272727 0.738636
vt 0.261364 0.710227
vt 0.227273 0.727273
vt 0.215909 0.721591
vt 0.227273 0.715909
vt 0.215909 0.687500
vt 0.181818 0.704545
vt 0.170455 0.698864
vt 0.181818 0.693182
vt 0.488636 0.869318
vt 0.454545 0.886364
vt 0.443182 0.880682
vt 0.454545 0.875000
vt 0.443182 0.846591
vt 0.409091 0.863636
vt 0.397727 0.857954
vt 0.409091 0.852273
vt 0.397727 0.823864
vt 0.363636 0.840909
vt 0.352273 0.835227
vt 0.363636 0.829545
vt 0.352273 0.801136
vt 0.318182 0.818182
vt 0.306818 0.812500
vt 0.318182 0.806818
vt 0.306818 0.778409
vt 0.272727 0.795454
vt 0.261364 0.789773
vt 0.272727 0.784091
vt 0.261364 0.755682
vt 0.227273 0.772727
vt 0.215909 0.767045
vt 0.227273 0.761363
vt 0.215909 0.732954
vt 0.181818 0.750000
vt 0.170455 0.744318
vt 0.181818 0.738636
vt 0.170455 0.710227
vt 0.136364 0.727273
vt 0.125000 0.721591
vt 0.136364 0.715909
vt 0.488636 0.914773
vt 0.454545 0.931818
vt 0.443182 0.926136
vt 0.454545 0.920454
vt 0.443182 0.892045
vt 0.409091 0.909091
vt 0.397727 0.903409
vt 0.409091 0.897727
vt 0.397727 0.869318
vt 0.363636 0.886363
vt 0.352273 0.880682
vt 0.363636 0.875000
vt 0.352273 0.846591
vt 0.318182 0.863636
vt 0.306818 0.857954
vt 0.318182 0.852273
vt 0.306818 0.823864
vt 0.272727 0.840909
vt 0.261364 0.835227
vt 0.272727 0.829545
vt 0.261364 0.801136
vt 0.227273 0.818182
vt 0.215909 0.812500
vt 0.227273 0.806818
vt 0.215909 0.778409
vt 0.181818 0.795454
vt 0.170455 0.789773
vt 0.181818 0.784091
vt 0.170455 0.755682
vt 0.136364 0.772727
vt 0.125000 0.767045
vt 0.136364 0.761363
vt 0.125000 0.732954
vt 0.090909 0.750000
vt 0.079546 0.744318
vt 0.090909 0.738636
vt 0.488636 0.960227
vt 0.454545 0.977273
vt 0.443182 0.971591
vt 0.454545 0.965909
vt 0.443182 0.937500
vt 0.409091 0.954545
vt 0.397727 0.948864
vt 0.409091 0.943182
vt 0.397727 0.914773
vt 0.363636 0.931818
vt 0.352273 0.926136
vt 0.363636 0.920455
vt 0.352273 0.892045
vt 0.318182 0.909091
vt 0.306818 0.903409
vt 0.318182 0.897727
vt 0.306818 0.869318
vt 0.272727 0.886364
vt 0.261364 0.880682
vt 0.272727 0.875000
vt 0.261364 0.846591
vt 0.227273 0.863636
vt 0.215909 0.857954
vt 0.227273 0.852273
vt 0.215909 0.823864
vt 0.181818 0.840909
vt 0.170455 0.835227
vt 0.181818 0.829545
vt 0.170455 0.801136
vt 0.136364 0.818182
vt 0.125000 0.812500
vt 0.136364 0.806818
vt 0.125000 0.778409
vt 0.090909 0.795455
vt 0.079546 0.789773
vt 0.090909 0.784091
vt 0.079546 0.755682
vt 0.045455 0.772727
vt 0.034091 0.767045
vt 0.045455 0.761363
vt 0.534091 0.528409
vt 0.579546 0.551136
vt 0.625000 0.573864
vt 0.670455 0.596591
vt 0.715909 0.619318
vt 0.761364 0.642045
vt 0.806818 0.664773
vt 0.852273 0.687500
vt 0.897727 0.710227
vt 0.943182 0.732954
vt 0.545455 0.534091
vt 0.545455 0.568182
vt 0.534091 0.573864
vt 0.534091 0.562500
vt 0.590909 0.556818
vt 0.590909 0.590909
vt 0.579546 0.596591
vt 0.579546 0.585227
vt 0.545455 0.579545
vt 0.545455 0.613636
vt 0.534091 0.619318
vt 0.534091 0.607955
vt 0.636364 0.579545
vt 0.636364 0.613636
vt 0.625000 0.619318
vt 0.625000 0.607955
vt 0.590909 0.602273
vt 0.590909 0.636364
vt 0.579546 0.642045
vt 0.579546 0.630682
vt 0.545455 0.625000
vt 0.545455 0.659091
vt 0.534091 0.664773
vt 0.534091 0.653409
vt 0.681818 0.602273
vt 0.681818 0.636364
vt 0.670455 0.642045
vt 0.670455 0.630682
vt 0.636364 0.625000
vt 0.636364 0.659091
vt 0.625000 0.664773
vt 0.625000 0.653409
vt 0.590909 0.647727
vt 0.590909 0.681818
vt 0.579546 0.687500
vt 0.579546 0.676136
vt 0.545455 0.670454
vt 0.545455 0.704545
vt 0.534091 0.710227
vt 0.534091 0.698864
vt 0.727273 0.625000
vt 0.727273 0.659091
vt 0.715909 0.664773
vt 0.715909 0.653409
vt 0.681818 0.647727
vt 0.681818 0.681818
vt 0.670455 0.687500
vt 0.670455 0.676136
vt 0.636364 0.670454
vt 0.636364 0.704545
vt 0.625000 0.710227
vt 0.625000 0.698864
vt 0.590909 0.693182
vt 0.590909 0.727273
vt 0.579546 0.732954
vt 0.579546 0.721591
vt 0.545455 0.715909
vt 0.545455 0.750000
vt 0.534091 0.755682
vt 0.534091 0.744318
vt 0.772727 0.647727
vt 0.772727 0.681818
vt 0.761364 0.687500
vt 0.761364 0.676136
vt 0.727273 0.670454
vt 0.727273 0.704545
vt 0.715909 0.710227
vt 0.715909 0.698864
vt 0.681818 0.693182
vt 0.681818 0.727273
vt 0.670455 0.732954
vt 0.670455 0.721591
vt 0.636364 0.715909
vt 0.636364 0.750000
vt 0.625000 0.755682
vt 0.625000 0.744318
vt 0.590909 0.738636
vt 0.590909 0.772727
vt 0.579546 0.778409
vt 0.579546 0.767045
vt 0.545455 0.761363
vt 0.545455 0.795455
vt 0.534091 0.801136
vt 0.534091 0.789773
vt 0.818182 0.670454
vt 0.818182 0.704545
vt 0.806818 0.710227
vt 0.806818 0.698864
vt 0.772727 0.693182
vt 0.772727 0.727273
vt 0.761364 0.732954
vt 0.761364 0.721591
vt 0.727273 0.715909
vt 0.727273 0.750000
vt 0.715909 0.755682
vt 0.715909 0.744318
vt 0.681818 0.738636
vt 0.681818 0.772727
vt 0.670455 0.778409
vt 0.670455 0.767045
vt 0.636364 0.761363
vt 0.636364 0.795455
vt 0.625000 0.801136
vt 0.625000 0.789773
vt 0.590909 0.784091
vt 0.590909 0.818182
vt 0.579546 0.823864
vt 0.579546 0.812500
vt 0.545455 0.806818
vt 0.545455 0.840909
vt 0.534091 0.846591
vt 0.534091 0.835227
vt 0.863636 0.693182
vt 0.863636 0.727273
vt 0.852273 0.732954
vt 0.852273 0.721591
vt 0.818182 0.715909
vt 0.818182 0.750000
vt 0.806818 0.755682
vt 0.806818 0.744318
vt 0.772727 0.738636
vt 0.772727 0.772727
vt 0.761364 0.778409
vt 0.761364 0.767045
vt 0.727273 0.761364
vt 0.727273 0.795455
vt 0.715909 0.801136
vt 0.715909 0.789773
vt 0.681818 0.784091
vt 0.681818 0.818182
vt 0.670455 0.823864
vt 0.670455 0.812500
vt 0.636364 0.806818
vt 0.636364 0.840909
vt 0.625000 0.846591
vt 0.625000 0.835227
vt 0.590909 0.829545
vt 0.590909 0.863636
vt 0.579546 0.869318
vt 0.579546 0.857954
vt 0.545455 0.852273
vt 0.545455 0.886364
vt 0.534091 0.892045
vt 0.534091 0.880682
vt 0.909091 0.715909
vt 0.909091 0.750000
vt 0.897727 0.755682
vt 0.897727 0.744318
vt 0.863636 0.738636
vt 0.863636 0.772727
vt 0.852273 0.778409
vt 0.852273 0.767045
vt 0.818182 0.761363
vt 0.818182 0.795454
vt 0.806818 0.801136
vt 0.806818 0.789773
vt 0.772727 0.784091
vt 0.772727 0.818182
vt 0.761364 0.823864
vt 0.761364 0.812500
vt 0.727273 0.806818
vt 0.727273 0.840909
vt 0.715909 0.846591
vt 0.715909 0.835227
vt 0.681818 0.829545
vt 0.681818 0.863636
vt 0.670455 0.869318
vt 0.670455 0.857954
vt 0.636364 0.852273
vt 0.636364 0.886364
vt 0.625000 0.892045
vt 0.625000 0.880682
vt 0.590909 0.875000
vt 0.590909 0.909091
vt 0.579546 0.914773
vt 0.579546 0.903409
vt 0.545455 0.897727
vt 0.545455 0.931818
vt 0.534091 0.937500
vt 0.534091 0.926136
vt 0.954546 0.738636
vt 0.954546 0.772727
vt 0.943182 0.778409
vt 0.943182 0.767045
vt 0.909091 0.761363
vt 0.909091 0.795454
vt 0.897727 0.801136
vt 0.897727 0.789773
vt 0.863636 0.784091
vt 0.863636 0.818182
vt 0.852273 0.823864
vt 0.852273 0.812500
vt 0.818182 0.806818
vt 0.818182 0.840909
vt 0.806818 0.846591
vt 0.806818 0.835227
vt 0.772727 0.829545
vt 0.772727 0.863636
vt 0.761364 0.869318
vt 0.761364 0.857954
vt 0.727273 0.852273
vt 0.727273 0.886363
vt 0.715909 0.892045
vt 0.715909 0.880682
vt 0.681818 0.875000
vt 0.681818 0.909091
vt 0.670455 0.914773
vt 0.670455 0.903409
vt 0.636364 0.897727
vt 0.636364 0.931818
vt 0.625000 0.937500
vt 0.625000 0.926136
vt 0.590909 0.920455
vt 0.590909 0.954545
vt 0.579546 0.960227
vt 0.579546 0.948864
vt 0.545455 0.943182
vt 0.545455 0.977273
vt 0.534091 0.982955
vt 0.534091 0.971591
vt 0.522727 0.965909
vt 0.511364 0.971591
vt 0.511364 0.960227
vt 0.522727 0.977273
vt 0.522727 0.988636
vt 0.511364 0.994318
vt 0.511364 0.982955
vt 0.522727 0.943182
vt 0.522727 0.954545
vt 0.511364 0.948864
vt 0.534091 0.948864
vt 0.545455 0.954545
vt 0.545455 0.965909
vt 0.534091 0.960227
vt 0.568182 0.943182
vt 0.556818 0.948864
vt 0.556818 0.937500
vt 0.568182 0.954545
vt 0.568182 0.965909
vt 0.556818 0.971591
vt 0.556818 0.960227
vt 0.568182 0.920455
vt 0.568182 0.931818
vt 0.556818 0.926136
vt 0.579546 0.926136
vt 0.590909 0.931818
vt 0.590909 0.943182
vt 0.579546 0.937500
vt 0.613636 0.920455
vt 0.602273 0.926136
vt 0.602273 0.914773
vt 0.613637 0.931818
vt 0.613637 0.943182
vt 0.602273 0.948864
vt 0.602273 0.937500
vt 0.613637 0.897727
vt 0.613637 0.909091
vt 0.602273 0.903409
vt 0.625000 0.903409
vt 0.636364 0.909091
vt 0.636364 0.920454
vt 0.625000 0.914773
vt 0.659091 0.897727
vt 0.647727 0.903409
vt 0.647727 0.892045
vt 0.659091 0.909091
vt 0.659091 0.920454
vt 0.647727 0.926136
vt 0.647727 0.914773
vt 0.659091 0.875000
vt 0.659091 0.886364
vt 0.647727 0.880682
vt 0.670455 0.880682
vt 0.681818 0.886364
vt 0.681818 0.897727
vt 0.670455 0.892045
vt 0.704545 0.875000
vt 0.693182 0.880682
vt 0.693182 0.869318
vt 0.704545 0.886364
vt 0.704545 0.897727
vt 0.693182 0.903409
vt 0.693182 0.892045
vt 0.704545 0.852273
vt 0.704545 0.863636
vt 0.693182 0.857954
vt 0.715909 0.857954
vt 0.727273 0.863636
vt 0.727273 0.875000
vt 0.715909 0.869318
vt 0.750000 0.852273
vt 0.738636 0.857954
vt 0.738636 0.846591
vt 0.750000 0.863636
vt 0.750000 0.875000
vt 0.738636 0.880682
vt 0.738636 0.869318
vt 0.750000 0.829545
vt 0.750000 0.840909
vt 0.738636 0.835227
vt 0.761364 0.835227
vt 0.772727 0.840909
vt 0.772727 0.852273
vt 0.761364 0.846591
vt 0.795455 0.829545
vt 0.784091 0.835227
vt 0.784091 0.823864
vt 0.795455 0.840909
vt 0.795455 0.852273
vt 0.784091 0.857954
vt 0.784091 0.846591
vt 0.795455 0.806818
vt 0.795455 0.818182
vt 0.784091 0.812500
vt 0.806818 0.812500
vt 0.818182 0.818182
vt 0.818182 0.829545
vt 0.806818 0.823864
vt 0.840909 0.806818
vt 0.829545 0.812500
vt 0.829545 0.801136
vt 0.840909 0.818182
vt 0.840909 0.829545
vt 0.829545 0.835227
vt 0.829545 0.823864
vt 0.840909 0.784091
vt 0.840909 0.795454
vt 0.829545 0.789773
vt 0.852273 0.789773
vt 0.863636 0.795454
vt 0.863636 0.806818
vt 0.852273 0.801136
vt 0.886364 0.784091
vt 0.875000 0.789773
vt 0.875000 0.778409
vt 0.886364 0.795454
vt 0.886364 0.806818
vt 0.875000 0.812500
vt 0.875000 0.801136
vt 0.886364 0.761363
vt 0.886364 0.772727
vt 0.875000 0.767045
vt 0.897727 0.767045
vt 0.909091 0.772727
vt 0.909091 0.784091
vt 0.897727 0.778409
vt 0.931818 0.761363
vt 0.920455 0.767045
vt 0.920455 0.755682
vt 0.931818 0.772727
vt 0.931818 0.784091
vt 0.920455 0.789773
vt 0.920455 0.778409
vt 0.931818 0.738636
vt 0.931818 0.750000
vt 0.920455 0.744318
vt 0.943182 0.744318
vt 0.954546 0.750000
vt 0.954546 0.761363
vt 0.943182 0.755682
vt 0.522727 0.920455
vt 0.511364 0.926136
vt 0.511364 0.914773
vt 0.522727 0.931818
vt 0.511364 0.937500
vt 0.522727 0.897727
vt 0.522727 0.909091
vt 0.511364 0.903409
vt 0.534091 0.903409
vt 0.545455 0.909091
vt 0.545455 0.920455
vt 0.534091 0.914773
vt 0.568182 0.897727
vt 0.556818 0.903409
vt 0.556818 0.892045
vt 0.568182 0.909091
vt 0.556818 0.914773
vt 0.568182 0.875000
vt 0.568182 0.886364
vt 0.556818 0.880682
vt 0.579546 0.880682
vt 0.590909 0.886364
vt 0.590909 0.897727
vt 0.579546 0.892045
vt 0.613637 0.875000
vt 0.602273 0.880682
vt 0.602273 0.869318
vt 0.613637 0.886364
vt 0.602273 0.892045
vt 0.613637 0.852273
vt 0.613637 0.863636
vt 0.602273 0.857954
vt 0.625000 0.857954
vt 0.636364 0.863636
vt 0.636364 0.875000
vt 0.625000 0.869318
vt 0.659091 0.852273
vt 0.647727 0.857954
vt 0.647727 0.846591
vt 0.659091 0.863636
vt 0.647727 0.869318
vt 0.659091 0.829545
vt 0.659091 0.840909
vt 0.647727 0.835227
vt 0.670455 0.835227
vt 0.681818 0.840909
vt 0.681818 0.852273
vt 0.670455 0.846591
vt 0.704545 0.829545
vt 0.693182 0.835227
vt 0.693182 0.823864
vt 0.704545 0.840909
vt 0.693182 0.846591
vt 0.704545 0.806818
vt 0.704545 0.818182
vt 0.693182 0.812500
vt 0.715909 0.812500
vt 0.727273 0.818182
vt 0.727273 0.829545
vt 0.715909 0.823864
vt 0.750000 0.806818
vt 0.738636 0.812500
vt 0.738636 0.801136
vt 0.750000 0.818182
vt 0.738636 0.823864
vt 0.750000 0.784091
vt 0.750000 0.795455
vt 0.738636 0.789773
vt 0.761364 0.789773
vt 0.772727 0.795455
vt 0.772727 0.806818
vt 0.761364 0.801136
vt 0.795455 0.784091
vt 0.784091 0.789773
vt 0.784091 0.778409
vt 0.795455 0.795455
vt 0.784091 0.801136
vt 0.795455 0.761363
vt 0.795455 0.772727
vt 0.784091 0.767045
vt 0.806818 0.767045
vt 0.818182 0.772727
vt 0.818182 0.784091
vt 0.806818 0.778409
vt 0.840909 0.761363
vt 0.829545 0.767045
vt 0.829545 0.755682
vt 0.840909 0.772727
vt 0.829545 0.778409
vt 0.840909 0.738636
vt 0.840909 0.750000
vt 0.829545 0.744318
vt 0.852273 0.744318
vt 0.863636 0.750000
vt 0.863636 0.761363
vt 0.852273 0.755682
vt 0.886364 0.738636
vt 0.875000 0.744318
vt 0.875000 0.732954
vt 0.886364 0.750000
vt 0.875000 0.755682
vt 0.886364 0.715909
vt 0.886364 0.727273
vt 0.875000 0.721591
vt 0.897727 0.721591
vt 0.909091 0.727273
vt 0.909091 0.738636
vt 0.897727 0.732954
vt 0.522727 0.875000
vt 0.511364 0.880682
vt 0.511364 0.869318
vt 0.522727 0.886364
vt 0.511364 0.892045
vt 0.522727 0.852273
vt 0.522727 0.863636
vt 0.511364 0.857954
vt 0.534091 0.857954
vt 0.545455 0.863636
vt 0.545455 0.875000
vt 0.534091 0.869318
vt 0.568182 0.852273
vt 0.556818 0.857954
vt 0.556818 0.846591
vt 0.568182 0.863636
vt 0.556818 0.869318
vt 0.568182 0.829545
vt 0.568182 0.840909
vt 0.556818 0.835227
vt 0.579546 0.835227
vt 0.590909 0.840909
vt 0.590909 0.852273
vt 0.579546 0.846591
vt 0.613637 0.829545
vt 0.602273 0.835227
vt 0.602273 0.823864
vt 0.613637 0.840909
vt 0.602273 0.846591
vt 0.613637 0.806818
vt 0.613637 0.818182
vt 0.602273 0.812500
vt 0.625000 0.812500
vt 0.636364 0.818182
vt 0.636364 0.829545
vt 0.625000 0.823864
vt 0.659091 0.806818
vt 0.647727 0.812500
vt 0.647727 0.801136
vt 0.659091 0.818182
vt 0.647727 0.823864
vt 0.659091 0.784091
vt 0.659091 0.795455
vt 0.647727 0.789773
vt 0.670455 0.789773
vt 0.681818 0.795455
vt 0.681818 0.806818
vt 0.670455 0.801136
vt 0.704545 0.784091
vt 0.693182 0.789773
vt 0.693182 0.778409
vt 0.704545 0.795455
vt 0.693182 0.801136
vt 0.704545 0.761364
vt 0.704545 0.772727
vt 0.693182 0.767045
vt 0.715909 0.767045
vt 0.727273 0.772727
vt 0.727273 0.784091
vt 0.715909 0.778409
vt 0.750000 0.761363
vt 0.738636 0.767045
vt 0.738636 0.755682
vt 0.750000 0.772727
vt 0.738636 0.778409
vt 0.750000 0.738636
vt 0.750000 0.750000
vt 0.738636 0.744318
vt 0.761364 0.744318
vt 0.772727 0.750000
vt 0.772727 0.761363
vt 0.761364 0.755682
vt 0.795455 0.738636
vt 0.784091 0.744318
vt 0.784091 0.732954
vt 0.795455 0.750000
vt 0.784091 0.755682
vt 0.795455 0.715909
vt 0.795455 0.727273
vt 0.784091 0.721591
vt 0.806818 0.721591
vt 0.818182 0.727273
vt 0.818182 0.738636
vt 0.806818 0.732954
vt 0.840909 0.715909
vt 0.829545 0.721591
vt 0.829545 0.710227
vt 0.840909 0.727273
vt 0.829545 0.732954
vt 0.840909 0.693182
vt 0.840909 0.704545
vt 0.829545 0.698864
vt 0.852273 0.698864
vt 0.863636 0.704545
vt 0.863636 0.715909
vt 0.852273 0.710227
vt 0.522727 0.829545
vt 0.511364 0.835227
vt 0.511364 0.823864
vt 0.522727 0.840909
vt 0.511364 0.846591
vt 0.522727 0.806818
vt 0.522727 0.818182
vt 0.511364 0.812500
vt 0.534091 0.812500
vt 0.545455 0.818182
vt 0.545455 0.829545
vt 0.534091 0.823864
vt 0.568182 0.806818
vt 0.556818 0.812500
vt 0.556818 0.801136
vt 0.568182 0.818182
vt 0.556818 0.823864
vt 0.568182 0.784091
vt 0.568182 0.795455
vt 0.556818 0.789773
vt 0.579546 0.789773
vt 0.590909 0.795455
vt 0.590909 0.806818
vt 0.579546 0.801136
vt 0.613637 0.784091
vt 0.602273 0.789773
vt 0.602273 0.778409
vt 0.613637 0.795455
vt 0.602273 0.801136
vt 0.613637 0.761363
vt 0.613637 0.772727
vt 0.602273 0.767045
vt 0.625000 0.767045
vt 0.636364 0.772727
vt 0.636364 0.784091
vt 0.625000 0.778409
vt 0.659091 0.761363
vt 0.647727 0.767045
vt 0.647727 0.755682
vt 0.659091 0.772727
vt 0.647727 0.778409
vt 0.659091 0.738636
vt 0.659091 0.750000
vt 0.647727 0.744318
vt 0.670455 0.744318
vt 0.681818 0.750000
vt 0.681818 0.761363
vt 0.670455 0.755682
vt 0.704545 0.738636
vt 0.693182 0.744318
vt 0.693182 0.732954
vt 0.704545 0.750000
vt 0.693182 0.755682
vt 0.704545 0.715909
vt 0.704545 0.727273
vt 0.693182 0.721591
vt 0.715909 0.721591
vt 0.727273 0.727273
vt 0.727273 0.738636
vt 0.715909 0.732954
vt 0.750000 0.715909
vt 0.738636 0.721591
vt 0.738636 0.710227
vt 0.750000 0.727273
vt 0.738636 0.732954
vt 0.750000 0.693182
vt 0.750000 0.704545
vt 0.738636 0.698864
vt 0.761364 0.698864
vt 0.772727 0.704545
vt 0.772727 0.715909
vt 0.761364 0.710227
vt 0.795455 0.693182
vt 0.784091 0.698864
vt 0.784091 0.687500
vt 0.795455 0.704545
vt 0.784091 0.710227
vt 0.795455 0.670454
vt 0.795455 0.681818
vt 0.784091 0.676136
vt 0.806818 0.676136
vt 0.818182 0.681818
vt 0.818182 0.693182
vt 0.806818 0.687500
vt 0.522727 0.784091
vt 0.511364 0.789773
vt 0.511364 0.778409
vt 0.522727 0.795455
vt 0.511364 0.801136
vt 0.522727 0.761363
vt 0.522727 0.772727
vt 0.511364 0.767045
vt 0.534091 0.767045
vt 0.545455 0.772727
vt 0.545455 0.784091
vt 0.534091 0.778409
vt 0.568182 0.761363
vt 0.556818 0.767045
vt 0.556818 0.755682
vt 0.568182 0.772727
vt 0.556818 0.778409
vt 0.568182 0.738636
vt 0.568182 0.750000
vt 0.556818 0.744318
vt 0.579546 0.744318
vt 0.590909 0.750000
vt 0.590909 0.761363
vt 0.579546 0.755682
vt 0.613637 0.738636
vt 0.602273 0.744318
vt 0.602273 0.732954
vt 0.613637 0.750000
vt 0.602273 0.755682
vt 0.613637 0.715909
vt 0.613637 0.727273
vt 0.602273 0.721591
vt 0.625000 0.721591
vt 0.636364 0.727273
vt 0.636364 0.738636
vt 0.625000 0.732954
vt 0.659091 0.715909
vt 0.647727 0.721591
vt 0.647727 0.710227
vt 0.659091 0.727273
vt 0.647727 0.732954
vt 0.659091 0.693182
vt 0.659091 0.704545
vt 0.647727 0.698864
vt 0.670455 0.698864
vt 0.681818 0.704545
vt 0.681818 0.715909
vt 0.670455 0.710227
vt 0.704545 0.693182
vt 0.693182 0.698864
vt 0.693182 0.687500
vt 0.704545 0.704545
vt 0.693182 0.710227
vt 0.704545 0.670454
vt 0.704545 0.681818
vt 0.693182 0.676136
vt 0.715909 0.676136
vt 0.727273 0.681818
vt 0.727273 0.693182
vt 0.715909 0.687500
vt 0.750000 0.670454
vt 0.738636 0.676136
vt 0.738636 0.664773
vt 0.750000 0.681818
vt 0.738636 0.687500
vt 0.750000 0.647727
vt 0.750000 0.659091
vt 0.738636 0.653409
vt 0.761364 0.653409
vt 0.772727 0.659091
vt 0.772727 0.670454
vt 0.761364 0.664773
vt 0.522727 0.738636
vt 0.511364 0.744318
vt 0.511364 0.732954
vt 0.522727 0.750000
vt 0.511364 0.755682
vt 0.522727 0.715909
vt 0.522727 0.727273
vt 0.511364 0.721591
vt 0.534091 0.721591
vt 0.545455 0.727273
vt 0.545455 0.738636
vt 0.534091 0.732954
vt 0.568182 0.715909
vt 0.556818 0.721591
vt 0.556818 0.710227
vt 0.568182 0.727273
vt 0.556818 0.732954
vt 0.568182 0.693182
vt 0.568182 0.704545
vt 0.556818 0.698864
vt 0.579546 0.698864
vt 0.590909 0.704545
vt 0.590909 0.715909
vt 0.579546 0.710227
vt 0.613637 0.693182
vt 0.602273 0.698864
vt 0.602273 0.687500
vt 0.613637 0.704545
vt 0.602273 0.710227
vt 0.613637 0.670454
vt 0.613637 0.681818
vt 0.602273 0.676136
vt 0.625000 0.676136
vt 0.636364 0.681818
vt 0.636364 0.693182
vt 0.625000 0.687500
vt 0.659091 0.670454
vt 0.647727 0.676136
vt 0.647727 0.664773
vt 0.659091 0.681818
vt 0.647727 0.687500
vt 0.659091 0.647727
vt 0.659091 0.659091
vt 0.647727 0.653409
vt 0.670455 0.653409
vt 0.681818 0.659091
vt 0.681818 0.670454
vt 0.670455 0.664773
vt 0.704545 0.647727
vt 0.693182 0.653409
vt 0.693182 0.642045
vt 0.704545 0.659091
vt 0.693182 0.664773
vt 0.704545 0.625000
vt 0.704545 0.636364
vt 0.693182 0.630682
vt 0.715909 0.630682
vt 0.727273 0.636364
vt 0.727273 0.647727
vt 0.715909 0.642045
vt 0.522727 0.693182
vt 0.511364 0.698864
vt 0.511364 0.687500
vt 0.522727 0.704545
vt 0.511364 0.710227
vt 0.522727 0.670454
vt 0.522727 0.681818
vt 0.511364 0.676136
vt 0.534091 0.676136
vt 0.545455 0.681818
vt 0.545455 0.693182
vt 0.534091 0.687500
vt 0.568182 0.670454
vt 0.556818 0.676136
vt 0.556818 0.664773
vt 0.568182 0.681818
vt 0.556818 0.687500
vt 0.568182 0.647727
vt 0.568182 0.659091
vt 0.556818 0.653409
vt 0.579546 0.653409
vt 0.590909 0.659091
vt 0.590909 0.670454
vt 0.579546 0.664773
vt 0.613637 0.647727
vt 0.602273 0.653409
vt 0.602273 0.642045
vt 0.613637 0.659091
vt 0.602273 0.664773
vt 0.613637 0.625000
vt 0.613637 0.636364
vt 0.602273 0.630682
vt 0.625000 0.630682
vt 0.636364 0.636364
vt 0.636364 0.647727
vt 0.625000 0.642045
vt 0.659091 0.625000
vt 0.647727 0.630682
vt 0.647727 0.619318
vt 0.659091 0.636364
vt 0.647727 0.642045
vt 0.659091 0.602273
vt 0.659091 0.613636
vt 0.647727 0.607955
vt 0.670455 0.607955
vt 0.681818 0.613636
vt 0.681818 0.625000
vt 0.670455 0.619318
vt 0.522727 0.647727
vt 0.511364 0.653409
vt 0.511364 0.642045
vt 0.522727 0.659091
vt 0.511364 0.664773
vt 0.522727 0.625000
vt 0.522727 0.636364
vt 0.511364 0.630682
vt 0.534091 0.630682
vt 0.545455 0.636364
vt 0.545455 0.647727
vt 0.534091 0.642045
vt 0.568182 0.625000
vt 0.556818 0.630682
vt 0.556818 0.619318
vt 0.568182 0.636364
vt 0.556818 0.642045
vt 0.568182 0.602273
vt 0.568182 0.613636
vt 0.556818 0.607955
vt 0.579546 0.607955
vt 0.590909 0.613636
vt 0.590909 0.625000
vt 0.579546 0.619318
vt 0.613637 0.602273
vt 0.602273 0.607955
vt 0.602273 0.596591
vt 0.613637 0.613636
vt 0.602273 0.619318
vt 0.613637 0.579545
vt 0.613637 0.590909
vt 0.602273 0.585227
vt 0.625000 0.585227
vt 0.636364 0.590909
vt 0.636364 0.602273
vt 0.625000 0.596591
vt 0.522727 0.602273
vt 0.511364 0.607955
vt 0.511364 0.596591
vt 0.522727 0.613636
vt 0.511364 0.619318
vt 0.522727 0.579545
vt 0.522727 0.590909
vt 0.511364 0.585227
vt 0.534091 0.585227
vt 0.545455 0.590909
vt 0.545455 0.602273
vt 0.534091 0.596591
vt 0.568182 0.579545
vt 0.556818 0.585227
vt 0.556818 0.573864
vt 0.568182 0.590909
vt 0.556818 0.596591
vt 0.568182 0.556818
vt 0.568182 0.568182
vt 0.556818 0.562500
vt 0.579546 0.562500
vt 0.590909 0.568182
vt 0.590909 0.579545
vt 0.579546 0.573864
vt 0.522727 0.556818
vt 0.511364 0.562500
vt 0.511364 0.551136
vt 0.522727 0.568182
vt 0.511364 0.573864
vt 0.522727 0.534091
vt 0.522727 0.545454
vt 0.511364 0.539773
vt 0.534091 0.539773
vt 0.545455 0.545454
vt 0.545455 0.556818
vt 0.534091 0.551136
vt 0.931818 0.715909
vt 0.920455 0.721591
vt 0.920455 0.710227
vt 0.931818 0.727273
vt 0.920455 0.732954
vt 0.886364 0.693182
vt 0.875000 0.698864
vt 0.875000 0.687500
vt 0.886364 0.704545
vt 0.875000 0.710227
vt 0.840909 0.670454
vt 0.829545 0.676136
vt 0.829545 0.664773
vt 0.840909 0.681818
vt 0.829545 0.687500
vt 0.795455 0.647727
vt 0.784091 0.653409
vt 0.784091 0.642045
vt 0.795455 0.659091
vt 0.784091 0.664773
vt 0.750000 0.625000
vt 0.738636 0.630682
vt 0.738636 0.619318
vt 0.750000 0.636364
vt 0.738636 0.642045
vt 0.704545 0.602273
vt 0.693182 0.607955
vt 0.693182 0.596591
vt 0.704545 0.613636
vt 0.693182 0.619318
vt 0.659091 0.579545
vt 0.647727 0.585227
vt 0.647727 0.573864
vt 0.659091 0.590909
vt 0.647727 0.596591
vt 0.613637 0.556818
vt 0.602273 0.562500
vt 0.602273 0.551136
vt 0.613637 0.568182
vt 0.602273 0.573864
vt 0.568182 0.534091
vt 0.556818 0.539773
vt 0.556818 0.528409
vt 0.568182 0.545454
vt 0.556818 0.551136
vt 0.522727 0.511364
vt 0.511364 0.517045
vt 0.511364 0.505682
vt 0.522727 0.522727
vt 0.511364 0.528409
vt 0.045455 0.750000
vt 0.034091 0.744318
vt 0.045455 0.738636
vt 0.034091 0.755682
vt 0.022727 0.761363
vt 0.011364 0.755682
vt 0.022727 0.750000
vt 0.068182 0.738636
vt 0.056818 0.744318
vt 0.056818 0.732954
vt 0.068182 0.750000
vt 0.068182 0.761363
vt 0.056818 0.767045
vt 0.056818 0.755682
vt 0.090909 0.772727
vt 0.079546 0.767045
vt 0.090909 0.761363
vt 0.079546 0.778409
vt 0.068182 0.784091
vt 0.056818 0.778409
vt 0.068182 0.772727
vt 0.113636 0.761363
vt 0.102273 0.767045
vt 0.102273 0.755682
vt 0.113636 0.772727
vt 0.113636 0.784091
vt 0.102273 0.789773
vt 0.102273 0.778409
vt 0.136364 0.795455
vt 0.125000 0.789773
vt 0.136364 0.784091
vt 0.125000 0.801136
vt 0.113636 0.806818
vt 0.102273 0.801136
vt 0.113636 0.795455
vt 0.159091 0.784091
vt 0.147727 0.789773
vt 0.147727 0.778409
vt 0.159091 0.795454
vt 0.159091 0.806818
vt 0.147727 0.812500
vt 0.147727 0.801136
vt 0.181818 0.818182
vt 0.170455 0.812500
vt 0.181818 0.806818
vt 0.170455 0.823864
vt 0.159091 0.829545
vt 0.147727 0.823864
vt 0.159091 0.818182
vt 0.204546 0.806818
vt 0.193182 0.812500
vt 0.193182 0.801136
vt 0.204546 0.818182
vt 0.204546 0.829545
vt 0.193182 0.835227
vt 0.193182 0.823864
vt 0.227273 0.840909
vt 0.215909 0.835227
vt 0.227273 0.829545
vt 0.215909 0.846591
vt 0.204546 0.852273
vt 0.193182 0.846591
vt 0.204546 0.840909
vt 0.250000 0.829545
vt 0.238636 0.835227
vt 0.238636 0.823864
vt 0.250000 0.840909
vt 0.250000 0.852273
vt 0.238636 0.857954
vt 0.238636 0.846591
vt 0.272727 0.863636
vt 0.261364 0.857954
vt 0.272727 0.852273
vt 0.261364 0.869318
vt 0.250000 0.875000
vt 0.238636 0.869318
vt 0.250000 0.863636
vt 0.295454 0.852273
vt 0.284091 0.857954
vt 0.284091 0.846591
vt 0.295454 0.863636
vt 0.295454 0.875000
vt 0.284091 0.880682
vt 0.284091 0.869318
vt 0.318182 0.886364
vt 0.306818 0.880682
vt 0.318182 0.875000
vt 0.306818 0.892045
vt 0.295454 0.897727
vt 0.284091 0.892045
vt 0.295454 0.886364
vt 0.340909 0.875000
vt 0.329545 0.880682
vt 0.329545 0.869318
vt 0.340909 0.886363
vt 0.340909 0.897727
vt 0.329545 0.903409
vt 0.329545 0.892045
vt 0.363636 0.909091
vt 0.352273 0.903409
vt 0.363636 0.897727
vt 0.352273 0.914773
vt 0.340909 0.920455
vt 0.329545 0.914773
vt 0.340909 0.909091
vt 0.386364 0.897727
vt 0.375000 0.903409
vt 0.375000 0.892045
vt 0.386364 0.909091
vt 0.386364 0.920455
vt 0.375000 0.926136
vt 0.375000 0.914773
vt 0.409091 0.931818
vt 0.397727 0.926136
vt 0.409091 0.920455
vt 0.397727 0.937500
vt 0.386364 0.943182
vt 0.375000 0.937500
vt 0.386364 0.931818
vt 0.431818 0.920454
vt 0.420455 0.926136
vt 0.420455 0.914773
vt 0.431818 0.931818
vt 0.431818 0.943182
vt 0.420455 0.948864
vt 0.420455 0.937500
vt 0.454545 0.954545
vt 0.443182 0.948864
vt 0.454545 0.943182
vt 0.443182 0.960227
vt 0.431818 0.965909
vt 0.420455 0.960227
vt 0.431818 0.954545
vt 0.477273 0.943182
vt 0.465909 0.948864
vt 0.465909 0.937500
vt 0.477273 0.954545
vt 0.477273 0.965909
vt 0.465909 0.971591
vt 0.465909 0.960227
vt 0.090909 0.727273
vt 0.079546 0.721591
vt 0.090909 0.715909
vt 0.079546 0.732954
vt 0.068182 0.727273
vt 0.113636 0.715909
vt 0.102273 0.721591
vt 0.102273 0.710227
vt 0.113636 0.727273
vt 0.113636 0.738636
vt 0.102273 0.744318
vt 0.102273 0.732954
vt 0.136364 0.750000
vt 0.125000 0.744318
vt 0.136364 0.738636
vt 0.125000 0.755682
vt 0.113636 0.750000
vt 0.159091 0.738636
vt 0.147727 0.744318
vt 0.147727 0.732954
vt 0.159091 0.750000
vt 0.159091 0.761363
vt 0.147727 0.767045
vt 0.147727 0.755682
vt 0.181818 0.772727
vt 0.170455 0.767045
vt 0.181818 0.761363
vt 0.170455 0.778409
vt 0.159091 0.772727
vt 0.204546 0.761363
vt 0.193182 0.767045
vt 0.193182 0.755682
vt 0.204546 0.772727
vt 0.204546 0.784091
vt 0.193182 0.789773
vt 0.193182 0.778409
vt 0.227273 0.795454
vt 0.215909 0.789773
vt 0.227273 0.784091
vt 0.215909 0.801136
vt 0.204546 0.795454
vt 0.250000 0.784091
vt 0.238636 0.789773
vt 0.238636 0.778409
vt 0.250000 0.795454
vt 0.250000 0.806818
vt 0.238636 0.812500
vt 0.238636 0.801136
vt 0.272727 0.818182
vt 0.261364 0.812500
vt 0.272727 0.806818
vt 0.261364 0.823864
vt 0.250000 0.818182
vt 0.295454 0.806818
vt 0.284091 0.812500
vt 0.284091 0.801136
vt 0.295454 0.818182
vt 0.295454 0.829545
vt 0.284091 0.835227
vt 0.284091 0.823864
vt 0.318182 0.840909
vt 0.306818 0.835227
vt 0.318182 0.829545
vt 0.306818 0.846591
vt 0.295454 0.840909
vt 0.340909 0.829545
vt 0.329545 0.835227
vt 0.329545 0.823864
vt 0.340909 0.840909
vt 0.340909 0.852273
vt 0.329545 0.857954
vt 0.329545 0.846591
vt 0.363636 0.863636
vt 0.352273 0.857954
vt 0.363636 0.852273
vt 0.352273 0.869318
vt 0.340909 0.863636
vt 0.386364 0.852273
vt 0.375000 0.857954
vt 0.375000 0.846591
vt 0.386364 0.863636
vt 0.386364 0.875000
vt 0.375000 0.880682
vt 0.375000 0.869318
vt 0.409091 0.886364
vt 0.397727 0.880682
vt 0.409091 0.875000
vt 0.397727 0.892045
vt 0.386364 0.886364
vt 0.431818 0.875000
vt 0.420455 0.880682
vt 0.420455 0.869318
vt 0.431818 0.886364
vt 0.431818 0.897727
vt 0.420455 0.903409
vt 0.420455 0.892045
vt 0.454545 0.909091
vt 0.443182 0.903409
vt 0.454545 0.897727
vt 0.443182 0.914773
vt 0.431818 0.909091
vt 0.477273 0.897727
vt 0.465909 0.903409
vt 0.465909 0.892045
vt 0.477273 0.909091
vt 0.477273 0.920455
vt 0.465909 0.926136
vt 0.465909 0.914773
vt 0.136364 0.704545
vt 0.125000 0.698864
vt 0.136364 0.693182
vt 0.125000 0.710227
vt 0.113636 0.704545
vt 0.159091 0.693182
vt 0.147727 0.698864
vt 0.147727 0.687500
vt 0.159091 0.704545
vt 0.159091 0.715909
vt 0.147727 0.721591
vt 0.147727 0.710227
vt 0.181818 0.727273
vt 0.170455 0.721591
vt 0.181818 0.715909
vt 0.170455 0.732954
vt 0.159091 0.727273
vt 0.204546 0.715909
vt 0.193182 0.721591
vt 0.193182 0.710227
vt 0.204546 0.727273
vt 0.204546 0.738636
vt 0.193182 0.744318
vt 0.193182 0.732954
vt 0.227273 0.750000
vt 0.215909 0.744318
vt 0.227273 0.738636
vt 0.215909 0.755682
vt 0.204546 0.750000
vt 0.250000 0.738636
vt 0.238636 0.744318
vt 0.238636 0.732954
vt 0.250000 0.750000
vt 0.250000 0.761363
vt 0.238636 0.767045
vt 0.238636 0.755682
vt 0.272727 0.772727
vt 0.261364 0.767045
vt 0.272727 0.761363
vt 0.261364 0.778409
vt 0.250000 0.772727
vt 0.295454 0.761363
vt 0.284091 0.767045
vt 0.284091 0.755682
vt 0.295454 0.772727
vt 0.295454 0.784091
vt 0.284091 0.789773
vt 0.284091 0.778409
vt 0.318182 0.795454
vt 0.306818 0.789773
vt 0.318182 0.784091
vt 0.306818 0.801136
vt 0.295454 0.795454
vt 0.340909 0.784091
vt 0.329545 0.789773
vt 0.329545 0.778409
vt 0.340909 0.795454
vt 0.340909 0.806818
vt 0.329545 0.812500
vt 0.329545 0.801136
vt 0.363636 0.818182
vt 0.352273 0.812500
vt 0.363636 0.806818
vt 0.352273 0.823864
vt 0.340909 0.818182
vt 0.386364 0.806818
vt 0.375000 0.812500
vt 0.375000 0.801136
vt 0.386364 0.818182
vt 0.386364 0.829545
vt 0.375000 0.835227
vt 0.375000 0.823864
vt 0.409091 0.840909
vt 0.397727 0.835227
vt 0.409091 0.829545
vt 0.397727 0.846591
vt 0.386364 0.840909
vt 0.431818 0.829545
vt 0.420455 0.835227
vt 0.420455 0.823864
vt 0.431818 0.840909
vt 0.431818 0.852273
vt 0.420455 0.857954
vt 0.420455 0.846591
vt 0.454545 0.863636
vt 0.443182 0.857954
vt 0.454545 0.852273
vt 0.443182 0.869318
vt 0.431818 0.863636
vt 0.477273 0.852273
vt 0.465909 0.857954
vt 0.465909 0.846591
vt 0.477273 0.863636
vt 0.477273 0.875000
vt 0.465909 0.880682
vt 0.465909 0.869318
vt 0.181818 0.681818
vt 0.170455 0.676136
vt 0.181818 0.670454
vt 0.170455 0.687500
vt 0.159091 0.681818
vt 0.204545 0.670454
vt 0.193182 0.676136
vt 0.193182 0.664773
vt 0.204545 0.681818
vt 0.204545 0.693182
vt 0.193182 0.698864
vt 0.193182 0.687500
vt 0.227273 0.704545
vt 0.215909 0.698864
vt 0.227273 0.693182
vt 0.215909 0.710227
vt 0.204545 0.704545
vt 0.250000 0.693182
vt 0.238636 0.698864
vt 0.238636 0.687500
vt 0.250000 0.704545
vt 0.250000 0.715909
vt 0.238636 0.721591
vt 0.238636 0.710227
vt 0.272727 0.727273
vt 0.261364 0.721591
vt 0.272727 0.715909
vt 0.261364 0.732954
vt 0.250000 0.727273
vt 0.295454 0.715909
vt 0.284091 0.721591
vt 0.284091 0.710227
vt 0.295454 0.727273
vt 0.295454 0.738636
vt 0.284091 0.744318
vt 0.284091 0.732954
vt 0.318182 0.750000
vt 0.306818 0.744318
vt 0.318182 0.738636
vt 0.306818 0.755682
vt 0.295454 0.750000
vt 0.340909 0.738636
vt 0.329545 0.744318
vt 0.329545 0.732954
vt 0.340909 0.750000
vt 0.340909 0.761363
vt 0.329545 0.767045
vt 0.329545 0.755682
vt 0.363636 0.772727
vt 0.352273 0.767045
vt 0.363636 0.761363
vt 0.352273 0.778409
vt 0.340909 0.772727
vt 0.386364 0.761363
vt 0.375000 0.767045
vt 0.375000 0.755682
vt 0.386364 0.772727
vt 0.386364 0.784091
vt 0.375000 0.789773
vt 0.375000 0.778409
vt 0.409091 0.795454
vt 0.397727 0.789773
vt 0.409091 0.784091
vt 0.397727 0.801136
vt 0.386364 0.795454
vt 0.431818 0.784091
vt 0.420455 0.789773
vt 0.420455 0.778409
vt 0.431818 0.795454
vt 0.431818 0.806818
vt 0.420455 0.812500
vt 0.420455 0.801136
vt 0.454545 0.818182
vt 0.443182 0.812500
vt 0.454545 0.806818
vt 0.443182 0.823864
vt 0.431818 0.818182
vt 0.477273 0.806818
vt 0.465909 0.812500
vt 0.465909 0.801136
vt 0.477273 0.818182
vt 0.477273 0.829545
vt 0.465909 0.835227
vt 0.465909 0.823864
vt 0.227273 0.659091
vt 0.215909 0.653409
vt 0.227273 0.647727
vt 0.215909 0.664773
vt 0.204545 0.659091
vt 0.250000 0.647727
vt 0.238636 0.653409
vt 0.238636 0.642045
vt 0.250000 0.659091
vt 0.250000 0.670454
vt 0.238636 0.676136
vt 0.238636 0.664773
vt 0.272727 0.681818
vt 0.261364 0.676136
vt 0.272727 0.670454
vt 0.261364 0.687500
vt 0.250000 0.681818
vt 0.295454 0.670454
vt 0.284091 0.676136
vt 0.284091 0.664773
vt 0.295454 0.681818
vt 0.295454 0.693182
vt 0.284091 0.698864
vt 0.284091 0.687500
vt 0.318182 0.704545
vt 0.306818 0.698864
vt 0.318182 0.693182
vt 0.306818 0.710227
vt 0.295454 0.704545
vt 0.340909 0.693182
vt 0.329545 0.698864
vt 0.329545 0.687500
vt 0.340909 0.704545
vt 0.340909 0.715909
vt 0.329545 0.721591
vt 0.329545 0.710227
vt 0.363636 0.727273
vt 0.352273 0.721591
vt 0.363636 0.715909
vt 0.352273 0.732954
vt 0.340909 0.727273
vt 0.386364 0.715909
vt 0.375000 0.721591
vt 0.375000 0.710227
vt 0.386364 0.727273
vt 0.386364 0.738636
vt 0.375000 0.744318
vt 0.375000 0.732954
vt 0.409091 0.750000
vt 0.397727 0.744318
vt 0.409091 0.738636
vt 0.397727 0.755682
vt 0.386364 0.750000
vt 0.431818 0.738636
vt 0.420455 0.744318
vt 0.420455 0.732954
vt 0.431818 0.750000
vt 0.431818 0.761363
vt 0.420455 0.767045
vt 0.420455 0.755682
vt 0.454545 0.772727
vt 0.443182 0.767045
vt 0.454545 0.761363
vt 0.443182 0.778409
vt 0.431818 0.772727
vt 0.477273 0.761363
vt 0.465909 0.767045
vt 0.465909 0.755682
vt 0.477273 0.772727
vt 0.477273 0.784091
vt 0.465909 0.789773
vt 0.465909 0.778409
vt 0.272727 0.636364
vt 0.261364 0.630682
vt 0.272727 0.625000
vt 0.261364 0.642045
vt 0.250000 0.636364
vt 0.295455 0.625000
vt 0.284091 0.630682
vt 0.284091 0.619318
vt 0.295454 0.636364
vt 0.295454 0.647727
vt 0.284091 0.653409
vt 0.284091 0.642045
vt 0.318182 0.659091
vt 0.306818 0.653409
vt 0.318182 0.647727
vt 0.306818 0.664773
vt 0.295454 0.659091
vt 0.340909 0.647727
vt 0.329545 0.653409
vt 0.329545 0.642045
vt 0.340909 0.659091
vt 0.340909 0.670454
vt 0.329545 0.676136
vt 0.329545 0.664773
vt 0.363636 0.681818
vt 0.352273 0.676136
vt 0.363636 0.670454
vt 0.352273 0.687500
vt 0.340909 0.681818
vt 0.386364 0.670454
vt 0.375000 0.676136
vt 0.375000 0.664773
vt 0.386364 0.681818
vt 0.386364 0.693182
vt 0.375000 0.698864
vt 0.375000 0.687500
vt 0.409091 0.704545
vt 0.397727 0.698864
vt 0.409091 0.693182
vt 0.397727 0.710227
vt 0.386364 0.704545
vt 0.431818 0.693182
vt 0.420455 0.698864
vt 0.420455 0.687500
vt 0.431818 0.704545
vt 0.431818 0.715909
vt 0.420455 0.721591
vt 0.420455 0.710227
vt 0.454545 0.727273
vt 0.443182 0.721591
vt 0.454545 0.715909
vt 0.443182 0.732954
vt 0.431818 0.727273
vt 0.477273 0.715909
vt 0.465909 0.721591
vt 0.465909 0.710227
vt 0.477273 0.727273
vt 0.477273 0.738636
vt 0.465909 0.744318
vt 0.465909 0.732954
vt 0.318182 0.613636
vt 0.306818 0.607955
vt 0.318182 0.602273
vt 0.306818 0.619318
vt 0.295455 0.613636
vt 0.340909 0.602273
vt 0.329545 0.607955
vt 0.329545 0.596591
vt 0.340909 0.613636
vt 0.340909 0.625000
vt 0.329545 0.630682
vt 0.329545 0.619318
vt 0.363636 0.636364
vt 0.352273 0.630682
vt 0.363636 0.625000
vt 0.352273 0.642045
vt 0.340909 0.636364
vt 0.386364 0.625000
vt 0.375000 0.630682
vt 0.375000 0.619318
vt 0.386364 0.636364
vt 0.386364 0.647727
vt 0.375000 0.653409
vt 0.375000 0.642045
vt 0.409091 0.659091
vt 0.397727 0.653409
vt 0.409091 0.647727
vt 0.397727 0.664773
vt 0.386364 0.659091
vt 0.431818 0.647727
vt 0.420455 0.653409
vt 0.420455 0.642045
vt 0.431818 0.659091
vt 0.431818 0.670454
vt 0.420455 0.676136
vt 0.420455 0.664773
vt 0.454545 0.681818
vt 0.443182 0.676136
vt 0.454545 0.670454
vt 0.443182 0.687500
vt 0.431818 0.681818
vt 0.477273 0.670454
vt 0.465909 0.676136
vt 0.465909 0.664773
vt 0.477273 0.681818
vt 0.477273 0.693182
vt 0.465909 0.698864
vt 0.465909 0.687500
vt 0.363636 0.590909
vt 0.352273 0.585227
vt 0.363636 0.579545
vt 0.352273 0.596591
vt 0.340909 0.590909
vt 0.386364 0.579545
vt 0.375000 0.585227
vt 0.375000 0.573864
vt 0.386364 0.590909
vt 0.386364 0.602273
vt 0.375000 0.607955
vt 0.375000 0.596591
vt 0.409091 0.613636
vt 0.397727 0.607955
vt 0.409091 0.602273
vt 0.397727 0.619318
vt 0.386364 0.613636
vt 0.431818 0.602273
vt 0.420455 0.607955
vt 0.420455 0.596591
vt 0.431818 0.613636
vt 0.431818 0.625000
vt 0.420455 0.630682
vt 0.420455 0.619318
vt 0.454545 0.636364
vt 0.443182 0.630682
vt 0.454545 0.625000
vt 0.443182 0.642045
vt 0.431818 0.636364
vt 0.477273 0.625000
vt 0.465909 0.630682
vt 0.465909 0.619318
vt 0.477273 0.636364
vt 0.477273 0.647727
vt 0.465909 0.653409
vt 0.465909 0.642045
vt 0.409091 0.568182
vt 0.397727 0.562500
vt 0.409091 0.556818
vt 0.397727 0.573864
vt 0.386364 0.568182
vt 0.431818 0.556818
vt 0.420455 0.562500
vt 0.420455 0.551136
vt 0.431818 0.568182
vt 0.431818 0.579545
vt 0.420455 0.585227
vt 0.420455 0.573864
vt 0.454545 0.590909
vt 0.443182 0.585227
vt 0.454545 0.579545
vt 0.443182 0.596591
vt 0.431818 0.590909
vt 0.477273 0.579545
vt 0.465909 0.585227
vt 0.465909 0.573864
vt 0.477273 0.590909
vt 0.477273 0.602273
vt 0.465909 0.607955
vt 0.465909 0.596591
vt 0.454545 0.545454
vt 0.443182 0.539773
vt 0.454545 0.534091
vt 0.443182 0.551136
vt 0.431818 0.545454
vt 0.477273 0.534091
vt 0.465909 0.539773
vt 0.465909 0.528409
vt 0.477273 0.545454
vt 0.477273 0.556818
vt 0.465909 0.562500
vt 0.465909 0.551136
vt 0.500000 0.931818
vt 0.488636 0.926136
vt 0.500000 0.920455
vt 0.488636 0.937500
vt 0.477273 0.931818
vt 0.500000 0.886364
vt 0.488636 0.880682
vt 0.500000 0.875000
vt 0.488636 0.892045
vt 0.477273 0.886364
vt 0.500000 0.840909
vt 0.488636 0.835227
vt 0.500000 0.829545
vt 0.488636 0.846591
vt 0.477273 0.840909
vt 0.500000 0.795454
vt 0.488636 0.789773
vt 0.500000 0.784091
vt 0.488636 0.801136
vt 0.477273 0.795454
vt 0.500000 0.750000
vt 0.488636 0.744318
vt 0.500000 0.738636
vt 0.488636 0.755682
vt 0.477273 0.750000
vt 0.500000 0.704545
vt 0.488636 0.698864
vt 0.500000 0.693182
vt 0.488636 0.710227
vt 0.477273 0.704545
vt 0.500000 0.659091
vt 0.488636 0.653409
vt 0.500000 0.647727
vt 0.488636 0.664773
vt 0.477273 0.659091
vt 0.500000 0.613636
vt 0.488636 0.607955
vt 0.500000 0.602273
vt 0.488636 0.619318
vt 0.477273 0.613636
vt 0.500000 0.568182
vt 0.488636 0.562500
vt 0.500000 0.556818
vt 0.488636 0.573864
vt 0.477273 0.568182
vt 0.500000 0.522727
vt 0.488636 0.517045
vt 0.500000 0.511364
vt 0.488636 0.528409
vt 0.477273 0.522727
vt 0.022727 0.284091
vt 0.022727 0.272727
vt 0.034091 0.278409
vt 0.011364 0.278409
vt 0.000000 0.272727
vt 0.000002 0.261365
vt 0.011364 0.267045
vt 0.045455 0.295455
vt 0.034091 0.289773
vt 0.045455 0.284091
vt 0.034091 0.301136
vt 0.022727 0.306818
vt 0.011364 0.301136
vt 0.022727 0.295455
vt 0.022727 0.329545
vt 0.022727 0.318182
vt 0.034091 0.323864
vt 0.011364 0.323864
vt 0.000000 0.318182
vt 0.000000 0.306818
vt 0.011364 0.312500
vt 0.045455 0.340909
vt 0.034091 0.335227
vt 0.045455 0.329545
vt 0.034091 0.346591
vt 0.022727 0.352273
vt 0.011364 0.346591
vt 0.022727 0.340909
vt 0.022727 0.375000
vt 0.022727 0.363636
vt 0.034091 0.369318
vt 0.011364 0.369318
vt 0.000000 0.363636
vt 0.000000 0.352273
vt 0.011364 0.357955
vt 0.045455 0.386364
vt 0.034091 0.380682
vt 0.045455 0.375000
vt 0.034091 0.392045
vt 0.022727 0.397727
vt 0.011364 0.392045
vt 0.022727 0.386364
vt 0.022727 0.420455
vt 0.022727 0.409091
vt 0.034091 0.414773
vt 0.011364 0.414773
vt 0.000000 0.409091
vt 0.000000 0.397727
vt 0.011364 0.403409
vt 0.045455 0.431818
vt 0.034091 0.426136
vt 0.045455 0.420455
vt 0.034091 0.437500
vt 0.022727 0.443182
vt 0.011364 0.437500
vt 0.022727 0.431818
vt 0.022727 0.465909
vt 0.022727 0.454545
vt 0.034091 0.460227
vt 0.011364 0.460227
vt 0.000000 0.454545
vt 0.000000 0.443182
vt 0.011364 0.448864
vt 0.045455 0.477273
vt 0.034091 0.471591
vt 0.045455 0.465909
vt 0.034091 0.482955
vt 0.022727 0.488636
vt 0.011364 0.482955
vt 0.022727 0.477273
vt 0.022727 0.511364
vt 0.022727 0.500000
vt 0.034091 0.505682
vt 0.011364 0.505682
vt 0.000000 0.500000
vt 0.000000 0.488636
vt 0.011364 0.494318
vt 0.045455 0.522727
vt 0.034091 0.517045
vt 0.045455 0.511364
vt 0.034091 0.528409
vt 0.022727 0.534091
vt 0.011364 0.528409
vt 0.022727 0.522727
vt 0.022727 0.556818
vt 0.022727 0.545454
vt 0.034091 0.551136
vt 0.011364 0.551136
vt 0.000000 0.545454
vt 0.000000 0.534091
vt 0.011364 0.539773
vt 0.045455 0.568182
vt 0.034091 0.562500
vt 0.045455 0.556818
vt 0.034091 0.573864
vt 0.022727 0.579545
vt 0.011364 0.573864
vt 0.022727 0.568182
vt 0.022727 0.602273
vt 0.022727 0.590909
vt 0.034091 0.596591
vt 0.011364 0.596591
vt 0.000000 0.590909
vt 0.000000 0.579545
vt 0.011364 0.585227
vt 0.045455 0.613636
vt 0.034091 0.607955
vt 0.045455 0.602273
vt 0.034091 0.619318
vt 0.022727 0.625000
vt 0.011364 0.619318
vt 0.022727 0.613636
vt 0.022727 0.647727
vt 0.022727 0.636364
vt 0.034091 0.642045
vt 0.011364 0.642045
vt 0.000000 0.636364
vt 0.000000 0.625000
vt 0.011364 0.630682
vt 0.045455 0.659091
vt 0.034091 0.653409
vt 0.045455 0.647727
vt 0.034091 0.664773
vt 0.022727 0.670454
vt 0.011364 0.664773
vt 0.022727 0.659091
vt 0.022727 0.693182
vt 0.022727 0.681818
vt 0.034091 0.687500
vt 0.011364 0.687500
vt 0.000000 0.681818
vt 0.000000 0.670454
vt 0.011364 0.676136
vt 0.045455 0.704545
vt 0.034091 0.698864
vt 0.045455 0.693182
vt 0.034091 0.710227
vt 0.022727 0.715909
vt 0.011364 0.710227
vt 0.022727 0.704545
vt 0.068182 0.306818
vt 0.068182 0.295455
vt 0.079546 0.301136
vt 0.056818 0.301136
vt 0.056818 0.289773
vt 0.090909 0.318182
vt 0.079546 0.312500
vt 0.090909 0.306818
vt 0.079546 0.323864
vt 0.068182 0.329545
vt 0.056818 0.323864
vt 0.068182 0.318182
vt 0.068182 0.352273
vt 0.068182 0.340909
vt 0.079546 0.346591
vt 0.056818 0.346591
vt 0.056818 0.335227
vt 0.090909 0.363636
vt 0.079546 0.357955
vt 0.090909 0.352273
vt 0.079546 0.369318
vt 0.068182 0.375000
vt 0.056818 0.369318
vt 0.068182 0.363636
vt 0.068182 0.397727
vt 0.068182 0.386364
vt 0.079546 0.392045
vt 0.056818 0.392045
vt 0.056818 0.380682
vt 0.090909 0.409091
vt 0.079546 0.403409
vt 0.090909 0.397727
vt 0.079546 0.414773
vt 0.068182 0.420455
vt 0.056818 0.414773
vt 0.068182 0.409091
vt 0.068182 0.443182
vt 0.068182 0.431818
vt 0.079546 0.437500
vt 0.056818 0.437500
vt 0.056818 0.426136
vt 0.090909 0.454545
vt 0.079546 0.448864
vt 0.090909 0.443182
vt 0.079546 0.460227
vt 0.068182 0.465909
vt 0.056818 0.460227
vt 0.068182 0.454545
vt 0.068182 0.488636
vt 0.068182 0.477273
vt 0.079546 0.482955
vt 0.056818 0.482955
vt 0.056818 0.471591
vt 0.090909 0.500000
vt 0.079546 0.494318
vt 0.090909 0.488636
vt 0.079546 0.505682
vt 0.068182 0.511364
vt 0.056818 0.505682
vt 0.068182 0.500000
vt 0.068182 0.534091
vt 0.068182 0.522727
vt 0.079546 0.528409
vt 0.056818 0.528409
vt 0.056818 0.517045
vt 0.090909 0.545454
vt 0.079546 0.539773
vt 0.090909 0.534091
vt 0.079546 0.551136
vt 0.068182 0.556818
vt 0.056818 0.551136
vt 0.068182 0.545454
vt 0.068182 0.579545
vt 0.068182 0.568182
vt 0.079546 0.573864
vt 0.056818 0.573864
vt 0.056818 0.562500
vt 0.090909 0.590909
vt 0.079546 0.585227
vt 0.090909 0.579545
vt 0.079546 0.596591
vt 0.068182 0.602273
vt 0.056818 0.596591
vt 0.068182 0.590909
vt 0.068182 0.625000
vt 0.068182 0.613636
vt 0.079546 0.619318
vt 0.056818 0.619318
vt 0.056818 0.607955
vt 0.090909 0.636364
vt 0.079546 0.630682
vt 0.090909 0.625000
vt 0.079546 0.642045
vt 0.068182 0.647727
vt 0.056818 0.642045
vt 0.068182 0.636364
vt 0.068182 0.670454
vt 0.068182 0.659091
vt 0.079546 0.664773
vt 0.056818 0.664773
vt 0.056818 0.653409
vt 0.090909 0.681818
vt 0.079546 0.676136
vt 0.090909 0.670454
vt 0.079546 0.687500
vt 0.068182 0.693182
vt 0.056818 0.687500
vt 0.068182 0.681818
vt 0.113636 0.329545
vt 0.113636 0.318182
vt 0.125000 0.323864
vt 0.102273 0.323864
vt 0.102273 0.312500
vt 0.136364 0.340909
vt 0.125000 0.335227
vt 0.136364 0.329545
vt 0.125000 0.346591
vt 0.113636 0.352273
vt 0.102273 0.346591
vt 0.113636 0.340909
vt 0.113636 0.375000
vt 0.113636 0.363636
vt 0.125000 0.369318
vt 0.102273 0.369318
vt 0.102273 0.357955
vt 0.136364 0.386364
vt 0.125000 0.380682
vt 0.136364 0.375000
vt 0.125000 0.392045
vt 0.113636 0.397727
vt 0.102273 0.392045
vt 0.113636 0.386364
vt 0.113636 0.420455
vt 0.113636 0.409091
vt 0.125000 0.414773
vt 0.102273 0.414773
vt 0.102273 0.403409
vt 0.136364 0.431818
vt 0.125000 0.426136
vt 0.136364 0.420455
vt 0.125000 0.437500
vt 0.113636 0.443182
vt 0.102273 0.437500
vt 0.113636 0.431818
vt 0.113636 0.465909
vt 0.113636 0.454545
vt 0.125000 0.460227
vt 0.102273 0.460227
vt 0.102273 0.448864
vt 0.136364 0.477273
vt 0.125000 0.471591
vt 0.136364 0.465909
vt 0.125000 0.482955
vt 0.113636 0.488636
vt 0.102273 0.482955
vt 0.113636 0.477273
vt 0.113636 0.511364
vt 0.113636 0.500000
vt 0.125000 0.505682
vt 0.102273 0.505682
vt 0.102273 0.494318
vt 0.136364 0.522727
vt 0.125000 0.517045
vt 0.136364 0.511364
vt 0.125000 0.528409
vt 0.113636 0.534091
vt 0.102273 0.528409
vt 0.113636 0.522727
vt 0.113636 0.556818
vt 0.113636 0.545454
vt 0.125000 0.551136
vt 0.102273 0.551136
vt 0.102273 0.539773
vt 0.136364 0.568182
vt 0.125000 0.562500
vt 0.136364 0.556818
vt 0.125000 0.573864
vt 0.113636 0.579545
vt 0.102273 0.573864
vt 0.113636 0.568182
vt 0.113636 0.602273
vt 0.113636 0.590909
vt 0.125000 0.596591
vt 0.102273 0.596591
vt 0.102273 0.585227
vt 0.136364 0.613636
vt 0.125000 0.607955
vt 0.136364 0.602273
vt 0.125000 0.619318
vt 0.113636 0.625000
vt 0.102273 0.619318
vt 0.113636 0.613636
vt 0.113636 0.647727
vt 0.113636 0.636364
vt 0.125000 0.642045
vt 0.102273 0.642045
vt 0.102273 0.630682
vt 0.136364 0.659091
vt 0.125000 0.653409
vt 0.136364 0.647727
vt 0.125000 0.664773
vt 0.113636 0.670454
vt 0.102273 0.664773
vt 0.113636 0.659091
vt 0.159091 0.352273
vt 0.159091 0.340909
vt 0.170455 0.346591
vt 0.147727 0.346591
vt 0.147727 0.335227
vt 0.181818 0.363636
vt 0.170455 0.357955
vt 0.181818 0.352273
vt 0.170455 0.369318
vt 0.159091 0.375000
vt 0.147727 0.369318
vt 0.159091 0.363636
vt 0.159091 0.397727
vt 0.159091 0.386364
vt 0.170455 0.392045
vt 0.147727 0.392045
vt 0.147727 0.380682
vt 0.181818 0.409091
vt 0.170455 0.403409
vt 0.181818 0.397727
vt 0.170455 0.414773
vt 0.159091 0.420455
vt 0.147727 0.414773
vt 0.159091 0.409091
vt 0.159091 0.443182
vt 0.159091 0.431818
vt 0.170455 0.437500
vt 0.147727 0.437500
vt 0.147727 0.426136
vt 0.181818 0.454545
vt 0.170455 0.448864
vt 0.181818 0.443182
vt 0.170455 0.460227
vt 0.159091 0.465909
vt 0.147727 0.460227
vt 0.159091 0.454545
vt 0.159091 0.488636
vt 0.159091 0.477273
vt 0.170455 0.482955
vt 0.147727 0.482955
vt 0.147727 0.471591
vt 0.181818 0.500000
vt 0.170455 0.494318
vt 0.181818 0.488636
vt 0.170455 0.505682
vt 0.159091 0.511364
vt 0.147727 0.505682
vt 0.159091 0.500000
vt 0.159091 0.534091
vt 0.159091 0.522727
vt 0.170455 0.528409
vt 0.147727 0.528409
vt 0.147727 0.517045
vt 0.181818 0.545454
vt 0.170455 0.539773
vt 0.181818 0.534091
vt 0.170455 0.551136
vt 0.159091 0.556818
vt 0.147727 0.551136
vt 0.159091 0.545454
vt 0.159091 0.579545
vt 0.159091 0.568182
vt 0.170455 0.573864
vt 0.147727 0.573864
vt 0.147727 0.562500
vt 0.181818 0.590909
vt 0.170455 0.585227
vt 0.181818 0.579545
vt 0.170455 0.596591
vt 0.159091 0.602273
vt 0.147727 0.596591
vt 0.159091 0.590909
vt 0.159091 0.625000
vt 0.159091 0.613636
vt 0.170455 0.619318
vt 0.147727 0.619318
vt 0.147727 0.607955
vt 0.181818 0.636364
vt 0.170455 0.630682
vt 0.181818 0.625000
vt 0.170455 0.642045
vt 0.159091 0.647727
vt 0.147727 0.642045
vt 0.159091 0.636364
vt 0.204546 0.375000
vt 0.204546 0.363636
vt 0.215909 0.369318
vt 0.193182 0.369318
vt 0.193182 0.357955
vt 0.227273 0.386364
vt 0.215909 0.380682
vt 0.227273 0.375000
vt 0.215909 0.392045
vt 0.204546 0.397727
vt 0.193182 0.392045
vt 0.204546 0.386364
vt 0.204546 0.420455
vt 0.204546 0.409091
vt 0.215909 0.414773
vt 0.193182 0.414773
vt 0.193182 0.403409
vt 0.227273 0.431818
vt 0.215909 0.426136
vt 0.227273 0.420455
vt 0.215909 0.437500
vt 0.204546 0.443182
vt 0.193182 0.437500
vt 0.204546 0.431818
vt 0.204546 0.465909
vt 0.204546 0.454545
vt 0.215909 0.460227
vt 0.193182 0.460227
vt 0.193182 0.448864
vt 0.227273 0.477273
vt 0.215909 0.471591
vt 0.227273 0.465909
vt 0.215909 0.482955
vt 0.204546 0.488636
vt 0.193182 0.482955
vt 0.204546 0.477273
vt 0.204546 0.511364
vt 0.204546 0.500000
vt 0.215909 0.505682
vt 0.193182 0.505682
vt 0.193182 0.494318
vt 0.227273 0.522727
vt 0.215909 0.517045
vt 0.227273 0.511364
vt 0.215909 0.528409
vt 0.204546 0.534091
vt 0.193182 0.528409
vt 0.204546 0.522727
vt 0.204546 0.556818
vt 0.204546 0.545454
vt 0.215909 0.551136
vt 0.193182 0.551136
vt 0.193182 0.539773
vt 0.227273 0.568182
vt 0.215909 0.562500
vt 0.227273 0.556818
vt 0.215909 0.573864
vt 0.204546 0.579545
vt 0.193182 0.573864
vt 0.204546 0.568182
vt 0.204546 0.602273
vt 0.204545 0.590909
vt 0.215909 0.596591
vt 0.193182 0.596591
vt 0.193182 0.585227
vt 0.227273 0.613636
vt 0.215909 0.607955
vt 0.227273 0.602273
vt 0.215909 0.619318
vt 0.204546 0.625000
vt 0.193182 0.619318
vt 0.204546 0.613636
vt 0.250000 0.397727
vt 0.250000 0.386364
vt 0.261364 0.392045
vt 0.238636 0.392045
vt 0.238636 0.380682
vt 0.272727 0.409091
vt 0.261364 0.403409
vt 0.272727 0.397727
vt 0.261364 0.414773
vt 0.250000 0.420455
vt 0.238636 0.414773
vt 0.250000 0.409091
vt 0.250000 0.443182
vt 0.250000 0.431818
vt 0.261364 0.437500
vt 0.238636 0.437500
vt 0.238636 0.426136
vt 0.272727 0.454545
vt 0.261364 0.448864
vt 0.272727 0.443182
vt 0.261364 0.460227
vt 0.250000 0.465909
vt 0.238636 0.460227
vt 0.250000 0.454545
vt 0.250000 0.488636
vt 0.250000 0.477273
vt 0.261364 0.482955
vt 0.238636 0.482955
vt 0.238636 0.471591
vt 0.272727 0.500000
vt 0.261364 0.494318
vt 0.272727 0.488636
vt 0.261364 0.505682
vt 0.250000 0.511364
vt 0.238636 0.505682
vt 0.250000 0.500000
vt 0.250000 0.534091
vt 0.250000 0.522727
vt 0.261364 0.528409
vt 0.238636 0.528409
vt 0.238636 0.517045
vt 0.272727 0.545454
vt 0.261364 0.539773
vt 0.272727 0.534091
vt 0.261364 0.551136
vt 0.250000 0.556818
vt 0.238636 0.551136
vt 0.250000 0.545454
vt 0.250000 0.579545
vt 0.250000 0.568182
vt 0.261364 0.573864
vt 0.238636 0.573864
vt 0.238636 0.562500
vt 0.272727 0.590909
vt 0.261364 0.585227
vt 0.272727 0.579545
vt 0.261364 0.596591
vt 0.250000 0.602273
vt 0.238636 0.596591
vt 0.250000 0.590909
vt 0.295455 0.420455
vt 0.295455 0.409091
vt 0.306818 0.414773
vt 0.284091 0.414773
vt 0.284091 0.403409
vt 0.318182 0.431818
vt 0.306818 0.426136
vt 0.318182 0.420455
vt 0.306818 0.437500
vt 0.295454 0.443182
vt 0.284091 0.437500
vt 0.295454 0.431818
vt 0.295454 0.465909
vt 0.295454 0.454545
vt 0.306818 0.460227
vt 0.284091 0.460227
vt 0.284091 0.448864
vt 0.318182 0.477273
vt 0.306818 0.471591
vt 0.318182 0.465909
vt 0.306818 0.482955
vt 0.295455 0.488636
vt 0.284091 0.482955
vt 0.295455 0.477273
vt 0.295454 0.511364
vt 0.295454 0.500000
vt 0.306818 0.505682
vt 0.284091 0.505682
vt 0.284091 0.494318
vt 0.318182 0.522727
vt 0.306818 0.517045
vt 0.318182 0.511364
vt 0.306818 0.528409
vt 0.295454 0.534091
vt 0.284091 0.528409
vt 0.295455 0.522727
vt 0.295454 0.556818
vt 0.295455 0.545454
vt 0.306818 0.551136
vt 0.284091 0.551136
vt 0.284091 0.539773
vt 0.318182 0.568182
vt 0.306818 0.562500
vt 0.318182 0.556818
vt 0.306818 0.573864
vt 0.295455 0.579545
vt 0.284091 0.573864
vt 0.295455 0.568182
vt 0.340909 0.443182
vt 0.340909 0.431818
vt 0.352273 0.437500
vt 0.329545 0.437500
vt 0.329545 0.426136
vt 0.363636 0.454545
vt 0.352273 0.448864
vt 0.363636 0.443182
vt 0.352273 0.460227
vt 0.340909 0.465909
vt 0.329545 0.460227
vt 0.340909 0.454545
vt 0.340909 0.488636
vt 0.340909 0.477273
vt 0.352273 0.482955
vt 0.329545 0.482955
vt 0.329545 0.471591
vt 0.363636 0.500000
vt 0.352273 0.494318
vt 0.363636 0.488636
vt 0.352273 0.505682
vt 0.340909 0.511364
vt 0.329545 0.505682
vt 0.340909 0.500000
vt 0.340909 0.534091
vt 0.340909 0.522727
vt 0.352273 0.528409
vt 0.329545 0.528409
vt 0.329545 0.517045
vt 0.363636 0.545454
vt 0.352273 0.539773
vt 0.363636 0.534091
vt 0.352273 0.551136
vt 0.340909 0.556818
vt 0.329545 0.551136
vt 0.340909 0.545454
vt 0.386364 0.465909
vt 0.386364 0.454545
vt 0.397727 0.460227
vt 0.375000 0.460227
vt 0.375000 0.448864
vt 0.409091 0.477273
vt 0.397727 0.471591
vt 0.409091 0.465909
vt 0.397727 0.482955
vt 0.386364 0.488636
vt 0.375000 0.482955
vt 0.386364 0.477273
vt 0.386364 0.511364
vt 0.386364 0.500000
vt 0.397727 0.505682
vt 0.375000 0.505682
vt 0.375000 0.494318
vt 0.409091 0.522727
vt 0.397727 0.517045
vt 0.409091 0.511364
vt 0.397727 0.528409
vt 0.386364 0.534091
vt 0.375000 0.528409
vt 0.386364 0.522727
vt 0.431818 0.488636
vt 0.431818 0.477273
vt 0.443182 0.482955
vt 0.420455 0.482955
vt 0.420455 0.471591
vt 0.454545 0.500000
vt 0.443182 0.494318
vt 0.454545 0.488636
vt 0.443182 0.505682
vt 0.431818 0.511364
vt 0.420455 0.505682
vt 0.431818 0.500000
vt 0.068182 0.715909
vt 0.068182 0.704545
vt 0.079546 0.710227
vt 0.056818 0.710227
vt 0.056818 0.698864
vt 0.113636 0.693182
vt 0.113636 0.681818
vt 0.125000 0.687500
vt 0.102273 0.687500
vt 0.102273 0.676136
vt 0.159091 0.670454
vt 0.159091 0.659091
vt 0.170455 0.664773
vt 0.147727 0.664773
vt 0.147727 0.653409
vt 0.204546 0.647727
vt 0.204546 0.636364
vt 0.215909 0.642045
vt 0.193182 0.642045
vt 0.193182 0.630682
vt 0.250000 0.625000
vt 0.250000 0.613636
vt 0.261364 0.619318
vt 0.238636 0.619318
vt 0.238636 0.607955
vt 0.295455 0.602273
vt 0.295455 0.590909
vt 0.306818 0.596591
vt 0.284091 0.596591
vt 0.284091 0.585227
vt 0.340909 0.579545
vt 0.340909 0.568182
vt 0.352273 0.573864
vt 0.329545 0.573864
vt 0.329545 0.562500
vt 0.386364 0.556818
vt 0.386364 0.545454
vt 0.397727 0.551136
vt 0.375000 0.551136
vt 0.375000 0.539773
vt 0.431818 0.534091
vt 0.431818 0.522727
vt 0.443182 0.528409
vt 0.420455 0.528409
vt 0.420455 0.517045
vt 0.477273 0.511364
vt 0.477273 0.500000
vt 0.488636 0.505682
vt 0.465909 0.505682
vt 0.465909 0.494318
vt 0.477273 0.034091
vt 0.488636 0.028409
vt 0.488636 0.039773
vt 0.477273 0.022727
vt 0.477273 0.011364
vt 0.488636 0.005682
vt 0.488636 0.017045
vt 0.477273 0.056818
vt 0.477273 0.045455
vt 0.488636 0.051136
vt 0.465909 0.051136
vt 0.454545 0.045455
vt 0.454545 0.034091
vt 0.465909 0.039773
vt 0.431818 0.056818
vt 0.443182 0.051136
vt 0.443182 0.062500
vt 0.431818 0.045455
vt 0.431818 0.034091
vt 0.443182 0.028409
vt 0.443182 0.039773
vt 0.431818 0.079545
vt 0.431818 0.068182
vt 0.443182 0.073864
vt 0.420455 0.073864
vt 0.409091 0.068182
vt 0.409091 0.056818
vt 0.420455 0.062500
vt 0.386364 0.079545
vt 0.397727 0.073864
vt 0.397727 0.085227
vt 0.386364 0.068182
vt 0.386364 0.056818
vt 0.397727 0.051136
vt 0.397727 0.062500
vt 0.386364 0.102273
vt 0.386364 0.090909
vt 0.397727 0.096591
vt 0.375000 0.096591
vt 0.363636 0.090909
vt 0.363636 0.079545
vt 0.375000 0.085227
vt 0.340909 0.102273
vt 0.352273 0.096591
vt 0.352273 0.107955
vt 0.340909 0.090909
vt 0.340909 0.079545
vt 0.352273 0.073864
vt 0.352273 0.085227
vt 0.340909 0.125000
vt 0.340909 0.113636
vt 0.352273 0.119318
vt 0.329545 0.119318
vt 0.318182 0.113636
vt 0.318182 0.102273
vt 0.329545 0.107955
vt 0.295454 0.125000
vt 0.306818 0.119318
vt 0.306818 0.130682
vt 0.295454 0.113636
vt 0.295454 0.102273
vt 0.306818 0.096591
vt 0.306818 0.107955
vt 0.295454 0.147727
vt 0.295454 0.136364
vt 0.306818 0.142045
vt 0.284091 0.142045
vt 0.272727 0.136364
vt 0.272727 0.125000
vt 0.284091 0.130682
vt 0.250000 0.147727
vt 0.261364 0.142045
vt 0.261364 0.153409
vt 0.250000 0.136364
vt 0.250000 0.125000
vt 0.261364 0.119318
vt 0.261364 0.130682
vt 0.250000 0.170454
vt 0.250000 0.159091
vt 0.261364 0.164773
vt 0.238636 0.164773
vt 0.227273 0.159091
vt 0.227273 0.147727
vt 0.238636 0.153409
vt 0.204546 0.170454
vt 0.215909 0.164773
vt 0.215909 0.176136
vt 0.204546 0.159091
vt 0.204546 0.147727
vt 0.215909 0.142045
vt 0.215909 0.153409
vt 0.204546 0.193182
vt 0.204546 0.181818
vt 0.215909 0.187500
vt 0.193182 0.187500
vt 0.181818 0.181818
vt 0.181818 0.170454
vt 0.193182 0.176136
vt 0.159091 0.193182
vt 0.170455 0.187500
vt 0.170455 0.198864
vt 0.159091 0.181818
vt 0.159091 0.170454
vt 0.170455 0.164773
vt 0.170455 0.176136
vt 0.159091 0.215909
vt 0.159091 0.204545
vt 0.170455 0.210227
vt 0.147727 0.210227
vt 0.136364 0.204545
vt 0.136364 0.193182
vt 0.147727 0.198864
vt 0.113636 0.215909
vt 0.125000 0.210227
vt 0.125000 0.221591
vt 0.113636 0.204545
vt 0.113636 0.193182
vt 0.125000 0.187500
vt 0.125000 0.198864
vt 0.113636 0.238636
vt 0.113636 0.227273
vt 0.125000 0.232955
vt 0.102273 0.232955
vt 0.090909 0.227273
vt 0.090909 0.215909
vt 0.102273 0.221591
vt 0.068182 0.238636
vt 0.079546 0.232955
vt 0.079546 0.244318
vt 0.068182 0.227273
vt 0.068182 0.215909
vt 0.079546 0.210227
vt 0.079546 0.221591
vt 0.068182 0.261364
vt 0.068182 0.250000
vt 0.079546 0.255682
vt 0.056818 0.255682
vt 0.045455 0.250000
vt 0.045455 0.238636
vt 0.056818 0.244318
vt 0.477273 0.079545
vt 0.488636 0.073864
vt 0.488636 0.085227
vt 0.477273 0.068182
vt 0.488636 0.062500
vt 0.477273 0.102273
vt 0.477273 0.090909
vt 0.488636 0.096591
vt 0.465909 0.096591
vt 0.454545 0.090909
vt 0.454545 0.079545
vt 0.465909 0.085227
vt 0.431818 0.102273
vt 0.443182 0.096591
vt 0.443182 0.107955
vt 0.431818 0.090909
vt 0.443182 0.085227
vt 0.431818 0.125000
vt 0.431818 0.113636
vt 0.443182 0.119318
vt 0.420455 0.119318
vt 0.409091 0.113636
vt 0.409091 0.102273
vt 0.420455 0.107955
vt 0.386364 0.125000
vt 0.397727 0.119318
vt 0.397727 0.130682
vt 0.386364 0.113636
vt 0.397727 0.107955
vt 0.386364 0.147727
vt 0.386364 0.136364
vt 0.397727 0.142045
vt 0.375000 0.142045
vt 0.363636 0.136364
vt 0.363636 0.125000
vt 0.375000 0.130682
vt 0.340909 0.147727
vt 0.352273 0.142045
vt 0.352273 0.153409
vt 0.340909 0.136364
vt 0.352273 0.130682
vt 0.340909 0.170454
vt 0.340909 0.159091
vt 0.352273 0.164773
vt 0.329545 0.164773
vt 0.318182 0.159091
vt 0.318182 0.147727
vt 0.329545 0.153409
vt 0.295455 0.170454
vt 0.306818 0.164773
vt 0.306818 0.176136
vt 0.295455 0.159091
vt 0.306818 0.153409
vt 0.295454 0.193182
vt 0.295454 0.181818
vt 0.306818 0.187500
vt 0.284091 0.187500
vt 0.272727 0.181818
vt 0.272727 0.170454
vt 0.284091 0.176136
vt 0.250000 0.193182
vt 0.261364 0.187500
vt 0.261364 0.198864
vt 0.250000 0.181818
vt 0.261364 0.176136
vt 0.250000 0.215909
vt 0.250000 0.204545
vt 0.261364 0.210227
vt 0.238636 0.210227
vt 0.227273 0.204545
vt 0.227273 0.193182
vt 0.238636 0.198864
vt 0.204546 0.215909
vt 0.215909 0.210227
vt 0.215909 0.221591
vt 0.204546 0.204545
vt 0.215909 0.198864
vt 0.204546 0.238636
vt 0.204546 0.227273
vt 0.215909 0.232955
vt 0.193182 0.232955
vt 0.181818 0.227273
vt 0.181818 0.215909
vt 0.193182 0.221591
vt 0.159091 0.238636
vt 0.170455 0.232955
vt 0.170455 0.244318
vt 0.159091 0.227273
vt 0.170455 0.221591
vt 0.159091 0.261364
vt 0.159091 0.250000
vt 0.170455 0.255682
vt 0.147727 0.255682
vt 0.136364 0.250000
vt 0.136364 0.238636
vt 0.147727 0.244318
vt 0.113636 0.261364
vt 0.125000 0.255682
vt 0.125000 0.267045
vt 0.113636 0.250000
vt 0.125000 0.244318
vt 0.113636 0.284091
vt 0.113636 0.272727
vt 0.125000 0.278409
vt 0.102273 0.278409
vt 0.090909 0.272727
vt 0.090909 0.261364
vt 0.102273 0.267045
vt 0.477273 0.125000
vt 0.488636 0.119318
vt 0.488636 0.130682
vt 0.477273 0.113636
vt 0.488636 0.107955
vt 0.477273 0.147727
vt 0.477273 0.136364
vt 0.488636 0.142045
vt 0.465909 0.142045
vt 0.454545 0.136364
vt 0.454545 0.125000
vt 0.465909 0.130682
vt 0.431818 0.147727
vt 0.443182 0.142045
vt 0.443182 0.153409
vt 0.431818 0.136364
vt 0.443182 0.130682
vt 0.431818 0.170454
vt 0.431818 0.159091
vt 0.443182 0.164773
vt 0.420455 0.164773
vt 0.409091 0.159091
vt 0.409091 0.147727
vt 0.420455 0.153409
vt 0.386364 0.170454
vt 0.397727 0.164773
vt 0.397727 0.176136
vt 0.386364 0.159091
vt 0.397727 0.153409
vt 0.386364 0.193182
vt 0.386364 0.181818
vt 0.397727 0.187500
vt 0.375000 0.187500
vt 0.363636 0.181818
vt 0.363636 0.170454
vt 0.375000 0.176136
vt 0.340909 0.193182
vt 0.352273 0.187500
vt 0.352273 0.198864
vt 0.340909 0.181818
vt 0.352273 0.176136
vt 0.340909 0.215909
vt 0.340909 0.204545
vt 0.352273 0.210227
vt 0.329545 0.210227
vt 0.318182 0.204545
vt 0.318182 0.193182
vt 0.329545 0.198864
vt 0.295454 0.215909
vt 0.306818 0.210227
vt 0.306818 0.221591
vt 0.295454 0.204545
vt 0.306818 0.198864
vt 0.295455 0.238636
vt 0.295454 0.227273
vt 0.306818 0.232954
vt 0.284091 0.232954
vt 0.272727 0.227273
vt 0.272727 0.215909
vt 0.284091 0.221591
vt 0.250000 0.238636
vt 0.261364 0.232954
vt 0.261364 0.244318
vt 0.250000 0.227273
vt 0.261364 0.221591
vt 0.250000 0.261364
vt 0.250000 0.250000
vt 0.261364 0.255682
vt 0.238636 0.255682
vt 0.227273 0.250000
vt 0.227273 0.238636
vt 0.238636 0.244318
vt 0.204546 0.261364
vt 0.215909 0.255682
vt 0.215909 0.267045
vt 0.204546 0.250000
vt 0.215909 0.244318
vt 0.204546 0.284091
vt 0.204546 0.272727
vt 0.215909 0.278409
vt 0.193182 0.278409
vt 0.181818 0.272727
vt 0.181818 0.261364
vt 0.193182 0.267045
vt 0.159091 0.284091
vt 0.170455 0.278409
vt 0.170455 0.289773
vt 0.159091 0.272727
vt 0.170455 0.267045
vt 0.159091 0.306818
vt 0.159091 0.295455
vt 0.170455 0.301136
vt 0.147727 0.301136
vt 0.136364 0.295455
vt 0.136364 0.284091
vt 0.147727 0.289773
vt 0.477273 0.170454
vt 0.488636 0.164773
vt 0.488636 0.176136
vt 0.477273 0.159091
vt 0.488636 0.153409
vt 0.477273 0.193182
vt 0.477273 0.181818
vt 0.488636 0.187500
vt 0.465909 0.187500
vt 0.454545 0.181818
vt 0.454545 0.170454
vt 0.465909 0.176136
vt 0.431818 0.193182
vt 0.443182 0.187500
vt 0.443182 0.198864
vt 0.431818 0.181818
vt 0.443182 0.176136
vt 0.431818 0.215909
vt 0.431818 0.204545
vt 0.443182 0.210227
vt 0.420455 0.210227
vt 0.409091 0.204545
vt 0.409091 0.193182
vt 0.420455 0.198864
vt 0.386364 0.215909
vt 0.397727 0.210227
vt 0.397727 0.221591
vt 0.386364 0.204545
vt 0.397727 0.198864
vt 0.386364 0.238636
vt 0.386364 0.227273
vt 0.397727 0.232955
vt 0.375000 0.232955
vt 0.363636 0.227273
vt 0.363636 0.215909
vt 0.375000 0.221591
vt 0.340909 0.238636
vt 0.352273 0.232955
vt 0.352273 0.244318
vt 0.340909 0.227273
vt 0.352273 0.221591
vt 0.340909 0.261364
vt 0.340909 0.250000
vt 0.352273 0.255682
vt 0.329545 0.255682
vt 0.318182 0.250000
vt 0.318182 0.238636
vt 0.329545 0.244318
vt 0.295454 0.261364
vt 0.306818 0.255682
vt 0.306818 0.267045
vt 0.295455 0.250000
vt 0.306818 0.244318
vt 0.295454 0.284091
vt 0.295454 0.272727
vt 0.306818 0.278409
vt 0.284091 0.278409
vt 0.272727 0.272727
vt 0.272727 0.261364
vt 0.284091 0.267045
vt 0.250000 0.284091
vt 0.261364 0.278409
vt 0.261364 0.289773
vt 0.250000 0.272727
vt 0.261364 0.267045
vt 0.250000 0.306818
vt 0.250000 0.295455
vt 0.261364 0.301136
vt 0.238636 0.301136
vt 0.227273 0.295455
vt 0.227273 0.284091
vt 0.238636 0.289773
vt 0.204546 0.306818
vt 0.215909 0.301136
vt 0.215909 0.312500
vt 0.204546 0.295455
vt 0.215909 0.289773
vt 0.204546 0.329545
vt 0.204546 0.318182
vt 0.215909 0.323864
vt 0.193182 0.323864
vt 0.181818 0.318182
vt 0.181818 0.306818
vt 0.193182 0.312500
vt 0.477273 0.215909
vt 0.488636 0.210227
vt 0.488636 0.221591
vt 0.477273 0.204545
vt 0.488636 0.198864
vt 0.477273 0.238636
vt 0.477273 0.227273
vt 0.488636 0.232955
vt 0.465909 0.232955
vt 0.454545 0.227273
vt 0.454545 0.215909
vt 0.465909 0.221591
vt 0.431818 0.238636
vt 0.443182 0.232955
vt 0.443182 0.244318
vt 0.431818 0.227273
vt 0.443182 0.221591
vt 0.431818 0.261364
vt 0.431818 0.250000
vt 0.443182 0.255682
vt 0.420455 0.255682
vt 0.409091 0.250000
vt 0.409091 0.238636
vt 0.420455 0.244318
vt 0.386364 0.261364
vt 0.397727 0.255682
vt 0.397727 0.267045
vt 0.386364 0.250000
vt 0.397727 0.244318
vt 0.386364 0.284091
vt 0.386364 0.272727
vt 0.397727 0.278409
vt 0.375000 0.278409
vt 0.363636 0.272727
vt 0.363636 0.261364
vt 0.375000 0.267045
vt 0.340909 0.284091
vt 0.352273 0.278409
vt 0.352273 0.289773
vt 0.340909 0.272727
vt 0.352273 0.267045
vt 0.340909 0.306818
vt 0.340909 0.295455
vt 0.352273 0.301136
vt 0.329545 0.301136
vt 0.318182 0.295455
vt 0.318182 0.284091
vt 0.329545 0.289773
vt 0.295454 0.306818
vt 0.306818 0.301136
vt 0.306818 0.312500
vt 0.295454 0.295455
vt 0.306818 0.289773
vt 0.295454 0.329545
vt 0.295454 0.318182
vt 0.306818 0.323864
vt 0.284091 0.323864
vt 0.272727 0.318182
vt 0.272727 0.306818
vt 0.284091 0.312500
vt 0.250000 0.329545
vt 0.261364 0.323864
vt 0.261364 0.335227
vt 0.250000 0.318182
vt 0.261364 0.312500
vt 0.250000 0.352273
vt 0.250000 0.340909
vt 0.261364 0.346591
vt 0.238636 0.346591
vt 0.227273 0.340909
vt 0.227273 0.329545
vt 0.238636 0.335227
vt 0.477273 0.261364
vt 0.488636 0.255682
vt 0.488636 0.267045
vt 0.477273 0.250000
vt 0.488636 0.244318
vt 0.477273 0.284091
vt 0.477273 0.272727
vt 0.488636 0.278409
vt 0.465909 0.278409
vt 0.454545 0.272727
vt 0.454545 0.261364
vt 0.465909 0.267045
vt 0.431818 0.284091
vt 0.443182 0.278409
vt 0.443182 0.289773
vt 0.431818 0.272727
vt 0.443182 0.267045
vt 0.431818 0.306818
vt 0.431818 0.295455
vt 0.443182 0.301136
vt 0.420455 0.301136
vt 0.409091 0.295455
vt 0.409091 0.284091
vt 0.420455 0.289773
vt 0.386364 0.306818
vt 0.397727 0.301136
vt 0.397727 0.312500
vt 0.386364 0.295455
vt 0.397727 0.289773
vt 0.386364 0.329545
vt 0.386364 0.318182
vt 0.397727 0.323864
vt 0.375000 0.323864
vt 0.363636 0.318182
vt 0.363636 0.306818
vt 0.375000 0.312500
vt 0.340909 0.329545
vt 0.352273 0.323864
vt 0.352273 0.335227
vt 0.340909 0.318182
vt 0.352273 0.312500
vt 0.340909 0.352273
vt 0.340909 0.340909
vt 0.352273 0.346591
vt 0.329545 0.346591
vt 0.318182 0.340909
vt 0.318182 0.329545
vt 0.329545 0.335227
vt 0.295454 0.352273
vt 0.306818 0.346591
vt 0.306818 0.357955
vt 0.295454 0.340909
vt 0.306818 0.335227
vt 0.295454 0.375000
vt 0.295454 0.363636
vt 0.306818 0.369318
vt 0.284091 0.369318
vt 0.272727 0.363636
vt 0.272727 0.352273
vt 0.284091 0.357955
vt 0.477273 0.306818
vt 0.488636 0.301136
vt 0.488636 0.312500
vt 0.477273 0.295455
vt 0.488636 0.289773
vt 0.477273 0.329545
vt 0.477273 0.318182
vt 0.488636 0.323864
vt 0.465909 0.323864
vt 0.454545 0.318182
vt 0.454545 0.306818
vt 0.465909 0.312500
vt 0.431818 0.329545
vt 0.443182 0.323864
vt 0.443182 0.335227
vt 0.431818 0.318182
vt 0.443182 0.312500
vt 0.431818 0.352273
vt 0.431818 0.340909
vt 0.443182 0.346591
vt 0.420455 0.346591
vt 0.409091 0.340909
vt 0.409091 0.329545
vt 0.420455 0.335227
vt 0.386364 0.352273
vt 0.397727 0.346591
vt 0.397727 0.357955
vt 0.386364 0.340909
vt 0.397727 0.335227
vt 0.386364 0.375000
vt 0.386364 0.363636
vt 0.397727 0.369318
vt 0.375000 0.369318
vt 0.363636 0.363636
vt 0.363636 0.352273
vt 0.375000 0.357955
vt 0.340909 0.375000
vt 0.352273 0.369318
vt 0.352273 0.380682
vt 0.340909 0.363636
vt 0.352273 0.357955
vt 0.340909 0.397727
vt 0.340909 0.386364
vt 0.352273 0.392045
vt 0.329545 0.392045
vt 0.318182 0.386364
vt 0.318182 0.375000
vt 0.329545 0.380682
vt 0.477273 0.352273
vt 0.488636 0.346591
vt 0.488636 0.357955
vt 0.477273 0.340909
vt 0.488636 0.335227
vt 0.477273 0.375000
vt 0.477273 0.363636
vt 0.488636 0.369318
vt 0.465909 0.369318
vt 0.454545 0.363636
vt 0.454545 0.352273
vt 0.465909 0.357955
vt 0.431818 0.375000
vt 0.443182 0.369318
vt 0.443182 0.380682
vt 0.431818 0.363636
vt 0.443182 0.357955
vt 0.431818 0.397727
vt 0.431818 0.386364
vt 0.443182 0.392045
vt 0.420455 0.392045
vt 0.409091 0.386364
vt 0.409091 0.375000
vt 0.420455 0.380682
vt 0.386364 0.397727
vt 0.397727 0.392045
vt 0.397727 0.403409
vt 0.386364 0.386364
vt 0.397727 0.380682
vt 0.386364 0.420455
vt 0.386364 0.409091
vt 0.397727 0.414773
vt 0.375000 0.414773
vt 0.363636 0.409091
vt 0.363636 0.397727
vt 0.375000 0.403409
vt 0.477273 0.397727
vt 0.488636 0.392045
vt 0.488636 0.403409
vt 0.477273 0.386364
vt 0.488636 0.380682
vt 0.477273 0.420455
vt 0.477273 0.409091
vt 0.488636 0.414773
vt 0.465909 0.414773
vt 0.454545 0.409091
vt 0.454545 0.397727
vt 0.465909 0.403409
vt 0.431818 0.420455
vt 0.443182 0.414773
vt 0.443182 0.426136
vt 0.431818 0.409091
vt 0.443182 0.403409
vt 0.431818 0.443182
vt 0.431818 0.431818
vt 0.443182 0.437500
vt 0.420455 0.437500
vt 0.409091 0.431818
vt 0.409091 0.420455
vt 0.420455 0.426136
vt 0.477273 0.443182
vt 0.488636 0.437500
vt 0.488636 0.448864
vt 0.477273 0.431818
vt 0.488636 0.426136
vt 0.477273 0.465909
vt 0.477273 0.454545
vt 0.488636 0.460227
vt 0.465909 0.460227
vt 0.454545 0.454545
vt 0.454545 0.443182
vt 0.465909 0.448864
vt 0.068182 0.284091
vt 0.079546 0.278409
vt 0.079546 0.289773
vt 0.068182 0.272727
vt 0.079546 0.267045
vt 0.113636 0.306818
vt 0.125000 0.301136
vt 0.125000 0.312500
vt 0.113636 0.295455
vt 0.125000 0.289773
vt 0.159091 0.329545
vt 0.170455 0.323864
vt 0.170455 0.335227
vt 0.159091 0.318182
vt 0.170455 0.312500
vt 0.204546 0.352273
vt 0.215909 0.346591
vt 0.215909 0.357955
vt 0.204546 0.340909
vt 0.215909 0.335227
vt 0.250000 0.375000
vt 0.261364 0.369318
vt 0.261364 0.380682
vt 0.250000 0.363636
vt 0.261364 0.357955
vt 0.295454 0.397727
vt 0.306818 0.392045
vt 0.306818 0.403409
vt 0.295454 0.386364
vt 0.306818 0.380682
vt 0.340909 0.420455
vt 0.352273 0.414773
vt 0.352273 0.426136
vt 0.340909 0.409091
vt 0.352273 0.403409
vt 0.386364 0.443182
vt 0.397727 0.437500
vt 0.397727 0.448864
vt 0.386364 0.431818
vt 0.397727 0.426136
vt 0.431818 0.465909
vt 0.443182 0.460227
vt 0.443182 0.471591
vt 0.431818 0.454545
vt 0.443182 0.448864
vt 0.477273 0.488636
vt 0.488636 0.482955
vt 0.488636 0.494318
vt 0.477273 0.477273
vt 0.488636 0.471591
vt 0.954546 0.250000
vt 0.965909 0.255682
vt 0.954546 0.261364
vt 0.965909 0.244318
vt 0.977273 0.238636
vt 0.988636 0.244318
vt 0.977273 0.250000
vt 0.931818 0.261364
vt 0.943182 0.255682
vt 0.943182 0.267045
vt 0.931818 0.250000
vt 0.931818 0.238636
vt 0.943182 0.232955
vt 0.943182 0.244318
vt 0.909091 0.227273
vt 0.920455 0.232955
vt 0.909091 0.238636
vt 0.920455 0.221591
vt 0.931818 0.215909
vt 0.943182 0.221591
vt 0.931818 0.227273
vt 0.886364 0.238636
vt 0.897727 0.232955
vt 0.897727 0.244318
vt 0.886364 0.227273
vt 0.886364 0.215909
vt 0.897727 0.210227
vt 0.897727 0.221591
vt 0.863636 0.204545
vt 0.875000 0.210227
vt 0.863636 0.215909
vt 0.875000 0.198864
vt 0.886364 0.193182
vt 0.897727 0.198864
vt 0.886364 0.204545
vt 0.840909 0.215909
vt 0.852273 0.210227
vt 0.852273 0.221591
vt 0.840909 0.204545
vt 0.840909 0.193182
vt 0.852273 0.187500
vt 0.852273 0.198864
vt 0.818182 0.181818
vt 0.829545 0.187500
vt 0.818182 0.193182
vt 0.829545 0.176136
vt 0.840909 0.170454
vt 0.852273 0.176136
vt 0.840909 0.181818
vt 0.795455 0.193182
vt 0.806818 0.187500
vt 0.806818 0.198864
vt 0.795455 0.181818
vt 0.795455 0.170454
vt 0.806818 0.164773
vt 0.806818 0.176136
vt 0.772727 0.159091
vt 0.784091 0.164773
vt 0.772727 0.170454
vt 0.784091 0.153409
vt 0.795455 0.147727
vt 0.806818 0.153409
vt 0.795455 0.159091
vt 0.750000 0.170454
vt 0.761364 0.164773
vt 0.761364 0.176136
vt 0.750000 0.159091
vt 0.750000 0.147727
vt 0.761364 0.142045
vt 0.761364 0.153409
vt 0.727273 0.136364
vt 0.738636 0.142045
vt 0.727273 0.147727
vt 0.738636 0.130682
vt 0.750000 0.125000
vt 0.761364 0.130682
vt 0.750000 0.136364
vt 0.704545 0.147727
vt 0.715909 0.142045
vt 0.715909 0.153409
vt 0.704545 0.136364
vt 0.704545 0.125000
vt 0.715909 0.119318
vt 0.715909 0.130682
vt 0.681818 0.113636
vt 0.693182 0.119318
vt 0.681818 0.125000
vt 0.693182 0.107955
vt 0.704545 0.102273
vt 0.715909 0.107955
vt 0.704545 0.113636
vt 0.659091 0.125000
vt 0.670455 0.119318
vt 0.670455 0.130682
vt 0.659091 0.113636
vt 0.659091 0.102273
vt 0.670455 0.096591
vt 0.670455 0.107955
vt 0.636364 0.090909
vt 0.647727 0.096591
vt 0.636364 0.102273
vt 0.647727 0.085227
vt 0.659091 0.079545
vt 0.670455 0.085227
vt 0.659091 0.090909
vt 0.613637 0.102273
vt 0.625000 0.096591
vt 0.625000 0.107955
vt 0.613637 0.090909
vt 0.613637 0.079545
vt 0.625000 0.073864
vt 0.625000 0.085227
vt 0.590909 0.068182
vt 0.602273 0.073864
vt 0.590909 0.079545
vt 0.602273 0.062500
vt 0.613637 0.056818
vt 0.625000 0.062500
vt 0.613637 0.068182
vt 0.568182 0.079545
vt 0.579546 0.073864
vt 0.579546 0.085227
vt 0.568182 0.068182
vt 0.568182 0.056818
vt 0.579546 0.051136
vt 0.579546 0.062500
vt 0.545455 0.045455
vt 0.556818 0.051136
vt 0.545455 0.056818
vt 0.556818 0.039773
vt 0.568182 0.034091
vt 0.579546 0.039773
vt 0.568182 0.045455
vt 0.522727 0.056818
vt 0.534091 0.051136
vt 0.534091 0.062500
vt 0.522727 0.045455
vt 0.522727 0.034091
vt 0.534091 0.028409
vt 0.534091 0.039773
vt 0.909091 0.272727
vt 0.920455 0.278409
vt 0.909091 0.284091
vt 0.920455 0.267045
vt 0.931818 0.272727
vt 0.886364 0.284091
vt 0.897727 0.278409
vt 0.897727 0.289773
vt 0.886364 0.272727
vt 0.886364 0.261364
vt 0.897727 0.255682
vt 0.897727 0.267045
vt 0.863636 0.250000
vt 0.875000 0.255682
vt 0.863636 0.261364
vt 0.875000 0.244318
vt 0.886364 0.250000
vt 0.840909 0.261364
vt 0.852273 0.255682
vt 0.852273 0.267045
vt 0.840909 0.250000
vt 0.840909 0.238636
vt 0.852273 0.232955
vt 0.852273 0.244318
vt 0.818182 0.227273
vt 0.829545 0.232955
vt 0.818182 0.238636
vt 0.829545 0.221591
vt 0.840909 0.227273
vt 0.795455 0.238636
vt 0.806818 0.232955
vt 0.806818 0.244318
vt 0.795455 0.227273
vt 0.795455 0.215909
vt 0.806818 0.210227
vt 0.806818 0.221591
vt 0.772727 0.204546
vt 0.784091 0.210227
vt 0.772727 0.215909
vt 0.784091 0.198864
vt 0.795455 0.204546
vt 0.750000 0.215909
vt 0.761364 0.210227
vt 0.761364 0.221591
vt 0.750000 0.204546
vt 0.750000 0.193182
vt 0.761364 0.187500
vt 0.761364 0.198864
vt 0.727273 0.181818
vt 0.738636 0.187500
vt 0.727273 0.193182
vt 0.738636 0.176136
vt 0.750000 0.181818
vt 0.704545 0.193182
vt 0.715909 0.187500
vt 0.715909 0.198864
vt 0.704545 0.181818
vt 0.704545 0.170454
vt 0.715909 0.164773
vt 0.715909 0.176136
vt 0.681818 0.159091
vt 0.693182 0.164773
vt 0.681818 0.170454
vt 0.693182 0.153409
vt 0.704545 0.159091
vt 0.659091 0.170454
vt 0.670455 0.164773
vt 0.670455 0.176136
vt 0.659091 0.159091
vt 0.659091 0.147727
vt 0.670455 0.142045
vt 0.670455 0.153409
vt 0.636364 0.136364
vt 0.647727 0.142045
vt 0.636364 0.147727
vt 0.647727 0.130682
vt 0.659091 0.136364
vt 0.613637 0.147727
vt 0.625000 0.142045
vt 0.625000 0.153409
vt 0.613637 0.136364
vt 0.613637 0.125000
vt 0.625000 0.119318
vt 0.625000 0.130682
vt 0.590909 0.113636
vt 0.602273 0.119318
vt 0.590909 0.125000
vt 0.602273 0.107955
vt 0.613637 0.113636
vt 0.568182 0.125000
vt 0.579546 0.119318
vt 0.579546 0.130682
vt 0.568182 0.113636
vt 0.568182 0.102273
vt 0.579546 0.096591
vt 0.579546 0.107955
vt 0.545455 0.090909
vt 0.556818 0.096591
vt 0.545455 0.102273
vt 0.556818 0.085227
vt 0.568182 0.090909
vt 0.522727 0.102273
vt 0.534091 0.096591
vt 0.534091 0.107955
vt 0.522727 0.090909
vt 0.522727 0.079545
vt 0.534091 0.073864
vt 0.534091 0.085227
vt 0.863636 0.295455
vt 0.875000 0.301136
vt 0.863636 0.306818
vt 0.875000 0.289773
vt 0.886364 0.295455
vt 0.840909 0.306818
vt 0.852273 0.301136
vt 0.852273 0.312500
vt 0.840909 0.295455
vt 0.840909 0.284091
vt 0.852273 0.278409
vt 0.852273 0.289773
vt 0.818182 0.272727
vt 0.829545 0.278409
vt 0.818182 0.284091
vt 0.829545 0.267045
vt 0.840909 0.272727
vt 0.795455 0.284091
vt 0.806818 0.278409
vt 0.806818 0.289773
vt 0.795455 0.272727
vt 0.795455 0.261364
vt 0.806818 0.255682
vt 0.806818 0.267045
vt 0.772727 0.250000
vt 0.784091 0.255682
vt 0.772727 0.261364
vt 0.784091 0.244318
vt 0.795455 0.250000
vt 0.750000 0.261364
vt 0.761364 0.255682
vt 0.761364 0.267045
vt 0.750000 0.250000
vt 0.750000 0.238636
vt 0.761364 0.232955
vt 0.761364 0.244318
vt 0.727273 0.227273
vt 0.738636 0.232955
vt 0.727273 0.238636
vt 0.738636 0.221591
vt 0.750000 0.227273
vt 0.704545 0.238636
vt 0.715909 0.232955
vt 0.715909 0.244318
vt 0.704545 0.227273
vt 0.704545 0.215909
vt 0.715909 0.210227
vt 0.715909 0.221591
vt 0.681818 0.204546
vt 0.693182 0.210227
vt 0.681818 0.215909
vt 0.693182 0.198864
vt 0.704545 0.204546
vt 0.659091 0.215909
vt 0.670455 0.210227
vt 0.670455 0.221591
vt 0.659091 0.204546
vt 0.659091 0.193182
vt 0.670455 0.187500
vt 0.670455 0.198864
vt 0.636364 0.181818
vt 0.647727 0.187500
vt 0.636364 0.193182
vt 0.647727 0.176136
vt 0.659091 0.181818
vt 0.613637 0.193182
vt 0.625000 0.187500
vt 0.625000 0.198864
vt 0.613637 0.181818
vt 0.613637 0.170454
vt 0.625000 0.164773
vt 0.625000 0.176136
vt 0.590909 0.159091
vt 0.602273 0.164773
vt 0.590909 0.170454
vt 0.602273 0.153409
vt 0.613637 0.159091
vt 0.568182 0.170454
vt 0.579546 0.164773
vt 0.579546 0.176136
vt 0.568182 0.159091
vt 0.568182 0.147727
vt 0.579546 0.142045
vt 0.579546 0.153409
vt 0.545455 0.136364
vt 0.556818 0.142045
vt 0.545455 0.147727
vt 0.556818 0.130682
vt 0.568182 0.136364
vt 0.522727 0.147727
vt 0.534091 0.142045
vt 0.534091 0.153409
vt 0.522727 0.136364
vt 0.522727 0.125000
vt 0.534091 0.119318
vt 0.534091 0.130682
vt 0.818182 0.318182
vt 0.829545 0.323864
vt 0.818182 0.329545
vt 0.829545 0.312500
vt 0.840909 0.318182
vt 0.795455 0.329545
vt 0.806818 0.323864
vt 0.806818 0.335227
vt 0.795455 0.318182
vt 0.795455 0.306818
vt 0.806818 0.301136
vt 0.806818 0.312500
vt 0.772727 0.295455
vt 0.784091 0.301136
vt 0.772727 0.306818
vt 0.784091 0.289773
vt 0.795455 0.295455
vt 0.750000 0.306818
vt 0.761364 0.301136
vt 0.761364 0.312500
vt 0.750000 0.295455
vt 0.750000 0.284091
vt 0.761364 0.278409
vt 0.761364 0.289773
vt 0.727273 0.272727
vt 0.738636 0.278409
vt 0.727273 0.284091
vt 0.738636 0.267045
vt 0.750000 0.272727
vt 0.704545 0.284091
vt 0.715909 0.278409
vt 0.715909 0.289773
vt 0.704545 0.272727
vt 0.704545 0.261364
vt 0.715909 0.255682
vt 0.715909 0.267045
vt 0.681818 0.250000
vt 0.693182 0.255682
vt 0.681818 0.261364
vt 0.693182 0.244318
vt 0.704545 0.250000
vt 0.659091 0.261364
vt 0.670455 0.255682
vt 0.670455 0.267045
vt 0.659091 0.250000
vt 0.659091 0.238636
vt 0.670455 0.232955
vt 0.670455 0.244318
vt 0.636364 0.227273
vt 0.647727 0.232955
vt 0.636364 0.238636
vt 0.647727 0.221591
vt 0.659091 0.227273
vt 0.613637 0.238636
vt 0.625000 0.232955
vt 0.625000 0.244318
vt 0.613637 0.227273
vt 0.613637 0.215909
vt 0.625000 0.210227
vt 0.625000 0.221591
vt 0.590909 0.204545
vt 0.602273 0.210227
vt 0.590909 0.215909
vt 0.602273 0.198864
vt 0.613637 0.204545
vt 0.568182 0.215909
vt 0.579546 0.210227
vt 0.579546 0.221591
vt 0.568182 0.204545
vt 0.568182 0.193182
vt 0.579546 0.187500
vt 0.579546 0.198864
vt 0.545455 0.181818
vt 0.556818 0.187500
vt 0.545455 0.193182
vt 0.556818 0.176136
vt 0.568182 0.181818
vt 0.522727 0.193182
vt 0.534091 0.187500
vt 0.534091 0.198864
vt 0.522727 0.181818
vt 0.522727 0.170454
vt 0.534091 0.164773
vt 0.534091 0.176136
vt 0.772727 0.340909
vt 0.784091 0.346591
vt 0.772727 0.352273
vt 0.784091 0.335227
vt 0.795455 0.340909
vt 0.750000 0.352273
vt 0.761364 0.346591
vt 0.761364 0.357955
vt 0.750000 0.340909
vt 0.750000 0.329545
vt 0.761364 0.323864
vt 0.761364 0.335227
vt 0.727273 0.318182
vt 0.738636 0.323864
vt 0.727273 0.329545
vt 0.738636 0.312500
vt 0.750000 0.318182
vt 0.704545 0.329545
vt 0.715909 0.323864
vt 0.715909 0.335227
vt 0.704545 0.318182
vt 0.704545 0.306818
vt 0.715909 0.301136
vt 0.715909 0.312500
vt 0.681818 0.295455
vt 0.693182 0.301136
vt 0.681818 0.306818
vt 0.693182 0.289773
vt 0.704545 0.295455
vt 0.659091 0.306818
vt 0.670455 0.301136
vt 0.670455 0.312500
vt 0.659091 0.295455
vt 0.659091 0.284091
vt 0.670455 0.278409
vt 0.670455 0.289773
vt 0.636364 0.272727
vt 0.647727 0.278409
vt 0.636364 0.284091
vt 0.647727 0.267045
vt 0.659091 0.272727
vt 0.613637 0.284091
vt 0.625000 0.278409
vt 0.625000 0.289773
vt 0.613637 0.272727
vt 0.613637 0.261364
vt 0.625000 0.255682
vt 0.625000 0.267045
vt 0.590909 0.250000
vt 0.602273 0.255682
vt 0.590909 0.261364
vt 0.602273 0.244318
vt 0.613637 0.250000
vt 0.568182 0.261364
vt 0.579546 0.255682
vt 0.579546 0.267045
vt 0.568182 0.250000
vt 0.568182 0.238636
vt 0.579546 0.232955
vt 0.579546 0.244318
vt 0.545455 0.227273
vt 0.556818 0.232955
vt 0.545455 0.238636
vt 0.556818 0.221591
vt 0.568182 0.227273
vt 0.522727 0.238636
vt 0.534091 0.232955
vt 0.534091 0.244318
vt 0.522727 0.227273
vt 0.522727 0.215909
vt 0.534091 0.210227
vt 0.534091 0.221591
vt 0.727273 0.363636
vt 0.738636 0.369318
vt 0.727273 0.375000
vt 0.738636 0.357955
vt 0.750000 0.363636
vt 0.704545 0.375000
vt 0.715909 0.369318
vt 0.715909 0.380682
vt 0.704545 0.363636
vt 0.704545 0.352273
vt 0.715909 0.346591
vt 0.715909 0.357955
vt 0.681818 0.340909
vt 0.693182 0.346591
vt 0.681818 0.352273
vt 0.693182 0.335227
vt 0.704545 0.340909
vt 0.659091 0.352273
vt 0.670455 0.346591
vt 0.670455 0.357955
vt 0.659091 0.340909
vt 0.659091 0.329545
vt 0.670455 0.323864
vt 0.670455 0.335227
vt 0.636364 0.318182
vt 0.647727 0.323864
vt 0.636364 0.329545
vt 0.647727 0.312500
vt 0.659091 0.318182
vt 0.613637 0.329545
vt 0.625000 0.323864
vt 0.625000 0.335227
vt 0.613637 0.318182
vt 0.613637 0.306818
vt 0.625000 0.301136
vt 0.625000 0.312500
vt 0.590909 0.295455
vt 0.602273 0.301136
vt 0.590909 0.306818
vt 0.602273 0.289773
vt 0.613637 0.295455
vt 0.568182 0.306818
vt 0.579546 0.301136
vt 0.579546 0.312500
vt 0.568182 0.295455
vt 0.568182 0.284091
vt 0.579546 0.278409
vt 0.579546 0.289773
vt 0.545455 0.272727
vt 0.556818 0.278409
vt 0.545455 0.284091
vt 0.556818 0.267045
vt 0.568182 0.272727
vt 0.522727 0.284091
vt 0.534091 0.278409
vt 0.534091 0.289773
vt 0.522727 0.272727
vt 0.522727 0.261364
vt 0.534091 0.255682
vt 0.534091 0.267045
vt 0.681818 0.386364
vt 0.693182 0.392045
vt 0.681818 0.397727
vt 0.693182 0.380682
vt 0.704545 0.386364
vt 0.659091 0.397727
vt 0.670455 0.392045
vt 0.670455 0.403409
vt 0.659091 0.386364
vt 0.659091 0.375000
vt 0.670455 0.369318
vt 0.670455 0.380682
vt 0.636364 0.363636
vt 0.647727 0.369318
vt 0.636364 0.375000
vt 0.647727 0.357955
vt 0.659091 0.363636
vt 0.613637 0.375000
vt 0.625000 0.369318
vt 0.625000 0.380682
vt 0.613637 0.363636
vt 0.613637 0.352273
vt 0.625000 0.346591
vt 0.625000 0.357955
vt 0.590909 0.340909
vt 0.602273 0.346591
vt 0.590909 0.352273
vt 0.602273 0.335227
vt 0.613637 0.340909
vt 0.568182 0.352273
vt 0.579546 0.346591
vt 0.579546 0.357955
vt 0.568182 0.340909
vt 0.568182 0.329545
vt 0.579546 0.323864
vt 0.579546 0.335227
vt 0.545455 0.318182
vt 0.556818 0.323864
vt 0.545455 0.329545
vt 0.556818 0.312500
vt 0.568182 0.318182
vt 0.522727 0.329545
vt 0.534091 0.323864
vt 0.534091 0.335227
vt 0.522727 0.318182
vt 0.522727 0.306818
vt 0.534091 0.301136
vt 0.534091 0.312500
vt 0.636364 0.409091
vt 0.647727 0.414773
vt 0.636364 0.420455
vt 0.647727 0.403409
vt 0.659091 0.409091
vt 0.613636 0.420455
vt 0.625000 0.414773
vt 0.625000 0.426136
vt 0.613637 0.409091
vt 0.613636 0.397727
vt 0.625000 0.392045
vt 0.625000 0.403409
vt 0.590909 0.386364
vt 0.602273 0.392045
vt 0.590909 0.397727
vt 0.602273 0.380682
vt 0.613636 0.386364
vt 0.568182 0.397727
vt 0.579546 0.392045
vt 0.579546 0.403409
vt 0.568182 0.386364
vt 0.568182 0.375000
vt 0.579546 0.369318
vt 0.579546 0.380682
vt 0.545455 0.363636
vt 0.556818 0.369318
vt 0.545455 0.375000
vt 0.556818 0.357955
vt 0.568182 0.363636
vt 0.522727 0.375000
vt 0.534091 0.369318
vt 0.534091 0.380682
vt 0.522727 0.363636
vt 0.522727 0.352273
vt 0.534091 0.346591
vt 0.534091 0.357955
vt 0.590909 0.431818
vt 0.602273 0.437500
vt 0.590909 0.443182
vt 0.602273 0.426136
vt 0.613636 0.431818
vt 0.568182 0.443182
vt 0.579546 0.437500
vt 0.579546 0.448864
vt 0.568182 0.431818
vt 0.568182 0.420455
vt 0.579546 0.414773
vt 0.579546 0.426136
vt 0.545455 0.409091
vt 0.556818 0.414773
vt 0.545455 0.420455
vt 0.556818 0.403409
vt 0.568182 0.409091
vt 0.522727 0.420455
vt 0.534091 0.414773
vt 0.534091 0.426136
vt 0.522727 0.409091
vt 0.522727 0.397727
vt 0.534091 0.392045
vt 0.534091 0.403409
vt 0.545455 0.454545
vt 0.556818 0.460227
vt 0.545455 0.465909
vt 0.556818 0.448864
vt 0.568182 0.454545
vt 0.522727 0.465909
vt 0.534091 0.460227
vt 0.534091 0.471591
vt 0.522727 0.454545
vt 0.522727 0.443182
vt 0.534091 0.437500
vt 0.534091 0.448864
vt 0.500000 0.068182
vt 0.511364 0.073864
vt 0.500000 0.079545
vt 0.511364 0.062500
vt 0.522727 0.068182
vt 0.500000 0.113636
vt 0.511364 0.119318
vt 0.500000 0.125000
vt 0.511364 0.107955
vt 0.522727 0.113636
vt 0.500000 0.159091
vt 0.511364 0.164773
vt 0.500000 0.170454
vt 0.511364 0.153409
vt 0.522727 0.159091
vt 0.500000 0.204545
vt 0.511364 0.210227
vt 0.500000 0.215909
vt 0.511364 0.198864
vt 0.522727 0.204545
vt 0.500000 0.250000
vt 0.511364 0.255682
vt 0.500000 0.261364
vt 0.511364 0.244318
vt 0.522727 0.250000
vt 0.500000 0.295455
vt 0.511364 0.301136
vt 0.500000 0.306818
vt 0.511364 0.289773
vt 0.522727 0.295455
vt 0.500000 0.340909
vt 0.511364 0.346591
vt 0.500000 0.352273
vt 0.511364 0.335227
vt 0.522727 0.340909
vt 0.500000 0.386364
vt 0.511364 0.392045
vt 0.500000 0.397727
vt 0.511364 0.380682
vt 0.522727 0.386364
vt 0.500000 0.431818
vt 0.511364 0.437500
vt 0.500000 0.443182
vt 0.511364 0.426136
vt 0.522727 0.431818
vt 0.500000 0.477273
vt 0.511364 0.482955
vt 0.500000 0.488636
vt 0.511364 0.471591
vt 0.522727 0.477273
vt 0.545455 0.500000
vt 0.534091 0.494318
vt 0.545455 0.488636
vt 0.534091 0.505682
vt 0.522727 0.500000
vt 0.568182 0.488636
vt 0.556818 0.494318
vt 0.556818 0.482955
vt 0.568182 0.500000
vt 0.568182 0.511364
vt 0.556818 0.517045
vt 0.556818 0.505682
vt 0.590909 0.522727
vt 0.579546 0.517045
vt 0.590909 0.511364
vt 0.579546 0.528409
vt 0.568182 0.522727
vt 0.613637 0.511364
vt 0.602273 0.517045
vt 0.602273 0.505682
vt 0.613637 0.522727
vt 0.613637 0.534091
vt 0.602273 0.539773
vt 0.602273 0.528409
vt 0.636364 0.545454
vt 0.625000 0.539773
vt 0.636364 0.534091
vt 0.625000 0.551136
vt 0.613637 0.545454
vt 0.659091 0.534091
vt 0.647727 0.539773
vt 0.647727 0.528409
vt 0.659091 0.545454
vt 0.659091 0.556818
vt 0.647727 0.562500
vt 0.647727 0.551136
vt 0.681818 0.568182
vt 0.670455 0.562500
vt 0.681818 0.556818
vt 0.670455 0.573864
vt 0.659091 0.568182
vt 0.704545 0.556818
vt 0.693182 0.562500
vt 0.693182 0.551136
vt 0.704545 0.568182
vt 0.704545 0.579545
vt 0.693182 0.585227
vt 0.693182 0.573864
vt 0.727273 0.590909
vt 0.715909 0.585227
vt 0.727273 0.579545
vt 0.715909 0.596591
vt 0.704545 0.590909
vt 0.750000 0.579545
vt 0.738636 0.585227
vt 0.738636 0.573864
vt 0.750000 0.590909
vt 0.750000 0.602273
vt 0.738636 0.607955
vt 0.738636 0.596591
vt 0.772727 0.613636
vt 0.761364 0.607955
vt 0.772727 0.602273
vt 0.761364 0.619318
vt 0.750000 0.613636
vt 0.795455 0.602273
vt 0.784091 0.607955
vt 0.784091 0.596591
vt 0.795455 0.613636
vt 0.795455 0.625000
vt 0.784091 0.630682
vt 0.784091 0.619318
vt 0.818182 0.636364
vt 0.806818 0.630682
vt 0.818182 0.625000
vt 0.806818 0.642045
vt 0.795455 0.636364
vt 0.840909 0.625000
vt 0.829545 0.630682
vt 0.829545 0.619318
vt 0.840909 0.636364
vt 0.840909 0.647727
vt 0.829545 0.653409
vt 0.829545 0.642045
vt 0.863636 0.659091
vt 0.852273 0.653409
vt 0.863636 0.647727
vt 0.852273 0.664773
vt 0.840909 0.659091
vt 0.886364 0.647727
vt 0.875000 0.653409
vt 0.875000 0.642045
vt 0.886364 0.659091
vt 0.886364 0.670454
vt 0.875000 0.676136
vt 0.875000 0.664773
vt 0.909091 0.681818
vt 0.897727 0.676136
vt 0.909091 0.670454
vt 0.897727 0.687500
vt 0.886364 0.681818
vt 0.931818 0.670454
vt 0.920455 0.676136
vt 0.920455 0.664773
vt 0.931818 0.681818
vt 0.931818 0.693182
vt 0.920455 0.698864
vt 0.920455 0.687500
vt 0.954546 0.704545
vt 0.943182 0.698864
vt 0.954546 0.693182
vt 0.943182 0.710227
vt 0.931818 0.704545
vt 0.977273 0.693182
vt 0.965909 0.698864
vt 0.965909 0.687500
vt 0.977273 0.704545
vt 0.977273 0.715909
vt 0.965909 0.721591
vt 0.965909 0.710227
vt 0.590909 0.477273
vt 0.579546 0.471591
vt 0.590909 0.465909
vt 0.579546 0.482955
vt 0.568182 0.477273
vt 0.613637 0.465909
vt 0.602273 0.471591
vt 0.602273 0.460227
vt 0.613637 0.477273
vt 0.613637 0.488636
vt 0.602273 0.494318
vt 0.602273 0.482955
vt 0.636364 0.500000
vt 0.625000 0.494318
vt 0.636364 0.488636
vt 0.625000 0.505682
vt 0.613637 0.500000
vt 0.659091 0.488636
vt 0.647727 0.494318
vt 0.647727 0.482955
vt 0.659091 0.500000
vt 0.659091 0.511364
vt 0.647728 0.517045
vt 0.647727 0.505682
vt 0.681818 0.522727
vt 0.670455 0.517045
vt 0.681818 0.511364
vt 0.670455 0.528409
vt 0.659091 0.522727
vt 0.704545 0.511364
vt 0.693182 0.517045
vt 0.693182 0.505682
vt 0.704545 0.522727
vt 0.704545 0.534091
vt 0.693182 0.539773
vt 0.693182 0.528409
vt 0.727273 0.545454
vt 0.715909 0.539773
vt 0.727273 0.534091
vt 0.715909 0.551136
vt 0.704545 0.545454
vt 0.750000 0.534091
vt 0.738636 0.539773
vt 0.738636 0.528409
vt 0.750000 0.545454
vt 0.750000 0.556818
vt 0.738636 0.562500
vt 0.738636 0.551136
vt 0.772727 0.568182
vt 0.761364 0.562500
vt 0.772727 0.556818
vt 0.761364 0.573864
vt 0.750000 0.568182
vt 0.795455 0.556818
vt 0.784091 0.562500
vt 0.784091 0.551136
vt 0.795455 0.568182
vt 0.795455 0.579545
vt 0.784091 0.585227
vt 0.784091 0.573864
vt 0.818182 0.590909
vt 0.806818 0.585227
vt 0.818182 0.579545
vt 0.806818 0.596591
vt 0.795455 0.590909
vt 0.840909 0.579545
vt 0.829545 0.585227
vt 0.829546 0.573864
vt 0.840909 0.590909
vt 0.840909 0.602273
vt 0.829546 0.607955
vt 0.829545 0.596591
vt 0.863636 0.613636
vt 0.852273 0.607955
vt 0.863636 0.602273
vt 0.852273 0.619318
vt 0.840909 0.613636
vt 0.886364 0.602273
vt 0.875000 0.607955
vt 0.875000 0.596591
vt 0.886364 0.613636
vt 0.886364 0.625000
vt 0.875000 0.630682
vt 0.875000 0.619318
vt 0.909091 0.636364
vt 0.897727 0.630682
vt 0.909091 0.625000
vt 0.897727 0.642045
vt 0.886364 0.636364
vt 0.931818 0.625000
vt 0.920455 0.630682
vt 0.920455 0.619318
vt 0.931818 0.636364
vt 0.931818 0.647727
vt 0.920455 0.653409
vt 0.920455 0.642045
vt 0.954546 0.659091
vt 0.943182 0.653409
vt 0.954546 0.647727
vt 0.943182 0.664773
vt 0.931818 0.659091
vt 0.977273 0.647727
vt 0.965909 0.653409
vt 0.965909 0.642045
vt 0.977273 0.659091
vt 0.977273 0.670454
vt 0.965909 0.676136
vt 0.965909 0.664773
vt 0.636364 0.454545
vt 0.625000 0.448864
vt 0.636364 0.443182
vt 0.625000 0.460227
vt 0.613637 0.454545
vt 0.659091 0.443182
vt 0.647727 0.448864
vt 0.647727 0.437500
vt 0.659091 0.454545
vt 0.659091 0.465909
vt 0.647727 0.471591
vt 0.647727 0.460227
vt 0.681818 0.477273
vt 0.670455 0.471591
vt 0.681818 0.465909
vt 0.670455 0.482955
vt 0.659091 0.477273
vt 0.704545 0.465909
vt 0.693182 0.471591
vt 0.693182 0.460227
vt 0.704545 0.477273
vt 0.704545 0.488636
vt 0.693182 0.494318
vt 0.693182 0.482955
vt 0.727273 0.500000
vt 0.715909 0.494318
vt 0.727273 0.488636
vt 0.715909 0.505682
vt 0.704545 0.500000
vt 0.750000 0.488636
vt 0.738636 0.494318
vt 0.738636 0.482955
vt 0.750000 0.500000
vt 0.750000 0.511364
vt 0.738636 0.517045
vt 0.738636 0.505682
vt 0.772727 0.522727
vt 0.761364 0.517045
vt 0.772727 0.511364
vt 0.761364 0.528409
vt 0.750000 0.522727
vt 0.795455 0.511364
vt 0.784091 0.517045
vt 0.784091 0.505682
vt 0.795455 0.522727
vt 0.795455 0.534091
vt 0.784091 0.539773
vt 0.784091 0.528409
vt 0.818182 0.545454
vt 0.806818 0.539773
vt 0.818182 0.534091
vt 0.806818 0.551136
vt 0.795455 0.545454
vt 0.840909 0.534091
vt 0.829545 0.539773
vt 0.829545 0.528409
vt 0.840909 0.545454
vt 0.840909 0.556818
vt 0.829545 0.562500
vt 0.829546 0.551136
vt 0.863636 0.568182
vt 0.852273 0.562500
vt 0.863636 0.556818
vt 0.852273 0.573864
vt 0.840909 0.568182
vt 0.886364 0.556818
vt 0.875000 0.562500
vt 0.875000 0.551136
vt 0.886364 0.568182
vt 0.886364 0.579545
vt 0.875000 0.585227
vt 0.875000 0.573864
vt 0.909091 0.590909
vt 0.897727 0.585227
vt 0.909091 0.579545
vt 0.897727 0.596591
vt 0.886364 0.590909
vt 0.931818 0.579545
vt 0.920455 0.585227
vt 0.920455 0.573864
vt 0.931818 0.590909
vt 0.931818 0.602273
vt 0.920455 0.607955
vt 0.920455 0.596591
vt 0.954546 0.613636
vt 0.943182 0.607955
vt 0.954546 0.602273
vt 0.943182 0.619318
vt 0.931818 0.613636
vt 0.977273 0.602273
vt 0.965909 0.607955
vt 0.965909 0.596591
vt 0.977273 0.613636
vt 0.977273 0.625000
vt 0.965909 0.630682
vt 0.965909 0.619318
vt 0.681818 0.431818
vt 0.670455 0.426136
vt 0.681818 0.420455
vt 0.670455 0.437500
vt 0.659091 0.431818
vt 0.704545 0.420455
vt 0.693182 0.426136
vt 0.693182 0.414773
vt 0.704545 0.431818
vt 0.704545 0.443182
vt 0.693182 0.448864
vt 0.693182 0.437500
vt 0.727273 0.454545
vt 0.715909 0.448864
vt 0.727273 0.443182
vt 0.715909 0.460227
vt 0.704545 0.454545
vt 0.750000 0.443182
vt 0.738636 0.448864
vt 0.738636 0.437500
vt 0.750000 0.454545
vt 0.750000 0.465909
vt 0.738636 0.471591
vt 0.738636 0.460227
vt 0.772727 0.477273
vt 0.761364 0.471591
vt 0.772727 0.465909
vt 0.761364 0.482955
vt 0.750000 0.477273
vt 0.795455 0.465909
vt 0.784091 0.471591
vt 0.784091 0.460227
vt 0.795455 0.477273
vt 0.795455 0.488636
vt 0.784091 0.494318
vt 0.784091 0.482955
vt 0.818182 0.500000
vt 0.806818 0.494318
vt 0.818182 0.488636
vt 0.806818 0.505682
vt 0.795455 0.500000
vt 0.840909 0.488636
vt 0.829545 0.494318
vt 0.829545 0.482955
vt 0.840909 0.500000
vt 0.840909 0.511364
vt 0.829545 0.517045
vt 0.829545 0.505682
vt 0.863636 0.522727
vt 0.852273 0.517045
vt 0.863636 0.511364
vt 0.852273 0.528409
vt 0.840909 0.522727
vt 0.886364 0.511364
vt 0.875000 0.517045
vt 0.875000 0.505682
vt 0.886364 0.522727
vt 0.886364 0.534091
vt 0.875000 0.539773
vt 0.875000 0.528409
vt 0.909091 0.545454
vt 0.897727 0.539773
vt 0.909091 0.534091
vt 0.897727 0.551136
vt 0.886364 0.545454
vt 0.931818 0.534091
vt 0.920455 0.539773
vt 0.920455 0.528409
vt 0.931818 0.545454
vt 0.931818 0.556818
vt 0.920455 0.562500
vt 0.920455 0.551136
vt 0.954546 0.568182
vt 0.943182 0.562500
vt 0.954546 0.556818
vt 0.943182 0.573864
vt 0.931818 0.568182
vt 0.977273 0.556818
vt 0.965909 0.562500
vt 0.965909 0.551136
vt 0.977273 0.568182
vt 0.977273 0.579545
vt 0.965909 0.585227
vt 0.965909 0.573864
vt 0.727273 0.409091
vt 0.715909 0.403409
vt 0.727273 0.397727
vt 0.715909 0.414773
vt 0.704545 0.409091
vt 0.750000 0.397727
vt 0.738636 0.403409
vt 0.738636 0.392045
vt 0.750000 0.409091
vt 0.750000 0.420455
vt 0.738636 0.426136
vt 0.738636 0.414773
vt 0.772727 0.431818
vt 0.761364 0.426136
vt 0.772727 0.420455
vt 0.761364 0.437500
vt 0.750000 0.431818
vt 0.795455 0.420455
vt 0.784091 0.426136
vt 0.784091 0.414773
vt 0.795455 0.431818
vt 0.795455 0.443182
vt 0.784091 0.448864
vt 0.784091 0.437500
vt 0.818182 0.454545
vt 0.806818 0.448864
vt 0.818182 0.443182
vt 0.806818 0.460227
vt 0.795455 0.454545
vt 0.840909 0.443182
vt 0.829545 0.448864
vt 0.829545 0.437500
vt 0.840909 0.454545
vt 0.840909 0.465909
vt 0.829545 0.471591
vt 0.829545 0.460227
vt 0.863636 0.477273
vt 0.852273 0.471591
vt 0.863636 0.465909
vt 0.852273 0.482955
vt 0.840909 0.477273
vt 0.886364 0.465909
vt 0.875000 0.471591
vt 0.875000 0.460227
vt 0.886364 0.477273
vt 0.886364 0.488636
vt 0.875000 0.494318
vt 0.875000 0.482955
vt 0.909091 0.500000
vt 0.897727 0.494318
vt 0.909091 0.488636
vt 0.897727 0.505682
vt 0.886364 0.500000
vt 0.931818 0.488636
vt 0.920455 0.494318
vt 0.920455 0.482955
vt 0.931818 0.500000
vt 0.931818 0.511364
vt 0.920455 0.517045
vt 0.920455 0.505682
vt 0.954546 0.522727
vt 0.943182 0.517045
vt 0.954546 0.511364
vt 0.943182 0.528409
vt 0.931818 0.522727
vt 0.977273 0.511364
vt 0.965909 0.517045
vt 0.965909 0.505682
vt 0.977273 0.522727
vt 0.977273 0.534091
vt 0.965909 0.539773
vt 0.965909 0.528409
vt 0.772727 0.386364
vt 0.761364 0.380682
vt 0.772727 0.375000
vt 0.761364 0.392045
vt 0.750000 0.386364
vt 0.795455 0.375000
vt 0.784091 0.380682
vt 0.784091 0.369318
vt 0.795455 0.386364
vt 0.795455 0.397727
vt 0.784091 0.403409
vt 0.784091 0.392045
vt 0.818182 0.409091
vt 0.806818 0.403409
vt 0.818182 0.397727
vt 0.806818 0.414773
vt 0.795455 0.409091
vt 0.840909 0.397727
vt 0.829545 0.403409
vt 0.829545 0.392045
vt 0.840909 0.409091
vt 0.840909 0.420455
vt 0.829545 0.426136
vt 0.829545 0.414773
vt 0.863636 0.431818
vt 0.852273 0.426136
vt 0.863636 0.420455
vt 0.852273 0.437500
vt 0.840909 0.431818
vt 0.886364 0.420455
vt 0.875000 0.426136
vt 0.875000 0.414773
vt 0.886364 0.431818
vt 0.886364 0.443182
vt 0.875000 0.448864
vt 0.875000 0.437500
vt 0.909091 0.454545
vt 0.897727 0.448864
vt 0.909091 0.443182
vt 0.897727 0.460227
vt 0.886364 0.454545
vt 0.931818 0.443182
vt 0.920455 0.448864
vt 0.920455 0.437500
vt 0.931818 0.454545
vt 0.931818 0.465909
vt 0.920455 0.471591
vt 0.920455 0.460227
vt 0.954546 0.477273
vt 0.943182 0.471591
vt 0.954546 0.465909
vt 0.943182 0.482955
vt 0.931818 0.477273
vt 0.977273 0.465909
vt 0.965909 0.471591
vt 0.965909 0.460227
vt 0.977273 0.477273
vt 0.977273 0.488636
vt 0.965909 0.494318
vt 0.965909 0.482955
vt 0.818182 0.363636
vt 0.806818 0.357955
vt 0.818182 0.352273
vt 0.806818 0.369318
vt 0.795455 0.363636
vt 0.840909 0.352273
vt 0.829545 0.357955
vt 0.829545 0.346591
vt 0.840909 0.363636
vt 0.840909 0.375000
vt 0.829545 0.380682
vt 0.829545 0.369318
vt 0.863636 0.386364
vt 0.852273 0.380682
vt 0.863636 0.375000
vt 0.852273 0.392045
vt 0.840909 0.386364
vt 0.886364 0.375000
vt 0.875000 0.380682
vt 0.875000 0.369318
vt 0.886364 0.386364
vt 0.886364 0.397727
vt 0.875000 0.403409
vt 0.875000 0.392045
vt 0.909091 0.409091
vt 0.897727 0.403409
vt 0.909091 0.397727
vt 0.897727 0.414773
vt 0.886364 0.409091
vt 0.931818 0.397727
vt 0.920455 0.403409
vt 0.920455 0.392045
vt 0.931818 0.409091
vt 0.931818 0.420455
vt 0.920455 0.426136
vt 0.920455 0.414773
vt 0.954546 0.431818
vt 0.943182 0.426136
vt 0.954546 0.420455
vt 0.943182 0.437500
vt 0.931818 0.431818
vt 0.977273 0.420455
vt 0.965909 0.426136
vt 0.965909 0.414773
vt 0.977273 0.431818
vt 0.977273 0.443182
vt 0.965909 0.448864
vt 0.965909 0.437500
vt 0.863636 0.340909
vt 0.852273 0.335227
vt 0.863636 0.329545
vt 0.852273 0.346591
vt 0.840909 0.340909
vt 0.886364 0.329545
vt 0.875000 0.335227
vt 0.875000 0.323864
vt 0.886364 0.340909
vt 0.886364 0.352273
vt 0.875000 0.357955
vt 0.875000 0.346591
vt 0.909091 0.363636
vt 0.897727 0.357955
vt 0.909091 0.352273
vt 0.897727 0.369318
vt 0.886364 0.363636
vt 0.931818 0.352273
vt 0.920455 0.357955
vt 0.920455 0.346591
vt 0.931818 0.363636
vt 0.931818 0.375000
vt 0.920455 0.380682
vt 0.920455 0.369318
vt 0.954546 0.386364
vt 0.943182 0.380682
vt 0.954546 0.375000
vt 0.943182 0.392045
vt 0.931818 0.386364
vt 0.977273 0.375000
vt 0.965909 0.380682
vt 0.965909 0.369318
vt 0.977273 0.386364
vt 0.977273 0.397727
vt 0.965909 0.403409
vt 0.965909 0.392045
vt 0.909091 0.318182
vt 0.897727 0.312500
vt 0.909091 0.306818
vt 0.897727 0.323864
vt 0.886364 0.318182
vt 0.931818 0.306818
vt 0.920455 0.312500
vt 0.920455 0.301136
vt 0.931818 0.318182
vt 0.931818 0.329545
vt 0.920455 0.335227
vt 0.920455 0.323864
vt 0.954546 0.340909
vt 0.943182 0.335227
vt 0.954546 0.329545
vt 0.943182 0.346591
vt 0.931818 0.340909
vt 0.977273 0.329545
vt 0.965909 0.335227
vt 0.965909 0.323864
vt 0.977273 0.340909
vt 0.977273 0.352273
vt 0.965909 0.357955
vt 0.965909 0.346591
vt 0.954546 0.295455
vt 0.943182 0.289773
vt 0.954546 0.284091
vt 0.943182 0.301136
vt 0.931818 0.295455
vt 0.977273 0.284091
vt 0.965909 0.289773
vt 0.965909 0.278409
vt 0.977273 0.295455
vt 0.977273 0.306818
vt 0.965909 0.312500
vt 0.965909 0.301136
vt 1.000000 0.681818
vt 0.988636 0.676136
vt 1.000000 0.670454
vt 0.988636 0.687500
vt 0.977273 0.681818
vt 1.000000 0.636364
vt 0.988636 0.630682
vt 1.000000 0.625000
vt 0.988636 0.642045
vt 0.977273 0.636364
vt 1.000000 0.590909
vt 0.988636 0.585227
vt 1.000000 0.579545
vt 0.988636 0.596591
vt 0.977273 0.590909
vt 1.000000 0.545454
vt 0.988636 0.539773
vt 1.000000 0.534091
vt 0.988636 0.551136
vt 0.977273 0.545454
vt 1.000000 0.500000
vt 0.988636 0.494318
vt 1.000000 0.488636
vt 0.988636 0.505682
vt 0.977273 0.500000
vt 1.000000 0.454545
vt 0.988636 0.448864
vt 1.000000 0.443182
vt 0.988636 0.460227
vt 0.977273 0.454545
vt 1.000000 0.409091
vt 0.988636 0.403409
vt 1.000000 0.397727
vt 0.988636 0.414773
vt 0.977273 0.409091
vt 1.000000 0.363636
vt 0.988636 0.357955
vt 1.000000 0.352273
vt 0.988636 0.369318
vt 0.977273 0.363636
vt 1.000000 0.318182
vt 0.988636 0.312500
vt 1.000000 0.306818
vt 0.988636 0.323864
vt 0.977273 0.318182
vt 1.000000 0.272727
vt 0.988636 0.267045
vt 1.000000 0.261364
vt 0.988636 0.278409
vt 0.977273 0.272727
vt 1.000000 0.727273
vt 0.988636 0.721591
vt 1.000000 0.715909
vt 0.988636 0.732954
vt 0.977273 0.738636
vt 0.965909 0.732954
vt 0.977273 0.727273
vt 0.500000 0.022727
vt 0.511364 0.028409
vt 0.500000 0.034091
vt 0.511364 0.017045
vt 0.522727 0.011364
vt 0.534091 0.017045
vt 0.522727 0.022727
vt 0.022727 0.261364
vt 0.034091 0.255682
vt 0.034091 0.267045
vt 0.022727 0.250000
vt 0.022727 0.238636
vt 0.034091 0.232955
vt 0.034091 0.244318
vt 0.022727 0.738636
vt 0.022727 0.727273
vt 0.034091 0.732954
vt 0.011364 0.732954
vt 0.000000 0.727273
vt 0.000000 0.715909
vt 0.011364 0.721591
vt 0.500000 0.977273
vt 0.488636 0.971591
vt 0.500000 0.965909
vt 0.488636 0.982955
vt 0.477273 0.988636
vt 0.465909 0.982955
vt 0.477273 0.977273
vt 0.965909 0.744318
vt 0.977273 0.750000
vt 0.977273 0.761363
vt 0.965909 0.767045
vt 0.965909 0.755682
vt 0.965909 0.267045
vt 0.977273 0.261364
vt 0.954546 0.272727
vt 0.988636 0.255682
vt 1.000000 0.250000
vt 0.920455 0.289773
vt 0.931818 0.284091
vt 0.909091 0.295455
vt 0.943182 0.278409
vt 0.875000 0.312500
vt 0.886364 0.306818
vt 0.863636 0.318182
vt 0.897727 0.301136
vt 0.829545 0.335227
vt 0.840909 0.329545
vt 0.818182 0.340909
vt 0.852273 0.323864
vt 0.784091 0.357955
vt 0.795455 0.352273
vt 0.772727 0.363636
vt 0.806818 0.346591
vt 0.738636 0.380682
vt 0.750000 0.375000
vt 0.727273 0.386364
vt 0.761364 0.369318
vt 0.693182 0.403409
vt 0.704545 0.397727
vt 0.681818 0.409091
vt 0.715909 0.392045
vt 0.647727 0.426136
vt 0.659091 0.420455
vt 0.636364 0.431818
vt 0.670455 0.414773
vt 0.602273 0.448864
vt 0.613637 0.443182
vt 0.590909 0.454545
vt 0.625000 0.437500
vt 0.556818 0.471591
vt 0.568182 0.465909
vt 0.545455 0.477273
vt 0.579546 0.460227
vt 0.511364 0.494318
vt 0.522727 0.488636
vt 0.500000 0.500000
vt 0.534091 0.482955
s 1
f 6/1/6 1525/2/1525 1526/3/1526
f 1/4/1 1520/5/1520 2744/6/2742
f 2/7/2 1521/8/1521 2734/9/2732
f 3/10/3 1522/11/1522 2724/12/2722
f 4/13/4 1523/14/1523 2764/15/2762
f 6/1/6 1526/3/1526 2694/16/2692
f 57/17/57 2774/18/2772 2646/19/2645
f 56/20/56 2776/21/2774 2703/22/2701
f 55/23/55 2778/24/2776 2702/25/2700
f 54/26/54 2781/27/2779 2701/28/2699
f 53/29/53 2785/30/2783 2700/31/2698
f 52/32/52 2790/33/2788 2699/34/2697
f 51/35/51 2796/36/2794 2698/37/2696
f 50/38/50 2803/39/2801 2697/40/2695
f 49/41/49 2811/42/2809 2696/43/2694
f 48/44/48 2820/45/2818 2695/46/2693
f 57/17/57 2829/47/2827 2774/18/2772
f 128/48/128 2775/49/2773 1708/50/1707
f 56/20/56 2831/51/2829 2776/21/2774
f 129/52/129 2779/53/2777 1710/54/1709
f 128/48/128 2833/55/2831 2775/49/2773
f 130/56/130 2777/57/2775 1712/58/1711
f 55/23/55 2835/59/2833 2778/24/2776
f 131/60/131 2782/61/2780 1714/62/1713
f 129/52/129 2837/63/2835 2779/53/2777
f 132/64/132 2783/65/2781 1716/66/1715
f 130/56/130 2839/67/2837 2777/57/2775
f 133/68/133 2780/69/2778 1718/70/1717
f 54/26/54 2841/71/2839 2781/27/2779
f 134/72/134 2786/73/2784 1720/74/1719
f 131/60/131 2843/75/2841 2782/61/2780
f 135/76/135 2787/77/2785 1722/78/1721
f 132/64/132 2845/79/2843 2783/65/2781
f 136/80/136 2788/81/2786 1724/82/1723
f 133/68/133 2847/83/2845 2780/69/2778
f 137/84/137 2784/85/2782 1726/86/1725
f 53/29/53 2849/87/2847 2785/30/2783
f 138/88/138 2791/89/2789 1728/90/1727
f 134/72/134 2851/91/2849 2786/73/2784
f 139/92/139 2792/93/2790 1730/94/1729
f 135/76/135 2853/95/2851 2787/77/2785
f 140/96/140 2793/97/2791 1732/98/1731
f 136/80/136 2855/99/2853 2788/81/2786
f 141/100/141 2794/101/2792 1734/102/1733
f 137/84/137 2857/103/2855 2784/85/2782
f 142/104/142 2789/105/2787 1736/106/1735
f 52/32/52 2859/107/2857 2790/33/2788
f 143/108/143 2797/109/2795 1738/110/1737
f 138/88/138 2861/111/2859 2791/89/2789
f 144/112/144 2798/113/2796 1740/114/1739
f 139/92/139 2863/115/2861 2792/93/2790
f 145/116/145 2799/117/2797 1742/118/1741
f 140/96/140 2865/119/2863 2793/97/2791
f 146/120/146 2800/121/2798 1744/122/1743
f 141/100/141 2867/123/2865 2794/101/2792
f 147/124/147 2801/125/2799 1746/126/1745
f 142/104/142 2869/127/2867 2789/105/2787
f 148/128/148 2795/129/2793 1748/130/1747
f 51/35/51 2871/131/2869 2796/36/2794
f 149/132/149 2804/133/2802 1750/134/1749
f 143/108/143 2873/135/2871 2797/109/2795
f 150/136/150 2805/137/2803 1752/138/1751
f 144/112/144 2875/139/2873 2798/113/2796
f 151/140/151 2806/141/2804 1754/142/1753
f 145/116/145 2877/143/2875 2799/117/2797
f 152/144/152 2807/145/2805 1756/146/1755
f 146/120/146 2879/147/2877 2800/121/2798
f 153/148/153 2808/149/2806 1758/150/1757
f 147/124/147 2881/151/2879 2801/125/2799
f 154/152/154 2809/153/2807 1760/154/1759
f 148/128/148 2883/155/2881 2795/129/2793
f 155/156/155 2802/157/2800 1762/158/1761
f 50/38/50 2885/159/2883 2803/39/2801
f 156/160/156 2812/161/2810 1764/162/1763
f 149/132/149 2887/163/2885 2804/133/2802
f 157/164/157 2813/165/2811 1766/166/1765
f 150/136/150 2889/167/2887 2805/137/2803
f 158/168/158 2814/169/2812 1768/170/1767
f 151/140/151 2891/171/2889 2806/141/2804
f 159/172/159 2815/173/2813 1770/174/1769
f 152/144/152 2893/175/2891 2807/145/2805
f 160/176/160 2816/177/2814 1772/178/1771
f 153/148/153 2895/179/2893 2808/149/2806
f 161/180/161 2817/181/2815 1774/182/1773
f 154/152/154 2897/183/2895 2809/153/2807
f 162/184/162 2818/185/2816 1776/186/1775
f 155/156/155 2899/187/2897 2802/157/2800
f 163/188/163 2810/189/2808 1778/190/1777
f 49/41/49 2901/191/2899 2811/42/2809
f 164/192/164 2821/193/2819 1780/194/1779
f 156/160/156 2903/195/2901 2812/161/2810
f 165/196/165 2822/197/2820 1782/198/1781
f 157/164/157 2905/199/2903 2813/165/2811
f 166/200/166 2823/201/2821 1784/202/1783
f 158/168/158 2907/203/2905 2814/169/2812
f 167/204/167 2824/205/2822 1786/206/1785
f 159/172/159 2909/207/2907 2815/173/2813
f 168/208/168 2825/209/2823 1788/210/1787
f 160/176/160 2911/211/2909 2816/177/2814
f 169/212/169 2826/213/2824 1790/214/1789
f 161/180/161 2913/215/2911 2817/181/2815
f 170/216/170 2827/217/2825 1792/218/1791
f 162/184/162 2915/219/2913 2818/185/2816
f 171/220/171 2828/221/2826 1794/222/1793
f 163/188/163 2917/223/2915 2810/189/2808
f 172/224/172 2819/225/2817 1796/226/1795
f 48/44/48 2919/227/2917 2820/45/2818
f 77/228/77 1601/229/1600 1798/230/1797
f 164/192/164 2921/231/2919 2821/193/2819
f 76/232/76 1600/233/1599 1800/234/1799
f 165/196/165 2923/235/2921 2822/197/2820
f 75/236/75 1599/237/1598 1802/238/1801
f 166/200/166 2925/239/2923 2823/201/2821
f 74/240/74 1598/241/1597 1804/242/1803
f 167/204/167 2927/243/2925 2824/205/2822
f 73/244/73 1597/245/1596 1806/246/1805
f 168/208/168 2929/247/2927 2825/209/2823
f 72/248/72 1596/249/1595 1808/250/1807
f 169/212/169 2931/251/2929 2826/213/2824
f 71/252/71 1595/253/1594 1810/254/1809
f 170/216/170 2933/255/2931 2827/217/2825
f 70/256/70 1594/257/1593 1812/258/1811
f 171/220/171 2935/259/2933 2828/221/2826
f 69/260/69 1593/261/1592 1814/262/1813
f 172/224/172 2937/263/2935 2819/225/2817
f 68/264/68 1592/265/1591 1816/266/1815
f 127/267/127 2939/268/2937 2653/269/2652
f 126/270/126 2941/271/2939 2773/272/2771
f 125/273/125 2943/274/2941 2772/275/2770
f 124/276/124 2946/277/2944 2771/278/2769
f 123/279/123 2950/280/2948 2770/281/2768
f 122/282/122 2955/283/2953 2769/284/2767
f 121/285/121 2961/286/2959 2768/287/2766
f 120/288/120 2968/289/2966 2767/290/2765
f 119/291/119 2976/292/2974 2766/293/2764
f 118/294/118 2985/295/2983 2765/296/2763
f 127/267/127 2994/297/2992 2939/268/2937
f 173/298/173 2940/299/2938 1873/300/1872
f 126/270/126 2996/301/2994 2941/271/2939
f 174/302/174 2944/303/2942 1875/304/1874
f 173/298/173 2998/305/2996 2940/299/2938
f 175/306/175 2942/307/2940 1877/308/1876
f 125/273/125 3000/309/2998 2943/274/2941
f 176/310/176 2947/311/2945 1879/312/1878
f 174/302/174 3002/313/3000 2944/303/2942
f 177/314/177 2948/315/2946 1881/316/1880
f 175/306/175 3004/317/3002 2942/307/2940
f 178/318/178 2945/319/2943 1883/320/1882
f 124/276/124 3006/321/3004 2946/277/2944
f 179/322/179 2951/323/2949 1885/324/1884
f 176/310/176 3008/325/3006 2947/311/2945
f 180/326/180 2952/327/2950 1887/328/1886
f 177/314/177 3010/329/3008 2948/315/2946
f 181/330/181 2953/331/2951 1889/332/1888
f 178/318/178 3012/333/3010 2945/319/2943
f 182/334/182 2949/335/2947 1891/336/1890
f 123/279/123 3014/337/3012 2950/280/2948
f 183/338/183 2956/339/2954 1893/340/1892
f 179/322/179 3016/341/3014 2951/323/2949
f 184/342/184 2957/343/2955 1895/344/1894
f 180/326/180 3018/345/3016 2952/327/2950
f 185/346/185 2958/347/2956 1897/348/1896
f 181/330/181 3020/349/3018 2953/331/2951
f 186/350/186 2959/351/2957 1899/352/1898
f 182/334/182 3022/353/3020 2949/335/2947
f 187/354/187 2954/355/2952 1901/356/1900
f 122/282/122 3024/357/3022 2955/283/2953
f 188/358/188 2962/359/2960 1903/360/1902
f 183/338/183 3026/361/3024 2956/339/2954
f 189/362/189 2963/363/2961 1905/364/1904
f 184/342/184 3028/365/3026 2957/343/2955
f 190/366/190 2964/367/2962 1907/368/1906
f 185/346/185 3030/369/3028 2958/347/2956
f 191/370/191 2965/371/2963 1909/372/1908
f 186/350/186 3032/373/3030 2959/351/2957
f 192/374/192 2966/375/2964 1911/376/1910
f 187/354/187 3034/377/3032 2954/355/2952
f 193/378/193 2960/379/2958 1913/380/1912
f 121/285/121 3036/381/3034 2961/286/2959
f 194/382/194 2969/383/2967 1915/384/1914
f 188/358/188 3038/385/3036 2962/359/2960
f 195/386/195 2970/387/2968 1917/388/1916
f 189/362/189 3040/389/3038 2963/363/2961
f 196/390/196 2971/391/2969 1919/392/1918
f 190/366/190 3042/393/3040 2964/367/2962
f 197/394/197 2972/395/2970 1921/396/1920
f 191/370/191 3044/397/3042 2965/371/2963
f 198/398/198 2973/399/2971 1923/400/1922
f 192/374/192 3046/401/3044 2966/375/2964
f 199/402/199 2974/403/2972 1925/404/1924
f 193/378/193 3048/405/3046 2960/379/2958
f 200/406/200 2967/407/2965 1927/408/1926
f 120/288/120 3050/409/3048 2968/289/2966
f 201/410/201 2977/411/2975 1929/412/1928
f 194/382/194 3052/413/3050 2969/383/2967
f 202/414/202 2978/415/2976 1931/416/1930
f 195/386/195 3054/417/3052 2970/387/2968
f 203/418/203 2979/419/2977 1933/420/1932
f 196/390/196 3056/421/3054 2971/391/2969
f 204/422/204 2980/423/2978 1935/424/1934
f 197/394/197 3058/425/3056 2972/395/2970
f 205/426/205 2981/427/2979 1937/428/1936
f 198/398/198 3060/429/3058 2973/399/2971
f 206/430/206 2982/431/2980 1939/432/1938
f 199/402/199 3062/433/3060 2974/403/2972
f 207/434/207 2983/435/2981 1941/436/1940
f 200/406/200 3064/437/3062 2967/407/2965
f 208/438/208 2975/439/2973 1943/440/1942
f 119/291/119 3066/441/3064 2976/292/2974
f 209/442/209 2986/443/2984 1945/444/1944
f 201/410/201 3068/445/3066 2977/411/2975
f 210/446/210 2987/447/2985 1947/448/1946
f 202/414/202 3070/449/3068 2978/415/2976
f 211/450/211 2988/451/2986 1949/452/1948
f 203/418/203 3072/453/3070 2979/419/2977
f 212/454/212 2989/455/2987 1951/456/1950
f 204/422/204 3074/457/3072 2980/423/2978
f 213/458/213 2990/459/2988 1953/460/1952
f 205/426/205 3076/461/3074 2981/427/2979
f 214/462/214 2991/463/2989 1955/464/1954
f 206/430/206 3078/465/3076 2982/431/2980
f 215/466/215 2992/467/2990 1957/468/1956
f 207/434/207 3080/469/3078 2983/435/2981
f 216/470/216 2993/471/2991 1959/472/1958
f 208/438/208 3082/473/3080 2975/439/2973
f 217/474/217 2984/475/2982 1961/476/1960
f 118/294/118 3084/477/3082 2985/295/2983
f 47/478/47 1571/479/1571 1963/480/1962
f 209/442/209 3086/481/3084 2986/443/2984
f 46/482/46 1570/483/1570 1965/484/1964
f 210/446/210 3088/485/3086 2987/447/2985
f 45/486/45 1569/487/1569 1967/488/1966
f 211/450/211 3090/489/3088 2988/451/2986
f 44/490/44 1568/491/1568 1969/492/1968
f 212/454/212 3092/493/3090 2989/455/2987
f 43/494/43 1567/495/1567 1971/496/1970
f 213/458/213 3094/497/3092 2990/459/2988
f 42/498/42 1566/499/1566 1973/500/1972
f 214/462/214 3096/501/3094 2991/463/2989
f 41/502/41 1565/503/1565 1975/504/1974
f 215/466/215 3098/505/3096 2992/467/2990
f 40/506/40 1564/507/1564 1977/508/1976
f 216/470/216 3100/509/3098 2993/471/2991
f 39/510/39 1563/511/1563 1979/512/1978
f 217/474/217 3102/513/3100 2984/475/2982
f 38/514/38 1562/515/1562 1981/516/1980
f 87/517/87 3104/518/3102 2649/519/2648
f 86/520/86 3106/521/3104 2733/522/2731
f 85/523/85 3108/524/3106 2732/525/2730
f 84/526/84 3111/527/3109 2731/528/2729
f 83/529/83 3115/530/3113 2730/531/2728
f 82/532/82 3120/533/3118 2729/534/2727
f 81/535/81 3126/536/3124 2728/537/2726
f 80/538/80 3133/539/3131 2727/540/2725
f 79/541/79 3141/542/3139 2726/543/2724
f 78/544/78 3150/545/3148 2725/546/2723
f 87/517/87 3159/547/3157 3104/518/3102
f 218/548/218 3105/549/3103 2038/550/2037
f 86/520/86 3161/551/3159 3106/521/3104
f 219/552/219 3109/553/3107 2040/554/2039
f 218/548/218 3163/555/3161 3105/549/3103
f 220/556/220 3107/557/3105 2042/558/2041
f 85/523/85 3165/559/3163 3108/524/3106
f 221/560/221 3112/561/3110 2044/562/2043
f 219/552/219 3167/563/3165 3109/553/3107
f 222/564/222 3113/565/3111 2046/566/2045
f 220/556/220 3169/567/3167 3107/557/3105
f 223/568/223 3110/569/3108 2048/570/2047
f 84/526/84 3171/571/3169 3111/527/3109
f 224/572/224 3116/573/3114 2050/574/2049
f 221/560/221 3173/575/3171 3112/561/3110
f 225/576/225 3117/577/3115 2052/578/2051
f 222/564/222 3175/579/3173 3113/565/3111
f 226/580/226 3118/581/3116 2054/582/2053
f 223/568/223 3177/583/3175 3110/569/3108
f 227/584/227 3114/585/3112 2056/586/2055
f 83/529/83 3179/587/3177 3115/530/3113
f 228/588/228 3121/589/3119 2058/590/2057
f 224/572/224 3181/591/3179 3116/573/3114
f 229/592/229 3122/593/3120 2060/594/2059
f 225/576/225 3183/595/3181 3117/577/3115
f 230/596/230 3123/597/3121 2062/598/2061
f 226/580/226 3185/599/3183 3118/581/3116
f 231/600/231 3124/601/3122 2064/602/2063
f 227/584/227 3187/603/3185 3114/585/3112
f 232/604/232 3119/605/3117 2066/606/2065
f 82/532/82 3189/607/3187 3120/533/3118
f 233/608/233 3127/609/3125 2068/610/2067
f 228/588/228 3191/611/3189 3121/589/3119
f 234/612/234 3128/613/3126 2070/614/2069
f 229/592/229 3193/615/3191 3122/593/3120
f 235/616/235 3129/617/3127 2072/618/2071
f 230/596/230 3195/619/3193 3123/597/3121
f 236/620/236 3130/621/3128 2074/622/2073
f 231/600/231 3197/623/3195 3124/601/3122
f 237/624/237 3131/625/3129 2076/626/2075
f 232/604/232 3199/627/3197 3119/605/3117
f 238/628/238 3125/629/3123 2078/630/2077
f 81/535/81 3201/631/3199 3126/536/3124
f 239/632/239 3134/633/3132 2080/634/2079
f 233/608/233 3203/635/3201 3127/609/3125
f 240/636/240 3135/637/3133 2082/638/2081
f 234/612/234 3205/639/3203 3128/613/3126
f 241/640/241 3136/641/3134 2084/642/2083
f 235/616/235 3207/643/3205 3129/617/3127
f 242/644/242 3137/645/3135 2086/646/2085
f 236/620/236 3209/647/3207 3130/621/3128
f 243/648/243 3138/649/3136 2088/650/2087
f 237/624/237 3211/651/3209 3131/625/3129
f 244/652/244 3139/653/3137 2090/654/2089
f 238/628/238 3213/655/3211 3125/629/3123
f 245/656/245 3132/657/3130 2092/658/2091
f 80/538/80 3215/659/3213 3133/539/3131
f 246/660/246 3142/661/3140 2094/662/2093
f 239/632/239 3217/663/3215 3134/633/3132
f 247/664/247 3143/665/3141 2096/666/2095
f 240/636/240 3219/667/3217 3135/637/3133
f 248/668/248 3144/669/3142 2098/670/2097
f 241/640/241 3221/671/3219 3136/641/3134
f 249/672/249 3145/673/3143 2100/674/2099
f 242/644/242 3223/675/3221 3137/645/3135
f 250/676/250 3146/677/3144 2102/678/2101
f 243/648/243 3225/679/3223 3138/649/3136
f 251/680/251 3147/681/3145 2104/682/2103
f 244/652/244 3227/683/3225 3139/653/3137
f 252/684/252 3148/685/3146 2106/686/2105
f 245/656/245 3229/687/3227 3132/657/3130
f 253/688/253 3140/689/3138 2108/690/2107
f 79/541/79 3231/691/3229 3141/542/3139
f 254/692/254 3151/693/3149 2110/694/2109
f 246/660/246 3233/695/3231 3142/661/3140
f 255/696/255 3152/697/3150 2112/698/2111
f 247/664/247 3235/699/3233 3143/665/3141
f 256/700/256 3153/701/3151 2114/702/2113
f 248/668/248 3237/703/3235 3144/669/3142
f 257/704/257 3154/705/3152 2116/706/2115
f 249/672/249 3239/707/3237 3145/673/3143
f 258/708/258 3155/709/3153 2118/710/2117
f 250/676/250 3241/711/3239 3146/677/3144
f 259/712/259 3156/713/3154 2120/714/2119
f 251/680/251 3243/715/3241 3147/681/3145
f 260/716/260 3157/717/3155 2122/718/2121
f 252/684/252 3245/719/3243 3148/685/3146
f 261/720/261 3158/721/3156 2124/722/2123
f 253/688/253 3247/723/3245 3140/689/3138
f 262/724/262 3149/725/3147 2126/726/2125
f 78/544/78 3249/727/3247 3150/545/3148
f 37/728/37 1561/729/1561 2128/730/2127
f 254/692/254 3251/731/3249 3151/693/3149
f 36/732/36 1560/733/1560 2130/734/2129
f 255/696/255 3253/735/3251 3152/697/3150
f 35/736/35 1559/737/1559 2132/738/2131
f 256/700/256 3255/739/3253 3153/701/3151
f 34/740/34 1558/741/1558 2134/742/2133
f 257/704/257 3257/743/3255 3154/705/3152
f 33/744/33 1557/745/1557 2136/746/2135
f 258/708/258 3259/747/3257 3155/709/3153
f 32/748/32 1556/749/1556 2138/750/2137
f 259/712/259 3261/751/3259 3156/713/3154
f 31/752/31 1555/753/1555 2140/754/2139
f 260/716/260 3263/755/3261 3157/717/3155
f 30/756/30 1554/757/1554 2142/758/2141
f 261/720/261 3265/759/3263 3158/721/3156
f 29/760/29 1553/761/1553 2144/762/2143
f 262/724/262 3267/763/3265 3149/725/3147
f 28/764/28 1552/765/1552 2146/766/2145
f 97/767/97 3269/768/3267 2650/769/2649
f 96/770/96 3271/771/3269 2743/772/2741
f 95/773/95 3273/774/3271 2742/775/2740
f 94/776/94 3276/777/3274 2741/778/2739
f 93/779/93 3280/780/3278 2740/781/2738
f 92/782/92 3285/783/3283 2739/784/2737
f 91/785/91 3291/786/3289 2738/787/2736
f 90/788/90 3298/789/3296 2737/790/2735
f 89/791/89 3306/792/3304 2736/793/2734
f 88/794/88 3315/795/3313 2735/796/2733
f 97/767/97 3324/797/3322 3269/768/3267
f 263/798/263 3270/799/3268 2203/800/2202
f 96/770/96 3326/801/3324 3271/771/3269
f 264/802/264 3274/803/3272 2205/804/2204
f 263/798/263 3328/805/3326 3270/799/3268
f 265/806/265 3272/807/3270 2207/808/2206
f 95/773/95 3330/809/3328 3273/774/3271
f 266/810/266 3277/811/3275 2209/812/2208
f 264/802/264 3332/813/3330 3274/803/3272
f 267/814/267 3278/815/3276 2211/816/2210
f 265/806/265 3334/817/3332 3272/807/3270
f 268/818/268 3275/819/3273 2213/820/2212
f 94/776/94 3336/821/3334 3276/777/3274
f 269/822/269 3281/823/3279 2215/824/2214
f 266/810/266 3338/825/3336 3277/811/3275
f 270/826/270 3282/827/3280 2217/828/2216
f 267/814/267 3340/829/3338 3278/815/3276
f 271/830/271 3283/831/3281 2219/832/2218
f 268/818/268 3342/833/3340 3275/819/3273
f 272/834/272 3279/835/3277 2221/836/2220
f 93/779/93 3344/837/3342 3280/780/3278
f 273/838/273 3286/839/3284 2223/840/2222
f 269/822/269 3346/841/3344 3281/823/3279
f 274/842/274 3287/843/3285 2225/844/2224
f 270/826/270 3348/845/3346 3282/827/3280
f 275/846/275 3288/847/3286 2227/848/2226
f 271/830/271 3350/849/3348 3283/831/3281
f 276/850/276 3289/851/3287 2229/852/2228
f 272/834/272 3352/853/3350 3279/835/3277
f 277/854/277 3284/855/3282 2231/856/2230
f 92/782/92 3354/857/3352 3285/783/3283
f 278/858/278 3292/859/3290 2233/860/2232
f 273/838/273 3356/861/3354 3286/839/3284
f 279/862/279 3293/863/3291 2235/864/2234
f 274/842/274 3358/865/3356 3287/843/3285
f 280/866/280 3294/867/3292 2237/868/2236
f 275/846/275 3360/869/3358 3288/847/3286
f 281/870/281 3295/871/3293 2239/872/2238
f 276/850/276 3362/873/3360 3289/851/3287
f 282/874/282 3296/875/3294 2241/876/2240
f 277/854/277 3364/877/3362 3284/855/3282
f 283/878/283 3290/879/3288 2243/880/2242
f 91/785/91 3366/881/3364 3291/786/3289
f 284/882/284 3299/883/3297 2245/884/2244
f 278/858/278 3368/885/3366 3292/859/3290
f 285/886/285 3300/887/3298 2247/888/2246
f 279/862/279 3370/889/3368 3293/863/3291
f 286/890/286 3301/891/3299 2249/892/2248
f 280/866/280 3372/893/3370 3294/867/3292
f 287/894/287 3302/895/3300 2251/896/2250
f 281/870/281 3374/897/3372 3295/871/3293
f 288/898/288 3303/899/3301 2253/900/2252
f 282/874/282 3376/901/3374 3296/875/3294
f 289/902/289 3304/903/3302 2255/904/2254
f 283/878/283 3378/905/3376 3290/879/3288
f 290/906/290 3297/907/3295 2257/908/2256
f 90/788/90 3380/909/3378 3298/789/3296
f 291/910/291 3307/911/3305 2259/912/2258
f 284/882/284 3382/913/3380 3299/883/3297
f 292/914/292 3308/915/3306 2261/916/2260
f 285/886/285 3384/917/3382 3300/887/3298
f 293/918/293 3309/919/3307 2263/920/2262
f 286/890/286 3386/921/3384 3301/891/3299
f 294/922/294 3310/923/3308 2265/924/2264
f 287/894/287 3388/925/3386 3302/895/3300
f 295/926/295 3311/927/3309 2267/928/2266
f 288/898/288 3390/929/3388 3303/899/3301
f 296/930/296 3312/931/3310 2269/932/2268
f 289/902/289 3392/933/3390 3304/903/3302
f 297/934/297 3313/935/3311 2271/936/2270
f 290/906/290 3394/937/3392 3297/907/3295
f 298/938/298 3305/939/3303 2273/940/2272
f 89/791/89 3396/941/3394 3306/792/3304
f 299/942/299 3316/943/3314 2275/944/2274
f 291/910/291 3398/945/3396 3307/911/3305
f 300/946/300 3317/947/3315 2277/948/2276
f 292/914/292 3400/949/3398 3308/915/3306
f 301/950/301 3318/951/3316 2279/952/2278
f 293/918/293 3402/953/3400 3309/919/3307
f 302/954/302 3319/955/3317 2281/956/2280
f 294/922/294 3404/957/3402 3310/923/3308
f 303/958/303 3320/959/3318 2283/960/2282
f 295/926/295 3406/961/3404 3311/927/3309
f 304/962/304 3321/963/3319 2285/964/2284
f 296/930/296 3408/965/3406 3312/931/3310
f 305/966/305 3322/967/3320 2287/968/2286
f 297/934/297 3410/969/3408 3313/935/3311
f 306/970/306 3323/971/3321 2289/972/2288
f 298/938/298 3412/973/3410 3305/939/3303
f 307/974/307 3314/975/3312 2291/976/2290
f 88/794/88 3414/977/3412 3315/795/3313
f 27/978/27 1551/979/1551 2293/980/2292
f 299/942/299 3416/981/3414 3316/943/3314
f 26/982/26 1550/983/1550 2295/984/2294
f 300/946/300 3418/985/3416 3317/947/3315
f 25/986/25 1549/987/1549 2297/988/2296
f 301/950/301 3420/989/3418 3318/951/3316
f 24/990/24 1548/991/1548 2299/992/2298
f 302/954/302 3422/993/3420 3319/955/3317
f 23/994/23 1547/995/1547 2301/996/2300
f 303/958/303 3424/997/3422 3320/959/3318
f 22/998/22 1546/999/1546 2303/1000/2302
f 304/962/304 3426/1001/3424 3321/963/3319
f 21/1002/21 1545/1003/1545 2305/1004/2304
f 305/966/305 3428/1005/3426 3322/967/3320
f 20/1006/20 1544/1007/1544 2307/1008/2306
f 306/970/306 3430/1009/3428 3323/971/3321
f 19/1010/19 1543/1011/1543 2309/1012/2308
f 307/974/307 3432/1013/3430 3314/975/3312
f 18/1014/18 1542/1015/1542 2311/1016/2310
f 107/1017/107 3434/1018/3432 2651/1019/2650
f 106/1020/106 3436/1021/3434 2753/1022/2751
f 105/1023/105 3438/1024/3436 2752/1025/2750
f 104/1026/104 3441/1027/3439 2751/1028/2749
f 103/1029/103 3445/1030/3443 2750/1031/2748
f 102/1032/102 3450/1033/3448 2749/1034/2747
f 101/1035/101 3456/1036/3454 2748/1037/2746
f 100/1038/100 3463/1039/3461 2747/1040/2745
f 99/1041/99 3471/1042/3469 2746/1043/2744
f 98/1044/98 3480/1045/3478 2745/1046/2743
f 107/1017/107 3489/1047/3487 3434/1018/3432
f 308/1048/308 3435/1049/3433 2368/1050/2367
f 106/1020/106 3491/1051/3489 3436/1021/3434
f 309/1052/309 3439/1053/3437 2370/1054/2369
f 308/1048/308 3493/1055/3491 3435/1049/3433
f 310/1056/310 3437/1057/3435 2372/1058/2371
f 105/1023/105 3495/1059/3493 3438/1024/3436
f 311/1060/311 3442/1061/3440 2374/1062/2373
f 309/1052/309 3497/1063/3495 3439/1053/3437
f 312/1064/312 3443/1065/3441 2376/1066/2375
f 310/1056/310 3499/1067/3497 3437/1057/3435
f 313/1068/313 3440/1069/3438 2378/1070/2377
f 104/1026/104 3501/1071/3499 3441/1027/3439
f 314/1072/314 3446/1073/3444 2380/1074/2379
f 311/1060/311 3503/1075/3501 3442/1061/3440
f 315/1076/315 3447/1077/3445 2382/1078/2381
f 312/1064/312 3505/1079/3503 3443/1065/3441
f 316/1080/316 3448/1081/3446 2384/1082/2383
f 313/1068/313 3507/1083/3505 3440/1069/3438
f 317/1084/317 3444/1085/3442 2386/1086/2385
f 103/1029/103 3509/1087/3507 3445/1030/3443
f 318/1088/318 3451/1089/3449 2388/1090/2387
f 314/1072/314 3511/1091/3509 3446/1073/3444
f 319/1092/319 3452/1093/3450 2390/1094/2389
f 315/1076/315 3513/1095/3511 3447/1077/3445
f 320/1096/320 3453/1097/3451 2392/1098/2391
f 316/1080/316 3515/1099/3513 3448/1081/3446
f 321/1100/321 3454/1101/3452 2394/1102/2393
f 317/1084/317 3517/1103/3515 3444/1085/3442
f 322/1104/322 3449/1105/3447 2396/1106/2395
f 102/1032/102 3519/1107/3517 3450/1033/3448
f 323/1108/323 3457/1109/3455 2398/1110/2397
f 318/1088/318 3521/1111/3519 3451/1089/3449
f 324/1112/324 3458/1113/3456 2400/1114/2399
f 319/1092/319 3523/1115/3521 3452/1093/3450
f 325/1116/325 3459/1117/3457 2402/1118/2401
f 320/1096/320 3525/1119/3523 3453/1097/3451
f 326/1120/326 3460/1121/3458 2404/1122/2403
f 321/1100/321 3527/1123/3525 3454/1101/3452
f 327/1124/327 3461/1125/3459 2406/1126/2405
f 322/1104/322 3529/1127/3527 3449/1105/3447
f 328/1128/328 3455/1129/3453 2408/1130/2407
f 101/1035/101 3531/1131/3529 3456/1036/3454
f 329/1132/329 3464/1133/3462 2410/1134/2409
f 323/1108/323 3533/1135/3531 3457/1109/3455
f 330/1136/330 3465/1137/3463 2412/1138/2411
f 324/1112/324 3535/1139/3533 3458/1113/3456
f 331/1140/331 3466/1141/3464 2414/1142/2413
f 325/1116/325 3537/1143/3535 3459/1117/3457
f 332/1144/332 3467/1145/3465 2416/1146/2415
f 326/1120/326 3539/1147/3537 3460/1121/3458
f 333/1148/333 3468/1149/3466 2418/1150/2417
f 327/1124/327 3541/1151/3539 3461/1125/3459
f 334/1152/334 3469/1153/3467 2420/1154/2419
f 328/1128/328 3543/1155/3541 3455/1129/3453
f 335/1156/335 3462/1157/3460 2422/1158/2421
f 100/1038/100 3545/1159/3543 3463/1039/3461
f 336/1160/336 3472/1161/3470 2424/1162/2423
f 329/1132/329 3547/1163/3545 3464/1133/3462
f 337/1164/337 3473/1165/3471 2426/1166/2425
f 330/1136/330 3549/1167/3547 3465/1137/3463
f 338/1168/338 3474/1169/3472 2428/1170/2427
f 331/1140/331 3551/1171/3549 3466/1141/3464
f 339/1172/339 3475/1173/3473 2430/1174/2429
f 332/1144/332 3553/1175/3551 3467/1145/3465
f 340/1176/340 3476/1177/3474 2432/1178/2431
f 333/1148/333 3555/1179/3553 3468/1149/3466
f 341/1180/341 3477/1181/3475 2434/1182/2433
f 334/1152/334 3557/1183/3555 3469/1153/3467
f 342/1184/342 3478/1185/3476 2436/1186/2435
f 335/1156/335 3559/1187/3557 3462/1157/3460
f 343/1188/343 3470/1189/3468 2438/1190/2437
f 99/1041/99 3561/1191/3559 3471/1042/3469
f 344/1192/344 3481/1193/3479 2440/1194/2439
f 336/1160/336 3563/1195/3561 3472/1161/3470
f 345/1196/345 3482/1197/3480 2442/1198/2441
f 337/1164/337 3565/1199/3563 3473/1165/3471
f 346/1200/346 3483/1201/3481 2444/1202/2443
f 338/1168/338 3567/1203/3565 3474/1169/3472
f 347/1204/347 3484/1205/3482 2446/1206/2445
f 339/1172/339 3569/1207/3567 3475/1173/3473
f 348/1208/348 3485/1209/3483 2448/1210/2447
f 340/1176/340 3571/1211/3569 3476/1177/3474
f 349/1212/349 3486/1213/3484 2450/1214/2449
f 341/1180/341 3573/1215/3571 3477/1181/3475
f 350/1216/350 3487/1217/3485 2452/1218/2451
f 342/1184/342 3575/1219/3573 3478/1185/3476
f 351/1220/351 3488/1221/3486 2454/1222/2453
f 343/1188/343 3577/1223/3575 3470/1189/3468
f 352/1224/352 3479/1225/3477 2456/1226/2455
f 98/1044/98 3579/1227/3577 3480/1045/3478
f 17/1228/17 1541/1229/1541 2458/1230/2457
f 344/1192/344 3581/1231/3579 3481/1193/3479
f 16/1232/16 1540/1233/1540 2460/1234/2459
f 345/1196/345 3583/1235/3581 3482/1197/3480
f 15/1236/15 1539/1237/1539 2462/1238/2461
f 346/1200/346 3585/1239/3583 3483/1201/3481
f 14/1240/14 1538/1241/1538 2464/1242/2463
f 347/1204/347 3587/1243/3585 3484/1205/3482
f 13/1244/13 1537/1245/1537 2466/1246/2465
f 348/1208/348 3589/1247/3587 3485/1209/3483
f 12/1248/12 1536/1249/1536 2468/1250/2467
f 349/1212/349 3591/1251/3589 3486/1213/3484
f 11/1252/11 1535/1253/1535 2470/1254/2469
f 350/1216/350 3593/1255/3591 3487/1217/3485
f 10/1256/10 1534/1257/1534 2472/1258/2471
f 351/1220/351 3595/1259/3593 3488/1221/3486
f 9/1260/9 1533/1261/1533 2474/1262/2473
f 352/1224/352 3597/1263/3595 3479/1225/3477
f 8/1264/8 1532/1265/1532 2476/1266/2475
f 68/264/68 3599/1267/3597 1592/265/1591
f 69/260/69 3601/1268/3599 1593/261/1592
f 70/256/70 3603/1269/3601 1594/257/1593
f 71/252/71 3606/1270/3604 1595/253/1594
f 72/248/72 3610/1271/3608 1596/249/1595
f 73/244/73 3615/1272/3613 1597/245/1596
f 74/240/74 3621/1273/3619 1598/241/1597
f 75/236/75 3628/1274/3626 1599/237/1598
f 76/232/76 3636/1275/3634 1600/233/1599
f 77/228/77 3645/1276/3643 1601/229/1600
f 68/264/68 3654/1277/3652 3599/1267/3597
f 353/1278/353 3600/1279/3598 2533/1280/2532
f 69/260/69 3656/1281/3654 3601/1268/3599
f 354/1282/354 3604/1283/3602 2535/1284/2534
f 353/1278/353 3658/1285/3656 3600/1279/3598
f 355/1286/355 3602/1287/3600 2537/1288/2536
f 70/256/70 3660/1289/3658 3603/1269/3601
f 356/1290/356 3607/1291/3605 2539/1292/2538
f 354/1282/354 3662/1293/3660 3604/1283/3602
f 357/1294/357 3608/1295/3606 2541/1296/2540
f 355/1286/355 3664/1297/3662 3602/1287/3600
f 358/1298/358 3605/1299/3603 2543/1300/2542
f 71/252/71 3666/1301/3664 3606/1270/3604
f 359/1302/359 3611/1303/3609 2545/1304/2544
f 356/1290/356 3668/1305/3666 3607/1291/3605
f 360/1306/360 3612/1307/3610 2547/1308/2546
f 357/1294/357 3670/1309/3668 3608/1295/3606
f 361/1310/361 3613/1311/3611 2549/1312/2548
f 358/1298/358 3672/1313/3670 3605/1299/3603
f 362/1314/362 3609/1315/3607 2551/1316/2550
f 72/248/72 3674/1317/3672 3610/1271/3608
f 363/1318/363 3616/1319/3614 2553/1320/2552
f 359/1302/359 3676/1321/3674 3611/1303/3609
f 364/1322/364 3617/1323/3615 2555/1324/2554
f 360/1306/360 3678/1325/3676 3612/1307/3610
f 365/1326/365 3618/1327/3616 2557/1328/2556
f 361/1310/361 3680/1329/3678 3613/1311/3611
f 366/1330/366 3619/1331/3617 2559/1332/2558
f 362/1314/362 3682/1333/3680 3609/1315/3607
f 367/1334/367 3614/1335/3612 2561/1336/2560
f 73/244/73 3684/1337/3682 3615/1272/3613
f 368/1338/368 3622/1339/3620 2563/1340/2562
f 363/1318/363 3686/1341/3684 3616/1319/3614
f 369/1342/369 3623/1343/3621 2565/1344/2564
f 364/1322/364 3688/1345/3686 3617/1323/3615
f 370/1346/370 3624/1347/3622 2567/1348/2566
f 365/1326/365 3690/1349/3688 3618/1327/3616
f 371/1350/371 3625/1351/3623 2569/1352/2568
f 366/1330/366 3692/1353/3690 3619/1331/3617
f 372/1354/372 3626/1355/3624 2571/1356/2570
f 367/1334/367 3694/1357/3692 3614/1335/3612
f 373/1358/373 3620/1359/3618 2573/1360/2572
f 74/240/74 3696/1361/3694 3621/1273/3619
f 374/1362/374 3629/1363/3627 2575/1364/2574
f 368/1338/368 3698/1365/3696 3622/1339/3620
f 375/1366/375 3630/1367/3628 2577/1368/2576
f 369/1342/369 3700/1369/3698 3623/1343/3621
f 376/1370/376 3631/1371/3629 2579/1372/2578
f 370/1346/370 3702/1373/3700 3624/1347/3622
f 377/1374/377 3632/1375/3630 2581/1376/2580
f 371/1350/371 3704/1377/3702 3625/1351/3623
f 378/1378/378 3633/1379/3631 2583/1380/2582
f 372/1354/372 3706/1381/3704 3626/1355/3624
f 379/1382/379 3634/1383/3632 2585/1384/2584
f 373/1358/373 3708/1385/3706 3620/1359/3618
f 380/1386/380 3627/1387/3625 2587/1388/2586
f 75/236/75 3710/1389/3708 3628/1274/3626
f 381/1390/381 3637/1391/3635 2589/1392/2588
f 374/1362/374 3712/1393/3710 3629/1363/3627
f 382/1394/382 3638/1395/3636 2591/1396/2590
f 375/1366/375 3714/1397/3712 3630/1367/3628
f 383/1398/383 3639/1399/3637 2593/1400/2592
f 376/1370/376 3716/1401/3714 3631/1371/3629
f 384/1402/384 3640/1403/3638 2595/1404/2594
f 377/1374/377 3718/1405/3716 3632/1375/3630
f 385/1406/385 3641/1407/3639 2597/1408/2596
f 378/1378/378 3720/1409/3718 3633/1379/3631
f 386/1410/386 3642/1411/3640 2599/1412/2598
f 379/1382/379 3722/1413/3720 3634/1383/3632
f 387/1414/387 3643/1415/3641 2601/1416/2600
f 380/1386/380 3724/1417/3722 3627/1387/3625
f 388/1418/388 3635/1419/3633 2603/1420/2602
f 76/232/76 3726/1421/3724 3636/1275/3634
f 389/1422/389 3646/1423/3644 2605/1424/2604
f 381/1390/381 3728/1425/3726 3637/1391/3635
f 390/1426/390 3647/1427/3645 2607/1428/2606
f 382/1394/382 3730/1429/3728 3638/1395/3636
f 391/1430/391 3648/1431/3646 2609/1432/2608
f 383/1398/383 3732/1433/3730 3639/1399/3637
f 392/1434/392 3649/1435/3647 2611/1436/2610
f 384/1402/384 3734/1437/3732 3640/1403/3638
f 393/1438/393 3650/1439/3648 2613/1440/2612
f 385/1406/385 3736/1441/3734 3641/1407/3639
f 394/1442/394 3651/1443/3649 2615/1444/2614
f 386/1410/386 3738/1445/3736 3642/1411/3640
f 395/1446/395 3652/1447/3650 2617/1448/2616
f 387/1414/387 3740/1449/3738 3643/1415/3641
f 396/1450/396 3653/1451/3651 2619/1452/2618
f 388/1418/388 3742/1453/3740 3635/1419/3633
f 397/1454/397 3644/1455/3642 2621/1456/2620
f 77/228/77 3744/1457/3742 3645/1276/3643
f 67/1458/67 1591/1459/1590 2623/1460/2622
f 389/1422/389 3746/1461/3744 3646/1423/3644
f 66/1462/66 1590/1463/1589 2625/1464/2624
f 390/1426/390 3748/1465/3746 3647/1427/3645
f 65/1466/65 1589/1467/1588 2627/1468/2626
f 391/1430/391 3750/1469/3748 3648/1431/3646
f 64/1470/64 1588/1471/1587 2629/1472/2628
f 392/1434/392 3752/1473/3750 3649/1435/3647
f 63/1474/63 1587/1475/1586 2631/1476/2630
f 393/1438/393 3754/1477/3752 3650/1439/3648
f 62/1478/62 1586/1479/1585 2633/1480/2632
f 394/1442/394 3756/1481/3754 3651/1443/3649
f 61/1482/61 1585/1483/1584 2635/1484/2634
f 395/1446/395 3758/1485/3756 3652/1447/3650
f 60/1486/60 1584/1487/1583 2637/1488/2636
f 396/1450/396 3760/1489/3758 3653/1451/3651
f 59/1490/59 1583/1491/1582 2639/1492/2638
f 397/1454/397 3762/1493/3760 3644/1455/3642
f 58/1494/58 1582/1495/1581 2641/1496/2640
f 1519/1497/1519 3764/1498/3762 3763/1499/3761
f 1519/1497/1519 3765/1500/3763 3764/1498/3762
f 460/1501/460 2704/1502/2702 3766/1503/3764
f 1400/1504/1400 3767/1505/3765 2522/1506/2521
f 1400/1504/1400 3768/1507/3766 3767/1505/3765
f 1518/1508/1518 2640/1509/2639 3769/1510/3767
f 1517/1511/1517 3770/1512/3768 3761/1513/3759
f 1517/1511/1517 3771/1514/3769 3770/1512/3768
f 461/1515/461 2705/1516/2703 3772/1517/3770
f 1409/1518/1409 3773/1519/3771 2531/1520/2530
f 1409/1518/1409 3774/1521/3772 3773/1519/3771
f 1516/1522/1516 2638/1523/2637 3775/1524/3773
f 1515/1525/1515 3776/1526/3774 3759/1527/3757
f 1515/1525/1515 3777/1528/3775 3776/1526/3774
f 462/1529/462 2706/1530/2704 3778/1531/3776
f 1408/1532/1408 3779/1533/3777 2530/1534/2529
f 1408/1532/1408 3780/1535/3778 3779/1533/3777
f 1514/1536/1514 2636/1537/2635 3781/1538/3779
f 1513/1539/1513 3782/1540/3780 3757/1541/3755
f 1513/1539/1513 3783/1542/3781 3782/1540/3780
f 463/1543/463 2707/1544/2705 3784/1545/3782
f 1407/1546/1407 3785/1547/3783 2529/1548/2528
f 1407/1546/1407 3786/1549/3784 3785/1547/3783
f 1512/1550/1512 2634/1551/2633 3787/1552/3785
f 1511/1553/1511 3788/1554/3786 3755/1555/3753
f 1511/1553/1511 3789/1556/3787 3788/1554/3786
f 464/1557/464 2708/1558/2706 3790/1559/3788
f 1406/1560/1406 3791/1561/3789 2528/1562/2527
f 1406/1560/1406 3792/1563/3790 3791/1561/3789
f 1510/1564/1510 2632/1565/2631 3793/1566/3791
f 1509/1567/1509 3794/1568/3792 3753/1569/3751
f 1509/1567/1509 3795/1570/3793 3794/1568/3792
f 465/1571/465 2709/1572/2707 3796/1573/3794
f 1405/1574/1405 3797/1575/3795 2527/1576/2526
f 1405/1574/1405 3798/1577/3796 3797/1575/3795
f 1508/1578/1508 2630/1579/2629 3799/1580/3797
f 1507/1581/1507 3800/1582/3798 3751/1583/3749
f 1507/1581/1507 3801/1584/3799 3800/1582/3798
f 466/1585/466 2710/1586/2708 3802/1587/3800
f 1404/1588/1404 3803/1589/3801 2526/1590/2525
f 1404/1588/1404 3804/1591/3802 3803/1589/3801
f 1506/1592/1506 2628/1593/2627 3805/1594/3803
f 1505/1595/1505 3806/1596/3804 3749/1597/3747
f 1505/1595/1505 3807/1598/3805 3806/1596/3804
f 467/1599/467 2711/1600/2709 3808/1601/3806
f 1403/1602/1403 3809/1603/3807 2525/1604/2524
f 1403/1602/1403 3810/1605/3808 3809/1603/3807
f 1504/1606/1504 2626/1607/2625 3811/1608/3809
f 1503/1609/1503 3812/1610/3810 3747/1611/3745
f 1503/1609/1503 3813/1612/3811 3812/1610/3810
f 468/1613/468 2712/1614/2710 3814/1615/3812
f 1402/1616/1402 3815/1617/3813 2524/1618/2523
f 1402/1616/1402 3816/1619/3814 3815/1617/3813
f 1502/1620/1502 2624/1621/2623 3817/1622/3815
f 1501/1623/1501 3818/1624/3816 3745/1625/3743
f 1501/1623/1501 3819/1626/3817 3818/1624/3816
f 469/1627/469 2713/1628/2711 3820/1629/3818
f 1401/1630/1401 3821/1631/3819 2523/1632/2522
f 1401/1630/1401 3822/1633/3820 3821/1631/3819
f 1500/1634/1500 2622/1635/2621 3823/1636/3821
f 1499/1637/1499 3824/1638/3822 3743/1639/3741
f 1499/1637/1499 3825/1640/3823 3824/1638/3822
f 1400/1504/1400 2522/1506/2521 3826/1641/3824
f 1391/1642/1391 3827/1643/3825 2513/1644/2512
f 1391/1642/1391 3828/1645/3826 3827/1643/3825
f 1498/1646/1498 2620/1647/2619 3829/1648/3827
f 1497/1649/1497 3830/1650/3828 3741/1651/3739
f 1497/1649/1497 3831/1652/3829 3830/1650/3828
f 1409/1518/1409 2531/1520/2530 3832/1653/3830
f 1399/1654/1399 3833/1655/3831 2521/1656/2520
f 1399/1654/1399 3834/1657/3832 3833/1655/3831
f 1496/1658/1496 2618/1659/2617 3835/1660/3833
f 1495/1661/1495 3836/1662/3834 3739/1663/3737
f 1495/1661/1495 3837/1664/3835 3836/1662/3834
f 1408/1532/1408 2530/1534/2529 3838/1665/3836
f 1398/1666/1398 3839/1667/3837 2520/1668/2519
f 1398/1666/1398 3840/1669/3838 3839/1667/3837
f 1494/1670/1494 2616/1671/2615 3841/1672/3839
f 1493/1673/1493 3842/1674/3840 3737/1675/3735
f 1493/1673/1493 3843/1676/3841 3842/1674/3840
f 1407/1546/1407 2529/1548/2528 3844/1677/3842
f 1397/1678/1397 3845/1679/3843 2519/1680/2518
f 1397/1678/1397 3846/1681/3844 3845/1679/3843
f 1492/1682/1492 2614/1683/2613 3847/1684/3845
f 1491/1685/1491 3848/1686/3846 3735/1687/3733
f 1491/1685/1491 3849/1688/3847 3848/1686/3846
f 1406/1560/1406 2528/1562/2527 3850/1689/3848
f 1396/1690/1396 3851/1691/3849 2518/1692/2517
f 1396/1690/1396 3852/1693/3850 3851/1691/3849
f 1490/1694/1490 2612/1695/2611 3853/1696/3851
f 1489/1697/1489 3854/1698/3852 3733/1699/3731
f 1489/1697/1489 3855/1700/3853 3854/1698/3852
f 1405/1574/1405 2527/1576/2526 3856/1701/3854
f 1395/1702/1395 3857/1703/3855 2517/1704/2516
f 1395/1702/1395 3858/1705/3856 3857/1703/3855
f 1488/1706/1488 2610/1707/2609 3859/1708/3857
f 1487/1709/1487 3860/1710/3858 3731/1711/3729
f 1487/1709/1487 3861/1712/3859 3860/1710/3858
f 1404/1588/1404 2526/1590/2525 3862/1713/3860
f 1394/1714/1394 3863/1715/3861 2516/1716/2515
f 1394/1714/1394 3864/1717/3862 3863/1715/3861
f 1486/1718/1486 2608/1719/2607 3865/1720/3863
f 1485/1721/1485 3866/1722/3864 3729/1723/3727
f 1485/1721/1485 3867/1724/3865 3866/1722/3864
f 1403/1602/1403 2525/1604/2524 3868/1725/3866
f 1393/1726/1393 3869/1727/3867 2515/1728/2514
f 1393/1726/1393 3870/1729/3868 3869/1727/3867
f 1484/1730/1484 2606/1731/2605 3871/1732/3869
f 1483/1733/1483 3872/1734/3870 3727/1735/3725
f 1483/1733/1483 3873/1736/3871 3872/1734/3870
f 1402/1616/1402 2524/1618/2523 3874/1737/3872
f 1392/1738/1392 3875/1739/3873 2514/1740/2513
f 1392/1738/1392 3876/1741/3874 3875/1739/3873
f 1482/1742/1482 2604/1743/2603 3877/1744/3875
f 1481/1745/1481 3878/1746/3876 3725/1747/3723
f 1481/1745/1481 3879/1748/3877 3878/1746/3876
f 1391/1642/1391 2513/1644/2512 3880/1749/3878
f 1383/1750/1383 3881/1751/3879 2505/1752/2504
f 1383/1750/1383 3882/1753/3880 3881/1751/3879
f 1480/1754/1480 2602/1755/2601 3883/1756/3881
f 1479/1757/1479 3884/1758/3882 3723/1759/3721
f 1479/1757/1479 3885/1760/3883 3884/1758/3882
f 1399/1654/1399 2521/1656/2520 3886/1761/3884
f 1390/1762/1390 3887/1763/3885 2512/1764/2511
f 1390/1762/1390 3888/1765/3886 3887/1763/3885
f 1478/1766/1478 2600/1767/2599 3889/1768/3887
f 1477/1769/1477 3890/1770/3888 3721/1771/3719
f 1477/1769/1477 3891/1772/3889 3890/1770/3888
f 1398/1666/1398 2520/1668/2519 3892/1773/3890
f 1389/1774/1389 3893/1775/3891 2511/1776/2510
f 1389/1774/1389 3894/1777/3892 3893/1775/3891
f 1476/1778/1476 2598/1779/2597 3895/1780/3893
f 1475/1781/1475 3896/1782/3894 3719/1783/3717
f 1475/1781/1475 3897/1784/3895 3896/1782/3894
f 1397/1678/1397 2519/1680/2518 3898/1785/3896
f 1388/1786/1388 3899/1787/3897 2510/1788/2509
f 1388/1786/1388 3900/1789/3898 3899/1787/3897
f 1474/1790/1474 2596/1791/2595 3901/1792/3899
f 1473/1793/1473 3902/1794/3900 3717/1795/3715
f 1473/1793/1473 3903/1796/3901 3902/1794/3900
f 1396/1690/1396 2518/1692/2517 3904/1797/3902
f 1387/1798/1387 3905/1799/3903 2509/1800/2508
f 1387/1798/1387 3906/1801/3904 3905/1799/3903
f 1472/1802/1472 2594/1803/2593 3907/1804/3905
f 1471/1805/1471 3908/1806/3906 3715/1807/3713
f 1471/1805/1471 3909/1808/3907 3908/1806/3906
f 1395/1702/1395 2517/1704/2516 3910/1809/3908
f 1386/1810/1386 3911/1811/3909 2508/1812/2507
f 1386/1810/1386 3912/1813/3910 3911/1811/3909
f 1470/1814/1470 2592/1815/2591 3913/1816/3911
f 1469/1817/1469 3914/1818/3912 3713/1819/3711
f 1469/1817/1469 3915/1820/3913 3914/1818/3912
f 1394/1714/1394 2516/1716/2515 3916/1821/3914
f 1385/1822/1385 3917/1823/3915 2507/1824/2506
f 1385/1822/1385 3918/1825/3916 3917/1823/3915
f 1468/1826/1468 2590/1827/2589 3919/1828/3917
f 1467/1829/1467 3920/1830/3918 3711/1831/3709
f 1467/1829/1467 3921/1832/3919 3920/1830/3918
f 1393/1726/1393 2515/1728/2514 3922/1833/3920
f 1384/1834/1384 3923/1835/3921 2506/1836/2505
f 1384/1834/1384 3924/1837/3922 3923/1835/3921
f 1466/1838/1466 2588/1839/2587 3925/1840/3923
f 1465/1841/1465 3926/1842/3924 3709/1843/3707
f 1465/1841/1465 3927/1844/3925 3926/1842/3924
f 1383/1750/1383 2505/1752/2504 3928/1845/3926
f 1376/1846/1376 3929/1847/3927 2498/1848/2497
f 1376/1846/1376 3930/1849/3928 3929/1847/3927
f 1464/1850/1464 2586/1851/2585 3931/1852/3929
f 1463/1853/1463 3932/1854/3930 3707/1855/3705
f 1463/1853/1463 3933/1856/3931 3932/1854/3930
f 1390/1762/1390 2512/1764/2511 3934/1857/3932
f 1382/1858/1382 3935/1859/3933 2504/1860/2503
f 1382/1858/1382 3936/1861/3934 3935/1859/3933
f 1462/1862/1462 2584/1863/2583 3937/1864/3935
f 1461/1865/1461 3938/1866/3936 3705/1867/3703
f 1461/1865/1461 3939/1868/3937 3938/1866/3936
f 1389/1774/1389 2511/1776/2510 3940/1869/3938
f 1381/1870/1381 3941/1871/3939 2503/1872/2502
f 1381/1870/1381 3942/1873/3940 3941/1871/3939
f 1460/1874/1460 2582/1875/2581 3943/1876/3941
f 1459/1877/1459 3944/1878/3942 3703/1879/3701
f 1459/1877/1459 3945/1880/3943 3944/1878/3942
f 1388/1786/1388 2510/1788/2509 3946/1881/3944
f 1380/1882/1380 3947/1883/3945 2502/1884/2501
f 1380/1882/1380 3948/1885/3946 3947/1883/3945
f 1458/1886/1458 2580/1887/2579 3949/1888/3947
f 1457/1889/1457 3950/1890/3948 3701/1891/3699
f 1457/1889/1457 3951/1892/3949 3950/1890/3948
f 1387/1798/1387 2509/1800/2508 3952/1893/3950
f 1379/1894/1379 3953/1895/3951 2501/1896/2500
f 1379/1894/1379 3954/1897/3952 3953/1895/3951
f 1456/1898/1456 2578/1899/2577 3955/1900/3953
f 1455/1901/1455 3956/1902/3954 3699/1903/3697
f 1455/1901/1455 3957/1904/3955 3956/1902/3954
f 1386/1810/1386 2508/1812/2507 3958/1905/3956
f 1378/1906/1378 3959/1907/3957 2500/1908/2499
f 1378/1906/1378 3960/1909/3958 3959/1907/3957
f 1454/1910/1454 2576/1911/2575 3961/1912/3959
f 1453/1913/1453 3962/1914/3960 3697/1915/3695
f 1453/1913/1453 3963/1916/3961 3962/1914/3960
f 1385/1822/1385 2507/1824/2506 3964/1917/3962
f 1377/1918/1377 3965/1919/3963 2499/1920/2498
f 1377/1918/1377 3966/1921/3964 3965/1919/3963
f 1452/1922/1452 2574/1923/2573 3967/1924/3965
f 1451/1925/1451 3968/1926/3966 3695/1927/3693
f 1451/1925/1451 3969/1928/3967 3968/1926/3966
f 1376/1846/1376 2498/1848/2497 3970/1929/3968
f 1370/1930/1370 3971/1931/3969 2492/1932/2491
f 1370/1930/1370 3972/1933/3970 3971/1931/3969
f 1450/1934/1450 2572/1935/2571 3973/1936/3971
f 1449/1937/1449 3974/1938/3972 3693/1939/3691
f 1449/1937/1449 3975/1940/3973 3974/1938/3972
f 1382/1858/1382 2504/1860/2503 3976/1941/3974
f 1375/1942/1375 3977/1943/3975 2497/1944/2496
f 1375/1942/1375 3978/1945/3976 3977/1943/3975
f 1448/1946/1448 2570/1947/2569 3979/1948/3977
f 1447/1949/1447 3980/1950/3978 3691/1951/3689
f 1447/1949/1447 3981/1952/3979 3980/1950/3978
f 1381/1870/1381 2503/1872/2502 3982/1953/3980
f 1374/1954/1374 3983/1955/3981 2496/1956/2495
f 1374/1954/1374 3984/1957/3982 3983/1955/3981
f 1446/1958/1446 2568/1959/2567 3985/1960/3983
f 1445/1961/1445 3986/1962/3984 3689/1963/3687
f 1445/1961/1445 3987/1964/3985 3986/1962/3984
f 1380/1882/1380 2502/1884/2501 3988/1965/3986
f 1373/1966/1373 3989/1967/3987 2495/1968/2494
f 1373/1966/1373 3990/1969/3988 3989/1967/3987
f 1444/1970/1444 2566/1971/2565 3991/1972/3989
f 1443/1973/1443 3992/1974/3990 3687/1975/3685
f 1443/1973/1443 3993/1976/3991 3992/1974/3990
f 1379/1894/1379 2501/1896/2500 3994/1977/3992
f 1372/1978/1372 3995/1979/3993 2494/1980/2493
f 1372/1978/1372 3996/1981/3994 3995/1979/3993
f 1442/1982/1442 2564/1983/2563 3997/1984/3995
f 1441/1985/1441 3998/1986/3996 3685/1987/3683
f 1441/1985/1441 3999/1988/3997 3998/1986/3996
f 1378/1906/1378 2500/1908/2499 4000/1989/3998
f 1371/1990/1371 4001/1991/3999 2493/1992/2492
f 1371/1990/1371 4002/1993/4000 4001/1991/3999
f 1440/1994/1440 2562/1995/2561 4003/1996/4001
f 1439/1997/1439 4004/1998/4002 3683/1999/3681
f 1439/1997/1439 4005/2000/4003 4004/1998/4002
f 1370/1930/1370 2492/1932/2491 4006/2001/4004
f 1365/2002/1365 4007/2003/4005 2487/2004/2486
f 1365/2002/1365 4008/2005/4006 4007/2003/4005
f 1438/2006/1438 2560/2007/2559 4009/2008/4007
f 1437/2009/1437 4010/2010/4008 3681/2011/3679
f 1437/2009/1437 4011/2012/4009 4010/2010/4008
f 1375/1942/1375 2497/1944/2496 4012/2013/4010
f 1369/2014/1369 4013/2015/4011 2491/2016/2490
f 1369/2014/1369 4014/2017/4012 4013/2015/4011
f 1436/2018/1436 2558/2019/2557 4015/2020/4013
f 1435/2021/1435 4016/2022/4014 3679/2023/3677
f 1435/2021/1435 4017/2024/4015 4016/2022/4014
f 1374/1954/1374 2496/1956/2495 4018/2025/4016
f 1368/2026/1368 4019/2027/4017 2490/2028/2489
f 1368/2026/1368 4020/2029/4018 4019/2027/4017
f 1434/2030/1434 2556/2031/2555 4021/2032/4019
f 1433/2033/1433 4022/2034/4020 3677/2035/3675
f 1433/2033/1433 4023/2036/4021 4022/2034/4020
f 1373/1966/1373 2495/1968/2494 4024/2037/4022
f 1367/2038/1367 4025/2039/4023 2489/2040/2488
f 1367/2038/1367 4026/2041/4024 4025/2039/4023
f 1432/2042/1432 2554/2043/2553 4027/2044/4025
f 1431/2045/1431 4028/2046/4026 3675/2047/3673
f 1431/2045/1431 4029/2048/4027 4028/2046/4026
f 1372/1978/1372 2494/1980/2493 4030/2049/4028
f 1366/2050/1366 4031/2051/4029 2488/2052/2487
f 1366/2050/1366 4032/2053/4030 4031/2051/4029
f 1430/2054/1430 2552/2055/2551 4033/2056/4031
f 1429/2057/1429 4034/2058/4032 3673/2059/3671
f 1429/2057/1429 4035/2060/4033 4034/2058/4032
f 1365/2002/1365 2487/2004/2486 4036/2061/4034
f 1361/2062/1361 4037/2063/4035 2483/2064/2482
f 1361/2062/1361 4038/2065/4036 4037/2063/4035
f 1428/2066/1428 2550/2067/2549 4039/2068/4037
f 1427/2069/1427 4040/2070/4038 3671/2071/3669
f 1427/2069/1427 4041/2072/4039 4040/2070/4038
f 1369/2014/1369 2491/2016/2490 4042/2073/4040
f 1364/2074/1364 4043/2075/4041 2486/2076/2485
f 1364/2074/1364 4044/2077/4042 4043/2075/4041
f 1426/2078/1426 2548/2079/2547 4045/2080/4043
f 1425/2081/1425 4046/2082/4044 3669/2083/3667
f 1425/2081/1425 4047/2084/4045 4046/2082/4044
f 1368/2026/1368 2490/2028/2489 4048/2085/4046
f 1363/2086/1363 4049/2087/4047 2485/2088/2484
f 1363/2086/1363 4050/2089/4048 4049/2087/4047
f 1424/2090/1424 2546/2091/2545 4051/2092/4049
f 1423/2093/1423 4052/2094/4050 3667/2095/3665
f 1423/2093/1423 4053/2096/4051 4052/2094/4050
f 1367/2038/1367 2489/2040/2488 4054/2097/4052
f 1362/2098/1362 4055/2099/4053 2484/2100/2483
f 1362/2098/1362 4056/2101/4054 4055/2099/4053
f 1422/2102/1422 2544/2103/2543 4057/2104/4055
f 1421/2105/1421 4058/2106/4056 3665/2107/3663
f 1421/2105/1421 4059/2108/4057 4058/2106/4056
f 1361/2062/1361 2483/2064/2482 4060/2109/4058
f 1358/2110/1358 4061/2111/4059 2480/2112/2479
f 1358/2110/1358 4062/2113/4060 4061/2111/4059
f 1420/2114/1420 2542/2115/2541 4063/2116/4061
f 1419/2117/1419 4064/2118/4062 3663/2119/3661
f 1419/2117/1419 4065/2120/4063 4064/2118/4062
f 1364/2074/1364 2486/2076/2485 4066/2121/4064
f 1360/2122/1360 4067/2123/4065 2482/2124/2481
f 1360/2122/1360 4068/2125/4066 4067/2123/4065
f 1418/2126/1418 2540/2127/2539 4069/2128/4067
f 1417/2129/1417 4070/2130/4068 3661/2131/3659
f 1417/2129/1417 4071/2132/4069 4070/2130/4068
f 1363/2086/1363 2485/2088/2484 4072/2133/4070
f 1359/2134/1359 4073/2135/4071 2481/2136/2480
f 1359/2134/1359 4074/2137/4072 4073/2135/4071
f 1416/2138/1416 2538/2139/2537 4075/2140/4073
f 1415/2141/1415 4076/2142/4074 3659/2143/3657
f 1415/2141/1415 4077/2144/4075 4076/2142/4074
f 1358/2110/1358 2480/2112/2479 4078/2145/4076
f 1356/2146/1356 4079/2147/4077 2478/2148/2477
f 1356/2146/1356 4080/2149/4078 4079/2147/4077
f 1414/2150/1414 2536/2151/2535 4081/2152/3298
f 1413/2153/1413 4082/2154/4079 3657/2155/3655
f 1413/2153/1413 4083/2156/4080 4082/2154/4079
f 1360/2122/1360 2482/2124/2481 4084/2157/4081
f 1357/2158/1357 4085/2159/4082 2479/2160/2478
f 1357/2158/1357 4086/2161/4083 4085/2159/4082
f 1412/2162/1412 2534/2163/2533 4087/2164/4084
f 1411/2165/1411 4088/2166/4085 3655/2167/3653
f 1411/2165/1411 4089/2168/4086 4088/2166/4085
f 1356/2146/1356 2478/2148/2477 4090/2169/4087
f 1355/2170/1355 4091/2171/4088 2477/2172/2476
f 1355/2170/1355 4092/2173/4089 4091/2171/4088
f 1410/2174/1410 2532/2175/2531 4093/2176/4090
f 479/2177/479 4094/2178/4091 2723/2179/2721
f 479/2177/479 4095/2180/4092 4094/2178/4091
f 1401/1630/1401 2523/1632/2522 4096/2181/4093
f 478/2182/478 4097/2183/4094 2722/2184/2720
f 478/2182/478 4098/2185/4095 4097/2183/4094
f 1392/1738/1392 2514/1740/2513 4099/2186/4096
f 477/2187/477 4100/2188/4097 2721/2189/2719
f 477/2187/477 4101/2190/4098 4100/2188/4097
f 1384/1834/1384 2506/1836/2505 4102/2191/4099
f 476/2192/476 4103/2193/4100 2720/2194/2718
f 476/2192/476 4104/2195/4101 4103/2193/4100
f 1377/1918/1377 2499/1920/2498 4105/2196/4102
f 475/2197/475 4106/2198/4103 2719/2199/2717
f 475/2197/475 4107/2200/4104 4106/2198/4103
f 1371/1990/1371 2493/1992/2492 4108/2201/4105
f 474/2202/474 4109/2203/4106 2718/2204/2716
f 474/2202/474 4110/2205/4107 4109/2203/4106
f 1366/2050/1366 2488/2052/2487 4111/2206/4108
f 473/2207/473 4112/2208/4109 2717/2209/2715
f 473/2207/473 4113/2210/4110 4112/2208/4109
f 1362/2098/1362 2484/2100/2483 4114/2211/4111
f 472/2212/472 4115/2213/4112 2716/2214/2714
f 472/2212/472 4116/2215/4113 4115/2213/4112
f 1359/2134/1359 2481/2136/2480 4117/2216/4114
f 471/2217/471 4118/2218/4115 2715/2219/2713
f 471/2217/471 4119/2220/4116 4118/2218/4115
f 1357/2158/1357 2479/2160/2478 4120/2221/4117
f 470/2222/470 4121/2223/4118 2714/2224/2712
f 470/2222/470 4122/2225/4119 4121/2223/4118
f 1355/2170/1355 2477/2172/2476 4123/2226/4120
f 1354/2227/1354 4124/2228/4121 3598/2229/3596
f 1354/2227/1354 4125/2230/4122 4124/2228/4121
f 410/2231/410 2654/2232/2653 4126/2233/4123
f 1235/2234/1235 4127/2235/4124 2357/2236/2356
f 1235/2234/1235 4128/2237/4125 4127/2235/4124
f 1353/2238/1353 2475/2239/2474 4129/2240/4126
f 1352/2241/1352 4130/2242/4127 3596/2243/3594
f 1352/2241/1352 4131/2244/4128 4130/2242/4127
f 411/2245/411 2655/2246/2654 4132/2247/4129
f 1244/2248/1244 4133/2249/4130 2366/2250/2365
f 1244/2248/1244 4134/2251/4131 4133/2249/4130
f 1351/2252/1351 2473/2253/2472 4135/2254/4132
f 1350/2255/1350 4136/2256/4133 3594/2257/3592
f 1350/2255/1350 4137/2258/4134 4136/2256/4133
f 412/2259/412 2656/2260/2655 4138/2261/4135
f 1243/2262/1243 4139/2263/4136 2365/2264/2364
f 1243/2262/1243 4140/2265/4137 4139/2263/4136
f 1349/2266/1349 2471/2267/2470 4141/2268/4138
f 1348/2269/1348 4142/2270/4139 3592/2271/3590
f 1348/2269/1348 4143/2272/4140 4142/2270/4139
f 413/2273/413 2657/2274/2656 4144/2275/4141
f 1242/2276/1242 4145/2277/4142 2364/2278/2363
f 1242/2276/1242 4146/2279/4143 4145/2277/4142
f 1347/2280/1347 2469/2281/2468 4147/2282/4144
f 1346/2283/1346 4148/2284/4145 3590/2285/3588
f 1346/2283/1346 4149/2286/4146 4148/2284/4145
f 414/2287/414 2658/2288/2657 4150/2289/4147
f 1241/2290/1241 4151/2291/4148 2363/2292/2362
f 1241/2290/1241 4152/2293/4149 4151/2291/4148
f 1345/2294/1345 2467/2295/2466 4153/2296/4150
f 1344/2297/1344 4154/2298/4151 3588/2299/3586
f 1344/2297/1344 4155/2300/4152 4154/2298/4151
f 415/2301/415 2659/2302/2658 4156/2303/4153
f 1240/2304/1240 4157/2305/4154 2362/2306/2361
f 1240/2304/1240 4158/2307/4155 4157/2305/4154
f 1343/2308/1343 2465/2309/2464 4159/2310/4156
f 1342/2311/1342 4160/2312/4157 3586/2313/3584
f 1342/2311/1342 4161/2314/4158 4160/2312/4157
f 416/2315/416 2660/2316/2659 4162/2317/4159
f 1239/2318/1239 4163/2319/4160 2361/2320/2360
f 1239/2318/1239 4164/2321/4161 4163/2319/4160
f 1341/2322/1341 2463/2323/2462 4165/2324/4162
f 1340/2325/1340 4166/2326/4163 3584/2327/3582
f 1340/2325/1340 4167/2328/4164 4166/2326/4163
f 417/2329/417 2661/2330/2660 4168/2331/4165
f 1238/2332/1238 4169/2333/4166 2360/2334/2359
f 1238/2332/1238 4170/2335/4167 4169/2333/4166
f 1339/2336/1339 2461/2337/2460 4171/2338/4168
f 1338/2339/1338 4172/2340/4169 3582/2341/3580
f 1338/2339/1338 4173/2342/4170 4172/2340/4169
f 418/2343/418 2662/2344/2661 4174/2345/4171
f 1237/2346/1237 4175/2347/4172 2359/2348/2358
f 1237/2346/1237 4176/2349/4173 4175/2347/4172
f 1337/2350/1337 2459/2351/2458 4177/2352/4174
f 1336/2353/1336 4178/2354/4175 3580/2355/3578
f 1336/2353/1336 4179/2356/4176 4178/2354/4175
f 419/2357/419 2663/2358/2662 4180/2359/4177
f 1236/2360/1236 4181/2361/4178 2358/2362/2357
f 1236/2360/1236 4182/2363/4179 4181/2361/4178
f 1335/2364/1335 2457/2365/2456 4183/2366/4180
f 1334/2367/1334 4184/2368/4181 3578/2369/3576
f 1334/2367/1334 4185/2370/4182 4184/2368/4181
f 1235/2234/1235 2357/2236/2356 4186/2371/4183
f 1226/2372/1226 4187/2373/4184 2348/2374/2347
f 1226/2372/1226 4188/2375/4185 4187/2373/4184
f 1333/2376/1333 2455/2377/2454 4189/2378/4186
f 1332/2379/1332 4190/2380/4187 3576/2381/3574
f 1332/2379/1332 4191/2382/4188 4190/2380/4187
f 1244/2248/1244 2366/2250/2365 4192/2383/4189
f 1234/2384/1234 4193/2385/4190 2356/2386/2355
f 1234/2384/1234 4194/2387/4191 4193/2385/4190
f 1331/2388/1331 2453/2389/2452 4195/2390/4192
f 1330/2391/1330 4196/2392/4193 3574/2393/3572
f 1330/2391/1330 4197/2394/4194 4196/2392/4193
f 1243/2262/1243 2365/2264/2364 4198/2395/4195
f 1233/2396/1233 4199/2397/4196 2355/2398/2354
f 1233/2396/1233 4200/2399/4197 4199/2397/4196
f 1329/2400/1329 2451/2401/2450 4201/2402/4198
f 1328/2403/1328 4202/2404/4199 3572/2405/3570
f 1328/2403/1328 4203/2406/4200 4202/2404/4199
f 1242/2276/1242 2364/2278/2363 4204/2407/4201
f 1232/2408/1232 4205/2409/4202 2354/2410/2353
f 1232/2408/1232 4206/2411/4203 4205/2409/4202
f 1327/2412/1327 2449/2413/2448 4207/2414/4204
f 1326/2415/1326 4208/2416/4205 3570/2417/3568
f 1326/2415/1326 4209/2418/4206 4208/2416/4205
f 1241/2290/1241 2363/2292/2362 4210/2419/4207
f 1231/2420/1231 4211/2421/4208 2353/2422/2352
f 1231/2420/1231 4212/2423/4209 4211/2421/4208
f 1325/2424/1325 2447/2425/2446 4213/2426/4210
f 1324/2427/1324 4214/2428/4211 3568/2429/3566
f 1324/2427/1324 4215/2430/4212 4214/2428/4211
f 1240/2304/1240 2362/2306/2361 4216/2431/4213
f 1230/2432/1230 4217/2433/4214 2352/2434/2351
f 1230/2432/1230 4218/2435/4215 4217/2433/4214
f 1323/2436/1323 2445/2437/2444 4219/2438/4216
f 1322/2439/1322 4220/2440/4217 3566/2441/3564
f 1322/2439/1322 4221/2442/4218 4220/2440/4217
f 1239/2318/1239 2361/2320/2360 4222/2443/4219
f 1229/2444/1229 4223/2445/4220 2351/2446/2350
f 1229/2444/1229 4224/2447/4221 4223/2445/4220
f 1321/2448/1321 2443/2449/2442 4225/2450/4222
f 1320/2451/1320 4226/2452/4223 3564/2453/3562
f 1320/2451/1320 4227/2454/4224 4226/2452/4223
f 1238/2332/1238 2360/2334/2359 4228/2455/4225
f 1228/2456/1228 4229/2457/4226 2350/2458/2349
f 1228/2456/1228 4230/2459/4227 4229/2457/4226
f 1319/2460/1319 2441/2461/2440 4231/2462/4228
f 1318/2463/1318 4232/2464/4229 3562/2465/3560
f 1318/2463/1318 4233/2466/4230 4232/2464/4229
f 1237/2346/1237 2359/2348/2358 4234/2467/4231
f 1227/2468/1227 4235/2469/4232 2349/2470/2348
f 1227/2468/1227 4236/2471/4233 4235/2469/4232
f 1317/2472/1317 2439/2473/2438 4237/2474/4234
f 1316/2475/1316 4238/2476/4235 3560/2477/3558
f 1316/2475/1316 4239/2478/4236 4238/2476/4235
f 1226/2372/1226 2348/2374/2347 4240/2479/4237
f 1218/2480/1218 4241/2481/4238 2340/2482/2339
f 1218/2480/1218 4242/2483/4239 4241/2481/4238
f 1315/2484/1315 2437/2485/2436 4243/2486/4240
f 1314/2487/1314 4244/2488/4241 3558/2489/3556
f 1314/2487/1314 4245/2490/4242 4244/2488/4241
f 1234/2384/1234 2356/2386/2355 4246/2491/4243
f 1225/2492/1225 4247/2493/4244 2347/2494/2346
f 1225/2492/1225 4248/2495/4245 4247/2493/4244
f 1313/2496/1313 2435/2497/2434 4249/2498/4246
f 1312/2499/1312 4250/2500/4247 3556/2501/3554
f 1312/2499/1312 4251/2502/4248 4250/2500/4247
f 1233/2396/1233 2355/2398/2354 4252/2503/4249
f 1224/2504/1224 4253/2505/4250 2346/2506/2345
f 1224/2504/1224 4254/2507/4251 4253/2505/4250
f 1311/2508/1311 2433/2509/2432 4255/2510/4252
f 1310/2511/1310 4256/2512/4253 3554/2513/3552
f 1310/2511/1310 4257/2514/4254 4256/2512/4253
f 1232/2408/1232 2354/2410/2353 4258/2515/4255
f 1223/2516/1223 4259/2517/4256 2345/2518/2344
f 1223/2516/1223 4260/2519/4257 4259/2517/4256
f 1309/2520/1309 2431/2521/2430 4261/2522/4258
f 1308/2523/1308 4262/2524/4259 3552/2525/3550
f 1308/2523/1308 4263/2526/4260 4262/2524/4259
f 1231/2420/1231 2353/2422/2352 4264/2527/4261
f 1222/2528/1222 4265/2529/4262 2344/2530/2343
f 1222/2528/1222 4266/2531/4263 4265/2529/4262
f 1307/2532/1307 2429/2533/2428 4267/2534/4264
f 1306/2535/1306 4268/2536/4265 3550/2537/3548
f 1306/2535/1306 4269/2538/4266 4268/2536/4265
f 1230/2432/1230 2352/2434/2351 4270/2539/4267
f 1221/2540/1221 4271/2541/4268 2343/2542/2342
f 1221/2540/1221 4272/2543/4269 4271/2541/4268
f 1305/2544/1305 2427/2545/2426 4273/2546/4270
f 1304/2547/1304 4274/2548/4271 3548/2549/3546
f 1304/2547/1304 4275/2550/4272 4274/2548/4271
f 1229/2444/1229 2351/2446/2350 4276/2551/4273
f 1220/2552/1220 4277/2553/4274 2342/2554/2341
f 1220/2552/1220 4278/2555/4275 4277/2553/4274
f 1303/2556/1303 2425/2557/2424 4279/2558/4276
f 1302/2559/1302 4280/2560/4277 3546/2561/3544
f 1302/2559/1302 4281/2562/4278 4280/2560/4277
f 1228/2456/1228 2350/2458/2349 4282/2563/4279
f 1219/2564/1219 4283/2565/4280 2341/2566/2340
f 1219/2564/1219 4284/2567/4281 4283/2565/4280
f 1301/2568/1301 2423/2569/2422 4285/2570/4282
f 1300/2571/1300 4286/2572/4283 3544/2573/3542
f 1300/2571/1300 4287/2574/4284 4286/2572/4283
f 1218/2480/1218 2340/2482/2339 4288/2575/4285
f 1211/2576/1211 4289/2577/4286 2333/2578/2332
f 1211/2576/1211 4290/2579/4287 4289/2577/4286
f 1299/2580/1299 2421/2581/2420 4291/2582/4288
f 1298/2583/1298 4292/2584/4289 3542/2585/3540
f 1298/2583/1298 4293/2586/4290 4292/2584/4289
f 1225/2492/1225 2347/2494/2346 4294/2587/4291
f 1217/2588/1217 4295/2589/4292 2339/2590/2338
f 1217/2588/1217 4296/2591/4293 4295/2589/4292
f 1297/2592/1297 2419/2593/2418 4297/2594/4294
f 1296/2595/1296 4298/2596/4295 3540/2597/3538
f 1296/2595/1296 4299/2598/4296 4298/2596/4295
f 1224/2504/1224 2346/2506/2345 4300/2599/4297
f 1216/2600/1216 4301/2601/4298 2338/2602/2337
f 1216/2600/1216 4302/2603/4299 4301/2601/4298
f 1295/2604/1295 2417/2605/2416 4303/2606/4300
f 1294/2607/1294 4304/2608/4301 3538/2609/3536
f 1294/2607/1294 4305/2610/4302 4304/2608/4301
f 1223/2516/1223 2345/2518/2344 4306/2611/4303
f 1215/2612/1215 4307/2613/4304 2337/2614/2336
f 1215/2612/1215 4308/2615/4305 4307/2613/4304
f 1293/2616/1293 2415/2617/2414 4309/2618/4306
f 1292/2619/1292 4310/2620/4307 3536/2621/3534
f 1292/2619/1292 4311/2622/4308 4310/2620/4307
f 1222/2528/1222 2344/2530/2343 4312/2623/4309
f 1214/2624/1214 4313/2625/4310 2336/2626/2335
f 1214/2624/1214 4314/2627/4311 4313/2625/4310
f 1291/2628/1291 2413/2629/2412 4315/2630/4312
f 1290/2631/1290 4316/2632/4313 3534/2633/3532
f 1290/2631/1290 4317/2634/4314 4316/2632/4313
f 1221/2540/1221 2343/2542/2342 4318/2635/4315
f 1213/2636/1213 4319/2637/4316 2335/2638/2334
f 1213/2636/1213 4320/2639/4317 4319/2637/4316
f 1289/2640/1289 2411/2641/2410 4321/2642/4318
f 1288/2643/1288 4322/2644/4319 3532/2645/3530
f 1288/2643/1288 4323/2646/4320 4322/2644/4319
f 1220/2552/1220 2342/2554/2341 4324/2647/4321
f 1212/2648/1212 4325/2649/4322 2334/2650/2333
f 1212/2648/1212 4326/2651/4323 4325/2649/4322
f 1287/2652/1287 2409/2653/2408 4327/2654/4324
f 1286/2655/1286 4328/2656/4325 3530/2657/3528
f 1286/2655/1286 4329/2658/4326 4328/2656/4325
f 1211/2576/1211 2333/2578/2332 4330/2659/4327
f 1205/2660/1205 4331/2661/4328 2327/2662/2326
f 1205/2660/1205 4332/2663/4329 4331/2661/4328
f 1285/2664/1285 2407/2665/2406 4333/2666/4330
f 1284/2667/1284 4334/2668/4331 3528/2669/3526
f 1284/2667/1284 4335/2670/4332 4334/2668/4331
f 1217/2588/1217 2339/2590/2338 4336/2671/4333
f 1210/2672/1210 4337/2673/4334 2332/2674/2331
f 1210/2672/1210 4338/2675/4335 4337/2673/4334
f 1283/2676/1283 2405/2677/2404 4339/2678/4336
f 1282/2679/1282 4340/2680/4337 3526/2681/3524
f 1282/2679/1282 4341/2682/4338 4340/2680/4337
f 1216/2600/1216 2338/2602/2337 4342/2683/4339
f 1209/2684/1209 4343/2685/4340 2331/2686/2330
f 1209/2684/1209 4344/2687/4341 4343/2685/4340
f 1281/2688/1281 2403/2689/2402 4345/2690/4342
f 1280/2691/1280 4346/2692/4343 3524/2693/3522
f 1280/2691/1280 4347/2694/4344 4346/2692/4343
f 1215/2612/1215 2337/2614/2336 4348/2695/4345
f 1208/2696/1208 4349/2697/4346 2330/2698/2329
f 1208/2696/1208 4350/2699/4347 4349/2697/4346
f 1279/2700/1279 2401/2701/2400 4351/2702/4348
f 1278/2703/1278 4352/2704/4349 3522/2705/3520
f 1278/2703/1278 4353/2706/4350 4352/2704/4349
f 1214/2624/1214 2336/2626/2335 4354/2707/4351
f 1207/2708/1207 4355/2709/4352 2329/2710/2328
f 1207/2708/1207 4356/2711/4353 4355/2709/4352
f 1277/2712/1277 2399/2713/2398 4357/2714/4354
f 1276/2715/1276 4358/2716/4355 3520/2717/3518
f 1276/2715/1276 4359/2718/4356 4358/2716/4355
f 1213/2636/1213 2335/2638/2334 4360/2719/4357
f 1206/2720/1206 4361/2721/4358 2328/2722/2327
f 1206/2720/1206 4362/2723/4359 4361/2721/4358
f 1275/2724/1275 2397/2725/2396 4363/2726/4360
f 1274/2727/1274 4364/2728/4361 3518/2729/3516
f 1274/2727/1274 4365/2730/4362 4364/2728/4361
f 1205/2660/1205 2327/2662/2326 4366/2731/4363
f 1200/2732/1200 4367/2733/4364 2322/2734/2321
f 1200/2732/1200 4368/2735/4365 4367/2733/4364
f 1273/2736/1273 2395/2737/2394 4369/2738/4366
f 1272/2739/1272 4370/2740/4367 3516/2741/3514
f 1272/2739/1272 4371/2742/4368 4370/2740/4367
f 1210/2672/1210 2332/2674/2331 4372/2743/4369
f 1204/2744/1204 4373/2745/4370 2326/2746/2325
f 1204/2744/1204 4374/2747/4371 4373/2745/4370
f 1271/2748/1271 2393/2749/2392 4375/2750/4372
f 1270/2751/1270 4376/2752/4373 3514/2753/3512
f 1270/2751/1270 4377/2754/4374 4376/2752/4373
f 1209/2684/1209 2331/2686/2330 4378/2755/4375
f 1203/2756/1203 4379/2757/4376 2325/2758/2324
f 1203/2756/1203 4380/2759/4377 4379/2757/4376
f 1269/2760/1269 2391/2761/2390 4381/2762/4378
f 1268/2763/1268 4382/2764/4379 3512/2765/3510
f 1268/2763/1268 4383/2766/4380 4382/2764/4379
f 1208/2696/1208 2330/2698/2329 4384/2767/4381
f 1202/2768/1202 4385/2769/4382 2324/2770/2323
f 1202/2768/1202 4386/2771/4383 4385/2769/4382
f 1267/2772/1267 2389/2773/2388 4387/2774/4384
f 1266/2775/1266 4388/2776/4385 3510/2777/3508
f 1266/2775/1266 4389/2778/4386 4388/2776/4385
f 1207/2708/1207 2329/2710/2328 4390/2779/4387
f 1201/2780/1201 4391/2781/4388 2323/2782/2322
f 1201/2780/1201 4392/2783/4389 4391/2781/4388
f 1265/2784/1265 2387/2785/2386 4393/2786/4390
f 1264/2787/1264 4394/2788/4391 3508/2789/3506
f 1264/2787/1264 4395/2790/4392 4394/2788/4391
f 1200/2732/1200 2322/2734/2321 4396/2791/4393
f 1196/2792/1196 4397/2793/4394 2318/2794/2317
f 1196/2792/1196 4398/2795/4395 4397/2793/4394
f 1263/2796/1263 2385/2797/2384 4399/2798/4396
f 1262/2799/1262 4400/2800/4397 3506/2801/3504
f 1262/2799/1262 4401/2802/4398 4400/2800/4397
f 1204/2744/1204 2326/2746/2325 4402/2803/4399
f 1199/2804/1199 4403/2805/4400 2321/2806/2320
f 1199/2804/1199 4404/2807/4401 4403/2805/4400
f 1261/2808/1261 2383/2809/2382 4405/2810/4402
f 1260/2811/1260 4406/2812/4403 3504/2813/3502
f 1260/2811/1260 4407/2814/4404 4406/2812/4403
f 1203/2756/1203 2325/2758/2324 4408/2815/4405
f 1198/2816/1198 4409/2817/4406 2320/2818/2319
f 1198/2816/1198 4410/2819/4407 4409/2817/4406
f 1259/2820/1259 2381/2821/2380 4411/2822/4408
f 1258/2823/1258 4412/2824/4409 3502/2825/3500
f 1258/2823/1258 4413/2826/4410 4412/2824/4409
f 1202/2768/1202 2324/2770/2323 4414/2827/4411
f 1197/2828/1197 4415/2829/4412 2319/2830/2318
f 1197/2828/1197 4416/2831/4413 4415/2829/4412
f 1257/2832/1257 2379/2833/2378 4417/2834/4414
f 1256/2835/1256 4418/2836/4415 3500/2837/3498
f 1256/2835/1256 4419/2838/4416 4418/2836/4415
f 1196/2792/1196 2318/2794/2317 4420/2839/4417
f 1193/2840/1193 4421/2841/4418 2315/2842/2314
f 1193/2840/1193 4422/2843/4419 4421/2841/4418
f 1255/2844/1255 2377/2845/2376 4423/2846/4420
f 1254/2847/1254 4424/2848/4421 3498/2849/3496
f 1254/2847/1254 4425/2850/4422 4424/2848/4421
f 1199/2804/1199 2321/2806/2320 4426/2851/4423
f 1195/2852/1195 4427/2853/4424 2317/2854/2316
f 1195/2852/1195 4428/2855/4425 4427/2853/4424
f 1253/2856/1253 2375/2857/2374 4429/2858/4426
f 1252/2859/1252 4430/2860/4427 3496/2861/3494
f 1252/2859/1252 4431/2862/4428 4430/2860/4427
f 1198/2816/1198 2320/2818/2319 4432/2863/4429
f 1194/2864/1194 4433/2865/4430 2316/2866/2315
f 1194/2864/1194 4434/2867/4431 4433/2865/4430
f 1251/2868/1251 2373/2869/2372 4435/2870/4432
f 1250/2871/1250 4436/2872/4433 3494/2873/3492
f 1250/2871/1250 4437/2874/4434 4436/2872/4433
f 1193/2840/1193 2315/2842/2314 4438/2875/4435
f 1191/2876/1191 4439/2877/4436 2313/2878/2312
f 1191/2876/1191 4440/2879/4437 4439/2877/4436
f 1249/2880/1249 2371/2881/2370 4441/2882/4438
f 1248/2883/1248 4442/2884/4439 3492/2885/3490
f 1248/2883/1248 4443/2886/4440 4442/2884/4439
f 1195/2852/1195 2317/2854/2316 4444/2887/4441
f 1192/2888/1192 4445/2889/4442 2314/2890/2313
f 1192/2888/1192 4446/2891/4443 4445/2889/4442
f 1247/2892/1247 2369/2893/2368 4447/2894/4444
f 1246/2895/1246 4448/2896/4445 3490/2897/3488
f 1246/2895/1246 4449/2898/4446 4448/2896/4445
f 1191/2876/1191 2313/2878/2312 4450/2899/4447
f 1190/2900/1190 4451/2901/4448 2312/2902/2311
f 1190/2900/1190 4452/2903/4449 4451/2901/4448
f 1245/2904/1245 2367/2905/2366 4453/2906/4450
f 501/2907/501 4454/2908/4451 1623/2909/1622
f 501/2907/501 4455/2910/4452 4454/2908/4451
f 1236/2360/1236 2358/2362/2357 4456/2911/4453
f 502/2912/502 4457/2913/4454 1624/2914/1623
f 502/2912/502 4458/2915/4455 4457/2913/4454
f 1227/2468/1227 2349/2470/2348 4459/2916/4456
f 503/2917/503 4460/2918/4457 1625/2919/1624
f 503/2917/503 4461/2920/4458 4460/2918/4457
f 1219/2564/1219 2341/2566/2340 4462/2921/4459
f 504/2922/504 4463/2923/4460 1626/2924/1625
f 504/2922/504 4464/2925/4461 4463/2923/4460
f 1212/2648/1212 2334/2650/2333 4465/2926/4462
f 505/2927/505 4466/2928/4463 1627/2929/1626
f 505/2927/505 4467/2930/4464 4466/2928/4463
f 1206/2720/1206 2328/2722/2327 4468/2931/4465
f 506/2932/506 4469/2933/4466 1628/2934/1627
f 506/2932/506 4470/2935/4467 4469/2933/4466
f 1201/2780/1201 2323/2782/2322 4471/2936/4468
f 507/2937/507 4472/2938/4469 1629/2939/1628
f 507/2937/507 4473/2940/4470 4472/2938/4469
f 1197/2828/1197 2319/2830/2318 4474/2941/4471
f 508/2942/508 4475/2943/4472 1630/2944/1629
f 508/2942/508 4476/2945/4473 4475/2943/4472
f 1194/2864/1194 2316/2866/2315 4477/2946/4474
f 509/2947/509 4478/2948/4475 1631/2949/1630
f 509/2947/509 4479/2950/4476 4478/2948/4475
f 1192/2888/1192 2314/2890/2313 4480/2951/4477
f 407/2952/407 4481/2953/4478 1529/2954/1529
f 407/2952/407 4482/2955/4479 4481/2953/4478
f 1190/2900/1190 2312/2902/2311 4483/2956/4480
f 1189/2957/1189 4484/2958/4481 3433/2959/3431
f 1189/2957/1189 4485/2960/4482 4484/2958/4481
f 420/2961/420 2664/2962/2663 4486/2963/4483
f 1070/2964/1070 4487/2965/4484 2192/2966/2191
f 1070/2964/1070 4488/2967/4485 4487/2965/4484
f 1188/2968/1188 2310/2969/2309 4489/2970/4486
f 1187/2971/1187 4490/2972/4487 3431/2973/3429
f 1187/2971/1187 4491/2974/4488 4490/2972/4487
f 421/2975/421 2665/2976/2664 4492/2977/4489
f 1079/2978/1079 4493/2979/4490 2201/2980/2200
f 1079/2978/1079 4494/2981/4491 4493/2979/4490
f 1186/2982/1186 2308/2983/2307 4495/2984/4492
f 1185/2985/1185 4496/2986/4493 3429/2987/3427
f 1185/2985/1185 4497/2988/4494 4496/2986/4493
f 422/2989/422 2666/2990/2665 4498/2991/4495
f 1078/2992/1078 4499/2993/4496 2200/2994/2199
f 1078/2992/1078 4500/2995/4497 4499/2993/4496
f 1184/2996/1184 2306/2997/2305 4501/2998/4498
f 1183/2999/1183 4502/3000/4499 3427/3001/3425
f 1183/2999/1183 4503/3002/4500 4502/3000/4499
f 423/3003/423 2667/3004/2666 4504/3005/4501
f 1077/3006/1077 4505/3007/4502 2199/3008/2198
f 1077/3006/1077 4506/3009/4503 4505/3007/4502
f 1182/3010/1182 2304/3011/2303 4507/3012/4504
f 1181/3013/1181 4508/3014/4505 3425/3015/3423
f 1181/3013/1181 4509/3016/4506 4508/3014/4505
f 424/3017/424 2668/3018/2667 4510/3019/4507
f 1076/3020/1076 4511/3021/4508 2198/3022/2197
f 1076/3020/1076 4512/3023/4509 4511/3021/4508
f 1180/3024/1180 2302/3025/2301 4513/3026/4510
f 1179/3027/1179 4514/3028/4511 3423/3029/3421
f 1179/3027/1179 4515/3030/4512 4514/3028/4511
f 425/3031/425 2669/3032/2668 4516/3033/4513
f 1075/3034/1075 4517/3035/4514 2197/3036/2196
f 1075/3034/1075 4518/3037/4515 4517/3035/4514
f 1178/3038/1178 2300/3039/2299 4519/3040/4516
f 1177/3041/1177 4520/3042/4517 3421/3043/3419
f 1177/3041/1177 4521/3044/4518 4520/3042/4517
f 426/3045/426 2670/3046/2669 4522/3047/4519
f 1074/3048/1074 4523/3049/4520 2196/3050/2195
f 1074/3048/1074 4524/3051/4521 4523/3049/4520
f 1176/3052/1176 2298/3053/2297 4525/3054/4522
f 1175/3055/1175 4526/3056/4523 3419/3057/3417
f 1175/3055/1175 4527/3058/4524 4526/3056/4523
f 427/3059/427 2671/3060/2670 4528/3061/4525
f 1073/3062/1073 4529/3063/4526 2195/3064/2194
f 1073/3062/1073 4530/3065/4527 4529/3063/4526
f 1174/3066/1174 2296/3067/2295 4531/3068/4528
f 1173/3069/1173 4532/3070/4529 3417/3071/3415
f 1173/3069/1173 4533/3072/4530 4532/3070/4529
f 428/3073/428 2672/3074/2671 4534/3075/4531
f 1072/3076/1072 4535/3077/4532 2194/3078/2193
f 1072/3076/1072 4536/3079/4533 4535/3077/4532
f 1172/3080/1172 2294/3081/2293 4537/3082/4534
f 1171/3083/1171 4538/3084/4535 3415/3085/3413
f 1171/3083/1171 4539/3086/4536 4538/3084/4535
f 429/3087/429 2673/3088/2672 4540/3089/4537
f 1071/3090/1071 4541/3091/4538 2193/3092/2192
f 1071/3090/1071 4542/3093/4539 4541/3091/4538
f 1170/3094/1170 2292/3095/2291 4543/3096/4540
f 1169/3097/1169 4544/3098/4541 3413/3099/3411
f 1169/3097/1169 4545/3100/4542 4544/3098/4541
f 1070/2964/1070 2192/2966/2191 4546/3101/4543
f 1061/3102/1061 4547/3103/4544 2183/3104/2182
f 1061/3102/1061 4548/3105/4545 4547/3103/4544
f 1168/3106/1168 2290/3107/2289 4549/3108/4546
f 1167/3109/1167 4550/3110/4547 3411/3111/3409
f 1167/3109/1167 4551/3112/4548 4550/3110/4547
f 1079/2978/1079 2201/2980/2200 4552/3113/4549
f 1069/3114/1069 4553/3115/4550 2191/3116/2190
f 1069/3114/1069 4554/3117/4551 4553/3115/4550
f 1166/3118/1166 2288/3119/2287 4555/3120/4552
f 1165/3121/1165 4556/3122/4553 3409/3123/3407
f 1165/3121/1165 4557/3124/4554 4556/3122/4553
f 1078/2992/1078 2200/2994/2199 4558/3125/4555
f 1068/3126/1068 4559/3127/4556 2190/3128/2189
f 1068/3126/1068 4560/3129/4557 4559/3127/4556
f 1164/3130/1164 2286/3131/2285 4561/3132/4558
f 1163/3133/1163 4562/3134/4559 3407/3135/3405
f 1163/3133/1163 4563/3136/4560 4562/3134/4559
f 1077/3006/1077 2199/3008/2198 4564/3137/4561
f 1067/3138/1067 4565/3139/4562 2189/3140/2188
f 1067/3138/1067 4566/3141/4563 4565/3139/4562
f 1162/3142/1162 2284/3143/2283 4567/3144/4564
f 1161/3145/1161 4568/3146/4565 3405/3147/3403
f 1161/3145/1161 4569/3148/4566 4568/3146/4565
f 1076/3020/1076 2198/3022/2197 4570/3149/4567
f 1066/3150/1066 4571/3151/4568 2188/3152/2187
f 1066/3150/1066 4572/3153/4569 4571/3151/4568
f 1160/3154/1160 2282/3155/2281 4573/3156/4570
f 1159/3157/1159 4574/3158/4571 3403/3159/3401
f 1159/3157/1159 4575/3160/4572 4574/3158/4571
f 1075/3034/1075 2197/3036/2196 4576/3161/4573
f 1065/3162/1065 4577/3163/4574 2187/3164/2186
f 1065/3162/1065 4578/3165/4575 4577/3163/4574
f 1158/3166/1158 2280/3167/2279 4579/3168/4576
f 1157/3169/1157 4580/3170/4577 3401/3171/3399
f 1157/3169/1157 4581/3172/4578 4580/3170/4577
f 1074/3048/1074 2196/3050/2195 4582/3173/4579
f 1064/3174/1064 4583/3175/4580 2186/3176/2185
f 1064/3174/1064 4584/3177/4581 4583/3175/4580
f 1156/3178/1156 2278/3179/2277 4585/3180/4582
f 1155/3181/1155 4586/3182/4583 3399/3183/3397
f 1155/3181/1155 4587/3184/4584 4586/3182/4583
f 1073/3062/1073 2195/3064/2194 4588/3185/4585
f 1063/3186/1063 4589/3187/4586 2185/3188/2184
f 1063/3186/1063 4590/3189/4587 4589/3187/4586
f 1154/3190/1154 2276/3191/2275 4591/3192/4588
f 1153/3193/1153 4592/3194/4589 3397/3195/3395
f 1153/3193/1153 4593/3196/4590 4592/3194/4589
f 1072/3076/1072 2194/3078/2193 4594/3197/4591
f 1062/3198/1062 4595/3199/4592 2184/3200/2183
f 1062/3198/1062 4596/3201/4593 4595/3199/4592
f 1152/3202/1152 2274/3203/2273 4597/3204/4594
f 1151/3205/1151 4598/3206/4595 3395/3207/3393
f 1151/3205/1151 4599/3208/4596 4598/3206/4595
f 1061/3102/1061 2183/3104/2182 4600/3209/4597
f 1053/3210/1053 4601/3211/4598 2175/3212/2174
f 1053/3210/1053 4602/3213/4599 4601/3211/4598
f 1150/3214/1150 2272/3215/2271 4603/3216/4600
f 1149/3217/1149 4604/3218/4601 3393/3219/3391
f 1149/3217/1149 4605/3220/4602 4604/3218/4601
f 1069/3114/1069 2191/3116/2190 4606/3221/4603
f 1060/3222/1060 4607/3223/4604 2182/3224/2181
f 1060/3222/1060 4608/3225/4605 4607/3223/4604
f 1148/3226/1148 2270/3227/2269 4609/3228/4606
f 1147/3229/1147 4610/3230/4607 3391/3231/3389
f 1147/3229/1147 4611/3232/4608 4610/3230/4607
f 1068/3126/1068 2190/3128/2189 4612/3233/4609
f 1059/3234/1059 4613/3235/4610 2181/3236/2180
f 1059/3234/1059 4614/3237/4611 4613/3235/4610
f 1146/3238/1146 2268/3239/2267 4615/3240/4612
f 1145/3241/1145 4616/3242/4613 3389/3243/3387
f 1145/3241/1145 4617/3244/4614 4616/3242/4613
f 1067/3138/1067 2189/3140/2188 4618/3245/4615
f 1058/3246/1058 4619/3247/4616 2180/3248/2179
f 1058/3246/1058 4620/3249/4617 4619/3247/4616
f 1144/3250/1144 2266/3251/2265 4621/3252/4618
f 1143/3253/1143 4622/3254/4619 3387/3255/3385
f 1143/3253/1143 4623/3256/4620 4622/3254/4619
f 1066/3150/1066 2188/3152/2187 4624/3257/4621
f 1057/3258/1057 4625/3259/4622 2179/3260/2178
f 1057/3258/1057 4626/3261/4623 4625/3259/4622
f 1142/3262/1142 2264/3263/2263 4627/3264/4624
f 1141/3265/1141 4628/3266/4625 3385/3267/3383
f 1141/3265/1141 4629/3268/4626 4628/3266/4625
f 1065/3162/1065 2187/3164/2186 4630/3269/4627
f 1056/3270/1056 4631/3271/4628 2178/3272/2177
f 1056/3270/1056 4632/3273/4629 4631/3271/4628
f 1140/3274/1140 2262/3275/2261 4633/3276/4630
f 1139/3277/1139 4634/3278/4631 3383/3279/3381
f 1139/3277/1139 4635/3280/4632 4634/3278/4631
f 1064/3174/1064 2186/3176/2185 4636/3281/4633
f 1055/3282/1055 4637/3283/4634 2177/3284/2176
f 1055/3282/1055 4638/3285/4635 4637/3283/4634
f 1138/3286/1138 2260/3287/2259 4639/3288/4636
f 1137/3289/1137 4640/3290/4637 3381/3291/3379
f 1137/3289/1137 4641/3292/4638 4640/3290/4637
f 1063/3186/1063 2185/3188/2184 4642/3293/4639
f 1054/3294/1054 4643/3295/4640 2176/3296/2175
f 1054/3294/1054 4644/3297/4641 4643/3295/4640
f 1136/3298/1136 2258/3299/2257 4645/3300/4642
f 1135/3301/1135 4646/3302/4643 3379/3303/3377
f 1135/3301/1135 4647/3304/4644 4646/3302/4643
f 1053/3210/1053 2175/3212/2174 4648/3305/4645
f 1046/3306/1046 4649/3307/4646 2168/3308/2167
f 1046/3306/1046 4650/3309/4647 4649/3307/4646
f 1134/3310/1134 2256/3311/2255 4651/3312/4648
f 1133/3313/1133 4652/3314/4649 3377/3315/3375
f 1133/3313/1133 4653/3316/4650 4652/3314/4649
f 1060/3222/1060 2182/3224/2181 4654/3317/4651
f 1052/3318/1052 4655/3319/4652 2174/3320/2173
f 1052/3318/1052 4656/3321/4653 4655/3319/4652
f 1132/3322/1132 2254/3323/2253 4657/3324/4654
f 1131/3325/1131 4658/3326/4655 3375/3327/3373
f 1131/3325/1131 4659/3328/4656 4658/3326/4655
f 1059/3234/1059 2181/3236/2180 4660/3329/4657
f 1051/3330/1051 4661/3331/4658 2173/3332/2172
f 1051/3330/1051 4662/3333/4659 4661/3331/4658
f 1130/3334/1130 2252/3335/2251 4663/3336/4660
f 1129/3337/1129 4664/3338/4661 3373/3339/3371
f 1129/3337/1129 4665/3340/4662 4664/3338/4661
f 1058/3246/1058 2180/3248/2179 4666/3341/4663
f 1050/3342/1050 4667/3343/4664 2172/3344/2171
f 1050/3342/1050 4668/3345/4665 4667/3343/4664
f 1128/3346/1128 2250/3347/2249 4669/3348/4666
f 1127/3349/1127 4670/3350/4667 3371/3351/3369
f 1127/3349/1127 4671/3352/4668 4670/3350/4667
f 1057/3258/1057 2179/3260/2178 4672/3353/4669
f 1049/3354/1049 4673/3355/4670 2171/3356/2170
f 1049/3354/1049 4674/3357/4671 4673/3355/4670
f 1126/3358/1126 2248/3359/2247 4675/3360/4672
f 1125/3361/1125 4676/3362/4673 3369/3363/3367
f 1125/3361/1125 4677/3364/4674 4676/3362/4673
f 1056/3270/1056 2178/3272/2177 4678/3365/4675
f 1048/3366/1048 4679/3367/4676 2170/3368/2169
f 1048/3366/1048 4680/3369/4677 4679/3367/4676
f 1124/3370/1124 2246/3371/2245 4681/3372/4678
f 1123/3373/1123 4682/3374/4679 3367/3375/3365
f 1123/3373/1123 4683/3376/4680 4682/3374/4679
f 1055/3282/1055 2177/3284/2176 4684/3377/4681
f 1047/3378/1047 4685/3379/4682 2169/3380/2168
f 1047/3378/1047 4686/3381/4683 4685/3379/4682
f 1122/3382/1122 2244/3383/2243 4687/3384/4684
f 1121/3385/1121 4688/3386/4685 3365/3387/3363
f 1121/3385/1121 4689/3388/4686 4688/3386/4685
f 1046/3306/1046 2168/3308/2167 4690/3389/4687
f 1040/3390/1040 4691/3391/4688 2162/3392/2161
f 1040/3390/1040 4692/3393/4689 4691/3391/4688
f 1120/3394/1120 2242/3395/2241 4693/3396/4690
f 1119/3397/1119 4694/3398/4691 3363/3399/3361
f 1119/3397/1119 4695/3400/4692 4694/3398/4691
f 1052/3318/1052 2174/3320/2173 4696/3401/4693
f 1045/3402/1045 4697/3403/4694 2167/3404/2166
f 1045/3402/1045 4698/3405/4695 4697/3403/4694
f 1118/3406/1118 2240/3407/2239 4699/3408/4696
f 1117/3409/1117 4700/3410/4697 3361/3411/3359
f 1117/3409/1117 4701/3412/4698 4700/3410/4697
f 1051/3330/1051 2173/3332/2172 4702/3413/4699
f 1044/3414/1044 4703/3415/4700 2166/3416/2165
f 1044/3414/1044 4704/3417/4701 4703/3415/4700
f 1116/3418/1116 2238/3419/2237 4705/3420/4702
f 1115/3421/1115 4706/3422/4703 3359/3423/3357
f 1115/3421/1115 4707/3424/4704 4706/3422/4703
f 1050/3342/1050 2172/3344/2171 4708/3425/4705
f 1043/3426/1043 4709/3427/4706 2165/3428/2164
f 1043/3426/1043 4710/3429/4707 4709/3427/4706
f 1114/3430/1114 2236/3431/2235 4711/3432/4708
f 1113/3433/1113 4712/3434/4709 3357/3435/3355
f 1113/3433/1113 4713/3436/4710 4712/3434/4709
f 1049/3354/1049 2171/3356/2170 4714/3437/4711
f 1042/3438/1042 4715/3439/4712 2164/3440/2163
f 1042/3438/1042 4716/3441/4713 4715/3439/4712
f 1112/3442/1112 2234/3443/2233 4717/3444/4714
f 1111/3445/1111 4718/3446/4715 3355/3447/3353
f 1111/3445/1111 4719/3448/4716 4718/3446/4715
f 1048/3366/1048 2170/3368/2169 4720/3449/4717
f 1041/3450/1041 4721/3451/4718 2163/3452/2162
f 1041/3450/1041 4722/3453/4719 4721/3451/4718
f 1110/3454/1110 2232/3455/2231 4723/3456/4720
f 1109/3457/1109 4724/3458/4721 3353/3459/3351
f 1109/3457/1109 4725/3460/4722 4724/3458/4721
f 1040/3390/1040 2162/3392/2161 4726/3461/4723
f 1035/3462/1035 4727/3463/4724 2157/3464/2156
f 1035/3462/1035 4728/3465/4725 4727/3463/4724
f 1108/3466/1108 2230/3467/2229 4729/3468/4726
f 1107/3469/1107 4730/3470/4727 3351/3471/3349
f 1107/3469/1107 4731/3472/4728 4730/3470/4727
f 1045/3402/1045 2167/3404/2166 4732/3473/4729
f 1039/3474/1039 4733/3475/4730 2161/3476/2160
f 1039/3474/1039 4734/3477/4731 4733/3475/4730
f 1106/3478/1106 2228/3479/2227 4735/3480/4732
f 1105/3481/1105 4736/3482/4733 3349/3483/3347
f 1105/3481/1105 4737/3484/4734 4736/3482/4733
f 1044/3414/1044 2166/3416/2165 4738/3485/4735
f 1038/3486/1038 4739/3487/4736 2160/3488/2159
f 1038/3486/1038 4740/3489/4737 4739/3487/4736
f 1104/3490/1104 2226/3491/2225 4741/3492/4738
f 1103/3493/1103 4742/3494/4739 3347/3495/3345
f 1103/3493/1103 4743/3496/4740 4742/3494/4739
f 1043/3426/1043 2165/3428/2164 4744/3497/4741
f 1037/3498/1037 4745/3499/4742 2159/3500/2158
f 1037/3498/1037 4746/3501/4743 4745/3499/4742
f 1102/3502/1102 2224/3503/2223 4747/3504/4744
f 1101/3505/1101 4748/3506/4745 3345/3507/3343
f 1101/3505/1101 4749/3508/4746 4748/3506/4745
f 1042/3438/1042 2164/3440/2163 4750/3509/4747
f 1036/3510/1036 4751/3511/4748 2158/3512/2157
f 1036/3510/1036 4752/3513/4749 4751/3511/4748
f 1100/3514/1100 2222/3515/2221 4753/3516/4750
f 1099/3517/1099 4754/3518/4751 3343/3519/3341
f 1099/3517/1099 4755/3520/4752 4754/3518/4751
f 1035/3462/1035 2157/3464/2156 4756/3521/4753
f 1031/3522/1031 4757/3523/4754 2153/3524/2152
f 1031/3522/1031 4758/3525/4755 4757/3523/4754
f 1098/3526/1098 2220/3527/2219 4759/3528/4756
f 1097/3529/1097 4760/3530/4757 3341/3531/3339
f 1097/3529/1097 4761/3532/4758 4760/3530/4757
f 1039/3474/1039 2161/3476/2160 4762/3533/4759
f 1034/3534/1034 4763/3535/4760 2156/3536/2155
f 1034/3534/1034 4764/3537/4761 4763/3535/4760
f 1096/3538/1096 2218/3539/2217 4765/3540/4762
f 1095/3541/1095 4766/3542/4763 3339/3543/3337
f 1095/3541/1095 4767/3544/4764 4766/3542/4763
f 1038/3486/1038 2160/3488/2159 4768/3545/4765
f 1033/3546/1033 4769/3547/4766 2155/3548/2154
f 1033/3546/1033 4770/3549/4767 4769/3547/4766
f 1094/3550/1094 2216/3551/2215 4771/3552/4768
f 1093/3553/1093 4772/3554/4769 3337/3555/3335
f 1093/3553/1093 4773/3556/4770 4772/3554/4769
f 1037/3498/1037 2159/3500/2158 4774/3557/4771
f 1032/3558/1032 4775/3559/4772 2154/3560/2153
f 1032/3558/1032 4776/3561/4773 4775/3559/4772
f 1092/3562/1092 2214/3563/2213 4777/3564/4774
f 1091/3565/1091 4778/3566/4775 3335/3567/3333
f 1091/3565/1091 4779/3568/4776 4778/3566/4775
f 1031/3522/1031 2153/3524/2152 4780/3569/4777
f 1028/3570/1028 4781/3571/4778 2150/3572/2149
f 1028/3570/1028 4782/3573/4779 4781/3571/4778
f 1090/3574/1090 2212/3575/2211 4783/3576/4780
f 1089/3577/1089 4784/3578/4781 3333/3579/3331
f 1089/3577/1089 4785/3580/4782 4784/3578/4781
f 1034/3534/1034 2156/3536/2155 4786/3581/4783
f 1030/3582/1030 4787/3583/4784 2152/3584/2151
f 1030/3582/1030 4788/3585/4785 4787/3583/4784
f 1088/3586/1088 2210/3587/2209 4789/3588/4786
f 1087/3589/1087 4790/3590/4787 3331/3591/3329
f 1087/3589/1087 4791/3592/4788 4790/3590/4787
f 1033/3546/1033 2155/3548/2154 4792/3593/4789
f 1029/3594/1029 4793/3595/4790 2151/3596/2150
f 1029/3594/1029 4794/3597/4791 4793/3595/4790
f 1086/3598/1086 2208/3599/2207 4795/3600/4792
f 1085/3601/1085 4796/3602/4793 3329/3603/3327
f 1085/3601/1085 4797/3604/4794 4796/3602/4793
f 1028/3570/1028 2150/3572/2149 4798/3605/4795
f 1026/3606/1026 4799/3607/4796 2148/3608/2147
f 1026/3606/1026 4800/3609/4797 4799/3607/4796
f 1084/3610/1084 2206/3611/2205 4801/3612/4798
f 1083/3613/1083 4802/3614/4799 3327/3615/3325
f 1083/3613/1083 4803/3616/4800 4802/3614/4799
f 1030/3582/1030 2152/3584/2151 4804/3617/4801
f 1027/3618/1027 4805/3619/4802 2149/3620/2148
f 1027/3618/1027 4806/3621/4803 4805/3619/4802
f 1082/3622/1082 2204/3623/2203 4807/3624/4804
f 1081/3625/1081 4808/3626/4805 3325/3627/3323
f 1081/3625/1081 4809/3628/4806 4808/3626/4805
f 1026/3606/1026 2148/3608/2147 4810/3629/4807
f 1025/3630/1025 4811/3631/4808 2147/3632/2146
f 1025/3630/1025 4812/3633/4809 4811/3631/4808
f 1080/3634/1080 2202/3635/2201 4813/3636/4810
f 491/3637/491 4814/3638/4811 1613/3639/1612
f 491/3637/491 4815/3640/4812 4814/3638/4811
f 1071/3090/1071 2193/3092/2192 4816/3641/4813
f 492/3642/492 4817/3643/4814 1614/3644/1613
f 492/3642/492 4818/3645/4815 4817/3643/4814
f 1062/3198/1062 2184/3200/2183 4819/3646/4816
f 493/3647/493 4820/3648/4817 1615/3649/1614
f 493/3647/493 4821/3650/4818 4820/3648/4817
f 1054/3294/1054 2176/3296/2175 4822/3651/4819
f 494/3652/494 4823/3653/4820 1616/3654/1615
f 494/3652/494 4824/3655/4821 4823/3653/4820
f 1047/3378/1047 2169/3380/2168 4825/3656/4822
f 495/3657/495 4826/3658/4823 1617/3659/1616
f 495/3657/495 4827/3660/4824 4826/3658/4823
f 1041/3450/1041 2163/3452/2162 4828/3661/4825
f 496/3662/496 4829/3663/4826 1618/3664/1617
f 496/3662/496 4830/3665/4827 4829/3663/4826
f 1036/3510/1036 2158/3512/2157 4831/3666/4828
f 497/3667/497 4832/3668/4829 1619/3669/1618
f 497/3667/497 4833/3670/4830 4832/3668/4829
f 1032/3558/1032 2154/3560/2153 4834/3671/4831
f 498/3672/498 4835/3673/4832 1620/3674/1619
f 498/3672/498 4836/3675/4833 4835/3673/4832
f 1029/3594/1029 2151/3596/2150 4837/3676/4834
f 499/3677/499 4838/3678/4835 1621/3679/1620
f 499/3677/499 4839/3680/4836 4838/3678/4835
f 1027/3618/1027 2149/3620/2148 4840/3681/4837
f 406/3682/406 4841/3683/4838 1528/3684/1528
f 406/3682/406 4842/3685/4839 4841/3683/4838
f 1025/3630/1025 2147/3632/2146 4843/3686/4840
f 1024/3687/1024 4844/3688/4841 3268/3689/3266
f 1024/3687/1024 4845/3690/4842 4844/3688/4841
f 430/3691/430 2674/3692/2673 4846/3693/4843
f 905/3694/905 4847/3695/4844 2027/3696/2026
f 905/3694/905 4848/3697/4845 4847/3695/4844
f 1023/3698/1023 2145/3699/2144 4849/3700/4846
f 1022/3701/1022 4850/3702/4847 3266/3703/3264
f 1022/3701/1022 4851/3704/4848 4850/3702/4847
f 431/3705/431 2675/3706/2674 4852/3707/4849
f 914/3708/914 4853/3709/4850 2036/3710/2035
f 914/3708/914 4854/3711/4851 4853/3709/4850
f 1021/3712/1021 2143/3713/2142 4855/3714/4852
f 1020/3715/1020 4856/3716/4853 3264/3717/3262
f 1020/3715/1020 4857/3718/4854 4856/3716/4853
f 432/3719/432 2676/3720/29 4858/3721/4855
f 913/3722/913 4859/3723/4856 2035/3724/2034
f 913/3722/913 4860/3725/4857 4859/3723/4856
f 1019/3726/1019 2141/3727/2140 4861/3728/4858
f 1018/3729/1018 4862/3730/4859 3262/3731/3260
f 1018/3729/1018 4863/3732/4860 4862/3730/4859
f 433/3733/433 2677/3734/2675 4864/3735/4861
f 912/3736/912 4865/3737/4862 2034/3738/2033
f 912/3736/912 4866/3739/4863 4865/3737/4862
f 1017/3740/1017 2139/3741/2138 4867/3742/4864
f 1016/3743/1016 4868/3744/4865 3260/3745/3258
f 1016/3743/1016 4869/3746/4866 4868/3744/4865
f 434/3747/434 2678/3748/2676 4870/3749/4867
f 911/3750/911 4871/3751/4868 2033/3752/2032
f 911/3750/911 4872/3753/4869 4871/3751/4868
f 1015/3754/1015 2137/3755/2136 4873/3756/4870
f 1014/3757/1014 4874/3758/4871 3258/3759/3256
f 1014/3757/1014 4875/3760/4872 4874/3758/4871
f 435/3761/435 2679/3762/2677 4876/3763/4873
f 910/3764/910 4877/3765/4874 2032/3766/2031
f 910/3764/910 4878/3767/4875 4877/3765/4874
f 1013/3768/1013 2135/3769/2134 4879/3770/4876
f 1012/3771/1012 4880/3772/4877 3256/3773/3254
f 1012/3771/1012 4881/3774/4878 4880/3772/4877
f 436/3775/436 2680/3776/2678 4882/3777/4879
f 909/3778/909 4883/3779/4880 2031/3780/2030
f 909/3778/909 4884/3781/4881 4883/3779/4880
f 1011/3782/1011 2133/3783/2132 4885/3784/4882
f 1010/3785/1010 4886/3786/4883 3254/3787/3252
f 1010/3785/1010 4887/3788/4884 4886/3786/4883
f 437/3789/437 2681/3790/2679 4888/3791/4885
f 908/3792/908 4889/3793/4886 2030/3794/2029
f 908/3792/908 4890/3795/4887 4889/3793/4886
f 1009/3796/1009 2131/3797/2130 4891/3798/4888
f 1008/3799/1008 4892/3800/4889 3252/3801/3250
f 1008/3799/1008 4893/3802/4890 4892/3800/4889
f 438/3803/438 2682/3804/2680 4894/3805/4891
f 907/3806/907 4895/3807/4892 2029/3808/2028
f 907/3806/907 4896/3809/4893 4895/3807/4892
f 1007/3810/1007 2129/3811/2128 4897/3812/4894
f 1006/3813/1006 4898/3814/4895 3250/3815/3248
f 1006/3813/1006 4899/3816/4896 4898/3814/4895
f 439/3817/439 2683/3818/2681 4900/3819/4897
f 906/3820/906 4901/3821/4898 2028/3822/2027
f 906/3820/906 4902/3823/4899 4901/3821/4898
f 1005/3824/1005 2127/3825/2126 4903/3826/4900
f 1004/3827/1004 4904/3828/4901 3248/3829/3246
f 1004/3827/1004 4905/3830/4902 4904/3828/4901
f 905/3694/905 2027/3696/2026 4906/3831/4903
f 896/3832/896 4907/3833/4904 2018/3834/2017
f 896/3832/896 4908/3835/4905 4907/3833/4904
f 1003/3836/1003 2125/3837/2124 4909/3838/4906
f 1002/3839/1002 4910/3840/4907 3246/3841/3244
f 1002/3839/1002 4911/3842/4908 4910/3840/4907
f 914/3708/914 2036/3710/2035 4912/3843/4909
f 904/3844/904 4913/3845/4910 2026/3846/2025
f 904/3844/904 4914/3847/4911 4913/3845/4910
f 1001/3848/1001 2123/3849/2122 4915/3850/4912
f 1000/3851/1000 4916/3852/4913 3244/3853/3242
f 1000/3851/1000 4917/3854/4914 4916/3852/4913
f 913/3722/913 2035/3724/2034 4918/3855/4915
f 903/3856/903 4919/3857/4916 2025/3858/2024
f 903/3856/903 4920/3859/4917 4919/3857/4916
f 999/3860/999 2121/3861/2120 4921/3862/4918
f 998/3863/998 4922/3864/4919 3242/3865/3240
f 998/3863/998 4923/3866/4920 4922/3864/4919
f 912/3736/912 2034/3738/2033 4924/3867/4921
f 902/3868/902 4925/3869/4922 2024/3870/2023
f 902/3868/902 4926/3871/4923 4925/3869/4922
f 997/3872/997 2119/3873/2118 4927/3874/4924
f 996/3875/996 4928/3876/4925 3240/3877/3238
f 996/3875/996 4929/3878/4926 4928/3876/4925
f 911/3750/911 2033/3752/2032 4930/3879/4927
f 901/3880/901 4931/3881/4928 2023/3882/2022
f 901/3880/901 4932/3883/4929 4931/3881/4928
f 995/3884/995 2117/3885/2116 4933/3886/4930
f 994/3887/994 4934/3888/4931 3238/3889/3236
f 994/3887/994 4935/3890/4932 4934/3888/4931
f 910/3764/910 2032/3766/2031 4936/3891/4933
f 900/3892/900 4937/3893/4934 2022/3894/2021
f 900/3892/900 4938/3895/4935 4937/3893/4934
f 993/3896/993 2115/3897/2114 4939/3898/4936
f 992/3899/992 4940/3900/4937 3236/3901/3234
f 992/3899/992 4941/3902/4938 4940/3900/4937
f 909/3778/909 2031/3780/2030 4942/3903/4939
f 899/3904/899 4943/3905/4940 2021/3906/2020
f 899/3904/899 4944/3907/4941 4943/3905/4940
f 991/3908/991 2113/3909/2112 4945/3910/4942
f 990/3911/990 4946/3912/4943 3234/3913/3232
f 990/3911/990 4947/3914/4944 4946/3912/4943
f 908/3792/908 2030/3794/2029 4948/3915/4945
f 898/3916/898 4949/3917/4946 2020/3918/2019
f 898/3916/898 4950/3919/4947 4949/3917/4946
f 989/3920/989 2111/3921/2110 4951/3922/4948
f 988/3923/988 4952/3924/4949 3232/3925/3230
f 988/3923/988 4953/3926/4950 4952/3924/4949
f 907/3806/907 2029/3808/2028 4954/3927/4951
f 897/3928/897 4955/3929/4952 2019/3930/2018
f 897/3928/897 4956/3931/4953 4955/3929/4952
f 987/3932/987 2109/3933/2108 4957/3934/4954
f 986/3935/986 4958/3936/4955 3230/3937/3228
f 986/3935/986 4959/3938/4956 4958/3936/4955
f 896/3832/896 2018/3834/2017 4960/3939/4957
f 888/3940/888 4961/3941/4958 2010/3942/2009
f 888/3940/888 4962/3943/4959 4961/3941/4958
f 985/3944/985 2107/3945/2106 4963/3946/4960
f 984/3947/984 4964/3948/4961 3228/3949/3226
f 984/3947/984 4965/3950/4962 4964/3948/4961
f 904/3844/904 2026/3846/2025 4966/3951/4963
f 895/3952/895 4967/3953/4964 2017/3954/2016
f 895/3952/895 4968/3955/4965 4967/3953/4964
f 983/3956/983 2105/3957/2104 4969/3958/4966
f 982/3959/982 4970/3960/4967 3226/3961/3224
f 982/3959/982 4971/3962/4968 4970/3960/4967
f 903/3856/903 2025/3858/2024 4972/3963/4969
f 894/3964/894 4973/3965/4970 2016/3966/2015
f 894/3964/894 4974/3967/4971 4973/3965/4970
f 981/3968/981 2103/3969/2102 4975/3970/4972
f 980/3971/980 4976/3972/4973 3224/3973/3222
f 980/3971/980 4977/3974/4974 4976/3972/4973
f 902/3868/902 2024/3870/2023 4978/3975/4975
f 893/3976/893 4979/3977/4976 2015/3978/2014
f 893/3976/893 4980/3979/4977 4979/3977/4976
f 979/3980/979 2101/3981/2100 4981/3982/4978
f 978/3983/978 4982/3984/4979 3222/3985/3220
f 978/3983/978 4983/3986/4980 4982/3984/4979
f 901/3880/901 2023/3882/2022 4984/3987/4981
f 892/3988/892 4985/3989/4982 2014/3990/2013
f 892/3988/892 4986/3991/4983 4985/3989/4982
f 977/3992/977 2099/3993/2098 4987/3994/4984
f 976/3995/976 4988/3996/4985 3220/3997/3218
f 976/3995/976 4989/3998/4986 4988/3996/4985
f 900/3892/900 2022/3894/2021 4990/3999/4987
f 891/4000/891 4991/4001/4988 2013/4002/2012
f 891/4000/891 4992/4003/4989 4991/4001/4988
f 975/4004/975 2097/4005/2096 4993/4006/4990
f 974/4007/974 4994/4008/4991 3218/4009/3216
f 974/4007/974 4995/4010/4992 4994/4008/4991
f 899/3904/899 2021/3906/2020 4996/4011/4993
f 890/4012/890 4997/4013/4994 2012/4014/2011
f 890/4012/890 4998/4015/4995 4997/4013/4994
f 973/4016/973 2095/4017/2094 4999/4018/4996
f 972/4019/972 5000/4020/4997 3216/4021/3214
f 972/4019/972 5001/4022/4998 5000/4020/4997
f 898/3916/898 2020/3918/2019 5002/4023/4999
f 889/4024/889 5003/4025/5000 2011/4026/2010
f 889/4024/889 5004/4027/5001 5003/4025/5000
f 971/4028/971 2093/4029/2092 5005/4030/5002
f 970/4031/970 5006/4032/5003 3214/4033/3212
f 970/4031/970 5007/4034/5004 5006/4032/5003
f 888/3940/888 2010/3942/2009 5008/4035/5005
f 881/4036/881 5009/4037/5006 2003/4038/2002
f 881/4036/881 5010/4039/5007 5009/4037/5006
f 969/4040/969 2091/4041/2090 5011/4042/5008
f 968/4043/968 5012/4044/5009 3212/4045/3210
f 968/4043/968 5013/4046/5010 5012/4044/5009
f 895/3952/895 2017/3954/2016 5014/4047/5011
f 887/4048/887 5015/4049/5012 2009/4050/2008
f 887/4048/887 5016/4051/5013 5015/4049/5012
f 967/4052/967 2089/4053/2088 5017/4054/5014
f 966/4055/966 5018/4056/5015 3210/4057/3208
f 966/4055/966 5019/4058/5016 5018/4056/5015
f 894/3964/894 2016/3966/2015 5020/4059/5017
f 886/4060/886 5021/4061/5018 2008/4062/2007
f 886/4060/886 5022/4063/5019 5021/4061/5018
f 965/4064/965 2087/4065/2086 5023/4066/5020
f 964/4067/964 5024/4068/5021 3208/4069/3206
f 964/4067/964 5025/4070/5022 5024/4068/5021
f 893/3976/893 2015/3978/2014 5026/4071/5023
f 885/4072/885 5027/4073/5024 2007/4074/2006
f 885/4072/885 5028/4075/5025 5027/4073/5024
f 963/4076/963 2085/4077/2084 5029/4078/5026
f 962/4079/962 5030/4080/5027 3206/4081/3204
f 962/4079/962 5031/4082/5028 5030/4080/5027
f 892/3988/892 2014/3990/2013 5032/4083/5029
f 884/4084/884 5033/4085/5030 2006/4086/2005
f 884/4084/884 5034/4087/5031 5033/4085/5030
f 961/4088/961 2083/4089/2082 5035/4090/5032
f 960/4091/960 5036/4092/5033 3204/4093/3202
f 960/4091/960 5037/4094/5034 5036/4092/5033
f 891/4000/891 2013/4002/2012 5038/4095/5035
f 883/4096/883 5039/4097/5036 2005/4098/2004
f 883/4096/883 5040/4099/5037 5039/4097/5036
f 959/4100/959 2081/4101/2080 5041/4102/5038
f 958/4103/958 5042/4104/5039 3202/4105/3200
f 958/4103/958 5043/4106/5040 5042/4104/5039
f 890/4012/890 2012/4014/2011 5044/4107/5041
f 882/4108/882 5045/4109/5042 2004/4110/2003
f 882/4108/882 5046/4111/5043 5045/4109/5042
f 957/4112/957 2079/4113/2078 5047/4114/5044
f 956/4115/956 5048/4116/5045 3200/4117/3198
f 956/4115/956 5049/4118/5046 5048/4116/5045
f 881/4036/881 2003/4038/2002 5050/4119/5047
f 875/4120/875 5051/4121/5048 1997/4122/1996
f 875/4120/875 5052/4123/5049 5051/4121/5048
f 955/4124/955 2077/4125/2076 5053/4126/5050
f 954/4127/954 5054/4128/5051 3198/4129/3196
f 954/4127/954 5055/4130/5052 5054/4128/5051
f 887/4048/887 2009/4050/2008 5056/4131/5053
f 880/4132/880 5057/4133/5054 2002/4134/2001
f 880/4132/880 5058/4135/5055 5057/4133/5054
f 953/4136/953 2075/4137/2074 5059/4138/5056
f 952/4139/952 5060/4140/5057 3196/4141/3194
f 952/4139/952 5061/4142/5058 5060/4140/5057
f 886/4060/886 2008/4062/2007 5062/4143/5059
f 879/4144/879 5063/4145/5060 2001/4146/2000
f 879/4144/879 5064/4147/5061 5063/4145/5060
f 951/4148/951 2073/4149/2072 5065/4150/5062
f 950/4151/950 5066/4152/5063 3194/4153/3192
f 950/4151/950 5067/4154/5064 5066/4152/5063
f 885/4072/885 2007/4074/2006 5068/4155/5065
f 878/4156/878 5069/4157/5066 2000/4158/1999
f 878/4156/878 5070/4159/5067 5069/4157/5066
f 949/4160/949 2071/4161/2070 5071/4162/5068
f 948/4163/948 5072/4164/5069 3192/4165/3190
f 948/4163/948 5073/4166/5070 5072/4164/5069
f 884/4084/884 2006/4086/2005 5074/4167/5071
f 877/4168/877 5075/4169/5072 1999/4170/1998
f 877/4168/877 5076/4171/5073 5075/4169/5072
f 947/4172/947 2069/4173/2068 5077/4174/5074
f 946/4175/946 5078/4176/5075 3190/4177/3188
f 946/4175/946 5079/4178/5076 5078/4176/5075
f 883/4096/883 2005/4098/2004 5080/4179/5077
f 876/4180/876 5081/4181/5078 1998/4182/1997
f 876/4180/876 5082/4183/5079 5081/4181/5078
f 945/4184/945 2067/4185/2066 5083/4186/5080
f 944/4187/944 5084/4188/5081 3188/4189/3186
f 944/4187/944 5085/4190/5082 5084/4188/5081
f 875/4120/875 1997/4122/1996 5086/4191/5083
f 870/4192/870 5087/4193/5084 1992/4194/1991
f 870/4192/870 5088/4195/5085 5087/4193/5084
f 943/4196/943 2065/4197/2064 5089/4198/5086
f 942/4199/942 5090/4200/5087 3186/4201/3184
f 942/4199/942 5091/4202/5088 5090/4200/5087
f 880/4132/880 2002/4134/2001 5092/4203/5089
f 874/4204/874 5093/4205/5090 1996/4206/1995
f 874/4204/874 5094/4207/5091 5093/4205/5090
f 941/4208/941 2063/4209/2062 5095/4210/5092
f 940/4211/940 5096/4212/5093 3184/4213/3182
f 940/4211/940 5097/4214/5094 5096/4212/5093
f 879/4144/879 2001/4146/2000 5098/4215/5095
f 873/4216/873 5099/4217/5096 1995/4218/1994
f 873/4216/873 5100/4219/5097 5099/4217/5096
f 939/4220/939 2061/4221/2060 5101/4222/5098
f 938/4223/938 5102/4224/5099 3182/4225/3180
f 938/4223/938 5103/4226/5100 5102/4224/5099
f 878/4156/878 2000/4158/1999 5104/4227/5101
f 872/4228/872 5105/4229/5102 1994/4230/1993
f 872/4228/872 5106/4231/5103 5105/4229/5102
f 937/4232/937 2059/4233/2058 5107/4234/5104
f 936/4235/936 5108/4236/5105 3180/4237/3178
f 936/4235/936 5109/4238/5106 5108/4236/5105
f 877/4168/877 1999/4170/1998 5110/4239/5107
f 871/4240/871 5111/4241/5108 1993/4242/1992
f 871/4240/871 5112/4243/5109 5111/4241/5108
f 935/4244/935 2057/4245/2056 5113/4246/5110
f 934/4247/934 5114/4248/5111 3178/4249/3176
f 934/4247/934 5115/4250/5112 5114/4248/5111
f 870/4192/870 1992/4194/1991 5116/4251/5113
f 866/4252/866 5117/4253/5114 1988/4254/1987
f 866/4252/866 5118/4255/5115 5117/4253/5114
f 933/4256/933 2055/4257/2054 5119/4258/5116
f 932/4259/932 5120/4260/5117 3176/4261/3174
f 932/4259/932 5121/4262/5118 5120/4260/5117
f 874/4204/874 1996/4206/1995 5122/4263/5119
f 869/4264/869 5123/4265/5120 1991/4266/1990
f 869/4264/869 5124/4267/5121 5123/4265/5120
f 931/4268/931 2053/4269/2052 5125/4270/5122
f 930/4271/930 5126/4272/5123 3174/4273/3172
f 930/4271/930 5127/4274/5124 5126/4272/5123
f 873/4216/873 1995/4218/1994 5128/4275/5125
f 868/4276/868 5129/4277/5126 1990/4278/1989
f 868/4276/868 5130/4279/5127 5129/4277/5126
f 929/4280/929 2051/4281/2050 5131/4282/5128
f 928/4283/928 5132/4284/5129 3172/4285/3170
f 928/4283/928 5133/4286/5130 5132/4284/5129
f 872/4228/872 1994/4230/1993 5134/4287/5131
f 867/4288/867 5135/4289/5132 1989/4290/1988
f 867/4288/867 5136/4291/5133 5135/4289/5132
f 927/4292/927 2049/4293/2048 5137/4294/5134
f 926/4295/926 5138/4296/5135 3170/4297/3168
f 926/4295/926 5139/4298/5136 5138/4296/5135
f 866/4252/866 1988/4254/1987 5140/4299/5137
f 863/4300/863 5141/4301/5138 1985/4302/1984
f 863/4300/863 5142/4303/5139 5141/4301/5138
f 925/4304/925 2047/4305/2046 5143/4306/5140
f 924/4307/924 5144/4308/5141 3168/4309/3166
f 924/4307/924 5145/4310/5142 5144/4308/5141
f 869/4264/869 1991/4266/1990 5146/4311/5143
f 865/4312/865 5147/4313/5144 1987/4314/1986
f 865/4312/865 5148/4315/5145 5147/4313/5144
f 923/4316/923 2045/4317/2044 5149/4318/5146
f 922/4319/922 5150/4320/5147 3166/4321/3164
f 922/4319/922 5151/4322/5148 5150/4320/5147
f 868/4276/868 1990/4278/1989 5152/4323/5149
f 864/4324/864 5153/4325/5150 1986/4326/1985
f 864/4324/864 5154/4327/5151 5153/4325/5150
f 921/4328/921 2043/4329/2042 5155/4330/5152
f 920/4331/920 5156/4332/5153 3164/4333/3162
f 920/4331/920 5157/4334/5154 5156/4332/5153
f 863/4300/863 1985/4302/1984 5158/4335/5155
f 861/4336/861 5159/4337/5156 1983/4338/1982
f 861/4336/861 5160/4339/5157 5159/4337/5156
f 919/4340/919 2041/4341/2040 5161/4342/5158
f 918/4343/918 5162/4344/5159 3162/4345/3160
f 918/4343/918 5163/4346/5160 5162/4344/5159
f 865/4312/865 1987/4314/1986 5164/4347/5161
f 862/4348/862 5165/4349/5162 1984/4350/1983
f 862/4348/862 5166/4351/5163 5165/4349/5162
f 917/4352/917 2039/4353/2038 5167/4354/5164
f 916/4355/916 5168/4356/5165 3160/4357/3158
f 916/4355/916 5169/4358/5166 5168/4356/5165
f 861/4336/861 1983/4338/1982 5170/4359/5167
f 860/4360/860 5171/4361/5168 1982/4362/1981
f 860/4360/860 5172/4363/5169 5171/4361/5168
f 915/4364/915 2037/4365/2036 5173/4366/5170
f 481/4367/481 5174/4368/5171 1603/4369/1602
f 481/4367/481 5175/4370/5172 5174/4368/5171
f 906/3820/906 2028/3822/2027 5176/4371/5173
f 482/4372/482 5177/4373/5174 1604/4374/1603
f 482/4372/482 5178/4375/5175 5177/4373/5174
f 897/3928/897 2019/3930/2018 5179/4376/5176
f 483/4377/483 5180/4378/5177 1605/4379/1604
f 483/4377/483 5181/4380/5178 5180/4378/5177
f 889/4024/889 2011/4026/2010 5182/4381/5179
f 484/4382/484 5183/4383/5180 1606/4384/1605
f 484/4382/484 5184/4385/5181 5183/4383/5180
f 882/4108/882 2004/4110/2003 5185/4386/5182
f 485/4387/485 5186/4388/5183 1607/4389/1606
f 485/4387/485 5187/4390/5184 5186/4388/5183
f 876/4180/876 1998/4182/1997 5188/4391/5185
f 486/4392/486 5189/4393/5186 1608/4394/1607
f 486/4392/486 5190/4395/5187 5189/4393/5186
f 871/4240/871 1993/4242/1992 5191/4396/5188
f 487/4397/487 5192/4398/5189 1609/4399/1608
f 487/4397/487 5193/4400/5190 5192/4398/5189
f 867/4288/867 1989/4290/1988 5194/4401/5191
f 488/4402/488 5195/4403/5192 1610/4404/1609
f 488/4402/488 5196/4405/5193 5195/4403/5192
f 864/4324/864 1986/4326/1985 5197/4406/5194
f 489/4407/489 5198/4408/5195 1611/4409/1610
f 489/4407/489 5199/4410/5196 5198/4408/5195
f 862/4348/862 1984/4350/1983 5200/4411/5197
f 405/4412/405 5201/4413/5198 1527/4414/1527
f 405/4412/405 5202/4415/5199 5201/4413/5198
f 860/4360/860 1982/4362/1981 5203/4416/5200
f 859/4417/859 5204/4418/5201 3103/4419/3101
f 859/4417/859 5205/4420/5202 5204/4418/5201
f 440/4421/440 2684/4422/2682 5206/4423/5203
f 740/4424/740 5207/4425/5204 1862/4426/1861
f 740/4424/740 5208/4427/5205 5207/4425/5204
f 858/4428/858 1980/4429/1979 5209/4430/5206
f 857/4431/857 5210/4432/5207 3101/4433/3099
f 857/4431/857 5211/4434/5208 5210/4432/5207
f 441/4435/441 2685/4436/2683 5212/4437/5209
f 749/4438/749 5213/4439/5210 1871/4440/1870
f 749/4438/749 5214/4441/5211 5213/4439/5210
f 856/4442/856 1978/4443/1977 5215/4444/5212
f 855/4445/855 5216/4446/5213 3099/4447/3097
f 855/4445/855 5217/4448/5214 5216/4446/5213
f 442/4449/442 2686/4450/2684 5218/4451/5215
f 748/4452/748 5219/4453/5216 1870/4454/1869
f 748/4452/748 5220/4455/5217 5219/4453/5216
f 854/4456/854 1976/4457/1975 5221/4458/5218
f 853/4459/853 5222/4460/5219 3097/4461/3095
f 853/4459/853 5223/4462/5220 5222/4460/5219
f 443/4463/443 2687/4464/2685 5224/4465/5221
f 747/4466/747 5225/4467/5222 1869/4468/1868
f 747/4466/747 5226/4469/5223 5225/4467/5222
f 852/4470/852 1974/4471/1973 5227/4472/5224
f 851/4473/851 5228/4474/5225 3095/4475/3093
f 851/4473/851 5229/4476/5226 5228/4474/5225
f 444/4477/444 2688/4478/2686 5230/4479/5227
f 746/4480/746 5231/4481/5228 1868/4482/1867
f 746/4480/746 5232/4483/5229 5231/4481/5228
f 850/4484/850 1972/4485/1971 5233/4486/5230
f 849/4487/849 5234/4488/5231 3093/4489/3091
f 849/4487/849 5235/4490/5232 5234/4488/5231
f 445/4491/445 2689/4492/2687 5236/4493/5233
f 745/4494/745 5237/4495/5234 1867/4496/1866
f 745/4494/745 5238/4497/5235 5237/4495/5234
f 848/4498/848 1970/4499/1969 5239/4500/5236
f 847/4501/847 5240/4502/5237 3091/4503/3089
f 847/4501/847 5241/4504/5238 5240/4502/5237
f 446/4505/446 2690/4506/2688 5242/4507/5239
f 744/4508/744 5243/4509/5240 1866/4510/1865
f 744/4508/744 5244/4511/5241 5243/4509/5240
f 846/4512/846 1968/4513/1967 5245/4514/5242
f 845/4515/845 5246/4516/5243 3089/4517/3087
f 845/4515/845 5247/4518/5244 5246/4516/5243
f 447/4519/447 2691/4520/2689 5248/4521/5245
f 743/4522/743 5249/4523/5246 1865/4524/1864
f 743/4522/743 5250/4525/5247 5249/4523/5246
f 844/4526/844 1966/4527/1965 5251/4528/5248
f 843/4529/843 5252/4530/5249 3087/4531/3085
f 843/4529/843 5253/4532/5250 5252/4530/5249
f 448/4533/448 2692/4534/2690 5254/4535/5251
f 742/4536/742 5255/4537/5252 1864/4538/1863
f 742/4536/742 5256/4539/5253 5255/4537/5252
f 842/4540/842 1964/4541/1963 5257/4542/5254
f 841/4543/841 5258/4544/5255 3085/4545/3083
f 841/4543/841 5259/4546/5256 5258/4544/5255
f 449/4547/449 2693/4548/2691 5260/4549/5257
f 741/4550/741 5261/4551/5258 1863/4552/1862
f 741/4550/741 5262/4553/5259 5261/4551/5258
f 840/4554/840 1962/4555/1961 5263/4556/5260
f 839/4557/839 5264/4558/5261 3083/4559/3081
f 839/4557/839 5265/4560/5262 5264/4558/5261
f 740/4424/740 1862/4426/1861 5266/4561/5263
f 731/4562/731 5267/4563/5264 1853/4564/1852
f 731/4562/731 5268/4565/5265 5267/4563/5264
f 838/4566/838 1960/4567/1959 5269/4568/5266
f 837/4569/837 5270/4570/5267 3081/4571/3079
f 837/4569/837 5271/4572/5268 5270/4570/5267
f 749/4438/749 1871/4440/1870 5272/4573/5269
f 739/4574/739 5273/4575/5270 1861/4576/1860
f 739/4574/739 5274/4577/5271 5273/4575/5270
f 836/4578/836 1958/4579/1957 5275/4580/5272
f 835/4581/835 5276/4582/5273 3079/4583/3077
f 835/4581/835 5277/4584/5274 5276/4582/5273
f 748/4452/748 1870/4454/1869 5278/4585/5275
f 738/4586/738 5279/4587/5276 1860/4588/1859
f 738/4586/738 5280/4589/5277 5279/4587/5276
f 834/4590/834 1956/4591/1955 5281/4592/5278
f 833/4593/833 5282/4594/5279 3077/4595/3075
f 833/4593/833 5283/4596/5280 5282/4594/5279
f 747/4466/747 1869/4468/1868 5284/4597/5281
f 737/4598/737 5285/4599/5282 1859/4600/1858
f 737/4598/737 5286/4601/5283 5285/4599/5282
f 832/4602/832 1954/4603/1953 5287/4604/5284
f 831/4605/831 5288/4606/5285 3075/4607/3073
f 831/4605/831 5289/4608/5286 5288/4606/5285
f 746/4480/746 1868/4482/1867 5290/4609/5287
f 736/4610/736 5291/4611/5288 1858/4612/1857
f 736/4610/736 5292/4613/5289 5291/4611/5288
f 830/4614/830 1952/4615/1951 5293/4616/5290
f 829/4617/829 5294/4618/5291 3073/4619/3071
f 829/4617/829 5295/4620/5292 5294/4618/5291
f 745/4494/745 1867/4496/1866 5296/4621/5293
f 735/4622/735 5297/4623/5294 1857/4624/1856
f 735/4622/735 5298/4625/5295 5297/4623/5294
f 828/4626/828 1950/4627/1949 5299/4628/5296
f 827/4629/827 5300/4630/5297 3071/4631/3069
f 827/4629/827 5301/4632/5298 5300/4630/5297
f 744/4508/744 1866/4510/1865 5302/4633/5299
f 734/4634/734 5303/4635/5300 1856/4636/1855
f 734/4634/734 5304/4637/5301 5303/4635/5300
f 826/4638/826 1948/4639/1947 5305/4640/5302
f 825/4641/825 5306/4642/5303 3069/4643/3067
f 825/4641/825 5307/4644/5304 5306/4642/5303
f 743/4522/743 1865/4524/1864 5308/4645/5305
f 733/4646/733 5309/4647/5306 1855/4648/1854
f 733/4646/733 5310/4649/5307 5309/4647/5306
f 824/4650/824 1946/4651/1945 5311/4652/5308
f 823/4653/823 5312/4654/5309 3067/4655/3065
f 823/4653/823 5313/4656/5310 5312/4654/5309
f 742/4536/742 1864/4538/1863 5314/4657/5311
f 732/4658/732 5315/4659/5312 1854/4660/1853
f 732/4658/732 5316/4661/5313 5315/4659/5312
f 822/4662/822 1944/4663/1943 5317/4664/5314
f 821/4665/821 5318/4666/5315 3065/4667/3063
f 821/4665/821 5319/4668/5316 5318/4666/5315
f 731/4562/731 1853/4564/1852 5320/4669/5317
f 723/4670/723 5321/4671/5318 1845/4672/1844
f 723/4670/723 5322/4673/5319 5321/4671/5318
f 820/4674/820 1942/4675/1941 5323/4676/5320
f 819/4677/819 5324/4678/5321 3063/4679/3061
f 819/4677/819 5325/4680/5322 5324/4678/5321
f 739/4574/739 1861/4576/1860 5326/4681/5323
f 730/4682/730 5327/4683/5324 1852/4684/1851
f 730/4682/730 5328/4685/5325 5327/4683/5324
f 818/4686/818 1940/4687/1939 5329/4688/5326
f 817/4689/817 5330/4690/5327 3061/4691/3059
f 817/4689/817 5331/4692/5328 5330/4690/5327
f 738/4586/738 1860/4588/1859 5332/4693/5329
f 729/4694/729 5333/4695/5330 1851/4696/1850
f 729/4694/729 5334/4697/5331 5333/4695/5330
f 816/4698/816 1938/4699/1937 5335/4700/5332
f 815/4701/815 5336/4702/5333 3059/4703/3057
f 815/4701/815 5337/4704/5334 5336/4702/5333
f 737/4598/737 1859/4600/1858 5338/4705/5335
f 728/4706/728 5339/4707/5336 1850/4708/1849
f 728/4706/728 5340/4709/5337 5339/4707/5336
f 814/4710/814 1936/4711/1935 5341/4712/5338
f 813/4713/813 5342/4714/5339 3057/4715/3055
f 813/4713/813 5343/4716/5340 5342/4714/5339
f 736/4610/736 1858/4612/1857 5344/4717/5341
f 727/4718/727 5345/4719/5342 1849/4720/1848
f 727/4718/727 5346/4721/5343 5345/4719/5342
f 812/4722/812 1934/4723/1933 5347/4724/5344
f 811/4725/811 5348/4726/5345 3055/4727/3053
f 811/4725/811 5349/4728/5346 5348/4726/5345
f 735/4622/735 1857/4624/1856 5350/4729/5347
f 726/4730/726 5351/4731/5348 1848/4732/1847
f 726/4730/726 5352/4733/5349 5351/4731/5348
f 810/4734/810 1932/4735/1931 5353/4736/5350
f 809/4737/809 5354/4738/5351 3053/4739/3051
f 809/4737/809 5355/4740/5352 5354/4738/5351
f 734/4634/734 1856/4636/1855 5356/4741/5353
f 725/4742/725 5357/4743/5354 1847/4744/1846
f 725/4742/725 5358/4745/5355 5357/4743/5354
f 808/4746/808 1930/4747/1929 5359/4748/5356
f 807/4749/807 5360/4750/5357 3051/4751/3049
f 807/4749/807 5361/4752/5358 5360/4750/5357
f 733/4646/733 1855/4648/1854 5362/4753/5359
f 724/4754/724 5363/4755/5360 1846/4756/1845
f 724/4754/724 5364/4757/5361 5363/4755/5360
f 806/4758/806 1928/4759/1927 5365/4760/5362
f 805/4761/805 5366/4762/5363 3049/4763/3047
f 805/4761/805 5367/4764/5364 5366/4762/5363
f 723/4670/723 1845/4672/1844 5368/4765/5365
f 716/4766/716 5369/4767/5366 1838/4768/1837
f 716/4766/716 5370/4769/5367 5369/4767/5366
f 804/4770/804 1926/4771/1925 5371/4772/5368
f 803/4773/803 5372/4774/5369 3047/4775/3045
f 803/4773/803 5373/4776/5370 5372/4774/5369
f 730/4682/730 1852/4684/1851 5374/4777/5371
f 722/4778/722 5375/4779/5372 1844/4780/1843
f 722/4778/722 5376/4781/5373 5375/4779/5372
f 802/4782/802 1924/4783/1923 5377/4784/5374
f 801/4785/801 5378/4786/5375 3045/4787/3043
f 801/4785/801 5379/4788/5376 5378/4786/5375
f 729/4694/729 1851/4696/1850 5380/4789/5377
f 721/4790/721 5381/4791/5378 1843/4792/1842
f 721/4790/721 5382/4793/5379 5381/4791/5378
f 800/4794/800 1922/4795/1921 5383/4796/5380
f 799/4797/799 5384/4798/5381 3043/4799/3041
f 799/4797/799 5385/4800/5382 5384/4798/5381
f 728/4706/728 1850/4708/1849 5386/4801/5383
f 720/4802/720 5387/4803/5384 1842/4804/1841
f 720/4802/720 5388/4805/5385 5387/4803/5384
f 798/4806/798 1920/4807/1919 5389/4808/5386
f 797/4809/797 5390/4810/5387 3041/4811/3039
f 797/4809/797 5391/4812/5388 5390/4810/5387
f 727/4718/727 1849/4720/1848 5392/4813/5389
f 719/4814/719 5393/4815/5390 1841/4816/1840
f 719/4814/719 5394/4817/5391 5393/4815/5390
f 796/4818/796 1918/4819/1917 5395/4820/5392
f 795/4821/795 5396/4822/5393 3039/4823/3037
f 795/4821/795 5397/4824/5394 5396/4822/5393
f 726/4730/726 1848/4732/1847 5398/4825/5395
f 718/4826/718 5399/4827/5396 1840/4828/1839
f 718/4826/718 5400/4829/5397 5399/4827/5396
f 794/4830/794 1916/4831/1915 5401/4832/5398
f 793/4833/793 5402/4834/5399 3037/4835/3035
f 793/4833/793 5403/4836/5400 5402/4834/5399
f 725/4742/725 1847/4744/1846 5404/4837/5401
f 717/4838/717 5405/4839/5402 1839/4840/1838
f 717/4838/717 5406/4841/5403 5405/4839/5402
f 792/4842/792 1914/4843/1913 5407/4844/5404
f 791/4845/791 5408/4846/5405 3035/4847/3033
f 791/4845/791 5409/4848/5406 5408/4846/5405
f 716/4766/716 1838/4768/1837 5410/4849/5407
f 710/4850/710 5411/4851/5408 1832/4852/1831
f 710/4850/710 5412/4853/5409 5411/4851/5408
f 790/4854/790 1912/4855/1911 5413/4856/5410
f 789/4857/789 5414/4858/5411 3033/4859/3031
f 789/4857/789 5415/4860/5412 5414/4858/5411
f 722/4778/722 1844/4780/1843 5416/4861/5413
f 715/4862/715 5417/4863/5414 1837/4864/1836
f 715/4862/715 5418/4865/5415 5417/4863/5414
f 788/4866/788 1910/4867/1909 5419/4868/5416
f 787/4869/787 5420/4870/5417 3031/4871/3029
f 787/4869/787 5421/4872/5418 5420/4870/5417
f 721/4790/721 1843/4792/1842 5422/4873/5419
f 714/4874/714 5423/4875/5420 1836/4876/1835
f 714/4874/714 5424/4877/5421 5423/4875/5420
f 786/4878/786 1908/4879/1907 5425/4880/5422
f 785/4881/785 5426/4882/5423 3029/4883/3027
f 785/4881/785 5427/4884/5424 5426/4882/5423
f 720/4802/720 1842/4804/1841 5428/4885/5425
f 713/4886/713 5429/4887/5426 1835/4888/1834
f 713/4886/713 5430/4889/5427 5429/4887/5426
f 784/4890/784 1906/4891/1905 5431/4892/5428
f 783/4893/783 5432/4894/5429 3027/4895/3025
f 783/4893/783 5433/4896/5430 5432/4894/5429
f 719/4814/719 1841/4816/1840 5434/4897/5431
f 712/4898/712 5435/4899/5432 1834/4900/1833
f 712/4898/712 5436/4901/5433 5435/4899/5432
f 782/4902/782 1904/4903/1903 5437/4904/5434
f 781/4905/781 5438/4906/5435 3025/4907/3023
f 781/4905/781 5439/4908/5436 5438/4906/5435
f 718/4826/718 1840/4828/1839 5440/4909/5437
f 711/4910/711 5441/4911/5438 1833/4912/1832
f 711/4910/711 5442/4913/5439 5441/4911/5438
f 780/4914/780 1902/4915/1901 5443/4916/5440
f 779/4917/779 5444/4918/5441 3023/4919/3021
f 779/4917/779 5445/4920/5442 5444/4918/5441
f 710/4850/710 1832/4852/1831 5446/4921/5443
f 705/4922/705 5447/4923/5444 1827/4924/1826
f 705/4922/705 5448/4925/5445 5447/4923/5444
f 778/4926/778 1900/4927/1899 5449/4928/5446
f 777/4929/777 5450/4930/5447 3021/4931/3019
f 777/4929/777 5451/4932/5448 5450/4930/5447
f 715/4862/715 1837/4864/1836 5452/4933/5449
f 709/4934/709 5453/4935/5450 1831/4936/1830
f 709/4934/709 5454/4937/5451 5453/4935/5450
f 776/4938/776 1898/4939/1897 5455/4940/5452
f 775/4941/775 5456/4942/5453 3019/4943/3017
f 775/4941/775 5457/4944/5454 5456/4942/5453
f 714/4874/714 1836/4876/1835 5458/4945/5455
f 708/4946/708 5459/4947/5456 1830/4948/1829
f 708/4946/708 5460/4949/5457 5459/4947/5456
f 774/4950/774 1896/4951/1895 5461/4952/5458
f 773/4953/773 5462/4954/5459 3017/4955/3015
f 773/4953/773 5463/4956/5460 5462/4954/5459
f 713/4886/713 1835/4888/1834 5464/4957/5461
f 707/4958/707 5465/4959/5462 1829/4960/1828
f 707/4958/707 5466/4961/5463 5465/4959/5462
f 772/4962/772 1894/4963/1893 5467/4964/5464
f 771/4965/771 5468/4966/5465 3015/4967/3013
f 771/4965/771 5469/4968/5466 5468/4966/5465
f 712/4898/712 1834/4900/1833 5470/4969/5467
f 706/4970/706 5471/4971/5468 1828/4972/1827
f 706/4970/706 5472/4973/5469 5471/4971/5468
f 770/4974/770 1892/4975/1891 5473/4976/5470
f 769/4977/769 5474/4978/5471 3013/4979/3011
f 769/4977/769 5475/4980/5472 5474/4978/5471
f 705/4922/705 1827/4924/1826 5476/4981/5473
f 701/4982/701 5477/4983/5474 1823/4984/1822
f 701/4982/701 5478/4985/5475 5477/4983/5474
f 768/4986/768 1890/4987/1889 5479/4988/5476
f 767/4989/767 5480/4990/5477 3011/4991/3009
f 767/4989/767 5481/4992/5478 5480/4990/5477
f 709/4934/709 1831/4936/1830 5482/4993/5479
f 704/4994/704 5483/4995/5480 1826/4996/1825
f 704/4994/704 5484/4997/5481 5483/4995/5480
f 766/4998/766 1888/4999/1887 5485/5000/5482
f 765/5001/765 5486/5002/5483 3009/5003/3007
f 765/5001/765 5487/5004/5484 5486/5002/5483
f 708/4946/708 1830/4948/1829 5488/5005/5485
f 703/5006/703 5489/5007/5486 1825/5008/1824
f 703/5006/703 5490/5009/5487 5489/5007/5486
f 764/5010/764 1886/5011/1885 5491/5012/5488
f 763/5013/763 5492/5014/5489 3007/5015/3005
f 763/5013/763 5493/5016/5490 5492/5014/5489
f 707/4958/707 1829/4960/1828 5494/5017/5491
f 702/5018/702 5495/5019/5492 1824/5020/1823
f 702/5018/702 5496/5021/5493 5495/5019/5492
f 762/5022/762 1884/5023/1883 5497/5024/5494
f 761/5025/761 5498/5026/5495 3005/5027/3003
f 761/5025/761 5499/5028/5496 5498/5026/5495
f 701/4982/701 1823/4984/1822 5500/5029/5497
f 698/5030/698 5501/5031/5498 1820/5032/1819
f 698/5030/698 5502/5033/5499 5501/5031/5498
f 760/5034/760 1882/5035/1881 5503/5036/5500
f 759/5037/759 5504/5038/5501 3003/5039/3001
f 759/5037/759 5505/5040/5502 5504/5038/5501
f 704/4994/704 1826/4996/1825 5506/5041/5503
f 700/5042/700 5507/5043/5504 1822/5044/1821
f 700/5042/700 5508/5045/5505 5507/5043/5504
f 758/5046/758 1880/5047/1879 5509/5048/5506
f 757/5049/757 5510/5050/5507 3001/5051/2999
f 757/5049/757 5511/5052/5508 5510/5050/5507
f 703/5006/703 1825/5008/1824 5512/5053/5509
f 699/5054/699 5513/5055/5510 1821/5056/1820
f 699/5054/699 5514/5057/5511 5513/5055/5510
f 756/5058/756 1878/5059/1877 5515/5060/5512
f 755/5061/755 5516/5062/5513 2999/5063/2997
f 755/5061/755 5517/5064/5514 5516/5062/5513
f 698/5030/698 1820/5032/1819 5518/5065/5515
f 696/5066/696 5519/5067/5516 1818/5068/1817
f 696/5066/696 5520/5069/5517 5519/5067/5516
f 754/5070/754 1876/5071/1875 5521/5072/5518
f 753/5073/753 5522/5074/5519 2997/5075/2995
f 753/5073/753 5523/5076/5520 5522/5074/5519
f 700/5042/700 1822/5044/1821 5524/5077/5521
f 697/5078/697 5525/5079/5522 1819/5080/1818
f 697/5078/697 5526/5081/5523 5525/5079/5522
f 752/5082/752 1874/5083/1873 5527/5084/5524
f 751/5085/751 5528/5086/5525 2995/5087/2993
f 751/5085/751 5529/5088/5526 5528/5086/5525
f 696/5066/696 1818/5068/1817 5530/5089/5527
f 695/5090/695 5531/5091/5528 1817/5092/1816
f 695/5090/695 5532/5093/5529 5531/5091/5528
f 750/5094/750 1872/5095/1871 5533/5096/5530
f 521/5097/521 5534/5098/5531 1643/5099/1642
f 521/5097/521 5535/5100/5532 5534/5098/5531
f 741/4550/741 1863/4552/1862 5536/5101/5533
f 522/5102/522 5537/5103/5534 1644/5104/1643
f 522/5102/522 5538/5105/5535 5537/5103/5534
f 732/4658/732 1854/4660/1853 5539/5106/5536
f 523/5107/523 5540/5108/5537 1645/5109/1644
f 523/5107/523 5541/5110/5538 5540/5108/5537
f 724/4754/724 1846/4756/1845 5542/5111/5539
f 524/5112/524 5543/5113/5540 1646/5114/1645
f 524/5112/524 5544/5115/5541 5543/5113/5540
f 717/4838/717 1839/4840/1838 5545/5116/5542
f 525/5117/525 5546/5118/5543 1647/5119/1646
f 525/5117/525 5547/5120/5544 5546/5118/5543
f 711/4910/711 1833/4912/1832 5548/5121/5545
f 526/5122/526 5549/5123/5546 1648/5124/1647
f 526/5122/526 5550/5125/5547 5549/5123/5546
f 706/4970/706 1828/4972/1827 5551/5126/5548
f 527/5127/527 5552/5128/5549 1649/5129/1648
f 527/5127/527 5553/5130/5550 5552/5128/5549
f 702/5018/702 1824/5020/1823 5554/5131/5551
f 528/5132/528 5555/5133/5552 1650/5134/1649
f 528/5132/528 5556/5135/5553 5555/5133/5552
f 699/5054/699 1821/5056/1820 5557/5136/5554
f 529/5137/529 5558/5138/5555 1651/5139/1650
f 529/5137/529 5559/5140/5556 5558/5138/5555
f 697/5078/697 1819/5080/1818 5560/5141/5557
f 409/5142/409 5561/5143/5558 1531/5144/1531
f 409/5142/409 5562/5145/5559 5561/5143/5558
f 695/5090/695 1817/5092/1816 5563/5146/5560
f 694/5147/694 5564/5148/5561 2938/5149/2936
f 694/5147/694 5565/5150/5562 5564/5148/5561
f 470/2222/470 2714/2224/2712 5566/5151/5563
f 575/5152/575 5567/5153/5564 1697/5154/1696
f 575/5152/575 5568/5155/5565 5567/5153/5564
f 693/5156/693 1815/5157/1814 5569/5158/5566
f 692/5159/692 5570/5160/5567 2936/5161/2934
f 692/5159/692 5571/5162/5568 5570/5160/5567
f 471/2217/471 2715/2219/2713 5572/5163/5569
f 584/5164/584 5573/5165/5570 1706/5166/1705
f 584/5164/584 5574/5167/5571 5573/5165/5570
f 691/5168/691 1813/5169/1812 5575/5170/5572
f 690/5171/690 5576/5172/5573 2934/5173/2932
f 690/5171/690 5577/5174/5574 5576/5172/5573
f 472/2212/472 2716/2214/2714 5578/5175/5575
f 583/5176/583 5579/5177/5576 1705/5178/1704
f 583/5176/583 5580/5179/5577 5579/5177/5576
f 689/5180/689 1811/5181/1810 5581/5182/5578
f 688/5183/688 5582/5184/5579 2932/5185/2930
f 688/5183/688 5583/5186/5580 5582/5184/5579
f 473/2207/473 2717/2209/2715 5584/5187/5581
f 582/5188/582 5585/5189/5582 1704/5190/1703
f 582/5188/582 5586/5191/5583 5585/5189/5582
f 687/5192/687 1809/5193/1808 5587/5194/5584
f 686/5195/686 5588/5196/5585 2930/5197/2928
f 686/5195/686 5589/5198/5586 5588/5196/5585
f 474/2202/474 2718/2204/2716 5590/5199/5587
f 581/5200/581 5591/5201/5588 1703/5202/1702
f 581/5200/581 5592/5203/5589 5591/5201/5588
f 685/5204/685 1807/5205/1806 5593/5206/5590
f 684/5207/684 5594/5208/5591 2928/5209/2926
f 684/5207/684 5595/5210/5592 5594/5208/5591
f 475/2197/475 2719/2199/2717 5596/5211/5593
f 580/5212/580 5597/5213/5594 1702/5214/1701
f 580/5212/580 5598/5215/5595 5597/5213/5594
f 683/5216/683 1805/5217/1804 5599/5218/5596
f 682/5219/682 5600/5220/5597 2926/5221/2924
f 682/5219/682 5601/5222/5598 5600/5220/5597
f 476/2192/476 2720/2194/2718 5602/5223/5599
f 579/5224/579 5603/5225/5600 1701/5226/1700
f 579/5224/579 5604/5227/5601 5603/5225/5600
f 681/5228/681 1803/5229/1802 5605/5230/5602
f 680/5231/680 5606/5232/5603 2924/5233/2922
f 680/5231/680 5607/5234/5604 5606/5232/5603
f 477/2187/477 2721/2189/2719 5608/5235/5605
f 578/5236/578 5609/5237/5606 1700/5238/1699
f 578/5236/578 5610/5239/5607 5609/5237/5606
f 679/5240/679 1801/5241/1800 5611/5242/5608
f 678/5243/678 5612/5244/5609 2922/5245/2920
f 678/5243/678 5613/5246/5610 5612/5244/5609
f 478/2182/478 2722/2184/2720 5614/5247/5611
f 577/5248/577 5615/5249/5612 1699/5250/1698
f 577/5248/577 5616/5251/5613 5615/5249/5612
f 677/5252/677 1799/5253/1798 5617/5254/5614
f 676/5255/676 5618/5256/5615 2920/5257/2918
f 676/5255/676 5619/5258/5616 5618/5256/5615
f 479/2177/479 2723/2179/2721 5620/5259/5617
f 576/5260/576 5621/5261/5618 1698/5262/1697
f 576/5260/576 5622/5263/5619 5621/5261/5618
f 675/5264/675 1797/5265/1796 5623/5266/5620
f 674/5267/674 5624/5268/5621 2918/5269/2916
f 674/5267/674 5625/5270/5622 5624/5268/5621
f 575/5152/575 1697/5154/1696 5626/5271/5623
f 566/5272/566 5627/5273/5624 1688/5274/1687
f 566/5272/566 5628/5275/5625 5627/5273/5624
f 673/5276/673 1795/5277/1794 5629/5278/5626
f 672/5279/672 5630/5280/5627 2916/5281/2914
f 672/5279/672 5631/5282/5628 5630/5280/5627
f 584/5164/584 1706/5166/1705 5632/5283/5629
f 574/5284/574 5633/5285/5630 1696/5286/1695
f 574/5284/574 5634/5287/5631 5633/5285/5630
f 671/5288/671 1793/5289/1792 5635/5290/5632
f 670/5291/670 5636/5292/5633 2914/5293/2912
f 670/5291/670 5637/5294/5634 5636/5292/5633
f 583/5176/583 1705/5178/1704 5638/5295/5635
f 573/5296/573 5639/5297/5636 1695/5298/1694
f 573/5296/573 5640/5299/5637 5639/5297/5636
f 669/5300/669 1791/5301/1790 5641/5302/5638
f 668/5303/668 5642/5304/5639 2912/5305/2910
f 668/5303/668 5643/5306/5640 5642/5304/5639
f 582/5188/582 1704/5190/1703 5644/5307/5641
f 572/5308/572 5645/5309/5642 1694/5310/1693
f 572/5308/572 5646/5311/5643 5645/5309/5642
f 667/5312/667 1789/5313/1788 5647/5314/5644
f 666/5315/666 5648/5316/5645 2910/5317/2908
f 666/5315/666 5649/5318/5646 5648/5316/5645
f 581/5200/581 1703/5202/1702 5650/5319/5647
f 571/5320/571 5651/5321/5648 1693/5322/1692
f 571/5320/571 5652/5323/5649 5651/5321/5648
f 665/5324/665 1787/5325/1786 5653/5326/5650
f 664/5327/664 5654/5328/5651 2908/5329/2906
f 664/5327/664 5655/5330/5652 5654/5328/5651
f 580/5212/580 1702/5214/1701 5656/5331/5653
f 570/5332/570 5657/5333/5654 1692/5334/1691
f 570/5332/570 5658/5335/5655 5657/5333/5654
f 663/5336/663 1785/5337/1784 5659/5338/5656
f 662/5339/662 5660/5340/5657 2906/5341/2904
f 662/5339/662 5661/5342/5658 5660/5340/5657
f 579/5224/579 1701/5226/1700 5662/5343/5659
f 569/5344/569 5663/5345/5660 1691/5346/1690
f 569/5344/569 5664/5347/5661 5663/5345/5660
f 661/5348/661 1783/5349/1782 5665/5350/5662
f 660/5351/660 5666/5352/5663 2904/5353/2902
f 660/5351/660 5667/5354/5664 5666/5352/5663
f 578/5236/578 1700/5238/1699 5668/5355/5665
f 568/5356/568 5669/5357/5666 1690/5358/1689
f 568/5356/568 5670/5359/5667 5669/5357/5666
f 659/5360/659 1781/5361/1780 5671/5362/5668
f 658/5363/658 5672/5364/5669 2902/5365/2900
f 658/5363/658 5673/5366/5670 5672/5364/5669
f 577/5248/577 1699/5250/1698 5674/5367/5671
f 567/5368/567 5675/5369/5672 1689/5370/1688
f 567/5368/567 5676/5371/5673 5675/5369/5672
f 657/5372/657 1779/5373/1778 5677/5374/5674
f 656/5375/656 5678/5376/5675 2900/5377/2898
f 656/5375/656 5679/5378/5676 5678/5376/5675
f 566/5272/566 1688/5274/1687 5680/5379/5677
f 558/5380/558 5681/5381/5678 1680/5382/1679
f 558/5380/558 5682/5383/5679 5681/5381/5678
f 655/5384/655 1777/5385/1776 5683/5386/5680
f 654/5387/654 5684/5388/5681 2898/5389/2896
f 654/5387/654 5685/5390/5682 5684/5388/5681
f 574/5284/574 1696/5286/1695 5686/5391/5683
f 565/5392/565 5687/5393/5684 1687/5394/1686
f 565/5392/565 5688/5395/5685 5687/5393/5684
f 653/5396/653 1775/5397/1774 5689/5398/5686
f 652/5399/652 5690/5400/5687 2896/5401/2894
f 652/5399/652 5691/5402/5688 5690/5400/5687
f 573/5296/573 1695/5298/1694 5692/5403/5689
f 564/5404/564 5693/5405/5690 1686/5406/1685
f 564/5404/564 5694/5407/5691 5693/5405/5690
f 651/5408/651 1773/5409/1772 5695/5410/5692
f 650/5411/650 5696/5412/5693 2894/5413/2892
f 650/5411/650 5697/5414/5694 5696/5412/5693
f 572/5308/572 1694/5310/1693 5698/5415/5695
f 563/5416/563 5699/5417/5696 1685/5418/1684
f 563/5416/563 5700/5419/5697 5699/5417/5696
f 649/5420/649 1771/5421/1770 5701/5422/5698
f 648/5423/648 5702/5424/5699 2892/5425/2890
f 648/5423/648 5703/5426/5700 5702/5424/5699
f 571/5320/571 1693/5322/1692 5704/5427/5701
f 562/5428/562 5705/5429/5702 1684/5430/1683
f 562/5428/562 5706/5431/5703 5705/5429/5702
f 647/5432/647 1769/5433/1768 5707/5434/5704
f 646/5435/646 5708/5436/5705 2890/5437/2888
f 646/5435/646 5709/5438/5706 5708/5436/5705
f 570/5332/570 1692/5334/1691 5710/5439/5707
f 561/5440/561 5711/5441/5708 1683/5442/1682
f 561/5440/561 5712/5443/5709 5711/5441/5708
f 645/5444/645 1767/5445/1766 5713/5446/5710
f 644/5447/644 5714/5448/5711 2888/5449/2886
f 644/5447/644 5715/5450/5712 5714/5448/5711
f 569/5344/569 1691/5346/1690 5716/5451/5713
f 560/5452/560 5717/5453/5714 1682/5454/1681
f 560/5452/560 5718/5455/5715 5717/5453/5714
f 643/5456/643 1765/5457/1764 5719/5458/5716
f 642/5459/642 5720/5460/5717 2886/5461/2884
f 642/5459/642 5721/5462/5718 5720/5460/5717
f 568/5356/568 1690/5358/1689 5722/5463/5719
f 559/5464/559 5723/5465/5720 1681/5466/1680
f 559/5464/559 5724/5467/5721 5723/5465/5720
f 641/5468/641 1763/5469/1762 5725/5470/5722
f 640/5471/640 5726/5472/5723 2884/5473/2882
f 640/5471/640 5727/5474/5724 5726/5472/5723
f 558/5380/558 1680/5382/1679 5728/5475/5725
f 551/5476/551 5729/5477/5726 1673/5478/1672
f 551/5476/551 5730/5479/5727 5729/5477/5726
f 639/5480/639 1761/5481/1760 5731/5482/5728
f 638/5483/638 5732/5484/5729 2882/5485/2880
f 638/5483/638 5733/5486/5730 5732/5484/5729
f 565/5392/565 1687/5394/1686 5734/5487/5731
f 557/5488/557 5735/5489/5732 1679/5490/1678
f 557/5488/557 5736/5491/5733 5735/5489/5732
f 637/5492/637 1759/5493/1758 5737/5494/5734
f 636/5495/636 5738/5496/5735 2880/5497/2878
f 636/5495/636 5739/5498/5736 5738/5496/5735
f 564/5404/564 1686/5406/1685 5740/5499/5737
f 556/5500/556 5741/5501/5738 1678/5502/1677
f 556/5500/556 5742/5503/5739 5741/5501/5738
f 635/5504/635 1757/5505/1756 5743/5506/5740
f 634/5507/634 5744/5508/5741 2878/5509/2876
f 634/5507/634 5745/5510/5742 5744/5508/5741
f 563/5416/563 1685/5418/1684 5746/5511/5743
f 555/5512/555 5747/5513/5744 1677/5514/1676
f 555/5512/555 5748/5515/5745 5747/5513/5744
f 633/5516/633 1755/5517/1754 5749/5518/5746
f 632/5519/632 5750/5520/5747 2876/5521/2874
f 632/5519/632 5751/5522/5748 5750/5520/5747
f 562/5428/562 1684/5430/1683 5752/5523/5749
f 554/5524/554 5753/5525/5750 1676/5526/1675
f 554/5524/554 5754/5527/5751 5753/5525/5750
f 631/5528/631 1753/5529/1752 5755/5530/5752
f 630/5531/630 5756/5532/5753 2874/5533/2872
f 630/5531/630 5757/5534/5754 5756/5532/5753
f 561/5440/561 1683/5442/1682 5758/5535/5755
f 553/5536/553 5759/5537/5756 1675/5538/1674
f 553/5536/553 5760/5539/5757 5759/5537/5756
f 629/5540/629 1751/5541/1750 5761/5542/5758
f 628/5543/628 5762/5544/5759 2872/5545/2870
f 628/5543/628 5763/5546/5760 5762/5544/5759
f 560/5452/560 1682/5454/1681 5764/5547/5761
f 552/5548/552 5765/5549/5762 1674/5550/1673
f 552/5548/552 5766/5551/5763 5765/5549/5762
f 627/5552/627 1749/5553/1748 5767/5554/5764
f 626/5555/626 5768/5556/5765 2870/5557/2868
f 626/5555/626 5769/5558/5766 5768/5556/5765
f 551/5476/551 1673/5478/1672 5770/5559/5767
f 545/5560/545 5771/5561/5768 1667/5562/1666
f 545/5560/545 5772/5563/5769 5771/5561/5768
f 625/5564/625 1747/5565/1746 5773/5566/5770
f 624/5567/624 5774/5568/5771 2868/5569/2866
f 624/5567/624 5775/5570/5772 5774/5568/5771
f 557/5488/557 1679/5490/1678 5776/5571/5773
f 550/5572/550 5777/5573/5774 1672/5574/1671
f 550/5572/550 5778/5575/5775 5777/5573/5774
f 623/5576/623 1745/5577/1744 5779/5578/5776
f 622/5579/622 5780/5580/5777 2866/5581/2864
f 622/5579/622 5781/5582/5778 5780/5580/5777
f 556/5500/556 1678/5502/1677 5782/5583/5779
f 549/5584/549 5783/5585/5780 1671/5586/1670
f 549/5584/549 5784/5587/5781 5783/5585/5780
f 621/5588/621 1743/5589/1742 5785/5590/5782
f 620/5591/620 5786/5592/5783 2864/5593/2862
f 620/5591/620 5787/5594/5784 5786/5592/5783
f 555/5512/555 1677/5514/1676 5788/5595/5785
f 548/5596/548 5789/5597/5786 1670/5598/1669
f 548/5596/548 5790/5599/5787 5789/5597/5786
f 619/5600/619 1741/5601/1740 5791/5602/5788
f 618/5603/618 5792/5604/5789 2862/5605/2860
f 618/5603/618 5793/5606/5790 5792/5604/5789
f 554/5524/554 1676/5526/1675 5794/5607/5791
f 547/5608/547 5795/5609/5792 1669/5610/1668
f 547/5608/547 5796/5611/5793 5795/5609/5792
f 617/5612/617 1739/5613/1738 5797/5614/5794
f 616/5615/616 5798/5616/5795 2860/5617/2858
f 616/5615/616 5799/5618/5796 5798/5616/5795
f 553/5536/553 1675/5538/1674 5800/5619/5797
f 546/5620/546 5801/5621/5798 1668/5622/1667
f 546/5620/546 5802/5623/5799 5801/5621/5798
f 615/5624/615 1737/5625/1736 5803/5626/5800
f 614/5627/614 5804/5628/5801 2858/5629/2856
f 614/5627/614 5805/5630/5802 5804/5628/5801
f 545/5560/545 1667/5562/1666 5806/5631/5803
f 540/5632/540 5807/5633/5804 1662/5634/1661
f 540/5632/540 5808/5635/5805 5807/5633/5804
f 613/5636/613 1735/5637/1734 5809/5638/5806
f 612/5639/612 5810/5640/5807 2856/5641/2854
f 612/5639/612 5811/5642/5808 5810/5640/5807
f 550/5572/550 1672/5574/1671 5812/5643/5809
f 544/5644/544 5813/5645/5810 1666/5646/1665
f 544/5644/544 5814/5647/5811 5813/5645/5810
f 611/5648/611 1733/5649/1732 5815/5650/5812
f 610/5651/610 5816/5652/5813 2854/5653/2852
f 610/5651/610 5817/5654/5814 5816/5652/5813
f 549/5584/549 1671/5586/1670 5818/5655/5815
f 543/5656/543 5819/5657/5816 1665/5658/1664
f 543/5656/543 5820/5659/5817 5819/5657/5816
f 609/5660/609 1731/5661/1730 5821/5662/5818
f 608/5663/608 5822/5664/5819 2852/5665/2850
f 608/5663/608 5823/5666/5820 5822/5664/5819
f 548/5596/548 1670/5598/1669 5824/5667/5821
f 542/5668/542 5825/5669/5822 1664/5670/1663
f 542/5668/542 5826/5671/5823 5825/5669/5822
f 607/5672/607 1729/5673/1728 5827/5674/5824
f 606/5675/606 5828/5676/5825 2850/5677/2848
f 606/5675/606 5829/5678/5826 5828/5676/5825
f 547/5608/547 1669/5610/1668 5830/5679/5827
f 541/5680/541 5831/5681/5828 1663/5682/1662
f 541/5680/541 5832/5683/5829 5831/5681/5828
f 605/5684/605 1727/5685/1726 5833/5686/5830
f 604/5687/604 5834/5688/5831 2848/5689/2846
f 604/5687/604 5835/5690/5832 5834/5688/5831
f 540/5632/540 1662/5634/1661 5836/5691/5833
f 536/5692/536 5837/5693/5834 1658/5694/1657
f 536/5692/536 5838/5695/5835 5837/5693/5834
f 603/5696/603 1725/5697/1724 5839/5698/5836
f 602/5699/602 5840/5700/5837 2846/5701/2844
f 602/5699/602 5841/5702/5838 5840/5700/5837
f 544/5644/544 1666/5646/1665 5842/5703/5839
f 539/5704/539 5843/5705/5840 1661/5706/1660
f 539/5704/539 5844/5707/5841 5843/5705/5840
f 601/5708/601 1723/5709/1722 5845/5710/5842
f 600/5711/600 5846/5712/5843 2844/5713/2842
f 600/5711/600 5847/5714/5844 5846/5712/5843
f 543/5656/543 1665/5658/1664 5848/5715/5845
f 538/5716/538 5849/5717/5846 1660/5718/1659
f 538/5716/538 5850/5719/5847 5849/5717/5846
f 599/5720/599 1721/5721/1720 5851/5722/5848
f 598/5723/598 5852/5724/5849 2842/5725/2840
f 598/5723/598 5853/5726/5850 5852/5724/5849
f 542/5668/542 1664/5670/1663 5854/5727/5851
f 537/5728/537 5855/5729/5852 1659/5730/1658
f 537/5728/537 5856/5731/5853 5855/5729/5852
f 597/5732/597 1719/5733/1718 5857/5734/5854
f 596/5735/596 5858/5736/5855 2840/5737/2838
f 596/5735/596 5859/5738/5856 5858/5736/5855
f 536/5692/536 1658/5694/1657 5860/5739/5857
f 533/5740/533 5861/5741/5858 1655/5742/1654
f 533/5740/533 5862/5743/5859 5861/5741/5858
f 595/5744/595 1717/5745/1716 5863/5746/5860
f 594/5747/594 5864/5748/5861 2838/5749/2836
f 594/5747/594 5865/5750/5862 5864/5748/5861
f 539/5704/539 1661/5706/1660 5866/5751/5863
f 535/5752/535 5867/5753/5864 1657/5754/1656
f 535/5752/535 5868/5755/5865 5867/5753/5864
f 593/5756/593 1715/5757/1714 5869/5758/5866
f 592/5759/592 5870/5760/5867 2836/5761/2834
f 592/5759/592 5871/5762/5868 5870/5760/5867
f 538/5716/538 1660/5718/1659 5872/5763/5869
f 534/5764/534 5873/5765/5870 1656/5766/1655
f 534/5764/534 5874/5767/5871 5873/5765/5870
f 591/5768/591 1713/5769/1712 5875/5770/5872
f 590/5771/590 5876/5772/5873 2834/5773/2832
f 590/5771/590 5877/5774/5874 5876/5772/5873
f 533/5740/533 1655/5742/1654 5878/5775/5875
f 531/5776/531 5879/5777/5876 1653/5778/1652
f 531/5776/531 5880/5779/5877 5879/5777/5876
f 589/5780/589 1711/5781/1710 5881/5782/5878
f 588/5783/588 5882/5784/5879 2832/5785/2830
f 588/5783/588 5883/5786/5880 5882/5784/5879
f 535/5752/535 1657/5754/1656 5884/5787/5881
f 532/5788/532 5885/5789/5882 1654/5790/1653
f 532/5788/532 5886/5791/5883 5885/5789/5882
f 587/5792/587 1709/5793/1708 5887/5794/5884
f 586/5795/586 5888/5796/5885 2830/5797/2828
f 586/5795/586 5889/5798/5886 5888/5796/5885
f 531/5776/531 1653/5778/1652 5890/5799/5887
f 530/5800/530 5891/5801/5888 1652/5802/1651
f 530/5800/530 5892/5803/5889 5891/5801/5888
f 585/5804/585 1707/5805/1706 5893/5806/5890
f 451/5807/451 5894/5808/5891 1573/5809/1572
f 451/5807/451 5895/5810/5892 5894/5808/5891
f 576/5260/576 1698/5262/1697 5896/5811/5893
f 452/5812/452 5897/5813/5894 1574/5814/1573
f 452/5812/452 5898/5815/5895 5897/5813/5894
f 567/5368/567 1689/5370/1688 5899/5816/5896
f 453/5817/453 5900/5818/5897 1575/5819/1574
f 453/5817/453 5901/5820/5898 5900/5818/5897
f 559/5464/559 1681/5466/1680 5902/5821/5899
f 454/5822/454 5903/5823/5900 1576/5824/1575
f 454/5822/454 5904/5825/5901 5903/5823/5900
f 552/5548/552 1674/5550/1673 5905/5826/5902
f 455/5827/455 5906/5828/5903 1577/5829/1576
f 455/5827/455 5907/5830/5904 5906/5828/5903
f 546/5620/546 1668/5622/1667 5908/5831/5905
f 456/5832/456 5909/5833/5906 1578/5834/1577
f 456/5832/456 5910/5835/5907 5909/5833/5906
f 541/5680/541 1663/5682/1662 5911/5836/5908
f 457/5837/457 5912/5838/5909 1579/5839/1578
f 457/5837/457 5913/5840/5910 5912/5838/5909
f 537/5728/537 1659/5730/1658 5914/5841/5911
f 458/5842/458 5915/5843/5912 1580/5844/1579
f 458/5842/458 5916/5845/5913 5915/5843/5912
f 534/5764/534 1656/5766/1655 5917/5846/5914
f 459/5847/459 5918/5848/5915 1581/5849/1580
f 459/5847/459 5919/5850/5916 5918/5848/5915
f 532/5788/532 1654/5790/1653 5920/5851/5917
f 402/5852/402 5921/5853/5918 1524/5854/1524
f 402/5852/402 5922/5855/5919 5921/5853/5918
f 530/5800/530 1652/5802/1651 5923/5856/5920
f 450/5857/450 5924/5858/5921 1572/5859/450
f 450/5857/450 5925/5860/5922 5924/5858/5921
f 404/5861/404 2648/5862/2647 5926/5863/5923
f 520/5864/520 5927/5865/5924 1642/5866/1641
f 520/5864/520 5928/5867/5925 5927/5865/5924
f 401/5868/401 2645/5869/2644 5929/5870/5926
f 480/5871/480 5930/5872/5927 1602/5873/1601
f 480/5871/480 5931/5874/5928 5930/5872/5927
f 400/5875/400 2644/5876/2643 5932/5877/5929
f 490/5878/490 5933/5879/5930 1612/5880/1611
f 490/5878/490 5934/5881/5931 5933/5879/5930
f 399/5882/399 2643/5883/2642 5935/5884/5932
f 500/5885/500 5936/5886/5933 1622/5887/1621
f 500/5885/500 5937/5888/5934 5936/5886/5933
f 398/5889/398 2642/5890/2641 5938/5891/5935
f 404/5861/404 5939/5892/5936 2648/5862/2647
f 404/5861/404 5940/5893/5937 5939/5892/5936
f 403/5894/403 2647/5895/2646 5941/5896/5938
f 5941/5896/5938 2622/1635/2621 1500/1634/1500
f 5941/5896/5938 2647/5895/2646 2622/1635/2621
f 2647/5895/2646 67/1458/67 2622/1635/2621
f 5939/5892/5936 5941/5896/5938 1500/1634/1500
f 5939/5892/5936 5940/5893/5937 5941/5896/5938
f 5940/5893/5937 403/5894/403 5941/5896/5938
f 2648/5862/2647 3744/1457/3742 77/228/77
f 2648/5862/2647 5939/5892/5936 3744/1457/3742
f 5939/5892/5936 1500/1634/1500 3744/1457/3742
f 5938/5891/5935 2457/2365/2456 1335/2364/1335
f 5938/5891/5935 2642/5890/2641 2457/2365/2456
f 2642/5890/2641 17/1228/17 2457/2365/2456
f 5936/5886/5933 5938/5891/5935 1335/2364/1335
f 5936/5886/5933 5937/5888/5934 5938/5891/5935
f 5937/5888/5934 398/5889/398 5938/5891/5935
f 1622/5887/1621 3579/1227/3577 98/1044/98
f 1622/5887/1621 5936/5886/5933 3579/1227/3577
f 5936/5886/5933 1335/2364/1335 3579/1227/3577
f 5935/5884/5932 2292/3095/2291 1170/3094/1170
f 5935/5884/5932 2643/5883/2642 2292/3095/2291
f 2643/5883/2642 27/978/27 2292/3095/2291
f 5933/5879/5930 5935/5884/5932 1170/3094/1170
f 5933/5879/5930 5934/5881/5931 5935/5884/5932
f 5934/5881/5931 399/5882/399 5935/5884/5932
f 1612/5880/1611 3414/977/3412 88/794/88
f 1612/5880/1611 5933/5879/5930 3414/977/3412
f 5933/5879/5930 1170/3094/1170 3414/977/3412
f 5932/5877/5929 2127/3825/2126 1005/3824/1005
f 5932/5877/5929 2644/5876/2643 2127/3825/2126
f 2644/5876/2643 37/728/37 2127/3825/2126
f 5930/5872/5927 5932/5877/5929 1005/3824/1005
f 5930/5872/5927 5931/5874/5928 5932/5877/5929
f 5931/5874/5928 400/5875/400 5932/5877/5929
f 1602/5873/1601 3249/727/3247 78/544/78
f 1602/5873/1601 5930/5872/5927 3249/727/3247
f 5930/5872/5927 1005/3824/1005 3249/727/3247
f 5929/5870/5926 1962/4555/1961 840/4554/840
f 5929/5870/5926 2645/5869/2644 1962/4555/1961
f 2645/5869/2644 47/478/47 1962/4555/1961
f 5927/5865/5924 5929/5870/5926 840/4554/840
f 5927/5865/5924 5928/5867/5925 5929/5870/5926
f 5928/5867/5925 401/5868/401 5929/5870/5926
f 1642/5866/1641 3084/477/3082 118/294/118
f 1642/5866/1641 5927/5865/5924 3084/477/3082
f 5927/5865/5924 840/4554/840 3084/477/3082
f 5926/5863/5923 1797/5265/1796 675/5264/675
f 5926/5863/5923 2648/5862/2647 1797/5265/1796
f 2648/5862/2647 77/228/77 1797/5265/1796
f 5924/5858/5921 5926/5863/5923 675/5264/675
f 5924/5858/5921 5925/5860/5922 5926/5863/5923
f 5925/5860/5922 404/5861/404 5926/5863/5923
f 1572/5859/450 2919/227/2917 48/44/48
f 1572/5859/450 5924/5858/5921 2919/227/2917
f 5924/5858/5921 675/5264/675 2919/227/2917
f 5923/5856/5920 1632/5897/1631 510/5898/510
f 5923/5856/5920 1652/5802/1651 1632/5897/1631
f 1652/5802/1651 108/5899/108 1632/5897/1631
f 5921/5853/5918 5923/5856/5920 510/5898/510
f 5921/5853/5918 5922/5855/5919 5923/5856/5920
f 5922/5855/5919 530/5800/530 5923/5856/5920
f 1524/5854/1524 2754/5900/2752 5/5901/5
f 1524/5854/1524 5921/5853/5918 2754/5900/2752
f 5921/5853/5918 510/5898/510 2754/5900/2752
f 5920/5851/5917 1707/5805/1706 585/5804/585
f 5920/5851/5917 1654/5790/1653 1707/5805/1706
f 1654/5790/1653 128/48/128 1707/5805/1706
f 5918/5848/5915 5920/5851/5917 585/5804/585
f 5918/5848/5915 5919/5850/5916 5920/5851/5917
f 5919/5850/5916 532/5788/532 5920/5851/5917
f 1581/5849/1580 2829/47/2827 57/17/57
f 1581/5849/1580 5918/5848/5915 2829/47/2827
f 5918/5848/5915 585/5804/585 2829/47/2827
f 5917/5846/5914 1709/5793/1708 587/5792/587
f 5917/5846/5914 1656/5766/1655 1709/5793/1708
f 1656/5766/1655 129/52/129 1709/5793/1708
f 5915/5843/5912 5917/5846/5914 587/5792/587
f 5915/5843/5912 5916/5845/5913 5917/5846/5914
f 5916/5845/5913 534/5764/534 5917/5846/5914
f 1580/5844/1579 2831/51/2829 56/20/56
f 1580/5844/1579 5915/5843/5912 2831/51/2829
f 5915/5843/5912 587/5792/587 2831/51/2829
f 5914/5841/5911 1713/5769/1712 591/5768/591
f 5914/5841/5911 1659/5730/1658 1713/5769/1712
f 1659/5730/1658 131/60/131 1713/5769/1712
f 5912/5838/5909 5914/5841/5911 591/5768/591
f 5912/5838/5909 5913/5840/5910 5914/5841/5911
f 5913/5840/5910 537/5728/537 5914/5841/5911
f 1579/5839/1578 2835/59/2833 55/23/55
f 1579/5839/1578 5912/5838/5909 2835/59/2833
f 5912/5838/5909 591/5768/591 2835/59/2833
f 5911/5836/5908 1719/5733/1718 597/5732/597
f 5911/5836/5908 1663/5682/1662 1719/5733/1718
f 1663/5682/1662 134/72/134 1719/5733/1718
f 5909/5833/5906 5911/5836/5908 597/5732/597
f 5909/5833/5906 5910/5835/5907 5911/5836/5908
f 5910/5835/5907 541/5680/541 5911/5836/5908
f 1578/5834/1577 2841/71/2839 54/26/54
f 1578/5834/1577 5909/5833/5906 2841/71/2839
f 5909/5833/5906 597/5732/597 2841/71/2839
f 5908/5831/5905 1727/5685/1726 605/5684/605
f 5908/5831/5905 1668/5622/1667 1727/5685/1726
f 1668/5622/1667 138/88/138 1727/5685/1726
f 5906/5828/5903 5908/5831/5905 605/5684/605
f 5906/5828/5903 5907/5830/5904 5908/5831/5905
f 5907/5830/5904 546/5620/546 5908/5831/5905
f 1577/5829/1576 2849/87/2847 53/29/53
f 1577/5829/1576 5906/5828/5903 2849/87/2847
f 5906/5828/5903 605/5684/605 2849/87/2847
f 5905/5826/5902 1737/5625/1736 615/5624/615
f 5905/5826/5902 1674/5550/1673 1737/5625/1736
f 1674/5550/1673 143/108/143 1737/5625/1736
f 5903/5823/5900 5905/5826/5902 615/5624/615
f 5903/5823/5900 5904/5825/5901 5905/5826/5902
f 5904/5825/5901 552/5548/552 5905/5826/5902
f 1576/5824/1575 2859/107/2857 52/32/52
f 1576/5824/1575 5903/5823/5900 2859/107/2857
f 5903/5823/5900 615/5624/615 2859/107/2857
f 5902/5821/5899 1749/5553/1748 627/5552/627
f 5902/5821/5899 1681/5466/1680 1749/5553/1748
f 1681/5466/1680 149/132/149 1749/5553/1748
f 5900/5818/5897 5902/5821/5899 627/5552/627
f 5900/5818/5897 5901/5820/5898 5902/5821/5899
f 5901/5820/5898 559/5464/559 5902/5821/5899
f 1575/5819/1574 2871/131/2869 51/35/51
f 1575/5819/1574 5900/5818/5897 2871/131/2869
f 5900/5818/5897 627/5552/627 2871/131/2869
f 5899/5816/5896 1763/5469/1762 641/5468/641
f 5899/5816/5896 1689/5370/1688 1763/5469/1762
f 1689/5370/1688 156/160/156 1763/5469/1762
f 5897/5813/5894 5899/5816/5896 641/5468/641
f 5897/5813/5894 5898/5815/5895 5899/5816/5896
f 5898/5815/5895 567/5368/567 5899/5816/5896
f 1574/5814/1573 2885/159/2883 50/38/50
f 1574/5814/1573 5897/5813/5894 2885/159/2883
f 5897/5813/5894 641/5468/641 2885/159/2883
f 5896/5811/5893 1779/5373/1778 657/5372/657
f 5896/5811/5893 1698/5262/1697 1779/5373/1778
f 1698/5262/1697 164/192/164 1779/5373/1778
f 5894/5808/5891 5896/5811/5893 657/5372/657
f 5894/5808/5891 5895/5810/5892 5896/5811/5893
f 5895/5810/5892 576/5260/576 5896/5811/5893
f 1573/5809/1572 2901/191/2899 49/41/49
f 1573/5809/1572 5894/5808/5891 2901/191/2899
f 5894/5808/5891 657/5372/657 2901/191/2899
f 5893/5806/5890 1708/50/1707 586/5795/586
f 5893/5806/5890 1707/5805/1706 1708/50/1707
f 1707/5805/1706 128/48/128 1708/50/1707
f 5891/5801/5888 5893/5806/5890 586/5795/586
f 5891/5801/5888 5892/5803/5889 5893/5806/5890
f 5892/5803/5889 585/5804/585 5893/5806/5890
f 1652/5802/1651 2830/5797/2828 108/5899/108
f 1652/5802/1651 5891/5801/5888 2830/5797/2828
f 5891/5801/5888 586/5795/586 2830/5797/2828
f 5890/5799/5887 1633/5902/1632 511/5903/511
f 5890/5799/5887 1653/5778/1652 1633/5902/1632
f 1653/5778/1652 109/5904/109 1633/5902/1632
f 5888/5796/5885 5890/5799/5887 511/5903/511
f 5888/5796/5885 5889/5798/5886 5890/5799/5887
f 5889/5798/5886 531/5776/531 5890/5799/5887
f 2830/5797/2828 2755/5905/2753 108/5899/108
f 2830/5797/2828 5888/5796/5885 2755/5905/2753
f 5888/5796/5885 511/5903/511 2755/5905/2753
f 5887/5794/5884 1710/54/1709 588/5783/588
f 5887/5794/5884 1709/5793/1708 1710/54/1709
f 1709/5793/1708 129/52/129 1710/54/1709
f 5885/5789/5882 5887/5794/5884 588/5783/588
f 5885/5789/5882 5886/5791/5883 5887/5794/5884
f 5886/5791/5883 587/5792/587 5887/5794/5884
f 1654/5790/1653 2832/5785/2830 128/48/128
f 1654/5790/1653 5885/5789/5882 2832/5785/2830
f 5885/5789/5882 588/5783/588 2832/5785/2830
f 5884/5787/5881 1711/5781/1710 589/5780/589
f 5884/5787/5881 1657/5754/1656 1711/5781/1710
f 1657/5754/1656 130/56/130 1711/5781/1710
f 5882/5784/5879 5884/5787/5881 589/5780/589
f 5882/5784/5879 5883/5786/5880 5884/5787/5881
f 5883/5786/5880 535/5752/535 5884/5787/5881
f 2832/5785/2830 2833/55/2831 128/48/128
f 2832/5785/2830 5882/5784/5879 2833/55/2831
f 5882/5784/5879 589/5780/589 2833/55/2831
f 5881/5782/5878 1712/58/1711 590/5771/590
f 5881/5782/5878 1711/5781/1710 1712/58/1711
f 1711/5781/1710 130/56/130 1712/58/1711
f 5879/5777/5876 5881/5782/5878 590/5771/590
f 5879/5777/5876 5880/5779/5877 5881/5782/5878
f 5880/5779/5877 589/5780/589 5881/5782/5878
f 1653/5778/1652 2834/5773/2832 109/5904/109
f 1653/5778/1652 5879/5777/5876 2834/5773/2832
f 5879/5777/5876 590/5771/590 2834/5773/2832
f 5878/5775/5875 1634/5906/1633 512/5907/512
f 5878/5775/5875 1655/5742/1654 1634/5906/1633
f 1655/5742/1654 110/5908/110 1634/5906/1633
f 5876/5772/5873 5878/5775/5875 512/5907/512
f 5876/5772/5873 5877/5774/5874 5878/5775/5875
f 5877/5774/5874 533/5740/533 5878/5775/5875
f 2834/5773/2832 2756/5909/2754 109/5904/109
f 2834/5773/2832 5876/5772/5873 2756/5909/2754
f 5876/5772/5873 512/5907/512 2756/5909/2754
f 5875/5770/5872 1714/62/1713 592/5759/592
f 5875/5770/5872 1713/5769/1712 1714/62/1713
f 1713/5769/1712 131/60/131 1714/62/1713
f 5873/5765/5870 5875/5770/5872 592/5759/592
f 5873/5765/5870 5874/5767/5871 5875/5770/5872
f 5874/5767/5871 591/5768/591 5875/5770/5872
f 1656/5766/1655 2836/5761/2834 129/52/129
f 1656/5766/1655 5873/5765/5870 2836/5761/2834
f 5873/5765/5870 592/5759/592 2836/5761/2834
f 5872/5763/5869 1715/5757/1714 593/5756/593
f 5872/5763/5869 1660/5718/1659 1715/5757/1714
f 1660/5718/1659 132/64/132 1715/5757/1714
f 5870/5760/5867 5872/5763/5869 593/5756/593
f 5870/5760/5867 5871/5762/5868 5872/5763/5869
f 5871/5762/5868 538/5716/538 5872/5763/5869
f 2836/5761/2834 2837/63/2835 129/52/129
f 2836/5761/2834 5870/5760/5867 2837/63/2835
f 5870/5760/5867 593/5756/593 2837/63/2835
f 5869/5758/5866 1716/66/1715 594/5747/594
f 5869/5758/5866 1715/5757/1714 1716/66/1715
f 1715/5757/1714 132/64/132 1716/66/1715
f 5867/5753/5864 5869/5758/5866 594/5747/594
f 5867/5753/5864 5868/5755/5865 5869/5758/5866
f 5868/5755/5865 593/5756/593 5869/5758/5866
f 1657/5754/1656 2838/5749/2836 130/56/130
f 1657/5754/1656 5867/5753/5864 2838/5749/2836
f 5867/5753/5864 594/5747/594 2838/5749/2836
f 5866/5751/5863 1717/5745/1716 595/5744/595
f 5866/5751/5863 1661/5706/1660 1717/5745/1716
f 1661/5706/1660 133/68/133 1717/5745/1716
f 5864/5748/5861 5866/5751/5863 595/5744/595
f 5864/5748/5861 5865/5750/5862 5866/5751/5863
f 5865/5750/5862 539/5704/539 5866/5751/5863
f 2838/5749/2836 2839/67/2837 130/56/130
f 2838/5749/2836 5864/5748/5861 2839/67/2837
f 5864/5748/5861 595/5744/595 2839/67/2837
f 5863/5746/5860 1718/70/1717 596/5735/596
f 5863/5746/5860 1717/5745/1716 1718/70/1717
f 1717/5745/1716 133/68/133 1718/70/1717
f 5861/5741/5858 5863/5746/5860 596/5735/596
f 5861/5741/5858 5862/5743/5859 5863/5746/5860
f 5862/5743/5859 595/5744/595 5863/5746/5860
f 1655/5742/1654 2840/5737/2838 110/5908/110
f 1655/5742/1654 5861/5741/5858 2840/5737/2838
f 5861/5741/5858 596/5735/596 2840/5737/2838
f 5860/5739/5857 1635/5910/1634 513/5911/513
f 5860/5739/5857 1658/5694/1657 1635/5910/1634
f 1658/5694/1657 111/5912/111 1635/5910/1634
f 5858/5736/5855 5860/5739/5857 513/5911/513
f 5858/5736/5855 5859/5738/5856 5860/5739/5857
f 5859/5738/5856 536/5692/536 5860/5739/5857
f 2840/5737/2838 2757/5913/2755 110/5908/110
f 2840/5737/2838 5858/5736/5855 2757/5913/2755
f 5858/5736/5855 513/5911/513 2757/5913/2755
f 5857/5734/5854 1720/74/1719 598/5723/598
f 5857/5734/5854 1719/5733/1718 1720/74/1719
f 1719/5733/1718 134/72/134 1720/74/1719
f 5855/5729/5852 5857/5734/5854 598/5723/598
f 5855/5729/5852 5856/5731/5853 5857/5734/5854
f 5856/5731/5853 597/5732/597 5857/5734/5854
f 1659/5730/1658 2842/5725/2840 131/60/131
f 1659/5730/1658 5855/5729/5852 2842/5725/2840
f 5855/5729/5852 598/5723/598 2842/5725/2840
f 5854/5727/5851 1721/5721/1720 599/5720/599
f 5854/5727/5851 1664/5670/1663 1721/5721/1720
f 1664/5670/1663 135/76/135 1721/5721/1720
f 5852/5724/5849 5854/5727/5851 599/5720/599
f 5852/5724/5849 5853/5726/5850 5854/5727/5851
f 5853/5726/5850 542/5668/542 5854/5727/5851
f 2842/5725/2840 2843/75/2841 131/60/131
f 2842/5725/2840 5852/5724/5849 2843/75/2841
f 5852/5724/5849 599/5720/599 2843/75/2841
f 5851/5722/5848 1722/78/1721 600/5711/600
f 5851/5722/5848 1721/5721/1720 1722/78/1721
f 1721/5721/1720 135/76/135 1722/78/1721
f 5849/5717/5846 5851/5722/5848 600/5711/600
f 5849/5717/5846 5850/5719/5847 5851/5722/5848
f 5850/5719/5847 599/5720/599 5851/5722/5848
f 1660/5718/1659 2844/5713/2842 132/64/132
f 1660/5718/1659 5849/5717/5846 2844/5713/2842
f 5849/5717/5846 600/5711/600 2844/5713/2842
f 5848/5715/5845 1723/5709/1722 601/5708/601
f 5848/5715/5845 1665/5658/1664 1723/5709/1722
f 1665/5658/1664 136/80/136 1723/5709/1722
f 5846/5712/5843 5848/5715/5845 601/5708/601
f 5846/5712/5843 5847/5714/5844 5848/5715/5845
f 5847/5714/5844 543/5656/543 5848/5715/5845
f 2844/5713/2842 2845/79/2843 132/64/132
f 2844/5713/2842 5846/5712/5843 2845/79/2843
f 5846/5712/5843 601/5708/601 2845/79/2843
f 5845/5710/5842 1724/82/1723 602/5699/602
f 5845/5710/5842 1723/5709/1722 1724/82/1723
f 1723/5709/1722 136/80/136 1724/82/1723
f 5843/5705/5840 5845/5710/5842 602/5699/602
f 5843/5705/5840 5844/5707/5841 5845/5710/5842
f 5844/5707/5841 601/5708/601 5845/5710/5842
f 1661/5706/1660 2846/5701/2844 133/68/133
f 1661/5706/1660 5843/5705/5840 2846/5701/2844
f 5843/5705/5840 602/5699/602 2846/5701/2844
f 5842/5703/5839 1725/5697/1724 603/5696/603
f 5842/5703/5839 1666/5646/1665 1725/5697/1724
f 1666/5646/1665 137/84/137 1725/5697/1724
f 5840/5700/5837 5842/5703/5839 603/5696/603
f 5840/5700/5837 5841/5702/5838 5842/5703/5839
f 5841/5702/5838 544/5644/544 5842/5703/5839
f 2846/5701/2844 2847/83/2845 133/68/133
f 2846/5701/2844 5840/5700/5837 2847/83/2845
f 5840/5700/5837 603/5696/603 2847/83/2845
f 5839/5698/5836 1726/86/1725 604/5687/604
f 5839/5698/5836 1725/5697/1724 1726/86/1725
f 1725/5697/1724 137/84/137 1726/86/1725
f 5837/5693/5834 5839/5698/5836 604/5687/604
f 5837/5693/5834 5838/5695/5835 5839/5698/5836
f 5838/5695/5835 603/5696/603 5839/5698/5836
f 1658/5694/1657 2848/5689/2846 111/5912/111
f 1658/5694/1657 5837/5693/5834 2848/5689/2846
f 5837/5693/5834 604/5687/604 2848/5689/2846
f 5836/5691/5833 1636/5914/1635 514/5915/514
f 5836/5691/5833 1662/5634/1661 1636/5914/1635
f 1662/5634/1661 112/5916/112 1636/5914/1635
f 5834/5688/5831 5836/5691/5833 514/5915/514
f 5834/5688/5831 5835/5690/5832 5836/5691/5833
f 5835/5690/5832 540/5632/540 5836/5691/5833
f 2848/5689/2846 2758/5917/2756 111/5912/111
f 2848/5689/2846 5834/5688/5831 2758/5917/2756
f 5834/5688/5831 514/5915/514 2758/5917/2756
f 5833/5686/5830 1728/90/1727 606/5675/606
f 5833/5686/5830 1727/5685/1726 1728/90/1727
f 1727/5685/1726 138/88/138 1728/90/1727
f 5831/5681/5828 5833/5686/5830 606/5675/606
f 5831/5681/5828 5832/5683/5829 5833/5686/5830
f 5832/5683/5829 605/5684/605 5833/5686/5830
f 1663/5682/1662 2850/5677/2848 134/72/134
f 1663/5682/1662 5831/5681/5828 2850/5677/2848
f 5831/5681/5828 606/5675/606 2850/5677/2848
f 5830/5679/5827 1729/5673/1728 607/5672/607
f 5830/5679/5827 1669/5610/1668 1729/5673/1728
f 1669/5610/1668 139/92/139 1729/5673/1728
f 5828/5676/5825 5830/5679/5827 607/5672/607
f 5828/5676/5825 5829/5678/5826 5830/5679/5827
f 5829/5678/5826 547/5608/547 5830/5679/5827
f 2850/5677/2848 2851/91/2849 134/72/134
f 2850/5677/2848 5828/5676/5825 2851/91/2849
f 5828/5676/5825 607/5672/607 2851/91/2849
f 5827/5674/5824 1730/94/1729 608/5663/608
f 5827/5674/5824 1729/5673/1728 1730/94/1729
f 1729/5673/1728 139/92/139 1730/94/1729
f 5825/5669/5822 5827/5674/5824 608/5663/608
f 5825/5669/5822 5826/5671/5823 5827/5674/5824
f 5826/5671/5823 607/5672/607 5827/5674/5824
f 1664/5670/1663 2852/5665/2850 135/76/135
f 1664/5670/1663 5825/5669/5822 2852/5665/2850
f 5825/5669/5822 608/5663/608 2852/5665/2850
f 5824/5667/5821 1731/5661/1730 609/5660/609
f 5824/5667/5821 1670/5598/1669 1731/5661/1730
f 1670/5598/1669 140/96/140 1731/5661/1730
f 5822/5664/5819 5824/5667/5821 609/5660/609
f 5822/5664/5819 5823/5666/5820 5824/5667/5821
f 5823/5666/5820 548/5596/548 5824/5667/5821
f 2852/5665/2850 2853/95/2851 135/76/135
f 2852/5665/2850 5822/5664/5819 2853/95/2851
f 5822/5664/5819 609/5660/609 2853/95/2851
f 5821/5662/5818 1732/98/1731 610/5651/610
f 5821/5662/5818 1731/5661/1730 1732/98/1731
f 1731/5661/1730 140/96/140 1732/98/1731
f 5819/5657/5816 5821/5662/5818 610/5651/610
f 5819/5657/5816 5820/5659/5817 5821/5662/5818
f 5820/5659/5817 609/5660/609 5821/5662/5818
f 1665/5658/1664 2854/5653/2852 136/80/136
f 1665/5658/1664 5819/5657/5816 2854/5653/2852
f 5819/5657/5816 610/5651/610 2854/5653/2852
f 5818/5655/5815 1733/5649/1732 611/5648/611
f 5818/5655/5815 1671/5586/1670 1733/5649/1732
f 1671/5586/1670 141/100/141 1733/5649/1732
f 5816/5652/5813 5818/5655/5815 611/5648/611
f 5816/5652/5813 5817/5654/5814 5818/5655/5815
f 5817/5654/5814 549/5584/549 5818/5655/5815
f 2854/5653/2852 2855/99/2853 136/80/136
f 2854/5653/2852 5816/5652/5813 2855/99/2853
f 5816/5652/5813 611/5648/611 2855/99/2853
f 5815/5650/5812 1734/102/1733 612/5639/612
f 5815/5650/5812 1733/5649/1732 1734/102/1733
f 1733/5649/1732 141/100/141 1734/102/1733
f 5813/5645/5810 5815/5650/5812 612/5639/612
f 5813/5645/5810 5814/5647/5811 5815/5650/5812
f 5814/5647/5811 611/5648/611 5815/5650/5812
f 1666/5646/1665 2856/5641/2854 137/84/137
f 1666/5646/1665 5813/5645/5810 2856/5641/2854
f 5813/5645/5810 612/5639/612 2856/5641/2854
f 5812/5643/5809 1735/5637/1734 613/5636/613
f 5812/5643/5809 1672/5574/1671 1735/5637/1734
f 1672/5574/1671 142/104/142 1735/5637/1734
f 5810/5640/5807 5812/5643/5809 613/5636/613
f 5810/5640/5807 5811/5642/5808 5812/5643/5809
f 5811/5642/5808 550/5572/550 5812/5643/5809
f 2856/5641/2854 2857/103/2855 137/84/137
f 2856/5641/2854 5810/5640/5807 2857/103/2855
f 5810/5640/5807 613/5636/613 2857/103/2855
f 5809/5638/5806 1736/106/1735 614/5627/614
f 5809/5638/5806 1735/5637/1734 1736/106/1735
f 1735/5637/1734 142/104/142 1736/106/1735
f 5807/5633/5804 5809/5638/5806 614/5627/614
f 5807/5633/5804 5808/5635/5805 5809/5638/5806
f 5808/5635/5805 613/5636/613 5809/5638/5806
f 1662/5634/1661 2858/5629/2856 112/5916/112
f 1662/5634/1661 5807/5633/5804 2858/5629/2856
f 5807/5633/5804 614/5627/614 2858/5629/2856
f 5806/5631/5803 1637/5918/1636 515/5919/515
f 5806/5631/5803 1667/5562/1666 1637/5918/1636
f 1667/5562/1666 113/5920/113 1637/5918/1636
f 5804/5628/5801 5806/5631/5803 515/5919/515
f 5804/5628/5801 5805/5630/5802 5806/5631/5803
f 5805/5630/5802 545/5560/545 5806/5631/5803
f 2858/5629/2856 2759/5921/2757 112/5916/112
f 2858/5629/2856 5804/5628/5801 2759/5921/2757
f 5804/5628/5801 515/5919/515 2759/5921/2757
f 5803/5626/5800 1738/110/1737 616/5615/616
f 5803/5626/5800 1737/5625/1736 1738/110/1737
f 1737/5625/1736 143/108/143 1738/110/1737
f 5801/5621/5798 5803/5626/5800 616/5615/616
f 5801/5621/5798 5802/5623/5799 5803/5626/5800
f 5802/5623/5799 615/5624/615 5803/5626/5800
f 1668/5622/1667 2860/5617/2858 138/88/138
f 1668/5622/1667 5801/5621/5798 2860/5617/2858
f 5801/5621/5798 616/5615/616 2860/5617/2858
f 5800/5619/5797 1739/5613/1738 617/5612/617
f 5800/5619/5797 1675/5538/1674 1739/5613/1738
f 1675/5538/1674 144/112/144 1739/5613/1738
f 5798/5616/5795 5800/5619/5797 617/5612/617
f 5798/5616/5795 5799/5618/5796 5800/5619/5797
f 5799/5618/5796 553/5536/553 5800/5619/5797
f 2860/5617/2858 2861/111/2859 138/88/138
f 2860/5617/2858 5798/5616/5795 2861/111/2859
f 5798/5616/5795 617/5612/617 2861/111/2859
f 5797/5614/5794 1740/114/1739 618/5603/618
f 5797/5614/5794 1739/5613/1738 1740/114/1739
f 1739/5613/1738 144/112/144 1740/114/1739
f 5795/5609/5792 5797/5614/5794 618/5603/618
f 5795/5609/5792 5796/5611/5793 5797/5614/5794
f 5796/5611/5793 617/5612/617 5797/5614/5794
f 1669/5610/1668 2862/5605/2860 139/92/139
f 1669/5610/1668 5795/5609/5792 2862/5605/2860
f 5795/5609/5792 618/5603/618 2862/5605/2860
f 5794/5607/5791 1741/5601/1740 619/5600/619
f 5794/5607/5791 1676/5526/1675 1741/5601/1740
f 1676/5526/1675 145/116/145 1741/5601/1740
f 5792/5604/5789 5794/5607/5791 619/5600/619
f 5792/5604/5789 5793/5606/5790 5794/5607/5791
f 5793/5606/5790 554/5524/554 5794/5607/5791
f 2862/5605/2860 2863/115/2861 139/92/139
f 2862/5605/2860 5792/5604/5789 2863/115/2861
f 5792/5604/5789 619/5600/619 2863/115/2861
f 5791/5602/5788 1742/118/1741 620/5591/620
f 5791/5602/5788 1741/5601/1740 1742/118/1741
f 1741/5601/1740 145/116/145 1742/118/1741
f 5789/5597/5786 5791/5602/5788 620/5591/620
f 5789/5597/5786 5790/5599/5787 5791/5602/5788
f 5790/5599/5787 619/5600/619 5791/5602/5788
f 1670/5598/1669 2864/5593/2862 140/96/140
f 1670/5598/1669 5789/5597/5786 2864/5593/2862
f 5789/5597/5786 620/5591/620 2864/5593/2862
f 5788/5595/5785 1743/5589/1742 621/5588/621
f 5788/5595/5785 1677/5514/1676 1743/5589/1742
f 1677/5514/1676 146/120/146 1743/5589/1742
f 5786/5592/5783 5788/5595/5785 621/5588/621
f 5786/5592/5783 5787/5594/5784 5788/5595/5785
f 5787/5594/5784 555/5512/555 5788/5595/5785
f 2864/5593/2862 2865/119/2863 140/96/140
f 2864/5593/2862 5786/5592/5783 2865/119/2863
f 5786/5592/5783 621/5588/621 2865/119/2863
f 5785/5590/5782 1744/122/1743 622/5579/622
f 5785/5590/5782 1743/5589/1742 1744/122/1743
f 1743/5589/1742 146/120/146 1744/122/1743
f 5783/5585/5780 5785/5590/5782 622/5579/622
f 5783/5585/5780 5784/5587/5781 5785/5590/5782
f 5784/5587/5781 621/5588/621 5785/5590/5782
f 1671/5586/1670 2866/5581/2864 141/100/141
f 1671/5586/1670 5783/5585/5780 2866/5581/2864
f 5783/5585/5780 622/5579/622 2866/5581/2864
f 5782/5583/5779 1745/5577/1744 623/5576/623
f 5782/5583/5779 1678/5502/1677 1745/5577/1744
f 1678/5502/1677 147/124/147 1745/5577/1744
f 5780/5580/5777 5782/5583/5779 623/5576/623
f 5780/5580/5777 5781/5582/5778 5782/5583/5779
f 5781/5582/5778 556/5500/556 5782/5583/5779
f 2866/5581/2864 2867/123/2865 141/100/141
f 2866/5581/2864 5780/5580/5777 2867/123/2865
f 5780/5580/5777 623/5576/623 2867/123/2865
f 5779/5578/5776 1746/126/1745 624/5567/624
f 5779/5578/5776 1745/5577/1744 1746/126/1745
f 1745/5577/1744 147/124/147 1746/126/1745
f 5777/5573/5774 5779/5578/5776 624/5567/624
f 5777/5573/5774 5778/5575/5775 5779/5578/5776
f 5778/5575/5775 623/5576/623 5779/5578/5776
f 1672/5574/1671 2868/5569/2866 142/104/142
f 1672/5574/1671 5777/5573/5774 2868/5569/2866
f 5777/5573/5774 624/5567/624 2868/5569/2866
f 5776/5571/5773 1747/5565/1746 625/5564/625
f 5776/5571/5773 1679/5490/1678 1747/5565/1746
f 1679/5490/1678 148/128/148 1747/5565/1746
f 5774/5568/5771 5776/5571/5773 625/5564/625
f 5774/5568/5771 5775/5570/5772 5776/5571/5773
f 5775/5570/5772 557/5488/557 5776/5571/5773
f 2868/5569/2866 2869/127/2867 142/104/142
f 2868/5569/2866 5774/5568/5771 2869/127/2867
f 5774/5568/5771 625/5564/625 2869/127/2867
f 5773/5566/5770 1748/130/1747 626/5555/626
f 5773/5566/5770 1747/5565/1746 1748/130/1747
f 1747/5565/1746 148/128/148 1748/130/1747
f 5771/5561/5768 5773/5566/5770 626/5555/626
f 5771/5561/5768 5772/5563/5769 5773/5566/5770
f 5772/5563/5769 625/5564/625 5773/5566/5770
f 1667/5562/1666 2870/5557/2868 113/5920/113
f 1667/5562/1666 5771/5561/5768 2870/5557/2868
f 5771/5561/5768 626/5555/626 2870/5557/2868
f 5770/5559/5767 1638/5922/1637 516/5923/516
f 5770/5559/5767 1673/5478/1672 1638/5922/1637
f 1673/5478/1672 114/5924/114 1638/5922/1637
f 5768/5556/5765 5770/5559/5767 516/5923/516
f 5768/5556/5765 5769/5558/5766 5770/5559/5767
f 5769/5558/5766 551/5476/551 5770/5559/5767
f 2870/5557/2868 2760/5925/2758 113/5920/113
f 2870/5557/2868 5768/5556/5765 2760/5925/2758
f 5768/5556/5765 516/5923/516 2760/5925/2758
f 5767/5554/5764 1750/134/1749 628/5543/628
f 5767/5554/5764 1749/5553/1748 1750/134/1749
f 1749/5553/1748 149/132/149 1750/134/1749
f 5765/5549/5762 5767/5554/5764 628/5543/628
f 5765/5549/5762 5766/5551/5763 5767/5554/5764
f 5766/5551/5763 627/5552/627 5767/5554/5764
f 1674/5550/1673 2872/5545/2870 143/108/143
f 1674/5550/1673 5765/5549/5762 2872/5545/2870
f 5765/5549/5762 628/5543/628 2872/5545/2870
f 5764/5547/5761 1751/5541/1750 629/5540/629
f 5764/5547/5761 1682/5454/1681 1751/5541/1750
f 1682/5454/1681 150/136/150 1751/5541/1750
f 5762/5544/5759 5764/5547/5761 629/5540/629
f 5762/5544/5759 5763/5546/5760 5764/5547/5761
f 5763/5546/5760 560/5452/560 5764/5547/5761
f 2872/5545/2870 2873/135/2871 143/108/143
f 2872/5545/2870 5762/5544/5759 2873/135/2871
f 5762/5544/5759 629/5540/629 2873/135/2871
f 5761/5542/5758 1752/138/1751 630/5531/630
f 5761/5542/5758 1751/5541/1750 1752/138/1751
f 1751/5541/1750 150/136/150 1752/138/1751
f 5759/5537/5756 5761/5542/5758 630/5531/630
f 5759/5537/5756 5760/5539/5757 5761/5542/5758
f 5760/5539/5757 629/5540/629 5761/5542/5758
f 1675/5538/1674 2874/5533/2872 144/112/144
f 1675/5538/1674 5759/5537/5756 2874/5533/2872
f 5759/5537/5756 630/5531/630 2874/5533/2872
f 5758/5535/5755 1753/5529/1752 631/5528/631
f 5758/5535/5755 1683/5442/1682 1753/5529/1752
f 1683/5442/1682 151/140/151 1753/5529/1752
f 5756/5532/5753 5758/5535/5755 631/5528/631
f 5756/5532/5753 5757/5534/5754 5758/5535/5755
f 5757/5534/5754 561/5440/561 5758/5535/5755
f 2874/5533/2872 2875/139/2873 144/112/144
f 2874/5533/2872 5756/5532/5753 2875/139/2873
f 5756/5532/5753 631/5528/631 2875/139/2873
f 5755/5530/5752 1754/142/1753 632/5519/632
f 5755/5530/5752 1753/5529/1752 1754/142/1753
f 1753/5529/1752 151/140/151 1754/142/1753
f 5753/5525/5750 5755/5530/5752 632/5519/632
f 5753/5525/5750 5754/5527/5751 5755/5530/5752
f 5754/5527/5751 631/5528/631 5755/5530/5752
f 1676/5526/1675 2876/5521/2874 145/116/145
f 1676/5526/1675 5753/5525/5750 2876/5521/2874
f 5753/5525/5750 632/5519/632 2876/5521/2874
f 5752/5523/5749 1755/5517/1754 633/5516/633
f 5752/5523/5749 1684/5430/1683 1755/5517/1754
f 1684/5430/1683 152/144/152 1755/5517/1754
f 5750/5520/5747 5752/5523/5749 633/5516/633
f 5750/5520/5747 5751/5522/5748 5752/5523/5749
f 5751/5522/5748 562/5428/562 5752/5523/5749
f 2876/5521/2874 2877/143/2875 145/116/145
f 2876/5521/2874 5750/5520/5747 2877/143/2875
f 5750/5520/5747 633/5516/633 2877/143/2875
f 5749/5518/5746 1756/146/1755 634/5507/634
f 5749/5518/5746 1755/5517/1754 1756/146/1755
f 1755/5517/1754 152/144/152 1756/146/1755
f 5747/5513/5744 5749/5518/5746 634/5507/634
f 5747/5513/5744 5748/5515/5745 5749/5518/5746
f 5748/5515/5745 633/5516/633 5749/5518/5746
f 1677/5514/1676 2878/5509/2876 146/120/146
f 1677/5514/1676 5747/5513/5744 2878/5509/2876
f 5747/5513/5744 634/5507/634 2878/5509/2876
f 5746/5511/5743 1757/5505/1756 635/5504/635
f 5746/5511/5743 1685/5418/1684 1757/5505/1756
f 1685/5418/1684 153/148/153 1757/5505/1756
f 5744/5508/5741 5746/5511/5743 635/5504/635
f 5744/5508/5741 5745/5510/5742 5746/5511/5743
f 5745/5510/5742 563/5416/563 5746/5511/5743
f 2878/5509/2876 2879/147/2877 146/120/146
f 2878/5509/2876 5744/5508/5741 2879/147/2877
f 5744/5508/5741 635/5504/635 2879/147/2877
f 5743/5506/5740 1758/150/1757 636/5495/636
f 5743/5506/5740 1757/5505/1756 1758/150/1757
f 1757/5505/1756 153/148/153 1758/150/1757
f 5741/5501/5738 5743/5506/5740 636/5495/636
f 5741/5501/5738 5742/5503/5739 5743/5506/5740
f 5742/5503/5739 635/5504/635 5743/5506/5740
f 1678/5502/1677 2880/5497/2878 147/124/147
f 1678/5502/1677 5741/5501/5738 2880/5497/2878
f 5741/5501/5738 636/5495/636 2880/5497/2878
f 5740/5499/5737 1759/5493/1758 637/5492/637
f 5740/5499/5737 1686/5406/1685 1759/5493/1758
f 1686/5406/1685 154/152/154 1759/5493/1758
f 5738/5496/5735 5740/5499/5737 637/5492/637
f 5738/5496/5735 5739/5498/5736 5740/5499/5737
f 5739/5498/5736 564/5404/564 5740/5499/5737
f 2880/5497/2878 2881/151/2879 147/124/147
f 2880/5497/2878 5738/5496/5735 2881/151/2879
f 5738/5496/5735 637/5492/637 2881/151/2879
f 5737/5494/5734 1760/154/1759 638/5483/638
f 5737/5494/5734 1759/5493/1758 1760/154/1759
f 1759/5493/1758 154/152/154 1760/154/1759
f 5735/5489/5732 5737/5494/5734 638/5483/638
f 5735/5489/5732 5736/5491/5733 5737/5494/5734
f 5736/5491/5733 637/5492/637 5737/5494/5734
f 1679/5490/1678 2882/5485/2880 148/128/148
f 1679/5490/1678 5735/5489/5732 2882/5485/2880
f 5735/5489/5732 638/5483/638 2882/5485/2880
f 5734/5487/5731 1761/5481/1760 639/5480/639
f 5734/5487/5731 1687/5394/1686 1761/5481/1760
f 1687/5394/1686 155/156/155 1761/5481/1760
f 5732/5484/5729 5734/5487/5731 639/5480/639
f 5732/5484/5729 5733/5486/5730 5734/5487/5731
f 5733/5486/5730 565/5392/565 5734/5487/5731
f 2882/5485/2880 2883/155/2881 148/128/148
f 2882/5485/2880 5732/5484/5729 2883/155/2881
f 5732/5484/5729 639/5480/639 2883/155/2881
f 5731/5482/5728 1762/158/1761 640/5471/640
f 5731/5482/5728 1761/5481/1760 1762/158/1761
f 1761/5481/1760 155/156/155 1762/158/1761
f 5729/5477/5726 5731/5482/5728 640/5471/640
f 5729/5477/5726 5730/5479/5727 5731/5482/5728
f 5730/5479/5727 639/5480/639 5731/5482/5728
f 1673/5478/1672 2884/5473/2882 114/5924/114
f 1673/5478/1672 5729/5477/5726 2884/5473/2882
f 5729/5477/5726 640/5471/640 2884/5473/2882
f 5728/5475/5725 1639/5926/1638 517/5927/517
f 5728/5475/5725 1680/5382/1679 1639/5926/1638
f 1680/5382/1679 115/5928/115 1639/5926/1638
f 5726/5472/5723 5728/5475/5725 517/5927/517
f 5726/5472/5723 5727/5474/5724 5728/5475/5725
f 5727/5474/5724 558/5380/558 5728/5475/5725
f 2884/5473/2882 2761/5929/2759 114/5924/114
f 2884/5473/2882 5726/5472/5723 2761/5929/2759
f 5726/5472/5723 517/5927/517 2761/5929/2759
f 5725/5470/5722 1764/162/1763 642/5459/642
f 5725/5470/5722 1763/5469/1762 1764/162/1763
f 1763/5469/1762 156/160/156 1764/162/1763
f 5723/5465/5720 5725/5470/5722 642/5459/642
f 5723/5465/5720 5724/5467/5721 5725/5470/5722
f 5724/5467/5721 641/5468/641 5725/5470/5722
f 1681/5466/1680 2886/5461/2884 149/132/149
f 1681/5466/1680 5723/5465/5720 2886/5461/2884
f 5723/5465/5720 642/5459/642 2886/5461/2884
f 5722/5463/5719 1765/5457/1764 643/5456/643
f 5722/5463/5719 1690/5358/1689 1765/5457/1764
f 1690/5358/1689 157/164/157 1765/5457/1764
f 5720/5460/5717 5722/5463/5719 643/5456/643
f 5720/5460/5717 5721/5462/5718 5722/5463/5719
f 5721/5462/5718 568/5356/568 5722/5463/5719
f 2886/5461/2884 2887/163/2885 149/132/149
f 2886/5461/2884 5720/5460/5717 2887/163/2885
f 5720/5460/5717 643/5456/643 2887/163/2885
f 5719/5458/5716 1766/166/1765 644/5447/644
f 5719/5458/5716 1765/5457/1764 1766/166/1765
f 1765/5457/1764 157/164/157 1766/166/1765
f 5717/5453/5714 5719/5458/5716 644/5447/644
f 5717/5453/5714 5718/5455/5715 5719/5458/5716
f 5718/5455/5715 643/5456/643 5719/5458/5716
f 1682/5454/1681 2888/5449/2886 150/136/150
f 1682/5454/1681 5717/5453/5714 2888/5449/2886
f 5717/5453/5714 644/5447/644 2888/5449/2886
f 5716/5451/5713 1767/5445/1766 645/5444/645
f 5716/5451/5713 1691/5346/1690 1767/5445/1766
f 1691/5346/1690 158/168/158 1767/5445/1766
f 5714/5448/5711 5716/5451/5713 645/5444/645
f 5714/5448/5711 5715/5450/5712 5716/5451/5713
f 5715/5450/5712 569/5344/569 5716/5451/5713
f 2888/5449/2886 2889/167/2887 150/136/150
f 2888/5449/2886 5714/5448/5711 2889/167/2887
f 5714/5448/5711 645/5444/645 2889/167/2887
f 5713/5446/5710 1768/170/1767 646/5435/646
f 5713/5446/5710 1767/5445/1766 1768/170/1767
f 1767/5445/1766 158/168/158 1768/170/1767
f 5711/5441/5708 5713/5446/5710 646/5435/646
f 5711/5441/5708 5712/5443/5709 5713/5446/5710
f 5712/5443/5709 645/5444/645 5713/5446/5710
f 1683/5442/1682 2890/5437/2888 151/140/151
f 1683/5442/1682 5711/5441/5708 2890/5437/2888
f 5711/5441/5708 646/5435/646 2890/5437/2888
f 5710/5439/5707 1769/5433/1768 647/5432/647
f 5710/5439/5707 1692/5334/1691 1769/5433/1768
f 1692/5334/1691 159/172/159 1769/5433/1768
f 5708/5436/5705 5710/5439/5707 647/5432/647
f 5708/5436/5705 5709/5438/5706 5710/5439/5707
f 5709/5438/5706 570/5332/570 5710/5439/5707
f 2890/5437/2888 2891/171/2889 151/140/151
f 2890/5437/2888 5708/5436/5705 2891/171/2889
f 5708/5436/5705 647/5432/647 2891/171/2889
f 5707/5434/5704 1770/174/1769 648/5423/648
f 5707/5434/5704 1769/5433/1768 1770/174/1769
f 1769/5433/1768 159/172/159 1770/174/1769
f 5705/5429/5702 5707/5434/5704 648/5423/648
f 5705/5429/5702 5706/5431/5703 5707/5434/5704
f 5706/5431/5703 647/5432/647 5707/5434/5704
f 1684/5430/1683 2892/5425/2890 152/144/152
f 1684/5430/1683 5705/5429/5702 2892/5425/2890
f 5705/5429/5702 648/5423/648 2892/5425/2890
f 5704/5427/5701 1771/5421/1770 649/5420/649
f 5704/5427/5701 1693/5322/1692 1771/5421/1770
f 1693/5322/1692 160/176/160 1771/5421/1770
f 5702/5424/5699 5704/5427/5701 649/5420/649
f 5702/5424/5699 5703/5426/5700 5704/5427/5701
f 5703/5426/5700 571/5320/571 5704/5427/5701
f 2892/5425/2890 2893/175/2891 152/144/152
f 2892/5425/2890 5702/5424/5699 2893/175/2891
f 5702/5424/5699 649/5420/649 2893/175/2891
f 5701/5422/5698 1772/178/1771 650/5411/650
f 5701/5422/5698 1771/5421/1770 1772/178/1771
f 1771/5421/1770 160/176/160 1772/178/1771
f 5699/5417/5696 5701/5422/5698 650/5411/650
f 5699/5417/5696 5700/5419/5697 5701/5422/5698
f 5700/5419/5697 649/5420/649 5701/5422/5698
f 1685/5418/1684 2894/5413/2892 153/148/153
f 1685/5418/1684 5699/5417/5696 2894/5413/2892
f 5699/5417/5696 650/5411/650 2894/5413/2892
f 5698/5415/5695 1773/5409/1772 651/5408/651
f 5698/5415/5695 1694/5310/1693 1773/5409/1772
f 1694/5310/1693 161/180/161 1773/5409/1772
f 5696/5412/5693 5698/5415/5695 651/5408/651
f 5696/5412/5693 5697/5414/5694 5698/5415/5695
f 5697/5414/5694 572/5308/572 5698/5415/5695
f 2894/5413/2892 2895/179/2893 153/148/153
f 2894/5413/2892 5696/5412/5693 2895/179/2893
f 5696/5412/5693 651/5408/651 2895/179/2893
f 5695/5410/5692 1774/182/1773 652/5399/652
f 5695/5410/5692 1773/5409/1772 1774/182/1773
f 1773/5409/1772 161/180/161 1774/182/1773
f 5693/5405/5690 5695/5410/5692 652/5399/652
f 5693/5405/5690 5694/5407/5691 5695/5410/5692
f 5694/5407/5691 651/5408/651 5695/5410/5692
f 1686/5406/1685 2896/5401/2894 154/152/154
f 1686/5406/1685 5693/5405/5690 2896/5401/2894
f 5693/5405/5690 652/5399/652 2896/5401/2894
f 5692/5403/5689 1775/5397/1774 653/5396/653
f 5692/5403/5689 1695/5298/1694 1775/5397/1774
f 1695/5298/1694 162/184/162 1775/5397/1774
f 5690/5400/5687 5692/5403/5689 653/5396/653
f 5690/5400/5687 5691/5402/5688 5692/5403/5689
f 5691/5402/5688 573/5296/573 5692/5403/5689
f 2896/5401/2894 2897/183/2895 154/152/154
f 2896/5401/2894 5690/5400/5687 2897/183/2895
f 5690/5400/5687 653/5396/653 2897/183/2895
f 5689/5398/5686 1776/186/1775 654/5387/654
f 5689/5398/5686 1775/5397/1774 1776/186/1775
f 1775/5397/1774 162/184/162 1776/186/1775
f 5687/5393/5684 5689/5398/5686 654/5387/654
f 5687/5393/5684 5688/5395/5685 5689/5398/5686
f 5688/5395/5685 653/5396/653 5689/5398/5686
f 1687/5394/1686 2898/5389/2896 155/156/155
f 1687/5394/1686 5687/5393/5684 2898/5389/2896
f 5687/5393/5684 654/5387/654 2898/5389/2896
f 5686/5391/5683 1777/5385/1776 655/5384/655
f 5686/5391/5683 1696/5286/1695 1777/5385/1776
f 1696/5286/1695 163/188/163 1777/5385/1776
f 5684/5388/5681 5686/5391/5683 655/5384/655
f 5684/5388/5681 5685/5390/5682 5686/5391/5683
f 5685/5390/5682 574/5284/574 5686/5391/5683
f 2898/5389/2896 2899/187/2897 155/156/155
f 2898/5389/2896 5684/5388/5681 2899/187/2897
f 5684/5388/5681 655/5384/655 2899/187/2897
f 5683/5386/5680 1778/190/1777 656/5375/656
f 5683/5386/5680 1777/5385/1776 1778/190/1777
f 1777/5385/1776 163/188/163 1778/190/1777
f 5681/5381/5678 5683/5386/5680 656/5375/656
f 5681/5381/5678 5682/5383/5679 5683/5386/5680
f 5682/5383/5679 655/5384/655 5683/5386/5680
f 1680/5382/1679 2900/5377/2898 115/5928/115
f 1680/5382/1679 5681/5381/5678 2900/5377/2898
f 5681/5381/5678 656/5375/656 2900/5377/2898
f 5680/5379/5677 1640/5930/1639 518/5931/518
f 5680/5379/5677 1688/5274/1687 1640/5930/1639
f 1688/5274/1687 116/5932/116 1640/5930/1639
f 5678/5376/5675 5680/5379/5677 518/5931/518
f 5678/5376/5675 5679/5378/5676 5680/5379/5677
f 5679/5378/5676 566/5272/566 5680/5379/5677
f 2900/5377/2898 2762/5933/2760 115/5928/115
f 2900/5377/2898 5678/5376/5675 2762/5933/2760
f 5678/5376/5675 518/5931/518 2762/5933/2760
f 5677/5374/5674 1780/194/1779 658/5363/658
f 5677/5374/5674 1779/5373/1778 1780/194/1779
f 1779/5373/1778 164/192/164 1780/194/1779
f 5675/5369/5672 5677/5374/5674 658/5363/658
f 5675/5369/5672 5676/5371/5673 5677/5374/5674
f 5676/5371/5673 657/5372/657 5677/5374/5674
f 1689/5370/1688 2902/5365/2900 156/160/156
f 1689/5370/1688 5675/5369/5672 2902/5365/2900
f 5675/5369/5672 658/5363/658 2902/5365/2900
f 5674/5367/5671 1781/5361/1780 659/5360/659
f 5674/5367/5671 1699/5250/1698 1781/5361/1780
f 1699/5250/1698 165/196/165 1781/5361/1780
f 5672/5364/5669 5674/5367/5671 659/5360/659
f 5672/5364/5669 5673/5366/5670 5674/5367/5671
f 5673/5366/5670 577/5248/577 5674/5367/5671
f 2902/5365/2900 2903/195/2901 156/160/156
f 2902/5365/2900 5672/5364/5669 2903/195/2901
f 5672/5364/5669 659/5360/659 2903/195/2901
f 5671/5362/5668 1782/198/1781 660/5351/660
f 5671/5362/5668 1781/5361/1780 1782/198/1781
f 1781/5361/1780 165/196/165 1782/198/1781
f 5669/5357/5666 5671/5362/5668 660/5351/660
f 5669/5357/5666 5670/5359/5667 5671/5362/5668
f 5670/5359/5667 659/5360/659 5671/5362/5668
f 1690/5358/1689 2904/5353/2902 157/164/157
f 1690/5358/1689 5669/5357/5666 2904/5353/2902
f 5669/5357/5666 660/5351/660 2904/5353/2902
f 5668/5355/5665 1783/5349/1782 661/5348/661
f 5668/5355/5665 1700/5238/1699 1783/5349/1782
f 1700/5238/1699 166/200/166 1783/5349/1782
f 5666/5352/5663 5668/5355/5665 661/5348/661
f 5666/5352/5663 5667/5354/5664 5668/5355/5665
f 5667/5354/5664 578/5236/578 5668/5355/5665
f 2904/5353/2902 2905/199/2903 157/164/157
f 2904/5353/2902 5666/5352/5663 2905/199/2903
f 5666/5352/5663 661/5348/661 2905/199/2903
f 5665/5350/5662 1784/202/1783 662/5339/662
f 5665/5350/5662 1783/5349/1782 1784/202/1783
f 1783/5349/1782 166/200/166 1784/202/1783
f 5663/5345/5660 5665/5350/5662 662/5339/662
f 5663/5345/5660 5664/5347/5661 5665/5350/5662
f 5664/5347/5661 661/5348/661 5665/5350/5662
f 1691/5346/1690 2906/5341/2904 158/168/158
f 1691/5346/1690 5663/5345/5660 2906/5341/2904
f 5663/5345/5660 662/5339/662 2906/5341/2904
f 5662/5343/5659 1785/5337/1784 663/5336/663
f 5662/5343/5659 1701/5226/1700 1785/5337/1784
f 1701/5226/1700 167/204/167 1785/5337/1784
f 5660/5340/5657 5662/5343/5659 663/5336/663
f 5660/5340/5657 5661/5342/5658 5662/5343/5659
f 5661/5342/5658 579/5224/579 5662/5343/5659
f 2906/5341/2904 2907/203/2905 158/168/158
f 2906/5341/2904 5660/5340/5657 2907/203/2905
f 5660/5340/5657 663/5336/663 2907/203/2905
f 5659/5338/5656 1786/206/1785 664/5327/664
f 5659/5338/5656 1785/5337/1784 1786/206/1785
f 1785/5337/1784 167/204/167 1786/206/1785
f 5657/5333/5654 5659/5338/5656 664/5327/664
f 5657/5333/5654 5658/5335/5655 5659/5338/5656
f 5658/5335/5655 663/5336/663 5659/5338/5656
f 1692/5334/1691 2908/5329/2906 159/172/159
f 1692/5334/1691 5657/5333/5654 2908/5329/2906
f 5657/5333/5654 664/5327/664 2908/5329/2906
f 5656/5331/5653 1787/5325/1786 665/5324/665
f 5656/5331/5653 1702/5214/1701 1787/5325/1786
f 1702/5214/1701 168/208/168 1787/5325/1786
f 5654/5328/5651 5656/5331/5653 665/5324/665
f 5654/5328/5651 5655/5330/5652 5656/5331/5653
f 5655/5330/5652 580/5212/580 5656/5331/5653
f 2908/5329/2906 2909/207/2907 159/172/159
f 2908/5329/2906 5654/5328/5651 2909/207/2907
f 5654/5328/5651 665/5324/665 2909/207/2907
f 5653/5326/5650 1788/210/1787 666/5315/666
f 5653/5326/5650 1787/5325/1786 1788/210/1787
f 1787/5325/1786 168/208/168 1788/210/1787
f 5651/5321/5648 5653/5326/5650 666/5315/666
f 5651/5321/5648 5652/5323/5649 5653/5326/5650
f 5652/5323/5649 665/5324/665 5653/5326/5650
f 1693/5322/1692 2910/5317/2908 160/176/160
f 1693/5322/1692 5651/5321/5648 2910/5317/2908
f 5651/5321/5648 666/5315/666 2910/5317/2908
f 5650/5319/5647 1789/5313/1788 667/5312/667
f 5650/5319/5647 1703/5202/1702 1789/5313/1788
f 1703/5202/1702 169/212/169 1789/5313/1788
f 5648/5316/5645 5650/5319/5647 667/5312/667
f 5648/5316/5645 5649/5318/5646 5650/5319/5647
f 5649/5318/5646 581/5200/581 5650/5319/5647
f 2910/5317/2908 2911/211/2909 160/176/160
f 2910/5317/2908 5648/5316/5645 2911/211/2909
f 5648/5316/5645 667/5312/667 2911/211/2909
f 5647/5314/5644 1790/214/1789 668/5303/668
f 5647/5314/5644 1789/5313/1788 1790/214/1789
f 1789/5313/1788 169/212/169 1790/214/1789
f 5645/5309/5642 5647/5314/5644 668/5303/668
f 5645/5309/5642 5646/5311/5643 5647/5314/5644
f 5646/5311/5643 667/5312/667 5647/5314/5644
f 1694/5310/1693 2912/5305/2910 161/180/161
f 1694/5310/1693 5645/5309/5642 2912/5305/2910
f 5645/5309/5642 668/5303/668 2912/5305/2910
f 5644/5307/5641 1791/5301/1790 669/5300/669
f 5644/5307/5641 1704/5190/1703 1791/5301/1790
f 1704/5190/1703 170/216/170 1791/5301/1790
f 5642/5304/5639 5644/5307/5641 669/5300/669
f 5642/5304/5639 5643/5306/5640 5644/5307/5641
f 5643/5306/5640 582/5188/582 5644/5307/5641
f 2912/5305/2910 2913/215/2911 161/180/161
f 2912/5305/2910 5642/5304/5639 2913/215/2911
f 5642/5304/5639 669/5300/669 2913/215/2911
f 5641/5302/5638 1792/218/1791 670/5291/670
f 5641/5302/5638 1791/5301/1790 1792/218/1791
f 1791/5301/1790 170/216/170 1792/218/1791
f 5639/5297/5636 5641/5302/5638 670/5291/670
f 5639/5297/5636 5640/5299/5637 5641/5302/5638
f 5640/5299/5637 669/5300/669 5641/5302/5638
f 1695/5298/1694 2914/5293/2912 162/184/162
f 1695/5298/1694 5639/5297/5636 2914/5293/2912
f 5639/5297/5636 670/5291/670 2914/5293/2912
f 5638/5295/5635 1793/5289/1792 671/5288/671
f 5638/5295/5635 1705/5178/1704 1793/5289/1792
f 1705/5178/1704 171/220/171 1793/5289/1792
f 5636/5292/5633 5638/5295/5635 671/5288/671
f 5636/5292/5633 5637/5294/5634 5638/5295/5635
f 5637/5294/5634 583/5176/583 5638/5295/5635
f 2914/5293/2912 2915/219/2913 162/184/162
f 2914/5293/2912 5636/5292/5633 2915/219/2913
f 5636/5292/5633 671/5288/671 2915/219/2913
f 5635/5290/5632 1794/222/1793 672/5279/672
f 5635/5290/5632 1793/5289/1792 1794/222/1793
f 1793/5289/1792 171/220/171 1794/222/1793
f 5633/5285/5630 5635/5290/5632 672/5279/672
f 5633/5285/5630 5634/5287/5631 5635/5290/5632
f 5634/5287/5631 671/5288/671 5635/5290/5632
f 1696/5286/1695 2916/5281/2914 163/188/163
f 1696/5286/1695 5633/5285/5630 2916/5281/2914
f 5633/5285/5630 672/5279/672 2916/5281/2914
f 5632/5283/5629 1795/5277/1794 673/5276/673
f 5632/5283/5629 1706/5166/1705 1795/5277/1794
f 1706/5166/1705 172/224/172 1795/5277/1794
f 5630/5280/5627 5632/5283/5629 673/5276/673
f 5630/5280/5627 5631/5282/5628 5632/5283/5629
f 5631/5282/5628 584/5164/584 5632/5283/5629
f 2916/5281/2914 2917/223/2915 163/188/163
f 2916/5281/2914 5630/5280/5627 2917/223/2915
f 5630/5280/5627 673/5276/673 2917/223/2915
f 5629/5278/5626 1796/226/1795 674/5267/674
f 5629/5278/5626 1795/5277/1794 1796/226/1795
f 1795/5277/1794 172/224/172 1796/226/1795
f 5627/5273/5624 5629/5278/5626 674/5267/674
f 5627/5273/5624 5628/5275/5625 5629/5278/5626
f 5628/5275/5625 673/5276/673 5629/5278/5626
f 1688/5274/1687 2918/5269/2916 116/5932/116
f 1688/5274/1687 5627/5273/5624 2918/5269/2916
f 5627/5273/5624 674/5267/674 2918/5269/2916
f 5626/5271/5623 1641/5934/1640 519/5935/519
f 5626/5271/5623 1697/5154/1696 1641/5934/1640
f 1697/5154/1696 117/5936/117 1641/5934/1640
f 5624/5268/5621 5626/5271/5623 519/5935/519
f 5624/5268/5621 5625/5270/5622 5626/5271/5623
f 5625/5270/5622 575/5152/575 5626/5271/5623
f 2918/5269/2916 2763/5937/2761 116/5932/116
f 2918/5269/2916 5624/5268/5621 2763/5937/2761
f 5624/5268/5621 519/5935/519 2763/5937/2761
f 5623/5266/5620 1798/230/1797 676/5255/676
f 5623/5266/5620 1797/5265/1796 1798/230/1797
f 1797/5265/1796 77/228/77 1798/230/1797
f 5621/5261/5618 5623/5266/5620 676/5255/676
f 5621/5261/5618 5622/5263/5619 5623/5266/5620
f 5622/5263/5619 675/5264/675 5623/5266/5620
f 1698/5262/1697 2920/5257/2918 164/192/164
f 1698/5262/1697 5621/5261/5618 2920/5257/2918
f 5621/5261/5618 676/5255/676 2920/5257/2918
f 5620/5259/5617 1799/5253/1798 677/5252/677
f 5620/5259/5617 2723/2179/2721 1799/5253/1798
f 2723/2179/2721 76/232/76 1799/5253/1798
f 5618/5256/5615 5620/5259/5617 677/5252/677
f 5618/5256/5615 5619/5258/5616 5620/5259/5617
f 5619/5258/5616 479/2177/479 5620/5259/5617
f 2920/5257/2918 2921/231/2919 164/192/164
f 2920/5257/2918 5618/5256/5615 2921/231/2919
f 5618/5256/5615 677/5252/677 2921/231/2919
f 5617/5254/5614 1800/234/1799 678/5243/678
f 5617/5254/5614 1799/5253/1798 1800/234/1799
f 1799/5253/1798 76/232/76 1800/234/1799
f 5615/5249/5612 5617/5254/5614 678/5243/678
f 5615/5249/5612 5616/5251/5613 5617/5254/5614
f 5616/5251/5613 677/5252/677 5617/5254/5614
f 1699/5250/1698 2922/5245/2920 165/196/165
f 1699/5250/1698 5615/5249/5612 2922/5245/2920
f 5615/5249/5612 678/5243/678 2922/5245/2920
f 5614/5247/5611 1801/5241/1800 679/5240/679
f 5614/5247/5611 2722/2184/2720 1801/5241/1800
f 2722/2184/2720 75/236/75 1801/5241/1800
f 5612/5244/5609 5614/5247/5611 679/5240/679
f 5612/5244/5609 5613/5246/5610 5614/5247/5611
f 5613/5246/5610 478/2182/478 5614/5247/5611
f 2922/5245/2920 2923/235/2921 165/196/165
f 2922/5245/2920 5612/5244/5609 2923/235/2921
f 5612/5244/5609 679/5240/679 2923/235/2921
f 5611/5242/5608 1802/238/1801 680/5231/680
f 5611/5242/5608 1801/5241/1800 1802/238/1801
f 1801/5241/1800 75/236/75 1802/238/1801
f 5609/5237/5606 5611/5242/5608 680/5231/680
f 5609/5237/5606 5610/5239/5607 5611/5242/5608
f 5610/5239/5607 679/5240/679 5611/5242/5608
f 1700/5238/1699 2924/5233/2922 166/200/166
f 1700/5238/1699 5609/5237/5606 2924/5233/2922
f 5609/5237/5606 680/5231/680 2924/5233/2922
f 5608/5235/5605 1803/5229/1802 681/5228/681
f 5608/5235/5605 2721/2189/2719 1803/5229/1802
f 2721/2189/2719 74/240/74 1803/5229/1802
f 5606/5232/5603 5608/5235/5605 681/5228/681
f 5606/5232/5603 5607/5234/5604 5608/5235/5605
f 5607/5234/5604 477/2187/477 5608/5235/5605
f 2924/5233/2922 2925/239/2923 166/200/166
f 2924/5233/2922 5606/5232/5603 2925/239/2923
f 5606/5232/5603 681/5228/681 2925/239/2923
f 5605/5230/5602 1804/242/1803 682/5219/682
f 5605/5230/5602 1803/5229/1802 1804/242/1803
f 1803/5229/1802 74/240/74 1804/242/1803
f 5603/5225/5600 5605/5230/5602 682/5219/682
f 5603/5225/5600 5604/5227/5601 5605/5230/5602
f 5604/5227/5601 681/5228/681 5605/5230/5602
f 1701/5226/1700 2926/5221/2924 167/204/167
f 1701/5226/1700 5603/5225/5600 2926/5221/2924
f 5603/5225/5600 682/5219/682 2926/5221/2924
f 5602/5223/5599 1805/5217/1804 683/5216/683
f 5602/5223/5599 2720/2194/2718 1805/5217/1804
f 2720/2194/2718 73/244/73 1805/5217/1804
f 5600/5220/5597 5602/5223/5599 683/5216/683
f 5600/5220/5597 5601/5222/5598 5602/5223/5599
f 5601/5222/5598 476/2192/476 5602/5223/5599
f 2926/5221/2924 2927/243/2925 167/204/167
f 2926/5221/2924 5600/5220/5597 2927/243/2925
f 5600/5220/5597 683/5216/683 2927/243/2925
f 5599/5218/5596 1806/246/1805 684/5207/684
f 5599/5218/5596 1805/5217/1804 1806/246/1805
f 1805/5217/1804 73/244/73 1806/246/1805
f 5597/5213/5594 5599/5218/5596 684/5207/684
f 5597/5213/5594 5598/5215/5595 5599/5218/5596
f 5598/5215/5595 683/5216/683 5599/5218/5596
f 1702/5214/1701 2928/5209/2926 168/208/168
f 1702/5214/1701 5597/5213/5594 2928/5209/2926
f 5597/5213/5594 684/5207/684 2928/5209/2926
f 5596/5211/5593 1807/5205/1806 685/5204/685
f 5596/5211/5593 2719/2199/2717 1807/5205/1806
f 2719/2199/2717 72/248/72 1807/5205/1806
f 5594/5208/5591 5596/5211/5593 685/5204/685
f 5594/5208/5591 5595/5210/5592 5596/5211/5593
f 5595/5210/5592 475/2197/475 5596/5211/5593
f 2928/5209/2926 2929/247/2927 168/208/168
f 2928/5209/2926 5594/5208/5591 2929/247/2927
f 5594/5208/5591 685/5204/685 2929/247/2927
f 5593/5206/5590 1808/250/1807 686/5195/686
f 5593/5206/5590 1807/5205/1806 1808/250/1807
f 1807/5205/1806 72/248/72 1808/250/1807
f 5591/5201/5588 5593/5206/5590 686/5195/686
f 5591/5201/5588 5592/5203/5589 5593/5206/5590
f 5592/5203/5589 685/5204/685 5593/5206/5590
f 1703/5202/1702 2930/5197/2928 169/212/169
f 1703/5202/1702 5591/5201/5588 2930/5197/2928
f 5591/5201/5588 686/5195/686 2930/5197/2928
f 5590/5199/5587 1809/5193/1808 687/5192/687
f 5590/5199/5587 2718/2204/2716 1809/5193/1808
f 2718/2204/2716 71/252/71 1809/5193/1808
f 5588/5196/5585 5590/5199/5587 687/5192/687
f 5588/5196/5585 5589/5198/5586 5590/5199/5587
f 5589/5198/5586 474/2202/474 5590/5199/5587
f 2930/5197/2928 2931/251/2929 169/212/169
f 2930/5197/2928 5588/5196/5585 2931/251/2929
f 5588/5196/5585 687/5192/687 2931/251/2929
f 5587/5194/5584 1810/254/1809 688/5183/688
f 5587/5194/5584 1809/5193/1808 1810/254/1809
f 1809/5193/1808 71/252/71 1810/254/1809
f 5585/5189/5582 5587/5194/5584 688/5183/688
f 5585/5189/5582 5586/5191/5583 5587/5194/5584
f 5586/5191/5583 687/5192/687 5587/5194/5584
f 1704/5190/1703 2932/5185/2930 170/216/170
f 1704/5190/1703 5585/5189/5582 2932/5185/2930
f 5585/5189/5582 688/5183/688 2932/5185/2930
f 5584/5187/5581 1811/5181/1810 689/5180/689
f 5584/5187/5581 2717/2209/2715 1811/5181/1810
f 2717/2209/2715 70/256/70 1811/5181/1810
f 5582/5184/5579 5584/5187/5581 689/5180/689
f 5582/5184/5579 5583/5186/5580 5584/5187/5581
f 5583/5186/5580 473/2207/473 5584/5187/5581
f 2932/5185/2930 2933/255/2931 170/216/170
f 2932/5185/2930 5582/5184/5579 2933/255/2931
f 5582/5184/5579 689/5180/689 2933/255/2931
f 5581/5182/5578 1812/258/1811 690/5171/690
f 5581/5182/5578 1811/5181/1810 1812/258/1811
f 1811/5181/1810 70/256/70 1812/258/1811
f 5579/5177/5576 5581/5182/5578 690/5171/690
f 5579/5177/5576 5580/5179/5577 5581/5182/5578
f 5580/5179/5577 689/5180/689 5581/5182/5578
f 1705/5178/1704 2934/5173/2932 171/220/171
f 1705/5178/1704 5579/5177/5576 2934/5173/2932
f 5579/5177/5576 690/5171/690 2934/5173/2932
f 5578/5175/5575 1813/5169/1812 691/5168/691
f 5578/5175/5575 2716/2214/2714 1813/5169/1812
f 2716/2214/2714 69/260/69 1813/5169/1812
f 5576/5172/5573 5578/5175/5575 691/5168/691
f 5576/5172/5573 5577/5174/5574 5578/5175/5575
f 5577/5174/5574 472/2212/472 5578/5175/5575
f 2934/5173/2932 2935/259/2933 171/220/171
f 2934/5173/2932 5576/5172/5573 2935/259/2933
f 5576/5172/5573 691/5168/691 2935/259/2933
f 5575/5170/5572 1814/262/1813 692/5159/692
f 5575/5170/5572 1813/5169/1812 1814/262/1813
f 1813/5169/1812 69/260/69 1814/262/1813
f 5573/5165/5570 5575/5170/5572 692/5159/692
f 5573/5165/5570 5574/5167/5571 5575/5170/5572
f 5574/5167/5571 691/5168/691 5575/5170/5572
f 1706/5166/1705 2936/5161/2934 172/224/172
f 1706/5166/1705 5573/5165/5570 2936/5161/2934
f 5573/5165/5570 692/5159/692 2936/5161/2934
f 5572/5163/5569 1815/5157/1814 693/5156/693
f 5572/5163/5569 2715/2219/2713 1815/5157/1814
f 2715/2219/2713 68/264/68 1815/5157/1814
f 5570/5160/5567 5572/5163/5569 693/5156/693
f 5570/5160/5567 5571/5162/5568 5572/5163/5569
f 5571/5162/5568 471/2217/471 5572/5163/5569
f 2936/5161/2934 2937/263/2935 172/224/172
f 2936/5161/2934 5570/5160/5567 2937/263/2935
f 5570/5160/5567 693/5156/693 2937/263/2935
f 5569/5158/5566 1816/266/1815 694/5147/694
f 5569/5158/5566 1815/5157/1814 1816/266/1815
f 1815/5157/1814 68/264/68 1816/266/1815
f 5567/5153/5564 5569/5158/5566 694/5147/694
f 5567/5153/5564 5568/5155/5565 5569/5158/5566
f 5568/5155/5565 693/5156/693 5569/5158/5566
f 1697/5154/1696 2938/5149/2936 117/5936/117
f 1697/5154/1696 5567/5153/5564 2938/5149/2936
f 5567/5153/5564 694/5147/694 2938/5149/2936
f 5566/5151/5563 1530/5938/1530 408/5939/408
f 5566/5151/5563 2714/2224/2712 1530/5938/1530
f 2714/2224/2712 7/5940/7 1530/5938/1530
f 5564/5148/5561 5566/5151/5563 408/5939/408
f 5564/5148/5561 5565/5150/5562 5566/5151/5563
f 5565/5150/5562 470/2222/470 5566/5151/5563
f 2938/5149/2936 2652/5941/2651 117/5936/117
f 2938/5149/2936 5564/5148/5561 2652/5941/2651
f 5564/5148/5561 408/5939/408 2652/5941/2651
f 5563/5146/5560 2652/5941/2651 408/5939/408
f 5563/5146/5560 1817/5092/1816 2652/5941/2651
f 1817/5092/1816 117/5936/117 2652/5941/2651
f 5561/5143/5558 5563/5146/5560 408/5939/408
f 5561/5143/5558 5562/5145/5559 5563/5146/5560
f 5562/5145/5559 695/5090/695 5563/5146/5560
f 1531/5144/1531 1530/5938/1530 7/5940/7
f 1531/5144/1531 5561/5143/5558 1530/5938/1530
f 5561/5143/5558 408/5939/408 1530/5938/1530
f 5560/5141/5557 1872/5095/1871 750/5094/750
f 5560/5141/5557 1819/5080/1818 1872/5095/1871
f 1819/5080/1818 173/298/173 1872/5095/1871
f 5558/5138/5555 5560/5141/5557 750/5094/750
f 5558/5138/5555 5559/5140/5556 5560/5141/5557
f 5559/5140/5556 697/5078/697 5560/5141/5557
f 1651/5139/1650 2994/297/2992 127/267/127
f 1651/5139/1650 5558/5138/5555 2994/297/2992
f 5558/5138/5555 750/5094/750 2994/297/2992
f 5557/5136/5554 1874/5083/1873 752/5082/752
f 5557/5136/5554 1821/5056/1820 1874/5083/1873
f 1821/5056/1820 174/302/174 1874/5083/1873
f 5555/5133/5552 5557/5136/5554 752/5082/752
f 5555/5133/5552 5556/5135/5553 5557/5136/5554
f 5556/5135/5553 699/5054/699 5557/5136/5554
f 1650/5134/1649 2996/301/2994 126/270/126
f 1650/5134/1649 5555/5133/5552 2996/301/2994
f 5555/5133/5552 752/5082/752 2996/301/2994
f 5554/5131/5551 1878/5059/1877 756/5058/756
f 5554/5131/5551 1824/5020/1823 1878/5059/1877
f 1824/5020/1823 176/310/176 1878/5059/1877
f 5552/5128/5549 5554/5131/5551 756/5058/756
f 5552/5128/5549 5553/5130/5550 5554/5131/5551
f 5553/5130/5550 702/5018/702 5554/5131/5551
f 1649/5129/1648 3000/309/2998 125/273/125
f 1649/5129/1648 5552/5128/5549 3000/309/2998
f 5552/5128/5549 756/5058/756 3000/309/2998
f 5551/5126/5548 1884/5023/1883 762/5022/762
f 5551/5126/5548 1828/4972/1827 1884/5023/1883
f 1828/4972/1827 179/322/179 1884/5023/1883
f 5549/5123/5546 5551/5126/5548 762/5022/762
f 5549/5123/5546 5550/5125/5547 5551/5126/5548
f 5550/5125/5547 706/4970/706 5551/5126/5548
f 1648/5124/1647 3006/321/3004 124/276/124
f 1648/5124/1647 5549/5123/5546 3006/321/3004
f 5549/5123/5546 762/5022/762 3006/321/3004
f 5548/5121/5545 1892/4975/1891 770/4974/770
f 5548/5121/5545 1833/4912/1832 1892/4975/1891
f 1833/4912/1832 183/338/183 1892/4975/1891
f 5546/5118/5543 5548/5121/5545 770/4974/770
f 5546/5118/5543 5547/5120/5544 5548/5121/5545
f 5547/5120/5544 711/4910/711 5548/5121/5545
f 1647/5119/1646 3014/337/3012 123/279/123
f 1647/5119/1646 5546/5118/5543 3014/337/3012
f 5546/5118/5543 770/4974/770 3014/337/3012
f 5545/5116/5542 1902/4915/1901 780/4914/780
f 5545/5116/5542 1839/4840/1838 1902/4915/1901
f 1839/4840/1838 188/358/188 1902/4915/1901
f 5543/5113/5540 5545/5116/5542 780/4914/780
f 5543/5113/5540 5544/5115/5541 5545/5116/5542
f 5544/5115/5541 717/4838/717 5545/5116/5542
f 1646/5114/1645 3024/357/3022 122/282/122
f 1646/5114/1645 5543/5113/5540 3024/357/3022
f 5543/5113/5540 780/4914/780 3024/357/3022
f 5542/5111/5539 1914/4843/1913 792/4842/792
f 5542/5111/5539 1846/4756/1845 1914/4843/1913
f 1846/4756/1845 194/382/194 1914/4843/1913
f 5540/5108/5537 5542/5111/5539 792/4842/792
f 5540/5108/5537 5541/5110/5538 5542/5111/5539
f 5541/5110/5538 724/4754/724 5542/5111/5539
f 1645/5109/1644 3036/381/3034 121/285/121
f 1645/5109/1644 5540/5108/5537 3036/381/3034
f 5540/5108/5537 792/4842/792 3036/381/3034
f 5539/5106/5536 1928/4759/1927 806/4758/806
f 5539/5106/5536 1854/4660/1853 1928/4759/1927
f 1854/4660/1853 201/410/201 1928/4759/1927
f 5537/5103/5534 5539/5106/5536 806/4758/806
f 5537/5103/5534 5538/5105/5535 5539/5106/5536
f 5538/5105/5535 732/4658/732 5539/5106/5536
f 1644/5104/1643 3050/409/3048 120/288/120
f 1644/5104/1643 5537/5103/5534 3050/409/3048
f 5537/5103/5534 806/4758/806 3050/409/3048
f 5536/5101/5533 1944/4663/1943 822/4662/822
f 5536/5101/5533 1863/4552/1862 1944/4663/1943
f 1863/4552/1862 209/442/209 1944/4663/1943
f 5534/5098/5531 5536/5101/5533 822/4662/822
f 5534/5098/5531 5535/5100/5532 5536/5101/5533
f 5535/5100/5532 741/4550/741 5536/5101/5533
f 1643/5099/1642 3066/441/3064 119/291/119
f 1643/5099/1642 5534/5098/5531 3066/441/3064
f 5534/5098/5531 822/4662/822 3066/441/3064
f 5533/5096/5530 1873/300/1872 751/5085/751
f 5533/5096/5530 1872/5095/1871 1873/300/1872
f 1872/5095/1871 173/298/173 1873/300/1872
f 5531/5091/5528 5533/5096/5530 751/5085/751
f 5531/5091/5528 5532/5093/5529 5533/5096/5530
f 5532/5093/5529 750/5094/750 5533/5096/5530
f 1817/5092/1816 2995/5087/2993 117/5936/117
f 1817/5092/1816 5531/5091/5528 2995/5087/2993
f 5531/5091/5528 751/5085/751 2995/5087/2993
f 5530/5089/5527 2763/5937/2761 519/5935/519
f 5530/5089/5527 1818/5068/1817 2763/5937/2761
f 1818/5068/1817 116/5932/116 2763/5937/2761
f 5528/5086/5525 5530/5089/5527 519/5935/519
f 5528/5086/5525 5529/5088/5526 5530/5089/5527
f 5529/5088/5526 696/5066/696 5530/5089/5527
f 2995/5087/2993 1641/5934/1640 117/5936/117
f 2995/5087/2993 5528/5086/5525 1641/5934/1640
f 5528/5086/5525 519/5935/519 1641/5934/1640
f 5527/5084/5524 1875/304/1874 753/5073/753
f 5527/5084/5524 1874/5083/1873 1875/304/1874
f 1874/5083/1873 174/302/174 1875/304/1874
f 5525/5079/5522 5527/5084/5524 753/5073/753
f 5525/5079/5522 5526/5081/5523 5527/5084/5524
f 5526/5081/5523 752/5082/752 5527/5084/5524
f 1819/5080/1818 2997/5075/2995 173/298/173
f 1819/5080/1818 5525/5079/5522 2997/5075/2995
f 5525/5079/5522 753/5073/753 2997/5075/2995
f 5524/5077/5521 1876/5071/1875 754/5070/754
f 5524/5077/5521 1822/5044/1821 1876/5071/1875
f 1822/5044/1821 175/306/175 1876/5071/1875
f 5522/5074/5519 5524/5077/5521 754/5070/754
f 5522/5074/5519 5523/5076/5520 5524/5077/5521
f 5523/5076/5520 700/5042/700 5524/5077/5521
f 2997/5075/2995 2998/305/2996 173/298/173
f 2997/5075/2995 5522/5074/5519 2998/305/2996
f 5522/5074/5519 754/5070/754 2998/305/2996
f 5521/5072/5518 1877/308/1876 755/5061/755
f 5521/5072/5518 1876/5071/1875 1877/308/1876
f 1876/5071/1875 175/306/175 1877/308/1876
f 5519/5067/5516 5521/5072/5518 755/5061/755
f 5519/5067/5516 5520/5069/5517 5521/5072/5518
f 5520/5069/5517 754/5070/754 5521/5072/5518
f 1818/5068/1817 2999/5063/2997 116/5932/116
f 1818/5068/1817 5519/5067/5516 2999/5063/2997
f 5519/5067/5516 755/5061/755 2999/5063/2997
f 5518/5065/5515 2762/5933/2760 518/5931/518
f 5518/5065/5515 1820/5032/1819 2762/5933/2760
f 1820/5032/1819 115/5928/115 2762/5933/2760
f 5516/5062/5513 5518/5065/5515 518/5931/518
f 5516/5062/5513 5517/5064/5514 5518/5065/5515
f 5517/5064/5514 698/5030/698 5518/5065/5515
f 2999/5063/2997 1640/5930/1639 116/5932/116
f 2999/5063/2997 5516/5062/5513 1640/5930/1639
f 5516/5062/5513 518/5931/518 1640/5930/1639
f 5515/5060/5512 1879/312/1878 757/5049/757
f 5515/5060/5512 1878/5059/1877 1879/312/1878
f 1878/5059/1877 176/310/176 1879/312/1878
f 5513/5055/5510 5515/5060/5512 757/5049/757
f 5513/5055/5510 5514/5057/5511 5515/5060/5512
f 5514/5057/5511 756/5058/756 5515/5060/5512
f 1821/5056/1820 3001/5051/2999 174/302/174
f 1821/5056/1820 5513/5055/5510 3001/5051/2999
f 5513/5055/5510 757/5049/757 3001/5051/2999
f 5512/5053/5509 1880/5047/1879 758/5046/758
f 5512/5053/5509 1825/5008/1824 1880/5047/1879
f 1825/5008/1824 177/314/177 1880/5047/1879
f 5510/5050/5507 5512/5053/5509 758/5046/758
f 5510/5050/5507 5511/5052/5508 5512/5053/5509
f 5511/5052/5508 703/5006/703 5512/5053/5509
f 3001/5051/2999 3002/313/3000 174/302/174
f 3001/5051/2999 5510/5050/5507 3002/313/3000
f 5510/5050/5507 758/5046/758 3002/313/3000
f 5509/5048/5506 1881/316/1880 759/5037/759
f 5509/5048/5506 1880/5047/1879 1881/316/1880
f 1880/5047/1879 177/314/177 1881/316/1880
f 5507/5043/5504 5509/5048/5506 759/5037/759
f 5507/5043/5504 5508/5045/5505 5509/5048/5506
f 5508/5045/5505 758/5046/758 5509/5048/5506
f 1822/5044/1821 3003/5039/3001 175/306/175
f 1822/5044/1821 5507/5043/5504 3003/5039/3001
f 5507/5043/5504 759/5037/759 3003/5039/3001
f 5506/5041/5503 1882/5035/1881 760/5034/760
f 5506/5041/5503 1826/4996/1825 1882/5035/1881
f 1826/4996/1825 178/318/178 1882/5035/1881
f 5504/5038/5501 5506/5041/5503 760/5034/760
f 5504/5038/5501 5505/5040/5502 5506/5041/5503
f 5505/5040/5502 704/4994/704 5506/5041/5503
f 3003/5039/3001 3004/317/3002 175/306/175
f 3003/5039/3001 5504/5038/5501 3004/317/3002
f 5504/5038/5501 760/5034/760 3004/317/3002
f 5503/5036/5500 1883/320/1882 761/5025/761
f 5503/5036/5500 1882/5035/1881 1883/320/1882
f 1882/5035/1881 178/318/178 1883/320/1882
f 5501/5031/5498 5503/5036/5500 761/5025/761
f 5501/5031/5498 5502/5033/5499 5503/5036/5500
f 5502/5033/5499 760/5034/760 5503/5036/5500
f 1820/5032/1819 3005/5027/3003 115/5928/115
f 1820/5032/1819 5501/5031/5498 3005/5027/3003
f 5501/5031/5498 761/5025/761 3005/5027/3003
f 5500/5029/5497 2761/5929/2759 517/5927/517
f 5500/5029/5497 1823/4984/1822 2761/5929/2759
f 1823/4984/1822 114/5924/114 2761/5929/2759
f 5498/5026/5495 5500/5029/5497 517/5927/517
f 5498/5026/5495 5499/5028/5496 5500/5029/5497
f 5499/5028/5496 701/4982/701 5500/5029/5497
f 3005/5027/3003 1639/5926/1638 115/5928/115
f 3005/5027/3003 5498/5026/5495 1639/5926/1638
f 5498/5026/5495 517/5927/517 1639/5926/1638
f 5497/5024/5494 1885/324/1884 763/5013/763
f 5497/5024/5494 1884/5023/1883 1885/324/1884
f 1884/5023/1883 179/322/179 1885/324/1884
f 5495/5019/5492 5497/5024/5494 763/5013/763
f 5495/5019/5492 5496/5021/5493 5497/5024/5494
f 5496/5021/5493 762/5022/762 5497/5024/5494
f 1824/5020/1823 3007/5015/3005 176/310/176
f 1824/5020/1823 5495/5019/5492 3007/5015/3005
f 5495/5019/5492 763/5013/763 3007/5015/3005
f 5494/5017/5491 1886/5011/1885 764/5010/764
f 5494/5017/5491 1829/4960/1828 1886/5011/1885
f 1829/4960/1828 180/326/180 1886/5011/1885
f 5492/5014/5489 5494/5017/5491 764/5010/764
f 5492/5014/5489 5493/5016/5490 5494/5017/5491
f 5493/5016/5490 707/4958/707 5494/5017/5491
f 3007/5015/3005 3008/325/3006 176/310/176
f 3007/5015/3005 5492/5014/5489 3008/325/3006
f 5492/5014/5489 764/5010/764 3008/325/3006
f 5491/5012/5488 1887/328/1886 765/5001/765
f 5491/5012/5488 1886/5011/1885 1887/328/1886
f 1886/5011/1885 180/326/180 1887/328/1886
f 5489/5007/5486 5491/5012/5488 765/5001/765
f 5489/5007/5486 5490/5009/5487 5491/5012/5488
f 5490/5009/5487 764/5010/764 5491/5012/5488
f 1825/5008/1824 3009/5003/3007 177/314/177
f 1825/5008/1824 5489/5007/5486 3009/5003/3007
f 5489/5007/5486 765/5001/765 3009/5003/3007
f 5488/5005/5485 1888/4999/1887 766/4998/766
f 5488/5005/5485 1830/4948/1829 1888/4999/1887
f 1830/4948/1829 181/330/181 1888/4999/1887
f 5486/5002/5483 5488/5005/5485 766/4998/766
f 5486/5002/5483 5487/5004/5484 5488/5005/5485
f 5487/5004/5484 708/4946/708 5488/5005/5485
f 3009/5003/3007 3010/329/3008 177/314/177
f 3009/5003/3007 5486/5002/5483 3010/329/3008
f 5486/5002/5483 766/4998/766 3010/329/3008
f 5485/5000/5482 1889/332/1888 767/4989/767
f 5485/5000/5482 1888/4999/1887 1889/332/1888
f 1888/4999/1887 181/330/181 1889/332/1888
f 5483/4995/5480 5485/5000/5482 767/4989/767
f 5483/4995/5480 5484/4997/5481 5485/5000/5482
f 5484/4997/5481 766/4998/766 5485/5000/5482
f 1826/4996/1825 3011/4991/3009 178/318/178
f 1826/4996/1825 5483/4995/5480 3011/4991/3009
f 5483/4995/5480 767/4989/767 3011/4991/3009
f 5482/4993/5479 1890/4987/1889 768/4986/768
f 5482/4993/5479 1831/4936/1830 1890/4987/1889
f 1831/4936/1830 182/334/182 1890/4987/1889
f 5480/4990/5477 5482/4993/5479 768/4986/768
f 5480/4990/5477 5481/4992/5478 5482/4993/5479
f 5481/4992/5478 709/4934/709 5482/4993/5479
f 3011/4991/3009 3012/333/3010 178/318/178
f 3011/4991/3009 5480/4990/5477 3012/333/3010
f 5480/4990/5477 768/4986/768 3012/333/3010
f 5479/4988/5476 1891/336/1890 769/4977/769
f 5479/4988/5476 1890/4987/1889 1891/336/1890
f 1890/4987/1889 182/334/182 1891/336/1890
f 5477/4983/5474 5479/4988/5476 769/4977/769
f 5477/4983/5474 5478/4985/5475 5479/4988/5476
f 5478/4985/5475 768/4986/768 5479/4988/5476
f 1823/4984/1822 3013/4979/3011 114/5924/114
f 1823/4984/1822 5477/4983/5474 3013/4979/3011
f 5477/4983/5474 769/4977/769 3013/4979/3011
f 5476/4981/5473 2760/5925/2758 516/5923/516
f 5476/4981/5473 1827/4924/1826 2760/5925/2758
f 1827/4924/1826 113/5920/113 2760/5925/2758
f 5474/4978/5471 5476/4981/5473 516/5923/516
f 5474/4978/5471 5475/4980/5472 5476/4981/5473
f 5475/4980/5472 705/4922/705 5476/4981/5473
f 3013/4979/3011 1638/5922/1637 114/5924/114
f 3013/4979/3011 5474/4978/5471 1638/5922/1637
f 5474/4978/5471 516/5923/516 1638/5922/1637
f 5473/4976/5470 1893/340/1892 771/4965/771
f 5473/4976/5470 1892/4975/1891 1893/340/1892
f 1892/4975/1891 183/338/183 1893/340/1892
f 5471/4971/5468 5473/4976/5470 771/4965/771
f 5471/4971/5468 5472/4973/5469 5473/4976/5470
f 5472/4973/5469 770/4974/770 5473/4976/5470
f 1828/4972/1827 3015/4967/3013 179/322/179
f 1828/4972/1827 5471/4971/5468 3015/4967/3013
f 5471/4971/5468 771/4965/771 3015/4967/3013
f 5470/4969/5467 1894/4963/1893 772/4962/772
f 5470/4969/5467 1834/4900/1833 1894/4963/1893
f 1834/4900/1833 184/342/184 1894/4963/1893
f 5468/4966/5465 5470/4969/5467 772/4962/772
f 5468/4966/5465 5469/4968/5466 5470/4969/5467
f 5469/4968/5466 712/4898/712 5470/4969/5467
f 3015/4967/3013 3016/341/3014 179/322/179
f 3015/4967/3013 5468/4966/5465 3016/341/3014
f 5468/4966/5465 772/4962/772 3016/341/3014
f 5467/4964/5464 1895/344/1894 773/4953/773
f 5467/4964/5464 1894/4963/1893 1895/344/1894
f 1894/4963/1893 184/342/184 1895/344/1894
f 5465/4959/5462 5467/4964/5464 773/4953/773
f 5465/4959/5462 5466/4961/5463 5467/4964/5464
f 5466/4961/5463 772/4962/772 5467/4964/5464
f 1829/4960/1828 3017/4955/3015 180/326/180
f 1829/4960/1828 5465/4959/5462 3017/4955/3015
f 5465/4959/5462 773/4953/773 3017/4955/3015
f 5464/4957/5461 1896/4951/1895 774/4950/774
f 5464/4957/5461 1835/4888/1834 1896/4951/1895
f 1835/4888/1834 185/346/185 1896/4951/1895
f 5462/4954/5459 5464/4957/5461 774/4950/774
f 5462/4954/5459 5463/4956/5460 5464/4957/5461
f 5463/4956/5460 713/4886/713 5464/4957/5461
f 3017/4955/3015 3018/345/3016 180/326/180
f 3017/4955/3015 5462/4954/5459 3018/345/3016
f 5462/4954/5459 774/4950/774 3018/345/3016
f 5461/4952/5458 1897/348/1896 775/4941/775
f 5461/4952/5458 1896/4951/1895 1897/348/1896
f 1896/4951/1895 185/346/185 1897/348/1896
f 5459/4947/5456 5461/4952/5458 775/4941/775
f 5459/4947/5456 5460/4949/5457 5461/4952/5458
f 5460/4949/5457 774/4950/774 5461/4952/5458
f 1830/4948/1829 3019/4943/3017 181/330/181
f 1830/4948/1829 5459/4947/5456 3019/4943/3017
f 5459/4947/5456 775/4941/775 3019/4943/3017
f 5458/4945/5455 1898/4939/1897 776/4938/776
f 5458/4945/5455 1836/4876/1835 1898/4939/1897
f 1836/4876/1835 186/350/186 1898/4939/1897
f 5456/4942/5453 5458/4945/5455 776/4938/776
f 5456/4942/5453 5457/4944/5454 5458/4945/5455
f 5457/4944/5454 714/4874/714 5458/4945/5455
f 3019/4943/3017 3020/349/3018 181/330/181
f 3019/4943/3017 5456/4942/5453 3020/349/3018
f 5456/4942/5453 776/4938/776 3020/349/3018
f 5455/4940/5452 1899/352/1898 777/4929/777
f 5455/4940/5452 1898/4939/1897 1899/352/1898
f 1898/4939/1897 186/350/186 1899/352/1898
f 5453/4935/5450 5455/4940/5452 777/4929/777
f 5453/4935/5450 5454/4937/5451 5455/4940/5452
f 5454/4937/5451 776/4938/776 5455/4940/5452
f 1831/4936/1830 3021/4931/3019 182/334/182
f 1831/4936/1830 5453/4935/5450 3021/4931/3019
f 5453/4935/5450 777/4929/777 3021/4931/3019
f 5452/4933/5449 1900/4927/1899 778/4926/778
f 5452/4933/5449 1837/4864/1836 1900/4927/1899
f 1837/4864/1836 187/354/187 1900/4927/1899
f 5450/4930/5447 5452/4933/5449 778/4926/778
f 5450/4930/5447 5451/4932/5448 5452/4933/5449
f 5451/4932/5448 715/4862/715 5452/4933/5449
f 3021/4931/3019 3022/353/3020 182/334/182
f 3021/4931/3019 5450/4930/5447 3022/353/3020
f 5450/4930/5447 778/4926/778 3022/353/3020
f 5449/4928/5446 1901/356/1900 779/4917/779
f 5449/4928/5446 1900/4927/1899 1901/356/1900
f 1900/4927/1899 187/354/187 1901/356/1900
f 5447/4923/5444 5449/4928/5446 779/4917/779
f 5447/4923/5444 5448/4925/5445 5449/4928/5446
f 5448/4925/5445 778/4926/778 5449/4928/5446
f 1827/4924/1826 3023/4919/3021 113/5920/113
f 1827/4924/1826 5447/4923/5444 3023/4919/3021
f 5447/4923/5444 779/4917/779 3023/4919/3021
f 5446/4921/5443 2759/5921/2757 515/5919/515
f 5446/4921/5443 1832/4852/1831 2759/5921/2757
f 1832/4852/1831 112/5916/112 2759/5921/2757
f 5444/4918/5441 5446/4921/5443 515/5919/515
f 5444/4918/5441 5445/4920/5442 5446/4921/5443
f 5445/4920/5442 710/4850/710 5446/4921/5443
f 3023/4919/3021 1637/5918/1636 113/5920/113
f 3023/4919/3021 5444/4918/5441 1637/5918/1636
f 5444/4918/5441 515/5919/515 1637/5918/1636
f 5443/4916/5440 1903/360/1902 781/4905/781
f 5443/4916/5440 1902/4915/1901 1903/360/1902
f 1902/4915/1901 188/358/188 1903/360/1902
f 5441/4911/5438 5443/4916/5440 781/4905/781
f 5441/4911/5438 5442/4913/5439 5443/4916/5440
f 5442/4913/5439 780/4914/780 5443/4916/5440
f 1833/4912/1832 3025/4907/3023 183/338/183
f 1833/4912/1832 5441/4911/5438 3025/4907/3023
f 5441/4911/5438 781/4905/781 3025/4907/3023
f 5440/4909/5437 1904/4903/1903 782/4902/782
f 5440/4909/5437 1840/4828/1839 1904/4903/1903
f 1840/4828/1839 189/362/189 1904/4903/1903
f 5438/4906/5435 5440/4909/5437 782/4902/782
f 5438/4906/5435 5439/4908/5436 5440/4909/5437
f 5439/4908/5436 718/4826/718 5440/4909/5437
f 3025/4907/3023 3026/361/3024 183/338/183
f 3025/4907/3023 5438/4906/5435 3026/361/3024
f 5438/4906/5435 782/4902/782 3026/361/3024
f 5437/4904/5434 1905/364/1904 783/4893/783
f 5437/4904/5434 1904/4903/1903 1905/364/1904
f 1904/4903/1903 189/362/189 1905/364/1904
f 5435/4899/5432 5437/4904/5434 783/4893/783
f 5435/4899/5432 5436/4901/5433 5437/4904/5434
f 5436/4901/5433 782/4902/782 5437/4904/5434
f 1834/4900/1833 3027/4895/3025 184/342/184
f 1834/4900/1833 5435/4899/5432 3027/4895/3025
f 5435/4899/5432 783/4893/783 3027/4895/3025
f 5434/4897/5431 1906/4891/1905 784/4890/784
f 5434/4897/5431 1841/4816/1840 1906/4891/1905
f 1841/4816/1840 190/366/190 1906/4891/1905
f 5432/4894/5429 5434/4897/5431 784/4890/784
f 5432/4894/5429 5433/4896/5430 5434/4897/5431
f 5433/4896/5430 719/4814/719 5434/4897/5431
f 3027/4895/3025 3028/365/3026 184/342/184
f 3027/4895/3025 5432/4894/5429 3028/365/3026
f 5432/4894/5429 784/4890/784 3028/365/3026
f 5431/4892/5428 1907/368/1906 785/4881/785
f 5431/4892/5428 1906/4891/1905 1907/368/1906
f 1906/4891/1905 190/366/190 1907/368/1906
f 5429/4887/5426 5431/4892/5428 785/4881/785
f 5429/4887/5426 5430/4889/5427 5431/4892/5428
f 5430/4889/5427 784/4890/784 5431/4892/5428
f 1835/4888/1834 3029/4883/3027 185/346/185
f 1835/4888/1834 5429/4887/5426 3029/4883/3027
f 5429/4887/5426 785/4881/785 3029/4883/3027
f 5428/4885/5425 1908/4879/1907 786/4878/786
f 5428/4885/5425 1842/4804/1841 1908/4879/1907
f 1842/4804/1841 191/370/191 1908/4879/1907
f 5426/4882/5423 5428/4885/5425 786/4878/786
f 5426/4882/5423 5427/4884/5424 5428/4885/5425
f 5427/4884/5424 720/4802/720 5428/4885/5425
f 3029/4883/3027 3030/369/3028 185/346/185
f 3029/4883/3027 5426/4882/5423 3030/369/3028
f 5426/4882/5423 786/4878/786 3030/369/3028
f 5425/4880/5422 1909/372/1908 787/4869/787
f 5425/4880/5422 1908/4879/1907 1909/372/1908
f 1908/4879/1907 191/370/191 1909/372/1908
f 5423/4875/5420 5425/4880/5422 787/4869/787
f 5423/4875/5420 5424/4877/5421 5425/4880/5422
f 5424/4877/5421 786/4878/786 5425/4880/5422
f 1836/4876/1835 3031/4871/3029 186/350/186
f 1836/4876/1835 5423/4875/5420 3031/4871/3029
f 5423/4875/5420 787/4869/787 3031/4871/3029
f 5422/4873/5419 1910/4867/1909 788/4866/788
f 5422/4873/5419 1843/4792/1842 1910/4867/1909
f 1843/4792/1842 192/374/192 1910/4867/1909
f 5420/4870/5417 5422/4873/5419 788/4866/788
f 5420/4870/5417 5421/4872/5418 5422/4873/5419
f 5421/4872/5418 721/4790/721 5422/4873/5419
f 3031/4871/3029 3032/373/3030 186/350/186
f 3031/4871/3029 5420/4870/5417 3032/373/3030
f 5420/4870/5417 788/4866/788 3032/373/3030
f 5419/4868/5416 1911/376/1910 789/4857/789
f 5419/4868/5416 1910/4867/1909 1911/376/1910
f 1910/4867/1909 192/374/192 1911/376/1910
f 5417/4863/5414 5419/4868/5416 789/4857/789
f 5417/4863/5414 5418/4865/5415 5419/4868/5416
f 5418/4865/5415 788/4866/788 5419/4868/5416
f 1837/4864/1836 3033/4859/3031 187/354/187
f 1837/4864/1836 5417/4863/5414 3033/4859/3031
f 5417/4863/5414 789/4857/789 3033/4859/3031
f 5416/4861/5413 1912/4855/1911 790/4854/790
f 5416/4861/5413 1844/4780/1843 1912/4855/1911
f 1844/4780/1843 193/378/193 1912/4855/1911
f 5414/4858/5411 5416/4861/5413 790/4854/790
f 5414/4858/5411 5415/4860/5412 5416/4861/5413
f 5415/4860/5412 722/4778/722 5416/4861/5413
f 3033/4859/3031 3034/377/3032 187/354/187
f 3033/4859/3031 5414/4858/5411 3034/377/3032
f 5414/4858/5411 790/4854/790 3034/377/3032
f 5413/4856/5410 1913/380/1912 791/4845/791
f 5413/4856/5410 1912/4855/1911 1913/380/1912
f 1912/4855/1911 193/378/193 1913/380/1912
f 5411/4851/5408 5413/4856/5410 791/4845/791
f 5411/4851/5408 5412/4853/5409 5413/4856/5410
f 5412/4853/5409 790/4854/790 5413/4856/5410
f 1832/4852/1831 3035/4847/3033 112/5916/112
f 1832/4852/1831 5411/4851/5408 3035/4847/3033
f 5411/4851/5408 791/4845/791 3035/4847/3033
f 5410/4849/5407 2758/5917/2756 514/5915/514
f 5410/4849/5407 1838/4768/1837 2758/5917/2756
f 1838/4768/1837 111/5912/111 2758/5917/2756
f 5408/4846/5405 5410/4849/5407 514/5915/514
f 5408/4846/5405 5409/4848/5406 5410/4849/5407
f 5409/4848/5406 716/4766/716 5410/4849/5407
f 3035/4847/3033 1636/5914/1635 112/5916/112
f 3035/4847/3033 5408/4846/5405 1636/5914/1635
f 5408/4846/5405 514/5915/514 1636/5914/1635
f 5407/4844/5404 1915/384/1914 793/4833/793
f 5407/4844/5404 1914/4843/1913 1915/384/1914
f 1914/4843/1913 194/382/194 1915/384/1914
f 5405/4839/5402 5407/4844/5404 793/4833/793
f 5405/4839/5402 5406/4841/5403 5407/4844/5404
f 5406/4841/5403 792/4842/792 5407/4844/5404
f 1839/4840/1838 3037/4835/3035 188/358/188
f 1839/4840/1838 5405/4839/5402 3037/4835/3035
f 5405/4839/5402 793/4833/793 3037/4835/3035
f 5404/4837/5401 1916/4831/1915 794/4830/794
f 5404/4837/5401 1847/4744/1846 1916/4831/1915
f 1847/4744/1846 195/386/195 1916/4831/1915
f 5402/4834/5399 5404/4837/5401 794/4830/794
f 5402/4834/5399 5403/4836/5400 5404/4837/5401
f 5403/4836/5400 725/4742/725 5404/4837/5401
f 3037/4835/3035 3038/385/3036 188/358/188
f 3037/4835/3035 5402/4834/5399 3038/385/3036
f 5402/4834/5399 794/4830/794 3038/385/3036
f 5401/4832/5398 1917/388/1916 795/4821/795
f 5401/4832/5398 1916/4831/1915 1917/388/1916
f 1916/4831/1915 195/386/195 1917/388/1916
f 5399/4827/5396 5401/4832/5398 795/4821/795
f 5399/4827/5396 5400/4829/5397 5401/4832/5398
f 5400/4829/5397 794/4830/794 5401/4832/5398
f 1840/4828/1839 3039/4823/3037 189/362/189
f 1840/4828/1839 5399/4827/5396 3039/4823/3037
f 5399/4827/5396 795/4821/795 3039/4823/3037
f 5398/4825/5395 1918/4819/1917 796/4818/796
f 5398/4825/5395 1848/4732/1847 1918/4819/1917
f 1848/4732/1847 196/390/196 1918/4819/1917
f 5396/4822/5393 5398/4825/5395 796/4818/796
f 5396/4822/5393 5397/4824/5394 5398/4825/5395
f 5397/4824/5394 726/4730/726 5398/4825/5395
f 3039/4823/3037 3040/389/3038 189/362/189
f 3039/4823/3037 5396/4822/5393 3040/389/3038
f 5396/4822/5393 796/4818/796 3040/389/3038
f 5395/4820/5392 1919/392/1918 797/4809/797
f 5395/4820/5392 1918/4819/1917 1919/392/1918
f 1918/4819/1917 196/390/196 1919/392/1918
f 5393/4815/5390 5395/4820/5392 797/4809/797
f 5393/4815/5390 5394/4817/5391 5395/4820/5392
f 5394/4817/5391 796/4818/796 5395/4820/5392
f 1841/4816/1840 3041/4811/3039 190/366/190
f 1841/4816/1840 5393/4815/5390 3041/4811/3039
f 5393/4815/5390 797/4809/797 3041/4811/3039
f 5392/4813/5389 1920/4807/1919 798/4806/798
f 5392/4813/5389 1849/4720/1848 1920/4807/1919
f 1849/4720/1848 197/394/197 1920/4807/1919
f 5390/4810/5387 5392/4813/5389 798/4806/798
f 5390/4810/5387 5391/4812/5388 5392/4813/5389
f 5391/4812/5388 727/4718/727 5392/4813/5389
f 3041/4811/3039 3042/393/3040 190/366/190
f 3041/4811/3039 5390/4810/5387 3042/393/3040
f 5390/4810/5387 798/4806/798 3042/393/3040
f 5389/4808/5386 1921/396/1920 799/4797/799
f 5389/4808/5386 1920/4807/1919 1921/396/1920
f 1920/4807/1919 197/394/197 1921/396/1920
f 5387/4803/5384 5389/4808/5386 799/4797/799
f 5387/4803/5384 5388/4805/5385 5389/4808/5386
f 5388/4805/5385 798/4806/798 5389/4808/5386
f 1842/4804/1841 3043/4799/3041 191/370/191
f 1842/4804/1841 5387/4803/5384 3043/4799/3041
f 5387/4803/5384 799/4797/799 3043/4799/3041
f 5386/4801/5383 1922/4795/1921 800/4794/800
f 5386/4801/5383 1850/4708/1849 1922/4795/1921
f 1850/4708/1849 198/398/198 1922/4795/1921
f 5384/4798/5381 5386/4801/5383 800/4794/800
f 5384/4798/5381 5385/4800/5382 5386/4801/5383
f 5385/4800/5382 728/4706/728 5386/4801/5383
f 3043/4799/3041 3044/397/3042 191/370/191
f 3043/4799/3041 5384/4798/5381 3044/397/3042
f 5384/4798/5381 800/4794/800 3044/397/3042
f 5383/4796/5380 1923/400/1922 801/4785/801
f 5383/4796/5380 1922/4795/1921 1923/400/1922
f 1922/4795/1921 198/398/198 1923/400/1922
f 5381/4791/5378 5383/4796/5380 801/4785/801
f 5381/4791/5378 5382/4793/5379 5383/4796/5380
f 5382/4793/5379 800/4794/800 5383/4796/5380
f 1843/4792/1842 3045/4787/3043 192/374/192
f 1843/4792/1842 5381/4791/5378 3045/4787/3043
f 5381/4791/5378 801/4785/801 3045/4787/3043
f 5380/4789/5377 1924/4783/1923 802/4782/802
f 5380/4789/5377 1851/4696/1850 1924/4783/1923
f 1851/4696/1850 199/402/199 1924/4783/1923
f 5378/4786/5375 5380/4789/5377 802/4782/802
f 5378/4786/5375 5379/4788/5376 5380/4789/5377
f 5379/4788/5376 729/4694/729 5380/4789/5377
f 3045/4787/3043 3046/401/3044 192/374/192
f 3045/4787/3043 5378/4786/5375 3046/401/3044
f 5378/4786/5375 802/4782/802 3046/401/3044
f 5377/4784/5374 1925/404/1924 803/4773/803
f 5377/4784/5374 1924/4783/1923 1925/404/1924
f 1924/4783/1923 199/402/199 1925/404/1924
f 5375/4779/5372 5377/4784/5374 803/4773/803
f 5375/4779/5372 5376/4781/5373 5377/4784/5374
f 5376/4781/5373 802/4782/802 5377/4784/5374
f 1844/4780/1843 3047/4775/3045 193/378/193
f 1844/4780/1843 5375/4779/5372 3047/4775/3045
f 5375/4779/5372 803/4773/803 3047/4775/3045
f 5374/4777/5371 1926/4771/1925 804/4770/804
f 5374/4777/5371 1852/4684/1851 1926/4771/1925
f 1852/4684/1851 200/406/200 1926/4771/1925
f 5372/4774/5369 5374/4777/5371 804/4770/804
f 5372/4774/5369 5373/4776/5370 5374/4777/5371
f 5373/4776/5370 730/4682/730 5374/4777/5371
f 3047/4775/3045 3048/405/3046 193/378/193
f 3047/4775/3045 5372/4774/5369 3048/405/3046
f 5372/4774/5369 804/4770/804 3048/405/3046
f 5371/4772/5368 1927/408/1926 805/4761/805
f 5371/4772/5368 1926/4771/1925 1927/408/1926
f 1926/4771/1925 200/406/200 1927/408/1926
f 5369/4767/5366 5371/4772/5368 805/4761/805
f 5369/4767/5366 5370/4769/5367 5371/4772/5368
f 5370/4769/5367 804/4770/804 5371/4772/5368
f 1838/4768/1837 3049/4763/3047 111/5912/111
f 1838/4768/1837 5369/4767/5366 3049/4763/3047
f 5369/4767/5366 805/4761/805 3049/4763/3047
f 5368/4765/5365 2757/5913/2755 513/5911/513
f 5368/4765/5365 1845/4672/1844 2757/5913/2755
f 1845/4672/1844 110/5908/110 2757/5913/2755
f 5366/4762/5363 5368/4765/5365 513/5911/513
f 5366/4762/5363 5367/4764/5364 5368/4765/5365
f 5367/4764/5364 723/4670/723 5368/4765/5365
f 3049/4763/3047 1635/5910/1634 111/5912/111
f 3049/4763/3047 5366/4762/5363 1635/5910/1634
f 5366/4762/5363 513/5911/513 1635/5910/1634
f 5365/4760/5362 1929/412/1928 807/4749/807
f 5365/4760/5362 1928/4759/1927 1929/412/1928
f 1928/4759/1927 201/410/201 1929/412/1928
f 5363/4755/5360 5365/4760/5362 807/4749/807
f 5363/4755/5360 5364/4757/5361 5365/4760/5362
f 5364/4757/5361 806/4758/806 5365/4760/5362
f 1846/4756/1845 3051/4751/3049 194/382/194
f 1846/4756/1845 5363/4755/5360 3051/4751/3049
f 5363/4755/5360 807/4749/807 3051/4751/3049
f 5362/4753/5359 1930/4747/1929 808/4746/808
f 5362/4753/5359 1855/4648/1854 1930/4747/1929
f 1855/4648/1854 202/414/202 1930/4747/1929
f 5360/4750/5357 5362/4753/5359 808/4746/808
f 5360/4750/5357 5361/4752/5358 5362/4753/5359
f 5361/4752/5358 733/4646/733 5362/4753/5359
f 3051/4751/3049 3052/413/3050 194/382/194
f 3051/4751/3049 5360/4750/5357 3052/413/3050
f 5360/4750/5357 808/4746/808 3052/413/3050
f 5359/4748/5356 1931/416/1930 809/4737/809
f 5359/4748/5356 1930/4747/1929 1931/416/1930
f 1930/4747/1929 202/414/202 1931/416/1930
f 5357/4743/5354 5359/4748/5356 809/4737/809
f 5357/4743/5354 5358/4745/5355 5359/4748/5356
f 5358/4745/5355 808/4746/808 5359/4748/5356
f 1847/4744/1846 3053/4739/3051 195/386/195
f 1847/4744/1846 5357/4743/5354 3053/4739/3051
f 5357/4743/5354 809/4737/809 3053/4739/3051
f 5356/4741/5353 1932/4735/1931 810/4734/810
f 5356/4741/5353 1856/4636/1855 1932/4735/1931
f 1856/4636/1855 203/418/203 1932/4735/1931
f 5354/4738/5351 5356/4741/5353 810/4734/810
f 5354/4738/5351 5355/4740/5352 5356/4741/5353
f 5355/4740/5352 734/4634/734 5356/4741/5353
f 3053/4739/3051 3054/417/3052 195/386/195
f 3053/4739/3051 5354/4738/5351 3054/417/3052
f 5354/4738/5351 810/4734/810 3054/417/3052
f 5353/4736/5350 1933/420/1932 811/4725/811
f 5353/4736/5350 1932/4735/1931 1933/420/1932
f 1932/4735/1931 203/418/203 1933/420/1932
f 5351/4731/5348 5353/4736/5350 811/4725/811
f 5351/4731/5348 5352/4733/5349 5353/4736/5350
f 5352/4733/5349 810/4734/810 5353/4736/5350
f 1848/4732/1847 3055/4727/3053 196/390/196
f 1848/4732/1847 5351/4731/5348 3055/4727/3053
f 5351/4731/5348 811/4725/811 3055/4727/3053
f 5350/4729/5347 1934/4723/1933 812/4722/812
f 5350/4729/5347 1857/4624/1856 1934/4723/1933
f 1857/4624/1856 204/422/204 1934/4723/1933
f 5348/4726/5345 5350/4729/5347 812/4722/812
f 5348/4726/5345 5349/4728/5346 5350/4729/5347
f 5349/4728/5346 735/4622/735 5350/4729/5347
f 3055/4727/3053 3056/421/3054 196/390/196
f 3055/4727/3053 5348/4726/5345 3056/421/3054
f 5348/4726/5345 812/4722/812 3056/421/3054
f 5347/4724/5344 1935/424/1934 813/4713/813
f 5347/4724/5344 1934/4723/1933 1935/424/1934
f 1934/4723/1933 204/422/204 1935/424/1934
f 5345/4719/5342 5347/4724/5344 813/4713/813
f 5345/4719/5342 5346/4721/5343 5347/4724/5344
f 5346/4721/5343 812/4722/812 5347/4724/5344
f 1849/4720/1848 3057/4715/3055 197/394/197
f 1849/4720/1848 5345/4719/5342 3057/4715/3055
f 5345/4719/5342 813/4713/813 3057/4715/3055
f 5344/4717/5341 1936/4711/1935 814/4710/814
f 5344/4717/5341 1858/4612/1857 1936/4711/1935
f 1858/4612/1857 205/426/205 1936/4711/1935
f 5342/4714/5339 5344/4717/5341 814/4710/814
f 5342/4714/5339 5343/4716/5340 5344/4717/5341
f 5343/4716/5340 736/4610/736 5344/4717/5341
f 3057/4715/3055 3058/425/3056 197/394/197
f 3057/4715/3055 5342/4714/5339 3058/425/3056
f 5342/4714/5339 814/4710/814 3058/425/3056
f 5341/4712/5338 1937/428/1936 815/4701/815
f 5341/4712/5338 1936/4711/1935 1937/428/1936
f 1936/4711/1935 205/426/205 1937/428/1936
f 5339/4707/5336 5341/4712/5338 815/4701/815
f 5339/4707/5336 5340/4709/5337 5341/4712/5338
f 5340/4709/5337 814/4710/814 5341/4712/5338
f 1850/4708/1849 3059/4703/3057 198/398/198
f 1850/4708/1849 5339/4707/5336 3059/4703/3057
f 5339/4707/5336 815/4701/815 3059/4703/3057
f 5338/4705/5335 1938/4699/1937 816/4698/816
f 5338/4705/5335 1859/4600/1858 1938/4699/1937
f 1859/4600/1858 206/430/206 1938/4699/1937
f 5336/4702/5333 5338/4705/5335 816/4698/816
f 5336/4702/5333 5337/4704/5334 5338/4705/5335
f 5337/4704/5334 737/4598/737 5338/4705/5335
f 3059/4703/3057 3060/429/3058 198/398/198
f 3059/4703/3057 5336/4702/5333 3060/429/3058
f 5336/4702/5333 816/4698/816 3060/429/3058
f 5335/4700/5332 1939/432/1938 817/4689/817
f 5335/4700/5332 1938/4699/1937 1939/432/1938
f 1938/4699/1937 206/430/206 1939/432/1938
f 5333/4695/5330 5335/4700/5332 817/4689/817
f 5333/4695/5330 5334/4697/5331 5335/4700/5332
f 5334/4697/5331 816/4698/816 5335/4700/5332
f 1851/4696/1850 3061/4691/3059 199/402/199
f 1851/4696/1850 5333/4695/5330 3061/4691/3059
f 5333/4695/5330 817/4689/817 3061/4691/3059
f 5332/4693/5329 1940/4687/1939 818/4686/818
f 5332/4693/5329 1860/4588/1859 1940/4687/1939
f 1860/4588/1859 207/434/207 1940/4687/1939
f 5330/4690/5327 5332/4693/5329 818/4686/818
f 5330/4690/5327 5331/4692/5328 5332/4693/5329
f 5331/4692/5328 738/4586/738 5332/4693/5329
f 3061/4691/3059 3062/433/3060 199/402/199
f 3061/4691/3059 5330/4690/5327 3062/433/3060
f 5330/4690/5327 818/4686/818 3062/433/3060
f 5329/4688/5326 1941/436/1940 819/4677/819
f 5329/4688/5326 1940/4687/1939 1941/436/1940
f 1940/4687/1939 207/434/207 1941/436/1940
f 5327/4683/5324 5329/4688/5326 819/4677/819
f 5327/4683/5324 5328/4685/5325 5329/4688/5326
f 5328/4685/5325 818/4686/818 5329/4688/5326
f 1852/4684/1851 3063/4679/3061 200/406/200
f 1852/4684/1851 5327/4683/5324 3063/4679/3061
f 5327/4683/5324 819/4677/819 3063/4679/3061
f 5326/4681/5323 1942/4675/1941 820/4674/820
f 5326/4681/5323 1861/4576/1860 1942/4675/1941
f 1861/4576/1860 208/438/208 1942/4675/1941
f 5324/4678/5321 5326/4681/5323 820/4674/820
f 5324/4678/5321 5325/4680/5322 5326/4681/5323
f 5325/4680/5322 739/4574/739 5326/4681/5323
f 3063/4679/3061 3064/437/3062 200/406/200
f 3063/4679/3061 5324/4678/5321 3064/437/3062
f 5324/4678/5321 820/4674/820 3064/437/3062
f 5323/4676/5320 1943/440/1942 821/4665/821
f 5323/4676/5320 1942/4675/1941 1943/440/1942
f 1942/4675/1941 208/438/208 1943/440/1942
f 5321/4671/5318 5323/4676/5320 821/4665/821
f 5321/4671/5318 5322/4673/5319 5323/4676/5320
f 5322/4673/5319 820/4674/820 5323/4676/5320
f 1845/4672/1844 3065/4667/3063 110/5908/110
f 1845/4672/1844 5321/4671/5318 3065/4667/3063
f 5321/4671/5318 821/4665/821 3065/4667/3063
f 5320/4669/5317 2756/5909/2754 512/5907/512
f 5320/4669/5317 1853/4564/1852 2756/5909/2754
f 1853/4564/1852 109/5904/109 2756/5909/2754
f 5318/4666/5315 5320/4669/5317 512/5907/512
f 5318/4666/5315 5319/4668/5316 5320/4669/5317
f 5319/4668/5316 731/4562/731 5320/4669/5317
f 3065/4667/3063 1634/5906/1633 110/5908/110
f 3065/4667/3063 5318/4666/5315 1634/5906/1633
f 5318/4666/5315 512/5907/512 1634/5906/1633
f 5317/4664/5314 1945/444/1944 823/4653/823
f 5317/4664/5314 1944/4663/1943 1945/444/1944
f 1944/4663/1943 209/442/209 1945/444/1944
f 5315/4659/5312 5317/4664/5314 823/4653/823
f 5315/4659/5312 5316/4661/5313 5317/4664/5314
f 5316/4661/5313 822/4662/822 5317/4664/5314
f 1854/4660/1853 3067/4655/3065 201/410/201
f 1854/4660/1853 5315/4659/5312 3067/4655/3065
f 5315/4659/5312 823/4653/823 3067/4655/3065
f 5314/4657/5311 1946/4651/1945 824/4650/824
f 5314/4657/5311 1864/4538/1863 1946/4651/1945
f 1864/4538/1863 210/446/210 1946/4651/1945
f 5312/4654/5309 5314/4657/5311 824/4650/824
f 5312/4654/5309 5313/4656/5310 5314/4657/5311
f 5313/4656/5310 742/4536/742 5314/4657/5311
f 3067/4655/3065 3068/445/3066 201/410/201
f 3067/4655/3065 5312/4654/5309 3068/445/3066
f 5312/4654/5309 824/4650/824 3068/445/3066
f 5311/4652/5308 1947/448/1946 825/4641/825
f 5311/4652/5308 1946/4651/1945 1947/448/1946
f 1946/4651/1945 210/446/210 1947/448/1946
f 5309/4647/5306 5311/4652/5308 825/4641/825
f 5309/4647/5306 5310/4649/5307 5311/4652/5308
f 5310/4649/5307 824/4650/824 5311/4652/5308
f 1855/4648/1854 3069/4643/3067 202/414/202
f 1855/4648/1854 5309/4647/5306 3069/4643/3067
f 5309/4647/5306 825/4641/825 3069/4643/3067
f 5308/4645/5305 1948/4639/1947 826/4638/826
f 5308/4645/5305 1865/4524/1864 1948/4639/1947
f 1865/4524/1864 211/450/211 1948/4639/1947
f 5306/4642/5303 5308/4645/5305 826/4638/826
f 5306/4642/5303 5307/4644/5304 5308/4645/5305
f 5307/4644/5304 743/4522/743 5308/4645/5305
f 3069/4643/3067 3070/449/3068 202/414/202
f 3069/4643/3067 5306/4642/5303 3070/449/3068
f 5306/4642/5303 826/4638/826 3070/449/3068
f 5305/4640/5302 1949/452/1948 827/4629/827
f 5305/4640/5302 1948/4639/1947 1949/452/1948
f 1948/4639/1947 211/450/211 1949/452/1948
f 5303/4635/5300 5305/4640/5302 827/4629/827
f 5303/4635/5300 5304/4637/5301 5305/4640/5302
f 5304/4637/5301 826/4638/826 5305/4640/5302
f 1856/4636/1855 3071/4631/3069 203/418/203
f 1856/4636/1855 5303/4635/5300 3071/4631/3069
f 5303/4635/5300 827/4629/827 3071/4631/3069
f 5302/4633/5299 1950/4627/1949 828/4626/828
f 5302/4633/5299 1866/4510/1865 1950/4627/1949
f 1866/4510/1865 212/454/212 1950/4627/1949
f 5300/4630/5297 5302/4633/5299 828/4626/828
f 5300/4630/5297 5301/4632/5298 5302/4633/5299
f 5301/4632/5298 744/4508/744 5302/4633/5299
f 3071/4631/3069 3072/453/3070 203/418/203
f 3071/4631/3069 5300/4630/5297 3072/453/3070
f 5300/4630/5297 828/4626/828 3072/453/3070
f 5299/4628/5296 1951/456/1950 829/4617/829
f 5299/4628/5296 1950/4627/1949 1951/456/1950
f 1950/4627/1949 212/454/212 1951/456/1950
f 5297/4623/5294 5299/4628/5296 829/4617/829
f 5297/4623/5294 5298/4625/5295 5299/4628/5296
f 5298/4625/5295 828/4626/828 5299/4628/5296
f 1857/4624/1856 3073/4619/3071 204/422/204
f 1857/4624/1856 5297/4623/5294 3073/4619/3071
f 5297/4623/5294 829/4617/829 3073/4619/3071
f 5296/4621/5293 1952/4615/1951 830/4614/830
f 5296/4621/5293 1867/4496/1866 1952/4615/1951
f 1867/4496/1866 213/458/213 1952/4615/1951
f 5294/4618/5291 5296/4621/5293 830/4614/830
f 5294/4618/5291 5295/4620/5292 5296/4621/5293
f 5295/4620/5292 745/4494/745 5296/4621/5293
f 3073/4619/3071 3074/457/3072 204/422/204
f 3073/4619/3071 5294/4618/5291 3074/457/3072
f 5294/4618/5291 830/4614/830 3074/457/3072
f 5293/4616/5290 1953/460/1952 831/4605/831
f 5293/4616/5290 1952/4615/1951 1953/460/1952
f 1952/4615/1951 213/458/213 1953/460/1952
f 5291/4611/5288 5293/4616/5290 831/4605/831
f 5291/4611/5288 5292/4613/5289 5293/4616/5290
f 5292/4613/5289 830/4614/830 5293/4616/5290
f 1858/4612/1857 3075/4607/3073 205/426/205
f 1858/4612/1857 5291/4611/5288 3075/4607/3073
f 5291/4611/5288 831/4605/831 3075/4607/3073
f 5290/4609/5287 1954/4603/1953 832/4602/832
f 5290/4609/5287 1868/4482/1867 1954/4603/1953
f 1868/4482/1867 214/462/214 1954/4603/1953
f 5288/4606/5285 5290/4609/5287 832/4602/832
f 5288/4606/5285 5289/4608/5286 5290/4609/5287
f 5289/4608/5286 746/4480/746 5290/4609/5287
f 3075/4607/3073 3076/461/3074 205/426/205
f 3075/4607/3073 5288/4606/5285 3076/461/3074
f 5288/4606/5285 832/4602/832 3076/461/3074
f 5287/4604/5284 1955/464/1954 833/4593/833
f 5287/4604/5284 1954/4603/1953 1955/464/1954
f 1954/4603/1953 214/462/214 1955/464/1954
f 5285/4599/5282 5287/4604/5284 833/4593/833
f 5285/4599/5282 5286/4601/5283 5287/4604/5284
f 5286/4601/5283 832/4602/832 5287/4604/5284
f 1859/4600/1858 3077/4595/3075 206/430/206
f 1859/4600/1858 5285/4599/5282 3077/4595/3075
f 5285/4599/5282 833/4593/833 3077/4595/3075
f 5284/4597/5281 1956/4591/1955 834/4590/834
f 5284/4597/5281 1869/4468/1868 1956/4591/1955
f 1869/4468/1868 215/466/215 1956/4591/1955
f 5282/4594/5279 5284/4597/5281 834/4590/834
f 5282/4594/5279 5283/4596/5280 5284/4597/5281
f 5283/4596/5280 747/4466/747 5284/4597/5281
f 3077/4595/3075 3078/465/3076 206/430/206
f 3077/4595/3075 5282/4594/5279 3078/465/3076
f 5282/4594/5279 834/4590/834 3078/465/3076
f 5281/4592/5278 1957/468/1956 835/4581/835
f 5281/4592/5278 1956/4591/1955 1957/468/1956
f 1956/4591/1955 215/466/215 1957/468/1956
f 5279/4587/5276 5281/4592/5278 835/4581/835
f 5279/4587/5276 5280/4589/5277 5281/4592/5278
f 5280/4589/5277 834/4590/834 5281/4592/5278
f 1860/4588/1859 3079/4583/3077 207/434/207
f 1860/4588/1859 5279/4587/5276 3079/4583/3077
f 5279/4587/5276 835/4581/835 3079/4583/3077
f 5278/4585/5275 1958/4579/1957 836/4578/836
f 5278/4585/5275 1870/4454/1869 1958/4579/1957
f 1870/4454/1869 216/470/216 1958/4579/1957
f 5276/4582/5273 5278/4585/5275 836/4578/836
f 5276/4582/5273 5277/4584/5274 5278/4585/5275
f 5277/4584/5274 748/4452/748 5278/4585/5275
f 3079/4583/3077 3080/469/3078 207/434/207
f 3079/4583/3077 5276/4582/5273 3080/469/3078
f 5276/4582/5273 836/4578/836 3080/469/3078
f 5275/4580/5272 1959/472/1958 837/4569/837
f 5275/4580/5272 1958/4579/1957 1959/472/1958
f 1958/4579/1957 216/470/216 1959/472/1958
f 5273/4575/5270 5275/4580/5272 837/4569/837
f 5273/4575/5270 5274/4577/5271 5275/4580/5272
f 5274/4577/5271 836/4578/836 5275/4580/5272
f 1861/4576/1860 3081/4571/3079 208/438/208
f 1861/4576/1860 5273/4575/5270 3081/4571/3079
f 5273/4575/5270 837/4569/837 3081/4571/3079
f 5272/4573/5269 1960/4567/1959 838/4566/838
f 5272/4573/5269 1871/4440/1870 1960/4567/1959
f 1871/4440/1870 217/474/217 1960/4567/1959
f 5270/4570/5267 5272/4573/5269 838/4566/838
f 5270/4570/5267 5271/4572/5268 5272/4573/5269
f 5271/4572/5268 749/4438/749 5272/4573/5269
f 3081/4571/3079 3082/473/3080 208/438/208
f 3081/4571/3079 5270/4570/5267 3082/473/3080
f 5270/4570/5267 838/4566/838 3082/473/3080
f 5269/4568/5266 1961/476/1960 839/4557/839
f 5269/4568/5266 1960/4567/1959 1961/476/1960
f 1960/4567/1959 217/474/217 1961/476/1960
f 5267/4563/5264 5269/4568/5266 839/4557/839
f 5267/4563/5264 5268/4565/5265 5269/4568/5266
f 5268/4565/5265 838/4566/838 5269/4568/5266
f 1853/4564/1852 3083/4559/3081 109/5904/109
f 1853/4564/1852 5267/4563/5264 3083/4559/3081
f 5267/4563/5264 839/4557/839 3083/4559/3081
f 5266/4561/5263 2755/5905/2753 511/5903/511
f 5266/4561/5263 1862/4426/1861 2755/5905/2753
f 1862/4426/1861 108/5899/108 2755/5905/2753
f 5264/4558/5261 5266/4561/5263 511/5903/511
f 5264/4558/5261 5265/4560/5262 5266/4561/5263
f 5265/4560/5262 740/4424/740 5266/4561/5263
f 3083/4559/3081 1633/5902/1632 109/5904/109
f 3083/4559/3081 5264/4558/5261 1633/5902/1632
f 5264/4558/5261 511/5903/511 1633/5902/1632
f 5263/4556/5260 1963/480/1962 841/4543/841
f 5263/4556/5260 1962/4555/1961 1963/480/1962
f 1962/4555/1961 47/478/47 1963/480/1962
f 5261/4551/5258 5263/4556/5260 841/4543/841
f 5261/4551/5258 5262/4553/5259 5263/4556/5260
f 5262/4553/5259 840/4554/840 5263/4556/5260
f 1863/4552/1862 3085/4545/3083 209/442/209
f 1863/4552/1862 5261/4551/5258 3085/4545/3083
f 5261/4551/5258 841/4543/841 3085/4545/3083
f 5260/4549/5257 1964/4541/1963 842/4540/842
f 5260/4549/5257 2693/4548/2691 1964/4541/1963
f 2693/4548/2691 46/482/46 1964/4541/1963
f 5258/4544/5255 5260/4549/5257 842/4540/842
f 5258/4544/5255 5259/4546/5256 5260/4549/5257
f 5259/4546/5256 449/4547/449 5260/4549/5257
f 3085/4545/3083 3086/481/3084 209/442/209
f 3085/4545/3083 5258/4544/5255 3086/481/3084
f 5258/4544/5255 842/4540/842 3086/481/3084
f 5257/4542/5254 1965/484/1964 843/4529/843
f 5257/4542/5254 1964/4541/1963 1965/484/1964
f 1964/4541/1963 46/482/46 1965/484/1964
f 5255/4537/5252 5257/4542/5254 843/4529/843
f 5255/4537/5252 5256/4539/5253 5257/4542/5254
f 5256/4539/5253 842/4540/842 5257/4542/5254
f 1864/4538/1863 3087/4531/3085 210/446/210
f 1864/4538/1863 5255/4537/5252 3087/4531/3085
f 5255/4537/5252 843/4529/843 3087/4531/3085
f 5254/4535/5251 1966/4527/1965 844/4526/844
f 5254/4535/5251 2692/4534/2690 1966/4527/1965
f 2692/4534/2690 45/486/45 1966/4527/1965
f 5252/4530/5249 5254/4535/5251 844/4526/844
f 5252/4530/5249 5253/4532/5250 5254/4535/5251
f 5253/4532/5250 448/4533/448 5254/4535/5251
f 3087/4531/3085 3088/485/3086 210/446/210
f 3087/4531/3085 5252/4530/5249 3088/485/3086
f 5252/4530/5249 844/4526/844 3088/485/3086
f 5251/4528/5248 1967/488/1966 845/4515/845
f 5251/4528/5248 1966/4527/1965 1967/488/1966
f 1966/4527/1965 45/486/45 1967/488/1966
f 5249/4523/5246 5251/4528/5248 845/4515/845
f 5249/4523/5246 5250/4525/5247 5251/4528/5248
f 5250/4525/5247 844/4526/844 5251/4528/5248
f 1865/4524/1864 3089/4517/3087 211/450/211
f 1865/4524/1864 5249/4523/5246 3089/4517/3087
f 5249/4523/5246 845/4515/845 3089/4517/3087
f 5248/4521/5245 1968/4513/1967 846/4512/846
f 5248/4521/5245 2691/4520/2689 1968/4513/1967
f 2691/4520/2689 44/490/44 1968/4513/1967
f 5246/4516/5243 5248/4521/5245 846/4512/846
f 5246/4516/5243 5247/4518/5244 5248/4521/5245
f 5247/4518/5244 447/4519/447 5248/4521/5245
f 3089/4517/3087 3090/489/3088 211/450/211
f 3089/4517/3087 5246/4516/5243 3090/489/3088
f 5246/4516/5243 846/4512/846 3090/489/3088
f 5245/4514/5242 1969/492/1968 847/4501/847
f 5245/4514/5242 1968/4513/1967 1969/492/1968
f 1968/4513/1967 44/490/44 1969/492/1968
f 5243/4509/5240 5245/4514/5242 847/4501/847
f 5243/4509/5240 5244/4511/5241 5245/4514/5242
f 5244/4511/5241 846/4512/846 5245/4514/5242
f 1866/4510/1865 3091/4503/3089 212/454/212
f 1866/4510/1865 5243/4509/5240 3091/4503/3089
f 5243/4509/5240 847/4501/847 3091/4503/3089
f 5242/4507/5239 1970/4499/1969 848/4498/848
f 5242/4507/5239 2690/4506/2688 1970/4499/1969
f 2690/4506/2688 43/494/43 1970/4499/1969
f 5240/4502/5237 5242/4507/5239 848/4498/848
f 5240/4502/5237 5241/4504/5238 5242/4507/5239
f 5241/4504/5238 446/4505/446 5242/4507/5239
f 3091/4503/3089 3092/493/3090 212/454/212
f 3091/4503/3089 5240/4502/5237 3092/493/3090
f 5240/4502/5237 848/4498/848 3092/493/3090
f 5239/4500/5236 1971/496/1970 849/4487/849
f 5239/4500/5236 1970/4499/1969 1971/496/1970
f 1970/4499/1969 43/494/43 1971/496/1970
f 5237/4495/5234 5239/4500/5236 849/4487/849
f 5237/4495/5234 5238/4497/5235 5239/4500/5236
f 5238/4497/5235 848/4498/848 5239/4500/5236
f 1867/4496/1866 3093/4489/3091 213/458/213
f 1867/4496/1866 5237/4495/5234 3093/4489/3091
f 5237/4495/5234 849/4487/849 3093/4489/3091
f 5236/4493/5233 1972/4485/1971 850/4484/850
f 5236/4493/5233 2689/4492/2687 1972/4485/1971
f 2689/4492/2687 42/498/42 1972/4485/1971
f 5234/4488/5231 5236/4493/5233 850/4484/850
f 5234/4488/5231 5235/4490/5232 5236/4493/5233
f 5235/4490/5232 445/4491/445 5236/4493/5233
f 3093/4489/3091 3094/497/3092 213/458/213
f 3093/4489/3091 5234/4488/5231 3094/497/3092
f 5234/4488/5231 850/4484/850 3094/497/3092
f 5233/4486/5230 1973/500/1972 851/4473/851
f 5233/4486/5230 1972/4485/1971 1973/500/1972
f 1972/4485/1971 42/498/42 1973/500/1972
f 5231/4481/5228 5233/4486/5230 851/4473/851
f 5231/4481/5228 5232/4483/5229 5233/4486/5230
f 5232/4483/5229 850/4484/850 5233/4486/5230
f 1868/4482/1867 3095/4475/3093 214/462/214
f 1868/4482/1867 5231/4481/5228 3095/4475/3093
f 5231/4481/5228 851/4473/851 3095/4475/3093
f 5230/4479/5227 1974/4471/1973 852/4470/852
f 5230/4479/5227 2688/4478/2686 1974/4471/1973
f 2688/4478/2686 41/502/41 1974/4471/1973
f 5228/4474/5225 5230/4479/5227 852/4470/852
f 5228/4474/5225 5229/4476/5226 5230/4479/5227
f 5229/4476/5226 444/4477/444 5230/4479/5227
f 3095/4475/3093 3096/501/3094 214/462/214
f 3095/4475/3093 5228/4474/5225 3096/501/3094
f 5228/4474/5225 852/4470/852 3096/501/3094
f 5227/4472/5224 1975/504/1974 853/4459/853
f 5227/4472/5224 1974/4471/1973 1975/504/1974
f 1974/4471/1973 41/502/41 1975/504/1974
f 5225/4467/5222 5227/4472/5224 853/4459/853
f 5225/4467/5222 5226/4469/5223 5227/4472/5224
f 5226/4469/5223 852/4470/852 5227/4472/5224
f 1869/4468/1868 3097/4461/3095 215/466/215
f 1869/4468/1868 5225/4467/5222 3097/4461/3095
f 5225/4467/5222 853/4459/853 3097/4461/3095
f 5224/4465/5221 1976/4457/1975 854/4456/854
f 5224/4465/5221 2687/4464/2685 1976/4457/1975
f 2687/4464/2685 40/506/40 1976/4457/1975
f 5222/4460/5219 5224/4465/5221 854/4456/854
f 5222/4460/5219 5223/4462/5220 5224/4465/5221
f 5223/4462/5220 443/4463/443 5224/4465/5221
f 3097/4461/3095 3098/505/3096 215/466/215
f 3097/4461/3095 5222/4460/5219 3098/505/3096
f 5222/4460/5219 854/4456/854 3098/505/3096
f 5221/4458/5218 1977/508/1976 855/4445/855
f 5221/4458/5218 1976/4457/1975 1977/508/1976
f 1976/4457/1975 40/506/40 1977/508/1976
f 5219/4453/5216 5221/4458/5218 855/4445/855
f 5219/4453/5216 5220/4455/5217 5221/4458/5218
f 5220/4455/5217 854/4456/854 5221/4458/5218
f 1870/4454/1869 3099/4447/3097 216/470/216
f 1870/4454/1869 5219/4453/5216 3099/4447/3097
f 5219/4453/5216 855/4445/855 3099/4447/3097
f 5218/4451/5215 1978/4443/1977 856/4442/856
f 5218/4451/5215 2686/4450/2684 1978/4443/1977
f 2686/4450/2684 39/510/39 1978/4443/1977
f 5216/4446/5213 5218/4451/5215 856/4442/856
f 5216/4446/5213 5217/4448/5214 5218/4451/5215
f 5217/4448/5214 442/4449/442 5218/4451/5215
f 3099/4447/3097 3100/509/3098 216/470/216
f 3099/4447/3097 5216/4446/5213 3100/509/3098
f 5216/4446/5213 856/4442/856 3100/509/3098
f 5215/4444/5212 1979/512/1978 857/4431/857
f 5215/4444/5212 1978/4443/1977 1979/512/1978
f 1978/4443/1977 39/510/39 1979/512/1978
f 5213/4439/5210 5215/4444/5212 857/4431/857
f 5213/4439/5210 5214/4441/5211 5215/4444/5212
f 5214/4441/5211 856/4442/856 5215/4444/5212
f 1871/4440/1870 3101/4433/3099 217/474/217
f 1871/4440/1870 5213/4439/5210 3101/4433/3099
f 5213/4439/5210 857/4431/857 3101/4433/3099
f 5212/4437/5209 1980/4429/1979 858/4428/858
f 5212/4437/5209 2685/4436/2683 1980/4429/1979
f 2685/4436/2683 38/514/38 1980/4429/1979
f 5210/4432/5207 5212/4437/5209 858/4428/858
f 5210/4432/5207 5211/4434/5208 5212/4437/5209
f 5211/4434/5208 441/4435/441 5212/4437/5209
f 3101/4433/3099 3102/513/3100 217/474/217
f 3101/4433/3099 5210/4432/5207 3102/513/3100
f 5210/4432/5207 858/4428/858 3102/513/3100
f 5209/4430/5206 1981/516/1980 859/4417/859
f 5209/4430/5206 1980/4429/1979 1981/516/1980
f 1980/4429/1979 38/514/38 1981/516/1980
f 5207/4425/5204 5209/4430/5206 859/4417/859
f 5207/4425/5204 5208/4427/5205 5209/4430/5206
f 5208/4427/5205 858/4428/858 5209/4430/5206
f 1862/4426/1861 3103/4419/3101 108/5899/108
f 1862/4426/1861 5207/4425/5204 3103/4419/3101
f 5207/4425/5204 859/4417/859 3103/4419/3101
f 5206/4423/5203 2754/5900/2752 510/5898/510
f 5206/4423/5203 2684/4422/2682 2754/5900/2752
f 2684/4422/2682 5/5901/5 2754/5900/2752
f 5204/4418/5201 5206/4423/5203 510/5898/510
f 5204/4418/5201 5205/4420/5202 5206/4423/5203
f 5205/4420/5202 440/4421/440 5206/4423/5203
f 3103/4419/3101 1632/5897/1631 108/5899/108
f 3103/4419/3101 5204/4418/5201 1632/5897/1631
f 5204/4418/5201 510/5898/510 1632/5897/1631
f 5203/4416/5200 2653/269/2652 409/5142/409
f 5203/4416/5200 1982/4362/1981 2653/269/2652
f 1982/4362/1981 127/267/127 2653/269/2652
f 5201/4413/5198 5203/4416/5200 409/5142/409
f 5201/4413/5198 5202/4415/5199 5203/4416/5200
f 5202/4415/5199 860/4360/860 5203/4416/5200
f 1527/4414/1527 1531/5144/1531 7/5940/7
f 1527/4414/1527 5201/4413/5198 1531/5144/1531
f 5201/4413/5198 409/5142/409 1531/5144/1531
f 5200/4411/5197 2037/4365/2036 915/4364/915
f 5200/4411/5197 1984/4350/1983 2037/4365/2036
f 1984/4350/1983 218/548/218 2037/4365/2036
f 5198/4408/5195 5200/4411/5197 915/4364/915
f 5198/4408/5195 5199/4410/5196 5200/4411/5197
f 5199/4410/5196 862/4348/862 5200/4411/5197
f 1611/4409/1610 3159/547/3157 87/517/87
f 1611/4409/1610 5198/4408/5195 3159/547/3157
f 5198/4408/5195 915/4364/915 3159/547/3157
f 5197/4406/5194 2039/4353/2038 917/4352/917
f 5197/4406/5194 1986/4326/1985 2039/4353/2038
f 1986/4326/1985 219/552/219 2039/4353/2038
f 5195/4403/5192 5197/4406/5194 917/4352/917
f 5195/4403/5192 5196/4405/5193 5197/4406/5194
f 5196/4405/5193 864/4324/864 5197/4406/5194
f 1610/4404/1609 3161/551/3159 86/520/86
f 1610/4404/1609 5195/4403/5192 3161/551/3159
f 5195/4403/5192 917/4352/917 3161/551/3159
f 5194/4401/5191 2043/4329/2042 921/4328/921
f 5194/4401/5191 1989/4290/1988 2043/4329/2042
f 1989/4290/1988 221/560/221 2043/4329/2042
f 5192/4398/5189 5194/4401/5191 921/4328/921
f 5192/4398/5189 5193/4400/5190 5194/4401/5191
f 5193/4400/5190 867/4288/867 5194/4401/5191
f 1609/4399/1608 3165/559/3163 85/523/85
f 1609/4399/1608 5192/4398/5189 3165/559/3163
f 5192/4398/5189 921/4328/921 3165/559/3163
f 5191/4396/5188 2049/4293/2048 927/4292/927
f 5191/4396/5188 1993/4242/1992 2049/4293/2048
f 1993/4242/1992 224/572/224 2049/4293/2048
f 5189/4393/5186 5191/4396/5188 927/4292/927
f 5189/4393/5186 5190/4395/5187 5191/4396/5188
f 5190/4395/5187 871/4240/871 5191/4396/5188
f 1608/4394/1607 3171/571/3169 84/526/84
f 1608/4394/1607 5189/4393/5186 3171/571/3169
f 5189/4393/5186 927/4292/927 3171/571/3169
f 5188/4391/5185 2057/4245/2056 935/4244/935
f 5188/4391/5185 1998/4182/1997 2057/4245/2056
f 1998/4182/1997 228/588/228 2057/4245/2056
f 5186/4388/5183 5188/4391/5185 935/4244/935
f 5186/4388/5183 5187/4390/5184 5188/4391/5185
f 5187/4390/5184 876/4180/876 5188/4391/5185
f 1607/4389/1606 3179/587/3177 83/529/83
f 1607/4389/1606 5186/4388/5183 3179/587/3177
f 5186/4388/5183 935/4244/935 3179/587/3177
f 5185/4386/5182 2067/4185/2066 945/4184/945
f 5185/4386/5182 2004/4110/2003 2067/4185/2066
f 2004/4110/2003 233/608/233 2067/4185/2066
f 5183/4383/5180 5185/4386/5182 945/4184/945
f 5183/4383/5180 5184/4385/5181 5185/4386/5182
f 5184/4385/5181 882/4108/882 5185/4386/5182
f 1606/4384/1605 3189/607/3187 82/532/82
f 1606/4384/1605 5183/4383/5180 3189/607/3187
f 5183/4383/5180 945/4184/945 3189/607/3187
f 5182/4381/5179 2079/4113/2078 957/4112/957
f 5182/4381/5179 2011/4026/2010 2079/4113/2078
f 2011/4026/2010 239/632/239 2079/4113/2078
f 5180/4378/5177 5182/4381/5179 957/4112/957
f 5180/4378/5177 5181/4380/5178 5182/4381/5179
f 5181/4380/5178 889/4024/889 5182/4381/5179
f 1605/4379/1604 3201/631/3199 81/535/81
f 1605/4379/1604 5180/4378/5177 3201/631/3199
f 5180/4378/5177 957/4112/957 3201/631/3199
f 5179/4376/5176 2093/4029/2092 971/4028/971
f 5179/4376/5176 2019/3930/2018 2093/4029/2092
f 2019/3930/2018 246/660/246 2093/4029/2092
f 5177/4373/5174 5179/4376/5176 971/4028/971
f 5177/4373/5174 5178/4375/5175 5179/4376/5176
f 5178/4375/5175 897/3928/897 5179/4376/5176
f 1604/4374/1603 3215/659/3213 80/538/80
f 1604/4374/1603 5177/4373/5174 3215/659/3213
f 5177/4373/5174 971/4028/971 3215/659/3213
f 5176/4371/5173 2109/3933/2108 987/3932/987
f 5176/4371/5173 2028/3822/2027 2109/3933/2108
f 2028/3822/2027 254/692/254 2109/3933/2108
f 5174/4368/5171 5176/4371/5173 987/3932/987
f 5174/4368/5171 5175/4370/5172 5176/4371/5173
f 5175/4370/5172 906/3820/906 5176/4371/5173
f 1603/4369/1602 3231/691/3229 79/541/79
f 1603/4369/1602 5174/4368/5171 3231/691/3229
f 5174/4368/5171 987/3932/987 3231/691/3229
f 5173/4366/5170 2038/550/2037 916/4355/916
f 5173/4366/5170 2037/4365/2036 2038/550/2037
f 2037/4365/2036 218/548/218 2038/550/2037
f 5171/4361/5168 5173/4366/5170 916/4355/916
f 5171/4361/5168 5172/4363/5169 5173/4366/5170
f 5172/4363/5169 915/4364/915 5173/4366/5170
f 1982/4362/1981 3160/4357/3158 127/267/127
f 1982/4362/1981 5171/4361/5168 3160/4357/3158
f 5171/4361/5168 916/4355/916 3160/4357/3158
f 5170/4359/5167 2773/272/2771 529/5137/529
f 5170/4359/5167 1983/4338/1982 2773/272/2771
f 1983/4338/1982 126/270/126 2773/272/2771
f 5168/4356/5165 5170/4359/5167 529/5137/529
f 5168/4356/5165 5169/4358/5166 5170/4359/5167
f 5169/4358/5166 861/4336/861 5170/4359/5167
f 3160/4357/3158 1651/5139/1650 127/267/127
f 3160/4357/3158 5168/4356/5165 1651/5139/1650
f 5168/4356/5165 529/5137/529 1651/5139/1650
f 5167/4354/5164 2040/554/2039 918/4343/918
f 5167/4354/5164 2039/4353/2038 2040/554/2039
f 2039/4353/2038 219/552/219 2040/554/2039
f 5165/4349/5162 5167/4354/5164 918/4343/918
f 5165/4349/5162 5166/4351/5163 5167/4354/5164
f 5166/4351/5163 917/4352/917 5167/4354/5164
f 1984/4350/1983 3162/4345/3160 218/548/218
f 1984/4350/1983 5165/4349/5162 3162/4345/3160
f 5165/4349/5162 918/4343/918 3162/4345/3160
f 5164/4347/5161 2041/4341/2040 919/4340/919
f 5164/4347/5161 1987/4314/1986 2041/4341/2040
f 1987/4314/1986 220/556/220 2041/4341/2040
f 5162/4344/5159 5164/4347/5161 919/4340/919
f 5162/4344/5159 5163/4346/5160 5164/4347/5161
f 5163/4346/5160 865/4312/865 5164/4347/5161
f 3162/4345/3160 3163/555/3161 218/548/218
f 3162/4345/3160 5162/4344/5159 3163/555/3161
f 5162/4344/5159 919/4340/919 3163/555/3161
f 5161/4342/5158 2042/558/2041 920/4331/920
f 5161/4342/5158 2041/4341/2040 2042/558/2041
f 2041/4341/2040 220/556/220 2042/558/2041
f 5159/4337/5156 5161/4342/5158 920/4331/920
f 5159/4337/5156 5160/4339/5157 5161/4342/5158
f 5160/4339/5157 919/4340/919 5161/4342/5158
f 1983/4338/1982 3164/4333/3162 126/270/126
f 1983/4338/1982 5159/4337/5156 3164/4333/3162
f 5159/4337/5156 920/4331/920 3164/4333/3162
f 5158/4335/5155 2772/275/2770 528/5132/528
f 5158/4335/5155 1985/4302/1984 2772/275/2770
f 1985/4302/1984 125/273/125 2772/275/2770
f 5156/4332/5153 5158/4335/5155 528/5132/528
f 5156/4332/5153 5157/4334/5154 5158/4335/5155
f 5157/4334/5154 863/4300/863 5158/4335/5155
f 3164/4333/3162 1650/5134/1649 126/270/126
f 3164/4333/3162 5156/4332/5153 1650/5134/1649
f 5156/4332/5153 528/5132/528 1650/5134/1649
f 5155/4330/5152 2044/562/2043 922/4319/922
f 5155/4330/5152 2043/4329/2042 2044/562/2043
f 2043/4329/2042 221/560/221 2044/562/2043
f 5153/4325/5150 5155/4330/5152 922/4319/922
f 5153/4325/5150 5154/4327/5151 5155/4330/5152
f 5154/4327/5151 921/4328/921 5155/4330/5152
f 1986/4326/1985 3166/4321/3164 219/552/219
f 1986/4326/1985 5153/4325/5150 3166/4321/3164
f 5153/4325/5150 922/4319/922 3166/4321/3164
f 5152/4323/5149 2045/4317/2044 923/4316/923
f 5152/4323/5149 1990/4278/1989 2045/4317/2044
f 1990/4278/1989 222/564/222 2045/4317/2044
f 5150/4320/5147 5152/4323/5149 923/4316/923
f 5150/4320/5147 5151/4322/5148 5152/4323/5149
f 5151/4322/5148 868/4276/868 5152/4323/5149
f 3166/4321/3164 3167/563/3165 219/552/219
f 3166/4321/3164 5150/4320/5147 3167/563/3165
f 5150/4320/5147 923/4316/923 3167/563/3165
f 5149/4318/5146 2046/566/2045 924/4307/924
f 5149/4318/5146 2045/4317/2044 2046/566/2045
f 2045/4317/2044 222/564/222 2046/566/2045
f 5147/4313/5144 5149/4318/5146 924/4307/924
f 5147/4313/5144 5148/4315/5145 5149/4318/5146
f 5148/4315/5145 923/4316/923 5149/4318/5146
f 1987/4314/1986 3168/4309/3166 220/556/220
f 1987/4314/1986 5147/4313/5144 3168/4309/3166
f 5147/4313/5144 924/4307/924 3168/4309/3166
f 5146/4311/5143 2047/4305/2046 925/4304/925
f 5146/4311/5143 1991/4266/1990 2047/4305/2046
f 1991/4266/1990 223/568/223 2047/4305/2046
f 5144/4308/5141 5146/4311/5143 925/4304/925
f 5144/4308/5141 5145/4310/5142 5146/4311/5143
f 5145/4310/5142 869/4264/869 5146/4311/5143
f 3168/4309/3166 3169/567/3167 220/556/220
f 3168/4309/3166 5144/4308/5141 3169/567/3167
f 5144/4308/5141 925/4304/925 3169/567/3167
f 5143/4306/5140 2048/570/2047 926/4295/926
f 5143/4306/5140 2047/4305/2046 2048/570/2047
f 2047/4305/2046 223/568/223 2048/570/2047
f 5141/4301/5138 5143/4306/5140 926/4295/926
f 5141/4301/5138 5142/4303/5139 5143/4306/5140
f 5142/4303/5139 925/4304/925 5143/4306/5140
f 1985/4302/1984 3170/4297/3168 125/273/125
f 1985/4302/1984 5141/4301/5138 3170/4297/3168
f 5141/4301/5138 926/4295/926 3170/4297/3168
f 5140/4299/5137 2771/278/2769 527/5127/527
f 5140/4299/5137 1988/4254/1987 2771/278/2769
f 1988/4254/1987 124/276/124 2771/278/2769
f 5138/4296/5135 5140/4299/5137 527/5127/527
f 5138/4296/5135 5139/4298/5136 5140/4299/5137
f 5139/4298/5136 866/4252/866 5140/4299/5137
f 3170/4297/3168 1649/5129/1648 125/273/125
f 3170/4297/3168 5138/4296/5135 1649/5129/1648
f 5138/4296/5135 527/5127/527 1649/5129/1648
f 5137/4294/5134 2050/574/2049 928/4283/928
f 5137/4294/5134 2049/4293/2048 2050/574/2049
f 2049/4293/2048 224/572/224 2050/574/2049
f 5135/4289/5132 5137/4294/5134 928/4283/928
f 5135/4289/5132 5136/4291/5133 5137/4294/5134
f 5136/4291/5133 927/4292/927 5137/4294/5134
f 1989/4290/1988 3172/4285/3170 221/560/221
f 1989/4290/1988 5135/4289/5132 3172/4285/3170
f 5135/4289/5132 928/4283/928 3172/4285/3170
f 5134/4287/5131 2051/4281/2050 929/4280/929
f 5134/4287/5131 1994/4230/1993 2051/4281/2050
f 1994/4230/1993 225/576/225 2051/4281/2050
f 5132/4284/5129 5134/4287/5131 929/4280/929
f 5132/4284/5129 5133/4286/5130 5134/4287/5131
f 5133/4286/5130 872/4228/872 5134/4287/5131
f 3172/4285/3170 3173/575/3171 221/560/221
f 3172/4285/3170 5132/4284/5129 3173/575/3171
f 5132/4284/5129 929/4280/929 3173/575/3171
f 5131/4282/5128 2052/578/2051 930/4271/930
f 5131/4282/5128 2051/4281/2050 2052/578/2051
f 2051/4281/2050 225/576/225 2052/578/2051
f 5129/4277/5126 5131/4282/5128 930/4271/930
f 5129/4277/5126 5130/4279/5127 5131/4282/5128
f 5130/4279/5127 929/4280/929 5131/4282/5128
f 1990/4278/1989 3174/4273/3172 222/564/222
f 1990/4278/1989 5129/4277/5126 3174/4273/3172
f 5129/4277/5126 930/4271/930 3174/4273/3172
f 5128/4275/5125 2053/4269/2052 931/4268/931
f 5128/4275/5125 1995/4218/1994 2053/4269/2052
f 1995/4218/1994 226/580/226 2053/4269/2052
f 5126/4272/5123 5128/4275/5125 931/4268/931
f 5126/4272/5123 5127/4274/5124 5128/4275/5125
f 5127/4274/5124 873/4216/873 5128/4275/5125
f 3174/4273/3172 3175/579/3173 222/564/222
f 3174/4273/3172 5126/4272/5123 3175/579/3173
f 5126/4272/5123 931/4268/931 3175/579/3173
f 5125/4270/5122 2054/582/2053 932/4259/932
f 5125/4270/5122 2053/4269/2052 2054/582/2053
f 2053/4269/2052 226/580/226 2054/582/2053
f 5123/4265/5120 5125/4270/5122 932/4259/932
f 5123/4265/5120 5124/4267/5121 5125/4270/5122
f 5124/4267/5121 931/4268/931 5125/4270/5122
f 1991/4266/1990 3176/4261/3174 223/568/223
f 1991/4266/1990 5123/4265/5120 3176/4261/3174
f 5123/4265/5120 932/4259/932 3176/4261/3174
f 5122/4263/5119 2055/4257/2054 933/4256/933
f 5122/4263/5119 1996/4206/1995 2055/4257/2054
f 1996/4206/1995 227/584/227 2055/4257/2054
f 5120/4260/5117 5122/4263/5119 933/4256/933
f 5120/4260/5117 5121/4262/5118 5122/4263/5119
f 5121/4262/5118 874/4204/874 5122/4263/5119
f 3176/4261/3174 3177/583/3175 223/568/223
f 3176/4261/3174 5120/4260/5117 3177/583/3175
f 5120/4260/5117 933/4256/933 3177/583/3175
f 5119/4258/5116 2056/586/2055 934/4247/934
f 5119/4258/5116 2055/4257/2054 2056/586/2055
f 2055/4257/2054 227/584/227 2056/586/2055
f 5117/4253/5114 5119/4258/5116 934/4247/934
f 5117/4253/5114 5118/4255/5115 5119/4258/5116
f 5118/4255/5115 933/4256/933 5119/4258/5116
f 1988/4254/1987 3178/4249/3176 124/276/124
f 1988/4254/1987 5117/4253/5114 3178/4249/3176
f 5117/4253/5114 934/4247/934 3178/4249/3176
f 5116/4251/5113 2770/281/2768 526/5122/526
f 5116/4251/5113 1992/4194/1991 2770/281/2768
f 1992/4194/1991 123/279/123 2770/281/2768
f 5114/4248/5111 5116/4251/5113 526/5122/526
f 5114/4248/5111 5115/4250/5112 5116/4251/5113
f 5115/4250/5112 870/4192/870 5116/4251/5113
f 3178/4249/3176 1648/5124/1647 124/276/124
f 3178/4249/3176 5114/4248/5111 1648/5124/1647
f 5114/4248/5111 526/5122/526 1648/5124/1647
f 5113/4246/5110 2058/590/2057 936/4235/936
f 5113/4246/5110 2057/4245/2056 2058/590/2057
f 2057/4245/2056 228/588/228 2058/590/2057
f 5111/4241/5108 5113/4246/5110 936/4235/936
f 5111/4241/5108 5112/4243/5109 5113/4246/5110
f 5112/4243/5109 935/4244/935 5113/4246/5110
f 1993/4242/1992 3180/4237/3178 224/572/224
f 1993/4242/1992 5111/4241/5108 3180/4237/3178
f 5111/4241/5108 936/4235/936 3180/4237/3178
f 5110/4239/5107 2059/4233/2058 937/4232/937
f 5110/4239/5107 1999/4170/1998 2059/4233/2058
f 1999/4170/1998 229/592/229 2059/4233/2058
f 5108/4236/5105 5110/4239/5107 937/4232/937
f 5108/4236/5105 5109/4238/5106 5110/4239/5107
f 5109/4238/5106 877/4168/877 5110/4239/5107
f 3180/4237/3178 3181/591/3179 224/572/224
f 3180/4237/3178 5108/4236/5105 3181/591/3179
f 5108/4236/5105 937/4232/937 3181/591/3179
f 5107/4234/5104 2060/594/2059 938/4223/938
f 5107/4234/5104 2059/4233/2058 2060/594/2059
f 2059/4233/2058 229/592/229 2060/594/2059
f 5105/4229/5102 5107/4234/5104 938/4223/938
f 5105/4229/5102 5106/4231/5103 5107/4234/5104
f 5106/4231/5103 937/4232/937 5107/4234/5104
f 1994/4230/1993 3182/4225/3180 225/576/225
f 1994/4230/1993 5105/4229/5102 3182/4225/3180
f 5105/4229/5102 938/4223/938 3182/4225/3180
f 5104/4227/5101 2061/4221/2060 939/4220/939
f 5104/4227/5101 2000/4158/1999 2061/4221/2060
f 2000/4158/1999 230/596/230 2061/4221/2060
f 5102/4224/5099 5104/4227/5101 939/4220/939
f 5102/4224/5099 5103/4226/5100 5104/4227/5101
f 5103/4226/5100 878/4156/878 5104/4227/5101
f 3182/4225/3180 3183/595/3181 225/576/225
f 3182/4225/3180 5102/4224/5099 3183/595/3181
f 5102/4224/5099 939/4220/939 3183/595/3181
f 5101/4222/5098 2062/598/2061 940/4211/940
f 5101/4222/5098 2061/4221/2060 2062/598/2061
f 2061/4221/2060 230/596/230 2062/598/2061
f 5099/4217/5096 5101/4222/5098 940/4211/940
f 5099/4217/5096 5100/4219/5097 5101/4222/5098
f 5100/4219/5097 939/4220/939 5101/4222/5098
f 1995/4218/1994 3184/4213/3182 226/580/226
f 1995/4218/1994 5099/4217/5096 3184/4213/3182
f 5099/4217/5096 940/4211/940 3184/4213/3182
f 5098/4215/5095 2063/4209/2062 941/4208/941
f 5098/4215/5095 2001/4146/2000 2063/4209/2062
f 2001/4146/2000 231/600/231 2063/4209/2062
f 5096/4212/5093 5098/4215/5095 941/4208/941
f 5096/4212/5093 5097/4214/5094 5098/4215/5095
f 5097/4214/5094 879/4144/879 5098/4215/5095
f 3184/4213/3182 3185/599/3183 226/580/226
f 3184/4213/3182 5096/4212/5093 3185/599/3183
f 5096/4212/5093 941/4208/941 3185/599/3183
f 5095/4210/5092 2064/602/2063 942/4199/942
f 5095/4210/5092 2063/4209/2062 2064/602/2063
f 2063/4209/2062 231/600/231 2064/602/2063
f 5093/4205/5090 5095/4210/5092 942/4199/942
f 5093/4205/5090 5094/4207/5091 5095/4210/5092
f 5094/4207/5091 941/4208/941 5095/4210/5092
f 1996/4206/1995 3186/4201/3184 227/584/227
f 1996/4206/1995 5093/4205/5090 3186/4201/3184
f 5093/4205/5090 942/4199/942 3186/4201/3184
f 5092/4203/5089 2065/4197/2064 943/4196/943
f 5092/4203/5089 2002/4134/2001 2065/4197/2064
f 2002/4134/2001 232/604/232 2065/4197/2064
f 5090/4200/5087 5092/4203/5089 943/4196/943
f 5090/4200/5087 5091/4202/5088 5092/4203/5089
f 5091/4202/5088 880/4132/880 5092/4203/5089
f 3186/4201/3184 3187/603/3185 227/584/227
f 3186/4201/3184 5090/4200/5087 3187/603/3185
f 5090/4200/5087 943/4196/943 3187/603/3185
f 5089/4198/5086 2066/606/2065 944/4187/944
f 5089/4198/5086 2065/4197/2064 2066/606/2065
f 2065/4197/2064 232/604/232 2066/606/2065
f 5087/4193/5084 5089/4198/5086 944/4187/944
f 5087/4193/5084 5088/4195/5085 5089/4198/5086
f 5088/4195/5085 943/4196/943 5089/4198/5086
f 1992/4194/1991 3188/4189/3186 123/279/123
f 1992/4194/1991 5087/4193/5084 3188/4189/3186
f 5087/4193/5084 944/4187/944 3188/4189/3186
f 5086/4191/5083 2769/284/2767 525/5117/525
f 5086/4191/5083 1997/4122/1996 2769/284/2767
f 1997/4122/1996 122/282/122 2769/284/2767
f 5084/4188/5081 5086/4191/5083 525/5117/525
f 5084/4188/5081 5085/4190/5082 5086/4191/5083
f 5085/4190/5082 875/4120/875 5086/4191/5083
f 3188/4189/3186 1647/5119/1646 123/279/123
f 3188/4189/3186 5084/4188/5081 1647/5119/1646
f 5084/4188/5081 525/5117/525 1647/5119/1646
f 5083/4186/5080 2068/610/2067 946/4175/946
f 5083/4186/5080 2067/4185/2066 2068/610/2067
f 2067/4185/2066 233/608/233 2068/610/2067
f 5081/4181/5078 5083/4186/5080 946/4175/946
f 5081/4181/5078 5082/4183/5079 5083/4186/5080
f 5082/4183/5079 945/4184/945 5083/4186/5080
f 1998/4182/1997 3190/4177/3188 228/588/228
f 1998/4182/1997 5081/4181/5078 3190/4177/3188
f 5081/4181/5078 946/4175/946 3190/4177/3188
f 5080/4179/5077 2069/4173/2068 947/4172/947
f 5080/4179/5077 2005/4098/2004 2069/4173/2068
f 2005/4098/2004 234/612/234 2069/4173/2068
f 5078/4176/5075 5080/4179/5077 947/4172/947
f 5078/4176/5075 5079/4178/5076 5080/4179/5077
f 5079/4178/5076 883/4096/883 5080/4179/5077
f 3190/4177/3188 3191/611/3189 228/588/228
f 3190/4177/3188 5078/4176/5075 3191/611/3189
f 5078/4176/5075 947/4172/947 3191/611/3189
f 5077/4174/5074 2070/614/2069 948/4163/948
f 5077/4174/5074 2069/4173/2068 2070/614/2069
f 2069/4173/2068 234/612/234 2070/614/2069
f 5075/4169/5072 5077/4174/5074 948/4163/948
f 5075/4169/5072 5076/4171/5073 5077/4174/5074
f 5076/4171/5073 947/4172/947 5077/4174/5074
f 1999/4170/1998 3192/4165/3190 229/592/229
f 1999/4170/1998 5075/4169/5072 3192/4165/3190
f 5075/4169/5072 948/4163/948 3192/4165/3190
f 5074/4167/5071 2071/4161/2070 949/4160/949
f 5074/4167/5071 2006/4086/2005 2071/4161/2070
f 2006/4086/2005 235/616/235 2071/4161/2070
f 5072/4164/5069 5074/4167/5071 949/4160/949
f 5072/4164/5069 5073/4166/5070 5074/4167/5071
f 5073/4166/5070 884/4084/884 5074/4167/5071
f 3192/4165/3190 3193/615/3191 229/592/229
f 3192/4165/3190 5072/4164/5069 3193/615/3191
f 5072/4164/5069 949/4160/949 3193/615/3191
f 5071/4162/5068 2072/618/2071 950/4151/950
f 5071/4162/5068 2071/4161/2070 2072/618/2071
f 2071/4161/2070 235/616/235 2072/618/2071
f 5069/4157/5066 5071/4162/5068 950/4151/950
f 5069/4157/5066 5070/4159/5067 5071/4162/5068
f 5070/4159/5067 949/4160/949 5071/4162/5068
f 2000/4158/1999 3194/4153/3192 230/596/230
f 2000/4158/1999 5069/4157/5066 3194/4153/3192
f 5069/4157/5066 950/4151/950 3194/4153/3192
f 5068/4155/5065 2073/4149/2072 951/4148/951
f 5068/4155/5065 2007/4074/2006 2073/4149/2072
f 2007/4074/2006 236/620/236 2073/4149/2072
f 5066/4152/5063 5068/4155/5065 951/4148/951
f 5066/4152/5063 5067/4154/5064 5068/4155/5065
f 5067/4154/5064 885/4072/885 5068/4155/5065
f 3194/4153/3192 3195/619/3193 230/596/230
f 3194/4153/3192 5066/4152/5063 3195/619/3193
f 5066/4152/5063 951/4148/951 3195/619/3193
f 5065/4150/5062 2074/622/2073 952/4139/952
f 5065/4150/5062 2073/4149/2072 2074/622/2073
f 2073/4149/2072 236/620/236 2074/622/2073
f 5063/4145/5060 5065/4150/5062 952/4139/952
f 5063/4145/5060 5064/4147/5061 5065/4150/5062
f 5064/4147/5061 951/4148/951 5065/4150/5062
f 2001/4146/2000 3196/4141/3194 231/600/231
f 2001/4146/2000 5063/4145/5060 3196/4141/3194
f 5063/4145/5060 952/4139/952 3196/4141/3194
f 5062/4143/5059 2075/4137/2074 953/4136/953
f 5062/4143/5059 2008/4062/2007 2075/4137/2074
f 2008/4062/2007 237/624/237 2075/4137/2074
f 5060/4140/5057 5062/4143/5059 953/4136/953
f 5060/4140/5057 5061/4142/5058 5062/4143/5059
f 5061/4142/5058 886/4060/886 5062/4143/5059
f 3196/4141/3194 3197/623/3195 231/600/231
f 3196/4141/3194 5060/4140/5057 3197/623/3195
f 5060/4140/5057 953/4136/953 3197/623/3195
f 5059/4138/5056 2076/626/2075 954/4127/954
f 5059/4138/5056 2075/4137/2074 2076/626/2075
f 2075/4137/2074 237/624/237 2076/626/2075
f 5057/4133/5054 5059/4138/5056 954/4127/954
f 5057/4133/5054 5058/4135/5055 5059/4138/5056
f 5058/4135/5055 953/4136/953 5059/4138/5056
f 2002/4134/2001 3198/4129/3196 232/604/232
f 2002/4134/2001 5057/4133/5054 3198/4129/3196
f 5057/4133/5054 954/4127/954 3198/4129/3196
f 5056/4131/5053 2077/4125/2076 955/4124/955
f 5056/4131/5053 2009/4050/2008 2077/4125/2076
f 2009/4050/2008 238/628/238 2077/4125/2076
f 5054/4128/5051 5056/4131/5053 955/4124/955
f 5054/4128/5051 5055/4130/5052 5056/4131/5053
f 5055/4130/5052 887/4048/887 5056/4131/5053
f 3198/4129/3196 3199/627/3197 232/604/232
f 3198/4129/3196 5054/4128/5051 3199/627/3197
f 5054/4128/5051 955/4124/955 3199/627/3197
f 5053/4126/5050 2078/630/2077 956/4115/956
f 5053/4126/5050 2077/4125/2076 2078/630/2077
f 2077/4125/2076 238/628/238 2078/630/2077
f 5051/4121/5048 5053/4126/5050 956/4115/956
f 5051/4121/5048 5052/4123/5049 5053/4126/5050
f 5052/4123/5049 955/4124/955 5053/4126/5050
f 1997/4122/1996 3200/4117/3198 122/282/122
f 1997/4122/1996 5051/4121/5048 3200/4117/3198
f 5051/4121/5048 956/4115/956 3200/4117/3198
f 5050/4119/5047 2768/287/2766 524/5112/524
f 5050/4119/5047 2003/4038/2002 2768/287/2766
f 2003/4038/2002 121/285/121 2768/287/2766
f 5048/4116/5045 5050/4119/5047 524/5112/524
f 5048/4116/5045 5049/4118/5046 5050/4119/5047
f 5049/4118/5046 881/4036/881 5050/4119/5047
f 3200/4117/3198 1646/5114/1645 122/282/122
f 3200/4117/3198 5048/4116/5045 1646/5114/1645
f 5048/4116/5045 524/5112/524 1646/5114/1645
f 5047/4114/5044 2080/634/2079 958/4103/958
f 5047/4114/5044 2079/4113/2078 2080/634/2079
f 2079/4113/2078 239/632/239 2080/634/2079
f 5045/4109/5042 5047/4114/5044 958/4103/958
f 5045/4109/5042 5046/4111/5043 5047/4114/5044
f 5046/4111/5043 957/4112/957 5047/4114/5044
f 2004/4110/2003 3202/4105/3200 233/608/233
f 2004/4110/2003 5045/4109/5042 3202/4105/3200
f 5045/4109/5042 958/4103/958 3202/4105/3200
f 5044/4107/5041 2081/4101/2080 959/4100/959
f 5044/4107/5041 2012/4014/2011 2081/4101/2080
f 2012/4014/2011 240/636/240 2081/4101/2080
f 5042/4104/5039 5044/4107/5041 959/4100/959
f 5042/4104/5039 5043/4106/5040 5044/4107/5041
f 5043/4106/5040 890/4012/890 5044/4107/5041
f 3202/4105/3200 3203/635/3201 233/608/233
f 3202/4105/3200 5042/4104/5039 3203/635/3201
f 5042/4104/5039 959/4100/959 3203/635/3201
f 5041/4102/5038 2082/638/2081 960/4091/960
f 5041/4102/5038 2081/4101/2080 2082/638/2081
f 2081/4101/2080 240/636/240 2082/638/2081
f 5039/4097/5036 5041/4102/5038 960/4091/960
f 5039/4097/5036 5040/4099/5037 5041/4102/5038
f 5040/4099/5037 959/4100/959 5041/4102/5038
f 2005/4098/2004 3204/4093/3202 234/612/234
f 2005/4098/2004 5039/4097/5036 3204/4093/3202
f 5039/4097/5036 960/4091/960 3204/4093/3202
f 5038/4095/5035 2083/4089/2082 961/4088/961
f 5038/4095/5035 2013/4002/2012 2083/4089/2082
f 2013/4002/2012 241/640/241 2083/4089/2082
f 5036/4092/5033 5038/4095/5035 961/4088/961
f 5036/4092/5033 5037/4094/5034 5038/4095/5035
f 5037/4094/5034 891/4000/891 5038/4095/5035
f 3204/4093/3202 3205/639/3203 234/612/234
f 3204/4093/3202 5036/4092/5033 3205/639/3203
f 5036/4092/5033 961/4088/961 3205/639/3203
f 5035/4090/5032 2084/642/2083 962/4079/962
f 5035/4090/5032 2083/4089/2082 2084/642/2083
f 2083/4089/2082 241/640/241 2084/642/2083
f 5033/4085/5030 5035/4090/5032 962/4079/962
f 5033/4085/5030 5034/4087/5031 5035/4090/5032
f 5034/4087/5031 961/4088/961 5035/4090/5032
f 2006/4086/2005 3206/4081/3204 235/616/235
f 2006/4086/2005 5033/4085/5030 3206/4081/3204
f 5033/4085/5030 962/4079/962 3206/4081/3204
f 5032/4083/5029 2085/4077/2084 963/4076/963
f 5032/4083/5029 2014/3990/2013 2085/4077/2084
f 2014/3990/2013 242/644/242 2085/4077/2084
f 5030/4080/5027 5032/4083/5029 963/4076/963
f 5030/4080/5027 5031/4082/5028 5032/4083/5029
f 5031/4082/5028 892/3988/892 5032/4083/5029
f 3206/4081/3204 3207/643/3205 235/616/235
f 3206/4081/3204 5030/4080/5027 3207/643/3205
f 5030/4080/5027 963/4076/963 3207/643/3205
f 5029/4078/5026 2086/646/2085 964/4067/964
f 5029/4078/5026 2085/4077/2084 2086/646/2085
f 2085/4077/2084 242/644/242 2086/646/2085
f 5027/4073/5024 5029/4078/5026 964/4067/964
f 5027/4073/5024 5028/4075/5025 5029/4078/5026
f 5028/4075/5025 963/4076/963 5029/4078/5026
f 2007/4074/2006 3208/4069/3206 236/620/236
f 2007/4074/2006 5027/4073/5024 3208/4069/3206
f 5027/4073/5024 964/4067/964 3208/4069/3206
f 5026/4071/5023 2087/4065/2086 965/4064/965
f 5026/4071/5023 2015/3978/2014 2087/4065/2086
f 2015/3978/2014 243/648/243 2087/4065/2086
f 5024/4068/5021 5026/4071/5023 965/4064/965
f 5024/4068/5021 5025/4070/5022 5026/4071/5023
f 5025/4070/5022 893/3976/893 5026/4071/5023
f 3208/4069/3206 3209/647/3207 236/620/236
f 3208/4069/3206 5024/4068/5021 3209/647/3207
f 5024/4068/5021 965/4064/965 3209/647/3207
f 5023/4066/5020 2088/650/2087 966/4055/966
f 5023/4066/5020 2087/4065/2086 2088/650/2087
f 2087/4065/2086 243/648/243 2088/650/2087
f 5021/4061/5018 5023/4066/5020 966/4055/966
f 5021/4061/5018 5022/4063/5019 5023/4066/5020
f 5022/4063/5019 965/4064/965 5023/4066/5020
f 2008/4062/2007 3210/4057/3208 237/624/237
f 2008/4062/2007 5021/4061/5018 3210/4057/3208
f 5021/4061/5018 966/4055/966 3210/4057/3208
f 5020/4059/5017 2089/4053/2088 967/4052/967
f 5020/4059/5017 2016/3966/2015 2089/4053/2088
f 2016/3966/2015 244/652/244 2089/4053/2088
f 5018/4056/5015 5020/4059/5017 967/4052/967
f 5018/4056/5015 5019/4058/5016 5020/4059/5017
f 5019/4058/5016 894/3964/894 5020/4059/5017
f 3210/4057/3208 3211/651/3209 237/624/237
f 3210/4057/3208 5018/4056/5015 3211/651/3209
f 5018/4056/5015 967/4052/967 3211/651/3209
f 5017/4054/5014 2090/654/2089 968/4043/968
f 5017/4054/5014 2089/4053/2088 2090/654/2089
f 2089/4053/2088 244/652/244 2090/654/2089
f 5015/4049/5012 5017/4054/5014 968/4043/968
f 5015/4049/5012 5016/4051/5013 5017/4054/5014
f 5016/4051/5013 967/4052/967 5017/4054/5014
f 2009/4050/2008 3212/4045/3210 238/628/238
f 2009/4050/2008 5015/4049/5012 3212/4045/3210
f 5015/4049/5012 968/4043/968 3212/4045/3210
f 5014/4047/5011 2091/4041/2090 969/4040/969
f 5014/4047/5011 2017/3954/2016 2091/4041/2090
f 2017/3954/2016 245/656/245 2091/4041/2090
f 5012/4044/5009 5014/4047/5011 969/4040/969
f 5012/4044/5009 5013/4046/5010 5014/4047/5011
f 5013/4046/5010 895/3952/895 5014/4047/5011
f 3212/4045/3210 3213/655/3211 238/628/238
f 3212/4045/3210 5012/4044/5009 3213/655/3211
f 5012/4044/5009 969/4040/969 3213/655/3211
f 5011/4042/5008 2092/658/2091 970/4031/970
f 5011/4042/5008 2091/4041/2090 2092/658/2091
f 2091/4041/2090 245/656/245 2092/658/2091
f 5009/4037/5006 5011/4042/5008 970/4031/970
f 5009/4037/5006 5010/4039/5007 5011/4042/5008
f 5010/4039/5007 969/4040/969 5011/4042/5008
f 2003/4038/2002 3214/4033/3212 121/285/121
f 2003/4038/2002 5009/4037/5006 3214/4033/3212
f 5009/4037/5006 970/4031/970 3214/4033/3212
f 5008/4035/5005 2767/290/2765 523/5107/523
f 5008/4035/5005 2010/3942/2009 2767/290/2765
f 2010/3942/2009 120/288/120 2767/290/2765
f 5006/4032/5003 5008/4035/5005 523/5107/523
f 5006/4032/5003 5007/4034/5004 5008/4035/5005
f 5007/4034/5004 888/3940/888 5008/4035/5005
f 3214/4033/3212 1645/5109/1644 121/285/121
f 3214/4033/3212 5006/4032/5003 1645/5109/1644
f 5006/4032/5003 523/5107/523 1645/5109/1644
f 5005/4030/5002 2094/662/2093 972/4019/972
f 5005/4030/5002 2093/4029/2092 2094/662/2093
f 2093/4029/2092 246/660/246 2094/662/2093
f 5003/4025/5000 5005/4030/5002 972/4019/972
f 5003/4025/5000 5004/4027/5001 5005/4030/5002
f 5004/4027/5001 971/4028/971 5005/4030/5002
f 2011/4026/2010 3216/4021/3214 239/632/239
f 2011/4026/2010 5003/4025/5000 3216/4021/3214
f 5003/4025/5000 972/4019/972 3216/4021/3214
f 5002/4023/4999 2095/4017/2094 973/4016/973
f 5002/4023/4999 2020/3918/2019 2095/4017/2094
f 2020/3918/2019 247/664/247 2095/4017/2094
f 5000/4020/4997 5002/4023/4999 973/4016/973
f 5000/4020/4997 5001/4022/4998 5002/4023/4999
f 5001/4022/4998 898/3916/898 5002/4023/4999
f 3216/4021/3214 3217/663/3215 239/632/239
f 3216/4021/3214 5000/4020/4997 3217/663/3215
f 5000/4020/4997 973/4016/973 3217/663/3215
f 4999/4018/4996 2096/666/2095 974/4007/974
f 4999/4018/4996 2095/4017/2094 2096/666/2095
f 2095/4017/2094 247/664/247 2096/666/2095
f 4997/4013/4994 4999/4018/4996 974/4007/974
f 4997/4013/4994 4998/4015/4995 4999/4018/4996
f 4998/4015/4995 973/4016/973 4999/4018/4996
f 2012/4014/2011 3218/4009/3216 240/636/240
f 2012/4014/2011 4997/4013/4994 3218/4009/3216
f 4997/4013/4994 974/4007/974 3218/4009/3216
f 4996/4011/4993 2097/4005/2096 975/4004/975
f 4996/4011/4993 2021/3906/2020 2097/4005/2096
f 2021/3906/2020 248/668/248 2097/4005/2096
f 4994/4008/4991 4996/4011/4993 975/4004/975
f 4994/4008/4991 4995/4010/4992 4996/4011/4993
f 4995/4010/4992 899/3904/899 4996/4011/4993
f 3218/4009/3216 3219/667/3217 240/636/240
f 3218/4009/3216 4994/4008/4991 3219/667/3217
f 4994/4008/4991 975/4004/975 3219/667/3217
f 4993/4006/4990 2098/670/2097 976/3995/976
f 4993/4006/4990 2097/4005/2096 2098/670/2097
f 2097/4005/2096 248/668/248 2098/670/2097
f 4991/4001/4988 4993/4006/4990 976/3995/976
f 4991/4001/4988 4992/4003/4989 4993/4006/4990
f 4992/4003/4989 975/4004/975 4993/4006/4990
f 2013/4002/2012 3220/3997/3218 241/640/241
f 2013/4002/2012 4991/4001/4988 3220/3997/3218
f 4991/4001/4988 976/3995/976 3220/3997/3218
f 4990/3999/4987 2099/3993/2098 977/3992/977
f 4990/3999/4987 2022/3894/2021 2099/3993/2098
f 2022/3894/2021 249/672/249 2099/3993/2098
f 4988/3996/4985 4990/3999/4987 977/3992/977
f 4988/3996/4985 4989/3998/4986 4990/3999/4987
f 4989/3998/4986 900/3892/900 4990/3999/4987
f 3220/3997/3218 3221/671/3219 241/640/241
f 3220/3997/3218 4988/3996/4985 3221/671/3219
f 4988/3996/4985 977/3992/977 3221/671/3219
f 4987/3994/4984 2100/674/2099 978/3983/978
f 4987/3994/4984 2099/3993/2098 2100/674/2099
f 2099/3993/2098 249/672/249 2100/674/2099
f 4985/3989/4982 4987/3994/4984 978/3983/978
f 4985/3989/4982 4986/3991/4983 4987/3994/4984
f 4986/3991/4983 977/3992/977 4987/3994/4984
f 2014/3990/2013 3222/3985/3220 242/644/242
f 2014/3990/2013 4985/3989/4982 3222/3985/3220
f 4985/3989/4982 978/3983/978 3222/3985/3220
f 4984/3987/4981 2101/3981/2100 979/3980/979
f 4984/3987/4981 2023/3882/2022 2101/3981/2100
f 2023/3882/2022 250/676/250 2101/3981/2100
f 4982/3984/4979 4984/3987/4981 979/3980/979
f 4982/3984/4979 4983/3986/4980 4984/3987/4981
f 4983/3986/4980 901/3880/901 4984/3987/4981
f 3222/3985/3220 3223/675/3221 242/644/242
f 3222/3985/3220 4982/3984/4979 3223/675/3221
f 4982/3984/4979 979/3980/979 3223/675/3221
f 4981/3982/4978 2102/678/2101 980/3971/980
f 4981/3982/4978 2101/3981/2100 2102/678/2101
f 2101/3981/2100 250/676/250 2102/678/2101
f 4979/3977/4976 4981/3982/4978 980/3971/980
f 4979/3977/4976 4980/3979/4977 4981/3982/4978
f 4980/3979/4977 979/3980/979 4981/3982/4978
f 2015/3978/2014 3224/3973/3222 243/648/243
f 2015/3978/2014 4979/3977/4976 3224/3973/3222
f 4979/3977/4976 980/3971/980 3224/3973/3222
f 4978/3975/4975 2103/3969/2102 981/3968/981
f 4978/3975/4975 2024/3870/2023 2103/3969/2102
f 2024/3870/2023 251/680/251 2103/3969/2102
f 4976/3972/4973 4978/3975/4975 981/3968/981
f 4976/3972/4973 4977/3974/4974 4978/3975/4975
f 4977/3974/4974 902/3868/902 4978/3975/4975
f 3224/3973/3222 3225/679/3223 243/648/243
f 3224/3973/3222 4976/3972/4973 3225/679/3223
f 4976/3972/4973 981/3968/981 3225/679/3223
f 4975/3970/4972 2104/682/2103 982/3959/982
f 4975/3970/4972 2103/3969/2102 2104/682/2103
f 2103/3969/2102 251/680/251 2104/682/2103
f 4973/3965/4970 4975/3970/4972 982/3959/982
f 4973/3965/4970 4974/3967/4971 4975/3970/4972
f 4974/3967/4971 981/3968/981 4975/3970/4972
f 2016/3966/2015 3226/3961/3224 244/652/244
f 2016/3966/2015 4973/3965/4970 3226/3961/3224
f 4973/3965/4970 982/3959/982 3226/3961/3224
f 4972/3963/4969 2105/3957/2104 983/3956/983
f 4972/3963/4969 2025/3858/2024 2105/3957/2104
f 2025/3858/2024 252/684/252 2105/3957/2104
f 4970/3960/4967 4972/3963/4969 983/3956/983
f 4970/3960/4967 4971/3962/4968 4972/3963/4969
f 4971/3962/4968 903/3856/903 4972/3963/4969
f 3226/3961/3224 3227/683/3225 244/652/244
f 3226/3961/3224 4970/3960/4967 3227/683/3225
f 4970/3960/4967 983/3956/983 3227/683/3225
f 4969/3958/4966 2106/686/2105 984/3947/984
f 4969/3958/4966 2105/3957/2104 2106/686/2105
f 2105/3957/2104 252/684/252 2106/686/2105
f 4967/3953/4964 4969/3958/4966 984/3947/984
f 4967/3953/4964 4968/3955/4965 4969/3958/4966
f 4968/3955/4965 983/3956/983 4969/3958/4966
f 2017/3954/2016 3228/3949/3226 245/656/245
f 2017/3954/2016 4967/3953/4964 3228/3949/3226
f 4967/3953/4964 984/3947/984 3228/3949/3226
f 4966/3951/4963 2107/3945/2106 985/3944/985
f 4966/3951/4963 2026/3846/2025 2107/3945/2106
f 2026/3846/2025 253/688/253 2107/3945/2106
f 4964/3948/4961 4966/3951/4963 985/3944/985
f 4964/3948/4961 4965/3950/4962 4966/3951/4963
f 4965/3950/4962 904/3844/904 4966/3951/4963
f 3228/3949/3226 3229/687/3227 245/656/245
f 3228/3949/3226 4964/3948/4961 3229/687/3227
f 4964/3948/4961 985/3944/985 3229/687/3227
f 4963/3946/4960 2108/690/2107 986/3935/986
f 4963/3946/4960 2107/3945/2106 2108/690/2107
f 2107/3945/2106 253/688/253 2108/690/2107
f 4961/3941/4958 4963/3946/4960 986/3935/986
f 4961/3941/4958 4962/3943/4959 4963/3946/4960
f 4962/3943/4959 985/3944/985 4963/3946/4960
f 2010/3942/2009 3230/3937/3228 120/288/120
f 2010/3942/2009 4961/3941/4958 3230/3937/3228
f 4961/3941/4958 986/3935/986 3230/3937/3228
f 4960/3939/4957 2766/293/2764 522/5102/522
f 4960/3939/4957 2018/3834/2017 2766/293/2764
f 2018/3834/2017 119/291/119 2766/293/2764
f 4958/3936/4955 4960/3939/4957 522/5102/522
f 4958/3936/4955 4959/3938/4956 4960/3939/4957
f 4959/3938/4956 896/3832/896 4960/3939/4957
f 3230/3937/3228 1644/5104/1643 120/288/120
f 3230/3937/3228 4958/3936/4955 1644/5104/1643
f 4958/3936/4955 522/5102/522 1644/5104/1643
f 4957/3934/4954 2110/694/2109 988/3923/988
f 4957/3934/4954 2109/3933/2108 2110/694/2109
f 2109/3933/2108 254/692/254 2110/694/2109
f 4955/3929/4952 4957/3934/4954 988/3923/988
f 4955/3929/4952 4956/3931/4953 4957/3934/4954
f 4956/3931/4953 987/3932/987 4957/3934/4954
f 2019/3930/2018 3232/3925/3230 246/660/246
f 2019/3930/2018 4955/3929/4952 3232/3925/3230
f 4955/3929/4952 988/3923/988 3232/3925/3230
f 4954/3927/4951 2111/3921/2110 989/3920/989
f 4954/3927/4951 2029/3808/2028 2111/3921/2110
f 2029/3808/2028 255/696/255 2111/3921/2110
f 4952/3924/4949 4954/3927/4951 989/3920/989
f 4952/3924/4949 4953/3926/4950 4954/3927/4951
f 4953/3926/4950 907/3806/907 4954/3927/4951
f 3232/3925/3230 3233/695/3231 246/660/246
f 3232/3925/3230 4952/3924/4949 3233/695/3231
f 4952/3924/4949 989/3920/989 3233/695/3231
f 4951/3922/4948 2112/698/2111 990/3911/990
f 4951/3922/4948 2111/3921/2110 2112/698/2111
f 2111/3921/2110 255/696/255 2112/698/2111
f 4949/3917/4946 4951/3922/4948 990/3911/990
f 4949/3917/4946 4950/3919/4947 4951/3922/4948
f 4950/3919/4947 989/3920/989 4951/3922/4948
f 2020/3918/2019 3234/3913/3232 247/664/247
f 2020/3918/2019 4949/3917/4946 3234/3913/3232
f 4949/3917/4946 990/3911/990 3234/3913/3232
f 4948/3915/4945 2113/3909/2112 991/3908/991
f 4948/3915/4945 2030/3794/2029 2113/3909/2112
f 2030/3794/2029 256/700/256 2113/3909/2112
f 4946/3912/4943 4948/3915/4945 991/3908/991
f 4946/3912/4943 4947/3914/4944 4948/3915/4945
f 4947/3914/4944 908/3792/908 4948/3915/4945
f 3234/3913/3232 3235/699/3233 247/664/247
f 3234/3913/3232 4946/3912/4943 3235/699/3233
f 4946/3912/4943 991/3908/991 3235/699/3233
f 4945/3910/4942 2114/702/2113 992/3899/992
f 4945/3910/4942 2113/3909/2112 2114/702/2113
f 2113/3909/2112 256/700/256 2114/702/2113
f 4943/3905/4940 4945/3910/4942 992/3899/992
f 4943/3905/4940 4944/3907/4941 4945/3910/4942
f 4944/3907/4941 991/3908/991 4945/3910/4942
f 2021/3906/2020 3236/3901/3234 248/668/248
f 2021/3906/2020 4943/3905/4940 3236/3901/3234
f 4943/3905/4940 992/3899/992 3236/3901/3234
f 4942/3903/4939 2115/3897/2114 993/3896/993
f 4942/3903/4939 2031/3780/2030 2115/3897/2114
f 2031/3780/2030 257/704/257 2115/3897/2114
f 4940/3900/4937 4942/3903/4939 993/3896/993
f 4940/3900/4937 4941/3902/4938 4942/3903/4939
f 4941/3902/4938 909/3778/909 4942/3903/4939
f 3236/3901/3234 3237/703/3235 248/668/248
f 3236/3901/3234 4940/3900/4937 3237/703/3235
f 4940/3900/4937 993/3896/993 3237/703/3235
f 4939/3898/4936 2116/706/2115 994/3887/994
f 4939/3898/4936 2115/3897/2114 2116/706/2115
f 2115/3897/2114 257/704/257 2116/706/2115
f 4937/3893/4934 4939/3898/4936 994/3887/994
f 4937/3893/4934 4938/3895/4935 4939/3898/4936
f 4938/3895/4935 993/3896/993 4939/3898/4936
f 2022/3894/2021 3238/3889/3236 249/672/249
f 2022/3894/2021 4937/3893/4934 3238/3889/3236
f 4937/3893/4934 994/3887/994 3238/3889/3236
f 4936/3891/4933 2117/3885/2116 995/3884/995
f 4936/3891/4933 2032/3766/2031 2117/3885/2116
f 2032/3766/2031 258/708/258 2117/3885/2116
f 4934/3888/4931 4936/3891/4933 995/3884/995
f 4934/3888/4931 4935/3890/4932 4936/3891/4933
f 4935/3890/4932 910/3764/910 4936/3891/4933
f 3238/3889/3236 3239/707/3237 249/672/249
f 3238/3889/3236 4934/3888/4931 3239/707/3237
f 4934/3888/4931 995/3884/995 3239/707/3237
f 4933/3886/4930 2118/710/2117 996/3875/996
f 4933/3886/4930 2117/3885/2116 2118/710/2117
f 2117/3885/2116 258/708/258 2118/710/2117
f 4931/3881/4928 4933/3886/4930 996/3875/996
f 4931/3881/4928 4932/3883/4929 4933/3886/4930
f 4932/3883/4929 995/3884/995 4933/3886/4930
f 2023/3882/2022 3240/3877/3238 250/676/250
f 2023/3882/2022 4931/3881/4928 3240/3877/3238
f 4931/3881/4928 996/3875/996 3240/3877/3238
f 4930/3879/4927 2119/3873/2118 997/3872/997
f 4930/3879/4927 2033/3752/2032 2119/3873/2118
f 2033/3752/2032 259/712/259 2119/3873/2118
f 4928/3876/4925 4930/3879/4927 997/3872/997
f 4928/3876/4925 4929/3878/4926 4930/3879/4927
f 4929/3878/4926 911/3750/911 4930/3879/4927
f 3240/3877/3238 3241/711/3239 250/676/250
f 3240/3877/3238 4928/3876/4925 3241/711/3239
f 4928/3876/4925 997/3872/997 3241/711/3239
f 4927/3874/4924 2120/714/2119 998/3863/998
f 4927/3874/4924 2119/3873/2118 2120/714/2119
f 2119/3873/2118 259/712/259 2120/714/2119
f 4925/3869/4922 4927/3874/4924 998/3863/998
f 4925/3869/4922 4926/3871/4923 4927/3874/4924
f 4926/3871/4923 997/3872/997 4927/3874/4924
f 2024/3870/2023 3242/3865/3240 251/680/251
f 2024/3870/2023 4925/3869/4922 3242/3865/3240
f 4925/3869/4922 998/3863/998 3242/3865/3240
f 4924/3867/4921 2121/3861/2120 999/3860/999
f 4924/3867/4921 2034/3738/2033 2121/3861/2120
f 2034/3738/2033 260/716/260 2121/3861/2120
f 4922/3864/4919 4924/3867/4921 999/3860/999
f 4922/3864/4919 4923/3866/4920 4924/3867/4921
f 4923/3866/4920 912/3736/912 4924/3867/4921
f 3242/3865/3240 3243/715/3241 251/680/251
f 3242/3865/3240 4922/3864/4919 3243/715/3241
f 4922/3864/4919 999/3860/999 3243/715/3241
f 4921/3862/4918 2122/718/2121 1000/3851/1000
f 4921/3862/4918 2121/3861/2120 2122/718/2121
f 2121/3861/2120 260/716/260 2122/718/2121
f 4919/3857/4916 4921/3862/4918 1000/3851/1000
f 4919/3857/4916 4920/3859/4917 4921/3862/4918
f 4920/3859/4917 999/3860/999 4921/3862/4918
f 2025/3858/2024 3244/3853/3242 252/684/252
f 2025/3858/2024 4919/3857/4916 3244/3853/3242
f 4919/3857/4916 1000/3851/1000 3244/3853/3242
f 4918/3855/4915 2123/3849/2122 1001/3848/1001
f 4918/3855/4915 2035/3724/2034 2123/3849/2122
f 2035/3724/2034 261/720/261 2123/3849/2122
f 4916/3852/4913 4918/3855/4915 1001/3848/1001
f 4916/3852/4913 4917/3854/4914 4918/3855/4915
f 4917/3854/4914 913/3722/913 4918/3855/4915
f 3244/3853/3242 3245/719/3243 252/684/252
f 3244/3853/3242 4916/3852/4913 3245/719/3243
f 4916/3852/4913 1001/3848/1001 3245/719/3243
f 4915/3850/4912 2124/722/2123 1002/3839/1002
f 4915/3850/4912 2123/3849/2122 2124/722/2123
f 2123/3849/2122 261/720/261 2124/722/2123
f 4913/3845/4910 4915/3850/4912 1002/3839/1002
f 4913/3845/4910 4914/3847/4911 4915/3850/4912
f 4914/3847/4911 1001/3848/1001 4915/3850/4912
f 2026/3846/2025 3246/3841/3244 253/688/253
f 2026/3846/2025 4913/3845/4910 3246/3841/3244
f 4913/3845/4910 1002/3839/1002 3246/3841/3244
f 4912/3843/4909 2125/3837/2124 1003/3836/1003
f 4912/3843/4909 2036/3710/2035 2125/3837/2124
f 2036/3710/2035 262/724/262 2125/3837/2124
f 4910/3840/4907 4912/3843/4909 1003/3836/1003
f 4910/3840/4907 4911/3842/4908 4912/3843/4909
f 4911/3842/4908 914/3708/914 4912/3843/4909
f 3246/3841/3244 3247/723/3245 253/688/253
f 3246/3841/3244 4910/3840/4907 3247/723/3245
f 4910/3840/4907 1003/3836/1003 3247/723/3245
f 4909/3838/4906 2126/726/2125 1004/3827/1004
f 4909/3838/4906 2125/3837/2124 2126/726/2125
f 2125/3837/2124 262/724/262 2126/726/2125
f 4907/3833/4904 4909/3838/4906 1004/3827/1004
f 4907/3833/4904 4908/3835/4905 4909/3838/4906
f 4908/3835/4905 1003/3836/1003 4909/3838/4906
f 2018/3834/2017 3248/3829/3246 119/291/119
f 2018/3834/2017 4907/3833/4904 3248/3829/3246
f 4907/3833/4904 1004/3827/1004 3248/3829/3246
f 4906/3831/4903 2765/296/2763 521/5097/521
f 4906/3831/4903 2027/3696/2026 2765/296/2763
f 2027/3696/2026 118/294/118 2765/296/2763
f 4904/3828/4901 4906/3831/4903 521/5097/521
f 4904/3828/4901 4905/3830/4902 4906/3831/4903
f 4905/3830/4902 905/3694/905 4906/3831/4903
f 3248/3829/3246 1643/5099/1642 119/291/119
f 3248/3829/3246 4904/3828/4901 1643/5099/1642
f 4904/3828/4901 521/5097/521 1643/5099/1642
f 4903/3826/4900 2128/730/2127 1006/3813/1006
f 4903/3826/4900 2127/3825/2126 2128/730/2127
f 2127/3825/2126 37/728/37 2128/730/2127
f 4901/3821/4898 4903/3826/4900 1006/3813/1006
f 4901/3821/4898 4902/3823/4899 4903/3826/4900
f 4902/3823/4899 1005/3824/1005 4903/3826/4900
f 2028/3822/2027 3250/3815/3248 254/692/254
f 2028/3822/2027 4901/3821/4898 3250/3815/3248
f 4901/3821/4898 1006/3813/1006 3250/3815/3248
f 4900/3819/4897 2129/3811/2128 1007/3810/1007
f 4900/3819/4897 2683/3818/2681 2129/3811/2128
f 2683/3818/2681 36/732/36 2129/3811/2128
f 4898/3814/4895 4900/3819/4897 1007/3810/1007
f 4898/3814/4895 4899/3816/4896 4900/3819/4897
f 4899/3816/4896 439/3817/439 4900/3819/4897
f 3250/3815/3248 3251/731/3249 254/692/254
f 3250/3815/3248 4898/3814/4895 3251/731/3249
f 4898/3814/4895 1007/3810/1007 3251/731/3249
f 4897/3812/4894 2130/734/2129 1008/3799/1008
f 4897/3812/4894 2129/3811/2128 2130/734/2129
f 2129/3811/2128 36/732/36 2130/734/2129
f 4895/3807/4892 4897/3812/4894 1008/3799/1008
f 4895/3807/4892 4896/3809/4893 4897/3812/4894
f 4896/3809/4893 1007/3810/1007 4897/3812/4894
f 2029/3808/2028 3252/3801/3250 255/696/255
f 2029/3808/2028 4895/3807/4892 3252/3801/3250
f 4895/3807/4892 1008/3799/1008 3252/3801/3250
f 4894/3805/4891 2131/3797/2130 1009/3796/1009
f 4894/3805/4891 2682/3804/2680 2131/3797/2130
f 2682/3804/2680 35/736/35 2131/3797/2130
f 4892/3800/4889 4894/3805/4891 1009/3796/1009
f 4892/3800/4889 4893/3802/4890 4894/3805/4891
f 4893/3802/4890 438/3803/438 4894/3805/4891
f 3252/3801/3250 3253/735/3251 255/696/255
f 3252/3801/3250 4892/3800/4889 3253/735/3251
f 4892/3800/4889 1009/3796/1009 3253/735/3251
f 4891/3798/4888 2132/738/2131 1010/3785/1010
f 4891/3798/4888 2131/3797/2130 2132/738/2131
f 2131/3797/2130 35/736/35 2132/738/2131
f 4889/3793/4886 4891/3798/4888 1010/3785/1010
f 4889/3793/4886 4890/3795/4887 4891/3798/4888
f 4890/3795/4887 1009/3796/1009 4891/3798/4888
f 2030/3794/2029 3254/3787/3252 256/700/256
f 2030/3794/2029 4889/3793/4886 3254/3787/3252
f 4889/3793/4886 1010/3785/1010 3254/3787/3252
f 4888/3791/4885 2133/3783/2132 1011/3782/1011
f 4888/3791/4885 2681/3790/2679 2133/3783/2132
f 2681/3790/2679 34/740/34 2133/3783/2132
f 4886/3786/4883 4888/3791/4885 1011/3782/1011
f 4886/3786/4883 4887/3788/4884 4888/3791/4885
f 4887/3788/4884 437/3789/437 4888/3791/4885
f 3254/3787/3252 3255/739/3253 256/700/256
f 3254/3787/3252 4886/3786/4883 3255/739/3253
f 4886/3786/4883 1011/3782/1011 3255/739/3253
f 4885/3784/4882 2134/742/2133 1012/3771/1012
f 4885/3784/4882 2133/3783/2132 2134/742/2133
f 2133/3783/2132 34/740/34 2134/742/2133
f 4883/3779/4880 4885/3784/4882 1012/3771/1012
f 4883/3779/4880 4884/3781/4881 4885/3784/4882
f 4884/3781/4881 1011/3782/1011 4885/3784/4882
f 2031/3780/2030 3256/3773/3254 257/704/257
f 2031/3780/2030 4883/3779/4880 3256/3773/3254
f 4883/3779/4880 1012/3771/1012 3256/3773/3254
f 4882/3777/4879 2135/3769/2134 1013/3768/1013
f 4882/3777/4879 2680/3776/2678 2135/3769/2134
f 2680/3776/2678 33/744/33 2135/3769/2134
f 4880/3772/4877 4882/3777/4879 1013/3768/1013
f 4880/3772/4877 4881/3774/4878 4882/3777/4879
f 4881/3774/4878 436/3775/436 4882/3777/4879
f 3256/3773/3254 3257/743/3255 257/704/257
f 3256/3773/3254 4880/3772/4877 3257/743/3255
f 4880/3772/4877 1013/3768/1013 3257/743/3255
f 4879/3770/4876 2136/746/2135 1014/3757/1014
f 4879/3770/4876 2135/3769/2134 2136/746/2135
f 2135/3769/2134 33/744/33 2136/746/2135
f 4877/3765/4874 4879/3770/4876 1014/3757/1014
f 4877/3765/4874 4878/3767/4875 4879/3770/4876
f 4878/3767/4875 1013/3768/1013 4879/3770/4876
f 2032/3766/2031 3258/3759/3256 258/708/258
f 2032/3766/2031 4877/3765/4874 3258/3759/3256
f 4877/3765/4874 1014/3757/1014 3258/3759/3256
f 4876/3763/4873 2137/3755/2136 1015/3754/1015
f 4876/3763/4873 2679/3762/2677 2137/3755/2136
f 2679/3762/2677 32/748/32 2137/3755/2136
f 4874/3758/4871 4876/3763/4873 1015/3754/1015
f 4874/3758/4871 4875/3760/4872 4876/3763/4873
f 4875/3760/4872 435/3761/435 4876/3763/4873
f 3258/3759/3256 3259/747/3257 258/708/258
f 3258/3759/3256 4874/3758/4871 3259/747/3257
f 4874/3758/4871 1015/3754/1015 3259/747/3257
f 4873/3756/4870 2138/750/2137 1016/3743/1016
f 4873/3756/4870 2137/3755/2136 2138/750/2137
f 2137/3755/2136 32/748/32 2138/750/2137
f 4871/3751/4868 4873/3756/4870 1016/3743/1016
f 4871/3751/4868 4872/3753/4869 4873/3756/4870
f 4872/3753/4869 1015/3754/1015 4873/3756/4870
f 2033/3752/2032 3260/3745/3258 259/712/259
f 2033/3752/2032 4871/3751/4868 3260/3745/3258
f 4871/3751/4868 1016/3743/1016 3260/3745/3258
f 4870/3749/4867 2139/3741/2138 1017/3740/1017
f 4870/3749/4867 2678/3748/2676 2139/3741/2138
f 2678/3748/2676 31/752/31 2139/3741/2138
f 4868/3744/4865 4870/3749/4867 1017/3740/1017
f 4868/3744/4865 4869/3746/4866 4870/3749/4867
f 4869/3746/4866 434/3747/434 4870/3749/4867
f 3260/3745/3258 3261/751/3259 259/712/259
f 3260/3745/3258 4868/3744/4865 3261/751/3259
f 4868/3744/4865 1017/3740/1017 3261/751/3259
f 4867/3742/4864 2140/754/2139 1018/3729/1018
f 4867/3742/4864 2139/3741/2138 2140/754/2139
f 2139/3741/2138 31/752/31 2140/754/2139
f 4865/3737/4862 4867/3742/4864 1018/3729/1018
f 4865/3737/4862 4866/3739/4863 4867/3742/4864
f 4866/3739/4863 1017/3740/1017 4867/3742/4864
f 2034/3738/2033 3262/3731/3260 260/716/260
f 2034/3738/2033 4865/3737/4862 3262/3731/3260
f 4865/3737/4862 1018/3729/1018 3262/3731/3260
f 4864/3735/4861 2141/3727/2140 1019/3726/1019
f 4864/3735/4861 2677/3734/2675 2141/3727/2140
f 2677/3734/2675 30/756/30 2141/3727/2140
f 4862/3730/4859 4864/3735/4861 1019/3726/1019
f 4862/3730/4859 4863/3732/4860 4864/3735/4861
f 4863/3732/4860 433/3733/433 4864/3735/4861
f 3262/3731/3260 3263/755/3261 260/716/260
f 3262/3731/3260 4862/3730/4859 3263/755/3261
f 4862/3730/4859 1019/3726/1019 3263/755/3261
f 4861/3728/4858 2142/758/2141 1020/3715/1020
f 4861/3728/4858 2141/3727/2140 2142/758/2141
f 2141/3727/2140 30/756/30 2142/758/2141
f 4859/3723/4856 4861/3728/4858 1020/3715/1020
f 4859/3723/4856 4860/3725/4857 4861/3728/4858
f 4860/3725/4857 1019/3726/1019 4861/3728/4858
f 2035/3724/2034 3264/3717/3262 261/720/261
f 2035/3724/2034 4859/3723/4856 3264/3717/3262
f 4859/3723/4856 1020/3715/1020 3264/3717/3262
f 4858/3721/4855 2143/3713/2142 1021/3712/1021
f 4858/3721/4855 2676/3720/29 2143/3713/2142
f 2676/3720/29 29/760/29 2143/3713/2142
f 4856/3716/4853 4858/3721/4855 1021/3712/1021
f 4856/3716/4853 4857/3718/4854 4858/3721/4855
f 4857/3718/4854 432/3719/432 4858/3721/4855
f 3264/3717/3262 3265/759/3263 261/720/261
f 3264/3717/3262 4856/3716/4853 3265/759/3263
f 4856/3716/4853 1021/3712/1021 3265/759/3263
f 4855/3714/4852 2144/762/2143 1022/3701/1022
f 4855/3714/4852 2143/3713/2142 2144/762/2143
f 2143/3713/2142 29/760/29 2144/762/2143
f 4853/3709/4850 4855/3714/4852 1022/3701/1022
f 4853/3709/4850 4854/3711/4851 4855/3714/4852
f 4854/3711/4851 1021/3712/1021 4855/3714/4852
f 2036/3710/2035 3266/3703/3264 262/724/262
f 2036/3710/2035 4853/3709/4850 3266/3703/3264
f 4853/3709/4850 1022/3701/1022 3266/3703/3264
f 4852/3707/4849 2145/3699/2144 1023/3698/1023
f 4852/3707/4849 2675/3706/2674 2145/3699/2144
f 2675/3706/2674 28/764/28 2145/3699/2144
f 4850/3702/4847 4852/3707/4849 1023/3698/1023
f 4850/3702/4847 4851/3704/4848 4852/3707/4849
f 4851/3704/4848 431/3705/431 4852/3707/4849
f 3266/3703/3264 3267/763/3265 262/724/262
f 3266/3703/3264 4850/3702/4847 3267/763/3265
f 4850/3702/4847 1023/3698/1023 3267/763/3265
f 4849/3700/4846 2146/766/2145 1024/3687/1024
f 4849/3700/4846 2145/3699/2144 2146/766/2145
f 2145/3699/2144 28/764/28 2146/766/2145
f 4847/3695/4844 4849/3700/4846 1024/3687/1024
f 4847/3695/4844 4848/3697/4845 4849/3700/4846
f 4848/3697/4845 1023/3698/1023 4849/3700/4846
f 2027/3696/2026 3268/3689/3266 118/294/118
f 2027/3696/2026 4847/3695/4844 3268/3689/3266
f 4847/3695/4844 1024/3687/1024 3268/3689/3266
f 4846/3693/4843 2764/15/2762 520/5864/520
f 4846/3693/4843 2674/3692/2673 2764/15/2762
f 2674/3692/2673 4/13/4 2764/15/2762
f 4844/3688/4841 4846/3693/4843 520/5864/520
f 4844/3688/4841 4845/3690/4842 4846/3693/4843
f 4845/3690/4842 430/3691/430 4846/3693/4843
f 3268/3689/3266 1642/5866/1641 118/294/118
f 3268/3689/3266 4844/3688/4841 1642/5866/1641
f 4844/3688/4841 520/5864/520 1642/5866/1641
f 4843/3686/4840 2649/519/2648 405/4412/405
f 4843/3686/4840 2147/3632/2146 2649/519/2648
f 2147/3632/2146 87/517/87 2649/519/2648
f 4841/3683/4838 4843/3686/4840 405/4412/405
f 4841/3683/4838 4842/3685/4839 4843/3686/4840
f 4842/3685/4839 1025/3630/1025 4843/3686/4840
f 1528/3684/1528 1527/4414/1527 7/5940/7
f 1528/3684/1528 4841/3683/4838 1527/4414/1527
f 4841/3683/4838 405/4412/405 1527/4414/1527
f 4840/3681/4837 2202/3635/2201 1080/3634/1080
f 4840/3681/4837 2149/3620/2148 2202/3635/2201
f 2149/3620/2148 263/798/263 2202/3635/2201
f 4838/3678/4835 4840/3681/4837 1080/3634/1080
f 4838/3678/4835 4839/3680/4836 4840/3681/4837
f 4839/3680/4836 1027/3618/1027 4840/3681/4837
f 1621/3679/1620 3324/797/3322 97/767/97
f 1621/3679/1620 4838/3678/4835 3324/797/3322
f 4838/3678/4835 1080/3634/1080 3324/797/3322
f 4837/3676/4834 2204/3623/2203 1082/3622/1082
f 4837/3676/4834 2151/3596/2150 2204/3623/2203
f 2151/3596/2150 264/802/264 2204/3623/2203
f 4835/3673/4832 4837/3676/4834 1082/3622/1082
f 4835/3673/4832 4836/3675/4833 4837/3676/4834
f 4836/3675/4833 1029/3594/1029 4837/3676/4834
f 1620/3674/1619 3326/801/3324 96/770/96
f 1620/3674/1619 4835/3673/4832 3326/801/3324
f 4835/3673/4832 1082/3622/1082 3326/801/3324
f 4834/3671/4831 2208/3599/2207 1086/3598/1086
f 4834/3671/4831 2154/3560/2153 2208/3599/2207
f 2154/3560/2153 266/810/266 2208/3599/2207
f 4832/3668/4829 4834/3671/4831 1086/3598/1086
f 4832/3668/4829 4833/3670/4830 4834/3671/4831
f 4833/3670/4830 1032/3558/1032 4834/3671/4831
f 1619/3669/1618 3330/809/3328 95/773/95
f 1619/3669/1618 4832/3668/4829 3330/809/3328
f 4832/3668/4829 1086/3598/1086 3330/809/3328
f 4831/3666/4828 2214/3563/2213 1092/3562/1092
f 4831/3666/4828 2158/3512/2157 2214/3563/2213
f 2158/3512/2157 269/822/269 2214/3563/2213
f 4829/3663/4826 4831/3666/4828 1092/3562/1092
f 4829/3663/4826 4830/3665/4827 4831/3666/4828
f 4830/3665/4827 1036/3510/1036 4831/3666/4828
f 1618/3664/1617 3336/821/3334 94/776/94
f 1618/3664/1617 4829/3663/4826 3336/821/3334
f 4829/3663/4826 1092/3562/1092 3336/821/3334
f 4828/3661/4825 2222/3515/2221 1100/3514/1100
f 4828/3661/4825 2163/3452/2162 2222/3515/2221
f 2163/3452/2162 273/838/273 2222/3515/2221
f 4826/3658/4823 4828/3661/4825 1100/3514/1100
f 4826/3658/4823 4827/3660/4824 4828/3661/4825
f 4827/3660/4824 1041/3450/1041 4828/3661/4825
f 1617/3659/1616 3344/837/3342 93/779/93
f 1617/3659/1616 4826/3658/4823 3344/837/3342
f 4826/3658/4823 1100/3514/1100 3344/837/3342
f 4825/3656/4822 2232/3455/2231 1110/3454/1110
f 4825/3656/4822 2169/3380/2168 2232/3455/2231
f 2169/3380/2168 278/858/278 2232/3455/2231
f 4823/3653/4820 4825/3656/4822 1110/3454/1110
f 4823/3653/4820 4824/3655/4821 4825/3656/4822
f 4824/3655/4821 1047/3378/1047 4825/3656/4822
f 1616/3654/1615 3354/857/3352 92/782/92
f 1616/3654/1615 4823/3653/4820 3354/857/3352
f 4823/3653/4820 1110/3454/1110 3354/857/3352
f 4822/3651/4819 2244/3383/2243 1122/3382/1122
f 4822/3651/4819 2176/3296/2175 2244/3383/2243
f 2176/3296/2175 284/882/284 2244/3383/2243
f 4820/3648/4817 4822/3651/4819 1122/3382/1122
f 4820/3648/4817 4821/3650/4818 4822/3651/4819
f 4821/3650/4818 1054/3294/1054 4822/3651/4819
f 1615/3649/1614 3366/881/3364 91/785/91
f 1615/3649/1614 4820/3648/4817 3366/881/3364
f 4820/3648/4817 1122/3382/1122 3366/881/3364
f 4819/3646/4816 2258/3299/2257 1136/3298/1136
f 4819/3646/4816 2184/3200/2183 2258/3299/2257
f 2184/3200/2183 291/910/291 2258/3299/2257
f 4817/3643/4814 4819/3646/4816 1136/3298/1136
f 4817/3643/4814 4818/3645/4815 4819/3646/4816
f 4818/3645/4815 1062/3198/1062 4819/3646/4816
f 1614/3644/1613 3380/909/3378 90/788/90
f 1614/3644/1613 4817/3643/4814 3380/909/3378
f 4817/3643/4814 1136/3298/1136 3380/909/3378
f 4816/3641/4813 2274/3203/2273 1152/3202/1152
f 4816/3641/4813 2193/3092/2192 2274/3203/2273
f 2193/3092/2192 299/942/299 2274/3203/2273
f 4814/3638/4811 4816/3641/4813 1152/3202/1152
f 4814/3638/4811 4815/3640/4812 4816/3641/4813
f 4815/3640/4812 1071/3090/1071 4816/3641/4813
f 1613/3639/1612 3396/941/3394 89/791/89
f 1613/3639/1612 4814/3638/4811 3396/941/3394
f 4814/3638/4811 1152/3202/1152 3396/941/3394
f 4813/3636/4810 2203/800/2202 1081/3625/1081
f 4813/3636/4810 2202/3635/2201 2203/800/2202
f 2202/3635/2201 263/798/263 2203/800/2202
f 4811/3631/4808 4813/3636/4810 1081/3625/1081
f 4811/3631/4808 4812/3633/4809 4813/3636/4810
f 4812/3633/4809 1080/3634/1080 4813/3636/4810
f 2147/3632/2146 3325/3627/3323 87/517/87
f 2147/3632/2146 4811/3631/4808 3325/3627/3323
f 4811/3631/4808 1081/3625/1081 3325/3627/3323
f 4810/3629/4807 2733/522/2731 489/4407/489
f 4810/3629/4807 2148/3608/2147 2733/522/2731
f 2148/3608/2147 86/520/86 2733/522/2731
f 4808/3626/4805 4810/3629/4807 489/4407/489
f 4808/3626/4805 4809/3628/4806 4810/3629/4807
f 4809/3628/4806 1026/3606/1026 4810/3629/4807
f 3325/3627/3323 1611/4409/1610 87/517/87
f 3325/3627/3323 4808/3626/4805 1611/4409/1610
f 4808/3626/4805 489/4407/489 1611/4409/1610
f 4807/3624/4804 2205/804/2204 1083/3613/1083
f 4807/3624/4804 2204/3623/2203 2205/804/2204
f 2204/3623/2203 264/802/264 2205/804/2204
f 4805/3619/4802 4807/3624/4804 1083/3613/1083
f 4805/3619/4802 4806/3621/4803 4807/3624/4804
f 4806/3621/4803 1082/3622/1082 4807/3624/4804
f 2149/3620/2148 3327/3615/3325 263/798/263
f 2149/3620/2148 4805/3619/4802 3327/3615/3325
f 4805/3619/4802 1083/3613/1083 3327/3615/3325
f 4804/3617/4801 2206/3611/2205 1084/3610/1084
f 4804/3617/4801 2152/3584/2151 2206/3611/2205
f 2152/3584/2151 265/806/265 2206/3611/2205
f 4802/3614/4799 4804/3617/4801 1084/3610/1084
f 4802/3614/4799 4803/3616/4800 4804/3617/4801
f 4803/3616/4800 1030/3582/1030 4804/3617/4801
f 3327/3615/3325 3328/805/3326 263/798/263
f 3327/3615/3325 4802/3614/4799 3328/805/3326
f 4802/3614/4799 1084/3610/1084 3328/805/3326
f 4801/3612/4798 2207/808/2206 1085/3601/1085
f 4801/3612/4798 2206/3611/2205 2207/808/2206
f 2206/3611/2205 265/806/265 2207/808/2206
f 4799/3607/4796 4801/3612/4798 1085/3601/1085
f 4799/3607/4796 4800/3609/4797 4801/3612/4798
f 4800/3609/4797 1084/3610/1084 4801/3612/4798
f 2148/3608/2147 3329/3603/3327 86/520/86
f 2148/3608/2147 4799/3607/4796 3329/3603/3327
f 4799/3607/4796 1085/3601/1085 3329/3603/3327
f 4798/3605/4795 2732/525/2730 488/4402/488
f 4798/3605/4795 2150/3572/2149 2732/525/2730
f 2150/3572/2149 85/523/85 2732/525/2730
f 4796/3602/4793 4798/3605/4795 488/4402/488
f 4796/3602/4793 4797/3604/4794 4798/3605/4795
f 4797/3604/4794 1028/3570/1028 4798/3605/4795
f 3329/3603/3327 1610/4404/1609 86/520/86
f 3329/3603/3327 4796/3602/4793 1610/4404/1609
f 4796/3602/4793 488/4402/488 1610/4404/1609
f 4795/3600/4792 2209/812/2208 1087/3589/1087
f 4795/3600/4792 2208/3599/2207 2209/812/2208
f 2208/3599/2207 266/810/266 2209/812/2208
f 4793/3595/4790 4795/3600/4792 1087/3589/1087
f 4793/3595/4790 4794/3597/4791 4795/3600/4792
f 4794/3597/4791 1086/3598/1086 4795/3600/4792
f 2151/3596/2150 3331/3591/3329 264/802/264
f 2151/3596/2150 4793/3595/4790 3331/3591/3329
f 4793/3595/4790 1087/3589/1087 3331/3591/3329
f 4792/3593/4789 2210/3587/2209 1088/3586/1088
f 4792/3593/4789 2155/3548/2154 2210/3587/2209
f 2155/3548/2154 267/814/267 2210/3587/2209
f 4790/3590/4787 4792/3593/4789 1088/3586/1088
f 4790/3590/4787 4791/3592/4788 4792/3593/4789
f 4791/3592/4788 1033/3546/1033 4792/3593/4789
f 3331/3591/3329 3332/813/3330 264/802/264
f 3331/3591/3329 4790/3590/4787 3332/813/3330
f 4790/3590/4787 1088/3586/1088 3332/813/3330
f 4789/3588/4786 2211/816/2210 1089/3577/1089
f 4789/3588/4786 2210/3587/2209 2211/816/2210
f 2210/3587/2209 267/814/267 2211/816/2210
f 4787/3583/4784 4789/3588/4786 1089/3577/1089
f 4787/3583/4784 4788/3585/4785 4789/3588/4786
f 4788/3585/4785 1088/3586/1088 4789/3588/4786
f 2152/3584/2151 3333/3579/3331 265/806/265
f 2152/3584/2151 4787/3583/4784 3333/3579/3331
f 4787/3583/4784 1089/3577/1089 3333/3579/3331
f 4786/3581/4783 2212/3575/2211 1090/3574/1090
f 4786/3581/4783 2156/3536/2155 2212/3575/2211
f 2156/3536/2155 268/818/268 2212/3575/2211
f 4784/3578/4781 4786/3581/4783 1090/3574/1090
f 4784/3578/4781 4785/3580/4782 4786/3581/4783
f 4785/3580/4782 1034/3534/1034 4786/3581/4783
f 3333/3579/3331 3334/817/3332 265/806/265
f 3333/3579/3331 4784/3578/4781 3334/817/3332
f 4784/3578/4781 1090/3574/1090 3334/817/3332
f 4783/3576/4780 2213/820/2212 1091/3565/1091
f 4783/3576/4780 2212/3575/2211 2213/820/2212
f 2212/3575/2211 268/818/268 2213/820/2212
f 4781/3571/4778 4783/3576/4780 1091/3565/1091
f 4781/3571/4778 4782/3573/4779 4783/3576/4780
f 4782/3573/4779 1090/3574/1090 4783/3576/4780
f 2150/3572/2149 3335/3567/3333 85/523/85
f 2150/3572/2149 4781/3571/4778 3335/3567/3333
f 4781/3571/4778 1091/3565/1091 3335/3567/3333
f 4780/3569/4777 2731/528/2729 487/4397/487
f 4780/3569/4777 2153/3524/2152 2731/528/2729
f 2153/3524/2152 84/526/84 2731/528/2729
f 4778/3566/4775 4780/3569/4777 487/4397/487
f 4778/3566/4775 4779/3568/4776 4780/3569/4777
f 4779/3568/4776 1031/3522/1031 4780/3569/4777
f 3335/3567/3333 1609/4399/1608 85/523/85
f 3335/3567/3333 4778/3566/4775 1609/4399/1608
f 4778/3566/4775 487/4397/487 1609/4399/1608
f 4777/3564/4774 2215/824/2214 1093/3553/1093
f 4777/3564/4774 2214/3563/2213 2215/824/2214
f 2214/3563/2213 269/822/269 2215/824/2214
f 4775/3559/4772 4777/3564/4774 1093/3553/1093
f 4775/3559/4772 4776/3561/4773 4777/3564/4774
f 4776/3561/4773 1092/3562/1092 4777/3564/4774
f 2154/3560/2153 3337/3555/3335 266/810/266
f 2154/3560/2153 4775/3559/4772 3337/3555/3335
f 4775/3559/4772 1093/3553/1093 3337/3555/3335
f 4774/3557/4771 2216/3551/2215 1094/3550/1094
f 4774/3557/4771 2159/3500/2158 2216/3551/2215
f 2159/3500/2158 270/826/270 2216/3551/2215
f 4772/3554/4769 4774/3557/4771 1094/3550/1094
f 4772/3554/4769 4773/3556/4770 4774/3557/4771
f 4773/3556/4770 1037/3498/1037 4774/3557/4771
f 3337/3555/3335 3338/825/3336 266/810/266
f 3337/3555/3335 4772/3554/4769 3338/825/3336
f 4772/3554/4769 1094/3550/1094 3338/825/3336
f 4771/3552/4768 2217/828/2216 1095/3541/1095
f 4771/3552/4768 2216/3551/2215 2217/828/2216
f 2216/3551/2215 270/826/270 2217/828/2216
f 4769/3547/4766 4771/3552/4768 1095/3541/1095
f 4769/3547/4766 4770/3549/4767 4771/3552/4768
f 4770/3549/4767 1094/3550/1094 4771/3552/4768
f 2155/3548/2154 3339/3543/3337 267/814/267
f 2155/3548/2154 4769/3547/4766 3339/3543/3337
f 4769/3547/4766 1095/3541/1095 3339/3543/3337
f 4768/3545/4765 2218/3539/2217 1096/3538/1096
f 4768/3545/4765 2160/3488/2159 2218/3539/2217
f 2160/3488/2159 271/830/271 2218/3539/2217
f 4766/3542/4763 4768/3545/4765 1096/3538/1096
f 4766/3542/4763 4767/3544/4764 4768/3545/4765
f 4767/3544/4764 1038/3486/1038 4768/3545/4765
f 3339/3543/3337 3340/829/3338 267/814/267
f 3339/3543/3337 4766/3542/4763 3340/829/3338
f 4766/3542/4763 1096/3538/1096 3340/829/3338
f 4765/3540/4762 2219/832/2218 1097/3529/1097
f 4765/3540/4762 2218/3539/2217 2219/832/2218
f 2218/3539/2217 271/830/271 2219/832/2218
f 4763/3535/4760 4765/3540/4762 1097/3529/1097
f 4763/3535/4760 4764/3537/4761 4765/3540/4762
f 4764/3537/4761 1096/3538/1096 4765/3540/4762
f 2156/3536/2155 3341/3531/3339 268/818/268
f 2156/3536/2155 4763/3535/4760 3341/3531/3339
f 4763/3535/4760 1097/3529/1097 3341/3531/3339
f 4762/3533/4759 2220/3527/2219 1098/3526/1098
f 4762/3533/4759 2161/3476/2160 2220/3527/2219
f 2161/3476/2160 272/834/272 2220/3527/2219
f 4760/3530/4757 4762/3533/4759 1098/3526/1098
f 4760/3530/4757 4761/3532/4758 4762/3533/4759
f 4761/3532/4758 1039/3474/1039 4762/3533/4759
f 3341/3531/3339 3342/833/3340 268/818/268
f 3341/3531/3339 4760/3530/4757 3342/833/3340
f 4760/3530/4757 1098/3526/1098 3342/833/3340
f 4759/3528/4756 2221/836/2220 1099/3517/1099
f 4759/3528/4756 2220/3527/2219 2221/836/2220
f 2220/3527/2219 272/834/272 2221/836/2220
f 4757/3523/4754 4759/3528/4756 1099/3517/1099
f 4757/3523/4754 4758/3525/4755 4759/3528/4756
f 4758/3525/4755 1098/3526/1098 4759/3528/4756
f 2153/3524/2152 3343/3519/3341 84/526/84
f 2153/3524/2152 4757/3523/4754 3343/3519/3341
f 4757/3523/4754 1099/3517/1099 3343/3519/3341
f 4756/3521/4753 2730/531/2728 486/4392/486
f 4756/3521/4753 2157/3464/2156 2730/531/2728
f 2157/3464/2156 83/529/83 2730/531/2728
f 4754/3518/4751 4756/3521/4753 486/4392/486
f 4754/3518/4751 4755/3520/4752 4756/3521/4753
f 4755/3520/4752 1035/3462/1035 4756/3521/4753
f 3343/3519/3341 1608/4394/1607 84/526/84
f 3343/3519/3341 4754/3518/4751 1608/4394/1607
f 4754/3518/4751 486/4392/486 1608/4394/1607
f 4753/3516/4750 2223/840/2222 1101/3505/1101
f 4753/3516/4750 2222/3515/2221 2223/840/2222
f 2222/3515/2221 273/838/273 2223/840/2222
f 4751/3511/4748 4753/3516/4750 1101/3505/1101
f 4751/3511/4748 4752/3513/4749 4753/3516/4750
f 4752/3513/4749 1100/3514/1100 4753/3516/4750
f 2158/3512/2157 3345/3507/3343 269/822/269
f 2158/3512/2157 4751/3511/4748 3345/3507/3343
f 4751/3511/4748 1101/3505/1101 3345/3507/3343
f 4750/3509/4747 2224/3503/2223 1102/3502/1102
f 4750/3509/4747 2164/3440/2163 2224/3503/2223
f 2164/3440/2163 274/842/274 2224/3503/2223
f 4748/3506/4745 4750/3509/4747 1102/3502/1102
f 4748/3506/4745 4749/3508/4746 4750/3509/4747
f 4749/3508/4746 1042/3438/1042 4750/3509/4747
f 3345/3507/3343 3346/841/3344 269/822/269
f 3345/3507/3343 4748/3506/4745 3346/841/3344
f 4748/3506/4745 1102/3502/1102 3346/841/3344
f 4747/3504/4744 2225/844/2224 1103/3493/1103
f 4747/3504/4744 2224/3503/2223 2225/844/2224
f 2224/3503/2223 274/842/274 2225/844/2224
f 4745/3499/4742 4747/3504/4744 1103/3493/1103
f 4745/3499/4742 4746/3501/4743 4747/3504/4744
f 4746/3501/4743 1102/3502/1102 4747/3504/4744
f 2159/3500/2158 3347/3495/3345 270/826/270
f 2159/3500/2158 4745/3499/4742 3347/3495/3345
f 4745/3499/4742 1103/3493/1103 3347/3495/3345
f 4744/3497/4741 2226/3491/2225 1104/3490/1104
f 4744/3497/4741 2165/3428/2164 2226/3491/2225
f 2165/3428/2164 275/846/275 2226/3491/2225
f 4742/3494/4739 4744/3497/4741 1104/3490/1104
f 4742/3494/4739 4743/3496/4740 4744/3497/4741
f 4743/3496/4740 1043/3426/1043 4744/3497/4741
f 3347/3495/3345 3348/845/3346 270/826/270
f 3347/3495/3345 4742/3494/4739 3348/845/3346
f 4742/3494/4739 1104/3490/1104 3348/845/3346
f 4741/3492/4738 2227/848/2226 1105/3481/1105
f 4741/3492/4738 2226/3491/2225 2227/848/2226
f 2226/3491/2225 275/846/275 2227/848/2226
f 4739/3487/4736 4741/3492/4738 1105/3481/1105
f 4739/3487/4736 4740/3489/4737 4741/3492/4738
f 4740/3489/4737 1104/3490/1104 4741/3492/4738
f 2160/3488/2159 3349/3483/3347 271/830/271
f 2160/3488/2159 4739/3487/4736 3349/3483/3347
f 4739/3487/4736 1105/3481/1105 3349/3483/3347
f 4738/3485/4735 2228/3479/2227 1106/3478/1106
f 4738/3485/4735 2166/3416/2165 2228/3479/2227
f 2166/3416/2165 276/850/276 2228/3479/2227
f 4736/3482/4733 4738/3485/4735 1106/3478/1106
f 4736/3482/4733 4737/3484/4734 4738/3485/4735
f 4737/3484/4734 1044/3414/1044 4738/3485/4735
f 3349/3483/3347 3350/849/3348 271/830/271
f 3349/3483/3347 4736/3482/4733 3350/849/3348
f 4736/3482/4733 1106/3478/1106 3350/849/3348
f 4735/3480/4732 2229/852/2228 1107/3469/1107
f 4735/3480/4732 2228/3479/2227 2229/852/2228
f 2228/3479/2227 276/850/276 2229/852/2228
f 4733/3475/4730 4735/3480/4732 1107/3469/1107
f 4733/3475/4730 4734/3477/4731 4735/3480/4732
f 4734/3477/4731 1106/3478/1106 4735/3480/4732
f 2161/3476/2160 3351/3471/3349 272/834/272
f 2161/3476/2160 4733/3475/4730 3351/3471/3349
f 4733/3475/4730 1107/3469/1107 3351/3471/3349
f 4732/3473/4729 2230/3467/2229 1108/3466/1108
f 4732/3473/4729 2167/3404/2166 2230/3467/2229
f 2167/3404/2166 277/854/277 2230/3467/2229
f 4730/3470/4727 4732/3473/4729 1108/3466/1108
f 4730/3470/4727 4731/3472/4728 4732/3473/4729
f 4731/3472/4728 1045/3402/1045 4732/3473/4729
f 3351/3471/3349 3352/853/3350 272/834/272
f 3351/3471/3349 4730/3470/4727 3352/853/3350
f 4730/3470/4727 1108/3466/1108 3352/853/3350
f 4729/3468/4726 2231/856/2230 1109/3457/1109
f 4729/3468/4726 2230/3467/2229 2231/856/2230
f 2230/3467/2229 277/854/277 2231/856/2230
f 4727/3463/4724 4729/3468/4726 1109/3457/1109
f 4727/3463/4724 4728/3465/4725 4729/3468/4726
f 4728/3465/4725 1108/3466/1108 4729/3468/4726
f 2157/3464/2156 3353/3459/3351 83/529/83
f 2157/3464/2156 4727/3463/4724 3353/3459/3351
f 4727/3463/4724 1109/3457/1109 3353/3459/3351
f 4726/3461/4723 2729/534/2727 485/4387/485
f 4726/3461/4723 2162/3392/2161 2729/534/2727
f 2162/3392/2161 82/532/82 2729/534/2727
f 4724/3458/4721 4726/3461/4723 485/4387/485
f 4724/3458/4721 4725/3460/4722 4726/3461/4723
f 4725/3460/4722 1040/3390/1040 4726/3461/4723
f 3353/3459/3351 1607/4389/1606 83/529/83
f 3353/3459/3351 4724/3458/4721 1607/4389/1606
f 4724/3458/4721 485/4387/485 1607/4389/1606
f 4723/3456/4720 2233/860/2232 1111/3445/1111
f 4723/3456/4720 2232/3455/2231 2233/860/2232
f 2232/3455/2231 278/858/278 2233/860/2232
f 4721/3451/4718 4723/3456/4720 1111/3445/1111
f 4721/3451/4718 4722/3453/4719 4723/3456/4720
f 4722/3453/4719 1110/3454/1110 4723/3456/4720
f 2163/3452/2162 3355/3447/3353 273/838/273
f 2163/3452/2162 4721/3451/4718 3355/3447/3353
f 4721/3451/4718 1111/3445/1111 3355/3447/3353
f 4720/3449/4717 2234/3443/2233 1112/3442/1112
f 4720/3449/4717 2170/3368/2169 2234/3443/2233
f 2170/3368/2169 279/862/279 2234/3443/2233
f 4718/3446/4715 4720/3449/4717 1112/3442/1112
f 4718/3446/4715 4719/3448/4716 4720/3449/4717
f 4719/3448/4716 1048/3366/1048 4720/3449/4717
f 3355/3447/3353 3356/861/3354 273/838/273
f 3355/3447/3353 4718/3446/4715 3356/861/3354
f 4718/3446/4715 1112/3442/1112 3356/861/3354
f 4717/3444/4714 2235/864/2234 1113/3433/1113
f 4717/3444/4714 2234/3443/2233 2235/864/2234
f 2234/3443/2233 279/862/279 2235/864/2234
f 4715/3439/4712 4717/3444/4714 1113/3433/1113
f 4715/3439/4712 4716/3441/4713 4717/3444/4714
f 4716/3441/4713 1112/3442/1112 4717/3444/4714
f 2164/3440/2163 3357/3435/3355 274/842/274
f 2164/3440/2163 4715/3439/4712 3357/3435/3355
f 4715/3439/4712 1113/3433/1113 3357/3435/3355
f 4714/3437/4711 2236/3431/2235 1114/3430/1114
f 4714/3437/4711 2171/3356/2170 2236/3431/2235
f 2171/3356/2170 280/866/280 2236/3431/2235
f 4712/3434/4709 4714/3437/4711 1114/3430/1114
f 4712/3434/4709 4713/3436/4710 4714/3437/4711
f 4713/3436/4710 1049/3354/1049 4714/3437/4711
f 3357/3435/3355 3358/865/3356 274/842/274
f 3357/3435/3355 4712/3434/4709 3358/865/3356
f 4712/3434/4709 1114/3430/1114 3358/865/3356
f 4711/3432/4708 2237/868/2236 1115/3421/1115
f 4711/3432/4708 2236/3431/2235 2237/868/2236
f 2236/3431/2235 280/866/280 2237/868/2236
f 4709/3427/4706 4711/3432/4708 1115/3421/1115
f 4709/3427/4706 4710/3429/4707 4711/3432/4708
f 4710/3429/4707 1114/3430/1114 4711/3432/4708
f 2165/3428/2164 3359/3423/3357 275/846/275
f 2165/3428/2164 4709/3427/4706 3359/3423/3357
f 4709/3427/4706 1115/3421/1115 3359/3423/3357
f 4708/3425/4705 2238/3419/2237 1116/3418/1116
f 4708/3425/4705 2172/3344/2171 2238/3419/2237
f 2172/3344/2171 281/870/281 2238/3419/2237
f 4706/3422/4703 4708/3425/4705 1116/3418/1116
f 4706/3422/4703 4707/3424/4704 4708/3425/4705
f 4707/3424/4704 1050/3342/1050 4708/3425/4705
f 3359/3423/3357 3360/869/3358 275/846/275
f 3359/3423/3357 4706/3422/4703 3360/869/3358
f 4706/3422/4703 1116/3418/1116 3360/869/3358
f 4705/3420/4702 2239/872/2238 1117/3409/1117
f 4705/3420/4702 2238/3419/2237 2239/872/2238
f 2238/3419/2237 281/870/281 2239/872/2238
f 4703/3415/4700 4705/3420/4702 1117/3409/1117
f 4703/3415/4700 4704/3417/4701 4705/3420/4702
f 4704/3417/4701 1116/3418/1116 4705/3420/4702
f 2166/3416/2165 3361/3411/3359 276/850/276
f 2166/3416/2165 4703/3415/4700 3361/3411/3359
f 4703/3415/4700 1117/3409/1117 3361/3411/3359
f 4702/3413/4699 2240/3407/2239 1118/3406/1118
f 4702/3413/4699 2173/3332/2172 2240/3407/2239
f 2173/3332/2172 282/874/282 2240/3407/2239
f 4700/3410/4697 4702/3413/4699 1118/3406/1118
f 4700/3410/4697 4701/3412/4698 4702/3413/4699
f 4701/3412/4698 1051/3330/1051 4702/3413/4699
f 3361/3411/3359 3362/873/3360 276/850/276
f 3361/3411/3359 4700/3410/4697 3362/873/3360
f 4700/3410/4697 1118/3406/1118 3362/873/3360
f 4699/3408/4696 2241/876/2240 1119/3397/1119
f 4699/3408/4696 2240/3407/2239 2241/876/2240
f 2240/3407/2239 282/874/282 2241/876/2240
f 4697/3403/4694 4699/3408/4696 1119/3397/1119
f 4697/3403/4694 4698/3405/4695 4699/3408/4696
f 4698/3405/4695 1118/3406/1118 4699/3408/4696
f 2167/3404/2166 3363/3399/3361 277/854/277
f 2167/3404/2166 4697/3403/4694 3363/3399/3361
f 4697/3403/4694 1119/3397/1119 3363/3399/3361
f 4696/3401/4693 2242/3395/2241 1120/3394/1120
f 4696/3401/4693 2174/3320/2173 2242/3395/2241
f 2174/3320/2173 283/878/283 2242/3395/2241
f 4694/3398/4691 4696/3401/4693 1120/3394/1120
f 4694/3398/4691 4695/3400/4692 4696/3401/4693
f 4695/3400/4692 1052/3318/1052 4696/3401/4693
f 3363/3399/3361 3364/877/3362 277/854/277
f 3363/3399/3361 4694/3398/4691 3364/877/3362
f 4694/3398/4691 1120/3394/1120 3364/877/3362
f 4693/3396/4690 2243/880/2242 1121/3385/1121
f 4693/3396/4690 2242/3395/2241 2243/880/2242
f 2242/3395/2241 283/878/283 2243/880/2242
f 4691/3391/4688 4693/3396/4690 1121/3385/1121
f 4691/3391/4688 4692/3393/4689 4693/3396/4690
f 4692/3393/4689 1120/3394/1120 4693/3396/4690
f 2162/3392/2161 3365/3387/3363 82/532/82
f 2162/3392/2161 4691/3391/4688 3365/3387/3363
f 4691/3391/4688 1121/3385/1121 3365/3387/3363
f 4690/3389/4687 2728/537/2726 484/4382/484
f 4690/3389/4687 2168/3308/2167 2728/537/2726
f 2168/3308/2167 81/535/81 2728/537/2726
f 4688/3386/4685 4690/3389/4687 484/4382/484
f 4688/3386/4685 4689/3388/4686 4690/3389/4687
f 4689/3388/4686 1046/3306/1046 4690/3389/4687
f 3365/3387/3363 1606/4384/1605 82/532/82
f 3365/3387/3363 4688/3386/4685 1606/4384/1605
f 4688/3386/4685 484/4382/484 1606/4384/1605
f 4687/3384/4684 2245/884/2244 1123/3373/1123
f 4687/3384/4684 2244/3383/2243 2245/884/2244
f 2244/3383/2243 284/882/284 2245/884/2244
f 4685/3379/4682 4687/3384/4684 1123/3373/1123
f 4685/3379/4682 4686/3381/4683 4687/3384/4684
f 4686/3381/4683 1122/3382/1122 4687/3384/4684
f 2169/3380/2168 3367/3375/3365 278/858/278
f 2169/3380/2168 4685/3379/4682 3367/3375/3365
f 4685/3379/4682 1123/3373/1123 3367/3375/3365
f 4684/3377/4681 2246/3371/2245 1124/3370/1124
f 4684/3377/4681 2177/3284/2176 2246/3371/2245
f 2177/3284/2176 285/886/285 2246/3371/2245
f 4682/3374/4679 4684/3377/4681 1124/3370/1124
f 4682/3374/4679 4683/3376/4680 4684/3377/4681
f 4683/3376/4680 1055/3282/1055 4684/3377/4681
f 3367/3375/3365 3368/885/3366 278/858/278
f 3367/3375/3365 4682/3374/4679 3368/885/3366
f 4682/3374/4679 1124/3370/1124 3368/885/3366
f 4681/3372/4678 2247/888/2246 1125/3361/1125
f 4681/3372/4678 2246/3371/2245 2247/888/2246
f 2246/3371/2245 285/886/285 2247/888/2246
f 4679/3367/4676 4681/3372/4678 1125/3361/1125
f 4679/3367/4676 4680/3369/4677 4681/3372/4678
f 4680/3369/4677 1124/3370/1124 4681/3372/4678
f 2170/3368/2169 3369/3363/3367 279/862/279
f 2170/3368/2169 4679/3367/4676 3369/3363/3367
f 4679/3367/4676 1125/3361/1125 3369/3363/3367
f 4678/3365/4675 2248/3359/2247 1126/3358/1126
f 4678/3365/4675 2178/3272/2177 2248/3359/2247
f 2178/3272/2177 286/890/286 2248/3359/2247
f 4676/3362/4673 4678/3365/4675 1126/3358/1126
f 4676/3362/4673 4677/3364/4674 4678/3365/4675
f 4677/3364/4674 1056/3270/1056 4678/3365/4675
f 3369/3363/3367 3370/889/3368 279/862/279
f 3369/3363/3367 4676/3362/4673 3370/889/3368
f 4676/3362/4673 1126/3358/1126 3370/889/3368
f 4675/3360/4672 2249/892/2248 1127/3349/1127
f 4675/3360/4672 2248/3359/2247 2249/892/2248
f 2248/3359/2247 286/890/286 2249/892/2248
f 4673/3355/4670 4675/3360/4672 1127/3349/1127
f 4673/3355/4670 4674/3357/4671 4675/3360/4672
f 4674/3357/4671 1126/3358/1126 4675/3360/4672
f 2171/3356/2170 3371/3351/3369 280/866/280
f 2171/3356/2170 4673/3355/4670 3371/3351/3369
f 4673/3355/4670 1127/3349/1127 3371/3351/3369
f 4672/3353/4669 2250/3347/2249 1128/3346/1128
f 4672/3353/4669 2179/3260/2178 2250/3347/2249
f 2179/3260/2178 287/894/287 2250/3347/2249
f 4670/3350/4667 4672/3353/4669 1128/3346/1128
f 4670/3350/4667 4671/3352/4668 4672/3353/4669
f 4671/3352/4668 1057/3258/1057 4672/3353/4669
f 3371/3351/3369 3372/893/3370 280/866/280
f 3371/3351/3369 4670/3350/4667 3372/893/3370
f 4670/3350/4667 1128/3346/1128 3372/893/3370
f 4669/3348/4666 2251/896/2250 1129/3337/1129
f 4669/3348/4666 2250/3347/2249 2251/896/2250
f 2250/3347/2249 287/894/287 2251/896/2250
f 4667/3343/4664 4669/3348/4666 1129/3337/1129
f 4667/3343/4664 4668/3345/4665 4669/3348/4666
f 4668/3345/4665 1128/3346/1128 4669/3348/4666
f 2172/3344/2171 3373/3339/3371 281/870/281
f 2172/3344/2171 4667/3343/4664 3373/3339/3371
f 4667/3343/4664 1129/3337/1129 3373/3339/3371
f 4666/3341/4663 2252/3335/2251 1130/3334/1130
f 4666/3341/4663 2180/3248/2179 2252/3335/2251
f 2180/3248/2179 288/898/288 2252/3335/2251
f 4664/3338/4661 4666/3341/4663 1130/3334/1130
f 4664/3338/4661 4665/3340/4662 4666/3341/4663
f 4665/3340/4662 1058/3246/1058 4666/3341/4663
f 3373/3339/3371 3374/897/3372 281/870/281
f 3373/3339/3371 4664/3338/4661 3374/897/3372
f 4664/3338/4661 1130/3334/1130 3374/897/3372
f 4663/3336/4660 2253/900/2252 1131/3325/1131
f 4663/3336/4660 2252/3335/2251 2253/900/2252
f 2252/3335/2251 288/898/288 2253/900/2252
f 4661/3331/4658 4663/3336/4660 1131/3325/1131
f 4661/3331/4658 4662/3333/4659 4663/3336/4660
f 4662/3333/4659 1130/3334/1130 4663/3336/4660
f 2173/3332/2172 3375/3327/3373 282/874/282
f 2173/3332/2172 4661/3331/4658 3375/3327/3373
f 4661/3331/4658 1131/3325/1131 3375/3327/3373
f 4660/3329/4657 2254/3323/2253 1132/3322/1132
f 4660/3329/4657 2181/3236/2180 2254/3323/2253
f 2181/3236/2180 289/902/289 2254/3323/2253
f 4658/3326/4655 4660/3329/4657 1132/3322/1132
f 4658/3326/4655 4659/3328/4656 4660/3329/4657
f 4659/3328/4656 1059/3234/1059 4660/3329/4657
f 3375/3327/3373 3376/901/3374 282/874/282
f 3375/3327/3373 4658/3326/4655 3376/901/3374
f 4658/3326/4655 1132/3322/1132 3376/901/3374
f 4657/3324/4654 2255/904/2254 1133/3313/1133
f 4657/3324/4654 2254/3323/2253 2255/904/2254
f 2254/3323/2253 289/902/289 2255/904/2254
f 4655/3319/4652 4657/3324/4654 1133/3313/1133
f 4655/3319/4652 4656/3321/4653 4657/3324/4654
f 4656/3321/4653 1132/3322/1132 4657/3324/4654
f 2174/3320/2173 3377/3315/3375 283/878/283
f 2174/3320/2173 4655/3319/4652 3377/3315/3375
f 4655/3319/4652 1133/3313/1133 3377/3315/3375
f 4654/3317/4651 2256/3311/2255 1134/3310/1134
f 4654/3317/4651 2182/3224/2181 2256/3311/2255
f 2182/3224/2181 290/906/290 2256/3311/2255
f 4652/3314/4649 4654/3317/4651 1134/3310/1134
f 4652/3314/4649 4653/3316/4650 4654/3317/4651
f 4653/3316/4650 1060/3222/1060 4654/3317/4651
f 3377/3315/3375 3378/905/3376 283/878/283
f 3377/3315/3375 4652/3314/4649 3378/905/3376
f 4652/3314/4649 1134/3310/1134 3378/905/3376
f 4651/3312/4648 2257/908/2256 1135/3301/1135
f 4651/3312/4648 2256/3311/2255 2257/908/2256
f 2256/3311/2255 290/906/290 2257/908/2256
f 4649/3307/4646 4651/3312/4648 1135/3301/1135
f 4649/3307/4646 4650/3309/4647 4651/3312/4648
f 4650/3309/4647 1134/3310/1134 4651/3312/4648
f 2168/3308/2167 3379/3303/3377 81/535/81
f 2168/3308/2167 4649/3307/4646 3379/3303/3377
f 4649/3307/4646 1135/3301/1135 3379/3303/3377
f 4648/3305/4645 2727/540/2725 483/4377/483
f 4648/3305/4645 2175/3212/2174 2727/540/2725
f 2175/3212/2174 80/538/80 2727/540/2725
f 4646/3302/4643 4648/3305/4645 483/4377/483
f 4646/3302/4643 4647/3304/4644 4648/3305/4645
f 4647/3304/4644 1053/3210/1053 4648/3305/4645
f 3379/3303/3377 1605/4379/1604 81/535/81
f 3379/3303/3377 4646/3302/4643 1605/4379/1604
f 4646/3302/4643 483/4377/483 1605/4379/1604
f 4645/3300/4642 2259/912/2258 1137/3289/1137
f 4645/3300/4642 2258/3299/2257 2259/912/2258
f 2258/3299/2257 291/910/291 2259/912/2258
f 4643/3295/4640 4645/3300/4642 1137/3289/1137
f 4643/3295/4640 4644/3297/4641 4645/3300/4642
f 4644/3297/4641 1136/3298/1136 4645/3300/4642
f 2176/3296/2175 3381/3291/3379 284/882/284
f 2176/3296/2175 4643/3295/4640 3381/3291/3379
f 4643/3295/4640 1137/3289/1137 3381/3291/3379
f 4642/3293/4639 2260/3287/2259 1138/3286/1138
f 4642/3293/4639 2185/3188/2184 2260/3287/2259
f 2185/3188/2184 292/914/292 2260/3287/2259
f 4640/3290/4637 4642/3293/4639 1138/3286/1138
f 4640/3290/4637 4641/3292/4638 4642/3293/4639
f 4641/3292/4638 1063/3186/1063 4642/3293/4639
f 3381/3291/3379 3382/913/3380 284/882/284
f 3381/3291/3379 4640/3290/4637 3382/913/3380
f 4640/3290/4637 1138/3286/1138 3382/913/3380
f 4639/3288/4636 2261/916/2260 1139/3277/1139
f 4639/3288/4636 2260/3287/2259 2261/916/2260
f 2260/3287/2259 292/914/292 2261/916/2260
f 4637/3283/4634 4639/3288/4636 1139/3277/1139
f 4637/3283/4634 4638/3285/4635 4639/3288/4636
f 4638/3285/4635 1138/3286/1138 4639/3288/4636
f 2177/3284/2176 3383/3279/3381 285/886/285
f 2177/3284/2176 4637/3283/4634 3383/3279/3381
f 4637/3283/4634 1139/3277/1139 3383/3279/3381
f 4636/3281/4633 2262/3275/2261 1140/3274/1140
f 4636/3281/4633 2186/3176/2185 2262/3275/2261
f 2186/3176/2185 293/918/293 2262/3275/2261
f 4634/3278/4631 4636/3281/4633 1140/3274/1140
f 4634/3278/4631 4635/3280/4632 4636/3281/4633
f 4635/3280/4632 1064/3174/1064 4636/3281/4633
f 3383/3279/3381 3384/917/3382 285/886/285
f 3383/3279/3381 4634/3278/4631 3384/917/3382
f 4634/3278/4631 1140/3274/1140 3384/917/3382
f 4633/3276/4630 2263/920/2262 1141/3265/1141
f 4633/3276/4630 2262/3275/2261 2263/920/2262
f 2262/3275/2261 293/918/293 2263/920/2262
f 4631/3271/4628 4633/3276/4630 1141/3265/1141
f 4631/3271/4628 4632/3273/4629 4633/3276/4630
f 4632/3273/4629 1140/3274/1140 4633/3276/4630
f 2178/3272/2177 3385/3267/3383 286/890/286
f 2178/3272/2177 4631/3271/4628 3385/3267/3383
f 4631/3271/4628 1141/3265/1141 3385/3267/3383
f 4630/3269/4627 2264/3263/2263 1142/3262/1142
f 4630/3269/4627 2187/3164/2186 2264/3263/2263
f 2187/3164/2186 294/922/294 2264/3263/2263
f 4628/3266/4625 4630/3269/4627 1142/3262/1142
f 4628/3266/4625 4629/3268/4626 4630/3269/4627
f 4629/3268/4626 1065/3162/1065 4630/3269/4627
f 3385/3267/3383 3386/921/3384 286/890/286
f 3385/3267/3383 4628/3266/4625 3386/921/3384
f 4628/3266/4625 1142/3262/1142 3386/921/3384
f 4627/3264/4624 2265/924/2264 1143/3253/1143
f 4627/3264/4624 2264/3263/2263 2265/924/2264
f 2264/3263/2263 294/922/294 2265/924/2264
f 4625/3259/4622 4627/3264/4624 1143/3253/1143
f 4625/3259/4622 4626/3261/4623 4627/3264/4624
f 4626/3261/4623 1142/3262/1142 4627/3264/4624
f 2179/3260/2178 3387/3255/3385 287/894/287
f 2179/3260/2178 4625/3259/4622 3387/3255/3385
f 4625/3259/4622 1143/3253/1143 3387/3255/3385
f 4624/3257/4621 2266/3251/2265 1144/3250/1144
f 4624/3257/4621 2188/3152/2187 2266/3251/2265
f 2188/3152/2187 295/926/295 2266/3251/2265
f 4622/3254/4619 4624/3257/4621 1144/3250/1144
f 4622/3254/4619 4623/3256/4620 4624/3257/4621
f 4623/3256/4620 1066/3150/1066 4624/3257/4621
f 3387/3255/3385 3388/925/3386 287/894/287
f 3387/3255/3385 4622/3254/4619 3388/925/3386
f 4622/3254/4619 1144/3250/1144 3388/925/3386
f 4621/3252/4618 2267/928/2266 1145/3241/1145
f 4621/3252/4618 2266/3251/2265 2267/928/2266
f 2266/3251/2265 295/926/295 2267/928/2266
f 4619/3247/4616 4621/3252/4618 1145/3241/1145
f 4619/3247/4616 4620/3249/4617 4621/3252/4618
f 4620/3249/4617 1144/3250/1144 4621/3252/4618
f 2180/3248/2179 3389/3243/3387 288/898/288
f 2180/3248/2179 4619/3247/4616 3389/3243/3387
f 4619/3247/4616 1145/3241/1145 3389/3243/3387
f 4618/3245/4615 2268/3239/2267 1146/3238/1146
f 4618/3245/4615 2189/3140/2188 2268/3239/2267
f 2189/3140/2188 296/930/296 2268/3239/2267
f 4616/3242/4613 4618/3245/4615 1146/3238/1146
f 4616/3242/4613 4617/3244/4614 4618/3245/4615
f 4617/3244/4614 1067/3138/1067 4618/3245/4615
f 3389/3243/3387 3390/929/3388 288/898/288
f 3389/3243/3387 4616/3242/4613 3390/929/3388
f 4616/3242/4613 1146/3238/1146 3390/929/3388
f 4615/3240/4612 2269/932/2268 1147/3229/1147
f 4615/3240/4612 2268/3239/2267 2269/932/2268
f 2268/3239/2267 296/930/296 2269/932/2268
f 4613/3235/4610 4615/3240/4612 1147/3229/1147
f 4613/3235/4610 4614/3237/4611 4615/3240/4612
f 4614/3237/4611 1146/3238/1146 4615/3240/4612
f 2181/3236/2180 3391/3231/3389 289/902/289
f 2181/3236/2180 4613/3235/4610 3391/3231/3389
f 4613/3235/4610 1147/3229/1147 3391/3231/3389
f 4612/3233/4609 2270/3227/2269 1148/3226/1148
f 4612/3233/4609 2190/3128/2189 2270/3227/2269
f 2190/3128/2189 297/934/297 2270/3227/2269
f 4610/3230/4607 4612/3233/4609 1148/3226/1148
f 4610/3230/4607 4611/3232/4608 4612/3233/4609
f 4611/3232/4608 1068/3126/1068 4612/3233/4609
f 3391/3231/3389 3392/933/3390 289/902/289
f 3391/3231/3389 4610/3230/4607 3392/933/3390
f 4610/3230/4607 1148/3226/1148 3392/933/3390
f 4609/3228/4606 2271/936/2270 1149/3217/1149
f 4609/3228/4606 2270/3227/2269 2271/936/2270
f 2270/3227/2269 297/934/297 2271/936/2270
f 4607/3223/4604 4609/3228/4606 1149/3217/1149
f 4607/3223/4604 4608/3225/4605 4609/3228/4606
f 4608/3225/4605 1148/3226/1148 4609/3228/4606
f 2182/3224/2181 3393/3219/3391 290/906/290
f 2182/3224/2181 4607/3223/4604 3393/3219/3391
f 4607/3223/4604 1149/3217/1149 3393/3219/3391
f 4606/3221/4603 2272/3215/2271 1150/3214/1150
f 4606/3221/4603 2191/3116/2190 2272/3215/2271
f 2191/3116/2190 298/938/298 2272/3215/2271
f 4604/3218/4601 4606/3221/4603 1150/3214/1150
f 4604/3218/4601 4605/3220/4602 4606/3221/4603
f 4605/3220/4602 1069/3114/1069 4606/3221/4603
f 3393/3219/3391 3394/937/3392 290/906/290
f 3393/3219/3391 4604/3218/4601 3394/937/3392
f 4604/3218/4601 1150/3214/1150 3394/937/3392
f 4603/3216/4600 2273/940/2272 1151/3205/1151
f 4603/3216/4600 2272/3215/2271 2273/940/2272
f 2272/3215/2271 298/938/298 2273/940/2272
f 4601/3211/4598 4603/3216/4600 1151/3205/1151
f 4601/3211/4598 4602/3213/4599 4603/3216/4600
f 4602/3213/4599 1150/3214/1150 4603/3216/4600
f 2175/3212/2174 3395/3207/3393 80/538/80
f 2175/3212/2174 4601/3211/4598 3395/3207/3393
f 4601/3211/4598 1151/3205/1151 3395/3207/3393
f 4600/3209/4597 2726/543/2724 482/4372/482
f 4600/3209/4597 2183/3104/2182 2726/543/2724
f 2183/3104/2182 79/541/79 2726/543/2724
f 4598/3206/4595 4600/3209/4597 482/4372/482
f 4598/3206/4595 4599/3208/4596 4600/3209/4597
f 4599/3208/4596 1061/3102/1061 4600/3209/4597
f 3395/3207/3393 1604/4374/1603 80/538/80
f 3395/3207/3393 4598/3206/4595 1604/4374/1603
f 4598/3206/4595 482/4372/482 1604/4374/1603
f 4597/3204/4594 2275/944/2274 1153/3193/1153
f 4597/3204/4594 2274/3203/2273 2275/944/2274
f 2274/3203/2273 299/942/299 2275/944/2274
f 4595/3199/4592 4597/3204/4594 1153/3193/1153
f 4595/3199/4592 4596/3201/4593 4597/3204/4594
f 4596/3201/4593 1152/3202/1152 4597/3204/4594
f 2184/3200/2183 3397/3195/3395 291/910/291
f 2184/3200/2183 4595/3199/4592 3397/3195/3395
f 4595/3199/4592 1153/3193/1153 3397/3195/3395
f 4594/3197/4591 2276/3191/2275 1154/3190/1154
f 4594/3197/4591 2194/3078/2193 2276/3191/2275
f 2194/3078/2193 300/946/300 2276/3191/2275
f 4592/3194/4589 4594/3197/4591 1154/3190/1154
f 4592/3194/4589 4593/3196/4590 4594/3197/4591
f 4593/3196/4590 1072/3076/1072 4594/3197/4591
f 3397/3195/3395 3398/945/3396 291/910/291
f 3397/3195/3395 4592/3194/4589 3398/945/3396
f 4592/3194/4589 1154/3190/1154 3398/945/3396
f 4591/3192/4588 2277/948/2276 1155/3181/1155
f 4591/3192/4588 2276/3191/2275 2277/948/2276
f 2276/3191/2275 300/946/300 2277/948/2276
f 4589/3187/4586 4591/3192/4588 1155/3181/1155
f 4589/3187/4586 4590/3189/4587 4591/3192/4588
f 4590/3189/4587 1154/3190/1154 4591/3192/4588
f 2185/3188/2184 3399/3183/3397 292/914/292
f 2185/3188/2184 4589/3187/4586 3399/3183/3397
f 4589/3187/4586 1155/3181/1155 3399/3183/3397
f 4588/3185/4585 2278/3179/2277 1156/3178/1156
f 4588/3185/4585 2195/3064/2194 2278/3179/2277
f 2195/3064/2194 301/950/301 2278/3179/2277
f 4586/3182/4583 4588/3185/4585 1156/3178/1156
f 4586/3182/4583 4587/3184/4584 4588/3185/4585
f 4587/3184/4584 1073/3062/1073 4588/3185/4585
f 3399/3183/3397 3400/949/3398 292/914/292
f 3399/3183/3397 4586/3182/4583 3400/949/3398
f 4586/3182/4583 1156/3178/1156 3400/949/3398
f 4585/3180/4582 2279/952/2278 1157/3169/1157
f 4585/3180/4582 2278/3179/2277 2279/952/2278
f 2278/3179/2277 301/950/301 2279/952/2278
f 4583/3175/4580 4585/3180/4582 1157/3169/1157
f 4583/3175/4580 4584/3177/4581 4585/3180/4582
f 4584/3177/4581 1156/3178/1156 4585/3180/4582
f 2186/3176/2185 3401/3171/3399 293/918/293
f 2186/3176/2185 4583/3175/4580 3401/3171/3399
f 4583/3175/4580 1157/3169/1157 3401/3171/3399
f 4582/3173/4579 2280/3167/2279 1158/3166/1158
f 4582/3173/4579 2196/3050/2195 2280/3167/2279
f 2196/3050/2195 302/954/302 2280/3167/2279
f 4580/3170/4577 4582/3173/4579 1158/3166/1158
f 4580/3170/4577 4581/3172/4578 4582/3173/4579
f 4581/3172/4578 1074/3048/1074 4582/3173/4579
f 3401/3171/3399 3402/953/3400 293/918/293
f 3401/3171/3399 4580/3170/4577 3402/953/3400
f 4580/3170/4577 1158/3166/1158 3402/953/3400
f 4579/3168/4576 2281/956/2280 1159/3157/1159
f 4579/3168/4576 2280/3167/2279 2281/956/2280
f 2280/3167/2279 302/954/302 2281/956/2280
f 4577/3163/4574 4579/3168/4576 1159/3157/1159
f 4577/3163/4574 4578/3165/4575 4579/3168/4576
f 4578/3165/4575 1158/3166/1158 4579/3168/4576
f 2187/3164/2186 3403/3159/3401 294/922/294
f 2187/3164/2186 4577/3163/4574 3403/3159/3401
f 4577/3163/4574 1159/3157/1159 3403/3159/3401
f 4576/3161/4573 2282/3155/2281 1160/3154/1160
f 4576/3161/4573 2197/3036/2196 2282/3155/2281
f 2197/3036/2196 303/958/303 2282/3155/2281
f 4574/3158/4571 4576/3161/4573 1160/3154/1160
f 4574/3158/4571 4575/3160/4572 4576/3161/4573
f 4575/3160/4572 1075/3034/1075 4576/3161/4573
f 3403/3159/3401 3404/957/3402 294/922/294
f 3403/3159/3401 4574/3158/4571 3404/957/3402
f 4574/3158/4571 1160/3154/1160 3404/957/3402
f 4573/3156/4570 2283/960/2282 1161/3145/1161
f 4573/3156/4570 2282/3155/2281 2283/960/2282
f 2282/3155/2281 303/958/303 2283/960/2282
f 4571/3151/4568 4573/3156/4570 1161/3145/1161
f 4571/3151/4568 4572/3153/4569 4573/3156/4570
f 4572/3153/4569 1160/3154/1160 4573/3156/4570
f 2188/3152/2187 3405/3147/3403 295/926/295
f 2188/3152/2187 4571/3151/4568 3405/3147/3403
f 4571/3151/4568 1161/3145/1161 3405/3147/3403
f 4570/3149/4567 2284/3143/2283 1162/3142/1162
f 4570/3149/4567 2198/3022/2197 2284/3143/2283
f 2198/3022/2197 304/962/304 2284/3143/2283
f 4568/3146/4565 4570/3149/4567 1162/3142/1162
f 4568/3146/4565 4569/3148/4566 4570/3149/4567
f 4569/3148/4566 1076/3020/1076 4570/3149/4567
f 3405/3147/3403 3406/961/3404 295/926/295
f 3405/3147/3403 4568/3146/4565 3406/961/3404
f 4568/3146/4565 1162/3142/1162 3406/961/3404
f 4567/3144/4564 2285/964/2284 1163/3133/1163
f 4567/3144/4564 2284/3143/2283 2285/964/2284
f 2284/3143/2283 304/962/304 2285/964/2284
f 4565/3139/4562 4567/3144/4564 1163/3133/1163
f 4565/3139/4562 4566/3141/4563 4567/3144/4564
f 4566/3141/4563 1162/3142/1162 4567/3144/4564
f 2189/3140/2188 3407/3135/3405 296/930/296
f 2189/3140/2188 4565/3139/4562 3407/3135/3405
f 4565/3139/4562 1163/3133/1163 3407/3135/3405
f 4564/3137/4561 2286/3131/2285 1164/3130/1164
f 4564/3137/4561 2199/3008/2198 2286/3131/2285
f 2199/3008/2198 305/966/305 2286/3131/2285
f 4562/3134/4559 4564/3137/4561 1164/3130/1164
f 4562/3134/4559 4563/3136/4560 4564/3137/4561
f 4563/3136/4560 1077/3006/1077 4564/3137/4561
f 3407/3135/3405 3408/965/3406 296/930/296
f 3407/3135/3405 4562/3134/4559 3408/965/3406
f 4562/3134/4559 1164/3130/1164 3408/965/3406
f 4561/3132/4558 2287/968/2286 1165/3121/1165
f 4561/3132/4558 2286/3131/2285 2287/968/2286
f 2286/3131/2285 305/966/305 2287/968/2286
f 4559/3127/4556 4561/3132/4558 1165/3121/1165
f 4559/3127/4556 4560/3129/4557 4561/3132/4558
f 4560/3129/4557 1164/3130/1164 4561/3132/4558
f 2190/3128/2189 3409/3123/3407 297/934/297
f 2190/3128/2189 4559/3127/4556 3409/3123/3407
f 4559/3127/4556 1165/3121/1165 3409/3123/3407
f 4558/3125/4555 2288/3119/2287 1166/3118/1166
f 4558/3125/4555 2200/2994/2199 2288/3119/2287
f 2200/2994/2199 306/970/306 2288/3119/2287
f 4556/3122/4553 4558/3125/4555 1166/3118/1166
f 4556/3122/4553 4557/3124/4554 4558/3125/4555
f 4557/3124/4554 1078/2992/1078 4558/3125/4555
f 3409/3123/3407 3410/969/3408 297/934/297
f 3409/3123/3407 4556/3122/4553 3410/969/3408
f 4556/3122/4553 1166/3118/1166 3410/969/3408
f 4555/3120/4552 2289/972/2288 1167/3109/1167
f 4555/3120/4552 2288/3119/2287 2289/972/2288
f 2288/3119/2287 306/970/306 2289/972/2288
f 4553/3115/4550 4555/3120/4552 1167/3109/1167
f 4553/3115/4550 4554/3117/4551 4555/3120/4552
f 4554/3117/4551 1166/3118/1166 4555/3120/4552
f 2191/3116/2190 3411/3111/3409 298/938/298
f 2191/3116/2190 4553/3115/4550 3411/3111/3409
f 4553/3115/4550 1167/3109/1167 3411/3111/3409
f 4552/3113/4549 2290/3107/2289 1168/3106/1168
f 4552/3113/4549 2201/2980/2200 2290/3107/2289
f 2201/2980/2200 307/974/307 2290/3107/2289
f 4550/3110/4547 4552/3113/4549 1168/3106/1168
f 4550/3110/4547 4551/3112/4548 4552/3113/4549
f 4551/3112/4548 1079/2978/1079 4552/3113/4549
f 3411/3111/3409 3412/973/3410 298/938/298
f 3411/3111/3409 4550/3110/4547 3412/973/3410
f 4550/3110/4547 1168/3106/1168 3412/973/3410
f 4549/3108/4546 2291/976/2290 1169/3097/1169
f 4549/3108/4546 2290/3107/2289 2291/976/2290
f 2290/3107/2289 307/974/307 2291/976/2290
f 4547/3103/4544 4549/3108/4546 1169/3097/1169
f 4547/3103/4544 4548/3105/4545 4549/3108/4546
f 4548/3105/4545 1168/3106/1168 4549/3108/4546
f 2183/3104/2182 3413/3099/3411 79/541/79
f 2183/3104/2182 4547/3103/4544 3413/3099/3411
f 4547/3103/4544 1169/3097/1169 3413/3099/3411
f 4546/3101/4543 2725/546/2723 481/4367/481
f 4546/3101/4543 2192/2966/2191 2725/546/2723
f 2192/2966/2191 78/544/78 2725/546/2723
f 4544/3098/4541 4546/3101/4543 481/4367/481
f 4544/3098/4541 4545/3100/4542 4546/3101/4543
f 4545/3100/4542 1070/2964/1070 4546/3101/4543
f 3413/3099/3411 1603/4369/1602 79/541/79
f 3413/3099/3411 4544/3098/4541 1603/4369/1602
f 4544/3098/4541 481/4367/481 1603/4369/1602
f 4543/3096/4540 2293/980/2292 1171/3083/1171
f 4543/3096/4540 2292/3095/2291 2293/980/2292
f 2292/3095/2291 27/978/27 2293/980/2292
f 4541/3091/4538 4543/3096/4540 1171/3083/1171
f 4541/3091/4538 4542/3093/4539 4543/3096/4540
f 4542/3093/4539 1170/3094/1170 4543/3096/4540
f 2193/3092/2192 3415/3085/3413 299/942/299
f 2193/3092/2192 4541/3091/4538 3415/3085/3413
f 4541/3091/4538 1171/3083/1171 3415/3085/3413
f 4540/3089/4537 2294/3081/2293 1172/3080/1172
f 4540/3089/4537 2673/3088/2672 2294/3081/2293
f 2673/3088/2672 26/982/26 2294/3081/2293
f 4538/3084/4535 4540/3089/4537 1172/3080/1172
f 4538/3084/4535 4539/3086/4536 4540/3089/4537
f 4539/3086/4536 429/3087/429 4540/3089/4537
f 3415/3085/3413 3416/981/3414 299/942/299
f 3415/3085/3413 4538/3084/4535 3416/981/3414
f 4538/3084/4535 1172/3080/1172 3416/981/3414
f 4537/3082/4534 2295/984/2294 1173/3069/1173
f 4537/3082/4534 2294/3081/2293 2295/984/2294
f 2294/3081/2293 26/982/26 2295/984/2294
f 4535/3077/4532 4537/3082/4534 1173/3069/1173
f 4535/3077/4532 4536/3079/4533 4537/3082/4534
f 4536/3079/4533 1172/3080/1172 4537/3082/4534
f 2194/3078/2193 3417/3071/3415 300/946/300
f 2194/3078/2193 4535/3077/4532 3417/3071/3415
f 4535/3077/4532 1173/3069/1173 3417/3071/3415
f 4534/3075/4531 2296/3067/2295 1174/3066/1174
f 4534/3075/4531 2672/3074/2671 2296/3067/2295
f 2672/3074/2671 25/986/25 2296/3067/2295
f 4532/3070/4529 4534/3075/4531 1174/3066/1174
f 4532/3070/4529 4533/3072/4530 4534/3075/4531
f 4533/3072/4530 428/3073/428 4534/3075/4531
f 3417/3071/3415 3418/985/3416 300/946/300
f 3417/3071/3415 4532/3070/4529 3418/985/3416
f 4532/3070/4529 1174/3066/1174 3418/985/3416
f 4531/3068/4528 2297/988/2296 1175/3055/1175
f 4531/3068/4528 2296/3067/2295 2297/988/2296
f 2296/3067/2295 25/986/25 2297/988/2296
f 4529/3063/4526 4531/3068/4528 1175/3055/1175
f 4529/3063/4526 4530/3065/4527 4531/3068/4528
f 4530/3065/4527 1174/3066/1174 4531/3068/4528
f 2195/3064/2194 3419/3057/3417 301/950/301
f 2195/3064/2194 4529/3063/4526 3419/3057/3417
f 4529/3063/4526 1175/3055/1175 3419/3057/3417
f 4528/3061/4525 2298/3053/2297 1176/3052/1176
f 4528/3061/4525 2671/3060/2670 2298/3053/2297
f 2671/3060/2670 24/990/24 2298/3053/2297
f 4526/3056/4523 4528/3061/4525 1176/3052/1176
f 4526/3056/4523 4527/3058/4524 4528/3061/4525
f 4527/3058/4524 427/3059/427 4528/3061/4525
f 3419/3057/3417 3420/989/3418 301/950/301
f 3419/3057/3417 4526/3056/4523 3420/989/3418
f 4526/3056/4523 1176/3052/1176 3420/989/3418
f 4525/3054/4522 2299/992/2298 1177/3041/1177
f 4525/3054/4522 2298/3053/2297 2299/992/2298
f 2298/3053/2297 24/990/24 2299/992/2298
f 4523/3049/4520 4525/3054/4522 1177/3041/1177
f 4523/3049/4520 4524/3051/4521 4525/3054/4522
f 4524/3051/4521 1176/3052/1176 4525/3054/4522
f 2196/3050/2195 3421/3043/3419 302/954/302
f 2196/3050/2195 4523/3049/4520 3421/3043/3419
f 4523/3049/4520 1177/3041/1177 3421/3043/3419
f 4522/3047/4519 2300/3039/2299 1178/3038/1178
f 4522/3047/4519 2670/3046/2669 2300/3039/2299
f 2670/3046/2669 23/994/23 2300/3039/2299
f 4520/3042/4517 4522/3047/4519 1178/3038/1178
f 4520/3042/4517 4521/3044/4518 4522/3047/4519
f 4521/3044/4518 426/3045/426 4522/3047/4519
f 3421/3043/3419 3422/993/3420 302/954/302
f 3421/3043/3419 4520/3042/4517 3422/993/3420
f 4520/3042/4517 1178/3038/1178 3422/993/3420
f 4519/3040/4516 2301/996/2300 1179/3027/1179
f 4519/3040/4516 2300/3039/2299 2301/996/2300
f 2300/3039/2299 23/994/23 2301/996/2300
f 4517/3035/4514 4519/3040/4516 1179/3027/1179
f 4517/3035/4514 4518/3037/4515 4519/3040/4516
f 4518/3037/4515 1178/3038/1178 4519/3040/4516
f 2197/3036/2196 3423/3029/3421 303/958/303
f 2197/3036/2196 4517/3035/4514 3423/3029/3421
f 4517/3035/4514 1179/3027/1179 3423/3029/3421
f 4516/3033/4513 2302/3025/2301 1180/3024/1180
f 4516/3033/4513 2669/3032/2668 2302/3025/2301
f 2669/3032/2668 22/998/22 2302/3025/2301
f 4514/3028/4511 4516/3033/4513 1180/3024/1180
f 4514/3028/4511 4515/3030/4512 4516/3033/4513
f 4515/3030/4512 425/3031/425 4516/3033/4513
f 3423/3029/3421 3424/997/3422 303/958/303
f 3423/3029/3421 4514/3028/4511 3424/997/3422
f 4514/3028/4511 1180/3024/1180 3424/997/3422
f 4513/3026/4510 2303/1000/2302 1181/3013/1181
f 4513/3026/4510 2302/3025/2301 2303/1000/2302
f 2302/3025/2301 22/998/22 2303/1000/2302
f 4511/3021/4508 4513/3026/4510 1181/3013/1181
f 4511/3021/4508 4512/3023/4509 4513/3026/4510
f 4512/3023/4509 1180/3024/1180 4513/3026/4510
f 2198/3022/2197 3425/3015/3423 304/962/304
f 2198/3022/2197 4511/3021/4508 3425/3015/3423
f 4511/3021/4508 1181/3013/1181 3425/3015/3423
f 4510/3019/4507 2304/3011/2303 1182/3010/1182
f 4510/3019/4507 2668/3018/2667 2304/3011/2303
f 2668/3018/2667 21/1002/21 2304/3011/2303
f 4508/3014/4505 4510/3019/4507 1182/3010/1182
f 4508/3014/4505 4509/3016/4506 4510/3019/4507
f 4509/3016/4506 424/3017/424 4510/3019/4507
f 3425/3015/3423 3426/1001/3424 304/962/304
f 3425/3015/3423 4508/3014/4505 3426/1001/3424
f 4508/3014/4505 1182/3010/1182 3426/1001/3424
f 4507/3012/4504 2305/1004/2304 1183/2999/1183
f 4507/3012/4504 2304/3011/2303 2305/1004/2304
f 2304/3011/2303 21/1002/21 2305/1004/2304
f 4505/3007/4502 4507/3012/4504 1183/2999/1183
f 4505/3007/4502 4506/3009/4503 4507/3012/4504
f 4506/3009/4503 1182/3010/1182 4507/3012/4504
f 2199/3008/2198 3427/3001/3425 305/966/305
f 2199/3008/2198 4505/3007/4502 3427/3001/3425
f 4505/3007/4502 1183/2999/1183 3427/3001/3425
f 4504/3005/4501 2306/2997/2305 1184/2996/1184
f 4504/3005/4501 2667/3004/2666 2306/2997/2305
f 2667/3004/2666 20/1006/20 2306/2997/2305
f 4502/3000/4499 4504/3005/4501 1184/2996/1184
f 4502/3000/4499 4503/3002/4500 4504/3005/4501
f 4503/3002/4500 423/3003/423 4504/3005/4501
f 3427/3001/3425 3428/1005/3426 305/966/305
f 3427/3001/3425 4502/3000/4499 3428/1005/3426
f 4502/3000/4499 1184/2996/1184 3428/1005/3426
f 4501/2998/4498 2307/1008/2306 1185/2985/1185
f 4501/2998/4498 2306/2997/2305 2307/1008/2306
f 2306/2997/2305 20/1006/20 2307/1008/2306
f 4499/2993/4496 4501/2998/4498 1185/2985/1185
f 4499/2993/4496 4500/2995/4497 4501/2998/4498
f 4500/2995/4497 1184/2996/1184 4501/2998/4498
f 2200/2994/2199 3429/2987/3427 306/970/306
f 2200/2994/2199 4499/2993/4496 3429/2987/3427
f 4499/2993/4496 1185/2985/1185 3429/2987/3427
f 4498/2991/4495 2308/2983/2307 1186/2982/1186
f 4498/2991/4495 2666/2990/2665 2308/2983/2307
f 2666/2990/2665 19/1010/19 2308/2983/2307
f 4496/2986/4493 4498/2991/4495 1186/2982/1186
f 4496/2986/4493 4497/2988/4494 4498/2991/4495
f 4497/2988/4494 422/2989/422 4498/2991/4495
f 3429/2987/3427 3430/1009/3428 306/970/306
f 3429/2987/3427 4496/2986/4493 3430/1009/3428
f 4496/2986/4493 1186/2982/1186 3430/1009/3428
f 4495/2984/4492 2309/1012/2308 1187/2971/1187
f 4495/2984/4492 2308/2983/2307 2309/1012/2308
f 2308/2983/2307 19/1010/19 2309/1012/2308
f 4493/2979/4490 4495/2984/4492 1187/2971/1187
f 4493/2979/4490 4494/2981/4491 4495/2984/4492
f 4494/2981/4491 1186/2982/1186 4495/2984/4492
f 2201/2980/2200 3431/2973/3429 307/974/307
f 2201/2980/2200 4493/2979/4490 3431/2973/3429
f 4493/2979/4490 1187/2971/1187 3431/2973/3429
f 4492/2977/4489 2310/2969/2309 1188/2968/1188
f 4492/2977/4489 2665/2976/2664 2310/2969/2309
f 2665/2976/2664 18/1014/18 2310/2969/2309
f 4490/2972/4487 4492/2977/4489 1188/2968/1188
f 4490/2972/4487 4491/2974/4488 4492/2977/4489
f 4491/2974/4488 421/2975/421 4492/2977/4489
f 3431/2973/3429 3432/1013/3430 307/974/307
f 3431/2973/3429 4490/2972/4487 3432/1013/3430
f 4490/2972/4487 1188/2968/1188 3432/1013/3430
f 4489/2970/4486 2311/1016/2310 1189/2957/1189
f 4489/2970/4486 2310/2969/2309 2311/1016/2310
f 2310/2969/2309 18/1014/18 2311/1016/2310
f 4487/2965/4484 4489/2970/4486 1189/2957/1189
f 4487/2965/4484 4488/2967/4485 4489/2970/4486
f 4488/2967/4485 1188/2968/1188 4489/2970/4486
f 2192/2966/2191 3433/2959/3431 78/544/78
f 2192/2966/2191 4487/2965/4484 3433/2959/3431
f 4487/2965/4484 1189/2957/1189 3433/2959/3431
f 4486/2963/4483 2724/12/2722 480/5871/480
f 4486/2963/4483 2664/2962/2663 2724/12/2722
f 2664/2962/2663 3/10/3 2724/12/2722
f 4484/2958/4481 4486/2963/4483 480/5871/480
f 4484/2958/4481 4485/2960/4482 4486/2963/4483
f 4485/2960/4482 420/2961/420 4486/2963/4483
f 3433/2959/3431 1602/5873/1601 78/544/78
f 3433/2959/3431 4484/2958/4481 1602/5873/1601
f 4484/2958/4481 480/5871/480 1602/5873/1601
f 4483/2956/4480 2650/769/2649 406/3682/406
f 4483/2956/4480 2312/2902/2311 2650/769/2649
f 2312/2902/2311 97/767/97 2650/769/2649
f 4481/2953/4478 4483/2956/4480 406/3682/406
f 4481/2953/4478 4482/2955/4479 4483/2956/4480
f 4482/2955/4479 1190/2900/1190 4483/2956/4480
f 1529/2954/1529 1528/3684/1528 7/5940/7
f 1529/2954/1529 4481/2953/4478 1528/3684/1528
f 4481/2953/4478 406/3682/406 1528/3684/1528
f 4480/2951/4477 2367/2905/2366 1245/2904/1245
f 4480/2951/4477 2314/2890/2313 2367/2905/2366
f 2314/2890/2313 308/1048/308 2367/2905/2366
f 4478/2948/4475 4480/2951/4477 1245/2904/1245
f 4478/2948/4475 4479/2950/4476 4480/2951/4477
f 4479/2950/4476 1192/2888/1192 4480/2951/4477
f 1631/2949/1630 3489/1047/3487 107/1017/107
f 1631/2949/1630 4478/2948/4475 3489/1047/3487
f 4478/2948/4475 1245/2904/1245 3489/1047/3487
f 4477/2946/4474 2369/2893/2368 1247/2892/1247
f 4477/2946/4474 2316/2866/2315 2369/2893/2368
f 2316/2866/2315 309/1052/309 2369/2893/2368
f 4475/2943/4472 4477/2946/4474 1247/2892/1247
f 4475/2943/4472 4476/2945/4473 4477/2946/4474
f 4476/2945/4473 1194/2864/1194 4477/2946/4474
f 1630/2944/1629 3491/1051/3489 106/1020/106
f 1630/2944/1629 4475/2943/4472 3491/1051/3489
f 4475/2943/4472 1247/2892/1247 3491/1051/3489
f 4474/2941/4471 2373/2869/2372 1251/2868/1251
f 4474/2941/4471 2319/2830/2318 2373/2869/2372
f 2319/2830/2318 311/1060/311 2373/2869/2372
f 4472/2938/4469 4474/2941/4471 1251/2868/1251
f 4472/2938/4469 4473/2940/4470 4474/2941/4471
f 4473/2940/4470 1197/2828/1197 4474/2941/4471
f 1629/2939/1628 3495/1059/3493 105/1023/105
f 1629/2939/1628 4472/2938/4469 3495/1059/3493
f 4472/2938/4469 1251/2868/1251 3495/1059/3493
f 4471/2936/4468 2379/2833/2378 1257/2832/1257
f 4471/2936/4468 2323/2782/2322 2379/2833/2378
f 2323/2782/2322 314/1072/314 2379/2833/2378
f 4469/2933/4466 4471/2936/4468 1257/2832/1257
f 4469/2933/4466 4470/2935/4467 4471/2936/4468
f 4470/2935/4467 1201/2780/1201 4471/2936/4468
f 1628/2934/1627 3501/1071/3499 104/1026/104
f 1628/2934/1627 4469/2933/4466 3501/1071/3499
f 4469/2933/4466 1257/2832/1257 3501/1071/3499
f 4468/2931/4465 2387/2785/2386 1265/2784/1265
f 4468/2931/4465 2328/2722/2327 2387/2785/2386
f 2328/2722/2327 318/1088/318 2387/2785/2386
f 4466/2928/4463 4468/2931/4465 1265/2784/1265
f 4466/2928/4463 4467/2930/4464 4468/2931/4465
f 4467/2930/4464 1206/2720/1206 4468/2931/4465
f 1627/2929/1626 3509/1087/3507 103/1029/103
f 1627/2929/1626 4466/2928/4463 3509/1087/3507
f 4466/2928/4463 1265/2784/1265 3509/1087/3507
f 4465/2926/4462 2397/2725/2396 1275/2724/1275
f 4465/2926/4462 2334/2650/2333 2397/2725/2396
f 2334/2650/2333 323/1108/323 2397/2725/2396
f 4463/2923/4460 4465/2926/4462 1275/2724/1275
f 4463/2923/4460 4464/2925/4461 4465/2926/4462
f 4464/2925/4461 1212/2648/1212 4465/2926/4462
f 1626/2924/1625 3519/1107/3517 102/1032/102
f 1626/2924/1625 4463/2923/4460 3519/1107/3517
f 4463/2923/4460 1275/2724/1275 3519/1107/3517
f 4462/2921/4459 2409/2653/2408 1287/2652/1287
f 4462/2921/4459 2341/2566/2340 2409/2653/2408
f 2341/2566/2340 329/1132/329 2409/2653/2408
f 4460/2918/4457 4462/2921/4459 1287/2652/1287
f 4460/2918/4457 4461/2920/4458 4462/2921/4459
f 4461/2920/4458 1219/2564/1219 4462/2921/4459
f 1625/2919/1624 3531/1131/3529 101/1035/101
f 1625/2919/1624 4460/2918/4457 3531/1131/3529
f 4460/2918/4457 1287/2652/1287 3531/1131/3529
f 4459/2916/4456 2423/2569/2422 1301/2568/1301
f 4459/2916/4456 2349/2470/2348 2423/2569/2422
f 2349/2470/2348 336/1160/336 2423/2569/2422
f 4457/2913/4454 4459/2916/4456 1301/2568/1301
f 4457/2913/4454 4458/2915/4455 4459/2916/4456
f 4458/2915/4455 1227/2468/1227 4459/2916/4456
f 1624/2914/1623 3545/1159/3543 100/1038/100
f 1624/2914/1623 4457/2913/4454 3545/1159/3543
f 4457/2913/4454 1301/2568/1301 3545/1159/3543
f 4456/2911/4453 2439/2473/2438 1317/2472/1317
f 4456/2911/4453 2358/2362/2357 2439/2473/2438
f 2358/2362/2357 344/1192/344 2439/2473/2438
f 4454/2908/4451 4456/2911/4453 1317/2472/1317
f 4454/2908/4451 4455/2910/4452 4456/2911/4453
f 4455/2910/4452 1236/2360/1236 4456/2911/4453
f 1623/2909/1622 3561/1191/3559 99/1041/99
f 1623/2909/1622 4454/2908/4451 3561/1191/3559
f 4454/2908/4451 1317/2472/1317 3561/1191/3559
f 4453/2906/4450 2368/1050/2367 1246/2895/1246
f 4453/2906/4450 2367/2905/2366 2368/1050/2367
f 2367/2905/2366 308/1048/308 2368/1050/2367
f 4451/2901/4448 4453/2906/4450 1246/2895/1246
f 4451/2901/4448 4452/2903/4449 4453/2906/4450
f 4452/2903/4449 1245/2904/1245 4453/2906/4450
f 2312/2902/2311 3490/2897/3488 97/767/97
f 2312/2902/2311 4451/2901/4448 3490/2897/3488
f 4451/2901/4448 1246/2895/1246 3490/2897/3488
f 4450/2899/4447 2743/772/2741 499/3677/499
f 4450/2899/4447 2313/2878/2312 2743/772/2741
f 2313/2878/2312 96/770/96 2743/772/2741
f 4448/2896/4445 4450/2899/4447 499/3677/499
f 4448/2896/4445 4449/2898/4446 4450/2899/4447
f 4449/2898/4446 1191/2876/1191 4450/2899/4447
f 3490/2897/3488 1621/3679/1620 97/767/97
f 3490/2897/3488 4448/2896/4445 1621/3679/1620
f 4448/2896/4445 499/3677/499 1621/3679/1620
f 4447/2894/4444 2370/1054/2369 1248/2883/1248
f 4447/2894/4444 2369/2893/2368 2370/1054/2369
f 2369/2893/2368 309/1052/309 2370/1054/2369
f 4445/2889/4442 4447/2894/4444 1248/2883/1248
f 4445/2889/4442 4446/2891/4443 4447/2894/4444
f 4446/2891/4443 1247/2892/1247 4447/2894/4444
f 2314/2890/2313 3492/2885/3490 308/1048/308
f 2314/2890/2313 4445/2889/4442 3492/2885/3490
f 4445/2889/4442 1248/2883/1248 3492/2885/3490
f 4444/2887/4441 2371/2881/2370 1249/2880/1249
f 4444/2887/4441 2317/2854/2316 2371/2881/2370
f 2317/2854/2316 310/1056/310 2371/2881/2370
f 4442/2884/4439 4444/2887/4441 1249/2880/1249
f 4442/2884/4439 4443/2886/4440 4444/2887/4441
f 4443/2886/4440 1195/2852/1195 4444/2887/4441
f 3492/2885/3490 3493/1055/3491 308/1048/308
f 3492/2885/3490 4442/2884/4439 3493/1055/3491
f 4442/2884/4439 1249/2880/1249 3493/1055/3491
f 4441/2882/4438 2372/1058/2371 1250/2871/1250
f 4441/2882/4438 2371/2881/2370 2372/1058/2371
f 2371/2881/2370 310/1056/310 2372/1058/2371
f 4439/2877/4436 4441/2882/4438 1250/2871/1250
f 4439/2877/4436 4440/2879/4437 4441/2882/4438
f 4440/2879/4437 1249/2880/1249 4441/2882/4438
f 2313/2878/2312 3494/2873/3492 96/770/96
f 2313/2878/2312 4439/2877/4436 3494/2873/3492
f 4439/2877/4436 1250/2871/1250 3494/2873/3492
f 4438/2875/4435 2742/775/2740 498/3672/498
f 4438/2875/4435 2315/2842/2314 2742/775/2740
f 2315/2842/2314 95/773/95 2742/775/2740
f 4436/2872/4433 4438/2875/4435 498/3672/498
f 4436/2872/4433 4437/2874/4434 4438/2875/4435
f 4437/2874/4434 1193/2840/1193 4438/2875/4435
f 3494/2873/3492 1620/3674/1619 96/770/96
f 3494/2873/3492 4436/2872/4433 1620/3674/1619
f 4436/2872/4433 498/3672/498 1620/3674/1619
f 4435/2870/4432 2374/1062/2373 1252/2859/1252
f 4435/2870/4432 2373/2869/2372 2374/1062/2373
f 2373/2869/2372 311/1060/311 2374/1062/2373
f 4433/2865/4430 4435/2870/4432 1252/2859/1252
f 4433/2865/4430 4434/2867/4431 4435/2870/4432
f 4434/2867/4431 1251/2868/1251 4435/2870/4432
f 2316/2866/2315 3496/2861/3494 309/1052/309
f 2316/2866/2315 4433/2865/4430 3496/2861/3494
f 4433/2865/4430 1252/2859/1252 3496/2861/3494
f 4432/2863/4429 2375/2857/2374 1253/2856/1253
f 4432/2863/4429 2320/2818/2319 2375/2857/2374
f 2320/2818/2319 312/1064/312 2375/2857/2374
f 4430/2860/4427 4432/2863/4429 1253/2856/1253
f 4430/2860/4427 4431/2862/4428 4432/2863/4429
f 4431/2862/4428 1198/2816/1198 4432/2863/4429
f 3496/2861/3494 3497/1063/3495 309/1052/309
f 3496/2861/3494 4430/2860/4427 3497/1063/3495
f 4430/2860/4427 1253/2856/1253 3497/1063/3495
f 4429/2858/4426 2376/1066/2375 1254/2847/1254
f 4429/2858/4426 2375/2857/2374 2376/1066/2375
f 2375/2857/2374 312/1064/312 2376/1066/2375
f 4427/2853/4424 4429/2858/4426 1254/2847/1254
f 4427/2853/4424 4428/2855/4425 4429/2858/4426
f 4428/2855/4425 1253/2856/1253 4429/2858/4426
f 2317/2854/2316 3498/2849/3496 310/1056/310
f 2317/2854/2316 4427/2853/4424 3498/2849/3496
f 4427/2853/4424 1254/2847/1254 3498/2849/3496
f 4426/2851/4423 2377/2845/2376 1255/2844/1255
f 4426/2851/4423 2321/2806/2320 2377/2845/2376
f 2321/2806/2320 313/1068/313 2377/2845/2376
f 4424/2848/4421 4426/2851/4423 1255/2844/1255
f 4424/2848/4421 4425/2850/4422 4426/2851/4423
f 4425/2850/4422 1199/2804/1199 4426/2851/4423
f 3498/2849/3496 3499/1067/3497 310/1056/310
f 3498/2849/3496 4424/2848/4421 3499/1067/3497
f 4424/2848/4421 1255/2844/1255 3499/1067/3497
f 4423/2846/4420 2378/1070/2377 1256/2835/1256
f 4423/2846/4420 2377/2845/2376 2378/1070/2377
f 2377/2845/2376 313/1068/313 2378/1070/2377
f 4421/2841/4418 4423/2846/4420 1256/2835/1256
f 4421/2841/4418 4422/2843/4419 4423/2846/4420
f 4422/2843/4419 1255/2844/1255 4423/2846/4420
f 2315/2842/2314 3500/2837/3498 95/773/95
f 2315/2842/2314 4421/2841/4418 3500/2837/3498
f 4421/2841/4418 1256/2835/1256 3500/2837/3498
f 4420/2839/4417 2741/778/2739 497/3667/497
f 4420/2839/4417 2318/2794/2317 2741/778/2739
f 2318/2794/2317 94/776/94 2741/778/2739
f 4418/2836/4415 4420/2839/4417 497/3667/497
f 4418/2836/4415 4419/2838/4416 4420/2839/4417
f 4419/2838/4416 1196/2792/1196 4420/2839/4417
f 3500/2837/3498 1619/3669/1618 95/773/95
f 3500/2837/3498 4418/2836/4415 1619/3669/1618
f 4418/2836/4415 497/3667/497 1619/3669/1618
f 4417/2834/4414 2380/1074/2379 1258/2823/1258
f 4417/2834/4414 2379/2833/2378 2380/1074/2379
f 2379/2833/2378 314/1072/314 2380/1074/2379
f 4415/2829/4412 4417/2834/4414 1258/2823/1258
f 4415/2829/4412 4416/2831/4413 4417/2834/4414
f 4416/2831/4413 1257/2832/1257 4417/2834/4414
f 2319/2830/2318 3502/2825/3500 311/1060/311
f 2319/2830/2318 4415/2829/4412 3502/2825/3500
f 4415/2829/4412 1258/2823/1258 3502/2825/3500
f 4414/2827/4411 2381/2821/2380 1259/2820/1259
f 4414/2827/4411 2324/2770/2323 2381/2821/2380
f 2324/2770/2323 315/1076/315 2381/2821/2380
f 4412/2824/4409 4414/2827/4411 1259/2820/1259
f 4412/2824/4409 4413/2826/4410 4414/2827/4411
f 4413/2826/4410 1202/2768/1202 4414/2827/4411
f 3502/2825/3500 3503/1075/3501 311/1060/311
f 3502/2825/3500 4412/2824/4409 3503/1075/3501
f 4412/2824/4409 1259/2820/1259 3503/1075/3501
f 4411/2822/4408 2382/1078/2381 1260/2811/1260
f 4411/2822/4408 2381/2821/2380 2382/1078/2381
f 2381/2821/2380 315/1076/315 2382/1078/2381
f 4409/2817/4406 4411/2822/4408 1260/2811/1260
f 4409/2817/4406 4410/2819/4407 4411/2822/4408
f 4410/2819/4407 1259/2820/1259 4411/2822/4408
f 2320/2818/2319 3504/2813/3502 312/1064/312
f 2320/2818/2319 4409/2817/4406 3504/2813/3502
f 4409/2817/4406 1260/2811/1260 3504/2813/3502
f 4408/2815/4405 2383/2809/2382 1261/2808/1261
f 4408/2815/4405 2325/2758/2324 2383/2809/2382
f 2325/2758/2324 316/1080/316 2383/2809/2382
f 4406/2812/4403 4408/2815/4405 1261/2808/1261
f 4406/2812/4403 4407/2814/4404 4408/2815/4405
f 4407/2814/4404 1203/2756/1203 4408/2815/4405
f 3504/2813/3502 3505/1079/3503 312/1064/312
f 3504/2813/3502 4406/2812/4403 3505/1079/3503
f 4406/2812/4403 1261/2808/1261 3505/1079/3503
f 4405/2810/4402 2384/1082/2383 1262/2799/1262
f 4405/2810/4402 2383/2809/2382 2384/1082/2383
f 2383/2809/2382 316/1080/316 2384/1082/2383
f 4403/2805/4400 4405/2810/4402 1262/2799/1262
f 4403/2805/4400 4404/2807/4401 4405/2810/4402
f 4404/2807/4401 1261/2808/1261 4405/2810/4402
f 2321/2806/2320 3506/2801/3504 313/1068/313
f 2321/2806/2320 4403/2805/4400 3506/2801/3504
f 4403/2805/4400 1262/2799/1262 3506/2801/3504
f 4402/2803/4399 2385/2797/2384 1263/2796/1263
f 4402/2803/4399 2326/2746/2325 2385/2797/2384
f 2326/2746/2325 317/1084/317 2385/2797/2384
f 4400/2800/4397 4402/2803/4399 1263/2796/1263
f 4400/2800/4397 4401/2802/4398 4402/2803/4399
f 4401/2802/4398 1204/2744/1204 4402/2803/4399
f 3506/2801/3504 3507/1083/3505 313/1068/313
f 3506/2801/3504 4400/2800/4397 3507/1083/3505
f 4400/2800/4397 1263/2796/1263 3507/1083/3505
f 4399/2798/4396 2386/1086/2385 1264/2787/1264
f 4399/2798/4396 2385/2797/2384 2386/1086/2385
f 2385/2797/2384 317/1084/317 2386/1086/2385
f 4397/2793/4394 4399/2798/4396 1264/2787/1264
f 4397/2793/4394 4398/2795/4395 4399/2798/4396
f 4398/2795/4395 1263/2796/1263 4399/2798/4396
f 2318/2794/2317 3508/2789/3506 94/776/94
f 2318/2794/2317 4397/2793/4394 3508/2789/3506
f 4397/2793/4394 1264/2787/1264 3508/2789/3506
f 4396/2791/4393 2740/781/2738 496/3662/496
f 4396/2791/4393 2322/2734/2321 2740/781/2738
f 2322/2734/2321 93/779/93 2740/781/2738
f 4394/2788/4391 4396/2791/4393 496/3662/496
f 4394/2788/4391 4395/2790/4392 4396/2791/4393
f 4395/2790/4392 1200/2732/1200 4396/2791/4393
f 3508/2789/3506 1618/3664/1617 94/776/94
f 3508/2789/3506 4394/2788/4391 1618/3664/1617
f 4394/2788/4391 496/3662/496 1618/3664/1617
f 4393/2786/4390 2388/1090/2387 1266/2775/1266
f 4393/2786/4390 2387/2785/2386 2388/1090/2387
f 2387/2785/2386 318/1088/318 2388/1090/2387
f 4391/2781/4388 4393/2786/4390 1266/2775/1266
f 4391/2781/4388 4392/2783/4389 4393/2786/4390
f 4392/2783/4389 1265/2784/1265 4393/2786/4390
f 2323/2782/2322 3510/2777/3508 314/1072/314
f 2323/2782/2322 4391/2781/4388 3510/2777/3508
f 4391/2781/4388 1266/2775/1266 3510/2777/3508
f 4390/2779/4387 2389/2773/2388 1267/2772/1267
f 4390/2779/4387 2329/2710/2328 2389/2773/2388
f 2329/2710/2328 319/1092/319 2389/2773/2388
f 4388/2776/4385 4390/2779/4387 1267/2772/1267
f 4388/2776/4385 4389/2778/4386 4390/2779/4387
f 4389/2778/4386 1207/2708/1207 4390/2779/4387
f 3510/2777/3508 3511/1091/3509 314/1072/314
f 3510/2777/3508 4388/2776/4385 3511/1091/3509
f 4388/2776/4385 1267/2772/1267 3511/1091/3509
f 4387/2774/4384 2390/1094/2389 1268/2763/1268
f 4387/2774/4384 2389/2773/2388 2390/1094/2389
f 2389/2773/2388 319/1092/319 2390/1094/2389
f 4385/2769/4382 4387/2774/4384 1268/2763/1268
f 4385/2769/4382 4386/2771/4383 4387/2774/4384
f 4386/2771/4383 1267/2772/1267 4387/2774/4384
f 2324/2770/2323 3512/2765/3510 315/1076/315
f 2324/2770/2323 4385/2769/4382 3512/2765/3510
f 4385/2769/4382 1268/2763/1268 3512/2765/3510
f 4384/2767/4381 2391/2761/2390 1269/2760/1269
f 4384/2767/4381 2330/2698/2329 2391/2761/2390
f 2330/2698/2329 320/1096/320 2391/2761/2390
f 4382/2764/4379 4384/2767/4381 1269/2760/1269
f 4382/2764/4379 4383/2766/4380 4384/2767/4381
f 4383/2766/4380 1208/2696/1208 4384/2767/4381
f 3512/2765/3510 3513/1095/3511 315/1076/315
f 3512/2765/3510 4382/2764/4379 3513/1095/3511
f 4382/2764/4379 1269/2760/1269 3513/1095/3511
f 4381/2762/4378 2392/1098/2391 1270/2751/1270
f 4381/2762/4378 2391/2761/2390 2392/1098/2391
f 2391/2761/2390 320/1096/320 2392/1098/2391
f 4379/2757/4376 4381/2762/4378 1270/2751/1270
f 4379/2757/4376 4380/2759/4377 4381/2762/4378
f 4380/2759/4377 1269/2760/1269 4381/2762/4378
f 2325/2758/2324 3514/2753/3512 316/1080/316
f 2325/2758/2324 4379/2757/4376 3514/2753/3512
f 4379/2757/4376 1270/2751/1270 3514/2753/3512
f 4378/2755/4375 2393/2749/2392 1271/2748/1271
f 4378/2755/4375 2331/2686/2330 2393/2749/2392
f 2331/2686/2330 321/1100/321 2393/2749/2392
f 4376/2752/4373 4378/2755/4375 1271/2748/1271
f 4376/2752/4373 4377/2754/4374 4378/2755/4375
f 4377/2754/4374 1209/2684/1209 4378/2755/4375
f 3514/2753/3512 3515/1099/3513 316/1080/316
f 3514/2753/3512 4376/2752/4373 3515/1099/3513
f 4376/2752/4373 1271/2748/1271 3515/1099/3513
f 4375/2750/4372 2394/1102/2393 1272/2739/1272
f 4375/2750/4372 2393/2749/2392 2394/1102/2393
f 2393/2749/2392 321/1100/321 2394/1102/2393
f 4373/2745/4370 4375/2750/4372 1272/2739/1272
f 4373/2745/4370 4374/2747/4371 4375/2750/4372
f 4374/2747/4371 1271/2748/1271 4375/2750/4372
f 2326/2746/2325 3516/2741/3514 317/1084/317
f 2326/2746/2325 4373/2745/4370 3516/2741/3514
f 4373/2745/4370 1272/2739/1272 3516/2741/3514
f 4372/2743/4369 2395/2737/2394 1273/2736/1273
f 4372/2743/4369 2332/2674/2331 2395/2737/2394
f 2332/2674/2331 322/1104/322 2395/2737/2394
f 4370/2740/4367 4372/2743/4369 1273/2736/1273
f 4370/2740/4367 4371/2742/4368 4372/2743/4369
f 4371/2742/4368 1210/2672/1210 4372/2743/4369
f 3516/2741/3514 3517/1103/3515 317/1084/317
f 3516/2741/3514 4370/2740/4367 3517/1103/3515
f 4370/2740/4367 1273/2736/1273 3517/1103/3515
f 4369/2738/4366 2396/1106/2395 1274/2727/1274
f 4369/2738/4366 2395/2737/2394 2396/1106/2395
f 2395/2737/2394 322/1104/322 2396/1106/2395
f 4367/2733/4364 4369/2738/4366 1274/2727/1274
f 4367/2733/4364 4368/2735/4365 4369/2738/4366
f 4368/2735/4365 1273/2736/1273 4369/2738/4366
f 2322/2734/2321 3518/2729/3516 93/779/93
f 2322/2734/2321 4367/2733/4364 3518/2729/3516
f 4367/2733/4364 1274/2727/1274 3518/2729/3516
f 4366/2731/4363 2739/784/2737 495/3657/495
f 4366/2731/4363 2327/2662/2326 2739/784/2737
f 2327/2662/2326 92/782/92 2739/784/2737
f 4364/2728/4361 4366/2731/4363 495/3657/495
f 4364/2728/4361 4365/2730/4362 4366/2731/4363
f 4365/2730/4362 1205/2660/1205 4366/2731/4363
f 3518/2729/3516 1617/3659/1616 93/779/93
f 3518/2729/3516 4364/2728/4361 1617/3659/1616
f 4364/2728/4361 495/3657/495 1617/3659/1616
f 4363/2726/4360 2398/1110/2397 1276/2715/1276
f 4363/2726/4360 2397/2725/2396 2398/1110/2397
f 2397/2725/2396 323/1108/323 2398/1110/2397
f 4361/2721/4358 4363/2726/4360 1276/2715/1276
f 4361/2721/4358 4362/2723/4359 4363/2726/4360
f 4362/2723/4359 1275/2724/1275 4363/2726/4360
f 2328/2722/2327 3520/2717/3518 318/1088/318
f 2328/2722/2327 4361/2721/4358 3520/2717/3518
f 4361/2721/4358 1276/2715/1276 3520/2717/3518
f 4360/2719/4357 2399/2713/2398 1277/2712/1277
f 4360/2719/4357 2335/2638/2334 2399/2713/2398
f 2335/2638/2334 324/1112/324 2399/2713/2398
f 4358/2716/4355 4360/2719/4357 1277/2712/1277
f 4358/2716/4355 4359/2718/4356 4360/2719/4357
f 4359/2718/4356 1213/2636/1213 4360/2719/4357
f 3520/2717/3518 3521/1111/3519 318/1088/318
f 3520/2717/3518 4358/2716/4355 3521/1111/3519
f 4358/2716/4355 1277/2712/1277 3521/1111/3519
f 4357/2714/4354 2400/1114/2399 1278/2703/1278
f 4357/2714/4354 2399/2713/2398 2400/1114/2399
f 2399/2713/2398 324/1112/324 2400/1114/2399
f 4355/2709/4352 4357/2714/4354 1278/2703/1278
f 4355/2709/4352 4356/2711/4353 4357/2714/4354
f 4356/2711/4353 1277/2712/1277 4357/2714/4354
f 2329/2710/2328 3522/2705/3520 319/1092/319
f 2329/2710/2328 4355/2709/4352 3522/2705/3520
f 4355/2709/4352 1278/2703/1278 3522/2705/3520
f 4354/2707/4351 2401/2701/2400 1279/2700/1279
f 4354/2707/4351 2336/2626/2335 2401/2701/2400
f 2336/2626/2335 325/1116/325 2401/2701/2400
f 4352/2704/4349 4354/2707/4351 1279/2700/1279
f 4352/2704/4349 4353/2706/4350 4354/2707/4351
f 4353/2706/4350 1214/2624/1214 4354/2707/4351
f 3522/2705/3520 3523/1115/3521 319/1092/319
f 3522/2705/3520 4352/2704/4349 3523/1115/3521
f 4352/2704/4349 1279/2700/1279 3523/1115/3521
f 4351/2702/4348 2402/1118/2401 1280/2691/1280
f 4351/2702/4348 2401/2701/2400 2402/1118/2401
f 2401/2701/2400 325/1116/325 2402/1118/2401
f 4349/2697/4346 4351/2702/4348 1280/2691/1280
f 4349/2697/4346 4350/2699/4347 4351/2702/4348
f 4350/2699/4347 1279/2700/1279 4351/2702/4348
f 2330/2698/2329 3524/2693/3522 320/1096/320
f 2330/2698/2329 4349/2697/4346 3524/2693/3522
f 4349/2697/4346 1280/2691/1280 3524/2693/3522
f 4348/2695/4345 2403/2689/2402 1281/2688/1281
f 4348/2695/4345 2337/2614/2336 2403/2689/2402
f 2337/2614/2336 326/1120/326 2403/2689/2402
f 4346/2692/4343 4348/2695/4345 1281/2688/1281
f 4346/2692/4343 4347/2694/4344 4348/2695/4345
f 4347/2694/4344 1215/2612/1215 4348/2695/4345
f 3524/2693/3522 3525/1119/3523 320/1096/320
f 3524/2693/3522 4346/2692/4343 3525/1119/3523
f 4346/2692/4343 1281/2688/1281 3525/1119/3523
f 4345/2690/4342 2404/1122/2403 1282/2679/1282
f 4345/2690/4342 2403/2689/2402 2404/1122/2403
f 2403/2689/2402 326/1120/326 2404/1122/2403
f 4343/2685/4340 4345/2690/4342 1282/2679/1282
f 4343/2685/4340 4344/2687/4341 4345/2690/4342
f 4344/2687/4341 1281/2688/1281 4345/2690/4342
f 2331/2686/2330 3526/2681/3524 321/1100/321
f 2331/2686/2330 4343/2685/4340 3526/2681/3524
f 4343/2685/4340 1282/2679/1282 3526/2681/3524
f 4342/2683/4339 2405/2677/2404 1283/2676/1283
f 4342/2683/4339 2338/2602/2337 2405/2677/2404
f 2338/2602/2337 327/1124/327 2405/2677/2404
f 4340/2680/4337 4342/2683/4339 1283/2676/1283
f 4340/2680/4337 4341/2682/4338 4342/2683/4339
f 4341/2682/4338 1216/2600/1216 4342/2683/4339
f 3526/2681/3524 3527/1123/3525 321/1100/321
f 3526/2681/3524 4340/2680/4337 3527/1123/3525
f 4340/2680/4337 1283/2676/1283 3527/1123/3525
f 4339/2678/4336 2406/1126/2405 1284/2667/1284
f 4339/2678/4336 2405/2677/2404 2406/1126/2405
f 2405/2677/2404 327/1124/327 2406/1126/2405
f 4337/2673/4334 4339/2678/4336 1284/2667/1284
f 4337/2673/4334 4338/2675/4335 4339/2678/4336
f 4338/2675/4335 1283/2676/1283 4339/2678/4336
f 2332/2674/2331 3528/2669/3526 322/1104/322
f 2332/2674/2331 4337/2673/4334 3528/2669/3526
f 4337/2673/4334 1284/2667/1284 3528/2669/3526
f 4336/2671/4333 2407/2665/2406 1285/2664/1285
f 4336/2671/4333 2339/2590/2338 2407/2665/2406
f 2339/2590/2338 328/1128/328 2407/2665/2406
f 4334/2668/4331 4336/2671/4333 1285/2664/1285
f 4334/2668/4331 4335/2670/4332 4336/2671/4333
f 4335/2670/4332 1217/2588/1217 4336/2671/4333
f 3528/2669/3526 3529/1127/3527 322/1104/322
f 3528/2669/3526 4334/2668/4331 3529/1127/3527
f 4334/2668/4331 1285/2664/1285 3529/1127/3527
f 4333/2666/4330 2408/1130/2407 1286/2655/1286
f 4333/2666/4330 2407/2665/2406 2408/1130/2407
f 2407/2665/2406 328/1128/328 2408/1130/2407
f 4331/2661/4328 4333/2666/4330 1286/2655/1286
f 4331/2661/4328 4332/2663/4329 4333/2666/4330
f 4332/2663/4329 1285/2664/1285 4333/2666/4330
f 2327/2662/2326 3530/2657/3528 92/782/92
f 2327/2662/2326 4331/2661/4328 3530/2657/3528
f 4331/2661/4328 1286/2655/1286 3530/2657/3528
f 4330/2659/4327 2738/787/2736 494/3652/494
f 4330/2659/4327 2333/2578/2332 2738/787/2736
f 2333/2578/2332 91/785/91 2738/787/2736
f 4328/2656/4325 4330/2659/4327 494/3652/494
f 4328/2656/4325 4329/2658/4326 4330/2659/4327
f 4329/2658/4326 1211/2576/1211 4330/2659/4327
f 3530/2657/3528 1616/3654/1615 92/782/92
f 3530/2657/3528 4328/2656/4325 1616/3654/1615
f 4328/2656/4325 494/3652/494 1616/3654/1615
f 4327/2654/4324 2410/1134/2409 1288/2643/1288
f 4327/2654/4324 2409/2653/2408 2410/1134/2409
f 2409/2653/2408 329/1132/329 2410/1134/2409
f 4325/2649/4322 4327/2654/4324 1288/2643/1288
f 4325/2649/4322 4326/2651/4323 4327/2654/4324
f 4326/2651/4323 1287/2652/1287 4327/2654/4324
f 2334/2650/2333 3532/2645/3530 323/1108/323
f 2334/2650/2333 4325/2649/4322 3532/2645/3530
f 4325/2649/4322 1288/2643/1288 3532/2645/3530
f 4324/2647/4321 2411/2641/2410 1289/2640/1289
f 4324/2647/4321 2342/2554/2341 2411/2641/2410
f 2342/2554/2341 330/1136/330 2411/2641/2410
f 4322/2644/4319 4324/2647/4321 1289/2640/1289
f 4322/2644/4319 4323/2646/4320 4324/2647/4321
f 4323/2646/4320 1220/2552/1220 4324/2647/4321
f 3532/2645/3530 3533/1135/3531 323/1108/323
f 3532/2645/3530 4322/2644/4319 3533/1135/3531
f 4322/2644/4319 1289/2640/1289 3533/1135/3531
f 4321/2642/4318 2412/1138/2411 1290/2631/1290
f 4321/2642/4318 2411/2641/2410 2412/1138/2411
f 2411/2641/2410 330/1136/330 2412/1138/2411
f 4319/2637/4316 4321/2642/4318 1290/2631/1290
f 4319/2637/4316 4320/2639/4317 4321/2642/4318
f 4320/2639/4317 1289/2640/1289 4321/2642/4318
f 2335/2638/2334 3534/2633/3532 324/1112/324
f 2335/2638/2334 4319/2637/4316 3534/2633/3532
f 4319/2637/4316 1290/2631/1290 3534/2633/3532
f 4318/2635/4315 2413/2629/2412 1291/2628/1291
f 4318/2635/4315 2343/2542/2342 2413/2629/2412
f 2343/2542/2342 331/1140/331 2413/2629/2412
f 4316/2632/4313 4318/2635/4315 1291/2628/1291
f 4316/2632/4313 4317/2634/4314 4318/2635/4315
f 4317/2634/4314 1221/2540/1221 4318/2635/4315
f 3534/2633/3532 3535/1139/3533 324/1112/324
f 3534/2633/3532 4316/2632/4313 3535/1139/3533
f 4316/2632/4313 1291/2628/1291 3535/1139/3533
f 4315/2630/4312 2414/1142/2413 1292/2619/1292
f 4315/2630/4312 2413/2629/2412 2414/1142/2413
f 2413/2629/2412 331/1140/331 2414/1142/2413
f 4313/2625/4310 4315/2630/4312 1292/2619/1292
f 4313/2625/4310 4314/2627/4311 4315/2630/4312
f 4314/2627/4311 1291/2628/1291 4315/2630/4312
f 2336/2626/2335 3536/2621/3534 325/1116/325
f 2336/2626/2335 4313/2625/4310 3536/2621/3534
f 4313/2625/4310 1292/2619/1292 3536/2621/3534
f 4312/2623/4309 2415/2617/2414 1293/2616/1293
f 4312/2623/4309 2344/2530/2343 2415/2617/2414
f 2344/2530/2343 332/1144/332 2415/2617/2414
f 4310/2620/4307 4312/2623/4309 1293/2616/1293
f 4310/2620/4307 4311/2622/4308 4312/2623/4309
f 4311/2622/4308 1222/2528/1222 4312/2623/4309
f 3536/2621/3534 3537/1143/3535 325/1116/325
f 3536/2621/3534 4310/2620/4307 3537/1143/3535
f 4310/2620/4307 1293/2616/1293 3537/1143/3535
f 4309/2618/4306 2416/1146/2415 1294/2607/1294
f 4309/2618/4306 2415/2617/2414 2416/1146/2415
f 2415/2617/2414 332/1144/332 2416/1146/2415
f 4307/2613/4304 4309/2618/4306 1294/2607/1294
f 4307/2613/4304 4308/2615/4305 4309/2618/4306
f 4308/2615/4305 1293/2616/1293 4309/2618/4306
f 2337/2614/2336 3538/2609/3536 326/1120/326
f 2337/2614/2336 4307/2613/4304 3538/2609/3536
f 4307/2613/4304 1294/2607/1294 3538/2609/3536
f 4306/2611/4303 2417/2605/2416 1295/2604/1295
f 4306/2611/4303 2345/2518/2344 2417/2605/2416
f 2345/2518/2344 333/1148/333 2417/2605/2416
f 4304/2608/4301 4306/2611/4303 1295/2604/1295
f 4304/2608/4301 4305/2610/4302 4306/2611/4303
f 4305/2610/4302 1223/2516/1223 4306/2611/4303
f 3538/2609/3536 3539/1147/3537 326/1120/326
f 3538/2609/3536 4304/2608/4301 3539/1147/3537
f 4304/2608/4301 1295/2604/1295 3539/1147/3537
f 4303/2606/4300 2418/1150/2417 1296/2595/1296
f 4303/2606/4300 2417/2605/2416 2418/1150/2417
f 2417/2605/2416 333/1148/333 2418/1150/2417
f 4301/2601/4298 4303/2606/4300 1296/2595/1296
f 4301/2601/4298 4302/2603/4299 4303/2606/4300
f 4302/2603/4299 1295/2604/1295 4303/2606/4300
f 2338/2602/2337 3540/2597/3538 327/1124/327
f 2338/2602/2337 4301/2601/4298 3540/2597/3538
f 4301/2601/4298 1296/2595/1296 3540/2597/3538
f 4300/2599/4297 2419/2593/2418 1297/2592/1297
f 4300/2599/4297 2346/2506/2345 2419/2593/2418
f 2346/2506/2345 334/1152/334 2419/2593/2418
f 4298/2596/4295 4300/2599/4297 1297/2592/1297
f 4298/2596/4295 4299/2598/4296 4300/2599/4297
f 4299/2598/4296 1224/2504/1224 4300/2599/4297
f 3540/2597/3538 3541/1151/3539 327/1124/327
f 3540/2597/3538 4298/2596/4295 3541/1151/3539
f 4298/2596/4295 1297/2592/1297 3541/1151/3539
f 4297/2594/4294 2420/1154/2419 1298/2583/1298
f 4297/2594/4294 2419/2593/2418 2420/1154/2419
f 2419/2593/2418 334/1152/334 2420/1154/2419
f 4295/2589/4292 4297/2594/4294 1298/2583/1298
f 4295/2589/4292 4296/2591/4293 4297/2594/4294
f 4296/2591/4293 1297/2592/1297 4297/2594/4294
f 2339/2590/2338 3542/2585/3540 328/1128/328
f 2339/2590/2338 4295/2589/4292 3542/2585/3540
f 4295/2589/4292 1298/2583/1298 3542/2585/3540
f 4294/2587/4291 2421/2581/2420 1299/2580/1299
f 4294/2587/4291 2347/2494/2346 2421/2581/2420
f 2347/2494/2346 335/1156/335 2421/2581/2420
f 4292/2584/4289 4294/2587/4291 1299/2580/1299
f 4292/2584/4289 4293/2586/4290 4294/2587/4291
f 4293/2586/4290 1225/2492/1225 4294/2587/4291
f 3542/2585/3540 3543/1155/3541 328/1128/328
f 3542/2585/3540 4292/2584/4289 3543/1155/3541
f 4292/2584/4289 1299/2580/1299 3543/1155/3541
f 4291/2582/4288 2422/1158/2421 1300/2571/1300
f 4291/2582/4288 2421/2581/2420 2422/1158/2421
f 2421/2581/2420 335/1156/335 2422/1158/2421
f 4289/2577/4286 4291/2582/4288 1300/2571/1300
f 4289/2577/4286 4290/2579/4287 4291/2582/4288
f 4290/2579/4287 1299/2580/1299 4291/2582/4288
f 2333/2578/2332 3544/2573/3542 91/785/91
f 2333/2578/2332 4289/2577/4286 3544/2573/3542
f 4289/2577/4286 1300/2571/1300 3544/2573/3542
f 4288/2575/4285 2737/790/2735 493/3647/493
f 4288/2575/4285 2340/2482/2339 2737/790/2735
f 2340/2482/2339 90/788/90 2737/790/2735
f 4286/2572/4283 4288/2575/4285 493/3647/493
f 4286/2572/4283 4287/2574/4284 4288/2575/4285
f 4287/2574/4284 1218/2480/1218 4288/2575/4285
f 3544/2573/3542 1615/3649/1614 91/785/91
f 3544/2573/3542 4286/2572/4283 1615/3649/1614
f 4286/2572/4283 493/3647/493 1615/3649/1614
f 4285/2570/4282 2424/1162/2423 1302/2559/1302
f 4285/2570/4282 2423/2569/2422 2424/1162/2423
f 2423/2569/2422 336/1160/336 2424/1162/2423
f 4283/2565/4280 4285/2570/4282 1302/2559/1302
f 4283/2565/4280 4284/2567/4281 4285/2570/4282
f 4284/2567/4281 1301/2568/1301 4285/2570/4282
f 2341/2566/2340 3546/2561/3544 329/1132/329
f 2341/2566/2340 4283/2565/4280 3546/2561/3544
f 4283/2565/4280 1302/2559/1302 3546/2561/3544
f 4282/2563/4279 2425/2557/2424 1303/2556/1303
f 4282/2563/4279 2350/2458/2349 2425/2557/2424
f 2350/2458/2349 337/1164/337 2425/2557/2424
f 4280/2560/4277 4282/2563/4279 1303/2556/1303
f 4280/2560/4277 4281/2562/4278 4282/2563/4279
f 4281/2562/4278 1228/2456/1228 4282/2563/4279
f 3546/2561/3544 3547/1163/3545 329/1132/329
f 3546/2561/3544 4280/2560/4277 3547/1163/3545
f 4280/2560/4277 1303/2556/1303 3547/1163/3545
f 4279/2558/4276 2426/1166/2425 1304/2547/1304
f 4279/2558/4276 2425/2557/2424 2426/1166/2425
f 2425/2557/2424 337/1164/337 2426/1166/2425
f 4277/2553/4274 4279/2558/4276 1304/2547/1304
f 4277/2553/4274 4278/2555/4275 4279/2558/4276
f 4278/2555/4275 1303/2556/1303 4279/2558/4276
f 2342/2554/2341 3548/2549/3546 330/1136/330
f 2342/2554/2341 4277/2553/4274 3548/2549/3546
f 4277/2553/4274 1304/2547/1304 3548/2549/3546
f 4276/2551/4273 2427/2545/2426 1305/2544/1305
f 4276/2551/4273 2351/2446/2350 2427/2545/2426
f 2351/2446/2350 338/1168/338 2427/2545/2426
f 4274/2548/4271 4276/2551/4273 1305/2544/1305
f 4274/2548/4271 4275/2550/4272 4276/2551/4273
f 4275/2550/4272 1229/2444/1229 4276/2551/4273
f 3548/2549/3546 3549/1167/3547 330/1136/330
f 3548/2549/3546 4274/2548/4271 3549/1167/3547
f 4274/2548/4271 1305/2544/1305 3549/1167/3547
f 4273/2546/4270 2428/1170/2427 1306/2535/1306
f 4273/2546/4270 2427/2545/2426 2428/1170/2427
f 2427/2545/2426 338/1168/338 2428/1170/2427
f 4271/2541/4268 4273/2546/4270 1306/2535/1306
f 4271/2541/4268 4272/2543/4269 4273/2546/4270
f 4272/2543/4269 1305/2544/1305 4273/2546/4270
f 2343/2542/2342 3550/2537/3548 331/1140/331
f 2343/2542/2342 4271/2541/4268 3550/2537/3548
f 4271/2541/4268 1306/2535/1306 3550/2537/3548
f 4270/2539/4267 2429/2533/2428 1307/2532/1307
f 4270/2539/4267 2352/2434/2351 2429/2533/2428
f 2352/2434/2351 339/1172/339 2429/2533/2428
f 4268/2536/4265 4270/2539/4267 1307/2532/1307
f 4268/2536/4265 4269/2538/4266 4270/2539/4267
f 4269/2538/4266 1230/2432/1230 4270/2539/4267
f 3550/2537/3548 3551/1171/3549 331/1140/331
f 3550/2537/3548 4268/2536/4265 3551/1171/3549
f 4268/2536/4265 1307/2532/1307 3551/1171/3549
f 4267/2534/4264 2430/1174/2429 1308/2523/1308
f 4267/2534/4264 2429/2533/2428 2430/1174/2429
f 2429/2533/2428 339/1172/339 2430/1174/2429
f 4265/2529/4262 4267/2534/4264 1308/2523/1308
f 4265/2529/4262 4266/2531/4263 4267/2534/4264
f 4266/2531/4263 1307/2532/1307 4267/2534/4264
f 2344/2530/2343 3552/2525/3550 332/1144/332
f 2344/2530/2343 4265/2529/4262 3552/2525/3550
f 4265/2529/4262 1308/2523/1308 3552/2525/3550
f 4264/2527/4261 2431/2521/2430 1309/2520/1309
f 4264/2527/4261 2353/2422/2352 2431/2521/2430
f 2353/2422/2352 340/1176/340 2431/2521/2430
f 4262/2524/4259 4264/2527/4261 1309/2520/1309
f 4262/2524/4259 4263/2526/4260 4264/2527/4261
f 4263/2526/4260 1231/2420/1231 4264/2527/4261
f 3552/2525/3550 3553/1175/3551 332/1144/332
f 3552/2525/3550 4262/2524/4259 3553/1175/3551
f 4262/2524/4259 1309/2520/1309 3553/1175/3551
f 4261/2522/4258 2432/1178/2431 1310/2511/1310
f 4261/2522/4258 2431/2521/2430 2432/1178/2431
f 2431/2521/2430 340/1176/340 2432/1178/2431
f 4259/2517/4256 4261/2522/4258 1310/2511/1310
f 4259/2517/4256 4260/2519/4257 4261/2522/4258
f 4260/2519/4257 1309/2520/1309 4261/2522/4258
f 2345/2518/2344 3554/2513/3552 333/1148/333
f 2345/2518/2344 4259/2517/4256 3554/2513/3552
f 4259/2517/4256 1310/2511/1310 3554/2513/3552
f 4258/2515/4255 2433/2509/2432 1311/2508/1311
f 4258/2515/4255 2354/2410/2353 2433/2509/2432
f 2354/2410/2353 341/1180/341 2433/2509/2432
f 4256/2512/4253 4258/2515/4255 1311/2508/1311
f 4256/2512/4253 4257/2514/4254 4258/2515/4255
f 4257/2514/4254 1232/2408/1232 4258/2515/4255
f 3554/2513/3552 3555/1179/3553 333/1148/333
f 3554/2513/3552 4256/2512/4253 3555/1179/3553
f 4256/2512/4253 1311/2508/1311 3555/1179/3553
f 4255/2510/4252 2434/1182/2433 1312/2499/1312
f 4255/2510/4252 2433/2509/2432 2434/1182/2433
f 2433/2509/2432 341/1180/341 2434/1182/2433
f 4253/2505/4250 4255/2510/4252 1312/2499/1312
f 4253/2505/4250 4254/2507/4251 4255/2510/4252
f 4254/2507/4251 1311/2508/1311 4255/2510/4252
f 2346/2506/2345 3556/2501/3554 334/1152/334
f 2346/2506/2345 4253/2505/4250 3556/2501/3554
f 4253/2505/4250 1312/2499/1312 3556/2501/3554
f 4252/2503/4249 2435/2497/2434 1313/2496/1313
f 4252/2503/4249 2355/2398/2354 2435/2497/2434
f 2355/2398/2354 342/1184/342 2435/2497/2434
f 4250/2500/4247 4252/2503/4249 1313/2496/1313
f 4250/2500/4247 4251/2502/4248 4252/2503/4249
f 4251/2502/4248 1233/2396/1233 4252/2503/4249
f 3556/2501/3554 3557/1183/3555 334/1152/334
f 3556/2501/3554 4250/2500/4247 3557/1183/3555
f 4250/2500/4247 1313/2496/1313 3557/1183/3555
f 4249/2498/4246 2436/1186/2435 1314/2487/1314
f 4249/2498/4246 2435/2497/2434 2436/1186/2435
f 2435/2497/2434 342/1184/342 2436/1186/2435
f 4247/2493/4244 4249/2498/4246 1314/2487/1314
f 4247/2493/4244 4248/2495/4245 4249/2498/4246
f 4248/2495/4245 1313/2496/1313 4249/2498/4246
f 2347/2494/2346 3558/2489/3556 335/1156/335
f 2347/2494/2346 4247/2493/4244 3558/2489/3556
f 4247/2493/4244 1314/2487/1314 3558/2489/3556
f 4246/2491/4243 2437/2485/2436 1315/2484/1315
f 4246/2491/4243 2356/2386/2355 2437/2485/2436
f 2356/2386/2355 343/1188/343 2437/2485/2436
f 4244/2488/4241 4246/2491/4243 1315/2484/1315
f 4244/2488/4241 4245/2490/4242 4246/2491/4243
f 4245/2490/4242 1234/2384/1234 4246/2491/4243
f 3558/2489/3556 3559/1187/3557 335/1156/335
f 3558/2489/3556 4244/2488/4241 3559/1187/3557
f 4244/2488/4241 1315/2484/1315 3559/1187/3557
f 4243/2486/4240 2438/1190/2437 1316/2475/1316
f 4243/2486/4240 2437/2485/2436 2438/1190/2437
f 2437/2485/2436 343/1188/343 2438/1190/2437
f 4241/2481/4238 4243/2486/4240 1316/2475/1316
f 4241/2481/4238 4242/2483/4239 4243/2486/4240
f 4242/2483/4239 1315/2484/1315 4243/2486/4240
f 2340/2482/2339 3560/2477/3558 90/788/90
f 2340/2482/2339 4241/2481/4238 3560/2477/3558
f 4241/2481/4238 1316/2475/1316 3560/2477/3558
f 4240/2479/4237 2736/793/2734 492/3642/492
f 4240/2479/4237 2348/2374/2347 2736/793/2734
f 2348/2374/2347 89/791/89 2736/793/2734
f 4238/2476/4235 4240/2479/4237 492/3642/492
f 4238/2476/4235 4239/2478/4236 4240/2479/4237
f 4239/2478/4236 1226/2372/1226 4240/2479/4237
f 3560/2477/3558 1614/3644/1613 90/788/90
f 3560/2477/3558 4238/2476/4235 1614/3644/1613
f 4238/2476/4235 492/3642/492 1614/3644/1613
f 4237/2474/4234 2440/1194/2439 1318/2463/1318
f 4237/2474/4234 2439/2473/2438 2440/1194/2439
f 2439/2473/2438 344/1192/344 2440/1194/2439
f 4235/2469/4232 4237/2474/4234 1318/2463/1318
f 4235/2469/4232 4236/2471/4233 4237/2474/4234
f 4236/2471/4233 1317/2472/1317 4237/2474/4234
f 2349/2470/2348 3562/2465/3560 336/1160/336
f 2349/2470/2348 4235/2469/4232 3562/2465/3560
f 4235/2469/4232 1318/2463/1318 3562/2465/3560
f 4234/2467/4231 2441/2461/2440 1319/2460/1319
f 4234/2467/4231 2359/2348/2358 2441/2461/2440
f 2359/2348/2358 345/1196/345 2441/2461/2440
f 4232/2464/4229 4234/2467/4231 1319/2460/1319
f 4232/2464/4229 4233/2466/4230 4234/2467/4231
f 4233/2466/4230 1237/2346/1237 4234/2467/4231
f 3562/2465/3560 3563/1195/3561 336/1160/336
f 3562/2465/3560 4232/2464/4229 3563/1195/3561
f 4232/2464/4229 1319/2460/1319 3563/1195/3561
f 4231/2462/4228 2442/1198/2441 1320/2451/1320
f 4231/2462/4228 2441/2461/2440 2442/1198/2441
f 2441/2461/2440 345/1196/345 2442/1198/2441
f 4229/2457/4226 4231/2462/4228 1320/2451/1320
f 4229/2457/4226 4230/2459/4227 4231/2462/4228
f 4230/2459/4227 1319/2460/1319 4231/2462/4228
f 2350/2458/2349 3564/2453/3562 337/1164/337
f 2350/2458/2349 4229/2457/4226 3564/2453/3562
f 4229/2457/4226 1320/2451/1320 3564/2453/3562
f 4228/2455/4225 2443/2449/2442 1321/2448/1321
f 4228/2455/4225 2360/2334/2359 2443/2449/2442
f 2360/2334/2359 346/1200/346 2443/2449/2442
f 4226/2452/4223 4228/2455/4225 1321/2448/1321
f 4226/2452/4223 4227/2454/4224 4228/2455/4225
f 4227/2454/4224 1238/2332/1238 4228/2455/4225
f 3564/2453/3562 3565/1199/3563 337/1164/337
f 3564/2453/3562 4226/2452/4223 3565/1199/3563
f 4226/2452/4223 1321/2448/1321 3565/1199/3563
f 4225/2450/4222 2444/1202/2443 1322/2439/1322
f 4225/2450/4222 2443/2449/2442 2444/1202/2443
f 2443/2449/2442 346/1200/346 2444/1202/2443
f 4223/2445/4220 4225/2450/4222 1322/2439/1322
f 4223/2445/4220 4224/2447/4221 4225/2450/4222
f 4224/2447/4221 1321/2448/1321 4225/2450/4222
f 2351/2446/2350 3566/2441/3564 338/1168/338
f 2351/2446/2350 4223/2445/4220 3566/2441/3564
f 4223/2445/4220 1322/2439/1322 3566/2441/3564
f 4222/2443/4219 2445/2437/2444 1323/2436/1323
f 4222/2443/4219 2361/2320/2360 2445/2437/2444
f 2361/2320/2360 347/1204/347 2445/2437/2444
f 4220/2440/4217 4222/2443/4219 1323/2436/1323
f 4220/2440/4217 4221/2442/4218 4222/2443/4219
f 4221/2442/4218 1239/2318/1239 4222/2443/4219
f 3566/2441/3564 3567/1203/3565 338/1168/338
f 3566/2441/3564 4220/2440/4217 3567/1203/3565
f 4220/2440/4217 1323/2436/1323 3567/1203/3565
f 4219/2438/4216 2446/1206/2445 1324/2427/1324
f 4219/2438/4216 2445/2437/2444 2446/1206/2445
f 2445/2437/2444 347/1204/347 2446/1206/2445
f 4217/2433/4214 4219/2438/4216 1324/2427/1324
f 4217/2433/4214 4218/2435/4215 4219/2438/4216
f 4218/2435/4215 1323/2436/1323 4219/2438/4216
f 2352/2434/2351 3568/2429/3566 339/1172/339
f 2352/2434/2351 4217/2433/4214 3568/2429/3566
f 4217/2433/4214 1324/2427/1324 3568/2429/3566
f 4216/2431/4213 2447/2425/2446 1325/2424/1325
f 4216/2431/4213 2362/2306/2361 2447/2425/2446
f 2362/2306/2361 348/1208/348 2447/2425/2446
f 4214/2428/4211 4216/2431/4213 1325/2424/1325
f 4214/2428/4211 4215/2430/4212 4216/2431/4213
f 4215/2430/4212 1240/2304/1240 4216/2431/4213
f 3568/2429/3566 3569/1207/3567 339/1172/339
f 3568/2429/3566 4214/2428/4211 3569/1207/3567
f 4214/2428/4211 1325/2424/1325 3569/1207/3567
f 4213/2426/4210 2448/1210/2447 1326/2415/1326
f 4213/2426/4210 2447/2425/2446 2448/1210/2447
f 2447/2425/2446 348/1208/348 2448/1210/2447
f 4211/2421/4208 4213/2426/4210 1326/2415/1326
f 4211/2421/4208 4212/2423/4209 4213/2426/4210
f 4212/2423/4209 1325/2424/1325 4213/2426/4210
f 2353/2422/2352 3570/2417/3568 340/1176/340
f 2353/2422/2352 4211/2421/4208 3570/2417/3568
f 4211/2421/4208 1326/2415/1326 3570/2417/3568
f 4210/2419/4207 2449/2413/2448 1327/2412/1327
f 4210/2419/4207 2363/2292/2362 2449/2413/2448
f 2363/2292/2362 349/1212/349 2449/2413/2448
f 4208/2416/4205 4210/2419/4207 1327/2412/1327
f 4208/2416/4205 4209/2418/4206 4210/2419/4207
f 4209/2418/4206 1241/2290/1241 4210/2419/4207
f 3570/2417/3568 3571/1211/3569 340/1176/340
f 3570/2417/3568 4208/2416/4205 3571/1211/3569
f 4208/2416/4205 1327/2412/1327 3571/1211/3569
f 4207/2414/4204 2450/1214/2449 1328/2403/1328
f 4207/2414/4204 2449/2413/2448 2450/1214/2449
f 2449/2413/2448 349/1212/349 2450/1214/2449
f 4205/2409/4202 4207/2414/4204 1328/2403/1328
f 4205/2409/4202 4206/2411/4203 4207/2414/4204
f 4206/2411/4203 1327/2412/1327 4207/2414/4204
f 2354/2410/2353 3572/2405/3570 341/1180/341
f 2354/2410/2353 4205/2409/4202 3572/2405/3570
f 4205/2409/4202 1328/2403/1328 3572/2405/3570
f 4204/2407/4201 2451/2401/2450 1329/2400/1329
f 4204/2407/4201 2364/2278/2363 2451/2401/2450
f 2364/2278/2363 350/1216/350 2451/2401/2450
f 4202/2404/4199 4204/2407/4201 1329/2400/1329
f 4202/2404/4199 4203/2406/4200 4204/2407/4201
f 4203/2406/4200 1242/2276/1242 4204/2407/4201
f 3572/2405/3570 3573/1215/3571 341/1180/341
f 3572/2405/3570 4202/2404/4199 3573/1215/3571
f 4202/2404/4199 1329/2400/1329 3573/1215/3571
f 4201/2402/4198 2452/1218/2451 1330/2391/1330
f 4201/2402/4198 2451/2401/2450 2452/1218/2451
f 2451/2401/2450 350/1216/350 2452/1218/2451
f 4199/2397/4196 4201/2402/4198 1330/2391/1330
f 4199/2397/4196 4200/2399/4197 4201/2402/4198
f 4200/2399/4197 1329/2400/1329 4201/2402/4198
f 2355/2398/2354 3574/2393/3572 342/1184/342
f 2355/2398/2354 4199/2397/4196 3574/2393/3572
f 4199/2397/4196 1330/2391/1330 3574/2393/3572
f 4198/2395/4195 2453/2389/2452 1331/2388/1331
f 4198/2395/4195 2365/2264/2364 2453/2389/2452
f 2365/2264/2364 351/1220/351 2453/2389/2452
f 4196/2392/4193 4198/2395/4195 1331/2388/1331
f 4196/2392/4193 4197/2394/4194 4198/2395/4195
f 4197/2394/4194 1243/2262/1243 4198/2395/4195
f 3574/2393/3572 3575/1219/3573 342/1184/342
f 3574/2393/3572 4196/2392/4193 3575/1219/3573
f 4196/2392/4193 1331/2388/1331 3575/1219/3573
f 4195/2390/4192 2454/1222/2453 1332/2379/1332
f 4195/2390/4192 2453/2389/2452 2454/1222/2453
f 2453/2389/2452 351/1220/351 2454/1222/2453
f 4193/2385/4190 4195/2390/4192 1332/2379/1332
f 4193/2385/4190 4194/2387/4191 4195/2390/4192
f 4194/2387/4191 1331/2388/1331 4195/2390/4192
f 2356/2386/2355 3576/2381/3574 343/1188/343
f 2356/2386/2355 4193/2385/4190 3576/2381/3574
f 4193/2385/4190 1332/2379/1332 3576/2381/3574
f 4192/2383/4189 2455/2377/2454 1333/2376/1333
f 4192/2383/4189 2366/2250/2365 2455/2377/2454
f 2366/2250/2365 352/1224/352 2455/2377/2454
f 4190/2380/4187 4192/2383/4189 1333/2376/1333
f 4190/2380/4187 4191/2382/4188 4192/2383/4189
f 4191/2382/4188 1244/2248/1244 4192/2383/4189
f 3576/2381/3574 3577/1223/3575 343/1188/343
f 3576/2381/3574 4190/2380/4187 3577/1223/3575
f 4190/2380/4187 1333/2376/1333 3577/1223/3575
f 4189/2378/4186 2456/1226/2455 1334/2367/1334
f 4189/2378/4186 2455/2377/2454 2456/1226/2455
f 2455/2377/2454 352/1224/352 2456/1226/2455
f 4187/2373/4184 4189/2378/4186 1334/2367/1334
f 4187/2373/4184 4188/2375/4185 4189/2378/4186
f 4188/2375/4185 1333/2376/1333 4189/2378/4186
f 2348/2374/2347 3578/2369/3576 89/791/89
f 2348/2374/2347 4187/2373/4184 3578/2369/3576
f 4187/2373/4184 1334/2367/1334 3578/2369/3576
f 4186/2371/4183 2735/796/2733 491/3637/491
f 4186/2371/4183 2357/2236/2356 2735/796/2733
f 2357/2236/2356 88/794/88 2735/796/2733
f 4184/2368/4181 4186/2371/4183 491/3637/491
f 4184/2368/4181 4185/2370/4182 4186/2371/4183
f 4185/2370/4182 1235/2234/1235 4186/2371/4183
f 3578/2369/3576 1613/3639/1612 89/791/89
f 3578/2369/3576 4184/2368/4181 1613/3639/1612
f 4184/2368/4181 491/3637/491 1613/3639/1612
f 4183/2366/4180 2458/1230/2457 1336/2353/1336
f 4183/2366/4180 2457/2365/2456 2458/1230/2457
f 2457/2365/2456 17/1228/17 2458/1230/2457
f 4181/2361/4178 4183/2366/4180 1336/2353/1336
f 4181/2361/4178 4182/2363/4179 4183/2366/4180
f 4182/2363/4179 1335/2364/1335 4183/2366/4180
f 2358/2362/2357 3580/2355/3578 344/1192/344
f 2358/2362/2357 4181/2361/4178 3580/2355/3578
f 4181/2361/4178 1336/2353/1336 3580/2355/3578
f 4180/2359/4177 2459/2351/2458 1337/2350/1337
f 4180/2359/4177 2663/2358/2662 2459/2351/2458
f 2663/2358/2662 16/1232/16 2459/2351/2458
f 4178/2354/4175 4180/2359/4177 1337/2350/1337
f 4178/2354/4175 4179/2356/4176 4180/2359/4177
f 4179/2356/4176 419/2357/419 4180/2359/4177
f 3580/2355/3578 3581/1231/3579 344/1192/344
f 3580/2355/3578 4178/2354/4175 3581/1231/3579
f 4178/2354/4175 1337/2350/1337 3581/1231/3579
f 4177/2352/4174 2460/1234/2459 1338/2339/1338
f 4177/2352/4174 2459/2351/2458 2460/1234/2459
f 2459/2351/2458 16/1232/16 2460/1234/2459
f 4175/2347/4172 4177/2352/4174 1338/2339/1338
f 4175/2347/4172 4176/2349/4173 4177/2352/4174
f 4176/2349/4173 1337/2350/1337 4177/2352/4174
f 2359/2348/2358 3582/2341/3580 345/1196/345
f 2359/2348/2358 4175/2347/4172 3582/2341/3580
f 4175/2347/4172 1338/2339/1338 3582/2341/3580
f 4174/2345/4171 2461/2337/2460 1339/2336/1339
f 4174/2345/4171 2662/2344/2661 2461/2337/2460
f 2662/2344/2661 15/1236/15 2461/2337/2460
f 4172/2340/4169 4174/2345/4171 1339/2336/1339
f 4172/2340/4169 4173/2342/4170 4174/2345/4171
f 4173/2342/4170 418/2343/418 4174/2345/4171
f 3582/2341/3580 3583/1235/3581 345/1196/345
f 3582/2341/3580 4172/2340/4169 3583/1235/3581
f 4172/2340/4169 1339/2336/1339 3583/1235/3581
f 4171/2338/4168 2462/1238/2461 1340/2325/1340
f 4171/2338/4168 2461/2337/2460 2462/1238/2461
f 2461/2337/2460 15/1236/15 2462/1238/2461
f 4169/2333/4166 4171/2338/4168 1340/2325/1340
f 4169/2333/4166 4170/2335/4167 4171/2338/4168
f 4170/2335/4167 1339/2336/1339 4171/2338/4168
f 2360/2334/2359 3584/2327/3582 346/1200/346
f 2360/2334/2359 4169/2333/4166 3584/2327/3582
f 4169/2333/4166 1340/2325/1340 3584/2327/3582
f 4168/2331/4165 2463/2323/2462 1341/2322/1341
f 4168/2331/4165 2661/2330/2660 2463/2323/2462
f 2661/2330/2660 14/1240/14 2463/2323/2462
f 4166/2326/4163 4168/2331/4165 1341/2322/1341
f 4166/2326/4163 4167/2328/4164 4168/2331/4165
f 4167/2328/4164 417/2329/417 4168/2331/4165
f 3584/2327/3582 3585/1239/3583 346/1200/346
f 3584/2327/3582 4166/2326/4163 3585/1239/3583
f 4166/2326/4163 1341/2322/1341 3585/1239/3583
f 4165/2324/4162 2464/1242/2463 1342/2311/1342
f 4165/2324/4162 2463/2323/2462 2464/1242/2463
f 2463/2323/2462 14/1240/14 2464/1242/2463
f 4163/2319/4160 4165/2324/4162 1342/2311/1342
f 4163/2319/4160 4164/2321/4161 4165/2324/4162
f 4164/2321/4161 1341/2322/1341 4165/2324/4162
f 2361/2320/2360 3586/2313/3584 347/1204/347
f 2361/2320/2360 4163/2319/4160 3586/2313/3584
f 4163/2319/4160 1342/2311/1342 3586/2313/3584
f 4162/2317/4159 2465/2309/2464 1343/2308/1343
f 4162/2317/4159 2660/2316/2659 2465/2309/2464
f 2660/2316/2659 13/1244/13 2465/2309/2464
f 4160/2312/4157 4162/2317/4159 1343/2308/1343
f 4160/2312/4157 4161/2314/4158 4162/2317/4159
f 4161/2314/4158 416/2315/416 4162/2317/4159
f 3586/2313/3584 3587/1243/3585 347/1204/347
f 3586/2313/3584 4160/2312/4157 3587/1243/3585
f 4160/2312/4157 1343/2308/1343 3587/1243/3585
f 4159/2310/4156 2466/1246/2465 1344/2297/1344
f 4159/2310/4156 2465/2309/2464 2466/1246/2465
f 2465/2309/2464 13/1244/13 2466/1246/2465
f 4157/2305/4154 4159/2310/4156 1344/2297/1344
f 4157/2305/4154 4158/2307/4155 4159/2310/4156
f 4158/2307/4155 1343/2308/1343 4159/2310/4156
f 2362/2306/2361 3588/2299/3586 348/1208/348
f 2362/2306/2361 4157/2305/4154 3588/2299/3586
f 4157/2305/4154 1344/2297/1344 3588/2299/3586
f 4156/2303/4153 2467/2295/2466 1345/2294/1345
f 4156/2303/4153 2659/2302/2658 2467/2295/2466
f 2659/2302/2658 12/1248/12 2467/2295/2466
f 4154/2298/4151 4156/2303/4153 1345/2294/1345
f 4154/2298/4151 4155/2300/4152 4156/2303/4153
f 4155/2300/4152 415/2301/415 4156/2303/4153
f 3588/2299/3586 3589/1247/3587 348/1208/348
f 3588/2299/3586 4154/2298/4151 3589/1247/3587
f 4154/2298/4151 1345/2294/1345 3589/1247/3587
f 4153/2296/4150 2468/1250/2467 1346/2283/1346
f 4153/2296/4150 2467/2295/2466 2468/1250/2467
f 2467/2295/2466 12/1248/12 2468/1250/2467
f 4151/2291/4148 4153/2296/4150 1346/2283/1346
f 4151/2291/4148 4152/2293/4149 4153/2296/4150
f 4152/2293/4149 1345/2294/1345 4153/2296/4150
f 2363/2292/2362 3590/2285/3588 349/1212/349
f 2363/2292/2362 4151/2291/4148 3590/2285/3588
f 4151/2291/4148 1346/2283/1346 3590/2285/3588
f 4150/2289/4147 2469/2281/2468 1347/2280/1347
f 4150/2289/4147 2658/2288/2657 2469/2281/2468
f 2658/2288/2657 11/1252/11 2469/2281/2468
f 4148/2284/4145 4150/2289/4147 1347/2280/1347
f 4148/2284/4145 4149/2286/4146 4150/2289/4147
f 4149/2286/4146 414/2287/414 4150/2289/4147
f 3590/2285/3588 3591/1251/3589 349/1212/349
f 3590/2285/3588 4148/2284/4145 3591/1251/3589
f 4148/2284/4145 1347/2280/1347 3591/1251/3589
f 4147/2282/4144 2470/1254/2469 1348/2269/1348
f 4147/2282/4144 2469/2281/2468 2470/1254/2469
f 2469/2281/2468 11/1252/11 2470/1254/2469
f 4145/2277/4142 4147/2282/4144 1348/2269/1348
f 4145/2277/4142 4146/2279/4143 4147/2282/4144
f 4146/2279/4143 1347/2280/1347 4147/2282/4144
f 2364/2278/2363 3592/2271/3590 350/1216/350
f 2364/2278/2363 4145/2277/4142 3592/2271/3590
f 4145/2277/4142 1348/2269/1348 3592/2271/3590
f 4144/2275/4141 2471/2267/2470 1349/2266/1349
f 4144/2275/4141 2657/2274/2656 2471/2267/2470
f 2657/2274/2656 10/1256/10 2471/2267/2470
f 4142/2270/4139 4144/2275/4141 1349/2266/1349
f 4142/2270/4139 4143/2272/4140 4144/2275/4141
f 4143/2272/4140 413/2273/413 4144/2275/4141
f 3592/2271/3590 3593/1255/3591 350/1216/350
f 3592/2271/3590 4142/2270/4139 3593/1255/3591
f 4142/2270/4139 1349/2266/1349 3593/1255/3591
f 4141/2268/4138 2472/1258/2471 1350/2255/1350
f 4141/2268/4138 2471/2267/2470 2472/1258/2471
f 2471/2267/2470 10/1256/10 2472/1258/2471
f 4139/2263/4136 4141/2268/4138 1350/2255/1350
f 4139/2263/4136 4140/2265/4137 4141/2268/4138
f 4140/2265/4137 1349/2266/1349 4141/2268/4138
f 2365/2264/2364 3594/2257/3592 351/1220/351
f 2365/2264/2364 4139/2263/4136 3594/2257/3592
f 4139/2263/4136 1350/2255/1350 3594/2257/3592
f 4138/2261/4135 2473/2253/2472 1351/2252/1351
f 4138/2261/4135 2656/2260/2655 2473/2253/2472
f 2656/2260/2655 9/1260/9 2473/2253/2472
f 4136/2256/4133 4138/2261/4135 1351/2252/1351
f 4136/2256/4133 4137/2258/4134 4138/2261/4135
f 4137/2258/4134 412/2259/412 4138/2261/4135
f 3594/2257/3592 3595/1259/3593 351/1220/351
f 3594/2257/3592 4136/2256/4133 3595/1259/3593
f 4136/2256/4133 1351/2252/1351 3595/1259/3593
f 4135/2254/4132 2474/1262/2473 1352/2241/1352
f 4135/2254/4132 2473/2253/2472 2474/1262/2473
f 2473/2253/2472 9/1260/9 2474/1262/2473
f 4133/2249/4130 4135/2254/4132 1352/2241/1352
f 4133/2249/4130 4134/2251/4131 4135/2254/4132
f 4134/2251/4131 1351/2252/1351 4135/2254/4132
f 2366/2250/2365 3596/2243/3594 352/1224/352
f 2366/2250/2365 4133/2249/4130 3596/2243/3594
f 4133/2249/4130 1352/2241/1352 3596/2243/3594
f 4132/2247/4129 2475/2239/2474 1353/2238/1353
f 4132/2247/4129 2655/2246/2654 2475/2239/2474
f 2655/2246/2654 8/1264/8 2475/2239/2474
f 4130/2242/4127 4132/2247/4129 1353/2238/1353
f 4130/2242/4127 4131/2244/4128 4132/2247/4129
f 4131/2244/4128 411/2245/411 4132/2247/4129
f 3596/2243/3594 3597/1263/3595 352/1224/352
f 3596/2243/3594 4130/2242/4127 3597/1263/3595
f 4130/2242/4127 1353/2238/1353 3597/1263/3595
f 4129/2240/4126 2476/1266/2475 1354/2227/1354
f 4129/2240/4126 2475/2239/2474 2476/1266/2475
f 2475/2239/2474 8/1264/8 2476/1266/2475
f 4127/2235/4124 4129/2240/4126 1354/2227/1354
f 4127/2235/4124 4128/2237/4125 4129/2240/4126
f 4128/2237/4125 1353/2238/1353 4129/2240/4126
f 2357/2236/2356 3598/2229/3596 88/794/88
f 2357/2236/2356 4127/2235/4124 3598/2229/3596
f 4127/2235/4124 1354/2227/1354 3598/2229/3596
f 4126/2233/4123 2734/9/2732 490/5878/490
f 4126/2233/4123 2654/2232/2653 2734/9/2732
f 2654/2232/2653 2/7/2 2734/9/2732
f 4124/2228/4121 4126/2233/4123 490/5878/490
f 4124/2228/4121 4125/2230/4122 4126/2233/4123
f 4125/2230/4122 410/2231/410 4126/2233/4123
f 3598/2229/3596 1612/5880/1611 88/794/88
f 3598/2229/3596 4124/2228/4121 1612/5880/1611
f 4124/2228/4121 490/5878/490 1612/5880/1611
f 4123/2226/4120 2651/1019/2650 407/2952/407
f 4123/2226/4120 2477/2172/2476 2651/1019/2650
f 2477/2172/2476 107/1017/107 2651/1019/2650
f 4121/2223/4118 4123/2226/4120 407/2952/407
f 4121/2223/4118 4122/2225/4119 4123/2226/4120
f 4122/2225/4119 1355/2170/1355 4123/2226/4120
f 2714/2224/2712 1529/2954/1529 7/5940/7
f 2714/2224/2712 4121/2223/4118 1529/2954/1529
f 4121/2223/4118 407/2952/407 1529/2954/1529
f 4120/2221/4117 2532/2175/2531 1410/2174/1410
f 4120/2221/4117 2479/2160/2478 2532/2175/2531
f 2479/2160/2478 353/1278/353 2532/2175/2531
f 4118/2218/4115 4120/2221/4117 1410/2174/1410
f 4118/2218/4115 4119/2220/4116 4120/2221/4117
f 4119/2220/4116 1357/2158/1357 4120/2221/4117
f 2715/2219/2713 3654/1277/3652 68/264/68
f 2715/2219/2713 4118/2218/4115 3654/1277/3652
f 4118/2218/4115 1410/2174/1410 3654/1277/3652
f 4117/2216/4114 2534/2163/2533 1412/2162/1412
f 4117/2216/4114 2481/2136/2480 2534/2163/2533
f 2481/2136/2480 354/1282/354 2534/2163/2533
f 4115/2213/4112 4117/2216/4114 1412/2162/1412
f 4115/2213/4112 4116/2215/4113 4117/2216/4114
f 4116/2215/4113 1359/2134/1359 4117/2216/4114
f 2716/2214/2714 3656/1281/3654 69/260/69
f 2716/2214/2714 4115/2213/4112 3656/1281/3654
f 4115/2213/4112 1412/2162/1412 3656/1281/3654
f 4114/2211/4111 2538/2139/2537 1416/2138/1416
f 4114/2211/4111 2484/2100/2483 2538/2139/2537
f 2484/2100/2483 356/1290/356 2538/2139/2537
f 4112/2208/4109 4114/2211/4111 1416/2138/1416
f 4112/2208/4109 4113/2210/4110 4114/2211/4111
f 4113/2210/4110 1362/2098/1362 4114/2211/4111
f 2717/2209/2715 3660/1289/3658 70/256/70
f 2717/2209/2715 4112/2208/4109 3660/1289/3658
f 4112/2208/4109 1416/2138/1416 3660/1289/3658
f 4111/2206/4108 2544/2103/2543 1422/2102/1422
f 4111/2206/4108 2488/2052/2487 2544/2103/2543
f 2488/2052/2487 359/1302/359 2544/2103/2543
f 4109/2203/4106 4111/2206/4108 1422/2102/1422
f 4109/2203/4106 4110/2205/4107 4111/2206/4108
f 4110/2205/4107 1366/2050/1366 4111/2206/4108
f 2718/2204/2716 3666/1301/3664 71/252/71
f 2718/2204/2716 4109/2203/4106 3666/1301/3664
f 4109/2203/4106 1422/2102/1422 3666/1301/3664
f 4108/2201/4105 2552/2055/2551 1430/2054/1430
f 4108/2201/4105 2493/1992/2492 2552/2055/2551
f 2493/1992/2492 363/1318/363 2552/2055/2551
f 4106/2198/4103 4108/2201/4105 1430/2054/1430
f 4106/2198/4103 4107/2200/4104 4108/2201/4105
f 4107/2200/4104 1371/1990/1371 4108/2201/4105
f 2719/2199/2717 3674/1317/3672 72/248/72
f 2719/2199/2717 4106/2198/4103 3674/1317/3672
f 4106/2198/4103 1430/2054/1430 3674/1317/3672
f 4105/2196/4102 2562/1995/2561 1440/1994/1440
f 4105/2196/4102 2499/1920/2498 2562/1995/2561
f 2499/1920/2498 368/1338/368 2562/1995/2561
f 4103/2193/4100 4105/2196/4102 1440/1994/1440
f 4103/2193/4100 4104/2195/4101 4105/2196/4102
f 4104/2195/4101 1377/1918/1377 4105/2196/4102
f 2720/2194/2718 3684/1337/3682 73/244/73
f 2720/2194/2718 4103/2193/4100 3684/1337/3682
f 4103/2193/4100 1440/1994/1440 3684/1337/3682
f 4102/2191/4099 2574/1923/2573 1452/1922/1452
f 4102/2191/4099 2506/1836/2505 2574/1923/2573
f 2506/1836/2505 374/1362/374 2574/1923/2573
f 4100/2188/4097 4102/2191/4099 1452/1922/1452
f 4100/2188/4097 4101/2190/4098 4102/2191/4099
f 4101/2190/4098 1384/1834/1384 4102/2191/4099
f 2721/2189/2719 3696/1361/3694 74/240/74
f 2721/2189/2719 4100/2188/4097 3696/1361/3694
f 4100/2188/4097 1452/1922/1452 3696/1361/3694
f 4099/2186/4096 2588/1839/2587 1466/1838/1466
f 4099/2186/4096 2514/1740/2513 2588/1839/2587
f 2514/1740/2513 381/1390/381 2588/1839/2587
f 4097/2183/4094 4099/2186/4096 1466/1838/1466
f 4097/2183/4094 4098/2185/4095 4099/2186/4096
f 4098/2185/4095 1392/1738/1392 4099/2186/4096
f 2722/2184/2720 3710/1389/3708 75/236/75
f 2722/2184/2720 4097/2183/4094 3710/1389/3708
f 4097/2183/4094 1466/1838/1466 3710/1389/3708
f 4096/2181/4093 2604/1743/2603 1482/1742/1482
f 4096/2181/4093 2523/1632/2522 2604/1743/2603
f 2523/1632/2522 389/1422/389 2604/1743/2603
f 4094/2178/4091 4096/2181/4093 1482/1742/1482
f 4094/2178/4091 4095/2180/4092 4096/2181/4093
f 4095/2180/4092 1401/1630/1401 4096/2181/4093
f 2723/2179/2721 3726/1421/3724 76/232/76
f 2723/2179/2721 4094/2178/4091 3726/1421/3724
f 4094/2178/4091 1482/1742/1482 3726/1421/3724
f 4093/2176/4090 2533/1280/2532 1411/2165/1411
f 4093/2176/4090 2532/2175/2531 2533/1280/2532
f 2532/2175/2531 353/1278/353 2533/1280/2532
f 4091/2171/4088 4093/2176/4090 1411/2165/1411
f 4091/2171/4088 4092/2173/4089 4093/2176/4090
f 4092/2173/4089 1410/2174/1410 4093/2176/4090
f 2477/2172/2476 3655/2167/3653 107/1017/107
f 2477/2172/2476 4091/2171/4088 3655/2167/3653
f 4091/2171/4088 1411/2165/1411 3655/2167/3653
f 4090/2169/4087 2753/1022/2751 509/2947/509
f 4090/2169/4087 2478/2148/2477 2753/1022/2751
f 2478/2148/2477 106/1020/106 2753/1022/2751
f 4088/2166/4085 4090/2169/4087 509/2947/509
f 4088/2166/4085 4089/2168/4086 4090/2169/4087
f 4089/2168/4086 1356/2146/1356 4090/2169/4087
f 3655/2167/3653 1631/2949/1630 107/1017/107
f 3655/2167/3653 4088/2166/4085 1631/2949/1630
f 4088/2166/4085 509/2947/509 1631/2949/1630
f 4087/2164/4084 2535/1284/2534 1413/2153/1413
f 4087/2164/4084 2534/2163/2533 2535/1284/2534
f 2534/2163/2533 354/1282/354 2535/1284/2534
f 4085/2159/4082 4087/2164/4084 1413/2153/1413
f 4085/2159/4082 4086/2161/4083 4087/2164/4084
f 4086/2161/4083 1412/2162/1412 4087/2164/4084
f 2479/2160/2478 3657/2155/3655 353/1278/353
f 2479/2160/2478 4085/2159/4082 3657/2155/3655
f 4085/2159/4082 1413/2153/1413 3657/2155/3655
f 4084/2157/4081 2536/2151/2535 1414/2150/1414
f 4084/2157/4081 2482/2124/2481 2536/2151/2535
f 2482/2124/2481 355/1286/355 2536/2151/2535
f 4082/2154/4079 4084/2157/4081 1414/2150/1414
f 4082/2154/4079 4083/2156/4080 4084/2157/4081
f 4083/2156/4080 1360/2122/1360 4084/2157/4081
f 3657/2155/3655 3658/1285/3656 353/1278/353
f 3657/2155/3655 4082/2154/4079 3658/1285/3656
f 4082/2154/4079 1414/2150/1414 3658/1285/3656
f 4081/2152/3298 2537/1288/2536 1415/2141/1415
f 4081/2152/3298 2536/2151/2535 2537/1288/2536
f 2536/2151/2535 355/1286/355 2537/1288/2536
f 4079/2147/4077 4081/2152/3298 1415/2141/1415
f 4079/2147/4077 4080/2149/4078 4081/2152/3298
f 4080/2149/4078 1414/2150/1414 4081/2152/3298
f 2478/2148/2477 3659/2143/3657 106/1020/106
f 2478/2148/2477 4079/2147/4077 3659/2143/3657
f 4079/2147/4077 1415/2141/1415 3659/2143/3657
f 4078/2145/4076 2752/1025/2750 508/2942/508
f 4078/2145/4076 2480/2112/2479 2752/1025/2750
f 2480/2112/2479 105/1023/105 2752/1025/2750
f 4076/2142/4074 4078/2145/4076 508/2942/508
f 4076/2142/4074 4077/2144/4075 4078/2145/4076
f 4077/2144/4075 1358/2110/1358 4078/2145/4076
f 3659/2143/3657 1630/2944/1629 106/1020/106
f 3659/2143/3657 4076/2142/4074 1630/2944/1629
f 4076/2142/4074 508/2942/508 1630/2944/1629
f 4075/2140/4073 2539/1292/2538 1417/2129/1417
f 4075/2140/4073 2538/2139/2537 2539/1292/2538
f 2538/2139/2537 356/1290/356 2539/1292/2538
f 4073/2135/4071 4075/2140/4073 1417/2129/1417
f 4073/2135/4071 4074/2137/4072 4075/2140/4073
f 4074/2137/4072 1416/2138/1416 4075/2140/4073
f 2481/2136/2480 3661/2131/3659 354/1282/354
f 2481/2136/2480 4073/2135/4071 3661/2131/3659
f 4073/2135/4071 1417/2129/1417 3661/2131/3659
f 4072/2133/4070 2540/2127/2539 1418/2126/1418
f 4072/2133/4070 2485/2088/2484 2540/2127/2539
f 2485/2088/2484 357/1294/357 2540/2127/2539
f 4070/2130/4068 4072/2133/4070 1418/2126/1418
f 4070/2130/4068 4071/2132/4069 4072/2133/4070
f 4071/2132/4069 1363/2086/1363 4072/2133/4070
f 3661/2131/3659 3662/1293/3660 354/1282/354
f 3661/2131/3659 4070/2130/4068 3662/1293/3660
f 4070/2130/4068 1418/2126/1418 3662/1293/3660
f 4069/2128/4067 2541/1296/2540 1419/2117/1419
f 4069/2128/4067 2540/2127/2539 2541/1296/2540
f 2540/2127/2539 357/1294/357 2541/1296/2540
f 4067/2123/4065 4069/2128/4067 1419/2117/1419
f 4067/2123/4065 4068/2125/4066 4069/2128/4067
f 4068/2125/4066 1418/2126/1418 4069/2128/4067
f 2482/2124/2481 3663/2119/3661 355/1286/355
f 2482/2124/2481 4067/2123/4065 3663/2119/3661
f 4067/2123/4065 1419/2117/1419 3663/2119/3661
f 4066/2121/4064 2542/2115/2541 1420/2114/1420
f 4066/2121/4064 2486/2076/2485 2542/2115/2541
f 2486/2076/2485 358/1298/358 2542/2115/2541
f 4064/2118/4062 4066/2121/4064 1420/2114/1420
f 4064/2118/4062 4065/2120/4063 4066/2121/4064
f 4065/2120/4063 1364/2074/1364 4066/2121/4064
f 3663/2119/3661 3664/1297/3662 355/1286/355
f 3663/2119/3661 4064/2118/4062 3664/1297/3662
f 4064/2118/4062 1420/2114/1420 3664/1297/3662
f 4063/2116/4061 2543/1300/2542 1421/2105/1421
f 4063/2116/4061 2542/2115/2541 2543/1300/2542
f 2542/2115/2541 358/1298/358 2543/1300/2542
f 4061/2111/4059 4063/2116/4061 1421/2105/1421
f 4061/2111/4059 4062/2113/4060 4063/2116/4061
f 4062/2113/4060 1420/2114/1420 4063/2116/4061
f 2480/2112/2479 3665/2107/3663 105/1023/105
f 2480/2112/2479 4061/2111/4059 3665/2107/3663
f 4061/2111/4059 1421/2105/1421 3665/2107/3663
f 4060/2109/4058 2751/1028/2749 507/2937/507
f 4060/2109/4058 2483/2064/2482 2751/1028/2749
f 2483/2064/2482 104/1026/104 2751/1028/2749
f 4058/2106/4056 4060/2109/4058 507/2937/507
f 4058/2106/4056 4059/2108/4057 4060/2109/4058
f 4059/2108/4057 1361/2062/1361 4060/2109/4058
f 3665/2107/3663 1629/2939/1628 105/1023/105
f 3665/2107/3663 4058/2106/4056 1629/2939/1628
f 4058/2106/4056 507/2937/507 1629/2939/1628
f 4057/2104/4055 2545/1304/2544 1423/2093/1423
f 4057/2104/4055 2544/2103/2543 2545/1304/2544
f 2544/2103/2543 359/1302/359 2545/1304/2544
f 4055/2099/4053 4057/2104/4055 1423/2093/1423
f 4055/2099/4053 4056/2101/4054 4057/2104/4055
f 4056/2101/4054 1422/2102/1422 4057/2104/4055
f 2484/2100/2483 3667/2095/3665 356/1290/356
f 2484/2100/2483 4055/2099/4053 3667/2095/3665
f 4055/2099/4053 1423/2093/1423 3667/2095/3665
f 4054/2097/4052 2546/2091/2545 1424/2090/1424
f 4054/2097/4052 2489/2040/2488 2546/2091/2545
f 2489/2040/2488 360/1306/360 2546/2091/2545
f 4052/2094/4050 4054/2097/4052 1424/2090/1424
f 4052/2094/4050 4053/2096/4051 4054/2097/4052
f 4053/2096/4051 1367/2038/1367 4054/2097/4052
f 3667/2095/3665 3668/1305/3666 356/1290/356
f 3667/2095/3665 4052/2094/4050 3668/1305/3666
f 4052/2094/4050 1424/2090/1424 3668/1305/3666
f 4051/2092/4049 2547/1308/2546 1425/2081/1425
f 4051/2092/4049 2546/2091/2545 2547/1308/2546
f 2546/2091/2545 360/1306/360 2547/1308/2546
f 4049/2087/4047 4051/2092/4049 1425/2081/1425
f 4049/2087/4047 4050/2089/4048 4051/2092/4049
f 4050/2089/4048 1424/2090/1424 4051/2092/4049
f 2485/2088/2484 3669/2083/3667 357/1294/357
f 2485/2088/2484 4049/2087/4047 3669/2083/3667
f 4049/2087/4047 1425/2081/1425 3669/2083/3667
f 4048/2085/4046 2548/2079/2547 1426/2078/1426
f 4048/2085/4046 2490/2028/2489 2548/2079/2547
f 2490/2028/2489 361/1310/361 2548/2079/2547
f 4046/2082/4044 4048/2085/4046 1426/2078/1426
f 4046/2082/4044 4047/2084/4045 4048/2085/4046
f 4047/2084/4045 1368/2026/1368 4048/2085/4046
f 3669/2083/3667 3670/1309/3668 357/1294/357
f 3669/2083/3667 4046/2082/4044 3670/1309/3668
f 4046/2082/4044 1426/2078/1426 3670/1309/3668
f 4045/2080/4043 2549/1312/2548 1427/2069/1427
f 4045/2080/4043 2548/2079/2547 2549/1312/2548
f 2548/2079/2547 361/1310/361 2549/1312/2548
f 4043/2075/4041 4045/2080/4043 1427/2069/1427
f 4043/2075/4041 4044/2077/4042 4045/2080/4043
f 4044/2077/4042 1426/2078/1426 4045/2080/4043
f 2486/2076/2485 3671/2071/3669 358/1298/358
f 2486/2076/2485 4043/2075/4041 3671/2071/3669
f 4043/2075/4041 1427/2069/1427 3671/2071/3669
f 4042/2073/4040 2550/2067/2549 1428/2066/1428
f 4042/2073/4040 2491/2016/2490 2550/2067/2549
f 2491/2016/2490 362/1314/362 2550/2067/2549
f 4040/2070/4038 4042/2073/4040 1428/2066/1428
f 4040/2070/4038 4041/2072/4039 4042/2073/4040
f 4041/2072/4039 1369/2014/1369 4042/2073/4040
f 3671/2071/3669 3672/1313/3670 358/1298/358
f 3671/2071/3669 4040/2070/4038 3672/1313/3670
f 4040/2070/4038 1428/2066/1428 3672/1313/3670
f 4039/2068/4037 2551/1316/2550 1429/2057/1429
f 4039/2068/4037 2550/2067/2549 2551/1316/2550
f 2550/2067/2549 362/1314/362 2551/1316/2550
f 4037/2063/4035 4039/2068/4037 1429/2057/1429
f 4037/2063/4035 4038/2065/4036 4039/2068/4037
f 4038/2065/4036 1428/2066/1428 4039/2068/4037
f 2483/2064/2482 3673/2059/3671 104/1026/104
f 2483/2064/2482 4037/2063/4035 3673/2059/3671
f 4037/2063/4035 1429/2057/1429 3673/2059/3671
f 4036/2061/4034 2750/1031/2748 506/2932/506
f 4036/2061/4034 2487/2004/2486 2750/1031/2748
f 2487/2004/2486 103/1029/103 2750/1031/2748
f 4034/2058/4032 4036/2061/4034 506/2932/506
f 4034/2058/4032 4035/2060/4033 4036/2061/4034
f 4035/2060/4033 1365/2002/1365 4036/2061/4034
f 3673/2059/3671 1628/2934/1627 104/1026/104
f 3673/2059/3671 4034/2058/4032 1628/2934/1627
f 4034/2058/4032 506/2932/506 1628/2934/1627
f 4033/2056/4031 2553/1320/2552 1431/2045/1431
f 4033/2056/4031 2552/2055/2551 2553/1320/2552
f 2552/2055/2551 363/1318/363 2553/1320/2552
f 4031/2051/4029 4033/2056/4031 1431/2045/1431
f 4031/2051/4029 4032/2053/4030 4033/2056/4031
f 4032/2053/4030 1430/2054/1430 4033/2056/4031
f 2488/2052/2487 3675/2047/3673 359/1302/359
f 2488/2052/2487 4031/2051/4029 3675/2047/3673
f 4031/2051/4029 1431/2045/1431 3675/2047/3673
f 4030/2049/4028 2554/2043/2553 1432/2042/1432
f 4030/2049/4028 2494/1980/2493 2554/2043/2553
f 2494/1980/2493 364/1322/364 2554/2043/2553
f 4028/2046/4026 4030/2049/4028 1432/2042/1432
f 4028/2046/4026 4029/2048/4027 4030/2049/4028
f 4029/2048/4027 1372/1978/1372 4030/2049/4028
f 3675/2047/3673 3676/1321/3674 359/1302/359
f 3675/2047/3673 4028/2046/4026 3676/1321/3674
f 4028/2046/4026 1432/2042/1432 3676/1321/3674
f 4027/2044/4025 2555/1324/2554 1433/2033/1433
f 4027/2044/4025 2554/2043/2553 2555/1324/2554
f 2554/2043/2553 364/1322/364 2555/1324/2554
f 4025/2039/4023 4027/2044/4025 1433/2033/1433
f 4025/2039/4023 4026/2041/4024 4027/2044/4025
f 4026/2041/4024 1432/2042/1432 4027/2044/4025
f 2489/2040/2488 3677/2035/3675 360/1306/360
f 2489/2040/2488 4025/2039/4023 3677/2035/3675
f 4025/2039/4023 1433/2033/1433 3677/2035/3675
f 4024/2037/4022 2556/2031/2555 1434/2030/1434
f 4024/2037/4022 2495/1968/2494 2556/2031/2555
f 2495/1968/2494 365/1326/365 2556/2031/2555
f 4022/2034/4020 4024/2037/4022 1434/2030/1434
f 4022/2034/4020 4023/2036/4021 4024/2037/4022
f 4023/2036/4021 1373/1966/1373 4024/2037/4022
f 3677/2035/3675 3678/1325/3676 360/1306/360
f 3677/2035/3675 4022/2034/4020 3678/1325/3676
f 4022/2034/4020 1434/2030/1434 3678/1325/3676
f 4021/2032/4019 2557/1328/2556 1435/2021/1435
f 4021/2032/4019 2556/2031/2555 2557/1328/2556
f 2556/2031/2555 365/1326/365 2557/1328/2556
f 4019/2027/4017 4021/2032/4019 1435/2021/1435
f 4019/2027/4017 4020/2029/4018 4021/2032/4019
f 4020/2029/4018 1434/2030/1434 4021/2032/4019
f 2490/2028/2489 3679/2023/3677 361/1310/361
f 2490/2028/2489 4019/2027/4017 3679/2023/3677
f 4019/2027/4017 1435/2021/1435 3679/2023/3677
f 4018/2025/4016 2558/2019/2557 1436/2018/1436
f 4018/2025/4016 2496/1956/2495 2558/2019/2557
f 2496/1956/2495 366/1330/366 2558/2019/2557
f 4016/2022/4014 4018/2025/4016 1436/2018/1436
f 4016/2022/4014 4017/2024/4015 4018/2025/4016
f 4017/2024/4015 1374/1954/1374 4018/2025/4016
f 3679/2023/3677 3680/1329/3678 361/1310/361
f 3679/2023/3677 4016/2022/4014 3680/1329/3678
f 4016/2022/4014 1436/2018/1436 3680/1329/3678
f 4015/2020/4013 2559/1332/2558 1437/2009/1437
f 4015/2020/4013 2558/2019/2557 2559/1332/2558
f 2558/2019/2557 366/1330/366 2559/1332/2558
f 4013/2015/4011 4015/2020/4013 1437/2009/1437
f 4013/2015/4011 4014/2017/4012 4015/2020/4013
f 4014/2017/4012 1436/2018/1436 4015/2020/4013
f 2491/2016/2490 3681/2011/3679 362/1314/362
f 2491/2016/2490 4013/2015/4011 3681/2011/3679
f 4013/2015/4011 1437/2009/1437 3681/2011/3679
f 4012/2013/4010 2560/2007/2559 1438/2006/1438
f 4012/2013/4010 2497/1944/2496 2560/2007/2559
f 2497/1944/2496 367/1334/367 2560/2007/2559
f 4010/2010/4008 4012/2013/4010 1438/2006/1438
f 4010/2010/4008 4011/2012/4009 4012/2013/4010
f 4011/2012/4009 1375/1942/1375 4012/2013/4010
f 3681/2011/3679 3682/1333/3680 362/1314/362
f 3681/2011/3679 4010/2010/4008 3682/1333/3680
f 4010/2010/4008 1438/2006/1438 3682/1333/3680
f 4009/2008/4007 2561/1336/2560 1439/1997/1439
f 4009/2008/4007 2560/2007/2559 2561/1336/2560
f 2560/2007/2559 367/1334/367 2561/1336/2560
f 4007/2003/4005 4009/2008/4007 1439/1997/1439
f 4007/2003/4005 4008/2005/4006 4009/2008/4007
f 4008/2005/4006 1438/2006/1438 4009/2008/4007
f 2487/2004/2486 3683/1999/3681 103/1029/103
f 2487/2004/2486 4007/2003/4005 3683/1999/3681
f 4007/2003/4005 1439/1997/1439 3683/1999/3681
f 4006/2001/4004 2749/1034/2747 505/2927/505
f 4006/2001/4004 2492/1932/2491 2749/1034/2747
f 2492/1932/2491 102/1032/102 2749/1034/2747
f 4004/1998/4002 4006/2001/4004 505/2927/505
f 4004/1998/4002 4005/2000/4003 4006/2001/4004
f 4005/2000/4003 1370/1930/1370 4006/2001/4004
f 3683/1999/3681 1627/2929/1626 103/1029/103
f 3683/1999/3681 4004/1998/4002 1627/2929/1626
f 4004/1998/4002 505/2927/505 1627/2929/1626
f 4003/1996/4001 2563/1340/2562 1441/1985/1441
f 4003/1996/4001 2562/1995/2561 2563/1340/2562
f 2562/1995/2561 368/1338/368 2563/1340/2562
f 4001/1991/3999 4003/1996/4001 1441/1985/1441
f 4001/1991/3999 4002/1993/4000 4003/1996/4001
f 4002/1993/4000 1440/1994/1440 4003/1996/4001
f 2493/1992/2492 3685/1987/3683 363/1318/363
f 2493/1992/2492 4001/1991/3999 3685/1987/3683
f 4001/1991/3999 1441/1985/1441 3685/1987/3683
f 4000/1989/3998 2564/1983/2563 1442/1982/1442
f 4000/1989/3998 2500/1908/2499 2564/1983/2563
f 2500/1908/2499 369/1342/369 2564/1983/2563
f 3998/1986/3996 4000/1989/3998 1442/1982/1442
f 3998/1986/3996 3999/1988/3997 4000/1989/3998
f 3999/1988/3997 1378/1906/1378 4000/1989/3998
f 3685/1987/3683 3686/1341/3684 363/1318/363
f 3685/1987/3683 3998/1986/3996 3686/1341/3684
f 3998/1986/3996 1442/1982/1442 3686/1341/3684
f 3997/1984/3995 2565/1344/2564 1443/1973/1443
f 3997/1984/3995 2564/1983/2563 2565/1344/2564
f 2564/1983/2563 369/1342/369 2565/1344/2564
f 3995/1979/3993 3997/1984/3995 1443/1973/1443
f 3995/1979/3993 3996/1981/3994 3997/1984/3995
f 3996/1981/3994 1442/1982/1442 3997/1984/3995
f 2494/1980/2493 3687/1975/3685 364/1322/364
f 2494/1980/2493 3995/1979/3993 3687/1975/3685
f 3995/1979/3993 1443/1973/1443 3687/1975/3685
f 3994/1977/3992 2566/1971/2565 1444/1970/1444
f 3994/1977/3992 2501/1896/2500 2566/1971/2565
f 2501/1896/2500 370/1346/370 2566/1971/2565
f 3992/1974/3990 3994/1977/3992 1444/1970/1444
f 3992/1974/3990 3993/1976/3991 3994/1977/3992
f 3993/1976/3991 1379/1894/1379 3994/1977/3992
f 3687/1975/3685 3688/1345/3686 364/1322/364
f 3687/1975/3685 3992/1974/3990 3688/1345/3686
f 3992/1974/3990 1444/1970/1444 3688/1345/3686
f 3991/1972/3989 2567/1348/2566 1445/1961/1445
f 3991/1972/3989 2566/1971/2565 2567/1348/2566
f 2566/1971/2565 370/1346/370 2567/1348/2566
f 3989/1967/3987 3991/1972/3989 1445/1961/1445
f 3989/1967/3987 3990/1969/3988 3991/1972/3989
f 3990/1969/3988 1444/1970/1444 3991/1972/3989
f 2495/1968/2494 3689/1963/3687 365/1326/365
f 2495/1968/2494 3989/1967/3987 3689/1963/3687
f 3989/1967/3987 1445/1961/1445 3689/1963/3687
f 3988/1965/3986 2568/1959/2567 1446/1958/1446
f 3988/1965/3986 2502/1884/2501 2568/1959/2567
f 2502/1884/2501 371/1350/371 2568/1959/2567
f 3986/1962/3984 3988/1965/3986 1446/1958/1446
f 3986/1962/3984 3987/1964/3985 3988/1965/3986
f 3987/1964/3985 1380/1882/1380 3988/1965/3986
f 3689/1963/3687 3690/1349/3688 365/1326/365
f 3689/1963/3687 3986/1962/3984 3690/1349/3688
f 3986/1962/3984 1446/1958/1446 3690/1349/3688
f 3985/1960/3983 2569/1352/2568 1447/1949/1447
f 3985/1960/3983 2568/1959/2567 2569/1352/2568
f 2568/1959/2567 371/1350/371 2569/1352/2568
f 3983/1955/3981 3985/1960/3983 1447/1949/1447
f 3983/1955/3981 3984/1957/3982 3985/1960/3983
f 3984/1957/3982 1446/1958/1446 3985/1960/3983
f 2496/1956/2495 3691/1951/3689 366/1330/366
f 2496/1956/2495 3983/1955/3981 3691/1951/3689
f 3983/1955/3981 1447/1949/1447 3691/1951/3689
f 3982/1953/3980 2570/1947/2569 1448/1946/1448
f 3982/1953/3980 2503/1872/2502 2570/1947/2569
f 2503/1872/2502 372/1354/372 2570/1947/2569
f 3980/1950/3978 3982/1953/3980 1448/1946/1448
f 3980/1950/3978 3981/1952/3979 3982/1953/3980
f 3981/1952/3979 1381/1870/1381 3982/1953/3980
f 3691/1951/3689 3692/1353/3690 366/1330/366
f 3691/1951/3689 3980/1950/3978 3692/1353/3690
f 3980/1950/3978 1448/1946/1448 3692/1353/3690
f 3979/1948/3977 2571/1356/2570 1449/1937/1449
f 3979/1948/3977 2570/1947/2569 2571/1356/2570
f 2570/1947/2569 372/1354/372 2571/1356/2570
f 3977/1943/3975 3979/1948/3977 1449/1937/1449
f 3977/1943/3975 3978/1945/3976 3979/1948/3977
f 3978/1945/3976 1448/1946/1448 3979/1948/3977
f 2497/1944/2496 3693/1939/3691 367/1334/367
f 2497/1944/2496 3977/1943/3975 3693/1939/3691
f 3977/1943/3975 1449/1937/1449 3693/1939/3691
f 3976/1941/3974 2572/1935/2571 1450/1934/1450
f 3976/1941/3974 2504/1860/2503 2572/1935/2571
f 2504/1860/2503 373/1358/373 2572/1935/2571
f 3974/1938/3972 3976/1941/3974 1450/1934/1450
f 3974/1938/3972 3975/1940/3973 3976/1941/3974
f 3975/1940/3973 1382/1858/1382 3976/1941/3974
f 3693/1939/3691 3694/1357/3692 367/1334/367
f 3693/1939/3691 3974/1938/3972 3694/1357/3692
f 3974/1938/3972 1450/1934/1450 3694/1357/3692
f 3973/1936/3971 2573/1360/2572 1451/1925/1451
f 3973/1936/3971 2572/1935/2571 2573/1360/2572
f 2572/1935/2571 373/1358/373 2573/1360/2572
f 3971/1931/3969 3973/1936/3971 1451/1925/1451
f 3971/1931/3969 3972/1933/3970 3973/1936/3971
f 3972/1933/3970 1450/1934/1450 3973/1936/3971
f 2492/1932/2491 3695/1927/3693 102/1032/102
f 2492/1932/2491 3971/1931/3969 3695/1927/3693
f 3971/1931/3969 1451/1925/1451 3695/1927/3693
f 3970/1929/3968 2748/1037/2746 504/2922/504
f 3970/1929/3968 2498/1848/2497 2748/1037/2746
f 2498/1848/2497 101/1035/101 2748/1037/2746
f 3968/1926/3966 3970/1929/3968 504/2922/504
f 3968/1926/3966 3969/1928/3967 3970/1929/3968
f 3969/1928/3967 1376/1846/1376 3970/1929/3968
f 3695/1927/3693 1626/2924/1625 102/1032/102
f 3695/1927/3693 3968/1926/3966 1626/2924/1625
f 3968/1926/3966 504/2922/504 1626/2924/1625
f 3967/1924/3965 2575/1364/2574 1453/1913/1453
f 3967/1924/3965 2574/1923/2573 2575/1364/2574
f 2574/1923/2573 374/1362/374 2575/1364/2574
f 3965/1919/3963 3967/1924/3965 1453/1913/1453
f 3965/1919/3963 3966/1921/3964 3967/1924/3965
f 3966/1921/3964 1452/1922/1452 3967/1924/3965
f 2499/1920/2498 3697/1915/3695 368/1338/368
f 2499/1920/2498 3965/1919/3963 3697/1915/3695
f 3965/1919/3963 1453/1913/1453 3697/1915/3695
f 3964/1917/3962 2576/1911/2575 1454/1910/1454
f 3964/1917/3962 2507/1824/2506 2576/1911/2575
f 2507/1824/2506 375/1366/375 2576/1911/2575
f 3962/1914/3960 3964/1917/3962 1454/1910/1454
f 3962/1914/3960 3963/1916/3961 3964/1917/3962
f 3963/1916/3961 1385/1822/1385 3964/1917/3962
f 3697/1915/3695 3698/1365/3696 368/1338/368
f 3697/1915/3695 3962/1914/3960 3698/1365/3696
f 3962/1914/3960 1454/1910/1454 3698/1365/3696
f 3961/1912/3959 2577/1368/2576 1455/1901/1455
f 3961/1912/3959 2576/1911/2575 2577/1368/2576
f 2576/1911/2575 375/1366/375 2577/1368/2576
f 3959/1907/3957 3961/1912/3959 1455/1901/1455
f 3959/1907/3957 3960/1909/3958 3961/1912/3959
f 3960/1909/3958 1454/1910/1454 3961/1912/3959
f 2500/1908/2499 3699/1903/3697 369/1342/369
f 2500/1908/2499 3959/1907/3957 3699/1903/3697
f 3959/1907/3957 1455/1901/1455 3699/1903/3697
f 3958/1905/3956 2578/1899/2577 1456/1898/1456
f 3958/1905/3956 2508/1812/2507 2578/1899/2577
f 2508/1812/2507 376/1370/376 2578/1899/2577
f 3956/1902/3954 3958/1905/3956 1456/1898/1456
f 3956/1902/3954 3957/1904/3955 3958/1905/3956
f 3957/1904/3955 1386/1810/1386 3958/1905/3956
f 3699/1903/3697 3700/1369/3698 369/1342/369
f 3699/1903/3697 3956/1902/3954 3700/1369/3698
f 3956/1902/3954 1456/1898/1456 3700/1369/3698
f 3955/1900/3953 2579/1372/2578 1457/1889/1457
f 3955/1900/3953 2578/1899/2577 2579/1372/2578
f 2578/1899/2577 376/1370/376 2579/1372/2578
f 3953/1895/3951 3955/1900/3953 1457/1889/1457
f 3953/1895/3951 3954/1897/3952 3955/1900/3953
f 3954/1897/3952 1456/1898/1456 3955/1900/3953
f 2501/1896/2500 3701/1891/3699 370/1346/370
f 2501/1896/2500 3953/1895/3951 3701/1891/3699
f 3953/1895/3951 1457/1889/1457 3701/1891/3699
f 3952/1893/3950 2580/1887/2579 1458/1886/1458
f 3952/1893/3950 2509/1800/2508 2580/1887/2579
f 2509/1800/2508 377/1374/377 2580/1887/2579
f 3950/1890/3948 3952/1893/3950 1458/1886/1458
f 3950/1890/3948 3951/1892/3949 3952/1893/3950
f 3951/1892/3949 1387/1798/1387 3952/1893/3950
f 3701/1891/3699 3702/1373/3700 370/1346/370
f 3701/1891/3699 3950/1890/3948 3702/1373/3700
f 3950/1890/3948 1458/1886/1458 3702/1373/3700
f 3949/1888/3947 2581/1376/2580 1459/1877/1459
f 3949/1888/3947 2580/1887/2579 2581/1376/2580
f 2580/1887/2579 377/1374/377 2581/1376/2580
f 3947/1883/3945 3949/1888/3947 1459/1877/1459
f 3947/1883/3945 3948/1885/3946 3949/1888/3947
f 3948/1885/3946 1458/1886/1458 3949/1888/3947
f 2502/1884/2501 3703/1879/3701 371/1350/371
f 2502/1884/2501 3947/1883/3945 3703/1879/3701
f 3947/1883/3945 1459/1877/1459 3703/1879/3701
f 3946/1881/3944 2582/1875/2581 1460/1874/1460
f 3946/1881/3944 2510/1788/2509 2582/1875/2581
f 2510/1788/2509 378/1378/378 2582/1875/2581
f 3944/1878/3942 3946/1881/3944 1460/1874/1460
f 3944/1878/3942 3945/1880/3943 3946/1881/3944
f 3945/1880/3943 1388/1786/1388 3946/1881/3944
f 3703/1879/3701 3704/1377/3702 371/1350/371
f 3703/1879/3701 3944/1878/3942 3704/1377/3702
f 3944/1878/3942 1460/1874/1460 3704/1377/3702
f 3943/1876/3941 2583/1380/2582 1461/1865/1461
f 3943/1876/3941 2582/1875/2581 2583/1380/2582
f 2582/1875/2581 378/1378/378 2583/1380/2582
f 3941/1871/3939 3943/1876/3941 1461/1865/1461
f 3941/1871/3939 3942/1873/3940 3943/1876/3941
f 3942/1873/3940 1460/1874/1460 3943/1876/3941
f 2503/1872/2502 3705/1867/3703 372/1354/372
f 2503/1872/2502 3941/1871/3939 3705/1867/3703
f 3941/1871/3939 1461/1865/1461 3705/1867/3703
f 3940/1869/3938 2584/1863/2583 1462/1862/1462
f 3940/1869/3938 2511/1776/2510 2584/1863/2583
f 2511/1776/2510 379/1382/379 2584/1863/2583
f 3938/1866/3936 3940/1869/3938 1462/1862/1462
f 3938/1866/3936 3939/1868/3937 3940/1869/3938
f 3939/1868/3937 1389/1774/1389 3940/1869/3938
f 3705/1867/3703 3706/1381/3704 372/1354/372
f 3705/1867/3703 3938/1866/3936 3706/1381/3704
f 3938/1866/3936 1462/1862/1462 3706/1381/3704
f 3937/1864/3935 2585/1384/2584 1463/1853/1463
f 3937/1864/3935 2584/1863/2583 2585/1384/2584
f 2584/1863/2583 379/1382/379 2585/1384/2584
f 3935/1859/3933 3937/1864/3935 1463/1853/1463
f 3935/1859/3933 3936/1861/3934 3937/1864/3935
f 3936/1861/3934 1462/1862/1462 3937/1864/3935
f 2504/1860/2503 3707/1855/3705 373/1358/373
f 2504/1860/2503 3935/1859/3933 3707/1855/3705
f 3935/1859/3933 1463/1853/1463 3707/1855/3705
f 3934/1857/3932 2586/1851/2585 1464/1850/1464
f 3934/1857/3932 2512/1764/2511 2586/1851/2585
f 2512/1764/2511 380/1386/380 2586/1851/2585
f 3932/1854/3930 3934/1857/3932 1464/1850/1464
f 3932/1854/3930 3933/1856/3931 3934/1857/3932
f 3933/1856/3931 1390/1762/1390 3934/1857/3932
f 3707/1855/3705 3708/1385/3706 373/1358/373
f 3707/1855/3705 3932/1854/3930 3708/1385/3706
f 3932/1854/3930 1464/1850/1464 3708/1385/3706
f 3931/1852/3929 2587/1388/2586 1465/1841/1465
f 3931/1852/3929 2586/1851/2585 2587/1388/2586
f 2586/1851/2585 380/1386/380 2587/1388/2586
f 3929/1847/3927 3931/1852/3929 1465/1841/1465
f 3929/1847/3927 3930/1849/3928 3931/1852/3929
f 3930/1849/3928 1464/1850/1464 3931/1852/3929
f 2498/1848/2497 3709/1843/3707 101/1035/101
f 2498/1848/2497 3929/1847/3927 3709/1843/3707
f 3929/1847/3927 1465/1841/1465 3709/1843/3707
f 3928/1845/3926 2747/1040/2745 503/2917/503
f 3928/1845/3926 2505/1752/2504 2747/1040/2745
f 2505/1752/2504 100/1038/100 2747/1040/2745
f 3926/1842/3924 3928/1845/3926 503/2917/503
f 3926/1842/3924 3927/1844/3925 3928/1845/3926
f 3927/1844/3925 1383/1750/1383 3928/1845/3926
f 3709/1843/3707 1625/2919/1624 101/1035/101
f 3709/1843/3707 3926/1842/3924 1625/2919/1624
f 3926/1842/3924 503/2917/503 1625/2919/1624
f 3925/1840/3923 2589/1392/2588 1467/1829/1467
f 3925/1840/3923 2588/1839/2587 2589/1392/2588
f 2588/1839/2587 381/1390/381 2589/1392/2588
f 3923/1835/3921 3925/1840/3923 1467/1829/1467
f 3923/1835/3921 3924/1837/3922 3925/1840/3923
f 3924/1837/3922 1466/1838/1466 3925/1840/3923
f 2506/1836/2505 3711/1831/3709 374/1362/374
f 2506/1836/2505 3923/1835/3921 3711/1831/3709
f 3923/1835/3921 1467/1829/1467 3711/1831/3709
f 3922/1833/3920 2590/1827/2589 1468/1826/1468
f 3922/1833/3920 2515/1728/2514 2590/1827/2589
f 2515/1728/2514 382/1394/382 2590/1827/2589
f 3920/1830/3918 3922/1833/3920 1468/1826/1468
f 3920/1830/3918 3921/1832/3919 3922/1833/3920
f 3921/1832/3919 1393/1726/1393 3922/1833/3920
f 3711/1831/3709 3712/1393/3710 374/1362/374
f 3711/1831/3709 3920/1830/3918 3712/1393/3710
f 3920/1830/3918 1468/1826/1468 3712/1393/3710
f 3919/1828/3917 2591/1396/2590 1469/1817/1469
f 3919/1828/3917 2590/1827/2589 2591/1396/2590
f 2590/1827/2589 382/1394/382 2591/1396/2590
f 3917/1823/3915 3919/1828/3917 1469/1817/1469
f 3917/1823/3915 3918/1825/3916 3919/1828/3917
f 3918/1825/3916 1468/1826/1468 3919/1828/3917
f 2507/1824/2506 3713/1819/3711 375/1366/375
f 2507/1824/2506 3917/1823/3915 3713/1819/3711
f 3917/1823/3915 1469/1817/1469 3713/1819/3711
f 3916/1821/3914 2592/1815/2591 1470/1814/1470
f 3916/1821/3914 2516/1716/2515 2592/1815/2591
f 2516/1716/2515 383/1398/383 2592/1815/2591
f 3914/1818/3912 3916/1821/3914 1470/1814/1470
f 3914/1818/3912 3915/1820/3913 3916/1821/3914
f 3915/1820/3913 1394/1714/1394 3916/1821/3914
f 3713/1819/3711 3714/1397/3712 375/1366/375
f 3713/1819/3711 3914/1818/3912 3714/1397/3712
f 3914/1818/3912 1470/1814/1470 3714/1397/3712
f 3913/1816/3911 2593/1400/2592 1471/1805/1471
f 3913/1816/3911 2592/1815/2591 2593/1400/2592
f 2592/1815/2591 383/1398/383 2593/1400/2592
f 3911/1811/3909 3913/1816/3911 1471/1805/1471
f 3911/1811/3909 3912/1813/3910 3913/1816/3911
f 3912/1813/3910 1470/1814/1470 3913/1816/3911
f 2508/1812/2507 3715/1807/3713 376/1370/376
f 2508/1812/2507 3911/1811/3909 3715/1807/3713
f 3911/1811/3909 1471/1805/1471 3715/1807/3713
f 3910/1809/3908 2594/1803/2593 1472/1802/1472
f 3910/1809/3908 2517/1704/2516 2594/1803/2593
f 2517/1704/2516 384/1402/384 2594/1803/2593
f 3908/1806/3906 3910/1809/3908 1472/1802/1472
f 3908/1806/3906 3909/1808/3907 3910/1809/3908
f 3909/1808/3907 1395/1702/1395 3910/1809/3908
f 3715/1807/3713 3716/1401/3714 376/1370/376
f 3715/1807/3713 3908/1806/3906 3716/1401/3714
f 3908/1806/3906 1472/1802/1472 3716/1401/3714
f 3907/1804/3905 2595/1404/2594 1473/1793/1473
f 3907/1804/3905 2594/1803/2593 2595/1404/2594
f 2594/1803/2593 384/1402/384 2595/1404/2594
f 3905/1799/3903 3907/1804/3905 1473/1793/1473
f 3905/1799/3903 3906/1801/3904 3907/1804/3905
f 3906/1801/3904 1472/1802/1472 3907/1804/3905
f 2509/1800/2508 3717/1795/3715 377/1374/377
f 2509/1800/2508 3905/1799/3903 3717/1795/3715
f 3905/1799/3903 1473/1793/1473 3717/1795/3715
f 3904/1797/3902 2596/1791/2595 1474/1790/1474
f 3904/1797/3902 2518/1692/2517 2596/1791/2595
f 2518/1692/2517 385/1406/385 2596/1791/2595
f 3902/1794/3900 3904/1797/3902 1474/1790/1474
f 3902/1794/3900 3903/1796/3901 3904/1797/3902
f 3903/1796/3901 1396/1690/1396 3904/1797/3902
f 3717/1795/3715 3718/1405/3716 377/1374/377
f 3717/1795/3715 3902/1794/3900 3718/1405/3716
f 3902/1794/3900 1474/1790/1474 3718/1405/3716
f 3901/1792/3899 2597/1408/2596 1475/1781/1475
f 3901/1792/3899 2596/1791/2595 2597/1408/2596
f 2596/1791/2595 385/1406/385 2597/1408/2596
f 3899/1787/3897 3901/1792/3899 1475/1781/1475
f 3899/1787/3897 3900/1789/3898 3901/1792/3899
f 3900/1789/3898 1474/1790/1474 3901/1792/3899
f 2510/1788/2509 3719/1783/3717 378/1378/378
f 2510/1788/2509 3899/1787/3897 3719/1783/3717
f 3899/1787/3897 1475/1781/1475 3719/1783/3717
f 3898/1785/3896 2598/1779/2597 1476/1778/1476
f 3898/1785/3896 2519/1680/2518 2598/1779/2597
f 2519/1680/2518 386/1410/386 2598/1779/2597
f 3896/1782/3894 3898/1785/3896 1476/1778/1476
f 3896/1782/3894 3897/1784/3895 3898/1785/3896
f 3897/1784/3895 1397/1678/1397 3898/1785/3896
f 3719/1783/3717 3720/1409/3718 378/1378/378
f 3719/1783/3717 3896/1782/3894 3720/1409/3718
f 3896/1782/3894 1476/1778/1476 3720/1409/3718
f 3895/1780/3893 2599/1412/2598 1477/1769/1477
f 3895/1780/3893 2598/1779/2597 2599/1412/2598
f 2598/1779/2597 386/1410/386 2599/1412/2598
f 3893/1775/3891 3895/1780/3893 1477/1769/1477
f 3893/1775/3891 3894/1777/3892 3895/1780/3893
f 3894/1777/3892 1476/1778/1476 3895/1780/3893
f 2511/1776/2510 3721/1771/3719 379/1382/379
f 2511/1776/2510 3893/1775/3891 3721/1771/3719
f 3893/1775/3891 1477/1769/1477 3721/1771/3719
f 3892/1773/3890 2600/1767/2599 1478/1766/1478
f 3892/1773/3890 2520/1668/2519 2600/1767/2599
f 2520/1668/2519 387/1414/387 2600/1767/2599
f 3890/1770/3888 3892/1773/3890 1478/1766/1478
f 3890/1770/3888 3891/1772/3889 3892/1773/3890
f 3891/1772/3889 1398/1666/1398 3892/1773/3890
f 3721/1771/3719 3722/1413/3720 379/1382/379
f 3721/1771/3719 3890/1770/3888 3722/1413/3720
f 3890/1770/3888 1478/1766/1478 3722/1413/3720
f 3889/1768/3887 2601/1416/2600 1479/1757/1479
f 3889/1768/3887 2600/1767/2599 2601/1416/2600
f 2600/1767/2599 387/1414/387 2601/1416/2600
f 3887/1763/3885 3889/1768/3887 1479/1757/1479
f 3887/1763/3885 3888/1765/3886 3889/1768/3887
f 3888/1765/3886 1478/1766/1478 3889/1768/3887
f 2512/1764/2511 3723/1759/3721 380/1386/380
f 2512/1764/2511 3887/1763/3885 3723/1759/3721
f 3887/1763/3885 1479/1757/1479 3723/1759/3721
f 3886/1761/3884 2602/1755/2601 1480/1754/1480
f 3886/1761/3884 2521/1656/2520 2602/1755/2601
f 2521/1656/2520 388/1418/388 2602/1755/2601
f 3884/1758/3882 3886/1761/3884 1480/1754/1480
f 3884/1758/3882 3885/1760/3883 3886/1761/3884
f 3885/1760/3883 1399/1654/1399 3886/1761/3884
f 3723/1759/3721 3724/1417/3722 380/1386/380
f 3723/1759/3721 3884/1758/3882 3724/1417/3722
f 3884/1758/3882 1480/1754/1480 3724/1417/3722
f 3883/1756/3881 2603/1420/2602 1481/1745/1481
f 3883/1756/3881 2602/1755/2601 2603/1420/2602
f 2602/1755/2601 388/1418/388 2603/1420/2602
f 3881/1751/3879 3883/1756/3881 1481/1745/1481
f 3881/1751/3879 3882/1753/3880 3883/1756/3881
f 3882/1753/3880 1480/1754/1480 3883/1756/3881
f 2505/1752/2504 3725/1747/3723 100/1038/100
f 2505/1752/2504 3881/1751/3879 3725/1747/3723
f 3881/1751/3879 1481/1745/1481 3725/1747/3723
f 3880/1749/3878 2746/1043/2744 502/2912/502
f 3880/1749/3878 2513/1644/2512 2746/1043/2744
f 2513/1644/2512 99/1041/99 2746/1043/2744
f 3878/1746/3876 3880/1749/3878 502/2912/502
f 3878/1746/3876 3879/1748/3877 3880/1749/3878
f 3879/1748/3877 1391/1642/1391 3880/1749/3878
f 3725/1747/3723 1624/2914/1623 100/1038/100
f 3725/1747/3723 3878/1746/3876 1624/2914/1623
f 3878/1746/3876 502/2912/502 1624/2914/1623
f 3877/1744/3875 2605/1424/2604 1483/1733/1483
f 3877/1744/3875 2604/1743/2603 2605/1424/2604
f 2604/1743/2603 389/1422/389 2605/1424/2604
f 3875/1739/3873 3877/1744/3875 1483/1733/1483
f 3875/1739/3873 3876/1741/3874 3877/1744/3875
f 3876/1741/3874 1482/1742/1482 3877/1744/3875
f 2514/1740/2513 3727/1735/3725 381/1390/381
f 2514/1740/2513 3875/1739/3873 3727/1735/3725
f 3875/1739/3873 1483/1733/1483 3727/1735/3725
f 3874/1737/3872 2606/1731/2605 1484/1730/1484
f 3874/1737/3872 2524/1618/2523 2606/1731/2605
f 2524/1618/2523 390/1426/390 2606/1731/2605
f 3872/1734/3870 3874/1737/3872 1484/1730/1484
f 3872/1734/3870 3873/1736/3871 3874/1737/3872
f 3873/1736/3871 1402/1616/1402 3874/1737/3872
f 3727/1735/3725 3728/1425/3726 381/1390/381
f 3727/1735/3725 3872/1734/3870 3728/1425/3726
f 3872/1734/3870 1484/1730/1484 3728/1425/3726
f 3871/1732/3869 2607/1428/2606 1485/1721/1485
f 3871/1732/3869 2606/1731/2605 2607/1428/2606
f 2606/1731/2605 390/1426/390 2607/1428/2606
f 3869/1727/3867 3871/1732/3869 1485/1721/1485
f 3869/1727/3867 3870/1729/3868 3871/1732/3869
f 3870/1729/3868 1484/1730/1484 3871/1732/3869
f 2515/1728/2514 3729/1723/3727 382/1394/382
f 2515/1728/2514 3869/1727/3867 3729/1723/3727
f 3869/1727/3867 1485/1721/1485 3729/1723/3727
f 3868/1725/3866 2608/1719/2607 1486/1718/1486
f 3868/1725/3866 2525/1604/2524 2608/1719/2607
f 2525/1604/2524 391/1430/391 2608/1719/2607
f 3866/1722/3864 3868/1725/3866 1486/1718/1486
f 3866/1722/3864 3867/1724/3865 3868/1725/3866
f 3867/1724/3865 1403/1602/1403 3868/1725/3866
f 3729/1723/3727 3730/1429/3728 382/1394/382
f 3729/1723/3727 3866/1722/3864 3730/1429/3728
f 3866/1722/3864 1486/1718/1486 3730/1429/3728
f 3865/1720/3863 2609/1432/2608 1487/1709/1487
f 3865/1720/3863 2608/1719/2607 2609/1432/2608
f 2608/1719/2607 391/1430/391 2609/1432/2608
f 3863/1715/3861 3865/1720/3863 1487/1709/1487
f 3863/1715/3861 3864/1717/3862 3865/1720/3863
f 3864/1717/3862 1486/1718/1486 3865/1720/3863
f 2516/1716/2515 3731/1711/3729 383/1398/383
f 2516/1716/2515 3863/1715/3861 3731/1711/3729
f 3863/1715/3861 1487/1709/1487 3731/1711/3729
f 3862/1713/3860 2610/1707/2609 1488/1706/1488
f 3862/1713/3860 2526/1590/2525 2610/1707/2609
f 2526/1590/2525 392/1434/392 2610/1707/2609
f 3860/1710/3858 3862/1713/3860 1488/1706/1488
f 3860/1710/3858 3861/1712/3859 3862/1713/3860
f 3861/1712/3859 1404/1588/1404 3862/1713/3860
f 3731/1711/3729 3732/1433/3730 383/1398/383
f 3731/1711/3729 3860/1710/3858 3732/1433/3730
f 3860/1710/3858 1488/1706/1488 3732/1433/3730
f 3859/1708/3857 2611/1436/2610 1489/1697/1489
f 3859/1708/3857 2610/1707/2609 2611/1436/2610
f 2610/1707/2609 392/1434/392 2611/1436/2610
f 3857/1703/3855 3859/1708/3857 1489/1697/1489
f 3857/1703/3855 3858/1705/3856 3859/1708/3857
f 3858/1705/3856 1488/1706/1488 3859/1708/3857
f 2517/1704/2516 3733/1699/3731 384/1402/384
f 2517/1704/2516 3857/1703/3855 3733/1699/3731
f 3857/1703/3855 1489/1697/1489 3733/1699/3731
f 3856/1701/3854 2612/1695/2611 1490/1694/1490
f 3856/1701/3854 2527/1576/2526 2612/1695/2611
f 2527/1576/2526 393/1438/393 2612/1695/2611
f 3854/1698/3852 3856/1701/3854 1490/1694/1490
f 3854/1698/3852 3855/1700/3853 3856/1701/3854
f 3855/1700/3853 1405/1574/1405 3856/1701/3854
f 3733/1699/3731 3734/1437/3732 384/1402/384
f 3733/1699/3731 3854/1698/3852 3734/1437/3732
f 3854/1698/3852 1490/1694/1490 3734/1437/3732
f 3853/1696/3851 2613/1440/2612 1491/1685/1491
f 3853/1696/3851 2612/1695/2611 2613/1440/2612
f 2612/1695/2611 393/1438/393 2613/1440/2612
f 3851/1691/3849 3853/1696/3851 1491/1685/1491
f 3851/1691/3849 3852/1693/3850 3853/1696/3851
f 3852/1693/3850 1490/1694/1490 3853/1696/3851
f 2518/1692/2517 3735/1687/3733 385/1406/385
f 2518/1692/2517 3851/1691/3849 3735/1687/3733
f 3851/1691/3849 1491/1685/1491 3735/1687/3733
f 3850/1689/3848 2614/1683/2613 1492/1682/1492
f 3850/1689/3848 2528/1562/2527 2614/1683/2613
f 2528/1562/2527 394/1442/394 2614/1683/2613
f 3848/1686/3846 3850/1689/3848 1492/1682/1492
f 3848/1686/3846 3849/1688/3847 3850/1689/3848
f 3849/1688/3847 1406/1560/1406 3850/1689/3848
f 3735/1687/3733 3736/1441/3734 385/1406/385
f 3735/1687/3733 3848/1686/3846 3736/1441/3734
f 3848/1686/3846 1492/1682/1492 3736/1441/3734
f 3847/1684/3845 2615/1444/2614 1493/1673/1493
f 3847/1684/3845 2614/1683/2613 2615/1444/2614
f 2614/1683/2613 394/1442/394 2615/1444/2614
f 3845/1679/3843 3847/1684/3845 1493/1673/1493
f 3845/1679/3843 3846/1681/3844 3847/1684/3845
f 3846/1681/3844 1492/1682/1492 3847/1684/3845
f 2519/1680/2518 3737/1675/3735 386/1410/386
f 2519/1680/2518 3845/1679/3843 3737/1675/3735
f 3845/1679/3843 1493/1673/1493 3737/1675/3735
f 3844/1677/3842 2616/1671/2615 1494/1670/1494
f 3844/1677/3842 2529/1548/2528 2616/1671/2615
f 2529/1548/2528 395/1446/395 2616/1671/2615
f 3842/1674/3840 3844/1677/3842 1494/1670/1494
f 3842/1674/3840 3843/1676/3841 3844/1677/3842
f 3843/1676/3841 1407/1546/1407 3844/1677/3842
f 3737/1675/3735 3738/1445/3736 386/1410/386
f 3737/1675/3735 3842/1674/3840 3738/1445/3736
f 3842/1674/3840 1494/1670/1494 3738/1445/3736
f 3841/1672/3839 2617/1448/2616 1495/1661/1495
f 3841/1672/3839 2616/1671/2615 2617/1448/2616
f 2616/1671/2615 395/1446/395 2617/1448/2616
f 3839/1667/3837 3841/1672/3839 1495/1661/1495
f 3839/1667/3837 3840/1669/3838 3841/1672/3839
f 3840/1669/3838 1494/1670/1494 3841/1672/3839
f 2520/1668/2519 3739/1663/3737 387/1414/387
f 2520/1668/2519 3839/1667/3837 3739/1663/3737
f 3839/1667/3837 1495/1661/1495 3739/1663/3737
f 3838/1665/3836 2618/1659/2617 1496/1658/1496
f 3838/1665/3836 2530/1534/2529 2618/1659/2617
f 2530/1534/2529 396/1450/396 2618/1659/2617
f 3836/1662/3834 3838/1665/3836 1496/1658/1496
f 3836/1662/3834 3837/1664/3835 3838/1665/3836
f 3837/1664/3835 1408/1532/1408 3838/1665/3836
f 3739/1663/3737 3740/1449/3738 387/1414/387
f 3739/1663/3737 3836/1662/3834 3740/1449/3738
f 3836/1662/3834 1496/1658/1496 3740/1449/3738
f 3835/1660/3833 2619/1452/2618 1497/1649/1497
f 3835/1660/3833 2618/1659/2617 2619/1452/2618
f 2618/1659/2617 396/1450/396 2619/1452/2618
f 3833/1655/3831 3835/1660/3833 1497/1649/1497
f 3833/1655/3831 3834/1657/3832 3835/1660/3833
f 3834/1657/3832 1496/1658/1496 3835/1660/3833
f 2521/1656/2520 3741/1651/3739 388/1418/388
f 2521/1656/2520 3833/1655/3831 3741/1651/3739
f 3833/1655/3831 1497/1649/1497 3741/1651/3739
f 3832/1653/3830 2620/1647/2619 1498/1646/1498
f 3832/1653/3830 2531/1520/2530 2620/1647/2619
f 2531/1520/2530 397/1454/397 2620/1647/2619
f 3830/1650/3828 3832/1653/3830 1498/1646/1498
f 3830/1650/3828 3831/1652/3829 3832/1653/3830
f 3831/1652/3829 1409/1518/1409 3832/1653/3830
f 3741/1651/3739 3742/1453/3740 388/1418/388
f 3741/1651/3739 3830/1650/3828 3742/1453/3740
f 3830/1650/3828 1498/1646/1498 3742/1453/3740
f 3829/1648/3827 2621/1456/2620 1499/1637/1499
f 3829/1648/3827 2620/1647/2619 2621/1456/2620
f 2620/1647/2619 397/1454/397 2621/1456/2620
f 3827/1643/3825 3829/1648/3827 1499/1637/1499
f 3827/1643/3825 3828/1645/3826 3829/1648/3827
f 3828/1645/3826 1498/1646/1498 3829/1648/3827
f 2513/1644/2512 3743/1639/3741 99/1041/99
f 2513/1644/2512 3827/1643/3825 3743/1639/3741
f 3827/1643/3825 1499/1637/1499 3743/1639/3741
f 3826/1641/3824 2745/1046/2743 501/2907/501
f 3826/1641/3824 2522/1506/2521 2745/1046/2743
f 2522/1506/2521 98/1044/98 2745/1046/2743
f 3824/1638/3822 3826/1641/3824 501/2907/501
f 3824/1638/3822 3825/1640/3823 3826/1641/3824
f 3825/1640/3823 1400/1504/1400 3826/1641/3824
f 3743/1639/3741 1623/2909/1622 99/1041/99
f 3743/1639/3741 3824/1638/3822 1623/2909/1622
f 3824/1638/3822 501/2907/501 1623/2909/1622
f 3823/1636/3821 2623/1460/2622 1501/1623/1501
f 3823/1636/3821 2622/1635/2621 2623/1460/2622
f 2622/1635/2621 67/1458/67 2623/1460/2622
f 3821/1631/3819 3823/1636/3821 1501/1623/1501
f 3821/1631/3819 3822/1633/3820 3823/1636/3821
f 3822/1633/3820 1500/1634/1500 3823/1636/3821
f 2523/1632/2522 3745/1625/3743 389/1422/389
f 2523/1632/2522 3821/1631/3819 3745/1625/3743
f 3821/1631/3819 1501/1623/1501 3745/1625/3743
f 3820/1629/3818 2624/1621/2623 1502/1620/1502
f 3820/1629/3818 2713/1628/2711 2624/1621/2623
f 2713/1628/2711 66/1462/66 2624/1621/2623
f 3818/1624/3816 3820/1629/3818 1502/1620/1502
f 3818/1624/3816 3819/1626/3817 3820/1629/3818
f 3819/1626/3817 469/1627/469 3820/1629/3818
f 3745/1625/3743 3746/1461/3744 389/1422/389
f 3745/1625/3743 3818/1624/3816 3746/1461/3744
f 3818/1624/3816 1502/1620/1502 3746/1461/3744
f 3817/1622/3815 2625/1464/2624 1503/1609/1503
f 3817/1622/3815 2624/1621/2623 2625/1464/2624
f 2624/1621/2623 66/1462/66 2625/1464/2624
f 3815/1617/3813 3817/1622/3815 1503/1609/1503
f 3815/1617/3813 3816/1619/3814 3817/1622/3815
f 3816/1619/3814 1502/1620/1502 3817/1622/3815
f 2524/1618/2523 3747/1611/3745 390/1426/390
f 2524/1618/2523 3815/1617/3813 3747/1611/3745
f 3815/1617/3813 1503/1609/1503 3747/1611/3745
f 3814/1615/3812 2626/1607/2625 1504/1606/1504
f 3814/1615/3812 2712/1614/2710 2626/1607/2625
f 2712/1614/2710 65/1466/65 2626/1607/2625
f 3812/1610/3810 3814/1615/3812 1504/1606/1504
f 3812/1610/3810 3813/1612/3811 3814/1615/3812
f 3813/1612/3811 468/1613/468 3814/1615/3812
f 3747/1611/3745 3748/1465/3746 390/1426/390
f 3747/1611/3745 3812/1610/3810 3748/1465/3746
f 3812/1610/3810 1504/1606/1504 3748/1465/3746
f 3811/1608/3809 2627/1468/2626 1505/1595/1505
f 3811/1608/3809 2626/1607/2625 2627/1468/2626
f 2626/1607/2625 65/1466/65 2627/1468/2626
f 3809/1603/3807 3811/1608/3809 1505/1595/1505
f 3809/1603/3807 3810/1605/3808 3811/1608/3809
f 3810/1605/3808 1504/1606/1504 3811/1608/3809
f 2525/1604/2524 3749/1597/3747 391/1430/391
f 2525/1604/2524 3809/1603/3807 3749/1597/3747
f 3809/1603/3807 1505/1595/1505 3749/1597/3747
f 3808/1601/3806 2628/1593/2627 1506/1592/1506
f 3808/1601/3806 2711/1600/2709 2628/1593/2627
f 2711/1600/2709 64/1470/64 2628/1593/2627
f 3806/1596/3804 3808/1601/3806 1506/1592/1506
f 3806/1596/3804 3807/1598/3805 3808/1601/3806
f 3807/1598/3805 467/1599/467 3808/1601/3806
f 3749/1597/3747 3750/1469/3748 391/1430/391
f 3749/1597/3747 3806/1596/3804 3750/1469/3748
f 3806/1596/3804 1506/1592/1506 3750/1469/3748
f 3805/1594/3803 2629/1472/2628 1507/1581/1507
f 3805/1594/3803 2628/1593/2627 2629/1472/2628
f 2628/1593/2627 64/1470/64 2629/1472/2628
f 3803/1589/3801 3805/1594/3803 1507/1581/1507
f 3803/1589/3801 3804/1591/3802 3805/1594/3803
f 3804/1591/3802 1506/1592/1506 3805/1594/3803
f 2526/1590/2525 3751/1583/3749 392/1434/392
f 2526/1590/2525 3803/1589/3801 3751/1583/3749
f 3803/1589/3801 1507/1581/1507 3751/1583/3749
f 3802/1587/3800 2630/1579/2629 1508/1578/1508
f 3802/1587/3800 2710/1586/2708 2630/1579/2629
f 2710/1586/2708 63/1474/63 2630/1579/2629
f 3800/1582/3798 3802/1587/3800 1508/1578/1508
f 3800/1582/3798 3801/1584/3799 3802/1587/3800
f 3801/1584/3799 466/1585/466 3802/1587/3800
f 3751/1583/3749 3752/1473/3750 392/1434/392
f 3751/1583/3749 3800/1582/3798 3752/1473/3750
f 3800/1582/3798 1508/1578/1508 3752/1473/3750
f 3799/1580/3797 2631/1476/2630 1509/1567/1509
f 3799/1580/3797 2630/1579/2629 2631/1476/2630
f 2630/1579/2629 63/1474/63 2631/1476/2630
f 3797/1575/3795 3799/1580/3797 1509/1567/1509
f 3797/1575/3795 3798/1577/3796 3799/1580/3797
f 3798/1577/3796 1508/1578/1508 3799/1580/3797
f 2527/1576/2526 3753/1569/3751 393/1438/393
f 2527/1576/2526 3797/1575/3795 3753/1569/3751
f 3797/1575/3795 1509/1567/1509 3753/1569/3751
f 3796/1573/3794 2632/1565/2631 1510/1564/1510
f 3796/1573/3794 2709/1572/2707 2632/1565/2631
f 2709/1572/2707 62/1478/62 2632/1565/2631
f 3794/1568/3792 3796/1573/3794 1510/1564/1510
f 3794/1568/3792 3795/1570/3793 3796/1573/3794
f 3795/1570/3793 465/1571/465 3796/1573/3794
f 3753/1569/3751 3754/1477/3752 393/1438/393
f 3753/1569/3751 3794/1568/3792 3754/1477/3752
f 3794/1568/3792 1510/1564/1510 3754/1477/3752
f 3793/1566/3791 2633/1480/2632 1511/1553/1511
f 3793/1566/3791 2632/1565/2631 2633/1480/2632
f 2632/1565/2631 62/1478/62 2633/1480/2632
f 3791/1561/3789 3793/1566/3791 1511/1553/1511
f 3791/1561/3789 3792/1563/3790 3793/1566/3791
f 3792/1563/3790 1510/1564/1510 3793/1566/3791
f 2528/1562/2527 3755/1555/3753 394/1442/394
f 2528/1562/2527 3791/1561/3789 3755/1555/3753
f 3791/1561/3789 1511/1553/1511 3755/1555/3753
f 3790/1559/3788 2634/1551/2633 1512/1550/1512
f 3790/1559/3788 2708/1558/2706 2634/1551/2633
f 2708/1558/2706 61/1482/61 2634/1551/2633
f 3788/1554/3786 3790/1559/3788 1512/1550/1512
f 3788/1554/3786 3789/1556/3787 3790/1559/3788
f 3789/1556/3787 464/1557/464 3790/1559/3788
f 3755/1555/3753 3756/1481/3754 394/1442/394
f 3755/1555/3753 3788/1554/3786 3756/1481/3754
f 3788/1554/3786 1512/1550/1512 3756/1481/3754
f 3787/1552/3785 2635/1484/2634 1513/1539/1513
f 3787/1552/3785 2634/1551/2633 2635/1484/2634
f 2634/1551/2633 61/1482/61 2635/1484/2634
f 3785/1547/3783 3787/1552/3785 1513/1539/1513
f 3785/1547/3783 3786/1549/3784 3787/1552/3785
f 3786/1549/3784 1512/1550/1512 3787/1552/3785
f 2529/1548/2528 3757/1541/3755 395/1446/395
f 2529/1548/2528 3785/1547/3783 3757/1541/3755
f 3785/1547/3783 1513/1539/1513 3757/1541/3755
f 3784/1545/3782 2636/1537/2635 1514/1536/1514
f 3784/1545/3782 2707/1544/2705 2636/1537/2635
f 2707/1544/2705 60/1486/60 2636/1537/2635
f 3782/1540/3780 3784/1545/3782 1514/1536/1514
f 3782/1540/3780 3783/1542/3781 3784/1545/3782
f 3783/1542/3781 463/1543/463 3784/1545/3782
f 3757/1541/3755 3758/1485/3756 395/1446/395
f 3757/1541/3755 3782/1540/3780 3758/1485/3756
f 3782/1540/3780 1514/1536/1514 3758/1485/3756
f 3781/1538/3779 2637/1488/2636 1515/1525/1515
f 3781/1538/3779 2636/1537/2635 2637/1488/2636
f 2636/1537/2635 60/1486/60 2637/1488/2636
f 3779/1533/3777 3781/1538/3779 1515/1525/1515
f 3779/1533/3777 3780/1535/3778 3781/1538/3779
f 3780/1535/3778 1514/1536/1514 3781/1538/3779
f 2530/1534/2529 3759/1527/3757 396/1450/396
f 2530/1534/2529 3779/1533/3777 3759/1527/3757
f 3779/1533/3777 1515/1525/1515 3759/1527/3757
f 3778/1531/3776 2638/1523/2637 1516/1522/1516
f 3778/1531/3776 2706/1530/2704 2638/1523/2637
f 2706/1530/2704 59/1490/59 2638/1523/2637
f 3776/1526/3774 3778/1531/3776 1516/1522/1516
f 3776/1526/3774 3777/1528/3775 3778/1531/3776
f 3777/1528/3775 462/1529/462 3778/1531/3776
f 3759/1527/3757 3760/1489/3758 396/1450/396
f 3759/1527/3757 3776/1526/3774 3760/1489/3758
f 3776/1526/3774 1516/1522/1516 3760/1489/3758
f 3775/1524/3773 2639/1492/2638 1517/1511/1517
f 3775/1524/3773 2638/1523/2637 2639/1492/2638
f 2638/1523/2637 59/1490/59 2639/1492/2638
f 3773/1519/3771 3775/1524/3773 1517/1511/1517
f 3773/1519/3771 3774/1521/3772 3775/1524/3773
f 3774/1521/3772 1516/1522/1516 3775/1524/3773
f 2531/1520/2530 3761/1513/3759 397/1454/397
f 2531/1520/2530 3773/1519/3771 3761/1513/3759
f 3773/1519/3771 1517/1511/1517 3761/1513/3759
f 3772/1517/3770 2640/1509/2639 1518/1508/1518
f 3772/1517/3770 2705/1516/2703 2640/1509/2639
f 2705/1516/2703 58/1494/58 2640/1509/2639
f 3770/1512/3768 3772/1517/3770 1518/1508/1518
f 3770/1512/3768 3771/1514/3769 3772/1517/3770
f 3771/1514/3769 461/1515/461 3772/1517/3770
f 3761/1513/3759 3762/1493/3760 397/1454/397
f 3761/1513/3759 3770/1512/3768 3762/1493/3760
f 3770/1512/3768 1518/1508/1518 3762/1493/3760
f 3769/1510/3767 2641/1496/2640 1519/1497/1519
f 3769/1510/3767 2640/1509/2639 2641/1496/2640
f 2640/1509/2639 58/1494/58 2641/1496/2640
f 3767/1505/3765 3769/1510/3767 1519/1497/1519
f 3767/1505/3765 3768/1507/3766 3769/1510/3767
f 3768/1507/3766 1518/1508/1518 3769/1510/3767
f 2522/1506/2521 3763/1499/3761 98/1044/98
f 2522/1506/2521 3767/1505/3765 3763/1499/3761
f 3767/1505/3765 1519/1497/1519 3763/1499/3761
f 3766/1503/3764 2744/6/2742 500/5885/500
f 3766/1503/3764 2704/1502/2702 2744/6/2742
f 2704/1502/2702 1/4/1 2744/6/2742
f 3764/1498/3762 3766/1503/3764 500/5885/500
f 3764/1498/3762 3765/1500/3763 3766/1503/3764
f 3765/1500/3763 460/1501/460 3766/1503/3764
f 3763/1499/3761 1622/5887/1621 98/1044/98
f 3763/1499/3761 3764/1498/3762 1622/5887/1621
f 3764/1498/3762 500/5885/500 1622/5887/1621
f 2641/1496/2640 3765/1500/3763 1519/1497/1519
f 2641/1496/2640 1582/1495/1581 3765/1500/3763
f 1582/1495/1581 460/1501/460 3765/1500/3763
f 3644/1455/3642 3768/1507/3766 1400/1504/1400
f 3644/1455/3642 3762/1493/3760 3768/1507/3766
f 3762/1493/3760 1518/1508/1518 3768/1507/3766
f 2639/1492/2638 3771/1514/3769 1517/1511/1517
f 2639/1492/2638 1583/1491/1582 3771/1514/3769
f 1583/1491/1582 461/1515/461 3771/1514/3769
f 3653/1451/3651 3774/1521/3772 1409/1518/1409
f 3653/1451/3651 3760/1489/3758 3774/1521/3772
f 3760/1489/3758 1516/1522/1516 3774/1521/3772
f 2637/1488/2636 3777/1528/3775 1515/1525/1515
f 2637/1488/2636 1584/1487/1583 3777/1528/3775
f 1584/1487/1583 462/1529/462 3777/1528/3775
f 3652/1447/3650 3780/1535/3778 1408/1532/1408
f 3652/1447/3650 3758/1485/3756 3780/1535/3778
f 3758/1485/3756 1514/1536/1514 3780/1535/3778
f 2635/1484/2634 3783/1542/3781 1513/1539/1513
f 2635/1484/2634 1585/1483/1584 3783/1542/3781
f 1585/1483/1584 463/1543/463 3783/1542/3781
f 3651/1443/3649 3786/1549/3784 1407/1546/1407
f 3651/1443/3649 3756/1481/3754 3786/1549/3784
f 3756/1481/3754 1512/1550/1512 3786/1549/3784
f 2633/1480/2632 3789/1556/3787 1511/1553/1511
f 2633/1480/2632 1586/1479/1585 3789/1556/3787
f 1586/1479/1585 464/1557/464 3789/1556/3787
f 3650/1439/3648 3792/1563/3790 1406/1560/1406
f 3650/1439/3648 3754/1477/3752 3792/1563/3790
f 3754/1477/3752 1510/1564/1510 3792/1563/3790
f 2631/1476/2630 3795/1570/3793 1509/1567/1509
f 2631/1476/2630 1587/1475/1586 3795/1570/3793
f 1587/1475/1586 465/1571/465 3795/1570/3793
f 3649/1435/3647 3798/1577/3796 1405/1574/1405
f 3649/1435/3647 3752/1473/3750 3798/1577/3796
f 3752/1473/3750 1508/1578/1508 3798/1577/3796
f 2629/1472/2628 3801/1584/3799 1507/1581/1507
f 2629/1472/2628 1588/1471/1587 3801/1584/3799
f 1588/1471/1587 466/1585/466 3801/1584/3799
f 3648/1431/3646 3804/1591/3802 1404/1588/1404
f 3648/1431/3646 3750/1469/3748 3804/1591/3802
f 3750/1469/3748 1506/1592/1506 3804/1591/3802
f 2627/1468/2626 3807/1598/3805 1505/1595/1505
f 2627/1468/2626 1589/1467/1588 3807/1598/3805
f 1589/1467/1588 467/1599/467 3807/1598/3805
f 3647/1427/3645 3810/1605/3808 1403/1602/1403
f 3647/1427/3645 3748/1465/3746 3810/1605/3808
f 3748/1465/3746 1504/1606/1504 3810/1605/3808
f 2625/1464/2624 3813/1612/3811 1503/1609/1503
f 2625/1464/2624 1590/1463/1589 3813/1612/3811
f 1590/1463/1589 468/1613/468 3813/1612/3811
f 3646/1423/3644 3816/1619/3814 1402/1616/1402
f 3646/1423/3644 3746/1461/3744 3816/1619/3814
f 3746/1461/3744 1502/1620/1502 3816/1619/3814
f 2623/1460/2622 3819/1626/3817 1501/1623/1501
f 2623/1460/2622 1591/1459/1590 3819/1626/3817
f 1591/1459/1590 469/1627/469 3819/1626/3817
f 3645/1276/3643 3822/1633/3820 1401/1630/1401
f 3645/1276/3643 3744/1457/3742 3822/1633/3820
f 3744/1457/3742 1500/1634/1500 3822/1633/3820
f 2621/1456/2620 3825/1640/3823 1499/1637/1499
f 2621/1456/2620 3644/1455/3642 3825/1640/3823
f 3644/1455/3642 1400/1504/1400 3825/1640/3823
f 3635/1419/3633 3828/1645/3826 1391/1642/1391
f 3635/1419/3633 3742/1453/3740 3828/1645/3826
f 3742/1453/3740 1498/1646/1498 3828/1645/3826
f 2619/1452/2618 3831/1652/3829 1497/1649/1497
f 2619/1452/2618 3653/1451/3651 3831/1652/3829
f 3653/1451/3651 1409/1518/1409 3831/1652/3829
f 3643/1415/3641 3834/1657/3832 1399/1654/1399
f 3643/1415/3641 3740/1449/3738 3834/1657/3832
f 3740/1449/3738 1496/1658/1496 3834/1657/3832
f 2617/1448/2616 3837/1664/3835 1495/1661/1495
f 2617/1448/2616 3652/1447/3650 3837/1664/3835
f 3652/1447/3650 1408/1532/1408 3837/1664/3835
f 3642/1411/3640 3840/1669/3838 1398/1666/1398
f 3642/1411/3640 3738/1445/3736 3840/1669/3838
f 3738/1445/3736 1494/1670/1494 3840/1669/3838
f 2615/1444/2614 3843/1676/3841 1493/1673/1493
f 2615/1444/2614 3651/1443/3649 3843/1676/3841
f 3651/1443/3649 1407/1546/1407 3843/1676/3841
f 3641/1407/3639 3846/1681/3844 1397/1678/1397
f 3641/1407/3639 3736/1441/3734 3846/1681/3844
f 3736/1441/3734 1492/1682/1492 3846/1681/3844
f 2613/1440/2612 3849/1688/3847 1491/1685/1491
f 2613/1440/2612 3650/1439/3648 3849/1688/3847
f 3650/1439/3648 1406/1560/1406 3849/1688/3847
f 3640/1403/3638 3852/1693/3850 1396/1690/1396
f 3640/1403/3638 3734/1437/3732 3852/1693/3850
f 3734/1437/3732 1490/1694/1490 3852/1693/3850
f 2611/1436/2610 3855/1700/3853 1489/1697/1489
f 2611/1436/2610 3649/1435/3647 3855/1700/3853
f 3649/1435/3647 1405/1574/1405 3855/1700/3853
f 3639/1399/3637 3858/1705/3856 1395/1702/1395
f 3639/1399/3637 3732/1433/3730 3858/1705/3856
f 3732/1433/3730 1488/1706/1488 3858/1705/3856
f 2609/1432/2608 3861/1712/3859 1487/1709/1487
f 2609/1432/2608 3648/1431/3646 3861/1712/3859
f 3648/1431/3646 1404/1588/1404 3861/1712/3859
f 3638/1395/3636 3864/1717/3862 1394/1714/1394
f 3638/1395/3636 3730/1429/3728 3864/1717/3862
f 3730/1429/3728 1486/1718/1486 3864/1717/3862
f 2607/1428/2606 3867/1724/3865 1485/1721/1485
f 2607/1428/2606 3647/1427/3645 3867/1724/3865
f 3647/1427/3645 1403/1602/1403 3867/1724/3865
f 3637/1391/3635 3870/1729/3868 1393/1726/1393
f 3637/1391/3635 3728/1425/3726 3870/1729/3868
f 3728/1425/3726 1484/1730/1484 3870/1729/3868
f 2605/1424/2604 3873/1736/3871 1483/1733/1483
f 2605/1424/2604 3646/1423/3644 3873/1736/3871
f 3646/1423/3644 1402/1616/1402 3873/1736/3871
f 3636/1275/3634 3876/1741/3874 1392/1738/1392
f 3636/1275/3634 3726/1421/3724 3876/1741/3874
f 3726/1421/3724 1482/1742/1482 3876/1741/3874
f 2603/1420/2602 3879/1748/3877 1481/1745/1481
f 2603/1420/2602 3635/1419/3633 3879/1748/3877
f 3635/1419/3633 1391/1642/1391 3879/1748/3877
f 3627/1387/3625 3882/1753/3880 1383/1750/1383
f 3627/1387/3625 3724/1417/3722 3882/1753/3880
f 3724/1417/3722 1480/1754/1480 3882/1753/3880
f 2601/1416/2600 3885/1760/3883 1479/1757/1479
f 2601/1416/2600 3643/1415/3641 3885/1760/3883
f 3643/1415/3641 1399/1654/1399 3885/1760/3883
f 3634/1383/3632 3888/1765/3886 1390/1762/1390
f 3634/1383/3632 3722/1413/3720 3888/1765/3886
f 3722/1413/3720 1478/1766/1478 3888/1765/3886
f 2599/1412/2598 3891/1772/3889 1477/1769/1477
f 2599/1412/2598 3642/1411/3640 3891/1772/3889
f 3642/1411/3640 1398/1666/1398 3891/1772/3889
f 3633/1379/3631 3894/1777/3892 1389/1774/1389
f 3633/1379/3631 3720/1409/3718 3894/1777/3892
f 3720/1409/3718 1476/1778/1476 3894/1777/3892
f 2597/1408/2596 3897/1784/3895 1475/1781/1475
f 2597/1408/2596 3641/1407/3639 3897/1784/3895
f 3641/1407/3639 1397/1678/1397 3897/1784/3895
f 3632/1375/3630 3900/1789/3898 1388/1786/1388
f 3632/1375/3630 3718/1405/3716 3900/1789/3898
f 3718/1405/3716 1474/1790/1474 3900/1789/3898
f 2595/1404/2594 3903/1796/3901 1473/1793/1473
f 2595/1404/2594 3640/1403/3638 3903/1796/3901
f 3640/1403/3638 1396/1690/1396 3903/1796/3901
f 3631/1371/3629 3906/1801/3904 1387/1798/1387
f 3631/1371/3629 3716/1401/3714 3906/1801/3904
f 3716/1401/3714 1472/1802/1472 3906/1801/3904
f 2593/1400/2592 3909/1808/3907 1471/1805/1471
f 2593/1400/2592 3639/1399/3637 3909/1808/3907
f 3639/1399/3637 1395/1702/1395 3909/1808/3907
f 3630/1367/3628 3912/1813/3910 1386/1810/1386
f 3630/1367/3628 3714/1397/3712 3912/1813/3910
f 3714/1397/3712 1470/1814/1470 3912/1813/3910
f 2591/1396/2590 3915/1820/3913 1469/1817/1469
f 2591/1396/2590 3638/1395/3636 3915/1820/3913
f 3638/1395/3636 1394/1714/1394 3915/1820/3913
f 3629/1363/3627 3918/1825/3916 1385/1822/1385
f 3629/1363/3627 3712/1393/3710 3918/1825/3916
f 3712/1393/3710 1468/1826/1468 3918/1825/3916
f 2589/1392/2588 3921/1832/3919 1467/1829/1467
f 2589/1392/2588 3637/1391/3635 3921/1832/3919
f 3637/1391/3635 1393/1726/1393 3921/1832/3919
f 3628/1274/3626 3924/1837/3922 1384/1834/1384
f 3628/1274/3626 3710/1389/3708 3924/1837/3922
f 3710/1389/3708 1466/1838/1466 3924/1837/3922
f 2587/1388/2586 3927/1844/3925 1465/1841/1465
f 2587/1388/2586 3627/1387/3625 3927/1844/3925
f 3627/1387/3625 1383/1750/1383 3927/1844/3925
f 3620/1359/3618 3930/1849/3928 1376/1846/1376
f 3620/1359/3618 3708/1385/3706 3930/1849/3928
f 3708/1385/3706 1464/1850/1464 3930/1849/3928
f 2585/1384/2584 3933/1856/3931 1463/1853/1463
f 2585/1384/2584 3634/1383/3632 3933/1856/3931
f 3634/1383/3632 1390/1762/1390 3933/1856/3931
f 3626/1355/3624 3936/1861/3934 1382/1858/1382
f 3626/1355/3624 3706/1381/3704 3936/1861/3934
f 3706/1381/3704 1462/1862/1462 3936/1861/3934
f 2583/1380/2582 3939/1868/3937 1461/1865/1461
f 2583/1380/2582 3633/1379/3631 3939/1868/3937
f 3633/1379/3631 1389/1774/1389 3939/1868/3937
f 3625/1351/3623 3942/1873/3940 1381/1870/1381
f 3625/1351/3623 3704/1377/3702 3942/1873/3940
f 3704/1377/3702 1460/1874/1460 3942/1873/3940
f 2581/1376/2580 3945/1880/3943 1459/1877/1459
f 2581/1376/2580 3632/1375/3630 3945/1880/3943
f 3632/1375/3630 1388/1786/1388 3945/1880/3943
f 3624/1347/3622 3948/1885/3946 1380/1882/1380
f 3624/1347/3622 3702/1373/3700 3948/1885/3946
f 3702/1373/3700 1458/1886/1458 3948/1885/3946
f 2579/1372/2578 3951/1892/3949 1457/1889/1457
f 2579/1372/2578 3631/1371/3629 3951/1892/3949
f 3631/1371/3629 1387/1798/1387 3951/1892/3949
f 3623/1343/3621 3954/1897/3952 1379/1894/1379
f 3623/1343/3621 3700/1369/3698 3954/1897/3952
f 3700/1369/3698 1456/1898/1456 3954/1897/3952
f 2577/1368/2576 3957/1904/3955 1455/1901/1455
f 2577/1368/2576 3630/1367/3628 3957/1904/3955
f 3630/1367/3628 1386/1810/1386 3957/1904/3955
f 3622/1339/3620 3960/1909/3958 1378/1906/1378
f 3622/1339/3620 3698/1365/3696 3960/1909/3958
f 3698/1365/3696 1454/1910/1454 3960/1909/3958
f 2575/1364/2574 3963/1916/3961 1453/1913/1453
f 2575/1364/2574 3629/1363/3627 3963/1916/3961
f 3629/1363/3627 1385/1822/1385 3963/1916/3961
f 3621/1273/3619 3966/1921/3964 1377/1918/1377
f 3621/1273/3619 3696/1361/3694 3966/1921/3964
f 3696/1361/3694 1452/1922/1452 3966/1921/3964
f 2573/1360/2572 3969/1928/3967 1451/1925/1451
f 2573/1360/2572 3620/1359/3618 3969/1928/3967
f 3620/1359/3618 1376/1846/1376 3969/1928/3967
f 3614/1335/3612 3972/1933/3970 1370/1930/1370
f 3614/1335/3612 3694/1357/3692 3972/1933/3970
f 3694/1357/3692 1450/1934/1450 3972/1933/3970
f 2571/1356/2570 3975/1940/3973 1449/1937/1449
f 2571/1356/2570 3626/1355/3624 3975/1940/3973
f 3626/1355/3624 1382/1858/1382 3975/1940/3973
f 3619/1331/3617 3978/1945/3976 1375/1942/1375
f 3619/1331/3617 3692/1353/3690 3978/1945/3976
f 3692/1353/3690 1448/1946/1448 3978/1945/3976
f 2569/1352/2568 3981/1952/3979 1447/1949/1447
f 2569/1352/2568 3625/1351/3623 3981/1952/3979
f 3625/1351/3623 1381/1870/1381 3981/1952/3979
f 3618/1327/3616 3984/1957/3982 1374/1954/1374
f 3618/1327/3616 3690/1349/3688 3984/1957/3982
f 3690/1349/3688 1446/1958/1446 3984/1957/3982
f 2567/1348/2566 3987/1964/3985 1445/1961/1445
f 2567/1348/2566 3624/1347/3622 3987/1964/3985
f 3624/1347/3622 1380/1882/1380 3987/1964/3985
f 3617/1323/3615 3990/1969/3988 1373/1966/1373
f 3617/1323/3615 3688/1345/3686 3990/1969/3988
f 3688/1345/3686 1444/1970/1444 3990/1969/3988
f 2565/1344/2564 3993/1976/3991 1443/1973/1443
f 2565/1344/2564 3623/1343/3621 3993/1976/3991
f 3623/1343/3621 1379/1894/1379 3993/1976/3991
f 3616/1319/3614 3996/1981/3994 1372/1978/1372
f 3616/1319/3614 3686/1341/3684 3996/1981/3994
f 3686/1341/3684 1442/1982/1442 3996/1981/3994
f 2563/1340/2562 3999/1988/3997 1441/1985/1441
f 2563/1340/2562 3622/1339/3620 3999/1988/3997
f 3622/1339/3620 1378/1906/1378 3999/1988/3997
f 3615/1272/3613 4002/1993/4000 1371/1990/1371
f 3615/1272/3613 3684/1337/3682 4002/1993/4000
f 3684/1337/3682 1440/1994/1440 4002/1993/4000
f 2561/1336/2560 4005/2000/4003 1439/1997/1439
f 2561/1336/2560 3614/1335/3612 4005/2000/4003
f 3614/1335/3612 1370/1930/1370 4005/2000/4003
f 3609/1315/3607 4008/2005/4006 1365/2002/1365
f 3609/1315/3607 3682/1333/3680 4008/2005/4006
f 3682/1333/3680 1438/2006/1438 4008/2005/4006
f 2559/1332/2558 4011/2012/4009 1437/2009/1437
f 2559/1332/2558 3619/1331/3617 4011/2012/4009
f 3619/1331/3617 1375/1942/1375 4011/2012/4009
f 3613/1311/3611 4014/2017/4012 1369/2014/1369
f 3613/1311/3611 3680/1329/3678 4014/2017/4012
f 3680/1329/3678 1436/2018/1436 4014/2017/4012
f 2557/1328/2556 4017/2024/4015 1435/2021/1435
f 2557/1328/2556 3618/1327/3616 4017/2024/4015
f 3618/1327/3616 1374/1954/1374 4017/2024/4015
f 3612/1307/3610 4020/2029/4018 1368/2026/1368
f 3612/1307/3610 3678/1325/3676 4020/2029/4018
f 3678/1325/3676 1434/2030/1434 4020/2029/4018
f 2555/1324/2554 4023/2036/4021 1433/2033/1433
f 2555/1324/2554 3617/1323/3615 4023/2036/4021
f 3617/1323/3615 1373/1966/1373 4023/2036/4021
f 3611/1303/3609 4026/2041/4024 1367/2038/1367
f 3611/1303/3609 3676/1321/3674 4026/2041/4024
f 3676/1321/3674 1432/2042/1432 4026/2041/4024
f 2553/1320/2552 4029/2048/4027 1431/2045/1431
f 2553/1320/2552 3616/1319/3614 4029/2048/4027
f 3616/1319/3614 1372/1978/1372 4029/2048/4027
f 3610/1271/3608 4032/2053/4030 1366/2050/1366
f 3610/1271/3608 3674/1317/3672 4032/2053/4030
f 3674/1317/3672 1430/2054/1430 4032/2053/4030
f 2551/1316/2550 4035/2060/4033 1429/2057/1429
f 2551/1316/2550 3609/1315/3607 4035/2060/4033
f 3609/1315/3607 1365/2002/1365 4035/2060/4033
f 3605/1299/3603 4038/2065/4036 1361/2062/1361
f 3605/1299/3603 3672/1313/3670 4038/2065/4036
f 3672/1313/3670 1428/2066/1428 4038/2065/4036
f 2549/1312/2548 4041/2072/4039 1427/2069/1427
f 2549/1312/2548 3613/1311/3611 4041/2072/4039
f 3613/1311/3611 1369/2014/1369 4041/2072/4039
f 3608/1295/3606 4044/2077/4042 1364/2074/1364
f 3608/1295/3606 3670/1309/3668 4044/2077/4042
f 3670/1309/3668 1426/2078/1426 4044/2077/4042
f 2547/1308/2546 4047/2084/4045 1425/2081/1425
f 2547/1308/2546 3612/1307/3610 4047/2084/4045
f 3612/1307/3610 1368/2026/1368 4047/2084/4045
f 3607/1291/3605 4050/2089/4048 1363/2086/1363
f 3607/1291/3605 3668/1305/3666 4050/2089/4048
f 3668/1305/3666 1424/2090/1424 4050/2089/4048
f 2545/1304/2544 4053/2096/4051 1423/2093/1423
f 2545/1304/2544 3611/1303/3609 4053/2096/4051
f 3611/1303/3609 1367/2038/1367 4053/2096/4051
f 3606/1270/3604 4056/2101/4054 1362/2098/1362
f 3606/1270/3604 3666/1301/3664 4056/2101/4054
f 3666/1301/3664 1422/2102/1422 4056/2101/4054
f 2543/1300/2542 4059/2108/4057 1421/2105/1421
f 2543/1300/2542 3605/1299/3603 4059/2108/4057
f 3605/1299/3603 1361/2062/1361 4059/2108/4057
f 3602/1287/3600 4062/2113/4060 1358/2110/1358
f 3602/1287/3600 3664/1297/3662 4062/2113/4060
f 3664/1297/3662 1420/2114/1420 4062/2113/4060
f 2541/1296/2540 4065/2120/4063 1419/2117/1419
f 2541/1296/2540 3608/1295/3606 4065/2120/4063
f 3608/1295/3606 1364/2074/1364 4065/2120/4063
f 3604/1283/3602 4068/2125/4066 1360/2122/1360
f 3604/1283/3602 3662/1293/3660 4068/2125/4066
f 3662/1293/3660 1418/2126/1418 4068/2125/4066
f 2539/1292/2538 4071/2132/4069 1417/2129/1417
f 2539/1292/2538 3607/1291/3605 4071/2132/4069
f 3607/1291/3605 1363/2086/1363 4071/2132/4069
f 3603/1269/3601 4074/2137/4072 1359/2134/1359
f 3603/1269/3601 3660/1289/3658 4074/2137/4072
f 3660/1289/3658 1416/2138/1416 4074/2137/4072
f 2537/1288/2536 4077/2144/4075 1415/2141/1415
f 2537/1288/2536 3602/1287/3600 4077/2144/4075
f 3602/1287/3600 1358/2110/1358 4077/2144/4075
f 3600/1279/3598 4080/2149/4078 1356/2146/1356
f 3600/1279/3598 3658/1285/3656 4080/2149/4078
f 3658/1285/3656 1414/2150/1414 4080/2149/4078
f 2535/1284/2534 4083/2156/4080 1413/2153/1413
f 2535/1284/2534 3604/1283/3602 4083/2156/4080
f 3604/1283/3602 1360/2122/1360 4083/2156/4080
f 3601/1268/3599 4086/2161/4083 1357/2158/1357
f 3601/1268/3599 3656/1281/3654 4086/2161/4083
f 3656/1281/3654 1412/2162/1412 4086/2161/4083
f 2533/1280/2532 4089/2168/4086 1411/2165/1411
f 2533/1280/2532 3600/1279/3598 4089/2168/4086
f 3600/1279/3598 1356/2146/1356 4089/2168/4086
f 3599/1267/3597 4092/2173/4089 1355/2170/1355
f 3599/1267/3597 3654/1277/3652 4092/2173/4089
f 3654/1277/3652 1410/2174/1410 4092/2173/4089
f 1601/229/1600 4095/2180/4092 479/2177/479
f 1601/229/1600 3645/1276/3643 4095/2180/4092
f 3645/1276/3643 1401/1630/1401 4095/2180/4092
f 1600/233/1599 4098/2185/4095 478/2182/478
f 1600/233/1599 3636/1275/3634 4098/2185/4095
f 3636/1275/3634 1392/1738/1392 4098/2185/4095
f 1599/237/1598 4101/2190/4098 477/2187/477
f 1599/237/1598 3628/1274/3626 4101/2190/4098
f 3628/1274/3626 1384/1834/1384 4101/2190/4098
f 1598/241/1597 4104/2195/4101 476/2192/476
f 1598/241/1597 3621/1273/3619 4104/2195/4101
f 3621/1273/3619 1377/1918/1377 4104/2195/4101
f 1597/245/1596 4107/2200/4104 475/2197/475
f 1597/245/1596 3615/1272/3613 4107/2200/4104
f 3615/1272/3613 1371/1990/1371 4107/2200/4104
f 1596/249/1595 4110/2205/4107 474/2202/474
f 1596/249/1595 3610/1271/3608 4110/2205/4107
f 3610/1271/3608 1366/2050/1366 4110/2205/4107
f 1595/253/1594 4113/2210/4110 473/2207/473
f 1595/253/1594 3606/1270/3604 4113/2210/4110
f 3606/1270/3604 1362/2098/1362 4113/2210/4110
f 1594/257/1593 4116/2215/4113 472/2212/472
f 1594/257/1593 3603/1269/3601 4116/2215/4113
f 3603/1269/3601 1359/2134/1359 4116/2215/4113
f 1593/261/1592 4119/2220/4116 471/2217/471
f 1593/261/1592 3601/1268/3599 4119/2220/4116
f 3601/1268/3599 1357/2158/1357 4119/2220/4116
f 1592/265/1591 4122/2225/4119 470/2222/470
f 1592/265/1591 3599/1267/3597 4122/2225/4119
f 3599/1267/3597 1355/2170/1355 4122/2225/4119
f 2476/1266/2475 4125/2230/4122 1354/2227/1354
f 2476/1266/2475 1532/1265/1532 4125/2230/4122
f 1532/1265/1532 410/2231/410 4125/2230/4122
f 3479/1225/3477 4128/2237/4125 1235/2234/1235
f 3479/1225/3477 3597/1263/3595 4128/2237/4125
f 3597/1263/3595 1353/2238/1353 4128/2237/4125
f 2474/1262/2473 4131/2244/4128 1352/2241/1352
f 2474/1262/2473 1533/1261/1533 4131/2244/4128
f 1533/1261/1533 411/2245/411 4131/2244/4128
f 3488/1221/3486 4134/2251/4131 1244/2248/1244
f 3488/1221/3486 3595/1259/3593 4134/2251/4131
f 3595/1259/3593 1351/2252/1351 4134/2251/4131
f 2472/1258/2471 4137/2258/4134 1350/2255/1350
f 2472/1258/2471 1534/1257/1534 4137/2258/4134
f 1534/1257/1534 412/2259/412 4137/2258/4134
f 3487/1217/3485 4140/2265/4137 1243/2262/1243
f 3487/1217/3485 3593/1255/3591 4140/2265/4137
f 3593/1255/3591 1349/2266/1349 4140/2265/4137
f 2470/1254/2469 4143/2272/4140 1348/2269/1348
f 2470/1254/2469 1535/1253/1535 4143/2272/4140
f 1535/1253/1535 413/2273/413 4143/2272/4140
f 3486/1213/3484 4146/2279/4143 1242/2276/1242
f 3486/1213/3484 3591/1251/3589 4146/2279/4143
f 3591/1251/3589 1347/2280/1347 4146/2279/4143
f 2468/1250/2467 4149/2286/4146 1346/2283/1346
f 2468/1250/2467 1536/1249/1536 4149/2286/4146
f 1536/1249/1536 414/2287/414 4149/2286/4146
f 3485/1209/3483 4152/2293/4149 1241/2290/1241
f 3485/1209/3483 3589/1247/3587 4152/2293/4149
f 3589/1247/3587 1345/2294/1345 4152/2293/4149
f 2466/1246/2465 4155/2300/4152 1344/2297/1344
f 2466/1246/2465 1537/1245/1537 4155/2300/4152
f 1537/1245/1537 415/2301/415 4155/2300/4152
f 3484/1205/3482 4158/2307/4155 1240/2304/1240
f 3484/1205/3482 3587/1243/3585 4158/2307/4155
f 3587/1243/3585 1343/2308/1343 4158/2307/4155
f 2464/1242/2463 4161/2314/4158 1342/2311/1342
f 2464/1242/2463 1538/1241/1538 4161/2314/4158
f 1538/1241/1538 416/2315/416 4161/2314/4158
f 3483/1201/3481 4164/2321/4161 1239/2318/1239
f 3483/1201/3481 3585/1239/3583 4164/2321/4161
f 3585/1239/3583 1341/2322/1341 4164/2321/4161
f 2462/1238/2461 4167/2328/4164 1340/2325/1340
f 2462/1238/2461 1539/1237/1539 4167/2328/4164
f 1539/1237/1539 417/2329/417 4167/2328/4164
f 3482/1197/3480 4170/2335/4167 1238/2332/1238
f 3482/1197/3480 3583/1235/3581 4170/2335/4167
f 3583/1235/3581 1339/2336/1339 4170/2335/4167
f 2460/1234/2459 4173/2342/4170 1338/2339/1338
f 2460/1234/2459 1540/1233/1540 4173/2342/4170
f 1540/1233/1540 418/2343/418 4173/2342/4170
f 3481/1193/3479 4176/2349/4173 1237/2346/1237
f 3481/1193/3479 3581/1231/3579 4176/2349/4173
f 3581/1231/3579 1337/2350/1337 4176/2349/4173
f 2458/1230/2457 4179/2356/4176 1336/2353/1336
f 2458/1230/2457 1541/1229/1541 4179/2356/4176
f 1541/1229/1541 419/2357/419 4179/2356/4176
f 3480/1045/3478 4182/2363/4179 1236/2360/1236
f 3480/1045/3478 3579/1227/3577 4182/2363/4179
f 3579/1227/3577 1335/2364/1335 4182/2363/4179
f 2456/1226/2455 4185/2370/4182 1334/2367/1334
f 2456/1226/2455 3479/1225/3477 4185/2370/4182
f 3479/1225/3477 1235/2234/1235 4185/2370/4182
f 3470/1189/3468 4188/2375/4185 1226/2372/1226
f 3470/1189/3468 3577/1223/3575 4188/2375/4185
f 3577/1223/3575 1333/2376/1333 4188/2375/4185
f 2454/1222/2453 4191/2382/4188 1332/2379/1332
f 2454/1222/2453 3488/1221/3486 4191/2382/4188
f 3488/1221/3486 1244/2248/1244 4191/2382/4188
f 3478/1185/3476 4194/2387/4191 1234/2384/1234
f 3478/1185/3476 3575/1219/3573 4194/2387/4191
f 3575/1219/3573 1331/2388/1331 4194/2387/4191
f 2452/1218/2451 4197/2394/4194 1330/2391/1330
f 2452/1218/2451 3487/1217/3485 4197/2394/4194
f 3487/1217/3485 1243/2262/1243 4197/2394/4194
f 3477/1181/3475 4200/2399/4197 1233/2396/1233
f 3477/1181/3475 3573/1215/3571 4200/2399/4197
f 3573/1215/3571 1329/2400/1329 4200/2399/4197
f 2450/1214/2449 4203/2406/4200 1328/2403/1328
f 2450/1214/2449 3486/1213/3484 4203/2406/4200
f 3486/1213/3484 1242/2276/1242 4203/2406/4200
f 3476/1177/3474 4206/2411/4203 1232/2408/1232
f 3476/1177/3474 3571/1211/3569 4206/2411/4203
f 3571/1211/3569 1327/2412/1327 4206/2411/4203
f 2448/1210/2447 4209/2418/4206 1326/2415/1326
f 2448/1210/2447 3485/1209/3483 4209/2418/4206
f 3485/1209/3483 1241/2290/1241 4209/2418/4206
f 3475/1173/3473 4212/2423/4209 1231/2420/1231
f 3475/1173/3473 3569/1207/3567 4212/2423/4209
f 3569/1207/3567 1325/2424/1325 4212/2423/4209
f 2446/1206/2445 4215/2430/4212 1324/2427/1324
f 2446/1206/2445 3484/1205/3482 4215/2430/4212
f 3484/1205/3482 1240/2304/1240 4215/2430/4212
f 3474/1169/3472 4218/2435/4215 1230/2432/1230
f 3474/1169/3472 3567/1203/3565 4218/2435/4215
f 3567/1203/3565 1323/2436/1323 4218/2435/4215
f 2444/1202/2443 4221/2442/4218 1322/2439/1322
f 2444/1202/2443 3483/1201/3481 4221/2442/4218
f 3483/1201/3481 1239/2318/1239 4221/2442/4218
f 3473/1165/3471 4224/2447/4221 1229/2444/1229
f 3473/1165/3471 3565/1199/3563 4224/2447/4221
f 3565/1199/3563 1321/2448/1321 4224/2447/4221
f 2442/1198/2441 4227/2454/4224 1320/2451/1320
f 2442/1198/2441 3482/1197/3480 4227/2454/4224
f 3482/1197/3480 1238/2332/1238 4227/2454/4224
f 3472/1161/3470 4230/2459/4227 1228/2456/1228
f 3472/1161/3470 3563/1195/3561 4230/2459/4227
f 3563/1195/3561 1319/2460/1319 4230/2459/4227
f 2440/1194/2439 4233/2466/4230 1318/2463/1318
f 2440/1194/2439 3481/1193/3479 4233/2466/4230
f 3481/1193/3479 1237/2346/1237 4233/2466/4230
f 3471/1042/3469 4236/2471/4233 1227/2468/1227
f 3471/1042/3469 3561/1191/3559 4236/2471/4233
f 3561/1191/3559 1317/2472/1317 4236/2471/4233
f 2438/1190/2437 4239/2478/4236 1316/2475/1316
f 2438/1190/2437 3470/1189/3468 4239/2478/4236
f 3470/1189/3468 1226/2372/1226 4239/2478/4236
f 3462/1157/3460 4242/2483/4239 1218/2480/1218
f 3462/1157/3460 3559/1187/3557 4242/2483/4239
f 3559/1187/3557 1315/2484/1315 4242/2483/4239
f 2436/1186/2435 4245/2490/4242 1314/2487/1314
f 2436/1186/2435 3478/1185/3476 4245/2490/4242
f 3478/1185/3476 1234/2384/1234 4245/2490/4242
f 3469/1153/3467 4248/2495/4245 1225/2492/1225
f 3469/1153/3467 3557/1183/3555 4248/2495/4245
f 3557/1183/3555 1313/2496/1313 4248/2495/4245
f 2434/1182/2433 4251/2502/4248 1312/2499/1312
f 2434/1182/2433 3477/1181/3475 4251/2502/4248
f 3477/1181/3475 1233/2396/1233 4251/2502/4248
f 3468/1149/3466 4254/2507/4251 1224/2504/1224
f 3468/1149/3466 3555/1179/3553 4254/2507/4251
f 3555/1179/3553 1311/2508/1311 4254/2507/4251
f 2432/1178/2431 4257/2514/4254 1310/2511/1310
f 2432/1178/2431 3476/1177/3474 4257/2514/4254
f 3476/1177/3474 1232/2408/1232 4257/2514/4254
f 3467/1145/3465 4260/2519/4257 1223/2516/1223
f 3467/1145/3465 3553/1175/3551 4260/2519/4257
f 3553/1175/3551 1309/2520/1309 4260/2519/4257
f 2430/1174/2429 4263/2526/4260 1308/2523/1308
f 2430/1174/2429 3475/1173/3473 4263/2526/4260
f 3475/1173/3473 1231/2420/1231 4263/2526/4260
f 3466/1141/3464 4266/2531/4263 1222/2528/1222
f 3466/1141/3464 3551/1171/3549 4266/2531/4263
f 3551/1171/3549 1307/2532/1307 4266/2531/4263
f 2428/1170/2427 4269/2538/4266 1306/2535/1306
f 2428/1170/2427 3474/1169/3472 4269/2538/4266
f 3474/1169/3472 1230/2432/1230 4269/2538/4266
f 3465/1137/3463 4272/2543/4269 1221/2540/1221
f 3465/1137/3463 3549/1167/3547 4272/2543/4269
f 3549/1167/3547 1305/2544/1305 4272/2543/4269
f 2426/1166/2425 4275/2550/4272 1304/2547/1304
f 2426/1166/2425 3473/1165/3471 4275/2550/4272
f 3473/1165/3471 1229/2444/1229 4275/2550/4272
f 3464/1133/3462 4278/2555/4275 1220/2552/1220
f 3464/1133/3462 3547/1163/3545 4278/2555/4275
f 3547/1163/3545 1303/2556/1303 4278/2555/4275
f 2424/1162/2423 4281/2562/4278 1302/2559/1302
f 2424/1162/2423 3472/1161/3470 4281/2562/4278
f 3472/1161/3470 1228/2456/1228 4281/2562/4278
f 3463/1039/3461 4284/2567/4281 1219/2564/1219
f 3463/1039/3461 3545/1159/3543 4284/2567/4281
f 3545/1159/3543 1301/2568/1301 4284/2567/4281
f 2422/1158/2421 4287/2574/4284 1300/2571/1300
f 2422/1158/2421 3462/1157/3460 4287/2574/4284
f 3462/1157/3460 1218/2480/1218 4287/2574/4284
f 3455/1129/3453 4290/2579/4287 1211/2576/1211
f 3455/1129/3453 3543/1155/3541 4290/2579/4287
f 3543/1155/3541 1299/2580/1299 4290/2579/4287
f 2420/1154/2419 4293/2586/4290 1298/2583/1298
f 2420/1154/2419 3469/1153/3467 4293/2586/4290
f 3469/1153/3467 1225/2492/1225 4293/2586/4290
f 3461/1125/3459 4296/2591/4293 1217/2588/1217
f 3461/1125/3459 3541/1151/3539 4296/2591/4293
f 3541/1151/3539 1297/2592/1297 4296/2591/4293
f 2418/1150/2417 4299/2598/4296 1296/2595/1296
f 2418/1150/2417 3468/1149/3466 4299/2598/4296
f 3468/1149/3466 1224/2504/1224 4299/2598/4296
f 3460/1121/3458 4302/2603/4299 1216/2600/1216
f 3460/1121/3458 3539/1147/3537 4302/2603/4299
f 3539/1147/3537 1295/2604/1295 4302/2603/4299
f 2416/1146/2415 4305/2610/4302 1294/2607/1294
f 2416/1146/2415 3467/1145/3465 4305/2610/4302
f 3467/1145/3465 1223/2516/1223 4305/2610/4302
f 3459/1117/3457 4308/2615/4305 1215/2612/1215
f 3459/1117/3457 3537/1143/3535 4308/2615/4305
f 3537/1143/3535 1293/2616/1293 4308/2615/4305
f 2414/1142/2413 4311/2622/4308 1292/2619/1292
f 2414/1142/2413 3466/1141/3464 4311/2622/4308
f 3466/1141/3464 1222/2528/1222 4311/2622/4308
f 3458/1113/3456 4314/2627/4311 1214/2624/1214
f 3458/1113/3456 3535/1139/3533 4314/2627/4311
f 3535/1139/3533 1291/2628/1291 4314/2627/4311
f 2412/1138/2411 4317/2634/4314 1290/2631/1290
f 2412/1138/2411 3465/1137/3463 4317/2634/4314
f 3465/1137/3463 1221/2540/1221 4317/2634/4314
f 3457/1109/3455 4320/2639/4317 1213/2636/1213
f 3457/1109/3455 3533/1135/3531 4320/2639/4317
f 3533/1135/3531 1289/2640/1289 4320/2639/4317
f 2410/1134/2409 4323/2646/4320 1288/2643/1288
f 2410/1134/2409 3464/1133/3462 4323/2646/4320
f 3464/1133/3462 1220/2552/1220 4323/2646/4320
f 3456/1036/3454 4326/2651/4323 1212/2648/1212
f 3456/1036/3454 3531/1131/3529 4326/2651/4323
f 3531/1131/3529 1287/2652/1287 4326/2651/4323
f 2408/1130/2407 4329/2658/4326 1286/2655/1286
f 2408/1130/2407 3455/1129/3453 4329/2658/4326
f 3455/1129/3453 1211/2576/1211 4329/2658/4326
f 3449/1105/3447 4332/2663/4329 1205/2660/1205
f 3449/1105/3447 3529/1127/3527 4332/2663/4329
f 3529/1127/3527 1285/2664/1285 4332/2663/4329
f 2406/1126/2405 4335/2670/4332 1284/2667/1284
f 2406/1126/2405 3461/1125/3459 4335/2670/4332
f 3461/1125/3459 1217/2588/1217 4335/2670/4332
f 3454/1101/3452 4338/2675/4335 1210/2672/1210
f 3454/1101/3452 3527/1123/3525 4338/2675/4335
f 3527/1123/3525 1283/2676/1283 4338/2675/4335
f 2404/1122/2403 4341/2682/4338 1282/2679/1282
f 2404/1122/2403 3460/1121/3458 4341/2682/4338
f 3460/1121/3458 1216/2600/1216 4341/2682/4338
f 3453/1097/3451 4344/2687/4341 1209/2684/1209
f 3453/1097/3451 3525/1119/3523 4344/2687/4341
f 3525/1119/3523 1281/2688/1281 4344/2687/4341
f 2402/1118/2401 4347/2694/4344 1280/2691/1280
f 2402/1118/2401 3459/1117/3457 4347/2694/4344
f 3459/1117/3457 1215/2612/1215 4347/2694/4344
f 3452/1093/3450 4350/2699/4347 1208/2696/1208
f 3452/1093/3450 3523/1115/3521 4350/2699/4347
f 3523/1115/3521 1279/2700/1279 4350/2699/4347
f 2400/1114/2399 4353/2706/4350 1278/2703/1278
f 2400/1114/2399 3458/1113/3456 4353/2706/4350
f 3458/1113/3456 1214/2624/1214 4353/2706/4350
f 3451/1089/3449 4356/2711/4353 1207/2708/1207
f 3451/1089/3449 3521/1111/3519 4356/2711/4353
f 3521/1111/3519 1277/2712/1277 4356/2711/4353
f 2398/1110/2397 4359/2718/4356 1276/2715/1276
f 2398/1110/2397 3457/1109/3455 4359/2718/4356
f 3457/1109/3455 1213/2636/1213 4359/2718/4356
f 3450/1033/3448 4362/2723/4359 1206/2720/1206
f 3450/1033/3448 3519/1107/3517 4362/2723/4359
f 3519/1107/3517 1275/2724/1275 4362/2723/4359
f 2396/1106/2395 4365/2730/4362 1274/2727/1274
f 2396/1106/2395 3449/1105/3447 4365/2730/4362
f 3449/1105/3447 1205/2660/1205 4365/2730/4362
f 3444/1085/3442 4368/2735/4365 1200/2732/1200
f 3444/1085/3442 3517/1103/3515 4368/2735/4365
f 3517/1103/3515 1273/2736/1273 4368/2735/4365
f 2394/1102/2393 4371/2742/4368 1272/2739/1272
f 2394/1102/2393 3454/1101/3452 4371/2742/4368
f 3454/1101/3452 1210/2672/1210 4371/2742/4368
f 3448/1081/3446 4374/2747/4371 1204/2744/1204
f 3448/1081/3446 3515/1099/3513 4374/2747/4371
f 3515/1099/3513 1271/2748/1271 4374/2747/4371
f 2392/1098/2391 4377/2754/4374 1270/2751/1270
f 2392/1098/2391 3453/1097/3451 4377/2754/4374
f 3453/1097/3451 1209/2684/1209 4377/2754/4374
f 3447/1077/3445 4380/2759/4377 1203/2756/1203
f 3447/1077/3445 3513/1095/3511 4380/2759/4377
f 3513/1095/3511 1269/2760/1269 4380/2759/4377
f 2390/1094/2389 4383/2766/4380 1268/2763/1268
f 2390/1094/2389 3452/1093/3450 4383/2766/4380
f 3452/1093/3450 1208/2696/1208 4383/2766/4380
f 3446/1073/3444 4386/2771/4383 1202/2768/1202
f 3446/1073/3444 3511/1091/3509 4386/2771/4383
f 3511/1091/3509 1267/2772/1267 4386/2771/4383
f 2388/1090/2387 4389/2778/4386 1266/2775/1266
f 2388/1090/2387 3451/1089/3449 4389/2778/4386
f 3451/1089/3449 1207/2708/1207 4389/2778/4386
f 3445/1030/3443 4392/2783/4389 1201/2780/1201
f 3445/1030/3443 3509/1087/3507 4392/2783/4389
f 3509/1087/3507 1265/2784/1265 4392/2783/4389
f 2386/1086/2385 4395/2790/4392 1264/2787/1264
f 2386/1086/2385 3444/1085/3442 4395/2790/4392
f 3444/1085/3442 1200/2732/1200 4395/2790/4392
f 3440/1069/3438 4398/2795/4395 1196/2792/1196
f 3440/1069/3438 3507/1083/3505 4398/2795/4395
f 3507/1083/3505 1263/2796/1263 4398/2795/4395
f 2384/1082/2383 4401/2802/4398 1262/2799/1262
f 2384/1082/2383 3448/1081/3446 4401/2802/4398
f 3448/1081/3446 1204/2744/1204 4401/2802/4398
f 3443/1065/3441 4404/2807/4401 1199/2804/1199
f 3443/1065/3441 3505/1079/3503 4404/2807/4401
f 3505/1079/3503 1261/2808/1261 4404/2807/4401
f 2382/1078/2381 4407/2814/4404 1260/2811/1260
f 2382/1078/2381 3447/1077/3445 4407/2814/4404
f 3447/1077/3445 1203/2756/1203 4407/2814/4404
f 3442/1061/3440 4410/2819/4407 1198/2816/1198
f 3442/1061/3440 3503/1075/3501 4410/2819/4407
f 3503/1075/3501 1259/2820/1259 4410/2819/4407
f 2380/1074/2379 4413/2826/4410 1258/2823/1258
f 2380/1074/2379 3446/1073/3444 4413/2826/4410
f 3446/1073/3444 1202/2768/1202 4413/2826/4410
f 3441/1027/3439 4416/2831/4413 1197/2828/1197
f 3441/1027/3439 3501/1071/3499 4416/2831/4413
f 3501/1071/3499 1257/2832/1257 4416/2831/4413
f 2378/1070/2377 4419/2838/4416 1256/2835/1256
f 2378/1070/2377 3440/1069/3438 4419/2838/4416
f 3440/1069/3438 1196/2792/1196 4419/2838/4416
f 3437/1057/3435 4422/2843/4419 1193/2840/1193
f 3437/1057/3435 3499/1067/3497 4422/2843/4419
f 3499/1067/3497 1255/2844/1255 4422/2843/4419
f 2376/1066/2375 4425/2850/4422 1254/2847/1254
f 2376/1066/2375 3443/1065/3441 4425/2850/4422
f 3443/1065/3441 1199/2804/1199 4425/2850/4422
f 3439/1053/3437 4428/2855/4425 1195/2852/1195
f 3439/1053/3437 3497/1063/3495 4428/2855/4425
f 3497/1063/3495 1253/2856/1253 4428/2855/4425
f 2374/1062/2373 4431/2862/4428 1252/2859/1252
f 2374/1062/2373 3442/1061/3440 4431/2862/4428
f 3442/1061/3440 1198/2816/1198 4431/2862/4428
f 3438/1024/3436 4434/2867/4431 1194/2864/1194
f 3438/1024/3436 3495/1059/3493 4434/2867/4431
f 3495/1059/3493 1251/2868/1251 4434/2867/4431
f 2372/1058/2371 4437/2874/4434 1250/2871/1250
f 2372/1058/2371 3437/1057/3435 4437/2874/4434
f 3437/1057/3435 1193/2840/1193 4437/2874/4434
f 3435/1049/3433 4440/2879/4437 1191/2876/1191
f 3435/1049/3433 3493/1055/3491 4440/2879/4437
f 3493/1055/3491 1249/2880/1249 4440/2879/4437
f 2370/1054/2369 4443/2886/4440 1248/2883/1248
f 2370/1054/2369 3439/1053/3437 4443/2886/4440
f 3439/1053/3437 1195/2852/1195 4443/2886/4440
f 3436/1021/3434 4446/2891/4443 1192/2888/1192
f 3436/1021/3434 3491/1051/3489 4446/2891/4443
f 3491/1051/3489 1247/2892/1247 4446/2891/4443
f 2368/1050/2367 4449/2898/4446 1246/2895/1246
f 2368/1050/2367 3435/1049/3433 4449/2898/4446
f 3435/1049/3433 1191/2876/1191 4449/2898/4446
f 3434/1018/3432 4452/2903/4449 1190/2900/1190
f 3434/1018/3432 3489/1047/3487 4452/2903/4449
f 3489/1047/3487 1245/2904/1245 4452/2903/4449
f 2745/1046/2743 4455/2910/4452 501/2907/501
f 2745/1046/2743 3480/1045/3478 4455/2910/4452
f 3480/1045/3478 1236/2360/1236 4455/2910/4452
f 2746/1043/2744 4458/2915/4455 502/2912/502
f 2746/1043/2744 3471/1042/3469 4458/2915/4455
f 3471/1042/3469 1227/2468/1227 4458/2915/4455
f 2747/1040/2745 4461/2920/4458 503/2917/503
f 2747/1040/2745 3463/1039/3461 4461/2920/4458
f 3463/1039/3461 1219/2564/1219 4461/2920/4458
f 2748/1037/2746 4464/2925/4461 504/2922/504
f 2748/1037/2746 3456/1036/3454 4464/2925/4461
f 3456/1036/3454 1212/2648/1212 4464/2925/4461
f 2749/1034/2747 4467/2930/4464 505/2927/505
f 2749/1034/2747 3450/1033/3448 4467/2930/4464
f 3450/1033/3448 1206/2720/1206 4467/2930/4464
f 2750/1031/2748 4470/2935/4467 506/2932/506
f 2750/1031/2748 3445/1030/3443 4470/2935/4467
f 3445/1030/3443 1201/2780/1201 4470/2935/4467
f 2751/1028/2749 4473/2940/4470 507/2937/507
f 2751/1028/2749 3441/1027/3439 4473/2940/4470
f 3441/1027/3439 1197/2828/1197 4473/2940/4470
f 2752/1025/2750 4476/2945/4473 508/2942/508
f 2752/1025/2750 3438/1024/3436 4476/2945/4473
f 3438/1024/3436 1194/2864/1194 4476/2945/4473
f 2753/1022/2751 4479/2950/4476 509/2947/509
f 2753/1022/2751 3436/1021/3434 4479/2950/4476
f 3436/1021/3434 1192/2888/1192 4479/2950/4476
f 2651/1019/2650 4482/2955/4479 407/2952/407
f 2651/1019/2650 3434/1018/3432 4482/2955/4479
f 3434/1018/3432 1190/2900/1190 4482/2955/4479
f 2311/1016/2310 4485/2960/4482 1189/2957/1189
f 2311/1016/2310 1542/1015/1542 4485/2960/4482
f 1542/1015/1542 420/2961/420 4485/2960/4482
f 3314/975/3312 4488/2967/4485 1070/2964/1070
f 3314/975/3312 3432/1013/3430 4488/2967/4485
f 3432/1013/3430 1188/2968/1188 4488/2967/4485
f 2309/1012/2308 4491/2974/4488 1187/2971/1187
f 2309/1012/2308 1543/1011/1543 4491/2974/4488
f 1543/1011/1543 421/2975/421 4491/2974/4488
f 3323/971/3321 4494/2981/4491 1079/2978/1079
f 3323/971/3321 3430/1009/3428 4494/2981/4491
f 3430/1009/3428 1186/2982/1186 4494/2981/4491
f 2307/1008/2306 4497/2988/4494 1185/2985/1185
f 2307/1008/2306 1544/1007/1544 4497/2988/4494
f 1544/1007/1544 422/2989/422 4497/2988/4494
f 3322/967/3320 4500/2995/4497 1078/2992/1078
f 3322/967/3320 3428/1005/3426 4500/2995/4497
f 3428/1005/3426 1184/2996/1184 4500/2995/4497
f 2305/1004/2304 4503/3002/4500 1183/2999/1183
f 2305/1004/2304 1545/1003/1545 4503/3002/4500
f 1545/1003/1545 423/3003/423 4503/3002/4500
f 3321/963/3319 4506/3009/4503 1077/3006/1077
f 3321/963/3319 3426/1001/3424 4506/3009/4503
f 3426/1001/3424 1182/3010/1182 4506/3009/4503
f 2303/1000/2302 4509/3016/4506 1181/3013/1181
f 2303/1000/2302 1546/999/1546 4509/3016/4506
f 1546/999/1546 424/3017/424 4509/3016/4506
f 3320/959/3318 4512/3023/4509 1076/3020/1076
f 3320/959/3318 3424/997/3422 4512/3023/4509
f 3424/997/3422 1180/3024/1180 4512/3023/4509
f 2301/996/2300 4515/3030/4512 1179/3027/1179
f 2301/996/2300 1547/995/1547 4515/3030/4512
f 1547/995/1547 425/3031/425 4515/3030/4512
f 3319/955/3317 4518/3037/4515 1075/3034/1075
f 3319/955/3317 3422/993/3420 4518/3037/4515
f 3422/993/3420 1178/3038/1178 4518/3037/4515
f 2299/992/2298 4521/3044/4518 1177/3041/1177
f 2299/992/2298 1548/991/1548 4521/3044/4518
f 1548/991/1548 426/3045/426 4521/3044/4518
f 3318/951/3316 4524/3051/4521 1074/3048/1074
f 3318/951/3316 3420/989/3418 4524/3051/4521
f 3420/989/3418 1176/3052/1176 4524/3051/4521
f 2297/988/2296 4527/3058/4524 1175/3055/1175
f 2297/988/2296 1549/987/1549 4527/3058/4524
f 1549/987/1549 427/3059/427 4527/3058/4524
f 3317/947/3315 4530/3065/4527 1073/3062/1073
f 3317/947/3315 3418/985/3416 4530/3065/4527
f 3418/985/3416 1174/3066/1174 4530/3065/4527
f 2295/984/2294 4533/3072/4530 1173/3069/1173
f 2295/984/2294 1550/983/1550 4533/3072/4530
f 1550/983/1550 428/3073/428 4533/3072/4530
f 3316/943/3314 4536/3079/4533 1072/3076/1072
f 3316/943/3314 3416/981/3414 4536/3079/4533
f 3416/981/3414 1172/3080/1172 4536/3079/4533
f 2293/980/2292 4539/3086/4536 1171/3083/1171
f 2293/980/2292 1551/979/1551 4539/3086/4536
f 1551/979/1551 429/3087/429 4539/3086/4536
f 3315/795/3313 4542/3093/4539 1071/3090/1071
f 3315/795/3313 3414/977/3412 4542/3093/4539
f 3414/977/3412 1170/3094/1170 4542/3093/4539
f 2291/976/2290 4545/3100/4542 1169/3097/1169
f 2291/976/2290 3314/975/3312 4545/3100/4542
f 3314/975/3312 1070/2964/1070 4545/3100/4542
f 3305/939/3303 4548/3105/4545 1061/3102/1061
f 3305/939/3303 3412/973/3410 4548/3105/4545
f 3412/973/3410 1168/3106/1168 4548/3105/4545
f 2289/972/2288 4551/3112/4548 1167/3109/1167
f 2289/972/2288 3323/971/3321 4551/3112/4548
f 3323/971/3321 1079/2978/1079 4551/3112/4548
f 3313/935/3311 4554/3117/4551 1069/3114/1069
f 3313/935/3311 3410/969/3408 4554/3117/4551
f 3410/969/3408 1166/3118/1166 4554/3117/4551
f 2287/968/2286 4557/3124/4554 1165/3121/1165
f 2287/968/2286 3322/967/3320 4557/3124/4554
f 3322/967/3320 1078/2992/1078 4557/3124/4554
f 3312/931/3310 4560/3129/4557 1068/3126/1068
f 3312/931/3310 3408/965/3406 4560/3129/4557
f 3408/965/3406 1164/3130/1164 4560/3129/4557
f 2285/964/2284 4563/3136/4560 1163/3133/1163
f 2285/964/2284 3321/963/3319 4563/3136/4560
f 3321/963/3319 1077/3006/1077 4563/3136/4560
f 3311/927/3309 4566/3141/4563 1067/3138/1067
f 3311/927/3309 3406/961/3404 4566/3141/4563
f 3406/961/3404 1162/3142/1162 4566/3141/4563
f 2283/960/2282 4569/3148/4566 1161/3145/1161
f 2283/960/2282 3320/959/3318 4569/3148/4566
f 3320/959/3318 1076/3020/1076 4569/3148/4566
f 3310/923/3308 4572/3153/4569 1066/3150/1066
f 3310/923/3308 3404/957/3402 4572/3153/4569
f 3404/957/3402 1160/3154/1160 4572/3153/4569
f 2281/956/2280 4575/3160/4572 1159/3157/1159
f 2281/956/2280 3319/955/3317 4575/3160/4572
f 3319/955/3317 1075/3034/1075 4575/3160/4572
f 3309/919/3307 4578/3165/4575 1065/3162/1065
f 3309/919/3307 3402/953/3400 4578/3165/4575
f 3402/953/3400 1158/3166/1158 4578/3165/4575
f 2279/952/2278 4581/3172/4578 1157/3169/1157
f 2279/952/2278 3318/951/3316 4581/3172/4578
f 3318/951/3316 1074/3048/1074 4581/3172/4578
f 3308/915/3306 4584/3177/4581 1064/3174/1064
f 3308/915/3306 3400/949/3398 4584/3177/4581
f 3400/949/3398 1156/3178/1156 4584/3177/4581
f 2277/948/2276 4587/3184/4584 1155/3181/1155
f 2277/948/2276 3317/947/3315 4587/3184/4584
f 3317/947/3315 1073/3062/1073 4587/3184/4584
f 3307/911/3305 4590/3189/4587 1063/3186/1063
f 3307/911/3305 3398/945/3396 4590/3189/4587
f 3398/945/3396 1154/3190/1154 4590/3189/4587
f 2275/944/2274 4593/3196/4590 1153/3193/1153
f 2275/944/2274 3316/943/3314 4593/3196/4590
f 3316/943/3314 1072/3076/1072 4593/3196/4590
f 3306/792/3304 4596/3201/4593 1062/3198/1062
f 3306/792/3304 3396/941/3394 4596/3201/4593
f 3396/941/3394 1152/3202/1152 4596/3201/4593
f 2273/940/2272 4599/3208/4596 1151/3205/1151
f 2273/940/2272 3305/939/3303 4599/3208/4596
f 3305/939/3303 1061/3102/1061 4599/3208/4596
f 3297/907/3295 4602/3213/4599 1053/3210/1053
f 3297/907/3295 3394/937/3392 4602/3213/4599
f 3394/937/3392 1150/3214/1150 4602/3213/4599
f 2271/936/2270 4605/3220/4602 1149/3217/1149
f 2271/936/2270 3313/935/3311 4605/3220/4602
f 3313/935/3311 1069/3114/1069 4605/3220/4602
f 3304/903/3302 4608/3225/4605 1060/3222/1060
f 3304/903/3302 3392/933/3390 4608/3225/4605
f 3392/933/3390 1148/3226/1148 4608/3225/4605
f 2269/932/2268 4611/3232/4608 1147/3229/1147
f 2269/932/2268 3312/931/3310 4611/3232/4608
f 3312/931/3310 1068/3126/1068 4611/3232/4608
f 3303/899/3301 4614/3237/4611 1059/3234/1059
f 3303/899/3301 3390/929/3388 4614/3237/4611
f 3390/929/3388 1146/3238/1146 4614/3237/4611
f 2267/928/2266 4617/3244/4614 1145/3241/1145
f 2267/928/2266 3311/927/3309 4617/3244/4614
f 3311/927/3309 1067/3138/1067 4617/3244/4614
f 3302/895/3300 4620/3249/4617 1058/3246/1058
f 3302/895/3300 3388/925/3386 4620/3249/4617
f 3388/925/3386 1144/3250/1144 4620/3249/4617
f 2265/924/2264 4623/3256/4620 1143/3253/1143
f 2265/924/2264 3310/923/3308 4623/3256/4620
f 3310/923/3308 1066/3150/1066 4623/3256/4620
f 3301/891/3299 4626/3261/4623 1057/3258/1057
f 3301/891/3299 3386/921/3384 4626/3261/4623
f 3386/921/3384 1142/3262/1142 4626/3261/4623
f 2263/920/2262 4629/3268/4626 1141/3265/1141
f 2263/920/2262 3309/919/3307 4629/3268/4626
f 3309/919/3307 1065/3162/1065 4629/3268/4626
f 3300/887/3298 4632/3273/4629 1056/3270/1056
f 3300/887/3298 3384/917/3382 4632/3273/4629
f 3384/917/3382 1140/3274/1140 4632/3273/4629
f 2261/916/2260 4635/3280/4632 1139/3277/1139
f 2261/916/2260 3308/915/3306 4635/3280/4632
f 3308/915/3306 1064/3174/1064 4635/3280/4632
f 3299/883/3297 4638/3285/4635 1055/3282/1055
f 3299/883/3297 3382/913/3380 4638/3285/4635
f 3382/913/3380 1138/3286/1138 4638/3285/4635
f 2259/912/2258 4641/3292/4638 1137/3289/1137
f 2259/912/2258 3307/911/3305 4641/3292/4638
f 3307/911/3305 1063/3186/1063 4641/3292/4638
f 3298/789/3296 4644/3297/4641 1054/3294/1054
f 3298/789/3296 3380/909/3378 4644/3297/4641
f 3380/909/3378 1136/3298/1136 4644/3297/4641
f 2257/908/2256 4647/3304/4644 1135/3301/1135
f 2257/908/2256 3297/907/3295 4647/3304/4644
f 3297/907/3295 1053/3210/1053 4647/3304/4644
f 3290/879/3288 4650/3309/4647 1046/3306/1046
f 3290/879/3288 3378/905/3376 4650/3309/4647
f 3378/905/3376 1134/3310/1134 4650/3309/4647
f 2255/904/2254 4653/3316/4650 1133/3313/1133
f 2255/904/2254 3304/903/3302 4653/3316/4650
f 3304/903/3302 1060/3222/1060 4653/3316/4650
f 3296/875/3294 4656/3321/4653 1052/3318/1052
f 3296/875/3294 3376/901/3374 4656/3321/4653
f 3376/901/3374 1132/3322/1132 4656/3321/4653
f 2253/900/2252 4659/3328/4656 1131/3325/1131
f 2253/900/2252 3303/899/3301 4659/3328/4656
f 3303/899/3301 1059/3234/1059 4659/3328/4656
f 3295/871/3293 4662/3333/4659 1051/3330/1051
f 3295/871/3293 3374/897/3372 4662/3333/4659
f 3374/897/3372 1130/3334/1130 4662/3333/4659
f 2251/896/2250 4665/3340/4662 1129/3337/1129
f 2251/896/2250 3302/895/3300 4665/3340/4662
f 3302/895/3300 1058/3246/1058 4665/3340/4662
f 3294/867/3292 4668/3345/4665 1050/3342/1050
f 3294/867/3292 3372/893/3370 4668/3345/4665
f 3372/893/3370 1128/3346/1128 4668/3345/4665
f 2249/892/2248 4671/3352/4668 1127/3349/1127
f 2249/892/2248 3301/891/3299 4671/3352/4668
f 3301/891/3299 1057/3258/1057 4671/3352/4668
f 3293/863/3291 4674/3357/4671 1049/3354/1049
f 3293/863/3291 3370/889/3368 4674/3357/4671
f 3370/889/3368 1126/3358/1126 4674/3357/4671
f 2247/888/2246 4677/3364/4674 1125/3361/1125
f 2247/888/2246 3300/887/3298 4677/3364/4674
f 3300/887/3298 1056/3270/1056 4677/3364/4674
f 3292/859/3290 4680/3369/4677 1048/3366/1048
f 3292/859/3290 3368/885/3366 4680/3369/4677
f 3368/885/3366 1124/3370/1124 4680/3369/4677
f 2245/884/2244 4683/3376/4680 1123/3373/1123
f 2245/884/2244 3299/883/3297 4683/3376/4680
f 3299/883/3297 1055/3282/1055 4683/3376/4680
f 3291/786/3289 4686/3381/4683 1047/3378/1047
f 3291/786/3289 3366/881/3364 4686/3381/4683
f 3366/881/3364 1122/3382/1122 4686/3381/4683
f 2243/880/2242 4689/3388/4686 1121/3385/1121
f 2243/880/2242 3290/879/3288 4689/3388/4686
f 3290/879/3288 1046/3306/1046 4689/3388/4686
f 3284/855/3282 4692/3393/4689 1040/3390/1040
f 3284/855/3282 3364/877/3362 4692/3393/4689
f 3364/877/3362 1120/3394/1120 4692/3393/4689
f 2241/876/2240 4695/3400/4692 1119/3397/1119
f 2241/876/2240 3296/875/3294 4695/3400/4692
f 3296/875/3294 1052/3318/1052 4695/3400/4692
f 3289/851/3287 4698/3405/4695 1045/3402/1045
f 3289/851/3287 3362/873/3360 4698/3405/4695
f 3362/873/3360 1118/3406/1118 4698/3405/4695
f 2239/872/2238 4701/3412/4698 1117/3409/1117
f 2239/872/2238 3295/871/3293 4701/3412/4698
f 3295/871/3293 1051/3330/1051 4701/3412/4698
f 3288/847/3286 4704/3417/4701 1044/3414/1044
f 3288/847/3286 3360/869/3358 4704/3417/4701
f 3360/869/3358 1116/3418/1116 4704/3417/4701
f 2237/868/2236 4707/3424/4704 1115/3421/1115
f 2237/868/2236 3294/867/3292 4707/3424/4704
f 3294/867/3292 1050/3342/1050 4707/3424/4704
f 3287/843/3285 4710/3429/4707 1043/3426/1043
f 3287/843/3285 3358/865/3356 4710/3429/4707
f 3358/865/3356 1114/3430/1114 4710/3429/4707
f 2235/864/2234 4713/3436/4710 1113/3433/1113
f 2235/864/2234 3293/863/3291 4713/3436/4710
f 3293/863/3291 1049/3354/1049 4713/3436/4710
f 3286/839/3284 4716/3441/4713 1042/3438/1042
f 3286/839/3284 3356/861/3354 4716/3441/4713
f 3356/861/3354 1112/3442/1112 4716/3441/4713
f 2233/860/2232 4719/3448/4716 1111/3445/1111
f 2233/860/2232 3292/859/3290 4719/3448/4716
f 3292/859/3290 1048/3366/1048 4719/3448/4716
f 3285/783/3283 4722/3453/4719 1041/3450/1041
f 3285/783/3283 3354/857/3352 4722/3453/4719
f 3354/857/3352 1110/3454/1110 4722/3453/4719
f 2231/856/2230 4725/3460/4722 1109/3457/1109
f 2231/856/2230 3284/855/3282 4725/3460/4722
f 3284/855/3282 1040/3390/1040 4725/3460/4722
f 3279/835/3277 4728/3465/4725 1035/3462/1035
f 3279/835/3277 3352/853/3350 4728/3465/4725
f 3352/853/3350 1108/3466/1108 4728/3465/4725
f 2229/852/2228 4731/3472/4728 1107/3469/1107
f 2229/852/2228 3289/851/3287 4731/3472/4728
f 3289/851/3287 1045/3402/1045 4731/3472/4728
f 3283/831/3281 4734/3477/4731 1039/3474/1039
f 3283/831/3281 3350/849/3348 4734/3477/4731
f 3350/849/3348 1106/3478/1106 4734/3477/4731
f 2227/848/2226 4737/3484/4734 1105/3481/1105
f 2227/848/2226 3288/847/3286 4737/3484/4734
f 3288/847/3286 1044/3414/1044 4737/3484/4734
f 3282/827/3280 4740/3489/4737 1038/3486/1038
f 3282/827/3280 3348/845/3346 4740/3489/4737
f 3348/845/3346 1104/3490/1104 4740/3489/4737
f 2225/844/2224 4743/3496/4740 1103/3493/1103
f 2225/844/2224 3287/843/3285 4743/3496/4740
f 3287/843/3285 1043/3426/1043 4743/3496/4740
f 3281/823/3279 4746/3501/4743 1037/3498/1037
f 3281/823/3279 3346/841/3344 4746/3501/4743
f 3346/841/3344 1102/3502/1102 4746/3501/4743
f 2223/840/2222 4749/3508/4746 1101/3505/1101
f 2223/840/2222 3286/839/3284 4749/3508/4746
f 3286/839/3284 1042/3438/1042 4749/3508/4746
f 3280/780/3278 4752/3513/4749 1036/3510/1036
f 3280/780/3278 3344/837/3342 4752/3513/4749
f 3344/837/3342 1100/3514/1100 4752/3513/4749
f 2221/836/2220 4755/3520/4752 1099/3517/1099
f 2221/836/2220 3279/835/3277 4755/3520/4752
f 3279/835/3277 1035/3462/1035 4755/3520/4752
f 3275/819/3273 4758/3525/4755 1031/3522/1031
f 3275/819/3273 3342/833/3340 4758/3525/4755
f 3342/833/3340 1098/3526/1098 4758/3525/4755
f 2219/832/2218 4761/3532/4758 1097/3529/1097
f 2219/832/2218 3283/831/3281 4761/3532/4758
f 3283/831/3281 1039/3474/1039 4761/3532/4758
f 3278/815/3276 4764/3537/4761 1034/3534/1034
f 3278/815/3276 3340/829/3338 4764/3537/4761
f 3340/829/3338 1096/3538/1096 4764/3537/4761
f 2217/828/2216 4767/3544/4764 1095/3541/1095
f 2217/828/2216 3282/827/3280 4767/3544/4764
f 3282/827/3280 1038/3486/1038 4767/3544/4764
f 3277/811/3275 4770/3549/4767 1033/3546/1033
f 3277/811/3275 3338/825/3336 4770/3549/4767
f 3338/825/3336 1094/3550/1094 4770/3549/4767
f 2215/824/2214 4773/3556/4770 1093/3553/1093
f 2215/824/2214 3281/823/3279 4773/3556/4770
f 3281/823/3279 1037/3498/1037 4773/3556/4770
f 3276/777/3274 4776/3561/4773 1032/3558/1032
f 3276/777/3274 3336/821/3334 4776/3561/4773
f 3336/821/3334 1092/3562/1092 4776/3561/4773
f 2213/820/2212 4779/3568/4776 1091/3565/1091
f 2213/820/2212 3275/819/3273 4779/3568/4776
f 3275/819/3273 1031/3522/1031 4779/3568/4776
f 3272/807/3270 4782/3573/4779 1028/3570/1028
f 3272/807/3270 3334/817/3332 4782/3573/4779
f 3334/817/3332 1090/3574/1090 4782/3573/4779
f 2211/816/2210 4785/3580/4782 1089/3577/1089
f 2211/816/2210 3278/815/3276 4785/3580/4782
f 3278/815/3276 1034/3534/1034 4785/3580/4782
f 3274/803/3272 4788/3585/4785 1030/3582/1030
f 3274/803/3272 3332/813/3330 4788/3585/4785
f 3332/813/3330 1088/3586/1088 4788/3585/4785
f 2209/812/2208 4791/3592/4788 1087/3589/1087
f 2209/812/2208 3277/811/3275 4791/3592/4788
f 3277/811/3275 1033/3546/1033 4791/3592/4788
f 3273/774/3271 4794/3597/4791 1029/3594/1029
f 3273/774/3271 3330/809/3328 4794/3597/4791
f 3330/809/3328 1086/3598/1086 4794/3597/4791
f 2207/808/2206 4797/3604/4794 1085/3601/1085
f 2207/808/2206 3272/807/3270 4797/3604/4794
f 3272/807/3270 1028/3570/1028 4797/3604/4794
f 3270/799/3268 4800/3609/4797 1026/3606/1026
f 3270/799/3268 3328/805/3326 4800/3609/4797
f 3328/805/3326 1084/3610/1084 4800/3609/4797
f 2205/804/2204 4803/3616/4800 1083/3613/1083
f 2205/804/2204 3274/803/3272 4803/3616/4800
f 3274/803/3272 1030/3582/1030 4803/3616/4800
f 3271/771/3269 4806/3621/4803 1027/3618/1027
f 3271/771/3269 3326/801/3324 4806/3621/4803
f 3326/801/3324 1082/3622/1082 4806/3621/4803
f 2203/800/2202 4809/3628/4806 1081/3625/1081
f 2203/800/2202 3270/799/3268 4809/3628/4806
f 3270/799/3268 1026/3606/1026 4809/3628/4806
f 3269/768/3267 4812/3633/4809 1025/3630/1025
f 3269/768/3267 3324/797/3322 4812/3633/4809
f 3324/797/3322 1080/3634/1080 4812/3633/4809
f 2735/796/2733 4815/3640/4812 491/3637/491
f 2735/796/2733 3315/795/3313 4815/3640/4812
f 3315/795/3313 1071/3090/1071 4815/3640/4812
f 2736/793/2734 4818/3645/4815 492/3642/492
f 2736/793/2734 3306/792/3304 4818/3645/4815
f 3306/792/3304 1062/3198/1062 4818/3645/4815
f 2737/790/2735 4821/3650/4818 493/3647/493
f 2737/790/2735 3298/789/3296 4821/3650/4818
f 3298/789/3296 1054/3294/1054 4821/3650/4818
f 2738/787/2736 4824/3655/4821 494/3652/494
f 2738/787/2736 3291/786/3289 4824/3655/4821
f 3291/786/3289 1047/3378/1047 4824/3655/4821
f 2739/784/2737 4827/3660/4824 495/3657/495
f 2739/784/2737 3285/783/3283 4827/3660/4824
f 3285/783/3283 1041/3450/1041 4827/3660/4824
f 2740/781/2738 4830/3665/4827 496/3662/496
f 2740/781/2738 3280/780/3278 4830/3665/4827
f 3280/780/3278 1036/3510/1036 4830/3665/4827
f 2741/778/2739 4833/3670/4830 497/3667/497
f 2741/778/2739 3276/777/3274 4833/3670/4830
f 3276/777/3274 1032/3558/1032 4833/3670/4830
f 2742/775/2740 4836/3675/4833 498/3672/498
f 2742/775/2740 3273/774/3271 4836/3675/4833
f 3273/774/3271 1029/3594/1029 4836/3675/4833
f 2743/772/2741 4839/3680/4836 499/3677/499
f 2743/772/2741 3271/771/3269 4839/3680/4836
f 3271/771/3269 1027/3618/1027 4839/3680/4836
f 2650/769/2649 4842/3685/4839 406/3682/406
f 2650/769/2649 3269/768/3267 4842/3685/4839
f 3269/768/3267 1025/3630/1025 4842/3685/4839
f 2146/766/2145 4845/3690/4842 1024/3687/1024
f 2146/766/2145 1552/765/1552 4845/3690/4842
f 1552/765/1552 430/3691/430 4845/3690/4842
f 3149/725/3147 4848/3697/4845 905/3694/905
f 3149/725/3147 3267/763/3265 4848/3697/4845
f 3267/763/3265 1023/3698/1023 4848/3697/4845
f 2144/762/2143 4851/3704/4848 1022/3701/1022
f 2144/762/2143 1553/761/1553 4851/3704/4848
f 1553/761/1553 431/3705/431 4851/3704/4848
f 3158/721/3156 4854/3711/4851 914/3708/914
f 3158/721/3156 3265/759/3263 4854/3711/4851
f 3265/759/3263 1021/3712/1021 4854/3711/4851
f 2142/758/2141 4857/3718/4854 1020/3715/1020
f 2142/758/2141 1554/757/1554 4857/3718/4854
f 1554/757/1554 432/3719/432 4857/3718/4854
f 3157/717/3155 4860/3725/4857 913/3722/913
f 3157/717/3155 3263/755/3261 4860/3725/4857
f 3263/755/3261 1019/3726/1019 4860/3725/4857
f 2140/754/2139 4863/3732/4860 1018/3729/1018
f 2140/754/2139 1555/753/1555 4863/3732/4860
f 1555/753/1555 433/3733/433 4863/3732/4860
f 3156/713/3154 4866/3739/4863 912/3736/912
f 3156/713/3154 3261/751/3259 4866/3739/4863
f 3261/751/3259 1017/3740/1017 4866/3739/4863
f 2138/750/2137 4869/3746/4866 1016/3743/1016
f 2138/750/2137 1556/749/1556 4869/3746/4866
f 1556/749/1556 434/3747/434 4869/3746/4866
f 3155/709/3153 4872/3753/4869 911/3750/911
f 3155/709/3153 3259/747/3257 4872/3753/4869
f 3259/747/3257 1015/3754/1015 4872/3753/4869
f 2136/746/2135 4875/3760/4872 1014/3757/1014
f 2136/746/2135 1557/745/1557 4875/3760/4872
f 1557/745/1557 435/3761/435 4875/3760/4872
f 3154/705/3152 4878/3767/4875 910/3764/910
f 3154/705/3152 3257/743/3255 4878/3767/4875
f 3257/743/3255 1013/3768/1013 4878/3767/4875
f 2134/742/2133 4881/3774/4878 1012/3771/1012
f 2134/742/2133 1558/741/1558 4881/3774/4878
f 1558/741/1558 436/3775/436 4881/3774/4878
f 3153/701/3151 4884/3781/4881 909/3778/909
f 3153/701/3151 3255/739/3253 4884/3781/4881
f 3255/739/3253 1011/3782/1011 4884/3781/4881
f 2132/738/2131 4887/3788/4884 1010/3785/1010
f 2132/738/2131 1559/737/1559 4887/3788/4884
f 1559/737/1559 437/3789/437 4887/3788/4884
f 3152/697/3150 4890/3795/4887 908/3792/908
f 3152/697/3150 3253/735/3251 4890/3795/4887
f 3253/735/3251 1009/3796/1009 4890/3795/4887
f 2130/734/2129 4893/3802/4890 1008/3799/1008
f 2130/734/2129 1560/733/1560 4893/3802/4890
f 1560/733/1560 438/3803/438 4893/3802/4890
f 3151/693/3149 4896/3809/4893 907/3806/907
f 3151/693/3149 3251/731/3249 4896/3809/4893
f 3251/731/3249 1007/3810/1007 4896/3809/4893
f 2128/730/2127 4899/3816/4896 1006/3813/1006
f 2128/730/2127 1561/729/1561 4899/3816/4896
f 1561/729/1561 439/3817/439 4899/3816/4896
f 3150/545/3148 4902/3823/4899 906/3820/906
f 3150/545/3148 3249/727/3247 4902/3823/4899
f 3249/727/3247 1005/3824/1005 4902/3823/4899
f 2126/726/2125 4905/3830/4902 1004/3827/1004
f 2126/726/2125 3149/725/3147 4905/3830/4902
f 3149/725/3147 905/3694/905 4905/3830/4902
f 3140/689/3138 4908/3835/4905 896/3832/896
f 3140/689/3138 3247/723/3245 4908/3835/4905
f 3247/723/3245 1003/3836/1003 4908/3835/4905
f 2124/722/2123 4911/3842/4908 1002/3839/1002
f 2124/722/2123 3158/721/3156 4911/3842/4908
f 3158/721/3156 914/3708/914 4911/3842/4908
f 3148/685/3146 4914/3847/4911 904/3844/904
f 3148/685/3146 3245/719/3243 4914/3847/4911
f 3245/719/3243 1001/3848/1001 4914/3847/4911
f 2122/718/2121 4917/3854/4914 1000/3851/1000
f 2122/718/2121 3157/717/3155 4917/3854/4914
f 3157/717/3155 913/3722/913 4917/3854/4914
f 3147/681/3145 4920/3859/4917 903/3856/903
f 3147/681/3145 3243/715/3241 4920/3859/4917
f 3243/715/3241 999/3860/999 4920/3859/4917
f 2120/714/2119 4923/3866/4920 998/3863/998
f 2120/714/2119 3156/713/3154 4923/3866/4920
f 3156/713/3154 912/3736/912 4923/3866/4920
f 3146/677/3144 4926/3871/4923 902/3868/902
f 3146/677/3144 3241/711/3239 4926/3871/4923
f 3241/711/3239 997/3872/997 4926/3871/4923
f 2118/710/2117 4929/3878/4926 996/3875/996
f 2118/710/2117 3155/709/3153 4929/3878/4926
f 3155/709/3153 911/3750/911 4929/3878/4926
f 3145/673/3143 4932/3883/4929 901/3880/901
f 3145/673/3143 3239/707/3237 4932/3883/4929
f 3239/707/3237 995/3884/995 4932/3883/4929
f 2116/706/2115 4935/3890/4932 994/3887/994
f 2116/706/2115 3154/705/3152 4935/3890/4932
f 3154/705/3152 910/3764/910 4935/3890/4932
f 3144/669/3142 4938/3895/4935 900/3892/900
f 3144/669/3142 3237/703/3235 4938/3895/4935
f 3237/703/3235 993/3896/993 4938/3895/4935
f 2114/702/2113 4941/3902/4938 992/3899/992
f 2114/702/2113 3153/701/3151 4941/3902/4938
f 3153/701/3151 909/3778/909 4941/3902/4938
f 3143/665/3141 4944/3907/4941 899/3904/899
f 3143/665/3141 3235/699/3233 4944/3907/4941
f 3235/699/3233 991/3908/991 4944/3907/4941
f 2112/698/2111 4947/3914/4944 990/3911/990
f 2112/698/2111 3152/697/3150 4947/3914/4944
f 3152/697/3150 908/3792/908 4947/3914/4944
f 3142/661/3140 4950/3919/4947 898/3916/898
f 3142/661/3140 3233/695/3231 4950/3919/4947
f 3233/695/3231 989/3920/989 4950/3919/4947
f 2110/694/2109 4953/3926/4950 988/3923/988
f 2110/694/2109 3151/693/3149 4953/3926/4950
f 3151/693/3149 907/3806/907 4953/3926/4950
f 3141/542/3139 4956/3931/4953 897/3928/897
f 3141/542/3139 3231/691/3229 4956/3931/4953
f 3231/691/3229 987/3932/987 4956/3931/4953
f 2108/690/2107 4959/3938/4956 986/3935/986
f 2108/690/2107 3140/689/3138 4959/3938/4956
f 3140/689/3138 896/3832/896 4959/3938/4956
f 3132/657/3130 4962/3943/4959 888/3940/888
f 3132/657/3130 3229/687/3227 4962/3943/4959
f 3229/687/3227 985/3944/985 4962/3943/4959
f 2106/686/2105 4965/3950/4962 984/3947/984
f 2106/686/2105 3148/685/3146 4965/3950/4962
f 3148/685/3146 904/3844/904 4965/3950/4962
f 3139/653/3137 4968/3955/4965 895/3952/895
f 3139/653/3137 3227/683/3225 4968/3955/4965
f 3227/683/3225 983/3956/983 4968/3955/4965
f 2104/682/2103 4971/3962/4968 982/3959/982
f 2104/682/2103 3147/681/3145 4971/3962/4968
f 3147/681/3145 903/3856/903 4971/3962/4968
f 3138/649/3136 4974/3967/4971 894/3964/894
f 3138/649/3136 3225/679/3223 4974/3967/4971
f 3225/679/3223 981/3968/981 4974/3967/4971
f 2102/678/2101 4977/3974/4974 980/3971/980
f 2102/678/2101 3146/677/3144 4977/3974/4974
f 3146/677/3144 902/3868/902 4977/3974/4974
f 3137/645/3135 4980/3979/4977 893/3976/893
f 3137/645/3135 3223/675/3221 4980/3979/4977
f 3223/675/3221 979/3980/979 4980/3979/4977
f 2100/674/2099 4983/3986/4980 978/3983/978
f 2100/674/2099 3145/673/3143 4983/3986/4980
f 3145/673/3143 901/3880/901 4983/3986/4980
f 3136/641/3134 4986/3991/4983 892/3988/892
f 3136/641/3134 3221/671/3219 4986/3991/4983
f 3221/671/3219 977/3992/977 4986/3991/4983
f 2098/670/2097 4989/3998/4986 976/3995/976
f 2098/670/2097 3144/669/3142 4989/3998/4986
f 3144/669/3142 900/3892/900 4989/3998/4986
f 3135/637/3133 4992/4003/4989 891/4000/891
f 3135/637/3133 3219/667/3217 4992/4003/4989
f 3219/667/3217 975/4004/975 4992/4003/4989
f 2096/666/2095 4995/4010/4992 974/4007/974
f 2096/666/2095 3143/665/3141 4995/4010/4992
f 3143/665/3141 899/3904/899 4995/4010/4992
f 3134/633/3132 4998/4015/4995 890/4012/890
f 3134/633/3132 3217/663/3215 4998/4015/4995
f 3217/663/3215 973/4016/973 4998/4015/4995
f 2094/662/2093 5001/4022/4998 972/4019/972
f 2094/662/2093 3142/661/3140 5001/4022/4998
f 3142/661/3140 898/3916/898 5001/4022/4998
f 3133/539/3131 5004/4027/5001 889/4024/889
f 3133/539/3131 3215/659/3213 5004/4027/5001
f 3215/659/3213 971/4028/971 5004/4027/5001
f 2092/658/2091 5007/4034/5004 970/4031/970
f 2092/658/2091 3132/657/3130 5007/4034/5004
f 3132/657/3130 888/3940/888 5007/4034/5004
f 3125/629/3123 5010/4039/5007 881/4036/881
f 3125/629/3123 3213/655/3211 5010/4039/5007
f 3213/655/3211 969/4040/969 5010/4039/5007
f 2090/654/2089 5013/4046/5010 968/4043/968
f 2090/654/2089 3139/653/3137 5013/4046/5010
f 3139/653/3137 895/3952/895 5013/4046/5010
f 3131/625/3129 5016/4051/5013 887/4048/887
f 3131/625/3129 3211/651/3209 5016/4051/5013
f 3211/651/3209 967/4052/967 5016/4051/5013
f 2088/650/2087 5019/4058/5016 966/4055/966
f 2088/650/2087 3138/649/3136 5019/4058/5016
f 3138/649/3136 894/3964/894 5019/4058/5016
f 3130/621/3128 5022/4063/5019 886/4060/886
f 3130/621/3128 3209/647/3207 5022/4063/5019
f 3209/647/3207 965/4064/965 5022/4063/5019
f 2086/646/2085 5025/4070/5022 964/4067/964
f 2086/646/2085 3137/645/3135 5025/4070/5022
f 3137/645/3135 893/3976/893 5025/4070/5022
f 3129/617/3127 5028/4075/5025 885/4072/885
f 3129/617/3127 3207/643/3205 5028/4075/5025
f 3207/643/3205 963/4076/963 5028/4075/5025
f 2084/642/2083 5031/4082/5028 962/4079/962
f 2084/642/2083 3136/641/3134 5031/4082/5028
f 3136/641/3134 892/3988/892 5031/4082/5028
f 3128/613/3126 5034/4087/5031 884/4084/884
f 3128/613/3126 3205/639/3203 5034/4087/5031
f 3205/639/3203 961/4088/961 5034/4087/5031
f 2082/638/2081 5037/4094/5034 960/4091/960
f 2082/638/2081 3135/637/3133 5037/4094/5034
f 3135/637/3133 891/4000/891 5037/4094/5034
f 3127/609/3125 5040/4099/5037 883/4096/883
f 3127/609/3125 3203/635/3201 5040/4099/5037
f 3203/635/3201 959/4100/959 5040/4099/5037
f 2080/634/2079 5043/4106/5040 958/4103/958
f 2080/634/2079 3134/633/3132 5043/4106/5040
f 3134/633/3132 890/4012/890 5043/4106/5040
f 3126/536/3124 5046/4111/5043 882/4108/882
f 3126/536/3124 3201/631/3199 5046/4111/5043
f 3201/631/3199 957/4112/957 5046/4111/5043
f 2078/630/2077 5049/4118/5046 956/4115/956
f 2078/630/2077 3125/629/3123 5049/4118/5046
f 3125/629/3123 881/4036/881 5049/4118/5046
f 3119/605/3117 5052/4123/5049 875/4120/875
f 3119/605/3117 3199/627/3197 5052/4123/5049
f 3199/627/3197 955/4124/955 5052/4123/5049
f 2076/626/2075 5055/4130/5052 954/4127/954
f 2076/626/2075 3131/625/3129 5055/4130/5052
f 3131/625/3129 887/4048/887 5055/4130/5052
f 3124/601/3122 5058/4135/5055 880/4132/880
f 3124/601/3122 3197/623/3195 5058/4135/5055
f 3197/623/3195 953/4136/953 5058/4135/5055
f 2074/622/2073 5061/4142/5058 952/4139/952
f 2074/622/2073 3130/621/3128 5061/4142/5058
f 3130/621/3128 886/4060/886 5061/4142/5058
f 3123/597/3121 5064/4147/5061 879/4144/879
f 3123/597/3121 3195/619/3193 5064/4147/5061
f 3195/619/3193 951/4148/951 5064/4147/5061
f 2072/618/2071 5067/4154/5064 950/4151/950
f 2072/618/2071 3129/617/3127 5067/4154/5064
f 3129/617/3127 885/4072/885 5067/4154/5064
f 3122/593/3120 5070/4159/5067 878/4156/878
f 3122/593/3120 3193/615/3191 5070/4159/5067
f 3193/615/3191 949/4160/949 5070/4159/5067
f 2070/614/2069 5073/4166/5070 948/4163/948
f 2070/614/2069 3128/613/3126 5073/4166/5070
f 3128/613/3126 884/4084/884 5073/4166/5070
f 3121/589/3119 5076/4171/5073 877/4168/877
f 3121/589/3119 3191/611/3189 5076/4171/5073
f 3191/611/3189 947/4172/947 5076/4171/5073
f 2068/610/2067 5079/4178/5076 946/4175/946
f 2068/610/2067 3127/609/3125 5079/4178/5076
f 3127/609/3125 883/4096/883 5079/4178/5076
f 3120/533/3118 5082/4183/5079 876/4180/876
f 3120/533/3118 3189/607/3187 5082/4183/5079
f 3189/607/3187 945/4184/945 5082/4183/5079
f 2066/606/2065 5085/4190/5082 944/4187/944
f 2066/606/2065 3119/605/3117 5085/4190/5082
f 3119/605/3117 875/4120/875 5085/4190/5082
f 3114/585/3112 5088/4195/5085 870/4192/870
f 3114/585/3112 3187/603/3185 5088/4195/5085
f 3187/603/3185 943/4196/943 5088/4195/5085
f 2064/602/2063 5091/4202/5088 942/4199/942
f 2064/602/2063 3124/601/3122 5091/4202/5088
f 3124/601/3122 880/4132/880 5091/4202/5088
f 3118/581/3116 5094/4207/5091 874/4204/874
f 3118/581/3116 3185/599/3183 5094/4207/5091
f 3185/599/3183 941/4208/941 5094/4207/5091
f 2062/598/2061 5097/4214/5094 940/4211/940
f 2062/598/2061 3123/597/3121 5097/4214/5094
f 3123/597/3121 879/4144/879 5097/4214/5094
f 3117/577/3115 5100/4219/5097 873/4216/873
f 3117/577/3115 3183/595/3181 5100/4219/5097
f 3183/595/3181 939/4220/939 5100/4219/5097
f 2060/594/2059 5103/4226/5100 938/4223/938
f 2060/594/2059 3122/593/3120 5103/4226/5100
f 3122/593/3120 878/4156/878 5103/4226/5100
f 3116/573/3114 5106/4231/5103 872/4228/872
f 3116/573/3114 3181/591/3179 5106/4231/5103
f 3181/591/3179 937/4232/937 5106/4231/5103
f 2058/590/2057 5109/4238/5106 936/4235/936
f 2058/590/2057 3121/589/3119 5109/4238/5106
f 3121/589/3119 877/4168/877 5109/4238/5106
f 3115/530/3113 5112/4243/5109 871/4240/871
f 3115/530/3113 3179/587/3177 5112/4243/5109
f 3179/587/3177 935/4244/935 5112/4243/5109
f 2056/586/2055 5115/4250/5112 934/4247/934
f 2056/586/2055 3114/585/3112 5115/4250/5112
f 3114/585/3112 870/4192/870 5115/4250/5112
f 3110/569/3108 5118/4255/5115 866/4252/866
f 3110/569/3108 3177/583/3175 5118/4255/5115
f 3177/583/3175 933/4256/933 5118/4255/5115
f 2054/582/2053 5121/4262/5118 932/4259/932
f 2054/582/2053 3118/581/3116 5121/4262/5118
f 3118/581/3116 874/4204/874 5121/4262/5118
f 3113/565/3111 5124/4267/5121 869/4264/869
f 3113/565/3111 3175/579/3173 5124/4267/5121
f 3175/579/3173 931/4268/931 5124/4267/5121
f 2052/578/2051 5127/4274/5124 930/4271/930
f 2052/578/2051 3117/577/3115 5127/4274/5124
f 3117/577/3115 873/4216/873 5127/4274/5124
f 3112/561/3110 5130/4279/5127 868/4276/868
f 3112/561/3110 3173/575/3171 5130/4279/5127
f 3173/575/3171 929/4280/929 5130/4279/5127
f 2050/574/2049 5133/4286/5130 928/4283/928
f 2050/574/2049 3116/573/3114 5133/4286/5130
f 3116/573/3114 872/4228/872 5133/4286/5130
f 3111/527/3109 5136/4291/5133 867/4288/867
f 3111/527/3109 3171/571/3169 5136/4291/5133
f 3171/571/3169 927/4292/927 5136/4291/5133
f 2048/570/2047 5139/4298/5136 926/4295/926
f 2048/570/2047 3110/569/3108 5139/4298/5136
f 3110/569/3108 866/4252/866 5139/4298/5136
f 3107/557/3105 5142/4303/5139 863/4300/863
f 3107/557/3105 3169/567/3167 5142/4303/5139
f 3169/567/3167 925/4304/925 5142/4303/5139
f 2046/566/2045 5145/4310/5142 924/4307/924
f 2046/566/2045 3113/565/3111 5145/4310/5142
f 3113/565/3111 869/4264/869 5145/4310/5142
f 3109/553/3107 5148/4315/5145 865/4312/865
f 3109/553/3107 3167/563/3165 5148/4315/5145
f 3167/563/3165 923/4316/923 5148/4315/5145
f 2044/562/2043 5151/4322/5148 922/4319/922
f 2044/562/2043 3112/561/3110 5151/4322/5148
f 3112/561/3110 868/4276/868 5151/4322/5148
f 3108/524/3106 5154/4327/5151 864/4324/864
f 3108/524/3106 3165/559/3163 5154/4327/5151
f 3165/559/3163 921/4328/921 5154/4327/5151
f 2042/558/2041 5157/4334/5154 920/4331/920
f 2042/558/2041 3107/557/3105 5157/4334/5154
f 3107/557/3105 863/4300/863 5157/4334/5154
f 3105/549/3103 5160/4339/5157 861/4336/861
f 3105/549/3103 3163/555/3161 5160/4339/5157
f 3163/555/3161 919/4340/919 5160/4339/5157
f 2040/554/2039 5163/4346/5160 918/4343/918
f 2040/554/2039 3109/553/3107 5163/4346/5160
f 3109/553/3107 865/4312/865 5163/4346/5160
f 3106/521/3104 5166/4351/5163 862/4348/862
f 3106/521/3104 3161/551/3159 5166/4351/5163
f 3161/551/3159 917/4352/917 5166/4351/5163
f 2038/550/2037 5169/4358/5166 916/4355/916
f 2038/550/2037 3105/549/3103 5169/4358/5166
f 3105/549/3103 861/4336/861 5169/4358/5166
f 3104/518/3102 5172/4363/5169 860/4360/860
f 3104/518/3102 3159/547/3157 5172/4363/5169
f 3159/547/3157 915/4364/915 5172/4363/5169
f 2725/546/2723 5175/4370/5172 481/4367/481
f 2725/546/2723 3150/545/3148 5175/4370/5172
f 3150/545/3148 906/3820/906 5175/4370/5172
f 2726/543/2724 5178/4375/5175 482/4372/482
f 2726/543/2724 3141/542/3139 5178/4375/5175
f 3141/542/3139 897/3928/897 5178/4375/5175
f 2727/540/2725 5181/4380/5178 483/4377/483
f 2727/540/2725 3133/539/3131 5181/4380/5178
f 3133/539/3131 889/4024/889 5181/4380/5178
f 2728/537/2726 5184/4385/5181 484/4382/484
f 2728/537/2726 3126/536/3124 5184/4385/5181
f 3126/536/3124 882/4108/882 5184/4385/5181
f 2729/534/2727 5187/4390/5184 485/4387/485
f 2729/534/2727 3120/533/3118 5187/4390/5184
f 3120/533/3118 876/4180/876 5187/4390/5184
f 2730/531/2728 5190/4395/5187 486/4392/486
f 2730/531/2728 3115/530/3113 5190/4395/5187
f 3115/530/3113 871/4240/871 5190/4395/5187
f 2731/528/2729 5193/4400/5190 487/4397/487
f 2731/528/2729 3111/527/3109 5193/4400/5190
f 3111/527/3109 867/4288/867 5193/4400/5190
f 2732/525/2730 5196/4405/5193 488/4402/488
f 2732/525/2730 3108/524/3106 5196/4405/5193
f 3108/524/3106 864/4324/864 5196/4405/5193
f 2733/522/2731 5199/4410/5196 489/4407/489
f 2733/522/2731 3106/521/3104 5199/4410/5196
f 3106/521/3104 862/4348/862 5199/4410/5196
f 2649/519/2648 5202/4415/5199 405/4412/405
f 2649/519/2648 3104/518/3102 5202/4415/5199
f 3104/518/3102 860/4360/860 5202/4415/5199
f 1981/516/1980 5205/4420/5202 859/4417/859
f 1981/516/1980 1562/515/1562 5205/4420/5202
f 1562/515/1562 440/4421/440 5205/4420/5202
f 2984/475/2982 5208/4427/5205 740/4424/740
f 2984/475/2982 3102/513/3100 5208/4427/5205
f 3102/513/3100 858/4428/858 5208/4427/5205
f 1979/512/1978 5211/4434/5208 857/4431/857
f 1979/512/1978 1563/511/1563 5211/4434/5208
f 1563/511/1563 441/4435/441 5211/4434/5208
f 2993/471/2991 5214/4441/5211 749/4438/749
f 2993/471/2991 3100/509/3098 5214/4441/5211
f 3100/509/3098 856/4442/856 5214/4441/5211
f 1977/508/1976 5217/4448/5214 855/4445/855
f 1977/508/1976 1564/507/1564 5217/4448/5214
f 1564/507/1564 442/4449/442 5217/4448/5214
f 2992/467/2990 5220/4455/5217 748/4452/748
f 2992/467/2990 3098/505/3096 5220/4455/5217
f 3098/505/3096 854/4456/854 5220/4455/5217
f 1975/504/1974 5223/4462/5220 853/4459/853
f 1975/504/1974 1565/503/1565 5223/4462/5220
f 1565/503/1565 443/4463/443 5223/4462/5220
f 2991/463/2989 5226/4469/5223 747/4466/747
f 2991/463/2989 3096/501/3094 5226/4469/5223
f 3096/501/3094 852/4470/852 5226/4469/5223
f 1973/500/1972 5229/4476/5226 851/4473/851
f 1973/500/1972 1566/499/1566 5229/4476/5226
f 1566/499/1566 444/4477/444 5229/4476/5226
f 2990/459/2988 5232/4483/5229 746/4480/746
f 2990/459/2988 3094/497/3092 5232/4483/5229
f 3094/497/3092 850/4484/850 5232/4483/5229
f 1971/496/1970 5235/4490/5232 849/4487/849
f 1971/496/1970 1567/495/1567 5235/4490/5232
f 1567/495/1567 445/4491/445 5235/4490/5232
f 2989/455/2987 5238/4497/5235 745/4494/745
f 2989/455/2987 3092/493/3090 5238/4497/5235
f 3092/493/3090 848/4498/848 5238/4497/5235
f 1969/492/1968 5241/4504/5238 847/4501/847
f 1969/492/1968 1568/491/1568 5241/4504/5238
f 1568/491/1568 446/4505/446 5241/4504/5238
f 2988/451/2986 5244/4511/5241 744/4508/744
f 2988/451/2986 3090/489/3088 5244/4511/5241
f 3090/489/3088 846/4512/846 5244/4511/5241
f 1967/488/1966 5247/4518/5244 845/4515/845
f 1967/488/1966 1569/487/1569 5247/4518/5244
f 1569/487/1569 447/4519/447 5247/4518/5244
f 2987/447/2985 5250/4525/5247 743/4522/743
f 2987/447/2985 3088/485/3086 5250/4525/5247
f 3088/485/3086 844/4526/844 5250/4525/5247
f 1965/484/1964 5253/4532/5250 843/4529/843
f 1965/484/1964 1570/483/1570 5253/4532/5250
f 1570/483/1570 448/4533/448 5253/4532/5250
f 2986/443/2984 5256/4539/5253 742/4536/742
f 2986/443/2984 3086/481/3084 5256/4539/5253
f 3086/481/3084 842/4540/842 5256/4539/5253
f 1963/480/1962 5259/4546/5256 841/4543/841
f 1963/480/1962 1571/479/1571 5259/4546/5256
f 1571/479/1571 449/4547/449 5259/4546/5256
f 2985/295/2983 5262/4553/5259 741/4550/741
f 2985/295/2983 3084/477/3082 5262/4553/5259
f 3084/477/3082 840/4554/840 5262/4553/5259
f 1961/476/1960 5265/4560/5262 839/4557/839
f 1961/476/1960 2984/475/2982 5265/4560/5262
f 2984/475/2982 740/4424/740 5265/4560/5262
f 2975/439/2973 5268/4565/5265 731/4562/731
f 2975/439/2973 3082/473/3080 5268/4565/5265
f 3082/473/3080 838/4566/838 5268/4565/5265
f 1959/472/1958 5271/4572/5268 837/4569/837
f 1959/472/1958 2993/471/2991 5271/4572/5268
f 2993/471/2991 749/4438/749 5271/4572/5268
f 2983/435/2981 5274/4577/5271 739/4574/739
f 2983/435/2981 3080/469/3078 5274/4577/5271
f 3080/469/3078 836/4578/836 5274/4577/5271
f 1957/468/1956 5277/4584/5274 835/4581/835
f 1957/468/1956 2992/467/2990 5277/4584/5274
f 2992/467/2990 748/4452/748 5277/4584/5274
f 2982/431/2980 5280/4589/5277 738/4586/738
f 2982/431/2980 3078/465/3076 5280/4589/5277
f 3078/465/3076 834/4590/834 5280/4589/5277
f 1955/464/1954 5283/4596/5280 833/4593/833
f 1955/464/1954 2991/463/2989 5283/4596/5280
f 2991/463/2989 747/4466/747 5283/4596/5280
f 2981/427/2979 5286/4601/5283 737/4598/737
f 2981/427/2979 3076/461/3074 5286/4601/5283
f 3076/461/3074 832/4602/832 5286/4601/5283
f 1953/460/1952 5289/4608/5286 831/4605/831
f 1953/460/1952 2990/459/2988 5289/4608/5286
f 2990/459/2988 746/4480/746 5289/4608/5286
f 2980/423/2978 5292/4613/5289 736/4610/736
f 2980/423/2978 3074/457/3072 5292/4613/5289
f 3074/457/3072 830/4614/830 5292/4613/5289
f 1951/456/1950 5295/4620/5292 829/4617/829
f 1951/456/1950 2989/455/2987 5295/4620/5292
f 2989/455/2987 745/4494/745 5295/4620/5292
f 2979/419/2977 5298/4625/5295 735/4622/735
f 2979/419/2977 3072/453/3070 5298/4625/5295
f 3072/453/3070 828/4626/828 5298/4625/5295
f 1949/452/1948 5301/4632/5298 827/4629/827
f 1949/452/1948 2988/451/2986 5301/4632/5298
f 2988/451/2986 744/4508/744 5301/4632/5298
f 2978/415/2976 5304/4637/5301 734/4634/734
f 2978/415/2976 3070/449/3068 5304/4637/5301
f 3070/449/3068 826/4638/826 5304/4637/5301
f 1947/448/1946 5307/4644/5304 825/4641/825
f 1947/448/1946 2987/447/2985 5307/4644/5304
f 2987/447/2985 743/4522/743 5307/4644/5304
f 2977/411/2975 5310/4649/5307 733/4646/733
f 2977/411/2975 3068/445/3066 5310/4649/5307
f 3068/445/3066 824/4650/824 5310/4649/5307
f 1945/444/1944 5313/4656/5310 823/4653/823
f 1945/444/1944 2986/443/2984 5313/4656/5310
f 2986/443/2984 742/4536/742 5313/4656/5310
f 2976/292/2974 5316/4661/5313 732/4658/732
f 2976/292/2974 3066/441/3064 5316/4661/5313
f 3066/441/3064 822/4662/822 5316/4661/5313
f 1943/440/1942 5319/4668/5316 821/4665/821
f 1943/440/1942 2975/439/2973 5319/4668/5316
f 2975/439/2973 731/4562/731 5319/4668/5316
f 2967/407/2965 5322/4673/5319 723/4670/723
f 2967/407/2965 3064/437/3062 5322/4673/5319
f 3064/437/3062 820/4674/820 5322/4673/5319
f 1941/436/1940 5325/4680/5322 819/4677/819
f 1941/436/1940 2983/435/2981 5325/4680/5322
f 2983/435/2981 739/4574/739 5325/4680/5322
f 2974/403/2972 5328/4685/5325 730/4682/730
f 2974/403/2972 3062/433/3060 5328/4685/5325
f 3062/433/3060 818/4686/818 5328/4685/5325
f 1939/432/1938 5331/4692/5328 817/4689/817
f 1939/432/1938 2982/431/2980 5331/4692/5328
f 2982/431/2980 738/4586/738 5331/4692/5328
f 2973/399/2971 5334/4697/5331 729/4694/729
f 2973/399/2971 3060/429/3058 5334/4697/5331
f 3060/429/3058 816/4698/816 5334/4697/5331
f 1937/428/1936 5337/4704/5334 815/4701/815
f 1937/428/1936 2981/427/2979 5337/4704/5334
f 2981/427/2979 737/4598/737 5337/4704/5334
f 2972/395/2970 5340/4709/5337 728/4706/728
f 2972/395/2970 3058/425/3056 5340/4709/5337
f 3058/425/3056 814/4710/814 5340/4709/5337
f 1935/424/1934 5343/4716/5340 813/4713/813
f 1935/424/1934 2980/423/2978 5343/4716/5340
f 2980/423/2978 736/4610/736 5343/4716/5340
f 2971/391/2969 5346/4721/5343 727/4718/727
f 2971/391/2969 3056/421/3054 5346/4721/5343
f 3056/421/3054 812/4722/812 5346/4721/5343
f 1933/420/1932 5349/4728/5346 811/4725/811
f 1933/420/1932 2979/419/2977 5349/4728/5346
f 2979/419/2977 735/4622/735 5349/4728/5346
f 2970/387/2968 5352/4733/5349 726/4730/726
f 2970/387/2968 3054/417/3052 5352/4733/5349
f 3054/417/3052 810/4734/810 5352/4733/5349
f 1931/416/1930 5355/4740/5352 809/4737/809
f 1931/416/1930 2978/415/2976 5355/4740/5352
f 2978/415/2976 734/4634/734 5355/4740/5352
f 2969/383/2967 5358/4745/5355 725/4742/725
f 2969/383/2967 3052/413/3050 5358/4745/5355
f 3052/413/3050 808/4746/808 5358/4745/5355
f 1929/412/1928 5361/4752/5358 807/4749/807
f 1929/412/1928 2977/411/2975 5361/4752/5358
f 2977/411/2975 733/4646/733 5361/4752/5358
f 2968/289/2966 5364/4757/5361 724/4754/724
f 2968/289/2966 3050/409/3048 5364/4757/5361
f 3050/409/3048 806/4758/806 5364/4757/5361
f 1927/408/1926 5367/4764/5364 805/4761/805
f 1927/408/1926 2967/407/2965 5367/4764/5364
f 2967/407/2965 723/4670/723 5367/4764/5364
f 2960/379/2958 5370/4769/5367 716/4766/716
f 2960/379/2958 3048/405/3046 5370/4769/5367
f 3048/405/3046 804/4770/804 5370/4769/5367
f 1925/404/1924 5373/4776/5370 803/4773/803
f 1925/404/1924 2974/403/2972 5373/4776/5370
f 2974/403/2972 730/4682/730 5373/4776/5370
f 2966/375/2964 5376/4781/5373 722/4778/722
f 2966/375/2964 3046/401/3044 5376/4781/5373
f 3046/401/3044 802/4782/802 5376/4781/5373
f 1923/400/1922 5379/4788/5376 801/4785/801
f 1923/400/1922 2973/399/2971 5379/4788/5376
f 2973/399/2971 729/4694/729 5379/4788/5376
f 2965/371/2963 5382/4793/5379 721/4790/721
f 2965/371/2963 3044/397/3042 5382/4793/5379
f 3044/397/3042 800/4794/800 5382/4793/5379
f 1921/396/1920 5385/4800/5382 799/4797/799
f 1921/396/1920 2972/395/2970 5385/4800/5382
f 2972/395/2970 728/4706/728 5385/4800/5382
f 2964/367/2962 5388/4805/5385 720/4802/720
f 2964/367/2962 3042/393/3040 5388/4805/5385
f 3042/393/3040 798/4806/798 5388/4805/5385
f 1919/392/1918 5391/4812/5388 797/4809/797
f 1919/392/1918 2971/391/2969 5391/4812/5388
f 2971/391/2969 727/4718/727 5391/4812/5388
f 2963/363/2961 5394/4817/5391 719/4814/719
f 2963/363/2961 3040/389/3038 5394/4817/5391
f 3040/389/3038 796/4818/796 5394/4817/5391
f 1917/388/1916 5397/4824/5394 795/4821/795
f 1917/388/1916 2970/387/2968 5397/4824/5394
f 2970/387/2968 726/4730/726 5397/4824/5394
f 2962/359/2960 5400/4829/5397 718/4826/718
f 2962/359/2960 3038/385/3036 5400/4829/5397
f 3038/385/3036 794/4830/794 5400/4829/5397
f 1915/384/1914 5403/4836/5400 793/4833/793
f 1915/384/1914 2969/383/2967 5403/4836/5400
f 2969/383/2967 725/4742/725 5403/4836/5400
f 2961/286/2959 5406/4841/5403 717/4838/717
f 2961/286/2959 3036/381/3034 5406/4841/5403
f 3036/381/3034 792/4842/792 5406/4841/5403
f 1913/380/1912 5409/4848/5406 791/4845/791
f 1913/380/1912 2960/379/2958 5409/4848/5406
f 2960/379/2958 716/4766/716 5409/4848/5406
f 2954/355/2952 5412/4853/5409 710/4850/710
f 2954/355/2952 3034/377/3032 5412/4853/5409
f 3034/377/3032 790/4854/790 5412/4853/5409
f 1911/376/1910 5415/4860/5412 789/4857/789
f 1911/376/1910 2966/375/2964 5415/4860/5412
f 2966/375/2964 722/4778/722 5415/4860/5412
f 2959/351/2957 5418/4865/5415 715/4862/715
f 2959/351/2957 3032/373/3030 5418/4865/5415
f 3032/373/3030 788/4866/788 5418/4865/5415
f 1909/372/1908 5421/4872/5418 787/4869/787
f 1909/372/1908 2965/371/2963 5421/4872/5418
f 2965/371/2963 721/4790/721 5421/4872/5418
f 2958/347/2956 5424/4877/5421 714/4874/714
f 2958/347/2956 3030/369/3028 5424/4877/5421
f 3030/369/3028 786/4878/786 5424/4877/5421
f 1907/368/1906 5427/4884/5424 785/4881/785
f 1907/368/1906 2964/367/2962 5427/4884/5424
f 2964/367/2962 720/4802/720 5427/4884/5424
f 2957/343/2955 5430/4889/5427 713/4886/713
f 2957/343/2955 3028/365/3026 5430/4889/5427
f 3028/365/3026 784/4890/784 5430/4889/5427
f 1905/364/1904 5433/4896/5430 783/4893/783
f 1905/364/1904 2963/363/2961 5433/4896/5430
f 2963/363/2961 719/4814/719 5433/4896/5430
f 2956/339/2954 5436/4901/5433 712/4898/712
f 2956/339/2954 3026/361/3024 5436/4901/5433
f 3026/361/3024 782/4902/782 5436/4901/5433
f 1903/360/1902 5439/4908/5436 781/4905/781
f 1903/360/1902 2962/359/2960 5439/4908/5436
f 2962/359/2960 718/4826/718 5439/4908/5436
f 2955/283/2953 5442/4913/5439 711/4910/711
f 2955/283/2953 3024/357/3022 5442/4913/5439
f 3024/357/3022 780/4914/780 5442/4913/5439
f 1901/356/1900 5445/4920/5442 779/4917/779
f 1901/356/1900 2954/355/2952 5445/4920/5442
f 2954/355/2952 710/4850/710 5445/4920/5442
f 2949/335/2947 5448/4925/5445 705/4922/705
f 2949/335/2947 3022/353/3020 5448/4925/5445
f 3022/353/3020 778/4926/778 5448/4925/5445
f 1899/352/1898 5451/4932/5448 777/4929/777
f 1899/352/1898 2959/351/2957 5451/4932/5448
f 2959/351/2957 715/4862/715 5451/4932/5448
f 2953/331/2951 5454/4937/5451 709/4934/709
f 2953/331/2951 3020/349/3018 5454/4937/5451
f 3020/349/3018 776/4938/776 5454/4937/5451
f 1897/348/1896 5457/4944/5454 775/4941/775
f 1897/348/1896 2958/347/2956 5457/4944/5454
f 2958/347/2956 714/4874/714 5457/4944/5454
f 2952/327/2950 5460/4949/5457 708/4946/708
f 2952/327/2950 3018/345/3016 5460/4949/5457
f 3018/345/3016 774/4950/774 5460/4949/5457
f 1895/344/1894 5463/4956/5460 773/4953/773
f 1895/344/1894 2957/343/2955 5463/4956/5460
f 2957/343/2955 713/4886/713 5463/4956/5460
f 2951/323/2949 5466/4961/5463 707/4958/707
f 2951/323/2949 3016/341/3014 5466/4961/5463
f 3016/341/3014 772/4962/772 5466/4961/5463
f 1893/340/1892 5469/4968/5466 771/4965/771
f 1893/340/1892 2956/339/2954 5469/4968/5466
f 2956/339/2954 712/4898/712 5469/4968/5466
f 2950/280/2948 5472/4973/5469 706/4970/706
f 2950/280/2948 3014/337/3012 5472/4973/5469
f 3014/337/3012 770/4974/770 5472/4973/5469
f 1891/336/1890 5475/4980/5472 769/4977/769
f 1891/336/1890 2949/335/2947 5475/4980/5472
f 2949/335/2947 705/4922/705 5475/4980/5472
f 2945/319/2943 5478/4985/5475 701/4982/701
f 2945/319/2943 3012/333/3010 5478/4985/5475
f 3012/333/3010 768/4986/768 5478/4985/5475
f 1889/332/1888 5481/4992/5478 767/4989/767
f 1889/332/1888 2953/331/2951 5481/4992/5478
f 2953/331/2951 709/4934/709 5481/4992/5478
f 2948/315/2946 5484/4997/5481 704/4994/704
f 2948/315/2946 3010/329/3008 5484/4997/5481
f 3010/329/3008 766/4998/766 5484/4997/5481
f 1887/328/1886 5487/5004/5484 765/5001/765
f 1887/328/1886 2952/327/2950 5487/5004/5484
f 2952/327/2950 708/4946/708 5487/5004/5484
f 2947/311/2945 5490/5009/5487 703/5006/703
f 2947/311/2945 3008/325/3006 5490/5009/5487
f 3008/325/3006 764/5010/764 5490/5009/5487
f 1885/324/1884 5493/5016/5490 763/5013/763
f 1885/324/1884 2951/323/2949 5493/5016/5490
f 2951/323/2949 707/4958/707 5493/5016/5490
f 2946/277/2944 5496/5021/5493 702/5018/702
f 2946/277/2944 3006/321/3004 5496/5021/5493
f 3006/321/3004 762/5022/762 5496/5021/5493
f 1883/320/1882 5499/5028/5496 761/5025/761
f 1883/320/1882 2945/319/2943 5499/5028/5496
f 2945/319/2943 701/4982/701 5499/5028/5496
f 2942/307/2940 5502/5033/5499 698/5030/698
f 2942/307/2940 3004/317/3002 5502/5033/5499
f 3004/317/3002 760/5034/760 5502/5033/5499
f 1881/316/1880 5505/5040/5502 759/5037/759
f 1881/316/1880 2948/315/2946 5505/5040/5502
f 2948/315/2946 704/4994/704 5505/5040/5502
f 2944/303/2942 5508/5045/5505 700/5042/700
f 2944/303/2942 3002/313/3000 5508/5045/5505
f 3002/313/3000 758/5046/758 5508/5045/5505
f 1879/312/1878 5511/5052/5508 757/5049/757
f 1879/312/1878 2947/311/2945 5511/5052/5508
f 2947/311/2945 703/5006/703 5511/5052/5508
f 2943/274/2941 5514/5057/5511 699/5054/699
f 2943/274/2941 3000/309/2998 5514/5057/5511
f 3000/309/2998 756/5058/756 5514/5057/5511
f 1877/308/1876 5517/5064/5514 755/5061/755
f 1877/308/1876 2942/307/2940 5517/5064/5514
f 2942/307/2940 698/5030/698 5517/5064/5514
f 2940/299/2938 5520/5069/5517 696/5066/696
f 2940/299/2938 2998/305/2996 5520/5069/5517
f 2998/305/2996 754/5070/754 5520/5069/5517
f 1875/304/1874 5523/5076/5520 753/5073/753
f 1875/304/1874 2944/303/2942 5523/5076/5520
f 2944/303/2942 700/5042/700 5523/5076/5520
f 2941/271/2939 5526/5081/5523 697/5078/697
f 2941/271/2939 2996/301/2994 5526/5081/5523
f 2996/301/2994 752/5082/752 5526/5081/5523
f 1873/300/1872 5529/5088/5526 751/5085/751
f 1873/300/1872 2940/299/2938 5529/5088/5526
f 2940/299/2938 696/5066/696 5529/5088/5526
f 2939/268/2937 5532/5093/5529 695/5090/695
f 2939/268/2937 2994/297/2992 5532/5093/5529
f 2994/297/2992 750/5094/750 5532/5093/5529
f 2765/296/2763 5535/5100/5532 521/5097/521
f 2765/296/2763 2985/295/2983 5535/5100/5532
f 2985/295/2983 741/4550/741 5535/5100/5532
f 2766/293/2764 5538/5105/5535 522/5102/522
f 2766/293/2764 2976/292/2974 5538/5105/5535
f 2976/292/2974 732/4658/732 5538/5105/5535
f 2767/290/2765 5541/5110/5538 523/5107/523
f 2767/290/2765 2968/289/2966 5541/5110/5538
f 2968/289/2966 724/4754/724 5541/5110/5538
f 2768/287/2766 5544/5115/5541 524/5112/524
f 2768/287/2766 2961/286/2959 5544/5115/5541
f 2961/286/2959 717/4838/717 5544/5115/5541
f 2769/284/2767 5547/5120/5544 525/5117/525
f 2769/284/2767 2955/283/2953 5547/5120/5544
f 2955/283/2953 711/4910/711 5547/5120/5544
f 2770/281/2768 5550/5125/5547 526/5122/526
f 2770/281/2768 2950/280/2948 5550/5125/5547
f 2950/280/2948 706/4970/706 5550/5125/5547
f 2771/278/2769 5553/5130/5550 527/5127/527
f 2771/278/2769 2946/277/2944 5553/5130/5550
f 2946/277/2944 702/5018/702 5553/5130/5550
f 2772/275/2770 5556/5135/5553 528/5132/528
f 2772/275/2770 2943/274/2941 5556/5135/5553
f 2943/274/2941 699/5054/699 5556/5135/5553
f 2773/272/2771 5559/5140/5556 529/5137/529
f 2773/272/2771 2941/271/2939 5559/5140/5556
f 2941/271/2939 697/5078/697 5559/5140/5556
f 2653/269/2652 5562/5145/5559 409/5142/409
f 2653/269/2652 2939/268/2937 5562/5145/5559
f 2939/268/2937 695/5090/695 5562/5145/5559
f 1816/266/1815 5565/5150/5562 694/5147/694
f 1816/266/1815 1592/265/1591 5565/5150/5562
f 1592/265/1591 470/2222/470 5565/5150/5562
f 2819/225/2817 5568/5155/5565 575/5152/575
f 2819/225/2817 2937/263/2935 5568/5155/5565
f 2937/263/2935 693/5156/693 5568/5155/5565
f 1814/262/1813 5571/5162/5568 692/5159/692
f 1814/262/1813 1593/261/1592 5571/5162/5568
f 1593/261/1592 471/2217/471 5571/5162/5568
f 2828/221/2826 5574/5167/5571 584/5164/584
f 2828/221/2826 2935/259/2933 5574/5167/5571
f 2935/259/2933 691/5168/691 5574/5167/5571
f 1812/258/1811 5577/5174/5574 690/5171/690
f 1812/258/1811 1594/257/1593 5577/5174/5574
f 1594/257/1593 472/2212/472 5577/5174/5574
f 2827/217/2825 5580/5179/5577 583/5176/583
f 2827/217/2825 2933/255/2931 5580/5179/5577
f 2933/255/2931 689/5180/689 5580/5179/5577
f 1810/254/1809 5583/5186/5580 688/5183/688
f 1810/254/1809 1595/253/1594 5583/5186/5580
f 1595/253/1594 473/2207/473 5583/5186/5580
f 2826/213/2824 5586/5191/5583 582/5188/582
f 2826/213/2824 2931/251/2929 5586/5191/5583
f 2931/251/2929 687/5192/687 5586/5191/5583
f 1808/250/1807 5589/5198/5586 686/5195/686
f 1808/250/1807 1596/249/1595 5589/5198/5586
f 1596/249/1595 474/2202/474 5589/5198/5586
f 2825/209/2823 5592/5203/5589 581/5200/581
f 2825/209/2823 2929/247/2927 5592/5203/5589
f 2929/247/2927 685/5204/685 5592/5203/5589
f 1806/246/1805 5595/5210/5592 684/5207/684
f 1806/246/1805 1597/245/1596 5595/5210/5592
f 1597/245/1596 475/2197/475 5595/5210/5592
f 2824/205/2822 5598/5215/5595 580/5212/580
f 2824/205/2822 2927/243/2925 5598/5215/5595
f 2927/243/2925 683/5216/683 5598/5215/5595
f 1804/242/1803 5601/5222/5598 682/5219/682
f 1804/242/1803 1598/241/1597 5601/5222/5598
f 1598/241/1597 476/2192/476 5601/5222/5598
f 2823/201/2821 5604/5227/5601 579/5224/579
f 2823/201/2821 2925/239/2923 5604/5227/5601
f 2925/239/2923 681/5228/681 5604/5227/5601
f 1802/238/1801 5607/5234/5604 680/5231/680
f 1802/238/1801 1599/237/1598 5607/5234/5604
f 1599/237/1598 477/2187/477 5607/5234/5604
f 2822/197/2820 5610/5239/5607 578/5236/578
f 2822/197/2820 2923/235/2921 5610/5239/5607
f 2923/235/2921 679/5240/679 5610/5239/5607
f 1800/234/1799 5613/5246/5610 678/5243/678
f 1800/234/1799 1600/233/1599 5613/5246/5610
f 1600/233/1599 478/2182/478 5613/5246/5610
f 2821/193/2819 5616/5251/5613 577/5248/577
f 2821/193/2819 2921/231/2919 5616/5251/5613
f 2921/231/2919 677/5252/677 5616/5251/5613
f 1798/230/1797 5619/5258/5616 676/5255/676
f 1798/230/1797 1601/229/1600 5619/5258/5616
f 1601/229/1600 479/2177/479 5619/5258/5616
f 2820/45/2818 5622/5263/5619 576/5260/576
f 2820/45/2818 2919/227/2917 5622/5263/5619
f 2919/227/2917 675/5264/675 5622/5263/5619
f 1796/226/1795 5625/5270/5622 674/5267/674
f 1796/226/1795 2819/225/2817 5625/5270/5622
f 2819/225/2817 575/5152/575 5625/5270/5622
f 2810/189/2808 5628/5275/5625 566/5272/566
f 2810/189/2808 2917/223/2915 5628/5275/5625
f 2917/223/2915 673/5276/673 5628/5275/5625
f 1794/222/1793 5631/5282/5628 672/5279/672
f 1794/222/1793 2828/221/2826 5631/5282/5628
f 2828/221/2826 584/5164/584 5631/5282/5628
f 2818/185/2816 5634/5287/5631 574/5284/574
f 2818/185/2816 2915/219/2913 5634/5287/5631
f 2915/219/2913 671/5288/671 5634/5287/5631
f 1792/218/1791 5637/5294/5634 670/5291/670
f 1792/218/1791 2827/217/2825 5637/5294/5634
f 2827/217/2825 583/5176/583 5637/5294/5634
f 2817/181/2815 5640/5299/5637 573/5296/573
f 2817/181/2815 2913/215/2911 5640/5299/5637
f 2913/215/2911 669/5300/669 5640/5299/5637
f 1790/214/1789 5643/5306/5640 668/5303/668
f 1790/214/1789 2826/213/2824 5643/5306/5640
f 2826/213/2824 582/5188/582 5643/5306/5640
f 2816/177/2814 5646/5311/5643 572/5308/572
f 2816/177/2814 2911/211/2909 5646/5311/5643
f 2911/211/2909 667/5312/667 5646/5311/5643
f 1788/210/1787 5649/5318/5646 666/5315/666
f 1788/210/1787 2825/209/2823 5649/5318/5646
f 2825/209/2823 581/5200/581 5649/5318/5646
f 2815/173/2813 5652/5323/5649 571/5320/571
f 2815/173/2813 2909/207/2907 5652/5323/5649
f 2909/207/2907 665/5324/665 5652/5323/5649
f 1786/206/1785 5655/5330/5652 664/5327/664
f 1786/206/1785 2824/205/2822 5655/5330/5652
f 2824/205/2822 580/5212/580 5655/5330/5652
f 2814/169/2812 5658/5335/5655 570/5332/570
f 2814/169/2812 2907/203/2905 5658/5335/5655
f 2907/203/2905 663/5336/663 5658/5335/5655
f 1784/202/1783 5661/5342/5658 662/5339/662
f 1784/202/1783 2823/201/2821 5661/5342/5658
f 2823/201/2821 579/5224/579 5661/5342/5658
f 2813/165/2811 5664/5347/5661 569/5344/569
f 2813/165/2811 2905/199/2903 5664/5347/5661
f 2905/199/2903 661/5348/661 5664/5347/5661
f 1782/198/1781 5667/5354/5664 660/5351/660
f 1782/198/1781 2822/197/2820 5667/5354/5664
f 2822/197/2820 578/5236/578 5667/5354/5664
f 2812/161/2810 5670/5359/5667 568/5356/568
f 2812/161/2810 2903/195/2901 5670/5359/5667
f 2903/195/2901 659/5360/659 5670/5359/5667
f 1780/194/1779 5673/5366/5670 658/5363/658
f 1780/194/1779 2821/193/2819 5673/5366/5670
f 2821/193/2819 577/5248/577 5673/5366/5670
f 2811/42/2809 5676/5371/5673 567/5368/567
f 2811/42/2809 2901/191/2899 5676/5371/5673
f 2901/191/2899 657/5372/657 5676/5371/5673
f 1778/190/1777 5679/5378/5676 656/5375/656
f 1778/190/1777 2810/189/2808 5679/5378/5676
f 2810/189/2808 566/5272/566 5679/5378/5676
f 2802/157/2800 5682/5383/5679 558/5380/558
f 2802/157/2800 2899/187/2897 5682/5383/5679
f 2899/187/2897 655/5384/655 5682/5383/5679
f 1776/186/1775 5685/5390/5682 654/5387/654
f 1776/186/1775 2818/185/2816 5685/5390/5682
f 2818/185/2816 574/5284/574 5685/5390/5682
f 2809/153/2807 5688/5395/5685 565/5392/565
f 2809/153/2807 2897/183/2895 5688/5395/5685
f 2897/183/2895 653/5396/653 5688/5395/5685
f 1774/182/1773 5691/5402/5688 652/5399/652
f 1774/182/1773 2817/181/2815 5691/5402/5688
f 2817/181/2815 573/5296/573 5691/5402/5688
f 2808/149/2806 5694/5407/5691 564/5404/564
f 2808/149/2806 2895/179/2893 5694/5407/5691
f 2895/179/2893 651/5408/651 5694/5407/5691
f 1772/178/1771 5697/5414/5694 650/5411/650
f 1772/178/1771 2816/177/2814 5697/5414/5694
f 2816/177/2814 572/5308/572 5697/5414/5694
f 2807/145/2805 5700/5419/5697 563/5416/563
f 2807/145/2805 2893/175/2891 5700/5419/5697
f 2893/175/2891 649/5420/649 5700/5419/5697
f 1770/174/1769 5703/5426/5700 648/5423/648
f 1770/174/1769 2815/173/2813 5703/5426/5700
f 2815/173/2813 571/5320/571 5703/5426/5700
f 2806/141/2804 5706/5431/5703 562/5428/562
f 2806/141/2804 2891/171/2889 5706/5431/5703
f 2891/171/2889 647/5432/647 5706/5431/5703
f 1768/170/1767 5709/5438/5706 646/5435/646
f 1768/170/1767 2814/169/2812 5709/5438/5706
f 2814/169/2812 570/5332/570 5709/5438/5706
f 2805/137/2803 5712/5443/5709 561/5440/561
f 2805/137/2803 2889/167/2887 5712/5443/5709
f 2889/167/2887 645/5444/645 5712/5443/5709
f 1766/166/1765 5715/5450/5712 644/5447/644
f 1766/166/1765 2813/165/2811 5715/5450/5712
f 2813/165/2811 569/5344/569 5715/5450/5712
f 2804/133/2802 5718/5455/5715 560/5452/560
f 2804/133/2802 2887/163/2885 5718/5455/5715
f 2887/163/2885 643/5456/643 5718/5455/5715
f 1764/162/1763 5721/5462/5718 642/5459/642
f 1764/162/1763 2812/161/2810 5721/5462/5718
f 2812/161/2810 568/5356/568 5721/5462/5718
f 2803/39/2801 5724/5467/5721 559/5464/559
f 2803/39/2801 2885/159/2883 5724/5467/5721
f 2885/159/2883 641/5468/641 5724/5467/5721
f 1762/158/1761 5727/5474/5724 640/5471/640
f 1762/158/1761 2802/157/2800 5727/5474/5724
f 2802/157/2800 558/5380/558 5727/5474/5724
f 2795/129/2793 5730/5479/5727 551/5476/551
f 2795/129/2793 2883/155/2881 5730/5479/5727
f 2883/155/2881 639/5480/639 5730/5479/5727
f 1760/154/1759 5733/5486/5730 638/5483/638
f 1760/154/1759 2809/153/2807 5733/5486/5730
f 2809/153/2807 565/5392/565 5733/5486/5730
f 2801/125/2799 5736/5491/5733 557/5488/557
f 2801/125/2799 2881/151/2879 5736/5491/5733
f 2881/151/2879 637/5492/637 5736/5491/5733
f 1758/150/1757 5739/5498/5736 636/5495/636
f 1758/150/1757 2808/149/2806 5739/5498/5736
f 2808/149/2806 564/5404/564 5739/5498/5736
f 2800/121/2798 5742/5503/5739 556/5500/556
f 2800/121/2798 2879/147/2877 5742/5503/5739
f 2879/147/2877 635/5504/635 5742/5503/5739
f 1756/146/1755 5745/5510/5742 634/5507/634
f 1756/146/1755 2807/145/2805 5745/5510/5742
f 2807/145/2805 563/5416/563 5745/5510/5742
f 2799/117/2797 5748/5515/5745 555/5512/555
f 2799/117/2797 2877/143/2875 5748/5515/5745
f 2877/143/2875 633/5516/633 5748/5515/5745
f 1754/142/1753 5751/5522/5748 632/5519/632
f 1754/142/1753 2806/141/2804 5751/5522/5748
f 2806/141/2804 562/5428/562 5751/5522/5748
f 2798/113/2796 5754/5527/5751 554/5524/554
f 2798/113/2796 2875/139/2873 5754/5527/5751
f 2875/139/2873 631/5528/631 5754/5527/5751
f 1752/138/1751 5757/5534/5754 630/5531/630
f 1752/138/1751 2805/137/2803 5757/5534/5754
f 2805/137/2803 561/5440/561 5757/5534/5754
f 2797/109/2795 5760/5539/5757 553/5536/553
f 2797/109/2795 2873/135/2871 5760/5539/5757
f 2873/135/2871 629/5540/629 5760/5539/5757
f 1750/134/1749 5763/5546/5760 628/5543/628
f 1750/134/1749 2804/133/2802 5763/5546/5760
f 2804/133/2802 560/5452/560 5763/5546/5760
f 2796/36/2794 5766/5551/5763 552/5548/552
f 2796/36/2794 2871/131/2869 5766/5551/5763
f 2871/131/2869 627/5552/627 5766/5551/5763
f 1748/130/1747 5769/5558/5766 626/5555/626
f 1748/130/1747 2795/129/2793 5769/5558/5766
f 2795/129/2793 551/5476/551 5769/5558/5766
f 2789/105/2787 5772/5563/5769 545/5560/545
f 2789/105/2787 2869/127/2867 5772/5563/5769
f 2869/127/2867 625/5564/625 5772/5563/5769
f 1746/126/1745 5775/5570/5772 624/5567/624
f 1746/126/1745 2801/125/2799 5775/5570/5772
f 2801/125/2799 557/5488/557 5775/5570/5772
f 2794/101/2792 5778/5575/5775 550/5572/550
f 2794/101/2792 2867/123/2865 5778/5575/5775
f 2867/123/2865 623/5576/623 5778/5575/5775
f 1744/122/1743 5781/5582/5778 622/5579/622
f 1744/122/1743 2800/121/2798 5781/5582/5778
f 2800/121/2798 556/5500/556 5781/5582/5778
f 2793/97/2791 5784/5587/5781 549/5584/549
f 2793/97/2791 2865/119/2863 5784/5587/5781
f 2865/119/2863 621/5588/621 5784/5587/5781
f 1742/118/1741 5787/5594/5784 620/5591/620
f 1742/118/1741 2799/117/2797 5787/5594/5784
f 2799/117/2797 555/5512/555 5787/5594/5784
f 2792/93/2790 5790/5599/5787 548/5596/548
f 2792/93/2790 2863/115/2861 5790/5599/5787
f 2863/115/2861 619/5600/619 5790/5599/5787
f 1740/114/1739 5793/5606/5790 618/5603/618
f 1740/114/1739 2798/113/2796 5793/5606/5790
f 2798/113/2796 554/5524/554 5793/5606/5790
f 2791/89/2789 5796/5611/5793 547/5608/547
f 2791/89/2789 2861/111/2859 5796/5611/5793
f 2861/111/2859 617/5612/617 5796/5611/5793
f 1738/110/1737 5799/5618/5796 616/5615/616
f 1738/110/1737 2797/109/2795 5799/5618/5796
f 2797/109/2795 553/5536/553 5799/5618/5796
f 2790/33/2788 5802/5623/5799 546/5620/546
f 2790/33/2788 2859/107/2857 5802/5623/5799
f 2859/107/2857 615/5624/615 5802/5623/5799
f 1736/106/1735 5805/5630/5802 614/5627/614
f 1736/106/1735 2789/105/2787 5805/5630/5802
f 2789/105/2787 545/5560/545 5805/5630/5802
f 2784/85/2782 5808/5635/5805 540/5632/540
f 2784/85/2782 2857/103/2855 5808/5635/5805
f 2857/103/2855 613/5636/613 5808/5635/5805
f 1734/102/1733 5811/5642/5808 612/5639/612
f 1734/102/1733 2794/101/2792 5811/5642/5808
f 2794/101/2792 550/5572/550 5811/5642/5808
f 2788/81/2786 5814/5647/5811 544/5644/544
f 2788/81/2786 2855/99/2853 5814/5647/5811
f 2855/99/2853 611/5648/611 5814/5647/5811
f 1732/98/1731 5817/5654/5814 610/5651/610
f 1732/98/1731 2793/97/2791 5817/5654/5814
f 2793/97/2791 549/5584/549 5817/5654/5814
f 2787/77/2785 5820/5659/5817 543/5656/543
f 2787/77/2785 2853/95/2851 5820/5659/5817
f 2853/95/2851 609/5660/609 5820/5659/5817
f 1730/94/1729 5823/5666/5820 608/5663/608
f 1730/94/1729 2792/93/2790 5823/5666/5820
f 2792/93/2790 548/5596/548 5823/5666/5820
f 2786/73/2784 5826/5671/5823 542/5668/542
f 2786/73/2784 2851/91/2849 5826/5671/5823
f 2851/91/2849 607/5672/607 5826/5671/5823
f 1728/90/1727 5829/5678/5826 606/5675/606
f 1728/90/1727 2791/89/2789 5829/5678/5826
f 2791/89/2789 547/5608/547 5829/5678/5826
f 2785/30/2783 5832/5683/5829 541/5680/541
f 2785/30/2783 2849/87/2847 5832/5683/5829
f 2849/87/2847 605/5684/605 5832/5683/5829
f 1726/86/1725 5835/5690/5832 604/5687/604
f 1726/86/1725 2784/85/2782 5835/5690/5832
f 2784/85/2782 540/5632/540 5835/5690/5832
f 2780/69/2778 5838/5695/5835 536/5692/536
f 2780/69/2778 2847/83/2845 5838/5695/5835
f 2847/83/2845 603/5696/603 5838/5695/5835
f 1724/82/1723 5841/5702/5838 602/5699/602
f 1724/82/1723 2788/81/2786 5841/5702/5838
f 2788/81/2786 544/5644/544 5841/5702/5838
f 2783/65/2781 5844/5707/5841 539/5704/539
f 2783/65/2781 2845/79/2843 5844/5707/5841
f 2845/79/2843 601/5708/601 5844/5707/5841
f 1722/78/1721 5847/5714/5844 600/5711/600
f 1722/78/1721 2787/77/2785 5847/5714/5844
f 2787/77/2785 543/5656/543 5847/5714/5844
f 2782/61/2780 5850/5719/5847 538/5716/538
f 2782/61/2780 2843/75/2841 5850/5719/5847
f 2843/75/2841 599/5720/599 5850/5719/5847
f 1720/74/1719 5853/5726/5850 598/5723/598
f 1720/74/1719 2786/73/2784 5853/5726/5850
f 2786/73/2784 542/5668/542 5853/5726/5850
f 2781/27/2779 5856/5731/5853 537/5728/537
f 2781/27/2779 2841/71/2839 5856/5731/5853
f 2841/71/2839 597/5732/597 5856/5731/5853
f 1718/70/1717 5859/5738/5856 596/5735/596
f 1718/70/1717 2780/69/2778 5859/5738/5856
f 2780/69/2778 536/5692/536 5859/5738/5856
f 2777/57/2775 5862/5743/5859 533/5740/533
f 2777/57/2775 2839/67/2837 5862/5743/5859
f 2839/67/2837 595/5744/595 5862/5743/5859
f 1716/66/1715 5865/5750/5862 594/5747/594
f 1716/66/1715 2783/65/2781 5865/5750/5862
f 2783/65/2781 539/5704/539 5865/5750/5862
f 2779/53/2777 5868/5755/5865 535/5752/535
f 2779/53/2777 2837/63/2835 5868/5755/5865
f 2837/63/2835 593/5756/593 5868/5755/5865
f 1714/62/1713 5871/5762/5868 592/5759/592
f 1714/62/1713 2782/61/2780 5871/5762/5868
f 2782/61/2780 538/5716/538 5871/5762/5868
f 2778/24/2776 5874/5767/5871 534/5764/534
f 2778/24/2776 2835/59/2833 5874/5767/5871
f 2835/59/2833 591/5768/591 5874/5767/5871
f 1712/58/1711 5877/5774/5874 590/5771/590
f 1712/58/1711 2777/57/2775 5877/5774/5874
f 2777/57/2775 533/5740/533 5877/5774/5874
f 2775/49/2773 5880/5779/5877 531/5776/531
f 2775/49/2773 2833/55/2831 5880/5779/5877
f 2833/55/2831 589/5780/589 5880/5779/5877
f 1710/54/1709 5883/5786/5880 588/5783/588
f 1710/54/1709 2779/53/2777 5883/5786/5880
f 2779/53/2777 535/5752/535 5883/5786/5880
f 2776/21/2774 5886/5791/5883 532/5788/532
f 2776/21/2774 2831/51/2829 5886/5791/5883
f 2831/51/2829 587/5792/587 5886/5791/5883
f 1708/50/1707 5889/5798/5886 586/5795/586
f 1708/50/1707 2775/49/2773 5889/5798/5886
f 2775/49/2773 531/5776/531 5889/5798/5886
f 2774/18/2772 5892/5803/5889 530/5800/530
f 2774/18/2772 2829/47/2827 5892/5803/5889
f 2829/47/2827 585/5804/585 5892/5803/5889
f 2695/46/2693 5895/5810/5892 451/5807/451
f 2695/46/2693 2820/45/2818 5895/5810/5892
f 2820/45/2818 576/5260/576 5895/5810/5892
f 2696/43/2694 5898/5815/5895 452/5812/452
f 2696/43/2694 2811/42/2809 5898/5815/5895
f 2811/42/2809 567/5368/567 5898/5815/5895
f 2697/40/2695 5901/5820/5898 453/5817/453
f 2697/40/2695 2803/39/2801 5901/5820/5898
f 2803/39/2801 559/5464/559 5901/5820/5898
f 2698/37/2696 5904/5825/5901 454/5822/454
f 2698/37/2696 2796/36/2794 5904/5825/5901
f 2796/36/2794 552/5548/552 5904/5825/5901
f 2699/34/2697 5907/5830/5904 455/5827/455
f 2699/34/2697 2790/33/2788 5907/5830/5904
f 2790/33/2788 546/5620/546 5907/5830/5904
f 2700/31/2698 5910/5835/5907 456/5832/456
f 2700/31/2698 2785/30/2783 5910/5835/5907
f 2785/30/2783 541/5680/541 5910/5835/5907
f 2701/28/2699 5913/5840/5910 457/5837/457
f 2701/28/2699 2781/27/2779 5913/5840/5910
f 2781/27/2779 537/5728/537 5913/5840/5910
f 2702/25/2700 5916/5845/5913 458/5842/458
f 2702/25/2700 2778/24/2776 5916/5845/5913
f 2778/24/2776 534/5764/534 5916/5845/5913
f 2703/22/2701 5919/5850/5916 459/5847/459
f 2703/22/2701 2776/21/2774 5919/5850/5916
f 2776/21/2774 532/5788/532 5919/5850/5916
f 2646/19/2645 5922/5855/5919 402/5852/402
f 2646/19/2645 2774/18/2772 5922/5855/5919
f 2774/18/2772 530/5800/530 5922/5855/5919
f 2694/16/2692 5925/5860/5922 450/5857/450
f 2694/16/2692 1526/3/1526 5925/5860/5922
f 1526/3/1526 404/5861/404 5925/5860/5922
f 2764/15/2762 5928/5867/5925 520/5864/520
f 2764/15/2762 1523/14/1523 5928/5867/5925
f 1523/14/1523 401/5868/401 5928/5867/5925
f 2724/12/2722 5931/5874/5928 480/5871/480
f 2724/12/2722 1522/11/1522 5931/5874/5928
f 1522/11/1522 400/5875/400 5931/5874/5928
f 2734/9/2732 5934/5881/5931 490/5878/490
f 2734/9/2732 1521/8/1521 5934/5881/5931
f 1521/8/1521 399/5882/399 5934/5881/5931
f 2744/6/2742 5937/5888/5934 500/5885/500
f 2744/6/2742 1520/5/1520 5937/5888/5934
f 1520/5/1520 398/5889/398 5937/5888/5934
f 1526/3/1526 5940/5893/5937 404/5861/404
f 1526/3/1526 1525/2/1525 5940/5893/5937
f 1525/2/1525 403/5894/403 5940/5893/5937
