# Blender 4.4.3
# www.blender.org
o Mountains_city
v -0.670000 -0.520000 -0.073403
v -0.666581 -0.510403 -0.018589
v -0.670000 -0.480000 -0.073403
v -0.666581 -0.489597 -0.018589
v -0.630000 -0.520000 -0.073403
v -0.633419 -0.510403 -0.018589
v -0.630000 -0.480000 -0.073403
v -0.633419 -0.489597 -0.018589
v -0.670000 -0.520000 -0.033153
v -0.670000 -0.480000 -0.033153
v -0.630000 -0.480000 -0.033153
v -0.630000 -0.520000 -0.033153
v -0.670000 -0.513424 -0.036795
v -0.670000 -0.486576 -0.043127
v -0.663424 -0.480000 -0.043127
v -0.636576 -0.480000 -0.043127
v -0.630000 -0.486576 -0.043127
v -0.630000 -0.513424 -0.043127
v -0.663424 -0.520000 -0.043127
v -0.670000 -0.498082 -0.043127
v -0.670000 -0.501918 -0.043127
v -0.670000 -0.505753 -0.043127
v -0.670000 -0.505753 -0.036795
v -0.670000 -0.498082 -0.036795
v -0.640411 -0.480000 -0.043127
v -0.648082 -0.480000 -0.043127
v -0.651918 -0.480000 -0.043127
v -0.648082 -0.480000 -0.036795
v -0.630000 -0.509589 -0.043127
v -0.630000 -0.505753 -0.043127
v -0.630000 -0.501918 -0.043127
v -0.630000 -0.498082 -0.043127
v -0.659589 -0.520000 -0.043127
v -0.651918 -0.520000 -0.043127
v -0.651918 -0.520000 -0.036795
v -0.670000 -0.490411 -0.043127
v -0.670000 -0.509589 -0.043127
v -0.670000 -0.509589 -0.036795
v -0.670000 -0.505753 -0.036795
v -0.670000 -0.501918 -0.036795
v -0.670000 -0.498082 -0.036795
v -0.670000 -0.494247 -0.036795
v -0.670000 -0.490411 -0.036795
v -0.640411 -0.480000 -0.043127
v -0.659589 -0.480000 -0.043127
v -0.659589 -0.480000 -0.036795
v -0.655753 -0.480000 -0.036795
v -0.651918 -0.480000 -0.036795
v -0.648082 -0.480000 -0.036795
v -0.644247 -0.480000 -0.036795
v -0.640411 -0.480000 -0.036795
v -0.630000 -0.509589 -0.043127
v -0.630000 -0.490411 -0.043127
v -0.630000 -0.490411 -0.036795
v -0.630000 -0.494247 -0.036795
v -0.630000 -0.498082 -0.036795
v -0.630000 -0.501918 -0.036795
v -0.630000 -0.505753 -0.036795
v -0.630000 -0.509589 -0.036795
v -0.659589 -0.520000 -0.043127
v -0.640411 -0.520000 -0.043127
v -0.640411 -0.520000 -0.036795
v -0.644247 -0.520000 -0.036795
v -0.648082 -0.520000 -0.036795
v -0.651918 -0.520000 -0.036795
v -0.655753 -0.520000 -0.036795
v -0.659589 -0.520000 -0.036795
v 0.620000 -0.380000 0.018918
v 0.620000 -0.420000 0.018918
v 0.580000 -0.420000 0.018918
v 0.580000 -0.380000 0.018918
v 0.620000 -0.420000 -0.065901
v 0.620000 -0.380000 -0.065901
v 0.580000 -0.420000 -0.065901
v 0.580000 -0.380000 -0.065901
v -0.520000 -0.420000 0.008754
v -0.520000 -0.380000 0.008754
v -0.480000 -0.380000 0.008754
v -0.480000 -0.420000 0.008754
v -0.520000 -0.380000 -0.076066
v -0.520000 -0.420000 -0.076066
v -0.480000 -0.380000 -0.076066
v -0.480000 -0.420000 -0.076066
v -0.370000 0.470000 -0.071957
v -0.360403 0.466581 -0.017143
v -0.330000 0.470000 -0.071957
v -0.339597 0.466581 -0.017143
v -0.370000 0.430000 -0.071957
v -0.360403 0.433419 -0.017143
v -0.330000 0.430000 -0.071957
v -0.339597 0.433419 -0.017143
v -0.370000 0.470000 -0.031708
v -0.330000 0.470000 -0.031708
v -0.330000 0.430000 -0.031708
v -0.370000 0.430000 -0.031708
v -0.336576 0.470000 -0.041681
v -0.330000 0.436576 -0.041681
v -0.363424 0.430000 -0.041681
v -0.370000 0.436576 -0.035349
v -0.370000 0.463424 -0.041681
v -0.340411 0.470000 -0.041681
v -0.344247 0.470000 -0.041681
v -0.348082 0.470000 -0.041681
v -0.351918 0.470000 -0.041681
v -0.355753 0.470000 -0.041681
v -0.351918 0.470000 -0.035349
v -0.348082 0.470000 -0.035349
v -0.344247 0.470000 -0.035349
v -0.330000 0.448082 -0.041681
v -0.330000 0.451918 -0.041681
v -0.330000 0.455753 -0.041681
v -0.330000 0.451918 -0.035349
v -0.359589 0.430000 -0.041681
v -0.355753 0.430000 -0.041681
v -0.351918 0.430000 -0.041681
v -0.348082 0.430000 -0.041681
v -0.344247 0.430000 -0.041681
v -0.348082 0.430000 -0.035349
v -0.351918 0.430000 -0.035349
v -0.355753 0.430000 -0.035349
v -0.359589 0.430000 -0.035349
v -0.340411 0.470000 -0.041681
v -0.359589 0.470000 -0.041681
v -0.359589 0.470000 -0.035349
v -0.355753 0.470000 -0.035349
v -0.351918 0.470000 -0.035349
v -0.348082 0.470000 -0.035349
v -0.344247 0.470000 -0.035349
v -0.340411 0.470000 -0.035349
v -0.330000 0.440411 -0.041681
v -0.330000 0.459589 -0.041681
v -0.330000 0.459589 -0.035349
v -0.330000 0.455753 -0.035349
v -0.330000 0.451918 -0.035349
v -0.330000 0.448082 -0.035349
v -0.330000 0.444247 -0.035349
v -0.330000 0.440411 -0.035349
v -0.359589 0.430000 -0.041681
v -0.340411 0.430000 -0.041681
v -0.340411 0.430000 -0.035349
v -0.344247 0.430000 -0.035349
v -0.348082 0.430000 -0.035349
v -0.351918 0.430000 -0.035349
v -0.355753 0.430000 -0.035349
v -0.359589 0.430000 -0.035349
v -0.370000 0.459589 -0.041681
v -0.370000 0.440411 -0.041681
v -0.370000 0.440411 -0.035349
v -0.370000 0.444247 -0.035349
v -0.370000 0.448082 -0.035349
v -0.370000 0.451918 -0.035349
v -0.370000 0.455753 -0.035349
v -0.370000 0.459589 -0.035349
v 0.430000 -0.330000 -0.050901
v 0.439597 -0.333419 0.003913
v 0.470000 -0.330000 -0.050901
v 0.460403 -0.333419 0.003913
v 0.430000 -0.370000 -0.050901
v 0.439597 -0.366581 0.003913
v 0.470000 -0.370000 -0.050901
v 0.460403 -0.366581 0.003913
v 0.430000 -0.330000 -0.010652
v 0.470000 -0.330000 -0.010652
v 0.470000 -0.370000 -0.010652
v 0.430000 -0.370000 -0.010652
v 0.436576 -0.330000 -0.020625
v 0.463424 -0.330000 -0.020625
v 0.470000 -0.336576 -0.020625
v 0.470000 -0.363424 -0.020625
v 0.463424 -0.370000 -0.020625
v 0.436576 -0.370000 -0.020625
v 0.430000 -0.363424 -0.020625
v 0.430000 -0.336576 -0.020625
v 0.459589 -0.330000 -0.020625
v 0.451918 -0.330000 -0.020625
v 0.448082 -0.330000 -0.020625
v 0.444247 -0.330000 -0.014293
v 0.470000 -0.359589 -0.020625
v 0.470000 -0.355753 -0.020625
v 0.470000 -0.351918 -0.020625
v 0.470000 -0.348082 -0.020625
v 0.470000 -0.344247 -0.020625
v 0.470000 -0.340411 -0.020625
v 0.440411 -0.370000 -0.020625
v 0.444247 -0.370000 -0.020625
v 0.448082 -0.370000 -0.020625
v 0.451918 -0.370000 -0.020625
v 0.455753 -0.370000 -0.020625
v 0.459589 -0.370000 -0.020625
v 0.430000 -0.340411 -0.020625
v 0.430000 -0.344247 -0.020625
v 0.430000 -0.348082 -0.020625
v 0.430000 -0.351918 -0.020625
v 0.430000 -0.355753 -0.020625
v 0.430000 -0.359589 -0.020625
v 0.459589 -0.330000 -0.020625
v 0.440411 -0.330000 -0.020625
v 0.440411 -0.330000 -0.014293
v 0.444247 -0.330000 -0.014293
v 0.448082 -0.330000 -0.014293
v 0.451918 -0.330000 -0.014293
v 0.455753 -0.330000 -0.014293
v 0.459589 -0.330000 -0.014293
v 0.470000 -0.359589 -0.020625
v 0.470000 -0.340411 -0.020625
v 0.470000 -0.340411 -0.014293
v 0.470000 -0.344247 -0.014293
v 0.470000 -0.348082 -0.014293
v 0.470000 -0.351918 -0.014293
v 0.470000 -0.355753 -0.014293
v 0.470000 -0.359589 -0.014293
v 0.440411 -0.370000 -0.020625
v 0.459589 -0.370000 -0.020625
v 0.459589 -0.370000 -0.014293
v 0.455753 -0.370000 -0.014293
v 0.451918 -0.370000 -0.014293
v 0.448082 -0.370000 -0.014293
v 0.444247 -0.370000 -0.014293
v 0.440411 -0.370000 -0.014293
v 0.430000 -0.340411 -0.020625
v 0.430000 -0.359589 -0.020625
v 0.430000 -0.359589 -0.014293
v 0.430000 -0.355753 -0.014293
v 0.430000 -0.351918 -0.014293
v 0.430000 -0.348082 -0.014293
v 0.430000 -0.344247 -0.014293
v 0.430000 -0.340411 -0.014293
v -0.630000 -0.380000 -0.067059
v -0.633419 -0.389597 -0.012244
v -0.630000 -0.420000 -0.067059
v -0.633419 -0.410403 -0.012244
v -0.670000 -0.380000 -0.067059
v -0.666581 -0.389597 -0.012244
v -0.670000 -0.420000 -0.067059
v -0.666582 -0.410403 -0.012244
v -0.630000 -0.380000 -0.026809
v -0.630000 -0.420000 -0.026809
v -0.670000 -0.420000 -0.026809
v -0.670000 -0.380000 -0.026809
v -0.630000 -0.386576 -0.036783
v -0.630000 -0.413424 -0.036783
v -0.636576 -0.420000 -0.036783
v -0.663424 -0.420000 -0.030451
v -0.663424 -0.420000 -0.036783
v -0.670000 -0.386576 -0.036783
v -0.663424 -0.380000 -0.030451
v -0.636576 -0.380000 -0.036783
v -0.630000 -0.401918 -0.036783
v -0.630000 -0.398082 -0.036783
v -0.630000 -0.394247 -0.036783
v -0.630000 -0.390411 -0.036783
v -0.651918 -0.420000 -0.036783
v -0.648082 -0.420000 -0.036783
v -0.644247 -0.420000 -0.030451
v -0.670000 -0.398082 -0.036783
v -0.670000 -0.401918 -0.036783
v -0.670000 -0.405753 -0.036783
v -0.670000 -0.401918 -0.030451
v -0.670000 -0.398082 -0.030451
v -0.670000 -0.394247 -0.030451
v -0.640411 -0.380000 -0.036783
v -0.644247 -0.380000 -0.036783
v -0.648082 -0.380000 -0.030451
v -0.630000 -0.409589 -0.036783
v -0.630000 -0.390411 -0.036783
v -0.630000 -0.390411 -0.030451
v -0.630000 -0.394247 -0.030451
v -0.630000 -0.398082 -0.030451
v -0.630000 -0.401918 -0.030451
v -0.630000 -0.405753 -0.030451
v -0.630000 -0.409589 -0.030451
v -0.659589 -0.420000 -0.036783
v -0.640411 -0.420000 -0.036783
v -0.640411 -0.420000 -0.030451
v -0.644247 -0.420000 -0.030451
v -0.648082 -0.420000 -0.030451
v -0.651918 -0.420000 -0.030451
v -0.655753 -0.420000 -0.030451
v -0.659589 -0.420000 -0.030451
v -0.670000 -0.390411 -0.036783
v -0.670000 -0.409589 -0.036783
v -0.670000 -0.409589 -0.030451
v -0.670000 -0.405753 -0.030451
v -0.670000 -0.401918 -0.030451
v -0.670000 -0.398082 -0.030451
v -0.670000 -0.394247 -0.030451
v -0.670000 -0.390411 -0.030451
v -0.640411 -0.380000 -0.036783
v -0.659589 -0.380000 -0.036783
v -0.659589 -0.380000 -0.030451
v -0.655753 -0.380000 -0.030451
v -0.651918 -0.380000 -0.030451
v -0.648082 -0.380000 -0.030451
v -0.644247 -0.380000 -0.030451
v -0.640411 -0.380000 -0.030451
v -0.380000 0.570000 -0.007843
v -0.380000 0.530000 -0.007843
v -0.420000 0.530000 -0.007843
v -0.420000 0.570000 -0.007843
v -0.380000 0.530000 -0.092663
v -0.380000 0.570000 -0.092663
v -0.420000 0.530000 -0.092663
v -0.420000 0.570000 -0.092663
v -0.480000 -0.430000 -0.060869
v -0.483419 -0.439597 -0.006055
v -0.480000 -0.470000 -0.060869
v -0.483419 -0.460403 -0.006055
v -0.520000 -0.430000 -0.060869
v -0.516581 -0.439597 -0.006055
v -0.520000 -0.470000 -0.060869
v -0.516581 -0.460403 -0.006055
v -0.480000 -0.430000 -0.020619
v -0.480000 -0.470000 -0.020619
v -0.520000 -0.470000 -0.020619
v -0.520000 -0.430000 -0.020619
v -0.486576 -0.470000 -0.030593
v -0.513424 -0.470000 -0.024261
v -0.520000 -0.463424 -0.030593
v -0.520000 -0.436576 -0.030593
v -0.480000 -0.455753 -0.030593
v -0.480000 -0.451918 -0.030593
v -0.480000 -0.448082 -0.030593
v -0.480000 -0.444247 -0.030593
v -0.501918 -0.470000 -0.030593
v -0.498082 -0.470000 -0.030593
v -0.494247 -0.470000 -0.024261
v -0.520000 -0.455753 -0.030593
v -0.520000 -0.459589 -0.030593
v -0.505753 -0.430000 -0.030593
v -0.490411 -0.430000 -0.024261
v -0.480000 -0.459589 -0.030593
v -0.480000 -0.440411 -0.030593
v -0.480000 -0.440411 -0.024261
v -0.480000 -0.444247 -0.024261
v -0.480000 -0.448082 -0.024261
v -0.480000 -0.451918 -0.024261
v -0.480000 -0.455753 -0.024261
v -0.480000 -0.459589 -0.024261
v -0.509589 -0.470000 -0.030593
v -0.490411 -0.470000 -0.030593
v -0.490411 -0.470000 -0.024261
v -0.494247 -0.470000 -0.024261
v -0.498082 -0.470000 -0.024261
v -0.501918 -0.470000 -0.024261
v -0.505753 -0.470000 -0.024261
v -0.509589 -0.470000 -0.024261
v -0.520000 -0.440411 -0.030593
v -0.520000 -0.459589 -0.030593
v -0.520000 -0.459589 -0.024261
v -0.520000 -0.455753 -0.024261
v -0.520000 -0.451918 -0.024261
v -0.520000 -0.448082 -0.024261
v -0.520000 -0.444247 -0.024261
v -0.520000 -0.440411 -0.024261
v -0.490411 -0.430000 -0.030593
v -0.509589 -0.430000 -0.030593
v -0.509589 -0.430000 -0.024261
v -0.505753 -0.430000 -0.024261
v -0.501918 -0.430000 -0.024261
v -0.498082 -0.430000 -0.024261
v -0.494247 -0.430000 -0.024261
v -0.490411 -0.430000 -0.024261
v 0.380000 0.380000 -0.077746
v 0.383419 0.389597 -0.022932
v 0.380000 0.420000 -0.077746
v 0.383419 0.410403 -0.022932
v 0.420000 0.380000 -0.077746
v 0.416581 0.389597 -0.022932
v 0.420000 0.420000 -0.077746
v 0.416581 0.410403 -0.022932
v 0.380000 0.380000 -0.037497
v 0.380000 0.420000 -0.037497
v 0.420000 0.420000 -0.037497
v 0.420000 0.380000 -0.037497
v 0.380000 0.386576 -0.047470
v 0.380000 0.413424 -0.047470
v 0.386576 0.420000 -0.047470
v 0.413424 0.420000 -0.047470
v 0.420000 0.413424 -0.047470
v 0.420000 0.386576 -0.047470
v 0.413424 0.380000 -0.047470
v 0.386576 0.380000 -0.047470
v 0.380000 0.409589 -0.047470
v 0.380000 0.405753 -0.047470
v 0.380000 0.401918 -0.047470
v 0.380000 0.398082 -0.047470
v 0.380000 0.394247 -0.047470
v 0.409589 0.420000 -0.047470
v 0.405753 0.420000 -0.047470
v 0.401918 0.420000 -0.047470
v 0.398082 0.420000 -0.047470
v 0.394247 0.420000 -0.047470
v 0.390411 0.420000 -0.047470
v 0.420000 0.390411 -0.047470
v 0.420000 0.398082 -0.047470
v 0.420000 0.401918 -0.047470
v 0.420000 0.405753 -0.047470
v 0.420000 0.409589 -0.047470
v 0.420000 0.401918 -0.041138
v 0.420000 0.398082 -0.041138
v 0.390411 0.380000 -0.047470
v 0.394247 0.380000 -0.047470
v 0.398082 0.380000 -0.047470
v 0.401918 0.380000 -0.047470
v 0.409589 0.380000 -0.047470
v 0.398082 0.380000 -0.041138
v 0.380000 0.409589 -0.047470
v 0.380000 0.390411 -0.047470
v 0.380000 0.390411 -0.041138
v 0.380000 0.394247 -0.041138
v 0.380000 0.398082 -0.041138
v 0.380000 0.401918 -0.041138
v 0.380000 0.405753 -0.041138
v 0.380000 0.409589 -0.041138
v 0.409589 0.420000 -0.047470
v 0.390411 0.420000 -0.047470
v 0.390411 0.420000 -0.041138
v 0.394247 0.420000 -0.041138
v 0.398082 0.420000 -0.041138
v 0.401918 0.420000 -0.041138
v 0.405753 0.420000 -0.041138
v 0.409589 0.420000 -0.041138
v 0.420000 0.390411 -0.047470
v 0.420000 0.409589 -0.047470
v 0.420000 0.409589 -0.041138
v 0.420000 0.405753 -0.041138
v 0.420000 0.401918 -0.041138
v 0.420000 0.398082 -0.041138
v 0.420000 0.394247 -0.041138
v 0.420000 0.390411 -0.041138
v 0.390411 0.380000 -0.047470
v 0.409589 0.380000 -0.047470
v 0.409589 0.380000 -0.041138
v 0.405753 0.380000 -0.041138
v 0.401918 0.380000 -0.041138
v 0.398082 0.380000 -0.041138
v 0.394247 0.380000 -0.041138
v 0.390411 0.380000 -0.041138
v -0.230000 0.480000 -0.069760
v -0.239597 0.483419 -0.014946
v -0.270000 0.480000 -0.069760
v -0.260403 0.483419 -0.014946
v -0.230000 0.520000 -0.069760
v -0.239597 0.516581 -0.014946
v -0.270000 0.520000 -0.069760
v -0.260403 0.516581 -0.014946
v -0.230000 0.480000 -0.029510
v -0.270000 0.480000 -0.029510
v -0.270000 0.520000 -0.029510
v -0.230000 0.520000 -0.029510
v -0.263424 0.480000 -0.039484
v -0.270000 0.486576 -0.039484
v -0.270000 0.486576 -0.033152
v -0.270000 0.513424 -0.039484
v -0.263424 0.520000 -0.039484
v -0.263424 0.520000 -0.033152
v -0.230000 0.486576 -0.039484
v -0.270000 0.494247 -0.039484
v -0.244247 0.520000 -0.039484
v -0.251918 0.520000 -0.039484
v -0.255753 0.520000 -0.033152
v -0.230000 0.490411 -0.039484
v -0.230000 0.494247 -0.039484
v -0.230000 0.505753 -0.039484
v -0.230000 0.498082 -0.033152
v -0.259589 0.480000 -0.039484
v -0.240411 0.480000 -0.039484
v -0.240411 0.480000 -0.033152
v -0.244247 0.480000 -0.033152
v -0.248082 0.480000 -0.033152
v -0.251918 0.480000 -0.033152
v -0.255753 0.480000 -0.033152
v -0.259589 0.480000 -0.033152
v -0.270000 0.509589 -0.039484
v -0.270000 0.490411 -0.039484
v -0.270000 0.490411 -0.033152
v -0.270000 0.494247 -0.033152
v -0.270000 0.498082 -0.033152
v -0.270000 0.501918 -0.033152
v -0.270000 0.505753 -0.033152
v -0.270000 0.509589 -0.033152
v -0.240411 0.520000 -0.039484
v -0.259589 0.520000 -0.039484
v -0.259589 0.520000 -0.033152
v -0.255753 0.520000 -0.033152
v -0.251918 0.520000 -0.033152
v -0.248082 0.520000 -0.033152
v -0.244247 0.520000 -0.033152
v -0.240411 0.520000 -0.033152
v -0.230000 0.490411 -0.039484
v -0.230000 0.509589 -0.039484
v -0.230000 0.509589 -0.033152
v -0.230000 0.505753 -0.033152
v -0.230000 0.501918 -0.033152
v -0.230000 0.498082 -0.033152
v -0.230000 0.494247 -0.033152
v -0.230000 0.490411 -0.033152
v 0.320000 -0.470000 -0.018842
v 0.280000 -0.470000 -0.018842
v 0.280000 -0.430000 -0.018842
v 0.320000 -0.430000 -0.018842
v 0.280000 -0.470000 -0.103662
v 0.320000 -0.470000 -0.103662
v 0.280000 -0.430000 -0.103662
v 0.320000 -0.430000 -0.103662
v -0.270000 0.570000 -0.000805
v -0.230000 0.570000 -0.000805
v -0.230000 0.530000 -0.000805
v -0.270000 0.530000 -0.000805
v -0.230000 0.570000 -0.085624
v -0.270000 0.570000 -0.085624
v -0.230000 0.530000 -0.085624
v -0.270000 0.530000 -0.085624
v 0.480000 0.330000 -0.011944
v 0.480000 0.370000 -0.011944
v 0.520000 0.370000 -0.011944
v 0.520000 0.330000 -0.011944
v 0.480000 0.370000 -0.096763
v 0.480000 0.330000 -0.096763
v 0.520000 0.370000 -0.096763
v 0.520000 0.330000 -0.096763
v 0.580000 -0.330000 -0.050107
v 0.589597 -0.333419 0.004707
v 0.620000 -0.330000 -0.050107
v 0.610403 -0.333419 0.004707
v 0.580000 -0.370000 -0.050107
v 0.589597 -0.366581 0.004707
v 0.620000 -0.370000 -0.050107
v 0.610403 -0.366581 0.004707
v 0.580000 -0.330000 -0.009857
v 0.620000 -0.330000 -0.009857
v 0.620000 -0.370000 -0.009857
v 0.580000 -0.370000 -0.009857
v 0.586576 -0.330000 -0.019831
v 0.620000 -0.336576 -0.013499
v 0.620000 -0.363424 -0.013499
v 0.613424 -0.370000 -0.019831
v 0.586576 -0.370000 -0.019831
v 0.580000 -0.363424 -0.013499
v 0.601918 -0.330000 -0.019831
v 0.601918 -0.330000 -0.013499
v 0.620000 -0.359589 -0.019831
v 0.620000 -0.355753 -0.019831
v 0.620000 -0.351918 -0.019831
v 0.620000 -0.348082 -0.019831
v 0.620000 -0.344247 -0.019831
v 0.620000 -0.340411 -0.019831
v 0.590411 -0.370000 -0.019831
v 0.594247 -0.370000 -0.019831
v 0.605753 -0.370000 -0.019831
v 0.605753 -0.370000 -0.013499
v 0.580000 -0.348082 -0.019831
v 0.580000 -0.351918 -0.019831
v 0.580000 -0.355753 -0.013499
v 0.609589 -0.330000 -0.019831
v 0.590411 -0.330000 -0.019831
v 0.590411 -0.330000 -0.013499
v 0.594247 -0.330000 -0.013499
v 0.598082 -0.330000 -0.013499
v 0.601918 -0.330000 -0.013499
v 0.605753 -0.330000 -0.013499
v 0.609589 -0.330000 -0.013499
v 0.620000 -0.359589 -0.019831
v 0.620000 -0.340411 -0.019831
v 0.620000 -0.340411 -0.013499
v 0.620000 -0.344247 -0.013499
v 0.620000 -0.348082 -0.013499
v 0.620000 -0.351918 -0.013499
v 0.620000 -0.355753 -0.013499
v 0.620000 -0.359589 -0.013499
v 0.590411 -0.370000 -0.019831
v 0.609589 -0.370000 -0.019831
v 0.609589 -0.370000 -0.013499
v 0.605753 -0.370000 -0.013499
v 0.601918 -0.370000 -0.013499
v 0.598082 -0.370000 -0.013499
v 0.594247 -0.370000 -0.013499
v 0.590411 -0.370000 -0.013499
v 0.580000 -0.340411 -0.019831
v 0.580000 -0.359589 -0.019831
v 0.580000 -0.359589 -0.013499
v 0.580000 -0.355753 -0.013499
v 0.580000 -0.351918 -0.013499
v 0.580000 -0.348082 -0.013499
v 0.580000 -0.344247 -0.013499
v 0.580000 -0.340411 -0.013499
v -0.380000 0.580000 -0.075192
v -0.389597 0.583419 -0.020378
v -0.420000 0.580000 -0.075192
v -0.410403 0.583419 -0.020378
v -0.380000 0.620000 -0.075192
v -0.389597 0.616581 -0.020378
v -0.420000 0.620000 -0.075192
v -0.410403 0.616581 -0.020378
v -0.380000 0.580000 -0.034942
v -0.420000 0.580000 -0.034942
v -0.420000 0.620000 -0.034942
v -0.380000 0.620000 -0.034942
v -0.386576 0.580000 -0.044916
v -0.420000 0.613424 -0.044916
v -0.380000 0.586576 -0.044916
v -0.405753 0.580000 -0.044916
v -0.401918 0.580000 -0.044916
v -0.398082 0.580000 -0.044916
v -0.394247 0.580000 -0.044916
v -0.390411 0.580000 -0.044916
v -0.390411 0.580000 -0.038584
v -0.394247 0.580000 -0.038584
v -0.398082 0.580000 -0.038584
v -0.401918 0.580000 -0.038584
v -0.405753 0.580000 -0.038584
v -0.420000 0.609589 -0.044916
v -0.420000 0.605753 -0.044916
v -0.420000 0.601918 -0.044916
v -0.420000 0.598082 -0.044916
v -0.420000 0.594247 -0.044916
v -0.394247 0.620000 -0.044916
v -0.398082 0.620000 -0.044916
v -0.401918 0.620000 -0.044916
v -0.405753 0.620000 -0.044916
v -0.380000 0.590411 -0.044916
v -0.380000 0.598082 -0.044916
v -0.380000 0.601918 -0.044916
v -0.380000 0.605753 -0.044916
v -0.380000 0.598082 -0.038584
v -0.409589 0.580000 -0.044916
v -0.390411 0.580000 -0.044916
v -0.390411 0.580000 -0.038584
v -0.394247 0.580000 -0.038584
v -0.398082 0.580000 -0.038584
v -0.401918 0.580000 -0.038584
v -0.405753 0.580000 -0.038584
v -0.409589 0.580000 -0.038584
v -0.420000 0.609589 -0.044916
v -0.420000 0.590411 -0.044916
v -0.420000 0.590411 -0.038584
v -0.420000 0.594247 -0.038584
v -0.420000 0.598082 -0.038584
v -0.420000 0.601918 -0.038584
v -0.420000 0.605753 -0.038584
v -0.420000 0.609589 -0.038584
v -0.390411 0.620000 -0.044916
v -0.409589 0.620000 -0.044916
v -0.409589 0.620000 -0.038584
v -0.405753 0.620000 -0.038584
v -0.401918 0.620000 -0.038584
v -0.398082 0.620000 -0.038584
v -0.394247 0.620000 -0.038584
v -0.390411 0.620000 -0.038584
v -0.380000 0.590411 -0.044916
v -0.380000 0.609589 -0.044916
v -0.380000 0.609589 -0.038584
v -0.380000 0.605753 -0.038584
v -0.380000 0.601918 -0.038584
v -0.380000 0.598082 -0.038584
v -0.380000 0.594247 -0.038584
v -0.380000 0.590411 -0.038584
v 0.580000 -0.330000 0.019475
v 0.620000 -0.330000 0.019475
v 0.620000 -0.370000 0.019475
v 0.580000 -0.370000 0.019475
v 0.620000 -0.330000 -0.065345
v 0.580000 -0.330000 -0.065345
v 0.620000 -0.370000 -0.065345
v 0.580000 -0.370000 -0.065345
v 0.270000 -0.430000 -0.094961
v 0.266581 -0.439597 -0.040147
v 0.270000 -0.470000 -0.094961
v 0.266581 -0.460403 -0.040147
v 0.230000 -0.430000 -0.094961
v 0.233419 -0.439597 -0.040147
v 0.230000 -0.470000 -0.094961
v 0.233419 -0.460403 -0.040147
v 0.270000 -0.430000 -0.054711
v 0.270000 -0.470000 -0.054711
v 0.230000 -0.470000 -0.054711
v 0.230000 -0.430000 -0.054711
v 0.270000 -0.436576 -0.064685
v 0.270000 -0.463424 -0.064685
v 0.263424 -0.470000 -0.064685
v 0.236576 -0.470000 -0.058353
v 0.230000 -0.436576 -0.064685
v 0.236576 -0.430000 -0.064685
v 0.263424 -0.430000 -0.058353
v 0.263424 -0.430000 -0.064685
v 0.270000 -0.459589 -0.064685
v 0.270000 -0.451918 -0.064685
v 0.270000 -0.448082 -0.064685
v 0.270000 -0.444247 -0.058353
v 0.270000 -0.451918 -0.058353
v 0.230000 -0.440411 -0.064685
v 0.230000 -0.455753 -0.064685
v 0.259589 -0.430000 -0.064685
v 0.255753 -0.430000 -0.064685
v 0.251918 -0.430000 -0.064685
v 0.248082 -0.430000 -0.064685
v 0.251918 -0.430000 -0.058353
v 0.255753 -0.430000 -0.058353
v 0.259589 -0.430000 -0.058353
v 0.270000 -0.459589 -0.064685
v 0.270000 -0.440411 -0.064685
v 0.270000 -0.440411 -0.058353
v 0.270000 -0.444247 -0.058353
v 0.270000 -0.448082 -0.058353
v 0.270000 -0.451918 -0.058353
v 0.270000 -0.455753 -0.058353
v 0.270000 -0.459589 -0.058353
v 0.240411 -0.470000 -0.064685
v 0.259589 -0.470000 -0.064685
v 0.259589 -0.470000 -0.058353
v 0.255753 -0.470000 -0.058353
v 0.251918 -0.470000 -0.058353
v 0.248082 -0.470000 -0.058353
v 0.244247 -0.470000 -0.058353
v 0.240411 -0.470000 -0.058353
v 0.230000 -0.440411 -0.064685
v 0.230000 -0.459589 -0.064685
v 0.230000 -0.459589 -0.058353
v 0.230000 -0.455753 -0.058353
v 0.230000 -0.451918 -0.058353
v 0.230000 -0.448082 -0.058353
v 0.230000 -0.444247 -0.058353
v 0.230000 -0.440411 -0.058353
v 0.259589 -0.430000 -0.064685
v 0.240411 -0.430000 -0.064685
v 0.240411 -0.430000 -0.058353
v 0.244247 -0.430000 -0.058353
v 0.248082 -0.430000 -0.058353
v 0.251918 -0.430000 -0.058353
v 0.255753 -0.430000 -0.058353
v 0.259589 -0.430000 -0.058353
v -0.330000 0.580000 -0.009186
v -0.370000 0.580000 -0.009186
v -0.370000 0.620000 -0.009186
v -0.330000 0.620000 -0.009186
v -0.370000 0.580000 -0.094006
v -0.330000 0.580000 -0.094006
v -0.370000 0.620000 -0.094006
v -0.330000 0.620000 -0.094006
v 0.270000 -0.570000 -0.095400
v 0.260403 -0.566581 -0.040586
v 0.230000 -0.570000 -0.095400
v 0.239597 -0.566581 -0.040586
v 0.270000 -0.530000 -0.095400
v 0.260403 -0.533419 -0.040586
v 0.230000 -0.530000 -0.095400
v 0.239597 -0.533419 -0.040586
v 0.270000 -0.570000 -0.055150
v 0.230000 -0.570000 -0.055150
v 0.230000 -0.530000 -0.055150
v 0.270000 -0.530000 -0.055150
v 0.230000 -0.563424 -0.065124
v 0.230000 -0.536576 -0.065124
v 0.270000 -0.536576 -0.065124
v 0.270000 -0.563424 -0.065124
v 0.244247 -0.570000 -0.065124
v 0.248082 -0.570000 -0.065124
v 0.251918 -0.570000 -0.065124
v 0.255753 -0.570000 -0.065124
v 0.230000 -0.540411 -0.065124
v 0.230000 -0.548082 -0.065124
v 0.230000 -0.548082 -0.058792
v 0.255753 -0.530000 -0.065124
v 0.251918 -0.530000 -0.065124
v 0.248082 -0.530000 -0.065124
v 0.244247 -0.530000 -0.065124
v 0.248082 -0.530000 -0.058792
v 0.251918 -0.530000 -0.058792
v 0.270000 -0.559589 -0.065124
v 0.270000 -0.544247 -0.065124
v 0.270000 -0.540411 -0.065124
v 0.240411 -0.570000 -0.065124
v 0.259589 -0.570000 -0.065124
v 0.259589 -0.570000 -0.058792
v 0.255753 -0.570000 -0.058792
v 0.251918 -0.570000 -0.058792
v 0.248082 -0.570000 -0.058792
v 0.244247 -0.570000 -0.058792
v 0.240411 -0.570000 -0.058792
v 0.230000 -0.540411 -0.065124
v 0.230000 -0.559589 -0.065124
v 0.230000 -0.559589 -0.058792
v 0.230000 -0.555753 -0.058792
v 0.230000 -0.551918 -0.058792
v 0.230000 -0.548082 -0.058792
v 0.230000 -0.544247 -0.058792
v 0.230000 -0.540411 -0.058792
v 0.259589 -0.530000 -0.065124
v 0.240411 -0.530000 -0.065124
v 0.240411 -0.530000 -0.058792
v 0.244247 -0.530000 -0.058792
v 0.248082 -0.530000 -0.058792
v 0.251918 -0.530000 -0.058792
v 0.255753 -0.530000 -0.058792
v 0.259589 -0.530000 -0.058792
v 0.270000 -0.559589 -0.065124
v 0.270000 -0.540411 -0.065124
v 0.270000 -0.540411 -0.058792
v 0.270000 -0.544247 -0.058792
v 0.270000 -0.548082 -0.058792
v 0.270000 -0.551918 -0.058792
v 0.270000 -0.555753 -0.058792
v 0.270000 -0.559589 -0.058792
v 0.430000 -0.570000 -0.054433
v 0.433419 -0.560403 0.000381
v 0.430000 -0.530000 -0.054433
v 0.433419 -0.539597 0.000381
v 0.470000 -0.570000 -0.054433
v 0.466581 -0.560403 0.000381
v 0.470000 -0.530000 -0.054433
v 0.466581 -0.539597 0.000381
v 0.430000 -0.570000 -0.014183
v 0.430000 -0.530000 -0.014183
v 0.470000 -0.530000 -0.014183
v 0.470000 -0.570000 -0.014183
v 0.430000 -0.536576 -0.024157
v 0.436576 -0.530000 -0.017825
v 0.470000 -0.536576 -0.024157
v 0.470000 -0.563424 -0.024157
v 0.463424 -0.570000 -0.017825
v 0.436576 -0.570000 -0.024157
v 0.430000 -0.544247 -0.024157
v 0.430000 -0.555753 -0.024157
v 0.430000 -0.555753 -0.017825
v 0.455753 -0.530000 -0.024157
v 0.444247 -0.530000 -0.024157
v 0.440411 -0.530000 -0.024157
v 0.451918 -0.530000 -0.017825
v 0.470000 -0.544247 -0.024157
v 0.470000 -0.540411 -0.017825
v 0.470000 -0.544247 -0.017825
v 0.448082 -0.570000 -0.024157
v 0.451918 -0.570000 -0.024157
v 0.455753 -0.570000 -0.024157
v 0.459589 -0.570000 -0.024157
v 0.448082 -0.570000 -0.017825
v 0.430000 -0.540411 -0.024157
v 0.430000 -0.559589 -0.024157
v 0.430000 -0.559589 -0.017825
v 0.430000 -0.555753 -0.017825
v 0.430000 -0.551918 -0.017825
v 0.430000 -0.548082 -0.017825
v 0.430000 -0.544247 -0.017825
v 0.430000 -0.540411 -0.017825
v 0.459589 -0.530000 -0.024157
v 0.440411 -0.530000 -0.024157
v 0.440411 -0.530000 -0.017825
v 0.444247 -0.530000 -0.017825
v 0.448082 -0.530000 -0.017825
v 0.451918 -0.530000 -0.017825
v 0.455753 -0.530000 -0.017825
v 0.459589 -0.530000 -0.017825
v 0.470000 -0.559589 -0.024157
v 0.470000 -0.540411 -0.024157
v 0.470000 -0.540411 -0.017825
v 0.470000 -0.544247 -0.017825
v 0.470000 -0.548082 -0.017825
v 0.470000 -0.551918 -0.017825
v 0.470000 -0.555753 -0.017825
v 0.470000 -0.559589 -0.017825
v 0.440411 -0.570000 -0.024157
v 0.459589 -0.570000 -0.024157
v 0.459589 -0.570000 -0.017825
v 0.455753 -0.570000 -0.017825
v 0.451918 -0.570000 -0.017825
v 0.448082 -0.570000 -0.017825
v 0.444247 -0.570000 -0.017825
v 0.440411 -0.570000 -0.017825
v 0.570000 -0.380000 -0.052157
v 0.566581 -0.389597 0.002657
v 0.570000 -0.420000 -0.052157
v 0.566581 -0.410403 0.002657
v 0.530000 -0.380000 -0.052157
v 0.533419 -0.389597 0.002657
v 0.530000 -0.420000 -0.052157
v 0.533419 -0.410403 0.002657
v 0.570000 -0.380000 -0.011908
v 0.570000 -0.420000 -0.011908
v 0.530000 -0.420000 -0.011908
v 0.530000 -0.380000 -0.011908
v 0.570000 -0.386576 -0.021881
v 0.563424 -0.420000 -0.021881
v 0.536576 -0.420000 -0.021881
v 0.530000 -0.413424 -0.021881
v 0.530000 -0.413424 -0.015549
v 0.530000 -0.386576 -0.021881
v 0.536576 -0.380000 -0.015549
v 0.563424 -0.380000 -0.021881
v 0.570000 -0.405753 -0.021881
v 0.570000 -0.401918 -0.021881
v 0.570000 -0.398082 -0.021881
v 0.570000 -0.394247 -0.021881
v 0.570000 -0.390411 -0.021881
v 0.540411 -0.420000 -0.021881
v 0.551918 -0.420000 -0.021881
v 0.530000 -0.390411 -0.021881
v 0.530000 -0.398082 -0.021881
v 0.530000 -0.401918 -0.021881
v 0.530000 -0.398082 -0.015549
v 0.530000 -0.394247 -0.015549
v 0.559589 -0.380000 -0.021881
v 0.551918 -0.380000 -0.021881
v 0.548082 -0.380000 -0.021881
v 0.544247 -0.380000 -0.015549
v 0.551918 -0.380000 -0.015549
v 0.570000 -0.409589 -0.021881
v 0.570000 -0.390411 -0.021881
v 0.570000 -0.390411 -0.015549
v 0.570000 -0.394247 -0.015549
v 0.570000 -0.398082 -0.015549
v 0.570000 -0.401918 -0.015549
v 0.570000 -0.405753 -0.015549
v 0.570000 -0.409589 -0.015549
v 0.540411 -0.420000 -0.021881
v 0.559589 -0.420000 -0.021881
v 0.559589 -0.420000 -0.015549
v 0.555753 -0.420000 -0.015549
v 0.551918 -0.420000 -0.015549
v 0.548082 -0.420000 -0.015549
v 0.544247 -0.420000 -0.015549
v 0.540411 -0.420000 -0.015549
v 0.530000 -0.390411 -0.021881
v 0.530000 -0.409589 -0.021881
v 0.530000 -0.409589 -0.015549
v 0.530000 -0.405753 -0.015549
v 0.530000 -0.401918 -0.015549
v 0.530000 -0.398082 -0.015549
v 0.530000 -0.394247 -0.015549
v 0.530000 -0.390411 -0.015549
v 0.559589 -0.380000 -0.021881
v 0.540411 -0.380000 -0.021881
v 0.540411 -0.380000 -0.015549
v 0.544247 -0.380000 -0.015549
v 0.548082 -0.380000 -0.015549
v 0.551918 -0.380000 -0.015549
v 0.555753 -0.380000 -0.015549
v 0.559589 -0.380000 -0.015549
v 0.580000 -0.470000 0.018606
v 0.580000 -0.430000 0.018606
v 0.620000 -0.430000 0.018606
v 0.620000 -0.470000 0.018606
v 0.580000 -0.430000 -0.066213
v 0.580000 -0.470000 -0.066213
v 0.620000 -0.430000 -0.066213
v 0.620000 -0.470000 -0.066213
v 0.270000 -0.570000 -0.025384
v 0.230000 -0.570000 -0.025384
v 0.230000 -0.530000 -0.025384
v 0.270000 -0.530000 -0.025384
v 0.230000 -0.570000 -0.110203
v 0.270000 -0.570000 -0.110203
v 0.230000 -0.530000 -0.110203
v 0.270000 -0.530000 -0.110203
v -0.570000 -0.420000 -0.061080
v -0.566581 -0.410403 -0.006266
v -0.570000 -0.380000 -0.061080
v -0.566581 -0.389597 -0.006266
v -0.530000 -0.420000 -0.061080
v -0.533419 -0.410403 -0.006266
v -0.530000 -0.380000 -0.061080
v -0.533419 -0.389597 -0.006266
v -0.570000 -0.420000 -0.020830
v -0.570000 -0.380000 -0.020830
v -0.530000 -0.380000 -0.020830
v -0.530000 -0.420000 -0.020830
v -0.570000 -0.413424 -0.024472
v -0.570000 -0.386576 -0.024472
v -0.563424 -0.380000 -0.024472
v -0.536576 -0.380000 -0.024472
v -0.536576 -0.380000 -0.030804
v -0.530000 -0.386576 -0.030804
v -0.530000 -0.413424 -0.030804
v -0.536576 -0.420000 -0.030804
v -0.536576 -0.420000 -0.024472
v -0.563424 -0.420000 -0.024472
v -0.570000 -0.398082 -0.030804
v -0.570000 -0.401918 -0.030804
v -0.570000 -0.405753 -0.024472
v -0.548082 -0.380000 -0.030804
v -0.548082 -0.380000 -0.024472
v -0.530000 -0.401918 -0.030804
v -0.530000 -0.398082 -0.030804
v -0.530000 -0.394247 -0.030804
v -0.530000 -0.390411 -0.030804
v -0.551918 -0.420000 -0.030804
v -0.548082 -0.420000 -0.030804
v -0.570000 -0.390411 -0.030804
v -0.570000 -0.409589 -0.030804
v -0.570000 -0.409589 -0.024472
v -0.570000 -0.405753 -0.024472
v -0.570000 -0.401918 -0.024472
v -0.570000 -0.398082 -0.024472
v -0.570000 -0.394247 -0.024472
v -0.570000 -0.390411 -0.024472
v -0.540411 -0.380000 -0.030804
v -0.559589 -0.380000 -0.030804
v -0.559589 -0.380000 -0.024472
v -0.555753 -0.380000 -0.024472
v -0.551918 -0.380000 -0.024472
v -0.548082 -0.380000 -0.024472
v -0.544247 -0.380000 -0.024472
v -0.540411 -0.380000 -0.024472
v -0.530000 -0.409589 -0.030804
v -0.530000 -0.390411 -0.030804
v -0.530000 -0.390411 -0.024472
v -0.530000 -0.394247 -0.024472
v -0.530000 -0.398082 -0.024472
v -0.530000 -0.401918 -0.024472
v -0.530000 -0.405753 -0.024472
v -0.530000 -0.409589 -0.024472
v -0.559589 -0.420000 -0.030804
v -0.540411 -0.420000 -0.030804
v -0.540411 -0.420000 -0.024472
v -0.544247 -0.420000 -0.024472
v -0.548082 -0.420000 -0.024472
v -0.551918 -0.420000 -0.024472
v -0.555753 -0.420000 -0.024472
v -0.559589 -0.420000 -0.024472
v 0.620000 -0.270000 0.029470
v 0.580000 -0.270000 0.029470
v 0.580000 -0.230000 0.029470
v 0.620000 -0.230000 0.029470
v 0.580000 -0.270000 -0.055349
v 0.620000 -0.270000 -0.055349
v 0.580000 -0.230000 -0.055349
v 0.620000 -0.230000 -0.055349
v -0.230000 0.630000 -0.077159
v -0.239597 0.633419 -0.022345
v -0.270000 0.630000 -0.077159
v -0.260403 0.633419 -0.022345
v -0.230000 0.670000 -0.077159
v -0.239597 0.666581 -0.022345
v -0.270000 0.670000 -0.077159
v -0.260403 0.666581 -0.022345
v -0.230000 0.630000 -0.036909
v -0.270000 0.630000 -0.036909
v -0.270000 0.670000 -0.036909
v -0.230000 0.670000 -0.036909
v -0.270000 0.636576 -0.046883
v -0.230000 0.663424 -0.046883
v -0.244247 0.630000 -0.046883
v -0.270000 0.655753 -0.046883
v -0.270000 0.651918 -0.046883
v -0.270000 0.648082 -0.046883
v -0.270000 0.644247 -0.040551
v -0.270000 0.655753 -0.040551
v -0.244247 0.670000 -0.046883
v -0.248082 0.670000 -0.046883
v -0.251918 0.670000 -0.046883
v -0.255753 0.670000 -0.046883
v -0.255753 0.670000 -0.040551
v -0.251918 0.670000 -0.040551
v -0.248082 0.670000 -0.040551
v -0.244247 0.670000 -0.040551
v -0.230000 0.644247 -0.046883
v -0.230000 0.648082 -0.046883
v -0.230000 0.651918 -0.046883
v -0.230000 0.659589 -0.046883
v -0.230000 0.648082 -0.040551
v -0.230000 0.644247 -0.040551
v -0.259589 0.630000 -0.046883
v -0.240411 0.630000 -0.046883
v -0.240411 0.630000 -0.040551
v -0.244247 0.630000 -0.040551
v -0.248082 0.630000 -0.040551
v -0.251918 0.630000 -0.040551
v -0.255753 0.630000 -0.040551
v -0.259589 0.630000 -0.040551
v -0.270000 0.659589 -0.046883
v -0.270000 0.640411 -0.046883
v -0.270000 0.640411 -0.040551
v -0.270000 0.644247 -0.040551
v -0.270000 0.648082 -0.040551
v -0.270000 0.651918 -0.040551
v -0.270000 0.655753 -0.040551
v -0.270000 0.659589 -0.040551
v -0.240411 0.670000 -0.046883
v -0.259589 0.670000 -0.046883
v -0.259589 0.670000 -0.040551
v -0.255753 0.670000 -0.040551
v -0.251918 0.670000 -0.040551
v -0.248082 0.670000 -0.040551
v -0.244247 0.670000 -0.040551
v -0.240411 0.670000 -0.040551
v -0.230000 0.640411 -0.046883
v -0.230000 0.659589 -0.046883
v -0.230000 0.659589 -0.040551
v -0.230000 0.655753 -0.040551
v -0.230000 0.651918 -0.040551
v -0.230000 0.648082 -0.040551
v -0.230000 0.644247 -0.040551
v -0.230000 0.640411 -0.040551
v -0.320000 0.570000 -0.075958
v -0.310403 0.566581 -0.021144
v -0.280000 0.570000 -0.075958
v -0.289597 0.566581 -0.021144
v -0.320000 0.530000 -0.075958
v -0.310403 0.533419 -0.021144
v -0.280000 0.530000 -0.075958
v -0.289597 0.533419 -0.021144
v -0.320000 0.570000 -0.035708
v -0.280000 0.570000 -0.035708
v -0.280000 0.530000 -0.035708
v -0.320000 0.530000 -0.035708
v -0.286576 0.570000 -0.045682
v -0.280000 0.536576 -0.045682
v -0.320000 0.563424 -0.039350
v -0.290411 0.570000 -0.045682
v -0.294247 0.570000 -0.045682
v -0.298082 0.570000 -0.045682
v -0.301918 0.570000 -0.045682
v -0.305753 0.570000 -0.045682
v -0.301918 0.570000 -0.039350
v -0.298082 0.570000 -0.039350
v -0.294247 0.570000 -0.039350
v -0.280000 0.540411 -0.045682
v -0.280000 0.544247 -0.045682
v -0.280000 0.555753 -0.045682
v -0.280000 0.540411 -0.039350
v -0.298082 0.530000 -0.045682
v -0.294247 0.530000 -0.045682
v -0.298082 0.530000 -0.039350
v -0.320000 0.551918 -0.045682
v -0.320000 0.548082 -0.045682
v -0.320000 0.544247 -0.045682
v -0.320000 0.544247 -0.039350
v -0.290411 0.570000 -0.045682
v -0.309589 0.570000 -0.045682
v -0.309589 0.570000 -0.039350
v -0.305753 0.570000 -0.039350
v -0.301918 0.570000 -0.039350
v -0.298082 0.570000 -0.039350
v -0.294247 0.570000 -0.039350
v -0.290411 0.570000 -0.039350
v -0.280000 0.540411 -0.045682
v -0.280000 0.559589 -0.045682
v -0.280000 0.559589 -0.039350
v -0.280000 0.555753 -0.039350
v -0.280000 0.551918 -0.039350
v -0.280000 0.548082 -0.039350
v -0.280000 0.544247 -0.039350
v -0.280000 0.540411 -0.039350
v -0.309589 0.530000 -0.045682
v -0.290411 0.530000 -0.045682
v -0.290411 0.530000 -0.039350
v -0.294247 0.530000 -0.039350
v -0.298082 0.530000 -0.039350
v -0.301918 0.530000 -0.039350
v -0.305753 0.530000 -0.039350
v -0.309589 0.530000 -0.039350
v -0.320000 0.559589 -0.045682
v -0.320000 0.540411 -0.045682
v -0.320000 0.540411 -0.039350
v -0.320000 0.544247 -0.039350
v -0.320000 0.548082 -0.039350
v -0.320000 0.551918 -0.039350
v -0.320000 0.555753 -0.039350
v -0.320000 0.559589 -0.039350
v 0.770000 -0.220000 -0.031754
v 0.760403 -0.216581 0.023061
v 0.730000 -0.220000 -0.031754
v 0.739597 -0.216581 0.023061
v 0.770000 -0.180000 -0.031754
v 0.760403 -0.183419 0.023061
v 0.730000 -0.180000 -0.031754
v 0.739597 -0.183419 0.023061
v 0.770000 -0.220000 0.008496
v 0.730000 -0.220000 0.008496
v 0.730000 -0.180000 0.008496
v 0.770000 -0.180000 0.008496
v 0.763424 -0.220000 0.004854
v 0.730000 -0.186576 -0.001477
v 0.763424 -0.180000 0.004854
v 0.770000 -0.186576 -0.001477
v 0.748082 -0.220000 -0.001477
v 0.751918 -0.220000 -0.001477
v 0.755753 -0.220000 -0.001477
v 0.759589 -0.220000 -0.001477
v 0.730000 -0.190411 -0.001477
v 0.730000 -0.194247 -0.001477
v 0.730000 -0.198082 -0.001477
v 0.730000 -0.201918 -0.001477
v 0.730000 -0.205753 -0.001477
v 0.759589 -0.180000 -0.001477
v 0.751918 -0.180000 -0.001477
v 0.748082 -0.180000 -0.001477
v 0.744247 -0.180000 -0.001477
v 0.770000 -0.205753 -0.001477
v 0.770000 -0.201918 -0.001477
v 0.770000 -0.194247 -0.001477
v 0.770000 -0.190411 -0.001477
v 0.770000 -0.201918 0.004854
v 0.770000 -0.205753 0.004854
v 0.740411 -0.220000 -0.001477
v 0.759589 -0.220000 -0.001477
v 0.759589 -0.220000 0.004854
v 0.755753 -0.220000 0.004854
v 0.751918 -0.220000 0.004854
v 0.748082 -0.220000 0.004854
v 0.744247 -0.220000 0.004854
v 0.740411 -0.220000 0.004854
v 0.730000 -0.190411 -0.001477
v 0.730000 -0.209589 -0.001477
v 0.730000 -0.209589 0.004854
v 0.730000 -0.205753 0.004854
v 0.730000 -0.201918 0.004854
v 0.730000 -0.198082 0.004854
v 0.730000 -0.194247 0.004854
v 0.730000 -0.190411 0.004854
v 0.759589 -0.180000 -0.001477
v 0.740411 -0.180000 -0.001477
v 0.740411 -0.180000 0.004854
v 0.744247 -0.180000 0.004854
v 0.748082 -0.180000 0.004854
v 0.751918 -0.180000 0.004854
v 0.755753 -0.180000 0.004854
v 0.759589 -0.180000 0.004854
v 0.770000 -0.209589 -0.001477
v 0.770000 -0.190411 -0.001477
v 0.770000 -0.190411 0.004854
v 0.770000 -0.194247 0.004854
v 0.770000 -0.198082 0.004854
v 0.770000 -0.201918 0.004854
v 0.770000 -0.205753 0.004854
v 0.770000 -0.209589 0.004854
v 0.080000 -0.480000 -0.017974
v 0.120000 -0.480000 -0.017974
v 0.120000 -0.520000 -0.017974
v 0.080000 -0.520000 -0.017974
v 0.120000 -0.480000 -0.102793
v 0.080000 -0.480000 -0.102793
v 0.120000 -0.520000 -0.102793
v 0.080000 -0.520000 -0.102793
v 0.330000 0.420000 -0.073061
v 0.339597 0.416581 -0.018247
v 0.370000 0.420000 -0.073061
v 0.360403 0.416581 -0.018247
v 0.330000 0.380000 -0.073061
v 0.339597 0.383419 -0.018247
v 0.370000 0.380000 -0.073061
v 0.360403 0.383419 -0.018247
v 0.330000 0.420000 -0.032811
v 0.370000 0.420000 -0.032811
v 0.370000 0.380000 -0.032811
v 0.330000 0.380000 -0.032811
v 0.363424 0.420000 -0.042785
v 0.370000 0.413424 -0.036453
v 0.370000 0.386576 -0.042785
v 0.363424 0.380000 -0.042785
v 0.336576 0.380000 -0.042785
v 0.330000 0.386576 -0.042785
v 0.344247 0.420000 -0.042785
v 0.370000 0.390411 -0.042785
v 0.370000 0.394247 -0.042785
v 0.370000 0.398082 -0.042785
v 0.370000 0.401918 -0.042785
v 0.370000 0.405753 -0.036453
v 0.340411 0.380000 -0.042785
v 0.344247 0.380000 -0.042785
v 0.348082 0.380000 -0.042785
v 0.351918 0.380000 -0.042785
v 0.330000 0.405753 -0.042785
v 0.330000 0.401918 -0.042785
v 0.330000 0.398082 -0.042785
v 0.330000 0.394247 -0.036453
v 0.330000 0.401918 -0.036453
v 0.330000 0.405753 -0.036453
v 0.359589 0.420000 -0.042785
v 0.340411 0.420000 -0.042785
v 0.340411 0.420000 -0.036453
v 0.344247 0.420000 -0.036453
v 0.348082 0.420000 -0.036453
v 0.351918 0.420000 -0.036453
v 0.355753 0.420000 -0.036453
v 0.359589 0.420000 -0.036453
v 0.370000 0.390411 -0.042785
v 0.370000 0.409589 -0.042785
v 0.370000 0.409589 -0.036453
v 0.370000 0.405753 -0.036453
v 0.370000 0.401918 -0.036453
v 0.370000 0.398082 -0.036453
v 0.370000 0.394247 -0.036453
v 0.370000 0.390411 -0.036453
v 0.340411 0.380000 -0.042785
v 0.359589 0.380000 -0.042785
v 0.359589 0.380000 -0.036453
v 0.355753 0.380000 -0.036453
v 0.351918 0.380000 -0.036453
v 0.348082 0.380000 -0.036453
v 0.344247 0.380000 -0.036453
v 0.340411 0.380000 -0.036453
v 0.330000 0.409589 -0.042785
v 0.330000 0.390411 -0.042785
v 0.330000 0.390411 -0.036453
v 0.330000 0.394247 -0.036453
v 0.330000 0.398082 -0.036453
v 0.330000 0.401918 -0.036453
v 0.330000 0.405753 -0.036453
v 0.330000 0.409589 -0.036453
v 0.470000 -0.420000 0.015073
v 0.430000 -0.420000 0.015073
v 0.430000 -0.380000 0.015073
v 0.470000 -0.380000 0.015073
v 0.430000 -0.420000 -0.069747
v 0.470000 -0.420000 -0.069747
v 0.430000 -0.380000 -0.069747
v 0.470000 -0.380000 -0.069747
v -0.280000 0.480000 -0.003625
v -0.320000 0.480000 -0.003625
v -0.320000 0.520000 -0.003625
v -0.280000 0.520000 -0.003625
v -0.320000 0.480000 -0.088445
v -0.280000 0.480000 -0.088445
v -0.320000 0.520000 -0.088445
v -0.280000 0.520000 -0.088445
v 0.580000 -0.430000 -0.052257
v 0.589597 -0.433419 0.002557
v 0.620000 -0.430000 -0.052257
v 0.610403 -0.433419 0.002557
v 0.580000 -0.470000 -0.052257
v 0.589597 -0.466581 0.002557
v 0.620000 -0.470000 -0.052257
v 0.610403 -0.466581 0.002557
v 0.580000 -0.430000 -0.012007
v 0.620000 -0.430000 -0.012007
v 0.620000 -0.470000 -0.012007
v 0.580000 -0.470000 -0.012007
v 0.586576 -0.430000 -0.021981
v 0.613424 -0.430000 -0.021981
v 0.620000 -0.436576 -0.015649
v 0.620000 -0.463424 -0.021981
v 0.613424 -0.470000 -0.015649
v 0.586576 -0.470000 -0.021981
v 0.580000 -0.463424 -0.015649
v 0.580000 -0.436576 -0.021981
v 0.601918 -0.430000 -0.021981
v 0.594247 -0.430000 -0.021981
v 0.594247 -0.430000 -0.015649
v 0.590411 -0.470000 -0.021981
v 0.594247 -0.470000 -0.021981
v 0.580000 -0.448082 -0.021981
v 0.580000 -0.455753 -0.021981
v 0.580000 -0.459589 -0.021981
v 0.580000 -0.448082 -0.015649
v 0.609589 -0.430000 -0.021981
v 0.590411 -0.430000 -0.021981
v 0.590411 -0.430000 -0.015649
v 0.594247 -0.430000 -0.015649
v 0.598082 -0.430000 -0.015649
v 0.601918 -0.430000 -0.015649
v 0.605753 -0.430000 -0.015649
v 0.609589 -0.430000 -0.015649
v 0.620000 -0.459589 -0.021981
v 0.620000 -0.440411 -0.021981
v 0.620000 -0.440411 -0.015649
v 0.620000 -0.444247 -0.015649
v 0.620000 -0.448082 -0.015649
v 0.620000 -0.451918 -0.015649
v 0.620000 -0.455753 -0.015649
v 0.620000 -0.459589 -0.015649
v 0.590411 -0.470000 -0.021981
v 0.609589 -0.470000 -0.021981
v 0.609589 -0.470000 -0.015649
v 0.605753 -0.470000 -0.015649
v 0.601918 -0.470000 -0.015649
v 0.598082 -0.470000 -0.015649
v 0.594247 -0.470000 -0.015649
v 0.590411 -0.470000 -0.015649
v 0.580000 -0.440411 -0.021981
v 0.580000 -0.459589 -0.021981
v 0.580000 -0.459589 -0.015649
v 0.580000 -0.455753 -0.015649
v 0.580000 -0.451918 -0.015649
v 0.580000 -0.448082 -0.015649
v 0.580000 -0.444247 -0.015649
v 0.580000 -0.440411 -0.015649
v 0.230000 -0.530000 -0.023454
v 0.270000 -0.530000 -0.023454
v 0.270000 -0.570000 -0.023454
v 0.230000 -0.570000 -0.023454
v 0.270000 -0.530000 -0.108273
v 0.230000 -0.530000 -0.108273
v 0.270000 -0.570000 -0.108273
v 0.230000 -0.570000 -0.108273
v -0.470000 0.570000 -0.073689
v -0.460403 0.566581 -0.018875
v -0.430000 0.570000 -0.073689
v -0.439597 0.566581 -0.018875
v -0.470000 0.530000 -0.073689
v -0.460403 0.533419 -0.018875
v -0.430000 0.530000 -0.073689
v -0.439597 0.533419 -0.018875
v -0.470000 0.570000 -0.033439
v -0.430000 0.570000 -0.033439
v -0.430000 0.530000 -0.033439
v -0.470000 0.530000 -0.033439
v -0.463424 0.570000 -0.043413
v -0.436576 0.570000 -0.043413
v -0.430000 0.563424 -0.037081
v -0.436576 0.530000 -0.043413
v -0.444247 0.570000 -0.043413
v -0.455753 0.570000 -0.043413
v -0.459589 0.570000 -0.043413
v -0.430000 0.548082 -0.043413
v -0.430000 0.551918 -0.043413
v -0.430000 0.555753 -0.037081
v -0.455753 0.530000 -0.043413
v -0.451918 0.530000 -0.043413
v -0.444247 0.530000 -0.043413
v -0.440411 0.530000 -0.043413
v -0.451918 0.530000 -0.037081
v -0.455753 0.530000 -0.037081
v -0.470000 0.555753 -0.043413
v -0.470000 0.551918 -0.043413
v -0.470000 0.548082 -0.043413
v -0.470000 0.544247 -0.043413
v -0.470000 0.555753 -0.037081
v -0.440411 0.570000 -0.043413
v -0.459589 0.570000 -0.043413
v -0.459589 0.570000 -0.037081
v -0.455753 0.570000 -0.037081
v -0.451918 0.570000 -0.037081
v -0.448082 0.570000 -0.037081
v -0.444247 0.570000 -0.037081
v -0.440411 0.570000 -0.037081
v -0.430000 0.540411 -0.043413
v -0.430000 0.559589 -0.043413
v -0.430000 0.559589 -0.037081
v -0.430000 0.555753 -0.037081
v -0.430000 0.551918 -0.037081
v -0.430000 0.548082 -0.037081
v -0.430000 0.544247 -0.037081
v -0.430000 0.540411 -0.037081
v -0.459589 0.530000 -0.043413
v -0.440411 0.530000 -0.043413
v -0.440411 0.530000 -0.037081
v -0.444247 0.530000 -0.037081
v -0.448082 0.530000 -0.037081
v -0.451918 0.530000 -0.037081
v -0.455753 0.530000 -0.037081
v -0.459589 0.530000 -0.037081
v -0.470000 0.559589 -0.043413
v -0.470000 0.540411 -0.043413
v -0.470000 0.540411 -0.037081
v -0.470000 0.544247 -0.037081
v -0.470000 0.548082 -0.037081
v -0.470000 0.551918 -0.037081
v -0.470000 0.555753 -0.037081
v -0.470000 0.559589 -0.037081
v -0.280000 0.520000 -0.074590
v -0.283419 0.510403 -0.019776
v -0.280000 0.480000 -0.074590
v -0.283419 0.489597 -0.019776
v -0.320000 0.520000 -0.074590
v -0.316581 0.510403 -0.019776
v -0.320000 0.480000 -0.074590
v -0.316581 0.489597 -0.019776
v -0.280000 0.520000 -0.034341
v -0.280000 0.480000 -0.034341
v -0.320000 0.480000 -0.034341
v -0.320000 0.520000 -0.034341
v -0.280000 0.513424 -0.044314
v -0.280000 0.486576 -0.044314
v -0.286576 0.480000 -0.044314
v -0.320000 0.513424 -0.044314
v -0.313424 0.520000 -0.044314
v -0.280000 0.494247 -0.044314
v -0.280000 0.498082 -0.044314
v -0.280000 0.501918 -0.044314
v -0.280000 0.498082 -0.037982
v -0.280000 0.494247 -0.037982
v -0.305753 0.480000 -0.044314
v -0.301918 0.480000 -0.037982
v -0.305753 0.480000 -0.037982
v -0.320000 0.505753 -0.044314
v -0.320000 0.501918 -0.044314
v -0.320000 0.498082 -0.044314
v -0.320000 0.494247 -0.044314
v -0.320000 0.498082 -0.037982
v -0.320000 0.501918 -0.037982
v -0.294247 0.520000 -0.044314
v -0.298082 0.520000 -0.044314
v -0.301918 0.520000 -0.044314
v -0.305753 0.520000 -0.037982
v -0.301918 0.520000 -0.037982
v -0.298082 0.520000 -0.037982
v -0.294247 0.520000 -0.037982
v -0.280000 0.490411 -0.044314
v -0.280000 0.509589 -0.044314
v -0.280000 0.509589 -0.037982
v -0.280000 0.505753 -0.037982
v -0.280000 0.501918 -0.037982
v -0.280000 0.498082 -0.037982
v -0.280000 0.494247 -0.037982
v -0.280000 0.490411 -0.037982
v -0.309589 0.480000 -0.044314
v -0.290411 0.480000 -0.044314
v -0.290411 0.480000 -0.037982
v -0.294247 0.480000 -0.037982
v -0.298082 0.480000 -0.037982
v -0.301918 0.480000 -0.037982
v -0.305753 0.480000 -0.037982
v -0.309589 0.480000 -0.037982
v -0.320000 0.509589 -0.044314
v -0.320000 0.490411 -0.044314
v -0.320000 0.490411 -0.037982
v -0.320000 0.494247 -0.037982
v -0.320000 0.498082 -0.037982
v -0.320000 0.501918 -0.037982
v -0.320000 0.505753 -0.037982
v -0.320000 0.509589 -0.037982
v -0.290411 0.520000 -0.044314
v -0.309589 0.520000 -0.044314
v -0.309589 0.520000 -0.037982
v -0.305753 0.520000 -0.037982
v -0.301918 0.520000 -0.037982
v -0.298082 0.520000 -0.037982
v -0.294247 0.520000 -0.037982
v -0.290411 0.520000 -0.037982
v 0.020000 0.830000 0.112558
v -0.020000 0.830000 0.112558
v -0.020000 0.870000 0.112558
v 0.020000 0.870000 0.112558
v -0.020000 0.830000 0.027739
v 0.020000 0.830000 0.027739
v -0.020000 0.870000 0.027739
v 0.020000 0.870000 0.027739
v -0.520000 -0.430000 -0.059955
v -0.510403 -0.433419 -0.005140
v -0.480000 -0.430000 -0.059955
v -0.489597 -0.433419 -0.005140
v -0.520000 -0.470000 -0.059955
v -0.510403 -0.466581 -0.005140
v -0.480000 -0.470000 -0.059955
v -0.489597 -0.466581 -0.005140
v -0.520000 -0.430000 -0.019705
v -0.480000 -0.430000 -0.019705
v -0.480000 -0.470000 -0.019705
v -0.520000 -0.470000 -0.019705
v -0.486576 -0.430000 -0.029678
v -0.480000 -0.436576 -0.023347
v -0.520000 -0.463424 -0.023347
v -0.498082 -0.430000 -0.029678
v -0.501918 -0.430000 -0.029678
v -0.505753 -0.430000 -0.029678
v -0.501918 -0.430000 -0.023347
v -0.480000 -0.455753 -0.029678
v -0.480000 -0.448082 -0.029678
v -0.480000 -0.444247 -0.023347
v -0.480000 -0.448082 -0.023347
v -0.480000 -0.451918 -0.023347
v -0.509589 -0.470000 -0.029678
v -0.505753 -0.470000 -0.029678
v -0.494247 -0.470000 -0.029678
v -0.494247 -0.470000 -0.023347
v -0.505753 -0.470000 -0.023347
v -0.490411 -0.430000 -0.029678
v -0.509589 -0.430000 -0.029678
v -0.509589 -0.430000 -0.023347
v -0.505753 -0.430000 -0.023347
v -0.501918 -0.430000 -0.023347
v -0.498082 -0.430000 -0.023347
v -0.494247 -0.430000 -0.023347
v -0.490411 -0.430000 -0.023347
v -0.480000 -0.459589 -0.029678
v -0.480000 -0.440411 -0.029678
v -0.480000 -0.440411 -0.023347
v -0.480000 -0.444247 -0.023347
v -0.480000 -0.448082 -0.023347
v -0.480000 -0.451918 -0.023347
v -0.480000 -0.455753 -0.023347
v -0.480000 -0.459589 -0.023347
v -0.509589 -0.470000 -0.029678
v -0.490411 -0.470000 -0.029678
v -0.490411 -0.470000 -0.023347
v -0.494247 -0.470000 -0.023347
v -0.498082 -0.470000 -0.023347
v -0.501918 -0.470000 -0.023347
v -0.505753 -0.470000 -0.023347
v -0.509589 -0.470000 -0.023347
v -0.520000 -0.440411 -0.029678
v -0.520000 -0.459589 -0.029678
v -0.520000 -0.459589 -0.023347
v -0.520000 -0.455753 -0.023347
v -0.520000 -0.451918 -0.023347
v -0.520000 -0.448082 -0.023347
v -0.520000 -0.444247 -0.023347
v -0.520000 -0.440411 -0.023347
v 0.770000 -0.380000 0.027404
v 0.770000 -0.420000 0.027404
v 0.730000 -0.420000 0.027404
v 0.730000 -0.380000 0.027404
v 0.770000 -0.420000 -0.057416
v 0.770000 -0.380000 -0.057416
v 0.730000 -0.420000 -0.057416
v 0.730000 -0.380000 -0.057416
v 0.630000 -0.320000 0.021373
v 0.630000 -0.280000 0.021373
v 0.670000 -0.280000 0.021373
v 0.670000 -0.320000 0.021373
v 0.630000 -0.280000 -0.063447
v 0.630000 -0.320000 -0.063447
v 0.670000 -0.280000 -0.063447
v 0.670000 -0.320000 -0.063447
v -0.670000 -0.430000 -0.001154
v -0.630000 -0.430000 -0.001154
v -0.630000 -0.470000 -0.001154
v -0.670000 -0.470000 -0.001154
v -0.630000 -0.430000 -0.085974
v -0.670000 -0.430000 -0.085974
v -0.630000 -0.470000 -0.085974
v -0.670000 -0.470000 -0.085974
v 0.670000 -0.280000 -0.047045
v 0.666582 -0.289597 0.007770
v 0.670000 -0.320000 -0.047045
v 0.666581 -0.310403 0.007770
v 0.630000 -0.280000 -0.047045
v 0.633419 -0.289597 0.007770
v 0.630000 -0.320000 -0.047045
v 0.633419 -0.310403 0.007770
v 0.670000 -0.280000 -0.006795
v 0.670000 -0.320000 -0.006795
v 0.630000 -0.320000 -0.006795
v 0.630000 -0.280000 -0.006795
v 0.636576 -0.320000 -0.016769
v 0.630000 -0.313424 -0.010437
v 0.636576 -0.280000 -0.016769
v 0.663424 -0.280000 -0.016769
v 0.670000 -0.305753 -0.016769
v 0.670000 -0.294247 -0.016769
v 0.670000 -0.301918 -0.010437
v 0.655753 -0.320000 -0.016769
v 0.640411 -0.320000 -0.010437
v 0.659589 -0.280000 -0.016769
v 0.655753 -0.280000 -0.016769
v 0.651918 -0.280000 -0.010437
v 0.670000 -0.309589 -0.016769
v 0.670000 -0.290411 -0.016769
v 0.670000 -0.290411 -0.010437
v 0.670000 -0.294247 -0.010437
v 0.670000 -0.298082 -0.010437
v 0.670000 -0.301918 -0.010437
v 0.670000 -0.305753 -0.010437
v 0.670000 -0.309589 -0.010437
v 0.640411 -0.320000 -0.016769
v 0.659589 -0.320000 -0.016769
v 0.659589 -0.320000 -0.010437
v 0.655753 -0.320000 -0.010437
v 0.651918 -0.320000 -0.010437
v 0.648082 -0.320000 -0.010437
v 0.644247 -0.320000 -0.010437
v 0.640411 -0.320000 -0.010437
v 0.630000 -0.290411 -0.016769
v 0.630000 -0.309589 -0.016769
v 0.630000 -0.309589 -0.010437
v 0.630000 -0.305753 -0.010437
v 0.630000 -0.301918 -0.010437
v 0.630000 -0.298082 -0.010437
v 0.630000 -0.294247 -0.010437
v 0.630000 -0.290411 -0.010437
v 0.659589 -0.280000 -0.016769
v 0.640411 -0.280000 -0.016769
v 0.640411 -0.280000 -0.010437
v 0.644247 -0.280000 -0.010437
v 0.648082 -0.280000 -0.010437
v 0.651918 -0.280000 -0.010437
v 0.655753 -0.280000 -0.010437
v 0.659589 -0.280000 -0.010437
v 0.280000 -0.530000 -0.090042
v 0.289597 -0.533419 -0.035227
v 0.320000 -0.530000 -0.090042
v 0.310403 -0.533419 -0.035227
v 0.280000 -0.570000 -0.090042
v 0.289597 -0.566581 -0.035227
v 0.320000 -0.570000 -0.090042
v 0.310403 -0.566581 -0.035227
v 0.280000 -0.530000 -0.049792
v 0.320000 -0.530000 -0.049792
v 0.320000 -0.570000 -0.049792
v 0.280000 -0.570000 -0.049792
v 0.286576 -0.530000 -0.053434
v 0.313424 -0.530000 -0.059766
v 0.320000 -0.563424 -0.059766
v 0.280000 -0.563424 -0.053434
v 0.309589 -0.530000 -0.059766
v 0.305753 -0.530000 -0.059766
v 0.294247 -0.530000 -0.059766
v 0.294247 -0.530000 -0.053434
v 0.309589 -0.530000 -0.053434
v 0.320000 -0.559589 -0.059766
v 0.320000 -0.544247 -0.059766
v 0.298082 -0.570000 -0.059766
v 0.301918 -0.570000 -0.059766
v 0.305753 -0.570000 -0.059766
v 0.301918 -0.570000 -0.053434
v 0.298082 -0.570000 -0.053434
v 0.294247 -0.570000 -0.053434
v 0.280000 -0.548082 -0.059766
v 0.280000 -0.555753 -0.059766
v 0.280000 -0.555753 -0.053434
v 0.280000 -0.544247 -0.053434
v 0.309589 -0.530000 -0.059766
v 0.290411 -0.530000 -0.059766
v 0.290411 -0.530000 -0.053434
v 0.294247 -0.530000 -0.053434
v 0.298082 -0.530000 -0.053434
v 0.301918 -0.530000 -0.053434
v 0.305753 -0.530000 -0.053434
v 0.309589 -0.530000 -0.053434
v 0.320000 -0.559589 -0.059766
v 0.320000 -0.540411 -0.059766
v 0.320000 -0.540411 -0.053434
v 0.320000 -0.544247 -0.053434
v 0.320000 -0.548082 -0.053434
v 0.320000 -0.551918 -0.053434
v 0.320000 -0.555753 -0.053434
v 0.320000 -0.559589 -0.053434
v 0.290411 -0.570000 -0.059766
v 0.309589 -0.570000 -0.059766
v 0.309589 -0.570000 -0.053434
v 0.305753 -0.570000 -0.053434
v 0.301918 -0.570000 -0.053434
v 0.298082 -0.570000 -0.053434
v 0.294247 -0.570000 -0.053434
v 0.290411 -0.570000 -0.053434
v 0.280000 -0.540411 -0.059766
v 0.280000 -0.559589 -0.059766
v 0.280000 -0.559589 -0.053434
v 0.280000 -0.555753 -0.053434
v 0.280000 -0.551918 -0.053434
v 0.280000 -0.548082 -0.053434
v 0.280000 -0.544247 -0.053434
v 0.280000 -0.540411 -0.053434
v -0.270000 0.630000 -0.075121
v -0.266581 0.639597 -0.020306
v -0.270000 0.670000 -0.075121
v -0.266581 0.660403 -0.020306
v -0.230000 0.630000 -0.075121
v -0.233419 0.639597 -0.020306
v -0.230000 0.670000 -0.075121
v -0.233419 0.660403 -0.020306
v -0.270000 0.630000 -0.034871
v -0.270000 0.670000 -0.034871
v -0.230000 0.670000 -0.034871
v -0.230000 0.630000 -0.034871
v -0.270000 0.636576 -0.038513
v -0.263424 0.630000 -0.038513
v -0.270000 0.655753 -0.044845
v -0.270000 0.651918 -0.044845
v -0.270000 0.648082 -0.044845
v -0.270000 0.644247 -0.044845
v -0.270000 0.640411 -0.044845
v -0.270000 0.655753 -0.038513
v -0.248082 0.670000 -0.044845
v -0.255753 0.670000 -0.044845
v -0.248082 0.670000 -0.038513
v -0.230000 0.640411 -0.044845
v -0.230000 0.648082 -0.044845
v -0.230000 0.651918 -0.044845
v -0.230000 0.655753 -0.044845
v -0.230000 0.651918 -0.038513
v -0.230000 0.648082 -0.038513
v -0.230000 0.644247 -0.038513
v -0.259589 0.630000 -0.044845
v -0.255753 0.630000 -0.044845
v -0.251918 0.630000 -0.044845
v -0.248082 0.630000 -0.044845
v -0.244247 0.630000 -0.044845
v -0.270000 0.659589 -0.044845
v -0.270000 0.640411 -0.044845
v -0.270000 0.640411 -0.038513
v -0.270000 0.644247 -0.038513
v -0.270000 0.648082 -0.038513
v -0.270000 0.651918 -0.038513
v -0.270000 0.655753 -0.038513
v -0.270000 0.659589 -0.038513
v -0.240411 0.670000 -0.044845
v -0.259589 0.670000 -0.044845
v -0.259589 0.670000 -0.038513
v -0.255753 0.670000 -0.038513
v -0.251918 0.670000 -0.038513
v -0.248082 0.670000 -0.038513
v -0.244247 0.670000 -0.038513
v -0.240411 0.670000 -0.038513
v -0.230000 0.640411 -0.044845
v -0.230000 0.659589 -0.044845
v -0.230000 0.659589 -0.038513
v -0.230000 0.655753 -0.038513
v -0.230000 0.651918 -0.038513
v -0.230000 0.648082 -0.038513
v -0.230000 0.644247 -0.038513
v -0.230000 0.640411 -0.038513
v -0.259589 0.630000 -0.044845
v -0.240411 0.630000 -0.044845
v -0.240411 0.630000 -0.038513
v -0.244247 0.630000 -0.038513
v -0.248082 0.630000 -0.038513
v -0.251918 0.630000 -0.038513
v -0.255753 0.630000 -0.038513
v -0.259589 0.630000 -0.038513
v 0.670000 -0.380000 0.019083
v 0.670000 -0.420000 0.019083
v 0.630000 -0.420000 0.019083
v 0.630000 -0.380000 0.019083
v 0.670000 -0.420000 -0.065737
v 0.670000 -0.380000 -0.065737
v 0.630000 -0.420000 -0.065737
v 0.630000 -0.380000 -0.065737
v 0.680000 -0.420000 0.021021
v 0.680000 -0.380000 0.021021
v 0.720000 -0.380000 0.021021
v 0.720000 -0.420000 0.021021
v 0.680000 -0.380000 -0.063799
v 0.680000 -0.420000 -0.063799
v 0.720000 -0.380000 -0.063799
v 0.720000 -0.420000 -0.063799
v 0.630000 -0.230000 0.029770
v 0.670000 -0.230000 0.029770
v 0.670000 -0.270000 0.029770
v 0.630000 -0.270000 0.029770
v 0.670000 -0.230000 -0.055050
v 0.630000 -0.230000 -0.055050
v 0.670000 -0.270000 -0.055050
v 0.630000 -0.270000 -0.055050
v -0.680000 -0.430000 -0.002612
v -0.680000 -0.470000 -0.002612
v -0.720000 -0.470000 -0.002612
v -0.720000 -0.430000 -0.002612
v -0.680000 -0.470000 -0.087432
v -0.680000 -0.430000 -0.087432
v -0.720000 -0.470000 -0.087432
v -0.720000 -0.430000 -0.087432
v 0.770000 -0.270000 0.031029
v 0.730000 -0.270000 0.031029
v 0.730000 -0.230000 0.031029
v 0.770000 -0.230000 0.031029
v 0.730000 -0.270000 -0.053790
v 0.770000 -0.270000 -0.053790
v 0.730000 -0.230000 -0.053790
v 0.770000 -0.230000 -0.053790
v 0.170000 -0.480000 -0.020433
v 0.170000 -0.520000 -0.020433
v 0.130000 -0.520000 -0.020433
v 0.130000 -0.480000 -0.020433
v 0.170000 -0.520000 -0.105253
v 0.170000 -0.480000 -0.105253
v 0.130000 -0.520000 -0.105253
v 0.130000 -0.480000 -0.105253
v 0.180000 -0.480000 -0.095043
v 0.189597 -0.483419 -0.040229
v 0.220000 -0.480000 -0.095043
v 0.210403 -0.483419 -0.040229
v 0.180000 -0.520000 -0.095043
v 0.189597 -0.516581 -0.040229
v 0.220000 -0.520000 -0.095043
v 0.210403 -0.516581 -0.040229
v 0.180000 -0.480000 -0.054793
v 0.220000 -0.480000 -0.054793
v 0.220000 -0.520000 -0.054793
v 0.180000 -0.520000 -0.054793
v 0.186576 -0.480000 -0.064767
v 0.213424 -0.480000 -0.058435
v 0.213424 -0.480000 -0.064767
v 0.220000 -0.486576 -0.064767
v 0.186576 -0.520000 -0.064767
v 0.180000 -0.513424 -0.058435
v 0.180000 -0.486576 -0.064767
v 0.205753 -0.480000 -0.064767
v 0.194247 -0.480000 -0.064767
v 0.190411 -0.480000 -0.064767
v 0.194247 -0.480000 -0.058435
v 0.201918 -0.480000 -0.058435
v 0.220000 -0.505753 -0.064767
v 0.220000 -0.494247 -0.064767
v 0.220000 -0.490411 -0.064767
v 0.220000 -0.494247 -0.058435
v 0.220000 -0.509589 -0.058435
v 0.180000 -0.490411 -0.064767
v 0.180000 -0.494247 -0.064767
v 0.180000 -0.498082 -0.058435
v 0.209589 -0.480000 -0.064767
v 0.190411 -0.480000 -0.064767
v 0.190411 -0.480000 -0.058435
v 0.194247 -0.480000 -0.058435
v 0.198082 -0.480000 -0.058435
v 0.201918 -0.480000 -0.058435
v 0.205753 -0.480000 -0.058435
v 0.209589 -0.480000 -0.058435
v 0.220000 -0.509589 -0.064767
v 0.220000 -0.490411 -0.064767
v 0.220000 -0.490411 -0.058435
v 0.220000 -0.494247 -0.058435
v 0.220000 -0.498082 -0.058435
v 0.220000 -0.501918 -0.058435
v 0.220000 -0.505753 -0.058435
v 0.220000 -0.509589 -0.058435
v 0.190411 -0.520000 -0.064767
v 0.209589 -0.520000 -0.064767
v 0.209589 -0.520000 -0.058435
v 0.205753 -0.520000 -0.058435
v 0.201918 -0.520000 -0.058435
v 0.198082 -0.520000 -0.058435
v 0.194247 -0.520000 -0.058435
v 0.190411 -0.520000 -0.058435
v 0.180000 -0.490411 -0.064767
v 0.180000 -0.509589 -0.064767
v 0.180000 -0.509589 -0.058435
v 0.180000 -0.505753 -0.058435
v 0.180000 -0.501918 -0.058435
v 0.180000 -0.498082 -0.058435
v 0.180000 -0.494247 -0.058435
v 0.180000 -0.490411 -0.058435
v 0.730000 -0.220000 -0.037065
v 0.733419 -0.210403 0.017749
v 0.730000 -0.180000 -0.037065
v 0.733419 -0.189597 0.017749
v 0.770000 -0.220000 -0.037065
v 0.766581 -0.210403 0.017749
v 0.770000 -0.180000 -0.037065
v 0.766581 -0.189597 0.017749
v 0.730000 -0.220000 0.003184
v 0.730000 -0.180000 0.003184
v 0.770000 -0.180000 0.003184
v 0.770000 -0.220000 0.003184
v 0.730000 -0.213424 -0.000457
v 0.730000 -0.186576 -0.000457
v 0.736576 -0.180000 -0.006789
v 0.736576 -0.180000 -0.000457
v 0.763424 -0.180000 -0.000457
v 0.763424 -0.180000 -0.006789
v 0.770000 -0.186576 -0.000457
v 0.770000 -0.213424 -0.006789
v 0.763424 -0.220000 -0.006789
v 0.763424 -0.220000 -0.000457
v 0.736576 -0.220000 -0.000457
v 0.736576 -0.220000 -0.006789
v 0.730000 -0.190411 -0.006789
v 0.730000 -0.194247 -0.006789
v 0.730000 -0.198082 -0.006789
v 0.730000 -0.201918 -0.006789
v 0.730000 -0.205753 -0.006789
v 0.730000 -0.209589 -0.006789
v 0.751918 -0.180000 -0.006789
v 0.744247 -0.180000 -0.006789
v 0.751918 -0.180000 -0.000457
v 0.770000 -0.209589 -0.006789
v 0.770000 -0.205753 -0.006789
v 0.770000 -0.201918 -0.006789
v 0.770000 -0.198082 -0.006789
v 0.770000 -0.194247 -0.006789
v 0.770000 -0.190411 -0.006789
v 0.744247 -0.220000 -0.006789
v 0.755753 -0.220000 -0.006789
v 0.748082 -0.220000 -0.000457
v 0.730000 -0.190411 -0.006789
v 0.730000 -0.209589 -0.006789
v 0.730000 -0.209589 -0.000457
v 0.730000 -0.205753 -0.000457
v 0.730000 -0.201918 -0.000457
v 0.730000 -0.198082 -0.000457
v 0.730000 -0.194247 -0.000457
v 0.730000 -0.190411 -0.000457
v 0.759589 -0.180000 -0.006789
v 0.740411 -0.180000 -0.006789
v 0.740411 -0.180000 -0.000457
v 0.744247 -0.180000 -0.000457
v 0.748082 -0.180000 -0.000457
v 0.751918 -0.180000 -0.000457
v 0.755753 -0.180000 -0.000457
v 0.759589 -0.180000 -0.000457
v 0.770000 -0.209589 -0.006789
v 0.770000 -0.190411 -0.006789
v 0.770000 -0.190411 -0.000457
v 0.770000 -0.194247 -0.000457
v 0.770000 -0.198082 -0.000457
v 0.770000 -0.201918 -0.000457
v 0.770000 -0.205753 -0.000457
v 0.770000 -0.209589 -0.000457
v 0.740411 -0.220000 -0.006789
v 0.759589 -0.220000 -0.006789
v 0.759589 -0.220000 -0.000457
v 0.755753 -0.220000 -0.000457
v 0.751918 -0.220000 -0.000457
v 0.748082 -0.220000 -0.000457
v 0.744247 -0.220000 -0.000457
v 0.740411 -0.220000 -0.000457
v -0.330000 0.520000 -0.072120
v -0.333419 0.510403 -0.017305
v -0.330000 0.480000 -0.072120
v -0.333419 0.489597 -0.017305
v -0.370000 0.520000 -0.072120
v -0.366581 0.510403 -0.017305
v -0.370000 0.480000 -0.072120
v -0.366581 0.489597 -0.017305
v -0.330000 0.520000 -0.031870
v -0.330000 0.480000 -0.031870
v -0.370000 0.480000 -0.031870
v -0.370000 0.520000 -0.031870
v -0.330000 0.513424 -0.041843
v -0.330000 0.486576 -0.041843
v -0.363424 0.480000 -0.041843
v -0.370000 0.486576 -0.035511
v -0.370000 0.513424 -0.035511
v -0.370000 0.513424 -0.041843
v -0.363424 0.520000 -0.041843
v -0.336576 0.520000 -0.035511
v -0.330000 0.490411 -0.041843
v -0.330000 0.494247 -0.041843
v -0.330000 0.505753 -0.041843
v -0.330000 0.505753 -0.035511
v -0.359589 0.480000 -0.041843
v -0.355753 0.480000 -0.041843
v -0.351918 0.480000 -0.041843
v -0.348082 0.480000 -0.041843
v -0.344247 0.480000 -0.041843
v -0.348082 0.480000 -0.035511
v -0.351918 0.480000 -0.035511
v -0.355753 0.480000 -0.035511
v -0.370000 0.505753 -0.041843
v -0.370000 0.501918 -0.041843
v -0.370000 0.498082 -0.041843
v -0.370000 0.494247 -0.041843
v -0.348082 0.520000 -0.041843
v -0.351918 0.520000 -0.041843
v -0.355753 0.520000 -0.035511
v -0.330000 0.490411 -0.041843
v -0.330000 0.509589 -0.041843
v -0.330000 0.509589 -0.035511
v -0.330000 0.505753 -0.035511
v -0.330000 0.501918 -0.035511
v -0.330000 0.498082 -0.035511
v -0.330000 0.494247 -0.035511
v -0.330000 0.490411 -0.035511
v -0.359589 0.480000 -0.041843
v -0.340411 0.480000 -0.041843
v -0.340411 0.480000 -0.035511
v -0.344247 0.480000 -0.035511
v -0.348082 0.480000 -0.035511
v -0.351918 0.480000 -0.035511
v -0.355753 0.480000 -0.035511
v -0.359589 0.480000 -0.035511
v -0.370000 0.509589 -0.041843
v -0.370000 0.490411 -0.041843
v -0.370000 0.490411 -0.035511
v -0.370000 0.494247 -0.035511
v -0.370000 0.498082 -0.035511
v -0.370000 0.501918 -0.035511
v -0.370000 0.505753 -0.035511
v -0.370000 0.509589 -0.035511
v -0.340411 0.520000 -0.041843
v -0.359589 0.520000 -0.041843
v -0.359589 0.520000 -0.035511
v -0.355753 0.520000 -0.035511
v -0.351918 0.520000 -0.035511
v -0.348082 0.520000 -0.035511
v -0.344247 0.520000 -0.035511
v -0.340411 0.520000 -0.035511
v -0.370000 0.580000 -0.009373
v -0.370000 0.620000 -0.009373
v -0.330000 0.620000 -0.009373
v -0.330000 0.580000 -0.009373
v -0.370000 0.620000 -0.094192
v -0.370000 0.580000 -0.094192
v -0.330000 0.620000 -0.094192
v -0.330000 0.580000 -0.094192
v -0.230000 0.570000 -0.074054
v -0.233419 0.560403 -0.019240
v -0.230000 0.530000 -0.074054
v -0.233419 0.539597 -0.019240
v -0.270000 0.570000 -0.074054
v -0.266581 0.560403 -0.019240
v -0.270000 0.530000 -0.074054
v -0.266581 0.539597 -0.019240
v -0.230000 0.570000 -0.033805
v -0.230000 0.530000 -0.033805
v -0.270000 0.530000 -0.033805
v -0.270000 0.570000 -0.033805
v -0.230000 0.563424 -0.043778
v -0.230000 0.536576 -0.043778
v -0.236576 0.530000 -0.043778
v -0.263424 0.530000 -0.043778
v -0.270000 0.536576 -0.037446
v -0.270000 0.563424 -0.043778
v -0.263424 0.570000 -0.043778
v -0.236576 0.570000 -0.043778
v -0.230000 0.540411 -0.043778
v -0.230000 0.544247 -0.043778
v -0.230000 0.548082 -0.043778
v -0.230000 0.551918 -0.043778
v -0.259589 0.530000 -0.043778
v -0.255753 0.530000 -0.043778
v -0.251918 0.530000 -0.043778
v -0.240411 0.530000 -0.043778
v -0.270000 0.559589 -0.043778
v -0.270000 0.555753 -0.043778
v -0.270000 0.544247 -0.043778
v -0.270000 0.540411 -0.043778
v -0.270000 0.551918 -0.037446
v -0.240411 0.570000 -0.043778
v -0.244247 0.570000 -0.043778
v -0.248082 0.570000 -0.043778
v -0.251918 0.570000 -0.043778
v -0.255753 0.570000 -0.043778
v -0.259589 0.570000 -0.043778
v -0.230000 0.540411 -0.043778
v -0.230000 0.559589 -0.043778
v -0.230000 0.559589 -0.037446
v -0.230000 0.555753 -0.037446
v -0.230000 0.551918 -0.037446
v -0.230000 0.548082 -0.037446
v -0.230000 0.544247 -0.037446
v -0.230000 0.540411 -0.037446
v -0.259589 0.530000 -0.043778
v -0.240411 0.530000 -0.043778
v -0.240411 0.530000 -0.037446
v -0.244247 0.530000 -0.037446
v -0.248082 0.530000 -0.037446
v -0.251918 0.530000 -0.037446
v -0.255753 0.530000 -0.037446
v -0.259589 0.530000 -0.037446
v -0.270000 0.559589 -0.043778
v -0.270000 0.540411 -0.043778
v -0.270000 0.540411 -0.037446
v -0.270000 0.544247 -0.037446
v -0.270000 0.548082 -0.037446
v -0.270000 0.551918 -0.037446
v -0.270000 0.555753 -0.037446
v -0.270000 0.559589 -0.037446
v -0.240411 0.570000 -0.043778
v -0.259589 0.570000 -0.043778
v -0.259589 0.570000 -0.037446
v -0.255753 0.570000 -0.037446
v -0.251918 0.570000 -0.037446
v -0.248082 0.570000 -0.037446
v -0.244247 0.570000 -0.037446
v -0.240411 0.570000 -0.037446
v -0.180000 0.530000 0.002943
v -0.220000 0.530000 0.002943
v -0.220000 0.570000 0.002943
v -0.180000 0.570000 0.002943
v -0.220000 0.530000 -0.081877
v -0.180000 0.530000 -0.081877
v -0.220000 0.570000 -0.081877
v -0.180000 0.570000 -0.081877
v 0.530000 -0.370000 -0.050035
v 0.533419 -0.360403 0.004779
v 0.530000 -0.330000 -0.050035
v 0.533419 -0.339597 0.004779
v 0.570000 -0.370000 -0.050035
v 0.566581 -0.360403 0.004779
v 0.570000 -0.330000 -0.050035
v 0.566581 -0.339597 0.004779
v 0.530000 -0.370000 -0.009785
v 0.530000 -0.330000 -0.009785
v 0.570000 -0.330000 -0.009785
v 0.570000 -0.370000 -0.009785
v 0.563424 -0.330000 -0.013427
v 0.570000 -0.363424 -0.019759
v 0.563424 -0.370000 -0.013427
v 0.536576 -0.370000 -0.019759
v 0.530000 -0.344247 -0.019759
v 0.530000 -0.348082 -0.019759
v 0.530000 -0.351918 -0.019759
v 0.530000 -0.355753 -0.013427
v 0.555753 -0.330000 -0.019759
v 0.544247 -0.330000 -0.019759
v 0.540411 -0.330000 -0.013427
v 0.544247 -0.330000 -0.013427
v 0.570000 -0.351918 -0.019759
v 0.570000 -0.348082 -0.019759
v 0.570000 -0.344247 -0.013427
v 0.570000 -0.351918 -0.013427
v 0.548082 -0.370000 -0.019759
v 0.551918 -0.370000 -0.019759
v 0.555753 -0.370000 -0.013427
v 0.530000 -0.340411 -0.019759
v 0.530000 -0.359589 -0.019759
v 0.530000 -0.359589 -0.013427
v 0.530000 -0.355753 -0.013427
v 0.530000 -0.351918 -0.013427
v 0.530000 -0.348082 -0.013427
v 0.530000 -0.344247 -0.013427
v 0.530000 -0.340411 -0.013427
v 0.559589 -0.330000 -0.019759
v 0.540411 -0.330000 -0.019759
v 0.540411 -0.330000 -0.013427
v 0.544247 -0.330000 -0.013427
v 0.548082 -0.330000 -0.013427
v 0.551918 -0.330000 -0.013427
v 0.555753 -0.330000 -0.013427
v 0.559589 -0.330000 -0.013427
v 0.570000 -0.359589 -0.019759
v 0.570000 -0.340411 -0.019759
v 0.570000 -0.340411 -0.013427
v 0.570000 -0.344247 -0.013427
v 0.570000 -0.348082 -0.013427
v 0.570000 -0.351918 -0.013427
v 0.570000 -0.355753 -0.013427
v 0.570000 -0.359589 -0.013427
v 0.540411 -0.370000 -0.019759
v 0.559589 -0.370000 -0.019759
v 0.559589 -0.370000 -0.013427
v 0.555753 -0.370000 -0.013427
v 0.551918 -0.370000 -0.013427
v 0.548082 -0.370000 -0.013427
v 0.544247 -0.370000 -0.013427
v 0.540411 -0.370000 -0.013427
v 0.530000 -0.330000 -0.046805
v 0.539597 -0.333419 0.008009
v 0.570000 -0.330000 -0.046805
v 0.560403 -0.333419 0.008009
v 0.530000 -0.370000 -0.046805
v 0.539597 -0.366581 0.008009
v 0.570000 -0.370000 -0.046805
v 0.560403 -0.366581 0.008009
v 0.530000 -0.330000 -0.006555
v 0.570000 -0.330000 -0.006555
v 0.570000 -0.370000 -0.006555
v 0.530000 -0.370000 -0.006555
v 0.563424 -0.330000 -0.010197
v 0.570000 -0.336576 -0.016529
v 0.530000 -0.363424 -0.010197
v 0.530000 -0.336576 -0.016529
v 0.555753 -0.330000 -0.016529
v 0.544247 -0.330000 -0.016529
v 0.544247 -0.330000 -0.010197
v 0.570000 -0.344247 -0.010197
v 0.544247 -0.370000 -0.016529
v 0.540411 -0.370000 -0.010197
v 0.530000 -0.355753 -0.016529
v 0.530000 -0.359589 -0.016529
v 0.530000 -0.359589 -0.010197
v 0.530000 -0.355753 -0.010197
v 0.559589 -0.330000 -0.016529
v 0.540411 -0.330000 -0.016529
v 0.540411 -0.330000 -0.010197
v 0.544247 -0.330000 -0.010197
v 0.548082 -0.330000 -0.010197
v 0.551918 -0.330000 -0.010197
v 0.555753 -0.330000 -0.010197
v 0.559589 -0.330000 -0.010197
v 0.570000 -0.359589 -0.016529
v 0.570000 -0.340411 -0.016529
v 0.570000 -0.340411 -0.010197
v 0.570000 -0.344247 -0.010197
v 0.570000 -0.348082 -0.010197
v 0.570000 -0.351918 -0.010197
v 0.570000 -0.355753 -0.010197
v 0.570000 -0.359589 -0.010197
v 0.540411 -0.370000 -0.016529
v 0.559589 -0.370000 -0.016529
v 0.559589 -0.370000 -0.010197
v 0.555753 -0.370000 -0.010197
v 0.551918 -0.370000 -0.010197
v 0.548082 -0.370000 -0.010197
v 0.544247 -0.370000 -0.010197
v 0.540411 -0.370000 -0.010197
v 0.530000 -0.340411 -0.016529
v 0.530000 -0.359589 -0.016529
v 0.530000 -0.359589 -0.010197
v 0.530000 -0.355753 -0.010197
v 0.530000 -0.351918 -0.010197
v 0.530000 -0.348082 -0.010197
v 0.530000 -0.344247 -0.010197
v 0.530000 -0.340411 -0.010197
v -0.370000 0.530000 -0.008516
v -0.370000 0.570000 -0.008516
v -0.330000 0.570000 -0.008516
v -0.330000 0.530000 -0.008516
v -0.370000 0.570000 -0.093336
v -0.370000 0.530000 -0.093336
v -0.330000 0.570000 -0.093336
v -0.330000 0.530000 -0.093336
v 0.570000 -0.420000 0.018753
v 0.530000 -0.420000 0.018753
v 0.530000 -0.380000 0.018753
v 0.570000 -0.380000 0.018753
v 0.530000 -0.420000 -0.066067
v 0.570000 -0.420000 -0.066067
v 0.530000 -0.380000 -0.066067
v 0.570000 -0.380000 -0.066067
v -0.580000 -0.330000 0.007353
v -0.580000 -0.370000 0.007353
v -0.620000 -0.370000 0.007353
v -0.620000 -0.330000 0.007353
v -0.580000 -0.370000 -0.077467
v -0.580000 -0.330000 -0.077467
v -0.620000 -0.370000 -0.077467
v -0.620000 -0.330000 -0.077467
v -0.320000 0.620000 -0.009691
v -0.280000 0.620000 -0.009691
v -0.280000 0.580000 -0.009691
v -0.320000 0.580000 -0.009691
v -0.280000 0.620000 -0.094511
v -0.320000 0.620000 -0.094511
v -0.280000 0.580000 -0.094511
v -0.320000 0.580000 -0.094511
v -0.620000 -0.380000 -0.067242
v -0.610403 -0.383419 -0.012428
v -0.580000 -0.380000 -0.067242
v -0.589597 -0.383419 -0.012428
v -0.620000 -0.420000 -0.067242
v -0.610403 -0.416581 -0.012428
v -0.580000 -0.420000 -0.067242
v -0.589597 -0.416581 -0.012428
v -0.620000 -0.380000 -0.026992
v -0.580000 -0.380000 -0.026992
v -0.580000 -0.420000 -0.026992
v -0.620000 -0.420000 -0.026992
v -0.586576 -0.380000 -0.036966
v -0.580000 -0.386576 -0.030634
v -0.586576 -0.420000 -0.030634
v -0.613424 -0.420000 -0.030634
v -0.620000 -0.413424 -0.030634
v -0.620000 -0.386576 -0.036966
v -0.590411 -0.380000 -0.036966
v -0.594247 -0.380000 -0.036966
v -0.601918 -0.380000 -0.030634
v -0.598082 -0.380000 -0.030634
v -0.580000 -0.405753 -0.036966
v -0.580000 -0.401918 -0.036966
v -0.580000 -0.398082 -0.036966
v -0.580000 -0.394247 -0.030634
v -0.580000 -0.405753 -0.030634
v -0.609589 -0.420000 -0.036966
v -0.605753 -0.420000 -0.036966
v -0.590411 -0.420000 -0.036966
v -0.601918 -0.420000 -0.030634
v -0.590411 -0.380000 -0.036966
v -0.609589 -0.380000 -0.036966
v -0.609589 -0.380000 -0.030634
v -0.605753 -0.380000 -0.030634
v -0.601918 -0.380000 -0.030634
v -0.598082 -0.380000 -0.030634
v -0.594247 -0.380000 -0.030634
v -0.590411 -0.380000 -0.030634
v -0.580000 -0.409589 -0.036966
v -0.580000 -0.390411 -0.036966
v -0.580000 -0.390411 -0.030634
v -0.580000 -0.394247 -0.030634
v -0.580000 -0.398082 -0.030634
v -0.580000 -0.401918 -0.030634
v -0.580000 -0.405753 -0.030634
v -0.580000 -0.409589 -0.030634
v -0.609589 -0.420000 -0.036966
v -0.590411 -0.420000 -0.036966
v -0.590411 -0.420000 -0.030634
v -0.594247 -0.420000 -0.030634
v -0.598082 -0.420000 -0.030634
v -0.601918 -0.420000 -0.030634
v -0.605753 -0.420000 -0.030634
v -0.609589 -0.420000 -0.030634
v -0.620000 -0.390411 -0.036966
v -0.620000 -0.409589 -0.036966
v -0.620000 -0.409589 -0.030634
v -0.620000 -0.405753 -0.030634
v -0.620000 -0.401918 -0.030634
v -0.620000 -0.398082 -0.030634
v -0.620000 -0.394247 -0.030634
v -0.620000 -0.390411 -0.030634
v 0.170000 0.280000 0.108034
v 0.130000 0.280000 0.108034
v 0.130000 0.320000 0.108034
v 0.170000 0.320000 0.108034
v 0.130000 0.280000 0.023214
v 0.170000 0.280000 0.023214
v 0.130000 0.320000 0.023214
v 0.170000 0.320000 0.023214
v 0.180000 -0.470000 -0.019974
v 0.180000 -0.430000 -0.019974
v 0.220000 -0.430000 -0.019974
v 0.220000 -0.470000 -0.019974
v 0.180000 -0.430000 -0.104793
v 0.180000 -0.470000 -0.104793
v 0.220000 -0.430000 -0.104793
v 0.220000 -0.470000 -0.104793
v -0.270000 0.470000 0.002529
v -0.230000 0.470000 0.002529
v -0.230000 0.430000 0.002529
v -0.270000 0.430000 0.002529
v -0.230000 0.470000 -0.082291
v -0.270000 0.470000 -0.082291
v -0.230000 0.430000 -0.082291
v -0.270000 0.430000 -0.082291
v 0.670000 -0.420000 0.018538
v 0.630000 -0.420000 0.018538
v 0.630000 -0.380000 0.018538
v 0.670000 -0.380000 0.018538
v 0.630000 -0.420000 -0.066281
v 0.670000 -0.420000 -0.066281
v 0.630000 -0.380000 -0.066281
v 0.670000 -0.380000 -0.066281
v 0.670000 -0.520000 0.021653
v 0.630000 -0.520000 0.021653
v 0.630000 -0.480000 0.021653
v 0.670000 -0.480000 0.021653
v 0.630000 -0.520000 -0.063167
v 0.670000 -0.520000 -0.063167
v 0.630000 -0.480000 -0.063167
v 0.670000 -0.480000 -0.063167
v -0.480000 -0.670000 0.082923
v -0.520000 -0.670000 0.082923
v -0.520000 -0.630000 0.082923
v -0.480000 -0.630000 0.082923
v -0.520000 -0.670000 -0.001896
v -0.480000 -0.670000 -0.001896
v -0.520000 -0.630000 -0.001896
v -0.480000 -0.630000 -0.001896
v -0.380000 0.570000 -0.005049
v -0.380000 0.530000 -0.005049
v -0.420000 0.530000 -0.005049
v -0.420000 0.570000 -0.005049
v -0.380000 0.530000 -0.089869
v -0.380000 0.570000 -0.089869
v -0.420000 0.530000 -0.089869
v -0.420000 0.570000 -0.089869
v 0.470000 -0.420000 -0.054917
v 0.460403 -0.416581 -0.000103
v 0.430000 -0.420000 -0.054917
v 0.439597 -0.416581 -0.000103
v 0.470000 -0.380000 -0.054917
v 0.460403 -0.383419 -0.000103
v 0.430000 -0.380000 -0.054917
v 0.439597 -0.383419 -0.000103
v 0.470000 -0.420000 -0.014667
v 0.430000 -0.420000 -0.014667
v 0.430000 -0.380000 -0.014667
v 0.470000 -0.380000 -0.014667
v 0.430000 -0.386576 -0.024641
v 0.436576 -0.380000 -0.018309
v 0.470000 -0.386576 -0.018309
v 0.444247 -0.420000 -0.024641
v 0.448082 -0.420000 -0.018309
v 0.430000 -0.390411 -0.024641
v 0.430000 -0.394247 -0.024641
v 0.430000 -0.398082 -0.024641
v 0.430000 -0.401918 -0.024641
v 0.430000 -0.405753 -0.018309
v 0.455753 -0.380000 -0.024641
v 0.448082 -0.380000 -0.024641
v 0.451918 -0.380000 -0.018309
v 0.470000 -0.401918 -0.024641
v 0.470000 -0.398082 -0.024641
v 0.470000 -0.390411 -0.024641
v 0.470000 -0.394247 -0.018309
v 0.440411 -0.420000 -0.024641
v 0.459589 -0.420000 -0.024641
v 0.459589 -0.420000 -0.018309
v 0.455753 -0.420000 -0.018309
v 0.451918 -0.420000 -0.018309
v 0.448082 -0.420000 -0.018309
v 0.444247 -0.420000 -0.018309
v 0.440411 -0.420000 -0.018309
v 0.430000 -0.390411 -0.024641
v 0.430000 -0.409589 -0.024641
v 0.430000 -0.409589 -0.018309
v 0.430000 -0.405753 -0.018309
v 0.430000 -0.401918 -0.018309
v 0.430000 -0.398082 -0.018309
v 0.430000 -0.394247 -0.018309
v 0.430000 -0.390411 -0.018309
v 0.459589 -0.380000 -0.024641
v 0.440411 -0.380000 -0.024641
v 0.440411 -0.380000 -0.018309
v 0.444247 -0.380000 -0.018309
v 0.448082 -0.380000 -0.018309
v 0.451918 -0.380000 -0.018309
v 0.455753 -0.380000 -0.018309
v 0.459589 -0.380000 -0.018309
v 0.470000 -0.409589 -0.024641
v 0.470000 -0.390411 -0.024641
v 0.470000 -0.390411 -0.018309
v 0.470000 -0.394247 -0.018309
v 0.470000 -0.398082 -0.018309
v 0.470000 -0.401918 -0.018309
v 0.470000 -0.405753 -0.018309
v 0.470000 -0.409589 -0.018309
v 0.320000 -0.480000 -0.020728
v 0.320000 -0.520000 -0.020728
v 0.280000 -0.520000 -0.020728
v 0.280000 -0.480000 -0.020728
v 0.320000 -0.520000 -0.105548
v 0.320000 -0.480000 -0.105548
v 0.280000 -0.520000 -0.105548
v 0.280000 -0.480000 -0.105548
v 0.470000 0.420000 -0.082693
v 0.466581 0.410403 -0.027879
v 0.470000 0.380000 -0.082693
v 0.466581 0.389597 -0.027879
v 0.430000 0.420000 -0.082693
v 0.433419 0.410403 -0.027879
v 0.430000 0.380000 -0.082693
v 0.433419 0.389597 -0.027879
v 0.470000 0.420000 -0.042443
v 0.470000 0.380000 -0.042443
v 0.430000 0.380000 -0.042443
v 0.430000 0.420000 -0.042443
v 0.470000 0.413424 -0.046085
v 0.470000 0.386576 -0.052417
v 0.463424 0.380000 -0.046085
v 0.436576 0.380000 -0.046085
v 0.436576 0.380000 -0.052417
v 0.430000 0.386576 -0.052417
v 0.430000 0.386576 -0.046085
v 0.436576 0.420000 -0.046085
v 0.463424 0.420000 -0.052417
v 0.470000 0.398082 -0.052417
v 0.470000 0.405753 -0.052417
v 0.448082 0.380000 -0.052417
v 0.451918 0.380000 -0.052417
v 0.455753 0.380000 -0.046085
v 0.430000 0.405753 -0.052417
v 0.430000 0.394247 -0.052417
v 0.430000 0.398082 -0.046085
v 0.430000 0.401918 -0.046085
v 0.459589 0.420000 -0.052417
v 0.470000 0.390411 -0.052417
v 0.470000 0.409589 -0.052417
v 0.470000 0.409589 -0.046085
v 0.470000 0.405753 -0.046085
v 0.470000 0.401918 -0.046085
v 0.470000 0.398082 -0.046085
v 0.470000 0.394247 -0.046085
v 0.470000 0.390411 -0.046085
v 0.440411 0.380000 -0.052417
v 0.459589 0.380000 -0.052417
v 0.459589 0.380000 -0.046085
v 0.455753 0.380000 -0.046085
v 0.451918 0.380000 -0.046085
v 0.448082 0.380000 -0.046085
v 0.444247 0.380000 -0.046085
v 0.440411 0.380000 -0.046085
v 0.430000 0.409589 -0.052417
v 0.430000 0.390411 -0.052417
v 0.430000 0.390411 -0.046085
v 0.430000 0.394247 -0.046085
v 0.430000 0.398082 -0.046085
v 0.430000 0.401918 -0.046085
v 0.430000 0.405753 -0.046085
v 0.430000 0.409589 -0.046085
v 0.459589 0.420000 -0.052417
v 0.440411 0.420000 -0.052417
v 0.440411 0.420000 -0.046085
v 0.444247 0.420000 -0.046085
v 0.448082 0.420000 -0.046085
v 0.451918 0.420000 -0.046085
v 0.455753 0.420000 -0.046085
v 0.459589 0.420000 -0.046085
v 0.530000 0.380000 -0.083334
v 0.533419 0.389597 -0.028520
v 0.530000 0.420000 -0.083334
v 0.533419 0.410403 -0.028520
v 0.570000 0.380000 -0.083334
v 0.566581 0.389597 -0.028520
v 0.570000 0.420000 -0.083334
v 0.566581 0.410403 -0.028520
v 0.530000 0.380000 -0.043085
v 0.530000 0.420000 -0.043085
v 0.570000 0.420000 -0.043085
v 0.570000 0.380000 -0.043085
v 0.563424 0.420000 -0.046726
v 0.563424 0.420000 -0.053058
v 0.570000 0.386576 -0.053058
v 0.563424 0.380000 -0.046726
v 0.536576 0.380000 -0.053058
v 0.530000 0.401918 -0.053058
v 0.530000 0.398082 -0.053058
v 0.530000 0.394247 -0.053058
v 0.551918 0.420000 -0.053058
v 0.548082 0.420000 -0.053058
v 0.544247 0.420000 -0.053058
v 0.540411 0.380000 -0.053058
v 0.544247 0.380000 -0.053058
v 0.551918 0.380000 -0.053058
v 0.555753 0.380000 -0.053058
v 0.559589 0.380000 -0.053058
v 0.530000 0.409589 -0.053058
v 0.530000 0.390411 -0.053058
v 0.530000 0.390411 -0.046726
v 0.530000 0.394247 -0.046726
v 0.530000 0.398082 -0.046726
v 0.530000 0.401918 -0.046726
v 0.530000 0.405753 -0.046726
v 0.530000 0.409589 -0.046726
v 0.559589 0.420000 -0.053058
v 0.540411 0.420000 -0.053058
v 0.540411 0.420000 -0.046726
v 0.544247 0.420000 -0.046726
v 0.548082 0.420000 -0.046726
v 0.551918 0.420000 -0.046726
v 0.555753 0.420000 -0.046726
v 0.559589 0.420000 -0.046726
v 0.570000 0.390411 -0.053058
v 0.570000 0.409589 -0.053058
v 0.570000 0.409589 -0.046726
v 0.570000 0.405753 -0.046726
v 0.570000 0.401918 -0.046726
v 0.570000 0.398082 -0.046726
v 0.570000 0.394247 -0.046726
v 0.570000 0.390411 -0.046726
v 0.540411 0.380000 -0.053058
v 0.559589 0.380000 -0.053058
v 0.559589 0.380000 -0.046726
v 0.555753 0.380000 -0.046726
v 0.551918 0.380000 -0.046726
v 0.548082 0.380000 -0.046726
v 0.544247 0.380000 -0.046726
v 0.540411 0.380000 -0.046726
v 0.530000 0.430000 -0.081256
v 0.533419 0.439597 -0.026441
v 0.530000 0.470000 -0.081256
v 0.533419 0.460403 -0.026441
v 0.570000 0.430000 -0.081256
v 0.566581 0.439597 -0.026441
v 0.570000 0.470000 -0.081256
v 0.566581 0.460403 -0.026441
v 0.530000 0.430000 -0.041006
v 0.530000 0.470000 -0.041006
v 0.570000 0.470000 -0.041006
v 0.570000 0.430000 -0.041006
v 0.530000 0.436576 -0.050979
v 0.536576 0.470000 -0.050979
v 0.563424 0.470000 -0.044648
v 0.570000 0.436576 -0.050979
v 0.563424 0.430000 -0.050979
v 0.536576 0.430000 -0.044648
v 0.530000 0.451918 -0.050979
v 0.530000 0.448082 -0.050979
v 0.530000 0.444247 -0.050979
v 0.530000 0.440411 -0.050979
v 0.570000 0.448082 -0.050979
v 0.570000 0.451918 -0.050979
v 0.570000 0.455753 -0.044648
v 0.530000 0.459589 -0.050979
v 0.530000 0.440411 -0.050979
v 0.530000 0.440411 -0.044648
v 0.530000 0.444247 -0.044648
v 0.530000 0.448082 -0.044648
v 0.530000 0.451918 -0.044648
v 0.530000 0.455753 -0.044648
v 0.530000 0.459589 -0.044648
v 0.559589 0.470000 -0.050979
v 0.540411 0.470000 -0.050979
v 0.540411 0.470000 -0.044648
v 0.544247 0.470000 -0.044648
v 0.548082 0.470000 -0.044648
v 0.551918 0.470000 -0.044648
v 0.555753 0.470000 -0.044648
v 0.559589 0.470000 -0.044648
v 0.570000 0.440411 -0.050979
v 0.570000 0.459589 -0.050979
v 0.570000 0.459589 -0.044648
v 0.570000 0.455753 -0.044648
v 0.570000 0.451918 -0.044648
v 0.570000 0.448082 -0.044648
v 0.570000 0.444247 -0.044648
v 0.570000 0.440411 -0.044648
v 0.540411 0.430000 -0.050979
v 0.559589 0.430000 -0.050979
v 0.559589 0.430000 -0.044648
v 0.555753 0.430000 -0.044648
v 0.551918 0.430000 -0.044648
v 0.548082 0.430000 -0.044648
v 0.544247 0.430000 -0.044648
v 0.540411 0.430000 -0.044648
v 0.230000 -0.520000 -0.096041
v 0.233419 -0.510403 -0.041227
v 0.230000 -0.480000 -0.096041
v 0.233419 -0.489597 -0.041227
v 0.270000 -0.520000 -0.096041
v 0.266581 -0.510403 -0.041227
v 0.270000 -0.480000 -0.096041
v 0.266581 -0.489597 -0.041227
v 0.230000 -0.520000 -0.055792
v 0.230000 -0.480000 -0.055792
v 0.270000 -0.480000 -0.055792
v 0.270000 -0.520000 -0.055792
v 0.230000 -0.513424 -0.065765
v 0.230000 -0.486576 -0.065765
v 0.236576 -0.480000 -0.059433
v 0.263424 -0.480000 -0.065765
v 0.270000 -0.513424 -0.065765
v 0.263424 -0.520000 -0.065765
v 0.236576 -0.520000 -0.065765
v 0.230000 -0.494247 -0.065765
v 0.230000 -0.498082 -0.059433
v 0.259589 -0.480000 -0.065765
v 0.255753 -0.480000 -0.065765
v 0.244247 -0.480000 -0.065765
v 0.244247 -0.480000 -0.059433
v 0.259589 -0.480000 -0.059433
v 0.270000 -0.505753 -0.065765
v 0.270000 -0.494247 -0.065765
v 0.270000 -0.494247 -0.059433
v 0.270000 -0.498082 -0.059433
v 0.270000 -0.501918 -0.059433
v 0.248082 -0.520000 -0.065765
v 0.255753 -0.520000 -0.065765
v 0.259589 -0.520000 -0.065765
v 0.230000 -0.490411 -0.065765
v 0.230000 -0.509589 -0.065765
v 0.230000 -0.509589 -0.059433
v 0.230000 -0.505753 -0.059433
v 0.230000 -0.501918 -0.059433
v 0.230000 -0.498082 -0.059433
v 0.230000 -0.494247 -0.059433
v 0.230000 -0.490411 -0.059433
v 0.259589 -0.480000 -0.065765
v 0.240411 -0.480000 -0.065765
v 0.240411 -0.480000 -0.059433
v 0.244247 -0.480000 -0.059433
v 0.248082 -0.480000 -0.059433
v 0.251918 -0.480000 -0.059433
v 0.255753 -0.480000 -0.059433
v 0.259589 -0.480000 -0.059433
v 0.270000 -0.509589 -0.065765
v 0.270000 -0.490411 -0.065765
v 0.270000 -0.490411 -0.059433
v 0.270000 -0.494247 -0.059433
v 0.270000 -0.498082 -0.059433
v 0.270000 -0.501918 -0.059433
v 0.270000 -0.505753 -0.059433
v 0.270000 -0.509589 -0.059433
v 0.240411 -0.520000 -0.065765
v 0.259589 -0.520000 -0.065765
v 0.259589 -0.520000 -0.059433
v 0.255753 -0.520000 -0.059433
v 0.251918 -0.520000 -0.059433
v 0.248082 -0.520000 -0.059433
v 0.244247 -0.520000 -0.059433
v 0.240411 -0.520000 -0.059433
v 0.220000 -0.530000 -0.096426
v 0.216581 -0.539597 -0.041611
v 0.220000 -0.570000 -0.096426
v 0.216581 -0.560403 -0.041611
v 0.180000 -0.530000 -0.096426
v 0.183419 -0.539597 -0.041611
v 0.180000 -0.570000 -0.096426
v 0.183419 -0.560403 -0.041611
v 0.220000 -0.530000 -0.056176
v 0.220000 -0.570000 -0.056176
v 0.180000 -0.570000 -0.056176
v 0.180000 -0.530000 -0.056176
v 0.220000 -0.563424 -0.059818
v 0.213424 -0.570000 -0.059818
v 0.180000 -0.563424 -0.059818
v 0.220000 -0.555753 -0.066150
v 0.220000 -0.544247 -0.066150
v 0.220000 -0.544247 -0.059818
v 0.194247 -0.570000 -0.066150
v 0.205753 -0.570000 -0.066150
v 0.209589 -0.570000 -0.066150
v 0.198082 -0.570000 -0.059818
v 0.194247 -0.570000 -0.059818
v 0.180000 -0.544247 -0.066150
v 0.180000 -0.551918 -0.066150
v 0.180000 -0.555753 -0.059818
v 0.194247 -0.530000 -0.066150
v 0.220000 -0.559589 -0.066150
v 0.220000 -0.540411 -0.066150
v 0.220000 -0.540411 -0.059818
v 0.220000 -0.544247 -0.059818
v 0.220000 -0.548082 -0.059818
v 0.220000 -0.551918 -0.059818
v 0.220000 -0.555753 -0.059818
v 0.220000 -0.559589 -0.059818
v 0.190411 -0.570000 -0.066150
v 0.209589 -0.570000 -0.066150
v 0.209589 -0.570000 -0.059818
v 0.205753 -0.570000 -0.059818
v 0.201918 -0.570000 -0.059818
v 0.198082 -0.570000 -0.059818
v 0.194247 -0.570000 -0.059818
v 0.190411 -0.570000 -0.059818
v 0.180000 -0.540411 -0.066150
v 0.180000 -0.559589 -0.066150
v 0.180000 -0.559589 -0.059818
v 0.180000 -0.555753 -0.059818
v 0.180000 -0.551918 -0.059818
v 0.180000 -0.548082 -0.059818
v 0.180000 -0.544247 -0.059818
v 0.180000 -0.540411 -0.059818
v 0.209589 -0.530000 -0.066150
v 0.190411 -0.530000 -0.066150
v 0.190411 -0.530000 -0.059818
v 0.194247 -0.530000 -0.059818
v 0.198082 -0.530000 -0.059818
v 0.201918 -0.530000 -0.059818
v 0.205753 -0.530000 -0.059818
v 0.209589 -0.530000 -0.059818
v 0.270000 -0.470000 -0.023322
v 0.230000 -0.470000 -0.023322
v 0.230000 -0.430000 -0.023322
v 0.270000 -0.430000 -0.023322
v 0.230000 -0.470000 -0.108141
v 0.270000 -0.470000 -0.108141
v 0.230000 -0.430000 -0.108141
v 0.270000 -0.430000 -0.108141
v 0.280000 -0.430000 -0.090734
v 0.289597 -0.433419 -0.035920
v 0.320000 -0.430000 -0.090734
v 0.310403 -0.433419 -0.035920
v 0.280000 -0.470000 -0.090734
v 0.289597 -0.466581 -0.035920
v 0.320000 -0.470000 -0.090734
v 0.310403 -0.466581 -0.035920
v 0.280000 -0.430000 -0.050484
v 0.320000 -0.430000 -0.050484
v 0.320000 -0.470000 -0.050484
v 0.280000 -0.470000 -0.050484
v 0.286576 -0.430000 -0.054126
v 0.320000 -0.436576 -0.054126
v 0.280000 -0.463424 -0.054126
v 0.301918 -0.430000 -0.060458
v 0.298082 -0.430000 -0.060458
v 0.290411 -0.430000 -0.060458
v 0.320000 -0.451918 -0.060458
v 0.320000 -0.448082 -0.060458
v 0.320000 -0.451918 -0.054126
v 0.320000 -0.455753 -0.054126
v 0.294247 -0.470000 -0.060458
v 0.298082 -0.470000 -0.060458
v 0.305753 -0.470000 -0.060458
v 0.305753 -0.470000 -0.054126
v 0.280000 -0.444247 -0.060458
v 0.280000 -0.448082 -0.060458
v 0.280000 -0.451918 -0.060458
v 0.280000 -0.448082 -0.054126
v 0.280000 -0.444247 -0.054126
v 0.309589 -0.430000 -0.060458
v 0.290411 -0.430000 -0.060458
v 0.290411 -0.430000 -0.054126
v 0.294247 -0.430000 -0.054126
v 0.298082 -0.430000 -0.054126
v 0.301918 -0.430000 -0.054126
v 0.305753 -0.430000 -0.054126
v 0.309589 -0.430000 -0.054126
v 0.320000 -0.459589 -0.060458
v 0.320000 -0.440411 -0.060458
v 0.320000 -0.440411 -0.054126
v 0.320000 -0.444247 -0.054126
v 0.320000 -0.448082 -0.054126
v 0.320000 -0.451918 -0.054126
v 0.320000 -0.455753 -0.054126
v 0.320000 -0.459589 -0.054126
v 0.290411 -0.470000 -0.060458
v 0.309589 -0.470000 -0.060458
v 0.309589 -0.470000 -0.054126
v 0.305753 -0.470000 -0.054126
v 0.301918 -0.470000 -0.054126
v 0.298082 -0.470000 -0.054126
v 0.294247 -0.470000 -0.054126
v 0.290411 -0.470000 -0.054126
v 0.280000 -0.440411 -0.060458
v 0.280000 -0.459589 -0.060458
v 0.280000 -0.459589 -0.054126
v 0.280000 -0.455753 -0.054126
v 0.280000 -0.451918 -0.054126
v 0.280000 -0.448082 -0.054126
v 0.280000 -0.444247 -0.054126
v 0.280000 -0.440411 -0.054126
v -0.720000 -0.430000 -0.000565
v -0.680000 -0.430000 -0.000565
v -0.680000 -0.470000 -0.000565
v -0.720000 -0.470000 -0.000565
v -0.680000 -0.430000 -0.085385
v -0.720000 -0.430000 -0.085385
v -0.680000 -0.470000 -0.085385
v -0.720000 -0.470000 -0.085385
v 0.180000 -0.580000 -0.022935
v 0.220000 -0.580000 -0.022935
v 0.220000 -0.620000 -0.022935
v 0.180000 -0.620000 -0.022935
v 0.220000 -0.580000 -0.107755
v 0.180000 -0.580000 -0.107755
v 0.220000 -0.620000 -0.107755
v 0.180000 -0.620000 -0.107755
v 0.770000 -0.270000 0.028154
v 0.730000 -0.270000 0.028154
v 0.730000 -0.230000 0.028154
v 0.770000 -0.230000 0.028154
v 0.730000 -0.270000 -0.056666
v 0.770000 -0.270000 -0.056666
v 0.730000 -0.230000 -0.056666
v 0.770000 -0.230000 -0.056666
v 0.520000 -0.420000 0.018525
v 0.480000 -0.420000 0.018525
v 0.480000 -0.380000 0.018525
v 0.520000 -0.380000 0.018525
v 0.480000 -0.420000 -0.066295
v 0.520000 -0.420000 -0.066295
v 0.480000 -0.380000 -0.066295
v 0.520000 -0.380000 -0.066295
v 0.720000 -0.320000 -0.047818
v 0.710403 -0.316581 0.006996
v 0.680000 -0.320000 -0.047818
v 0.689597 -0.316581 0.006996
v 0.720000 -0.280000 -0.047818
v 0.710403 -0.283419 0.006996
v 0.680000 -0.280000 -0.047818
v 0.689597 -0.283419 0.006996
v 0.720000 -0.320000 -0.007568
v 0.680000 -0.320000 -0.007568
v 0.680000 -0.280000 -0.007568
v 0.720000 -0.280000 -0.007568
v 0.713424 -0.320000 -0.017542
v 0.686576 -0.320000 -0.017542
v 0.680000 -0.313424 -0.017542
v 0.680000 -0.286576 -0.017542
v 0.686576 -0.280000 -0.011210
v 0.720000 -0.286576 -0.011210
v 0.720000 -0.313424 -0.017542
v 0.720000 -0.309589 -0.017542
v 0.720000 -0.305753 -0.017542
v 0.720000 -0.301918 -0.011210
v 0.690411 -0.320000 -0.017542
v 0.709589 -0.320000 -0.017542
v 0.709589 -0.320000 -0.011210
v 0.705753 -0.320000 -0.011210
v 0.701918 -0.320000 -0.011210
v 0.698082 -0.320000 -0.011210
v 0.694247 -0.320000 -0.011210
v 0.690411 -0.320000 -0.011210
v 0.680000 -0.290411 -0.017542
v 0.680000 -0.309589 -0.017542
v 0.680000 -0.309589 -0.011210
v 0.680000 -0.305753 -0.011210
v 0.680000 -0.301918 -0.011210
v 0.680000 -0.298082 -0.011210
v 0.680000 -0.294247 -0.011210
v 0.680000 -0.290411 -0.011210
v 0.709589 -0.280000 -0.017542
v 0.690411 -0.280000 -0.017542
v 0.690411 -0.280000 -0.011210
v 0.694247 -0.280000 -0.011210
v 0.698082 -0.280000 -0.011210
v 0.701918 -0.280000 -0.011210
v 0.705753 -0.280000 -0.011210
v 0.709589 -0.280000 -0.011210
v 0.720000 -0.309589 -0.017542
v 0.720000 -0.290411 -0.017542
v 0.720000 -0.290411 -0.011210
v 0.720000 -0.294247 -0.011210
v 0.720000 -0.298082 -0.011210
v 0.720000 -0.301918 -0.011210
v 0.720000 -0.305753 -0.011210
v 0.720000 -0.309589 -0.011210
v -0.530000 -0.380000 -0.063560
v -0.533419 -0.389597 -0.008745
v -0.530000 -0.420000 -0.063560
v -0.533419 -0.410403 -0.008745
v -0.570000 -0.380000 -0.063560
v -0.566581 -0.389597 -0.008745
v -0.570000 -0.420000 -0.063560
v -0.566581 -0.410403 -0.008745
v -0.530000 -0.380000 -0.023310
v -0.530000 -0.420000 -0.023310
v -0.570000 -0.420000 -0.023310
v -0.570000 -0.380000 -0.023310
v -0.530000 -0.386576 -0.026952
v -0.530000 -0.413424 -0.033284
v -0.536576 -0.420000 -0.026952
v -0.563424 -0.420000 -0.033284
v -0.570000 -0.413424 -0.026952
v -0.563424 -0.380000 -0.026952
v -0.536576 -0.380000 -0.033284
v -0.530000 -0.401918 -0.033284
v -0.530000 -0.398082 -0.033284
v -0.530000 -0.394247 -0.026952
v -0.559589 -0.420000 -0.033284
v -0.544247 -0.420000 -0.033284
v -0.540411 -0.420000 -0.033284
v -0.540411 -0.380000 -0.033284
v -0.544247 -0.380000 -0.033284
v -0.548082 -0.380000 -0.026952
v -0.530000 -0.409589 -0.033284
v -0.530000 -0.390411 -0.033284
v -0.530000 -0.390411 -0.026952
v -0.530000 -0.394247 -0.026952
v -0.530000 -0.398082 -0.026952
v -0.530000 -0.401918 -0.026952
v -0.530000 -0.405753 -0.026952
v -0.530000 -0.409589 -0.026952
v -0.559589 -0.420000 -0.033284
v -0.540411 -0.420000 -0.033284
v -0.540411 -0.420000 -0.026952
v -0.544247 -0.420000 -0.026952
v -0.548082 -0.420000 -0.026952
v -0.551918 -0.420000 -0.026952
v -0.555753 -0.420000 -0.026952
v -0.559589 -0.420000 -0.026952
v -0.570000 -0.390411 -0.033284
v -0.570000 -0.409589 -0.033284
v -0.570000 -0.409589 -0.026952
v -0.570000 -0.405753 -0.026952
v -0.570000 -0.401918 -0.026952
v -0.570000 -0.398082 -0.026952
v -0.570000 -0.394247 -0.026952
v -0.570000 -0.390411 -0.026952
v -0.540411 -0.380000 -0.033284
v -0.559589 -0.380000 -0.033284
v -0.559589 -0.380000 -0.026952
v -0.555753 -0.380000 -0.026952
v -0.551918 -0.380000 -0.026952
v -0.548082 -0.380000 -0.026952
v -0.544247 -0.380000 -0.026952
v -0.540411 -0.380000 -0.026952
v 0.580000 -0.480000 -0.051289
v 0.589597 -0.483419 0.003525
v 0.620000 -0.480000 -0.051289
v 0.610403 -0.483419 0.003525
v 0.580000 -0.520000 -0.051289
v 0.589597 -0.516581 0.003525
v 0.620000 -0.520000 -0.051289
v 0.610403 -0.516581 0.003525
v 0.580000 -0.480000 -0.011040
v 0.620000 -0.480000 -0.011040
v 0.620000 -0.520000 -0.011040
v 0.580000 -0.520000 -0.011040
v 0.586576 -0.480000 -0.021013
v 0.613424 -0.480000 -0.021013
v 0.620000 -0.486576 -0.021013
v 0.620000 -0.486576 -0.014681
v 0.620000 -0.513424 -0.021013
v 0.613424 -0.520000 -0.021013
v 0.586576 -0.520000 -0.021013
v 0.580000 -0.513424 -0.021013
v 0.580000 -0.513424 -0.014681
v 0.580000 -0.486576 -0.021013
v 0.609589 -0.480000 -0.021013
v 0.605753 -0.480000 -0.021013
v 0.601918 -0.480000 -0.021013
v 0.598082 -0.480000 -0.021013
v 0.620000 -0.501918 -0.021013
v 0.620000 -0.498082 -0.021013
v 0.620000 -0.494247 -0.021013
v 0.620000 -0.501918 -0.014681
v 0.590411 -0.520000 -0.021013
v 0.580000 -0.490411 -0.021013
v 0.580000 -0.498082 -0.021013
v 0.580000 -0.501918 -0.021013
v 0.609589 -0.480000 -0.021013
v 0.590411 -0.480000 -0.021013
v 0.590411 -0.480000 -0.014681
v 0.594247 -0.480000 -0.014681
v 0.598082 -0.480000 -0.014681
v 0.601918 -0.480000 -0.014681
v 0.605753 -0.480000 -0.014681
v 0.609589 -0.480000 -0.014681
v 0.620000 -0.509589 -0.021013
v 0.620000 -0.490411 -0.021013
v 0.620000 -0.490411 -0.014681
v 0.620000 -0.494247 -0.014681
v 0.620000 -0.498082 -0.014681
v 0.620000 -0.501918 -0.014681
v 0.620000 -0.505753 -0.014681
v 0.620000 -0.509589 -0.014681
v 0.590411 -0.520000 -0.021013
v 0.609589 -0.520000 -0.021013
v 0.609589 -0.520000 -0.014681
v 0.605753 -0.520000 -0.014681
v 0.601918 -0.520000 -0.014681
v 0.598082 -0.520000 -0.014681
v 0.594247 -0.520000 -0.014681
v 0.590411 -0.520000 -0.014681
v 0.580000 -0.490411 -0.021013
v 0.580000 -0.509589 -0.021013
v 0.580000 -0.509589 -0.014681
v 0.580000 -0.505753 -0.014681
v 0.580000 -0.501918 -0.014681
v 0.580000 -0.498082 -0.014681
v 0.580000 -0.494247 -0.014681
v 0.580000 -0.490411 -0.014681
v 0.520000 -0.480000 0.017121
v 0.520000 -0.520000 0.017121
v 0.480000 -0.520000 0.017121
v 0.480000 -0.480000 0.017121
v 0.520000 -0.520000 -0.067699
v 0.520000 -0.480000 -0.067699
v 0.480000 -0.520000 -0.067699
v 0.480000 -0.480000 -0.067699
vn -0.0000 1.0000 -0.0000
vn -0.0000 0.9991 0.0413
vn -0.0000 0.9997 0.0241
vn -0.0000 0.9973 0.0732
vn -0.0000 0.9989 0.0460
vn -0.0000 0.9975 0.0710
vn -0.0000 0.8350 0.5502
vn -0.0000 -1.0000 -0.0000
vn 1.0000 -0.0000 -0.0000
vn 0.9998 -0.0000 0.0181
vn 0.9978 -0.0000 0.0667
vn -0.0000 -0.0000 -1.0000
vn -0.9965 -0.0000 0.0830
vn -0.9983 -0.0000 0.0576
vn -0.9991 -0.0000 0.0414
vn 0.9982 -0.0000 0.0594
vn 0.9999 -0.0000 0.0162
vn 0.9929 -0.0000 0.1186
vn 0.9972 -0.0000 0.0742
vn -1.0000 -0.0000 -0.0000
vn -0.0000 -0.0000 1.0000
vn -0.9995 -0.0000 0.0300
vn -0.9997 -0.0000 0.0259
vn -0.9987 -0.0000 0.0518
vn 0.9989 -0.0000 0.0470
vn 0.9988 -0.0000 0.0499
vn 0.9991 -0.0000 0.0421
vn -0.0000 -0.8350 0.5502
vn -0.9979 -0.0000 0.0644
vn -0.9985 -0.0000 0.0551
vn -0.9996 -0.0000 0.0289
vn -0.9986 -0.0000 0.0526
vn -0.9992 -0.0000 0.0395
vn -0.9988 -0.0000 0.0495
vn -0.0000 -0.9945 0.1051
vn -0.0000 0.9994 0.0343
vn -0.0000 0.9986 0.0532
vn -0.0000 -0.9979 0.0644
vn -0.0000 -0.9995 0.0304
vn -0.0000 -0.9917 0.1285
vn -0.0000 -0.9984 0.0570
vn -0.0000 0.9957 0.0926
vn -0.0000 0.9941 0.1082
vn -0.0000 0.9828 0.1844
vn -0.0000 0.9966 0.0821
vn -0.8350 -0.0000 0.5502
vn -0.0000 0.9982 0.0593
vn -0.0000 0.9958 0.0914
vn -0.0000 0.9999 0.0161
vn -0.0000 -0.9984 0.0569
vn -0.0000 -0.9961 0.0878
vn -0.0000 -0.9999 0.0155
vn -0.9977 -0.0000 0.0675
vn -0.9999 -0.0000 0.0173
vn -0.9980 -0.0000 0.0636
vn -0.9982 -0.0000 0.0596
vn -0.9976 -0.0000 0.0692
vn -0.9998 -0.0000 0.0176
vn -0.9979 -0.0000 0.0654
vn -0.9998 -0.0000 0.0208
vn -0.0000 -0.9983 0.0576
vn -0.0000 -0.9991 0.0414
vn -0.0000 0.9951 0.0993
vn -0.0000 0.9933 0.1160
vn -0.0000 0.9803 0.1976
vn -0.0000 0.9963 0.0855
vn 0.9978 -0.0000 0.0666
vn 0.9911 -0.0000 0.1330
vn -0.9989 -0.0000 0.0479
vn -0.9995 -0.0000 0.0316
vn -0.9996 -0.0000 0.0270
vn 0.8350 -0.0000 0.5502
vn -0.9986 -0.0000 0.0535
vn -1.0000 -0.0000 0.0060
vn -0.9966 -0.0000 0.0826
vn 0.9984 -0.0000 0.0566
vn 0.9990 -0.0000 0.0455
vn 0.9987 -0.0000 0.0507
vn 0.9999 -0.0000 0.0170
vn 0.9962 -0.0000 0.0873
vn -0.0000 -0.9994 0.0358
vn -0.0000 -1.0000 0.0098
vn -0.0000 -0.9993 0.0381
vn 0.9982 -0.0000 0.0598
vn 0.9968 -0.0000 0.0802
vn -0.0000 0.9983 0.0588
vn 0.9963 -0.0000 0.0855
vn -0.0000 -0.9983 0.0582
vn -0.0000 -0.9998 0.0196
vn -0.0000 -0.9960 0.0898
vn -0.0000 0.9982 0.0598
vn -0.0000 0.9996 0.0279
vn -0.0000 0.9977 0.0675
vn -0.0000 -0.9980 0.0634
vn -0.0000 -0.9968 0.0805
vn -0.0000 -0.9898 0.1423
vn -0.0000 -0.0000 -0.0000
vn -0.0000 -0.9982 0.0592
vn -0.0000 -0.9984 0.0557
vn -0.0000 -0.9995 0.0312
vn -0.0000 -0.9938 0.1112
vn -0.0000 0.9975 0.0705
vn -0.0000 0.9998 0.0192
vn -0.0000 0.9900 0.1407
vn -0.0000 0.9980 0.0625
vn 0.9972 -0.0000 0.0749
vn 0.9998 -0.0000 0.0204
vn 0.9888 -0.0000 0.1494
vn 0.9979 -0.0000 0.0653
vn -0.9993 -0.0000 0.0362
vn -0.9992 -0.0000 0.0399
vn -0.9991 -0.0000 0.0423
vn -0.0000 -0.9965 0.0830
vn -0.0000 0.9978 0.0666
vn -0.0000 0.9998 0.0181
vn 0.9927 -0.0000 0.1210
vn 0.9984 -0.0000 0.0564
vn 0.9982 -0.0000 0.0606
vn 0.9996 -0.0000 0.0286
vn -0.0000 0.9969 0.0789
vn 0.9986 -0.0000 0.0526
vn 0.9958 -0.0000 0.0916
vn 0.9981 -0.0000 0.0611
vn 0.9995 -0.0000 0.0312
vn 0.9996 -0.0000 0.0266
vn 0.9990 -0.0000 0.0452
vn 0.9991 -0.0000 0.0427
vn 0.9984 -0.0000 0.0573
vn -0.9994 -0.0000 0.0347
vn -0.9975 -0.0000 0.0711
vn -0.9986 -0.0000 0.0534
vn -0.9998 -0.0000 0.0187
vn -0.9974 -0.0000 0.0727
vn -0.9964 -0.0000 0.0850
vn -0.9962 -0.0000 0.0876
vn -0.0000 -0.9998 0.0181
vn -0.0000 -0.9978 0.0666
vn -0.0000 -0.9978 0.0667
vn 0.9975 -0.0000 0.0709
vn 0.9999 -0.0000 0.0165
vn 0.9982 -0.0000 0.0607
vn -0.0000 0.9909 0.1347
vn -0.0000 0.9986 0.0528
vn -0.0000 0.9981 0.0613
vn -0.0000 -0.9987 0.0513
vn -0.0000 -0.9982 0.0596
vn -0.0000 -0.9829 0.1839
vn -0.0000 -0.9987 0.0506
vn -0.0000 -0.9993 0.0383
vn -0.0000 -0.9995 0.0318
vn -0.0000 -0.9980 0.0635
vn -0.0000 -0.9976 0.0692
vn -0.0000 -0.9998 0.0176
vn 0.9970 -0.0000 0.0778
vn -0.0000 0.9911 0.1330
vn -0.0000 -0.9911 0.1330
vn -0.0000 0.9981 0.0610
vn -0.0000 0.9996 0.0292
vn -0.0000 0.9986 0.0522
vn -0.0000 0.9946 0.1042
vn -0.9919 -0.0000 0.1268
vn -0.0000 -0.9990 0.0452
vn -0.0000 -0.9984 0.0566
vn -0.0000 -0.9988 0.0488
vn -0.0000 0.9982 0.0592
vn -0.0000 0.9995 0.0312
vn -0.0000 0.9984 0.0557
vn -0.0000 0.9974 0.0726
vn -0.9938 -0.0000 0.1112
vn -0.9976 -0.0000 0.0696
vn -0.9984 -0.0000 0.0557
vn -0.9997 -0.0000 0.0263
vn 0.9951 -0.0000 0.0993
vn 0.9933 -0.0000 0.1160
vn 0.9803 -0.0000 0.1976
vn -0.9951 -0.0000 0.0990
vn 0.9965 -0.0000 0.0830
vn 0.9983 -0.0000 0.0576
vn 0.9991 -0.0000 0.0414
vn -0.0000 0.9958 0.0919
vn 0.9981 -0.0000 0.0610
vn 0.9994 -0.0000 0.0341
vn 0.9926 -0.0000 0.1217
vn 0.9985 -0.0000 0.0540
vn -0.0000 -0.9996 0.0282
vn 0.9979 -0.0000 0.0650
vn -0.0000 0.9983 0.0590
vn -0.0000 0.9990 0.0443
vn -0.0000 0.9989 0.0470
vn -0.0000 0.9961 0.0884
vn -0.0000 0.9991 0.0430
vn -0.0000 0.9985 0.0543
vn -0.0000 0.9987 0.0508
vn -0.0000 -0.9985 0.0551
vn -0.0000 0.9872 0.1598
vn -0.0000 0.9968 0.0802
vn -0.0000 0.9968 0.0801
vn -0.0000 0.9923 0.1235
vn 0.9960 -0.0000 0.0894
vn 0.9953 -0.0000 0.0967
vn 0.9992 -0.0000 0.0389
vn 0.9988 -0.0000 0.0484
vn 0.9991 -0.0000 0.0434
vn 0.9991 -0.0000 0.0429
vn -0.9984 -0.0000 0.0572
vn -0.9992 -0.0000 0.0392
vn -0.9934 -0.0000 0.1143
vn -0.9988 -0.0000 0.0493
vn -0.9995 -0.0000 0.0307
vn -0.9989 -0.0000 0.0474
vn -0.9981 -0.0000 0.0615
vn -0.9993 -0.0000 0.0370
vn -0.0000 -0.9963 0.0855
vn -0.0000 -0.9933 0.1160
vn -0.0000 -0.9951 0.0993
vn -0.0000 0.9930 0.1184
vn -0.9980 -0.0000 0.0637
vn -0.9986 -0.0000 0.0533
vn -0.9989 -0.0000 0.0459
vn -0.9989 -0.0000 0.0478
vn -0.9996 -0.0000 0.0279
vn -0.9943 -0.0000 0.1069
vn -0.9999 -0.0000 0.0146
vn -0.9991 -0.0000 0.0425
vn -0.9990 -0.0000 0.0452
vn -0.9984 -0.0000 0.0567
vn -0.9987 -0.0000 0.0507
vn -0.9978 -0.0000 0.0659
vn -0.0000 -0.9990 0.0440
vn -0.0000 -0.9999 0.0151
vn -0.0000 -0.9995 0.0307
vn -0.0000 -0.9976 0.0689
vn 0.9926 -0.0000 0.1212
vn -0.9984 -0.0000 0.0571
vn -0.9987 -0.0000 0.0504
vn 0.9986 -0.0000 0.0535
vn 0.9997 -0.0000 0.0253
vn 0.9943 -0.0000 0.1068
vn 0.9966 -0.0000 0.0825
vn -0.0000 -0.9936 0.1131
vn -0.9972 -0.0000 0.0741
vn -1.0000 -0.0000 0.0083
vn -0.9962 -0.0000 0.0866
vn -0.9964 -0.0000 0.0849
vn -0.0000 0.9979 0.0644
vn -0.0000 0.9995 0.0304
vn -0.0000 -0.9973 0.0728
vn -0.9951 -0.0000 0.0987
vn -0.9995 -0.0000 0.0310
vn -0.9990 -0.0000 0.0444
vn -0.9989 -0.0000 0.0460
vn -0.9982 -0.0000 0.0600
vn 0.9923 -0.0000 0.1235
vn 0.9968 -0.0000 0.0801
vn -0.9974 -0.0000 0.0723
vn 0.9956 -0.0000 0.0938
vn -0.0000 0.9952 0.0982
vn -0.0000 0.9981 0.0614
vn -0.0000 0.9993 0.0366
vn -0.0000 0.9984 0.0564
vn -0.0000 0.9979 0.0655
vn -0.0000 0.9998 0.0197
vn -0.0000 0.9992 0.0392
vn -0.0000 -0.9803 0.1976
vn 0.9969 -0.0000 0.0788
vn 0.9981 -0.0000 0.0608
vn 0.9992 -0.0000 0.0394
vn 0.9991 -0.0000 0.0419
vn -0.9964 -0.0000 0.0844
vn -0.9972 -0.0000 0.0749
vn -0.9968 -0.0000 0.0801
vn -0.9923 -0.0000 0.1235
vn 0.9872 -0.0000 0.1598
vn -0.0000 0.9982 0.0601
vn -0.0000 0.9996 0.0294
vn -0.0000 0.9972 0.0749
vn -0.9980 -0.0000 0.0626
vn -0.9985 -0.0000 0.0540
vn -0.9986 -0.0000 0.0528
vn -0.9981 -0.0000 0.0620
vn -0.0000 -0.9919 0.1268
vn -0.0000 -0.9980 0.0636
vn -0.0000 -0.9999 0.0173
vn -0.0000 -0.9974 0.0716
vn -0.0000 -0.9935 0.1137
vn -0.0000 0.9980 0.0636
vn -0.0000 0.9999 0.0173
vn -0.0000 0.9938 0.1112
vn -0.9895 -0.0000 0.1448
vn -0.9964 -0.0000 0.0848
vn -0.9974 -0.0000 0.0726
vn -0.0000 0.9931 0.1174
vn -0.0000 -0.9981 0.0610
vn -0.0000 -0.9994 0.0341
vn -0.0000 -0.9926 0.1217
vn -0.0000 -0.9985 0.0540
vn -0.0000 0.9976 0.0698
vn -0.0000 -0.9987 0.0507
vn -0.0000 -0.9994 0.0348
vn -0.0000 -0.9949 0.1013
vn -0.0000 0.9903 0.1393
vn -0.0000 -0.9986 0.0525
vn -0.0000 -0.9978 0.0656
vn -0.0000 -0.9996 0.0294
vn -0.9923 -0.0000 0.1238
vn -0.0000 -0.9937 0.1117
vn -0.0000 0.9936 0.1126
vn -0.0000 0.9985 0.0540
vn -0.0000 0.9994 0.0341
vn -0.0000 0.9976 0.0699
vn -0.0000 -0.9960 0.0893
vn -0.0000 0.9917 0.1285
vn -0.0000 0.9984 0.0570
vn -0.0000 -0.9945 0.1048
vn 0.9936 -0.0000 0.1130
vn -0.0000 0.9986 0.0525
vn -0.0000 0.9978 0.0656
vn -0.9872 -0.0000 0.1598
vn -0.0000 0.9926 0.1217
vn -0.9890 -0.0000 0.1478
vn -0.0000 -0.9932 0.1163
vn -0.0000 0.9983 0.0589
vn -0.0000 0.9996 0.0266
vn -0.0000 0.9994 0.0334
vn -0.0000 0.9992 0.0393
vn -0.0000 0.9996 0.0295
vn -0.0000 0.9987 0.0509
vn -0.0000 -0.9987 0.0504
vn -0.0000 -0.9984 0.0571
vn 0.9994 -0.0000 0.0350
vn 0.9995 -0.0000 0.0328
vn 0.9992 -0.0000 0.0409
vn -0.9943 -0.0000 0.1064
vn -0.2181 -0.9759 -0.0000
vn -0.0000 -0.9930 0.1182
vn -0.9974 -0.0000 0.0724
vn -0.9939 -0.0000 0.1100
vn -0.9946 -0.0000 0.1037
vn -0.9896 -0.0000 0.1442
vn -0.0000 0.9945 0.1048
vn 0.9984 -0.0000 0.0569
vn 0.9961 -0.0000 0.0878
vn 0.9999 -0.0000 0.0155
vn 0.9935 -0.0000 0.1137
vn 0.9975 -0.0000 0.0700
vn -0.0000 0.9919 0.1268
vn -0.0000 -0.9946 0.1037
vt 0.679778 0.761805
vt 0.531522 0.761805
vt 0.626974 0.649610
vt 0.626974 0.626146
vt 0.641189 0.649610
vt 0.655405 0.649610
vt 0.679778 0.612651
vt 0.840705 0.558437
vt 0.963620 0.558437
vt 0.976291 0.612419
vt 0.828034 0.612419
vt 0.529796 0.964465
vt 0.529796 0.021155
vt 0.974650 0.021155
vt 0.974650 0.964465
vt 0.789446 0.649610
vt 0.775230 0.649610
vt 0.761014 0.649610
vt 0.746798 0.649610
vt 0.828034 0.612651
vt 0.803661 0.649610
vt 0.976291 0.909857
vt 0.828034 0.909857
vt 0.828034 0.761601
vt 0.976291 0.761601
vt 0.644207 0.558437
vt 0.531522 0.612651
vt 0.567092 0.558437
vt 0.570111 0.649610
vt 0.555895 0.649610
vt 0.612758 0.649610
vt 0.598542 0.649610
vt 0.584326 0.649610
vt 0.529796 0.722019
vt 0.974650 0.722019
vt 0.974650 0.277165
vt 0.529796 0.277165
vt 0.746798 0.626146
vt 0.761014 0.626146
vt 0.828034 0.761805
vt 0.828034 0.884720
vt 0.750919 0.884720
vt 0.750920 0.761805
vt 0.909270 0.625916
vt 0.909270 0.649385
vt 0.895055 0.649385
vt 0.732583 0.649610
vt 0.718367 0.649610
vt 0.704151 0.626146
vt 0.704151 0.649610
vt 0.570111 0.626146
vt 0.584326 0.626146
vt 0.598542 0.829285
vt 0.584326 0.852754
vt 0.598542 0.852754
vt 0.612758 0.852754
vt 0.626974 0.852754
vt 0.641189 0.852754
vt 0.655405 0.852754
vt 0.679778 0.964969
vt 0.531522 0.964969
vt 0.531522 0.815788
vt 0.679778 0.815788
vt 0.626974 0.829285
vt 0.612758 0.829285
vt 0.732583 0.626146
vt 0.715349 0.558437
vt 0.792464 0.558437
vt 0.555895 0.626146
vt 0.852407 0.649385
vt 0.880839 0.625916
vt 0.852407 0.625916
vt 0.866623 0.649385
vt 0.880839 0.649385
vt 0.555895 0.829285
vt 0.555895 0.852754
vt 0.937702 0.625916
vt 0.775230 0.626146
vt 0.570111 0.852754
vt 0.667107 0.761805
vt 0.544192 0.761805
vt 0.951918 0.649385
vt 0.937702 0.649385
vt 0.923486 0.649385
vt 0.612758 0.626146
vt 0.598542 0.626146
vt 0.641189 0.829285
vt 0.718367 0.626146
vt 0.655405 0.829285
vt 0.923486 0.625916
vt 0.866623 0.625916
vt 0.951918 0.625916
vt 0.803661 0.626146
vt 0.570111 0.829285
vt 0.584326 0.829285
vt 0.895055 0.625916
vt 0.655405 0.626146
vt 0.641189 0.626146
vt 0.789446 0.626146
s 1
f 1095/1/1 1093/2/2 1109/3/3 1115/4/4 1108/5/5 1105/6/5 1102/7/6
f 1455/8/7 1451/9/7 1458/10/7 1461/11/7
f 2058/12/8 2063/13/8 2065/14/8 2061/15/8
f 29/16/9 7/1/10 30/17/9 31/18/9 32/19/9 12/20/11 18/21/9
f 875/22/12 873/23/12 869/24/12 871/25/12
f 807/26/13 813/7/14 804/2/15 812/27/13 805/28/13
f 893/29/16 881/30/16 869/2/17 877/27/18 870/28/18 872/26/18 878/7/19 889/3/16 890/31/16 891/32/16 892/33/16
f 2954/22/12 2952/23/12 2948/24/12 2950/25/12
f 80/34/12 82/35/12 83/36/12 81/37/12
f 74/14/20 70/15/20 71/12/20 75/13/20
f 1052/38/1 1053/39/1 1048/18/1 1049/19/1
f 2739/40/21 2735/41/21 2733/42/21 2737/43/21
f 2828/44/20 2826/45/20 2827/46/20
f 2083/21/22 2094/16/22 2095/17/22 2098/39/22 2096/47/22 2097/48/22 2082/49/22 2077/20/23 2070/40/24
f 2071/8/7 2067/9/7 2074/10/7 2077/11/7
f 320/3/25 321/31/25 322/32/25 323/33/25 313/7/26 304/2/27
f 2383/14/9 2381/13/9 2378/12/9 2379/15/9
f 667/9/7 674/10/7 677/11/7 671/8/7
f 364/9/28 371/10/28 374/11/28 368/8/28
f 879/7/29 885/49/30 884/50/30 875/1/31
f 1232/14/9 1230/13/9 1227/12/9 1228/15/9
f 2558/7/32 2551/1/20 2549/2/33 2566/31/34 2567/32/34 2568/33/34
f 1096/41/21 1094/42/21 1098/43/21 1100/40/21
f 607/51/35 608/52/8 605/33/8 606/29/8
f 2300/1/1 2298/2/36 2316/5/1 2310/6/1 2307/7/37
f 2016/53/8 2015/54/8 2014/55/8 2013/56/8 2012/57/8 2011/58/8 2001/59/8 1993/60/8 1989/61/8 1996/62/8 1997/63/8 2018/64/8 2017/65/8
f 1030/41/21 1028/42/21 1032/43/21 1034/40/21
f 1690/58/9 1683/59/9 1675/60/9 1671/61/9
f 1555/66/38 1534/1/39 1538/7/40 1535/67/40 1533/68/40 1539/20/41
f 1688/52/42 1687/33/42 1681/69/42 1677/27/43 1670/28/44 1672/26/44 1678/7/45
f 89/8/46 85/9/46 92/10/46 95/11/46
f 174/5/47 167/6/47 163/7/48 156/1/1 154/2/49 166/30/47 177/52/47 176/32/47 175/31/47
f 3016/10/20 3040/45/20 3041/46/20
f 186/18/50 185/17/50 184/16/50 171/21/50 165/20/51 158/40/8 160/1/52 170/50/50 189/48/50 188/47/50 187/19/50
f 1739/8/28 1735/9/28 1742/10/28 1745/11/28
f 2487/9/7 2494/10/7 2497/11/7 2491/8/7
f 315/20/53 319/21/20 308/40/20 310/1/54 318/50/55 328/48/55 327/47/55
f 406/44/8 403/45/8 404/46/8
f 258/38/56 259/39/57 255/18/58 256/19/57
f 1102/62/9 1103/63/9 1095/61/9
f 1483/46/1 1454/24/1 1461/11/1 1466/70/1 1484/71/1
f 2497/20/59 2490/40/20 2492/1/60
f 302/35/12 303/36/12 301/37/12 300/34/12
f 302/14/20 298/15/20 299/12/20 303/13/20
f 2564/72/8 2576/73/8 2575/74/8 2574/46/8 2553/24/8 2560/11/8 2557/10/8
f 448/7/61 451/6/8 439/2/62
f 304/2/27 313/7/26 306/1/9
f 453/75/20 448/62/20 449/63/20 458/54/20 441/61/20 452/76/20
f 296/12/9 297/15/9 300/14/9 301/13/9
f 2268/15/9 2269/12/9 2273/13/9 2272/14/9
f 329/74/1 308/24/1 315/11/1 312/10/1 330/77/1
f 1539/20/41 1532/40/8 1534/1/39 1552/16/8 1556/78/8
f 1610/13/20 1612/14/20 1608/15/20 1605/12/20
f 506/12/20 511/13/20 513/14/20 509/15/20
f 2910/49/63 2904/7/64 2901/67/65 2899/68/65 2905/20/66
f 826/54/1 827/79/1 817/75/1 813/62/1 814/63/1 825/57/1 828/65/1
f 12/20/11 17/50/67 7/1/10 11/7/68 8/67/68 6/68/68
f 2954/1/69 2958/7/70 2964/49/71
f 2385/12/8 2386/15/8 2389/14/8 2390/13/8
f 1805/14/9 1806/13/9 1801/12/9 1802/15/9
f 3015/80/72 3018/63/72 3017/62/72 3011/81/72
f 387/33/73 386/32/73 363/2/74 371/27/75 375/30/73
f 389/57/1 390/56/1 391/55/1 392/54/1 393/79/1 377/76/1 365/61/1 372/62/1 373/63/1 369/60/1 378/59/1 388/58/1
f 379/50/76 398/48/76 397/47/77 396/19/78 369/1/79 373/7/80
f 369/22/12 367/23/12 363/24/12 365/25/12
f 1865/21/81 1853/40/82 1855/1/83
f 1226/12/20 1231/13/20 1233/14/20 1229/15/20
f 2909/59/20 2904/63/20 2900/60/20 2896/61/20
f 1596/13/20 1595/14/20 1591/15/20 1592/12/20
f 503/13/8 498/12/8 499/15/8 502/14/8
f 668/1/9 666/2/10 686/5/9 679/6/9 675/7/84
f 2079/6/9 2086/5/9 2087/3/9 2088/31/9 2089/32/9 2075/7/85
f 2215/80/72 2218/63/72 2217/62/72 2211/81/72
f 2282/12/9 2283/15/9 2286/14/9 2287/13/9
f 2912/82/9 2913/83/9 2914/84/9 2915/44/9 2902/10/9 2894/25/9
f 2317/3/1 2319/85/1 2318/86/86 2307/7/37 2310/6/1 2316/5/1 2298/2/36
f 2507/31/9 2486/2/9 2508/33/9 2495/7/87 2499/6/9
f 2373/13/1 2370/12/1 2371/15/1 2375/14/1
f 510/14/1 511/13/1 506/12/1 507/15/1
f 508/35/21 507/34/21 506/37/21 509/36/21
f 941/36/21 940/35/21 939/34/21 938/37/21
f 964/63/1 968/75/1 963/62/1
f 2550/9/28 2557/10/28 2560/11/28 2554/8/28
f 1605/37/21 1608/36/21 1607/35/21 1606/34/21
f 1233/13/8 1232/14/8 1228/15/8 1229/12/8
f 2874/13/9 2871/12/9 2872/15/9 2876/14/9
f 512/35/12 513/36/12 511/37/12 510/34/12
f 5/40/9 7/1/10 29/16/9 18/21/9 12/20/11
f 537/50/88 551/66/88 550/47/88 528/1/89 532/7/90
f 1838/13/8 1833/12/8 1834/15/8 1837/14/8
f 526/24/20 533/11/20 539/72/20 554/71/20 553/46/20 552/45/20
f 450/20/91 459/17/1 445/1/92 460/19/93 461/66/93
f 2882/34/12 2884/35/12 2885/36/12 2883/37/12
f 599/30/94 606/29/8 605/33/8 604/32/8 603/31/8 602/3/8 611/4/8 610/85/8 609/86/8 608/52/8 607/51/35 596/7/95 589/1/8 587/2/8 595/27/96
f 589/25/12 593/22/12 591/23/12 587/24/12
f 2516/83/1 2506/82/1 2486/25/1 2490/24/1
f 622/45/97 625/44/12 595/10/9 587/25/9 601/82/9 621/83/9 591/24/9 623/46/12
f 1525/13/9 1527/14/9 1523/15/9 1520/12/9
f 1162/41/21 1160/42/21 1164/43/21 1166/40/21
f 1452/25/12 1456/22/12 1454/23/12 1450/24/12
f 1036/7/98 1041/33/99 1027/2/100 1035/27/101 1028/28/101 1030/26/101
f 519/13/20 514/12/20 515/15/20 518/14/20
f 1633/87/1 1632/54/97 1615/61/8 1623/63/8
f 1861/30/102 1849/2/103 1857/27/104 1850/28/104 1852/26/104 1858/7/105 1871/52/102 1869/33/102 1870/29/102
f 155/9/46 162/10/46 165/11/46 159/8/46
f 830/88/106 818/50/106 810/1/107 814/7/108 811/67/108 809/68/108 815/20/109
f 668/25/12 672/22/12 670/23/12 666/24/12
f 2001/59/8 2011/58/8 2012/57/8 2018/64/8 1997/63/8 1993/60/8
f 681/89/8 676/63/8 672/60/8 668/61/8 680/76/8
f 688/32/9 689/52/9 675/7/84 690/85/9 687/31/9 666/2/10
f 2022/47/110 2021/19/110 2020/18/110 2019/17/110 1993/1/111 1997/7/112 2002/49/110
f 448/7/61 439/2/62 447/27/113 440/28/113 442/26/113
f 890/31/16 889/3/16 878/7/19 871/1/9 869/2/17 881/30/16 893/29/16 892/33/16 891/32/16
f 529/80/72 532/63/72 531/62/72 525/81/72
f 733/34/21 732/37/21 735/36/21 734/35/21
f 462/83/9 457/82/9 439/25/9 443/24/9
f 738/14/20 736/13/20 733/12/20 734/15/20
f 1625/59/8 1633/87/1 1623/63/8 1619/60/8 1615/61/8
f 2383/35/12 2384/36/12 2382/37/12 2381/34/12
f 2283/12/8 2284/15/8 2288/14/8 2286/13/8
f 2552/41/21 2550/42/21 2554/43/21 2556/40/21
f 1328/30/114 1325/7/91 1338/52/1 1337/33/1 1316/2/115
f 1814/13/20 1809/12/20 1810/15/20 1813/14/20
f 2287/37/12 2286/34/12 2288/35/12 2289/36/12
f 810/22/12 808/23/12 804/24/12 806/25/12
f 753/59/20 760/58/20 742/61/20 761/56/20 762/65/20 750/63/20 746/60/20
f 3079/13/1 3081/14/1 3077/15/1 3074/12/1
f 2150/68/116 2156/20/117 2172/39/118 2169/18/118 2170/19/118 2171/66/118 2151/1/119 2155/7/116 2152/67/116
f 449/7/120 456/49/93 455/50/93 445/1/92
f 2148/41/21 2146/42/21 2150/43/21 2152/40/21
f 1761/38/121 1760/47/122 1759/19/123 1758/18/121 1763/78/124 1757/16/125 1740/1/126 1744/7/122 1741/67/122 1739/68/122 1745/20/127 1762/39/128
f 836/44/8 832/45/8 833/46/8 834/74/8 835/73/8 820/72/8 815/11/8 812/10/8
f 1/2/129 22/33/130 21/32/20 20/31/20 24/85/20 10/7/131 14/6/20
f 2143/14/1 2139/15/1 2140/12/1 2144/13/1
f 2673/80/7 2676/63/7 2675/62/7 2669/81/7
f 943/13/8 945/14/8 941/15/8 938/12/8
f 873/40/20 875/1/31 897/18/132 900/78/133 896/16/30 886/21/30 880/20/134
f 899/39/135 897/18/132 898/19/30
f 944/35/12 945/36/12 943/37/12 942/34/12
f 1677/10/20 1701/90/20 1698/45/12 1673/24/20 1699/74/20 1700/71/20 1684/72/20
f 1536/10/20 1528/25/20 1532/24/20 1542/72/20 1539/11/20
f 2232/91/20 2233/71/20 2230/74/20 2231/73/20
f 950/34/12 952/35/12 953/36/12 951/37/12
f 2424/80/46 2427/63/46 2426/62/46 2420/81/46
f 948/35/21 947/34/21 946/37/21 949/36/21
f 948/15/1 949/12/1 953/13/1 952/14/1
f 2809/63/9 2812/75/9 2808/62/9
f 2080/76/8 2093/79/8 2068/61/8 2075/62/8
f 3038/16/8 3026/21/8 3012/40/8 3014/1/136 3025/50/137 3019/20/138
f 2902/10/9 2911/72/9 2905/11/9
f 2862/37/21 2865/36/21 2864/35/21 2863/34/21
f 2390/37/12 2389/34/12 2391/35/12 2392/36/12
f 980/65/1 964/63/1 969/89/1 970/59/1 960/60/1 956/61/1 979/56/1
f 965/20/139 972/21/9 960/1/140 971/50/141 984/48/141 983/47/141 982/19/141 981/18/141
f 2143/35/12 2144/36/12 2142/37/12 2141/34/12
f 1023/13/20 1020/12/20 1021/15/20 1025/14/20
f 33/83/8 19/82/8 1/25/8 5/24/8
f 2294/13/9 2291/12/9 2292/15/9 2296/14/9
f 961/80/7 964/63/7 963/62/7 957/81/7
f 2733/9/7 2740/10/7 2743/11/7 2737/8/7
f 444/68/142 450/20/91 461/66/93 460/19/93 445/1/92 455/50/93 456/49/93 449/7/120 446/67/142
f 2294/14/1 2295/13/1 2290/12/1 2291/15/1
f 1308/37/21 1311/36/21 1310/35/21 1309/34/21
f 1113/86/143 1114/85/144 1110/31/144 1111/32/144
f 3009/9/46 3016/10/46 3019/11/46 3013/8/46
f 1030/81/46 1034/80/46 1037/63/46 1036/62/46
f 1056/45/9 1055/84/9 1060/90/9 1059/44/9 1035/10/9 1027/25/9 1031/24/9 1057/46/9
f 118/38/145 119/39/146 115/18/146 116/19/146
f 609/86/8 610/85/8 603/31/8 604/32/8
f 1119/87/9 1116/58/9 1117/57/9
f 818/50/106 830/88/106 831/66/9 829/47/9 810/1/107
f 594/40/21 590/41/21 588/42/21 592/43/21
f 446/40/21 442/41/21 440/42/21 444/43/21
f 596/7/95 607/51/35 599/30/94 595/27/96 588/28/147 590/26/147
f 1104/20/148 1097/40/8 1099/1/149 1120/19/150 1122/38/151
f 1339/16/8 1333/21/8 1320/40/8 1322/1/8
f 1237/41/21 1235/42/21 1239/43/21 1241/40/21
f 1695/38/146 1696/39/152 1692/18/153 1693/19/152
f 1766/45/97 1765/84/97 1764/83/97 1747/92/97 1742/10/8 1734/25/8 1738/24/8 1768/74/97 1767/46/97
f 1463/6/9 1459/7/154 1452/1/9
f 588/9/72 595/10/72 598/11/72 592/8/72
f 1319/26/155 1325/7/91 1328/30/114 1316/2/115 1324/27/155 1317/28/155
f 2315/82/20 2306/10/20 2298/25/20 2302/24/20 2309/11/20 2314/72/20
f 2388/15/9 2385/12/9 2390/13/9 2392/14/9
f 1249/50/137 1240/1/136 1244/7/156 1241/67/156 1239/68/156 1245/20/138
f 1170/20/157 1163/40/1 1165/1/158 1187/47/159 1186/19/159 1185/18/159 1184/16/159 1173/93/159
f 161/80/72 164/63/72 163/62/72 157/81/72
f 91/80/72 94/63/72 93/62/72 87/81/72
f 1184/16/159 1185/18/159 1186/19/159 1187/47/159 1165/1/158 1169/7/160 1166/67/160 1164/68/160 1170/20/157 1173/93/159
f 394/16/76 380/21/76 374/20/80 367/40/9 369/1/79
f 662/34/12 664/35/12 665/36/12 663/37/12
f 2167/94/1 2147/61/1 2154/62/1 2155/63/1
f 821/82/8 812/10/8 804/25/8 808/24/8
f 318/50/55 310/1/54 314/7/161 311/67/161 309/68/161 315/20/53 327/47/55 328/48/55
f 1539/20/41 1556/78/8 1553/17/8 1552/16/8 1534/1/39 1554/47/8 1555/66/38
f 1161/1/8 1159/2/162 1175/31/163 1176/32/163 1177/33/163 1178/29/163 1171/69/163 1168/7/164
f 662/13/9 659/12/9 660/15/9 664/14/9
f 1391/22/12 1389/23/12 1385/24/12 1387/25/12
f 1232/35/12 1233/36/12 1231/37/12 1230/34/12
f 1228/35/21 1227/34/21 1226/37/21 1229/36/21
f 1230/14/1 1231/13/1 1226/12/1 1227/15/1
f 317/89/8 314/63/8 310/60/8 306/61/8 316/76/8 326/95/8 325/55/8 324/56/8
f 3039/83/20 3029/82/20 3008/25/20 3012/24/20
f 1482/45/1 1481/84/1 1487/90/1 1486/44/1 1485/96/1 1484/71/1 1466/70/1 1461/11/1 1458/10/1 1450/25/1 1454/24/1 1483/46/1
f 1834/12/20 1835/15/20 1839/14/20 1837/13/20
f 975/92/8 962/10/8 954/25/8 958/24/8 985/45/8
f 2024/46/1 2023/45/1 2006/92/1 1995/10/1 1987/25/1 1991/24/1 1998/11/1 2005/70/1 2025/71/1
f 745/8/72 741/9/72 748/10/72 751/11/72
f 1240/22/12 1238/23/12 1234/24/12 1236/25/12
f 1243/7/165 1246/6/1 1236/1/1 1234/2/166 1252/33/167
f 2439/17/1 2423/1/1 2440/19/1 2428/20/168 2441/39/1
f 1263/45/20 1238/24/20 1264/46/20 1265/71/20 1242/10/20 1266/44/20
f 2684/82/8 2666/25/8 2670/24/8 2698/74/8 2697/45/8
f 1237/81/72 1241/80/72 1244/63/72 1243/62/72
f 2398/13/9 2400/14/9 2396/15/9 2393/12/9
f 1831/14/20 1827/15/20 1828/12/20 1832/13/20
f 3019/11/20 3016/10/20 3028/72/20 3027/70/20
f 957/41/21 955/42/21 959/43/21 961/40/21
f 1303/36/21 1302/35/21 1301/34/21 1300/37/21
f 2148/26/169 2154/7/170 2161/3/171 2162/31/171 2163/32/171 2164/52/171 2145/2/172 2153/27/169 2146/28/169
f 1308/12/8 1309/15/8 1312/14/8 1313/13/8
f 1381/13/9 1378/12/9 1379/15/9 1383/14/9
f 2428/20/168 2421/40/1 2423/1/1
f 2384/14/20 2380/15/20 2377/12/20 2382/13/20
f 502/13/20 499/12/20 500/15/20 504/14/20
f 2495/7/87 2498/69/173 2494/27/174 2487/28/175 2489/26/175
f 306/25/12 310/22/12 308/23/12 304/24/12
f 1761/38/121 1762/39/128 1758/18/121 1759/19/123
f 2552/26/176 2558/7/32 2568/33/34 2567/32/34 2566/31/34 2549/2/33 2557/27/176 2550/28/176
f 1319/81/72 1323/80/72 1326/63/72 1325/62/72
f 1311/15/9 1308/12/9 1313/13/9 1315/14/9
f 1322/22/12 1320/23/12 1316/24/12 1318/25/12
f 1324/10/20 1335/82/20 1320/24/20 1341/45/20 1344/44/20 1342/74/20 1343/73/20 1334/72/20 1327/11/20
f 2903/7/138 2906/30/137 2894/2/136 2902/27/156 2895/28/156 2897/26/156
f 1342/74/20 1344/44/20 1341/45/20 1320/24/20 1327/11/20 1334/72/20 1343/73/20
f 1321/8/46 1317/9/46 1324/10/46 1327/11/46
f 1251/70/20 1238/24/20 1245/11/20 1242/10/20
f 78/15/9 79/12/9 83/13/9 82/14/9
f 738/14/1 734/15/1 735/12/1 739/13/1
f 675/7/84 678/30/67 666/2/10 674/27/68 667/28/68 669/26/68
f 742/25/12 746/22/12 744/23/12 740/24/12
f 1383/14/8 1379/15/8 1380/12/8 1384/13/8
f 1868/3/1 1872/85/1 1858/7/105 1862/97/1 1863/6/1 1851/1/1 1849/2/103
f 1614/28/177 1616/26/177 1622/7/178 1613/2/179 1621/27/177
f 1388/81/72 1392/80/72 1395/63/72 1394/62/72
f 1110/31/144 1109/3/3 1093/2/2 1101/27/180 1094/28/180 1096/26/180 1102/7/6 1105/6/5 1108/5/5 1115/4/4 1114/85/144 1113/86/143 1112/33/180 1111/32/144
f 512/14/8 508/15/8 509/12/8 513/13/8
f 450/20/91 445/1/92 459/17/1
f 1390/8/46 1386/9/46 1393/10/46 1396/11/46
f 1531/41/21 1529/42/21 1533/43/21 1535/40/21
f 2895/9/72 2902/10/72 2905/11/72 2899/8/72
f 2748/33/181 2732/2/182 2740/27/183 2733/28/183 2735/26/183 2741/7/184 2749/52/181
f 1032/8/72 1028/9/72 1035/10/72 1038/11/72
f 2308/7/152 2312/49/98 2327/48/98 2304/1/185
f 399/38/186 400/39/76 395/18/76 396/19/78
f 1473/65/8 1472/57/8 1452/61/8 1459/62/8 1464/76/8
f 872/41/21 870/42/21 874/43/21 876/40/21
f 1523/36/21 1522/35/21 1521/34/21 1520/37/21
f 527/8/46 523/9/46 530/10/46 533/11/46
f 1535/80/72 1538/63/72 1537/62/72 1531/81/72
f 882/76/8 879/63/8 895/55/8 871/61/8
f 103/31/187 102/3/187 101/5/188 96/6/188 84/2/189 92/27/190 85/28/190 87/26/190 93/7/191 108/4/192 107/85/187 106/86/193 105/33/190 104/32/187
f 1542/72/20 1532/24/20 1539/11/20
f 1549/95/9 1548/55/9 1530/61/9 1537/62/9 1538/63/9 1541/75/9
f 1534/60/9 1530/61/9 1548/55/9 1550/53/9 1551/65/9 1547/57/9 1538/63/9
f 2309/20/194 2313/93/8 2325/16/8 2304/1/185 2326/17/98 2328/39/98
f 748/10/9 770/74/9 771/73/9 754/70/9 744/24/9 751/11/9
f 1594/13/1 1596/14/1 1592/15/1 1589/12/1
f 3075/12/8 3076/15/8 3080/14/8 3078/13/8
f 621/83/9 601/82/9 587/25/9 591/24/9
f 3011/26/195 3017/7/196 3020/30/197 3016/27/198 3009/28/195
f 1935/92/8 1936/82/8 1913/25/8 1917/24/8 1952/84/8 1954/44/8 1921/10/8
f 1525/13/8 1520/12/8 1521/15/8 1524/14/8
f 1534/22/12 1532/23/12 1528/24/12 1530/25/12
f 1603/35/12 1604/36/12 1602/37/12 1601/34/12
f 1616/41/21 1614/42/21 1618/43/21 1620/40/21
f 505/36/12 503/37/12 502/34/12 504/35/12
f 2694/66/199 2693/47/200 2695/38/201 2696/39/202 2692/17/202 2672/1/203 2676/7/200 2673/67/200 2671/68/200 2677/20/204
f 1257/95/9 1256/55/9 1255/56/9 1254/57/9 1253/58/9 1248/59/9 1236/61/9 1243/62/9 1247/75/9
f 2757/66/205 2756/19/205 2738/1/206 2742/7/207 2739/67/207 2737/68/207 2743/20/208 2746/49/205
f 964/63/1 960/60/1 970/59/1 969/89/1
f 2691/87/1 2687/58/1 2688/57/1
f 1629/3/21 1631/85/21 1630/33/21 1613/2/179 1622/7/178
f 2629/33/209 2630/29/209 2621/30/209 2617/27/210 2610/28/211 2612/26/211 2618/7/211 2611/1/211 2609/2/212 2627/31/209 2628/32/209
f 1679/63/9 1691/54/9 1671/61/9 1678/62/9
f 1457/40/21 1453/41/21 1451/42/21 1455/43/21
f 1472/57/8 1474/64/8 1473/65/8 1464/76/8 1459/62/8 1460/63/8 1456/60/8 1452/61/8
f 1327/20/213 1340/17/8 1322/1/8 1326/7/214 1332/49/215
f 1916/41/21 1914/42/21 1918/43/21 1920/40/21
f 1674/8/46 1670/9/46 1677/10/46 1680/11/46
f 174/5/47 175/31/47 176/32/47 177/52/47 166/30/47 154/2/49 162/27/216 155/28/216 157/26/216 163/7/48 167/6/47
f 2368/14/9 2364/15/9 2361/12/9 2366/13/9
f 1160/9/72 1167/10/72 1170/11/72 1164/8/72
f 1677/10/20 1669/25/20 1673/24/20 1701/90/20
f 1945/65/1 1943/56/1 1915/61/1 1944/54/1
f 660/35/21 659/34/21 658/37/21 661/36/21
f 1753/4/20 1749/31/217 1750/32/218 1751/33/218 1752/29/218 1746/69/218 1743/7/219 1736/1/20 1734/2/220 1748/3/221
f 385/31/73 363/2/74 386/32/73 387/33/73 375/30/73 371/27/75 364/28/222 366/26/222 372/7/222 365/1/223 376/6/73 383/5/73 384/3/73
f 2485/14/1 2481/15/1 2478/12/1 2483/13/1
f 1807/35/12 1808/36/12 1806/37/12 1805/34/12
f 1672/81/72 1676/80/72 1679/63/72 1678/62/72
f 234/22/12 232/23/12 228/24/12 230/25/12
f 444/8/72 440/9/72 447/10/72 450/11/72
f 1807/14/20 1803/15/20 1804/12/20 1808/13/20
f 951/13/9 953/14/9 949/15/9 946/12/9
f 1811/35/21 1810/34/21 1809/37/21 1812/36/21
f 811/80/7 814/63/7 813/62/7 807/81/7
f 955/9/28 962/10/28 965/11/28 959/8/28
f 2623/89/1 2619/63/1 2615/60/1 2611/61/1 2618/62/1 2622/76/1
f 1817/12/20 1822/13/20 1824/14/20 1820/15/20
f 1817/37/21 1820/36/21 1819/35/21 1818/34/21
f 1040/70/9 1058/73/9 1031/24/9 1038/11/9
f 1823/35/12 1824/36/12 1822/37/12 1821/34/12
f 1824/13/8 1823/14/8 1819/15/8 1820/12/8
f 2880/35/21 2879/34/21 2878/37/21 2881/36/21
f 682/21/224 691/16/224 692/47/224 677/20/225 670/40/20 672/1/225
f 1826/34/21 1825/37/21 1828/36/21 1827/35/21
f 1479/38/226 1480/39/227 1476/18/228 1477/19/228
f 1331/59/9 1326/63/9 1322/60/9 1318/61/9
f 1609/14/1 1610/13/1 1605/12/1 1606/15/1
f 1529/9/46 1536/10/46 1539/11/46 1533/8/46
f 88/40/8 90/1/229 113/16/230 98/21/231 95/20/232
f 2738/22/12 2736/23/12 2732/24/12 2734/25/12
f 959/68/233 965/20/139 981/18/141 982/19/141 983/47/141 984/48/141 971/50/141 960/1/140 964/7/233 961/67/233
f 2387/15/20 2391/14/20 2389/13/20 2386/12/20
f 448/62/20 453/75/20 452/76/20 441/61/20
f 1834/34/21 1833/37/21 1836/36/21 1835/35/21
f 2900/1/1 2905/20/66 2898/40/1
f 2090/58/8 2081/59/8 2072/60/8 2068/61/8
f 1840/13/1 1839/14/1 1835/15/1 1836/12/1
f 1742/10/8 1738/24/8 1745/11/8
f 1632/54/97 1633/87/1 1625/59/8 1615/61/8
f 665/14/20 661/15/20 658/12/20 663/13/20
f 2892/14/1 2888/15/1 2889/12/1 2893/13/1
f 8/80/7 11/63/7 10/62/7 4/81/7
f 1166/80/46 1169/63/46 1168/62/46 1162/81/46
f 1339/16/8 1322/1/8 1340/17/8 1327/20/213 1320/40/8 1333/21/8
f 78/35/21 77/34/21 76/37/21 79/36/21
f 1994/40/21 1990/41/21 1988/42/21 1992/43/21
f 2949/9/7 2956/10/7 2959/11/7 2953/8/7
f 255/18/58 260/78/234 239/20/235 245/21/20 234/1/15
f 1921/10/8 1913/25/8 1936/82/8 1935/92/8
f 1924/11/8 1934/72/8 1933/70/8 1917/24/8
f 2901/80/46 2904/63/46 2903/62/46 2897/81/46
f 2219/20/61 2214/1/62 2218/7/113 2215/67/113 2213/68/113
f 1996/7/84 1989/1/9 1987/2/10 2000/6/9 2007/5/9 2008/3/9
f 1603/14/1 1601/13/1 1598/12/1 1599/15/1
f 1183/54/20 1182/55/20 1181/56/20 1180/57/20 1179/58/20 1172/59/20 1169/63/20 1165/60/20 1161/61/20
f 1856/80/72 1859/63/72 1858/62/72 1852/81/72
f 1994/80/28 1997/63/28 1996/62/28 1990/81/28
f 157/41/21 155/42/21 159/43/21 161/40/21
f 1618/8/7 1614/9/7 1621/10/7 1624/11/7
f 2065/13/9 2064/14/9 2060/15/9 2061/12/9
f 2062/14/20 2063/13/20 2058/12/20 2059/15/20
f 1849/2/103 1861/30/102 1870/29/102 1869/33/102 1871/52/102 1858/7/105 1872/85/1 1868/3/1
f 2791/37/21 2794/36/21 2793/35/21 2792/34/21
f 2570/55/1 2571/54/1 2551/61/1 2558/62/1 2559/63/1 2569/56/1
f 2624/21/236 2631/18/236 2632/19/236 2633/66/236 2615/1/237 2619/7/238 2616/67/238 2614/68/238 2620/20/239
f 1171/69/163 1178/29/163 1177/33/163 1176/32/163 1175/31/163 1159/2/162 1167/27/240 1160/28/240 1162/26/240 1168/7/164
f 978/52/241 977/32/241 954/2/242 962/27/243 966/69/241
f 2156/20/117 2149/40/9 2158/21/9
f 2669/41/21 2667/42/21 2671/43/21 2673/40/21
f 519/37/12 518/34/12 520/35/12 521/36/12
f 870/9/7 877/10/7 880/11/7 874/8/7
f 2168/95/1 2167/94/1 2155/63/1 2157/89/1 2165/57/1 2147/61/1 2166/54/1
f 2137/12/9 2142/13/9 2144/14/9 2140/15/9
f 677/20/225 692/47/224 691/16/224 682/21/224 672/1/225 676/7/244 673/67/244 671/68/244
f 2171/66/118 2170/19/118 2169/18/118 2172/39/118 2156/20/117 2158/21/9 2149/40/9 2151/1/119
f 2167/94/1 2168/95/1 2166/54/1 2147/61/1
f 951/13/8 946/12/8 947/15/8 950/14/8
f 612/58/20 600/59/20 593/60/20 589/61/20
f 1589/12/9 1590/15/9 1593/14/9 1594/13/9
f 2210/61/9 2227/95/9 2218/63/9 2214/60/9
f 2915/44/9 2914/84/9 2913/83/9 2912/82/9 2894/25/9 2898/24/9 2905/11/9 2911/72/9 2902/10/9
f 2395/35/21 2394/34/21 2393/37/21 2396/36/21
f 2226/52/245 2225/33/1 2208/2/246
f 1601/14/20 1602/13/20 1597/12/20 1598/15/20
f 76/12/20 77/15/20 80/14/20 81/13/20
f 2876/14/8 2872/15/8 2873/12/8 2877/13/8
f 2266/12/8 2271/13/8 2273/14/8 2269/15/8
f 1534/1/39 1555/66/38 1554/47/8
f 2272/14/1 2270/13/1 2267/12/1 2268/15/1
f 2274/37/21 2277/36/21 2276/35/21 2275/34/21
f 2279/13/8 2274/12/8 2275/15/8 2278/14/8
f 366/41/21 364/42/21 368/43/21 370/40/21
f 2280/35/12 2281/36/12 2279/37/12 2278/34/12
f 308/24/1 330/77/1 312/10/1 304/25/1
f 2277/15/9 2274/12/9 2279/13/9 2281/14/9
f 2277/12/1 2281/13/1 2280/14/1 2276/15/1
f 2683/70/8 2699/73/8 2670/24/8 2677/11/8
f 6/8/28 2/9/28 9/10/28 12/11/28
f 1689/98/1 1685/5/1 1686/3/1
f 2875/13/20 2877/14/20 2873/15/20 2870/12/20
f 3037/65/9 3034/56/9 3035/55/9 3036/54/9 3010/61/9 3022/76/9 3023/75/9 3018/63/9
f 2222/72/20 2231/73/20 2212/24/20 2219/11/20
f 404/46/8 403/45/8 367/24/8 405/73/8 381/70/8 374/11/8 371/10/8 382/82/8 401/83/8 402/84/8 406/44/8
f 1843/15/20 1844/12/20 1848/13/20 1847/14/20
f 616/54/20 615/55/20 614/56/20 613/57/20 589/61/20 596/62/20 597/63/20
f 2293/15/20 2290/12/20 2295/13/20 2297/14/20
f 526/40/8 528/1/89 548/16/8 538/21/8 533/20/247
f 11/63/1 27/55/1 3/61/1 15/76/1
f 72/34/12 74/35/12 75/36/12 73/37/12
f 1479/38/226 1478/47/248 1477/19/228 1476/18/228 1475/17/249 1456/1/250 1460/7/248 1457/67/248 1455/68/248 1461/20/251 1480/39/227
f 2082/49/22 2097/48/22 2096/47/22 2098/39/22 2095/17/22 2094/16/22 2083/21/22 2070/40/24 2072/1/252 2076/7/252 2073/67/252 2071/68/252 2077/20/23
f 2303/8/46 2299/9/46 2306/10/46 2309/11/46
f 7/22/12 5/23/12 1/24/12 3/25/12
f 2367/14/1 2363/15/1 2364/12/1 2368/13/1
f 2802/41/21 2800/42/21 2804/43/21 2806/40/21
f 2362/34/21 2361/37/21 2364/36/21 2363/35/21
f 1864/76/9 1875/79/9 1851/61/9 1858/62/9
f 2365/14/8 2366/13/8 2361/12/8 2362/15/8
f 2482/14/9 2483/13/9 2478/12/9 2479/15/9
f 2374/13/20 2369/12/20 2370/15/20 2373/14/20
f 90/22/12 88/23/12 84/24/12 86/25/12
f 2089/32/9 2088/31/9 2087/3/9 2066/2/9 2074/27/253 2078/30/254 2075/7/85
f 2377/12/1 2378/15/1 2381/14/1 2382/13/1
f 3014/22/12 3012/23/12 3008/24/12 3010/25/12
f 2377/37/21 2380/36/21 2379/35/21 2378/34/21
f 2512/17/20 2515/39/20 2514/38/255 2497/20/59 2492/1/60
f 1521/12/20 1522/15/20 1526/14/20 1524/13/20
f 229/9/7 236/10/7 239/11/7 233/8/7
f 313/7/26 323/33/25 322/32/25 321/31/25 320/3/25 304/2/27 312/27/256 305/28/256 307/26/256
f 2616/80/7 2619/63/7 2618/62/7 2612/81/7
f 745/68/257 751/20/258 763/17/259 768/39/260 767/38/260 766/47/257 765/19/261 764/18/262 746/1/263 750/7/257 747/67/257
f 2406/13/8 2401/12/8 2402/15/8 2405/14/8
f 2391/14/1 2387/15/1 2388/12/1 2392/13/1
f 1602/13/8 1604/14/8 1600/15/8 1597/12/8
f 747/80/46 750/63/46 749/62/46 743/81/46
f 525/41/21 523/42/21 527/43/21 529/40/21
f 2395/15/1 2396/12/1 2400/13/1 2399/14/1
f 366/81/7 370/80/7 373/63/7 372/62/7
f 2572/83/8 2565/82/8 2549/25/8 2553/24/8 2573/84/8
f 1831/14/8 1829/13/8 1826/12/8 1827/15/8
f 2214/22/12 2212/23/12 2208/24/12 2210/25/12
f 2481/36/21 2480/35/21 2479/34/21 2478/37/21
f 2501/89/8 2502/59/8 2492/60/8 2488/61/8 2509/56/8 2496/63/8
f 77/12/1 78/15/1 82/14/1 80/13/1
f 2414/13/1 2416/14/1 2412/15/1 2409/12/1
f 315/20/53 308/40/20 319/21/20
f 2415/14/8 2413/13/8 2410/12/8 2411/15/8
f 1332/49/215 1326/7/214 1323/67/264 1321/68/264 1327/20/213
f 2421/24/9 2444/73/9 2431/72/9 2428/11/9 2425/10/9 2445/71/9 2443/46/9 2442/45/9
f 2419/25/12 2423/22/12 2421/23/12 2417/24/12
f 194/74/20 193/46/20 158/24/20 165/11/20 172/70/20 195/73/20
f 2416/13/20 2415/14/20 2411/15/20 2412/12/20
f 2482/34/12 2484/35/12 2485/36/12 2483/37/12
f 2276/15/20 2280/14/20 2278/13/20 2275/12/20
f 1590/12/8 1591/15/8 1595/14/8 1593/13/8
f 2489/81/28 2493/80/28 2496/63/28 2495/62/28
f 698/90/1 699/77/1 693/83/1 694/84/1
f 732/12/9 737/13/9 739/14/9 735/15/9
f 1024/13/9 1026/14/9 1022/15/9 1019/12/9
f 2551/61/1 2571/54/1 2570/55/1 2569/56/1 2559/63/1 2561/89/1 2562/59/1
f 2970/58/8 2963/59/8 2954/60/8 2950/61/8
f 2289/14/1 2285/15/1 2282/12/1 2287/13/1
f 2227/95/9 2221/76/9 2210/61/9 2217/62/9 2218/63/9
f 2633/66/236 2632/19/236 2631/18/236 2624/21/236 2620/20/239 2613/40/9 2615/1/237
f 2795/14/8 2796/13/8 2791/12/8 2792/15/8
f 68/12/1 73/13/1 75/14/1 71/15/1
f 2554/68/265 2560/20/266 2563/21/267 2555/1/268 2559/7/265 2556/67/265
f 2496/7/269 2504/49/255 2503/50/255 2492/1/60
f 805/9/28 812/10/28 815/11/28 809/8/28
f 2675/7/270 2679/6/20 2668/1/20 2666/2/20 2685/3/20 2686/85/20
f 500/15/1 501/12/1 505/13/1 504/14/1
f 2677/20/204 2670/40/9 2682/21/9
f 1331/59/9 1318/61/9 1325/62/9 1330/75/9 1326/63/9
f 590/81/46 594/80/46 597/63/46 596/62/46
f 2675/62/1 2680/75/1 2690/95/1 2689/54/1 2668/61/1
f 401/83/8 382/82/8 371/10/8 363/25/8 367/24/8 403/45/8 402/84/8
f 2678/30/271 2675/7/270 2686/85/20 2685/3/20 2666/2/20 2674/27/272
f 2610/9/28 2617/10/28 2620/11/28 2614/8/28
f 763/17/259 751/20/258 744/40/1 746/1/263 764/18/262
f 2075/7/85 2078/30/254 2074/27/253 2067/28/273 2069/26/273
f 1453/81/28 1457/80/28 1460/63/28 1459/62/28
f 2740/10/1 2732/25/1 2736/24/1 2758/74/1
f 1388/41/21 1386/42/21 1390/43/21 1392/40/21
f 2175/71/8 2174/46/8 2149/24/8 2156/11/8 2153/10/8 2159/72/8
f 447/10/9 443/24/9 450/11/9
f 878/62/8 879/63/8 882/76/8 871/61/8
f 2315/82/20 2314/72/20 2309/11/20 2306/10/20
f 2670/24/8 2699/73/8 2683/70/8 2677/11/8 2674/10/8 2666/25/8 2684/82/8 2697/45/8 2698/74/8
f 2798/14/9 2794/15/9 2791/12/9 2796/13/9
f 500/35/21 499/34/21 498/37/21 501/36/21
f 3019/20/138 3025/50/137 3014/1/136 3018/7/156 3015/67/156 3013/68/156
f 1591/35/21 1590/34/21 1589/37/21 1592/36/21
f 238/63/8 242/76/8 230/61/8 237/62/8
f 2806/80/72 2809/63/72 2808/62/72 2802/81/72
f 2808/7/274 2801/1/1 2799/2/275 2815/32/1 2814/31/1
f 540/31/1 522/2/1 530/27/198 534/30/197 531/7/276 541/85/1
f 769/83/9 755/82/9 740/25/9 744/24/9
f 2973/83/1 2966/82/1 2948/25/1 2952/24/1
f 2804/8/46 2800/9/46 2807/10/46 2810/11/46
f 106/86/193 107/85/187 103/31/187 104/32/187
f 1675/22/12 1673/23/12 1669/24/12 1671/25/12
f 1877/87/9 1851/61/9 1873/57/97
f 2874/34/12 2876/35/12 2877/36/12 2875/37/12
f 1029/25/12 1033/22/12 1031/23/12 1027/24/12
f 2870/37/21 2873/36/21 2872/35/21 2871/34/21
f 10/7/131 3/1/20 1/2/129 14/6/20
f 261/83/1 232/24/1 262/84/1 263/44/1 236/10/1 228/25/1 247/82/1
f 2367/14/20 2365/13/20 2362/12/20 2363/15/20
f 2870/12/1 2871/15/1 2874/14/1 2875/13/1
f 2884/14/20 2882/13/20 2879/12/20 2880/15/20
f 2424/40/21 2420/41/21 2418/42/21 2422/43/21
f 1989/25/12 1993/22/12 1991/23/12 1987/24/12
f 2795/34/12 2797/35/12 2798/36/12 2796/37/12
f 231/81/28 235/80/28 238/63/28 237/62/28
f 2397/13/20 2394/12/20 2395/15/20 2399/14/20
f 2882/14/8 2883/13/8 2878/12/8 2879/15/8
f 1326/63/9 1330/75/9 1325/62/9
f 465/44/9 463/84/9 443/24/9 464/74/97 447/10/9
f 25/58/1 16/59/1 7/60/1 3/61/1
f 2408/14/9 2404/15/9 2401/12/9 2406/13/9
f 669/81/28 673/80/28 676/63/28 675/62/28
f 2907/6/8 2903/7/138 2896/1/8
f 1998/20/112 1991/40/277 2004/21/110 2003/93/110
f 381/70/8 405/73/8 367/24/8 374/11/8
f 1634/83/1 1628/82/1 1613/25/1 1617/24/1
f 952/14/20 950/13/20 947/12/20 948/15/20
f 1914/9/28 1921/10/28 1924/11/28 1918/8/28
f 2958/63/8 2971/54/8 2950/61/8 2972/79/8 2962/75/8 2957/62/8
f 2961/6/9 2957/7/87 2950/1/9 2948/2/9 2967/31/9
f 2297/13/8 2296/14/8 2292/15/8 2293/12/8
f 697/44/1 695/45/1 696/46/1
f 1619/1/69 1626/49/71 1623/7/70 1620/67/278 1618/68/278 1624/20/278 1617/40/278
f 2069/81/28 2073/80/28 2076/63/28 2075/62/28
f 1992/8/7 1988/9/7 1995/10/7 1998/11/7
f 3024/59/9 3018/63/9 3014/60/9
f 1404/56/9 1395/63/9 1391/60/9 1387/61/9
f 2211/41/21 2209/42/21 2213/43/21 2215/40/21
f 9/10/8 5/24/8 12/11/8
f 2481/12/20 2485/13/20 2484/14/20 2480/15/20
f 3079/13/9 3074/12/9 3075/15/9 3078/14/9
f 1116/58/9 1106/59/9 1099/60/9 1095/61/9
f 24/85/20 20/31/20 21/32/20 23/52/279 13/69/280 10/7/131
f 1390/68/281 1396/20/146 1409/47/282 1410/48/282 1400/50/282 1391/1/283 1395/7/281 1392/67/281
f 2864/15/8 2865/12/8 2869/13/8 2868/14/8
f 2888/15/20 2892/14/20 2890/13/20 2887/12/20
f 16/59/1 25/58/1 3/61/1 26/56/1 28/65/1 11/63/1 7/60/1
f 1801/37/21 1804/36/21 1803/35/21 1802/34/21
f 12/20/11 32/19/9 31/18/9 30/17/9 7/1/10 17/50/67
f 2951/41/21 2949/42/21 2953/43/21 2955/40/21
f 35/44/97 34/45/97 5/24/8 9/10/8
f 1865/21/81 1855/1/83 1859/7/284 1856/67/284 1854/68/284 1860/20/284 1853/40/82
f 3016/10/20 3041/46/20 3012/24/20 3019/11/20 3027/70/20 3028/72/20
f 2016/53/8 2017/65/8 2013/56/8 2014/55/8
f 68/37/21 71/36/21 70/35/21 69/34/21
f 261/83/1 247/82/1 228/25/1 232/24/1
f 2427/63/20 2419/61/20 2426/62/20
f 2735/81/28 2739/80/28 2742/63/28 2741/62/28
f 2213/8/46 2209/9/46 2216/10/46 2219/11/46
f 185/17/50 186/18/50 187/19/50 188/47/50 189/48/50 170/50/50 160/1/52 164/7/285 161/67/285 159/68/285 165/20/51 171/21/50 184/16/50
f 902/45/1 873/24/1 903/46/1 904/71/1 887/72/1 880/11/1 877/10/1 905/44/1
f 112/53/9 111/54/9 110/55/9 109/56/9 97/59/9 86/61/9 93/62/9 94/63/9
f 1409/47/282 1396/20/146 1411/39/8 1408/18/8 1391/1/283 1400/50/282 1410/48/282
f 743/41/21 741/42/21 745/43/21 747/40/21
f 1403/29/286 1402/33/286 1394/7/93 1398/6/1 1401/3/1 1385/2/287 1397/30/286
f 1237/26/288 1243/7/165 1252/33/167 1234/2/166 1242/27/288 1235/28/288
f 70/15/8 74/14/8 72/13/8 69/12/8
f 182/54/9 181/55/9 180/56/9 179/57/9 178/58/9 169/59/9 164/63/9 160/60/9 156/61/9 168/76/9 183/79/9
f 191/84/20 192/45/20 158/24/20 193/46/20 194/74/20 195/73/20 172/70/20 165/11/20 162/10/20 173/82/20 190/83/20
f 93/7/191 86/1/1 84/2/189 96/6/188 101/5/188 102/3/187 108/4/192
f 100/82/20 99/72/20 95/11/20 92/10/20 84/25/20 88/24/20
f 192/45/20 191/84/20 190/83/20 173/82/20 162/10/20 154/25/20 158/24/20
f 252/56/8 230/61/8 253/55/8 254/95/8 238/63/8
f 230/61/8 252/56/8 238/63/8 243/89/8 244/59/8 234/60/8
f 514/12/8 519/13/8 521/14/8 517/15/8
f 1165/22/12 1163/23/12 1159/24/12 1161/25/12
f 236/10/1 246/72/1 239/11/1
f 807/41/21 805/42/21 809/43/21 811/40/21
f 246/72/1 236/10/1 263/44/1 262/84/1 232/24/1 239/11/1
f 1672/41/21 1670/42/21 1674/43/21 1676/40/21
f 298/35/21 297/34/21 296/37/21 299/36/21
f 2141/13/20 2138/12/20 2139/15/20 2143/14/20
f 2961/6/9 2967/31/9 2948/2/9 2968/32/9 2969/52/9 2957/7/87
f 305/9/7 312/10/7 315/11/7 309/8/7
f 1828/15/1 1825/12/1 1830/13/1 1832/14/1
f 1745/20/127 1738/40/9 1740/1/126 1757/16/125
f 960/22/12 958/23/12 954/24/12 956/25/12
f 316/76/8 306/61/8 313/62/8 314/63/8 317/89/8 324/56/8 325/55/8 326/95/8
f 804/2/15 813/7/14 824/52/97 823/33/21
f 2152/80/7 2155/63/7 2154/62/7 2148/81/7
f 329/74/1 330/77/1 308/24/1
f 1470/85/9 1468/31/9 1469/32/9
f 392/54/1 391/55/1 390/56/1 389/57/1 388/58/1 378/59/1 369/60/1 365/61/1 377/76/1 393/79/1
f 76/12/8 81/13/8 83/14/8 79/15/8
f 1815/14/9 1811/15/9 1812/12/9 1816/13/9
f 454/59/20 449/63/20 445/60/20 441/61/20
f 1737/41/21 1735/42/21 1739/43/21 1741/40/21
f 1929/89/1 1930/59/1 1919/60/1 1915/61/1 1943/56/1 1945/65/1 1923/63/1
f 515/34/21 514/37/21 517/36/21 516/35/21
f 450/20/91 443/40/1 445/1/92
f 624/74/12 623/46/12 591/24/9 598/11/9 595/10/9
f 464/74/97 443/24/9 447/10/9
f 457/82/9 462/83/9 443/24/9 463/84/9 465/44/9 447/10/9 439/25/9
f 1610/37/12 1609/34/12 1611/35/12 1612/36/12
f 1916/26/289 1922/7/290 1926/97/291 1937/5/291 1938/3/291 1939/31/291 1940/32/291 1941/33/291 1942/29/291 1925/69/291 1921/27/290 1914/28/289
f 2301/26/292 2307/7/37 2318/86/86 2298/2/36 2306/27/292 2299/28/292
f 2819/65/9 2818/55/9 2817/56/9 2801/61/9 2808/62/9 2812/75/9 2809/63/9 2820/64/9
f 1485/96/1 1486/44/1 1482/45/1 1483/46/1
f 2304/22/12 2302/23/12 2298/24/12 2300/25/12
f 35/44/97 9/10/8 1/25/8 19/82/8 33/83/8 5/24/8 34/45/97
f 2371/15/9 2372/12/9 2376/13/9 2375/14/9
f 2823/47/293 2805/1/294 2809/7/295 2806/67/295 2804/68/295 2810/20/296 2824/66/293
f 531/7/276 522/2/1 540/31/1 541/85/1
f 2814/31/1 2815/32/1 2799/2/275 2816/29/297 2811/69/297 2808/7/274
f 1249/50/137 1245/20/138 1261/19/8 1260/18/8 1259/17/8 1258/16/8 1250/21/8 1240/1/136
f 543/57/9 544/56/9 545/55/9 546/54/9 547/79/9 535/75/9 531/62/9 532/63/9 536/89/9 542/58/9
f 548/16/8 528/1/89 549/17/88 533/20/247 538/21/8
f 522/25/20 526/24/20 552/45/20 553/46/20 554/71/20 539/72/20 533/11/20 530/10/20
f 1740/60/1 1736/61/1 1744/63/1
f 2432/3/298 2433/85/298 2417/2/299 2425/27/300 2418/28/300 2420/26/300 2426/7/94
f 624/74/12 595/10/9 625/44/12 622/45/97 623/46/12
f 2802/26/301 2808/7/274 2811/69/297 2816/29/297 2799/2/275 2807/27/301 2800/28/301
f 600/59/20 612/58/20 589/61/20 613/57/20 614/56/20 615/55/20 616/54/20 597/63/20 593/60/20
f 1604/13/9 1603/14/9 1599/15/9 1600/12/9
f 510/13/9 507/12/9 508/15/9 512/14/9
f 299/15/1 296/12/1 301/13/1 303/14/1
f 679/6/9 686/5/9 666/2/10 687/31/9 690/85/9 675/7/84
f 681/89/8 680/76/8 668/61/8 675/62/8 676/63/8
f 736/14/8 737/13/8 732/12/8 733/15/8
f 688/32/9 666/2/10 678/30/67 675/7/84 689/52/9
f 2900/22/12 2898/23/12 2894/24/12 2896/25/12
f 736/34/12 738/35/12 739/36/12 737/37/12
f 757/31/302 756/3/302 749/7/303 742/1/8 740/2/304 759/33/302 758/32/302
f 752/76/20 742/61/20 749/62/20 750/63/20
f 87/41/21 85/42/21 89/43/21 91/40/21
f 1673/24/20 1698/45/12 1701/90/20
f 752/76/20 750/63/20 762/65/20 761/56/20 742/61/20
f 2792/12/20 2793/15/20 2797/14/20 2795/13/20
f 760/58/20 753/59/20 746/60/20 742/61/20
f 2073/40/21 2069/41/21 2067/42/21 2071/43/21
f 819/21/9 808/40/9 810/1/107 829/47/9 831/66/9 830/88/106 815/20/109
f 4/26/305 10/7/131 13/69/280 23/52/279 22/33/130 1/2/129 9/27/305 2/28/305
f 661/12/8 665/13/8 664/14/8 660/15/8
f 2679/6/20 2675/7/270 2668/1/20
f 804/2/15 822/3/20 816/6/20 806/1/20
f 816/6/20 822/3/20 804/2/15 823/33/21 824/52/97 813/7/14 806/1/20
f 825/57/1 814/63/1 810/60/1 806/61/1 813/62/1 817/75/1 827/79/1 826/54/1 828/65/1
f 3017/62/9 3018/63/9 3023/75/9 3022/76/9 3010/61/9
f 819/21/9 815/20/109 808/40/9
f 836/44/8 812/10/8 821/82/8 808/24/8 815/11/8 820/72/8 835/73/8 834/74/8 833/46/8 832/45/8
f 2500/75/8 2511/95/8 2510/55/8 2488/61/8 2495/62/8
f 871/61/8 895/55/8 879/63/8 894/58/8 883/59/8 875/60/8
f 1042/57/20 1046/64/20 1043/56/20 1044/55/20 1045/95/20 1039/76/20 1036/62/20 1037/63/20 1033/60/20 1029/61/20
f 1741/80/7 1744/63/7 1743/62/7 1737/81/7
f 887/72/1 904/71/1 903/46/1 873/24/1 880/11/1
f 2408/13/1 2407/14/1 2403/15/1 2404/12/1
f 1319/41/21 1317/42/21 1321/43/21 1323/40/21
f 1304/14/8 1305/13/8 1300/12/8 1301/15/8
f 1239/8/46 1235/9/46 1242/10/46 1245/11/46
f 965/11/8 974/72/8 973/70/8 958/24/8
f 2951/26/175 2957/7/87 2960/69/173 2956/27/174 2949/28/175
f 963/62/1 968/75/1 964/63/1 980/65/1 979/56/1 956/61/1
f 2559/63/1 2555/60/1 2551/61/1 2562/59/1 2561/89/1
f 975/92/8 985/45/8 958/24/8 986/46/8 962/10/8
f 2309/20/194 2302/40/8 2304/1/185 2325/16/8 2313/93/8
f 3079/37/12 3078/34/12 3080/35/12 3081/36/12
f 1019/37/21 1022/36/21 1021/35/21 1020/34/21
f 1019/12/8 1020/15/8 1023/14/8 1024/13/8
f 2411/35/21 2410/34/21 2409/37/21 2412/36/21
f 1021/15/1 1022/12/1 1026/13/1 1025/14/1
f 1307/13/1 1306/14/1 1302/15/1 1303/12/1
f 1098/8/46 1094/9/46 1101/10/46 1104/11/46
f 1756/65/1 1754/56/1 1736/61/1 1755/54/1 1744/63/1
f 2954/1/69 2964/49/71 2958/7/70 2955/67/278 2953/68/278 2959/20/278 2952/40/278
f 307/81/28 311/80/28 314/63/28 313/62/28
f 1100/67/306 1098/68/306 1104/20/148 1122/38/151 1121/47/306 1120/19/150 1099/1/149 1103/7/306
f 1047/17/1 1054/78/1 1053/39/1 1052/38/1 1051/66/307 1038/20/308 1031/40/1 1033/1/309 1050/47/310 1049/19/1 1048/18/1
f 1056/45/9 1057/46/9 1031/24/9 1058/73/9 1040/70/9 1038/11/9 1035/10/9 1059/44/9
f 1043/56/20 1042/57/20 1029/61/20 1036/62/20 1039/76/20 1045/95/20 1044/55/20
f 1036/7/98 1029/1/8 1027/2/100 1041/33/99
f 1117/57/9 1116/58/9 1095/61/9 1118/54/21 1103/63/9 1099/60/9 1106/59/9 1119/87/9
f 1095/61/9 1103/63/9 1118/54/21
f 767/38/260 768/39/260 764/18/262 765/19/261
f 1126/71/20 1101/10/20 1107/92/20 1123/45/20 1097/24/20 1124/46/20
f 2691/87/1 2688/57/1 2687/58/1 2668/61/1 2689/54/1 2690/95/1 2680/75/1 2675/62/1 2676/63/1 2681/59/1
f 967/97/241 963/7/243 956/1/20 954/2/242 976/31/241
f 1188/84/9 1193/90/9 1192/44/9 1190/74/9 1191/73/9 1174/70/9 1170/11/9 1167/10/9 1159/25/9 1163/24/9 1189/45/9
f 4/41/21 2/42/21 6/43/21 8/40/21
f 1172/59/20 1179/58/20 1180/57/20 1181/56/20 1182/55/20 1183/54/20 1161/61/20 1168/62/20 1169/63/20
f 117/47/311 116/19/146 115/18/146 114/17/146 113/16/230 90/1/229 94/7/311 91/67/311 89/68/311 95/20/232 98/21/231 121/99/145 120/78/146 119/39/146 118/38/145
f 525/26/195 531/7/276 534/30/197 530/27/198 523/28/195
f 2957/62/8 2962/75/8 2972/79/8 2950/61/8
f 3011/41/21 3009/42/21 3013/43/21 3015/40/21
f 1257/95/9 1247/75/9 1243/62/9 1244/63/9 1240/60/9 1236/61/9 1248/59/9 1253/58/9 1254/57/9 1255/56/9 1256/55/9
f 1846/37/12 1845/34/12 1847/35/12 1848/36/12
f 1876/95/9 1874/54/9 1851/61/9 1875/79/9 1864/76/9 1858/62/9 1859/63/9
f 1265/71/20 1264/46/20 1238/24/20 1251/70/20 1242/10/20
f 2226/52/245 2208/2/246 2216/27/312 2209/28/312 2211/26/312 2217/7/313
f 1259/17/8 1260/18/8 1261/19/8 1245/20/138 1238/40/8 1240/1/136 1250/21/8 1258/16/8
f 756/3/302 757/31/302 758/32/302 759/33/302 740/2/304 748/27/314 741/28/314 743/26/314 749/7/303
f 1313/37/12 1312/34/12 1314/35/12 1315/36/12
f 2072/22/12 2070/23/12 2066/24/12 2068/25/12
f 2884/14/1 2880/15/1 2881/12/1 2885/13/1
f 2892/35/12 2893/36/12 2891/37/12 2890/34/12
f 2552/81/7 2556/80/7 2559/63/7 2558/62/7
f 2430/49/63 2427/7/64 2424/67/65 2422/68/65 2428/20/168
f 666/25/1 670/24/1 685/82/1 684/92/1 674/10/1
f 2797/14/1 2793/15/1 2794/12/1 2798/13/1
f 1329/6/1 1318/1/1 1316/2/115 1336/31/1
f 400/39/76 399/38/186 397/47/77 398/48/76 379/50/76 373/7/80 370/67/315 368/68/315 374/20/80 380/21/76 394/16/76 369/1/79 396/19/78 395/18/76
f 620/47/316 619/19/316 618/18/316 617/17/316 598/20/317 591/40/1 593/1/275
f 1636/44/1 1627/70/1 1617/24/1 1624/11/1 1621/10/1
f 1377/37/21 1380/36/21 1379/35/21 1378/34/21
f 1383/35/12 1384/36/12 1382/37/12 1381/34/12
f 1623/63/8 1615/61/8 1622/62/8
f 302/14/8 300/13/8 297/12/8 298/15/8
f 1385/2/287 1401/3/1 1398/6/1 1394/7/93 1387/1/1
f 894/58/8 879/63/8 875/60/8 883/59/8
f 1395/63/9 1404/56/9 1405/55/9 1406/95/9 1399/75/9
f 2669/26/318 2675/7/270 2678/30/271 2674/27/272 2667/28/318
f 1306/35/12 1307/36/12 1305/37/12 1304/34/12
f 1414/45/20 1413/84/20 1389/24/20 1396/11/20 1393/10/20 1416/74/20 1415/46/20
f 1413/84/20 1417/90/20 1414/45/20 1415/46/20 1416/74/20 1393/10/20 1385/25/20 1389/24/20
f 1032/68/319 1038/20/308 1051/66/307 1050/47/310 1033/1/309 1037/7/319 1034/67/319
f 957/26/320 963/7/243 967/97/241 976/31/241 954/2/242 977/32/241 978/52/241 966/69/241 962/27/243 955/28/320
f 1462/30/254 1459/7/154 1471/4/9 1470/85/9 1469/32/9 1468/31/9 1467/3/9 1450/2/9 1458/27/253
f 531/7/276 524/1/1 522/2/1
f 1459/7/154 1463/6/9 1452/1/9 1450/2/9 1467/3/9 1471/4/9
f 533/20/247 549/17/88 528/1/89 550/47/88 551/66/88 537/50/88 532/7/90 529/67/321 527/68/321
f 1821/14/1 1822/13/1 1817/12/1 1818/15/1
f 1461/20/251 1465/21/20 1454/40/20 1456/1/250 1475/17/249 1480/39/227
f 1920/80/7 1923/63/7 1922/62/7 1916/81/7
f 1526/35/12 1527/36/12 1525/37/12 1524/34/12
f 2615/22/12 2613/23/12 2609/24/12 2611/25/12
f 2672/22/12 2670/23/12 2666/24/12 2668/25/12
f 1101/10/20 1093/25/20 1097/24/20 1123/45/20 1107/92/20
f 178/58/9 179/57/9 180/56/9 181/55/9 182/54/9 183/79/9 168/76/9 156/61/9 163/62/9 164/63/9 169/59/9
f 1303/15/9 1300/12/9 1305/13/9 1307/14/9
f 1522/15/1 1523/12/1 1527/13/1 1526/14/1
f 307/41/21 305/42/21 309/43/21 311/40/21
f 2084/70/1 2104/73/1 2103/74/1 2102/46/1 2101/45/1 2100/84/1 2070/24/1 2077/11/1
f 1854/8/46 1850/9/46 1857/10/46 1860/11/46
f 2743/20/208 2736/40/20 2738/1/206 2755/17/20
f 1531/26/322 1537/7/323 1546/86/324 1545/33/322 1544/32/325 1543/31/326 1540/6/326 1530/1/327 1528/2/322 1536/27/322 1529/28/322
f 441/61/20 458/54/20 449/63/20 454/59/20
f 1549/95/9 1541/75/9 1538/63/9 1547/57/9 1551/65/9 1550/53/9
f 1537/7/323 1530/1/327 1540/6/326 1543/31/326 1544/32/325 1546/86/324
f 1126/71/20 1125/74/20 1124/46/20 1097/24/20 1104/11/20 1101/10/20
f 1594/37/12 1593/34/12 1595/35/12 1596/36/12
f 674/10/1 683/70/1 670/24/1 677/11/1
f 518/13/1 515/12/1 516/15/1 520/14/1
f 2365/34/12 2367/35/12 2368/36/12 2366/37/12
f 1607/15/8 1608/12/8 1612/13/8 1611/14/8
f 2397/34/12 2399/35/12 2400/36/12 2398/37/12
f 2488/25/12 2492/22/12 2490/23/12 2486/24/12
f 442/81/46 446/80/46 449/63/46 448/62/46
f 1619/22/12 1617/23/12 1613/24/12 1615/25/12
f 2864/15/9 2868/14/9 2866/13/9 2863/12/9
f 2153/10/8 2145/25/8 2160/82/8 2173/45/8 2149/24/8 2174/46/8 2175/71/8 2159/72/8
f 1629/3/21 1622/7/178 1615/1/9 1613/2/179 1630/33/21 1631/85/21
f 1381/14/1 1382/13/1 1377/12/1 1378/15/1
f 2370/34/21 2369/37/21 2372/36/21 2371/35/21
f 1626/49/71 1619/1/69 1623/7/70
f 1621/10/1 1613/25/1 1628/82/1 1634/83/1 1617/24/1 1635/84/1 1636/44/1
f 2969/52/9 2968/32/9 2948/2/9 2956/27/174 2960/69/173 2957/7/87
f 1304/13/20 1301/12/20 1302/15/20 1306/14/20
f 1680/20/328 1673/40/8 1675/1/62 1692/18/153 1697/78/329
f 546/54/9 545/55/9 544/56/9 543/57/9 542/58/9 536/89/9 532/63/9 528/60/9 524/61/9 531/62/9 535/75/9 547/79/9
f 1684/72/20 1700/71/20 1699/74/20 1673/24/20 1680/11/20 1677/10/20
f 2807/10/20 2813/72/20 2810/11/20
f 1556/78/8 1552/16/8 1553/17/8
f 2672/60/1 2668/61/1 2687/58/1 2681/59/1 2676/63/1
f 2301/41/21 2299/42/21 2303/43/21 2305/40/21
f 2909/59/20 2896/61/20 2908/76/20 2904/63/20
f 1765/84/97 1766/45/97 1767/46/97 1768/74/97 1738/24/8 1742/10/8 1747/92/97 1764/83/97
f 1609/13/9 1606/12/9 1607/15/9 1611/14/9
f 2886/37/21 2889/36/21 2888/35/21 2887/34/21
f 1802/12/8 1803/15/8 1807/14/8 1805/13/8
f 1806/13/1 1808/14/1 1804/15/1 1801/12/1
f 1815/35/12 1816/36/12 1814/37/12 1813/34/12
f 1813/13/1 1810/12/1 1811/15/1 1815/14/1
f 1812/15/8 1809/12/8 1814/13/8 1816/14/8
f 2891/13/8 2886/12/8 2887/15/8 2890/14/8
f 1740/22/12 1738/23/12 1734/24/12 1736/25/12
f 1821/13/9 1818/12/9 1819/15/9 1823/14/9
f 2743/20/208 2755/17/20 2738/1/206 2756/19/205 2757/66/205 2746/49/205
f 1829/14/9 1830/13/9 1825/12/9 1826/15/9
f 1830/37/12 1829/34/12 1831/35/12 1832/36/12
f 11/63/1 15/76/1 3/61/1 10/62/1
f 1837/34/12 1839/35/12 1840/36/12 1838/37/12
f 2865/15/20 2862/12/20 2867/13/20 2869/14/20
f 1190/74/9 1192/44/9 1189/45/9 1163/24/9 1170/11/9 1174/70/9 1191/73/9
f 1099/22/12 1097/23/12 1093/24/12 1095/25/12
f 1844/36/21 1843/35/21 1842/34/21 1841/37/21
f 901/83/1 873/24/1 902/45/1 905/44/1 877/10/1 869/25/1 888/82/1
f 2867/13/1 2862/12/1 2863/15/1 2866/14/1
f 2308/63/9 2304/60/9 2300/61/9 2307/62/9 2311/75/9 2323/95/9 2322/55/9 2321/56/9 2320/57/9 2324/64/9
f 1846/13/1 1848/14/1 1844/15/1 1841/12/1
f 1310/15/20 1314/14/20 1312/13/20 1309/12/20
f 1329/6/1 1336/31/1 1316/2/115 1337/33/1 1338/52/1 1325/7/91 1318/1/1
f 1876/95/9 1859/63/9 1877/87/9 1873/57/97 1851/61/9 1874/54/9
f 1855/60/9 1851/61/9 1877/87/9 1859/63/9
f 1681/69/42 1687/33/42 1688/52/42 1678/7/45 1689/98/1 1686/3/1 1685/5/1 1682/6/1 1669/2/1 1677/27/43
f 1335/82/20 1324/10/20 1316/25/20 1320/24/20
f 1852/41/21 1850/42/21 1854/43/21 1856/40/21
f 769/83/9 744/24/9 754/70/9 771/73/9 770/74/9 748/10/9 740/25/9 755/82/9
f 1880/44/20 1866/72/20 1857/10/20 1849/25/20 1867/82/20 1878/83/20 1879/84/20
f 1880/44/20 1879/84/20 1878/83/20 1867/82/20 1849/25/20 1853/24/20 1860/11/20 1857/10/20 1866/72/20
f 1845/13/8 1842/12/8 1843/15/8 1847/14/8
f 1234/25/20 1238/24/20 1263/45/20 1262/84/20 1267/90/20 1266/44/20 1242/10/20
f 1922/62/1 1928/75/1 1927/76/1 1915/61/1
f 1939/31/291 1938/3/291 1937/5/291 1926/97/291 1922/7/290 1915/1/20 1913/2/20 1921/27/290 1925/69/291 1942/29/291 1941/33/291 1940/32/291
f 1945/65/1 1944/54/1 1915/61/1 1927/76/1 1928/75/1 1922/62/1 1923/63/1
f 1600/36/21 1599/35/21 1598/34/21 1597/37/21
f 1947/17/330 1946/16/330 1932/21/330 1919/1/331 1923/7/332 1931/49/330 1951/48/330 1950/47/330 1949/19/330 1948/18/330
f 1934/72/8 1924/11/8 1921/10/8 1953/74/8 1917/24/8 1933/70/8
f 1954/44/8 1952/84/8 1917/24/8 1953/74/8 1921/10/8
f 2009/33/9 1987/2/10 1999/30/67 1996/7/84 2010/52/9
f 528/22/12 526/23/12 522/24/12 524/25/12
f 1459/7/154 1462/30/254 1458/27/253 1451/28/273 1453/26/273
f 238/63/8 234/60/8 244/59/8 243/89/8
f 520/14/9 516/15/9 517/12/9 521/13/9
f 2006/92/1 2023/45/1 2024/46/1 2025/71/1 2005/70/1 1998/11/1 1995/10/1
f 254/95/8 253/55/8 230/61/8 242/76/8 238/63/8
f 2064/35/12 2065/36/12 2063/37/12 2062/34/12
f 2059/12/1 2060/15/1 2064/14/1 2062/13/1
f 2061/36/21 2060/35/21 2059/34/21 2058/37/21
f 2289/13/20 2288/14/20 2284/15/20 2285/12/20
f 1923/63/1 1919/60/1 1930/59/1 1929/89/1
f 940/15/1 944/14/1 942/13/1 939/12/1
f 2160/82/8 2145/25/8 2149/24/8 2173/45/8
f 2086/5/9 2079/6/9 2075/7/85 2068/1/9 2066/2/9 2087/3/9
f 942/14/20 943/13/20 938/12/20 939/15/20
f 2076/63/8 2092/56/8 2091/57/8 2068/61/8 2093/79/8 2080/76/8 2075/62/8
f 2385/37/21 2388/36/21 2387/35/21 2386/34/21
f 1679/63/9 1675/60/9 1683/59/9 1690/58/9 1671/61/9 1691/54/9
f 2066/25/1 2070/24/1 2099/83/1 2085/82/1 2074/10/1
f 3074/37/21 3077/36/21 3076/35/21 3075/34/21
f 1749/31/217 1748/3/221 1734/2/220 1742/27/333 1735/28/333 1737/26/333 1743/7/219 1746/69/218 1752/29/218 1751/33/218 1750/32/218
f 673/40/21 669/41/21 667/42/21 671/43/21
f 2155/63/1 2151/60/1 2147/61/1 2165/57/1 2157/89/1
f 503/13/9 505/14/9 501/15/9 498/12/9
f 3029/82/20 3039/83/20 3012/24/20 3041/46/20 3040/45/20 3016/10/20 3008/25/20
f 2104/73/1 2084/70/1 2077/11/1 2074/10/1 2085/82/1 2099/83/1 2070/24/1 2100/84/1 2101/45/1 2102/46/1 2103/74/1
f 2208/2/246 2224/3/1 2220/97/1 2217/7/313 2210/1/1
f 2220/97/1 2224/3/1 2208/2/246 2225/33/1 2226/52/245 2217/7/313
f 1023/34/12 1025/35/12 1026/36/12 1024/37/12
f 974/72/8 965/11/8 962/10/8 986/46/8 958/24/8 973/70/8
f 2210/61/9 2221/76/9 2227/95/9
f 2219/20/61 2212/40/8 2214/1/62 2229/99/334
f 2223/82/20 2208/25/20 2212/24/20 2231/73/20 2230/74/20 2233/71/20 2232/91/20 2222/72/20 2219/11/20 2216/10/20
f 2272/35/12 2273/36/12 2271/37/12 2270/34/12
f 2269/36/21 2268/35/21 2267/34/21 2266/37/21
f 2494/10/1 2486/25/1 2506/82/1 2516/83/1 2490/24/1 2497/11/1 2505/72/1
f 2667/9/28 2674/10/28 2677/11/28 2671/8/28
f 100/82/20 88/24/20 95/11/20 99/72/20
f 2267/15/20 2270/14/20 2271/13/20 2266/12/20
f 2398/13/8 2393/12/8 2394/15/8 2397/14/8
f 1838/13/9 1840/14/9 1836/15/9 1833/12/9
f 2304/1/185 2327/48/98 2312/49/98 2308/7/152 2305/67/335 2303/68/335 2309/20/194 2328/39/98 2326/17/98
f 2003/93/110 2004/21/110 1991/40/277 1993/1/111 2019/17/110 2020/18/110 2021/19/110 2022/47/110 2002/49/110 1997/7/112 1994/67/336 1992/68/336 1998/20/112
f 2292/35/21 2291/34/21 2290/37/21 2293/36/21
f 2294/34/12 2296/35/12 2297/36/12 2295/37/12
f 1999/30/67 1987/2/10 1995/27/68 1988/28/68 1990/26/68 1996/7/84
f 1845/14/9 1846/13/9 1841/12/9 1842/15/9
f 3017/7/196 3033/32/1 3032/31/1 3031/3/1 3030/5/1 3021/6/1 3010/1/1 3008/2/1 3016/27/198 3020/30/197
f 120/78/146 121/99/145 113/16/230 114/17/146
f 2283/34/21 2282/37/21 2285/36/21 2284/35/21
f 2323/95/9 2311/75/9 2307/62/9 2308/63/9 2324/64/9 2321/56/9 2322/55/9
f 245/21/20 239/20/235 232/40/20 234/1/15
f 441/1/8 439/2/62 451/6/8 448/7/61
f 2376/14/8 2372/15/8 2369/12/8 2374/13/8
f 2489/41/21 2487/42/21 2491/43/21 2493/40/21
f 1314/14/1 1310/15/1 1311/12/1 1315/13/1
f 1396/20/146 1389/40/8 1391/1/283 1408/18/8 1407/17/8 1412/78/8 1411/39/8
f 1465/21/20 1461/20/251 1454/40/20
f 2384/13/8 2383/14/8 2379/15/8 2380/12/8
f 441/25/12 445/22/12 443/23/12 439/24/12
f 2214/1/62 2228/17/1 2229/99/334
f 2422/8/72 2418/9/72 2425/10/72 2428/11/72
f 1851/25/12 1855/22/12 1853/23/12 1849/24/12
f 2897/41/21 2895/42/21 2899/43/21 2901/40/21
f 1919/22/12 1917/23/12 1913/24/12 1915/25/12
f 2151/22/12 2149/23/12 2145/24/12 2147/25/12
f 1384/14/20 1380/15/20 1377/12/20 1382/13/20
f 28/65/1 26/56/1 3/61/1 27/55/1 11/63/1
f 2146/9/28 2153/10/28 2156/11/28 2150/8/28
f 1243/7/165 1236/1/1 1246/6/1
f 2404/36/21 2403/35/21 2402/34/21 2401/37/21
f 2405/13/20 2402/12/20 2403/15/20 2407/14/20
f 2431/72/9 2444/73/9 2421/24/9 2428/11/9
f 699/77/1 698/90/1 697/44/1 696/46/1 695/45/1 694/84/1 693/83/1 685/82/1 670/24/1 683/70/1 674/10/1 684/92/1
f 1406/95/9 1405/55/9 1404/56/9 1387/61/9 1394/62/9 1395/63/9 1399/75/9
f 2415/35/12 2416/36/12 2414/37/12 2413/34/12
f 941/12/9 945/13/9 944/14/9 940/15/9
f 2409/12/9 2410/15/9 2413/14/9 2414/13/9
f 2137/12/8 2138/15/8 2141/14/8 2142/13/8
f 2432/3/298 2426/7/94 2419/1/8 2417/2/299 2433/85/298
f 2434/58/12 2435/57/12 2436/56/12 2437/55/12 2438/95/12 2427/63/20 2423/60/20 2419/61/20 2429/59/12
f 2484/14/8 2482/13/8 2479/12/8 2480/15/8
f 2435/57/12 2434/58/12 2429/59/12 2419/61/20 2427/63/20 2438/95/12 2437/55/12 2436/56/12
f 2440/19/1 2423/1/1 2427/7/64 2430/49/63 2428/20/168
f 2421/24/9 2442/45/9 2443/46/9 2445/71/9 2425/10/9 2417/25/9
f 2439/17/1 2441/39/1 2428/20/168 2423/1/1
f 876/67/337 874/68/337 880/20/134 886/21/30 896/16/30 900/78/133 899/39/135 898/19/30 897/18/132 875/1/31 884/50/30 885/49/30 879/7/29
f 2301/81/72 2305/80/72 2308/63/72 2307/62/72
f 1096/81/72 1100/80/72 1103/63/72 1102/62/72
f 2223/82/20 2216/10/20 2208/25/20
f 160/22/12 158/23/12 154/24/12 156/25/12
f 239/20/235 260/78/234 259/39/57 258/38/56 257/47/338 256/19/57 255/18/58 234/1/15 238/7/338 235/67/338 233/68/338
f 2495/7/87 2508/33/9 2486/2/9 2494/27/174 2498/69/173
f 2499/6/9 2495/7/87 2488/1/9 2486/2/9 2507/31/9
f 2511/95/8 2500/75/8 2495/62/8 2496/63/8 2509/56/8 2488/61/8 2510/55/8
f 1745/20/127 1757/16/125 1763/78/124 1762/39/128
f 972/21/9 965/20/139 958/40/9 960/1/140
f 231/41/21 229/42/21 233/43/21 235/40/21
f 1682/6/1 1689/98/1 1678/7/45 1671/1/1 1669/2/1
f 2494/10/1 2505/72/1 2497/11/1
f 2555/22/12 2553/23/12 2549/24/12 2551/25/12
f 2513/47/255 2492/1/60 2503/50/255 2504/49/255 2496/7/269 2493/67/339 2491/68/339 2497/20/59 2514/38/255
f 2555/1/268 2563/21/267 2560/20/266 2553/40/9
f 2565/82/8 2572/83/8 2573/84/8 2553/24/8 2574/46/8 2575/74/8 2576/73/8 2564/72/8 2557/10/8 2549/25/8
f 2514/38/255 2515/39/20 2512/17/20 2492/1/60 2513/47/255
f 2154/7/170 2147/1/20 2145/2/172 2164/52/171 2163/32/171 2162/31/171 2161/3/171
f 2627/31/209 2609/2/212 2617/27/210 2621/30/209 2630/29/209 2629/33/209 2628/32/209
f 3076/15/20 3077/12/20 3081/13/20 3080/14/20
f 2623/89/1 2622/76/1 2618/62/1 2619/63/1
f 2626/92/8 2625/70/8 2620/11/8 2617/10/8
f 94/63/9 90/60/9 86/61/9 97/59/9 109/56/9 110/55/9 112/53/9
f 872/81/28 876/80/28 879/63/28 878/62/28
f 2214/1/62 2219/20/61 2229/99/334 2228/17/1
f 1744/63/1 1736/61/1 1754/56/1 1756/65/1
f 2695/38/201 2694/66/199 2677/20/204 2682/21/9 2670/40/9 2672/1/203 2692/17/202 2696/39/202
f 594/67/340 592/68/340 598/20/317 617/17/316 618/18/316 619/19/316 620/47/316 593/1/275 597/7/340
f 2374/37/12 2373/34/12 2375/35/12 2376/36/12
f 2748/33/181 2749/52/181 2741/7/184 2744/97/9 2747/3/9 2732/2/182
f 2741/7/184 2734/1/9 2732/2/182 2747/3/9 2744/97/9
f 2751/54/8 2753/65/8 2750/57/8 2734/61/8 2741/62/8 2745/75/8 2752/79/8
f 2740/10/1 2758/74/1 2736/24/1 2743/11/1
f 383/5/73 376/6/73 365/1/223 363/2/74 385/31/73 384/3/73
f 2738/60/8 2734/61/8 2750/57/8 2754/64/8 2753/65/8 2751/54/8 2752/79/8 2745/75/8 2741/62/8 2742/63/8
f 2090/58/8 2068/61/8 2091/57/8 2092/56/8 2076/63/8 2072/60/8 2081/59/8
f 2496/63/8 2492/60/8 2502/59/8 2501/89/8
f 2824/66/293 2810/20/296 2821/17/8 2822/18/8 2805/1/294 2823/47/293
f 2817/56/9 2820/64/9 2809/63/9 2805/60/9 2801/61/9
f 2821/17/8 2810/20/296 2803/40/8 2805/1/294 2822/18/8
f 1755/54/1 1736/61/1 1743/62/1 1744/63/1
f 2829/90/20 2828/44/20 2827/46/20 2826/45/20 2825/84/20 2803/24/20 2810/11/20 2813/72/20 2807/10/20
f 2799/25/20 2803/24/20 2825/84/20 2829/90/20 2807/10/20
f 241/6/341 237/7/342 230/1/9 228/2/343 240/30/341 251/29/341 250/33/341 249/32/341 248/31/341
f 2868/35/12 2869/36/12 2867/37/12 2866/34/12
f 1987/2/10 2009/33/9 2010/52/9 1996/7/84 2008/3/9 2007/5/9 2000/6/9
f 241/6/341 248/31/341 249/32/341 250/33/341 251/29/341 240/30/341 228/2/343 236/27/344 229/28/344 231/26/344 237/7/342
f 2298/2/36 2318/86/86 2319/85/1 2317/3/1
f 73/13/9 68/12/9 69/15/9 72/14/9
f 2885/14/9 2881/15/9 2878/12/9 2883/13/9
f 1918/68/345 1924/20/345 1917/40/345 1919/1/331 1932/21/330 1946/16/330 1947/17/330 1948/18/330 1949/19/330 1950/47/330 1951/48/330 1931/49/330 1923/7/332 1920/67/345
f 2626/92/8 2617/10/8 2609/25/8 2613/24/8 2620/11/8 2625/70/8
f 2805/22/12 2803/23/12 2799/24/12 2801/25/12
f 2893/14/9 2889/15/9 2886/12/9 2891/13/9
f 2407/35/12 2408/36/12 2406/37/12 2405/34/12
f 2904/63/20 2908/76/20 2896/61/20 2903/62/20
f 1858/7/105 1851/1/1 1863/6/1 1862/97/1
f 1616/81/28 1620/80/28 1623/63/28 1622/62/28
f 901/83/1 888/82/1 869/25/1 873/24/1
f 2894/2/136 2906/30/137 2903/7/138 2907/6/8 2896/1/8
f 1617/24/1 1627/70/1 1636/44/1 1635/84/1
f 2612/41/21 2610/42/21 2614/43/21 2616/40/21
f 2900/1/1 2904/7/64 2910/49/63 2905/20/66
f 2970/58/8 2950/61/8 2971/54/8 2958/63/8 2954/60/8 2963/59/8
f 662/14/1 663/13/1 658/12/1 659/15/1
f 2819/65/9 2817/56/9 2818/55/9
f 3031/3/1 3032/31/1 3033/32/1 3017/7/196 3010/1/1 3021/6/1 3030/5/1
f 2974/84/1 2975/44/1 2965/72/1 2959/11/1 2956/10/1 2948/25/1 2966/82/1 2973/83/1 2952/24/1
f 2975/44/1 2974/84/1 2952/24/1 2959/11/1 2965/72/1
f 2951/81/28 2955/80/28 2958/63/28 2957/62/28
f 3018/63/9 3024/59/9 3014/60/9 3010/61/9 3036/54/9 3035/55/9 3034/56/9 3037/65/9
f 3038/16/8 3019/20/138 3012/40/8 3026/21/8
f 2137/37/21 2140/36/21 2139/35/21 2138/34/21
f 1394/7/93 1402/33/286 1403/29/286 1397/30/286 1385/2/287 1393/27/346 1386/28/346 1388/26/346
f 1695/38/146 1694/47/347 1693/19/152 1692/18/153 1675/1/62 1679/7/347 1676/67/347 1674/68/347 1680/20/328 1697/78/329 1696/39/152
l 62 61
l 46 45
l 148 147
l 132 131
l 214 213
l 198 197
l 290 289
l 274 273
l 581 580
l 565 564
l 644 643
l 628 627
l 798 797
l 782 781
l 855 854
l 839 838
l 932 931
l 916 915
l 1013 1012
l 997 996
l 1286 1285
l 1270 1269
l 1363 1362
l 1347 1346
l 1575 1574
l 1559 1558
l 2123 2122
l 2107 2106
l 2464 2463
l 2448 2447
l 2856 2855
l 2840 2839
l 2934 2933
l 2918 2917
l 3002 3001
l 2986 2985
l 3060 3059
l 3044 3043
l 346 339
l 362 355
l 414 407
l 430 423
l 481 474
l 497 490
l 707 700
l 723 716
l 1076 1069
l 1092 1085
l 1134 1127
l 1150 1143
l 1209 1202
l 1225 1218
l 1425 1418
l 1441 1434
l 1503 1496
l 1519 1512
l 1652 1645
l 1668 1661
l 1709 1702
l 1725 1718
l 1784 1777
l 1800 1793
l 1896 1889
l 1912 1905
l 1962 1955
l 1978 1971
l 2041 2034
l 2057 2050
l 2183 2176
l 2199 2192
l 2249 2242
l 2265 2258
l 2336 2329
l 2352 2345
l 2524 2517
l 2540 2533
l 2592 2585
l 2608 2601
l 2641 2634
l 2657 2650
l 2715 2708
l 2731 2724
l 2766 2759
l 2782 2775
l 65 66
l 49 50
l 151 152
l 135 136
l 217 218
l 201 202
l 293 294
l 277 278
l 358 359
l 342 343
l 426 427
l 410 411
l 493 494
l 477 478
l 584 585
l 568 569
l 647 648
l 631 632
l 719 720
l 703 704
l 801 802
l 785 786
l 858 859
l 842 843
l 935 936
l 919 920
l 1016 1017
l 1000 1001
l 1088 1089
l 1072 1073
l 1146 1147
l 1130 1131
l 1221 1222
l 1205 1206
l 1289 1290
l 1273 1274
l 1366 1367
l 1350 1351
l 1437 1438
l 1421 1422
l 1515 1516
l 1499 1500
l 1578 1579
l 1562 1563
l 1664 1665
l 1648 1649
l 1721 1722
l 1705 1706
l 1796 1797
l 1780 1781
l 1908 1909
l 1892 1893
l 1974 1975
l 1958 1959
l 2053 2054
l 2037 2038
l 2126 2127
l 2110 2111
l 2195 2196
l 2179 2180
l 2261 2262
l 2245 2246
l 2348 2349
l 2332 2333
l 2467 2468
l 2451 2452
l 2536 2537
l 2520 2521
l 2604 2605
l 2588 2589
l 2653 2654
l 2637 2638
l 2727 2728
l 2711 2712
l 2778 2779
l 2762 2763
l 2859 2860
l 2843 2844
l 2937 2938
l 2921 2922
l 3005 3006
l 2989 2990
l 3063 3064
l 3047 3048
l 349 348
l 333 332
l 433 432
l 417 416
l 484 483
l 468 467
l 726 725
l 710 709
l 1079 1078
l 1063 1062
l 1153 1152
l 1137 1136
l 1212 1211
l 1196 1195
l 1444 1443
l 1428 1427
l 1506 1505
l 1490 1489
l 1655 1654
l 1639 1638
l 1728 1727
l 1712 1711
l 1787 1786
l 1771 1770
l 1899 1898
l 1883 1882
l 1981 1980
l 1965 1964
l 2044 2043
l 2028 2027
l 2202 2201
l 2186 2185
l 2252 2251
l 2236 2235
l 2355 2354
l 2339 2338
l 2543 2542
l 2527 2526
l 2595 2594
l 2579 2578
l 2660 2659
l 2644 2643
l 2718 2717
l 2702 2701
l 2785 2784
l 2769 2768
l 51 44
l 67 60
l 137 130
l 153 146
l 203 196
l 219 212
l 279 272
l 295 288
l 570 563
l 586 579
l 633 626
l 649 642
l 787 780
l 803 796
l 844 837
l 860 853
l 921 914
l 937 930
l 1002 995
l 1018 1011
l 1275 1268
l 1291 1284
l 1352 1345
l 1368 1361
l 1564 1557
l 1580 1573
l 2112 2105
l 2128 2121
l 2453 2446
l 2469 2462
l 2845 2838
l 2861 2854
l 2923 2916
l 2939 2932
l 2991 2984
l 3007 3000
l 3049 3042
l 3065 3058
l 63 64
l 47 48
l 149 150
l 133 134
l 215 216
l 199 200
l 291 292
l 275 276
l 352 353
l 336 337
l 436 437
l 420 421
l 487 488
l 471 472
l 582 583
l 566 567
l 645 646
l 629 630
l 729 730
l 713 714
l 799 800
l 783 784
l 856 857
l 840 841
l 933 934
l 917 918
l 1014 1015
l 998 999
l 1082 1083
l 1066 1067
l 1156 1157
l 1140 1141
l 1215 1216
l 1199 1200
l 1287 1288
l 1271 1272
l 1364 1365
l 1348 1349
l 1447 1448
l 1431 1432
l 1509 1510
l 1493 1494
l 1576 1577
l 1560 1561
l 1658 1659
l 1642 1643
l 1731 1732
l 1715 1716
l 1790 1791
l 1774 1775
l 1902 1903
l 1886 1887
l 1984 1985
l 1968 1969
l 2047 2048
l 2031 2032
l 2124 2125
l 2108 2109
l 2205 2206
l 2189 2190
l 2255 2256
l 2239 2240
l 2358 2359
l 2342 2343
l 2465 2466
l 2449 2450
l 2546 2547
l 2530 2531
l 2598 2599
l 2582 2583
l 2663 2664
l 2647 2648
l 2721 2722
l 2705 2706
l 2788 2789
l 2772 2773
l 2857 2858
l 2841 2842
l 2935 2936
l 2919 2920
l 3003 3004
l 2987 2988
l 3061 3062
l 3045 3046
l 54 53
l 38 37
l 140 139
l 124 123
l 222 221
l 206 205
l 282 281
l 266 265
l 573 572
l 557 556
l 652 651
l 636 635
l 790 789
l 774 773
l 863 862
l 847 846
l 924 923
l 908 907
l 1005 1004
l 989 988
l 1294 1293
l 1278 1277
l 1371 1370
l 1355 1354
l 1583 1582
l 1567 1566
l 2131 2130
l 2115 2114
l 2472 2471
l 2456 2455
l 2848 2847
l 2832 2831
l 2942 2941
l 2926 2925
l 2994 2993
l 2978 2977
l 3068 3067
l 3052 3051
l 338 331
l 354 347
l 422 415
l 438 431
l 473 466
l 489 482
l 715 708
l 731 724
l 1068 1061
l 1084 1077
l 1142 1135
l 1158 1151
l 1201 1194
l 1217 1210
l 1433 1426
l 1449 1442
l 1495 1488
l 1511 1504
l 1644 1637
l 1660 1653
l 1717 1710
l 1733 1726
l 1776 1769
l 1792 1785
l 1888 1881
l 1904 1897
l 1970 1963
l 1986 1979
l 2033 2026
l 2049 2042
l 2191 2184
l 2207 2200
l 2241 2234
l 2257 2250
l 2344 2337
l 2360 2353
l 2532 2525
l 2548 2541
l 2584 2577
l 2600 2593
l 2649 2642
l 2665 2658
l 2707 2700
l 2723 2716
l 2774 2767
l 2790 2783
l 57 58
l 41 42
l 143 144
l 127 128
l 225 226
l 209 210
l 285 286
l 269 270
l 350 351
l 334 335
l 434 435
l 418 419
l 485 486
l 469 470
l 576 577
l 560 561
l 655 656
l 639 640
l 727 728
l 711 712
l 793 794
l 777 778
l 866 867
l 850 851
l 927 928
l 911 912
l 1008 1009
l 992 993
l 1080 1081
l 1064 1065
l 1154 1155
l 1138 1139
l 1213 1214
l 1197 1198
l 1297 1298
l 1281 1282
l 1374 1375
l 1358 1359
l 1445 1446
l 1429 1430
l 1507 1508
l 1491 1492
l 1586 1587
l 1570 1571
l 1656 1657
l 1640 1641
l 1729 1730
l 1713 1714
l 1788 1789
l 1772 1773
l 1900 1901
l 1884 1885
l 1982 1983
l 1966 1967
l 2045 2046
l 2029 2030
l 2134 2135
l 2118 2119
l 2203 2204
l 2187 2188
l 2253 2254
l 2237 2238
l 2356 2357
l 2340 2341
l 2475 2476
l 2459 2460
l 2544 2545
l 2528 2529
l 2596 2597
l 2580 2581
l 2661 2662
l 2645 2646
l 2719 2720
l 2703 2704
l 2786 2787
l 2770 2771
l 2851 2852
l 2835 2836
l 2945 2946
l 2929 2930
l 2997 2998
l 2981 2982
l 3071 3072
l 3055 3056
l 357 356
l 341 340
l 425 424
l 409 408
l 492 491
l 476 475
l 718 717
l 702 701
l 1087 1086
l 1071 1070
l 1145 1144
l 1129 1128
l 1220 1219
l 1204 1203
l 1436 1435
l 1420 1419
l 1514 1513
l 1498 1497
l 1663 1662
l 1647 1646
l 1720 1719
l 1704 1703
l 1795 1794
l 1779 1778
l 1907 1906
l 1891 1890
l 1973 1972
l 1957 1956
l 2052 2051
l 2036 2035
l 2194 2193
l 2178 2177
l 2260 2259
l 2244 2243
l 2347 2346
l 2331 2330
l 2535 2534
l 2519 2518
l 2603 2602
l 2587 2586
l 2652 2651
l 2636 2635
l 2726 2725
l 2710 2709
l 2777 2776
l 2761 2760
l 43 36
l 59 52
l 129 122
l 145 138
l 211 204
l 227 220
l 271 264
l 287 280
l 562 555
l 578 571
l 641 634
l 657 650
l 779 772
l 795 788
l 852 845
l 868 861
l 913 906
l 929 922
l 994 987
l 1010 1003
l 1283 1276
l 1299 1292
l 1360 1353
l 1376 1369
l 1572 1565
l 1588 1581
l 2120 2113
l 2136 2129
l 2461 2454
l 2477 2470
l 2837 2830
l 2853 2846
l 2931 2924
l 2947 2940
l 2983 2976
l 2999 2992
l 3057 3050
l 3073 3066
l 55 56
l 39 40
l 141 142
l 125 126
l 223 224
l 207 208
l 283 284
l 267 268
l 360 361
l 344 345
l 428 429
l 412 413
l 495 496
l 479 480
l 574 575
l 558 559
l 653 654
l 637 638
l 721 722
l 705 706
l 791 792
l 775 776
l 864 865
l 848 849
l 925 926
l 909 910
l 1006 1007
l 990 991
l 1090 1091
l 1074 1075
l 1148 1149
l 1132 1133
l 1223 1224
l 1207 1208
l 1295 1296
l 1279 1280
l 1372 1373
l 1356 1357
l 1439 1440
l 1423 1424
l 1517 1518
l 1501 1502
l 1584 1585
l 1568 1569
l 1666 1667
l 1650 1651
l 1723 1724
l 1707 1708
l 1798 1799
l 1782 1783
l 1910 1911
l 1894 1895
l 1976 1977
l 1960 1961
l 2055 2056
l 2039 2040
l 2132 2133
l 2116 2117
l 2197 2198
l 2181 2182
l 2263 2264
l 2247 2248
l 2350 2351
l 2334 2335
l 2473 2474
l 2457 2458
l 2538 2539
l 2522 2523
l 2606 2607
l 2590 2591
l 2655 2656
l 2639 2640
l 2729 2730
l 2713 2714
l 2780 2781
l 2764 2765
l 2849 2850
l 2833 2834
l 2943 2944
l 2927 2928
l 2995 2996
l 2979 2980
l 3069 3070
l 3053 3054
