# Blender 4.3.2
# www.blender.org
o Plains_sea
v 0.000000 0.100000 -1.000000
v -0.866025 0.100000 -0.500000
v -0.866025 0.100000 0.500000
v 0.000000 0.100000 1.000000
v 0.866025 0.100000 0.500000
v 0.866025 0.100000 -0.500000
v 0.000000 0.082145 0.000000
v -0.787296 0.100000 -0.545455
v -0.708566 0.100000 -0.590909
v -0.629837 0.100000 -0.636364
v -0.551107 0.100000 -0.681818
v -0.472378 0.100000 -0.727273
v -0.393648 0.100000 -0.772727
v -0.314918 0.100000 -0.818182
v -0.236189 0.100000 -0.863636
v -0.157459 0.100000 -0.909091
v -0.078730 0.100000 -0.954545
v -0.866025 0.100000 0.409091
v -0.866025 0.100000 0.318182
v -0.866025 0.100000 0.227273
v -0.866025 0.100000 0.136364
v -0.866025 0.100000 0.045455
v -0.866025 0.100000 -0.045455
v -0.866025 0.100000 -0.136364
v -0.866025 0.100000 -0.227273
v -0.866025 0.100000 -0.318182
v -0.866025 0.100000 -0.409091
v -0.078730 0.100000 0.954545
v -0.157459 0.100000 0.909091
v -0.236189 0.100000 0.863636
v -0.314918 0.100000 0.818182
v -0.393648 0.100000 0.772727
v -0.472378 0.100000 0.727273
v -0.551107 0.100000 0.681818
v -0.629837 0.100000 0.636364
v -0.708566 0.100000 0.590909
v -0.787296 0.100000 0.545455
v 0.787296 0.100000 0.545455
v 0.708566 0.100000 0.590909
v 0.629837 0.100000 0.636364
v 0.551107 0.100000 0.681818
v 0.472378 0.100000 0.727273
v 0.393648 0.100000 0.772727
v 0.314918 0.100000 0.818182
v 0.236189 0.100000 0.863636
v 0.157459 0.100000 0.909091
v 0.078730 0.100000 0.954545
v 0.866025 0.100000 -0.409091
v 0.866025 0.100000 -0.318182
v 0.866025 0.100000 -0.227273
v 0.866025 0.100000 -0.136364
v 0.866025 0.100000 -0.045455
v 0.866025 0.100000 0.045455
v 0.866025 0.100000 0.136364
v 0.866025 0.100000 0.227273
v 0.866025 0.100000 0.318182
v 0.866025 0.100000 0.409091
v 0.078730 0.100000 -0.954545
v 0.157459 0.100000 -0.909091
v 0.236189 0.100000 -0.863636
v 0.314918 0.100000 -0.818182
v 0.393648 0.100000 -0.772727
v 0.472378 0.100000 -0.727273
v 0.551107 0.100000 -0.681818
v 0.629837 0.100000 -0.636364
v 0.708566 0.100000 -0.590909
v 0.787296 0.100000 -0.545455
v 0.078730 0.077639 -0.045455
v 0.157459 0.074110 -0.090909
v 0.236189 0.073188 -0.136364
v 0.314918 0.067671 -0.181818
v 0.393648 0.067520 -0.227273
v 0.472377 0.071859 -0.272727
v 0.551107 0.079030 -0.318182
v 0.629837 0.086991 -0.363636
v 0.708566 0.083359 -0.409091
v 0.787296 0.093425 -0.454545
v -0.787296 0.092225 0.454545
v -0.708566 0.089684 0.409091
v -0.629837 0.092322 0.363636
v -0.551107 0.094458 0.318182
v -0.472378 0.100393 0.272727
v -0.393648 0.109683 0.227273
v -0.314918 0.101128 0.181818
v -0.236189 0.101525 0.136364
v -0.157459 0.094562 0.090909
v -0.078730 0.088232 0.045455
v -0.787296 0.089792 -0.454545
v -0.708566 0.078228 -0.409091
v -0.629837 0.079205 -0.363636
v -0.551107 0.082590 -0.318182
v -0.472378 0.086222 -0.272727
v -0.393648 0.080955 -0.227273
v -0.314918 0.087424 -0.181818
v -0.236189 0.080911 -0.136364
v -0.157459 0.080701 -0.090909
v -0.078730 0.078281 -0.045455
v 0.000000 0.098141 -0.909091
v -0.000000 0.097621 -0.818182
v 0.000000 0.098516 -0.727273
v 0.000000 0.094051 -0.636364
v 0.000000 0.090090 -0.545455
v 0.000000 0.082185 -0.454545
v 0.000000 0.079020 -0.363636
v 0.000000 0.080278 -0.272727
v -0.000000 0.066784 -0.181818
v 0.000000 0.076634 -0.090909
v 0.787296 0.096382 0.454545
v 0.708566 0.094923 0.409091
v 0.629837 0.094162 0.363636
v 0.551107 0.096257 0.318182
v 0.472378 0.103565 0.272727
v 0.393648 0.104529 0.227273
v 0.314918 0.116527 0.181818
v 0.236189 0.106495 0.136364
v 0.157459 0.093157 0.090909
v 0.078730 0.084918 0.045455
v 0.000000 0.106628 0.909091
v 0.000000 0.103016 0.818182
v 0.000000 0.089867 0.727273
v 0.000000 0.078081 0.636364
v 0.000000 0.079652 0.545455
v 0.000000 0.080225 0.454545
v 0.000000 0.089802 0.363636
v 0.000000 0.098661 0.272727
v -0.000000 0.103537 0.181818
v 0.000000 0.088998 0.090909
v 0.787296 0.103466 0.363636
v 0.787296 0.109078 0.272727
v 0.708566 0.100709 0.318182
v 0.787296 0.108706 0.181818
v 0.708566 0.109526 0.227273
v 0.629837 0.103713 0.272727
v 0.787296 0.108789 0.090909
v 0.708566 0.112433 0.136364
v 0.629837 0.115219 0.181818
v 0.551107 0.109587 0.227273
v 0.787296 0.099350 0.000000
v 0.708566 0.106417 0.045455
v 0.629837 0.101824 0.090909
v 0.551107 0.108535 0.136364
v 0.472378 0.106619 0.181818
v 0.787296 0.099680 -0.090909
v 0.708566 0.095879 -0.045455
v 0.629837 0.096187 0.000000
v 0.551107 0.095982 0.045455
v 0.472378 0.103055 0.090909
v 0.393648 0.105381 0.136364
v 0.787296 0.098236 -0.181818
v 0.708566 0.091976 -0.136364
v 0.629837 0.091724 -0.090909
v 0.551107 0.094469 -0.045455
v 0.472378 0.090865 0.000000
v 0.393648 0.092722 0.045455
v 0.314918 0.097666 0.090909
v 0.787296 0.100742 -0.272727
v 0.708566 0.088401 -0.227273
v 0.629837 0.078682 -0.181818
v 0.551107 0.082226 -0.136364
v 0.472378 0.081805 -0.090909
v 0.393648 0.089665 -0.045455
v 0.314918 0.092184 -0.000000
v 0.236189 0.086976 0.045455
v 0.787296 0.095825 -0.363636
v 0.708566 0.089740 -0.318182
v 0.629837 0.085838 -0.272727
v 0.551107 0.076015 -0.227273
v 0.472378 0.079215 -0.181818
v 0.393648 0.072035 -0.136364
v 0.314918 0.082329 -0.090909
v 0.236189 0.082288 -0.045455
v 0.157459 0.085525 -0.000000
v 0.078730 0.102335 0.136364
v 0.078730 0.104220 0.227273
v 0.157459 0.106704 0.181818
v 0.078730 0.102803 0.318182
v 0.157459 0.106667 0.272727
v 0.236189 0.106811 0.227273
v 0.078730 0.091221 0.409091
v 0.157459 0.090316 0.363636
v 0.236189 0.099694 0.318182
v 0.314918 0.105682 0.272727
v 0.078730 0.083008 0.500000
v 0.157459 0.091096 0.454545
v 0.236189 0.095323 0.409091
v 0.314918 0.101056 0.363636
v 0.393648 0.095004 0.318182
v 0.078730 0.076662 0.590909
v 0.157459 0.082071 0.545455
v 0.236189 0.087792 0.500000
v 0.314918 0.093231 0.454545
v 0.393648 0.091511 0.409091
v 0.472378 0.093922 0.363636
v 0.078730 0.080833 0.681818
v 0.157459 0.076094 0.636364
v 0.236189 0.075550 0.590909
v 0.314918 0.074813 0.545455
v 0.393648 0.082310 0.500000
v 0.472378 0.090080 0.454545
v 0.551107 0.092351 0.409091
v 0.078730 0.101709 0.772727
v 0.157459 0.085354 0.727273
v 0.236189 0.079280 0.681818
v 0.314918 0.072296 0.636364
v 0.393648 0.075841 0.590909
v 0.472377 0.086590 0.545455
v 0.551107 0.089847 0.500000
v 0.629837 0.088127 0.454545
v 0.078730 0.106400 0.863636
v 0.157459 0.099191 0.818182
v 0.236189 0.088942 0.772727
v 0.314918 0.085320 0.727273
v 0.393648 0.079997 0.681818
v 0.472378 0.082234 0.636364
v 0.551107 0.089443 0.590909
v 0.629837 0.090334 0.545455
v 0.708566 0.090512 0.500000
v -0.078730 0.098128 0.136364
v -0.157459 0.106213 0.181818
v -0.078730 0.099886 0.227273
v -0.236189 0.102747 0.227273
v -0.157459 0.090930 0.272727
v -0.078730 0.087594 0.318182
v -0.314918 0.099566 0.272727
v -0.236189 0.093020 0.318182
v -0.157459 0.085118 0.363636
v -0.078730 0.079515 0.409091
v -0.393648 0.100931 0.318182
v -0.314918 0.096811 0.363636
v -0.236189 0.084374 0.409091
v -0.157459 0.076950 0.454545
v -0.078730 0.073043 0.500000
v -0.472378 0.098686 0.363636
v -0.393648 0.100302 0.409091
v -0.314918 0.086362 0.454545
v -0.236189 0.076595 0.500000
v -0.157459 0.077102 0.545455
v -0.078730 0.072935 0.590909
v -0.551107 0.088361 0.409091
v -0.472378 0.095282 0.454545
v -0.393648 0.093766 0.500000
v -0.314918 0.083072 0.545455
v -0.236189 0.075787 0.590909
v -0.157459 0.082031 0.636364
v -0.078730 0.080116 0.681818
v -0.629837 0.087084 0.454545
v -0.551107 0.087686 0.500000
v -0.472378 0.082335 0.545455
v -0.393648 0.078253 0.590909
v -0.314918 0.082595 0.636364
v -0.236189 0.085570 0.681818
v -0.157459 0.095003 0.727273
v -0.078730 0.097374 0.772727
v -0.708566 0.090742 0.500000
v -0.629837 0.089556 0.545455
v -0.551107 0.084457 0.590909
v -0.472378 0.085510 0.636364
v -0.393648 0.091002 0.681818
v -0.314918 0.092513 0.727273
v -0.236189 0.099921 0.772727
v -0.157459 0.103602 0.818182
v -0.078730 0.105156 0.863636
v -0.157459 0.087208 0.000000
v -0.236189 0.091082 -0.045455
v -0.236189 0.092652 0.045455
v -0.314918 0.089250 -0.090909
v -0.314918 0.090223 0.000000
v -0.314918 0.087503 0.090909
v -0.393648 0.078337 -0.136364
v -0.393648 0.089198 -0.045455
v -0.393648 0.083824 0.045455
v -0.393648 0.098360 0.136364
v -0.472378 0.072750 -0.181818
v -0.472378 0.080205 -0.090909
v -0.472378 0.079448 0.000000
v -0.472378 0.080841 0.090909
v -0.472378 0.100764 0.181818
v -0.551107 0.076828 -0.227273
v -0.551107 0.076062 -0.136364
v -0.551107 0.072988 -0.045455
v -0.551107 0.075775 0.045455
v -0.551107 0.079175 0.136364
v -0.551107 0.090106 0.227273
v -0.629837 0.079194 -0.272727
v -0.629837 0.077594 -0.181818
v -0.629837 0.075316 -0.090909
v -0.629837 0.074024 0.000000
v -0.629837 0.079746 0.090909
v -0.629837 0.081419 0.181818
v -0.629837 0.084450 0.272727
v -0.708566 0.086481 -0.318182
v -0.708566 0.086367 -0.227273
v -0.708566 0.092866 -0.136364
v -0.708566 0.088425 -0.045455
v -0.708566 0.086340 0.045455
v -0.708566 0.084571 0.136364
v -0.708566 0.081881 0.227273
v -0.708566 0.085527 0.318182
v -0.787296 0.088341 -0.363636
v -0.787296 0.096169 -0.272727
v -0.787296 0.099541 -0.181818
v -0.787296 0.104596 -0.090909
v -0.787296 0.098168 0.000000
v -0.787296 0.091288 0.090909
v -0.787296 0.091427 0.181818
v -0.787296 0.089637 0.272727
v -0.787296 0.091387 0.363636
v -0.078730 0.070210 -0.136364
v -0.078730 0.071396 -0.227273
v -0.157459 0.077734 -0.181818
v -0.078730 0.078842 -0.318182
v -0.157459 0.076596 -0.272727
v -0.236189 0.080953 -0.227273
v -0.078730 0.078372 -0.409091
v -0.157459 0.077395 -0.363636
v -0.236189 0.079755 -0.318182
v -0.314918 0.084237 -0.272727
v -0.078730 0.078913 -0.500000
v -0.157459 0.080537 -0.454545
v -0.236189 0.086014 -0.409091
v -0.314918 0.089249 -0.363636
v -0.393648 0.089969 -0.318182
v -0.078730 0.086959 -0.590909
v -0.157459 0.084754 -0.545455
v -0.236189 0.085558 -0.500000
v -0.314918 0.092473 -0.454545
v -0.393648 0.090968 -0.409091
v -0.472378 0.092033 -0.363636
v -0.078730 0.103041 -0.681818
v -0.157459 0.101540 -0.636364
v -0.236189 0.089337 -0.590909
v -0.314918 0.097532 -0.545455
v -0.393648 0.105106 -0.500000
v -0.472378 0.097913 -0.454545
v -0.551107 0.093317 -0.409091
v -0.078730 0.100695 -0.772727
v -0.157459 0.099813 -0.727273
v -0.236189 0.095047 -0.681818
v -0.314918 0.089797 -0.636364
v -0.393648 0.100899 -0.590909
v -0.472377 0.106208 -0.545455
v -0.551107 0.094221 -0.500000
v -0.629837 0.083361 -0.454545
v -0.078730 0.101490 -0.863636
v -0.157459 0.098964 -0.818182
v -0.236189 0.095652 -0.772727
v -0.314918 0.089669 -0.727273
v -0.393648 0.095470 -0.681818
v -0.472378 0.102059 -0.636364
v -0.551107 0.102458 -0.590909
v -0.629837 0.091284 -0.545455
v -0.708566 0.090861 -0.500000
v 0.078730 0.067714 -0.136364
v 0.157459 0.069085 -0.181818
v 0.078730 0.070654 -0.227273
v 0.236189 0.066859 -0.227273
v 0.157459 0.078572 -0.272727
v 0.078730 0.085354 -0.318182
v 0.314918 0.066414 -0.272727
v 0.236189 0.069220 -0.318182
v 0.157459 0.081180 -0.363636
v 0.078730 0.081839 -0.409091
v 0.393648 0.073489 -0.318182
v 0.314918 0.069587 -0.363636
v 0.236189 0.081334 -0.409091
v 0.157459 0.080386 -0.454545
v 0.078730 0.091966 -0.500000
v 0.472377 0.084686 -0.363636
v 0.393648 0.078738 -0.409091
v 0.314918 0.074978 -0.454545
v 0.236189 0.079260 -0.500000
v 0.157459 0.090436 -0.545455
v 0.078730 0.090656 -0.590909
v 0.551107 0.084204 -0.409091
v 0.472377 0.091227 -0.454545
v 0.393648 0.088353 -0.500000
v 0.314918 0.086494 -0.545455
v 0.236189 0.088979 -0.590909
v 0.157459 0.086804 -0.636364
v 0.078730 0.089290 -0.681818
v 0.629837 0.082923 -0.454545
v 0.551107 0.098808 -0.500000
v 0.472377 0.099305 -0.545455
v 0.393648 0.094930 -0.590909
v 0.314918 0.101429 -0.636364
v 0.236189 0.091557 -0.681818
v 0.157459 0.090722 -0.727273
v 0.078730 0.093062 -0.772727
v 0.708566 0.089782 -0.500000
v 0.629837 0.092559 -0.545455
v 0.551107 0.103533 -0.590909
v 0.472378 0.103406 -0.636364
v 0.393648 0.100620 -0.681818
v 0.314918 0.093602 -0.727273
v 0.236189 0.091850 -0.772727
v 0.157459 0.092349 -0.818182
v 0.078730 0.092055 -0.863636
v -0.039365 0.100000 -0.977273
v -0.866025 0.100000 -0.454545
v -0.826661 0.100000 0.522727
v 0.039365 0.100000 0.977273
v 0.866025 0.100000 0.454545
v 0.826661 0.100000 -0.522727
v 0.826661 0.098435 -0.477273
v -0.039365 0.081650 0.022727
v -0.039365 0.079399 -0.022727
v -0.000000 0.081270 -0.045455
v 0.039365 0.083518 0.022727
v 0.000000 0.083026 0.045455
v -0.826661 0.100000 -0.522727
v -0.747931 0.100000 -0.568182
v -0.669201 0.100000 -0.613636
v -0.590472 0.100000 -0.659091
v -0.511742 0.100000 -0.704545
v -0.433013 0.100000 -0.750000
v -0.354283 0.100000 -0.795455
v -0.275553 0.100000 -0.840909
v -0.196824 0.100000 -0.886364
v -0.118094 0.100000 -0.931818
v -0.866025 0.100000 0.454545
v -0.866025 0.100000 0.363636
v -0.866025 0.100000 0.272727
v -0.866025 0.100000 0.181818
v -0.866025 0.100000 0.090909
v -0.866025 0.100000 -0.000000
v -0.866025 0.100000 -0.090909
v -0.866025 0.100000 -0.181818
v -0.866025 0.100000 -0.272727
v -0.866025 0.100000 -0.363636
v -0.039365 0.100000 0.977273
v -0.118094 0.100000 0.931818
v -0.196824 0.100000 0.886364
v -0.275553 0.100000 0.840909
v -0.354283 0.100000 0.795455
v -0.433013 0.100000 0.750000
v -0.511742 0.100000 0.704545
v -0.590472 0.100000 0.659091
v -0.669201 0.100000 0.613636
v -0.747931 0.100000 0.568182
v 0.826661 0.100000 0.522727
v 0.747931 0.100000 0.568182
v 0.669201 0.100000 0.613636
v 0.590472 0.100000 0.659091
v 0.511742 0.100000 0.704545
v 0.433013 0.100000 0.750000
v 0.354283 0.100000 0.795455
v 0.275553 0.100000 0.840909
v 0.196824 0.100000 0.886364
v 0.118094 0.100000 0.931818
v 0.866025 0.100000 -0.454545
v 0.866025 0.100000 -0.363636
v 0.866025 0.100000 -0.272727
v 0.866025 0.100000 -0.181818
v 0.866025 0.100000 -0.090909
v 0.866025 0.100000 0.000000
v 0.866025 0.100000 0.090909
v 0.866025 0.100000 0.181818
v 0.866025 0.100000 0.272727
v 0.866025 0.100000 0.363636
v 0.039365 0.100000 -0.977273
v 0.118094 0.100000 -0.931818
v 0.196824 0.100000 -0.886364
v 0.275553 0.100000 -0.840909
v 0.354283 0.100000 -0.795455
v 0.433013 0.100000 -0.750000
v 0.511742 0.100000 -0.704545
v 0.590472 0.100000 -0.659091
v 0.669201 0.100000 -0.613636
v 0.747931 0.100000 -0.568182
v 0.039365 0.082151 -0.022727
v 0.118094 0.075456 -0.068182
v 0.196824 0.072783 -0.113636
v 0.275554 0.073872 -0.159091
v 0.354283 0.064956 -0.204545
v 0.433013 0.065277 -0.250000
v 0.511742 0.076704 -0.295455
v 0.590472 0.083048 -0.340909
v 0.669201 0.083780 -0.386364
v 0.747931 0.089176 -0.431818
v -0.826661 0.098479 0.477273
v -0.747931 0.090593 0.431818
v -0.669201 0.090488 0.386364
v -0.590472 0.094006 0.340909
v -0.511742 0.095267 0.295455
v -0.433013 0.107267 0.250000
v -0.354283 0.106857 0.204545
v -0.275554 0.100224 0.159091
v -0.196824 0.099456 0.113636
v -0.118094 0.091233 0.068182
v -0.826661 0.097893 -0.477273
v -0.747931 0.083408 -0.431818
v -0.669201 0.079104 -0.386364
v -0.590472 0.080684 -0.340909
v -0.511742 0.084605 -0.295455
v -0.433013 0.083989 -0.250000
v -0.354283 0.086058 -0.204545
v -0.275554 0.081983 -0.159091
v -0.196824 0.082551 -0.113636
v -0.118094 0.079039 -0.068182
v 0.000000 0.098921 -0.954545
v 0.000000 0.097353 -0.863636
v 0.000000 0.101823 -0.772727
v -0.000000 0.094615 -0.681818
v -0.000000 0.092009 -0.590909
v -0.000000 0.088393 -0.500000
v 0.000000 0.077164 -0.409091
v 0.000000 0.081967 -0.318182
v -0.000000 0.073754 -0.227273
v -0.000000 0.070748 -0.136364
v 0.826661 0.099324 0.477273
v 0.747931 0.097463 0.431818
v 0.669201 0.091378 0.386364
v 0.590472 0.095225 0.340909
v 0.511742 0.100808 0.295455
v 0.433013 0.102313 0.250000
v 0.354283 0.111836 0.204545
v 0.275554 0.111226 0.159091
v 0.196824 0.100428 0.113636
v 0.118094 0.087107 0.068182
v 0.000000 0.103317 0.954545
v 0.000000 0.103686 0.863636
v 0.000000 0.096894 0.772727
v -0.000000 0.086226 0.681818
v -0.000000 0.074768 0.590909
v -0.000000 0.079658 0.500000
v 0.000000 0.084962 0.409091
v 0.000000 0.093541 0.318182
v -0.000000 0.101785 0.227273
v -0.000000 0.099244 0.136364
v 0.826661 0.098938 0.431818
v 0.747931 0.100733 0.386364
v 0.826661 0.101492 0.340909
v 0.669201 0.094944 0.340909
v 0.826661 0.102968 0.250000
v 0.747931 0.105837 0.295455
v 0.590472 0.098432 0.295455
v 0.826661 0.102233 0.159091
v 0.747931 0.110801 0.204545
v 0.669201 0.108654 0.250000
v 0.511742 0.107055 0.250000
v 0.826661 0.101815 0.068182
v 0.747931 0.111797 0.113636
v 0.669201 0.111872 0.159091
v 0.590472 0.113538 0.204545
v 0.433013 0.105231 0.204545
v 0.826661 0.099974 -0.022727
v 0.747931 0.101384 0.022727
v 0.669201 0.104394 0.068182
v 0.590472 0.104946 0.113636
v 0.511742 0.109092 0.159091
v 0.354283 0.112733 0.159091
v 0.826661 0.099415 -0.113636
v 0.747931 0.097542 -0.068182
v 0.669201 0.097257 -0.022727
v 0.590472 0.094577 0.022727
v 0.511742 0.100427 0.068182
v 0.433013 0.099741 0.113636
v 0.275554 0.102167 0.113636
v 0.826661 0.099237 -0.204545
v 0.747931 0.094652 -0.159091
v 0.669201 0.092357 -0.113636
v 0.590472 0.093669 -0.068182
v 0.511742 0.093097 -0.022727
v 0.433013 0.090777 0.022727
v 0.354283 0.093819 0.068182
v 0.196824 0.089227 0.068182
v 0.826661 0.100512 -0.295455
v 0.747931 0.093699 -0.250000
v 0.669201 0.086797 -0.204545
v 0.590472 0.077681 -0.159091
v 0.511742 0.083610 -0.113636
v 0.433013 0.082828 -0.068182
v 0.354283 0.093198 -0.022727
v 0.275554 0.090405 0.022727
v 0.118094 0.083720 0.022727
v 0.826661 0.099171 -0.386364
v 0.747931 0.093025 -0.340909
v 0.669201 0.090252 -0.295455
v 0.590472 0.079751 -0.250000
v 0.511742 0.078983 -0.204545
v 0.433013 0.074460 -0.159091
v 0.354283 0.077850 -0.113636
v 0.275554 0.082875 -0.068182
v 0.196824 0.082571 -0.022727
v 0.826661 0.099934 0.386364
v 0.787296 0.098536 0.409091
v 0.826661 0.103183 0.295455
v 0.787296 0.107968 0.318182
v 0.747931 0.104390 0.340909
v 0.708566 0.096023 0.363636
v 0.826661 0.102594 0.204545
v 0.787296 0.109472 0.227273
v 0.747931 0.105462 0.250000
v 0.708566 0.103041 0.272727
v 0.669201 0.099369 0.295455
v 0.629837 0.094956 0.318182
v 0.826661 0.101918 0.113636
v 0.787296 0.109056 0.136364
v 0.747931 0.113066 0.159091
v 0.708566 0.114186 0.181818
v 0.669201 0.115933 0.204545
v 0.629837 0.113249 0.227273
v 0.590472 0.105195 0.250000
v 0.551107 0.100715 0.272727
v 0.826661 0.100780 0.022727
v 0.787296 0.103664 0.045455
v 0.747931 0.108695 0.068182
v 0.708566 0.110302 0.090909
v 0.669201 0.108083 0.113636
v 0.629837 0.108433 0.136364
v 0.590472 0.112527 0.159091
v 0.551107 0.112689 0.181818
v 0.511742 0.110742 0.204545
v 0.472378 0.107274 0.227273
v 0.826661 0.098932 -0.068182
v 0.787296 0.097238 -0.045455
v 0.747931 0.095567 -0.022727
v 0.708566 0.100425 0.000000
v 0.669201 0.102058 0.022727
v 0.629837 0.098195 0.045455
v 0.590472 0.097137 0.068182
v 0.551107 0.101619 0.090909
v 0.511742 0.106474 0.113636
v 0.472378 0.104816 0.136364
v 0.433013 0.103989 0.159091
v 0.393648 0.109146 0.181818
v 0.826661 0.099307 -0.159091
v 0.787296 0.100030 -0.136364
v 0.747931 0.097793 -0.113636
v 0.708566 0.096753 -0.090909
v 0.669201 0.095264 -0.068182
v 0.629837 0.095212 -0.045455
v 0.590472 0.096279 -0.022727
v 0.551107 0.095468 0.000000
v 0.511742 0.093263 0.022727
v 0.472378 0.093068 0.045455
v 0.433013 0.096630 0.068182
v 0.393648 0.098775 0.090909
v 0.354283 0.103951 0.113636
v 0.314918 0.108273 0.136364
v 0.826661 0.099730 -0.250000
v 0.787296 0.097423 -0.227273
v 0.747931 0.092237 -0.204545
v 0.708566 0.087866 -0.181818
v 0.669201 0.086779 -0.159091
v 0.629837 0.086844 -0.136364
v 0.590472 0.086304 -0.113636
v 0.551107 0.088318 -0.090909
v 0.511742 0.088675 -0.068182
v 0.472378 0.088930 -0.045455
v 0.433013 0.091623 -0.022727
v 0.393648 0.093867 0.000000
v 0.354283 0.091997 0.022727
v 0.314918 0.091381 0.045455
v 0.275554 0.094164 0.068182
v 0.236189 0.097877 0.090909
v 0.826661 0.100008 -0.340909
v 0.787296 0.100428 -0.318182
v 0.747931 0.095517 -0.295455
v 0.708566 0.090648 -0.272727
v 0.669201 0.087859 -0.250000
v 0.629837 0.081867 -0.227273
v 0.590472 0.074616 -0.204545
v 0.551107 0.077717 -0.181818
v 0.511742 0.082289 -0.159091
v 0.472378 0.080191 -0.136364
v 0.433013 0.076270 -0.113636
v 0.393648 0.078590 -0.090909
v 0.354283 0.085669 -0.068182
v 0.314918 0.090074 -0.045455
v 0.275554 0.091051 -0.022727
v 0.236189 0.086100 -0.000000
v 0.196824 0.083714 0.022727
v 0.157459 0.086784 0.045455
v 0.826661 0.098959 -0.431818
v 0.787296 0.094208 -0.409091
v 0.747931 0.088062 -0.386364
v 0.708566 0.086775 -0.363636
v 0.669201 0.087378 -0.340909
v 0.629837 0.086006 -0.318182
v 0.590472 0.083011 -0.295455
v 0.551107 0.078960 -0.272727
v 0.511742 0.076447 -0.250000
v 0.472377 0.073511 -0.227273
v 0.433013 0.070015 -0.204545
v 0.393648 0.067011 -0.181818
v 0.354283 0.069602 -0.159091
v 0.314918 0.075549 -0.136364
v 0.275554 0.075541 -0.113636
v 0.236189 0.074598 -0.090909
v 0.196824 0.075689 -0.068182
v 0.157459 0.079225 -0.045455
v 0.118094 0.080510 -0.022727
v 0.078730 0.081413 -0.000000
v 0.039365 0.085863 0.068182
v 0.118094 0.097094 0.113636
v 0.039365 0.102288 0.159091
v 0.196824 0.108298 0.159091
v 0.039365 0.104986 0.250000
v 0.118094 0.103642 0.204545
v 0.275554 0.112299 0.204545
v 0.039365 0.093959 0.340909
v 0.118094 0.105900 0.295455
v 0.196824 0.104817 0.250000
v 0.354283 0.103676 0.250000
v 0.039365 0.086069 0.431818
v 0.118094 0.090840 0.386364
v 0.196824 0.094032 0.340909
v 0.275554 0.104054 0.295455
v 0.433013 0.099545 0.295455
v 0.039365 0.081716 0.522727
v 0.118094 0.086903 0.477273
v 0.196824 0.092665 0.431818
v 0.275554 0.100889 0.386364
v 0.354283 0.097862 0.340909
v 0.511742 0.094082 0.340909
v 0.039365 0.074208 0.613636
v 0.118094 0.078673 0.568182
v 0.196824 0.086797 0.522727
v 0.275554 0.090915 0.477273
v 0.354283 0.093909 0.431818
v 0.433013 0.093328 0.386364
v 0.590472 0.094733 0.386364
v 0.039365 0.087326 0.704545
v 0.118094 0.075582 0.659091
v 0.196824 0.080155 0.613636
v 0.275554 0.073072 0.568182
v 0.354283 0.077935 0.522727
v 0.433013 0.088481 0.477273
v 0.511742 0.089048 0.431818
v 0.669201 0.090926 0.431818
v 0.039365 0.102967 0.795455
v 0.118094 0.093869 0.750000
v 0.196824 0.078612 0.704545
v 0.275554 0.077507 0.659091
v 0.354283 0.072478 0.613636
v 0.433013 0.080042 0.568182
v 0.511742 0.090723 0.522727
v 0.590472 0.088812 0.477273
v 0.747931 0.094596 0.477273
v 0.039365 0.105487 0.886364
v 0.118094 0.102116 0.840909
v 0.196824 0.094568 0.795455
v 0.275554 0.087258 0.750000
v 0.354283 0.081799 0.704545
v 0.433013 0.080171 0.659091
v 0.511742 0.084062 0.613636
v 0.590472 0.090943 0.568182
v 0.669201 0.089601 0.522727
v 0.039365 0.094452 0.113636
v 0.078730 0.092834 0.090909
v 0.039365 0.105281 0.204545
v 0.078730 0.103929 0.181818
v 0.118094 0.105592 0.159091
v 0.157459 0.103791 0.136364
v 0.039365 0.099335 0.295455
v 0.078730 0.104721 0.272727
v 0.118094 0.104182 0.250000
v 0.157459 0.107953 0.227273
v 0.196824 0.105701 0.204545
v 0.236189 0.110573 0.181818
v 0.039365 0.091389 0.386364
v 0.078730 0.094026 0.363636
v 0.118094 0.098033 0.340909
v 0.157459 0.099412 0.318182
v 0.196824 0.099918 0.295455
v 0.236189 0.103377 0.272727
v 0.275554 0.110424 0.250000
v 0.314918 0.112333 0.227273
v 0.039365 0.084219 0.477273
v 0.078730 0.086551 0.454545
v 0.118094 0.093729 0.431818
v 0.157459 0.091763 0.409091
v 0.196824 0.093717 0.386364
v 0.236189 0.099141 0.363636
v 0.275554 0.102228 0.340909
v 0.314918 0.102259 0.318182
v 0.354283 0.098283 0.295455
v 0.393648 0.097082 0.272727
v 0.039365 0.076127 0.568182
v 0.078730 0.080709 0.545455
v 0.118094 0.081248 0.522727
v 0.157459 0.084182 0.500000
v 0.196824 0.089298 0.477273
v 0.236189 0.090690 0.454545
v 0.275554 0.094432 0.431818
v 0.314918 0.099345 0.409091
v 0.354283 0.096402 0.386364
v 0.393648 0.094285 0.363636
v 0.433013 0.097368 0.340909
v 0.472378 0.097191 0.318182
v 0.039365 0.080262 0.659091
v 0.078730 0.073996 0.636364
v 0.118094 0.075903 0.613636
v 0.157459 0.079424 0.590909
v 0.196824 0.079798 0.568182
v 0.236189 0.080262 0.545455
v 0.275554 0.082452 0.522727
v 0.314918 0.088407 0.500000
v 0.354283 0.087761 0.477273
v 0.393648 0.086555 0.454545
v 0.433013 0.088097 0.431818
v 0.472378 0.090217 0.409091
v 0.511742 0.090826 0.386364
v 0.551107 0.095674 0.363636
v 0.039365 0.094276 0.750000
v 0.078730 0.089601 0.727273
v 0.118094 0.083452 0.704545
v 0.157459 0.077254 0.681818
v 0.196824 0.077864 0.659091
v 0.236189 0.078284 0.636364
v 0.275554 0.071903 0.613636
v 0.314918 0.070234 0.590909
v 0.354283 0.071125 0.568182
v 0.393648 0.076305 0.545455
v 0.433013 0.087286 0.522727
v 0.472377 0.090757 0.500000
v 0.511742 0.090226 0.477273
v 0.551107 0.089204 0.454545
v 0.590472 0.088814 0.431818
v 0.629837 0.091319 0.409091
v 0.039365 0.105069 0.840909
v 0.078730 0.105272 0.818182
v 0.118094 0.100429 0.795455
v 0.157459 0.094489 0.772727
v 0.196824 0.085592 0.750000
v 0.236189 0.082990 0.727273
v 0.275554 0.081729 0.704545
v 0.314918 0.077275 0.681818
v 0.354283 0.072413 0.659091
v 0.393648 0.075895 0.636364
v 0.433013 0.078065 0.613636
v 0.472377 0.080358 0.590909
v 0.511742 0.085016 0.568182
v 0.551107 0.090752 0.545455
v 0.590472 0.091237 0.522727
v 0.629837 0.090621 0.500000
v 0.669201 0.089713 0.477273
v 0.708566 0.092425 0.454545
v 0.039365 0.102900 0.931818
v 0.078730 0.102481 0.909091
v 0.118094 0.101223 0.886364
v 0.157459 0.099335 0.863636
v 0.196824 0.099225 0.840909
v 0.236189 0.097457 0.818182
v 0.275553 0.096080 0.795455
v 0.314918 0.095682 0.772727
v 0.354283 0.094944 0.750000
v 0.393648 0.094440 0.727273
v 0.433013 0.094026 0.704545
v 0.472378 0.094090 0.681818
v 0.511742 0.094513 0.659091
v 0.551107 0.095209 0.636364
v 0.590472 0.095828 0.613636
v 0.629837 0.095845 0.590909
v 0.669201 0.096347 0.568182
v 0.708566 0.096379 0.545455
v 0.747931 0.097538 0.522727
v 0.787296 0.098617 0.500000
v -0.039365 0.085084 0.068182
v -0.039365 0.103124 0.159091
v -0.118094 0.095149 0.113636
v -0.039365 0.098019 0.250000
v -0.196824 0.107910 0.159091
v -0.118094 0.103075 0.204545
v -0.039365 0.087633 0.340909
v -0.275554 0.103475 0.204545
v -0.196824 0.099071 0.250000
v -0.118094 0.087454 0.295455
v -0.039365 0.075947 0.431818
v -0.354283 0.107477 0.250000
v -0.275554 0.096847 0.295455
v -0.196824 0.086922 0.340909
v -0.118094 0.083432 0.386364
v -0.039365 0.078081 0.522727
v -0.433013 0.101198 0.295455
v -0.354283 0.098765 0.340909
v -0.275554 0.089130 0.386364
v -0.196824 0.083065 0.431818
v -0.118094 0.072852 0.477273
v -0.039365 0.076144 0.613636
v -0.511742 0.096827 0.340909
v -0.433013 0.099563 0.386364
v -0.354283 0.095169 0.431818
v -0.275554 0.080367 0.477273
v -0.196824 0.076426 0.522727
v -0.118094 0.073294 0.568182
v -0.039365 0.085346 0.704545
v -0.590472 0.088886 0.386364
v -0.511742 0.092241 0.431818
v -0.433013 0.095417 0.477273
v -0.354283 0.088196 0.522727
v -0.275554 0.077603 0.568182
v -0.196824 0.080024 0.613636
v -0.118094 0.077957 0.659091
v -0.039365 0.100207 0.795455
v -0.669201 0.089809 0.431818
v -0.590472 0.088318 0.477273
v -0.511742 0.083868 0.522727
v -0.433013 0.080113 0.568182
v -0.354283 0.080721 0.613636
v -0.275554 0.083038 0.659091
v -0.196824 0.087866 0.704545
v -0.118094 0.097472 0.750000
v -0.039365 0.104695 0.886364
v -0.747931 0.092577 0.477273
v -0.669201 0.090560 0.522727
v -0.590472 0.086986 0.568182
v -0.511742 0.085306 0.613636
v -0.433013 0.086184 0.659091
v -0.354283 0.091179 0.704545
v -0.275554 0.097087 0.750000
v -0.196824 0.101542 0.795455
v -0.118094 0.105174 0.840909
v -0.078730 0.090967 0.090909
v -0.039365 0.094437 0.113636
v -0.157459 0.100227 0.136364
v -0.118094 0.102704 0.159091
v -0.078730 0.105362 0.181818
v -0.039365 0.102425 0.204545
v -0.236189 0.107329 0.181818
v -0.196824 0.105922 0.204545
v -0.157459 0.098405 0.227273
v -0.118094 0.094410 0.250000
v -0.078730 0.093268 0.272727
v -0.039365 0.092009 0.295455
v -0.314918 0.102328 0.227273
v -0.275554 0.098841 0.250000
v -0.236189 0.096566 0.272727
v -0.196824 0.093199 0.295455
v -0.157459 0.085715 0.318182
v -0.118094 0.085476 0.340909
v -0.078730 0.086276 0.363636
v -0.039365 0.086707 0.386364
v -0.393648 0.107932 0.272727
v -0.354283 0.102619 0.295455
v -0.314918 0.097504 0.318182
v -0.275554 0.093934 0.340909
v -0.236189 0.087858 0.363636
v -0.196824 0.083607 0.386364
v -0.157459 0.080400 0.409091
v -0.118094 0.075251 0.431818
v -0.078730 0.074706 0.454545
v -0.039365 0.074675 0.477273
v -0.472378 0.099787 0.318182
v -0.433013 0.100823 0.340909
v -0.393648 0.101121 0.363636
v -0.354283 0.099492 0.386364
v -0.314918 0.093984 0.409091
v -0.275554 0.085507 0.431818
v -0.236189 0.082138 0.454545
v -0.196824 0.079285 0.477273
v -0.157459 0.075363 0.500000
v -0.118094 0.075259 0.522727
v -0.078730 0.074629 0.545455
v -0.039365 0.076245 0.568182
v -0.551107 0.091733 0.363636
v -0.511742 0.095295 0.386364
v -0.472378 0.098416 0.409091
v -0.433013 0.099563 0.431818
v -0.393648 0.096750 0.454545
v -0.354283 0.091153 0.477273
v -0.314918 0.082308 0.500000
v -0.275554 0.075665 0.522727
v -0.236189 0.074489 0.545455
v -0.196824 0.076571 0.568182
v -0.157459 0.079851 0.590909
v -0.118094 0.075763 0.613636
v -0.078730 0.075060 0.636364
v -0.039365 0.080058 0.659091
v -0.629837 0.086385 0.409091
v -0.590472 0.085756 0.431818
v -0.551107 0.088337 0.454545
v -0.511742 0.088112 0.477273
v -0.472378 0.088733 0.500000
v -0.433013 0.086803 0.522727
v -0.393648 0.085142 0.545455
v -0.354283 0.082726 0.568182
v -0.314918 0.081380 0.590909
v -0.275554 0.077923 0.613636
v -0.236189 0.079049 0.636364
v -0.196824 0.082139 0.659091
v -0.157459 0.085242 0.681818
v -0.118094 0.086776 0.704545
v -0.078730 0.089183 0.727273
v -0.039365 0.093458 0.750000
v -0.708566 0.088877 0.454545
v -0.669201 0.088433 0.477273
v -0.629837 0.088710 0.500000
v -0.590472 0.089388 0.522727
v -0.551107 0.082885 0.545455
v -0.511742 0.081300 0.568182
v -0.472378 0.084148 0.590909
v -0.433013 0.080847 0.613636
v -0.393648 0.081825 0.636364
v -0.354283 0.085320 0.659091
v -0.314918 0.087827 0.681818
v -0.275554 0.090791 0.704545
v -0.236189 0.093899 0.727273
v -0.196824 0.096741 0.750000
v -0.157459 0.101282 0.772727
v -0.118094 0.100020 0.795455
v -0.078730 0.102101 0.818182
v -0.039365 0.103452 0.840909
v -0.787296 0.098122 0.500000
v -0.747931 0.097718 0.522727
v -0.708566 0.097316 0.545455
v -0.669201 0.097127 0.568182
v -0.629837 0.096181 0.590909
v -0.590472 0.095101 0.613636
v -0.551107 0.094469 0.636364
v -0.511742 0.094291 0.659091
v -0.472378 0.094147 0.681818
v -0.433013 0.095952 0.704545
v -0.393648 0.096426 0.727273
v -0.354283 0.096402 0.750000
v -0.314918 0.098180 0.772727
v -0.275553 0.099057 0.795455
v -0.236189 0.100538 0.818182
v -0.196824 0.101281 0.840909
v -0.157459 0.101742 0.863636
v -0.118094 0.101746 0.886364
v -0.078730 0.101449 0.909091
v -0.039365 0.102213 0.931818
v -0.078730 0.084547 0.000000
v -0.157459 0.092180 0.045455
v -0.157459 0.084317 -0.045455
v -0.236189 0.095469 0.090909
v -0.236189 0.087114 -0.090909
v -0.236189 0.092644 0.000000
v -0.314918 0.095452 0.136364
v -0.314918 0.087542 -0.136364
v -0.314918 0.093065 -0.045455
v -0.314918 0.085877 0.045455
v -0.393648 0.105794 0.181818
v -0.393648 0.080170 -0.181818
v -0.393648 0.081374 -0.090909
v -0.393648 0.086054 -0.000000
v -0.393648 0.088733 0.090909
v -0.472378 0.103317 0.227273
v -0.472378 0.079742 -0.227273
v -0.472378 0.074331 -0.136364
v -0.472378 0.081484 -0.045455
v -0.472378 0.077146 0.045455
v -0.472378 0.091175 0.136364
v -0.551107 0.092052 0.272727
v -0.551107 0.082112 -0.272727
v -0.551107 0.076634 -0.181818
v -0.551107 0.074081 -0.090909
v -0.551107 0.074021 0.000000
v -0.551107 0.077696 0.090909
v -0.551107 0.086188 0.181818
v -0.629837 0.091334 0.318182
v -0.629837 0.078398 -0.318182
v -0.629837 0.076378 -0.227273
v -0.629837 0.078800 -0.136364
v -0.629837 0.073060 -0.045455
v -0.629837 0.077481 0.045455
v -0.629837 0.079599 0.136364
v -0.629837 0.081798 0.227273
v -0.708566 0.086964 0.363636
v -0.708566 0.080861 -0.363636
v -0.708566 0.085176 -0.272727
v -0.708566 0.089887 -0.181818
v -0.708566 0.094395 -0.090909
v -0.708566 0.087508 0.000000
v -0.708566 0.082057 0.090909
v -0.708566 0.086336 0.181818
v -0.708566 0.081316 0.272727
v -0.787296 0.092623 0.409091
v -0.787296 0.087668 -0.409091
v -0.787296 0.091357 -0.318182
v -0.787296 0.097571 -0.227273
v -0.787296 0.102572 -0.136364
v -0.787296 0.102657 -0.045455
v -0.787296 0.093088 0.045455
v -0.787296 0.091793 0.136364
v -0.787296 0.090614 0.227273
v -0.787296 0.090068 0.318182
v -0.118094 0.082832 -0.022727
v -0.118094 0.088722 0.022727
v -0.196824 0.086594 -0.068182
v -0.196824 0.087575 -0.022727
v -0.196824 0.090221 0.022727
v -0.196824 0.093891 0.068182
v -0.275554 0.085951 -0.113636
v -0.275554 0.093239 -0.068182
v -0.275554 0.093809 -0.022727
v -0.275554 0.093203 0.022727
v -0.275554 0.089945 0.068182
v -0.275554 0.093471 0.113636
v -0.354283 0.083890 -0.159091
v -0.354283 0.085136 -0.113636
v -0.354283 0.088475 -0.068182
v -0.354283 0.088709 -0.022727
v -0.354283 0.088110 0.022727
v -0.354283 0.086392 0.068182
v -0.354283 0.092519 0.113636
v -0.354283 0.102593 0.159091
v -0.433013 0.078080 -0.204545
v -0.433013 0.075789 -0.159091
v -0.433013 0.079042 -0.113636
v -0.433013 0.083925 -0.068182
v -0.433013 0.082219 -0.022727
v -0.433013 0.078961 0.022727
v -0.433013 0.081639 0.068182
v -0.433013 0.091515 0.113636
v -0.433013 0.100791 0.159091
v -0.433013 0.106840 0.204545
v -0.511742 0.083711 -0.250000
v -0.511742 0.075935 -0.204545
v -0.511742 0.072191 -0.159091
v -0.511742 0.075992 -0.113636
v -0.511742 0.078928 -0.068182
v -0.511742 0.079621 -0.022727
v -0.511742 0.076167 0.022727
v -0.511742 0.075983 0.068182
v -0.511742 0.081286 0.113636
v -0.511742 0.090128 0.159091
v -0.511742 0.094712 0.204545
v -0.511742 0.095751 0.250000
v -0.590472 0.080060 -0.295455
v -0.590472 0.079751 -0.250000
v -0.590472 0.074535 -0.204545
v -0.590472 0.077185 -0.159091
v -0.590472 0.075016 -0.113636
v -0.590472 0.070396 -0.068182
v -0.590472 0.071453 -0.022727
v -0.590472 0.073773 0.022727
v -0.590472 0.079290 0.068182
v -0.590472 0.076419 0.113636
v -0.590472 0.079450 0.159091
v -0.590472 0.084788 0.204545
v -0.590472 0.088454 0.250000
v -0.590472 0.091998 0.295455
v -0.669201 0.081682 -0.340909
v -0.669201 0.083245 -0.295455
v -0.669201 0.083238 -0.250000
v -0.669201 0.082905 -0.204545
v -0.669201 0.082790 -0.159091
v -0.669201 0.086093 -0.113636
v -0.669201 0.081198 -0.068182
v -0.669201 0.077350 -0.022727
v -0.669201 0.079409 0.022727
v -0.669201 0.080448 0.068182
v -0.669201 0.080166 0.113636
v -0.669201 0.082744 0.159091
v -0.669201 0.081732 0.204545
v -0.669201 0.079706 0.250000
v -0.669201 0.085639 0.295455
v -0.669201 0.091260 0.340909
v -0.747931 0.082349 -0.386364
v -0.747931 0.086539 -0.340909
v -0.747931 0.089170 -0.295455
v -0.747931 0.090419 -0.250000
v -0.747931 0.092731 -0.204545
v -0.747931 0.095724 -0.159091
v -0.747931 0.100899 -0.113636
v -0.747931 0.099917 -0.068182
v -0.747931 0.096600 -0.022727
v -0.747931 0.093905 0.022727
v -0.747931 0.089250 0.068182
v -0.747931 0.088077 0.113636
v -0.747931 0.088607 0.159091
v -0.747931 0.088418 0.204545
v -0.747931 0.086194 0.250000
v -0.747931 0.086228 0.295455
v -0.747931 0.086929 0.340909
v -0.747931 0.089041 0.386364
v -0.826661 0.097041 -0.431818
v -0.826661 0.097344 -0.386364
v -0.826661 0.097986 -0.340909
v -0.826661 0.099272 -0.295455
v -0.826661 0.099931 -0.250000
v -0.826661 0.100252 -0.204545
v -0.826661 0.100864 -0.159091
v -0.826661 0.101626 -0.113636
v -0.826661 0.101900 -0.068182
v -0.826661 0.100999 -0.022727
v -0.826661 0.099764 0.022727
v -0.826661 0.098495 0.068182
v -0.826661 0.098429 0.113636
v -0.826661 0.098552 0.159091
v -0.826661 0.098173 0.204545
v -0.826661 0.097998 0.250000
v -0.826661 0.097805 0.295455
v -0.826661 0.097835 0.340909
v -0.826661 0.098454 0.386364
v -0.826661 0.098371 0.431818
v -0.039365 0.079162 -0.068182
v -0.118094 0.074551 -0.113636
v -0.039365 0.068450 -0.159091
v -0.196824 0.076794 -0.159091
v -0.039365 0.074969 -0.250000
v -0.118094 0.073013 -0.204545
v -0.275554 0.082117 -0.204545
v -0.039365 0.079359 -0.340909
v -0.118094 0.073287 -0.295455
v -0.196824 0.081392 -0.250000
v -0.354283 0.083245 -0.250000
v -0.039365 0.076514 -0.431818
v -0.118094 0.077762 -0.386364
v -0.196824 0.079029 -0.340909
v -0.275554 0.082302 -0.295455
v -0.433013 0.088486 -0.295455
v -0.039365 0.085066 -0.522727
v -0.118094 0.081320 -0.477273
v -0.196824 0.083997 -0.431818
v -0.275554 0.084465 -0.386364
v -0.354283 0.090778 -0.340909
v -0.511742 0.086071 -0.340909
v -0.039365 0.090552 -0.613636
v -0.118094 0.086354 -0.568182
v -0.196824 0.081810 -0.522727
v -0.275554 0.092091 -0.477273
v -0.354283 0.091694 -0.431818
v -0.433013 0.094670 -0.386364
v -0.590472 0.088718 -0.386364
v -0.039365 0.104121 -0.704545
v -0.118094 0.101836 -0.659091
v -0.196824 0.095294 -0.613636
v -0.275554 0.087156 -0.568182
v -0.354283 0.104264 -0.522727
v -0.433013 0.101252 -0.477273
v -0.511742 0.095893 -0.431818
v -0.669201 0.079141 -0.431818
v -0.039365 0.100139 -0.795455
v -0.118094 0.100648 -0.750000
v -0.196824 0.096855 -0.704545
v -0.275554 0.092746 -0.659091
v -0.354283 0.093724 -0.613636
v -0.433013 0.104455 -0.568182
v -0.511742 0.103761 -0.522727
v -0.590472 0.089419 -0.477273
v -0.747931 0.090894 -0.477273
v -0.039365 0.100836 -0.886364
v -0.118094 0.101912 -0.840909
v -0.196824 0.098744 -0.795455
v -0.275554 0.091621 -0.750000
v -0.354283 0.092869 -0.704545
v -0.433013 0.099510 -0.659091
v -0.511742 0.102545 -0.613636
v -0.590472 0.098044 -0.568182
v -0.669201 0.090309 -0.522727
v -0.039365 0.074016 -0.113636
v -0.078730 0.076559 -0.090909
v -0.039365 0.070625 -0.204545
v -0.078730 0.068799 -0.181818
v -0.118094 0.072994 -0.159091
v -0.157459 0.075075 -0.136364
v -0.039365 0.081237 -0.295455
v -0.078730 0.073155 -0.272727
v -0.118094 0.072791 -0.250000
v -0.157459 0.079116 -0.227273
v -0.196824 0.080807 -0.204545
v -0.236189 0.078655 -0.181818
v -0.039365 0.076454 -0.386364
v -0.078730 0.080725 -0.363636
v -0.118094 0.077153 -0.340909
v -0.157459 0.074722 -0.318182
v -0.196824 0.079284 -0.295455
v -0.236189 0.080400 -0.272727
v -0.275554 0.081074 -0.250000
v -0.314918 0.085645 -0.227273
v -0.039365 0.080671 -0.477273
v -0.078730 0.076084 -0.454545
v -0.118094 0.080288 -0.431818
v -0.157459 0.079442 -0.409091
v -0.196824 0.080456 -0.386364
v -0.236189 0.081519 -0.363636
v -0.275554 0.083079 -0.340909
v -0.314918 0.089050 -0.318182
v -0.354283 0.085448 -0.295455
v -0.393648 0.082573 -0.272727
v -0.039365 0.085560 -0.568182
v -0.078730 0.080503 -0.545455
v -0.118094 0.081594 -0.522727
v -0.157459 0.082627 -0.500000
v -0.196824 0.082333 -0.477273
v -0.236189 0.088033 -0.454545
v -0.275554 0.092090 -0.431818
v -0.314918 0.089130 -0.409091
v -0.354283 0.090687 -0.386364
v -0.393648 0.091385 -0.363636
v -0.433013 0.092806 -0.340909
v -0.472378 0.089868 -0.318182
v -0.039365 0.096400 -0.659091
v -0.078730 0.097072 -0.636364
v -0.118094 0.094102 -0.613636
v -0.157459 0.091854 -0.590909
v -0.196824 0.089408 -0.568182
v -0.236189 0.084414 -0.545455
v -0.275554 0.089448 -0.522727
v -0.314918 0.096575 -0.500000
v -0.354283 0.098084 -0.477273
v -0.393648 0.098925 -0.454545
v -0.433013 0.095188 -0.431818
v -0.472378 0.092996 -0.409091
v -0.511742 0.090835 -0.386364
v -0.551107 0.087309 -0.363636
v -0.039365 0.104580 -0.750000
v -0.078730 0.102802 -0.727273
v -0.118094 0.103715 -0.704545
v -0.157459 0.102523 -0.681818
v -0.196824 0.099892 -0.659091
v -0.236189 0.094494 -0.636364
v -0.275554 0.089758 -0.613636
v -0.314918 0.092405 -0.590909
v -0.354283 0.099640 -0.568182
v -0.393648 0.106235 -0.545455
v -0.433013 0.106322 -0.522727
v -0.472377 0.105664 -0.500000
v -0.511742 0.100806 -0.477273
v -0.551107 0.095675 -0.454545
v -0.590472 0.090161 -0.431818
v -0.629837 0.082694 -0.409091
v -0.039365 0.099804 -0.840909
v -0.078730 0.102617 -0.818182
v -0.118094 0.099241 -0.795455
v -0.157459 0.097620 -0.772727
v -0.196824 0.096235 -0.750000
v -0.236189 0.093023 -0.727273
v -0.275554 0.090597 -0.704545
v -0.314918 0.087519 -0.681818
v -0.354283 0.091504 -0.659091
v -0.393648 0.096127 -0.636364
v -0.433013 0.102508 -0.613636
v -0.472377 0.102919 -0.590909
v -0.511742 0.102347 -0.568182
v -0.551107 0.098024 -0.545455
v -0.590472 0.089931 -0.522727
v -0.629837 0.087016 -0.500000
v -0.669201 0.083798 -0.477273
v -0.708566 0.083774 -0.454545
v -0.039365 0.100282 -0.931818
v -0.078730 0.100056 -0.909091
v -0.118094 0.100119 -0.886364
v -0.157459 0.100097 -0.863636
v -0.196824 0.099882 -0.840909
v -0.236189 0.098968 -0.818182
v -0.275553 0.097835 -0.795455
v -0.314918 0.097318 -0.772727
v -0.354283 0.097332 -0.750000
v -0.393648 0.097785 -0.727273
v -0.433013 0.098416 -0.704545
v -0.472378 0.099901 -0.681818
v -0.511742 0.101158 -0.659091
v -0.551107 0.101318 -0.636364
v -0.590472 0.100571 -0.613636
v -0.629837 0.098722 -0.590909
v -0.669201 0.098291 -0.568182
v -0.708566 0.097128 -0.545455
v -0.747931 0.097681 -0.522727
v -0.787296 0.097971 -0.500000
v 0.039365 0.079062 -0.068182
v 0.039365 0.067260 -0.159091
v 0.118094 0.070163 -0.113636
v 0.039365 0.073159 -0.250000
v 0.196824 0.071854 -0.159091
v 0.118094 0.069579 -0.204545
v 0.039365 0.082754 -0.340909
v 0.275554 0.069087 -0.204545
v 0.196824 0.070349 -0.250000
v 0.118094 0.083684 -0.295455
v 0.039365 0.082098 -0.431818
v 0.354283 0.065282 -0.250000
v 0.275554 0.065954 -0.295455
v 0.196824 0.076216 -0.340909
v 0.118094 0.083154 -0.386364
v 0.039365 0.092775 -0.522727
v 0.433013 0.072874 -0.295455
v 0.354283 0.069308 -0.340909
v 0.275554 0.075133 -0.386364
v 0.196824 0.082204 -0.431818
v 0.118094 0.088099 -0.477273
v 0.039365 0.094668 -0.613636
v 0.511742 0.079393 -0.340909
v 0.433013 0.085388 -0.386364
v 0.354283 0.076004 -0.431818
v 0.275554 0.078764 -0.477273
v 0.196824 0.081626 -0.522727
v 0.118094 0.090604 -0.568182
v 0.039365 0.092993 -0.704545
v 0.590472 0.083419 -0.386364
v 0.511742 0.090069 -0.431818
v 0.433013 0.089976 -0.477273
v 0.354283 0.086271 -0.522727
v 0.275554 0.087288 -0.568182
v 0.196824 0.088822 -0.613636
v 0.118094 0.084874 -0.659091
v 0.039365 0.095629 -0.795455
v 0.669201 0.082920 -0.431818
v 0.590472 0.093505 -0.477273
v 0.511742 0.100336 -0.522727
v 0.433013 0.098048 -0.568182
v 0.354283 0.098902 -0.613636
v 0.275554 0.093949 -0.659091
v 0.196824 0.092283 -0.704545
v 0.118094 0.091707 -0.750000
v 0.039365 0.095360 -0.886364
v 0.747931 0.091877 -0.477273
v 0.669201 0.088617 -0.522727
v 0.590472 0.098094 -0.568182
v 0.511742 0.105968 -0.613636
v 0.433013 0.098949 -0.659091
v 0.354283 0.098301 -0.704545
v 0.275554 0.091883 -0.750000
v 0.196824 0.090825 -0.795455
v 0.118094 0.089906 -0.840909
v 0.078730 0.075134 -0.090909
v 0.039365 0.071491 -0.113636
v 0.157459 0.068657 -0.136364
v 0.118094 0.065869 -0.159091
v 0.078730 0.064518 -0.181818
v 0.039365 0.066568 -0.204545
v 0.236189 0.072671 -0.181818
v 0.196824 0.071657 -0.204545
v 0.157459 0.074464 -0.227273
v 0.118094 0.076980 -0.250000
v 0.078730 0.079462 -0.272727
v 0.039365 0.083250 -0.295455
v 0.314918 0.064646 -0.227273
v 0.275554 0.063729 -0.250000
v 0.236189 0.064828 -0.272727
v 0.196824 0.070892 -0.295455
v 0.157459 0.080524 -0.318182
v 0.118094 0.084796 -0.340909
v 0.078730 0.083714 -0.363636
v 0.039365 0.080070 -0.386364
v 0.393648 0.069395 -0.272727
v 0.354283 0.071399 -0.295455
v 0.314918 0.070161 -0.318182
v 0.275554 0.070654 -0.340909
v 0.236189 0.077284 -0.363636
v 0.196824 0.081162 -0.386364
v 0.157459 0.078448 -0.409091
v 0.118094 0.082062 -0.431818
v 0.078730 0.086041 -0.454545
v 0.039365 0.088035 -0.477273
v 0.472377 0.077486 -0.318182
v 0.433013 0.079769 -0.340909
v 0.393648 0.074619 -0.363636
v 0.354283 0.071262 -0.386364
v 0.314918 0.072159 -0.409091
v 0.275554 0.078945 -0.431818
v 0.236189 0.081872 -0.454545
v 0.196824 0.081454 -0.477273
v 0.157459 0.084698 -0.500000
v 0.118094 0.093170 -0.522727
v 0.078730 0.094072 -0.545455
v 0.039365 0.094844 -0.568182
v 0.551107 0.080823 -0.363636
v 0.511742 0.083411 -0.386364
v 0.472377 0.089324 -0.409091
v 0.433013 0.088210 -0.431818
v 0.393648 0.085553 -0.454545
v 0.354283 0.081345 -0.477273
v 0.314918 0.079535 -0.500000
v 0.275554 0.080070 -0.522727
v 0.236189 0.081895 -0.545455
v 0.196824 0.086576 -0.568182
v 0.157459 0.087825 -0.590909
v 0.118094 0.087460 -0.613636
v 0.078730 0.087524 -0.636364
v 0.039365 0.090073 -0.659091
v 0.629837 0.084898 -0.409091
v 0.590472 0.085297 -0.431818
v 0.551107 0.092713 -0.454545
v 0.511742 0.094926 -0.477273
v 0.472377 0.091974 -0.500000
v 0.433013 0.091253 -0.522727
v 0.393648 0.090150 -0.545455
v 0.354283 0.092482 -0.568182
v 0.314918 0.094688 -0.590909
v 0.275554 0.092544 -0.613636
v 0.236189 0.090271 -0.636364
v 0.196824 0.091427 -0.659091
v 0.157459 0.087508 -0.681818
v 0.118094 0.090590 -0.704545
v 0.078730 0.094098 -0.727273
v 0.039365 0.096135 -0.750000
v 0.708566 0.087562 -0.454545
v 0.669201 0.085286 -0.477273
v 0.629837 0.089521 -0.500000
v 0.590472 0.096460 -0.522727
v 0.551107 0.102511 -0.545455
v 0.511742 0.105721 -0.568182
v 0.472377 0.103429 -0.590909
v 0.433013 0.099706 -0.613636
v 0.393648 0.100880 -0.636364
v 0.354283 0.103202 -0.659091
v 0.314918 0.096534 -0.681818
v 0.275554 0.091704 -0.704545
v 0.236189 0.091670 -0.727273
v 0.196824 0.092439 -0.750000
v 0.157459 0.091820 -0.772727
v 0.118094 0.090044 -0.795455
v 0.078730 0.090817 -0.818182
v 0.039365 0.096151 -0.840909
v 0.787296 0.097045 -0.500000
v 0.747931 0.097059 -0.522727
v 0.708566 0.096763 -0.545455
v 0.669201 0.097130 -0.568182
v 0.629837 0.097720 -0.590909
v 0.590472 0.099586 -0.613636
v 0.551107 0.100736 -0.636364
v 0.511742 0.100618 -0.659091
v 0.472378 0.099252 -0.681818
v 0.433013 0.098512 -0.704545
v 0.393648 0.097932 -0.727273
v 0.354283 0.097501 -0.750000
v 0.314918 0.096241 -0.772727
v 0.275553 0.096378 -0.795455
v 0.236189 0.096183 -0.818182
v 0.196824 0.095793 -0.840909
v 0.157459 0.096450 -0.863636
v 0.118094 0.096370 -0.886364
v 0.078730 0.097251 -0.909091
v 0.039365 0.098187 -0.931818
v -0.019682 0.100000 -0.988636
v -0.866025 0.100000 -0.477273
v -0.846343 0.100000 0.511364
v 0.019682 0.100000 0.988636
v 0.866025 0.100000 0.477273
v 0.846343 0.100000 -0.511364
v 0.846343 0.099525 -0.488636
v -0.019682 0.082401 0.011364
v -0.019682 0.081901 -0.011364
v -0.000000 0.081683 -0.022727
v 0.019682 0.082380 0.011364
v 0.000000 0.082644 0.022727
v -0.806978 0.100000 -0.534091
v -0.728249 0.100000 -0.579545
v -0.649519 0.100000 -0.625000
v -0.570789 0.100000 -0.670455
v -0.492060 0.100000 -0.715909
v -0.413330 0.100000 -0.761364
v -0.334601 0.100000 -0.806818
v -0.255871 0.100000 -0.852273
v -0.177142 0.100000 -0.897727
v -0.098412 0.100000 -0.943182
v -0.866025 0.100000 0.431818
v -0.866025 0.100000 0.340909
v -0.866025 0.100000 0.250000
v -0.866025 0.100000 0.159091
v -0.866025 0.100000 0.068182
v -0.866025 0.100000 -0.022727
v -0.866025 0.100000 -0.113636
v -0.866025 0.100000 -0.204545
v -0.866025 0.100000 -0.295455
v -0.866025 0.100000 -0.386364
v -0.059047 0.100000 0.965909
v -0.137777 0.100000 0.920455
v -0.216506 0.100000 0.875000
v -0.295236 0.100000 0.829545
v -0.373966 0.100000 0.784091
v -0.452695 0.100000 0.738636
v -0.531425 0.100000 0.693182
v -0.610154 0.100000 0.647727
v -0.688884 0.100000 0.602273
v -0.767613 0.100000 0.556818
v 0.806978 0.100000 0.534091
v 0.728249 0.100000 0.579545
v 0.649519 0.100000 0.625000
v 0.570789 0.100000 0.670455
v 0.492060 0.100000 0.715909
v 0.413330 0.100000 0.761364
v 0.334601 0.100000 0.806818
v 0.255871 0.100000 0.852273
v 0.177142 0.100000 0.897727
v 0.098412 0.100000 0.943182
v 0.866025 0.100000 -0.431818
v 0.866025 0.100000 -0.340909
v 0.866025 0.100000 -0.250000
v 0.866025 0.100000 -0.159091
v 0.866025 0.100000 -0.068182
v 0.866025 0.100000 0.022727
v 0.866025 0.100000 0.113636
v 0.866025 0.100000 0.204545
v 0.866025 0.100000 0.295455
v 0.866025 0.100000 0.386364
v 0.059047 0.100000 -0.965909
v 0.137777 0.100000 -0.920455
v 0.216506 0.100000 -0.875000
v 0.295236 0.100000 -0.829545
v 0.373966 0.100000 -0.784091
v 0.452695 0.100000 -0.738636
v 0.531425 0.100000 -0.693182
v 0.610154 0.100000 -0.647727
v 0.688884 0.100000 -0.602273
v 0.767613 0.100000 -0.556818
v 0.059047 0.080751 -0.034091
v 0.137777 0.073801 -0.079545
v 0.216506 0.073842 -0.125000
v 0.295236 0.072320 -0.170455
v 0.373966 0.066299 -0.215909
v 0.452695 0.068350 -0.261364
v 0.531425 0.079014 -0.306818
v 0.610154 0.085348 -0.352273
v 0.688884 0.082293 -0.397727
v 0.767613 0.091373 -0.443182
v -0.806978 0.096049 0.465909
v -0.728249 0.091208 0.420455
v -0.649519 0.091878 0.375000
v -0.570789 0.093718 0.329545
v -0.492060 0.096163 0.284091
v -0.413330 0.109478 0.238636
v -0.334601 0.104284 0.193182
v -0.255871 0.101742 0.147727
v -0.177142 0.097327 0.102273
v -0.098412 0.090248 0.056818
v -0.806978 0.094191 -0.465909
v -0.728249 0.080608 -0.420455
v -0.649519 0.079233 -0.375000
v -0.570789 0.082603 -0.329545
v -0.492060 0.086727 -0.284091
v -0.413330 0.080562 -0.238636
v -0.334601 0.086557 -0.193182
v -0.255871 0.082271 -0.147727
v -0.177142 0.081852 -0.102273
v -0.098412 0.078454 -0.056818
v 0.000000 0.098111 -0.931818
v -0.000000 0.097646 -0.840909
v 0.000000 0.101130 -0.750000
v -0.000000 0.092395 -0.659091
v -0.000000 0.090601 -0.568182
v 0.000000 0.084645 -0.477273
v 0.000000 0.078808 -0.386364
v 0.000000 0.082998 -0.295455
v -0.000000 0.070084 -0.204545
v 0.000000 0.074144 -0.113636
v 0.806978 0.098396 0.465909
v 0.728249 0.098046 0.420455
v 0.649519 0.091819 0.375000
v 0.570789 0.096680 0.329545
v 0.492060 0.102904 0.284091
v 0.413330 0.102758 0.238636
v 0.334601 0.115157 0.193182
v 0.255871 0.107932 0.147727
v 0.177142 0.096793 0.102273
v 0.098412 0.086250 0.056818
v 0.000000 0.105710 0.931818
v 0.000000 0.104077 0.840909
v 0.000000 0.093528 0.750000
v -0.000000 0.082822 0.659091
v -0.000000 0.078150 0.568182
v 0.000000 0.079589 0.477273
v 0.000000 0.087806 0.386364
v 0.000000 0.094167 0.295455
v -0.000000 0.103516 0.204545
v 0.000000 0.095440 0.113636
v 0.806978 0.097925 0.443182
v 0.728249 0.097907 0.397727
v 0.806978 0.102219 0.352273
v 0.649519 0.092696 0.352273
v 0.806978 0.106205 0.261364
v 0.728249 0.101807 0.306818
v 0.570789 0.097565 0.306818
v 0.806978 0.104252 0.170455
v 0.728249 0.109918 0.215909
v 0.649519 0.106922 0.261364
v 0.492060 0.106883 0.261364
v 0.806978 0.104190 0.079545
v 0.728249 0.111850 0.125000
v 0.649519 0.113964 0.170455
v 0.570789 0.109642 0.215909
v 0.413330 0.105924 0.215909
v 0.806978 0.100206 -0.011364
v 0.728249 0.105376 0.034091
v 0.649519 0.103018 0.079545
v 0.570789 0.106553 0.125000
v 0.492060 0.107568 0.170455
v 0.334601 0.113381 0.170455
v 0.806978 0.099242 -0.102273
v 0.728249 0.097468 -0.056818
v 0.649519 0.096215 -0.011364
v 0.570789 0.095663 0.034091
v 0.492060 0.101591 0.079545
v 0.413330 0.102349 0.125000
v 0.255871 0.104117 0.125000
v 0.806978 0.099334 -0.193182
v 0.728249 0.092360 -0.147727
v 0.649519 0.092101 -0.102273
v 0.570789 0.095822 -0.056818
v 0.492060 0.091621 -0.011364
v 0.413330 0.092151 0.034091
v 0.334601 0.095235 0.079545
v 0.177142 0.092064 0.079545
v 0.806978 0.100996 -0.284091
v 0.728249 0.090377 -0.238636
v 0.649519 0.082956 -0.193182
v 0.570789 0.078575 -0.147727
v 0.492060 0.082989 -0.102273
v 0.413330 0.085645 -0.056818
v 0.334601 0.092169 -0.011364
v 0.255871 0.088736 0.034091
v 0.098412 0.084346 0.034091
v 0.806978 0.097713 -0.375000
v 0.728249 0.092056 -0.329545
v 0.649519 0.088807 -0.284091
v 0.570789 0.077392 -0.238636
v 0.492060 0.079507 -0.193182
v 0.413330 0.070687 -0.147727
v 0.334601 0.080381 -0.102273
v 0.255871 0.082007 -0.056818
v 0.177142 0.083788 -0.011364
v 0.806978 0.101314 0.375000
v 0.787296 0.101226 0.386364
v 0.806978 0.106598 0.284091
v 0.787296 0.108918 0.295455
v 0.728249 0.102516 0.329545
v 0.708566 0.098566 0.340909
v 0.806978 0.105181 0.193182
v 0.787296 0.108747 0.204545
v 0.728249 0.107411 0.238636
v 0.708566 0.107678 0.250000
v 0.649519 0.102712 0.284091
v 0.629837 0.098173 0.295455
v 0.806978 0.104918 0.102273
v 0.787296 0.108591 0.113636
v 0.728249 0.114654 0.147727
v 0.708566 0.113622 0.159091
v 0.649519 0.115932 0.193182
v 0.629837 0.117260 0.204545
v 0.570789 0.107491 0.238636
v 0.551107 0.104811 0.250000
v 0.806978 0.100679 0.011364
v 0.787296 0.101222 0.022727
v 0.728249 0.107709 0.056818
v 0.708566 0.108388 0.068182
v 0.649519 0.104489 0.102273
v 0.629837 0.104733 0.113636
v 0.570789 0.110494 0.147727
v 0.551107 0.110854 0.159091
v 0.492060 0.109602 0.193182
v 0.472378 0.108439 0.204545
v 0.806978 0.098750 -0.079545
v 0.787296 0.098340 -0.068182
v 0.728249 0.096081 -0.034091
v 0.708566 0.096275 -0.022727
v 0.649519 0.098619 0.011364
v 0.629837 0.097582 0.022727
v 0.570789 0.097216 0.056818
v 0.551107 0.098391 0.068182
v 0.492060 0.103808 0.102273
v 0.472378 0.103269 0.113636
v 0.413330 0.104077 0.147727
v 0.393648 0.108164 0.159091
v 0.806978 0.099741 -0.170455
v 0.787296 0.100154 -0.159091
v 0.728249 0.094524 -0.125000
v 0.708566 0.093884 -0.113636
v 0.649519 0.095312 -0.079545
v 0.629837 0.093673 -0.068182
v 0.570789 0.095130 -0.034091
v 0.551107 0.093554 -0.022727
v 0.492060 0.092555 0.011364
v 0.472378 0.092313 0.022727
v 0.413330 0.094745 0.056818
v 0.393648 0.094819 0.068182
v 0.334601 0.100394 0.102273
v 0.314918 0.102290 0.113636
v 0.806978 0.100208 -0.261364
v 0.787296 0.099326 -0.250000
v 0.728249 0.090969 -0.215909
v 0.708566 0.088329 -0.204545
v 0.649519 0.083709 -0.170455
v 0.629837 0.081029 -0.159091
v 0.570789 0.082582 -0.125000
v 0.551107 0.085881 -0.113636
v 0.492060 0.084802 -0.079545
v 0.472378 0.085111 -0.068182
v 0.413330 0.089861 -0.034091
v 0.393648 0.093043 -0.022727
v 0.334601 0.091962 0.011364
v 0.314918 0.093164 0.022727
v 0.255871 0.090681 0.056818
v 0.236189 0.091438 0.068182
v 0.806978 0.098443 -0.352273
v 0.787296 0.098173 -0.340909
v 0.728249 0.092954 -0.306818
v 0.708566 0.091849 -0.295455
v 0.649519 0.087390 -0.261364
v 0.629837 0.084584 -0.250000
v 0.570789 0.076145 -0.215909
v 0.551107 0.076269 -0.204545
v 0.492060 0.080585 -0.170455
v 0.472378 0.079516 -0.159091
v 0.413330 0.073810 -0.125000
v 0.393648 0.073599 -0.113636
v 0.334601 0.085132 -0.079545
v 0.314918 0.086300 -0.068182
v 0.255871 0.087003 -0.034091
v 0.236189 0.085040 -0.022727
v 0.177142 0.083942 0.011364
v 0.157459 0.087146 0.022727
v 0.806978 0.097358 -0.443182
v 0.787296 0.094404 -0.431818
v 0.728249 0.085318 -0.397727
v 0.708566 0.084416 -0.386364
v 0.649519 0.087601 -0.352273
v 0.629837 0.085439 -0.340909
v 0.570789 0.081234 -0.306818
v 0.551107 0.079493 -0.295455
v 0.492060 0.075320 -0.261364
v 0.472377 0.072721 -0.250000
v 0.413330 0.067318 -0.215909
v 0.393648 0.066413 -0.204545
v 0.334601 0.069119 -0.170455
v 0.314918 0.072623 -0.159091
v 0.255871 0.073558 -0.125000
v 0.236189 0.074458 -0.113636
v 0.177142 0.075576 -0.079545
v 0.157459 0.077531 -0.068182
v 0.098412 0.078409 -0.034091
v 0.078730 0.079083 -0.022727
v 0.059047 0.084306 0.056818
v 0.137777 0.095311 0.102273
v 0.059047 0.101385 0.147727
v 0.216506 0.107671 0.147727
v 0.059047 0.103100 0.238636
v 0.137777 0.104962 0.193182
v 0.295236 0.115163 0.193182
v 0.059047 0.098110 0.329545
v 0.137777 0.106801 0.284091
v 0.216506 0.103824 0.238636
v 0.373966 0.104802 0.238636
v 0.059047 0.088777 0.420455
v 0.137777 0.091051 0.375000
v 0.216506 0.097649 0.329545
v 0.295236 0.104440 0.284091
v 0.452695 0.101892 0.284091
v 0.059047 0.082978 0.511364
v 0.137777 0.089826 0.465909
v 0.216506 0.092694 0.420455
v 0.295236 0.101664 0.375000
v 0.373966 0.095552 0.329545
v 0.531425 0.094013 0.329545
v 0.059047 0.075263 0.602273
v 0.137777 0.080784 0.556818
v 0.216506 0.087649 0.511364
v 0.295236 0.091392 0.465909
v 0.373966 0.093629 0.420455
v 0.452695 0.093980 0.375000
v 0.610154 0.095121 0.375000
v 0.059047 0.085314 0.693182
v 0.137777 0.074244 0.647727
v 0.216506 0.078047 0.602273
v 0.295236 0.072996 0.556818
v 0.373966 0.080824 0.511364
v 0.452695 0.088045 0.465909
v 0.531425 0.089439 0.420455
v 0.688884 0.092742 0.420455
v 0.059047 0.102148 0.784091
v 0.137777 0.090840 0.738636
v 0.216506 0.077264 0.693182
v 0.295236 0.073808 0.647727
v 0.373966 0.073829 0.602273
v 0.452695 0.084514 0.556818
v 0.531425 0.090998 0.511364
v 0.610154 0.089306 0.465909
v 0.767613 0.095186 0.465909
v 0.059047 0.106428 0.875000
v 0.137777 0.100060 0.829545
v 0.216506 0.091522 0.784091
v 0.295236 0.087820 0.738636
v 0.373966 0.081201 0.693182
v 0.452695 0.080838 0.647727
v 0.531425 0.086471 0.602273
v 0.610154 0.090932 0.556818
v 0.688884 0.089311 0.511364
v 0.059047 0.097351 0.125000
v 0.078730 0.096937 0.113636
v 0.059047 0.104437 0.215909
v 0.078730 0.102581 0.204545
v 0.137777 0.105695 0.170455
v 0.157459 0.106708 0.159091
v 0.059047 0.100422 0.306818
v 0.078730 0.103857 0.295455
v 0.137777 0.108007 0.261364
v 0.157459 0.107790 0.250000
v 0.216506 0.104653 0.215909
v 0.236189 0.107906 0.204545
v 0.059047 0.091358 0.397727
v 0.078730 0.093313 0.386364
v 0.137777 0.095378 0.352273
v 0.157459 0.095099 0.340909
v 0.216506 0.096982 0.306818
v 0.236189 0.099662 0.295455
v 0.295236 0.106683 0.261364
v 0.314918 0.108658 0.250000
v 0.059047 0.085459 0.488636
v 0.078730 0.085217 0.477273
v 0.137777 0.091568 0.443182
v 0.157459 0.092834 0.431818
v 0.216506 0.094731 0.397727
v 0.236189 0.097269 0.386364
v 0.295236 0.101500 0.352273
v 0.314918 0.101540 0.340909
v 0.373966 0.095294 0.306818
v 0.393648 0.095381 0.295455
v 0.059047 0.074867 0.579545
v 0.078730 0.078761 0.568182
v 0.137777 0.082244 0.534091
v 0.157459 0.083774 0.522727
v 0.216506 0.088159 0.488636
v 0.236189 0.089899 0.477273
v 0.295236 0.093501 0.443182
v 0.314918 0.096876 0.431818
v 0.373966 0.093298 0.397727
v 0.393648 0.091897 0.386364
v 0.452695 0.095847 0.352273
v 0.472378 0.096025 0.340909
v 0.059047 0.082014 0.670455
v 0.078730 0.075720 0.659091
v 0.137777 0.074081 0.625000
v 0.157459 0.076704 0.613636
v 0.216506 0.078162 0.579545
v 0.236189 0.076817 0.568182
v 0.295236 0.079504 0.534091
v 0.314918 0.081357 0.522727
v 0.373966 0.085150 0.488636
v 0.393648 0.084388 0.477273
v 0.452695 0.089587 0.443182
v 0.472378 0.089537 0.431818
v 0.531425 0.091507 0.397727
v 0.551107 0.093280 0.386364
v 0.059047 0.097459 0.761364
v 0.078730 0.095644 0.750000
v 0.137777 0.084457 0.715909
v 0.157459 0.079894 0.704545
v 0.216506 0.077750 0.670455
v 0.236189 0.078096 0.659091
v 0.295236 0.071011 0.625000
v 0.314918 0.070134 0.613636
v 0.373966 0.072696 0.579545
v 0.393648 0.075826 0.568182
v 0.452695 0.088295 0.534091
v 0.472377 0.088628 0.522727
v 0.531425 0.089744 0.488636
v 0.551107 0.090063 0.477273
v 0.610154 0.088219 0.443182
v 0.629837 0.088295 0.431818
v 0.059047 0.105790 0.852273
v 0.078730 0.104639 0.840909
v 0.137777 0.098640 0.806818
v 0.157459 0.097183 0.795455
v 0.216506 0.086189 0.761364
v 0.236189 0.084895 0.750000
v 0.295236 0.083549 0.715909
v 0.314918 0.081043 0.704545
v 0.373966 0.076207 0.670455
v 0.393648 0.076993 0.659091
v 0.452695 0.079687 0.625000
v 0.472377 0.080486 0.613636
v 0.531425 0.086730 0.579545
v 0.551107 0.088921 0.568182
v 0.610154 0.091471 0.534091
v 0.629837 0.091054 0.522727
v 0.688884 0.089290 0.488636
v 0.708566 0.091435 0.477273
v 0.059047 0.100838 0.943182
v 0.078730 0.100733 0.931818
v 0.137777 0.099931 0.897727
v 0.157459 0.099703 0.886364
v 0.216506 0.099326 0.852273
v 0.236189 0.099061 0.840909
v 0.295236 0.098412 0.806818
v 0.314918 0.098236 0.795455
v 0.373966 0.097992 0.761364
v 0.393648 0.097991 0.750000
v 0.452695 0.097799 0.715909
v 0.472378 0.097962 0.704545
v 0.531425 0.098162 0.670455
v 0.551107 0.098229 0.659091
v 0.610154 0.098337 0.625000
v 0.629837 0.098526 0.613636
v 0.688884 0.098795 0.579545
v 0.708566 0.098901 0.568182
v 0.767613 0.099260 0.534091
v 0.787296 0.099514 0.522727
v -0.019682 0.087465 0.079545
v -0.019682 0.102341 0.170455
v -0.098412 0.096483 0.125000
v -0.019682 0.098937 0.261364
v -0.177142 0.107862 0.170455
v -0.098412 0.102595 0.215909
v -0.019682 0.089014 0.352273
v -0.255871 0.103297 0.215909
v -0.177142 0.094193 0.261364
v -0.098412 0.087314 0.306818
v -0.019682 0.078939 0.443182
v -0.334601 0.104977 0.261364
v -0.255871 0.095695 0.306818
v -0.177142 0.084866 0.352273
v -0.098412 0.082462 0.397727
v -0.019682 0.079852 0.534091
v -0.413330 0.102189 0.306818
v -0.334601 0.098111 0.352273
v -0.255871 0.084413 0.397727
v -0.177142 0.080054 0.443182
v -0.098412 0.073007 0.488636
v -0.019682 0.077516 0.625000
v -0.492060 0.098030 0.352273
v -0.413330 0.098872 0.397727
v -0.334601 0.091468 0.443182
v -0.255871 0.079209 0.488636
v -0.177142 0.078130 0.534091
v -0.098412 0.073544 0.579545
v -0.019682 0.089160 0.715909
v -0.570789 0.086782 0.397727
v -0.492060 0.093781 0.443182
v -0.413330 0.093950 0.488636
v -0.334601 0.086258 0.534091
v -0.255871 0.074521 0.579545
v -0.177142 0.080964 0.625000
v -0.098412 0.078609 0.670455
v -0.019682 0.103889 0.806818
v -0.649519 0.087350 0.443182
v -0.570789 0.089137 0.488636
v -0.492060 0.082295 0.534091
v -0.413330 0.079570 0.579545
v -0.334601 0.079671 0.625000
v -0.255871 0.085774 0.670455
v -0.177142 0.091852 0.715909
v -0.098412 0.097611 0.761364
v -0.019682 0.104508 0.897727
v -0.728249 0.091649 0.488636
v -0.649519 0.091279 0.534091
v -0.570789 0.084655 0.579545
v -0.492060 0.085750 0.625000
v -0.413330 0.088299 0.670455
v -0.334601 0.091232 0.715909
v -0.255871 0.099367 0.761364
v -0.177142 0.102920 0.806818
v -0.098412 0.105502 0.852273
v -0.078730 0.093716 0.113636
v -0.059047 0.097291 0.125000
v -0.157459 0.102958 0.159091
v -0.137777 0.104501 0.170455
v -0.078730 0.103444 0.204545
v -0.059047 0.101207 0.215909
v -0.236189 0.106782 0.204545
v -0.216506 0.105460 0.215909
v -0.157459 0.094378 0.250000
v -0.137777 0.092147 0.261364
v -0.078730 0.089160 0.295455
v -0.059047 0.089363 0.306818
v -0.314918 0.102686 0.250000
v -0.295236 0.100011 0.261364
v -0.236189 0.094542 0.295455
v -0.216506 0.092018 0.306818
v -0.157459 0.086557 0.340909
v -0.137777 0.084415 0.352273
v -0.078730 0.083718 0.386364
v -0.059047 0.083488 0.397727
v -0.393648 0.102915 0.295455
v -0.373966 0.102090 0.306818
v -0.314918 0.097023 0.340909
v -0.295236 0.096378 0.352273
v -0.236189 0.083486 0.386364
v -0.216506 0.082623 0.397727
v -0.157459 0.077375 0.431818
v -0.137777 0.074648 0.443182
v -0.078730 0.073877 0.477273
v -0.059047 0.072425 0.488636
v -0.472378 0.099032 0.340909
v -0.452695 0.099525 0.352273
v -0.393648 0.099626 0.386364
v -0.373966 0.099585 0.397727
v -0.314918 0.090693 0.431818
v -0.295236 0.086491 0.443182
v -0.236189 0.079888 0.477273
v -0.216506 0.078550 0.488636
v -0.157459 0.076666 0.522727
v -0.137777 0.076406 0.534091
v -0.078730 0.073943 0.568182
v -0.059047 0.074307 0.579545
v -0.551107 0.090588 0.386364
v -0.531425 0.091157 0.397727
v -0.472378 0.096411 0.431818
v -0.452695 0.096463 0.443182
v -0.393648 0.094682 0.477273
v -0.373966 0.092723 0.488636
v -0.314918 0.083470 0.522727
v -0.295236 0.078865 0.534091
v -0.236189 0.076589 0.568182
v -0.216506 0.077942 0.579545
v -0.157459 0.081114 0.613636
v -0.137777 0.079950 0.625000
v -0.078730 0.076209 0.659091
v -0.059047 0.080421 0.670455
v -0.629837 0.084916 0.431818
v -0.610154 0.086209 0.443182
v -0.551107 0.088359 0.477273
v -0.531425 0.086306 0.488636
v -0.472378 0.084020 0.522727
v -0.452695 0.082780 0.534091
v -0.393648 0.079791 0.568182
v -0.373966 0.080492 0.579545
v -0.314918 0.079865 0.613636
v -0.295236 0.080421 0.625000
v -0.236189 0.083519 0.659091
v -0.216506 0.082707 0.670455
v -0.157459 0.090359 0.704545
v -0.137777 0.092714 0.715909
v -0.078730 0.093687 0.750000
v -0.059047 0.095769 0.761364
v -0.708566 0.090192 0.477273
v -0.688884 0.088948 0.488636
v -0.629837 0.088507 0.522727
v -0.610154 0.088846 0.534091
v -0.551107 0.082332 0.568182
v -0.531425 0.081568 0.579545
v -0.472378 0.084542 0.613636
v -0.452695 0.084970 0.625000
v -0.393648 0.085633 0.659091
v -0.373966 0.087374 0.670455
v -0.314918 0.090361 0.704545
v -0.295236 0.092135 0.715909
v -0.236189 0.096824 0.750000
v -0.216506 0.098655 0.761364
v -0.157459 0.101852 0.795455
v -0.137777 0.101722 0.806818
v -0.078730 0.105069 0.840909
v -0.059047 0.104623 0.852273
v -0.787296 0.099519 0.522727
v -0.767613 0.099459 0.534091
v -0.708566 0.099134 0.568182
v -0.688884 0.098924 0.579545
v -0.629837 0.098452 0.613636
v -0.610154 0.098307 0.625000
v -0.551107 0.097875 0.659091
v -0.531425 0.097756 0.670455
v -0.472378 0.097764 0.704545
v -0.452695 0.098050 0.715909
v -0.393648 0.098214 0.750000
v -0.373966 0.098295 0.761364
v -0.314918 0.098948 0.795455
v -0.295236 0.099219 0.806818
v -0.236189 0.099897 0.840909
v -0.216506 0.100107 0.852273
v -0.157459 0.100357 0.886364
v -0.137777 0.100299 0.897727
v -0.078730 0.100422 0.931818
v -0.059047 0.100487 0.943182
v -0.078730 0.086018 0.022727
v -0.157459 0.092886 0.068182
v -0.157459 0.085918 -0.022727
v -0.236189 0.097595 0.113636
v -0.236189 0.090239 -0.068182
v -0.236189 0.092820 0.022727
v -0.314918 0.098755 0.159091
v -0.314918 0.088977 -0.113636
v -0.314918 0.090691 -0.022727
v -0.314918 0.085341 0.068182
v -0.393648 0.106876 0.204545
v -0.393648 0.078888 -0.159091
v -0.393648 0.084379 -0.068182
v -0.393648 0.083599 0.022727
v -0.393648 0.091260 0.113636
v -0.472378 0.102116 0.250000
v -0.472378 0.076439 -0.204545
v -0.472378 0.076737 -0.113636
v -0.472378 0.081930 -0.022727
v -0.472378 0.076879 0.068182
v -0.472378 0.095671 0.159091
v -0.551107 0.093329 0.295455
v -0.551107 0.080956 -0.250000
v -0.551107 0.075310 -0.159091
v -0.551107 0.071850 -0.068182
v -0.551107 0.074921 0.022727
v -0.551107 0.076379 0.113636
v -0.551107 0.089583 0.204545
v -0.629837 0.093459 0.340909
v -0.629837 0.078978 -0.295455
v -0.629837 0.077749 -0.204545
v -0.629837 0.076732 -0.113636
v -0.629837 0.072177 -0.022727
v -0.629837 0.078147 0.068182
v -0.629837 0.080416 0.159091
v -0.629837 0.083409 0.250000
v -0.708566 0.089006 0.386364
v -0.708566 0.084378 -0.340909
v -0.708566 0.086247 -0.250000
v -0.708566 0.090987 -0.159091
v -0.708566 0.092125 -0.068182
v -0.708566 0.088290 0.022727
v -0.708566 0.083569 0.113636
v -0.708566 0.083572 0.204545
v -0.708566 0.083801 0.295455
v -0.787296 0.092436 0.431818
v -0.787296 0.088705 -0.386364
v -0.787296 0.094521 -0.295455
v -0.787296 0.098519 -0.204545
v -0.787296 0.103557 -0.113636
v -0.787296 0.099736 -0.022727
v -0.787296 0.091892 0.068182
v -0.787296 0.092715 0.159091
v -0.787296 0.090216 0.250000
v -0.787296 0.090813 0.340909
v -0.137777 0.086222 -0.011364
v -0.137777 0.088486 0.011364
v -0.216506 0.089305 -0.056818
v -0.216506 0.089838 -0.034091
v -0.216506 0.091193 0.034091
v -0.216506 0.091697 0.056818
v -0.295236 0.088800 -0.102273
v -0.295236 0.091130 -0.079545
v -0.295236 0.091473 -0.011364
v -0.295236 0.090998 0.011364
v -0.295236 0.087909 0.079545
v -0.295236 0.089154 0.102273
v -0.373966 0.080678 -0.147727
v -0.373966 0.082621 -0.125000
v -0.373966 0.089098 -0.056818
v -0.373966 0.089731 -0.034091
v -0.373966 0.085649 0.034091
v -0.373966 0.086241 0.056818
v -0.373966 0.094292 0.125000
v -0.373966 0.101100 0.147727
v -0.452695 0.074984 -0.193182
v -0.452695 0.073264 -0.170455
v -0.452695 0.080148 -0.102273
v -0.452695 0.081720 -0.079545
v -0.452695 0.081431 -0.011364
v -0.452695 0.078211 0.011364
v -0.452695 0.079696 0.079545
v -0.452695 0.084855 0.102273
v -0.452695 0.101595 0.170455
v -0.452695 0.105075 0.193182
v -0.531425 0.081884 -0.238636
v -0.531425 0.077835 -0.215909
v -0.531425 0.075325 -0.147727
v -0.531425 0.077195 -0.125000
v -0.531425 0.076623 -0.056818
v -0.531425 0.076323 -0.034091
v -0.531425 0.077362 0.034091
v -0.531425 0.076446 0.056818
v -0.531425 0.079810 0.125000
v -0.531425 0.084724 0.147727
v -0.531425 0.092150 0.215909
v -0.531425 0.093824 0.238636
v -0.610154 0.078416 -0.284091
v -0.610154 0.079864 -0.261364
v -0.610154 0.075103 -0.193182
v -0.610154 0.076993 -0.170455
v -0.610154 0.073833 -0.102273
v -0.610154 0.071914 -0.079545
v -0.610154 0.071618 -0.011364
v -0.610154 0.074199 0.011364
v -0.610154 0.078825 0.079545
v -0.610154 0.078083 0.102273
v -0.610154 0.080115 0.170455
v -0.610154 0.083438 0.193182
v -0.610154 0.086154 0.261364
v -0.610154 0.087760 0.284091
v -0.688884 0.082290 -0.329545
v -0.688884 0.084375 -0.306818
v -0.688884 0.085057 -0.238636
v -0.688884 0.087568 -0.215909
v -0.688884 0.089208 -0.147727
v -0.688884 0.089570 -0.125000
v -0.688884 0.085385 -0.056818
v -0.688884 0.082981 -0.034091
v -0.688884 0.083295 0.034091
v -0.688884 0.080441 0.056818
v -0.688884 0.081641 0.125000
v -0.688884 0.084045 0.147727
v -0.688884 0.080228 0.215909
v -0.688884 0.080413 0.238636
v -0.688884 0.084627 0.306818
v -0.688884 0.086941 0.329545
v -0.767613 0.085707 -0.375000
v -0.767613 0.087044 -0.352273
v -0.767613 0.092450 -0.284091
v -0.767613 0.093921 -0.261364
v -0.767613 0.096375 -0.193182
v -0.767613 0.097542 -0.170455
v -0.767613 0.103905 -0.102273
v -0.767613 0.102754 -0.079545
v -0.767613 0.097707 -0.011364
v -0.767613 0.095285 0.011364
v -0.767613 0.089653 0.079545
v -0.767613 0.089340 0.102273
v -0.767613 0.089395 0.170455
v -0.767613 0.088793 0.193182
v -0.767613 0.088121 0.261364
v -0.767613 0.087689 0.284091
v -0.767613 0.088125 0.352273
v -0.767613 0.090419 0.375000
v -0.846343 0.099257 -0.420455
v -0.846343 0.099316 -0.397727
v -0.846343 0.099592 -0.329545
v -0.846343 0.099723 -0.306818
v -0.846343 0.100071 -0.238636
v -0.846343 0.100122 -0.215909
v -0.846343 0.100375 -0.147727
v -0.846343 0.100472 -0.125000
v -0.846343 0.100634 -0.056818
v -0.846343 0.100499 -0.034091
v -0.846343 0.099859 0.034091
v -0.846343 0.099672 0.056818
v -0.846343 0.099673 0.125000
v -0.846343 0.099778 0.147727
v -0.846343 0.099555 0.215909
v -0.846343 0.099576 0.238636
v -0.846343 0.099410 0.306818
v -0.846343 0.099390 0.329545
v -0.846343 0.099657 0.397727
v -0.846343 0.099548 0.420455
v -0.059047 0.077285 -0.056818
v -0.137777 0.078070 -0.102273
v -0.059047 0.071003 -0.147727
v -0.216506 0.078823 -0.147727
v -0.059047 0.073869 -0.238636
v -0.137777 0.075576 -0.193182
v -0.295236 0.085835 -0.193182
v -0.059047 0.078949 -0.329545
v -0.137777 0.073678 -0.284091
v -0.216506 0.080512 -0.238636
v -0.373966 0.081906 -0.238636
v -0.059047 0.076986 -0.420455
v -0.137777 0.077035 -0.375000
v -0.216506 0.080225 -0.329545
v -0.295236 0.083478 -0.284091
v -0.452695 0.087914 -0.284091
v -0.059047 0.080923 -0.511364
v -0.137777 0.081474 -0.465909
v -0.216506 0.084597 -0.420455
v -0.295236 0.086128 -0.375000
v -0.373966 0.089493 -0.329545
v -0.531425 0.084687 -0.329545
v -0.059047 0.088144 -0.602273
v -0.137777 0.085991 -0.556818
v -0.216506 0.082654 -0.511364
v -0.295236 0.093110 -0.465909
v -0.373966 0.091901 -0.420455
v -0.452695 0.093965 -0.375000
v -0.610154 0.083043 -0.375000
v -0.059047 0.105258 -0.693182
v -0.137777 0.102081 -0.647727
v -0.216506 0.092343 -0.602273
v -0.295236 0.090490 -0.556818
v -0.373966 0.105291 -0.511364
v -0.452695 0.098293 -0.465909
v -0.531425 0.094247 -0.420455
v -0.688884 0.078343 -0.420455
v -0.059047 0.102570 -0.784091
v -0.137777 0.100186 -0.738636
v -0.216506 0.096835 -0.693182
v -0.295236 0.089651 -0.647727
v -0.373966 0.096346 -0.602273
v -0.452695 0.105460 -0.556818
v -0.531425 0.100375 -0.511364
v -0.610154 0.087868 -0.465909
v -0.767613 0.090995 -0.465909
v -0.059047 0.101811 -0.875000
v -0.137777 0.099969 -0.829545
v -0.216506 0.098175 -0.784091
v -0.295236 0.090335 -0.738636
v -0.373966 0.093588 -0.693182
v -0.452695 0.101941 -0.647727
v -0.531425 0.103782 -0.602273
v -0.610154 0.093576 -0.556818
v -0.688884 0.090974 -0.511364
v -0.059047 0.071429 -0.125000
v -0.078730 0.072025 -0.113636
v -0.059047 0.073064 -0.215909
v -0.078730 0.071037 -0.204545
v -0.137777 0.074352 -0.170455
v -0.157459 0.074399 -0.159091
v -0.059047 0.078690 -0.306818
v -0.078730 0.076075 -0.295455
v -0.137777 0.073432 -0.261364
v -0.157459 0.078645 -0.250000
v -0.216506 0.082004 -0.215909
v -0.236189 0.080114 -0.204545
v -0.059047 0.076914 -0.397727
v -0.078730 0.080220 -0.386364
v -0.137777 0.075427 -0.352273
v -0.157459 0.076056 -0.340909
v -0.216506 0.080875 -0.306818
v -0.236189 0.080218 -0.295455
v -0.295236 0.081566 -0.261364
v -0.314918 0.083254 -0.250000
v -0.059047 0.079866 -0.488636
v -0.078730 0.076984 -0.477273
v -0.137777 0.080387 -0.443182
v -0.157459 0.080679 -0.431818
v -0.216506 0.082798 -0.397727
v -0.236189 0.083116 -0.386364
v -0.295236 0.085420 -0.352273
v -0.314918 0.089745 -0.340909
v -0.373966 0.086933 -0.306818
v -0.393648 0.085999 -0.295455
v -0.059047 0.084307 -0.579545
v -0.078730 0.082692 -0.568182
v -0.137777 0.082124 -0.534091
v -0.157459 0.082373 -0.522727
v -0.216506 0.082373 -0.488636
v -0.236189 0.086564 -0.477273
v -0.295236 0.091064 -0.443182
v -0.314918 0.090487 -0.431818
v -0.373966 0.089308 -0.397727
v -0.393648 0.090250 -0.386364
v -0.452695 0.091533 -0.352273
v -0.472378 0.090312 -0.340909
v -0.059047 0.101842 -0.670455
v -0.078730 0.100258 -0.659091
v -0.137777 0.098111 -0.625000
v -0.157459 0.098115 -0.613636
v -0.216506 0.088002 -0.579545
v -0.236189 0.085968 -0.568182
v -0.295236 0.092358 -0.534091
v -0.314918 0.096687 -0.522727
v -0.373966 0.102994 -0.488636
v -0.393648 0.102257 -0.477273
v -0.452695 0.094909 -0.443182
v -0.472378 0.093445 -0.431818
v -0.531425 0.093178 -0.397727
v -0.551107 0.092398 -0.386364
v -0.059047 0.103704 -0.761364
v -0.078730 0.101868 -0.750000
v -0.137777 0.101698 -0.715909
v -0.157459 0.100261 -0.704545
v -0.216506 0.097567 -0.670455
v -0.236189 0.096137 -0.659091
v -0.295236 0.090636 -0.625000
v -0.314918 0.090919 -0.613636
v -0.373966 0.100433 -0.579545
v -0.393648 0.103303 -0.568182
v -0.452695 0.106690 -0.534091
v -0.472377 0.105699 -0.522727
v -0.531425 0.098436 -0.488636
v -0.551107 0.095004 -0.477273
v -0.610154 0.087221 -0.443182
v -0.629837 0.082742 -0.431818
v -0.059047 0.101527 -0.852273
v -0.078730 0.102109 -0.840909
v -0.137777 0.099370 -0.806818
v -0.157459 0.098380 -0.795455
v -0.216506 0.095475 -0.761364
v -0.236189 0.093780 -0.750000
v -0.295236 0.089414 -0.715909
v -0.314918 0.088946 -0.704545
v -0.373966 0.093950 -0.670455
v -0.393648 0.095889 -0.659091
v -0.452695 0.101915 -0.625000
v -0.472378 0.102675 -0.613636
v -0.531425 0.103012 -0.579545
v -0.551107 0.099644 -0.568182
v -0.610154 0.090470 -0.534091
v -0.629837 0.089361 -0.522727
v -0.688884 0.088107 -0.488636
v -0.708566 0.086939 -0.477273
v -0.059047 0.100060 -0.943182
v -0.078730 0.099971 -0.931818
v -0.137777 0.099781 -0.897727
v -0.157459 0.099833 -0.886364
v -0.216506 0.099727 -0.852273
v -0.236189 0.099635 -0.840909
v -0.295236 0.099165 -0.806818
v -0.314918 0.099062 -0.795455
v -0.373966 0.099002 -0.761364
v -0.393648 0.099096 -0.750000
v -0.452695 0.099383 -0.715909
v -0.472378 0.099690 -0.704545
v -0.531425 0.100285 -0.670455
v -0.551107 0.100431 -0.659091
v -0.610154 0.100000 -0.625000
v -0.629837 0.099806 -0.613636
v -0.688884 0.099348 -0.579545
v -0.708566 0.099128 -0.568182
v -0.767613 0.099234 -0.534091
v -0.787296 0.099365 -0.522727
v 0.019682 0.079144 -0.079545
v 0.019682 0.066991 -0.170455
v 0.098412 0.069285 -0.125000
v 0.019682 0.076203 -0.261364
v 0.177142 0.070957 -0.170455
v 0.098412 0.070225 -0.215909
v 0.019682 0.083038 -0.352273
v 0.255871 0.067777 -0.215909
v 0.177142 0.074546 -0.261364
v 0.098412 0.085106 -0.306818
v 0.019682 0.080543 -0.443182
v 0.334601 0.066369 -0.261364
v 0.255871 0.066635 -0.306818
v 0.177142 0.080450 -0.352273
v 0.098412 0.082696 -0.397727
v 0.019682 0.091450 -0.534091
v 0.413330 0.074557 -0.306818
v 0.334601 0.071114 -0.352273
v 0.255871 0.078670 -0.397727
v 0.177142 0.080654 -0.443182
v 0.098412 0.089907 -0.488636
v 0.019682 0.093654 -0.625000
v 0.492060 0.081469 -0.352273
v 0.413330 0.083322 -0.397727
v 0.334601 0.074670 -0.443182
v 0.255871 0.078888 -0.488636
v 0.177142 0.084155 -0.534091
v 0.098412 0.090081 -0.579545
v 0.019682 0.095472 -0.715909
v 0.570789 0.084553 -0.397727
v 0.492060 0.092261 -0.443182
v 0.413330 0.088362 -0.488636
v 0.334601 0.084985 -0.534091
v 0.255871 0.088608 -0.579545
v 0.177142 0.088810 -0.625000
v 0.098412 0.088598 -0.670455
v 0.019682 0.097437 -0.806818
v 0.649519 0.082195 -0.443182
v 0.570789 0.097459 -0.488636
v 0.492060 0.100921 -0.534091
v 0.413330 0.095583 -0.579545
v 0.334601 0.101144 -0.625000
v 0.255871 0.093128 -0.670455
v 0.177142 0.091321 -0.715909
v 0.098412 0.093973 -0.761364
v 0.019682 0.096580 -0.897727
v 0.728249 0.090874 -0.488636
v 0.649519 0.090420 -0.534091
v 0.570789 0.100585 -0.579545
v 0.492060 0.105181 -0.625000
v 0.413330 0.099951 -0.670455
v 0.334601 0.096324 -0.715909
v 0.255871 0.091268 -0.761364
v 0.177142 0.090827 -0.806818
v 0.098412 0.091204 -0.852273
v 0.078730 0.069659 -0.113636
v 0.059047 0.069797 -0.125000
v 0.157459 0.067068 -0.159091
v 0.137777 0.066399 -0.170455
v 0.078730 0.067060 -0.204545
v 0.059047 0.067930 -0.215909
v 0.236189 0.070520 -0.204545
v 0.216506 0.070947 -0.215909
v 0.157459 0.076438 -0.250000
v 0.137777 0.079445 -0.261364
v 0.078730 0.082554 -0.295455
v 0.059047 0.084432 -0.306818
v 0.314918 0.065957 -0.250000
v 0.295236 0.065368 -0.261364
v 0.236189 0.064565 -0.295455
v 0.216506 0.069449 -0.306818
v 0.157459 0.082102 -0.340909
v 0.137777 0.083038 -0.352273
v 0.078730 0.081892 -0.386364
v 0.059047 0.081495 -0.397727
v 0.393648 0.072963 -0.295455
v 0.373966 0.072139 -0.306818
v 0.314918 0.070100 -0.340909
v 0.295236 0.070545 -0.352273
v 0.236189 0.079172 -0.386364
v 0.216506 0.081959 -0.397727
v 0.157459 0.077761 -0.431818
v 0.137777 0.080820 -0.443182
v 0.078730 0.088504 -0.477273
v 0.059047 0.090348 -0.488636
v 0.472377 0.081550 -0.340909
v 0.452695 0.083831 -0.352273
v 0.393648 0.077235 -0.386364
v 0.373966 0.073982 -0.397727
v 0.314918 0.074072 -0.431818
v 0.295236 0.075575 -0.443182
v 0.236189 0.080313 -0.477273
v 0.216506 0.081627 -0.488636
v 0.157459 0.087094 -0.522727
v 0.137777 0.091790 -0.534091
v 0.078730 0.092492 -0.568182
v 0.059047 0.093401 -0.579545
v 0.551107 0.082695 -0.386364
v 0.531425 0.084446 -0.397727
v 0.472377 0.089591 -0.431818
v 0.452695 0.089045 -0.443182
v 0.393648 0.088711 -0.477273
v 0.373966 0.086965 -0.488636
v 0.314918 0.080830 -0.522727
v 0.295236 0.081942 -0.534091
v 0.236189 0.084068 -0.568182
v 0.216506 0.086428 -0.579545
v 0.157459 0.087821 -0.613636
v 0.137777 0.085305 -0.625000
v 0.078730 0.088456 -0.659091
v 0.059047 0.090379 -0.670455
v 0.629837 0.082727 -0.431818
v 0.610154 0.085380 -0.443182
v 0.551107 0.096049 -0.477273
v 0.531425 0.097420 -0.488636
v 0.472377 0.095712 -0.522727
v 0.452695 0.093993 -0.534091
v 0.393648 0.090942 -0.568182
v 0.373966 0.093984 -0.579545
v 0.314918 0.099375 -0.613636
v 0.295236 0.096766 -0.625000
v 0.236189 0.092679 -0.659091
v 0.216506 0.092064 -0.670455
v 0.157459 0.090808 -0.704545
v 0.137777 0.090629 -0.715909
v 0.078730 0.094561 -0.750000
v 0.059047 0.094286 -0.761364
v 0.708566 0.089087 -0.477273
v 0.688884 0.086935 -0.488636
v 0.629837 0.091375 -0.522727
v 0.610154 0.095184 -0.534091
v 0.551107 0.103514 -0.568182
v 0.531425 0.106600 -0.579545
v 0.472378 0.103701 -0.613636
v 0.452695 0.102937 -0.625000
v 0.393648 0.101428 -0.659091
v 0.373966 0.101492 -0.670455
v 0.314918 0.095092 -0.704545
v 0.295236 0.092650 -0.715909
v 0.236189 0.091585 -0.750000
v 0.216506 0.091397 -0.761364
v 0.157459 0.091458 -0.795455
v 0.137777 0.091557 -0.806818
v 0.078730 0.091479 -0.840909
v 0.059047 0.092692 -0.852273
v 0.787296 0.099041 -0.522727
v 0.767613 0.099007 -0.534091
v 0.708566 0.098968 -0.568182
v 0.688884 0.098903 -0.579545
v 0.629837 0.099277 -0.613636
v 0.610154 0.099465 -0.625000
v 0.551107 0.099911 -0.659091
v 0.531425 0.099784 -0.670455
v 0.472378 0.099301 -0.704545
v 0.452695 0.099233 -0.715909
v 0.393648 0.098925 -0.750000
v 0.373966 0.098793 -0.761364
v 0.314918 0.098492 -0.795455
v 0.295236 0.098503 -0.806818
v 0.236189 0.098386 -0.840909
v 0.216506 0.098438 -0.852273
v 0.157459 0.098595 -0.886364
v 0.137777 0.098657 -0.897727
v 0.078730 0.099227 -0.931818
v 0.059047 0.099331 -0.943182
v -0.059047 0.100000 -0.965909
v -0.866025 0.100000 -0.431818
v -0.806978 0.100000 0.534091
v 0.059047 0.100000 0.965909
v 0.866025 0.100000 0.431818
v 0.806978 0.100000 -0.534091
v 0.806978 0.096216 -0.465909
v -0.059047 0.083993 0.034091
v -0.059047 0.078963 -0.034091
v -0.000000 0.080133 -0.068182
v 0.059047 0.083384 0.034091
v 0.000000 0.085433 0.068182
v -0.846343 0.100000 -0.511364
v -0.767613 0.100000 -0.556818
v -0.688884 0.100000 -0.602273
v -0.610154 0.100000 -0.647727
v -0.531425 0.100000 -0.693182
v -0.452695 0.100000 -0.738636
v -0.373966 0.100000 -0.784091
v -0.295236 0.100000 -0.829545
v -0.216506 0.100000 -0.875000
v -0.137777 0.100000 -0.920455
v -0.866025 0.100000 0.477273
v -0.866025 0.100000 0.386364
v -0.866025 0.100000 0.295455
v -0.866025 0.100000 0.204545
v -0.866025 0.100000 0.113636
v -0.866025 0.100000 0.022727
v -0.866025 0.100000 -0.068182
v -0.866025 0.100000 -0.159091
v -0.866025 0.100000 -0.250000
v -0.866025 0.100000 -0.340909
v -0.019682 0.100000 0.988636
v -0.098412 0.100000 0.943182
v -0.177142 0.100000 0.897727
v -0.255871 0.100000 0.852273
v -0.334601 0.100000 0.806818
v -0.413330 0.100000 0.761364
v -0.492060 0.100000 0.715909
v -0.570789 0.100000 0.670455
v -0.649519 0.100000 0.625000
v -0.728249 0.100000 0.579545
v 0.846343 0.100000 0.511364
v 0.767613 0.100000 0.556818
v 0.688884 0.100000 0.602273
v 0.610154 0.100000 0.647727
v 0.531425 0.100000 0.693182
v 0.452695 0.100000 0.738636
v 0.373966 0.100000 0.784091
v 0.295236 0.100000 0.829545
v 0.216506 0.100000 0.875000
v 0.137777 0.100000 0.920455
v 0.866025 0.100000 -0.477273
v 0.866025 0.100000 -0.386364
v 0.866025 0.100000 -0.295455
v 0.866025 0.100000 -0.204545
v 0.866025 0.100000 -0.113636
v 0.866025 0.100000 -0.022727
v 0.866025 0.100000 0.068182
v 0.866025 0.100000 0.159091
v 0.866025 0.100000 0.250000
v 0.866025 0.100000 0.340909
v 0.019682 0.100000 -0.988636
v 0.098412 0.100000 -0.943182
v 0.177142 0.100000 -0.897727
v 0.255871 0.100000 -0.852273
v 0.334601 0.100000 -0.806818
v 0.413330 0.100000 -0.761364
v 0.492060 0.100000 -0.715909
v 0.570789 0.100000 -0.670455
v 0.649519 0.100000 -0.625000
v 0.728249 0.100000 -0.579545
v 0.019682 0.081917 -0.011364
v 0.098412 0.078339 -0.056818
v 0.177142 0.072541 -0.102273
v 0.255871 0.073281 -0.147727
v 0.334601 0.065482 -0.193182
v 0.413330 0.065849 -0.238636
v 0.492060 0.075980 -0.284091
v 0.570789 0.081223 -0.329545
v 0.649519 0.086045 -0.375000
v 0.728249 0.086757 -0.420455
v -0.846343 0.099719 0.488636
v -0.767613 0.091438 0.443182
v -0.688884 0.090574 0.397727
v -0.610154 0.093437 0.352273
v -0.531425 0.094807 0.306818
v -0.452695 0.104490 0.261364
v -0.373966 0.107676 0.215909
v -0.295236 0.101785 0.170455
v -0.216506 0.102013 0.125000
v -0.137777 0.092208 0.079545
v -0.846343 0.099459 -0.488636
v -0.767613 0.087779 -0.443182
v -0.688884 0.077104 -0.397727
v -0.610154 0.078742 -0.352273
v -0.531425 0.084686 -0.306818
v -0.452695 0.085866 -0.261364
v -0.373966 0.081742 -0.215909
v -0.295236 0.085462 -0.170455
v -0.216506 0.081928 -0.125000
v -0.137777 0.079917 -0.079545
v 0.000000 0.099669 -0.977273
v 0.000000 0.097839 -0.886364
v -0.000000 0.099013 -0.795455
v -0.000000 0.097605 -0.704545
v -0.000000 0.093557 -0.613636
v -0.000000 0.089099 -0.522727
v 0.000000 0.077832 -0.431818
v 0.000000 0.080679 -0.340909
v -0.000000 0.076321 -0.250000
v -0.000000 0.068708 -0.159091
v 0.846343 0.099850 0.488636
v 0.767613 0.096395 0.443182
v 0.688884 0.094298 0.397727
v 0.610154 0.094334 0.352273
v 0.531425 0.096160 0.306818
v 0.452695 0.102312 0.261364
v 0.373966 0.107630 0.215909
v 0.295236 0.114087 0.170455
v 0.216506 0.103038 0.125000
v 0.137777 0.092192 0.079545
v 0.000000 0.101065 0.977273
v 0.000000 0.104757 0.886364
v 0.000000 0.102226 0.795455
v -0.000000 0.088041 0.704545
v -0.000000 0.075527 0.613636
v -0.000000 0.081208 0.522727
v 0.000000 0.080461 0.431818
v 0.000000 0.090878 0.340909
v -0.000000 0.102567 0.250000
v -0.000000 0.102962 0.159091
v 0.846343 0.099838 0.420455
v 0.767613 0.101944 0.375000
v 0.846343 0.100568 0.329545
v 0.688884 0.096321 0.329545
v 0.846343 0.100946 0.238636
v 0.767613 0.106891 0.284091
v 0.610154 0.100154 0.284091
v 0.846343 0.100577 0.147727
v 0.767613 0.110834 0.193182
v 0.688884 0.109987 0.238636
v 0.531425 0.106611 0.238636
v 0.846343 0.100430 0.056818
v 0.767613 0.110891 0.102273
v 0.688884 0.111689 0.147727
v 0.610154 0.114836 0.193182
v 0.452695 0.107418 0.193182
v 0.846343 0.099806 -0.034091
v 0.767613 0.098296 0.011364
v 0.688884 0.106579 0.056818
v 0.610154 0.103417 0.102273
v 0.531425 0.109306 0.147727
v 0.373966 0.110081 0.147727
v 0.846343 0.099598 -0.125000
v 0.767613 0.098023 -0.079545
v 0.688884 0.095690 -0.034091
v 0.610154 0.095438 0.011364
v 0.531425 0.097484 0.056818
v 0.452695 0.101558 0.102273
v 0.295236 0.101063 0.102273
v 0.846343 0.099577 -0.215909
v 0.767613 0.096678 -0.170455
v 0.688884 0.091424 -0.125000
v 0.610154 0.093912 -0.079545
v 0.531425 0.093860 -0.034091
v 0.452695 0.089838 0.011364
v 0.373966 0.092874 0.056818
v 0.216506 0.088168 0.056818
v 0.846343 0.100038 -0.306818
v 0.767613 0.096533 -0.261364
v 0.688884 0.087244 -0.215909
v 0.610154 0.078666 -0.170455
v 0.531425 0.084699 -0.125000
v 0.452695 0.082232 -0.079545
v 0.373966 0.091401 -0.034091
v 0.295236 0.093087 0.011364
v 0.137777 0.084768 0.011364
v 0.846343 0.099644 -0.397727
v 0.767613 0.095093 -0.352273
v 0.688884 0.089635 -0.306818
v 0.610154 0.082942 -0.261364
v 0.531425 0.076920 -0.215909
v 0.452695 0.077083 -0.170455
v 0.373966 0.073625 -0.125000
v 0.295236 0.083963 -0.079545
v 0.216506 0.080949 -0.034091
v 0.846343 0.099831 0.397727
v 0.787296 0.096109 0.431818
v 0.846343 0.100809 0.306818
v 0.787296 0.105560 0.340909
v 0.767613 0.104840 0.352273
v 0.708566 0.094928 0.386364
v 0.846343 0.100817 0.215909
v 0.787296 0.108599 0.250000
v 0.767613 0.106782 0.261364
v 0.708566 0.101078 0.295455
v 0.688884 0.098945 0.306818
v 0.629837 0.095143 0.340909
v 0.846343 0.100537 0.125000
v 0.787296 0.107757 0.159091
v 0.767613 0.110258 0.170455
v 0.708566 0.112888 0.204545
v 0.688884 0.112480 0.215909
v 0.629837 0.108471 0.250000
v 0.610154 0.104677 0.261364
v 0.551107 0.098207 0.295455
v 0.846343 0.100225 0.034091
v 0.787296 0.106302 0.068182
v 0.767613 0.109707 0.079545
v 0.708566 0.109718 0.113636
v 0.688884 0.110782 0.125000
v 0.629837 0.111955 0.159091
v 0.610154 0.114420 0.170455
v 0.551107 0.111317 0.204545
v 0.531425 0.110767 0.215909
v 0.472378 0.106726 0.250000
v 0.846343 0.099620 -0.056818
v 0.787296 0.098283 -0.022727
v 0.767613 0.097012 -0.011364
v 0.708566 0.102839 0.022727
v 0.688884 0.104460 0.034091
v 0.629837 0.099313 0.068182
v 0.610154 0.099532 0.079545
v 0.551107 0.106460 0.113636
v 0.531425 0.107918 0.125000
v 0.472378 0.107117 0.159091
v 0.452695 0.105837 0.170455
v 0.393648 0.108344 0.204545
v 0.846343 0.099596 -0.147727
v 0.787296 0.099421 -0.113636
v 0.767613 0.099036 -0.102273
v 0.708566 0.096491 -0.068182
v 0.688884 0.095692 -0.056818
v 0.629837 0.095832 -0.022727
v 0.610154 0.093820 -0.011364
v 0.551107 0.095761 0.022727
v 0.531425 0.096837 0.034091
v 0.472378 0.098519 0.068182
v 0.452695 0.098447 0.079545
v 0.393648 0.102255 0.113636
v 0.373966 0.104675 0.125000
v 0.314918 0.111718 0.159091
v 0.846343 0.099703 -0.238636
v 0.787296 0.097719 -0.204545
v 0.767613 0.095147 -0.193182
v 0.708566 0.089348 -0.159091
v 0.688884 0.088237 -0.147727
v 0.629837 0.088350 -0.113636
v 0.610154 0.089980 -0.102273
v 0.551107 0.092805 -0.068182
v 0.531425 0.092922 -0.056818
v 0.472378 0.089368 -0.022727
v 0.452695 0.091161 -0.011364
v 0.393648 0.091445 0.022727
v 0.373966 0.092444 0.034091
v 0.314918 0.093215 0.068182
v 0.295236 0.097036 0.079545
v 0.236189 0.101659 0.113636
v 0.846343 0.099970 -0.329545
v 0.787296 0.100788 -0.295455
v 0.767613 0.097497 -0.284091
v 0.708566 0.089356 -0.250000
v 0.688884 0.088968 -0.238636
v 0.629837 0.080072 -0.204545
v 0.610154 0.076727 -0.193182
v 0.551107 0.078153 -0.159091
v 0.531425 0.081815 -0.147727
v 0.472378 0.081618 -0.113636
v 0.452695 0.079731 -0.102273
v 0.393648 0.083410 -0.068182
v 0.373966 0.088383 -0.056818
v 0.314918 0.090858 -0.022727
v 0.295236 0.091539 -0.011364
v 0.236189 0.088023 0.022727
v 0.216506 0.086375 0.034091
v 0.157459 0.089858 0.068182
v 0.846343 0.099741 -0.420455
v 0.787296 0.095478 -0.386364
v 0.767613 0.093298 -0.375000
v 0.708566 0.088386 -0.340909
v 0.688884 0.088974 -0.329545
v 0.629837 0.087775 -0.295455
v 0.610154 0.084828 -0.284091
v 0.551107 0.078510 -0.250000
v 0.531425 0.077894 -0.238636
v 0.472377 0.075995 -0.204545
v 0.452695 0.075108 -0.193182
v 0.393648 0.069017 -0.159091
v 0.373966 0.072196 -0.147727
v 0.314918 0.080172 -0.113636
v 0.295236 0.078994 -0.102273
v 0.236189 0.078651 -0.068182
v 0.216506 0.078462 -0.056818
v 0.157459 0.084016 -0.022727
v 0.137777 0.083796 -0.011364
v 0.078730 0.083329 0.022727
v 0.019682 0.088883 0.079545
v 0.098412 0.099829 0.125000
v 0.019682 0.103711 0.170455
v 0.177142 0.106812 0.170455
v 0.019682 0.103819 0.261364
v 0.098412 0.101877 0.215909
v 0.255871 0.109993 0.215909
v 0.019682 0.090498 0.352273
v 0.098412 0.104192 0.306818
v 0.177142 0.106124 0.261364
v 0.334601 0.103993 0.261364
v 0.019682 0.082469 0.443182
v 0.098412 0.090544 0.397727
v 0.177142 0.091984 0.352273
v 0.255871 0.101346 0.306818
v 0.413330 0.096989 0.306818
v 0.019682 0.081555 0.534091
v 0.098412 0.085553 0.488636
v 0.177142 0.090935 0.443182
v 0.255871 0.097407 0.397727
v 0.334601 0.098073 0.352273
v 0.492060 0.095232 0.352273
v 0.019682 0.074175 0.625000
v 0.098412 0.078194 0.579545
v 0.177142 0.084770 0.534091
v 0.255871 0.090357 0.488636
v 0.334601 0.093133 0.443182
v 0.413330 0.092565 0.397727
v 0.570789 0.094488 0.397727
v 0.019682 0.088621 0.715909
v 0.098412 0.077282 0.670455
v 0.177142 0.079021 0.625000
v 0.255871 0.074520 0.579545
v 0.334601 0.077536 0.534091
v 0.413330 0.085508 0.488636
v 0.492060 0.090097 0.443182
v 0.649519 0.089660 0.443182
v 0.019682 0.102056 0.806818
v 0.098412 0.097592 0.761364
v 0.177142 0.081849 0.715909
v 0.255871 0.079119 0.670455
v 0.334601 0.071394 0.625000
v 0.413330 0.077663 0.579545
v 0.492060 0.088862 0.534091
v 0.570789 0.090441 0.488636
v 0.728249 0.093224 0.488636
v 0.019682 0.105977 0.897727
v 0.098412 0.104120 0.852273
v 0.177142 0.096638 0.806818
v 0.255871 0.086121 0.761364
v 0.334601 0.083646 0.715909
v 0.413330 0.079572 0.670455
v 0.492060 0.082749 0.625000
v 0.570789 0.090736 0.579545
v 0.649519 0.089737 0.534091
v 0.019682 0.093055 0.102273
v 0.078730 0.087361 0.068182
v 0.019682 0.105998 0.193182
v 0.078730 0.103857 0.159091
v 0.098412 0.104968 0.147727
v 0.157459 0.097291 0.113636
v 0.019682 0.098712 0.284091
v 0.078730 0.103547 0.250000
v 0.098412 0.103430 0.238636
v 0.157459 0.106168 0.204545
v 0.177142 0.105471 0.193182
v 0.236189 0.108813 0.159091
v 0.019682 0.091096 0.375000
v 0.078730 0.098878 0.340909
v 0.098412 0.100144 0.329545
v 0.157459 0.104647 0.295455
v 0.177142 0.103157 0.284091
v 0.236189 0.105730 0.250000
v 0.255871 0.109089 0.238636
v 0.314918 0.115304 0.204545
v 0.019682 0.081397 0.465909
v 0.078730 0.089872 0.431818
v 0.098412 0.091768 0.420455
v 0.157459 0.088976 0.386364
v 0.177142 0.091551 0.375000
v 0.236189 0.098506 0.340909
v 0.255871 0.099537 0.329545
v 0.314918 0.102197 0.295455
v 0.334601 0.102184 0.284091
v 0.393648 0.100127 0.250000
v 0.019682 0.079501 0.556818
v 0.078730 0.081680 0.522727
v 0.098412 0.082119 0.511364
v 0.157459 0.087978 0.477273
v 0.177142 0.090831 0.465909
v 0.236189 0.092614 0.431818
v 0.255871 0.094055 0.420455
v 0.314918 0.100387 0.386364
v 0.334601 0.098215 0.375000
v 0.393648 0.094717 0.340909
v 0.413330 0.096367 0.329545
v 0.472378 0.100902 0.295455
v 0.019682 0.079540 0.647727
v 0.078730 0.073772 0.613636
v 0.098412 0.075680 0.602273
v 0.157459 0.080714 0.568182
v 0.177142 0.082068 0.556818
v 0.236189 0.085401 0.522727
v 0.255871 0.085697 0.511364
v 0.314918 0.090837 0.477273
v 0.334601 0.090027 0.465909
v 0.393648 0.089129 0.431818
v 0.413330 0.090143 0.420455
v 0.472378 0.090249 0.386364
v 0.492060 0.091920 0.375000
v 0.551107 0.095718 0.340909
v 0.019682 0.092828 0.738636
v 0.078730 0.084490 0.704545
v 0.098412 0.081832 0.693182
v 0.157459 0.076422 0.659091
v 0.177142 0.076754 0.647727
v 0.236189 0.076529 0.613636
v 0.255871 0.074449 0.602273
v 0.314918 0.070303 0.568182
v 0.334601 0.073799 0.556818
v 0.393648 0.079712 0.522727
v 0.413330 0.083871 0.511364
v 0.472377 0.089568 0.477273
v 0.492060 0.089744 0.465909
v 0.551107 0.090981 0.431818
v 0.570789 0.090610 0.420455
v 0.629837 0.093414 0.386364
v 0.019682 0.102359 0.829545
v 0.078730 0.105214 0.795455
v 0.098412 0.101868 0.784091
v 0.157459 0.091039 0.750000
v 0.177142 0.085573 0.738636
v 0.236189 0.079958 0.704545
v 0.255871 0.081288 0.693182
v 0.314918 0.075069 0.659091
v 0.334601 0.072905 0.647727
v 0.393648 0.076600 0.613636
v 0.413330 0.076511 0.602273
v 0.472377 0.082362 0.568182
v 0.492060 0.084451 0.556818
v 0.551107 0.090326 0.522727
v 0.570789 0.090239 0.511364
v 0.629837 0.088825 0.477273
v 0.649519 0.088395 0.465909
v 0.708566 0.095215 0.431818
v 0.019682 0.105160 0.920455
v 0.078730 0.104746 0.886364
v 0.098412 0.102968 0.875000
v 0.157459 0.098973 0.840909
v 0.177142 0.098679 0.829545
v 0.236189 0.093774 0.795455
v 0.255871 0.091757 0.784091
v 0.314918 0.091564 0.750000
v 0.334601 0.091437 0.738636
v 0.393648 0.087953 0.704545
v 0.413330 0.087933 0.693182
v 0.472378 0.087528 0.659091
v 0.492060 0.088277 0.647727
v 0.551107 0.092000 0.613636
v 0.570789 0.092514 0.602273
v 0.629837 0.092954 0.568182
v 0.649519 0.093470 0.556818
v 0.708566 0.093278 0.522727
v 0.728249 0.094307 0.511364
v 0.787296 0.097513 0.477273
v -0.059047 0.085666 0.056818
v -0.059047 0.100689 0.147727
v -0.137777 0.094295 0.102273
v -0.059047 0.100251 0.238636
v -0.216506 0.105068 0.147727
v -0.137777 0.104244 0.193182
v -0.059047 0.089151 0.329545
v -0.295236 0.102552 0.193182
v -0.216506 0.101633 0.238636
v -0.137777 0.086765 0.284091
v -0.059047 0.078432 0.420455
v -0.373966 0.108324 0.238636
v -0.295236 0.098033 0.284091
v -0.216506 0.090828 0.329545
v -0.137777 0.084718 0.375000
v -0.059047 0.075323 0.511364
v -0.452695 0.100858 0.284091
v -0.373966 0.101187 0.329545
v -0.295236 0.094047 0.375000
v -0.216506 0.083166 0.420455
v -0.137777 0.074296 0.465909
v -0.059047 0.073923 0.602273
v -0.531425 0.094206 0.329545
v -0.452695 0.100608 0.375000
v -0.373966 0.099851 0.420455
v -0.295236 0.082891 0.465909
v -0.216506 0.076596 0.511364
v -0.137777 0.075901 0.556818
v -0.059047 0.083405 0.693182
v -0.610154 0.090062 0.375000
v -0.531425 0.090229 0.420455
v -0.452695 0.093983 0.465909
v -0.373966 0.089389 0.511364
v -0.295236 0.080293 0.556818
v -0.216506 0.077385 0.602273
v -0.137777 0.079855 0.647727
v -0.059047 0.097806 0.784091
v -0.688884 0.089746 0.420455
v -0.610154 0.087257 0.465909
v -0.531425 0.085241 0.511364
v -0.452695 0.082293 0.556818
v -0.373966 0.078720 0.602273
v -0.295236 0.081451 0.647727
v -0.216506 0.085926 0.693182
v -0.137777 0.098073 0.738636
v -0.059047 0.104458 0.875000
v -0.767613 0.093065 0.465909
v -0.688884 0.090781 0.511364
v -0.610154 0.088618 0.556818
v -0.531425 0.084115 0.602273
v -0.452695 0.086725 0.647727
v -0.373966 0.090224 0.693182
v -0.295236 0.094355 0.738636
v -0.216506 0.100944 0.784091
v -0.137777 0.103700 0.829545
v -0.078730 0.087995 0.068182
v -0.019682 0.092858 0.102273
v -0.157459 0.098398 0.113636
v -0.098412 0.101885 0.147727
v -0.078730 0.101987 0.159091
v -0.019682 0.101954 0.193182
v -0.236189 0.105820 0.159091
v -0.177142 0.107214 0.193182
v -0.157459 0.103145 0.204545
v -0.098412 0.099288 0.238636
v -0.078730 0.097815 0.250000
v -0.019682 0.094499 0.284091
v -0.314918 0.102259 0.204545
v -0.255871 0.099051 0.238636
v -0.236189 0.099080 0.250000
v -0.177142 0.091305 0.284091
v -0.157459 0.087163 0.295455
v -0.098412 0.085636 0.329545
v -0.078730 0.085355 0.340909
v -0.019682 0.087858 0.375000
v -0.393648 0.110217 0.250000
v -0.334601 0.101709 0.284091
v -0.314918 0.098104 0.295455
v -0.255871 0.092079 0.329545
v -0.236189 0.090484 0.340909
v -0.177142 0.083880 0.375000
v -0.157459 0.083402 0.386364
v -0.098412 0.076586 0.420455
v -0.078730 0.075058 0.431818
v -0.019682 0.077346 0.465909
v -0.472378 0.097831 0.295455
v -0.413330 0.101438 0.329545
v -0.393648 0.100409 0.340909
v -0.334601 0.099108 0.375000
v -0.314918 0.095425 0.386364
v -0.255871 0.085511 0.420455
v -0.236189 0.085587 0.431818
v -0.177142 0.078225 0.465909
v -0.157459 0.076657 0.477273
v -0.098412 0.074175 0.511364
v -0.078730 0.075429 0.522727
v -0.019682 0.079422 0.556818
v -0.551107 0.094505 0.340909
v -0.492060 0.097322 0.375000
v -0.472378 0.100050 0.386364
v -0.413330 0.100780 0.420455
v -0.393648 0.099653 0.431818
v -0.334601 0.089519 0.465909
v -0.314918 0.084686 0.477273
v -0.255871 0.076415 0.511364
v -0.236189 0.075195 0.522727
v -0.177142 0.077311 0.556818
v -0.157459 0.077074 0.568182
v -0.098412 0.073934 0.602273
v -0.078730 0.074843 0.613636
v -0.019682 0.080467 0.647727
v -0.629837 0.088128 0.386364
v -0.570789 0.086226 0.420455
v -0.551107 0.088870 0.431818
v -0.492060 0.091501 0.465909
v -0.472378 0.091519 0.477273
v -0.413330 0.090264 0.511364
v -0.393648 0.089268 0.522727
v -0.334601 0.084453 0.556818
v -0.314918 0.082148 0.568182
v -0.255871 0.076877 0.602273
v -0.236189 0.077390 0.613636
v -0.177142 0.081418 0.647727
v -0.157459 0.082572 0.659091
v -0.098412 0.082907 0.693182
v -0.078730 0.084971 0.704545
v -0.019682 0.091248 0.738636
v -0.708566 0.090781 0.431818
v -0.649519 0.088303 0.465909
v -0.629837 0.088451 0.477273
v -0.570789 0.087903 0.511364
v -0.551107 0.085556 0.522727
v -0.492060 0.081571 0.556818
v -0.472378 0.081684 0.568182
v -0.413330 0.078651 0.602273
v -0.393648 0.078369 0.613636
v -0.334601 0.083243 0.647727
v -0.314918 0.084809 0.659091
v -0.255871 0.089173 0.693182
v -0.236189 0.088932 0.704545
v -0.177142 0.095416 0.738636
v -0.157459 0.098825 0.750000
v -0.098412 0.098425 0.784091
v -0.078730 0.099754 0.795455
v -0.019682 0.103870 0.829545
v -0.787296 0.095943 0.477273
v -0.728249 0.094707 0.511364
v -0.708566 0.094626 0.522727
v -0.649519 0.093608 0.556818
v -0.629837 0.092524 0.568182
v -0.570789 0.089437 0.602273
v -0.551107 0.089609 0.613636
v -0.492060 0.089957 0.647727
v -0.472378 0.090453 0.659091
v -0.413330 0.093755 0.693182
v -0.393648 0.093669 0.704545
v -0.334601 0.094436 0.738636
v -0.314918 0.096105 0.750000
v -0.255871 0.099893 0.784091
v -0.236189 0.100221 0.795455
v -0.177142 0.102436 0.829545
v -0.157459 0.103337 0.840909
v -0.098412 0.103457 0.875000
v -0.078730 0.103478 0.886364
v -0.019682 0.104591 0.920455
v -0.078730 0.081697 -0.022727
v -0.157459 0.090786 0.022727
v -0.157459 0.083698 -0.068182
v -0.236189 0.091740 0.068182
v -0.236189 0.085454 -0.113636
v -0.236189 0.092477 -0.022727
v -0.314918 0.092348 0.113636
v -0.314918 0.086159 -0.159091
v -0.314918 0.091528 -0.068182
v -0.314918 0.089475 0.022727
v -0.393648 0.103070 0.159091
v -0.393648 0.081597 -0.204545
v -0.393648 0.079756 -0.113636
v -0.393648 0.088390 -0.022727
v -0.393648 0.084617 0.068182
v -0.472378 0.102035 0.204545
v -0.472378 0.083562 -0.250000
v -0.472378 0.072842 -0.159091
v -0.472378 0.082323 -0.068182
v -0.472378 0.076508 0.022727
v -0.472378 0.087225 0.113636
v -0.551107 0.092309 0.250000
v -0.551107 0.084072 -0.295455
v -0.551107 0.075788 -0.204545
v -0.551107 0.075093 -0.113636
v -0.551107 0.072411 -0.022727
v -0.551107 0.076800 0.068182
v -0.551107 0.083562 0.159091
v -0.629837 0.087142 0.295455
v -0.629837 0.077810 -0.340909
v -0.629837 0.078690 -0.250000
v -0.629837 0.079226 -0.159091
v -0.629837 0.073120 -0.068182
v -0.629837 0.075738 0.022727
v -0.629837 0.079705 0.113636
v -0.629837 0.080884 0.204545
v -0.708566 0.086988 0.340909
v -0.708566 0.079672 -0.386364
v -0.708566 0.086394 -0.295455
v -0.708566 0.088527 -0.204545
v -0.708566 0.093921 -0.113636
v -0.708566 0.088509 -0.022727
v -0.708566 0.084380 0.068182
v -0.708566 0.085171 0.159091
v -0.708566 0.081874 0.250000
v -0.787296 0.093406 0.386364
v -0.787296 0.088313 -0.431818
v -0.787296 0.089626 -0.340909
v -0.787296 0.098126 -0.250000
v -0.787296 0.100028 -0.159091
v -0.787296 0.104550 -0.068182
v -0.787296 0.096433 0.022727
v -0.787296 0.091185 0.113636
v -0.787296 0.091130 0.204545
v -0.787296 0.089539 0.295455
v -0.098412 0.081003 -0.034091
v -0.098412 0.090405 0.034091
v -0.177142 0.083223 -0.079545
v -0.177142 0.086632 -0.011364
v -0.177142 0.088060 0.011364
v -0.177142 0.094668 0.079545
v -0.255871 0.084791 -0.125000
v -0.255871 0.092977 -0.056818
v -0.255871 0.093820 -0.034091
v -0.255871 0.094519 0.034091
v -0.255871 0.091941 0.056818
v -0.255871 0.098701 0.125000
v -0.334601 0.087183 -0.170455
v -0.334601 0.087029 -0.102273
v -0.334601 0.088178 -0.079545
v -0.334601 0.089030 -0.011364
v -0.334601 0.087699 0.011364
v -0.334601 0.087615 0.079545
v -0.334601 0.091016 0.102273
v -0.334601 0.102204 0.170455
v -0.413330 0.079230 -0.215909
v -0.413330 0.078212 -0.147727
v -0.413330 0.077664 -0.125000
v -0.413330 0.085190 -0.056818
v -0.413330 0.085659 -0.034091
v -0.413330 0.081662 0.034091
v -0.413330 0.081788 0.056818
v -0.413330 0.093905 0.125000
v -0.413330 0.100253 0.147727
v -0.413330 0.109909 0.215909
v -0.492060 0.085142 -0.261364
v -0.492060 0.074165 -0.193182
v -0.492060 0.072200 -0.170455
v -0.492060 0.075550 -0.102273
v -0.492060 0.078903 -0.079545
v -0.492060 0.079943 -0.011364
v -0.492060 0.076332 0.011364
v -0.492060 0.077928 0.079545
v -0.492060 0.083170 0.102273
v -0.492060 0.096635 0.170455
v -0.492060 0.097171 0.193182
v -0.492060 0.098518 0.261364
v -0.570789 0.081668 -0.306818
v -0.570789 0.079336 -0.238636
v -0.570789 0.076677 -0.215909
v -0.570789 0.077324 -0.147727
v -0.570789 0.077615 -0.125000
v -0.570789 0.068192 -0.056818
v -0.570789 0.070263 -0.034091
v -0.570789 0.075982 0.034091
v -0.570789 0.076529 0.056818
v -0.570789 0.076887 0.125000
v -0.570789 0.079558 0.147727
v -0.570789 0.089082 0.215909
v -0.570789 0.089047 0.238636
v -0.570789 0.093667 0.306818
v -0.649519 0.078589 -0.352273
v -0.649519 0.080776 -0.284091
v -0.649519 0.080566 -0.261364
v -0.649519 0.079361 -0.193182
v -0.649519 0.079785 -0.170455
v -0.649519 0.080220 -0.102273
v -0.649519 0.077591 -0.079545
v -0.649519 0.073889 -0.011364
v -0.649519 0.077015 0.011364
v -0.649519 0.080011 0.079545
v -0.649519 0.079684 0.102273
v -0.649519 0.081032 0.170455
v -0.649519 0.080579 0.193182
v -0.649519 0.081865 0.261364
v -0.649519 0.083694 0.284091
v -0.649519 0.092616 0.352273
v -0.728249 0.080353 -0.397727
v -0.728249 0.087454 -0.329545
v -0.728249 0.087464 -0.306818
v -0.728249 0.088677 -0.238636
v -0.728249 0.088957 -0.215909
v -0.728249 0.093567 -0.147727
v -0.728249 0.095990 -0.125000
v -0.728249 0.095283 -0.056818
v -0.728249 0.092918 -0.034091
v -0.728249 0.090835 0.034091
v -0.728249 0.088482 0.056818
v -0.728249 0.085402 0.125000
v -0.728249 0.086806 0.147727
v -0.728249 0.086587 0.215909
v -0.728249 0.085787 0.238636
v -0.728249 0.084544 0.306818
v -0.728249 0.086739 0.329545
v -0.728249 0.088658 0.397727
v -0.806978 0.093760 -0.443182
v -0.806978 0.093858 -0.375000
v -0.806978 0.093907 -0.352273
v -0.806978 0.098880 -0.284091
v -0.806978 0.099299 -0.261364
v -0.806978 0.099811 -0.193182
v -0.806978 0.100226 -0.170455
v -0.806978 0.103028 -0.102273
v -0.806978 0.104223 -0.079545
v -0.806978 0.099895 -0.011364
v -0.806978 0.099119 0.011364
v -0.806978 0.095414 0.079545
v -0.806978 0.095505 0.102273
v -0.806978 0.096133 0.170455
v -0.806978 0.095353 0.193182
v -0.806978 0.094727 0.261364
v -0.806978 0.094025 0.284091
v -0.806978 0.095794 0.352273
v -0.806978 0.096160 0.375000
v -0.806978 0.095280 0.443182
v -0.019682 0.077425 -0.079545
v -0.098412 0.072089 -0.125000
v -0.019682 0.068211 -0.170455
v -0.177142 0.077177 -0.170455
v -0.019682 0.077597 -0.261364
v -0.098412 0.073269 -0.215909
v -0.255871 0.079769 -0.215909
v -0.019682 0.079477 -0.352273
v -0.098412 0.075046 -0.306818
v -0.177142 0.079492 -0.261364
v -0.334601 0.083651 -0.261364
v -0.019682 0.079642 -0.443182
v -0.098412 0.078493 -0.397727
v -0.177142 0.078500 -0.352273
v -0.255871 0.078683 -0.306818
v -0.413330 0.087962 -0.306818
v -0.019682 0.088001 -0.534091
v -0.098412 0.079024 -0.488636
v -0.177142 0.082297 -0.443182
v -0.255871 0.083945 -0.397727
v -0.334601 0.089672 -0.352273
v -0.492060 0.087404 -0.352273
v -0.019682 0.093087 -0.625000
v -0.098412 0.085907 -0.579545
v -0.177142 0.084131 -0.534091
v -0.255871 0.089199 -0.488636
v -0.334601 0.091996 -0.443182
v -0.413330 0.091367 -0.397727
v -0.570789 0.092438 -0.397727
v -0.019682 0.101426 -0.715909
v -0.098412 0.102226 -0.670455
v -0.177142 0.097989 -0.625000
v -0.255871 0.086193 -0.579545
v -0.334601 0.102676 -0.534091
v -0.413330 0.102652 -0.488636
v -0.492060 0.096736 -0.443182
v -0.649519 0.080645 -0.443182
v -0.019682 0.098683 -0.806818
v -0.098412 0.100794 -0.761364
v -0.177142 0.098932 -0.715909
v -0.255871 0.093611 -0.670455
v -0.334601 0.091770 -0.625000
v -0.413330 0.104441 -0.579545
v -0.492060 0.104392 -0.534091
v -0.570789 0.091202 -0.488636
v -0.728249 0.090981 -0.488636
v -0.019682 0.099839 -0.897727
v -0.098412 0.102293 -0.852273
v -0.177142 0.099566 -0.806818
v -0.255871 0.093257 -0.761364
v -0.334601 0.090657 -0.715909
v -0.413330 0.097526 -0.670455
v -0.492060 0.101358 -0.625000
v -0.570789 0.100056 -0.579545
v -0.649519 0.091473 -0.534091
v -0.019682 0.073214 -0.102273
v -0.078730 0.078023 -0.068182
v -0.019682 0.069504 -0.193182
v -0.078730 0.069941 -0.159091
v -0.098412 0.070653 -0.147727
v -0.157459 0.078224 -0.113636
v -0.019682 0.082017 -0.284091
v -0.078730 0.070790 -0.250000
v -0.098412 0.071426 -0.238636
v -0.157459 0.079948 -0.204545
v -0.177142 0.080936 -0.193182
v -0.236189 0.079250 -0.159091
v -0.019682 0.077262 -0.375000
v -0.078730 0.080766 -0.340909
v -0.098412 0.078893 -0.329545
v -0.157459 0.075611 -0.295455
v -0.177142 0.078172 -0.284091
v -0.236189 0.079364 -0.250000
v -0.255871 0.081209 -0.238636
v -0.314918 0.085988 -0.204545
v -0.019682 0.081765 -0.465909
v -0.078730 0.076582 -0.431818
v -0.098412 0.078260 -0.420455
v -0.157459 0.077856 -0.386364
v -0.177142 0.078284 -0.375000
v -0.236189 0.080254 -0.340909
v -0.255871 0.080969 -0.329545
v -0.314918 0.085702 -0.295455
v -0.334601 0.084881 -0.284091
v -0.393648 0.080599 -0.250000
v -0.019682 0.087628 -0.556818
v -0.078730 0.079095 -0.522727
v -0.098412 0.079219 -0.511364
v -0.157459 0.082332 -0.477273
v -0.177142 0.081192 -0.465909
v -0.236189 0.087026 -0.431818
v -0.255871 0.088687 -0.420455
v -0.314918 0.090556 -0.386364
v -0.334601 0.090234 -0.375000
v -0.393648 0.090623 -0.340909
v -0.413330 0.090225 -0.329545
v -0.472378 0.088963 -0.295455
v -0.019682 0.092730 -0.647727
v -0.078730 0.090438 -0.613636
v -0.098412 0.089392 -0.602273
v -0.157459 0.087837 -0.568182
v -0.177142 0.086794 -0.556818
v -0.236189 0.082482 -0.522727
v -0.255871 0.086287 -0.511364
v -0.314918 0.094127 -0.477273
v -0.334601 0.094748 -0.465909
v -0.393648 0.094964 -0.431818
v -0.413330 0.094780 -0.420455
v -0.472378 0.092025 -0.386364
v -0.492060 0.089942 -0.375000
v -0.551107 0.084331 -0.340909
v -0.019682 0.103000 -0.738636
v -0.078730 0.103958 -0.704545
v -0.098412 0.103774 -0.693182
v -0.157459 0.103228 -0.659091
v -0.177142 0.100808 -0.647727
v -0.236189 0.091230 -0.613636
v -0.255871 0.089598 -0.602273
v -0.314918 0.095891 -0.568182
v -0.334601 0.100101 -0.556818
v -0.393648 0.107098 -0.522727
v -0.413330 0.105336 -0.511364
v -0.472377 0.101755 -0.477273
v -0.492060 0.099591 -0.465909
v -0.551107 0.093680 -0.431818
v -0.570789 0.092215 -0.420455
v -0.629837 0.081925 -0.386364
v -0.019682 0.098623 -0.829545
v -0.078730 0.102178 -0.795455
v -0.098412 0.100382 -0.784091
v -0.157459 0.097758 -0.750000
v -0.177142 0.098311 -0.738636
v -0.236189 0.094324 -0.704545
v -0.255871 0.092621 -0.693182
v -0.314918 0.086904 -0.659091
v -0.334601 0.088831 -0.647727
v -0.393648 0.098148 -0.613636
v -0.413330 0.102425 -0.602273
v -0.472377 0.105263 -0.568182
v -0.492060 0.103050 -0.556818
v -0.551107 0.096816 -0.522727
v -0.570789 0.091677 -0.511364
v -0.629837 0.083838 -0.477273
v -0.649519 0.082400 -0.465909
v -0.708566 0.079805 -0.431818
v -0.019682 0.099586 -0.920455
v -0.078730 0.100870 -0.886364
v -0.098412 0.101104 -0.875000
v -0.157459 0.099921 -0.840909
v -0.177142 0.099773 -0.829545
v -0.236189 0.097303 -0.795455
v -0.255871 0.096263 -0.784091
v -0.314918 0.094189 -0.750000
v -0.334601 0.093709 -0.738636
v -0.393648 0.095883 -0.704545
v -0.413330 0.096868 -0.693182
v -0.472378 0.101407 -0.659091
v -0.492060 0.101360 -0.647727
v -0.551107 0.102072 -0.613636
v -0.570789 0.101050 -0.602273
v -0.629837 0.096012 -0.568182
v -0.649519 0.095518 -0.556818
v -0.708566 0.094485 -0.522727
v -0.728249 0.094173 -0.511364
v -0.787296 0.094863 -0.477273
v 0.059047 0.078295 -0.056818
v 0.059047 0.068748 -0.147727
v 0.137777 0.071845 -0.102273
v 0.059047 0.071217 -0.238636
v 0.216506 0.072177 -0.147727
v 0.137777 0.069501 -0.193182
v 0.059047 0.084071 -0.329545
v 0.295236 0.068510 -0.193182
v 0.216506 0.068531 -0.238636
v 0.137777 0.080814 -0.284091
v 0.059047 0.083881 -0.420455
v 0.373966 0.066129 -0.238636
v 0.295236 0.066263 -0.284091
v 0.216506 0.072599 -0.329545
v 0.137777 0.081983 -0.375000
v 0.059047 0.092394 -0.511364
v 0.452695 0.071664 -0.284091
v 0.373966 0.071584 -0.329545
v 0.295236 0.073038 -0.375000
v 0.216506 0.082459 -0.420455
v 0.137777 0.082964 -0.465909
v 0.059047 0.094171 -0.602273
v 0.531425 0.078929 -0.329545
v 0.452695 0.086225 -0.375000
v 0.373966 0.077230 -0.420455
v 0.295236 0.077250 -0.465909
v 0.216506 0.080888 -0.511364
v 0.137777 0.091526 -0.556818
v 0.059047 0.089839 -0.693182
v 0.610154 0.086097 -0.375000
v 0.531425 0.088541 -0.420455
v 0.452695 0.088436 -0.465909
v 0.373966 0.087033 -0.511364
v 0.295236 0.088025 -0.556818
v 0.216506 0.089222 -0.602273
v 0.137777 0.084631 -0.647727
v 0.059047 0.094947 -0.784091
v 0.688884 0.083214 -0.420455
v 0.610154 0.087383 -0.465909
v 0.531425 0.099265 -0.511364
v 0.452695 0.099096 -0.556818
v 0.373966 0.097592 -0.602273
v 0.295236 0.096215 -0.647727
v 0.216506 0.090633 -0.693182
v 0.137777 0.092607 -0.738636
v 0.059047 0.093354 -0.875000
v 0.767613 0.091755 -0.465909
v 0.688884 0.089697 -0.511364
v 0.610154 0.094770 -0.556818
v 0.531425 0.105641 -0.602273
v 0.452695 0.100890 -0.647727
v 0.373966 0.100572 -0.693182
v 0.295236 0.091876 -0.738636
v 0.216506 0.091945 -0.784091
v 0.137777 0.091155 -0.829545
v 0.078730 0.077060 -0.068182
v 0.019682 0.075335 -0.102273
v 0.157459 0.070602 -0.113636
v 0.098412 0.066299 -0.147727
v 0.078730 0.064998 -0.159091
v 0.019682 0.068351 -0.193182
v 0.236189 0.073949 -0.159091
v 0.177142 0.071602 -0.193182
v 0.157459 0.070685 -0.204545
v 0.098412 0.072905 -0.238636
v 0.078730 0.073353 -0.250000
v 0.019682 0.081464 -0.284091
v 0.314918 0.065623 -0.204545
v 0.255871 0.066059 -0.238636
v 0.236189 0.067180 -0.250000
v 0.177142 0.075255 -0.284091
v 0.157459 0.080407 -0.295455
v 0.098412 0.084820 -0.329545
v 0.078730 0.084821 -0.340909
v 0.019682 0.081190 -0.375000
v 0.393648 0.067391 -0.250000
v 0.334601 0.070446 -0.284091
v 0.314918 0.067854 -0.295455
v 0.255871 0.070441 -0.329545
v 0.236189 0.073075 -0.340909
v 0.177142 0.081356 -0.375000
v 0.157459 0.079064 -0.386364
v 0.098412 0.082810 -0.420455
v 0.078730 0.084819 -0.431818
v 0.019682 0.085523 -0.465909
v 0.472377 0.074580 -0.295455
v 0.413330 0.076452 -0.329545
v 0.393648 0.076272 -0.340909
v 0.334601 0.069583 -0.375000
v 0.314918 0.070046 -0.386364
v 0.255871 0.080273 -0.420455
v 0.236189 0.080807 -0.431818
v 0.177142 0.082226 -0.465909
v 0.157459 0.081533 -0.477273
v 0.098412 0.092437 -0.511364
v 0.078730 0.095758 -0.522727
v 0.019682 0.092744 -0.556818
v 0.551107 0.078991 -0.340909
v 0.492060 0.083928 -0.375000
v 0.472377 0.086014 -0.386364
v 0.413330 0.084304 -0.420455
v 0.393648 0.082344 -0.431818
v 0.334601 0.077214 -0.465909
v 0.314918 0.077731 -0.477273
v 0.255871 0.078503 -0.511364
v 0.236189 0.081229 -0.522727
v 0.177142 0.087619 -0.556818
v 0.157459 0.090441 -0.568182
v 0.098412 0.088354 -0.602273
v 0.078730 0.088906 -0.613636
v 0.019682 0.091525 -0.647727
v 0.629837 0.087337 -0.386364
v 0.570789 0.085153 -0.420455
v 0.551107 0.088692 -0.431818
v 0.492060 0.093810 -0.465909
v 0.472377 0.090724 -0.477273
v 0.413330 0.090058 -0.511364
v 0.393648 0.088952 -0.522727
v 0.334601 0.088877 -0.556818
v 0.314918 0.091831 -0.568182
v 0.255871 0.090707 -0.602273
v 0.236189 0.089947 -0.613636
v 0.177142 0.088528 -0.647727
v 0.157459 0.084786 -0.659091
v 0.098412 0.090298 -0.693182
v 0.078730 0.090922 -0.704545
v 0.019682 0.097668 -0.738636
v 0.708566 0.085842 -0.431818
v 0.649519 0.083768 -0.465909
v 0.629837 0.086291 -0.477273
v 0.570789 0.099448 -0.511364
v 0.551107 0.101356 -0.522727
v 0.492060 0.103327 -0.556818
v 0.472377 0.102347 -0.568182
v 0.413330 0.098585 -0.602273
v 0.393648 0.097629 -0.613636
v 0.334601 0.101994 -0.647727
v 0.314918 0.099540 -0.659091
v 0.255871 0.091695 -0.693182
v 0.236189 0.090554 -0.704545
v 0.177142 0.091564 -0.738636
v 0.157459 0.091309 -0.750000
v 0.098412 0.091059 -0.784091
v 0.078730 0.090904 -0.795455
v 0.019682 0.097667 -0.829545
v 0.787296 0.095217 -0.477273
v 0.728249 0.093986 -0.511364
v 0.708566 0.094008 -0.522727
v 0.649519 0.093920 -0.556818
v 0.629837 0.094901 -0.568182
v 0.570789 0.100912 -0.602273
v 0.551107 0.102580 -0.613636
v 0.492060 0.101255 -0.647727
v 0.472378 0.100241 -0.659091
v 0.413330 0.098241 -0.693182
v 0.393648 0.098143 -0.704545
v 0.334601 0.095627 -0.738636
v 0.314918 0.094470 -0.750000
v 0.255871 0.094063 -0.784091
v 0.236189 0.094088 -0.795455
v 0.177142 0.093689 -0.829545
v 0.157459 0.094440 -0.840909
v 0.098412 0.093528 -0.875000
v 0.078730 0.094582 -0.886364
v 0.019682 0.097420 -0.920455
v 0.019682 0.098476 -0.943182
v 0.039365 0.099395 -0.954545
v 0.019682 0.099444 -0.965909
v 0.039365 0.096918 -0.909091
v 0.059047 0.095992 -0.897727
v 0.059047 0.098030 -0.920455
v 0.098412 0.096781 -0.897727
v 0.118094 0.098732 -0.909091
v 0.098412 0.099017 -0.920455
v 0.118094 0.093203 -0.863636
v 0.137777 0.093915 -0.852273
v 0.137777 0.096171 -0.875000
v 0.177142 0.096078 -0.852273
v 0.196824 0.098432 -0.863636
v 0.177142 0.098428 -0.875000
v 0.196824 0.093303 -0.818182
v 0.216506 0.093237 -0.806818
v 0.216506 0.096066 -0.829545
v 0.255871 0.096430 -0.806818
v 0.275553 0.098494 -0.818182
v 0.255871 0.098451 -0.829545
v 0.275554 0.094194 -0.772727
v 0.295236 0.093569 -0.761364
v 0.295236 0.096327 -0.784091
v 0.334601 0.096710 -0.761364
v 0.354283 0.098705 -0.772727
v 0.334601 0.098544 -0.784091
v 0.354283 0.097375 -0.727273
v 0.373966 0.098016 -0.715909
v 0.373966 0.097936 -0.738636
v 0.413330 0.098385 -0.715909
v 0.433013 0.099085 -0.727273
v 0.413330 0.099014 -0.738636
v 0.433013 0.098449 -0.681818
v 0.452695 0.099118 -0.670455
v 0.452695 0.099003 -0.693182
v 0.492060 0.100016 -0.670455
v 0.511742 0.099620 -0.681818
v 0.492060 0.099485 -0.693182
v 0.511742 0.102503 -0.636364
v 0.531425 0.102744 -0.625000
v 0.531425 0.100999 -0.647727
v 0.570789 0.100152 -0.625000
v 0.590472 0.099673 -0.636364
v 0.570789 0.099807 -0.647727
v 0.590472 0.099140 -0.590909
v 0.610154 0.097391 -0.579545
v 0.610154 0.098976 -0.602273
v 0.649519 0.097181 -0.579545
v 0.669201 0.098931 -0.590909
v 0.649519 0.098967 -0.602273
v 0.669201 0.093239 -0.545455
v 0.688884 0.093154 -0.534091
v 0.688884 0.096884 -0.556818
v 0.728249 0.096970 -0.534091
v 0.747931 0.099045 -0.545455
v 0.728249 0.098958 -0.556818
v 0.747931 0.094554 -0.500000
v 0.767613 0.094012 -0.488636
v 0.767613 0.097106 -0.511364
v 0.019682 0.096848 -0.852273
v 0.039365 0.095132 -0.863636
v 0.019682 0.097060 -0.875000
v 0.039365 0.095884 -0.818182
v 0.059047 0.093684 -0.806818
v 0.059047 0.092525 -0.829545
v 0.098412 0.090270 -0.806818
v 0.118094 0.089794 -0.818182
v 0.098412 0.089452 -0.829545
v 0.118094 0.091444 -0.772727
v 0.137777 0.091431 -0.761364
v 0.137777 0.091595 -0.784091
v 0.177142 0.093119 -0.761364
v 0.196824 0.092255 -0.772727
v 0.177142 0.092147 -0.784091
v 0.196824 0.092651 -0.727273
v 0.216506 0.091400 -0.715909
v 0.216506 0.091757 -0.738636
v 0.255871 0.089695 -0.715909
v 0.275554 0.091684 -0.727273
v 0.255871 0.090570 -0.738636
v 0.275554 0.092053 -0.681818
v 0.295236 0.095714 -0.670455
v 0.295236 0.093584 -0.693182
v 0.334601 0.101398 -0.670455
v 0.354283 0.100245 -0.681818
v 0.334601 0.097331 -0.693182
v 0.354283 0.102025 -0.636364
v 0.373966 0.099993 -0.625000
v 0.373966 0.102639 -0.647727
v 0.413330 0.099235 -0.625000
v 0.433013 0.100662 -0.636364
v 0.413330 0.099987 -0.647727
v 0.433013 0.098396 -0.590909
v 0.452695 0.101244 -0.579545
v 0.452695 0.101620 -0.602273
v 0.492060 0.105548 -0.579545
v 0.511742 0.106318 -0.590909
v 0.492060 0.105420 -0.602273
v 0.511742 0.103154 -0.545455
v 0.531425 0.101684 -0.534091
v 0.531425 0.104714 -0.556818
v 0.570789 0.100264 -0.534091
v 0.590472 0.096599 -0.545455
v 0.570789 0.100033 -0.556818
v 0.590472 0.096184 -0.500000
v 0.610154 0.091933 -0.488636
v 0.610154 0.093701 -0.511364
v 0.649519 0.086547 -0.488636
v 0.669201 0.086052 -0.500000
v 0.649519 0.088082 -0.511364
v 0.669201 0.084374 -0.454545
v 0.688884 0.083988 -0.443182
v 0.688884 0.086405 -0.465909
v 0.019682 0.099355 -0.761364
v 0.039365 0.097457 -0.772727
v 0.019682 0.098960 -0.784091
v 0.039365 0.093883 -0.727273
v 0.059047 0.091820 -0.715909
v 0.059047 0.094313 -0.738636
v 0.098412 0.091828 -0.715909
v 0.118094 0.091451 -0.727273
v 0.098412 0.092379 -0.738636
v 0.118094 0.088871 -0.681818
v 0.137777 0.085768 -0.670455
v 0.137777 0.089290 -0.693182
v 0.177142 0.089669 -0.670455
v 0.196824 0.092636 -0.681818
v 0.177142 0.092382 -0.693182
v 0.196824 0.090451 -0.636364
v 0.216506 0.089952 -0.625000
v 0.216506 0.092024 -0.647727
v 0.255871 0.091944 -0.625000
v 0.275554 0.093981 -0.636364
v 0.255871 0.094020 -0.647727
v 0.275554 0.089783 -0.590909
v 0.295236 0.091011 -0.579545
v 0.295236 0.093294 -0.602273
v 0.334601 0.094322 -0.579545
v 0.354283 0.096624 -0.590909
v 0.334601 0.098782 -0.602273
v 0.354283 0.088837 -0.545455
v 0.373966 0.088260 -0.534091
v 0.373966 0.090388 -0.556818
v 0.413330 0.092061 -0.534091
v 0.433013 0.094883 -0.545455
v 0.413330 0.091836 -0.556818
v 0.433013 0.090892 -0.500000
v 0.452695 0.090390 -0.488636
v 0.452695 0.091813 -0.511364
v 0.492060 0.092437 -0.488636
v 0.511742 0.095227 -0.500000
v 0.492060 0.096756 -0.511364
v 0.511742 0.094229 -0.454545
v 0.531425 0.092380 -0.443182
v 0.531425 0.096060 -0.465909
v 0.570789 0.089699 -0.443182
v 0.590472 0.088152 -0.454545
v 0.570789 0.092247 -0.465909
v 0.590472 0.084482 -0.409091
v 0.610154 0.084790 -0.397727
v 0.610154 0.084570 -0.420455
v 0.019682 0.091173 -0.670455
v 0.039365 0.090761 -0.681818
v 0.019682 0.093478 -0.693182
v 0.039365 0.092430 -0.636364
v 0.059047 0.091207 -0.625000
v 0.059047 0.089654 -0.647727
v 0.098412 0.086974 -0.625000
v 0.118094 0.085816 -0.636364
v 0.098412 0.086166 -0.647727
v 0.118094 0.088951 -0.590909
v 0.137777 0.089365 -0.579545
v 0.137777 0.087938 -0.602273
v 0.177142 0.087715 -0.579545
v 0.196824 0.087612 -0.590909
v 0.177142 0.086787 -0.602273
v 0.196824 0.083350 -0.545455
v 0.216506 0.081575 -0.534091
v 0.216506 0.083036 -0.556818
v 0.255871 0.081232 -0.534091
v 0.275554 0.083028 -0.545455
v 0.255871 0.084522 -0.556818
v 0.275554 0.079772 -0.500000
v 0.295236 0.078744 -0.488636
v 0.295236 0.080871 -0.511364
v 0.334601 0.081276 -0.488636
v 0.354283 0.085883 -0.500000
v 0.334601 0.082212 -0.511364
v 0.354283 0.079341 -0.454545
v 0.373966 0.080483 -0.443182
v 0.373966 0.083252 -0.465909
v 0.413330 0.086821 -0.443182
v 0.433013 0.087845 -0.454545
v 0.413330 0.088410 -0.465909
v 0.433013 0.086071 -0.409091
v 0.452695 0.089125 -0.397727
v 0.452695 0.089414 -0.420455
v 0.492060 0.085865 -0.397727
v 0.511742 0.087859 -0.409091
v 0.492060 0.089915 -0.420455
v 0.511742 0.082373 -0.363636
v 0.531425 0.079163 -0.352273
v 0.531425 0.080863 -0.375000
v 0.019682 0.093748 -0.579545
v 0.039365 0.094201 -0.590909
v 0.019682 0.094335 -0.602273
v 0.039365 0.093999 -0.545455
v 0.059047 0.095103 -0.534091
v 0.059047 0.093922 -0.556818
v 0.098412 0.094684 -0.534091
v 0.118094 0.091087 -0.545455
v 0.098412 0.091661 -0.556818
v 0.118094 0.090029 -0.500000
v 0.137777 0.086290 -0.488636
v 0.137777 0.089237 -0.511364
v 0.177142 0.082265 -0.488636
v 0.196824 0.082470 -0.500000
v 0.177142 0.083532 -0.511364
v 0.196824 0.080348 -0.454545
v 0.216506 0.082464 -0.443182
v 0.216506 0.080749 -0.465909
v 0.255871 0.079527 -0.443182
v 0.275554 0.076766 -0.454545
v 0.255871 0.078951 -0.465909
v 0.275554 0.077780 -0.409091
v 0.295236 0.072889 -0.397727
v 0.295236 0.075891 -0.420455
v 0.334601 0.070449 -0.397727
v 0.354283 0.073043 -0.409091
v 0.334601 0.071615 -0.420455
v 0.354283 0.070559 -0.363636
v 0.373966 0.071326 -0.352273
v 0.373966 0.072886 -0.375000
v 0.413330 0.078387 -0.352273
v 0.433013 0.081924 -0.363636
v 0.413330 0.080727 -0.375000
v 0.433013 0.075616 -0.318182
v 0.452695 0.075612 -0.306818
v 0.452695 0.079763 -0.329545
v 0.019682 0.087688 -0.488636
v 0.039365 0.089226 -0.500000
v 0.019682 0.090678 -0.511364
v 0.039365 0.086576 -0.454545
v 0.059047 0.085409 -0.443182
v 0.059047 0.088396 -0.465909
v 0.098412 0.084265 -0.443182
v 0.118094 0.084380 -0.454545
v 0.098412 0.086047 -0.465909
v 0.118094 0.080654 -0.409091
v 0.137777 0.080280 -0.397727
v 0.137777 0.078844 -0.420455
v 0.177142 0.080696 -0.397727
v 0.196824 0.082305 -0.409091
v 0.177142 0.081127 -0.420455
v 0.196824 0.079833 -0.363636
v 0.216506 0.077481 -0.352273
v 0.216506 0.078655 -0.375000
v 0.255871 0.075794 -0.352273
v 0.275554 0.074564 -0.363636
v 0.255871 0.077405 -0.375000
v 0.275554 0.066522 -0.318182
v 0.295236 0.068231 -0.306818
v 0.295236 0.069830 -0.329545
v 0.334601 0.070941 -0.306818
v 0.354283 0.069461 -0.318182
v 0.334601 0.069687 -0.329545
v 0.354283 0.069537 -0.272727
v 0.373966 0.068593 -0.261364
v 0.373966 0.070614 -0.284091
v 0.019682 0.078100 -0.397727
v 0.039365 0.080554 -0.409091
v 0.019682 0.078066 -0.420455
v 0.039365 0.082167 -0.363636
v 0.059047 0.084395 -0.352273
v 0.059047 0.082858 -0.375000
v 0.098412 0.084958 -0.352273
v 0.118094 0.083867 -0.363636
v 0.098412 0.083593 -0.375000
v 0.118094 0.085632 -0.318182
v 0.137777 0.084371 -0.306818
v 0.137777 0.084300 -0.329545
v 0.177142 0.077392 -0.306818
v 0.196824 0.073160 -0.318182
v 0.177142 0.077217 -0.329545
v 0.196824 0.069941 -0.272727
v 0.216506 0.067960 -0.261364
v 0.216506 0.066480 -0.284091
v 0.255871 0.065516 -0.261364
v 0.275554 0.064054 -0.272727
v 0.255871 0.065238 -0.284091
v 0.275554 0.066571 -0.227273
v 0.295236 0.066679 -0.215909
v 0.295236 0.065038 -0.238636
v 0.019682 0.082046 -0.306818
v 0.039365 0.083754 -0.318182
v 0.019682 0.082587 -0.329545
v 0.039365 0.078720 -0.272727
v 0.059047 0.075842 -0.261364
v 0.059047 0.080064 -0.284091
v 0.098412 0.078153 -0.261364
v 0.118094 0.080195 -0.272727
v 0.098412 0.082686 -0.284091
v 0.118094 0.072396 -0.227273
v 0.137777 0.070982 -0.215909
v 0.137777 0.075227 -0.238636
v 0.177142 0.073869 -0.215909
v 0.196824 0.072155 -0.227273
v 0.177142 0.073242 -0.238636
v 0.196824 0.073293 -0.181818
v 0.216506 0.072850 -0.170455
v 0.216506 0.072371 -0.193182
v 0.019682 0.070840 -0.215909
v 0.039365 0.070789 -0.227273
v 0.019682 0.073480 -0.238636
v 0.039365 0.067017 -0.181818
v 0.059047 0.066164 -0.170455
v 0.059047 0.064513 -0.193182
v 0.098412 0.065182 -0.170455
v 0.118094 0.066424 -0.181818
v 0.098412 0.065297 -0.193182
v 0.118094 0.067498 -0.136364
v 0.137777 0.070308 -0.125000
v 0.137777 0.066056 -0.147727
v 0.019682 0.071478 -0.125000
v 0.039365 0.069993 -0.136364
v 0.019682 0.068834 -0.147727
v 0.039365 0.075603 -0.090909
v 0.059047 0.076886 -0.079545
v 0.059047 0.072217 -0.102273
v 0.728249 0.087278 -0.443182
v 0.747931 0.090549 -0.454545
v 0.728249 0.089568 -0.465909
v 0.649519 0.084794 -0.397727
v 0.669201 0.081758 -0.409091
v 0.649519 0.081116 -0.420455
v 0.570789 0.081341 -0.352273
v 0.590472 0.083996 -0.363636
v 0.570789 0.083177 -0.375000
v 0.492060 0.076773 -0.306818
v 0.511742 0.077731 -0.318182
v 0.492060 0.079200 -0.329545
v 0.413330 0.066121 -0.261364
v 0.433013 0.067815 -0.272727
v 0.413330 0.070929 -0.284091
v 0.334601 0.064230 -0.215909
v 0.354283 0.064459 -0.227273
v 0.334601 0.065546 -0.238636
v 0.255871 0.072877 -0.170455
v 0.275554 0.073167 -0.181818
v 0.255871 0.072094 -0.193182
v 0.177142 0.071309 -0.125000
v 0.196824 0.072165 -0.136364
v 0.177142 0.070522 -0.147727
v 0.098412 0.074766 -0.079545
v 0.118094 0.072121 -0.090909
v 0.098412 0.071586 -0.102273
v 0.019682 0.082491 -0.034091
v 0.039365 0.081152 -0.045455
v 0.019682 0.081627 -0.056818
v -0.806978 0.097704 -0.488636
v -0.806978 0.099427 -0.511364
v -0.826661 0.099427 -0.500000
v -0.767613 0.095459 -0.488636
v -0.747931 0.094835 -0.500000
v -0.767613 0.097807 -0.511364
v -0.728249 0.097294 -0.534091
v -0.728249 0.099045 -0.556818
v -0.747931 0.099089 -0.545455
v -0.688884 0.094434 -0.534091
v -0.669201 0.095389 -0.545455
v -0.688884 0.097502 -0.556818
v -0.649519 0.098541 -0.579545
v -0.649519 0.099700 -0.602273
v -0.669201 0.099613 -0.590909
v -0.610154 0.097989 -0.579545
v -0.590472 0.099913 -0.590909
v -0.610154 0.099524 -0.602273
v -0.570789 0.101043 -0.625000
v -0.570789 0.100300 -0.647727
v -0.590472 0.100228 -0.636364
v -0.531425 0.102466 -0.625000
v -0.511742 0.101762 -0.636364
v -0.531425 0.101254 -0.647727
v -0.492060 0.100761 -0.670455
v -0.492060 0.099967 -0.693182
v -0.511742 0.100198 -0.681818
v -0.452695 0.100088 -0.670455
v -0.433013 0.098178 -0.681818
v -0.452695 0.098756 -0.693182
v -0.413330 0.098205 -0.715909
v -0.413330 0.099171 -0.738636
v -0.433013 0.099332 -0.727273
v -0.373966 0.095849 -0.715909
v -0.354283 0.094791 -0.727273
v -0.373966 0.097745 -0.738636
v -0.334601 0.097249 -0.761364
v -0.334601 0.099047 -0.784091
v -0.354283 0.098989 -0.772727
v -0.295236 0.093879 -0.761364
v -0.275554 0.094705 -0.772727
v -0.295236 0.097376 -0.784091
v -0.255871 0.098417 -0.806818
v -0.255871 0.099494 -0.829545
v -0.275553 0.099259 -0.818182
v -0.216506 0.098704 -0.806818
v -0.196824 0.100057 -0.818182
v -0.216506 0.099343 -0.829545
v -0.177142 0.099867 -0.852273
v -0.177142 0.099933 -0.875000
v -0.196824 0.099917 -0.863636
v -0.137777 0.100219 -0.852273
v -0.118094 0.101019 -0.863636
v -0.137777 0.100067 -0.875000
v -0.098412 0.100139 -0.897727
v -0.098412 0.099858 -0.920455
v -0.118094 0.099829 -0.909091
v -0.059047 0.101126 -0.897727
v -0.039365 0.100448 -0.909091
v -0.059047 0.100510 -0.920455
v -0.728249 0.083018 -0.443182
v -0.728249 0.087387 -0.465909
v -0.747931 0.088017 -0.454545
v -0.688884 0.079896 -0.443182
v -0.669201 0.079814 -0.454545
v -0.688884 0.082920 -0.465909
v -0.649519 0.084820 -0.488636
v -0.649519 0.087572 -0.511364
v -0.669201 0.086828 -0.500000
v -0.610154 0.087156 -0.488636
v -0.590472 0.089318 -0.500000
v -0.610154 0.087886 -0.511364
v -0.570789 0.094217 -0.534091
v -0.570789 0.097024 -0.556818
v -0.590472 0.093466 -0.545455
v -0.531425 0.101404 -0.534091
v -0.511742 0.103006 -0.545455
v -0.531425 0.101000 -0.556818
v -0.492060 0.101661 -0.579545
v -0.492060 0.101095 -0.602273
v -0.511742 0.102310 -0.590909
v -0.452695 0.105419 -0.579545
v -0.433013 0.104729 -0.590909
v -0.452695 0.104227 -0.602273
v -0.413330 0.099849 -0.625000
v -0.413330 0.097734 -0.647727
v -0.433013 0.099730 -0.636364
v -0.373966 0.094749 -0.625000
v -0.354283 0.092526 -0.636364
v -0.373966 0.093141 -0.647727
v -0.334601 0.087892 -0.670455
v -0.334601 0.090078 -0.693182
v -0.354283 0.091094 -0.681818
v -0.295236 0.089003 -0.670455
v -0.275554 0.090885 -0.681818
v -0.295236 0.089926 -0.693182
v -0.255871 0.093162 -0.715909
v -0.255871 0.093049 -0.738636
v -0.275554 0.090275 -0.727273
v -0.216506 0.095089 -0.715909
v -0.196824 0.096406 -0.727273
v -0.216506 0.095302 -0.738636
v -0.177142 0.096234 -0.761364
v -0.177142 0.097403 -0.784091
v -0.196824 0.096544 -0.772727
v -0.137777 0.097813 -0.761364
v -0.118094 0.099598 -0.772727
v -0.137777 0.098062 -0.784091
v -0.098412 0.101773 -0.806818
v -0.098412 0.102580 -0.829545
v -0.118094 0.100503 -0.818182
v -0.059047 0.102173 -0.806818
v -0.039365 0.099522 -0.818182
v -0.059047 0.101182 -0.829545
v -0.649519 0.079948 -0.397727
v -0.649519 0.079720 -0.420455
v -0.669201 0.077866 -0.409091
v -0.610154 0.087156 -0.397727
v -0.590472 0.089896 -0.409091
v -0.610154 0.086441 -0.420455
v -0.570789 0.091784 -0.443182
v -0.570789 0.091773 -0.465909
v -0.590472 0.089274 -0.454545
v -0.531425 0.095917 -0.443182
v -0.511742 0.098696 -0.454545
v -0.531425 0.098561 -0.465909
v -0.492060 0.103359 -0.488636
v -0.492060 0.106140 -0.511364
v -0.511742 0.102869 -0.500000
v -0.452695 0.103069 -0.488636
v -0.433013 0.105141 -0.500000
v -0.452695 0.104543 -0.511364
v -0.413330 0.107770 -0.534091
v -0.413330 0.105198 -0.556818
v -0.433013 0.106768 -0.545455
v -0.373966 0.105985 -0.534091
v -0.354283 0.102578 -0.545455
v -0.373966 0.103386 -0.556818
v -0.334601 0.097687 -0.579545
v -0.334601 0.093558 -0.602273
v -0.354283 0.095751 -0.590909
v -0.295236 0.090160 -0.579545
v -0.275554 0.089378 -0.590909
v -0.295236 0.089405 -0.602273
v -0.255871 0.090747 -0.625000
v -0.255871 0.092583 -0.647727
v -0.275554 0.090468 -0.636364
v -0.216506 0.095375 -0.625000
v -0.196824 0.098058 -0.636364
v -0.216506 0.098168 -0.647727
v -0.177142 0.100067 -0.670455
v -0.177142 0.099435 -0.693182
v -0.196824 0.098354 -0.681818
v -0.137777 0.102181 -0.670455
v -0.118094 0.103394 -0.681818
v -0.137777 0.103557 -0.693182
v -0.098412 0.103142 -0.715909
v -0.098412 0.102158 -0.738636
v -0.118094 0.102917 -0.727273
v -0.059047 0.105645 -0.715909
v -0.039365 0.104356 -0.727273
v -0.059047 0.105337 -0.738636
v -0.570789 0.083821 -0.352273
v -0.570789 0.088704 -0.375000
v -0.590472 0.083003 -0.363636
v -0.531425 0.085661 -0.352273
v -0.511742 0.086805 -0.363636
v -0.531425 0.088650 -0.375000
v -0.492060 0.092040 -0.397727
v -0.492060 0.093430 -0.420455
v -0.511742 0.093150 -0.409091
v -0.452695 0.093752 -0.397727
v -0.433013 0.094943 -0.409091
v -0.452695 0.091988 -0.420455
v -0.413330 0.097351 -0.443182
v -0.413330 0.099706 -0.465909
v -0.433013 0.098869 -0.454545
v -0.373966 0.095495 -0.443182
v -0.354283 0.094913 -0.454545
v -0.373966 0.100550 -0.465909
v -0.334601 0.096940 -0.488636
v -0.334601 0.099352 -0.511364
v -0.354283 0.101851 -0.500000
v -0.295236 0.094819 -0.488636
v -0.275554 0.090258 -0.500000
v -0.295236 0.093512 -0.511364
v -0.255871 0.084580 -0.534091
v -0.255871 0.085711 -0.556818
v -0.275554 0.087457 -0.545455
v -0.216506 0.083957 -0.534091
v -0.196824 0.084089 -0.545455
v -0.216506 0.086077 -0.556818
v -0.177142 0.091747 -0.579545
v -0.177142 0.094315 -0.602273
v -0.196824 0.091635 -0.590909
v -0.137777 0.088489 -0.579545
v -0.118094 0.088643 -0.590909
v -0.137777 0.093258 -0.602273
v -0.098412 0.096558 -0.625000
v -0.098412 0.100892 -0.647727
v -0.118094 0.100466 -0.636364
v -0.059047 0.093757 -0.625000
v -0.039365 0.094520 -0.636364
v -0.059047 0.097715 -0.647727
v -0.492060 0.086360 -0.306818
v -0.492060 0.087375 -0.329545
v -0.511742 0.086472 -0.318182
v -0.452695 0.090253 -0.306818
v -0.433013 0.090312 -0.318182
v -0.452695 0.091379 -0.329545
v -0.413330 0.092844 -0.352273
v -0.413330 0.092301 -0.375000
v -0.433013 0.092913 -0.363636
v -0.373966 0.089358 -0.352273
v -0.354283 0.089851 -0.363636
v -0.373966 0.089682 -0.375000
v -0.334601 0.090291 -0.397727
v -0.334601 0.089322 -0.420455
v -0.354283 0.089270 -0.409091
v -0.295236 0.088913 -0.397727
v -0.275554 0.088816 -0.409091
v -0.295236 0.089735 -0.420455
v -0.255871 0.090507 -0.443182
v -0.255871 0.091282 -0.465909
v -0.275554 0.091982 -0.454545
v -0.216506 0.083802 -0.443182
v -0.196824 0.082302 -0.454545
v -0.216506 0.082705 -0.465909
v -0.177142 0.081796 -0.488636
v -0.177142 0.081810 -0.511364
v -0.196824 0.081153 -0.500000
v -0.137777 0.081318 -0.488636
v -0.118094 0.081085 -0.500000
v -0.137777 0.082376 -0.511364
v -0.098412 0.079280 -0.534091
v -0.098412 0.082880 -0.556818
v -0.118094 0.083389 -0.545455
v -0.059047 0.080925 -0.534091
v -0.039365 0.084032 -0.545455
v -0.059047 0.080508 -0.556818
v -0.413330 0.081162 -0.261364
v -0.413330 0.085213 -0.284091
v -0.433013 0.085452 -0.272727
v -0.373966 0.082221 -0.261364
v -0.354283 0.084849 -0.272727
v -0.373966 0.083529 -0.284091
v -0.334601 0.088416 -0.306818
v -0.334601 0.091327 -0.329545
v -0.354283 0.089794 -0.318182
v -0.295236 0.084934 -0.306818
v -0.275554 0.082087 -0.318182
v -0.295236 0.085711 -0.329545
v -0.255871 0.081777 -0.352273
v -0.255871 0.082882 -0.375000
v -0.275554 0.084011 -0.363636
v -0.216506 0.080075 -0.352273
v -0.196824 0.080177 -0.363636
v -0.216506 0.082030 -0.375000
v -0.177142 0.079795 -0.397727
v -0.177142 0.080712 -0.420455
v -0.196824 0.082728 -0.409091
v -0.137777 0.077449 -0.397727
v -0.118094 0.079724 -0.409091
v -0.137777 0.080118 -0.420455
v -0.098412 0.077208 -0.443182
v -0.098412 0.076719 -0.465909
v -0.118094 0.079281 -0.454545
v -0.059047 0.077355 -0.443182
v -0.039365 0.079053 -0.454545
v -0.059047 0.078968 -0.465909
v -0.334601 0.086529 -0.215909
v -0.334601 0.084945 -0.238636
v -0.354283 0.083947 -0.227273
v -0.295236 0.083729 -0.215909
v -0.275554 0.081347 -0.227273
v -0.295236 0.082841 -0.238636
v -0.255871 0.079944 -0.261364
v -0.255871 0.080300 -0.284091
v -0.275554 0.080778 -0.272727
v -0.216506 0.080759 -0.261364
v -0.196824 0.079761 -0.272727
v -0.216506 0.081991 -0.284091
v -0.177142 0.077308 -0.306818
v -0.177142 0.076128 -0.329545
v -0.196824 0.078751 -0.318182
v -0.137777 0.074027 -0.306818
v -0.118094 0.076871 -0.318182
v -0.137777 0.076575 -0.329545
v -0.098412 0.078872 -0.352273
v -0.098412 0.079532 -0.375000
v -0.118094 0.077100 -0.363636
v -0.059047 0.079763 -0.352273
v -0.039365 0.079562 -0.363636
v -0.059047 0.078861 -0.375000
v -0.255871 0.080325 -0.170455
v -0.255871 0.080274 -0.193182
v -0.275554 0.082794 -0.181818
v -0.216506 0.078498 -0.170455
v -0.196824 0.078129 -0.181818
v -0.216506 0.079936 -0.193182
v -0.177142 0.080697 -0.215909
v -0.177142 0.081007 -0.238636
v -0.196824 0.082637 -0.227273
v -0.137777 0.077619 -0.215909
v -0.118094 0.074090 -0.227273
v -0.137777 0.075835 -0.238636
v -0.098412 0.070904 -0.261364
v -0.098412 0.071780 -0.284091
v -0.118094 0.073349 -0.272727
v -0.059047 0.073741 -0.261364
v -0.039365 0.079079 -0.272727
v -0.059047 0.077264 -0.284091
v -0.177142 0.079195 -0.125000
v -0.177142 0.076455 -0.147727
v -0.196824 0.077975 -0.136364
v -0.137777 0.074318 -0.125000
v -0.118094 0.071865 -0.136364
v -0.137777 0.074331 -0.147727
v -0.098412 0.070435 -0.170455
v -0.098412 0.071449 -0.193182
v -0.118094 0.073495 -0.181818
v -0.059047 0.068564 -0.170455
v -0.039365 0.068332 -0.181818
v -0.059047 0.069493 -0.193182
v -0.098412 0.077767 -0.079545
v -0.098412 0.074939 -0.102273
v -0.118094 0.078779 -0.090909
v -0.059047 0.077609 -0.079545
v -0.039365 0.075997 -0.090909
v -0.059047 0.074470 -0.102273
v -0.019682 0.098574 -0.852273
v -0.019682 0.099502 -0.875000
v -0.039365 0.099260 -0.863636
v -0.019682 0.103064 -0.761364
v -0.019682 0.101710 -0.784091
v -0.039365 0.102334 -0.772727
v -0.019682 0.094888 -0.670455
v -0.019682 0.099156 -0.693182
v -0.039365 0.101143 -0.681818
v -0.019682 0.088014 -0.579545
v -0.019682 0.089945 -0.602273
v -0.039365 0.087629 -0.590909
v -0.019682 0.085022 -0.488636
v -0.019682 0.086067 -0.511364
v -0.039365 0.083052 -0.500000
v -0.019682 0.075320 -0.397727
v -0.019682 0.075959 -0.420455
v -0.039365 0.076429 -0.409091
v -0.019682 0.081862 -0.306818
v -0.019682 0.080429 -0.329545
v -0.039365 0.080867 -0.318182
v -0.019682 0.073284 -0.215909
v -0.019682 0.074918 -0.238636
v -0.039365 0.074231 -0.227273
v -0.019682 0.072218 -0.125000
v -0.019682 0.069378 -0.147727
v -0.039365 0.071150 -0.136364
v -0.019682 0.081259 -0.034091
v -0.019682 0.081023 -0.056818
v -0.039365 0.080860 -0.045455
v -0.826661 0.098131 0.454545
v -0.846343 0.099519 0.443182
v -0.846343 0.099631 0.465909
v -0.806978 0.095512 0.420455
v -0.806978 0.095841 0.397727
v -0.826661 0.098281 0.409091
v -0.826661 0.098521 0.363636
v -0.846343 0.099585 0.352273
v -0.846343 0.099657 0.375000
v -0.806978 0.094363 0.329545
v -0.806978 0.094086 0.306818
v -0.826661 0.097514 0.318182
v -0.826661 0.097998 0.272727
v -0.846343 0.099529 0.261364
v -0.846343 0.099474 0.284091
v -0.806978 0.095117 0.238636
v -0.806978 0.095445 0.215909
v -0.826661 0.098141 0.227273
v -0.826661 0.098579 0.181818
v -0.846343 0.099747 0.170455
v -0.846343 0.099629 0.193182
v -0.806978 0.095829 0.147727
v -0.806978 0.096018 0.125000
v -0.826661 0.098575 0.136364
v -0.826661 0.098488 0.090909
v -0.846343 0.099662 0.079545
v -0.846343 0.099668 0.102273
v -0.806978 0.095501 0.056818
v -0.806978 0.097100 0.034091
v -0.826661 0.098804 0.045455
v -0.826661 0.100294 0.000000
v -0.846343 0.100325 -0.011364
v -0.846343 0.100040 0.011364
v -0.806978 0.101335 -0.034091
v -0.806978 0.103111 -0.056818
v -0.826661 0.101685 -0.045455
v -0.826661 0.102105 -0.090909
v -0.846343 0.100607 -0.102273
v -0.846343 0.100656 -0.079545
v -0.806978 0.102766 -0.125000
v -0.806978 0.101506 -0.147727
v -0.826661 0.101339 -0.136364
v -0.826661 0.100266 -0.181818
v -0.846343 0.100126 -0.193182
v -0.846343 0.100186 -0.170455
v -0.806978 0.100399 -0.215909
v -0.806978 0.099940 -0.238636
v -0.826661 0.100452 -0.227273
v -0.826661 0.099759 -0.272727
v -0.846343 0.099940 -0.284091
v -0.846343 0.099979 -0.261364
v -0.806978 0.096961 -0.306818
v -0.806978 0.094999 -0.329545
v -0.826661 0.098378 -0.318182
v -0.826661 0.097782 -0.363636
v -0.846343 0.099426 -0.375000
v -0.846343 0.099410 -0.352273
v -0.806978 0.093494 -0.397727
v -0.806978 0.093246 -0.420455
v -0.826661 0.097110 -0.409091
v -0.747931 0.090027 0.409091
v -0.767613 0.091159 0.397727
v -0.767613 0.091171 0.420455
v -0.728249 0.087352 0.375000
v -0.728249 0.086296 0.352273
v -0.747931 0.086898 0.363636
v -0.747931 0.085737 0.318182
v -0.767613 0.086087 0.306818
v -0.767613 0.087898 0.329545
v -0.728249 0.084355 0.284091
v -0.728249 0.084867 0.261364
v -0.747931 0.085707 0.272727
v -0.747931 0.087531 0.227273
v -0.767613 0.089187 0.215909
v -0.767613 0.088510 0.238636
v -0.728249 0.088794 0.193182
v -0.728249 0.088267 0.170455
v -0.747931 0.088984 0.181818
v -0.747931 0.087812 0.136364
v -0.767613 0.088669 0.125000
v -0.767613 0.088707 0.147727
v -0.728249 0.084522 0.102273
v -0.728249 0.085297 0.079545
v -0.747931 0.087173 0.090909
v -0.747931 0.091647 0.045455
v -0.767613 0.093039 0.034091
v -0.767613 0.090204 0.056818
v -0.728249 0.092013 0.011364
v -0.728249 0.093289 -0.011364
v -0.747931 0.095136 0.000000
v -0.747931 0.097084 -0.045455
v -0.767613 0.100846 -0.056818
v -0.767613 0.099892 -0.034091
v -0.728249 0.098678 -0.079545
v -0.728249 0.098345 -0.102273
v -0.747931 0.100411 -0.090909
v -0.747931 0.098587 -0.136364
v -0.767613 0.099499 -0.147727
v -0.767613 0.102032 -0.125000
v -0.728249 0.091852 -0.170455
v -0.728249 0.091552 -0.193182
v -0.747931 0.095023 -0.181818
v -0.747931 0.090732 -0.227273
v -0.767613 0.094243 -0.238636
v -0.767613 0.094013 -0.215909
v -0.728249 0.087569 -0.261364
v -0.728249 0.087633 -0.284091
v -0.747931 0.089559 -0.272727
v -0.747931 0.089400 -0.318182
v -0.767613 0.089130 -0.329545
v -0.767613 0.090256 -0.306818
v -0.728249 0.084156 -0.352273
v -0.728249 0.083246 -0.375000
v -0.747931 0.085179 -0.363636
v -0.669201 0.091235 0.363636
v -0.688884 0.089724 0.352273
v -0.688884 0.090202 0.375000
v -0.649519 0.093199 0.329545
v -0.649519 0.089130 0.306818
v -0.669201 0.089043 0.318182
v -0.669201 0.080911 0.272727
v -0.688884 0.080740 0.261364
v -0.688884 0.081107 0.284091
v -0.649519 0.080045 0.238636
v -0.649519 0.079870 0.215909
v -0.669201 0.078386 0.227273
v -0.669201 0.082311 0.181818
v -0.688884 0.083187 0.170455
v -0.688884 0.082377 0.193182
v -0.649519 0.081523 0.147727
v -0.649519 0.079468 0.125000
v -0.669201 0.080395 0.136364
v -0.669201 0.079385 0.090909
v -0.688884 0.080329 0.079545
v -0.688884 0.080587 0.102273
v -0.649519 0.077965 0.056818
v -0.649519 0.077439 0.034091
v -0.669201 0.078028 0.045455
v -0.669201 0.078048 0.000000
v -0.688884 0.081826 -0.011364
v -0.688884 0.083665 0.011364
v -0.649519 0.074252 -0.034091
v -0.649519 0.076423 -0.056818
v -0.669201 0.078084 -0.045455
v -0.669201 0.085270 -0.090909
v -0.688884 0.089849 -0.102273
v -0.688884 0.089839 -0.079545
v -0.649519 0.080867 -0.125000
v -0.649519 0.079686 -0.147727
v -0.669201 0.083700 -0.136364
v -0.669201 0.081973 -0.181818
v -0.688884 0.086518 -0.193182
v -0.688884 0.087579 -0.170455
v -0.649519 0.080755 -0.215909
v -0.649519 0.080917 -0.238636
v -0.669201 0.084321 -0.227273
v -0.669201 0.083567 -0.272727
v -0.688884 0.083909 -0.284091
v -0.688884 0.084306 -0.261364
v -0.649519 0.079472 -0.306818
v -0.649519 0.079849 -0.329545
v -0.669201 0.081715 -0.318182
v -0.590472 0.093506 0.318182
v -0.610154 0.091981 0.306818
v -0.610154 0.092800 0.329545
v -0.570789 0.092117 0.284091
v -0.570789 0.091646 0.261364
v -0.590472 0.088251 0.272727
v -0.590472 0.086749 0.227273
v -0.610154 0.083307 0.215909
v -0.610154 0.084364 0.238636
v -0.570789 0.085485 0.193182
v -0.570789 0.082254 0.170455
v -0.590472 0.081835 0.181818
v -0.590472 0.076346 0.136364
v -0.610154 0.077879 0.125000
v -0.610154 0.077091 0.147727
v -0.570789 0.076142 0.102273
v -0.570789 0.077304 0.079545
v -0.590472 0.078764 0.090909
v -0.590472 0.076331 0.045455
v -0.610154 0.075977 0.034091
v -0.610154 0.079698 0.056818
v -0.570789 0.073377 0.011364
v -0.570789 0.073051 -0.011364
v -0.590472 0.071747 0.000000
v -0.590472 0.068744 -0.045455
v -0.610154 0.069469 -0.056818
v -0.610154 0.070845 -0.034091
v -0.570789 0.071484 -0.079545
v -0.570789 0.075001 -0.102273
v -0.590472 0.071573 -0.090909
v -0.590472 0.076821 -0.136364
v -0.610154 0.078425 -0.147727
v -0.610154 0.075524 -0.125000
v -0.570789 0.077542 -0.170455
v -0.570789 0.076420 -0.193182
v -0.590472 0.074757 -0.181818
v -0.590472 0.075591 -0.227273
v -0.610154 0.077631 -0.238636
v -0.610154 0.075135 -0.215909
v -0.570789 0.081772 -0.261364
v -0.570789 0.081027 -0.284091
v -0.590472 0.080003 -0.272727
v -0.511742 0.095249 0.272727
v -0.531425 0.094285 0.261364
v -0.531425 0.093788 0.284091
v -0.492060 0.097747 0.238636
v -0.492060 0.098699 0.215909
v -0.511742 0.096492 0.227273
v -0.511742 0.092945 0.181818
v -0.531425 0.086497 0.170455
v -0.531425 0.090578 0.193182
v -0.492060 0.091446 0.147727
v -0.492060 0.087550 0.125000
v -0.511742 0.085882 0.136364
v -0.511742 0.078946 0.090909
v -0.531425 0.077311 0.079545
v -0.531425 0.076595 0.102273
v -0.492060 0.075843 0.056818
v -0.492060 0.075550 0.034091
v -0.511742 0.076193 0.045455
v -0.511742 0.077490 0.000000
v -0.531425 0.076280 -0.011364
v -0.531425 0.076141 0.011364
v -0.492060 0.081030 -0.034091
v -0.492060 0.080476 -0.056818
v -0.511742 0.079048 -0.045455
v -0.511742 0.076850 -0.090909
v -0.531425 0.076102 -0.102273
v -0.531425 0.075325 -0.079545
v -0.492060 0.074369 -0.125000
v -0.492060 0.072843 -0.147727
v -0.511742 0.074320 -0.136364
v -0.511742 0.073891 -0.181818
v -0.531425 0.076701 -0.193182
v -0.531425 0.075230 -0.170455
v -0.492060 0.078690 -0.215909
v -0.492060 0.081378 -0.238636
v -0.511742 0.079131 -0.227273
v -0.433013 0.108413 0.227273
v -0.452695 0.106076 0.215909
v -0.452695 0.105726 0.238636
v -0.413330 0.107762 0.193182
v -0.413330 0.105100 0.170455
v -0.433013 0.106216 0.181818
v -0.433013 0.095017 0.136364
v -0.452695 0.090887 0.125000
v -0.452695 0.096058 0.147727
v -0.413330 0.090443 0.102273
v -0.413330 0.086508 0.079545
v -0.433013 0.086608 0.090909
v -0.433013 0.079952 0.045455
v -0.452695 0.077525 0.034091
v -0.452695 0.077303 0.056818
v -0.413330 0.082521 0.011364
v -0.413330 0.085450 -0.011364
v -0.433013 0.081844 0.000000
v -0.433013 0.084695 -0.045455
v -0.452695 0.084611 -0.056818
v -0.452695 0.083145 -0.034091
v -0.413330 0.083541 -0.079545
v -0.413330 0.080064 -0.102273
v -0.433013 0.079860 -0.090909
v -0.433013 0.076912 -0.136364
v -0.452695 0.074083 -0.147727
v -0.452695 0.077759 -0.125000
v -0.413330 0.077008 -0.170455
v -0.413330 0.078401 -0.193182
v -0.433013 0.076034 -0.181818
v -0.354283 0.105113 0.181818
v -0.373966 0.103688 0.170455
v -0.373966 0.105051 0.193182
v -0.334601 0.099454 0.147727
v -0.334601 0.095568 0.125000
v -0.354283 0.097502 0.136364
v -0.354283 0.089503 0.090909
v -0.373966 0.087263 0.079545
v -0.373966 0.091556 0.102273
v -0.334601 0.083881 0.056818
v -0.334601 0.085532 0.034091
v -0.354283 0.085836 0.045455
v -0.354283 0.089086 0.000000
v -0.373966 0.087982 -0.011364
v -0.373966 0.087704 0.011364
v -0.334601 0.090893 -0.034091
v -0.334601 0.091497 -0.056818
v -0.354283 0.089677 -0.045455
v -0.354283 0.085097 -0.090909
v -0.373966 0.082440 -0.102273
v -0.373966 0.083904 -0.079545
v -0.334601 0.086008 -0.125000
v -0.334601 0.086607 -0.147727
v -0.354283 0.083999 -0.136364
v -0.275554 0.097166 0.136364
v -0.295236 0.094949 0.125000
v -0.295236 0.097513 0.147727
v -0.255871 0.094005 0.102273
v -0.255871 0.091848 0.079545
v -0.275554 0.089642 0.090909
v -0.275554 0.091451 0.045455
v -0.295236 0.089102 0.034091
v -0.295236 0.088133 0.056818
v -0.255871 0.095629 0.011364
v -0.255871 0.095279 -0.011364
v -0.275554 0.094018 0.000000
v -0.275554 0.094820 -0.045455
v -0.295236 0.094367 -0.056818
v -0.295236 0.093174 -0.034091
v -0.255871 0.090442 -0.079545
v -0.255871 0.086541 -0.102273
v -0.275554 0.090776 -0.090909
v -0.196824 0.096442 0.090909
v -0.216506 0.093084 0.079545
v -0.216506 0.097619 0.102273
v -0.177142 0.091281 0.056818
v -0.177142 0.089652 0.034091
v -0.196824 0.090994 0.045455
v -0.196824 0.088043 0.000000
v -0.216506 0.089300 -0.011364
v -0.216506 0.091270 0.011364
v -0.177142 0.084416 -0.034091
v -0.177142 0.083986 -0.056818
v -0.196824 0.086766 -0.045455
v -0.118094 0.090468 0.045455
v -0.137777 0.091571 0.034091
v -0.137777 0.091844 0.056818
v -0.098412 0.087278 0.011364
v -0.098412 0.084380 -0.011364
v -0.118094 0.086325 0.000000
v -0.747931 0.082645 -0.409091
v -0.767613 0.085755 -0.420455
v -0.767613 0.085482 -0.397727
v -0.669201 0.080210 -0.363636
v -0.688884 0.079138 -0.375000
v -0.688884 0.081429 -0.352273
v -0.590472 0.079434 -0.318182
v -0.610154 0.078266 -0.329545
v -0.610154 0.078002 -0.306818
v -0.511742 0.084963 -0.272727
v -0.531425 0.085448 -0.284091
v -0.531425 0.084238 -0.261364
v -0.433013 0.080800 -0.227273
v -0.452695 0.081606 -0.238636
v -0.452695 0.079380 -0.215909
v -0.354283 0.086093 -0.181818
v -0.373966 0.084313 -0.193182
v -0.373966 0.082783 -0.170455
v -0.275554 0.084197 -0.136364
v -0.295236 0.085218 -0.147727
v -0.295236 0.085848 -0.125000
v -0.196824 0.084090 -0.090909
v -0.216506 0.084441 -0.102273
v -0.216506 0.086520 -0.079545
v -0.118094 0.081534 -0.045455
v -0.137777 0.082164 -0.056818
v -0.137777 0.083034 -0.034091
v -0.039365 0.080130 0.000000
v -0.059047 0.080621 -0.011364
v -0.059047 0.080984 0.011364
v -0.019682 0.103101 0.943182
v -0.039365 0.100679 0.954545
v -0.019682 0.100915 0.965909
v -0.039365 0.103330 0.909091
v -0.059047 0.102873 0.897727
v -0.059047 0.101825 0.920455
v -0.098412 0.101648 0.897727
v -0.118094 0.100339 0.909091
v -0.098412 0.100374 0.920455
v -0.118094 0.103670 0.863636
v -0.137777 0.103363 0.852273
v -0.137777 0.101924 0.875000
v -0.177142 0.101479 0.852273
v -0.196824 0.100221 0.863636
v -0.177142 0.100192 0.875000
v -0.196824 0.102251 0.818182
v -0.216506 0.101233 0.806818
v -0.216506 0.101055 0.829545
v -0.255871 0.099799 0.806818
v -0.275553 0.099459 0.818182
v -0.255871 0.099757 0.829545
v -0.275554 0.098864 0.772727
v -0.295236 0.097214 0.761364
v -0.295236 0.098500 0.784091
v -0.334601 0.097418 0.761364
v -0.354283 0.098461 0.772727
v -0.334601 0.098755 0.784091
v -0.354283 0.093692 0.727273
v -0.373966 0.093844 0.715909
v -0.373966 0.096358 0.738636
v -0.413330 0.096270 0.715909
v -0.433013 0.098096 0.727273
v -0.413330 0.098223 0.738636
v -0.433013 0.092418 0.681818
v -0.452695 0.090269 0.670455
v -0.452695 0.094933 0.693182
v -0.492060 0.094362 0.670455
v -0.511742 0.097598 0.681818
v -0.492060 0.097619 0.693182
v -0.511742 0.089598 0.636364
v -0.531425 0.089423 0.625000
v -0.531425 0.094565 0.647727
v -0.570789 0.094858 0.625000
v -0.590472 0.098195 0.636364
v -0.570789 0.098027 0.647727
v -0.590472 0.090593 0.590909
v -0.610154 0.092096 0.579545
v -0.610154 0.095693 0.602273
v -0.649519 0.096592 0.579545
v -0.669201 0.098793 0.590909
v -0.649519 0.098704 0.602273
v -0.669201 0.094598 0.545455
v -0.688884 0.094024 0.534091
v -0.688884 0.097111 0.556818
v -0.728249 0.097613 0.534091
v -0.747931 0.099298 0.545455
v -0.728249 0.099253 0.556818
v -0.747931 0.095564 0.500000
v -0.767613 0.095797 0.488636
v -0.767613 0.098307 0.511364
v -0.019682 0.103987 0.852273
v -0.039365 0.104061 0.863636
v -0.019682 0.103430 0.875000
v -0.039365 0.102394 0.818182
v -0.059047 0.101766 0.806818
v -0.059047 0.103201 0.829545
v -0.098412 0.100015 0.806818
v -0.118094 0.103580 0.818182
v -0.098412 0.104493 0.829545
v -0.118094 0.099241 0.772727
v -0.137777 0.098787 0.761364
v -0.137777 0.100359 0.784091
v -0.177142 0.099978 0.761364
v -0.196824 0.100357 0.772727
v -0.177142 0.101071 0.784091
v -0.196824 0.093228 0.727273
v -0.216506 0.090566 0.715909
v -0.216506 0.094761 0.738636
v -0.255871 0.093244 0.715909
v -0.275554 0.094802 0.727273
v -0.255871 0.096836 0.738636
v -0.275554 0.087546 0.681818
v -0.295236 0.085362 0.670455
v -0.295236 0.088395 0.693182
v -0.334601 0.085939 0.670455
v -0.354283 0.087868 0.681818
v -0.334601 0.089467 0.693182
v -0.354283 0.081403 0.636364
v -0.373966 0.079375 0.625000
v -0.373966 0.083316 0.647727
v -0.413330 0.080662 0.625000
v -0.433013 0.084195 0.636364
v -0.413330 0.083936 0.647727
v -0.433013 0.080828 0.590909
v -0.452695 0.081870 0.579545
v -0.452695 0.083766 0.602273
v -0.492060 0.082909 0.579545
v -0.511742 0.084010 0.590909
v -0.492060 0.085652 0.602273
v -0.511742 0.081684 0.545455
v -0.531425 0.082628 0.534091
v -0.531425 0.081778 0.556818
v -0.570789 0.086089 0.534091
v -0.590472 0.087723 0.545455
v -0.570789 0.083823 0.556818
v -0.590472 0.090193 0.500000
v -0.610154 0.089692 0.488636
v -0.610154 0.089366 0.511364
v -0.649519 0.087839 0.488636
v -0.669201 0.088787 0.500000
v -0.649519 0.089521 0.511364
v -0.669201 0.088613 0.454545
v -0.688884 0.088918 0.443182
v -0.688884 0.088313 0.465909
v -0.019682 0.095015 0.761364
v -0.039365 0.097727 0.772727
v -0.019682 0.099573 0.784091
v -0.039365 0.089519 0.727273
v -0.059047 0.086008 0.715909
v -0.059047 0.090806 0.738636
v -0.098412 0.088370 0.715909
v -0.118094 0.092984 0.727273
v -0.098412 0.093261 0.738636
v -0.118094 0.081461 0.681818
v -0.137777 0.082503 0.670455
v -0.137777 0.087342 0.693182
v -0.177142 0.083872 0.670455
v -0.196824 0.084633 0.681818
v -0.177142 0.087844 0.693182
v -0.196824 0.080486 0.636364
v -0.216506 0.079033 0.625000
v -0.216506 0.080788 0.647727
v -0.255871 0.078329 0.625000
v -0.275554 0.079495 0.636364
v -0.255871 0.081938 0.647727
v -0.275554 0.077149 0.590909
v -0.295236 0.080777 0.579545
v -0.295236 0.080241 0.602273
v -0.334601 0.083136 0.579545
v -0.354283 0.080470 0.590909
v -0.334601 0.080936 0.602273
v -0.354283 0.086584 0.545455
v -0.373966 0.087353 0.534091
v -0.373966 0.082552 0.556818
v -0.413330 0.085140 0.534091
v -0.433013 0.082337 0.545455
v -0.413330 0.081267 0.556818
v -0.433013 0.092444 0.500000
v -0.452695 0.091339 0.488636
v -0.452695 0.086797 0.511364
v -0.492060 0.087774 0.488636
v -0.511742 0.085467 0.500000
v -0.492060 0.084972 0.511364
v -0.511742 0.090906 0.454545
v -0.531425 0.089548 0.443182
v -0.531425 0.088487 0.465909
v -0.570789 0.088132 0.443182
v -0.590472 0.086952 0.454545
v -0.570789 0.087885 0.465909
v -0.590472 0.086739 0.409091
v -0.610154 0.086567 0.397727
v -0.610154 0.084946 0.420455
v -0.019682 0.084698 0.670455
v -0.039365 0.083463 0.681818
v -0.019682 0.086280 0.693182
v -0.039365 0.078356 0.636364
v -0.059047 0.076482 0.625000
v -0.059047 0.077500 0.647727
v -0.098412 0.076503 0.625000
v -0.118094 0.078060 0.636364
v -0.098412 0.076050 0.647727
v -0.118094 0.074426 0.590909
v -0.137777 0.076751 0.579545
v -0.137777 0.077502 0.602273
v -0.177142 0.079043 0.579545
v -0.196824 0.078795 0.590909
v -0.177142 0.080359 0.602273
v -0.196824 0.076314 0.545455
v -0.216506 0.075874 0.534091
v -0.216506 0.076461 0.556818
v -0.255871 0.074672 0.534091
v -0.275554 0.076249 0.545455
v -0.255871 0.075027 0.556818
v -0.275554 0.078197 0.500000
v -0.295236 0.079082 0.488636
v -0.295236 0.078029 0.511364
v -0.334601 0.085914 0.488636
v -0.354283 0.089241 0.500000
v -0.334601 0.086033 0.511364
v -0.354283 0.092784 0.454545
v -0.373966 0.096084 0.443182
v -0.373966 0.092812 0.465909
v -0.413330 0.099441 0.443182
v -0.433013 0.097656 0.454545
v -0.413330 0.097452 0.465909
v -0.433013 0.099934 0.409091
v -0.452695 0.100823 0.397727
v -0.452695 0.099124 0.420455
v -0.492060 0.097130 0.397727
v -0.511742 0.094599 0.409091
v -0.492060 0.096571 0.420455
v -0.511742 0.096534 0.363636
v -0.531425 0.093691 0.352273
v -0.531425 0.093847 0.375000
v -0.019682 0.077392 0.579545
v -0.039365 0.075091 0.590909
v -0.019682 0.075261 0.602273
v -0.039365 0.077007 0.545455
v -0.059047 0.075957 0.534091
v -0.059047 0.074269 0.556818
v -0.098412 0.074839 0.534091
v -0.118094 0.074063 0.545455
v -0.098412 0.072795 0.556818
v -0.118094 0.073599 0.500000
v -0.137777 0.073285 0.488636
v -0.137777 0.075284 0.511364
v -0.177142 0.076721 0.488636
v -0.196824 0.076455 0.500000
v -0.177142 0.076874 0.511364
v -0.196824 0.080768 0.454545
v -0.216506 0.083709 0.443182
v -0.216506 0.080254 0.465909
v -0.255871 0.084465 0.443182
v -0.275554 0.083691 0.454545
v -0.255871 0.081071 0.465909
v -0.275554 0.087581 0.409091
v -0.295236 0.091282 0.397727
v -0.295236 0.090288 0.420455
v -0.334601 0.097774 0.397727
v -0.354283 0.097759 0.409091
v -0.334601 0.095715 0.420455
v -0.354283 0.098730 0.363636
v -0.373966 0.099429 0.352273
v -0.373966 0.100458 0.375000
v -0.413330 0.100170 0.352273
v -0.433013 0.099132 0.363636
v -0.413330 0.099988 0.375000
v -0.433013 0.099980 0.318182
v -0.452695 0.100501 0.306818
v -0.452695 0.098814 0.329545
v -0.019682 0.077523 0.488636
v -0.039365 0.075569 0.500000
v -0.019682 0.077964 0.511364
v -0.039365 0.074706 0.454545
v -0.059047 0.074357 0.443182
v -0.059047 0.073587 0.465909
v -0.098412 0.074597 0.443182
v -0.118094 0.073903 0.454545
v -0.098412 0.074335 0.465909
v -0.118094 0.079052 0.409091
v -0.137777 0.083021 0.397727
v -0.137777 0.077757 0.420455
v -0.177142 0.083056 0.397727
v -0.196824 0.083024 0.409091
v -0.177142 0.080499 0.420455
v -0.196824 0.084968 0.363636
v -0.216506 0.088135 0.352273
v -0.216506 0.083659 0.375000
v -0.255871 0.089428 0.352273
v -0.275554 0.090406 0.363636
v -0.255871 0.086480 0.375000
v -0.275554 0.094299 0.318182
v -0.295236 0.097220 0.306818
v -0.295236 0.096350 0.329545
v -0.334601 0.100623 0.306818
v -0.354283 0.099768 0.318182
v -0.334601 0.100227 0.329545
v -0.354283 0.104805 0.272727
v -0.373966 0.106934 0.261364
v -0.373966 0.105707 0.284091
v -0.019682 0.085855 0.397727
v -0.039365 0.082058 0.409091
v -0.019682 0.080147 0.420455
v -0.039365 0.086989 0.363636
v -0.059047 0.086898 0.352273
v -0.059047 0.086019 0.375000
v -0.098412 0.086220 0.352273
v -0.118094 0.084268 0.363636
v -0.098412 0.084828 0.375000
v -0.118094 0.085976 0.318182
v -0.137777 0.086193 0.306818
v -0.137777 0.086473 0.329545
v -0.177142 0.089627 0.306818
v -0.196824 0.089111 0.318182
v -0.177142 0.087112 0.329545
v -0.196824 0.095029 0.272727
v -0.216506 0.097132 0.261364
v -0.216506 0.094453 0.284091
v -0.255871 0.096024 0.261364
v -0.275554 0.096725 0.272727
v -0.255871 0.096059 0.284091
v -0.275554 0.100842 0.227273
v -0.295236 0.102990 0.215909
v -0.295236 0.100640 0.238636
v -0.019682 0.091038 0.306818
v -0.039365 0.088409 0.318182
v -0.019682 0.089929 0.329545
v -0.039365 0.094432 0.272727
v -0.059047 0.095772 0.261364
v -0.059047 0.092179 0.284091
v -0.098412 0.094373 0.261364
v -0.118094 0.090680 0.272727
v -0.098412 0.091200 0.284091
v -0.118094 0.098458 0.227273
v -0.137777 0.100818 0.215909
v -0.137777 0.096374 0.238636
v -0.177142 0.101710 0.215909
v -0.196824 0.101578 0.227273
v -0.177142 0.098864 0.238636
v -0.196824 0.108577 0.181818
v -0.216506 0.107101 0.170455
v -0.216506 0.108883 0.193182
v -0.019682 0.100627 0.215909
v -0.039365 0.101184 0.227273
v -0.019682 0.099410 0.238636
v -0.039365 0.102702 0.181818
v -0.059047 0.104333 0.170455
v -0.059047 0.104767 0.193182
v -0.098412 0.104934 0.170455
v -0.118094 0.104335 0.181818
v -0.098412 0.104130 0.193182
v -0.118094 0.099891 0.136364
v -0.137777 0.097957 0.125000
v -0.137777 0.101429 0.147727
v -0.019682 0.097283 0.125000
v -0.039365 0.098644 0.136364
v -0.019682 0.101628 0.147727
v -0.039365 0.089131 0.090909
v -0.059047 0.089772 0.079545
v -0.059047 0.092618 0.102273
v -0.728249 0.091897 0.443182
v -0.747931 0.092197 0.454545
v -0.728249 0.090616 0.465909
v -0.649519 0.089003 0.397727
v -0.669201 0.089996 0.409091
v -0.649519 0.088534 0.420455
v -0.570789 0.092179 0.352273
v -0.590472 0.092248 0.363636
v -0.570789 0.089326 0.375000
v -0.492060 0.096729 0.306818
v -0.511742 0.095149 0.318182
v -0.492060 0.098744 0.329545
v -0.413330 0.108167 0.261364
v -0.433013 0.104831 0.272727
v -0.413330 0.104522 0.284091
v -0.334601 0.103517 0.215909
v -0.354283 0.106278 0.227273
v -0.334601 0.105168 0.238636
v -0.255871 0.105804 0.170455
v -0.275554 0.103890 0.181818
v -0.255871 0.106149 0.193182
v -0.177142 0.102313 0.125000
v -0.196824 0.103242 0.136364
v -0.177142 0.104177 0.147727
v -0.098412 0.090182 0.079545
v -0.118094 0.091361 0.090909
v -0.098412 0.093180 0.102273
v -0.019682 0.083053 0.034091
v -0.039365 0.081501 0.045455
v -0.019682 0.083074 0.056818
v 0.806978 0.099020 0.488636
v 0.806978 0.099660 0.511364
v 0.826661 0.099866 0.500000
v 0.767613 0.096697 0.488636
v 0.747931 0.095467 0.500000
v 0.767613 0.098253 0.511364
v 0.728249 0.096751 0.534091
v 0.728249 0.098911 0.556818
v 0.747931 0.098991 0.545455
v 0.688884 0.092514 0.534091
v 0.669201 0.092891 0.545455
v 0.688884 0.096405 0.556818
v 0.649519 0.096257 0.579545
v 0.649519 0.098561 0.602273
v 0.669201 0.098752 0.590909
v 0.610154 0.093254 0.579545
v 0.590472 0.092605 0.590909
v 0.610154 0.096063 0.602273
v 0.570789 0.095909 0.625000
v 0.570789 0.098250 0.647727
v 0.590472 0.098365 0.636364
v 0.531425 0.090148 0.625000
v 0.511742 0.089369 0.636364
v 0.531425 0.095027 0.647727
v 0.492060 0.094075 0.670455
v 0.492060 0.097988 0.693182
v 0.511742 0.098101 0.681818
v 0.452695 0.087404 0.670455
v 0.433013 0.087477 0.681818
v 0.452695 0.094035 0.693182
v 0.413330 0.094039 0.715909
v 0.413330 0.097848 0.738636
v 0.433013 0.097858 0.727273
v 0.373966 0.089199 0.715909
v 0.354283 0.090322 0.727273
v 0.373966 0.094983 0.738636
v 0.334601 0.095392 0.761364
v 0.334601 0.098226 0.784091
v 0.354283 0.098098 0.772727
v 0.295236 0.092183 0.761364
v 0.275554 0.091564 0.772727
v 0.295236 0.095956 0.784091
v 0.255871 0.096468 0.806818
v 0.255871 0.098711 0.829545
v 0.275553 0.098514 0.818182
v 0.216506 0.095712 0.806818
v 0.196824 0.097590 0.818182
v 0.216506 0.098341 0.829545
v 0.177142 0.099445 0.852273
v 0.177142 0.099570 0.875000
v 0.196824 0.099473 0.863636
v 0.137777 0.099930 0.852273
v 0.118094 0.101645 0.863636
v 0.137777 0.100216 0.875000
v 0.098412 0.102072 0.897727
v 0.098412 0.100491 0.920455
v 0.118094 0.100188 0.909091
v 0.059047 0.104172 0.897727
v 0.039365 0.104461 0.909091
v 0.059047 0.102823 0.920455
v 0.728249 0.094687 0.443182
v 0.728249 0.094027 0.465909
v 0.747931 0.094694 0.454545
v 0.688884 0.092685 0.443182
v 0.669201 0.091538 0.454545
v 0.688884 0.091881 0.465909
v 0.649519 0.089249 0.488636
v 0.649519 0.089210 0.511364
v 0.669201 0.088679 0.500000
v 0.610154 0.089238 0.488636
v 0.590472 0.091247 0.500000
v 0.610154 0.090660 0.511364
v 0.570789 0.091992 0.534091
v 0.570789 0.091076 0.556818
v 0.590472 0.090800 0.545455
v 0.531425 0.090046 0.534091
v 0.511742 0.087529 0.545455
v 0.531425 0.088170 0.556818
v 0.492060 0.082142 0.579545
v 0.492060 0.081298 0.602273
v 0.511742 0.083325 0.590909
v 0.452695 0.081573 0.579545
v 0.433013 0.079165 0.590909
v 0.452695 0.080565 0.602273
v 0.413330 0.077017 0.625000
v 0.413330 0.077169 0.647727
v 0.433013 0.077669 0.636364
v 0.373966 0.073389 0.625000
v 0.354283 0.072172 0.636364
v 0.373966 0.074575 0.647727
v 0.334601 0.073657 0.670455
v 0.334601 0.078482 0.693182
v 0.354283 0.076649 0.681818
v 0.295236 0.076237 0.670455
v 0.275554 0.079038 0.681818
v 0.295236 0.079480 0.693182
v 0.255871 0.082891 0.715909
v 0.255871 0.083847 0.738636
v 0.275554 0.084456 0.727273
v 0.216506 0.079827 0.715909
v 0.196824 0.082829 0.727273
v 0.216506 0.082876 0.738636
v 0.177142 0.088698 0.761364
v 0.177142 0.093354 0.784091
v 0.196824 0.089288 0.772727
v 0.137777 0.094837 0.761364
v 0.118094 0.098360 0.772727
v 0.137777 0.098078 0.784091
v 0.098412 0.103441 0.806818
v 0.098412 0.103176 0.829545
v 0.118094 0.100665 0.818182
v 0.059047 0.104830 0.806818
v 0.039365 0.104655 0.818182
v 0.059047 0.104190 0.829545
v 0.649519 0.091754 0.397727
v 0.649519 0.090020 0.420455
v 0.669201 0.091033 0.409091
v 0.610154 0.092917 0.397727
v 0.590472 0.092479 0.409091
v 0.610154 0.090674 0.420455
v 0.570789 0.089627 0.443182
v 0.570789 0.088576 0.465909
v 0.590472 0.088802 0.454545
v 0.531425 0.089219 0.443182
v 0.511742 0.090578 0.454545
v 0.531425 0.088930 0.465909
v 0.492060 0.090909 0.488636
v 0.492060 0.090630 0.511364
v 0.511742 0.089741 0.500000
v 0.452695 0.089556 0.488636
v 0.433013 0.087751 0.500000
v 0.452695 0.088204 0.511364
v 0.413330 0.082449 0.534091
v 0.413330 0.079399 0.556818
v 0.433013 0.083669 0.545455
v 0.373966 0.075833 0.534091
v 0.354283 0.073296 0.545455
v 0.373966 0.072485 0.556818
v 0.334601 0.071348 0.579545
v 0.334601 0.070821 0.602273
v 0.354283 0.070671 0.590909
v 0.295236 0.071425 0.579545
v 0.275554 0.070904 0.590909
v 0.295236 0.069792 0.602273
v 0.255871 0.076247 0.625000
v 0.255871 0.077078 0.647727
v 0.275554 0.073509 0.636364
v 0.216506 0.078237 0.625000
v 0.196824 0.079586 0.636364
v 0.216506 0.078831 0.647727
v 0.177142 0.076795 0.670455
v 0.177142 0.076704 0.693182
v 0.196824 0.077456 0.681818
v 0.137777 0.076226 0.670455
v 0.118094 0.078679 0.681818
v 0.137777 0.080306 0.693182
v 0.098412 0.086795 0.715909
v 0.098412 0.093035 0.738636
v 0.118094 0.088638 0.727273
v 0.059047 0.088814 0.715909
v 0.039365 0.091140 0.727273
v 0.059047 0.093247 0.738636
v 0.570789 0.097104 0.352273
v 0.570789 0.095482 0.375000
v 0.590472 0.096086 0.363636
v 0.531425 0.094282 0.352273
v 0.511742 0.092013 0.363636
v 0.531425 0.092779 0.375000
v 0.492060 0.089872 0.397727
v 0.492060 0.089656 0.420455
v 0.511742 0.089824 0.409091
v 0.452695 0.090275 0.397727
v 0.433013 0.091938 0.409091
v 0.452695 0.089225 0.420455
v 0.413330 0.088321 0.443182
v 0.413330 0.087637 0.465909
v 0.433013 0.088513 0.454545
v 0.373966 0.089754 0.443182
v 0.354283 0.090742 0.454545
v 0.373966 0.086664 0.465909
v 0.334601 0.088581 0.488636
v 0.334601 0.083455 0.511364
v 0.354283 0.084915 0.500000
v 0.295236 0.090702 0.488636
v 0.275554 0.088001 0.500000
v 0.295236 0.083834 0.511364
v 0.255871 0.080918 0.534091
v 0.255871 0.075700 0.556818
v 0.275554 0.076660 0.545455
v 0.216506 0.084752 0.534091
v 0.196824 0.082902 0.545455
v 0.216506 0.079538 0.556818
v 0.177142 0.080656 0.579545
v 0.177142 0.079334 0.602273
v 0.196824 0.081029 0.590909
v 0.137777 0.079200 0.579545
v 0.118094 0.077388 0.590909
v 0.137777 0.076553 0.602273
v 0.098412 0.075429 0.625000
v 0.098412 0.074303 0.647727
v 0.118094 0.075004 0.636364
v 0.059047 0.074465 0.625000
v 0.039365 0.075464 0.636364
v 0.059047 0.076907 0.647727
v 0.492060 0.100167 0.306818
v 0.492060 0.097135 0.329545
v 0.511742 0.095975 0.318182
v 0.452695 0.098321 0.306818
v 0.433013 0.099178 0.318182
v 0.452695 0.098001 0.329545
v 0.413330 0.096949 0.352273
v 0.413330 0.094797 0.375000
v 0.433013 0.096385 0.363636
v 0.373966 0.094923 0.352273
v 0.354283 0.098086 0.363636
v 0.373966 0.094965 0.375000
v 0.334601 0.096719 0.397727
v 0.334601 0.096251 0.420455
v 0.354283 0.096131 0.409091
v 0.295236 0.099714 0.397727
v 0.275554 0.098430 0.409091
v 0.295236 0.097763 0.420455
v 0.255871 0.092047 0.443182
v 0.255871 0.090557 0.465909
v 0.275554 0.091470 0.454545
v 0.216506 0.091088 0.443182
v 0.196824 0.090684 0.454545
v 0.216506 0.089902 0.465909
v 0.177142 0.088051 0.488636
v 0.177142 0.086340 0.511364
v 0.196824 0.087289 0.500000
v 0.137777 0.085071 0.488636
v 0.118094 0.083916 0.500000
v 0.137777 0.083531 0.511364
v 0.098412 0.079966 0.534091
v 0.098412 0.080158 0.556818
v 0.118094 0.079443 0.545455
v 0.059047 0.079981 0.534091
v 0.039365 0.079535 0.545455
v 0.059047 0.077947 0.556818
v 0.413330 0.098938 0.261364
v 0.413330 0.097111 0.284091
v 0.433013 0.099914 0.272727
v 0.373966 0.100731 0.261364
v 0.354283 0.100884 0.272727
v 0.373966 0.098324 0.284091
v 0.334601 0.098981 0.306818
v 0.334601 0.098784 0.329545
v 0.354283 0.096204 0.318182
v 0.295236 0.103232 0.306818
v 0.275554 0.101462 0.318182
v 0.295236 0.102690 0.329545
v 0.255871 0.100074 0.352273
v 0.255871 0.099027 0.375000
v 0.275554 0.102269 0.363636
v 0.216506 0.097148 0.352273
v 0.196824 0.092916 0.363636
v 0.216506 0.095997 0.375000
v 0.177142 0.090192 0.397727
v 0.177142 0.091522 0.420455
v 0.196824 0.092817 0.409091
v 0.137777 0.089562 0.397727
v 0.118094 0.091799 0.409091
v 0.137777 0.092922 0.420455
v 0.098412 0.090007 0.443182
v 0.098412 0.086804 0.465909
v 0.118094 0.090397 0.454545
v 0.059047 0.088617 0.443182
v 0.039365 0.085423 0.454545
v 0.059047 0.086048 0.465909
v 0.334601 0.112672 0.215909
v 0.334601 0.108540 0.238636
v 0.354283 0.108322 0.227273
v 0.295236 0.111723 0.215909
v 0.275554 0.110096 0.227273
v 0.295236 0.110553 0.238636
v 0.255871 0.106984 0.261364
v 0.255871 0.102720 0.284091
v 0.275554 0.105761 0.272727
v 0.216506 0.102905 0.261364
v 0.196824 0.103016 0.272727
v 0.216506 0.100148 0.284091
v 0.177142 0.099609 0.306818
v 0.177142 0.094312 0.329545
v 0.196824 0.096185 0.318182
v 0.137777 0.104585 0.306818
v 0.118094 0.102469 0.318182
v 0.137777 0.098819 0.329545
v 0.098412 0.096845 0.352273
v 0.098412 0.092684 0.375000
v 0.118094 0.093466 0.363636
v 0.059047 0.094716 0.352273
v 0.039365 0.091065 0.363636
v 0.059047 0.092766 0.375000
v 0.255871 0.111762 0.170455
v 0.255871 0.112608 0.193182
v 0.275554 0.114610 0.181818
v 0.216506 0.109644 0.170455
v 0.196824 0.106494 0.181818
v 0.216506 0.107612 0.193182
v 0.177142 0.106049 0.215909
v 0.177142 0.105200 0.238636
v 0.196824 0.104831 0.227273
v 0.137777 0.106614 0.215909
v 0.118094 0.103784 0.227273
v 0.137777 0.106536 0.238636
v 0.098412 0.105009 0.261364
v 0.098412 0.105019 0.284091
v 0.118094 0.106792 0.272727
v 0.059047 0.102468 0.261364
v 0.039365 0.101635 0.272727
v 0.059047 0.101521 0.284091
v 0.177142 0.102510 0.125000
v 0.177142 0.106428 0.147727
v 0.196824 0.105680 0.136364
v 0.137777 0.099659 0.125000
v 0.118094 0.101325 0.136364
v 0.137777 0.105492 0.147727
v 0.098412 0.103707 0.170455
v 0.098412 0.102898 0.193182
v 0.118094 0.104820 0.181818
v 0.059047 0.103569 0.170455
v 0.039365 0.106132 0.181818
v 0.059047 0.103938 0.193182
v 0.098412 0.090283 0.079545
v 0.098412 0.094925 0.102273
v 0.118094 0.092701 0.090909
v 0.059047 0.088933 0.079545
v 0.039365 0.090413 0.090909
v 0.059047 0.092453 0.102273
v 0.019682 0.103956 0.852273
v 0.019682 0.105148 0.875000
v 0.039365 0.105347 0.863636
v 0.019682 0.095979 0.761364
v 0.019682 0.099077 0.784091
v 0.039365 0.100053 0.772727
v 0.019682 0.084261 0.670455
v 0.019682 0.086737 0.693182
v 0.039365 0.085435 0.681818
v 0.019682 0.076268 0.579545
v 0.019682 0.073806 0.602273
v 0.039365 0.074581 0.590909
v 0.019682 0.082281 0.488636
v 0.019682 0.082364 0.511364
v 0.039365 0.084536 0.500000
v 0.019682 0.089057 0.397727
v 0.019682 0.084802 0.420455
v 0.039365 0.088568 0.409091
v 0.019682 0.095066 0.306818
v 0.019682 0.093285 0.329545
v 0.039365 0.095968 0.318182
v 0.019682 0.103934 0.215909
v 0.019682 0.104241 0.238636
v 0.039365 0.103860 0.227273
v 0.019682 0.097309 0.125000
v 0.019682 0.100144 0.147727
v 0.039365 0.099793 0.136364
v 0.019682 0.083131 0.034091
v 0.019682 0.085683 0.056818
v 0.039365 0.084837 0.045455
v 0.059047 0.083274 0.011364
v 0.059047 0.083045 -0.011364
v 0.039365 0.084001 -0.000000
v 0.098412 0.082503 0.011364
v 0.118094 0.081387 -0.000000
v 0.098412 0.080235 -0.011364
v 0.137777 0.080624 -0.034091
v 0.137777 0.078963 -0.056818
v 0.118094 0.078942 -0.045455
v 0.177142 0.080820 -0.034091
v 0.196824 0.079455 -0.045455
v 0.177142 0.076662 -0.056818
v 0.216506 0.076234 -0.079545
v 0.216506 0.073479 -0.102273
v 0.196824 0.072802 -0.090909
v 0.255871 0.078912 -0.079545
v 0.275554 0.079869 -0.090909
v 0.255871 0.075217 -0.102273
v 0.295236 0.077731 -0.125000
v 0.295236 0.074842 -0.147727
v 0.275554 0.075340 -0.136364
v 0.334601 0.076243 -0.125000
v 0.354283 0.074738 -0.136364
v 0.334601 0.073053 -0.147727
v 0.373966 0.067677 -0.170455
v 0.373966 0.064524 -0.193182
v 0.354283 0.066003 -0.181818
v 0.413330 0.070090 -0.170455
v 0.433013 0.072188 -0.181818
v 0.413330 0.067872 -0.193182
v 0.452695 0.071709 -0.215909
v 0.452695 0.070313 -0.238636
v 0.433013 0.067607 -0.227273
v 0.492060 0.076919 -0.215909
v 0.511742 0.078302 -0.227273
v 0.492060 0.074711 -0.238636
v 0.531425 0.078176 -0.261364
v 0.531425 0.078949 -0.284091
v 0.511742 0.076270 -0.272727
v 0.570789 0.078578 -0.261364
v 0.590472 0.082363 -0.272727
v 0.570789 0.081356 -0.284091
v 0.610154 0.085211 -0.306818
v 0.610154 0.084757 -0.329545
v 0.590472 0.081671 -0.318182
v 0.649519 0.088665 -0.306818
v 0.669201 0.089388 -0.318182
v 0.649519 0.087211 -0.329545
v 0.688884 0.086839 -0.352273
v 0.688884 0.085231 -0.375000
v 0.669201 0.084778 -0.363636
v 0.728249 0.089718 -0.352273
v 0.747931 0.091071 -0.363636
v 0.728249 0.086536 -0.375000
v 0.767613 0.092162 -0.397727
v 0.767613 0.091795 -0.420455
v 0.747931 0.088506 -0.409091
v 0.806978 0.097280 -0.397727
v 0.826661 0.099047 -0.409091
v 0.806978 0.097573 -0.420455
v 0.137777 0.086838 0.056818
v 0.137777 0.086583 0.034091
v 0.118094 0.085128 0.045455
v 0.177142 0.086729 0.056818
v 0.196824 0.085625 0.045455
v 0.177142 0.085740 0.034091
v 0.216506 0.083898 0.011364
v 0.216506 0.082890 -0.011364
v 0.196824 0.083679 -0.000000
v 0.255871 0.089267 0.011364
v 0.275554 0.091017 -0.000000
v 0.255871 0.088246 -0.011364
v 0.295236 0.092071 -0.034091
v 0.295236 0.087884 -0.056818
v 0.275554 0.086815 -0.045455
v 0.334601 0.091627 -0.034091
v 0.354283 0.089506 -0.045455
v 0.334601 0.088132 -0.056818
v 0.373966 0.082504 -0.079545
v 0.373966 0.077839 -0.102273
v 0.354283 0.081588 -0.090909
v 0.413330 0.081415 -0.079545
v 0.433013 0.078197 -0.090909
v 0.413330 0.075680 -0.102273
v 0.452695 0.078634 -0.125000
v 0.452695 0.079148 -0.147727
v 0.433013 0.074180 -0.136364
v 0.492060 0.081351 -0.125000
v 0.511742 0.083535 -0.136364
v 0.492060 0.080906 -0.147727
v 0.531425 0.080306 -0.170455
v 0.531425 0.079022 -0.193182
v 0.511742 0.081715 -0.181818
v 0.570789 0.076094 -0.170455
v 0.590472 0.075607 -0.181818
v 0.570789 0.074781 -0.193182
v 0.610154 0.078875 -0.215909
v 0.610154 0.080480 -0.238636
v 0.590472 0.076531 -0.227273
v 0.649519 0.085132 -0.215909
v 0.669201 0.086102 -0.227273
v 0.649519 0.085702 -0.238636
v 0.688884 0.089840 -0.261364
v 0.688884 0.090384 -0.284091
v 0.669201 0.087847 -0.272727
v 0.728249 0.090583 -0.261364
v 0.747931 0.094072 -0.272727
v 0.728249 0.092486 -0.284091
v 0.767613 0.098391 -0.306818
v 0.767613 0.097604 -0.329545
v 0.747931 0.094678 -0.318182
v 0.806978 0.101015 -0.306818
v 0.826661 0.100603 -0.318182
v 0.806978 0.100207 -0.329545
v 0.216506 0.099684 0.102273
v 0.216506 0.092353 0.079545
v 0.196824 0.093402 0.090909
v 0.255871 0.099333 0.102273
v 0.275554 0.098344 0.090909
v 0.255871 0.094770 0.079545
v 0.295236 0.093781 0.056818
v 0.295236 0.091619 0.034091
v 0.275554 0.092536 0.045455
v 0.334601 0.093727 0.056818
v 0.354283 0.092099 0.045455
v 0.334601 0.092247 0.034091
v 0.373966 0.092104 0.011364
v 0.373966 0.093749 -0.011364
v 0.354283 0.092666 -0.000000
v 0.413330 0.090695 0.011364
v 0.433013 0.091745 0.000000
v 0.413330 0.091939 -0.011364
v 0.452695 0.089433 -0.034091
v 0.452695 0.086264 -0.056818
v 0.433013 0.087172 -0.045455
v 0.492060 0.091697 -0.034091
v 0.511742 0.090782 -0.045455
v 0.492060 0.088804 -0.056818
v 0.531425 0.090020 -0.079545
v 0.531425 0.086711 -0.102273
v 0.511742 0.085551 -0.090909
v 0.570789 0.091549 -0.079545
v 0.590472 0.091181 -0.090909
v 0.570789 0.086821 -0.102273
v 0.610154 0.086486 -0.125000
v 0.610154 0.080961 -0.147727
v 0.590472 0.083167 -0.136364
v 0.649519 0.088722 -0.125000
v 0.669201 0.088886 -0.136364
v 0.649519 0.085532 -0.147727
v 0.688884 0.087137 -0.170455
v 0.688884 0.087493 -0.193182
v 0.669201 0.085612 -0.181818
v 0.728249 0.091338 -0.170455
v 0.747931 0.092199 -0.181818
v 0.728249 0.090340 -0.193182
v 0.767613 0.094540 -0.215909
v 0.767613 0.096889 -0.238636
v 0.747931 0.091826 -0.227273
v 0.806978 0.098744 -0.215909
v 0.826661 0.099481 -0.227273
v 0.806978 0.099464 -0.238636
v 0.295236 0.109629 0.147727
v 0.295236 0.104761 0.125000
v 0.275554 0.107815 0.136364
v 0.334601 0.109415 0.147727
v 0.354283 0.108183 0.136364
v 0.334601 0.105638 0.125000
v 0.373966 0.101222 0.102273
v 0.373966 0.097874 0.079545
v 0.354283 0.098531 0.090909
v 0.413330 0.099341 0.102273
v 0.433013 0.099193 0.090909
v 0.413330 0.095875 0.079545
v 0.452695 0.095641 0.056818
v 0.452695 0.092241 0.034091
v 0.433013 0.094468 0.045455
v 0.492060 0.095764 0.056818
v 0.511742 0.095198 0.045455
v 0.492060 0.093287 0.034091
v 0.531425 0.094913 0.011364
v 0.531425 0.093611 -0.011364
v 0.511742 0.092738 0.000000
v 0.570789 0.094673 0.011364
v 0.590472 0.095447 0.000000
v 0.570789 0.095621 -0.011364
v 0.610154 0.095278 -0.034091
v 0.610154 0.095472 -0.056818
v 0.590472 0.095761 -0.045455
v 0.649519 0.095659 -0.034091
v 0.669201 0.095823 -0.045455
v 0.649519 0.094627 -0.056818
v 0.688884 0.097043 -0.079545
v 0.688884 0.093846 -0.102273
v 0.669201 0.095996 -0.090909
v 0.728249 0.097496 -0.079545
v 0.747931 0.098999 -0.090909
v 0.728249 0.097132 -0.102273
v 0.767613 0.098803 -0.125000
v 0.767613 0.098696 -0.147727
v 0.747931 0.096451 -0.136364
v 0.806978 0.100048 -0.125000
v 0.826661 0.099473 -0.136364
v 0.806978 0.099767 -0.147727
v 0.373966 0.112727 0.193182
v 0.373966 0.112578 0.170455
v 0.354283 0.114440 0.181818
v 0.413330 0.106425 0.193182
v 0.433013 0.104942 0.181818
v 0.413330 0.106797 0.170455
v 0.452695 0.104774 0.147727
v 0.452695 0.101984 0.125000
v 0.433013 0.102634 0.136364
v 0.492060 0.107700 0.147727
v 0.511742 0.108249 0.136364
v 0.492060 0.105148 0.125000
v 0.531425 0.105233 0.102273
v 0.531425 0.102396 0.079545
v 0.511742 0.104582 0.090909
v 0.570789 0.103393 0.102273
v 0.590472 0.099354 0.090909
v 0.570789 0.097997 0.079545
v 0.610154 0.095371 0.056818
v 0.610154 0.095038 0.034091
v 0.590472 0.095790 0.045455
v 0.649519 0.100260 0.056818
v 0.669201 0.104392 0.045455
v 0.649519 0.099620 0.034091
v 0.688884 0.102299 0.011364
v 0.688884 0.097933 -0.011364
v 0.669201 0.099409 0.000000
v 0.728249 0.100524 0.011364
v 0.747931 0.097908 0.000000
v 0.728249 0.096711 -0.011364
v 0.767613 0.097095 -0.034091
v 0.767613 0.097362 -0.056818
v 0.747931 0.096737 -0.045455
v 0.806978 0.098630 -0.034091
v 0.826661 0.099421 -0.045455
v 0.806978 0.098694 -0.056818
v 0.452695 0.104137 0.238636
v 0.452695 0.107100 0.215909
v 0.433013 0.104971 0.227273
v 0.492060 0.109556 0.238636
v 0.511742 0.109897 0.227273
v 0.492060 0.110762 0.215909
v 0.531425 0.112530 0.193182
v 0.531425 0.112588 0.170455
v 0.511742 0.111138 0.181818
v 0.570789 0.113544 0.193182
v 0.590472 0.115200 0.181818
v 0.570789 0.112749 0.170455
v 0.610154 0.111465 0.147727
v 0.610154 0.107635 0.125000
v 0.590472 0.109112 0.136364
v 0.649519 0.109393 0.147727
v 0.669201 0.107734 0.136364
v 0.649519 0.106141 0.125000
v 0.688884 0.107648 0.102273
v 0.688884 0.107922 0.079545
v 0.669201 0.106076 0.090909
v 0.728249 0.110918 0.102273
v 0.747931 0.110529 0.090909
v 0.728249 0.110291 0.079545
v 0.767613 0.105960 0.056818
v 0.767613 0.101249 0.034091
v 0.747931 0.104798 0.045455
v 0.806978 0.103129 0.056818
v 0.826661 0.101332 0.045455
v 0.806978 0.101577 0.034091
v 0.531425 0.101397 0.284091
v 0.531425 0.105098 0.261364
v 0.511742 0.104403 0.272727
v 0.570789 0.100065 0.284091
v 0.590472 0.101828 0.272727
v 0.570789 0.102268 0.261364
v 0.610154 0.109663 0.238636
v 0.610154 0.113585 0.215909
v 0.590472 0.109450 0.227273
v 0.649519 0.112362 0.238636
v 0.669201 0.113708 0.227273
v 0.649519 0.115806 0.215909
v 0.688884 0.114568 0.193182
v 0.688884 0.113532 0.170455
v 0.669201 0.114852 0.181818
v 0.728249 0.113335 0.193182
v 0.747931 0.112820 0.181818
v 0.728249 0.115248 0.170455
v 0.767613 0.110351 0.147727
v 0.767613 0.110772 0.125000
v 0.747931 0.112985 0.136364
v 0.806978 0.104810 0.147727
v 0.826661 0.102190 0.136364
v 0.806978 0.104625 0.125000
v 0.610154 0.096415 0.329545
v 0.610154 0.096991 0.306818
v 0.590472 0.095538 0.318182
v 0.649519 0.094959 0.329545
v 0.669201 0.096915 0.318182
v 0.649519 0.097391 0.306818
v 0.688884 0.101580 0.284091
v 0.688884 0.105703 0.261364
v 0.669201 0.103161 0.272727
v 0.728249 0.102345 0.284091
v 0.747931 0.105006 0.272727
v 0.728249 0.104776 0.261364
v 0.767613 0.108611 0.238636
v 0.767613 0.110700 0.215909
v 0.747931 0.109521 0.227273
v 0.806978 0.106546 0.238636
v 0.826661 0.103111 0.227273
v 0.806978 0.106249 0.215909
v 0.688884 0.093676 0.375000
v 0.688884 0.094847 0.352273
v 0.669201 0.091490 0.363636
v 0.728249 0.099482 0.375000
v 0.747931 0.102082 0.363636
v 0.728249 0.100671 0.352273
v 0.767613 0.106488 0.329545
v 0.767613 0.107144 0.306818
v 0.747931 0.104417 0.318182
v 0.806978 0.103688 0.329545
v 0.826661 0.102445 0.318182
v 0.806978 0.105426 0.306818
v 0.767613 0.097239 0.420455
v 0.767613 0.099626 0.397727
v 0.747931 0.098584 0.409091
v 0.806978 0.097999 0.420455
v 0.826661 0.099209 0.409091
v 0.806978 0.099870 0.397727
v 0.846343 0.099820 -0.352273
v 0.846343 0.099731 -0.375000
v 0.826661 0.099548 -0.363636
v 0.846343 0.099810 -0.261364
v 0.846343 0.100034 -0.284091
v 0.826661 0.100471 -0.272727
v 0.846343 0.099614 -0.170455
v 0.846343 0.099606 -0.193182
v 0.826661 0.099463 -0.181818
v 0.846343 0.099468 -0.079545
v 0.846343 0.099487 -0.102273
v 0.826661 0.098926 -0.090909
v 0.846343 0.100079 0.011364
v 0.846343 0.099934 -0.011364
v 0.826661 0.100135 0.000000
v 0.846343 0.100522 0.102273
v 0.846343 0.100415 0.079545
v 0.826661 0.102012 0.090909
v 0.846343 0.100752 0.193182
v 0.846343 0.100583 0.170455
v 0.826661 0.102359 0.181818
v 0.846343 0.100972 0.284091
v 0.846343 0.100937 0.261364
v 0.826661 0.103276 0.272727
v 0.846343 0.100088 0.375000
v 0.846343 0.100257 0.352273
v 0.826661 0.100706 0.363636
v 0.846343 0.099856 0.465909
v 0.846343 0.099784 0.443182
v 0.826661 0.099367 0.454545
v 0.846343 0.099689 -0.443182
v 0.846343 0.099681 -0.465909
v 0.826661 0.098659 -0.454545
v 0.019682 0.102833 0.943182
v 0.019682 0.100911 0.965909
v 0.039365 0.100837 0.954545
v -0.806978 0.098453 0.488636
v -0.826661 0.099671 0.500000
v -0.806978 0.099618 0.511364
v -0.826661 0.097461 -0.454545
v -0.846343 0.099368 -0.465909
v -0.846343 0.099229 -0.443182
v -0.019682 0.099560 -0.943182
v -0.019682 0.099743 -0.965909
v -0.039365 0.099944 -0.954545
v 0.806978 0.097825 -0.488636
v 0.826661 0.099363 -0.500000
v 0.806978 0.099097 -0.511364
vn -0.0000 0.9999 0.0146
vn 0.0206 0.9997 0.0119
vn 0.0107 0.9999 -0.0062
vn -0.0000 0.9989 0.0468
vn -0.0057 1.0000 -0.0033
vn -0.0181 0.9998 0.0105
vn 0.0001 0.9998 -0.0212
vn 0.0194 0.9994 0.0299
vn 0.0166 0.9992 0.0351
vn -0.0000 1.0000 0.0057
vn -0.0072 0.9998 -0.0168
vn 0.0157 0.9997 0.0182
vn 0.0253 0.9988 0.0411
vn 0.0212 0.9990 0.0397
vn 0.0069 0.9999 0.0147
vn 0.0056 1.0000 0.0081
vn -0.0015 1.0000 -0.0000
vn 0.0202 0.9998 0.0016
vn 0.0305 0.9995 0.0003
vn 0.0221 0.9998 -0.0003
vn 0.0139 0.9999 -0.0015
vn 0.0119 0.9999 0.0027
vn -0.0287 0.9996 0.0020
vn -0.0215 0.9998 -0.0014
vn -0.0049 1.0000 -0.0007
vn 0.0174 0.9998 -0.0019
vn 0.0362 0.9993 -0.0009
vn -0.0124 0.9997 0.0195
vn -0.0076 0.9999 0.0148
vn -0.0027 1.0000 -0.0015
vn 0.0198 0.9989 -0.0423
vn 0.0431 0.9961 -0.0771
vn 0.0493 0.9944 -0.0937
vn 0.0567 0.9939 -0.0947
vn 0.0429 0.9966 -0.0700
vn 0.0273 0.9988 -0.0411
vn 0.0137 0.9997 -0.0220
vn -0.0188 0.9995 -0.0251
vn -0.0306 0.9983 -0.0498
vn -0.0421 0.9968 -0.0674
vn -0.0465 0.9958 -0.0786
vn -0.0556 0.9942 -0.0915
vn -0.0507 0.9948 -0.0879
vn -0.0402 0.9964 -0.0748
vn -0.0171 0.9992 -0.0374
vn -0.0017 1.0000 -0.0097
vn 0.0213 0.9992 0.0338
vn -0.0156 0.9999 0.0014
vn 0.0002 1.0000 -0.0010
vn -0.0183 0.9998 0.0018
vn -0.0205 0.9998 -0.0000
vn -0.0146 0.9999 -0.0027
vn 0.0166 0.9999 -0.0030
vn 0.0283 0.9996 -0.0006
vn 0.0447 0.9990 -0.0019
vn 0.0349 0.9994 0.0035
vn -0.0084 1.0000 -0.0001
vn -0.0170 0.9993 0.0325
vn -0.0340 0.9976 0.0608
vn -0.0396 0.9968 0.0700
vn -0.0379 0.9971 0.0660
vn -0.0306 0.9983 0.0492
vn -0.0195 0.9993 0.0317
vn -0.0055 1.0000 0.0058
vn -0.0136 0.9995 0.0290
vn -0.0278 0.9985 0.0463
vn -0.0252 0.9988 0.0426
vn 0.0289 0.9984 -0.0480
vn -0.0311 0.9901 -0.1368
vn -0.0104 0.9997 -0.0217
vn 0.0776 0.9850 -0.1542
vn -0.0094 1.0000 0.0023
vn -0.1415 0.9884 0.0557
vn -0.0571 0.9983 -0.0081
vn -0.0279 0.9994 0.0219
vn -0.0829 0.9958 0.0378
vn -0.1314 0.9913 0.0065
vn 0.0857 0.9940 -0.0681
vn -0.0058 0.9992 -0.0386
vn 0.0124 0.9942 0.1072
vn -0.0207 0.9997 -0.0132
vn -0.1334 0.9855 0.1052
vn 0.0429 0.9978 -0.0503
vn 0.0270 0.9970 -0.0721
vn -0.0830 0.9832 -0.1624
vn 0.0692 0.9910 -0.1144
vn 0.1380 0.9896 -0.0394
vn 0.1146 0.9861 0.1207
vn 0.0698 0.9975 0.0129
vn -0.0497 0.9942 0.0958
vn -0.0646 0.9979 0.0106
vn -0.0242 0.9942 0.1052
vn -0.0489 0.9988 -0.0037
vn 0.0309 0.9995 -0.0044
vn 0.0791 0.9883 -0.1302
vn 0.0893 0.9907 -0.1029
vn 0.0405 0.9956 -0.0841
vn 0.0687 0.9976 0.0083
vn 0.0279 0.9994 -0.0188
vn 0.1412 0.9869 0.0782
vn 0.0080 0.9994 -0.0351
vn -0.1081 0.9937 0.0286
vn -0.0585 0.9870 0.1499
vn -0.0942 0.9939 -0.0568
vn 0.0241 0.9857 0.1665
vn 0.0300 0.9988 0.0391
vn -0.0481 0.9883 -0.1450
vn -0.0600 0.9981 -0.0151
vn -0.1123 0.9937 0.0062
vn 0.0625 0.9977 0.0259
vn -0.0516 0.9970 0.0585
vn -0.0703 0.9907 0.1165
vn 0.0470 0.9857 0.1620
vn 0.0089 0.9974 -0.0719
vn -0.0166 0.9863 -0.1642
vn -0.0167 0.9863 -0.1642
vn -0.0368 0.9962 -0.0795
vn -0.0257 0.9996 -0.0085
vn 0.0424 0.9987 -0.0292
vn -0.0129 0.9920 -0.1254
vn 0.0534 0.9848 -0.1653
vn -0.0226 0.9978 0.0629
vn -0.0957 0.9949 0.0321
vn -0.0598 0.9970 0.0490
vn -0.1125 0.9756 0.1885
vn -0.0685 0.9974 -0.0220
vn -0.0203 0.9773 -0.2109
vn 0.0411 0.9950 0.0910
vn 0.0109 0.9999 -0.0083
vn -0.1138 0.9922 0.0501
vn 0.1460 0.9890 -0.0252
vn 0.0647 0.9916 0.1120
vn -0.0596 0.9760 0.2097
vn 0.1437 0.9885 -0.0469
vn -0.0510 0.9952 -0.0840
vn -0.0082 0.9955 -0.0947
vn 0.0033 0.9902 0.1396
vn -0.0706 0.9959 -0.0558
vn -0.0258 0.9932 -0.1131
vn -0.0575 0.9914 -0.1178
vn 0.0022 0.9947 -0.1030
vn -0.0494 0.9977 -0.0456
vn -0.0118 0.9996 0.0268
vn -0.0275 0.9995 0.0133
vn -0.0705 0.9960 -0.0549
vn 0.0183 0.9983 -0.0545
vn -0.0673 0.9920 -0.1068
vn 0.1041 0.9851 -0.1369
vn -0.0915 0.9946 -0.0496
vn -0.0907 0.9904 -0.1047
vn -0.0442 0.9906 -0.1293
vn -0.0529 0.9985 -0.0127
vn -0.0403 0.9984 -0.0402
vn -0.0199 0.9972 -0.0714
vn 0.0308 0.9800 -0.1965
vn -0.0898 0.9954 0.0340
vn -0.0649 0.9976 0.0234
vn -0.1406 0.9895 -0.0333
vn 0.0670 0.9846 -0.1613
vn -0.0736 0.9939 -0.0821
vn 0.0532 0.9804 -0.1895
vn 0.0063 0.9990 -0.0436
vn -0.0613 0.9952 -0.0761
vn -0.0980 0.9935 -0.0576
vn -0.0807 0.9948 -0.0619
vn -0.1062 0.9919 0.0704
vn 0.0162 0.9987 0.0489
vn -0.0993 0.9924 -0.0730
vn 0.0168 0.9948 -0.1000
vn -0.0319 0.9867 -0.1591
vn -0.1197 0.9820 -0.1459
vn 0.0105 0.9985 -0.0541
vn -0.0755 0.9834 -0.1650
vn 0.0282 0.9995 -0.0156
vn -0.0206 0.9995 0.0231
vn -0.0725 0.9904 0.1180
vn 0.0696 0.9947 0.0762
vn -0.1334 0.9901 0.0442
vn -0.0275 0.9978 0.0602
vn 0.0353 0.9919 0.1224
vn -0.0790 0.9966 0.0253
vn 0.0621 0.9904 0.1232
vn 0.0097 0.9954 0.0948
vn -0.0047 0.9964 0.0843
vn -0.0509 0.9930 0.1070
vn 0.0867 0.9961 0.0147
vn -0.0318 0.9994 0.0124
vn -0.0474 0.9950 0.0882
vn -0.0481 0.9960 0.0751
vn -0.0031 0.9946 0.1033
vn 0.0217 0.9918 0.1258
vn 0.0534 0.9970 0.0558
vn 0.0337 0.9920 0.1216
vn 0.1021 0.9780 -0.1821
vn -0.0941 0.9954 0.0194
vn 0.0915 0.9958 0.0055
vn 0.0138 0.9731 0.2301
vn -0.0430 0.9928 0.1116
vn -0.0280 0.9995 0.0134
vn -0.0524 0.9957 0.0770
vn 0.0019 0.9796 -0.2009
vn 0.0968 0.9684 -0.2298
vn -0.0683 0.9969 -0.0396
vn 0.0066 0.9946 -0.1034
vn -0.0966 0.9953 -0.0111
vn -0.0063 0.9886 0.1501
vn 0.0008 0.9999 -0.0116
vn -0.0067 1.0000 -0.0065
vn 0.0646 0.9979 0.0020
vn 0.0428 0.9978 -0.0514
vn -0.0021 0.9785 -0.2063
vn -0.0446 0.9709 -0.2351
vn -0.1214 0.9616 -0.2460
vn -0.1301 0.9804 -0.1480
vn -0.1264 0.9904 -0.0558
vn -0.0099 0.9987 -0.0509
vn -0.1124 0.9931 -0.0345
vn 0.0046 0.9831 -0.1828
vn 0.0804 0.9968 0.0039
vn 0.0052 0.9936 0.1128
vn -0.0592 0.9838 0.1694
vn 0.0822 0.9831 0.1637
vn -0.0704 0.9951 0.0693
vn 0.1076 0.9887 0.1041
vn 0.0622 0.9936 0.0942
vn -0.0049 0.9987 0.0512
vn -0.0356 0.9785 0.2030
vn 0.0044 0.9988 0.0488
vn 0.0859 0.9958 0.0331
vn 0.0524 0.9977 -0.0428
vn 0.1177 0.9927 0.0263
vn -0.0071 0.9986 -0.0523
vn -0.0606 0.9980 -0.0176
vn 0.0028 0.9999 -0.0163
vn 0.1444 0.9814 0.1262
vn 0.0059 0.9947 0.1029
vn 0.0397 0.9992 0.0037
vn -0.0095 0.9999 -0.0132
vn -0.1058 0.9937 0.0357
vn -0.0648 0.9923 0.1054
vn 0.0262 0.9913 0.1288
vn 0.1450 0.9892 0.0222
vn -0.0498 0.9984 -0.0249
vn 0.0325 0.9992 -0.0240
vn -0.0290 0.9835 -0.1787
vn 0.0277 0.9974 -0.0663
vn 0.0694 0.9959 0.0577
vn -0.0153 0.9990 0.0431
vn -0.0125 0.9991 0.0405
vn 0.0133 0.9943 -0.1056
vn 0.0792 0.9888 -0.1264
vn -0.0439 0.9815 -0.1861
vn 0.0311 0.9936 -0.1090
vn 0.0833 0.9915 -0.0995
vn 0.0933 0.9929 -0.0734
vn 0.1046 0.9821 -0.1569
vn 0.0499 0.9905 -0.1280
vn 0.0559 0.9829 -0.1752
vn -0.0104 0.9924 -0.1229
vn -0.0044 0.9975 -0.0701
vn -0.0009 0.9995 -0.0326
vn -0.0015 0.9992 0.0394
vn -0.0002 0.9952 -0.0978
vn 0.0967 0.9944 -0.0427
vn 0.0453 0.9985 0.0310
vn -0.0597 0.9962 -0.0627
vn -0.0726 0.9969 0.0310
vn 0.0194 0.9907 -0.1348
vn -0.0932 0.9954 -0.0225
vn -0.1001 0.9928 -0.0654
vn -0.1066 0.9941 -0.0201
vn -0.0152 0.9655 -0.2599
vn -0.0238 0.9966 0.0790
vn -0.0927 0.9889 -0.1164
vn -0.0423 0.9908 0.1285
vn -0.0427 0.9742 -0.2216
vn -0.1605 0.9797 -0.1200
vn -0.0458 0.9913 0.1230
vn 0.0307 0.9994 -0.0127
vn -0.1809 0.9833 -0.0206
vn -0.0164 0.9996 -0.0248
vn -0.1003 0.9824 -0.1577
vn -0.0988 0.9938 -0.0515
vn 0.0388 0.9992 -0.0049
vn 0.0891 0.9953 -0.0384
vn 0.1507 0.9849 0.0849
vn 0.0641 0.9936 -0.0935
vn 0.0353 0.9993 -0.0150
vn -0.0247 0.9993 -0.0279
vn -0.1052 0.9913 -0.0792
vn 0.1038 0.9936 -0.0443
vn 0.0633 0.9965 -0.0537
vn 0.1352 0.9888 -0.0629
vn 0.2432 0.9663 0.0844
vn 0.1930 0.9768 0.0932
vn 0.0824 0.9953 -0.0511
vn 0.1467 0.9888 0.0289
vn -0.0036 0.9968 -0.0796
vn 0.1859 0.9823 -0.0235
vn 0.1481 0.9868 -0.0659
vn 0.0772 0.9964 -0.0335
vn 0.0075 0.9999 -0.0149
vn 0.0760 0.9945 0.0715
vn 0.1492 0.9887 0.0119
vn 0.1661 0.9856 0.0329
vn 0.1613 0.9867 0.0179
vn 0.1671 0.9843 -0.0568
vn 0.0039 0.9990 -0.0441
vn -0.0283 0.9995 -0.0113
vn 0.1027 0.9879 0.1165
vn -0.0463 0.9941 0.0981
vn 0.1327 0.9898 -0.0519
vn -0.0195 0.9997 -0.0114
vn 0.0361 0.9979 -0.0544
vn 0.0547 0.9978 0.0365
vn -0.0184 0.9998 0.0125
vn 0.0441 0.9973 0.0588
vn -0.0322 0.9987 0.0401
vn 0.0207 0.9995 0.0241
vn 0.0660 0.9923 0.1045
vn 0.1051 0.9942 0.0211
vn 0.0221 0.9945 0.1020
vn 0.0357 0.9857 0.1648
vn 0.0354 0.9913 0.1269
vn 0.1314 0.9882 -0.0783
vn 0.0325 0.9956 0.0882
vn 0.0620 0.9918 0.1117
vn -0.1022 0.9929 0.0609
vn -0.0139 0.9958 0.0902
vn -0.0176 0.9922 0.1235
vn -0.0572 0.9895 0.1326
vn 0.2443 0.9688 -0.0423
vn -0.0037 0.9943 0.1068
vn 0.0391 0.9855 0.1650
vn -0.0352 0.9991 0.0250
vn -0.0644 0.9979 -0.0067
vn -0.0588 0.9969 -0.0521
vn -0.1031 0.9939 -0.0390
vn 0.0039 0.9962 -0.0873
vn 0.1261 0.9849 -0.1185
vn -0.0594 0.9979 -0.0251
vn -0.1975 0.9794 0.0427
vn -0.1506 0.9880 0.0333
vn 0.0007 0.9997 -0.0248
vn -0.0000 0.9996 0.0285
vn -0.0521 0.9943 0.0930
vn 0.0578 0.9929 0.1043
vn 0.0868 0.9962 -0.0075
vn -0.0145 0.9997 -0.0184
vn -0.0720 0.9962 0.0481
vn 0.0366 0.9884 0.1475
vn 0.0761 0.9853 0.1527
vn 0.0374 0.9945 -0.0974
vn -0.0840 0.9932 0.0800
vn -0.0501 0.9896 0.1346
vn 0.0708 0.9944 -0.0782
vn 0.1311 0.9887 0.0727
vn -0.0181 0.9994 0.0283
vn -0.0652 0.9958 0.0638
vn 0.0622 0.9830 0.1727
vn 0.0407 0.9981 -0.0455
vn -0.0018 0.9981 0.0609
vn -0.0920 0.9941 0.0578
vn 0.0363 0.9993 0.0061
vn 0.0693 0.9968 0.0391
vn 0.0114 0.9965 0.0823
vn 0.0050 0.9904 0.1385
vn 0.0587 0.9932 0.1002
vn -0.2028 0.9737 0.1034
vn 0.0119 0.9964 0.0841
vn 0.0649 0.9979 0.0052
vn 0.1433 0.9872 0.0704
vn 0.1150 0.9916 -0.0594
vn 0.0406 0.9919 0.1205
vn -0.1084 0.9938 0.0234
vn -0.0560 0.9983 0.0164
vn -0.0480 0.9725 0.2278
vn -0.0462 0.9917 0.1203
vn -0.0935 0.9943 -0.0512
vn 0.0168 0.9989 0.0446
vn 0.0851 0.9934 0.0774
vn -0.0028 0.9944 0.1053
vn -0.1386 0.9791 0.1492
vn -0.0325 0.9889 0.1450
vn -0.1262 0.9920 0.0049
vn -0.0269 0.9983 -0.0521
vn 0.0044 0.9997 0.0236
vn 0.0532 0.9961 -0.0699
vn -0.1032 0.9882 0.1133
vn 0.0709 0.9947 0.0741
vn 0.1352 0.9907 -0.0182
vn -0.0331 0.9950 -0.0938
vn 0.0490 0.9965 -0.0671
vn -0.0938 0.9954 -0.0198
vn -0.0251 0.9978 0.0610
vn -0.0229 0.9978 0.0616
vn 0.0167 0.9976 0.0671
vn 0.0065 1.0000 0.0054
vn 0.0356 0.9994 0.0020
vn 0.0097 0.9998 -0.0153
vn 0.0231 0.9990 0.0379
vn -0.0092 1.0000 -0.0011
vn -0.0229 0.9992 0.0319
vn -0.0654 0.9976 0.0209
vn -0.0061 0.9989 -0.0469
vn -0.0452 0.9990 -0.0062
vn -0.0233 0.9993 -0.0308
vn -0.0146 0.9997 -0.0186
vn -0.0339 0.9977 -0.0594
vn 0.0146 0.9996 0.0252
vn 0.0242 0.9989 0.0407
vn 0.0076 0.9998 0.0158
vn -0.0076 0.9999 -0.0111
vn 0.0008 1.0000 -0.0053
vn 0.0210 0.9993 0.0317
vn 0.0242 0.9988 0.0436
vn 0.0128 0.9995 0.0291
vn 0.0017 1.0000 0.0034
vn 0.0036 1.0000 0.0071
vn 0.0216 0.9998 -0.0016
vn 0.0193 0.9998 -0.0011
vn 0.0253 0.9997 0.0008
vn 0.0158 0.9999 0.0017
vn 0.0170 0.9999 -0.0001
vn -0.0093 0.9999 0.0042
vn -0.0321 0.9995 -0.0007
vn -0.0079 1.0000 -0.0009
vn 0.0021 1.0000 -0.0006
vn 0.0296 0.9996 0.0002
vn -0.0232 0.9992 0.0333
vn -0.0095 0.9998 0.0154
vn -0.0049 0.9999 0.0093
vn 0.0062 0.9998 -0.0194
vn 0.0316 0.9975 -0.0632
vn 0.0449 0.9957 -0.0816
vn 0.0601 0.9927 -0.1046
vn 0.0499 0.9954 -0.0815
vn 0.0328 0.9980 -0.0543
vn 0.0190 0.9993 -0.0315
vn -0.0087 0.9999 -0.0089
vn -0.0276 0.9986 -0.0455
vn -0.0365 0.9977 -0.0576
vn -0.0443 0.9963 -0.0734
vn -0.0509 0.9951 -0.0848
vn -0.0544 0.9941 -0.0938
vn -0.0449 0.9957 -0.0815
vn -0.0327 0.9975 -0.0623
vn -0.0109 0.9997 -0.0218
vn 0.0125 0.9998 0.0127
vn -0.0160 0.9999 -0.0001
vn -0.0114 0.9999 -0.0013
vn -0.0040 1.0000 0.0033
vn -0.0198 0.9998 -0.0001
vn -0.0266 0.9996 0.0003
vn 0.0003 1.0000 -0.0021
vn 0.0238 0.9997 -0.0016
vn 0.0339 0.9994 -0.0025
vn 0.0484 0.9988 -0.0005
vn 0.0088 1.0000 0.0025
vn -0.0141 0.9996 0.0259
vn -0.0249 0.9984 0.0515
vn -0.0398 0.9968 0.0688
vn -0.0392 0.9970 0.0667
vn -0.0369 0.9976 0.0592
vn -0.0250 0.9988 0.0412
vn -0.0131 0.9997 0.0187
vn -0.0049 0.9999 0.0124
vn -0.0262 0.9986 0.0464
vn -0.0264 0.9987 0.0433
vn 0.0078 0.9985 -0.0543
vn 0.0044 0.9868 -0.1620
vn -0.0440 0.9989 -0.0157
vn -0.0128 0.9985 -0.0533
vn -0.0141 0.9997 -0.0188
vn -0.0835 0.9965 -0.0088
vn -0.0659 0.9974 0.0277
vn -0.0953 0.9947 0.0391
vn 0.0419 0.9963 -0.0748
vn -0.1152 0.9929 0.0306
vn 0.0614 0.9973 -0.0407
vn -0.0063 0.9992 -0.0388
vn -0.0013 0.9993 0.0365
vn 0.0043 0.9997 0.0250
vn -0.0545 0.9985 -0.0101
vn -0.0937 0.9931 0.0707
vn 0.0621 0.9976 -0.0308
vn -0.1022 0.9823 -0.1569
vn -0.0001 0.9861 -0.1663
vn 0.0460 0.9988 -0.0153
vn 0.0874 0.9947 0.0549
vn 0.1241 0.9863 0.1091
vn -0.0372 0.9983 -0.0440
vn -0.1186 0.9909 0.0642
vn -0.0374 0.9992 0.0138
vn 0.0724 0.9920 0.1031
vn -0.0883 0.9948 -0.0499
vn 0.1017 0.9943 -0.0330
vn 0.0669 0.9898 -0.1257
vn 0.0740 0.9954 -0.0614
vn 0.0175 0.9994 0.0313
vn 0.0528 0.9985 0.0111
vn 0.0816 0.9957 -0.0435
vn 0.1174 0.9855 0.1227
vn -0.1272 0.9900 0.0612
vn -0.0916 0.9914 0.0938
vn -0.0620 0.9980 -0.0099
vn -0.0297 0.9987 -0.0405
vn 0.0488 0.9914 0.1215
vn 0.0162 0.9928 -0.1190
vn -0.0291 0.9995 -0.0118
vn -0.0112 0.9961 0.0874
vn -0.0555 0.9985 0.0027
vn 0.0385 0.9993 0.0042
vn 0.0684 0.9816 0.1784
vn -0.0598 0.9916 0.1146
vn 0.0934 0.9853 0.1432
vn -0.0503 0.9861 -0.1583
vn -0.0422 0.9702 -0.2384
vn -0.0305 0.9840 -0.1758
vn 0.0034 0.9952 0.0978
vn -0.0214 0.9997 -0.0146
vn -0.0060 0.9836 -0.1803
vn -0.0003 0.9944 -0.1055
vn 0.0326 0.9969 0.0715
vn -0.1155 0.9929 -0.0274
vn -0.0974 0.9794 0.1770
vn -0.0929 0.9933 0.0688
vn -0.1028 0.9945 0.0205
vn 0.0183 0.9868 -0.1608
vn -0.0469 0.9989 -0.0014
vn -0.0528 0.9954 0.0795
vn 0.0644 0.9972 0.0384
vn -0.0443 0.9934 0.1061
vn 0.1366 0.9906 0.0001
vn -0.1240 0.9922 0.0105
vn 0.0061 0.9912 0.1325
vn 0.0998 0.9950 0.0015
vn 0.0217 0.9970 0.0741
vn 0.0445 0.9745 0.2201
vn 0.0596 0.9921 0.1104
vn 0.0819 0.9965 -0.0176
vn 0.0140 0.9990 -0.0420
vn -0.0234 0.9885 -0.1496
vn -0.0656 0.9905 0.1205
vn -0.0274 0.9996 0.0056
vn -0.0115 0.9997 -0.0229
vn 0.0794 0.9846 -0.1559
vn -0.1408 0.9886 -0.0540
vn -0.0138 0.9811 -0.1931
vn -0.0836 0.9944 -0.0650
vn 0.0020 0.9905 -0.1372
vn 0.0026 0.9999 0.0148
vn -0.0053 0.9993 0.0382
vn -0.0222 0.9971 -0.0729
vn -0.0018 1.0000 -0.0093
vn -0.0310 0.9769 -0.2113
vn -0.0235 0.9969 -0.0752
vn -0.0296 0.9800 -0.1967
vn -0.0140 0.9999 -0.0043
vn -0.1463 0.9857 -0.0835
vn -0.0557 0.9879 -0.1449
vn -0.0255 0.9937 -0.1093
vn -0.0527 0.9983 -0.0262
vn 0.0098 0.9977 -0.0676
vn -0.0219 0.9899 -0.1399
vn -0.0216 0.9833 -0.1809
vn 0.0246 0.9997 0.0021
vn -0.1563 0.9872 0.0316
vn -0.0838 0.9963 0.0210
vn -0.0623 0.9877 -0.1432
vn -0.0892 0.9944 -0.0559
vn -0.0179 0.9819 -0.1887
vn -0.0173 0.9976 -0.0669
vn -0.0848 0.9964 -0.0076
vn -0.0568 0.9951 -0.0813
vn -0.0555 0.9984 -0.0111
vn -0.1367 0.9868 -0.0872
vn -0.0323 0.9994 0.0159
vn -0.0938 0.9894 0.1110
vn 0.0061 0.9964 -0.0842
vn -0.1924 0.9802 -0.0477
vn 0.0644 0.9851 -0.1594
vn -0.1358 0.9793 -0.1501
vn 0.0098 0.9952 -0.0973
vn 0.0160 0.9993 0.0344
vn -0.0127 0.9943 0.1056
vn 0.1290 0.9914 0.0217
vn 0.0563 0.9962 0.0663
vn -0.1025 0.9930 0.0592
vn -0.1454 0.9869 0.0697
vn 0.1241 0.9921 -0.0191
vn 0.0821 0.9965 0.0154
vn -0.0404 0.9944 0.0978
vn 0.0019 0.9897 0.1429
vn -0.0056 0.9889 0.1482
vn 0.0135 0.9977 0.0659
vn 0.1070 0.9943 -0.0006
vn 0.1461 0.9892 0.0139
vn 0.1172 0.9931 -0.0012
vn -0.0061 0.9998 0.0172
vn 0.0591 0.9977 0.0326
vn -0.0614 0.9819 0.1794
vn -0.0569 0.9814 0.1833
vn 0.0518 0.9890 0.1382
vn 0.0248 0.9994 -0.0252
vn 0.0316 0.9923 -0.1196
vn 0.0293 0.9912 -0.1291
vn -0.0712 0.9972 -0.0220
vn -0.0982 0.9934 -0.0589
vn 0.0447 0.9868 -0.1558
vn -0.0333 0.9914 -0.1263
vn -0.0149 0.9998 -0.0122
vn -0.0372 0.9991 0.0226
vn -0.1142 0.9919 0.0552
vn -0.0209 0.9998 -0.0080
vn -0.0364 0.9993 0.0033
vn -0.0167 0.9996 -0.0211
vn 0.0375 0.9873 -0.1541
vn -0.1071 0.9897 -0.0953
vn -0.1193 0.9923 -0.0323
vn 0.0040 0.9961 -0.0881
vn 0.0779 0.9814 -0.1753
vn -0.0530 0.9951 -0.0829
vn -0.0767 0.9925 -0.0949
vn 0.0032 0.9981 -0.0615
vn 0.1516 0.9884 -0.0010
vn 0.0038 1.0000 -0.0002
vn -0.0294 0.9995 0.0079
vn -0.0780 0.9953 -0.0579
vn -0.0472 0.9968 -0.0638
vn -0.0355 0.9992 0.0174
vn 0.0059 0.9993 -0.0378
vn 0.0208 0.9997 0.0116
vn -0.0224 0.9991 -0.0349
vn -0.0744 0.9957 -0.0551
vn -0.0148 0.9912 -0.1316
vn -0.0438 0.9943 -0.0976
vn 0.0486 0.9864 -0.1568
vn 0.0019 0.9796 -0.2008
vn -0.0081 0.9804 -0.1970
vn 0.0020 0.9998 0.0208
vn -0.0857 0.9953 0.0458
vn -0.1057 0.9944 -0.0053
vn -0.0888 0.9959 -0.0194
vn -0.0774 0.9946 -0.0691
vn -0.0839 0.9825 -0.1666
vn -0.0881 0.9814 -0.1708
vn -0.0204 0.9872 -0.1582
vn -0.1166 0.9852 -0.1255
vn -0.0605 0.9925 -0.1058
vn 0.0153 0.9955 -0.0937
vn 0.0405 0.9982 0.0443
vn -0.0043 1.0000 0.0037
vn -0.0073 0.9996 -0.0273
vn -0.0673 0.9882 -0.1372
vn -0.0246 0.9729 -0.2299
vn -0.0144 0.9995 -0.0295
vn -0.0660 0.9966 -0.0498
vn -0.1315 0.9911 0.0187
vn -0.0361 0.9979 0.0544
vn -0.0723 0.9964 0.0442
vn -0.1438 0.9863 0.0811
vn -0.0585 0.9975 0.0388
vn 0.1066 0.9932 -0.0463
vn -0.0080 0.9992 -0.0401
vn -0.0567 0.9979 -0.0303
vn -0.1116 0.9905 -0.0800
vn 0.0403 0.9758 -0.2149
vn 0.0298 0.9835 -0.1783
vn 0.0025 0.9925 -0.1221
vn -0.1050 0.9923 -0.0655
vn -0.1348 0.9892 -0.0580
vn -0.0074 0.9982 -0.0596
vn 0.0121 0.9987 -0.0486
vn -0.0570 0.9983 -0.0076
vn -0.1370 0.9904 -0.0162
vn -0.1695 0.9841 -0.0537
vn -0.0528 0.9943 -0.0928
vn -0.0127 0.9967 -0.0801
vn -0.0747 0.9961 -0.0480
vn -0.0942 0.9955 -0.0082
vn -0.0356 0.9986 0.0404
vn -0.0765 0.9968 -0.0232
vn -0.1208 0.9899 -0.0736
vn -0.1453 0.9849 -0.0946
vn -0.0727 0.9944 -0.0771
vn 0.0287 0.9821 -0.1864
vn 0.0412 0.9874 -0.1531
vn -0.1001 0.9912 -0.0865
vn -0.0552 0.9927 -0.1072
vn -0.0309 0.9922 -0.1207
vn 0.0266 0.9904 -0.1360
vn -0.0728 0.9947 -0.0721
vn 0.0453 0.9957 -0.0803
vn 0.0169 0.9904 -0.1372
vn -0.0027 0.9816 -0.1908
vn -0.0138 0.9909 -0.1338
vn -0.0517 0.9982 -0.0290
vn 0.0315 0.9987 0.0399
vn -0.0860 0.9962 0.0107
vn -0.0539 0.9925 0.1098
vn -0.1132 0.9868 0.1157
vn -0.0276 0.9960 0.0851
vn 0.0582 0.9980 0.0264
vn 0.0870 0.9818 0.1689
vn -0.1273 0.9898 0.0638
vn 0.0331 0.9982 0.0508
vn -0.1068 0.9919 0.0683
vn -0.0455 0.9956 0.0815
vn -0.0772 0.9963 0.0378
vn 0.0121 0.9948 0.1007
vn -0.0319 0.9900 0.1376
vn -0.0168 0.9987 0.0472
vn -0.0622 0.9947 0.0820
vn 0.0806 0.9966 -0.0178
vn 0.0513 0.9962 0.0698
vn -0.0222 0.9997 -0.0098
vn -0.0207 0.9982 0.0561
vn -0.0164 0.9952 0.0962
vn -0.0150 0.9983 0.0571
vn 0.0751 0.9888 0.1288
vn 0.0391 0.9934 0.1080
vn 0.0244 0.9968 0.0761
vn 0.0156 0.9924 -0.1220
vn 0.0141 0.9959 -0.0898
vn 0.0261 0.9994 0.0221
vn 0.0731 0.9919 0.1036
vn 0.0529 0.9689 0.2416
vn -0.0563 0.9983 0.0155
vn 0.0139 0.9998 -0.0126
vn -0.0728 0.9973 -0.0043
vn -0.0734 0.9914 -0.1080
vn 0.0615 0.9777 -0.2006
vn 0.0182 0.9909 -0.1337
vn 0.0773 0.9907 -0.1124
vn -0.0634 0.9977 -0.0229
vn -0.1131 0.9887 0.0988
vn -0.0197 0.9985 0.0519
vn 0.0059 0.9988 -0.0488
vn -0.0587 0.9981 -0.0165
vn 0.0067 0.9997 0.0234
vn 0.0924 0.9955 -0.0203
vn 0.0344 0.9843 -0.1734
vn -0.1249 0.9808 -0.1497
vn -0.0990 0.9544 -0.2815
vn -0.1405 0.9696 -0.2005
vn -0.1560 0.9802 -0.1222
vn -0.0300 0.9987 -0.0409
vn -0.0362 0.9954 -0.0884
vn 0.0070 0.9797 -0.2003
vn -0.0477 0.9795 -0.1958
vn 0.0198 0.9988 0.0447
vn 0.0114 0.9997 0.0219
vn -0.0319 0.9986 -0.0428
vn -0.0468 0.9778 -0.2041
vn -0.1023 0.9879 0.1163
vn -0.0762 0.9971 0.0022
vn -0.0767 0.9949 -0.0659
vn 0.0239 0.9996 -0.0170
vn -0.0094 0.9991 0.0418
vn -0.0900 0.9957 0.0216
vn -0.0503 0.9968 0.0615
vn -0.0256 0.9919 0.1247
vn 0.0349 0.9834 0.1782
vn 0.1166 0.9697 0.2145
vn 0.0706 0.9866 0.1474
vn -0.0834 0.9868 0.1386
vn -0.0149 0.9943 0.1055
vn 0.0129 0.9908 0.1349
vn -0.0989 0.9950 0.0108
vn -0.0269 0.9936 0.1096
vn -0.0340 0.9985 0.0427
vn 0.0098 0.9958 -0.0905
vn -0.1132 0.9934 0.0204
vn -0.0752 0.9966 0.0340
vn -0.0578 0.9983 -0.0070
vn 0.1026 0.9946 0.0150
vn 0.0947 0.9891 0.1131
vn 0.0376 0.9943 0.0999
vn 0.0371 0.9923 0.1178
vn -0.0276 0.9980 0.0561
vn -0.0466 0.9948 0.0903
vn -0.0727 0.9938 0.0844
vn 0.0104 0.9965 0.0827
vn -0.0205 0.9980 0.0593
vn -0.0647 0.9872 0.1460
vn 0.0567 0.9960 0.0689
vn 0.0842 0.9951 0.0516
vn -0.0234 0.9981 0.0567
vn -0.0068 0.9986 0.0524
vn -0.0121 0.9954 0.0952
vn 0.0605 0.9752 -0.2129
vn 0.0206 0.9991 -0.0380
vn 0.0060 0.9985 0.0548
vn -0.0535 0.9947 0.0873
vn 0.0637 0.9968 0.0475
vn 0.0949 0.9757 0.1975
vn 0.0406 0.9732 0.2265
vn 0.0313 0.9751 0.2194
vn 0.0856 0.9907 0.1061
vn 0.0056 0.9953 0.0967
vn -0.0045 0.9982 0.0603
vn -0.0004 0.9998 0.0197
vn -0.0316 0.9979 0.0563
vn -0.0698 0.9959 0.0583
vn -0.0236 0.9832 -0.1809
vn 0.0278 0.9717 -0.2348
vn 0.0480 0.9770 -0.2079
vn 0.0382 0.9961 -0.0797
vn -0.0385 0.9985 0.0388
vn 0.0474 0.9983 -0.0333
vn 0.1241 0.9905 -0.0597
vn -0.0121 0.9998 0.0183
vn -0.0006 0.9985 0.0547
vn -0.1677 0.9806 0.1014
vn -0.1272 0.9895 0.0683
vn -0.0478 0.9985 0.0255
vn 0.0251 0.9997 -0.0022
vn -0.0007 0.9997 0.0232
vn 0.0171 0.9968 0.0784
vn 0.0230 0.9944 0.1036
vn -0.0463 0.9984 -0.0335
vn 0.0304 0.9994 0.0150
vn 0.1084 0.9929 -0.0491
vn 0.1347 0.9802 -0.1449
vn 0.0653 0.9880 -0.1402
vn -0.0508 0.9936 -0.1010
vn 0.0145 0.9926 -0.1202
vn 0.0448 0.9884 -0.1451
vn -0.0528 0.9952 -0.0819
vn -0.0788 0.9968 -0.0155
vn -0.0850 0.9961 0.0246
vn -0.0165 0.9990 0.0410
vn -0.1045 0.9906 0.0883
vn -0.0614 0.9973 0.0409
vn 0.0013 0.9999 -0.0122
vn 0.0183 0.9989 -0.0428
vn -0.0447 0.9975 0.0545
vn -0.0525 0.9965 0.0658
vn 0.0547 0.9949 0.0844
vn 0.0561 0.9952 0.0799
vn 0.0620 0.9976 0.0300
vn 0.0143 0.9998 -0.0137
vn 0.0058 0.9992 -0.0404
vn -0.0142 0.9936 -0.1123
vn -0.0767 0.9854 -0.1519
vn -0.0686 0.9872 -0.1443
vn -0.0769 0.9838 -0.1623
vn -0.0950 0.9729 -0.2108
vn -0.1210 0.9687 -0.2167
vn -0.1298 0.9665 -0.2216
vn -0.1335 0.9731 -0.1879
vn -0.1119 0.9835 -0.1418
vn -0.0751 0.9894 -0.1247
vn -0.0692 0.9906 -0.1181
vn -0.0688 0.9901 -0.1226
vn -0.0846 0.9885 -0.1253
vn -0.0814 0.9937 -0.0765
vn -0.0472 0.9979 -0.0453
vn 0.0609 0.9833 -0.1713
vn 0.0136 0.9958 -0.0902
vn 0.0324 0.9844 -0.1732
vn -0.0294 0.9905 0.1340
vn 0.0013 0.9930 -0.1183
vn -0.0209 0.9924 0.1211
vn -0.0366 0.9984 0.0440
vn -0.0494 0.9968 0.0621
vn 0.0710 0.9845 0.1606
vn -0.0698 0.9925 0.1006
vn -0.0790 0.9866 0.1431
vn 0.0647 0.9974 0.0330
vn 0.0444 0.9980 0.0440
vn 0.0877 0.9915 0.0961
vn 0.0057 0.9944 0.1053
vn -0.0826 0.9958 -0.0393
vn -0.0674 0.9937 0.0899
vn 0.0288 0.9986 0.0435
vn 0.1797 0.9808 0.0752
vn 0.0797 0.9963 0.0321
vn 0.0030 0.9998 0.0216
vn -0.0300 0.9961 -0.0829
vn -0.1119 0.9937 -0.0113
vn 0.0326 0.9995 -0.0051
vn 0.1092 0.9855 0.1299
vn 0.0213 0.9924 0.1211
vn -0.0321 0.9995 -0.0018
vn 0.0795 0.9967 -0.0169
vn -0.0756 0.9890 -0.1272
vn 0.0066 0.9922 0.1241
vn -0.1326 0.9881 0.0785
vn -0.0762 0.9898 0.1203
vn 0.0563 0.9970 0.0522
vn 0.1448 0.9894 -0.0130
vn -0.0620 0.9972 -0.0412
vn 0.0965 0.9915 -0.0867
vn -0.0487 0.9906 -0.1280
vn 0.0351 0.9988 0.0349
vn -0.0009 0.9972 -0.0744
vn 0.0076 0.9956 0.0939
vn 0.0421 0.9984 0.0375
vn -0.0318 0.9995 -0.0092
vn -0.0112 0.9850 -0.1722
vn -0.0399 0.9818 -0.1856
vn 0.0749 0.9891 -0.1268
vn -0.0077 0.9999 0.0144
vn 0.0832 0.9936 -0.0763
vn 0.0503 0.9914 -0.1204
vn 0.1530 0.9856 -0.0718
vn 0.0263 0.9924 -0.1199
vn 0.0595 0.9829 -0.1742
vn 0.0424 0.9914 -0.1238
vn -0.0584 0.9934 -0.0985
vn -0.0230 0.9988 -0.0434
vn -0.0372 0.9993 -0.0063
vn 0.0122 0.9920 -0.1257
vn -0.0029 0.9794 -0.2019
vn 0.0891 0.9905 -0.1050
vn -0.0112 0.9939 -0.1094
vn -0.0005 0.9998 -0.0184
vn 0.0429 0.9974 0.0579
vn -0.0511 0.9983 -0.0296
vn 0.0675 0.9839 0.1653
vn 0.0424 0.9830 0.1788
vn -0.0637 0.9820 0.1779
vn -0.0298 0.9844 0.1736
vn -0.0502 0.9899 0.1329
vn 0.0639 0.9980 -0.0010
vn 0.0704 0.9938 0.0866
vn 0.0062 0.9963 0.0856
vn 0.0696 0.9909 0.1155
vn 0.0511 0.9984 0.0249
vn -0.0123 0.9993 0.0358
vn -0.0237 0.9989 0.0404
vn -0.0530 0.9932 0.1040
vn 0.0010 0.9901 0.1406
vn 0.0689 0.9918 0.1074
vn 0.0918 0.9955 0.0250
vn 0.1406 0.9872 0.0749
vn 0.0512 0.9866 0.1546
vn -0.0083 0.9991 0.0421
vn 0.0350 0.9889 0.1442
vn 0.0153 0.9936 0.1118
vn 0.0125 0.9996 0.0249
vn -0.1117 0.9937 -0.0054
vn -0.0485 0.9986 -0.0197
vn -0.0414 0.9990 0.0165
vn 0.0034 1.0000 0.0053
vn 0.0401 0.9987 0.0303
vn 0.1492 0.9847 0.0904
vn 0.0851 0.9922 0.0916
vn 0.0198 0.9910 0.1326
vn 0.0487 0.9951 0.0862
vn 0.0637 0.9978 -0.0159
vn 0.0340 0.9992 -0.0199
vn -0.0328 0.9983 0.0491
vn -0.1039 0.9937 0.0424
vn -0.0762 0.9941 0.0768
vn -0.1188 0.9917 0.0490
vn -0.0789 0.9944 0.0696
vn -0.0585 0.9963 0.0624
vn 0.1004 0.9888 0.1102
vn 0.1263 0.9889 0.0778
vn 0.1853 0.9824 0.0243
vn 0.0733 0.9967 0.0351
vn -0.0334 0.9991 -0.0272
vn -0.0246 0.9979 -0.0597
vn 0.0648 0.9951 -0.0740
vn 0.0880 0.9921 -0.0893
vn -0.0180 0.9995 -0.0241
vn -0.0905 0.9879 -0.1256
vn 0.0761 0.9952 0.0622
vn -0.0406 0.9988 -0.0263
vn -0.0256 0.9995 0.0171
vn -0.0563 0.9909 0.1220
vn -0.0675 0.9846 0.1611
vn -0.0723 0.9751 0.2098
vn -0.0436 0.9792 0.1981
vn -0.0574 0.9919 0.1133
vn 0.0387 0.9978 0.0534
vn 0.0689 0.9965 -0.0463
vn 0.0054 0.9918 -0.1276
vn -0.0227 0.9955 -0.0924
vn 0.0234 0.9842 -0.1757
vn 0.1074 0.9649 -0.2395
vn 0.0598 0.9790 -0.1948
vn 0.0039 0.9834 -0.1814
vn 0.0667 0.9975 0.0222
vn 0.0142 0.9999 -0.0038
vn -0.0216 0.9997 -0.0108
vn 0.0531 0.9972 0.0531
vn 0.0695 0.9952 0.0696
vn -0.0143 0.9990 -0.0421
vn 0.0370 0.9965 -0.0756
vn 0.1183 0.9904 -0.0720
vn 0.0239 0.9872 -0.1574
vn 0.0190 0.9896 -0.1428
vn 0.0208 0.9915 -0.1285
vn -0.0236 0.9866 -0.1615
vn 0.0594 0.9837 -0.1698
vn -0.0247 0.9861 -0.1643
vn 0.0240 0.9977 -0.0636
vn 0.0461 0.9953 -0.0846
vn -0.0059 0.9927 -0.1204
vn -0.0004 0.9994 -0.0357
vn 0.0502 0.9956 -0.0790
vn 0.0687 0.9941 -0.0840
vn 0.0722 0.9924 -0.0999
vn 0.0734 0.9927 -0.0959
vn 0.0941 0.9874 -0.1270
vn 0.1202 0.9787 -0.1665
vn 0.1104 0.9778 -0.1779
vn 0.0996 0.9805 -0.1695
vn 0.0846 0.9831 -0.1625
vn 0.0373 0.9916 -0.1235
vn 0.0541 0.9936 -0.0987
vn 0.0353 0.9938 -0.1054
vn 0.0058 0.9981 -0.0608
vn -0.0251 0.9996 -0.0133
vn -0.0347 0.9994 0.0064
vn -0.0349 0.9984 0.0437
vn -0.0458 0.9969 0.0635
vn -0.0365 0.9966 0.0738
vn -0.0339 0.9975 0.0617
vn -0.0680 0.9959 0.0594
vn 0.1259 0.9883 -0.0865
vn -0.0313 0.9985 -0.0446
vn 0.0405 0.9983 -0.0420
vn -0.0610 0.9892 -0.1334
vn 0.0757 0.9907 -0.1129
vn 0.1301 0.9913 -0.0218
vn 0.0318 0.9897 -0.1397
vn 0.0195 0.9989 -0.0415
vn -0.0653 0.9975 0.0253
vn -0.0986 0.9920 0.0789
vn 0.0522 0.9950 -0.0848
vn -0.1465 0.9874 0.0604
vn -0.0347 0.9940 -0.1033
vn -0.0971 0.9909 0.0929
vn -0.0234 0.9875 -0.1558
vn -0.1907 0.9816 0.0079
vn -0.0116 0.9902 0.1390
vn -0.0583 0.9938 -0.0946
vn -0.0789 0.9968 0.0123
vn -0.0435 0.9990 -0.0059
vn -0.0986 0.9776 -0.1861
vn -0.0546 0.9984 -0.0148
vn -0.0868 0.9950 0.0488
vn 0.0258 0.9996 0.0095
vn -0.0624 0.9949 0.0787
vn -0.0758 0.9964 -0.0381
vn -0.0058 0.9998 0.0199
vn -0.1165 0.9833 -0.1395
vn -0.0309 0.9914 -0.1272
vn 0.0387 0.9992 -0.0124
vn 0.1112 0.9932 0.0332
vn 0.0834 0.9953 0.0488
vn 0.1303 0.9913 0.0196
vn -0.0034 0.9978 -0.0663
vn 0.0762 0.9969 -0.0197
vn -0.0980 0.9941 -0.0458
vn -0.0791 0.9960 -0.0406
vn 0.0860 0.9921 -0.0916
vn 0.0883 0.9961 -0.0003
vn 0.1172 0.9921 -0.0457
vn 0.2151 0.9763 0.0236
vn 0.2439 0.9698 -0.0010
vn 0.1123 0.9936 0.0154
vn 0.1444 0.9892 0.0250
vn 0.0928 0.9953 -0.0271
vn 0.1137 0.9934 0.0165
vn 0.1917 0.9814 -0.0054
vn 0.1563 0.9834 -0.0927
vn 0.1517 0.9884 -0.0074
vn 0.0345 0.9963 -0.0791
vn 0.0467 0.9948 0.0901
vn 0.1174 0.9883 0.0978
vn 0.1807 0.9833 -0.0212
vn 0.1604 0.9868 0.0205
vn 0.1804 0.9830 -0.0334
vn 0.0487 0.9919 -0.1172
vn 0.0299 0.9939 -0.1057
vn 0.1085 0.9920 -0.0647
vn 0.1021 0.9943 -0.0308
vn 0.0601 0.9967 -0.0541
vn -0.0149 0.9934 -0.1141
vn 0.0417 0.9908 -0.1291
vn 0.0262 0.9945 -0.1011
vn -0.0564 0.9983 0.0135
vn -0.1262 0.9902 0.0590
vn -0.0979 0.9948 0.0287
vn -0.1064 0.9773 -0.1832
vn -0.1299 0.9903 0.0499
vn -0.1007 0.9947 -0.0222
vn -0.0833 0.9883 -0.1279
vn -0.0280 0.9990 0.0351
vn 0.0015 0.9969 0.0783
vn 0.0254 0.9958 -0.0881
vn -0.0090 0.9858 -0.1679
vn 0.0393 0.9882 -0.1483
vn -0.0412 0.9934 0.1075
vn -0.0995 0.9947 -0.0275
vn 0.0023 0.9969 -0.0781
vn -0.0303 0.9942 -0.1032
vn -0.0821 0.9951 0.0556
vn -0.1064 0.9936 0.0386
vn -0.1404 0.9792 -0.1462
vn -0.1054 0.9765 -0.1878
vn -0.0948 0.9680 -0.2326
vn -0.0823 0.9951 -0.0550
vn -0.0051 0.9917 0.1288
vn 0.0214 0.9929 0.1174
vn 0.0694 0.9975 -0.0116
vn 0.0428 0.9984 -0.0377
vn -0.0936 0.9942 -0.0529
vn -0.1054 0.9940 0.0310
vn 0.0206 0.9997 0.0158
vn -0.0001 0.9981 -0.0616
vn -0.1765 0.9724 -0.1526
vn -0.2071 0.9668 -0.1496
vn -0.1642 0.9837 -0.0736
vn -0.1030 0.9946 0.0092
vn -0.0795 0.9968 -0.0066
vn -0.0457 0.9941 0.0979
vn -0.0361 0.9992 0.0143
vn 0.0070 0.9992 -0.0391
vn -0.0411 0.9933 0.1077
vn 0.0216 0.9963 0.0833
vn -0.0108 0.9975 -0.0699
vn 0.0104 0.9950 -0.0988
vn 0.0592 0.9976 -0.0345
vn 0.0372 0.9988 0.0313
vn -0.0579 0.9909 -0.1213
vn -0.0983 0.9905 -0.0964
vn -0.1278 0.9904 -0.0535
vn -0.0757 0.9901 -0.1178
vn 0.0666 0.9971 -0.0374
vn 0.1011 0.9943 -0.0330
vn 0.0995 0.9949 -0.0190
vn 0.1743 0.9833 0.0515
vn 0.2138 0.9762 -0.0354
vn 0.2264 0.9738 -0.0202
vn 0.2568 0.9563 0.1397
vn 0.2067 0.9783 0.0111
vn 0.1566 0.9877 -0.0001
vn 0.0353 0.9988 -0.0338
vn 0.0390 0.9990 -0.0209
vn 0.0593 0.9981 -0.0181
vn 0.0273 0.9966 0.0780
vn -0.0095 0.9986 -0.0527
vn -0.0882 0.9795 -0.1811
vn -0.1150 0.9922 -0.0475
vn 0.0955 0.9936 -0.0596
vn 0.0576 0.9933 -0.1006
vn 0.0961 0.9952 -0.0195
vn 0.1495 0.9884 -0.0274
vn 0.1239 0.9874 -0.0980
vn 0.1456 0.9863 -0.0780
vn 0.1452 0.9878 -0.0567
vn 0.1208 0.9889 0.0864
vn 0.1429 0.9889 0.0416
vn 0.0690 0.9947 0.0759
vn 0.0764 0.9928 0.0922
vn 0.1018 0.9947 -0.0107
vn 0.0384 0.9987 -0.0329
vn 0.0330 0.9989 0.0346
vn 0.0756 0.9965 0.0362
vn 0.0618 0.9980 0.0099
vn 0.0379 0.9992 -0.0154
vn 0.0704 0.9957 -0.0606
vn 0.1441 0.9895 0.0086
vn 0.1429 0.9896 -0.0132
vn 0.1268 0.9918 -0.0178
vn 0.0484 0.9982 -0.0358
vn 0.0103 0.9998 -0.0155
vn 0.0005 1.0000 0.0070
vn -0.0149 0.9995 -0.0265
vn -0.0598 0.9981 -0.0141
vn -0.0765 0.9970 0.0144
vn -0.0052 0.9995 0.0322
vn 0.0465 0.9982 0.0379
vn 0.1061 0.9943 0.0053
vn 0.0987 0.9951 -0.0050
vn 0.0955 0.9954 -0.0020
vn 0.1058 0.9944 0.0063
vn 0.1166 0.9932 0.0052
vn 0.1352 0.9908 0.0071
vn 0.1111 0.9935 -0.0265
vn 0.0924 0.9957 0.0058
vn 0.1043 0.9945 0.0041
vn -0.0451 0.9945 -0.0947
vn 0.0671 0.9868 -0.1476
vn 0.0249 0.9974 -0.0674
vn 0.0467 0.9989 0.0052
vn -0.0619 0.9941 0.0888
vn 0.1063 0.9937 0.0366
vn 0.1199 0.9920 -0.0400
vn -0.0152 0.9997 -0.0201
vn 0.0113 0.9969 0.0775
vn 0.0097 0.9986 -0.0514
vn -0.0567 0.9984 0.0061
vn -0.0157 0.9976 0.0678
vn -0.0449 0.9984 0.0338
vn 0.0717 0.9967 0.0370
vn 0.1188 0.9927 0.0181
vn 0.0628 0.9922 0.1076
vn -0.1530 0.9878 0.0283
vn 0.0883 0.9952 0.0416
vn 0.0681 0.9977 -0.0006
vn 0.1030 0.9900 0.0968
vn -0.0272 0.9996 -0.0123
vn -0.0562 0.9983 0.0122
vn -0.0144 0.9865 0.1631
vn 0.0715 0.9906 0.1164
vn 0.0085 0.9976 0.0693
vn 0.0941 0.9952 -0.0278
vn 0.0762 0.9889 0.1273
vn 0.0509 0.9985 0.0214
vn -0.1357 0.9787 0.1539
vn 0.1291 0.9895 0.0654
vn 0.0145 0.9985 0.0534
vn -0.0576 0.9882 0.1417
vn 0.1102 0.9935 0.0291
vn 0.1161 0.9925 0.0391
vn -0.0125 0.9891 0.1470
vn -0.0001 0.9931 0.1170
vn -0.0269 0.9985 0.0467
vn 0.0550 0.9963 -0.0661
vn -0.0626 0.9952 -0.0757
vn -0.0814 0.9957 -0.0449
vn -0.0949 0.9954 0.0090
vn 0.0729 0.9948 -0.0717
vn 0.0157 0.9992 -0.0356
vn -0.1103 0.9939 -0.0034
vn -0.1005 0.9949 -0.0087
vn 0.1007 0.9826 0.1562
vn 0.0456 0.9988 0.0148
vn -0.0593 0.9982 0.0073
vn -0.0012 0.9975 0.0710
vn -0.0266 0.9954 0.0919
vn 0.1096 0.9912 0.0744
vn 0.0856 0.9956 -0.0377
vn 0.0481 0.9987 -0.0158
vn -0.0688 0.9868 0.1466
vn 0.0793 0.9812 0.1759
vn 0.0061 0.9950 -0.1001
vn 0.0079 0.9915 -0.1301
vn -0.0029 0.9903 0.1390
vn 0.0484 0.9984 0.0301
vn 0.0959 0.9951 0.0224
vn 0.0880 0.9933 -0.0751
vn -0.0997 0.9944 0.0350
vn -0.1044 0.9886 0.1084
vn 0.0877 0.9956 -0.0320
vn 0.1041 0.9941 -0.0297
vn 0.0039 0.9969 0.0792
vn 0.0274 0.9994 0.0228
vn 0.0404 0.9964 -0.0739
vn -0.0028 0.9999 -0.0098
vn -0.0730 0.9973 -0.0052
vn 0.0359 0.9992 0.0166
vn 0.0933 0.9952 -0.0292
vn -0.0318 0.9992 0.0241
vn 0.0413 0.9988 -0.0269
vn 0.0619 0.9964 -0.0579
vn -0.0998 0.9911 0.0881
vn -0.0302 0.9994 0.0140
vn 0.0636 0.9979 -0.0121
vn 0.0372 0.9970 0.0675
vn 0.0853 0.9949 0.0538
vn 0.0324 0.9974 0.0643
vn 0.1058 0.9939 0.0319
vn 0.1140 0.9898 0.0854
vn -0.0357 0.9919 0.1219
vn 0.0077 0.9930 0.1175
vn -0.1355 0.9874 0.0822
vn 0.0091 0.9971 0.0758
vn 0.0759 0.9966 0.0323
vn -0.0011 1.0000 0.0084
vn 0.0265 0.9995 -0.0148
vn 0.1901 0.9817 -0.0086
vn 0.0201 0.9974 0.0688
vn 0.0123 0.9999 -0.0021
vn -0.0195 0.9998 -0.0108
vn 0.0773 0.9970 -0.0071
vn -0.0022 0.9983 0.0582
vn -0.0995 0.9944 0.0353
vn 0.1483 0.9790 0.1396
vn 0.0744 0.9771 0.1993
vn 0.0665 0.9653 0.2524
vn 0.0539 0.9784 0.1994
vn -0.0562 0.9858 0.1581
vn 0.0033 0.9972 0.0748
vn 0.1868 0.9805 -0.0608
vn 0.1005 0.9939 0.0455
vn 0.1477 0.9801 0.1330
vn 0.0125 0.9872 0.1592
vn -0.0660 0.9931 0.0969
vn -0.0034 0.9998 0.0181
vn -0.0019 0.9901 0.1401
vn -0.0223 0.9846 0.1732
vn 0.0378 0.9984 -0.0410
vn -0.0717 0.9966 -0.0401
vn -0.0210 0.9995 -0.0252
vn -0.0786 0.9962 -0.0378
vn -0.0651 0.9979 -0.0055
vn -0.1280 0.9863 0.1044
vn -0.0039 0.9994 0.0334
vn 0.1457 0.9836 -0.1066
vn 0.0756 0.9876 -0.1377
vn 0.0454 0.9946 -0.0929
vn -0.0237 0.9981 0.0574
vn 0.0239 0.9958 0.0880
vn -0.0751 0.9933 0.0874
vn -0.1369 0.9898 0.0385
vn -0.1300 0.9915 -0.0066
vn -0.1741 0.9847 0.0052
vn 0.0698 0.9976 -0.0017
vn 0.0126 0.9999 -0.0023
vn -0.0598 0.9977 0.0329
vn -0.0284 0.9994 0.0195
vn -0.0478 0.9988 -0.0119
vn -0.0529 0.9986 -0.0072
vn -0.0815 0.9966 -0.0088
vn -0.0122 0.9985 0.0526
vn 0.1304 0.9912 -0.0218
vn 0.1219 0.9907 -0.0597
vn 0.0488 0.9929 -0.1083
vn -0.0871 0.9949 -0.0505
vn -0.0089 0.9999 -0.0056
vn -0.1401 0.9884 0.0586
vn -0.0946 0.9908 0.0971
vn -0.0335 0.9938 0.1057
vn 0.0474 0.9865 0.1565
vn 0.0948 0.9832 0.1562
vn 0.0181 0.9998 -0.0109
vn -0.0208 0.9996 -0.0197
vn -0.0177 0.9995 -0.0266
vn -0.0062 1.0000 -0.0019
vn -0.0072 1.0000 0.0014
vn -0.0017 0.9989 0.0467
vn 0.0235 0.9952 0.0951
vn 0.0634 0.9920 0.1093
vn 0.0728 0.9927 0.0959
vn 0.0479 0.9965 0.0679
vn 0.0389 0.9988 0.0313
vn 0.0239 0.9989 -0.0407
vn -0.0074 0.9994 -0.0344
vn -0.0302 0.9988 -0.0384
vn -0.0326 0.9994 0.0080
vn 0.0092 0.9971 0.0751
vn 0.0352 0.9947 0.0970
vn 0.0555 0.9932 0.1027
vn 0.0701 0.9930 0.0949
vn 0.0488 0.9943 0.0952
vn 0.0705 0.9915 -0.1089
vn 0.0116 0.9971 -0.0757
vn -0.0162 0.9953 -0.0955
vn 0.0331 0.9854 0.1669
vn -0.0450 0.9987 0.0246
vn -0.0620 0.9892 0.1330
vn -0.0360 0.9992 -0.0176
vn 0.0588 0.9884 -0.1401
vn 0.1418 0.9895 -0.0271
vn 0.0328 0.9919 0.1225
vn -0.1338 0.9842 0.1156
vn -0.0352 0.9946 0.0973
vn -0.0332 0.9976 0.0607
vn 0.0946 0.9834 0.1548
vn 0.0508 0.9965 -0.0658
vn -0.0678 0.9932 0.0947
vn -0.0224 0.9857 0.1673
vn -0.0266 0.9993 0.0247
vn 0.1277 0.9903 0.0547
vn -0.0398 0.9987 -0.0320
vn 0.0834 0.9875 0.1336
vn 0.0328 0.9981 -0.0523
vn 0.0326 0.9958 0.0859
vn -0.1413 0.9850 0.0993
vn -0.1423 0.9804 0.1359
vn 0.0234 0.9982 0.0544
vn 0.0661 0.9976 0.0224
vn 0.0108 0.9982 -0.0587
vn 0.0919 0.9930 0.0744
vn -0.0399 0.9992 0.0077
vn 0.0159 0.9904 0.1372
vn -0.0260 0.9979 0.0585
vn -0.1019 0.9922 0.0720
vn -0.0739 0.9861 0.1488
vn -0.0453 0.9971 0.0616
vn 0.0549 0.9961 0.0698
vn 0.0980 0.9943 -0.0431
vn -0.0493 0.9974 0.0518
vn 0.1281 0.9745 0.1840
vn -0.0408 0.9860 0.1617
vn -0.1604 0.9827 0.0924
vn 0.0295 0.9931 0.1133
vn -0.0605 0.9974 -0.0384
vn 0.0212 0.9998 -0.0020
vn 0.0293 0.9996 0.0029
vn 0.0544 0.9976 0.0419
vn -0.0672 0.9942 0.0843
vn -0.0540 0.9879 0.1455
vn 0.1066 0.9925 0.0601
vn 0.0277 0.9966 -0.0782
vn -0.0008 0.9990 -0.0456
vn -0.0624 0.9957 -0.0679
vn -0.0457 0.9975 0.0541
vn -0.0279 0.9995 0.0149
vn -0.0553 0.9951 0.0821
vn 0.0346 0.9860 -0.1629
vn 0.0601 0.9901 -0.1266
vn -0.0690 0.9937 -0.0883
vn -0.0124 0.9997 -0.0214
vn 0.0025 0.9998 0.0189
vn 0.0848 0.9917 0.0970
vn 0.0032 0.9982 -0.0594
vn 0.0273 0.9996 -0.0105
vn -0.0109 0.9939 0.1098
vn -0.0449 0.9825 0.1805
vn -0.0614 0.9790 0.1943
vn -0.0129 0.9940 0.1086
vn 0.0246 0.9997 0.0026
vn 0.0147 0.9992 -0.0382
vn 0.0464 0.9976 -0.0509
vn 0.2061 0.9750 0.0824
vn 0.1758 0.9842 0.0228
vn 0.0309 0.9989 -0.0341
vn -0.0165 0.9978 -0.0641
vn -0.0640 0.9964 -0.0560
vn 0.0271 0.9911 0.1306
vn -0.0174 0.9998 0.0137
vn -0.0325 0.9988 0.0353
vn 0.0727 0.9845 0.1595
vn 0.0371 0.9934 0.1088
vn 0.0181 0.9983 0.0555
vn -0.0340 0.9991 -0.0265
vn 0.0934 0.9925 0.0792
vn 0.0441 0.9951 0.0885
vn -0.0699 0.9952 0.0687
vn -0.0076 0.9889 0.1487
vn -0.1096 0.9849 0.1343
vn -0.1851 0.9818 0.0412
vn -0.0864 0.9950 0.0505
vn 0.0845 0.9925 0.0889
vn 0.1050 0.9942 -0.0224
vn 0.0597 0.9979 -0.0239
vn 0.0268 0.9989 0.0378
vn 0.1218 0.9863 0.1109
vn 0.0768 0.9958 0.0500
vn 0.0339 0.9963 -0.0784
vn -0.0105 0.9999 0.0065
vn -0.0568 0.9952 0.0799
vn 0.0566 0.9912 0.1194
vn 0.0346 0.9959 0.0834
vn -0.0924 0.9949 0.0412
vn -0.1433 0.9820 0.1230
vn -0.1454 0.9781 0.1492
vn -0.0489 0.9965 0.0677
vn -0.0390 0.9964 0.0752
vn -0.0143 0.9970 0.0761
vn 0.0739 0.9934 0.0872
vn 0.0355 0.9978 -0.0554
vn 0.0264 0.9968 -0.0752
vn 0.0973 0.9950 -0.0236
vn 0.0338 0.9992 -0.0216
vn 0.0432 0.9945 -0.0955
vn 0.0613 0.9939 0.0921
vn 0.0814 0.9851 0.1512
vn -0.0914 0.9957 0.0145
vn -0.0874 0.9897 0.1135
vn -0.0465 0.9950 0.0883
vn -0.0664 0.9969 0.0430
vn -0.0145 0.9840 0.1777
vn -0.1097 0.9815 0.1570
vn -0.0931 0.9911 0.0952
vn -0.0501 0.9963 0.0700
vn -0.0744 0.9964 0.0405
vn -0.0871 0.9874 0.1324
vn 0.0280 0.9979 0.0587
vn 0.0244 0.9969 0.0752
vn 0.1062 0.9923 0.0641
vn -0.0812 0.9934 0.0816
vn -0.0383 0.9981 0.0488
vn 0.1378 0.9857 0.0974
vn 0.1360 0.9904 0.0227
vn 0.0771 0.9957 0.0521
vn -0.0308 0.9966 0.0761
vn -0.1024 0.9945 0.0216
vn -0.0850 0.9953 0.0474
vn 0.0432 0.9958 0.0801
vn -0.0094 0.9992 -0.0385
vn -0.1179 0.9870 -0.1090
vn -0.0614 0.9978 -0.0269
vn 0.0366 0.9990 0.0241
vn 0.0194 0.9998 0.0030
vn -0.0284 0.9996 -0.0037
vn -0.0231 0.9993 -0.0302
vn 0.0820 0.9966 -0.0060
vn 0.1168 0.9930 -0.0158
vn -0.0732 0.9935 0.0875
vn -0.0650 0.9928 0.1009
vn -0.0740 0.9908 0.1136
vn -0.0589 0.9909 0.1208
vn 0.0028 0.9961 0.0885
vn 0.0333 0.9994 0.0058
vn 0.0479 0.9974 -0.0543
vn 0.0062 0.9982 -0.0601
vn -0.0175 0.9997 -0.0185
vn -0.0204 0.9997 0.0121
vn -0.0184 0.9997 0.0155
vn -0.0557 0.9979 0.0336
vn -0.0676 0.9935 0.0921
vn -0.0547 0.9939 0.0958
vn -0.0703 0.9927 0.0979
vn -0.0597 0.9922 0.1093
vn -0.0558 0.9940 0.0942
vn -0.0568 0.9909 0.1220
vn -0.0225 0.9948 0.0989
vn -0.0186 0.9984 0.0535
vn 0.0084 0.9999 0.0124
vn 0.0298 0.9996 0.0013
vn 0.0084 0.9999 -0.0131
vn 0.0270 0.9987 0.0423
vn -0.0075 1.0000 0.0001
vn -0.0162 0.9996 0.0233
vn -0.0280 0.9995 0.0115
vn -0.0381 0.9988 -0.0316
vn -0.0543 0.9982 -0.0254
vn -0.0158 0.9998 -0.0133
vn -0.0346 0.9992 -0.0179
vn -0.0007 0.9997 -0.0232
vn 0.0161 0.9995 0.0261
vn 0.0221 0.9989 0.0408
vn 0.0049 0.9999 0.0117
vn -0.0110 0.9998 -0.0151
vn 0.0079 1.0000 0.0055
vn 0.0229 0.9990 0.0375
vn 0.0238 0.9988 0.0417
vn 0.0093 0.9998 0.0202
vn 0.0042 1.0000 0.0044
vn 0.0007 1.0000 0.0046
vn 0.0237 0.9997 0.0004
vn 0.0260 0.9997 -0.0029
vn 0.0228 0.9997 0.0007
vn 0.0121 0.9999 0.0005
vn 0.0169 0.9999 0.0002
vn -0.0209 0.9998 0.0025
vn -0.0274 0.9996 -0.0020
vn -0.0063 1.0000 -0.0001
vn 0.0086 1.0000 -0.0032
vn 0.0319 0.9995 -0.0016
vn -0.0172 0.9996 0.0242
vn -0.0086 0.9999 0.0137
vn -0.0056 1.0000 0.0064
vn 0.0137 0.9994 -0.0308
vn 0.0390 0.9966 -0.0723
vn 0.0482 0.9952 -0.0847
vn 0.0606 0.9931 -0.1004
vn 0.0457 0.9961 -0.0758
vn 0.0306 0.9983 -0.0492
vn 0.0178 0.9995 -0.0262
vn -0.0123 0.9998 -0.0171
vn -0.0279 0.9985 -0.0480
vn -0.0374 0.9973 -0.0637
vn -0.0448 0.9960 -0.0770
vn -0.0515 0.9947 -0.0885
vn -0.0508 0.9945 -0.0921
vn -0.0446 0.9960 -0.0776
vn -0.0238 0.9984 -0.0515
vn -0.0075 0.9998 -0.0170
vn 0.0186 0.9995 0.0251
vn -0.0145 0.9999 -0.0008
vn -0.0053 1.0000 -0.0022
vn -0.0124 0.9999 0.0016
vn -0.0201 0.9998 0.0003
vn -0.0232 0.9997 -0.0022
vn 0.0077 1.0000 -0.0021
vn 0.0269 0.9996 -0.0002
vn 0.0398 0.9992 -0.0010
vn 0.0452 0.9990 0.0024
vn -0.0021 1.0000 0.0038
vn -0.0154 0.9995 0.0285
vn -0.0321 0.9978 0.0579
vn -0.0397 0.9969 0.0686
vn -0.0381 0.9971 0.0658
vn -0.0328 0.9980 0.0543
vn -0.0232 0.9991 0.0359
vn -0.0097 0.9999 0.0119
vn -0.0083 0.9998 0.0205
vn -0.0271 0.9985 0.0478
vn -0.0242 0.9988 0.0431
vn 0.0829 0.9928 -0.0869
vn -0.0509 0.9872 -0.1512
vn -0.0342 0.9989 -0.0329
vn 0.0843 0.9876 -0.1323
vn -0.0573 0.9980 0.0280
vn -0.1442 0.9890 0.0320
vn -0.0517 0.9987 0.0038
vn -0.0681 0.9970 0.0379
vn -0.0284 0.9983 -0.0518
vn -0.1023 0.9948 0.0024
vn 0.1063 0.9915 -0.0757
vn 0.0019 0.9982 -0.0594
vn 0.0156 0.9960 0.0885
vn -0.0184 0.9997 0.0178
vn -0.0970 0.9943 0.0442
vn -0.0534 0.9981 0.0299
vn 0.1083 0.9933 -0.0400
vn -0.1238 0.9801 -0.1550
vn 0.0369 0.9865 -0.1598
vn 0.0692 0.9976 -0.0006
vn 0.1340 0.9862 0.0969
vn 0.1012 0.9933 0.0558
vn -0.0229 0.9992 0.0317
vn -0.0858 0.9949 0.0533
vn -0.0711 0.9968 0.0353
vn 0.0407 0.9980 0.0489
vn -0.0160 0.9997 -0.0204
vn 0.0759 0.9927 -0.0933
vn 0.0971 0.9914 -0.0876
vn 0.0538 0.9963 -0.0672
vn 0.0412 0.9990 0.0190
vn 0.0340 0.9994 -0.0103
vn 0.1139 0.9916 0.0607
vn 0.0623 0.9978 0.0213
vn -0.1365 0.9899 0.0380
vn -0.0807 0.9883 0.1292
vn -0.0845 0.9944 -0.0637
vn 0.0047 0.9996 0.0277
vn 0.0451 0.9882 0.1464
vn -0.0176 0.9925 -0.1209
vn -0.0608 0.9979 -0.0240
vn -0.0745 0.9958 0.0529
vn 0.0596 0.9980 0.0200
vn 0.0153 0.9998 0.0130
vn -0.0094 0.9897 0.1429
vn -0.0330 0.9878 0.1523
vn 0.0702 0.9968 0.0380
vn -0.0468 0.9873 -0.1520
vn -0.0419 0.9726 -0.2287
vn 0.0006 0.9930 -0.1184
vn -0.0039 0.9971 0.0762
vn 0.0195 0.9996 -0.0224
vn -0.0319 0.9879 -0.1519
vn 0.0170 0.9832 -0.1819
vn 0.0132 0.9939 0.1094
vn -0.1112 0.9938 0.0006
vn -0.0811 0.9917 0.0998
vn -0.1031 0.9868 0.1248
vn -0.0928 0.9944 0.0502
vn -0.0028 0.9780 -0.2085
vn -0.0736 0.9972 -0.0109
vn -0.1192 0.9922 0.0366
vn 0.0861 0.9947 0.0556
vn 0.0364 0.9963 0.0782
vn 0.1437 0.9896 -0.0064
vn -0.1065 0.9943 0.0104
vn 0.0062 0.9964 0.0848
vn 0.1487 0.9888 -0.0130
vn 0.0262 0.9924 0.1198
vn 0.0045 0.9773 0.2119
vn -0.0145 0.9902 0.1386
vn 0.1413 0.9889 -0.0452
vn -0.0333 0.9960 -0.0830
vn 0.0057 0.9902 -0.1399
vn -0.0258 0.9912 0.1299
vn 0.0339 0.9960 0.0832
vn -0.0314 0.9987 -0.0390
vn 0.0384 0.9873 -0.1540
vn -0.1172 0.9889 -0.0917
vn 0.0119 0.9889 -0.1481
vn -0.0819 0.9959 -0.0388
vn 0.0134 0.9913 -0.1307
vn 0.0097 0.9997 0.0207
vn -0.0242 0.9992 0.0311
vn -0.0586 0.9964 -0.0614
vn 0.0175 0.9987 -0.0477
vn -0.0429 0.9831 -0.1780
vn 0.0662 0.9914 -0.1126
vn -0.0226 0.9797 -0.1991
vn -0.0348 0.9992 -0.0201
vn -0.1227 0.9894 -0.0783
vn -0.1034 0.9839 -0.1457
vn -0.0272 0.9965 -0.0788
vn -0.0709 0.9973 -0.0209
vn -0.0136 0.9954 -0.0953
vn -0.0183 0.9866 -0.1621
vn 0.0047 0.9802 -0.1980
vn 0.0070 0.9999 0.0125
vn -0.0981 0.9951 0.0149
vn -0.1708 0.9845 0.0390
vn -0.0055 0.9866 -0.1628
vn -0.0725 0.9952 -0.0659
vn 0.0381 0.9795 -0.1977
vn -0.0358 0.9993 -0.0107
vn -0.1001 0.9946 -0.0282
vn -0.0076 0.9970 -0.0767
vn -0.0937 0.9953 -0.0223
vn -0.1204 0.9903 -0.0688
vn -0.0567 0.9971 0.0503
vn -0.0222 0.9968 0.0774
vn -0.0690 0.9929 -0.0966
vn -0.0953 0.9927 -0.0742
vn 0.0384 0.9846 -0.1706
vn -0.1088 0.9794 -0.1703
vn 0.0417 0.9970 -0.0646
vn 0.0513 0.9971 0.0564
vn 0.0049 0.9950 0.0994
vn 0.1449 0.9894 0.0132
vn 0.0251 0.9994 0.0229
vn -0.1200 0.9923 0.0320
vn -0.1504 0.9844 0.0917
vn 0.1567 0.9872 -0.0311
vn 0.1272 0.9917 -0.0179
vn 0.0281 0.9926 0.1179
vn 0.0441 0.9886 0.1438
vn -0.0075 0.9790 0.2035
vn -0.0364 0.9818 0.1865
vn 0.1683 0.9857 -0.0042
vn 0.1519 0.9884 -0.0009
vn 0.0001 0.9983 -0.0588
vn -0.0593 0.9973 -0.0435
vn 0.0215 0.9985 -0.0498
vn -0.0415 0.9984 0.0381
vn -0.0030 0.9852 0.1714
vn 0.0246 0.9840 0.1764
vn -0.0043 0.9992 -0.0385
vn -0.0341 0.9953 -0.0910
vn 0.0164 0.9933 -0.1144
vn -0.0442 0.9954 -0.0854
vn -0.0956 0.9921 -0.0812
vn 0.0051 0.9904 -0.1385
vn -0.0284 0.9909 -0.1316
vn -0.0170 0.9947 -0.1010
vn -0.0861 0.9947 -0.0569
vn -0.0741 0.9971 -0.0157
vn 0.0021 0.9998 0.0178
vn -0.0261 0.9988 0.0410
vn -0.0019 0.9999 0.0168
vn 0.0104 0.9962 -0.0869
vn -0.0970 0.9922 -0.0789
vn -0.0981 0.9946 -0.0337
vn 0.0183 0.9979 -0.0616
vn 0.0585 0.9907 -0.1231
vn -0.0598 0.9959 -0.0673
vn -0.0686 0.9969 -0.0386
vn 0.0869 0.9917 -0.0946
vn 0.1473 0.9848 -0.0919
vn -0.0048 0.9998 -0.0193
vn -0.0520 0.9978 -0.0409
vn -0.1055 0.9901 -0.0929
vn -0.0803 0.9911 -0.1059
vn -0.0739 0.9962 -0.0452
vn -0.0071 0.9983 -0.0575
vn -0.0510 0.9987 0.0059
vn -0.0415 0.9990 -0.0163
vn -0.0358 0.9986 -0.0388
vn -0.0476 0.9973 -0.0551
vn -0.0450 0.9953 -0.0854
vn 0.0013 0.9912 -0.1323
vn -0.0313 0.9749 -0.2205
vn -0.0024 0.9765 -0.2155
vn -0.0017 0.9993 0.0383
vn -0.0789 0.9956 0.0514
vn -0.0926 0.9957 -0.0019
vn -0.0831 0.9965 0.0106
vn -0.1584 0.9854 -0.0625
vn -0.1200 0.9819 -0.1462
vn -0.0171 0.9856 -0.1682
vn 0.0250 0.9907 -0.1338
vn -0.0916 0.9872 -0.1305
vn -0.0639 0.9849 -0.1610
vn 0.0490 0.9878 -0.1479
vn 0.0422 0.9947 -0.0932
vn 0.0087 1.0000 -0.0034
vn 0.0063 0.9998 0.0204
vn -0.1039 0.9859 -0.1312
vn -0.0613 0.9748 -0.2144
vn -0.0703 0.9959 -0.0569
vn -0.0750 0.9923 -0.0981
vn -0.1086 0.9937 -0.0276
vn -0.0687 0.9975 -0.0152
vn -0.0667 0.9963 0.0544
vn -0.1213 0.9887 0.0875
vn 0.0144 0.9986 0.0504
vn 0.0635 0.9975 -0.0302
vn -0.0668 0.9974 -0.0269
vn -0.0666 0.9973 -0.0317
vn -0.0608 0.9932 -0.0993
vn 0.0242 0.9901 -0.1383
vn 0.0171 0.9853 -0.1699
vn -0.0178 0.9866 -0.1621
vn -0.1314 0.9815 -0.1395
vn -0.1430 0.9866 -0.0781
vn 0.0666 0.9970 -0.0405
vn 0.0210 0.9988 -0.0447
vn -0.1230 0.9920 -0.0290
vn -0.1478 0.9889 -0.0160
vn -0.1109 0.9938 -0.0014
vn -0.0548 0.9953 -0.0802
vn 0.0033 0.9997 -0.0247
vn -0.0596 0.9980 0.0216
vn -0.0779 0.9968 -0.0151
vn -0.0586 0.9983 0.0006
vn -0.1025 0.9947 0.0111
vn -0.1426 0.9892 -0.0337
vn -0.0467 0.9981 -0.0391
vn -0.0554 0.9983 0.0164
vn 0.0585 0.9835 -0.1710
vn 0.0624 0.9851 -0.1601
vn -0.0409 0.9984 -0.0391
vn -0.0185 0.9994 -0.0302
vn 0.0397 0.9936 -0.1059
vn 0.0071 0.9928 -0.1197
vn -0.0346 0.9982 -0.0497
vn 0.0646 0.9943 -0.0850
vn -0.0197 0.9942 -0.1053
vn -0.0082 0.9855 -0.1696
vn -0.0518 0.9915 -0.1195
vn -0.0167 0.9912 -0.1314
vn 0.0137 0.9996 0.0256
vn -0.0559 0.9984 -0.0009
vn -0.0623 0.9963 0.0599
vn -0.1465 0.9813 0.1248
vn 0.0174 0.9973 0.0713
vn -0.0364 0.9988 0.0336
vn 0.0913 0.9821 0.1645
vn -0.0815 0.9944 0.0679
vn 0.0632 0.9916 0.1131
vn -0.1007 0.9947 0.0218
vn 0.0245 0.9958 0.0883
vn -0.0634 0.9948 0.0801
vn 0.0198 0.9937 0.1100
vn -0.0222 0.9897 0.1417
vn -0.0310 0.9968 0.0741
vn 0.0218 0.9989 0.0411
vn 0.0551 0.9985 -0.0046
vn -0.0243 0.9987 0.0452
vn -0.0209 0.9993 0.0298
vn -0.0591 0.9964 0.0600
vn 0.0112 0.9974 0.0707
vn -0.0213 0.9978 0.0625
vn 0.1179 0.9894 0.0842
vn 0.0695 0.9891 0.1295
vn 0.0411 0.9985 0.0360
vn 0.0930 0.9860 -0.1383
vn -0.0244 0.9990 -0.0380
vn 0.1148 0.9934 -0.0019
vn 0.0578 0.9832 0.1733
vn 0.0101 0.9792 0.2025
vn -0.0336 0.9994 0.0044
vn -0.0563 0.9972 0.0490
vn -0.1033 0.9944 0.0222
vn -0.0490 0.9870 -0.1530
vn 0.0751 0.9715 -0.2250
vn -0.0400 0.9982 -0.0436
vn 0.0457 0.9911 -0.1252
vn -0.1171 0.9927 -0.0287
vn -0.0654 0.9859 0.1541
vn 0.0037 0.9999 -0.0151
vn 0.0084 0.9998 -0.0201
vn -0.0583 0.9982 -0.0119
vn -0.0040 0.9994 0.0347
vn 0.0585 0.9979 -0.0279
vn 0.0141 0.9778 -0.2091
vn -0.0645 0.9798 -0.1891
vn -0.1148 0.9552 -0.2727
vn -0.1469 0.9755 -0.1637
vn -0.1751 0.9819 -0.0722
vn -0.0195 0.9987 -0.0462
vn -0.0692 0.9949 -0.0734
vn -0.0621 0.9768 -0.2051
vn -0.0613 0.9766 -0.2063
vn 0.0297 0.9995 0.0107
vn 0.0456 0.9990 -0.0004
vn -0.0381 0.9992 0.0134
vn -0.0261 0.9986 -0.0467
vn -0.1422 0.9865 0.0812
vn -0.0916 0.9949 0.0420
vn -0.0437 0.9989 -0.0145
vn 0.0407 0.9992 0.0013
vn -0.0526 0.9962 0.0695
vn -0.1293 0.9871 0.0946
vn -0.0577 0.9939 0.0939
vn 0.0112 0.9977 0.0669
vn 0.0754 0.9810 0.1790
vn 0.0987 0.9801 0.1720
vn -0.0413 0.9971 0.0633
vn -0.0875 0.9924 0.0863
vn 0.0229 0.9893 0.1439
vn 0.0585 0.9858 0.1571
vn 0.0066 0.9983 0.0586
vn -0.0108 0.9978 0.0653
vn 0.0024 0.9966 0.0823
vn 0.0258 0.9994 0.0239
vn -0.0766 0.9947 0.0689
vn -0.0721 0.9944 0.0767
vn 0.0241 0.9995 0.0183
vn 0.0923 0.9952 0.0314
vn 0.0518 0.9970 0.0581
vn -0.0063 0.9986 0.0534
vn -0.0592 0.9961 0.0654
vn -0.0695 0.9930 0.0956
vn -0.0651 0.9957 0.0657
vn -0.0675 0.9964 0.0517
vn -0.0140 0.9979 0.0631
vn -0.0361 0.9977 0.0565
vn -0.0527 0.9887 0.1400
vn 0.0237 0.9896 0.1421
vn 0.1150 0.9931 0.0242
vn 0.0114 0.9976 0.0689
vn 0.0481 0.9955 0.0812
vn 0.0187 0.9968 0.0775
vn 0.1124 0.9747 -0.1934
vn 0.0902 0.9837 -0.1556
vn -0.0238 0.9987 0.0447
vn -0.0974 0.9929 0.0688
vn 0.1068 0.9940 0.0221
vn 0.0943 0.9917 0.0870
vn 0.0360 0.9697 0.2416
vn 0.0288 0.9641 0.2639
vn 0.0753 0.9899 0.1202
vn -0.0166 0.9959 0.0886
vn -0.0381 0.9992 0.0102
vn -0.0119 0.9999 -0.0039
vn -0.0630 0.9960 0.0629
vn -0.0719 0.9953 0.0650
vn -0.0373 0.9764 -0.2126
vn 0.0010 0.9721 -0.2345
vn 0.0844 0.9706 -0.2254
vn 0.0772 0.9801 -0.1827
vn -0.0261 0.9995 0.0173
vn 0.0049 0.9998 -0.0216
vn 0.0377 0.9956 -0.0860
vn -0.0179 0.9989 -0.0432
vn -0.1242 0.9921 -0.0164
vn -0.1491 0.9887 0.0177
vn -0.0531 0.9941 0.0941
vn -0.0379 0.9966 0.0731
vn 0.0007 0.9997 -0.0252
vn -0.0044 0.9996 -0.0290
vn 0.0152 0.9997 0.0212
vn -0.0101 0.9977 0.0670
vn -0.0079 0.9988 -0.0477
vn 0.0341 0.9988 -0.0351
vn 0.0597 0.9972 -0.0454
vn 0.0846 0.9918 -0.0962
vn 0.0131 0.9836 -0.1801
vn -0.0114 0.9918 -0.1270
vn -0.0023 0.9853 -0.1710
vn 0.0113 0.9831 -0.1827
vn -0.0992 0.9841 -0.1474
vn -0.0752 0.9932 -0.0890
vn -0.0884 0.9960 -0.0138
vn -0.0481 0.9983 -0.0316
vn -0.1262 0.9914 0.0332
vn -0.0874 0.9957 0.0321
vn 0.0082 1.0000 0.0045
vn 0.0403 0.9992 -0.0056
vn -0.0450 0.9976 0.0518
vn -0.0768 0.9956 0.0528
vn 0.0380 0.9974 0.0617
vn 0.0401 0.9977 0.0544
vn 0.0217 0.9997 0.0086
vn 0.0073 0.9999 -0.0108
vn -0.0046 0.9994 -0.0330
vn -0.0133 0.9985 -0.0539
vn -0.0460 0.9949 -0.0896
vn -0.0487 0.9944 -0.0938
vn -0.0623 0.9919 -0.1105
vn -0.0613 0.9911 -0.1182
vn -0.0762 0.9887 -0.1289
vn -0.0771 0.9889 -0.1273
vn -0.0705 0.9913 -0.1111
vn -0.0637 0.9924 -0.1052
vn -0.0547 0.9947 -0.0867
vn -0.0525 0.9948 -0.0876
vn -0.0480 0.9958 -0.0780
vn -0.0469 0.9958 -0.0782
vn -0.0378 0.9985 -0.0398
vn -0.0272 0.9992 -0.0301
vn -0.0027 0.9808 -0.1952
vn -0.0085 0.9999 -0.0059
vn 0.0398 0.9808 -0.1908
vn -0.1098 0.9861 0.1246
vn 0.0915 0.9932 -0.0718
vn -0.0223 0.9913 0.1296
vn -0.0767 0.9961 0.0428
vn -0.0653 0.9864 0.1508
vn 0.1094 0.9807 0.1623
vn -0.0420 0.9938 0.1030
vn -0.1259 0.9907 0.0514
vn 0.1251 0.9879 0.0915
vn 0.0453 0.9951 0.0874
vn 0.0027 0.9974 0.0720
vn -0.0093 0.9837 0.1798
vn -0.0730 0.9973 -0.0021
vn -0.0337 0.9971 0.0685
vn 0.0465 0.9988 0.0181
vn 0.1108 0.9937 0.0184
vn 0.1197 0.9914 0.0529
vn -0.0059 1.0000 0.0030
vn 0.0112 0.9938 -0.1106
vn -0.0552 0.9981 0.0255
vn -0.0055 0.9998 -0.0192
vn 0.1358 0.9812 0.1373
vn 0.0262 0.9938 0.1076
vn -0.0130 0.9999 -0.0088
vn 0.0107 0.9998 -0.0176
vn -0.0380 0.9925 -0.1159
vn -0.0417 0.9962 0.0770
vn -0.1076 0.9900 0.0915
vn -0.0074 0.9911 0.1325
vn 0.1038 0.9939 0.0377
vn 0.0298 0.9994 -0.0179
vn -0.0334 0.9991 -0.0256
vn 0.0388 0.9875 -0.1528
vn -0.0330 0.9960 -0.0835
vn 0.0813 0.9967 -0.0038
vn 0.0313 0.9995 -0.0091
vn -0.0102 0.9969 0.0779
vn 0.0367 0.9983 0.0443
vn -0.0040 0.9983 -0.0581
vn 0.0190 0.9881 -0.1523
vn -0.0531 0.9820 -0.1813
vn 0.0709 0.9909 -0.1140
vn -0.0426 0.9989 -0.0207
vn 0.0906 0.9923 -0.0850
vn 0.0893 0.9913 -0.0964
vn 0.1339 0.9836 -0.1211
vn 0.0609 0.9931 -0.1002
vn 0.0242 0.9744 -0.2233
vn 0.0252 0.9940 -0.1063
vn -0.0101 0.9967 -0.0801
vn -0.0211 0.9991 -0.0379
vn -0.0175 0.9995 0.0254
vn -0.0029 0.9869 -0.1611
vn -0.0154 0.9838 -0.1785
vn 0.0761 0.9878 -0.1356
vn 0.0271 0.9967 -0.0766
vn 0.0094 0.9931 0.1167
vn -0.0037 0.9949 0.1006
vn -0.0616 0.9918 0.1118
vn 0.0252 0.9859 0.1654
vn 0.0564 0.9835 0.1720
vn 0.0027 0.9818 0.1897
vn -0.0381 0.9907 0.1308
vn -0.0463 0.9956 0.0818
vn 0.1197 0.9917 0.0460
vn 0.0843 0.9935 0.0761
vn 0.0668 0.9952 0.0722
vn 0.0663 0.9934 0.0937
vn 0.0138 0.9991 0.0402
vn 0.0244 0.9987 0.0450
vn -0.0279 0.9906 0.1337
vn -0.0690 0.9825 0.1728
vn -0.0135 0.9895 0.1441
vn 0.0184 0.9947 0.1011
vn 0.0709 0.9972 0.0253
vn 0.1181 0.9912 0.0598
vn 0.0582 0.9957 0.0726
vn 0.0156 0.9999 0.0050
vn 0.1026 0.9918 0.0760
vn 0.0653 0.9959 0.0633
vn 0.0169 0.9989 0.0426
vn -0.0418 0.9988 -0.0255
vn -0.0199 0.9997 0.0162
vn -0.0284 0.9995 -0.0114
vn -0.0150 0.9995 0.0265
vn 0.0340 0.9993 0.0166
vn 0.1291 0.9775 0.1669
vn 0.0982 0.9836 0.1510
vn 0.0187 0.9941 0.1067
vn 0.0094 0.9951 0.0981
vn 0.0420 0.9982 -0.0429
vn 0.0563 0.9984 -0.0035
vn -0.0284 0.9994 0.0191
vn -0.0565 0.9982 0.0209
vn -0.1117 0.9899 0.0869
vn -0.1371 0.9878 0.0737
vn -0.0660 0.9942 0.0854
vn -0.0696 0.9929 0.0969
vn 0.0741 0.9948 0.0697
vn 0.1015 0.9924 0.0700
vn 0.1913 0.9814 -0.0185
vn 0.1824 0.9826 -0.0343
vn -0.0615 0.9978 -0.0261
vn -0.0379 0.9990 -0.0240
vn 0.0486 0.9974 -0.0541
vn 0.1172 0.9915 -0.0573
vn -0.0407 0.9928 -0.1129
vn -0.0900 0.9863 -0.1383
vn 0.0595 0.9982 -0.0110
vn -0.0090 0.9982 -0.0585
vn 0.0282 0.9995 0.0163
vn 0.0312 0.9969 0.0717
vn -0.0289 0.9896 0.1410
vn -0.0346 0.9934 0.1097
vn -0.0277 0.9916 0.1264
vn -0.0651 0.9944 0.0836
vn -0.0007 1.0000 -0.0097
vn 0.0637 0.9968 -0.0491
vn 0.0531 0.9893 -0.1360
vn 0.0292 0.9937 -0.1079
vn -0.0046 0.9783 -0.2073
vn 0.0684 0.9708 -0.2300
vn 0.0535 0.9813 -0.1850
vn -0.0016 0.9873 -0.1586
vn 0.0634 0.9972 -0.0395
vn 0.0471 0.9980 -0.0427
vn 0.0327 0.9992 -0.0214
vn 0.0121 0.9998 0.0155
vn 0.0650 0.9975 -0.0274
vn 0.0187 0.9974 -0.0693
vn 0.0338 0.9990 -0.0295
vn 0.0629 0.9952 -0.0746
vn 0.0193 0.9811 -0.1924
vn 0.0432 0.9866 -0.1572
vn 0.0021 0.9941 -0.1085
vn -0.0343 0.9908 -0.1313
vn 0.0351 0.9903 -0.1341
vn -0.0045 0.9904 -0.1385
vn 0.0242 0.9981 -0.0575
vn 0.0235 0.9959 -0.0876
vn 0.0275 0.9977 -0.0622
vn 0.0344 0.9991 -0.0235
vn 0.0235 0.9990 -0.0387
vn 0.0317 0.9987 -0.0399
vn 0.0407 0.9975 -0.0580
vn 0.0407 0.9973 -0.0608
vn 0.0594 0.9947 -0.0842
vn 0.0649 0.9932 -0.0965
vn 0.0717 0.9905 -0.1177
vn 0.0752 0.9901 -0.1183
vn 0.0583 0.9905 -0.1249
vn 0.0469 0.9933 -0.1057
vn 0.0452 0.9958 -0.0793
vn 0.0424 0.9958 -0.0813
vn 0.0131 0.9991 -0.0411
vn 0.0055 0.9995 -0.0327
vn -0.0178 0.9998 0.0130
vn -0.0204 0.9995 0.0225
vn -0.0257 0.9989 0.0388
vn -0.0219 0.9989 0.0411
vn -0.0246 0.9991 0.0338
vn -0.0313 0.9987 0.0410
vn 0.1583 0.9826 -0.0972
vn 0.0240 0.9978 -0.0623
vn 0.0225 0.9964 -0.0817
vn -0.0863 0.9845 -0.1530
vn 0.0955 0.9908 -0.0961
vn 0.0971 0.9952 0.0085
vn 0.0297 0.9906 -0.1336
vn -0.0204 0.9983 -0.0540
vn -0.0597 0.9959 0.0674
vn -0.0575 0.9971 -0.0495
vn 0.0624 0.9939 -0.0914
vn -0.1038 0.9940 0.0331
vn -0.0528 0.9854 -0.1619
vn -0.1153 0.9919 0.0533
vn -0.0189 0.9832 -0.1814
vn -0.1743 0.9836 0.0459
vn -0.0189 0.9860 0.1658
vn -0.1004 0.9887 -0.1110
vn -0.0457 0.9977 0.0501
vn -0.0407 0.9955 -0.0860
vn -0.1176 0.9700 -0.2127
vn -0.0356 0.9979 -0.0540
vn -0.0631 0.9918 0.1115
vn 0.0545 0.9985 0.0092
vn -0.1536 0.9877 0.0308
vn -0.0524 0.9972 -0.0537
vn -0.0425 0.9978 -0.0502
vn -0.1025 0.9903 -0.0940
vn -0.0054 0.9999 -0.0148
vn 0.0486 0.9985 -0.0242
vn 0.1245 0.9922 -0.0074
vn 0.1468 0.9869 0.0675
vn 0.0719 0.9973 -0.0171
vn -0.0070 0.9991 -0.0418
vn 0.0676 0.9967 -0.0450
vn -0.1084 0.9920 -0.0648
vn -0.0604 0.9968 -0.0520
vn 0.0992 0.9888 -0.1116
vn 0.0870 0.9957 -0.0310
vn 0.1087 0.9918 -0.0677
vn 0.2289 0.9634 0.1395
vn 0.1975 0.9799 0.0279
vn 0.0971 0.9940 -0.0507
vn 0.1591 0.9826 0.0955
vn 0.0399 0.9953 -0.0885
vn 0.1032 0.9946 0.0055
vn 0.2007 0.9796 -0.0139
vn 0.1638 0.9815 -0.0988
vn 0.1233 0.9915 -0.0413
vn -0.0018 0.9990 -0.0453
vn 0.0459 0.9947 0.0919
vn 0.1388 0.9898 0.0309
vn 0.1734 0.9848 -0.0017
vn 0.1647 0.9861 0.0198
vn 0.1764 0.9838 -0.0309
vn 0.0499 0.9922 -0.1140
vn 0.0371 0.9919 -0.1213
vn 0.1005 0.9934 -0.0557
vn 0.1162 0.9931 -0.0159
vn 0.0539 0.9985 -0.0107
vn -0.0062 0.9991 -0.0422
vn 0.0189 0.9933 -0.1140
vn -0.0408 0.9925 -0.1155
vn -0.0873 0.9956 0.0337
vn -0.0949 0.9944 0.0460
vn -0.0853 0.9959 -0.0285
vn -0.0408 0.9858 -0.1630
vn -0.1343 0.9909 0.0056
vn -0.1385 0.9894 -0.0439
vn -0.0568 0.9903 -0.1269
vn -0.0101 0.9995 0.0293
vn -0.0825 0.9959 0.0362
vn -0.0479 0.9983 -0.0335
vn -0.0053 0.9751 -0.2219
vn 0.0165 0.9789 -0.2039
vn -0.0620 0.9896 0.1300
vn -0.0787 0.9968 0.0142
vn -0.0245 0.9957 -0.0890
vn -0.0158 0.9938 -0.1101
vn -0.0339 0.9951 0.0927
vn -0.0610 0.9932 0.0990
vn -0.1292 0.9767 -0.1712
vn -0.1226 0.9635 -0.2379
vn -0.1300 0.9705 -0.2029
vn -0.1285 0.9886 -0.0784
vn -0.0628 0.9859 0.1553
vn -0.0310 0.9939 0.1063
vn 0.0614 0.9969 -0.0498
vn 0.0106 0.9998 -0.0164
vn -0.1642 0.9862 -0.0233
vn -0.1662 0.9861 0.0050
vn -0.0210 0.9997 -0.0109
vn 0.0051 1.0000 -0.0052
vn -0.1435 0.9752 -0.1686
vn -0.1640 0.9739 -0.1567
vn -0.1443 0.9875 -0.0637
vn -0.1237 0.9914 -0.0416
vn -0.0239 0.9993 -0.0284
vn -0.0237 0.9996 0.0170
vn 0.0764 0.9967 -0.0276
vn 0.0616 0.9950 -0.0781
vn 0.0688 0.9937 0.0881
vn 0.0815 0.9928 0.0881
vn 0.0379 0.9972 -0.0645
vn 0.0536 0.9944 -0.0908
vn -0.0020 0.9999 0.0158
vn 0.0541 0.9980 0.0313
vn 0.0070 0.9931 -0.1170
vn -0.0547 0.9964 -0.0641
vn -0.1115 0.9922 -0.0556
vn -0.1083 0.9855 -0.1304
vn 0.0937 0.9939 -0.0582
vn 0.1000 0.9944 -0.0340
vn 0.0640 0.9964 -0.0564
vn 0.0960 0.9950 -0.0272
vn 0.2138 0.9757 -0.0485
vn 0.2106 0.9770 -0.0334
vn 0.2580 0.9554 0.1437
vn 0.2633 0.9631 0.0554
vn 0.2129 0.9746 0.0698
vn 0.1521 0.9876 0.0387
vn 0.0956 0.9936 -0.0593
vn 0.0833 0.9956 -0.0438
vn 0.0673 0.9956 0.0653
vn 0.0717 0.9973 -0.0171
vn -0.0669 0.9903 -0.1219
vn -0.0976 0.9901 -0.1006
vn 0.1198 0.9920 -0.0408
vn 0.0789 0.9945 -0.0692
vn 0.1499 0.9864 -0.0679
vn 0.1786 0.9828 -0.0461
vn 0.1294 0.9887 -0.0752
vn 0.1113 0.9923 -0.0541
vn 0.0861 0.9962 -0.0147
vn 0.1112 0.9926 0.0485
vn 0.0778 0.9930 0.0892
vn 0.0701 0.9935 0.0896
vn 0.0854 0.9958 0.0322
vn 0.0914 0.9958 0.0086
vn 0.0827 0.9966 0.0053
vn 0.0651 0.9978 0.0094
vn 0.1005 0.9947 0.0198
vn 0.0916 0.9954 0.0266
vn 0.1055 0.9936 -0.0406
vn 0.1114 0.9910 -0.0742
vn 0.0740 0.9973 -0.0018
vn 0.0702 0.9975 -0.0042
vn 0.0461 0.9989 -0.0074
vn 0.0298 0.9995 -0.0116
vn -0.0049 1.0000 -0.0059
vn -0.0089 1.0000 0.0007
vn -0.0280 0.9996 -0.0077
vn -0.0376 0.9993 -0.0055
vn -0.0455 0.9990 0.0039
vn -0.0341 0.9994 0.0095
vn 0.0182 0.9998 0.0124
vn 0.0343 0.9994 0.0051
vn 0.0380 0.9993 -0.0027
vn 0.0365 0.9993 -0.0009
vn 0.0467 0.9989 0.0010
vn 0.0490 0.9988 0.0014
vn 0.0593 0.9982 0.0034
vn 0.0589 0.9982 -0.0049
vn 0.0414 0.9991 0.0029
vn 0.0425 0.9991 0.0014
vn -0.0467 0.9983 -0.0339
vn 0.0702 0.9891 -0.1297
vn 0.0068 0.9980 -0.0635
vn 0.0682 0.9952 -0.0706
vn -0.0885 0.9960 0.0110
vn 0.1402 0.9883 0.0598
vn 0.1069 0.9934 -0.0406
vn -0.0078 0.9998 0.0188
vn 0.0704 0.9975 0.0011
vn -0.0470 0.9981 -0.0389
vn -0.0714 0.9974 -0.0007
vn 0.0255 0.9997 -0.0060
vn 0.0049 0.9993 0.0379
vn 0.0282 0.9996 -0.0061
vn 0.0866 0.9937 0.0709
vn 0.0157 0.9942 0.1061
vn -0.1271 0.9914 0.0313
vn 0.0287 0.9987 0.0417
vn 0.0799 0.9963 0.0313
vn 0.1419 0.9879 0.0632
vn 0.0003 0.9989 0.0475
vn -0.0712 0.9972 0.0241
vn -0.0099 0.9833 0.1818
vn 0.0358 0.9900 0.1362
vn 0.0643 0.9979 0.0056
vn 0.0320 0.9972 0.0678
vn 0.0624 0.9887 0.1362
vn -0.0446 0.9980 0.0452
vn -0.1310 0.9748 0.1805
vn 0.0214 0.9963 0.0834
vn 0.0313 0.9962 0.0813
vn -0.0799 0.9860 0.1466
vn 0.2309 0.9720 -0.0448
vn 0.0767 0.9942 0.0756
vn -0.0059 0.9867 0.1627
vn -0.0259 0.9977 0.0628
vn 0.0130 0.9980 0.0617
vn 0.0050 0.9996 -0.0277
vn -0.0756 0.9932 -0.0881
vn -0.0738 0.9959 -0.0524
vn -0.0823 0.9962 -0.0285
vn 0.1197 0.9860 -0.1163
vn 0.0032 0.9991 -0.0425
vn -0.1933 0.9788 0.0673
vn -0.1438 0.9896 0.0035
vn 0.0717 0.9832 0.1680
vn 0.0286 0.9996 0.0011
vn -0.0447 0.9986 0.0298
vn -0.0295 0.9967 0.0752
vn 0.0243 0.9939 0.1074
vn 0.0934 0.9947 0.0436
vn 0.0534 0.9980 -0.0331
vn -0.0041 1.0000 -0.0091
vn -0.0524 0.9831 0.1754
vn 0.1025 0.9844 0.1427
vn -0.0370 0.9957 -0.0846
vn 0.0142 0.9908 -0.1345
vn -0.0308 0.9952 0.0925
vn 0.0273 0.9966 0.0774
vn 0.0713 0.9964 0.0461
vn 0.0625 0.9971 0.0439
vn -0.0907 0.9950 0.0421
vn -0.1143 0.9866 0.1162
vn 0.1135 0.9927 -0.0416
vn 0.1403 0.9880 -0.0646
vn -0.0302 0.9992 0.0279
vn -0.0240 0.9987 0.0451
vn 0.0720 0.9966 -0.0409
vn 0.0282 0.9980 -0.0561
vn -0.0102 0.9998 0.0161
vn 0.0332 0.9983 0.0480
vn 0.0245 0.9991 -0.0332
vn -0.0492 0.9984 -0.0294
vn 0.0714 0.9974 0.0142
vn 0.0531 0.9978 -0.0393
vn -0.0986 0.9933 0.0598
vn -0.0390 0.9971 0.0648
vn 0.0209 0.9997 0.0115
vn 0.0318 0.9991 0.0296
vn 0.0750 0.9944 0.0751
vn 0.0253 0.9966 0.0790
vn 0.1490 0.9888 0.0094
vn 0.1235 0.9923 -0.0113
vn 0.0091 0.9891 0.1470
vn 0.0341 0.9878 0.1516
vn -0.0445 0.9867 0.1563
vn 0.0499 0.9885 0.1428
vn 0.0270 0.9962 0.0827
vn 0.0182 0.9988 0.0462
vn 0.1084 0.9940 -0.0166
vn 0.1917 0.9800 -0.0530
vn -0.0141 0.9979 0.0631
vn 0.0066 0.9969 0.0781
vn 0.0160 0.9995 0.0272
vn 0.0593 0.9981 -0.0156
vn -0.0428 0.9978 0.0511
vn -0.1025 0.9942 0.0330
vn 0.0711 0.9841 0.1629
vn 0.0449 0.9910 0.1264
vn 0.0632 0.9784 0.1969
vn 0.0111 0.9799 0.1992
vn -0.0720 0.9888 0.1311
vn -0.0275 0.9956 0.0892
vn 0.2144 0.9754 -0.0518
vn 0.2006 0.9792 0.0289
vn 0.0928 0.9888 0.1166
vn -0.0149 0.9915 0.1290
vn -0.0338 0.9880 0.1505
vn 0.0411 0.9924 0.1162
vn 0.0218 0.9943 0.1045
vn -0.0088 0.9893 0.1460
vn -0.0549 0.9963 -0.0655
vn -0.0767 0.9957 -0.0526
vn -0.0829 0.9948 -0.0583
vn -0.0869 0.9946 -0.0566
vn -0.0892 0.9953 -0.0386
vn -0.1202 0.9927 0.0110
vn 0.0062 1.0000 0.0006
vn 0.0669 0.9969 -0.0421
vn 0.1099 0.9831 -0.1467
vn 0.0734 0.9918 -0.1046
vn -0.0150 0.9997 0.0204
vn -0.0089 0.9999 0.0109
vn -0.1804 0.9830 0.0353
vn -0.1753 0.9842 -0.0261
vn -0.1666 0.9858 0.0187
vn -0.1663 0.9858 0.0219
vn 0.0574 0.9984 0.0007
vn 0.0275 0.9995 -0.0161
vn -0.0304 0.9987 0.0414
vn -0.0059 0.9990 0.0451
vn -0.0425 0.9974 0.0579
vn -0.0566 0.9975 0.0412
vn -0.0286 0.9996 0.0089
vn 0.0176 0.9993 0.0320
vn 0.1105 0.9939 0.0005
vn 0.1032 0.9947 -0.0053
vn 0.0316 0.9978 -0.0582
vn -0.0468 0.9985 -0.0276
vn -0.0320 0.9976 0.0608
vn -0.0872 0.9911 0.1011
vn -0.0346 0.9919 0.1224
vn 0.0087 0.9939 0.1096
vn 0.0895 0.9821 0.1656
vn 0.0915 0.9820 0.1654
vn -0.0032 0.9999 -0.0097
vn -0.0090 1.0000 -0.0031
vn -0.0015 1.0000 -0.0019
vn 0.0011 1.0000 -0.0030
vn -0.0021 0.9999 0.0126
vn 0.0054 0.9998 0.0217
vn 0.0249 0.9981 0.0557
vn 0.0318 0.9977 0.0593
vn 0.0352 0.9980 0.0517
vn 0.0307 0.9984 0.0477
vn 0.0246 0.9993 0.0272
vn 0.0232 0.9997 0.0063
vn -0.0117 0.9995 -0.0286
vn -0.0157 0.9995 -0.0286
vn -0.0126 0.9999 0.0059
vn 0.0022 0.9997 0.0244
vn 0.0155 0.9985 0.0526
vn 0.0278 0.9977 0.0625
vn 0.0329 0.9984 0.0471
vn 0.0303 0.9986 0.0443
vn 0.0263 0.9896 -0.1417
vn 0.0154 0.9996 -0.0229
vn -0.0037 0.9939 -0.1106
vn 0.0589 0.9813 0.1830
vn -0.1132 0.9927 0.0408
vn -0.0534 0.9863 0.1560
vn -0.0655 0.9972 -0.0366
vn 0.0216 0.9910 -0.1322
vn 0.1834 0.9822 0.0417
vn -0.0177 0.9977 0.0658
vn -0.1069 0.9796 0.1699
vn -0.0306 0.9940 0.1052
vn 0.0164 0.9934 0.1136
vn 0.0909 0.9927 0.0794
vn -0.0010 0.9995 -0.0302
vn -0.0958 0.9943 0.0463
vn -0.0259 0.9942 0.1041
vn -0.0023 1.0000 0.0039
vn 0.0956 0.9925 0.0767
vn -0.0558 0.9982 0.0217
vn 0.0295 0.9908 0.1319
vn 0.0064 0.9985 -0.0539
vn 0.0562 0.9920 0.1133
vn -0.1917 0.9792 0.0669
vn -0.0786 0.9906 0.1120
vn 0.0132 0.9999 -0.0069
vn 0.1557 0.9833 0.0947
vn 0.0454 0.9962 -0.0738
vn 0.1164 0.9904 0.0740
vn -0.0127 0.9988 0.0478
vn -0.0440 0.9941 0.0991
vn -0.0481 0.9984 0.0281
vn -0.0972 0.9830 0.1555
vn -0.0500 0.9885 0.1429
vn -0.0589 0.9978 0.0300
vn 0.0502 0.9942 0.0953
vn 0.0649 0.9975 -0.0272
vn -0.0208 0.9985 0.0509
vn 0.0647 0.9876 0.1428
vn -0.1054 0.9844 0.1408
vn -0.1321 0.9829 0.1285
vn -0.0016 0.9964 0.0847
vn -0.0224 0.9982 -0.0561
vn -0.0432 0.9990 -0.0099
vn 0.0566 0.9979 -0.0320
vn 0.0469 0.9987 0.0189
vn -0.0951 0.9915 0.0885
vn 0.0264 0.9915 0.1270
vn 0.1236 0.9921 0.0206
vn -0.0175 0.9960 -0.0877
vn 0.0590 0.9976 -0.0351
vn -0.0882 0.9952 -0.0425
vn -0.0332 0.9970 0.0697
vn -0.0040 0.9989 0.0469
vn 0.0055 0.9961 0.0878
vn 0.0144 0.9899 -0.1409
vn 0.0520 0.9958 -0.0758
vn -0.1134 0.9935 0.0118
vn -0.0487 0.9964 0.0688
vn -0.0385 0.9880 0.1494
vn -0.0045 0.9881 0.1538
vn 0.0434 0.9911 -0.1261
vn 0.0809 0.9936 -0.0788
vn 0.0866 0.9912 0.1000
vn 0.0273 0.9924 0.1197
vn -0.0415 0.9900 0.1349
vn -0.0116 0.9966 0.0820
vn -0.0191 0.9992 0.0343
vn -0.0581 0.9980 0.0237
vn 0.0502 0.9943 0.0944
vn 0.1280 0.9821 0.1380
vn 0.1214 0.9923 0.0233
vn 0.0681 0.9966 -0.0474
vn -0.0245 0.9987 -0.0439
vn -0.0395 0.9991 0.0181
vn -0.0347 0.9947 0.0970
vn -0.0708 0.9975 0.0040
vn -0.0054 1.0000 0.0073
vn 0.0695 0.9950 0.0713
vn 0.0573 0.9941 0.0923
vn 0.0373 0.9961 0.0794
vn -0.0266 0.9989 0.0392
vn 0.1042 0.9899 0.0957
vn 0.0352 0.9911 0.1283
vn -0.0406 0.9949 0.0923
vn 0.0368 0.9880 0.1501
vn -0.0568 0.9896 0.1319
vn -0.2123 0.9735 0.0851
vn -0.1458 0.9855 0.0864
vn 0.0655 0.9960 0.0612
vn 0.0842 0.9964 0.0108
vn 0.0575 0.9978 -0.0323
vn 0.0551 0.9985 0.0018
vn 0.1663 0.9804 0.1054
vn 0.0843 0.9956 0.0419
vn 0.0706 0.9954 -0.0652
vn 0.0746 0.9971 -0.0144
vn -0.0306 0.9959 0.0856
vn 0.0548 0.9866 0.1540
vn -0.0470 0.9980 0.0422
vn -0.0604 0.9982 -0.0051
vn -0.0815 0.9945 0.0665
vn -0.1228 0.9889 0.0840
vn -0.0546 0.9903 0.1274
vn -0.0523 0.9851 0.1641
vn -0.0455 0.9867 0.1559
vn 0.0145 0.9910 0.1331
vn -0.0298 0.9994 -0.0193
vn -0.0170 0.9976 -0.0677
vn 0.0667 0.9966 0.0489
vn 0.0391 0.9991 0.0138
vn 0.0840 0.9964 -0.0151
vn 0.0983 0.9931 0.0632
vn 0.0472 0.9896 0.1360
vn -0.0594 0.9958 0.0693
vn -0.1475 0.9775 0.1505
vn -0.1103 0.9816 0.1561
vn -0.0379 0.9918 0.1222
vn 0.0405 0.9858 0.1630
vn -0.1220 0.9828 0.1384
vn -0.1782 0.9817 0.0669
vn -0.0389 0.9992 0.0125
vn -0.0022 0.9998 -0.0197
vn -0.0480 0.9977 0.0488
vn 0.0065 0.9985 0.0542
vn 0.0285 0.9996 -0.0037
vn 0.0754 0.9971 0.0078
vn -0.0897 0.9949 0.0458
vn -0.0951 0.9938 0.0585
vn 0.1303 0.9889 0.0718
vn 0.1148 0.9931 0.0250
vn 0.1344 0.9904 0.0325
vn 0.0628 0.9979 0.0180
vn -0.0765 0.9970 0.0075
vn -0.0851 0.9964 -0.0059
vn 0.0532 0.9985 -0.0125
vn 0.0177 0.9982 -0.0578
vn -0.0937 0.9940 -0.0569
vn -0.0672 0.9971 -0.0360
vn 0.0167 0.9998 0.0051
vn 0.0160 0.9999 0.0034
vn 0.0023 1.0000 -0.0022
vn -0.0503 0.9987 -0.0017
vn 0.0578 0.9978 0.0322
vn 0.0977 0.9952 0.0090
vn -0.0378 0.9973 0.0637
vn -0.0372 0.9973 0.0638
vn -0.0401 0.9968 0.0696
vn -0.0368 0.9971 0.0662
vn -0.0067 0.9990 0.0445
vn -0.0002 0.9998 0.0209
vn 0.0124 0.9998 -0.0183
vn 0.0041 0.9998 -0.0213
vn -0.0159 0.9997 0.0164
vn -0.0216 0.9995 0.0239
vn -0.0290 0.9986 0.0438
vn -0.0345 0.9983 0.0469
vn -0.0470 0.9956 0.0814
vn -0.0458 0.9957 0.0801
vn -0.0499 0.9952 0.0843
vn -0.0525 0.9947 0.0884
vn -0.0455 0.9956 0.0814
vn -0.0441 0.9955 0.0834
vn -0.0210 0.9982 0.0569
vn -0.0209 0.9988 0.0434
vn 0.0014 1.0000 -0.0009
vn 0.0384 0.9993 -0.0004
vn 0.0122 0.9998 -0.0183
vn 0.0212 0.9991 0.0368
vn -0.0096 1.0000 0.0008
vn -0.0243 0.9989 0.0405
vn -0.1067 0.9941 0.0183
vn 0.1392 0.9868 -0.0827
vn -0.0037 0.9980 -0.0631
vn -0.0292 0.9933 -0.1116
vn 0.0014 0.9993 -0.0364
vn -0.0505 0.9886 -0.1416
vn 0.0145 0.9996 0.0243
vn 0.0231 0.9991 0.0358
vn 0.0098 0.9996 0.0248
vn -0.0058 1.0000 -0.0033
vn -0.0050 0.9999 -0.0113
vn 0.0170 0.9995 0.0279
vn 0.0257 0.9987 0.0441
vn 0.0188 0.9992 0.0353
vn 0.0021 1.0000 0.0092
vn 0.0043 1.0000 0.0089
vn 0.0165 0.9999 -0.0013
vn 0.0174 0.9998 -0.0000
vn 0.0284 0.9996 0.0009
vn 0.0207 0.9998 0.0011
vn 0.0167 0.9999 -0.0001
vn 0.0026 1.0000 0.0026
vn -0.0327 0.9995 0.0003
vn -0.0142 0.9999 -0.0028
vn -0.0013 1.0000 -0.0014
vn 0.0253 0.9997 -0.0027
vn -0.0270 0.9987 0.0424
vn -0.0107 0.9998 0.0171
vn -0.0091 0.9999 0.0109
vn 0.0026 1.0000 -0.0086
vn 0.0267 0.9983 -0.0519
vn 0.0452 0.9959 -0.0780
vn 0.0564 0.9932 -0.1019
vn 0.0537 0.9946 -0.0886
vn 0.0392 0.9974 -0.0606
vn 0.0220 0.9992 -0.0346
vn -0.0034 1.0000 -0.0064
vn -0.0256 0.9990 -0.0365
vn -0.0316 0.9981 -0.0536
vn -0.0414 0.9965 -0.0725
vn -0.0480 0.9955 -0.0814
vn -0.0541 0.9940 -0.0954
vn -0.0481 0.9951 -0.0864
vn -0.0376 0.9970 -0.0682
vn -0.0134 0.9995 -0.0275
vn 0.0048 1.0000 0.0007
vn -0.0202 0.9998 -0.0023
vn -0.0159 0.9999 -0.0013
vn 0.0018 1.0000 0.0001
vn -0.0208 0.9998 -0.0004
vn -0.0232 0.9997 0.0016
vn -0.0066 1.0000 -0.0019
vn 0.0214 0.9998 0.0002
vn 0.0295 0.9996 -0.0001
vn 0.0478 0.9989 0.0001
vn 0.0209 0.9998 0.0046
vn -0.0084 0.9997 0.0212
vn -0.0196 0.9990 0.0401
vn -0.0356 0.9971 0.0665
vn -0.0409 0.9968 0.0689
vn -0.0382 0.9972 0.0646
vn -0.0273 0.9986 0.0446
vn -0.0177 0.9995 0.0254
vn -0.0023 1.0000 0.0070
vn -0.0184 0.9990 0.0409
vn -0.0262 0.9986 0.0456
vn -0.0294 0.9994 -0.0153
vn 0.0035 0.9966 -0.0825
vn -0.0111 0.9961 -0.0880
vn -0.0263 0.9995 -0.0151
vn 0.0295 0.9952 -0.0936
vn 0.0257 0.9990 -0.0355
vn -0.0822 0.9956 0.0441
vn -0.0847 0.9963 0.0114
vn 0.0730 0.9963 -0.0458
vn -0.1069 0.9929 0.0514
vn 0.0235 0.9996 -0.0141
vn 0.0238 0.9990 -0.0380
vn -0.0228 0.9997 0.0053
vn -0.0060 0.9981 0.0609
vn -0.0334 0.9994 -0.0135
vn -0.1202 0.9877 0.1004
vn 0.0434 0.9970 -0.0641
vn -0.0534 0.9917 -0.1167
vn -0.0445 0.9856 -0.1632
vn 0.0614 0.9969 -0.0489
vn 0.0340 0.9992 0.0205
vn 0.0837 0.9892 0.1201
vn 0.0117 0.9994 -0.0311
vn -0.0836 0.9919 0.0957
vn -0.0559 0.9984 -0.0083
vn 0.0044 0.9926 0.1214
vn -0.0935 0.9941 -0.0547
vn 0.1109 0.9935 0.0241
vn 0.0729 0.9864 -0.1474
vn 0.0828 0.9931 -0.0832
vn 0.0038 0.9998 0.0218
vn 0.0722 0.9973 0.0105
vn 0.0504 0.9943 -0.0944
vn 0.1456 0.9855 0.0871
vn -0.0625 0.9969 0.0476
vn -0.1017 0.9938 0.0444
vn -0.0380 0.9924 0.1173
vn -0.0723 0.9963 -0.0468
vn 0.0356 0.9904 0.1339
vn 0.0223 0.9966 -0.0799
vn -0.0103 0.9999 -0.0061
vn -0.0042 0.9988 0.0483
vn -0.0937 0.9955 0.0161
vn 0.0255 0.9995 0.0198
vn 0.0283 0.9875 0.1550
vn -0.1012 0.9922 0.0729
vn 0.0909 0.9818 0.1665
vn -0.0304 0.9898 -0.1394
vn -0.0255 0.9819 -0.1877
vn -0.0392 0.9819 -0.1854
vn -0.0000 0.9981 0.0619
vn -0.0404 0.9976 -0.0570
vn 0.0294 0.9896 -0.1407
vn 0.0011 0.9961 -0.0880
vn 0.0607 0.9959 -0.0675
vn -0.0771 0.9970 -0.0076
vn -0.1027 0.9903 0.0936
vn -0.0612 0.9948 0.0815
vn -0.1222 0.9912 0.0514
vn 0.0012 0.9956 -0.0935
vn -0.0235 0.9997 0.0027
vn -0.0237 0.9945 0.1022
vn 0.0499 0.9986 0.0150
vn -0.0929 0.9917 0.0894
vn 0.0769 0.9970 -0.0007
vn -0.0904 0.9958 -0.0102
vn -0.0201 0.9843 0.1754
vn 0.0560 0.9984 -0.0010
vn 0.0780 0.9969 0.0080
vn 0.0647 0.9869 0.1479
vn 0.0323 0.9900 0.1372
vn 0.0399 0.9992 -0.0063
vn 0.0626 0.9978 -0.0235
vn -0.0812 0.9936 -0.0788
vn -0.0474 0.9988 0.0095
vn -0.0618 0.9975 -0.0339
vn -0.0077 0.9999 -0.0087
vn -0.0163 0.9948 -0.1006
vn -0.0761 0.9950 -0.0650
vn -0.0279 0.9836 -0.1782
vn -0.0259 0.9955 -0.0911
vn 0.0919 0.9818 -0.1660
vn -0.0141 0.9999 0.0020
vn -0.0187 0.9988 0.0450
vn 0.0117 0.9989 -0.0461
vn -0.0475 0.9986 -0.0217
vn 0.0156 0.9906 -0.1356
vn -0.0934 0.9940 -0.0569
vn 0.0068 0.9850 -0.1726
vn -0.0163 0.9999 0.0032
vn -0.1444 0.9860 -0.0829
vn -0.0581 0.9910 -0.1206
vn -0.0068 0.9937 -0.1119
vn -0.0523 0.9984 -0.0202
vn -0.0082 0.9998 -0.0192
vn -0.0205 0.9941 -0.1061
vn -0.0446 0.9884 -0.1449
vn 0.0141 0.9999 -0.0003
vn -0.1542 0.9878 0.0216
vn -0.0486 0.9987 0.0170
vn -0.0809 0.9923 -0.0938
vn -0.0124 0.9951 -0.0986
vn -0.0736 0.9857 -0.1518
vn -0.0000 0.9916 -0.1295
vn -0.0496 0.9988 -0.0040
vn -0.0953 0.9930 -0.0694
vn -0.0226 0.9997 -0.0008
vn -0.1242 0.9878 -0.0936
vn -0.0247 0.9988 -0.0424
vn -0.1045 0.9903 0.0912
vn 0.0634 0.9977 -0.0232
vn -0.1511 0.9855 -0.0769
vn 0.0871 0.9895 -0.1152
vn -0.0734 0.9813 -0.1779
vn -0.0665 0.9920 -0.1072
vn -0.0109 0.9999 0.0090
vn -0.0290 0.9989 0.0381
vn 0.0712 0.9974 0.0113
vn 0.0682 0.9938 0.0884
vn -0.0322 0.9946 0.0983
vn -0.1180 0.9928 0.0227
vn 0.0722 0.9974 -0.0066
vn 0.0334 0.9992 0.0217
vn -0.0912 0.9955 0.0250
vn -0.0460 0.9973 0.0573
vn -0.0695 0.9928 0.0971
vn 0.0392 0.9983 0.0434
vn 0.0521 0.9986 -0.0028
vn 0.1451 0.9894 0.0098
vn 0.1188 0.9928 -0.0122
vn 0.0478 0.9930 0.1078
vn 0.0908 0.9901 0.1071
vn -0.0612 0.9755 0.2111
vn -0.0642 0.9788 0.1946
vn -0.0011 0.9926 0.1213
vn 0.0268 0.9996 -0.0092
vn 0.1048 0.9885 -0.1092
vn 0.0520 0.9933 -0.1029
vn -0.0550 0.9966 -0.0607
vn -0.0799 0.9939 -0.0762
vn 0.0317 0.9877 -0.1529
vn 0.0069 0.9957 -0.0924
vn 0.0014 0.9962 0.0867
vn -0.0034 0.9945 0.1047
vn -0.1252 0.9884 0.0861
vn -0.0209 0.9997 -0.0085
vn -0.0599 0.9973 -0.0418
vn -0.0526 0.9977 -0.0425
vn 0.0109 0.9904 -0.1379
vn -0.0354 0.9938 -0.1055
vn -0.1050 0.9891 -0.1028
vn -0.0584 0.9869 -0.1505
vn 0.0402 0.9890 -0.1421
vn -0.0034 0.9962 -0.0875
vn -0.0590 0.9977 -0.0330
vn -0.0609 0.9973 -0.0420
vn 0.1007 0.9891 0.1074
vn -0.0155 0.9999 -0.0010
vn -0.0184 0.9998 0.0093
vn -0.0293 0.9996 0.0007
vn -0.0283 0.9993 0.0229
vn -0.0163 0.9997 0.0202
vn -0.0352 0.9994 -0.0077
vn -0.0037 1.0000 0.0011
vn 0.0179 0.9994 -0.0289
vn -0.0411 0.9977 -0.0532
vn -0.0409 0.9779 -0.2049
vn -0.0718 0.9880 -0.1371
vn 0.0528 0.9884 -0.1426
vn 0.0561 0.9820 -0.1801
vn 0.0115 0.9836 -0.1798
vn -0.0100 0.9999 0.0052
vn -0.1058 0.9942 -0.0206
vn -0.1447 0.9889 -0.0346
vn -0.1049 0.9916 -0.0752
vn -0.0711 0.9928 -0.0966
vn -0.0546 0.9912 -0.1207
vn -0.0323 0.9854 -0.1670
vn -0.0557 0.9885 -0.1409
vn -0.0981 0.9917 -0.0830
vn -0.0344 0.9986 -0.0405
vn 0.0398 0.9991 -0.0177
vn 0.0216 0.9998 0.0035
vn -0.0009 0.9998 -0.0214
vn 0.0229 0.9918 -0.1254
vn 0.0202 0.9856 -0.1678
vn -0.0091 0.9831 -0.1828
vn 0.0077 0.9999 -0.0076
vn -0.0772 0.9970 0.0020
vn -0.1498 0.9880 0.0378
vn -0.0273 0.9988 0.0408
vn -0.0479 0.9972 0.0577
vn -0.1558 0.9848 0.0771
vn -0.1077 0.9942 0.0057
vn 0.0937 0.9911 -0.0941
vn 0.0685 0.9924 -0.1026
vn -0.0754 0.9962 -0.0435
vn -0.1128 0.9913 -0.0677
vn 0.0469 0.9722 -0.2294
vn 0.0254 0.9796 -0.1995
vn -0.0023 0.9995 -0.0310
vn -0.0124 0.9996 -0.0243
vn -0.0973 0.9949 -0.0265
vn -0.0715 0.9951 -0.0685
vn 0.0029 0.9855 -0.1697
vn -0.0253 0.9997 -0.0000
vn -0.1201 0.9921 -0.0349
vn -0.1521 0.9861 -0.0665
vn -0.0750 0.9943 -0.0759
vn -0.0172 0.9977 -0.0655
vn -0.0939 0.9956 0.0041
vn -0.1039 0.9932 0.0518
vn 0.0012 0.9986 0.0538
vn 0.0028 0.9997 0.0231
vn -0.1202 0.9848 -0.1256
vn -0.1618 0.9800 -0.1160
vn -0.0117 0.9938 -0.1104
vn 0.0414 0.9886 -0.1449
vn 0.0007 0.9906 -0.1370
vn -0.0891 0.9866 -0.1365
vn -0.0780 0.9857 -0.1495
vn -0.0727 0.9898 -0.1222
vn -0.0023 0.9908 -0.1353
vn -0.0963 0.9923 -0.0775
vn -0.0024 0.9978 -0.0656
vn -0.0231 0.9860 -0.1654
vn 0.0106 0.9770 -0.2129
vn -0.0243 0.9928 -0.1173
vn -0.0175 0.9995 0.0273
vn -0.0670 0.9891 0.1314
vn -0.0079 0.9998 -0.0208
vn -0.0967 0.9925 0.0752
vn -0.0547 0.9967 0.0606
vn -0.0217 0.9944 0.1034
vn 0.0837 0.9952 0.0508
vn 0.1221 0.9836 0.1328
vn -0.1358 0.9892 0.0558
vn 0.0239 0.9995 0.0215
vn -0.0197 0.9963 0.0833
vn -0.0778 0.9948 0.0651
vn -0.1053 0.9943 0.0163
vn -0.0050 0.9976 0.0692
vn -0.0328 0.9938 0.1059
vn 0.0074 0.9993 0.0374
vn -0.0846 0.9909 0.1042
vn 0.0836 0.9964 0.0101
vn 0.0484 0.9932 0.1062
vn 0.0492 0.9927 -0.1097
vn -0.0081 0.9959 0.0901
vn -0.0487 0.9935 0.1030
vn -0.0155 0.9942 0.1065
vn 0.0683 0.9879 0.1395
vn -0.0236 0.9964 0.0809
vn -0.0201 0.9954 0.0939
vn -0.0069 0.9916 -0.1293
vn 0.0285 0.9854 -0.1680
vn -0.0876 0.9951 0.0462
vn 0.1058 0.9935 0.0432
vn 0.0610 0.9741 0.2179
vn -0.1199 0.9899 0.0751
vn -0.0001 0.9999 -0.0165
vn -0.0765 0.9969 0.0205
vn -0.0300 0.9974 -0.0661
vn 0.0635 0.9772 -0.2024
vn 0.0474 0.9793 -0.1968
vn 0.0105 0.9966 -0.0814
vn -0.0282 0.9986 -0.0441
vn -0.0953 0.9943 0.0484
vn -0.0383 0.9911 0.1274
vn -0.0019 0.9992 -0.0405
vn -0.1025 0.9947 -0.0037
vn 0.0182 0.9998 -0.0064
vn 0.0920 0.9957 -0.0064
vn 0.0531 0.9921 -0.1140
vn -0.0615 0.9830 -0.1730
vn -0.0690 0.9600 -0.2712
vn -0.1288 0.9667 -0.2212
vn -0.1321 0.9799 -0.1492
vn -0.0657 0.9972 -0.0370
vn -0.0136 0.9967 -0.0805
vn -0.0051 0.9805 -0.1967
vn -0.0412 0.9835 -0.1762
vn -0.0551 0.9985 0.0032
vn -0.0471 0.9984 -0.0300
vn -0.0096 0.9952 -0.0972
vn -0.0531 0.9734 -0.2228
vn -0.1015 0.9795 0.1743
vn -0.0364 0.9992 -0.0142
vn -0.0025 0.9990 -0.0438
vn 0.0007 0.9994 -0.0346
vn 0.0086 0.9997 0.0209
vn -0.0299 0.9944 -0.1018
vn -0.0611 0.9976 0.0330
vn -0.0518 0.9833 0.1745
vn 0.0148 0.9859 0.1667
vn 0.1073 0.9836 0.1453
vn 0.1050 0.9858 0.1312
vn -0.1176 0.9905 0.0718
vn -0.1006 0.9937 0.0493
vn -0.0117 0.9945 0.1041
vn -0.1235 0.9922 0.0160
vn -0.0555 0.9951 0.0820
vn -0.0562 0.9984 0.0035
vn -0.0143 0.9999 -0.0003
vn -0.0928 0.9952 0.0301
vn -0.0610 0.9981 0.0078
vn -0.0694 0.9973 0.0218
vn 0.0822 0.9933 0.0817
vn 0.1092 0.9872 0.1166
vn 0.0476 0.9853 0.1643
vn 0.0267 0.9933 0.1126
vn 0.0111 0.9974 0.0713
vn -0.0060 0.9939 0.1104
vn -0.0499 0.9867 0.1546
vn -0.0113 0.9971 0.0748
vn -0.0293 0.9951 0.0940
vn -0.0615 0.9901 0.1263
vn 0.0811 0.9954 0.0501
vn 0.0878 0.9955 0.0370
vn -0.0359 0.9993 0.0109
vn -0.0863 0.9961 0.0158
vn -0.0359 0.9897 0.1382
vn 0.0641 0.9751 -0.2123
vn -0.0175 0.9988 0.0465
vn -0.0362 0.9967 0.0723
vn -0.0347 0.9976 0.0606
vn 0.0010 0.9957 0.0926
vn 0.0720 0.9839 0.1634
vn 0.0342 0.9807 0.1927
vn 0.0441 0.9953 0.0860
vn 0.0701 0.9920 0.1052
vn 0.0614 0.9916 0.1134
vn 0.0076 0.9942 0.1073
vn 0.0307 0.9950 0.0954
vn 0.0168 0.9934 0.1134
vn -0.0695 0.9976 0.0035
vn -0.0253 0.9875 -0.1556
vn 0.0685 0.9800 -0.1866
vn 0.0398 0.9796 -0.1971
vn -0.0390 0.9987 -0.0318
vn -0.0624 0.9971 0.0425
vn 0.0707 0.9960 -0.0545
vn 0.1167 0.9924 -0.0395
vn -0.0089 0.9954 0.0951
vn 0.0090 0.9903 0.1385
vn -0.1206 0.9837 0.1332
vn -0.1627 0.9844 0.0664
vn -0.0387 0.9988 -0.0295
vn -0.0147 0.9999 -0.0056
vn -0.0200 0.9983 0.0549
vn 0.0259 0.9939 0.1072
vn 0.0565 0.9967 0.0581
vn -0.0331 0.9987 -0.0386
vn 0.0211 0.9964 -0.0826
vn 0.1021 0.9869 -0.1247
vn 0.1411 0.9734 -0.1808
vn 0.0990 0.9822 -0.1594
vn -0.0894 0.9924 -0.0842
vn -0.0194 0.9966 -0.0797
vn 0.0440 0.9944 -0.0958
vn 0.0352 0.9979 -0.0552
vn -0.0795 0.9968 -0.0014
vn -0.0606 0.9981 0.0118
vn -0.0064 0.9917 0.1284
vn -0.0452 0.9883 0.1460
vn -0.0150 0.9997 -0.0191
vn -0.0293 0.9992 -0.0261
vn 0.0114 0.9990 -0.0423
vn -0.0543 0.9984 0.0141
vn -0.0923 0.9938 0.0613
vn 0.0630 0.9960 0.0640
vn 0.0702 0.9943 0.0801
vn 0.1044 0.9935 0.0449
vn 0.0237 0.9997 -0.0068
vn 0.0171 0.9985 -0.0514
vn -0.0124 0.9823 -0.1868
vn -0.0610 0.9748 -0.2147
vn -0.0847 0.9747 -0.2071
vn -0.1024 0.9650 -0.2413
vn -0.1389 0.9446 -0.2975
vn -0.1616 0.9405 -0.2988
vn -0.1706 0.9526 -0.2519
vn -0.1719 0.9573 -0.2322
vn -0.1466 0.9801 -0.1337
vn -0.0878 0.9893 -0.1169
vn -0.0697 0.9907 -0.1172
vn -0.0747 0.9876 -0.1384
vn -0.1156 0.9853 -0.1256
vn -0.1158 0.9895 -0.0862
vn -0.0700 0.9964 -0.0482
vn 0.1211 0.9868 -0.1077
vn -0.0207 0.9865 -0.1623
vn 0.0807 0.9871 -0.1383
vn -0.0190 0.9930 0.1166
vn -0.0477 0.9892 -0.1389
vn 0.0247 0.9961 0.0852
vn -0.0387 0.9976 0.0578
vn -0.0505 0.9985 -0.0229
vn 0.0149 0.9862 0.1649
vn -0.0007 0.9908 0.1356
vn -0.0426 0.9775 0.2068
vn 0.0778 0.9970 -0.0018
vn 0.0519 0.9974 0.0506
vn 0.0939 0.9914 0.0907
vn 0.0104 0.9992 0.0391
vn -0.0654 0.9941 -0.0871
vn -0.0980 0.9899 0.1025
vn 0.0354 0.9981 0.0501
vn 0.1583 0.9830 0.0928
vn 0.0490 0.9985 -0.0250
vn 0.0865 0.9958 0.0298
vn -0.0438 0.9976 -0.0533
vn -0.0381 0.9993 0.0038
vn 0.0006 0.9995 -0.0322
vn 0.0879 0.9934 0.0737
vn 0.0876 0.9858 0.1432
vn -0.0138 0.9987 0.0496
vn 0.0862 0.9963 0.0008
vn -0.0468 0.9904 -0.1301
vn -0.0086 0.9880 0.1543
vn -0.1208 0.9920 0.0366
vn -0.0787 0.9899 0.1180
vn 0.0700 0.9905 0.1180
vn 0.1427 0.9893 -0.0308
vn -0.0714 0.9968 -0.0366
vn 0.1084 0.9933 -0.0403
vn -0.0101 0.9924 -0.1224
vn 0.0084 0.9998 0.0176
vn 0.0034 0.9975 -0.0709
vn 0.0494 0.9955 0.0809
vn 0.0198 0.9992 0.0344
vn -0.0579 0.9982 0.0136
vn 0.0613 0.9917 -0.1134
vn 0.0251 0.9866 -0.1611
vn 0.0417 0.9883 -0.1466
vn -0.0015 0.9994 0.0333
vn 0.0428 0.9947 -0.0934
vn 0.0756 0.9905 -0.1147
vn 0.0928 0.9937 -0.0630
vn 0.0582 0.9856 -0.1589
vn 0.0700 0.9894 -0.1271
vn 0.0706 0.9881 -0.1370
vn -0.0413 0.9923 -0.1167
vn -0.0223 0.9986 -0.0485
vn -0.0231 0.9992 -0.0337
vn 0.0632 0.9956 -0.0693
vn -0.0109 0.9744 -0.2244
vn 0.0923 0.9852 -0.1443
vn 0.0308 0.9850 -0.1696
vn 0.0226 0.9879 -0.1533
vn -0.0244 0.9993 0.0273
vn -0.0578 0.9901 -0.1280
vn 0.0644 0.9895 0.1294
vn 0.0481 0.9830 0.1769
vn -0.0598 0.9849 0.1623
vn -0.0295 0.9861 0.1635
vn -0.0797 0.9833 0.1636
vn 0.0286 0.9995 -0.0152
vn -0.0266 0.9889 0.1463
vn -0.0463 0.9885 0.1442
vn 0.1269 0.9862 0.1065
vn 0.1000 0.9908 0.0917
vn -0.0189 0.9992 0.0360
vn -0.0527 0.9981 0.0311
vn -0.0495 0.9968 0.0628
vn 0.0300 0.9985 0.0452
vn 0.1225 0.9884 0.0895
vn 0.0891 0.9951 0.0439
vn 0.0597 0.9919 0.1122
vn 0.0321 0.9930 0.1141
vn 0.0007 0.9988 0.0491
vn -0.0102 0.9961 0.0873
vn -0.0033 0.9850 0.1723
vn -0.0200 0.9933 0.1134
vn -0.1314 0.9910 0.0254
vn -0.1069 0.9942 0.0072
vn -0.0068 0.9996 0.0273
vn 0.0126 0.9997 0.0194
vn 0.0754 0.9971 0.0092
vn 0.1447 0.9870 0.0705
vn 0.0397 0.9992 0.0055
vn 0.0393 0.9986 0.0361
vn 0.0815 0.9948 0.0616
vn 0.0928 0.9948 0.0415
vn 0.0049 0.9984 -0.0565
vn -0.0288 0.9991 -0.0326
vn -0.0573 0.9970 0.0525
vn -0.0252 0.9982 0.0547
vn -0.0873 0.9961 0.0123
vn -0.0881 0.9961 0.0037
vn -0.0058 1.0000 -0.0008
vn 0.0539 0.9946 0.0888
vn 0.1607 0.9815 0.1037
vn 0.1670 0.9797 0.1113
vn 0.0262 0.9951 0.0949
vn -0.0175 0.9987 0.0489
vn -0.0164 0.9998 -0.0150
vn 0.0469 0.9972 -0.0589
vn 0.0305 0.9973 -0.0669
vn 0.0004 0.9976 -0.0686
vn -0.0313 0.9881 -0.1507
vn 0.0533 0.9898 0.1320
vn -0.0598 0.9981 -0.0162
vn -0.0686 0.9976 -0.0085
vn -0.0975 0.9861 0.1342
vn -0.0758 0.9871 0.1409
vn -0.0470 0.9788 0.1993
vn -0.0163 0.9843 0.1760
vn 0.0517 0.9954 0.0805
vn 0.0825 0.9961 0.0308
vn 0.0240 0.9970 -0.0730
vn -0.0153 0.9974 -0.0704
vn -0.0251 0.9980 -0.0585
vn 0.0370 0.9958 -0.0841
vn 0.0390 0.9764 -0.2125
vn 0.0232 0.9818 -0.1885
vn -0.0053 0.9901 -0.1402
vn 0.0563 0.9983 0.0127
vn 0.0192 0.9997 -0.0158
vn -0.0103 0.9992 -0.0383
vn 0.0801 0.9946 0.0659
vn 0.0771 0.9918 0.1020
vn -0.0131 0.9999 -0.0014
vn 0.0040 0.9994 -0.0331
vn 0.0639 0.9978 -0.0169
vn 0.0153 0.9973 -0.0713
vn -0.0086 0.9907 -0.1356
vn 0.0297 0.9918 -0.1242
vn 0.0480 0.9866 -0.1559
vn 0.0737 0.9805 -0.1822
vn -0.0482 0.9843 -0.1701
vn -0.0181 0.9914 -0.1294
vn 0.0270 0.9979 -0.0583
vn -0.0143 0.9939 -0.1094
vn -0.0158 0.9997 -0.0170
vn 0.0709 0.9899 -0.1228
vn 0.0991 0.9865 -0.1300
vn 0.0941 0.9858 -0.1394
vn 0.1207 0.9858 -0.1166
vn 0.1184 0.9828 -0.1420
vn 0.1428 0.9666 -0.2130
vn 0.1320 0.9670 -0.2181
vn 0.0982 0.9764 -0.1924
vn 0.0912 0.9792 -0.1810
vn 0.0465 0.9861 -0.1594
vn 0.0748 0.9896 -0.1232
vn 0.0186 0.9906 -0.1357
vn 0.0036 0.9922 -0.1249
vn -0.0282 0.9996 -0.0100
vn -0.0315 0.9994 -0.0105
vn -0.0432 0.9986 0.0301
vn -0.0399 0.9985 0.0367
vn -0.0407 0.9958 0.0826
vn -0.0282 0.9965 0.0790
vn -0.0859 0.9957 0.0354
vn 0.0729 0.9892 -0.1274
vn -0.0297 0.9939 -0.1063
vn 0.0644 0.9951 -0.0744
vn -0.0125 0.9987 -0.0502
vn 0.0623 0.9908 -0.1205
vn 0.1254 0.9917 -0.0295
vn 0.0309 0.9815 -0.1890
vn 0.0395 0.9992 0.0043
vn -0.0732 0.9920 -0.1032
vn -0.0863 0.9920 0.0924
vn 0.0073 0.9869 -0.1611
vn -0.1062 0.9943 -0.0014
vn -0.0924 0.9939 -0.0606
vn -0.0832 0.9947 0.0602
vn -0.0658 0.9914 -0.1128
vn -0.1902 0.9802 -0.0549
vn -0.0119 0.9883 0.1521
vn -0.0292 0.9990 -0.0338
vn -0.0877 0.9948 -0.0511
vn -0.0489 0.9978 0.0442
vn -0.0623 0.9732 -0.2213
vn -0.0936 0.9943 -0.0505
vn -0.0940 0.9956 0.0059
vn -0.0182 0.9998 0.0130
vn -0.0087 0.9984 0.0561
vn -0.1165 0.9926 -0.0352
vn 0.0010 0.9992 -0.0402
vn -0.1178 0.9841 -0.1332
vn -0.0860 0.9819 -0.1686
vn 0.0181 0.9998 0.0061
vn 0.0504 0.9972 0.0550
vn 0.0513 0.9983 -0.0273
vn 0.1579 0.9857 0.0587
vn 0.0542 0.9963 -0.0666
vn 0.0404 0.9992 0.0052
vn -0.0796 0.9968 0.0006
vn -0.0460 0.9982 -0.0381
vn 0.0927 0.9929 -0.0742
vn 0.0861 0.9961 0.0212
vn 0.0811 0.9947 -0.0626
vn 0.1858 0.9817 -0.0410
vn 0.2619 0.9649 0.0183
vn 0.1623 0.9830 0.0858
vn 0.0990 0.9946 -0.0301
vn 0.1194 0.9928 0.0124
vn 0.1313 0.9911 -0.0210
vn 0.1672 0.9847 0.0492
vn 0.1583 0.9851 -0.0667
vn 0.1387 0.9900 -0.0273
vn 0.0593 0.9959 -0.0679
vn 0.0468 0.9976 0.0502
vn 0.0993 0.9896 0.1045
vn 0.1686 0.9857 -0.0060
vn 0.1603 0.9870 0.0083
vn 0.1787 0.9839 0.0049
vn 0.0553 0.9912 -0.1203
vn 0.0617 0.9955 -0.0717
vn 0.0792 0.9943 -0.0712
vn 0.0316 0.9973 -0.0662
vn 0.0035 0.9963 -0.0862
vn 0.0364 0.9923 -0.1186
vn 0.0474 0.9930 -0.1079
vn 0.0851 0.9941 -0.0669
vn 0.0641 0.9973 -0.0364
vn -0.0101 0.9976 0.0678
vn -0.0380 0.9977 0.0567
vn -0.1053 0.9805 -0.1658
vn -0.0454 0.9987 0.0245
vn -0.1010 0.9943 -0.0334
vn -0.0906 0.9902 -0.1058
vn -0.0395 0.9981 0.0474
vn -0.0316 0.9975 0.0638
vn 0.0384 0.9892 -0.1417
vn 0.0271 0.9848 -0.1716
vn 0.0983 0.9895 -0.1056
vn -0.0465 0.9978 0.0469
vn -0.0573 0.9983 -0.0137
vn -0.0271 0.9982 -0.0529
vn -0.0624 0.9955 -0.0716
vn -0.1342 0.9908 0.0199
vn -0.1075 0.9942 0.0019
vn -0.0865 0.9924 -0.0878
vn -0.0379 0.9757 -0.2156
vn -0.0690 0.9699 -0.2333
vn -0.0165 0.9982 -0.0569
vn -0.0141 0.9942 0.1062
vn 0.0082 0.9907 0.1355
vn 0.0062 0.9995 0.0311
vn -0.0509 0.9940 -0.0971
vn -0.0849 0.9911 -0.1021
vn -0.0539 0.9933 0.1018
vn -0.0288 0.9951 0.0948
vn -0.0350 0.9872 -0.1556
vn -0.0974 0.9750 -0.2000
vn -0.1649 0.9766 -0.1377
vn -0.1885 0.9807 -0.0514
vn -0.1446 0.9887 0.0390
vn -0.0907 0.9959 0.0077
vn -0.0306 0.9905 0.1343
vn -0.0315 0.9978 0.0580
vn 0.0333 0.9994 -0.0039
vn 0.0086 0.9985 0.0540
vn -0.0709 0.9972 0.0217
vn -0.0657 0.9941 -0.0865
vn -0.0074 0.9975 -0.0709
vn 0.0385 0.9981 -0.0485
vn -0.0352 0.9969 -0.0697
vn -0.0869 0.9874 -0.1320
vn -0.1023 0.9923 -0.0693
vn -0.0910 0.9937 -0.0656
vn -0.0289 0.9987 -0.0427
vn 0.0616 0.9981 -0.0094
vn 0.1090 0.9938 -0.0199
vn 0.1125 0.9936 0.0040
vn 0.1201 0.9925 0.0219
vn 0.1002 0.9947 -0.0226
vn 0.2377 0.9693 0.0626
vn 0.2210 0.9704 0.0978
vn 0.1153 0.9916 -0.0585
vn 0.0971 0.9925 -0.0739
vn 0.0246 0.9993 -0.0290
vn 0.0013 1.0000 0.0025
vn 0.0408 0.9991 0.0096
vn 0.0220 0.9994 0.0252
vn -0.0914 0.9934 -0.0695
vn -0.0633 0.9854 -0.1578
vn -0.0417 0.9987 0.0279
vn 0.0897 0.9949 -0.0468
vn 0.0641 0.9944 -0.0841
vn 0.0721 0.9974 -0.0003
vn 0.1078 0.9939 -0.0234
vn 0.1078 0.9916 -0.0719
vn 0.1307 0.9870 -0.0941
vn 0.1585 0.9830 -0.0931
vn 0.2023 0.9709 0.1284
vn 0.2081 0.9776 0.0316
vn 0.1367 0.9872 0.0815
vn 0.1274 0.9856 0.1115
vn 0.0978 0.9944 -0.0388
vn 0.0844 0.9951 -0.0520
vn 0.1314 0.9894 0.0623
vn 0.1250 0.9915 0.0350
vn 0.0335 0.9985 -0.0439
vn 0.0019 0.9990 -0.0450
vn 0.0048 0.9976 -0.0685
vn 0.2036 0.9787 0.0270
vn 0.2235 0.9747 -0.0066
vn 0.2203 0.9751 -0.0269
vn 0.1046 0.9933 -0.0494
vn 0.0682 0.9972 -0.0310
vn 0.0312 0.9995 -0.0051
vn 0.0198 0.9993 -0.0328
vn -0.0561 0.9979 -0.0324
vn -0.0650 0.9979 0.0006
vn 0.0430 0.9979 0.0491
vn 0.0690 0.9960 0.0573
vn 0.1726 0.9850 0.0043
vn 0.1803 0.9836 -0.0076
vn 0.1625 0.9866 0.0158
vn 0.1773 0.9840 0.0150
vn 0.2006 0.9795 0.0198
vn 0.2066 0.9784 0.0113
vn 0.1763 0.9837 -0.0350
vn 0.1526 0.9882 -0.0145
vn 0.1487 0.9889 -0.0046
vn -0.0201 0.9867 -0.1611
vn 0.0528 0.9941 -0.0952
vn 0.0164 0.9998 -0.0131
vn 0.0352 0.9944 0.0992
vn -0.0319 0.9864 0.1610
vn 0.0591 0.9982 0.0102
vn 0.0303 0.9994 0.0142
vn -0.0099 0.9983 -0.0570
vn -0.0596 0.9871 0.1489
vn 0.0747 0.9949 -0.0682
vn 0.0076 0.9998 0.0180
vn -0.0560 0.9894 0.1342
vn -0.0140 0.9997 -0.0178
vn 0.0728 0.9961 0.0495
vn 0.0552 0.9985 0.0048
vn 0.0357 0.9927 0.1152
vn -0.1269 0.9917 0.0226
vn 0.0823 0.9954 0.0489
vn 0.0644 0.9979 -0.0064
vn 0.0515 0.9894 0.1358
vn 0.0208 0.9994 -0.0264
vn -0.1186 0.9914 0.0548
vn -0.0320 0.9968 0.0730
vn 0.0671 0.9876 0.1418
vn -0.0155 0.9942 0.1067
vn 0.1283 0.9874 -0.0929
vn 0.0459 0.9921 0.1168
vn 0.1056 0.9935 0.0430
vn -0.0893 0.9938 0.0659
vn 0.1548 0.9859 0.0640
vn 0.0244 0.9970 0.0739
vn -0.0790 0.9872 0.1388
vn 0.0156 0.9952 0.0971
vn 0.1563 0.9877 0.0039
vn -0.0123 0.9913 0.1309
vn 0.0405 0.9890 0.1421
vn -0.0903 0.9947 0.0485
vn 0.0384 0.9975 -0.0596
vn -0.0294 0.9987 -0.0423
vn -0.0861 0.9960 -0.0230
vn -0.0955 0.9952 -0.0209
vn 0.0700 0.9939 -0.0857
vn 0.0627 0.9965 -0.0559
vn -0.0651 0.9968 -0.0470
vn -0.1318 0.9912 -0.0077
vn 0.0989 0.9830 0.1545
vn 0.0672 0.9977 0.0006
vn -0.0085 0.9994 -0.0327
vn 0.0185 0.9987 0.0485
vn -0.0393 0.9958 0.0829
vn 0.1136 0.9909 0.0717
vn 0.0801 0.9965 -0.0254
vn -0.0054 1.0000 -0.0064
vn -0.0524 0.9943 0.0928
vn 0.0632 0.9842 0.1651
vn -0.0095 0.9941 -0.1078
vn 0.0168 0.9995 -0.0279
vn 0.0263 0.9931 0.1145
vn 0.0193 0.9990 -0.0401
vn 0.0596 0.9981 -0.0180
vn 0.1084 0.9859 -0.1277
vn -0.0374 0.9946 0.0969
vn -0.0665 0.9976 0.0209
vn 0.0593 0.9971 -0.0484
vn 0.1060 0.9938 0.0328
vn 0.0158 0.9961 0.0864
vn 0.0666 0.9966 -0.0495
vn -0.0230 0.9961 -0.0850
vn -0.0120 0.9994 0.0333
vn -0.0707 0.9949 0.0716
vn 0.0982 0.9947 -0.0311
vn 0.0864 0.9953 -0.0426
vn -0.0015 0.9999 -0.0155
vn 0.0267 0.9996 -0.0110
vn 0.0446 0.9981 -0.0416
vn -0.0894 0.9902 0.1077
vn 0.0142 0.9992 -0.0385
vn 0.0640 0.9976 -0.0278
vn 0.0455 0.9980 0.0440
vn 0.0681 0.9974 0.0243
vn 0.0310 0.9990 0.0306
vn 0.0653 0.9963 0.0561
vn 0.0615 0.9924 0.1063
vn 0.0046 0.9964 0.0844
vn -0.0305 0.9991 0.0303
vn -0.1395 0.9901 0.0149
vn -0.0424 0.9988 0.0237
vn 0.0591 0.9982 0.0088
vn 0.0025 0.9994 0.0339
vn 0.0224 0.9997 0.0061
vn 0.1357 0.9901 0.0368
vn 0.0989 0.9871 0.1257
vn 0.0688 0.9975 0.0186
vn 0.0093 0.9996 0.0248
vn 0.0534 0.9978 0.0389
vn 0.0318 0.9951 0.0941
vn -0.0642 0.9956 0.0677
vn 0.0563 0.9980 0.0276
vn 0.0490 0.9710 0.2340
vn 0.0660 0.9745 0.2146
vn 0.0507 0.9864 0.1565
vn 0.0113 0.9853 0.1706
vn 0.0535 0.9984 -0.0191
vn 0.1459 0.9847 -0.0949
vn 0.0474 0.9950 0.0883
vn 0.0805 0.9910 0.1069
vn 0.0594 0.9854 0.1594
vn 0.0526 0.9917 0.1176
vn -0.0726 0.9970 0.0279
vn -0.0809 0.9920 0.0968
vn -0.0496 0.9952 0.0848
vn 0.1167 0.9922 0.0442
vn -0.0506 0.9987 -0.0053
vn 0.0014 0.9997 0.0225
vn -0.0426 0.9990 0.0098
vn -0.0862 0.9947 0.0558
vn -0.0925 0.9902 0.1050
vn -0.0181 0.9964 0.0830
vn 0.2113 0.9730 -0.0932
vn 0.1101 0.9883 -0.1056
vn 0.0233 0.9990 0.0393
vn -0.0094 0.9952 0.0978
vn 0.0198 0.9846 0.1737
vn -0.0020 0.9902 0.1393
vn -0.0780 0.9960 0.0434
vn -0.0878 0.9961 -0.0050
vn -0.1379 0.9868 0.0853
vn 0.0515 0.9987 0.0006
vn -0.0328 0.9988 0.0354
vn -0.0512 0.9984 0.0225
vn -0.0437 0.9970 -0.0645
vn -0.0624 0.9965 -0.0557
vn -0.0777 0.9962 -0.0384
vn -0.0997 0.9949 -0.0139
vn -0.0243 0.9987 -0.0447
vn 0.0921 0.9921 -0.0849
vn 0.1399 0.9852 -0.0991
vn 0.1027 0.9894 -0.1026
vn -0.0776 0.9953 -0.0583
vn -0.0771 0.9957 -0.0516
vn -0.1972 0.9771 0.0800
vn -0.1473 0.9869 0.0665
vn -0.0980 0.9930 0.0658
vn -0.0454 0.9946 0.0934
vn 0.0678 0.9917 0.1091
vn 0.0568 0.9984 -0.0055
vn -0.0215 0.9992 -0.0331
vn -0.0155 0.9990 -0.0427
vn -0.0070 0.9998 0.0191
vn 0.0134 0.9999 0.0101
vn -0.0279 0.9973 0.0681
vn -0.0052 0.9939 0.1100
vn 0.0843 0.9833 0.1612
vn 0.1033 0.9839 0.1461
vn 0.0713 0.9956 0.0600
vn 0.0664 0.9977 0.0147
vn 0.0011 0.9988 -0.0495
vn -0.0069 0.9998 -0.0180
vn -0.0527 0.9983 -0.0264
vn -0.0513 0.9985 0.0164
vn 0.0312 0.9864 0.1613
vn 0.0797 0.9844 0.1570
vn 0.0760 0.9875 0.1384
vn 0.0898 0.9863 0.1382
vn 0.0678 0.9822 0.1750
vn 0.0696 0.9947 -0.0758
vn 0.0571 0.9941 -0.0926
vn -0.0307 0.9954 -0.0909
vn -0.0007 0.9885 0.1511
vn -0.0396 0.9992 -0.0112
vn -0.0474 0.9937 0.1013
vn -0.0465 0.9988 -0.0118
vn 0.1120 0.9857 -0.1255
vn 0.1066 0.9928 -0.0541
vn 0.0617 0.9920 0.1102
vn -0.0504 0.9947 0.0901
vn -0.0655 0.9971 0.0385
vn -0.0539 0.9963 0.0662
vn 0.0885 0.9823 0.1652
vn 0.0856 0.9945 -0.0608
vn -0.0718 0.9899 0.1224
vn -0.0719 0.9843 0.1610
vn -0.1380 0.9904 0.0069
vn 0.1266 0.9911 0.0415
vn 0.0300 0.9995 0.0028
vn 0.1318 0.9847 0.1138
vn 0.1160 0.9924 -0.0405
vn -0.0114 0.9998 0.0141
vn -0.0422 0.9928 0.1119
vn -0.1496 0.9787 0.1404
vn 0.0357 0.9961 0.0810
vn 0.0458 0.9989 0.0075
vn 0.0103 0.9992 -0.0390
vn 0.0447 0.9978 0.0492
vn -0.0874 0.9961 -0.0098
vn 0.0627 0.9847 0.1628
vn -0.0522 0.9981 0.0316
vn -0.0652 0.9975 0.0262
vn -0.0992 0.9752 0.1976
vn -0.0316 0.9972 0.0673
vn -0.0114 0.9998 -0.0149
vn 0.1147 0.9927 -0.0376
vn -0.0572 0.9970 0.0514
vn 0.1537 0.9758 0.1556
vn -0.0577 0.9914 0.1177
vn -0.1090 0.9829 0.1487
vn 0.0373 0.9917 0.1234
vn -0.1628 0.9862 -0.0288
vn 0.0355 0.9992 -0.0196
vn 0.0142 0.9997 0.0178
vn 0.0488 0.9965 0.0683
vn -0.0783 0.9951 0.0611
vn -0.1139 0.9838 0.1387
vn 0.0912 0.9940 0.0600
vn 0.0778 0.9948 -0.0656
vn -0.0510 0.9945 -0.0913
vn -0.0028 0.9965 -0.0830
vn -0.0570 0.9982 0.0212
vn -0.0362 0.9988 0.0328
vn -0.0895 0.9947 0.0502
vn 0.0262 0.9970 -0.0730
vn 0.0460 0.9863 -0.1585
vn -0.0214 0.9948 -0.0995
vn -0.0083 0.9958 -0.0915
vn 0.0430 0.9964 -0.0734
vn 0.0416 0.9962 0.0771
vn -0.0143 0.9999 -0.0056
vn -0.0656 0.9970 0.0423
vn -0.0628 0.9925 0.1052
vn -0.0669 0.9838 0.1664
vn -0.0494 0.9793 0.1964
vn 0.0163 0.9905 0.1366
vn 0.0692 0.9954 -0.0666
vn 0.0474 0.9975 -0.0515
vn 0.0623 0.9973 -0.0378
vn 0.2242 0.9727 0.0605
vn 0.1564 0.9853 0.0692
vn -0.0032 0.9999 -0.0122
vn -0.0167 0.9996 -0.0207
vn -0.0557 0.9945 -0.0888
vn 0.0349 0.9983 0.0475
vn -0.0836 0.9924 0.0900
vn -0.0868 0.9936 0.0726
vn 0.0637 0.9799 0.1888
vn 0.0477 0.9807 0.1897
vn -0.0095 1.0000 -0.0021
vn 0.0026 0.9984 -0.0572
vn 0.0499 0.9972 0.0550
vn 0.0280 0.9962 0.0830
vn -0.0977 0.9865 0.1312
vn -0.0690 0.9908 0.1162
vn -0.0707 0.9918 0.1062
vn -0.1487 0.9885 0.0288
vn -0.0277 0.9996 -0.0012
vn 0.0743 0.9963 0.0429
vn 0.0686 0.9975 0.0171
vn 0.0649 0.9979 0.0024
vn 0.0015 0.9992 0.0400
vn 0.0592 0.9945 0.0868
vn 0.0569 0.9912 0.1199
vn 0.0048 0.9978 0.0661
vn -0.1029 0.9937 0.0434
vn -0.0565 0.9980 0.0288
vn 0.0622 0.9947 0.0814
vn 0.0700 0.9923 0.1025
vn -0.1643 0.9821 0.0916
vn -0.1664 0.9762 0.1389
vn -0.0998 0.9865 0.1298
vn -0.0313 0.9938 0.1069
vn 0.0080 0.9987 0.0506
vn 0.0344 0.9974 0.0634
vn 0.1374 0.9877 0.0746
vn 0.0701 0.9961 -0.0532
vn 0.0399 0.9968 -0.0691
vn 0.1255 0.9891 -0.0767
vn 0.0499 0.9966 -0.0655
vn 0.0006 0.9988 -0.0491
vn 0.0390 0.9929 0.1127
vn 0.0756 0.9803 0.1826
vn -0.0909 0.9959 0.0041
vn -0.0938 0.9955 0.0153
vn -0.0613 0.9963 0.0611
vn -0.0862 0.9950 0.0498
vn -0.0374 0.9794 0.1983
vn -0.0522 0.9826 0.1783
vn -0.0431 0.9962 0.0760
vn -0.0441 0.9985 0.0333
vn -0.1295 0.9916 0.0050
vn -0.0972 0.9949 0.0265
vn 0.0095 0.9974 0.0717
vn -0.0059 0.9954 0.0957
vn 0.1208 0.9884 0.0915
vn -0.0863 0.9938 0.0707
vn -0.0058 0.9955 0.0947
vn 0.1117 0.9827 0.1478
vn 0.0946 0.9936 0.0616
vn 0.0157 0.9969 0.0777
vn -0.0906 0.9900 0.1079
vn -0.1073 0.9900 0.0915
vn -0.0698 0.9942 0.0822
vn -0.0031 0.9941 0.1089
vn -0.0539 0.9985 -0.0014
vn -0.1437 0.9865 -0.0788
vn -0.0209 0.9980 -0.0601
vn 0.0082 0.9999 -0.0074
vn -0.0388 0.9988 0.0291
vn -0.0082 0.9998 0.0189
vn 0.0313 0.9963 -0.0799
vn 0.0917 0.9947 -0.0475
vn 0.0409 0.9991 -0.0065
vn -0.1041 0.9913 0.0807
vn -0.0979 0.9858 0.1368
vn -0.1012 0.9839 0.1470
vn -0.0365 0.9890 0.1432
vn 0.0134 0.9929 0.1180
vn 0.0934 0.9956 -0.0100
vn 0.0924 0.9934 -0.0674
vn 0.0066 0.9937 -0.1117
vn -0.0160 0.9965 -0.0825
vn 0.0228 0.9989 -0.0405
vn 0.0247 0.9981 -0.0568
vn -0.0861 0.9962 0.0129
vn -0.0871 0.9945 0.0587
vn -0.0585 0.9925 0.1073
vn -0.0671 0.9937 0.0898
vn -0.0291 0.9935 0.1099
vn -0.0591 0.9935 0.0973
vn -0.0369 0.9918 0.1225
vn -0.0121 0.9929 0.1186
vn 0.0146 0.9992 0.0369
vn -0.0070 0.9990 0.0444
vn -0.0179 0.9991 0.0386
vn -0.0102 0.9994 0.0322
vn -0.0003 0.9980 0.0624
vn 0.0056 0.9951 0.0991
vn -0.0174 0.9972 0.0725
vn -0.0412 0.9923 0.1164
vn -0.0362 0.9962 0.0791
vn -0.0285 0.9971 0.0707
vn -0.0674 0.9896 0.1270
vn -0.0976 0.9890 0.1112
vn -0.0689 0.9918 0.1076
vn -0.0421 0.9938 0.1030
vn -0.0497 0.9947 0.0899
vn -0.0428 0.9955 0.0843
vn -0.0603 0.9917 0.1137
vn -0.0774 0.9926 0.0932
vn -0.0690 0.9916 0.1097
vn -0.0581 0.9938 0.0946
vn -0.0458 0.9959 0.0786
vn -0.0496 0.9956 0.0792
vn -0.0575 0.9927 0.1059
vn -0.0585 0.9938 0.0946
vn -0.0525 0.9932 0.1042
vn -0.0695 0.9955 0.0643
vn -0.0448 0.9973 0.0588
vn -0.0502 0.9960 0.0740
vn -0.0507 0.9986 -0.0174
vn -0.0051 0.9989 -0.0468
vn -0.0251 0.9995 0.0196
vn -0.0193 0.9997 0.0140
vn -0.0233 0.9992 0.0320
vn -0.0283 0.9989 0.0376
vn 0.0009 0.9998 -0.0198
vn -0.0266 0.9989 -0.0385
vn -0.0202 0.9998 0.0025
vn -0.0095 0.9991 -0.0405
vn -0.0036 0.9999 -0.0114
vn -0.0135 0.9999 0.0029
vn 0.0339 0.9923 -0.1190
vn 0.0649 0.9922 -0.1061
vn 0.0313 0.9975 -0.0631
vn 0.0514 0.9983 -0.0290
vn 0.0063 1.0000 0.0075
vn 0.0124 0.9999 -0.0059
vn 0.0649 0.9972 0.0358
vn 0.0582 0.9943 0.0895
vn 0.0219 0.9987 0.0450
vn -0.0434 0.9933 0.1071
vn -0.0349 0.9974 0.0631
vn -0.0245 0.9979 0.0605
vn -0.0712 0.9821 0.1746
vn -0.1111 0.9814 0.1565
vn -0.0673 0.9896 0.1275
vn -0.0672 0.9920 0.1068
vn -0.0419 0.9968 0.0674
vn -0.0785 0.9896 0.1203
vn -0.0734 0.9912 0.1105
vn -0.0564 0.9928 0.1054
vn 0.0471 0.9987 -0.0185
vn 0.0994 0.9950 -0.0052
vn 0.0595 0.9982 0.0013
vn 0.1121 0.9937 0.0010
vn 0.1234 0.9918 -0.0341
vn 0.1224 0.9924 -0.0077
vn 0.0239 0.9994 -0.0260
vn -0.0379 0.9992 -0.0110
vn 0.0329 0.9993 0.0193
vn 0.0254 0.9987 -0.0445
vn 0.0003 0.9999 -0.0130
vn -0.0227 0.9997 -0.0110
vn -0.0198 0.9997 0.0109
vn 0.0244 0.9993 -0.0268
vn 0.0025 0.9989 -0.0467
vn -0.0034 1.0000 0.0067
vn 0.0344 0.9990 0.0273
vn 0.0233 0.9997 -0.0022
vn -0.0147 0.9999 -0.0084
vn -0.0540 0.9985 0.0033
vn -0.0039 0.9997 0.0239
vn -0.0563 0.9967 -0.0587
vn -0.1265 0.9892 -0.0736
vn -0.0993 0.9934 -0.0576
vn -0.0921 0.9896 -0.1103
vn -0.0421 0.9933 -0.1077
vn -0.0872 0.9914 -0.0980
vn 0.0063 0.9961 0.0882
vn 0.0304 0.9923 0.1199
vn 0.0370 0.9987 0.0344
vn -0.0236 0.9984 0.0513
vn -0.0584 0.9981 -0.0206
vn 0.0342 0.9994 0.0019
vn -0.1095 0.9928 0.0488
vn -0.1175 0.9920 0.0471
vn -0.1138 0.9928 0.0362
vn -0.0790 0.9960 0.0427
vn -0.0162 0.9999 -0.0044
vn -0.0653 0.9978 -0.0060
vn -0.0271 0.9926 0.1180
vn -0.0048 0.9941 0.1083
vn 0.0360 0.9946 0.0977
vn 0.1356 0.9906 0.0180
vn 0.1300 0.9913 0.0191
vn 0.1424 0.9896 0.0226
vn 0.1413 0.9875 0.0698
vn 0.1720 0.9762 0.1323
vn 0.1473 0.9871 0.0625
vn 0.0565 0.9942 0.0920
vn -0.0250 0.9965 0.0798
vn 0.0784 0.9930 0.0886
vn -0.0560 0.9964 0.0637
vn -0.0769 0.9946 0.0696
vn -0.0883 0.9942 0.0607
vn 0.1180 0.9925 0.0334
vn 0.1146 0.9934 -0.0055
vn 0.0977 0.9933 -0.0617
vn 0.0881 0.9929 0.0798
vn 0.0236 0.9952 0.0950
vn 0.0172 0.9983 0.0559
vn 0.0377 0.9975 0.0600
vn 0.0123 0.9993 0.0349
vn 0.0696 0.9969 0.0366
vn 0.0482 0.9915 0.1208
vn 0.0181 0.9930 0.1165
vn 0.0144 0.9941 0.1073
vn -0.1472 0.9855 0.0840
vn -0.0080 0.9997 0.0219
vn -0.0827 0.9956 0.0448
vn -0.0587 0.9970 0.0512
vn -0.0120 0.9984 0.0553
vn -0.0136 0.9984 0.0556
vn -0.0797 0.9949 0.0612
vn -0.0886 0.9956 0.0317
vn -0.0627 0.9974 0.0343
vn -0.0627 0.9921 0.1083
vn -0.1184 0.9863 0.1149
vn -0.1454 0.9800 0.1359
vn -0.0324 0.9808 0.1924
vn 0.0192 0.9883 0.1514
vn -0.0179 0.9887 0.1489
vn -0.0600 0.9892 0.1337
vn -0.0505 0.9958 0.0765
vn 0.0028 0.9933 0.1155
vn -0.0887 0.9942 0.0611
vn -0.1151 0.9843 0.1335
vn -0.1470 0.9860 0.0783
vn -0.0479 0.9980 0.0415
vn -0.0232 0.9976 0.0653
vn -0.0697 0.9942 0.0822
vn -0.0943 0.9941 0.0536
vn -0.0941 0.9880 0.1221
vn -0.0977 0.9778 0.1852
vn -0.0301 0.9937 0.1084
vn 0.0361 0.9852 0.1678
vn 0.0046 0.9947 0.1025
vn 0.0993 0.9834 0.1517
vn 0.1148 0.9819 0.1504
vn 0.0886 0.9808 0.1738
vn 0.0044 0.9995 0.0303
vn -0.0549 0.9980 -0.0323
vn 0.0273 0.9996 -0.0013
vn 0.0779 0.9957 0.0495
vn 0.0560 0.9969 0.0554
vn 0.1062 0.9893 0.1002
vn 0.0544 0.9941 -0.0938
vn 0.1338 0.9868 -0.0915
vn 0.0825 0.9963 -0.0224
vn 0.0399 0.9977 -0.0541
vn 0.0406 0.9980 -0.0487
vn 0.0670 0.9975 0.0235
vn 0.0143 0.9975 -0.0691
vn 0.0163 0.9964 -0.0836
vn 0.0097 0.9975 -0.0702
vn 0.0516 0.9984 -0.0237
vn -0.0146 0.9988 0.0466
vn -0.0099 0.9996 0.0248
vn 0.0898 0.9902 0.1074
vn 0.0235 0.9985 0.0489
vn 0.0498 0.9927 0.1097
vn 0.0004 0.9935 0.1140
vn -0.0520 0.9838 0.1716
vn -0.0546 0.9867 0.1532
vn -0.0282 0.9991 0.0319
vn 0.0161 0.9972 0.0735
vn -0.0067 0.9983 0.0584
vn -0.1247 0.9852 0.1178
vn -0.1314 0.9883 0.0779
vn -0.1476 0.9868 0.0659
vn -0.1478 0.9823 0.1151
vn -0.1559 0.9787 0.1334
vn -0.1685 0.9771 0.1298
vn -0.1024 0.9915 0.0801
vn -0.0286 0.9990 0.0330
vn -0.0449 0.9971 0.0611
vn -0.1371 0.9893 0.0502
vn -0.0487 0.9960 0.0755
vn -0.0585 0.9982 0.0163
vn 0.0511 0.9884 0.1428
vn 0.0350 0.9873 0.1551
vn 0.0124 0.9938 0.1109
vn 0.0677 0.9938 0.0887
vn 0.0245 0.9977 0.0634
vn 0.0286 0.9948 0.0980
vn -0.0813 0.9963 0.0287
vn 0.0065 1.0000 0.0074
vn -0.0418 0.9990 0.0133
vn -0.0611 0.9976 0.0311
vn -0.0387 0.9991 0.0187
vn 0.0289 0.9991 -0.0303
vn 0.0704 0.9968 -0.0385
vn 0.0380 0.9974 -0.0613
vn 0.0616 0.9947 -0.0821
vn 0.0856 0.9899 0.1133
vn 0.1483 0.9808 0.1268
vn 0.1423 0.9826 0.1192
vn 0.0292 0.9983 0.0497
vn 0.0416 0.9991 0.0064
vn 0.0971 0.9945 0.0388
vn -0.0042 0.9999 -0.0120
vn -0.0015 0.9995 -0.0308
vn -0.0048 0.9999 -0.0155
vn 0.0881 0.9957 -0.0275
vn 0.0715 0.9974 0.0055
vn 0.0841 0.9964 -0.0060
vn 0.1272 0.9879 0.0883
vn 0.1340 0.9881 0.0754
vn 0.1319 0.9894 0.0610
vn -0.0265 0.9980 0.0582
vn -0.1147 0.9883 0.1006
vn -0.0350 0.9947 0.0967
vn -0.0445 0.9986 0.0288
vn -0.1380 0.9903 0.0165
vn -0.1260 0.9901 0.0626
vn -0.1357 0.9886 0.0658
vn -0.1368 0.9839 0.1152
vn -0.1909 0.9750 0.1140
vn -0.0544 0.9882 0.1434
vn -0.0449 0.9864 0.1579
vn -0.0454 0.9830 0.1777
vn -0.0532 0.9924 0.1109
vn -0.0551 0.9929 0.1054
vn -0.0570 0.9947 0.0858
vn -0.0957 0.9852 0.1424
vn -0.0275 0.9938 0.1073
vn 0.0008 0.9949 0.1006
vn 0.0559 0.9958 0.0731
vn 0.0820 0.9898 0.1161
vn 0.0261 0.9916 0.1268
vn 0.0808 0.9964 -0.0256
vn 0.0795 0.9945 -0.0685
vn 0.0822 0.9965 0.0129
vn -0.0754 0.9972 0.0005
vn -0.0329 0.9992 0.0221
vn -0.1046 0.9945 -0.0063
vn 0.0716 0.9936 0.0870
vn 0.0711 0.9871 0.1435
vn 0.0573 0.9944 0.0886
vn 0.0638 0.9854 0.1581
vn 0.1207 0.9882 0.0942
vn 0.0853 0.9946 0.0599
vn -0.0127 0.9942 0.1071
vn -0.0700 0.9949 0.0731
vn -0.0388 0.9972 0.0635
vn -0.0359 0.9993 -0.0086
vn -0.0390 0.9983 -0.0438
vn 0.0190 0.9998 0.0010
vn -0.0299 0.9907 0.1328
vn -0.0246 0.9935 0.1109
vn -0.0180 0.9956 0.0914
vn -0.0589 0.9968 -0.0540
vn -0.1160 0.9922 0.0466
vn -0.0962 0.9940 0.0515
vn -0.0383 0.9972 -0.0640
vn -0.0457 0.9985 -0.0301
vn -0.0425 0.9966 -0.0710
vn -0.0016 0.9995 -0.0329
vn 0.0447 0.9981 -0.0417
vn -0.0179 0.9985 -0.0517
vn 0.0159 0.9998 0.0136
vn 0.1051 0.9923 0.0656
vn 0.0983 0.9951 -0.0143
vn 0.2087 0.9770 0.0446
vn 0.1567 0.9827 0.0986
vn 0.1653 0.9832 0.0772
vn 0.1909 0.9816 0.0020
vn 0.1045 0.9933 -0.0499
vn 0.1435 0.9893 0.0262
vn 0.0535 0.9982 -0.0269
vn -0.0110 0.9993 0.0370
vn -0.0078 0.9996 0.0284
vn 0.0268 0.9944 -0.1026
vn 0.0681 0.9948 -0.0762
vn -0.0039 0.9995 -0.0304
vn -0.0258 0.9996 0.0126
vn -0.0491 0.9988 -0.0060
vn -0.0490 0.9988 -0.0022
vn 0.0219 0.9769 0.2123
vn -0.0116 0.9775 0.2108
vn -0.0007 0.9839 0.1788
vn -0.0537 0.9769 0.2067
vn 0.0073 0.9901 0.1401
vn -0.0234 0.9887 0.1481
vn -0.0386 0.9868 0.1570
vn -0.0397 0.9906 0.1307
vn -0.0191 0.9853 0.1695
vn 0.0172 0.9983 0.0551
vn 0.0963 0.9945 -0.0411
vn 0.1060 0.9943 0.0110
vn -0.0337 0.9994 -0.0017
vn -0.0187 0.9998 0.0040
vn 0.0223 0.9982 -0.0556
vn 0.0811 0.9880 0.1315
vn 0.0650 0.9883 0.1383
vn 0.0771 0.9905 0.1138
vn 0.0591 0.9982 -0.0122
vn 0.0603 0.9959 -0.0671
vn 0.0255 0.9988 0.0408
vn -0.0353 0.9993 -0.0141
vn -0.0684 0.9947 0.0773
vn -0.0553 0.9920 0.1135
vn -0.0097 0.9933 -0.1153
vn -0.0200 0.9929 -0.1173
vn -0.0298 0.9964 -0.0798
vn 0.0429 0.9906 -0.1298
vn 0.0224 0.9958 -0.0887
vn 0.0278 0.9946 -0.1002
vn 0.0671 0.9831 -0.1704
vn 0.0312 0.9914 -0.1270
vn 0.0288 0.9848 -0.1714
vn -0.0797 0.9948 0.0635
vn -0.0793 0.9951 0.0588
vn -0.0730 0.9946 0.0733
vn 0.0843 0.9910 -0.1038
vn 0.0049 0.9995 -0.0326
vn 0.0368 0.9983 -0.0446
vn -0.0913 0.9946 0.0487
vn -0.0876 0.9959 0.0242
vn -0.0493 0.9972 0.0564
vn -0.0300 0.9967 0.0758
vn -0.0250 0.9981 0.0565
vn 0.0241 0.9936 0.1102
vn 0.0465 0.9933 0.1061
vn -0.0372 0.9851 0.1679
vn 0.0208 0.9828 0.1837
vn 0.0108 0.9999 -0.0099
vn -0.0336 0.9993 0.0132
vn 0.0109 0.9988 0.0469
vn -0.0053 0.9995 -0.0319
vn 0.0514 0.9934 -0.1022
vn 0.0116 0.9928 -0.1190
vn -0.0720 0.9962 -0.0482
vn -0.0531 0.9981 -0.0315
vn -0.1046 0.9943 -0.0189
vn 0.0581 0.9890 -0.1360
vn 0.0088 0.9934 -0.1144
vn 0.0314 0.9905 -0.1336
vn -0.0044 0.9999 -0.0146
vn 0.0641 0.9955 -0.0692
vn 0.0149 0.9973 -0.0724
vn 0.0565 0.9923 0.1098
vn 0.0265 0.9985 0.0480
vn 0.0295 0.9984 0.0474
vn 0.0886 0.9849 0.1489
vn 0.1016 0.9852 0.1380
vn 0.0608 0.9944 0.0859
vn 0.0650 0.9928 0.1003
vn 0.0359 0.9975 0.0609
vn 0.0367 0.9980 0.0523
vn 0.0739 0.9859 0.1502
vn 0.0617 0.9842 0.1661
vn 0.0325 0.9937 0.1073
vn 0.0400 0.9951 0.0903
vn 0.0138 0.9994 0.0322
vn 0.0141 0.9992 0.0383
vn -0.0406 0.9920 0.1195
vn -0.0455 0.9974 0.0554
vn -0.0248 0.9988 0.0422
vn -0.0329 0.9993 -0.0190
vn -0.0193 0.9995 -0.0235
vn -0.0171 0.9998 -0.0138
vn -0.0116 0.9988 -0.0483
vn 0.0127 0.9995 -0.0292
vn -0.0149 0.9990 -0.0429
vn 0.0006 0.9993 -0.0385
vn 0.0077 0.9999 -0.0142
vn -0.0056 0.9997 -0.0249
vn 0.0458 0.9967 -0.0673
vn 0.0564 0.9979 -0.0305
vn 0.0380 0.9992 -0.0101
vn 0.0516 0.9972 0.0543
vn 0.0311 0.9987 0.0408
vn 0.0255 0.9991 0.0348
vn 0.0758 0.9932 0.0884
vn 0.1157 0.9882 0.1005
vn 0.0601 0.9954 0.0741
vn 0.0606 0.9918 0.1123
vn 0.0330 0.9976 0.0604
vn 0.0343 0.9976 0.0595
vn 0.0649 0.9870 0.1469
vn 0.0218 0.9903 0.1375
vn 0.0484 0.9925 0.1123
vn 0.0104 0.9975 0.0698
vn 0.0083 0.9994 0.0335
vn 0.0159 0.9988 0.0457
vn -0.0321 0.9987 0.0389
vn -0.0164 0.9996 0.0228
vn -0.0170 0.9997 0.0186
vn -0.0028 1.0000 0.0039
vn -0.0002 1.0000 0.0006
vn -0.0009 1.0000 0.0042
vn -0.0370 0.9993 -0.0038
vn -0.0395 0.9986 -0.0361
vn -0.0153 0.9998 -0.0150
vn -0.0124 0.9996 -0.0263
vn -0.0025 1.0000 -0.0014
vn -0.0027 1.0000 -0.0022
vn -0.0045 0.9996 -0.0279
vn 0.0281 0.9995 -0.0145
vn -0.0089 0.9998 -0.0175
vn 0.0975 0.9824 0.1592
vn 0.1025 0.9821 0.1581
vn 0.1041 0.9813 0.1620
vn 0.0580 0.9933 0.1002
vn -0.0031 0.9948 0.1022
vn 0.0886 0.9816 0.1693
vn -0.0029 0.9927 0.1205
vn 0.0095 0.9903 0.1388
vn 0.0837 0.9873 0.1349
vn -0.0995 0.9948 0.0227
vn -0.0990 0.9950 0.0162
vn -0.0364 0.9969 0.0700
vn -0.1430 0.9834 0.1114
vn -0.0773 0.9885 0.1296
vn -0.0900 0.9831 0.1594
vn -0.1494 0.9887 0.0121
vn -0.0638 0.9974 -0.0335
vn -0.0971 0.9948 0.0305
vn -0.0443 0.9980 -0.0459
vn -0.0093 0.9999 -0.0045
vn 0.0512 0.9987 0.0044
vn -0.0126 0.9994 -0.0332
vn 0.0352 0.9980 -0.0518
vn -0.0209 0.9974 -0.0692
vn 0.1000 0.9896 -0.1030
vn 0.0914 0.9951 -0.0372
vn 0.0793 0.9951 -0.0589
vn 0.1011 0.9924 -0.0700
vn 0.0918 0.9936 -0.0654
vn 0.1007 0.9947 -0.0209
vn 0.1029 0.9945 0.0197
vn 0.0946 0.9935 0.0636
vn 0.1205 0.9922 0.0332
vn -0.1160 0.9932 -0.0049
vn -0.0923 0.9952 -0.0318
vn -0.0635 0.9979 0.0143
vn -0.0817 0.9966 -0.0056
vn -0.0621 0.9979 0.0167
vn -0.0815 0.9965 0.0209
vn -0.0749 0.9966 -0.0352
vn -0.0866 0.9962 -0.0120
vn -0.0739 0.9972 0.0099
vn -0.0330 0.9994 -0.0120
vn -0.0091 0.9975 0.0704
vn 0.0001 0.9979 0.0650
vn -0.0615 0.9973 -0.0396
vn -0.0672 0.9975 -0.0218
vn -0.0360 0.9990 0.0258
vn -0.0639 0.9970 0.0445
vn -0.0293 0.9995 0.0142
vn -0.0635 0.9968 0.0493
vn 0.0649 0.9977 -0.0216
vn 0.0765 0.9970 -0.0125
vn 0.0684 0.9976 -0.0111
vn -0.0966 0.9953 0.0037
vn -0.1062 0.9941 0.0199
vn -0.0534 0.9985 0.0080
vn -0.1743 0.9827 0.0625
vn -0.1390 0.9902 0.0143
vn -0.1826 0.9832 0.0032
vn -0.1249 0.9922 0.0014
vn -0.1504 0.9886 -0.0122
vn -0.1069 0.9943 -0.0062
vn -0.0660 0.9930 0.0977
vn -0.0233 0.9935 0.1116
vn -0.1111 0.9927 0.0473
vn -0.0471 0.9893 0.1383
vn -0.1339 0.9880 0.0769
vn 0.0129 0.9891 0.1469
vn -0.0049 0.9946 0.1038
vn -0.0012 0.9981 0.0619
vn -0.0031 1.0000 -0.0050
vn 0.0213 0.9960 -0.0869
vn -0.0104 0.9984 -0.0550
vn 0.0819 0.9956 -0.0461
vn 0.0829 0.9910 -0.1048
vn 0.0918 0.9882 -0.1230
vn 0.0881 0.9851 -0.1475
vn 0.0775 0.9908 -0.1113
vn 0.0690 0.9870 -0.1449
vn 0.1469 0.9888 -0.0243
vn 0.0476 0.9972 0.0572
vn 0.0529 0.9986 -0.0010
vn -0.0692 0.9950 0.0724
vn -0.0934 0.9931 0.0703
vn -0.0385 0.9980 0.0498
vn -0.0955 0.9872 0.1280
vn -0.0662 0.9920 0.1077
vn -0.0922 0.9941 0.0570
vn -0.0946 0.9948 -0.0364
vn -0.0956 0.9945 -0.0439
vn -0.0646 0.9964 -0.0544
vn 0.0066 0.9996 0.0279
vn -0.0033 0.9988 0.0489
vn -0.0546 0.9983 -0.0210
vn -0.0016 0.9993 -0.0380
vn -0.0140 0.9982 -0.0578
vn -0.0431 0.9971 -0.0630
vn -0.0216 0.9998 -0.0055
vn 0.0829 0.9964 0.0159
vn -0.0535 0.9980 -0.0335
vn -0.0998 0.9870 0.1261
vn -0.0983 0.9748 0.2004
vn -0.1327 0.9747 0.1797
vn -0.0157 0.9963 0.0849
vn -0.0382 0.9933 0.1091
vn 0.0256 0.9844 0.1743
vn -0.0131 0.9971 0.0750
vn 0.0328 0.9953 0.0916
vn 0.0248 0.9955 0.0917
vn -0.0582 0.9981 -0.0198
vn -0.0053 0.9998 0.0197
vn -0.0463 0.9987 0.0218
vn 0.0021 0.9919 0.1273
vn -0.0133 0.9928 0.1188
vn -0.0482 0.9904 0.1295
vn 0.0908 0.9802 0.1758
vn 0.1155 0.9822 0.1481
vn 0.1013 0.9828 0.1542
vn 0.1154 0.9870 0.1115
vn 0.1604 0.9819 0.1007
vn 0.1494 0.9811 0.1227
vn 0.1048 0.9944 0.0109
vn 0.1604 0.9847 -0.0686
vn 0.1696 0.9847 -0.0407
vn 0.1254 0.9921 -0.0082
vn 0.0536 0.9980 0.0328
vn 0.1570 0.9869 -0.0382
vn 0.0126 0.9966 0.0808
vn -0.0111 0.9895 0.1441
vn -0.0392 0.9933 0.1090
vn 0.0165 0.9880 0.1535
vn -0.0379 0.9860 0.1621
vn -0.0717 0.9882 0.1353
vn 0.0588 0.9869 0.1504
vn 0.0802 0.9821 0.1703
vn 0.0889 0.9713 0.2208
vn 0.0859 0.9635 0.2536
vn 0.0623 0.9914 0.1149
vn 0.0342 0.9849 0.1700
vn 0.0305 0.9766 0.2129
vn 0.0714 0.9913 0.1110
vn 0.0804 0.9849 0.1533
vn -0.0977 0.9948 0.0297
vn -0.0964 0.9952 0.0155
vn -0.0553 0.9981 0.0289
vn 0.0004 0.9975 0.0706
vn 0.0435 0.9952 0.0878
vn -0.0373 0.9985 0.0403
vn 0.0470 0.9982 0.0365
vn 0.0753 0.9970 -0.0171
vn 0.0045 0.9991 0.0411
vn 0.0174 0.9998 0.0015
vn -0.0110 0.9999 0.0052
vn 0.0139 0.9999 -0.0029
vn 0.0034 0.9994 -0.0342
vn 0.0170 0.9985 0.0524
vn 0.0201 0.9994 0.0264
vn 0.0804 0.9941 0.0734
vn 0.0748 0.9859 0.1500
vn -0.0162 0.9977 0.0654
vn 0.1135 0.9926 0.0443
vn 0.1187 0.9925 -0.0285
vn 0.0302 0.9993 0.0207
vn 0.1099 0.9934 -0.0329
vn 0.0383 0.9984 -0.0404
vn 0.1240 0.9918 -0.0309
vn -0.0187 0.9998 0.0026
vn -0.0259 0.9990 0.0371
vn 0.0180 0.9998 -0.0055
vn 0.0324 0.9994 0.0136
vn 0.0690 0.9975 0.0132
vn 0.0295 0.9995 0.0137
vn 0.0674 0.9948 0.0762
vn 0.0822 0.9877 0.1333
vn 0.0746 0.9896 0.1233
vn -0.1193 0.9929 -0.0031
vn -0.1775 0.9841 0.0015
vn -0.0795 0.9940 0.0756
vn 0.0784 0.9927 0.0921
vn 0.0673 0.9871 0.1452
vn 0.0929 0.9896 0.1095
vn -0.0622 0.9968 0.0498
vn -0.0351 0.9981 0.0508
vn -0.0220 0.9950 0.0979
vn 0.0062 0.9888 0.1493
vn 0.0225 0.9993 0.0304
vn -0.0418 0.9923 0.1168
vn 0.1302 0.9900 0.0552
vn 0.1381 0.9899 0.0335
vn 0.1705 0.9852 0.0191
vn 0.0673 0.9968 0.0440
vn 0.0487 0.9977 0.0467
vn 0.0871 0.9956 0.0335
vn 0.0325 0.9985 0.0440
vn 0.0674 0.9972 0.0336
vn 0.0507 0.9973 0.0535
vn 0.0743 0.9952 0.0636
vn 0.0833 0.9950 0.0548
vn 0.0869 0.9937 0.0714
vn -0.0023 0.9975 0.0708
vn 0.0104 0.9984 0.0548
vn 0.0014 0.9984 0.0561
vn 0.0871 0.9956 -0.0335
vn 0.0944 0.9944 0.0475
vn 0.1003 0.9948 0.0194
vn -0.0368 0.9984 0.0439
vn -0.0642 0.9941 0.0878
vn -0.0840 0.9949 0.0550
vn -0.0205 0.9989 -0.0415
vn -0.0217 0.9977 -0.0648
vn -0.0988 0.9938 -0.0513
vn 0.1031 0.9933 -0.0517
vn 0.0708 0.9974 -0.0112
vn 0.0819 0.9953 -0.0510
vn 0.0265 0.9996 -0.0079
vn 0.0312 0.9995 -0.0087
vn 0.0607 0.9976 0.0344
vn -0.0176 0.9997 0.0173
vn 0.0644 0.9974 -0.0315
vn 0.0197 0.9998 -0.0031
vn 0.0973 0.9944 -0.0402
vn 0.0884 0.9957 0.0291
vn 0.0969 0.9952 -0.0170
vn 0.0025 0.9981 0.0619
vn -0.0421 0.9938 0.1026
vn -0.0412 0.9986 0.0322
vn -0.0915 0.9958 0.0087
vn -0.0770 0.9970 -0.0044
vn -0.0751 0.9968 0.0255
vn 0.0326 0.9995 -0.0001
vn 0.0238 0.9976 -0.0650
vn 0.0623 0.9957 -0.0680
vn 0.0869 0.9958 -0.0276
vn 0.0777 0.9970 -0.0024
vn 0.1347 0.9909 0.0043
vn 0.0378 0.9990 0.0217
vn 0.0042 0.9953 0.0964
vn -0.0021 0.9967 0.0815
vn 0.0555 0.9984 0.0083
vn 0.0793 0.9964 -0.0301
vn 0.0103 0.9999 -0.0001
vn 0.1499 0.9887 0.0052
vn 0.1104 0.9934 -0.0295
vn 0.1366 0.9879 -0.0736
vn 0.0278 0.9993 0.0266
vn -0.0321 0.9962 0.0808
vn 0.0560 0.9983 0.0155
vn -0.1262 0.9874 0.0953
vn -0.1070 0.9833 0.1474
vn -0.1386 0.9844 0.1080
vn 0.0904 0.9868 -0.1341
vn 0.0671 0.9968 -0.0429
vn 0.0639 0.9901 -0.1253
vn 0.0865 0.9916 -0.0963
vn 0.0747 0.9967 -0.0330
vn 0.0584 0.9983 0.0037
vn 0.0978 0.9952 0.0069
vn 0.0843 0.9950 0.0542
vn 0.1015 0.9947 0.0165
vn 0.0249 0.9992 -0.0312
vn 0.0043 0.9988 0.0480
vn 0.0111 0.9951 0.0985
vn 0.0410 0.9971 -0.0639
vn 0.0593 0.9875 -0.1458
vn 0.0663 0.9929 -0.0986
vn -0.0074 0.9972 -0.0748
vn 0.0181 0.9916 -0.1283
vn -0.0180 0.9904 -0.1371
vn 0.0516 0.9986 0.0068
vn 0.0621 0.9975 0.0336
vn 0.0665 0.9975 0.0239
vn 0.0502 0.9983 -0.0303
vn 0.0206 0.9947 -0.1003
vn 0.0190 0.9964 -0.0830
vn 0.1303 0.9813 0.1418
vn 0.1620 0.9773 0.1364
vn 0.1610 0.9731 0.1646
vn -0.1183 0.9912 0.0589
vn -0.0928 0.9900 0.1061
vn -0.0693 0.9910 0.1145
vn -0.1166 0.9874 0.1065
vn -0.1180 0.9910 0.0631
vn -0.1294 0.9884 0.0790
vn -0.0388 0.9988 -0.0311
vn -0.0260 0.9973 0.0683
vn 0.0333 0.9994 0.0061
vn -0.0363 0.9988 -0.0335
vn -0.0307 0.9980 -0.0554
vn -0.0589 0.9976 -0.0361
vn 0.0127 0.9913 0.1313
vn -0.0111 0.9961 0.0871
vn -0.0161 0.9966 0.0810
vn 0.0035 0.9948 -0.1017
vn 0.0018 0.9957 -0.0930
vn 0.0106 0.9944 -0.1049
vn -0.0342 0.9994 -0.0052
vn -0.0175 0.9969 -0.0764
vn -0.0761 0.9970 -0.0172
vn 0.0988 0.9951 -0.0080
vn 0.0444 0.9990 0.0005
vn 0.0430 0.9991 -0.0055
vn 0.1457 0.9893 0.0089
vn 0.1347 0.9908 0.0163
vn 0.0991 0.9951 0.0044
vn 0.0920 0.9957 -0.0122
vn 0.0462 0.9989 -0.0089
vn 0.0384 0.9993 -0.0006
vn 0.1806 0.9830 -0.0324
vn 0.1956 0.9807 -0.0066
vn 0.1302 0.9915 -0.0023
vn 0.1287 0.9916 0.0082
vn 0.0508 0.9987 0.0015
vn 0.0532 0.9986 0.0032
vn 0.1905 0.9816 0.0142
vn 0.1816 0.9833 0.0073
vn 0.1081 0.9941 0.0048
vn 0.0995 0.9950 0.0120
vn 0.0364 0.9993 0.0020
vn 0.0412 0.9991 0.0058
vn 0.1582 0.9874 -0.0081
vn 0.1749 0.9845 -0.0100
vn 0.0960 0.9954 -0.0012
vn 0.1060 0.9944 0.0003
vn 0.0383 0.9993 0.0001
vn 0.0391 0.9992 0.0003
vn 0.1545 0.9874 0.0353
vn 0.1137 0.9900 0.0838
vn 0.0875 0.9957 0.0315
vn 0.0171 0.9995 0.0259
vn -0.0164 0.9998 0.0119
vn -0.0007 0.9999 0.0107
vn 0.0037 0.9973 0.0734
vn -0.0459 0.9973 0.0577
vn -0.0420 0.9987 0.0272
vn -0.0758 0.9970 -0.0131
vn -0.0473 0.9989 -0.0062
vn -0.0508 0.9987 0.0011
vn -0.0401 0.9987 -0.0316
vn -0.0051 0.9982 -0.0593
vn -0.0434 0.9988 -0.0211
vn 0.0035 0.9999 -0.0125
vn -0.0066 1.0000 -0.0010
vn -0.0143 0.9999 -0.0080
vn 0.0583 0.9983 -0.0035
vn 0.0593 0.9981 -0.0159
vn -0.0018 1.0000 -0.0084
vn 0.0221 0.9997 -0.0130
vn 0.0123 0.9999 -0.0073
vn 0.0039 1.0000 -0.0032
vn 0.1467 0.9855 -0.0852
vn 0.1912 0.9798 -0.0591
vn 0.0928 0.9951 -0.0340
vn 0.1388 0.9903 -0.0096
vn 0.0617 0.9981 -0.0046
vn 0.0536 0.9986 -0.0039
vn 0.2234 0.9746 -0.0176
vn 0.2246 0.9744 0.0078
vn 0.1484 0.9889 -0.0066
vn 0.0312 0.9986 -0.0415
vn 0.0880 0.9960 -0.0125
vn 0.0563 0.9984 -0.0069
vn -0.0004 0.9979 -0.0652
vn -0.0016 1.0000 -0.0086
vn 0.0617 0.9966 -0.0551
vn 0.0342 0.9986 -0.0396
vn 0.0959 0.9954 -0.0031
vn 0.1036 0.9937 -0.0438
vn 0.0862 0.9961 -0.0172
vn 0.1096 0.9936 0.0285
vn 0.0833 0.9965 0.0064
vn 0.0674 0.9968 0.0433
vn 0.0734 0.9972 0.0144
vn 0.0898 0.9956 0.0282
vn 0.0935 0.9945 0.0481
vn 0.0768 0.9962 -0.0402
vn 0.0143 0.9999 0.0033
vn 0.0654 0.9977 -0.0183
vn 0.0894 0.9960 0.0068
vn 0.1016 0.9946 -0.0230
vn 0.1212 0.9925 -0.0190
vn 0.1253 0.9881 0.0891
vn 0.1158 0.9930 0.0250
vn 0.0494 0.9932 0.1056
vn 0.0499 0.9921 0.1147
vn 0.0515 0.9958 0.0755
vn 0.1655 0.9854 0.0390
vn 0.1948 0.9804 0.0306
vn 0.0969 0.9931 0.0662
vn 0.1569 0.9850 0.0718
vn 0.1281 0.9889 0.0757
vn 0.1096 0.9915 0.0705
vn 0.1708 0.9833 0.0631
vn 0.1625 0.9860 -0.0387
vn 0.1214 0.9924 0.0202
vn 0.1492 0.9826 -0.1103
vn 0.1041 0.9891 -0.1043
vn 0.0837 0.9926 -0.0881
vn 0.1240 0.9914 -0.0424
vn 0.1175 0.9907 -0.0685
vn 0.1321 0.9898 -0.0541
vn 0.1335 0.9905 -0.0341
vn 0.1817 0.9834 0.0004
vn 0.1579 0.9861 -0.0521
vn 0.1079 0.9937 -0.0292
vn 0.0905 0.9959 0.0045
vn 0.1401 0.9897 -0.0282
vn 0.0566 0.9973 -0.0466
vn 0.0637 0.9947 -0.0803
vn 0.0918 0.9933 -0.0695
vn 0.0817 0.9920 -0.0966
vn 0.0880 0.9925 -0.0845
vn 0.0677 0.9947 -0.0774
vn -0.0579 0.9982 0.0132
vn -0.1078 0.9931 -0.0471
vn -0.0727 0.9971 -0.0218
vn -0.0562 0.9951 -0.0816
vn -0.0474 0.9805 -0.1909
vn -0.1342 0.9828 -0.1270
vn -0.0467 0.9937 -0.1016
vn 0.0326 0.9994 -0.0149
vn -0.0174 0.9939 -0.1085
vn -0.0897 0.9947 -0.0504
vn -0.0325 0.9991 0.0257
vn 0.0092 0.9996 0.0267
vn 0.0501 0.9985 0.0241
vn 0.0815 0.9965 0.0192
vn 0.0738 0.9950 0.0675
vn 0.0396 0.9982 -0.0460
vn 0.0159 0.9995 -0.0278
vn 0.0591 0.9958 -0.0700
vn 0.0155 0.9999 0.0046
vn 0.0831 0.9963 0.0224
vn 0.0768 0.9964 -0.0359
vn 0.0360 0.9975 -0.0601
vn 0.0535 0.9984 -0.0166
vn 0.1043 0.9945 0.0011
vn 0.1811 0.9813 -0.0652
vn 0.2528 0.9675 -0.0081
vn 0.2267 0.9733 -0.0360
vn 0.1281 0.9906 0.0485
vn 0.1637 0.9839 0.0711
vn 0.2169 0.9723 0.0870
vn 0.2664 0.9599 0.0868
vn 0.2105 0.9776 -0.0014
vn 0.2437 0.9640 0.1061
vn 0.1780 0.9840 -0.0100
vn 0.1063 0.9942 -0.0191
vn 0.2246 0.9727 -0.0584
vn 0.1857 0.9826 -0.0087
vn 0.1693 0.9856 -0.0033
vn 0.1996 0.9785 -0.0525
vn 0.1640 0.9862 0.0231
vn 0.1565 0.9877 0.0059
vn 0.1376 0.9904 -0.0123
vn 0.0867 0.9962 -0.0013
vn 0.0602 0.9982 0.0075
vn 0.0585 0.9980 -0.0222
vn 0.0955 0.9950 -0.0287
vn 0.0909 0.9957 -0.0174
vn 0.0928 0.9951 -0.0352
vn -0.0330 0.9988 -0.0358
vn -0.0878 0.9896 -0.1137
vn -0.0345 0.9986 -0.0405
vn -0.0646 0.9957 -0.0661
vn -0.0963 0.9945 -0.0414
vn -0.1237 0.9901 -0.0662
vn -0.1315 0.9895 -0.0607
vn -0.1116 0.9932 -0.0343
vn -0.1255 0.9899 -0.0654
vn -0.1143 0.9829 -0.1442
vn -0.1061 0.9868 -0.1220
vn -0.0525 0.9907 -0.1252
vn -0.0184 0.9982 -0.0577
vn 0.0828 0.9964 0.0158
vn 0.0532 0.9967 -0.0610
vn 0.0139 0.9994 0.0328
vn 0.0451 0.9990 0.0029
vn 0.0437 0.9975 0.0558
vn 0.0397 0.9930 -0.1113
vn 0.0393 0.9930 -0.1113
vn -0.0002 0.9977 -0.0674
vn -0.0434 0.9970 -0.0641
vn -0.0410 0.9974 -0.0593
vn -0.0079 0.9984 -0.0551
vn 0.0236 0.9989 -0.0405
vn 0.0884 0.9957 0.0281
vn 0.0638 0.9970 -0.0448
vn -0.0499 0.9911 0.1236
vn -0.0323 0.9921 0.1214
vn -0.0090 0.9943 0.1066
vn -0.0126 0.9986 0.0508
vn 0.0510 0.9983 0.0271
vn 0.0464 0.9944 0.0951
vn 0.0001 0.9998 -0.0213
vn -0.0396 0.9990 -0.0205
vn -0.0235 0.9979 -0.0606
vn -0.0407 0.9928 0.1128
vn -0.0035 0.9932 0.1161
vn 0.0507 0.9981 0.0347
vn -0.0420 0.9985 0.0349
vn -0.0774 0.9969 0.0131
vn -0.0573 0.9983 -0.0115
vn -0.0835 0.9961 0.0278
vn -0.0840 0.9964 0.0061
vn -0.0651 0.9977 -0.0171
vn -0.1641 0.9863 0.0164
vn -0.1767 0.9838 -0.0301
vn -0.1315 0.9911 -0.0200
vn -0.2066 0.9735 -0.0981
vn -0.1645 0.9787 -0.1226
vn -0.1483 0.9818 -0.1184
vn -0.1337 0.9723 -0.1919
vn -0.1384 0.9740 -0.1791
vn -0.1774 0.9661 -0.1877
vn -0.0904 0.9898 -0.1098
vn -0.0055 0.9995 -0.0305
vn -0.0769 0.9961 -0.0431
vn -0.0235 0.9992 -0.0313
vn -0.0164 0.9999 0.0023
vn 0.0307 0.9995 0.0073
vn -0.0487 0.9958 0.0778
vn -0.1343 0.9909 0.0065
vn -0.0597 0.9981 -0.0127
vn -0.0601 0.9982 0.0004
vn -0.0739 0.9969 -0.0259
vn -0.1080 0.9941 -0.0120
vn -0.0383 0.9974 -0.0618
vn -0.0465 0.9985 0.0285
vn -0.1240 0.9923 -0.0063
vn -0.0095 0.9975 -0.0694
vn -0.0084 0.9983 -0.0582
vn 0.0670 0.9945 -0.0802
vn 0.0702 0.9943 0.0797
vn 0.0327 0.9984 0.0468
vn 0.0741 0.9964 0.0422
vn -0.0140 0.9884 0.1513
vn -0.0058 0.9880 0.1544
vn -0.0045 0.9869 0.1610
vn -0.0959 0.9954 -0.0005
vn -0.1244 0.9918 -0.0301
vn -0.1289 0.9909 0.0400
vn 0.0048 0.9966 -0.0827
vn -0.0227 0.9857 -0.1670
vn -0.0774 0.9884 -0.1307
vn -0.0887 0.9727 -0.2143
vn -0.1008 0.9720 -0.2124
vn -0.1103 0.9681 -0.2249
vn -0.0231 0.9867 -0.1607
vn -0.0631 0.9798 -0.1895
vn -0.1517 0.9671 -0.2044
vn -0.1088 0.9933 -0.0384
vn -0.0666 0.9978 0.0014
vn -0.0949 0.9946 -0.0416
vn -0.1111 0.9894 0.0936
vn -0.1304 0.9893 0.0652
vn -0.1046 0.9903 0.0918
vn -0.0393 0.9987 0.0321
vn -0.0608 0.9979 -0.0203
vn -0.0443 0.9971 0.0614
vn -0.0245 0.9918 -0.1258
vn -0.0282 0.9943 -0.1033
vn -0.0215 0.9940 -0.1073
vn -0.0510 0.9962 -0.0703
vn -0.0698 0.9940 -0.0842
vn -0.0614 0.9908 -0.1209
vn -0.0914 0.9957 0.0138
vn -0.0965 0.9937 0.0577
vn -0.0904 0.9943 0.0561
vn 0.0283 0.9958 -0.0873
vn 0.0146 0.9953 -0.0960
vn 0.0089 0.9968 -0.0789
vn 0.0736 0.9849 -0.1565
vn 0.0279 0.9833 -0.1799
vn 0.0045 0.9753 -0.2206
vn 0.0024 0.9895 -0.1448
vn -0.0321 0.9911 -0.1295
vn -0.0255 0.9895 -0.1419
vn 0.0127 0.9995 -0.0301
vn -0.0174 0.9950 0.0985
vn 0.0314 0.9990 0.0329
vn -0.0132 0.9997 0.0206
vn -0.0425 0.9981 0.0440
vn -0.0949 0.9938 0.0587
vn -0.0679 0.9959 0.0604
vn -0.0814 0.9949 -0.0592
vn -0.0451 0.9990 -0.0037
vn -0.1117 0.9915 -0.0673
vn -0.1148 0.9929 -0.0302
vn -0.0977 0.9851 -0.1414
vn -0.0933 0.9953 -0.0248
vn -0.0733 0.9973 0.0063
vn -0.1174 0.9927 -0.0279
vn -0.0997 0.9854 -0.1381
vn -0.0356 0.9850 -0.1691
vn -0.0400 0.9886 -0.1450
vn -0.1243 0.9821 -0.1413
vn -0.0961 0.9939 -0.0549
vn -0.1104 0.9910 -0.0753
vn -0.1160 0.9906 0.0731
vn -0.1167 0.9899 0.0804
vn -0.1281 0.9912 0.0321
vn 0.0220 0.9996 0.0158
vn 0.0340 0.9990 -0.0293
vn -0.1064 0.9943 0.0097
vn 0.0094 0.9999 -0.0057
vn -0.0438 0.9977 -0.0523
vn -0.0616 0.9959 0.0670
vn 0.0836 0.9875 -0.1336
vn 0.0519 0.9903 -0.1287
vn 0.0365 0.9880 -0.1501
vn -0.0161 0.9910 -0.1332
vn -0.0393 0.9906 -0.1310
vn -0.0356 0.9855 -0.1659
vn -0.0025 0.9951 -0.0993
vn -0.0221 0.9978 -0.0630
vn 0.0248 0.9973 -0.0692
vn 0.0741 0.9952 -0.0633
vn 0.1196 0.9925 -0.0254
vn 0.0909 0.9949 -0.0446
vn 0.0517 0.9971 -0.0562
vn 0.0674 0.9975 -0.0233
vn 0.1352 0.9906 -0.0213
vn 0.0350 0.9987 -0.0376
vn 0.0477 0.9963 -0.0717
vn 0.0427 0.9989 -0.0201
vn 0.0565 0.9917 -0.1157
vn 0.0366 0.9899 -0.1371
vn 0.0384 0.9916 -0.1231
vn 0.1294 0.9914 0.0193
vn 0.1250 0.9912 0.0436
vn 0.1430 0.9897 -0.0046
vn 0.0348 0.9982 -0.0498
vn 0.0154 0.9967 -0.0800
vn 0.0423 0.9957 -0.0824
vn -0.1010 0.9947 0.0178
vn -0.0495 0.9987 0.0156
vn -0.0268 0.9996 -0.0110
vn -0.0277 0.9991 0.0336
vn -0.0426 0.9989 0.0181
vn -0.0706 0.9951 0.0695
vn 0.0151 0.9936 0.1119
vn -0.0187 0.9893 0.1448
vn -0.0339 0.9896 0.1395
vn -0.0838 0.9958 0.0380
vn -0.1306 0.9914 -0.0052
vn -0.1370 0.9875 0.0779
vn 0.0506 0.9954 -0.0809
vn 0.0949 0.9950 -0.0318
vn 0.0803 0.9939 -0.0753
vn 0.0743 0.9937 -0.0840
vn 0.0748 0.9931 -0.0902
vn 0.0838 0.9902 -0.1115
vn 0.0724 0.9942 -0.0801
vn 0.0939 0.9933 -0.0680
vn 0.0741 0.9940 -0.0801
vn -0.0341 0.9986 -0.0393
vn 0.0846 0.9949 -0.0555
vn 0.1095 0.9915 -0.0704
vn -0.0774 0.9936 0.0822
vn -0.0446 0.9977 0.0519
vn -0.0468 0.9967 0.0667
vn -0.0558 0.9975 0.0434
vn -0.0392 0.9972 0.0633
vn -0.0465 0.9976 0.0506
vn -0.0360 0.9969 0.0702
vn -0.0219 0.9991 0.0371
vn -0.0194 0.9992 0.0341
vn -0.0465 0.9961 0.0755
vn -0.0477 0.9977 0.0487
vn -0.0420 0.9967 0.0690
vn -0.0453 0.9976 0.0522
vn -0.0198 0.9994 0.0290
vn -0.0238 0.9992 0.0334
vn -0.0389 0.9992 0.0087
vn -0.0385 0.9992 -0.0091
vn -0.0393 0.9988 0.0283
vn -0.0285 0.9996 -0.0033
vn -0.0043 0.9998 -0.0192
vn -0.0124 0.9999 -0.0022
vn -0.0450 0.9981 -0.0421
vn -0.0211 0.9958 -0.0886
vn -0.0101 0.9993 -0.0364
vn 0.0073 0.9956 -0.0932
vn 0.0269 0.9968 -0.0748
vn 0.0169 0.9984 -0.0547
vn 0.0571 0.9914 -0.1175
vn 0.0657 0.9897 -0.1272
vn 0.0574 0.9936 -0.0976
vn 0.0498 0.9937 -0.1008
vn 0.0450 0.9951 -0.0876
vn 0.0437 0.9957 -0.0814
vn 0.0389 0.9765 -0.2118
vn 0.0746 0.9791 -0.1892
vn 0.0444 0.9855 -0.1640
vn 0.0910 0.9828 -0.1608
vn 0.0726 0.9898 -0.1227
vn 0.0714 0.9895 -0.1254
vn 0.1025 0.9754 -0.1954
vn 0.1132 0.9703 -0.2137
vn 0.1049 0.9785 -0.1773
vn 0.1142 0.9771 -0.1795
vn 0.0682 0.9920 -0.1065
vn 0.0735 0.9909 -0.1125
vn 0.1687 0.9700 -0.1750
vn 0.1382 0.9784 -0.1536
vn 0.1114 0.9841 -0.1384
vn 0.0905 0.9895 -0.1125
vn 0.0459 0.9968 -0.0653
vn 0.0526 0.9958 -0.0751
vn 0.0785 0.9878 -0.1342
vn 0.0850 0.9865 -0.1403
vn 0.0596 0.9929 -0.1029
vn 0.0640 0.9932 -0.0972
vn 0.0329 0.9982 -0.0493
vn 0.0361 0.9979 -0.0533
vn 0.0972 0.9886 -0.1149
vn 0.0745 0.9907 -0.1137
vn 0.0550 0.9953 -0.0793
vn -0.0032 1.0000 0.0049
vn 0.0211 0.9997 -0.0129
vn 0.0040 0.9998 -0.0201
vn -0.0354 0.9977 -0.0579
vn -0.0094 0.9937 -0.1113
vn 0.0168 0.9973 -0.0712
vn 0.0217 0.9912 -0.1305
vn 0.0112 0.9925 -0.1217
vn 0.0199 0.9934 -0.1126
vn 0.0394 0.9977 -0.0547
vn 0.0429 0.9970 -0.0643
vn 0.0491 0.9974 -0.0528
vn -0.0377 0.9913 -0.1257
vn -0.0183 0.9954 -0.0945
vn -0.0157 0.9983 -0.0559
vn -0.0242 0.9827 -0.1835
vn 0.0216 0.9793 -0.2013
vn 0.0095 0.9865 -0.1635
vn 0.0342 0.9839 -0.1754
vn -0.0452 0.9900 -0.1334
vn 0.0146 0.9918 -0.1268
vn -0.0150 0.9872 -0.1586
vn 0.0258 0.9876 -0.1551
vn -0.0018 0.9901 -0.1402
vn 0.0070 0.9914 -0.1309
vn 0.0276 0.9909 -0.1315
vn 0.0109 0.9928 -0.1195
vn -0.0028 0.9926 -0.1214
vn -0.0246 0.9950 -0.0968
vn 0.0092 0.9852 -0.1714
vn 0.0608 0.9901 -0.1261
vn 0.0892 0.9895 -0.1138
vn 0.0368 0.9876 -0.1524
vn 0.0937 0.9954 -0.0178
vn 0.0619 0.9971 -0.0447
vn 0.0884 0.9949 -0.0483
vn -0.0066 0.9952 -0.0973
vn -0.0363 0.9946 -0.0970
vn 0.0080 0.9985 -0.0538
vn 0.0068 0.9988 0.0491
vn 0.0364 0.9956 0.0859
vn 0.0283 0.9993 0.0224
vn 0.1090 0.9899 0.0907
vn 0.0951 0.9941 0.0531
vn 0.1193 0.9924 0.0301
vn 0.0255 0.9997 -0.0042
vn -0.0172 0.9988 -0.0464
vn -0.0300 0.9994 0.0198
vn 0.0007 0.9998 -0.0223
vn 0.0300 0.9979 -0.0568
vn 0.0270 0.9977 -0.0618
vn 0.0200 0.9996 0.0176
vn 0.0156 0.9989 0.0437
vn 0.0256 0.9996 -0.0087
vn 0.0095 0.9845 -0.1752
vn -0.0130 0.9893 -0.1455
vn -0.0149 0.9828 -0.1841
vn -0.0449 0.9850 -0.1668
vn -0.0089 0.9859 -0.1672
vn -0.0014 0.9796 -0.2007
vn 0.0692 0.9726 -0.2220
vn 0.1127 0.9680 -0.2244
vn 0.0941 0.9760 -0.1966
vn 0.1027 0.9762 -0.1912
vn 0.1048 0.9828 -0.1522
vn 0.0904 0.9713 -0.2199
vn -0.0131 0.9913 -0.1308
vn -0.0386 0.9900 -0.1354
vn -0.0389 0.9837 -0.1754
vn -0.0325 0.9984 -0.0471
vn -0.0516 0.9965 -0.0652
vn -0.0008 0.9952 -0.0983
vn 0.0124 0.9952 -0.0972
vn 0.0205 0.9939 -0.1081
vn -0.0005 0.9862 -0.1657
vn 0.1210 0.9925 -0.0181
vn 0.1104 0.9938 0.0096
vn 0.0779 0.9969 0.0107
vn -0.0041 0.9973 0.0735
vn -0.0615 0.9964 0.0582
vn -0.0007 0.9982 0.0599
vn -0.0096 0.9918 0.1272
vn -0.0045 0.9901 0.1405
vn -0.0547 0.9847 0.1652
vn -0.0655 0.9794 0.1908
vn -0.0166 0.9916 0.1285
vn -0.0309 0.9903 0.1356
vn -0.0749 0.9804 0.1820
vn -0.0952 0.9848 0.1453
vn -0.0800 0.9772 0.1969
vn -0.0837 0.9875 0.1338
vn -0.0151 0.9958 0.0901
vn -0.0428 0.9912 0.1255
vn -0.0914 0.9922 0.0843
vn -0.0751 0.9964 0.0391
vn -0.0294 0.9973 0.0676
vn -0.0569 0.9980 -0.0290
vn -0.0324 0.9985 -0.0434
vn -0.0181 0.9995 -0.0249
vn -0.0189 0.9979 0.0617
vn -0.0140 0.9946 0.1027
vn -0.0151 0.9996 0.0232
vn -0.0690 0.9887 -0.1331
vn -0.0900 0.9899 -0.1098
vn -0.0689 0.9934 -0.0919
vn -0.0506 0.9950 -0.0861
vn -0.0582 0.9959 -0.0699
vn -0.0902 0.9929 -0.0780
vn 0.0497 0.9975 -0.0492
vn 0.0918 0.9954 -0.0280
vn 0.0602 0.9975 -0.0384
vn 0.0855 0.9954 -0.0444
vn 0.1158 0.9919 -0.0517
vn 0.1354 0.9887 -0.0652
vn -0.0197 0.9965 -0.0811
vn -0.0517 0.9971 -0.0560
vn -0.0272 0.9986 -0.0464
vn -0.0394 0.9992 -0.0005
vn -0.0388 0.9992 0.0080
vn -0.0229 0.9986 -0.0475
vn 0.0283 0.9994 0.0212
vn 0.1189 0.9921 -0.0411
vn 0.0351 0.9991 -0.0231
vn 0.0188 0.9951 0.0967
vn 0.1045 0.9892 0.1029
vn 0.1483 0.9888 0.0137
vn 0.1670 0.9826 0.0807
vn 0.1276 0.9896 0.0664
vn 0.1464 0.9892 -0.0058
vn 0.0994 0.9904 0.0963
vn 0.1058 0.9845 0.1398
vn 0.0943 0.9927 0.0754
vn 0.0102 0.9964 0.0837
vn -0.0811 0.9924 0.0928
vn 0.0206 0.9936 0.1112
vn 0.0037 1.0000 -0.0015
vn -0.0130 0.9994 0.0309
vn -0.0590 0.9950 0.0809
vn -0.1082 0.9937 0.0279
vn -0.1541 0.9865 0.0549
vn -0.1002 0.9917 0.0802
vn -0.0986 0.9948 0.0264
vn -0.0898 0.9956 0.0277
vn -0.1198 0.9913 0.0540
vn -0.0561 0.9982 0.0198
vn 0.0119 0.9998 -0.0151
vn -0.1140 0.9926 0.0422
vn -0.0637 0.9975 0.0291
vn -0.0591 0.9976 0.0347
vn -0.0093 0.9994 0.0348
vn 0.0591 0.9971 0.0474
vn -0.0154 0.9994 0.0295
vn 0.0176 0.9981 -0.0584
vn 0.0703 0.9975 -0.0106
vn 0.0402 0.9969 -0.0673
vn 0.0470 0.9976 0.0499
vn 0.0196 0.9983 0.0548
vn 0.0108 0.9995 -0.0300
vn 0.0716 0.9930 0.0935
vn 0.0492 0.9952 0.0840
vn 0.0249 0.9944 0.1023
vn 0.0185 0.9945 0.1030
vn 0.0483 0.9909 0.1255
vn 0.0255 0.9928 0.1170
vn 0.1462 0.9879 0.0519
vn 0.1588 0.9844 0.0758
vn 0.1446 0.9836 0.1076
vn 0.0986 0.9925 0.0725
vn 0.0752 0.9943 0.0761
vn 0.1028 0.9857 0.1332
vn 0.0338 0.9991 -0.0255
vn 0.0512 0.9987 0.0057
vn 0.0320 0.9995 0.0031
vn -0.0200 0.9994 0.0284
vn -0.0003 0.9999 0.0118
vn -0.0261 0.9993 0.0268
vn -0.0546 0.9982 0.0233
vn -0.0451 0.9987 0.0246
vn -0.0251 0.9996 0.0137
vn -0.1136 0.9934 -0.0160
vn -0.0976 0.9925 -0.0739
vn -0.0910 0.9938 -0.0635
vn -0.1047 0.9939 0.0356
vn -0.0112 0.9966 0.0819
vn -0.0101 0.9993 0.0346
vn -0.0077 0.9989 0.0454
vn 0.0002 0.9992 0.0396
vn -0.0232 0.9990 0.0370
vn 0.0215 0.9800 0.1979
vn 0.0162 0.9880 0.1533
vn 0.0435 0.9845 0.1697
vn 0.0357 0.9965 0.0755
vn 0.0282 0.9993 0.0227
vn 0.1048 0.9923 0.0654
vn 0.0384 0.9954 0.0882
vn 0.0810 0.9873 0.1367
vn 0.0343 0.9921 0.1210
vn 0.0750 0.9892 0.1258
vn 0.1797 0.9779 0.1065
vn 0.1027 0.9882 0.1138
vn 0.0732 0.9945 0.0752
vn 0.0564 0.9973 0.0476
vn 0.0796 0.9967 0.0185
vn 0.0855 0.9952 0.0469
vn 0.0306 0.9974 0.0657
vn 0.0503 0.9976 0.0475
vn 0.0750 0.9918 0.1034
vn 0.0740 0.9945 0.0743
vn 0.0433 0.9915 0.1226
vn -0.0499 0.9851 0.1646
vn -0.0504 0.9719 0.2299
vn -0.0922 0.9803 0.1748
vn -0.0501 0.9983 0.0284
vn -0.0379 0.9983 0.0438
vn -0.0468 0.9964 0.0705
vn -0.0239 0.9996 0.0139
vn -0.0242 0.9990 0.0379
vn -0.0291 0.9964 0.0797
vn -0.0036 0.9992 0.0392
vn -0.0070 0.9996 0.0257
vn 0.0104 0.9997 0.0235
vn 0.1182 0.9878 0.1009
vn 0.0769 0.9901 0.1178
vn 0.0476 0.9957 0.0793
vn 0.0764 0.9891 0.1255
vn 0.0195 0.9883 0.1514
vn 0.0364 0.9941 0.1026
vn -0.0010 0.9970 0.0772
vn 0.0752 0.9962 0.0431
vn 0.0313 0.9993 0.0188
vn 0.0163 0.9932 0.1156
vn 0.0033 0.9989 0.0466
vn 0.0675 0.9962 0.0555
vn -0.0918 0.9910 0.0971
vn -0.0309 0.9968 0.0732
vn -0.1055 0.9929 0.0545
vn -0.0684 0.9871 0.1450
vn -0.0171 0.9844 0.1752
vn -0.0504 0.9888 0.1403
vn -0.0747 0.9816 0.1759
vn -0.0831 0.9833 0.1621
vn -0.0537 0.9864 0.1551
vn -0.0585 0.9818 0.1805
vn 0.0002 0.9835 0.1811
vn -0.0011 0.9831 0.1832
vn 0.0740 0.9800 0.1849
vn 0.0816 0.9858 0.1470
vn 0.0981 0.9830 0.1551
vn 0.0115 0.9997 0.0206
vn -0.0423 0.9965 -0.0717
vn -0.0051 0.9989 0.0469
vn -0.0213 0.9980 0.0590
vn 0.0180 0.9966 0.0801
vn -0.0650 0.9970 0.0423
vn 0.0608 0.9981 0.0099
vn 0.0195 0.9965 -0.0808
vn 0.0466 0.9970 0.0614
vn -0.0041 0.9976 -0.0690
vn -0.0041 1.0000 0.0024
vn -0.0177 0.9982 0.0575
vn 0.0125 0.9848 -0.1730
vn 0.0451 0.9875 -0.1509
vn 0.0074 0.9908 -0.1353
vn -0.0200 0.9827 -0.1841
vn -0.0116 0.9834 -0.1810
vn -0.0054 0.9912 -0.1326
vn 0.0262 0.9808 -0.1934
vn 0.0590 0.9868 -0.1511
vn 0.0139 0.9859 -0.1669
vn 0.0395 0.9992 0.0107
vn 0.0253 0.9992 -0.0316
vn 0.0723 0.9973 -0.0088
vn 0.0755 0.9950 0.0650
vn 0.0353 0.9992 0.0195
vn 0.1071 0.9936 0.0361
vn 0.0003 0.9953 0.0972
vn 0.0251 0.9925 0.1197
vn -0.0151 0.9937 0.1115
vn -0.0909 0.9946 -0.0509
vn -0.0814 0.9961 -0.0329
vn -0.0863 0.9959 -0.0254
vn -0.0761 0.9914 0.1061
vn -0.0918 0.9858 0.1403
vn -0.0602 0.9870 0.1492
vn 0.1077 0.9941 -0.0093
vn 0.0925 0.9954 -0.0258
vn 0.1103 0.9934 -0.0326
vn -0.1125 0.9886 -0.1003
vn -0.0963 0.9938 -0.0552
vn -0.0852 0.9954 0.0434
vn 0.0511 0.9889 -0.1393
vn 0.0074 0.9875 -0.1577
vn 0.0996 0.9860 -0.1337
vn 0.0461 0.9968 -0.0654
vn 0.0397 0.9948 -0.0937
vn 0.0230 0.9900 -0.1390
vn -0.0319 0.9994 -0.0116
vn 0.0439 0.9971 -0.0619
vn -0.0238 0.9939 -0.1073
vn -0.0388 0.9988 -0.0306
vn -0.0220 0.9995 -0.0219
vn -0.0149 0.9998 -0.0157
vn -0.0767 0.9953 -0.0592
vn -0.0937 0.9937 -0.0621
vn -0.0648 0.9961 -0.0591
vn -0.0865 0.9912 -0.1000
vn -0.0469 0.9962 -0.0732
vn -0.0455 0.9973 -0.0572
vn -0.0896 0.9848 -0.1486
vn -0.0714 0.9857 -0.1527
vn -0.0758 0.9881 -0.1342
vn -0.0792 0.9905 -0.1124
vn -0.0553 0.9950 -0.0832
vn -0.0502 0.9956 -0.0789
vn -0.0662 0.9920 -0.1078
vn -0.0763 0.9916 -0.1042
vn -0.0746 0.9904 -0.1167
vn -0.0876 0.9883 -0.1247
vn -0.0621 0.9937 -0.0935
vn -0.0528 0.9945 -0.0900
vn -0.1695 0.9686 -0.1820
vn -0.1725 0.9600 -0.2204
vn -0.1183 0.9778 -0.1730
vn -0.1347 0.9685 -0.2095
vn -0.0758 0.9889 -0.1275
vn -0.0765 0.9897 -0.1211
vn -0.1676 0.9455 -0.2792
vn -0.1661 0.9410 -0.2947
vn -0.1290 0.9669 -0.2203
vn -0.1165 0.9699 -0.2138
vn -0.0682 0.9895 -0.1276
vn -0.0741 0.9887 -0.1300
vn -0.1229 0.9475 -0.2953
vn -0.1098 0.9544 -0.2774
vn -0.0890 0.9789 -0.1842
vn -0.0725 0.9859 -0.1507
vn -0.0527 0.9936 -0.0996
vn -0.0551 0.9925 -0.1088
vn -0.1046 0.9786 -0.1772
vn -0.1267 0.9730 -0.1930
vn -0.0784 0.9869 -0.1411
vn -0.0422 0.9886 -0.1448
vn -0.0253 0.9969 -0.0742
vn -0.0409 0.9955 -0.0852
vn 0.0116 0.9890 -0.1474
vn 0.0159 0.9947 -0.1019
vn 0.0038 0.9971 -0.0765
vn -0.0050 0.9998 -0.0175
vn -0.0055 0.9999 -0.0147
vn -0.0039 0.9998 -0.0172
vn 0.0690 0.9976 -0.0015
vn 0.0878 0.9960 0.0193
vn 0.0486 0.9988 0.0004
vn 0.0735 0.9955 0.0602
vn 0.0383 0.9983 0.0445
vn 0.0334 0.9990 0.0290
vn 0.0344 0.9965 0.0767
vn 0.0525 0.9972 0.0537
vn 0.0524 0.9960 0.0729
vn -0.0570 0.9935 0.0988
vn -0.0687 0.9972 0.0293
vn -0.0363 0.9978 0.0555
vn -0.0655 0.9974 0.0285
vn -0.0822 0.9961 0.0327
vn -0.0330 0.9970 0.0701
vn 0.0134 0.9998 -0.0175
vn 0.0430 0.9989 -0.0171
vn -0.0018 1.0000 0.0018
vn 0.0077 0.9987 -0.0508
vn 0.0098 0.9990 -0.0443
vn 0.0103 0.9993 -0.0358
vn -0.0121 0.9999 -0.0121
vn -0.0262 0.9992 0.0308
vn 0.0084 0.9999 0.0150
vn -0.0357 0.9975 0.0616
vn -0.0617 0.9898 0.1285
vn -0.0898 0.9927 0.0799
vn -0.0710 0.9948 0.0729
vn -0.0827 0.9965 -0.0151
vn -0.1228 0.9922 0.0219
vn -0.0444 0.9959 0.0787
vn -0.1005 0.9939 0.0446
vn -0.0457 0.9984 0.0347
vn -0.0411 0.9992 -0.0016
vn -0.0625 0.9960 -0.0634
vn -0.0800 0.9960 -0.0400
vn -0.0990 0.9951 -0.0036
vn -0.0464 0.9987 -0.0188
vn -0.1048 0.9932 -0.0508
vn 0.0414 0.9910 -0.1269
vn -0.0015 0.9783 -0.2071
vn -0.0652 0.9767 -0.2047
vn 0.0530 0.9926 -0.1097
vn 0.0591 0.9931 -0.1009
vn 0.0308 0.9878 -0.1526
vn -0.0408 0.9960 -0.0794
vn -0.0482 0.9955 -0.0814
vn -0.0583 0.9913 -0.1183
vn -0.0190 0.9908 -0.1342
vn 0.0592 0.9869 -0.1499
vn 0.0067 0.9920 -0.1264
vn 0.1318 0.9779 -0.1626
vn 0.0973 0.9804 -0.1715
vn 0.0539 0.9782 -0.2003
vn 0.0836 0.9833 -0.1617
vn 0.0819 0.9855 -0.1489
vn 0.0896 0.9919 -0.0897
vn 0.1184 0.9927 -0.0212
vn 0.0902 0.9958 -0.0159
vn 0.0999 0.9944 -0.0331
vn -0.0363 0.9984 -0.0425
vn -0.0581 0.9979 -0.0282
vn -0.0024 0.9999 -0.0124
vn 0.0295 0.9986 0.0442
vn -0.0298 0.9981 0.0536
vn -0.0664 0.9973 0.0306
vn 0.0313 0.9948 0.0966
vn 0.0191 0.9913 0.1305
vn 0.0212 0.9929 0.1172
vn 0.0326 0.9985 0.0429
vn 0.0210 0.9996 -0.0182
vn 0.0086 1.0000 -0.0002
vn -0.0071 0.9999 0.0093
vn 0.0214 0.9997 -0.0125
vn 0.0195 0.9997 -0.0114
vn 0.0046 0.9998 -0.0181
vn -0.0136 0.9992 0.0383
vn 0.0101 0.9998 -0.0144
vn -0.0519 0.9986 -0.0057
vn -0.1055 0.9937 0.0391
vn -0.0550 0.9978 0.0373
vn -0.1847 0.9762 0.1140
vn -0.1448 0.9845 0.0988
vn -0.1363 0.9788 0.1530
vn -0.0598 0.9822 0.1778
vn 0.0375 0.9881 0.1494
vn -0.0968 0.9932 0.0648
vn -0.0160 0.9987 0.0474
vn -0.0353 0.9993 -0.0132
vn -0.0549 0.9982 -0.0241
vn 0.0436 0.9970 0.0632
vn 0.0974 0.9948 0.0295
vn 0.0309 0.9995 -0.0005
vn 0.1179 0.9911 -0.0626
vn 0.0677 0.9953 -0.0697
vn 0.1068 0.9885 -0.1074
vn 0.0624 0.9978 -0.0202
vn -0.0162 0.9988 0.0457
vn 0.0136 0.9997 0.0211
vn -0.0209 0.9998 -0.0024
vn 0.0134 0.9949 -0.1000
vn -0.0192 0.9998 -0.0067
vn 0.0072 0.9932 -0.1165
vn 0.0322 0.9839 -0.1757
vn 0.0623 0.9831 -0.1721
vn 0.0247 0.9722 -0.2329
vn 0.0339 0.9717 -0.2339
vn 0.0556 0.9696 -0.2382
vn 0.0544 0.9824 -0.1787
vn -0.0077 0.9866 -0.1632
vn 0.0019 0.9817 -0.1905
vn 0.0010 0.9999 0.0116
vn -0.0236 0.9976 0.0657
vn 0.0397 0.9991 0.0134
vn -0.0671 0.9972 0.0334
vn 0.0010 0.9966 0.0827
vn -0.0772 0.9948 0.0666
vn -0.0023 0.9992 0.0407
vn 0.0112 0.9999 0.0074
vn -0.0180 0.9989 0.0428
vn 0.0605 0.9950 0.0793
vn 0.0405 0.9940 0.1012
vn 0.0034 0.9991 0.0431
vn -0.0117 0.9986 0.0525
vn -0.0764 0.9955 0.0570
vn -0.0212 0.9997 0.0107
vn 0.1121 0.9835 0.1418
vn 0.0844 0.9874 0.1339
vn 0.0949 0.9900 0.1040
vn 0.0824 0.9877 0.1326
vn 0.0842 0.9631 0.2555
vn 0.0753 0.9755 0.2069
vn -0.0040 0.9893 0.1459
vn 0.0185 0.9788 0.2040
vn 0.0088 0.9687 0.2480
vn 0.0808 0.9720 0.2206
vn 0.0918 0.9856 0.1423
vn 0.0510 0.9747 0.2178
vn 0.0500 0.9821 0.1814
vn 0.0319 0.9868 0.1586
vn 0.0706 0.9873 0.1421
vn -0.0087 0.9991 0.0405
vn -0.0640 0.9967 0.0502
vn 0.0475 0.9989 0.0053
vn -0.0516 0.9954 0.0805
vn -0.0238 0.9967 0.0782
vn -0.0357 0.9938 0.1052
vn -0.0398 0.9989 0.0251
vn -0.0111 0.9990 -0.0437
vn 0.0179 0.9998 0.0118
vn 0.0242 0.9991 -0.0348
vn 0.0289 0.9892 -0.1437
vn 0.0752 0.9849 -0.1558
vn 0.0161 0.9892 0.1457
vn 0.0397 0.9948 0.0943
vn 0.0892 0.9869 0.1341
vn 0.0082 0.9962 0.0862
vn -0.0373 0.9986 0.0387
vn 0.0422 0.9974 0.0579
vn -0.0600 0.9976 0.0332
vn -0.0445 0.9936 0.1036
vn 0.0243 0.9958 0.0881
vn 0.0875 0.9961 0.0102
vn 0.0806 0.9966 0.0200
vn 0.1047 0.9931 0.0532
vn 0.0905 0.9952 0.0382
vn 0.0779 0.9932 0.0863
vn 0.0763 0.9964 0.0374
vn -0.0052 0.9966 0.0826
vn -0.0751 0.9884 0.1317
vn -0.0421 0.9897 0.1368
vn -0.0328 0.9957 0.0868
vn -0.0228 0.9991 0.0346
vn -0.0290 0.9966 0.0775
vn 0.0006 0.9976 0.0694
vn 0.0098 0.9982 0.0587
vn -0.0077 0.9982 0.0588
vn -0.0556 0.9926 0.1076
vn -0.0774 0.9955 0.0545
vn -0.0180 0.9984 0.0528
vn -0.0167 0.9900 0.1401
vn -0.0118 0.9929 0.1185
vn -0.0353 0.9973 0.0638
vn 0.0215 0.9986 0.0489
vn 0.0172 0.9988 0.0458
vn -0.0366 0.9982 0.0469
vn -0.0144 0.9952 0.0963
vn 0.0395 0.9930 0.1111
vn -0.0480 0.9924 0.1134
vn -0.0631 0.9906 0.1213
vn -0.0883 0.9951 0.0436
vn -0.1029 0.9931 0.0566
vn 0.0921 0.9864 0.1358
vn 0.0896 0.9900 0.1089
vn 0.0844 0.9903 0.1102
vn 0.1254 0.9900 0.0640
vn 0.1225 0.9924 0.0064
vn 0.0874 0.9962 0.0056
vn 0.0135 0.9989 0.0442
vn -0.0639 0.9970 0.0438
vn -0.0014 0.9997 0.0250
vn -0.0867 0.9962 0.0025
vn -0.0851 0.9944 0.0626
vn -0.0511 0.9984 0.0260
vn -0.1343 0.9906 0.0274
vn -0.1207 0.9926 0.0159
vn -0.1231 0.9915 0.0430
vn -0.0730 0.9972 -0.0136
vn -0.0112 0.9998 -0.0176
vn -0.0723 0.9972 0.0206
vn 0.0242 0.9982 -0.0544
vn -0.0022 0.9971 -0.0758
vn 0.0119 0.9986 -0.0510
vn -0.0966 0.9881 0.1201
vn -0.0696 0.9926 0.0997
vn -0.0575 0.9892 0.1347
vn -0.0622 0.9957 0.0687
vn -0.1355 0.9894 0.0533
vn -0.0269 0.9975 0.0647
vn 0.0935 0.9854 0.1422
vn 0.1115 0.9766 0.1838
vn 0.1094 0.9798 0.1672
vn -0.0659 0.9923 0.1044
vn -0.0405 0.9983 0.0425
vn -0.0061 0.9952 0.0977
vn -0.0887 0.9858 0.1426
vn -0.0853 0.9890 0.1208
vn -0.0178 0.9901 0.1395
vn -0.0160 0.9963 0.0841
vn 0.0783 0.9905 0.1127
vn -0.0012 0.9908 0.1356
vn 0.0986 0.9767 0.1908
vn 0.0529 0.9864 0.1559
vn -0.0095 0.9928 0.1191
vn 0.0531 0.9829 0.1763
vn 0.0115 0.9828 0.1842
vn 0.0745 0.9781 0.1945
vn 0.0175 0.9843 0.1757
vn 0.0384 0.9925 0.1157
vn 0.0387 0.9855 0.1651
vn -0.0985 0.9862 0.1333
vn -0.0742 0.9961 0.0470
vn -0.0619 0.9967 0.0520
vn -0.0813 0.9911 -0.1051
vn -0.1057 0.9925 0.0615
vn -0.0617 0.9977 -0.0294
vn -0.0581 0.9983 0.0009
vn -0.0627 0.9961 0.0625
vn -0.0793 0.9921 0.0977
vn 0.0455 0.9990 -0.0027
vn 0.0769 0.9970 0.0002
vn 0.0352 0.9991 0.0252
vn -0.0844 0.9957 -0.0371
vn -0.0989 0.9949 -0.0187
vn -0.0982 0.9949 -0.0220
vn -0.0343 0.9981 -0.0509
vn -0.0521 0.9983 0.0248
vn -0.0606 0.9980 -0.0162
vn -0.0210 0.9990 0.0391
vn -0.0184 0.9918 0.1262
vn -0.0959 0.9940 0.0529
vn -0.0617 0.9733 -0.2213
vn -0.0439 0.9938 -0.1026
vn -0.0222 0.9843 -0.1749
vn -0.0328 0.9745 -0.2220
vn -0.0043 0.9796 -0.2011
vn -0.0446 0.9894 -0.1379
vn -0.0332 0.9988 0.0354
vn -0.0247 0.9987 0.0453
vn -0.0513 0.9979 0.0398
vn 0.0080 0.9978 -0.0660
vn 0.0279 0.9976 -0.0626
vn 0.0621 0.9981 0.0033
vn 0.0048 0.9789 -0.2043
vn -0.0003 0.9802 -0.1982
vn -0.0287 0.9796 -0.1989
vn -0.0487 0.9807 -0.1894
vn 0.0069 0.9838 -0.1793
vn -0.0610 0.9819 -0.1796
vn -0.0336 0.9986 -0.0400
vn -0.0303 0.9988 -0.0385
vn -0.0395 0.9990 -0.0195
vn -0.0487 0.9864 -0.1567
vn -0.0489 0.9878 -0.1479
vn -0.0569 0.9819 -0.1804
vn 0.0417 0.9853 -0.1657
vn 0.0191 0.9957 -0.0907
vn 0.0460 0.9886 -0.1435
vn 0.0279 0.9925 0.1187
vn 0.0191 0.9994 0.0277
vn -0.0008 0.9991 0.0432
vn -0.1199 0.9926 -0.0169
vn -0.0681 0.9975 0.0200
vn -0.0480 0.9974 0.0540
vn -0.0900 0.9872 0.1318
vn -0.1151 0.9827 0.1453
vn -0.0787 0.9888 0.1267
vn -0.0952 0.9896 0.1073
vn -0.0694 0.9925 0.1005
vn -0.1274 0.9860 0.1072
vn -0.0486 0.9976 0.0487
vn -0.0569 0.9983 -0.0123
vn 0.0081 0.9999 0.0119
vn 0.0054 0.9857 -0.1686
vn 0.0015 0.9904 -0.1380
vn -0.0162 0.9866 -0.1624
vn -0.0340 0.9976 -0.0606
vn -0.0282 0.9937 -0.1088
vn 0.0143 0.9981 -0.0598
vn 0.0352 0.9993 -0.0154
vn 0.0711 0.9952 -0.0671
vn -0.0256 0.9994 -0.0250
vn -0.0046 0.9958 -0.0911
vn -0.0733 0.9948 -0.0705
vn -0.0178 0.9964 -0.0832
vn -0.0476 0.9921 -0.1165
vn -0.0294 0.9903 -0.1357
vn -0.0360 0.9956 -0.0863
vn 0.0152 0.9869 -0.1604
vn -0.0242 0.9887 -0.1479
vn 0.0205 0.9931 -0.1156
vn -0.0598 0.9906 -0.1229
vn -0.0441 0.9984 -0.0360
vn -0.0201 0.9962 -0.0844
vn -0.1184 0.9818 -0.1486
vn -0.1097 0.9797 -0.1676
vn -0.0794 0.9908 -0.1097
vn -0.0612 0.9935 -0.0957
vn 0.0131 0.9938 -0.1109
vn -0.0725 0.9962 -0.0475
vn 0.0390 0.9861 -0.1618
vn 0.0438 0.9874 -0.1523
vn 0.0479 0.9857 -0.1613
vn -0.0054 0.9884 -0.1516
vn -0.0311 0.9990 -0.0319
vn 0.0301 0.9927 -0.1168
vn -0.1332 0.9885 -0.0717
vn -0.1770 0.9797 -0.0940
vn -0.1102 0.9921 -0.0602
vn -0.1485 0.9834 -0.1043
vn -0.1666 0.9835 -0.0708
vn -0.1110 0.9898 -0.0896
vn -0.0979 0.9909 -0.0927
vn -0.0399 0.9981 -0.0459
vn -0.1074 0.9933 -0.0423
vn -0.0602 0.9980 0.0175
vn -0.0692 0.9974 0.0193
vn -0.0736 0.9972 0.0142
vn -0.0583 0.9951 0.0799
vn -0.0986 0.9918 0.0811
vn -0.0875 0.9950 0.0472
vn -0.1146 0.9931 -0.0236
vn -0.0850 0.9964 0.0078
vn -0.0945 0.9955 -0.0028
vn -0.0741 0.9963 -0.0425
vn -0.0346 0.9977 -0.0574
vn -0.0674 0.9971 -0.0343
vn -0.0380 0.9956 -0.0854
vn -0.0333 0.9953 -0.0908
vn 0.0198 0.9969 -0.0756
vn -0.1123 0.9880 -0.1058
vn -0.1515 0.9826 -0.1073
vn -0.0995 0.9897 -0.1025
vn -0.1642 0.9860 -0.0279
vn -0.1375 0.9905 -0.0053
vn -0.1491 0.9885 0.0240
vn -0.1077 0.9941 -0.0121
vn -0.0574 0.9983 -0.0003
vn -0.1182 0.9930 0.0019
vn -0.0555 0.9916 -0.1171
vn -0.0642 0.9972 -0.0378
vn -0.0358 0.9972 -0.0653
vn 0.0226 0.9900 -0.1391
vn -0.0261 0.9946 -0.1004
vn 0.0581 0.9970 -0.0520
vn -0.0844 0.9943 -0.0648
vn -0.0616 0.9964 -0.0590
vn 0.0120 0.9996 -0.0253
vn -0.0922 0.9956 -0.0166
vn -0.0899 0.9959 -0.0093
vn -0.1374 0.9897 -0.0404
vn -0.0375 0.9954 -0.0886
vn -0.0829 0.9816 -0.1722
vn -0.1352 0.9739 -0.1824
vn -0.0226 0.9956 -0.0913
vn -0.0003 0.9877 -0.1562
vn 0.0150 0.9887 -0.1494
vn 0.0652 0.9746 -0.2141
vn 0.0901 0.9777 -0.1899
vn 0.0643 0.9815 -0.1805
vn 0.0121 0.9776 -0.2103
vn -0.0612 0.9862 -0.1540
vn -0.0290 0.9868 -0.1591
vn -0.1425 0.9892 -0.0338
vn -0.1378 0.9901 -0.0256
vn -0.1655 0.9852 -0.0455
vn -0.0675 0.9969 -0.0415
vn -0.0538 0.9976 -0.0437
vn -0.0774 0.9967 -0.0252
vn 0.1027 0.9936 -0.0481
vn 0.0847 0.9932 -0.0798
vn 0.0096 0.9978 -0.0654
vn 0.0327 0.9967 -0.0738
vn -0.0570 0.9960 -0.0684
vn 0.0475 0.9987 -0.0170
vn -0.1352 0.9875 0.0812
vn -0.1273 0.9866 0.1018
vn -0.0729 0.9928 0.0954
vn -0.1370 0.9894 0.0474
vn -0.0680 0.9972 0.0322
vn -0.0946 0.9934 0.0654
vn -0.0544 0.9981 0.0301
vn -0.0557 0.9982 0.0233
vn -0.0509 0.9975 0.0492
vn -0.0977 0.9943 0.0429
vn -0.1377 0.9894 0.0471
vn -0.0895 0.9945 0.0539
vn -0.1385 0.9903 -0.0070
vn -0.1364 0.9877 -0.0760
vn -0.1379 0.9893 -0.0484
vn 0.0013 0.9999 -0.0135
vn 0.0154 0.9998 -0.0138
vn -0.0254 0.9980 -0.0584
vn -0.0692 0.9714 -0.2272
vn -0.0819 0.9679 -0.2376
vn -0.0378 0.9691 -0.2436
vn -0.0122 0.9819 -0.1892
vn -0.0498 0.9829 -0.1773
vn -0.0398 0.9789 -0.2006
vn 0.0265 0.9942 -0.1042
vn -0.0204 0.9997 -0.0127
vn -0.0752 0.9936 -0.0847
vn -0.0167 0.9974 -0.0697
vn 0.0083 0.9991 -0.0406
vn 0.0057 0.9999 -0.0135
vn -0.0082 0.9991 0.0417
vn -0.0133 0.9998 -0.0124
vn -0.0219 0.9993 0.0312
vn 0.0352 0.9991 0.0216
vn 0.0207 0.9993 0.0312
vn 0.0449 0.9988 -0.0191
vn 0.0064 0.9942 -0.1069
vn -0.0505 0.9853 -0.1631
vn -0.0025 0.9837 -0.1800
vn -0.0705 0.9956 -0.0611
vn -0.0791 0.9926 -0.0923
vn -0.0679 0.9875 -0.1426
vn -0.0861 0.9857 -0.1449
vn -0.0634 0.9920 -0.1093
vn -0.1120 0.9876 -0.1103
vn -0.0466 0.9826 -0.1797
vn -0.0688 0.9833 -0.1683
vn -0.0406 0.9825 -0.1816
vn -0.0717 0.9840 -0.1630
vn -0.0865 0.9775 -0.1924
vn -0.0782 0.9783 -0.1917
vn -0.0759 0.9884 -0.1312
vn -0.0679 0.9895 -0.1272
vn -0.0975 0.9867 -0.1299
vn -0.0611 0.9977 -0.0302
vn -0.0480 0.9988 0.0136
vn -0.1007 0.9949 -0.0026
vn -0.1212 0.9909 -0.0579
vn -0.1272 0.9904 -0.0532
vn -0.1041 0.9946 -0.0018
vn -0.1394 0.9900 0.0202
vn -0.1403 0.9885 0.0559
vn -0.1262 0.9914 0.0335
vn -0.0454 0.9990 0.0015
vn -0.0136 0.9998 0.0134
vn -0.0312 0.9988 0.0372
vn -0.0119 0.9829 -0.1836
vn -0.0072 0.9784 -0.2066
vn -0.0293 0.9809 -0.1922
vn -0.0114 0.9854 -0.1697
vn 0.0035 0.9813 -0.1925
vn -0.0194 0.9790 -0.2029
vn 0.0182 0.9865 -0.1629
vn -0.0153 0.9831 -0.1825
vn -0.0432 0.9776 -0.2060
vn 0.0263 0.9920 -0.1234
vn -0.0603 0.9938 -0.0932
vn -0.0281 0.9931 -0.1141
vn -0.0062 0.9894 -0.1453
vn -0.0018 0.9932 -0.1168
vn -0.0125 0.9916 -0.1285
vn -0.0500 0.9795 -0.1953
vn -0.0665 0.9898 -0.1260
vn -0.0390 0.9970 -0.0665
vn -0.0662 0.9964 -0.0531
vn -0.0404 0.9988 -0.0268
vn -0.0551 0.9983 -0.0188
vn 0.0153 0.9999 0.0036
vn 0.0131 0.9997 0.0201
vn -0.0343 0.9994 -0.0012
vn 0.0127 0.9998 0.0159
vn 0.0069 0.9989 -0.0465
vn 0.0026 0.9995 -0.0317
vn -0.0258 0.9989 -0.0383
vn -0.0139 0.9992 -0.0367
vn -0.0280 0.9994 -0.0205
vn -0.0252 0.9995 -0.0195
vn -0.0287 0.9912 -0.1290
vn -0.0437 0.9951 -0.0885
vn -0.0418 0.9991 0.0077
vn -0.0308 0.9995 0.0084
vn -0.0776 0.9943 -0.0729
vn -0.0659 0.9978 -0.0103
vn -0.1142 0.9925 -0.0429
vn -0.1333 0.9891 -0.0620
vn 0.0071 0.9999 0.0126
vn 0.0079 1.0000 -0.0037
vn 0.0178 0.9998 -0.0048
vn 0.1100 0.9893 0.0955
vn 0.1235 0.9907 -0.0579
vn 0.0410 0.9992 -0.0011
vn 0.0925 0.9956 0.0165
vn -0.0004 0.9996 -0.0271
vn 0.1058 0.9932 -0.0481
vn -0.0671 0.9943 -0.0828
vn -0.0721 0.9943 -0.0791
vn -0.0042 0.9955 -0.0950
vn -0.0683 0.9960 -0.0581
vn -0.0552 0.9962 -0.0670
vn -0.0837 0.9932 -0.0808
vn 0.0373 0.9909 -0.1292
vn 0.0625 0.9843 -0.1648
vn -0.0281 0.9918 -0.1243
vn 0.0468 0.9792 -0.1976
vn -0.0197 0.9837 -0.1786
vn 0.0441 0.9908 -0.1280
vn -0.0573 0.9949 -0.0828
vn -0.0682 0.9976 -0.0124
vn 0.0313 0.9982 -0.0513
vn -0.1411 0.9883 -0.0575
vn -0.1393 0.9888 -0.0539
vn -0.1338 0.9900 -0.0450
vn -0.0226 0.9911 -0.1312
vn -0.0003 0.9900 -0.1414
vn -0.0678 0.9906 -0.1190
vn 0.0498 0.9846 -0.1674
vn 0.0242 0.9923 -0.1216
vn 0.0404 0.9929 -0.1115
vn -0.0408 0.9991 0.0060
vn -0.0165 0.9995 0.0276
vn -0.0115 0.9991 0.0411
vn -0.0491 0.9982 -0.0338
vn -0.0267 0.9995 -0.0162
vn -0.0352 0.9994 0.0062
vn -0.0845 0.9921 0.0930
vn -0.0697 0.9959 0.0582
vn -0.0323 0.9957 0.0873
vn -0.0373 0.9960 0.0814
vn 0.0369 0.9950 0.0927
vn -0.0620 0.9980 0.0153
vn -0.0269 0.9989 0.0396
vn -0.0416 0.9963 -0.0750
vn -0.1002 0.9942 -0.0382
vn -0.0599 0.9959 0.0670
vn -0.0375 0.9990 -0.0235
vn -0.0529 0.9956 -0.0774
vn 0.0157 0.9888 -0.1486
vn 0.0112 0.9849 -0.1730
vn -0.0257 0.9858 -0.1658
vn 0.0098 0.9857 -0.1683
vn -0.0872 0.9926 -0.0849
vn -0.0337 0.9948 -0.0959
vn -0.0742 0.9959 -0.0520
vn -0.1036 0.9937 -0.0417
vn -0.1017 0.9929 -0.0624
vn -0.0293 0.9992 -0.0279
vn 0.0078 0.9982 -0.0586
vn -0.0067 0.9972 -0.0742
vn 0.0442 0.9846 -0.1691
vn 0.0160 0.9881 -0.1530
vn 0.0861 0.9944 -0.0608
vn 0.0514 0.9983 -0.0280
vn 0.0351 0.9977 -0.0577
vn 0.0787 0.9819 0.1723
vn 0.0742 0.9895 0.1243
vn 0.0413 0.9884 0.1462
vn -0.0169 0.9936 0.1116
vn -0.0314 0.9887 0.1468
vn -0.0188 0.9868 0.1608
vn -0.0878 0.9774 0.1923
vn -0.0940 0.9866 0.1332
vn -0.0764 0.9835 0.1639
vn -0.0080 0.9802 0.1980
vn 0.0715 0.9865 0.1476
vn 0.0111 0.9952 0.0973
vn 0.0471 0.9987 0.0169
vn -0.0137 0.9976 -0.0680
vn 0.0228 0.9964 -0.0812
vn 0.0436 0.9939 0.1017
vn 0.0946 0.9946 0.0429
vn 0.0242 0.9996 0.0169
vn 0.1165 0.9931 0.0164
vn 0.0902 0.9959 -0.0041
vn 0.0680 0.9970 -0.0361
vn 0.1553 0.9878 0.0144
vn 0.1050 0.9944 -0.0062
vn 0.1692 0.9856 -0.0037
vn 0.0084 0.9992 0.0398
vn 0.0106 0.9950 0.0991
vn 0.0106 0.9983 0.0574
vn -0.0222 0.9964 0.0816
vn -0.0368 0.9942 0.1014
vn -0.0397 0.9875 0.1528
vn -0.0201 0.9900 0.1397
vn 0.0136 0.9809 0.1940
vn 0.0292 0.9808 0.1930
vn -0.0847 0.9951 0.0517
vn -0.0829 0.9965 0.0115
vn 0.0030 0.9938 0.1109
vn -0.0389 0.9949 0.0931
vn 0.0267 0.9990 0.0366
vn -0.0250 0.9935 0.1109
vn 0.1505 0.9886 0.0080
vn 0.1387 0.9903 -0.0085
vn 0.1569 0.9872 -0.0288
vn -0.1021 0.9946 0.0168
vn -0.1025 0.9913 0.0820
vn -0.0504 0.9965 0.0666
vn -0.1484 0.9872 0.0578
vn -0.0836 0.9930 0.0830
vn -0.1486 0.9858 0.0788
vn -0.0597 0.9969 0.0515
vn -0.0839 0.9962 0.0231
vn -0.1174 0.9929 0.0207
vn 0.1204 0.9902 0.0709
vn 0.0977 0.9944 0.0391
vn 0.1414 0.9885 0.0545
vn 0.0178 0.9972 0.0731
vn -0.0056 0.9946 0.1039
vn -0.0116 0.9979 0.0643
vn -0.0444 0.9979 0.0482
vn -0.0228 0.9993 0.0282
vn 0.0078 0.9973 0.0734
vn -0.0057 1.0000 -0.0069
vn -0.0163 0.9999 -0.0053
vn -0.0430 0.9989 -0.0182
vn 0.0025 0.9999 0.0103
vn 0.0125 0.9999 0.0036
vn 0.0173 0.9997 0.0189
vn -0.0156 0.9999 0.0013
vn -0.0165 0.9999 -0.0022
vn -0.0018 1.0000 -0.0041
vn -0.0272 0.9996 -0.0020
vn -0.0211 0.9998 0.0055
vn -0.0122 0.9999 0.0108
vn 0.0116 0.9999 -0.0090
vn 0.0014 1.0000 -0.0052
vn 0.0111 0.9998 -0.0164
vn 0.0498 0.9988 -0.0011
vn 0.0485 0.9988 -0.0028
vn 0.1032 0.9946 -0.0076
vn 0.0628 0.9980 -0.0051
vn 0.0582 0.9983 -0.0035
vn 0.1023 0.9947 -0.0132
vn 0.0817 0.9967 0.0025
vn 0.0790 0.9969 -0.0026
vn 0.1370 0.9905 -0.0062
vn 0.0279 0.9995 0.0128
vn 0.0404 0.9987 0.0307
vn -0.0166 0.9999 -0.0007
vn -0.0215 0.9998 -0.0034
vn -0.0421 0.9991 -0.0096
vn -0.0302 0.9995 -0.0031
vn -0.0369 0.9993 -0.0040
vn -0.0734 0.9972 -0.0160
vn 0.0667 0.9933 0.0943
vn 0.0448 0.9969 0.0639
vn 0.0368 0.9974 0.0625
vn 0.0516 0.9957 -0.0767
vn 0.0209 0.9992 -0.0329
vn 0.0257 0.9990 -0.0353
vn 0.1338 0.9909 0.0165
vn 0.0589 0.9982 0.0065
vn 0.0696 0.9976 0.0047
vn 0.0405 0.9992 0.0057
vn 0.0172 0.9998 0.0123
vn 0.0096 0.9999 -0.0032
vn -0.0700 0.9956 0.0622
vn -0.0330 0.9988 0.0357
vn -0.0415 0.9978 0.0511
vt 1.000000 0.750000
vt 0.988637 0.755682
vt 0.988637 0.744318
vt 0.500000 1.000000
vt 0.488636 0.994318
vt 0.500000 0.988636
vt 0.000000 0.750000
vt 0.000000 0.738636
vt 0.011364 0.744318
vt 0.000000 0.250000
vt 0.011364 0.244318
vt 0.011364 0.255682
vt 0.500000 0.000000
vt 0.511364 0.005682
vt 0.500000 0.011364
vt 1.000000 0.738636
vt 1.000000 0.295455
vt 0.988637 0.289773
vt 1.000000 0.284091
vt 1.000000 0.340909
vt 0.988637 0.335227
vt 1.000000 0.329545
vt 1.000000 0.386364
vt 0.988637 0.380682
vt 1.000000 0.375000
vt 1.000000 0.431818
vt 0.988637 0.426136
vt 1.000000 0.420455
vt 1.000000 0.477273
vt 0.988637 0.471591
vt 1.000000 0.465909
vt 1.000000 0.522727
vt 0.988637 0.517045
vt 1.000000 0.511364
vt 1.000000 0.568182
vt 0.988637 0.562500
vt 1.000000 0.556818
vt 1.000000 0.613636
vt 0.988637 0.607955
vt 1.000000 0.602273
vt 1.000000 0.659091
vt 0.988637 0.653409
vt 1.000000 0.647727
vt 1.000000 0.704546
vt 0.988637 0.698864
vt 1.000000 0.693182
vt 0.988637 0.301136
vt 0.954546 0.318182
vt 0.943182 0.312500
vt 0.954546 0.306818
vt 0.988637 0.346591
vt 0.954546 0.363636
vt 0.943182 0.357955
vt 0.954546 0.352273
vt 0.943182 0.323864
vt 0.909091 0.340909
vt 0.897727 0.335227
vt 0.909091 0.329545
vt 0.988637 0.392045
vt 0.954546 0.409091
vt 0.943182 0.403409
vt 0.954546 0.397727
vt 0.943182 0.369318
vt 0.909091 0.386364
vt 0.897727 0.380682
vt 0.909091 0.375000
vt 0.897727 0.346591
vt 0.863636 0.363636
vt 0.852273 0.357955
vt 0.863636 0.352273
vt 0.988637 0.437500
vt 0.954546 0.454545
vt 0.943182 0.448864
vt 0.954546 0.443182
vt 0.943182 0.414773
vt 0.909091 0.431818
vt 0.897727 0.426136
vt 0.909091 0.420455
vt 0.897727 0.392045
vt 0.863636 0.409091
vt 0.852273 0.403409
vt 0.863636 0.397727
vt 0.852273 0.369318
vt 0.818182 0.386364
vt 0.806818 0.380682
vt 0.818182 0.375000
vt 0.988637 0.482955
vt 0.954546 0.500000
vt 0.943182 0.494318
vt 0.954546 0.488636
vt 0.943182 0.460227
vt 0.909091 0.477273
vt 0.897727 0.471591
vt 0.909091 0.465909
vt 0.897727 0.437500
vt 0.863636 0.454545
vt 0.852273 0.448864
vt 0.863636 0.443182
vt 0.852273 0.414773
vt 0.818182 0.431818
vt 0.806818 0.426136
vt 0.818182 0.420455
vt 0.806818 0.392045
vt 0.772727 0.409091
vt 0.761364 0.403409
vt 0.772727 0.397727
vt 0.988637 0.528409
vt 0.954546 0.545455
vt 0.943182 0.539773
vt 0.954546 0.534091
vt 0.943182 0.505682
vt 0.909091 0.522727
vt 0.897727 0.517045
vt 0.909091 0.511364
vt 0.897727 0.482955
vt 0.863636 0.500000
vt 0.852273 0.494318
vt 0.863636 0.488636
vt 0.852273 0.460227
vt 0.818182 0.477273
vt 0.806818 0.471591
vt 0.818182 0.465909
vt 0.806818 0.437500
vt 0.772727 0.454545
vt 0.761364 0.448864
vt 0.772727 0.443182
vt 0.761364 0.414773
vt 0.727273 0.431818
vt 0.715909 0.426136
vt 0.727273 0.420455
vt 0.988637 0.573864
vt 0.954546 0.590909
vt 0.943182 0.585227
vt 0.954546 0.579545
vt 0.943182 0.551136
vt 0.909091 0.568182
vt 0.897727 0.562500
vt 0.909091 0.556818
vt 0.897727 0.528409
vt 0.863636 0.545455
vt 0.852273 0.539773
vt 0.863636 0.534091
vt 0.852273 0.505682
vt 0.818182 0.522727
vt 0.806818 0.517045
vt 0.818182 0.511364
vt 0.806818 0.482955
vt 0.772727 0.500000
vt 0.761364 0.494318
vt 0.772727 0.488636
vt 0.761364 0.460227
vt 0.727273 0.477273
vt 0.715909 0.471591
vt 0.727273 0.465909
vt 0.715909 0.437500
vt 0.681818 0.454545
vt 0.670455 0.448864
vt 0.681818 0.443182
vt 0.988637 0.619318
vt 0.954546 0.636364
vt 0.943182 0.630682
vt 0.954546 0.625000
vt 0.943182 0.596591
vt 0.909091 0.613636
vt 0.897727 0.607955
vt 0.909091 0.602273
vt 0.897727 0.573864
vt 0.863636 0.590909
vt 0.852273 0.585227
vt 0.863636 0.579545
vt 0.852273 0.551136
vt 0.818182 0.568182
vt 0.806818 0.562500
vt 0.818182 0.556818
vt 0.806818 0.528409
vt 0.772727 0.545455
vt 0.761364 0.539773
vt 0.772727 0.534091
vt 0.761364 0.505682
vt 0.727273 0.522727
vt 0.715909 0.517045
vt 0.727273 0.511364
vt 0.715909 0.482955
vt 0.681818 0.500000
vt 0.670455 0.494318
vt 0.681818 0.488636
vt 0.670455 0.460227
vt 0.636364 0.477273
vt 0.625000 0.471591
vt 0.636364 0.465909
vt 0.988637 0.664773
vt 0.954546 0.681818
vt 0.943182 0.676137
vt 0.954546 0.670455
vt 0.943182 0.642046
vt 0.909091 0.659091
vt 0.897727 0.653409
vt 0.909091 0.647727
vt 0.897727 0.619318
vt 0.863636 0.636364
vt 0.852273 0.630682
vt 0.863636 0.625000
vt 0.852273 0.596591
vt 0.818182 0.613636
vt 0.806818 0.607955
vt 0.818182 0.602273
vt 0.806818 0.573864
vt 0.772727 0.590909
vt 0.761364 0.585227
vt 0.772727 0.579545
vt 0.761364 0.551136
vt 0.727273 0.568182
vt 0.715909 0.562500
vt 0.727273 0.556818
vt 0.715909 0.528409
vt 0.681818 0.545455
vt 0.670455 0.539773
vt 0.681818 0.534091
vt 0.670455 0.505682
vt 0.636364 0.522727
vt 0.625000 0.517045
vt 0.636364 0.511364
vt 0.625000 0.482955
vt 0.590909 0.500000
vt 0.579545 0.494318
vt 0.590909 0.488636
vt 0.988637 0.710227
vt 0.954546 0.727273
vt 0.943182 0.721591
vt 0.954546 0.715909
vt 0.943182 0.687500
vt 0.909091 0.704546
vt 0.897727 0.698864
vt 0.909091 0.693182
vt 0.897727 0.664773
vt 0.863636 0.681818
vt 0.852273 0.676137
vt 0.863636 0.670455
vt 0.852273 0.642046
vt 0.818182 0.659091
vt 0.806818 0.653409
vt 0.818182 0.647727
vt 0.806818 0.619318
vt 0.772727 0.636364
vt 0.761364 0.630682
vt 0.772727 0.625000
vt 0.761364 0.596591
vt 0.727273 0.613636
vt 0.715909 0.607955
vt 0.727273 0.602273
vt 0.715909 0.573864
vt 0.681818 0.590909
vt 0.670455 0.585227
vt 0.681818 0.579545
vt 0.670455 0.551136
vt 0.636364 0.568182
vt 0.625000 0.562500
vt 0.636364 0.556818
vt 0.625000 0.528409
vt 0.590909 0.545455
vt 0.579545 0.539773
vt 0.590909 0.534091
vt 0.579545 0.505682
vt 0.545455 0.522727
vt 0.534091 0.517045
vt 0.545455 0.511364
vt 0.500000 0.454545
vt 0.511364 0.460227
vt 0.500000 0.465909
vt 0.500000 0.409091
vt 0.511364 0.414773
vt 0.500000 0.420455
vt 0.500000 0.363636
vt 0.511364 0.369318
vt 0.500000 0.375000
vt 0.500000 0.318182
vt 0.511364 0.323864
vt 0.500000 0.329545
vt 0.500000 0.272727
vt 0.511364 0.278409
vt 0.500000 0.284091
vt 0.500000 0.227273
vt 0.511364 0.232955
vt 0.500000 0.238636
vt 0.500000 0.181818
vt 0.511364 0.187500
vt 0.500000 0.193182
vt 0.500000 0.136364
vt 0.511364 0.142045
vt 0.500000 0.147727
vt 0.500000 0.090909
vt 0.511364 0.096591
vt 0.500000 0.102273
vt 0.500000 0.045455
vt 0.511364 0.051136
vt 0.500000 0.056818
vt 0.511364 0.448864
vt 0.545455 0.431818
vt 0.556818 0.437500
vt 0.545455 0.443182
vt 0.511364 0.403409
vt 0.545455 0.386364
vt 0.556818 0.392045
vt 0.545455 0.397727
vt 0.556818 0.426136
vt 0.590909 0.409091
vt 0.602273 0.414773
vt 0.590909 0.420455
vt 0.511364 0.357955
vt 0.545455 0.340909
vt 0.556818 0.346591
vt 0.545455 0.352273
vt 0.556818 0.380682
vt 0.590909 0.363636
vt 0.602273 0.369318
vt 0.590909 0.375000
vt 0.602273 0.403409
vt 0.636364 0.386364
vt 0.647727 0.392045
vt 0.636364 0.397727
vt 0.511364 0.312500
vt 0.545455 0.295455
vt 0.556818 0.301136
vt 0.545455 0.306818
vt 0.556818 0.335227
vt 0.590909 0.318182
vt 0.602273 0.323864
vt 0.590909 0.329545
vt 0.602273 0.357955
vt 0.636364 0.340909
vt 0.647727 0.346591
vt 0.636364 0.352273
vt 0.647727 0.380682
vt 0.681818 0.363636
vt 0.693182 0.369318
vt 0.681818 0.375000
vt 0.511364 0.267045
vt 0.545455 0.250000
vt 0.556818 0.255682
vt 0.545455 0.261364
vt 0.556818 0.289773
vt 0.590909 0.272727
vt 0.602273 0.278409
vt 0.590909 0.284091
vt 0.602273 0.312500
vt 0.636364 0.295455
vt 0.647727 0.301136
vt 0.636364 0.306818
vt 0.647727 0.335227
vt 0.681818 0.318182
vt 0.693182 0.323864
vt 0.681818 0.329545
vt 0.693182 0.357955
vt 0.727273 0.340909
vt 0.738636 0.346591
vt 0.727273 0.352273
vt 0.511364 0.221591
vt 0.545455 0.204545
vt 0.556818 0.210227
vt 0.545455 0.215909
vt 0.556818 0.244318
vt 0.590909 0.227273
vt 0.602273 0.232955
vt 0.590909 0.238636
vt 0.602273 0.267045
vt 0.636364 0.250000
vt 0.647727 0.255682
vt 0.636364 0.261364
vt 0.647727 0.289773
vt 0.681818 0.272727
vt 0.693182 0.278409
vt 0.681818 0.284091
vt 0.693182 0.312500
vt 0.727273 0.295455
vt 0.738636 0.301136
vt 0.727273 0.306818
vt 0.738636 0.335227
vt 0.772727 0.318182
vt 0.784091 0.323864
vt 0.772727 0.329545
vt 0.511364 0.176136
vt 0.545455 0.159091
vt 0.556818 0.164773
vt 0.545455 0.170455
vt 0.556818 0.198864
vt 0.590909 0.181818
vt 0.602273 0.187500
vt 0.590909 0.193182
vt 0.602273 0.221591
vt 0.636364 0.204545
vt 0.647727 0.210227
vt 0.636364 0.215909
vt 0.647727 0.244318
vt 0.681818 0.227273
vt 0.693182 0.232955
vt 0.681818 0.238636
vt 0.693182 0.267045
vt 0.727273 0.250000
vt 0.738636 0.255682
vt 0.727273 0.261364
vt 0.738636 0.289773
vt 0.772727 0.272727
vt 0.784091 0.278409
vt 0.772727 0.284091
vt 0.784091 0.312500
vt 0.818182 0.295455
vt 0.829546 0.301136
vt 0.818182 0.306818
vt 0.511364 0.130682
vt 0.545455 0.113636
vt 0.556818 0.119318
vt 0.545455 0.125000
vt 0.556818 0.153409
vt 0.590909 0.136364
vt 0.602273 0.142046
vt 0.590909 0.147727
vt 0.602273 0.176136
vt 0.636364 0.159091
vt 0.647727 0.164773
vt 0.636364 0.170455
vt 0.647727 0.198864
vt 0.681818 0.181818
vt 0.693182 0.187500
vt 0.681818 0.193182
vt 0.693182 0.221591
vt 0.727273 0.204545
vt 0.738636 0.210227
vt 0.727273 0.215909
vt 0.738636 0.244318
vt 0.772727 0.227273
vt 0.784091 0.232955
vt 0.772727 0.238636
vt 0.784091 0.267045
vt 0.818182 0.250000
vt 0.829546 0.255682
vt 0.818182 0.261364
vt 0.829546 0.289773
vt 0.863636 0.272727
vt 0.875000 0.278409
vt 0.863636 0.284091
vt 0.511364 0.085227
vt 0.545455 0.068182
vt 0.556818 0.073864
vt 0.545455 0.079545
vt 0.556818 0.107955
vt 0.590909 0.090909
vt 0.602273 0.096591
vt 0.590909 0.102273
vt 0.602273 0.130682
vt 0.636364 0.113636
vt 0.647727 0.119318
vt 0.636364 0.125000
vt 0.647727 0.153409
vt 0.681818 0.136364
vt 0.693182 0.142046
vt 0.681818 0.147727
vt 0.693182 0.176136
vt 0.727273 0.159091
vt 0.738636 0.164773
vt 0.727273 0.170455
vt 0.738636 0.198864
vt 0.772727 0.181818
vt 0.784091 0.187500
vt 0.772727 0.193182
vt 0.784091 0.221591
vt 0.818182 0.204545
vt 0.829546 0.210227
vt 0.818182 0.215909
vt 0.829546 0.244318
vt 0.863636 0.227273
vt 0.875000 0.232955
vt 0.863636 0.238636
vt 0.875000 0.267045
vt 0.909091 0.250000
vt 0.920455 0.255682
vt 0.909091 0.261364
vt 0.511364 0.039773
vt 0.545455 0.022727
vt 0.556818 0.028409
vt 0.545455 0.034091
vt 0.556818 0.062500
vt 0.590909 0.045455
vt 0.602273 0.051136
vt 0.590909 0.056818
vt 0.602273 0.085227
vt 0.636364 0.068182
vt 0.647727 0.073864
vt 0.636364 0.079545
vt 0.647727 0.107955
vt 0.681818 0.090909
vt 0.693182 0.096591
vt 0.681818 0.102273
vt 0.693182 0.130682
vt 0.727273 0.113636
vt 0.738636 0.119318
vt 0.727273 0.125000
vt 0.738636 0.153409
vt 0.772727 0.136364
vt 0.784091 0.142045
vt 0.772727 0.147727
vt 0.784091 0.176136
vt 0.818182 0.159091
vt 0.829546 0.164773
vt 0.818182 0.170455
vt 0.829546 0.198864
vt 0.863636 0.181818
vt 0.875000 0.187500
vt 0.863636 0.193182
vt 0.875000 0.221591
vt 0.909091 0.204545
vt 0.920455 0.210227
vt 0.909091 0.215909
vt 0.920455 0.244318
vt 0.954546 0.227273
vt 0.965909 0.232955
vt 0.954546 0.238636
vt 0.454545 0.477273
vt 0.465909 0.471591
vt 0.465909 0.482955
vt 0.409091 0.454545
vt 0.420455 0.448864
vt 0.420455 0.460227
vt 0.363637 0.431818
vt 0.375000 0.426136
vt 0.375000 0.437500
vt 0.318182 0.409091
vt 0.329546 0.403409
vt 0.329546 0.414773
vt 0.272727 0.386364
vt 0.284091 0.380682
vt 0.284091 0.392045
vt 0.227273 0.363636
vt 0.238636 0.357955
vt 0.238636 0.369318
vt 0.181818 0.340909
vt 0.193182 0.335227
vt 0.193182 0.346591
vt 0.136364 0.318182
vt 0.147727 0.312500
vt 0.147727 0.323864
vt 0.090909 0.295455
vt 0.102273 0.289773
vt 0.102273 0.301136
vt 0.045455 0.272727
vt 0.056818 0.267045
vt 0.056818 0.278409
vt 0.454545 0.465909
vt 0.454545 0.431818
vt 0.465909 0.426136
vt 0.465909 0.437500
vt 0.409091 0.443182
vt 0.409091 0.409091
vt 0.420455 0.403409
vt 0.420455 0.414773
vt 0.454545 0.420455
vt 0.454545 0.386364
vt 0.465909 0.380682
vt 0.465909 0.392045
vt 0.363637 0.420455
vt 0.363637 0.386364
vt 0.375000 0.380682
vt 0.375000 0.392045
vt 0.409091 0.397727
vt 0.409091 0.363636
vt 0.420455 0.357955
vt 0.420455 0.369318
vt 0.454545 0.375000
vt 0.454545 0.340909
vt 0.465909 0.335227
vt 0.465909 0.346591
vt 0.318182 0.397727
vt 0.318182 0.363636
vt 0.329546 0.357955
vt 0.329546 0.369318
vt 0.363637 0.375000
vt 0.363637 0.340909
vt 0.375000 0.335227
vt 0.375000 0.346591
vt 0.409091 0.352273
vt 0.409091 0.318182
vt 0.420455 0.312500
vt 0.420455 0.323864
vt 0.454545 0.329545
vt 0.454545 0.295455
vt 0.465909 0.289773
vt 0.465909 0.301136
vt 0.272727 0.375000
vt 0.272727 0.340909
vt 0.284091 0.335227
vt 0.284091 0.346591
vt 0.318182 0.352273
vt 0.318182 0.318182
vt 0.329546 0.312500
vt 0.329546 0.323864
vt 0.363637 0.329545
vt 0.363637 0.295455
vt 0.375000 0.289773
vt 0.375000 0.301136
vt 0.409091 0.306818
vt 0.409091 0.272727
vt 0.420455 0.267045
vt 0.420455 0.278409
vt 0.454545 0.284091
vt 0.454545 0.250000
vt 0.465909 0.244318
vt 0.465909 0.255682
vt 0.227273 0.352273
vt 0.227273 0.318182
vt 0.238636 0.312500
vt 0.238636 0.323864
vt 0.272727 0.329545
vt 0.272727 0.295455
vt 0.284091 0.289773
vt 0.284091 0.301136
vt 0.318182 0.306818
vt 0.318182 0.272727
vt 0.329546 0.267045
vt 0.329546 0.278409
vt 0.363637 0.284091
vt 0.363637 0.250000
vt 0.375000 0.244318
vt 0.375000 0.255682
vt 0.409091 0.261364
vt 0.409091 0.227273
vt 0.420455 0.221591
vt 0.420455 0.232955
vt 0.454545 0.238636
vt 0.454545 0.204545
vt 0.465909 0.198864
vt 0.465909 0.210227
vt 0.181818 0.329545
vt 0.181818 0.295455
vt 0.193182 0.289773
vt 0.193182 0.301136
vt 0.227273 0.306818
vt 0.227273 0.272727
vt 0.238636 0.267045
vt 0.238636 0.278409
vt 0.272727 0.284091
vt 0.272727 0.250000
vt 0.284091 0.244318
vt 0.284091 0.255682
vt 0.318182 0.261364
vt 0.318182 0.227273
vt 0.329546 0.221591
vt 0.329546 0.232955
vt 0.363637 0.238636
vt 0.363637 0.204545
vt 0.375000 0.198864
vt 0.375000 0.210227
vt 0.409091 0.215909
vt 0.409091 0.181818
vt 0.420455 0.176136
vt 0.420455 0.187500
vt 0.454545 0.193182
vt 0.454545 0.159091
vt 0.465909 0.153409
vt 0.465909 0.164773
vt 0.136364 0.306818
vt 0.136364 0.272727
vt 0.147727 0.267045
vt 0.147727 0.278409
vt 0.181818 0.284091
vt 0.181818 0.250000
vt 0.193182 0.244318
vt 0.193182 0.255682
vt 0.227273 0.261364
vt 0.227273 0.227273
vt 0.238636 0.221591
vt 0.238636 0.232955
vt 0.272727 0.238636
vt 0.272727 0.204545
vt 0.284091 0.198864
vt 0.284091 0.210227
vt 0.318182 0.215909
vt 0.318182 0.181818
vt 0.329546 0.176136
vt 0.329546 0.187500
vt 0.363637 0.193182
vt 0.363637 0.159091
vt 0.375000 0.153409
vt 0.375000 0.164773
vt 0.409091 0.170455
vt 0.409091 0.136364
vt 0.420455 0.130682
vt 0.420455 0.142045
vt 0.454545 0.147727
vt 0.454545 0.113636
vt 0.465909 0.107955
vt 0.465909 0.119318
vt 0.090909 0.284091
vt 0.090909 0.250000
vt 0.102273 0.244318
vt 0.102273 0.255682
vt 0.136364 0.261364
vt 0.136364 0.227273
vt 0.147727 0.221591
vt 0.147727 0.232955
vt 0.181818 0.238636
vt 0.181818 0.204545
vt 0.193182 0.198864
vt 0.193182 0.210227
vt 0.227273 0.215909
vt 0.227273 0.181818
vt 0.238636 0.176136
vt 0.238636 0.187500
vt 0.272727 0.193182
vt 0.272727 0.159091
vt 0.284091 0.153409
vt 0.284091 0.164773
vt 0.318182 0.170455
vt 0.318182 0.136364
vt 0.329546 0.130682
vt 0.329546 0.142045
vt 0.363637 0.147727
vt 0.363637 0.113636
vt 0.375000 0.107955
vt 0.375000 0.119318
vt 0.409091 0.125000
vt 0.409091 0.090909
vt 0.420455 0.085227
vt 0.420455 0.096591
vt 0.454545 0.102273
vt 0.454545 0.068182
vt 0.465909 0.062500
vt 0.465909 0.073864
vt 0.045455 0.261364
vt 0.045455 0.227273
vt 0.056818 0.221591
vt 0.056818 0.232955
vt 0.090909 0.238636
vt 0.090909 0.204545
vt 0.102273 0.198864
vt 0.102273 0.210227
vt 0.136364 0.215909
vt 0.136364 0.181818
vt 0.147727 0.176136
vt 0.147727 0.187500
vt 0.181818 0.193182
vt 0.181818 0.159091
vt 0.193182 0.153409
vt 0.193182 0.164773
vt 0.227273 0.170455
vt 0.227273 0.136364
vt 0.238636 0.130682
vt 0.238636 0.142046
vt 0.272727 0.147727
vt 0.272727 0.113636
vt 0.284091 0.107955
vt 0.284091 0.119318
vt 0.318182 0.125000
vt 0.318182 0.090909
vt 0.329546 0.085227
vt 0.329546 0.096591
vt 0.363637 0.102273
vt 0.363637 0.068182
vt 0.375000 0.062500
vt 0.375000 0.073864
vt 0.409091 0.079545
vt 0.409091 0.045455
vt 0.420455 0.039773
vt 0.420455 0.051136
vt 0.454545 0.056818
vt 0.454545 0.022727
vt 0.465909 0.017045
vt 0.465909 0.028409
vt 0.454545 0.522727
vt 0.454545 0.511364
vt 0.465909 0.517045
vt 0.409091 0.545455
vt 0.409091 0.534091
vt 0.420455 0.539773
vt 0.363637 0.568182
vt 0.363637 0.556818
vt 0.375000 0.562500
vt 0.318182 0.590909
vt 0.318182 0.579545
vt 0.329546 0.585227
vt 0.272727 0.613636
vt 0.272727 0.602273
vt 0.284091 0.607955
vt 0.227273 0.636364
vt 0.227273 0.625000
vt 0.238636 0.630682
vt 0.181818 0.659091
vt 0.181818 0.647727
vt 0.193182 0.653409
vt 0.136364 0.681818
vt 0.136364 0.670455
vt 0.147727 0.676137
vt 0.090909 0.704546
vt 0.090909 0.693182
vt 0.102273 0.698864
vt 0.045455 0.727273
vt 0.045455 0.715909
vt 0.056818 0.721591
vt 0.443182 0.517045
vt 0.409091 0.500000
vt 0.409091 0.488636
vt 0.420455 0.494318
vt 0.397727 0.539773
vt 0.363637 0.522727
vt 0.363637 0.511364
vt 0.375000 0.517045
vt 0.397727 0.494318
vt 0.363637 0.477273
vt 0.363637 0.465909
vt 0.375000 0.471591
vt 0.352273 0.562500
vt 0.318182 0.545455
vt 0.318182 0.534091
vt 0.329546 0.539773
vt 0.352273 0.517045
vt 0.318182 0.500000
vt 0.318182 0.488636
vt 0.329546 0.494318
vt 0.352273 0.471591
vt 0.318182 0.454545
vt 0.318182 0.443182
vt 0.329546 0.448864
vt 0.306818 0.585227
vt 0.272727 0.568182
vt 0.272727 0.556818
vt 0.284091 0.562500
vt 0.306818 0.539773
vt 0.272727 0.522727
vt 0.272727 0.511364
vt 0.284091 0.517045
vt 0.306818 0.494318
vt 0.272727 0.477273
vt 0.272727 0.465909
vt 0.284091 0.471591
vt 0.306818 0.448864
vt 0.272727 0.431818
vt 0.272727 0.420455
vt 0.284091 0.426136
vt 0.261364 0.607955
vt 0.227273 0.590909
vt 0.227273 0.579545
vt 0.238636 0.585227
vt 0.261364 0.562500
vt 0.227273 0.545455
vt 0.227273 0.534091
vt 0.238636 0.539773
vt 0.261364 0.517045
vt 0.227273 0.500000
vt 0.227273 0.488636
vt 0.238636 0.494318
vt 0.261364 0.471591
vt 0.227273 0.454545
vt 0.227273 0.443182
vt 0.238636 0.448864
vt 0.261364 0.426136
vt 0.227273 0.409091
vt 0.227273 0.397727
vt 0.238636 0.403409
vt 0.215909 0.630682
vt 0.181818 0.613636
vt 0.181818 0.602273
vt 0.193182 0.607955
vt 0.215909 0.585227
vt 0.181818 0.568182
vt 0.181818 0.556818
vt 0.193182 0.562500
vt 0.215909 0.539773
vt 0.181818 0.522727
vt 0.181818 0.511364
vt 0.193182 0.517045
vt 0.215909 0.494318
vt 0.181818 0.477273
vt 0.181818 0.465909
vt 0.193182 0.471591
vt 0.215909 0.448864
vt 0.181818 0.431818
vt 0.181818 0.420455
vt 0.193182 0.426136
vt 0.215909 0.403409
vt 0.181818 0.386364
vt 0.181818 0.375000
vt 0.193182 0.380682
vt 0.170455 0.653409
vt 0.136364 0.636364
vt 0.136364 0.625000
vt 0.147727 0.630682
vt 0.170455 0.607955
vt 0.136364 0.590909
vt 0.136364 0.579545
vt 0.147727 0.585227
vt 0.170455 0.562500
vt 0.136364 0.545455
vt 0.136364 0.534091
vt 0.147727 0.539773
vt 0.170455 0.517045
vt 0.136364 0.500000
vt 0.136364 0.488636
vt 0.147727 0.494318
vt 0.170455 0.471591
vt 0.136364 0.454545
vt 0.136364 0.443182
vt 0.147727 0.448864
vt 0.170455 0.426136
vt 0.136364 0.409091
vt 0.136364 0.397727
vt 0.147727 0.403409
vt 0.170455 0.380682
vt 0.136364 0.363636
vt 0.136364 0.352273
vt 0.147727 0.357955
vt 0.125000 0.676137
vt 0.090909 0.659091
vt 0.090909 0.647727
vt 0.102273 0.653409
vt 0.125000 0.630682
vt 0.090909 0.613636
vt 0.090909 0.602273
vt 0.102273 0.607955
vt 0.125000 0.585227
vt 0.090909 0.568182
vt 0.090909 0.556818
vt 0.102273 0.562500
vt 0.125000 0.539773
vt 0.090909 0.522727
vt 0.090909 0.511364
vt 0.102273 0.517045
vt 0.125000 0.494318
vt 0.090909 0.477273
vt 0.090909 0.465909
vt 0.102273 0.471591
vt 0.125000 0.448864
vt 0.090909 0.431818
vt 0.090909 0.420455
vt 0.102273 0.426136
vt 0.125000 0.403409
vt 0.090909 0.386364
vt 0.090909 0.375000
vt 0.102273 0.380682
vt 0.125000 0.357955
vt 0.090909 0.340909
vt 0.090909 0.329545
vt 0.102273 0.335227
vt 0.079546 0.698864
vt 0.045455 0.681818
vt 0.045455 0.670455
vt 0.056818 0.676136
vt 0.079546 0.653409
vt 0.045455 0.636364
vt 0.045455 0.625000
vt 0.056818 0.630682
vt 0.079546 0.607955
vt 0.045455 0.590909
vt 0.045455 0.579545
vt 0.056818 0.585227
vt 0.079546 0.562500
vt 0.045455 0.545455
vt 0.045455 0.534091
vt 0.056818 0.539773
vt 0.079546 0.517045
vt 0.045455 0.500000
vt 0.045455 0.488636
vt 0.056818 0.494318
vt 0.079546 0.471591
vt 0.045455 0.454545
vt 0.045455 0.443182
vt 0.056818 0.448864
vt 0.079546 0.426136
vt 0.045455 0.409091
vt 0.045455 0.397727
vt 0.056818 0.403409
vt 0.079546 0.380682
vt 0.045455 0.363636
vt 0.045455 0.352273
vt 0.056818 0.357955
vt 0.079546 0.335227
vt 0.045455 0.318182
vt 0.045455 0.306818
vt 0.056818 0.312500
vt 0.034091 0.721591
vt 0.000000 0.704546
vt 0.000000 0.693182
vt 0.011364 0.698864
vt 0.034091 0.676136
vt 0.000000 0.659091
vt 0.000000 0.647727
vt 0.011364 0.653409
vt 0.034091 0.630682
vt 0.000000 0.613636
vt 0.000000 0.602273
vt 0.011364 0.607955
vt 0.034091 0.585227
vt 0.000000 0.568182
vt 0.000000 0.556818
vt 0.011364 0.562500
vt 0.034091 0.539773
vt 0.000000 0.522727
vt 0.000000 0.511364
vt 0.011364 0.517045
vt 0.034091 0.494318
vt 0.000000 0.477273
vt 0.000000 0.465909
vt 0.011364 0.471591
vt 0.034091 0.448864
vt 0.000000 0.431818
vt 0.000000 0.420455
vt 0.011364 0.426136
vt 0.034091 0.403409
vt 0.000000 0.386364
vt 0.000000 0.375000
vt 0.011364 0.380682
vt 0.034091 0.357955
vt 0.000000 0.340909
vt 0.000000 0.329545
vt 0.011364 0.335227
vt 0.034091 0.312500
vt 0.000000 0.295455
vt 0.000000 0.284091
vt 0.011364 0.289773
vt 0.500000 0.545455
vt 0.488636 0.539773
vt 0.500000 0.534091
vt 0.500000 0.590909
vt 0.488636 0.585227
vt 0.500000 0.579545
vt 0.500000 0.636364
vt 0.488636 0.630682
vt 0.500000 0.625000
vt 0.500000 0.681818
vt 0.488636 0.676136
vt 0.500000 0.670455
vt 0.500000 0.727273
vt 0.488636 0.721591
vt 0.500000 0.715909
vt 0.500000 0.772727
vt 0.488636 0.767046
vt 0.500000 0.761364
vt 0.500000 0.818182
vt 0.488636 0.812500
vt 0.500000 0.806818
vt 0.500000 0.863636
vt 0.488636 0.857955
vt 0.500000 0.852273
vt 0.500000 0.909091
vt 0.488636 0.903409
vt 0.500000 0.897727
vt 0.500000 0.954545
vt 0.488636 0.948864
vt 0.500000 0.943182
vt 0.488636 0.551136
vt 0.454545 0.568182
vt 0.443182 0.562500
vt 0.454545 0.556818
vt 0.488636 0.596591
vt 0.454545 0.613636
vt 0.443182 0.607955
vt 0.454545 0.602273
vt 0.443182 0.573864
vt 0.409091 0.590909
vt 0.397727 0.585227
vt 0.409091 0.579545
vt 0.488636 0.642045
vt 0.454545 0.659091
vt 0.443182 0.653409
vt 0.454545 0.647727
vt 0.443182 0.619318
vt 0.409091 0.636364
vt 0.397727 0.630682
vt 0.409091 0.625000
vt 0.397727 0.596591
vt 0.363637 0.613636
vt 0.352273 0.607955
vt 0.363637 0.602273
vt 0.488636 0.687500
vt 0.454545 0.704545
vt 0.443182 0.698864
vt 0.454545 0.693182
vt 0.443182 0.664773
vt 0.409091 0.681818
vt 0.397727 0.676136
vt 0.409091 0.670455
vt 0.397727 0.642045
vt 0.363637 0.659091
vt 0.352273 0.653409
vt 0.363637 0.647727
vt 0.352273 0.619318
vt 0.318182 0.636364
vt 0.306818 0.630682
vt 0.318182 0.625000
vt 0.488636 0.732955
vt 0.454545 0.750000
vt 0.443182 0.744318
vt 0.454545 0.738636
vt 0.443182 0.710227
vt 0.409091 0.727273
vt 0.397727 0.721591
vt 0.409091 0.715909
vt 0.397727 0.687500
vt 0.363637 0.704545
vt 0.352273 0.698864
vt 0.363637 0.693182
vt 0.352273 0.664773
vt 0.318182 0.681818
vt 0.306818 0.676136
vt 0.318182 0.670455
vt 0.306818 0.642045
vt 0.272727 0.659091
vt 0.261364 0.653409
vt 0.272727 0.647727
vt 0.488636 0.778409
vt 0.454545 0.795455
vt 0.443182 0.789773
vt 0.454545 0.784091
vt 0.443182 0.755682
vt 0.409091 0.772727
vt 0.397727 0.767046
vt 0.409091 0.761364
vt 0.397727 0.732955
vt 0.363636 0.750000
vt 0.352273 0.744318
vt 0.363636 0.738636
vt 0.352273 0.710227
vt 0.318182 0.727273
vt 0.306818 0.721591
vt 0.318182 0.715909
vt 0.306818 0.687500
vt 0.272727 0.704546
vt 0.261364 0.698864
vt 0.272727 0.693182
vt 0.261364 0.664773
vt 0.227273 0.681818
vt 0.215909 0.676137
vt 0.227273 0.670455
vt 0.488636 0.823864
vt 0.454545 0.840909
vt 0.443182 0.835227
vt 0.454545 0.829545
vt 0.443182 0.801136
vt 0.409091 0.818182
vt 0.397727 0.812500
vt 0.409091 0.806818
vt 0.397727 0.778409
vt 0.363637 0.795455
vt 0.352273 0.789773
vt 0.363636 0.784091
vt 0.352273 0.755682
vt 0.318182 0.772727
vt 0.306818 0.767046
vt 0.318182 0.761364
vt 0.306818 0.732955
vt 0.272727 0.750000
vt 0.261364 0.744318
vt 0.272727 0.738636
vt 0.261364 0.710227
vt 0.227273 0.727273
vt 0.215909 0.721591
vt 0.227273 0.715909
vt 0.215909 0.687500
vt 0.181818 0.704546
vt 0.170455 0.698864
vt 0.181818 0.693182
vt 0.488636 0.869318
vt 0.454545 0.886364
vt 0.443182 0.880682
vt 0.454545 0.875000
vt 0.443182 0.846591
vt 0.409091 0.863636
vt 0.397727 0.857955
vt 0.409091 0.852273
vt 0.397727 0.823864
vt 0.363637 0.840909
vt 0.352273 0.835227
vt 0.363637 0.829545
vt 0.352273 0.801136
vt 0.318182 0.818182
vt 0.306818 0.812500
vt 0.318182 0.806818
vt 0.306818 0.778409
vt 0.272727 0.795455
vt 0.261364 0.789773
vt 0.272727 0.784091
vt 0.261364 0.755682
vt 0.227273 0.772727
vt 0.215909 0.767046
vt 0.227273 0.761364
vt 0.215909 0.732955
vt 0.181818 0.750000
vt 0.170455 0.744318
vt 0.181818 0.738636
vt 0.170455 0.710227
vt 0.136364 0.727273
vt 0.125000 0.721591
vt 0.136364 0.715909
vt 0.488636 0.914773
vt 0.454545 0.931818
vt 0.443182 0.926136
vt 0.454545 0.920455
vt 0.443182 0.892045
vt 0.409091 0.909091
vt 0.397727 0.903409
vt 0.409091 0.897727
vt 0.397727 0.869318
vt 0.363637 0.886364
vt 0.352273 0.880682
vt 0.363637 0.875000
vt 0.352273 0.846591
vt 0.318182 0.863636
vt 0.306818 0.857955
vt 0.318182 0.852273
vt 0.306818 0.823864
vt 0.272727 0.840909
vt 0.261364 0.835227
vt 0.272727 0.829545
vt 0.261364 0.801136
vt 0.227273 0.818182
vt 0.215909 0.812500
vt 0.227273 0.806818
vt 0.215909 0.778409
vt 0.181818 0.795455
vt 0.170455 0.789773
vt 0.181818 0.784091
vt 0.170455 0.755682
vt 0.136364 0.772727
vt 0.125000 0.767046
vt 0.136364 0.761364
vt 0.125000 0.732955
vt 0.090909 0.750000
vt 0.079546 0.744318
vt 0.090909 0.738636
vt 0.488636 0.960227
vt 0.454545 0.977273
vt 0.443182 0.971591
vt 0.454545 0.965909
vt 0.443182 0.937500
vt 0.409091 0.954546
vt 0.397727 0.948864
vt 0.409091 0.943182
vt 0.397727 0.914773
vt 0.363637 0.931818
vt 0.352273 0.926136
vt 0.363637 0.920455
vt 0.352273 0.892045
vt 0.318182 0.909091
vt 0.306818 0.903409
vt 0.318182 0.897727
vt 0.306818 0.869318
vt 0.272727 0.886364
vt 0.261364 0.880682
vt 0.272727 0.875000
vt 0.261364 0.846591
vt 0.227273 0.863636
vt 0.215909 0.857955
vt 0.227273 0.852273
vt 0.215909 0.823864
vt 0.181818 0.840909
vt 0.170455 0.835227
vt 0.181818 0.829545
vt 0.170455 0.801136
vt 0.136364 0.818182
vt 0.125000 0.812500
vt 0.136364 0.806818
vt 0.125000 0.778409
vt 0.090909 0.795455
vt 0.079546 0.789773
vt 0.090909 0.784091
vt 0.079546 0.755682
vt 0.045455 0.772727
vt 0.034091 0.767046
vt 0.045455 0.761364
vt 0.534091 0.528409
vt 0.579545 0.551136
vt 0.625000 0.573864
vt 0.670455 0.596591
vt 0.715909 0.619318
vt 0.761364 0.642046
vt 0.806818 0.664773
vt 0.852273 0.687500
vt 0.897727 0.710227
vt 0.943182 0.732955
vt 0.545455 0.534091
vt 0.545455 0.568182
vt 0.534091 0.573864
vt 0.534091 0.562500
vt 0.590909 0.556818
vt 0.590909 0.590909
vt 0.579545 0.596591
vt 0.579545 0.585227
vt 0.545455 0.579545
vt 0.545455 0.613636
vt 0.534091 0.619318
vt 0.534091 0.607955
vt 0.636364 0.579545
vt 0.636364 0.613636
vt 0.625000 0.619318
vt 0.625000 0.607955
vt 0.590909 0.602273
vt 0.590909 0.636364
vt 0.579545 0.642045
vt 0.579545 0.630682
vt 0.545455 0.625000
vt 0.545455 0.659091
vt 0.534091 0.664773
vt 0.534091 0.653409
vt 0.681818 0.602273
vt 0.681818 0.636364
vt 0.670455 0.642046
vt 0.670455 0.630682
vt 0.636364 0.625000
vt 0.636364 0.659091
vt 0.625000 0.664773
vt 0.625000 0.653409
vt 0.590909 0.647727
vt 0.590909 0.681818
vt 0.579545 0.687500
vt 0.579545 0.676136
vt 0.545455 0.670455
vt 0.545455 0.704545
vt 0.534091 0.710227
vt 0.534091 0.698864
vt 0.727273 0.625000
vt 0.727273 0.659091
vt 0.715909 0.664773
vt 0.715909 0.653409
vt 0.681818 0.647727
vt 0.681818 0.681818
vt 0.670455 0.687500
vt 0.670455 0.676136
vt 0.636364 0.670455
vt 0.636364 0.704545
vt 0.625000 0.710227
vt 0.625000 0.698864
vt 0.590909 0.693182
vt 0.590909 0.727273
vt 0.579545 0.732955
vt 0.579545 0.721591
vt 0.545455 0.715909
vt 0.545455 0.750000
vt 0.534091 0.755682
vt 0.534091 0.744318
vt 0.772727 0.647727
vt 0.772727 0.681818
vt 0.761364 0.687500
vt 0.761364 0.676137
vt 0.727273 0.670455
vt 0.727273 0.704546
vt 0.715909 0.710227
vt 0.715909 0.698864
vt 0.681818 0.693182
vt 0.681818 0.727273
vt 0.670455 0.732955
vt 0.670455 0.721591
vt 0.636364 0.715909
vt 0.636364 0.750000
vt 0.625000 0.755682
vt 0.625000 0.744318
vt 0.590909 0.738636
vt 0.590909 0.772727
vt 0.579545 0.778409
vt 0.579545 0.767046
vt 0.545455 0.761364
vt 0.545455 0.795455
vt 0.534091 0.801136
vt 0.534091 0.789773
vt 0.818182 0.670455
vt 0.818182 0.704546
vt 0.806818 0.710227
vt 0.806818 0.698864
vt 0.772727 0.693182
vt 0.772727 0.727273
vt 0.761364 0.732955
vt 0.761364 0.721591
vt 0.727273 0.715909
vt 0.727273 0.750000
vt 0.715909 0.755682
vt 0.715909 0.744318
vt 0.681818 0.738636
vt 0.681818 0.772727
vt 0.670455 0.778409
vt 0.670455 0.767046
vt 0.636364 0.761364
vt 0.636364 0.795455
vt 0.625000 0.801136
vt 0.625000 0.789773
vt 0.590909 0.784091
vt 0.590909 0.818182
vt 0.579545 0.823864
vt 0.579545 0.812500
vt 0.545455 0.806818
vt 0.545455 0.840909
vt 0.534091 0.846591
vt 0.534091 0.835227
vt 0.863636 0.693182
vt 0.863636 0.727273
vt 0.852273 0.732955
vt 0.852273 0.721591
vt 0.818182 0.715909
vt 0.818182 0.750000
vt 0.806818 0.755682
vt 0.806818 0.744318
vt 0.772727 0.738636
vt 0.772727 0.772727
vt 0.761364 0.778409
vt 0.761364 0.767046
vt 0.727273 0.761364
vt 0.727273 0.795455
vt 0.715909 0.801136
vt 0.715909 0.789773
vt 0.681818 0.784091
vt 0.681818 0.818182
vt 0.670455 0.823864
vt 0.670455 0.812500
vt 0.636364 0.806818
vt 0.636364 0.840909
vt 0.625000 0.846591
vt 0.625000 0.835227
vt 0.590909 0.829546
vt 0.590909 0.863636
vt 0.579545 0.869318
vt 0.579545 0.857955
vt 0.545455 0.852273
vt 0.545455 0.886364
vt 0.534091 0.892045
vt 0.534091 0.880682
vt 0.909091 0.715909
vt 0.909091 0.750000
vt 0.897727 0.755682
vt 0.897727 0.744318
vt 0.863636 0.738636
vt 0.863636 0.772727
vt 0.852273 0.778409
vt 0.852273 0.767046
vt 0.818182 0.761364
vt 0.818182 0.795455
vt 0.806818 0.801136
vt 0.806818 0.789773
vt 0.772727 0.784091
vt 0.772727 0.818182
vt 0.761364 0.823864
vt 0.761364 0.812500
vt 0.727273 0.806818
vt 0.727273 0.840909
vt 0.715909 0.846591
vt 0.715909 0.835227
vt 0.681818 0.829546
vt 0.681818 0.863636
vt 0.670455 0.869318
vt 0.670455 0.857955
vt 0.636364 0.852273
vt 0.636364 0.886364
vt 0.625000 0.892045
vt 0.625000 0.880682
vt 0.590909 0.875000
vt 0.590909 0.909091
vt 0.579545 0.914773
vt 0.579545 0.903409
vt 0.545455 0.897727
vt 0.545455 0.931818
vt 0.534091 0.937500
vt 0.534091 0.926136
vt 0.954546 0.738636
vt 0.954546 0.772727
vt 0.943182 0.778409
vt 0.943182 0.767046
vt 0.909091 0.761364
vt 0.909091 0.795455
vt 0.897727 0.801136
vt 0.897727 0.789773
vt 0.863636 0.784091
vt 0.863636 0.818182
vt 0.852273 0.823864
vt 0.852273 0.812500
vt 0.818182 0.806818
vt 0.818182 0.840909
vt 0.806818 0.846591
vt 0.806818 0.835227
vt 0.772727 0.829545
vt 0.772727 0.863636
vt 0.761364 0.869318
vt 0.761364 0.857955
vt 0.727273 0.852273
vt 0.727273 0.886364
vt 0.715909 0.892045
vt 0.715909 0.880682
vt 0.681818 0.875000
vt 0.681818 0.909091
vt 0.670455 0.914773
vt 0.670455 0.903409
vt 0.636364 0.897727
vt 0.636364 0.931818
vt 0.625000 0.937500
vt 0.625000 0.926136
vt 0.590909 0.920455
vt 0.590909 0.954545
vt 0.579545 0.960227
vt 0.579545 0.948864
vt 0.545455 0.943182
vt 0.545455 0.977273
vt 0.534091 0.982955
vt 0.534091 0.971591
vt 0.522727 0.965909
vt 0.511364 0.971591
vt 0.511364 0.960227
vt 0.522727 0.977273
vt 0.522727 0.988636
vt 0.511364 0.994318
vt 0.511364 0.982955
vt 0.522727 0.943182
vt 0.522727 0.954545
vt 0.511364 0.948864
vt 0.534091 0.948864
vt 0.545455 0.954545
vt 0.545455 0.965909
vt 0.534091 0.960227
vt 0.568182 0.943182
vt 0.556818 0.948864
vt 0.556818 0.937500
vt 0.568182 0.954545
vt 0.568182 0.965909
vt 0.556818 0.971591
vt 0.556818 0.960227
vt 0.568182 0.920455
vt 0.568182 0.931818
vt 0.556818 0.926136
vt 0.579545 0.926136
vt 0.590909 0.931818
vt 0.590909 0.943182
vt 0.579545 0.937500
vt 0.613637 0.920455
vt 0.602273 0.926136
vt 0.602273 0.914773
vt 0.613637 0.931818
vt 0.613637 0.943182
vt 0.602273 0.948864
vt 0.602273 0.937500
vt 0.613637 0.897727
vt 0.613637 0.909091
vt 0.602273 0.903409
vt 0.625000 0.903409
vt 0.636364 0.909091
vt 0.636364 0.920455
vt 0.625000 0.914773
vt 0.659091 0.897727
vt 0.647727 0.903409
vt 0.647727 0.892045
vt 0.659091 0.909091
vt 0.659091 0.920455
vt 0.647727 0.926136
vt 0.647727 0.914773
vt 0.659091 0.875000
vt 0.659091 0.886364
vt 0.647727 0.880682
vt 0.670455 0.880682
vt 0.681818 0.886364
vt 0.681818 0.897727
vt 0.670455 0.892045
vt 0.704545 0.875000
vt 0.693182 0.880682
vt 0.693182 0.869318
vt 0.704545 0.886364
vt 0.704545 0.897727
vt 0.693182 0.903409
vt 0.693182 0.892045
vt 0.704545 0.852273
vt 0.704545 0.863636
vt 0.693182 0.857955
vt 0.715909 0.857955
vt 0.727273 0.863636
vt 0.727273 0.875000
vt 0.715909 0.869318
vt 0.750000 0.852273
vt 0.738636 0.857955
vt 0.738636 0.846591
vt 0.750000 0.863636
vt 0.750000 0.875000
vt 0.738636 0.880682
vt 0.738636 0.869318
vt 0.750000 0.829545
vt 0.750000 0.840909
vt 0.738636 0.835227
vt 0.761364 0.835227
vt 0.772727 0.840909
vt 0.772727 0.852273
vt 0.761364 0.846591
vt 0.795455 0.829545
vt 0.784091 0.835227
vt 0.784091 0.823864
vt 0.795455 0.840909
vt 0.795455 0.852273
vt 0.784091 0.857955
vt 0.784091 0.846591
vt 0.795455 0.806818
vt 0.795455 0.818182
vt 0.784091 0.812500
vt 0.806818 0.812500
vt 0.818182 0.818182
vt 0.818182 0.829545
vt 0.806818 0.823864
vt 0.840909 0.806818
vt 0.829546 0.812500
vt 0.829546 0.801136
vt 0.840909 0.818182
vt 0.840909 0.829545
vt 0.829546 0.835227
vt 0.829546 0.823864
vt 0.840909 0.784091
vt 0.840909 0.795455
vt 0.829546 0.789773
vt 0.852273 0.789773
vt 0.863636 0.795455
vt 0.863636 0.806818
vt 0.852273 0.801136
vt 0.886364 0.784091
vt 0.875000 0.789773
vt 0.875000 0.778409
vt 0.886364 0.795455
vt 0.886364 0.806818
vt 0.875000 0.812500
vt 0.875000 0.801136
vt 0.886364 0.761364
vt 0.886364 0.772727
vt 0.875000 0.767046
vt 0.897727 0.767046
vt 0.909091 0.772727
vt 0.909091 0.784091
vt 0.897727 0.778409
vt 0.931818 0.761364
vt 0.920455 0.767046
vt 0.920455 0.755682
vt 0.931818 0.772727
vt 0.931818 0.784091
vt 0.920455 0.789773
vt 0.920455 0.778409
vt 0.931818 0.738636
vt 0.931818 0.750000
vt 0.920455 0.744318
vt 0.943182 0.744318
vt 0.954546 0.750000
vt 0.954546 0.761364
vt 0.943182 0.755682
vt 0.522727 0.920455
vt 0.511364 0.926136
vt 0.511364 0.914773
vt 0.522727 0.931818
vt 0.511364 0.937500
vt 0.522727 0.897727
vt 0.522727 0.909091
vt 0.511364 0.903409
vt 0.534091 0.903409
vt 0.545455 0.909091
vt 0.545455 0.920455
vt 0.534091 0.914773
vt 0.568182 0.897727
vt 0.556818 0.903409
vt 0.556818 0.892045
vt 0.568182 0.909091
vt 0.556818 0.914773
vt 0.568182 0.875000
vt 0.568182 0.886364
vt 0.556818 0.880682
vt 0.579545 0.880682
vt 0.590909 0.886364
vt 0.590909 0.897727
vt 0.579545 0.892045
vt 0.613637 0.875000
vt 0.602273 0.880682
vt 0.602273 0.869318
vt 0.613637 0.886364
vt 0.602273 0.892045
vt 0.613637 0.852273
vt 0.613637 0.863636
vt 0.602273 0.857955
vt 0.625000 0.857955
vt 0.636364 0.863636
vt 0.636364 0.875000
vt 0.625000 0.869318
vt 0.659091 0.852273
vt 0.647727 0.857955
vt 0.647727 0.846591
vt 0.659091 0.863636
vt 0.647727 0.869318
vt 0.659091 0.829546
vt 0.659091 0.840909
vt 0.647727 0.835227
vt 0.670455 0.835227
vt 0.681818 0.840909
vt 0.681818 0.852273
vt 0.670455 0.846591
vt 0.704545 0.829545
vt 0.693182 0.835227
vt 0.693182 0.823864
vt 0.704545 0.840909
vt 0.693182 0.846591
vt 0.704545 0.806818
vt 0.704545 0.818182
vt 0.693182 0.812500
vt 0.715909 0.812500
vt 0.727273 0.818182
vt 0.727273 0.829545
vt 0.715909 0.823864
vt 0.750000 0.806818
vt 0.738636 0.812500
vt 0.738636 0.801136
vt 0.750000 0.818182
vt 0.738636 0.823864
vt 0.750000 0.784091
vt 0.750000 0.795455
vt 0.738636 0.789773
vt 0.761364 0.789773
vt 0.772727 0.795455
vt 0.772727 0.806818
vt 0.761364 0.801136
vt 0.795455 0.784091
vt 0.784091 0.789773
vt 0.784091 0.778409
vt 0.795455 0.795455
vt 0.784091 0.801136
vt 0.795455 0.761364
vt 0.795455 0.772727
vt 0.784091 0.767046
vt 0.806818 0.767046
vt 0.818182 0.772727
vt 0.818182 0.784091
vt 0.806818 0.778409
vt 0.840909 0.761364
vt 0.829546 0.767046
vt 0.829546 0.755682
vt 0.840909 0.772727
vt 0.829546 0.778409
vt 0.840909 0.738636
vt 0.840909 0.750000
vt 0.829546 0.744318
vt 0.852273 0.744318
vt 0.863636 0.750000
vt 0.863636 0.761364
vt 0.852273 0.755682
vt 0.886364 0.738636
vt 0.875000 0.744318
vt 0.875000 0.732955
vt 0.886364 0.750000
vt 0.875000 0.755682
vt 0.886364 0.715909
vt 0.886364 0.727273
vt 0.875000 0.721591
vt 0.897727 0.721591
vt 0.909091 0.727273
vt 0.909091 0.738636
vt 0.897727 0.732955
vt 0.522727 0.875000
vt 0.511364 0.880682
vt 0.511364 0.869318
vt 0.522727 0.886364
vt 0.511364 0.892045
vt 0.522727 0.852273
vt 0.522727 0.863636
vt 0.511364 0.857955
vt 0.534091 0.857955
vt 0.545455 0.863636
vt 0.545455 0.875000
vt 0.534091 0.869318
vt 0.568182 0.852273
vt 0.556818 0.857955
vt 0.556818 0.846591
vt 0.568182 0.863636
vt 0.556818 0.869318
vt 0.568182 0.829546
vt 0.568182 0.840909
vt 0.556818 0.835227
vt 0.579545 0.835227
vt 0.590909 0.840909
vt 0.590909 0.852273
vt 0.579545 0.846591
vt 0.613637 0.829546
vt 0.602273 0.835227
vt 0.602273 0.823864
vt 0.613637 0.840909
vt 0.602273 0.846591
vt 0.613637 0.806818
vt 0.613637 0.818182
vt 0.602273 0.812500
vt 0.625000 0.812500
vt 0.636364 0.818182
vt 0.636364 0.829546
vt 0.625000 0.823864
vt 0.659091 0.806818
vt 0.647727 0.812500
vt 0.647727 0.801136
vt 0.659091 0.818182
vt 0.647727 0.823864
vt 0.659091 0.784091
vt 0.659091 0.795455
vt 0.647727 0.789773
vt 0.670455 0.789773
vt 0.681818 0.795455
vt 0.681818 0.806818
vt 0.670455 0.801136
vt 0.704545 0.784091
vt 0.693182 0.789773
vt 0.693182 0.778409
vt 0.704545 0.795455
vt 0.693182 0.801136
vt 0.704545 0.761364
vt 0.704545 0.772727
vt 0.693182 0.767046
vt 0.715909 0.767046
vt 0.727273 0.772727
vt 0.727273 0.784091
vt 0.715909 0.778409
vt 0.750000 0.761364
vt 0.738636 0.767046
vt 0.738636 0.755682
vt 0.750000 0.772727
vt 0.738636 0.778409
vt 0.750000 0.738636
vt 0.750000 0.750000
vt 0.738636 0.744318
vt 0.761364 0.744318
vt 0.772727 0.750000
vt 0.772727 0.761364
vt 0.761364 0.755682
vt 0.795455 0.738636
vt 0.784091 0.744318
vt 0.784091 0.732955
vt 0.795455 0.750000
vt 0.784091 0.755682
vt 0.795455 0.715909
vt 0.795455 0.727273
vt 0.784091 0.721591
vt 0.806818 0.721591
vt 0.818182 0.727273
vt 0.818182 0.738636
vt 0.806818 0.732955
vt 0.840909 0.715909
vt 0.829546 0.721591
vt 0.829546 0.710227
vt 0.840909 0.727273
vt 0.829546 0.732955
vt 0.840909 0.693182
vt 0.840909 0.704546
vt 0.829546 0.698864
vt 0.852273 0.698864
vt 0.863636 0.704546
vt 0.863636 0.715909
vt 0.852273 0.710227
vt 0.522727 0.829545
vt 0.511364 0.835227
vt 0.511364 0.823864
vt 0.522727 0.840909
vt 0.511364 0.846591
vt 0.522727 0.806818
vt 0.522727 0.818182
vt 0.511364 0.812500
vt 0.534091 0.812500
vt 0.545455 0.818182
vt 0.545455 0.829546
vt 0.534091 0.823864
vt 0.568182 0.806818
vt 0.556818 0.812500
vt 0.556818 0.801136
vt 0.568182 0.818182
vt 0.556818 0.823864
vt 0.568182 0.784091
vt 0.568182 0.795455
vt 0.556818 0.789773
vt 0.579545 0.789773
vt 0.590909 0.795455
vt 0.590909 0.806818
vt 0.579545 0.801136
vt 0.613637 0.784091
vt 0.602273 0.789773
vt 0.602273 0.778409
vt 0.613637 0.795455
vt 0.602273 0.801136
vt 0.613637 0.761364
vt 0.613637 0.772727
vt 0.602273 0.767046
vt 0.625000 0.767046
vt 0.636364 0.772727
vt 0.636364 0.784091
vt 0.625000 0.778409
vt 0.659091 0.761364
vt 0.647727 0.767046
vt 0.647727 0.755682
vt 0.659091 0.772727
vt 0.647727 0.778409
vt 0.659091 0.738636
vt 0.659091 0.750000
vt 0.647727 0.744318
vt 0.670455 0.744318
vt 0.681818 0.750000
vt 0.681818 0.761364
vt 0.670455 0.755682
vt 0.704545 0.738636
vt 0.693182 0.744318
vt 0.693182 0.732955
vt 0.704545 0.750000
vt 0.693182 0.755682
vt 0.704545 0.715909
vt 0.704545 0.727273
vt 0.693182 0.721591
vt 0.715909 0.721591
vt 0.727273 0.727273
vt 0.727273 0.738636
vt 0.715909 0.732955
vt 0.750000 0.715909
vt 0.738636 0.721591
vt 0.738636 0.710227
vt 0.750000 0.727273
vt 0.738636 0.732955
vt 0.750000 0.693182
vt 0.750000 0.704546
vt 0.738636 0.698864
vt 0.761364 0.698864
vt 0.772727 0.704546
vt 0.772727 0.715909
vt 0.761364 0.710227
vt 0.795455 0.693182
vt 0.784091 0.698864
vt 0.784091 0.687500
vt 0.795455 0.704546
vt 0.784091 0.710227
vt 0.795455 0.670455
vt 0.795455 0.681818
vt 0.784091 0.676137
vt 0.806818 0.676137
vt 0.818182 0.681818
vt 0.818182 0.693182
vt 0.806818 0.687500
vt 0.522727 0.784091
vt 0.511364 0.789773
vt 0.511364 0.778409
vt 0.522727 0.795455
vt 0.511364 0.801136
vt 0.522727 0.761364
vt 0.522727 0.772727
vt 0.511364 0.767046
vt 0.534091 0.767046
vt 0.545455 0.772727
vt 0.545455 0.784091
vt 0.534091 0.778409
vt 0.568182 0.761364
vt 0.556818 0.767046
vt 0.556818 0.755682
vt 0.568182 0.772727
vt 0.556818 0.778409
vt 0.568182 0.738636
vt 0.568182 0.750000
vt 0.556818 0.744318
vt 0.579545 0.744318
vt 0.590909 0.750000
vt 0.590909 0.761364
vt 0.579545 0.755682
vt 0.613637 0.738636
vt 0.602273 0.744318
vt 0.602273 0.732955
vt 0.613637 0.750000
vt 0.602273 0.755682
vt 0.613637 0.715909
vt 0.613637 0.727273
vt 0.602273 0.721591
vt 0.625000 0.721591
vt 0.636364 0.727273
vt 0.636364 0.738636
vt 0.625000 0.732955
vt 0.659091 0.715909
vt 0.647727 0.721591
vt 0.647727 0.710227
vt 0.659091 0.727273
vt 0.647727 0.732955
vt 0.659091 0.693182
vt 0.659091 0.704545
vt 0.647727 0.698864
vt 0.670455 0.698864
vt 0.681818 0.704545
vt 0.681818 0.715909
vt 0.670455 0.710227
vt 0.704545 0.693182
vt 0.693182 0.698864
vt 0.693182 0.687500
vt 0.704545 0.704546
vt 0.693182 0.710227
vt 0.704545 0.670455
vt 0.704545 0.681818
vt 0.693182 0.676136
vt 0.715909 0.676136
vt 0.727273 0.681818
vt 0.727273 0.693182
vt 0.715909 0.687500
vt 0.750000 0.670455
vt 0.738636 0.676137
vt 0.738636 0.664773
vt 0.750000 0.681818
vt 0.738636 0.687500
vt 0.750000 0.647727
vt 0.750000 0.659091
vt 0.738636 0.653409
vt 0.761364 0.653409
vt 0.772727 0.659091
vt 0.772727 0.670455
vt 0.761364 0.664773
vt 0.522727 0.738636
vt 0.511364 0.744318
vt 0.511364 0.732955
vt 0.522727 0.750000
vt 0.511364 0.755682
vt 0.522727 0.715909
vt 0.522727 0.727273
vt 0.511364 0.721591
vt 0.534091 0.721591
vt 0.545455 0.727273
vt 0.545455 0.738636
vt 0.534091 0.732955
vt 0.568182 0.715909
vt 0.556818 0.721591
vt 0.556818 0.710227
vt 0.568182 0.727273
vt 0.556818 0.732955
vt 0.568182 0.693182
vt 0.568182 0.704545
vt 0.556818 0.698864
vt 0.579545 0.698864
vt 0.590909 0.704545
vt 0.590909 0.715909
vt 0.579545 0.710227
vt 0.613637 0.693182
vt 0.602273 0.698864
vt 0.602273 0.687500
vt 0.613637 0.704545
vt 0.602273 0.710227
vt 0.613637 0.670455
vt 0.613637 0.681818
vt 0.602273 0.676136
vt 0.625000 0.676136
vt 0.636364 0.681818
vt 0.636364 0.693182
vt 0.625000 0.687500
vt 0.659091 0.670455
vt 0.647727 0.676136
vt 0.647727 0.664773
vt 0.659091 0.681818
vt 0.647727 0.687500
vt 0.659091 0.647727
vt 0.659091 0.659091
vt 0.647727 0.653409
vt 0.670455 0.653409
vt 0.681818 0.659091
vt 0.681818 0.670455
vt 0.670455 0.664773
vt 0.704545 0.647727
vt 0.693182 0.653409
vt 0.693182 0.642046
vt 0.704545 0.659091
vt 0.693182 0.664773
vt 0.704545 0.625000
vt 0.704545 0.636364
vt 0.693182 0.630682
vt 0.715909 0.630682
vt 0.727273 0.636364
vt 0.727273 0.647727
vt 0.715909 0.642046
vt 0.522727 0.693182
vt 0.511364 0.698864
vt 0.511364 0.687500
vt 0.522727 0.704545
vt 0.511364 0.710227
vt 0.522727 0.670455
vt 0.522727 0.681818
vt 0.511364 0.676136
vt 0.534091 0.676136
vt 0.545455 0.681818
vt 0.545455 0.693182
vt 0.534091 0.687500
vt 0.568182 0.670455
vt 0.556818 0.676136
vt 0.556818 0.664773
vt 0.568182 0.681818
vt 0.556818 0.687500
vt 0.568182 0.647727
vt 0.568182 0.659091
vt 0.556818 0.653409
vt 0.579545 0.653409
vt 0.590909 0.659091
vt 0.590909 0.670455
vt 0.579545 0.664773
vt 0.613637 0.647727
vt 0.602273 0.653409
vt 0.602273 0.642045
vt 0.613637 0.659091
vt 0.602273 0.664773
vt 0.613637 0.625000
vt 0.613637 0.636364
vt 0.602273 0.630682
vt 0.625000 0.630682
vt 0.636364 0.636364
vt 0.636364 0.647727
vt 0.625000 0.642045
vt 0.659091 0.625000
vt 0.647727 0.630682
vt 0.647727 0.619318
vt 0.659091 0.636364
vt 0.647727 0.642046
vt 0.659091 0.602273
vt 0.659091 0.613636
vt 0.647727 0.607955
vt 0.670455 0.607955
vt 0.681818 0.613636
vt 0.681818 0.625000
vt 0.670455 0.619318
vt 0.522727 0.647727
vt 0.511364 0.653409
vt 0.511364 0.642045
vt 0.522727 0.659091
vt 0.511364 0.664773
vt 0.522727 0.625000
vt 0.522727 0.636364
vt 0.511364 0.630682
vt 0.534091 0.630682
vt 0.545455 0.636364
vt 0.545455 0.647727
vt 0.534091 0.642045
vt 0.568182 0.625000
vt 0.556818 0.630682
vt 0.556818 0.619318
vt 0.568182 0.636364
vt 0.556818 0.642045
vt 0.568182 0.602273
vt 0.568182 0.613636
vt 0.556818 0.607955
vt 0.579545 0.607955
vt 0.590909 0.613636
vt 0.590909 0.625000
vt 0.579545 0.619318
vt 0.613637 0.602273
vt 0.602273 0.607955
vt 0.602273 0.596591
vt 0.613637 0.613636
vt 0.602273 0.619318
vt 0.613637 0.579545
vt 0.613637 0.590909
vt 0.602273 0.585227
vt 0.625000 0.585227
vt 0.636364 0.590909
vt 0.636364 0.602273
vt 0.625000 0.596591
vt 0.522727 0.602273
vt 0.511364 0.607955
vt 0.511364 0.596591
vt 0.522727 0.613636
vt 0.511364 0.619318
vt 0.522727 0.579545
vt 0.522727 0.590909
vt 0.511364 0.585227
vt 0.534091 0.585227
vt 0.545455 0.590909
vt 0.545455 0.602273
vt 0.534091 0.596591
vt 0.568182 0.579545
vt 0.556818 0.585227
vt 0.556818 0.573864
vt 0.568182 0.590909
vt 0.556818 0.596591
vt 0.568182 0.556818
vt 0.568182 0.568182
vt 0.556818 0.562500
vt 0.579545 0.562500
vt 0.590909 0.568182
vt 0.590909 0.579545
vt 0.579545 0.573864
vt 0.522727 0.556818
vt 0.511364 0.562500
vt 0.511364 0.551136
vt 0.522727 0.568182
vt 0.511364 0.573864
vt 0.522727 0.534091
vt 0.522727 0.545455
vt 0.511364 0.539773
vt 0.534091 0.539773
vt 0.545455 0.545455
vt 0.545455 0.556818
vt 0.534091 0.551136
vt 0.931818 0.715909
vt 0.920455 0.721591
vt 0.920455 0.710227
vt 0.931818 0.727273
vt 0.920455 0.732955
vt 0.886364 0.693182
vt 0.875000 0.698864
vt 0.875000 0.687500
vt 0.886364 0.704546
vt 0.875000 0.710227
vt 0.840909 0.670455
vt 0.829546 0.676137
vt 0.829546 0.664773
vt 0.840909 0.681818
vt 0.829546 0.687500
vt 0.795455 0.647727
vt 0.784091 0.653409
vt 0.784091 0.642046
vt 0.795455 0.659091
vt 0.784091 0.664773
vt 0.750000 0.625000
vt 0.738636 0.630682
vt 0.738636 0.619318
vt 0.750000 0.636364
vt 0.738636 0.642046
vt 0.704545 0.602273
vt 0.693182 0.607955
vt 0.693182 0.596591
vt 0.704545 0.613636
vt 0.693182 0.619318
vt 0.659091 0.579545
vt 0.647727 0.585227
vt 0.647727 0.573864
vt 0.659091 0.590909
vt 0.647727 0.596591
vt 0.613637 0.556818
vt 0.602273 0.562500
vt 0.602273 0.551136
vt 0.613637 0.568182
vt 0.602273 0.573864
vt 0.568182 0.534091
vt 0.556818 0.539773
vt 0.556818 0.528409
vt 0.568182 0.545455
vt 0.556818 0.551136
vt 0.522727 0.511364
vt 0.511364 0.517045
vt 0.511364 0.505682
vt 0.522727 0.522727
vt 0.511364 0.528409
vt 0.045455 0.750000
vt 0.034091 0.744318
vt 0.045455 0.738636
vt 0.034091 0.755682
vt 0.022727 0.761364
vt 0.011364 0.755682
vt 0.022727 0.750000
vt 0.068182 0.738636
vt 0.056818 0.744318
vt 0.056818 0.732955
vt 0.068182 0.750000
vt 0.068182 0.761364
vt 0.056818 0.767046
vt 0.056818 0.755682
vt 0.090909 0.772727
vt 0.079546 0.767046
vt 0.090909 0.761364
vt 0.079546 0.778409
vt 0.068182 0.784091
vt 0.056818 0.778409
vt 0.068182 0.772727
vt 0.113636 0.761364
vt 0.102273 0.767046
vt 0.102273 0.755682
vt 0.113636 0.772727
vt 0.113636 0.784091
vt 0.102273 0.789773
vt 0.102273 0.778409
vt 0.136364 0.795455
vt 0.125000 0.789773
vt 0.136364 0.784091
vt 0.125000 0.801136
vt 0.113636 0.806818
vt 0.102273 0.801136
vt 0.113636 0.795455
vt 0.159091 0.784091
vt 0.147727 0.789773
vt 0.147727 0.778409
vt 0.159091 0.795455
vt 0.159091 0.806818
vt 0.147727 0.812500
vt 0.147727 0.801136
vt 0.181818 0.818182
vt 0.170455 0.812500
vt 0.181818 0.806818
vt 0.170455 0.823864
vt 0.159091 0.829546
vt 0.147727 0.823864
vt 0.159091 0.818182
vt 0.204546 0.806818
vt 0.193182 0.812500
vt 0.193182 0.801136
vt 0.204546 0.818182
vt 0.204545 0.829545
vt 0.193182 0.835227
vt 0.193182 0.823864
vt 0.227273 0.840909
vt 0.215909 0.835227
vt 0.227273 0.829545
vt 0.215909 0.846591
vt 0.204545 0.852273
vt 0.193182 0.846591
vt 0.204545 0.840909
vt 0.250000 0.829545
vt 0.238636 0.835227
vt 0.238636 0.823864
vt 0.250000 0.840909
vt 0.250000 0.852273
vt 0.238636 0.857955
vt 0.238636 0.846591
vt 0.272727 0.863636
vt 0.261364 0.857955
vt 0.272727 0.852273
vt 0.261364 0.869318
vt 0.250000 0.875000
vt 0.238636 0.869318
vt 0.250000 0.863636
vt 0.295455 0.852273
vt 0.284091 0.857955
vt 0.284091 0.846591
vt 0.295455 0.863636
vt 0.295455 0.875000
vt 0.284091 0.880682
vt 0.284091 0.869318
vt 0.318182 0.886364
vt 0.306818 0.880682
vt 0.318182 0.875000
vt 0.306818 0.892045
vt 0.295455 0.897727
vt 0.284091 0.892046
vt 0.295455 0.886364
vt 0.340909 0.875000
vt 0.329546 0.880682
vt 0.329546 0.869318
vt 0.340909 0.886364
vt 0.340909 0.897727
vt 0.329546 0.903409
vt 0.329546 0.892045
vt 0.363637 0.909091
vt 0.352273 0.903409
vt 0.363637 0.897727
vt 0.352273 0.914773
vt 0.340909 0.920455
vt 0.329546 0.914773
vt 0.340909 0.909091
vt 0.386364 0.897727
vt 0.375000 0.903409
vt 0.375000 0.892045
vt 0.386364 0.909091
vt 0.386364 0.920455
vt 0.375000 0.926136
vt 0.375000 0.914773
vt 0.409091 0.931818
vt 0.397727 0.926136
vt 0.409091 0.920455
vt 0.397727 0.937500
vt 0.386364 0.943182
vt 0.375000 0.937500
vt 0.386364 0.931818
vt 0.431818 0.920455
vt 0.420455 0.926136
vt 0.420455 0.914773
vt 0.431818 0.931818
vt 0.431818 0.943182
vt 0.420455 0.948864
vt 0.420455 0.937500
vt 0.454545 0.954545
vt 0.443182 0.948864
vt 0.454545 0.943182
vt 0.443182 0.960227
vt 0.431818 0.965909
vt 0.420455 0.960227
vt 0.431818 0.954546
vt 0.477273 0.943182
vt 0.465909 0.948864
vt 0.465909 0.937500
vt 0.477273 0.954545
vt 0.477273 0.965909
vt 0.465909 0.971591
vt 0.465909 0.960227
vt 0.090909 0.727273
vt 0.079546 0.721591
vt 0.090909 0.715909
vt 0.079546 0.732955
vt 0.068182 0.727273
vt 0.113636 0.715909
vt 0.102273 0.721591
vt 0.102273 0.710227
vt 0.113636 0.727273
vt 0.113636 0.738636
vt 0.102273 0.744318
vt 0.102273 0.732955
vt 0.136364 0.750000
vt 0.125000 0.744318
vt 0.136364 0.738636
vt 0.125000 0.755682
vt 0.113636 0.750000
vt 0.159091 0.738636
vt 0.147727 0.744318
vt 0.147727 0.732955
vt 0.159091 0.750000
vt 0.159091 0.761364
vt 0.147727 0.767046
vt 0.147727 0.755682
vt 0.181818 0.772727
vt 0.170455 0.767046
vt 0.181818 0.761364
vt 0.170455 0.778409
vt 0.159091 0.772727
vt 0.204546 0.761364
vt 0.193182 0.767046
vt 0.193182 0.755682
vt 0.204546 0.772727
vt 0.204546 0.784091
vt 0.193182 0.789773
vt 0.193182 0.778409
vt 0.227273 0.795455
vt 0.215909 0.789773
vt 0.227273 0.784091
vt 0.215909 0.801136
vt 0.204546 0.795455
vt 0.250000 0.784091
vt 0.238636 0.789773
vt 0.238636 0.778409
vt 0.250000 0.795455
vt 0.250000 0.806818
vt 0.238636 0.812500
vt 0.238636 0.801136
vt 0.272727 0.818182
vt 0.261364 0.812500
vt 0.272727 0.806818
vt 0.261364 0.823864
vt 0.250000 0.818182
vt 0.295455 0.806818
vt 0.284091 0.812500
vt 0.284091 0.801136
vt 0.295455 0.818182
vt 0.295455 0.829545
vt 0.284091 0.835227
vt 0.284091 0.823864
vt 0.318182 0.840909
vt 0.306818 0.835227
vt 0.318182 0.829545
vt 0.306818 0.846591
vt 0.295455 0.840909
vt 0.340909 0.829545
vt 0.329546 0.835227
vt 0.329546 0.823864
vt 0.340909 0.840909
vt 0.340909 0.852273
vt 0.329546 0.857955
vt 0.329546 0.846591
vt 0.363637 0.863636
vt 0.352273 0.857955
vt 0.363637 0.852273
vt 0.352273 0.869318
vt 0.340909 0.863636
vt 0.386364 0.852273
vt 0.375000 0.857955
vt 0.375000 0.846591
vt 0.386364 0.863636
vt 0.386364 0.875000
vt 0.375000 0.880682
vt 0.375000 0.869318
vt 0.409091 0.886364
vt 0.397727 0.880682
vt 0.409091 0.875000
vt 0.397727 0.892045
vt 0.386364 0.886364
vt 0.431818 0.875000
vt 0.420455 0.880682
vt 0.420455 0.869318
vt 0.431818 0.886364
vt 0.431818 0.897727
vt 0.420455 0.903409
vt 0.420455 0.892045
vt 0.454545 0.909091
vt 0.443182 0.903409
vt 0.454545 0.897727
vt 0.443182 0.914773
vt 0.431818 0.909091
vt 0.477273 0.897727
vt 0.465909 0.903409
vt 0.465909 0.892045
vt 0.477273 0.909091
vt 0.477273 0.920455
vt 0.465909 0.926136
vt 0.465909 0.914773
vt 0.136364 0.704546
vt 0.125000 0.698864
vt 0.136364 0.693182
vt 0.125000 0.710227
vt 0.113636 0.704546
vt 0.159091 0.693182
vt 0.147727 0.698864
vt 0.147727 0.687500
vt 0.159091 0.704546
vt 0.159091 0.715909
vt 0.147727 0.721591
vt 0.147727 0.710227
vt 0.181818 0.727273
vt 0.170455 0.721591
vt 0.181818 0.715909
vt 0.170455 0.732955
vt 0.159091 0.727273
vt 0.204545 0.715909
vt 0.193182 0.721591
vt 0.193182 0.710227
vt 0.204545 0.727273
vt 0.204545 0.738636
vt 0.193182 0.744318
vt 0.193182 0.732955
vt 0.227273 0.750000
vt 0.215909 0.744318
vt 0.227273 0.738636
vt 0.215909 0.755682
vt 0.204546 0.750000
vt 0.250000 0.738636
vt 0.238636 0.744318
vt 0.238636 0.732955
vt 0.250000 0.750000
vt 0.250000 0.761364
vt 0.238636 0.767046
vt 0.238636 0.755682
vt 0.272727 0.772727
vt 0.261364 0.767046
vt 0.272727 0.761364
vt 0.261364 0.778409
vt 0.250000 0.772727
vt 0.295455 0.761364
vt 0.284091 0.767046
vt 0.284091 0.755682
vt 0.295455 0.772727
vt 0.295455 0.784091
vt 0.284091 0.789773
vt 0.284091 0.778409
vt 0.318182 0.795455
vt 0.306818 0.789773
vt 0.318182 0.784091
vt 0.306818 0.801136
vt 0.295455 0.795455
vt 0.340909 0.784091
vt 0.329546 0.789773
vt 0.329546 0.778409
vt 0.340909 0.795455
vt 0.340909 0.806818
vt 0.329546 0.812500
vt 0.329546 0.801136
vt 0.363637 0.818182
vt 0.352273 0.812500
vt 0.363637 0.806818
vt 0.352273 0.823864
vt 0.340909 0.818182
vt 0.386364 0.806818
vt 0.375000 0.812500
vt 0.375000 0.801136
vt 0.386364 0.818182
vt 0.386364 0.829545
vt 0.375000 0.835227
vt 0.375000 0.823864
vt 0.409091 0.840909
vt 0.397727 0.835227
vt 0.409091 0.829545
vt 0.397727 0.846591
vt 0.386364 0.840909
vt 0.431818 0.829545
vt 0.420455 0.835227
vt 0.420455 0.823864
vt 0.431818 0.840909
vt 0.431818 0.852273
vt 0.420455 0.857955
vt 0.420455 0.846591
vt 0.454545 0.863636
vt 0.443182 0.857955
vt 0.454545 0.852273
vt 0.443182 0.869318
vt 0.431818 0.863636
vt 0.477273 0.852273
vt 0.465909 0.857955
vt 0.465909 0.846591
vt 0.477273 0.863636
vt 0.477273 0.875000
vt 0.465909 0.880682
vt 0.465909 0.869318
vt 0.181818 0.681818
vt 0.170455 0.676137
vt 0.181818 0.670455
vt 0.170455 0.687500
vt 0.159091 0.681818
vt 0.204545 0.670455
vt 0.193182 0.676137
vt 0.193182 0.664773
vt 0.204545 0.681818
vt 0.204545 0.693182
vt 0.193182 0.698864
vt 0.193182 0.687500
vt 0.227273 0.704546
vt 0.215909 0.698864
vt 0.227273 0.693182
vt 0.215909 0.710227
vt 0.204545 0.704546
vt 0.250000 0.693182
vt 0.238636 0.698864
vt 0.238636 0.687500
vt 0.250000 0.704546
vt 0.250000 0.715909
vt 0.238636 0.721591
vt 0.238636 0.710227
vt 0.272727 0.727273
vt 0.261364 0.721591
vt 0.272727 0.715909
vt 0.261364 0.732955
vt 0.250000 0.727273
vt 0.295455 0.715909
vt 0.284091 0.721591
vt 0.284091 0.710227
vt 0.295455 0.727273
vt 0.295455 0.738636
vt 0.284091 0.744318
vt 0.284091 0.732955
vt 0.318182 0.750000
vt 0.306818 0.744318
vt 0.318182 0.738636
vt 0.306818 0.755682
vt 0.295455 0.750000
vt 0.340909 0.738636
vt 0.329546 0.744318
vt 0.329546 0.732955
vt 0.340909 0.750000
vt 0.340909 0.761364
vt 0.329546 0.767046
vt 0.329546 0.755682
vt 0.363636 0.772727
vt 0.352273 0.767046
vt 0.363636 0.761364
vt 0.352273 0.778409
vt 0.340909 0.772727
vt 0.386364 0.761364
vt 0.375000 0.767046
vt 0.375000 0.755682
vt 0.386364 0.772727
vt 0.386364 0.784091
vt 0.375000 0.789773
vt 0.375000 0.778409
vt 0.409091 0.795455
vt 0.397727 0.789773
vt 0.409091 0.784091
vt 0.397727 0.801136
vt 0.386364 0.795455
vt 0.431818 0.784091
vt 0.420455 0.789773
vt 0.420455 0.778409
vt 0.431818 0.795455
vt 0.431818 0.806818
vt 0.420455 0.812500
vt 0.420455 0.801136
vt 0.454545 0.818182
vt 0.443182 0.812500
vt 0.454545 0.806818
vt 0.443182 0.823864
vt 0.431818 0.818182
vt 0.477273 0.806818
vt 0.465909 0.812500
vt 0.465909 0.801136
vt 0.477273 0.818182
vt 0.477273 0.829545
vt 0.465909 0.835227
vt 0.465909 0.823864
vt 0.227273 0.659091
vt 0.215909 0.653409
vt 0.227273 0.647727
vt 0.215909 0.664773
vt 0.204545 0.659091
vt 0.250000 0.647727
vt 0.238636 0.653409
vt 0.238636 0.642045
vt 0.250000 0.659091
vt 0.250000 0.670455
vt 0.238636 0.676137
vt 0.238636 0.664773
vt 0.272727 0.681818
vt 0.261364 0.676137
vt 0.272727 0.670455
vt 0.261364 0.687500
vt 0.250000 0.681818
vt 0.295455 0.670455
vt 0.284091 0.676136
vt 0.284091 0.664773
vt 0.295455 0.681818
vt 0.295455 0.693182
vt 0.284091 0.698864
vt 0.284091 0.687500
vt 0.318182 0.704545
vt 0.306818 0.698864
vt 0.318182 0.693182
vt 0.306818 0.710227
vt 0.295455 0.704546
vt 0.340909 0.693182
vt 0.329546 0.698864
vt 0.329546 0.687500
vt 0.340909 0.704545
vt 0.340909 0.715909
vt 0.329546 0.721591
vt 0.329546 0.710227
vt 0.363636 0.727273
vt 0.352273 0.721591
vt 0.363636 0.715909
vt 0.352273 0.732955
vt 0.340909 0.727273
vt 0.386364 0.715909
vt 0.375000 0.721591
vt 0.375000 0.710227
vt 0.386364 0.727273
vt 0.386364 0.738636
vt 0.375000 0.744318
vt 0.375000 0.732955
vt 0.409091 0.750000
vt 0.397727 0.744318
vt 0.409091 0.738636
vt 0.397727 0.755682
vt 0.386364 0.750000
vt 0.431818 0.738636
vt 0.420455 0.744318
vt 0.420455 0.732955
vt 0.431818 0.750000
vt 0.431818 0.761364
vt 0.420455 0.767046
vt 0.420455 0.755682
vt 0.454545 0.772727
vt 0.443182 0.767046
vt 0.454545 0.761364
vt 0.443182 0.778409
vt 0.431818 0.772727
vt 0.477273 0.761364
vt 0.465909 0.767046
vt 0.465909 0.755682
vt 0.477273 0.772727
vt 0.477273 0.784091
vt 0.465909 0.789773
vt 0.465909 0.778409
vt 0.272727 0.636364
vt 0.261364 0.630682
vt 0.272727 0.625000
vt 0.261364 0.642045
vt 0.250000 0.636364
vt 0.295455 0.625000
vt 0.284091 0.630682
vt 0.284091 0.619318
vt 0.295455 0.636364
vt 0.295455 0.647727
vt 0.284091 0.653409
vt 0.284091 0.642045
vt 0.318182 0.659091
vt 0.306818 0.653409
vt 0.318182 0.647727
vt 0.306818 0.664773
vt 0.295455 0.659091
vt 0.340909 0.647727
vt 0.329546 0.653409
vt 0.329546 0.642045
vt 0.340909 0.659091
vt 0.340909 0.670455
vt 0.329546 0.676136
vt 0.329546 0.664773
vt 0.363637 0.681818
vt 0.352273 0.676136
vt 0.363637 0.670455
vt 0.352273 0.687500
vt 0.340909 0.681818
vt 0.386364 0.670455
vt 0.375000 0.676136
vt 0.375000 0.664773
vt 0.386364 0.681818
vt 0.386364 0.693182
vt 0.375000 0.698864
vt 0.375000 0.687500
vt 0.409091 0.704545
vt 0.397727 0.698864
vt 0.409091 0.693182
vt 0.397727 0.710227
vt 0.386364 0.704545
vt 0.431818 0.693182
vt 0.420455 0.698864
vt 0.420455 0.687500
vt 0.431818 0.704545
vt 0.431818 0.715909
vt 0.420455 0.721591
vt 0.420455 0.710227
vt 0.454545 0.727273
vt 0.443182 0.721591
vt 0.454545 0.715909
vt 0.443182 0.732955
vt 0.431818 0.727273
vt 0.477273 0.715909
vt 0.465909 0.721591
vt 0.465909 0.710227
vt 0.477273 0.727273
vt 0.477273 0.738636
vt 0.465909 0.744318
vt 0.465909 0.732955
vt 0.318182 0.613636
vt 0.306818 0.607955
vt 0.318182 0.602273
vt 0.306818 0.619318
vt 0.295455 0.613636
vt 0.340909 0.602273
vt 0.329546 0.607955
vt 0.329546 0.596591
vt 0.340909 0.613636
vt 0.340909 0.625000
vt 0.329546 0.630682
vt 0.329546 0.619318
vt 0.363637 0.636364
vt 0.352273 0.630682
vt 0.363637 0.625000
vt 0.352273 0.642045
vt 0.340909 0.636364
vt 0.386364 0.625000
vt 0.375000 0.630682
vt 0.375000 0.619318
vt 0.386364 0.636364
vt 0.386364 0.647727
vt 0.375000 0.653409
vt 0.375000 0.642045
vt 0.409091 0.659091
vt 0.397727 0.653409
vt 0.409091 0.647727
vt 0.397727 0.664773
vt 0.386364 0.659091
vt 0.431818 0.647727
vt 0.420455 0.653409
vt 0.420455 0.642045
vt 0.431818 0.659091
vt 0.431818 0.670455
vt 0.420455 0.676136
vt 0.420455 0.664773
vt 0.454545 0.681818
vt 0.443182 0.676136
vt 0.454545 0.670455
vt 0.443182 0.687500
vt 0.431818 0.681818
vt 0.477273 0.670455
vt 0.465909 0.676136
vt 0.465909 0.664773
vt 0.477273 0.681818
vt 0.477273 0.693182
vt 0.465909 0.698864
vt 0.465909 0.687500
vt 0.363637 0.590909
vt 0.352273 0.585227
vt 0.363637 0.579545
vt 0.352273 0.596591
vt 0.340909 0.590909
vt 0.386364 0.579545
vt 0.375000 0.585227
vt 0.375000 0.573864
vt 0.386364 0.590909
vt 0.386364 0.602273
vt 0.375000 0.607955
vt 0.375000 0.596591
vt 0.409091 0.613636
vt 0.397727 0.607955
vt 0.409091 0.602273
vt 0.397727 0.619318
vt 0.386364 0.613636
vt 0.431818 0.602273
vt 0.420455 0.607955
vt 0.420455 0.596591
vt 0.431818 0.613636
vt 0.431818 0.625000
vt 0.420455 0.630682
vt 0.420455 0.619318
vt 0.454545 0.636364
vt 0.443182 0.630682
vt 0.454545 0.625000
vt 0.443182 0.642045
vt 0.431818 0.636364
vt 0.477273 0.625000
vt 0.465909 0.630682
vt 0.465909 0.619318
vt 0.477273 0.636364
vt 0.477273 0.647727
vt 0.465909 0.653409
vt 0.465909 0.642045
vt 0.409091 0.568182
vt 0.397727 0.562500
vt 0.409091 0.556818
vt 0.397727 0.573864
vt 0.386364 0.568182
vt 0.431818 0.556818
vt 0.420455 0.562500
vt 0.420455 0.551136
vt 0.431818 0.568182
vt 0.431818 0.579545
vt 0.420455 0.585227
vt 0.420455 0.573864
vt 0.454545 0.590909
vt 0.443182 0.585227
vt 0.454545 0.579545
vt 0.443182 0.596591
vt 0.431818 0.590909
vt 0.477273 0.579545
vt 0.465909 0.585227
vt 0.465909 0.573864
vt 0.477273 0.590909
vt 0.477273 0.602273
vt 0.465909 0.607955
vt 0.465909 0.596591
vt 0.454545 0.545455
vt 0.443182 0.539773
vt 0.454545 0.534091
vt 0.443182 0.551136
vt 0.431818 0.545455
vt 0.477273 0.534091
vt 0.465909 0.539773
vt 0.465909 0.528409
vt 0.477273 0.545455
vt 0.477273 0.556818
vt 0.465909 0.562500
vt 0.465909 0.551136
vt 0.500000 0.931818
vt 0.488636 0.926136
vt 0.500000 0.920455
vt 0.488636 0.937500
vt 0.477273 0.931818
vt 0.500000 0.886364
vt 0.488636 0.880682
vt 0.500000 0.875000
vt 0.488636 0.892045
vt 0.477273 0.886364
vt 0.500000 0.840909
vt 0.488636 0.835227
vt 0.500000 0.829545
vt 0.488636 0.846591
vt 0.477273 0.840909
vt 0.500000 0.795455
vt 0.488636 0.789773
vt 0.500000 0.784091
vt 0.488636 0.801136
vt 0.477273 0.795455
vt 0.500000 0.750000
vt 0.488636 0.744318
vt 0.500000 0.738636
vt 0.488636 0.755682
vt 0.477273 0.750000
vt 0.500000 0.704545
vt 0.488636 0.698864
vt 0.500000 0.693182
vt 0.488636 0.710227
vt 0.477273 0.704545
vt 0.500000 0.659091
vt 0.488636 0.653409
vt 0.500000 0.647727
vt 0.488636 0.664773
vt 0.477273 0.659091
vt 0.500000 0.613636
vt 0.488636 0.607955
vt 0.500000 0.602273
vt 0.488636 0.619318
vt 0.477273 0.613636
vt 0.500000 0.568182
vt 0.488636 0.562500
vt 0.500000 0.556818
vt 0.488636 0.573864
vt 0.477273 0.568182
vt 0.500000 0.522727
vt 0.488636 0.517045
vt 0.500000 0.511364
vt 0.488636 0.528409
vt 0.477273 0.522727
vt 0.022727 0.284091
vt 0.022727 0.272727
vt 0.034091 0.278409
vt 0.011364 0.278409
vt 0.000000 0.272727
vt 0.000000 0.261364
vt 0.011364 0.267045
vt 0.045455 0.295455
vt 0.034091 0.289773
vt 0.045455 0.284091
vt 0.034091 0.301136
vt 0.022727 0.306818
vt 0.011364 0.301136
vt 0.022727 0.295455
vt 0.022727 0.329545
vt 0.022727 0.318182
vt 0.034091 0.323864
vt 0.011364 0.323864
vt 0.000000 0.318182
vt 0.000000 0.306818
vt 0.011364 0.312500
vt 0.045455 0.340909
vt 0.034091 0.335227
vt 0.045455 0.329545
vt 0.034091 0.346591
vt 0.022727 0.352273
vt 0.011364 0.346591
vt 0.022727 0.340909
vt 0.022727 0.375000
vt 0.022727 0.363636
vt 0.034091 0.369318
vt 0.011364 0.369318
vt 0.000000 0.363636
vt 0.000000 0.352273
vt 0.011364 0.357955
vt 0.045455 0.386364
vt 0.034091 0.380682
vt 0.045455 0.375000
vt 0.034091 0.392045
vt 0.022727 0.397727
vt 0.011364 0.392045
vt 0.022727 0.386364
vt 0.022727 0.420455
vt 0.022727 0.409091
vt 0.034091 0.414773
vt 0.011364 0.414773
vt 0.000000 0.409091
vt 0.000000 0.397727
vt 0.011364 0.403409
vt 0.045455 0.431818
vt 0.034091 0.426136
vt 0.045455 0.420455
vt 0.034091 0.437500
vt 0.022727 0.443182
vt 0.011364 0.437500
vt 0.022727 0.431818
vt 0.022727 0.465909
vt 0.022727 0.454545
vt 0.034091 0.460227
vt 0.011364 0.460227
vt 0.000000 0.454545
vt 0.000000 0.443182
vt 0.011364 0.448864
vt 0.045455 0.477273
vt 0.034091 0.471591
vt 0.045455 0.465909
vt 0.034091 0.482955
vt 0.022727 0.488636
vt 0.011364 0.482955
vt 0.022727 0.477273
vt 0.022727 0.511364
vt 0.022727 0.500000
vt 0.034091 0.505682
vt 0.011364 0.505682
vt 0.000000 0.500000
vt 0.000000 0.488636
vt 0.011364 0.494318
vt 0.045455 0.522727
vt 0.034091 0.517045
vt 0.045455 0.511364
vt 0.034091 0.528409
vt 0.022727 0.534091
vt 0.011364 0.528409
vt 0.022727 0.522727
vt 0.022727 0.556818
vt 0.022727 0.545455
vt 0.034091 0.551136
vt 0.011364 0.551136
vt 0.000000 0.545455
vt 0.000000 0.534091
vt 0.011364 0.539773
vt 0.045455 0.568182
vt 0.034091 0.562500
vt 0.045455 0.556818
vt 0.034091 0.573864
vt 0.022727 0.579545
vt 0.011364 0.573864
vt 0.022727 0.568182
vt 0.022727 0.602273
vt 0.022727 0.590909
vt 0.034091 0.596591
vt 0.011364 0.596591
vt 0.000000 0.590909
vt 0.000000 0.579545
vt 0.011364 0.585227
vt 0.045455 0.613636
vt 0.034091 0.607955
vt 0.045455 0.602273
vt 0.034091 0.619318
vt 0.022727 0.625000
vt 0.011364 0.619318
vt 0.022727 0.613636
vt 0.022727 0.647727
vt 0.022727 0.636364
vt 0.034091 0.642045
vt 0.011364 0.642046
vt 0.000000 0.636364
vt 0.000000 0.625000
vt 0.011364 0.630682
vt 0.045455 0.659091
vt 0.034091 0.653409
vt 0.045455 0.647727
vt 0.034091 0.664773
vt 0.022727 0.670455
vt 0.011364 0.664773
vt 0.022727 0.659091
vt 0.022727 0.693182
vt 0.022727 0.681818
vt 0.034091 0.687500
vt 0.011364 0.687500
vt 0.000000 0.681818
vt 0.000000 0.670455
vt 0.011364 0.676136
vt 0.045455 0.704545
vt 0.034091 0.698864
vt 0.045455 0.693182
vt 0.034091 0.710227
vt 0.022727 0.715909
vt 0.011364 0.710227
vt 0.022727 0.704546
vt 0.068182 0.306818
vt 0.068182 0.295455
vt 0.079546 0.301136
vt 0.056818 0.301136
vt 0.056818 0.289773
vt 0.090909 0.318182
vt 0.079546 0.312500
vt 0.090909 0.306818
vt 0.079546 0.323864
vt 0.068182 0.329545
vt 0.056818 0.323864
vt 0.068182 0.318182
vt 0.068182 0.352273
vt 0.068182 0.340909
vt 0.079546 0.346591
vt 0.056818 0.346591
vt 0.056818 0.335227
vt 0.090909 0.363636
vt 0.079546 0.357955
vt 0.090909 0.352273
vt 0.079546 0.369318
vt 0.068182 0.375000
vt 0.056818 0.369318
vt 0.068182 0.363636
vt 0.068182 0.397727
vt 0.068182 0.386364
vt 0.079546 0.392045
vt 0.056818 0.392045
vt 0.056818 0.380682
vt 0.090909 0.409091
vt 0.079546 0.403409
vt 0.090909 0.397727
vt 0.079546 0.414773
vt 0.068182 0.420455
vt 0.056818 0.414773
vt 0.068182 0.409091
vt 0.068182 0.443182
vt 0.068182 0.431818
vt 0.079546 0.437500
vt 0.056818 0.437500
vt 0.056818 0.426136
vt 0.090909 0.454545
vt 0.079546 0.448864
vt 0.090909 0.443182
vt 0.079546 0.460227
vt 0.068182 0.465909
vt 0.056818 0.460227
vt 0.068182 0.454545
vt 0.068182 0.488636
vt 0.068182 0.477273
vt 0.079546 0.482955
vt 0.056818 0.482955
vt 0.056818 0.471591
vt 0.090909 0.500000
vt 0.079546 0.494318
vt 0.090909 0.488636
vt 0.079546 0.505682
vt 0.068182 0.511364
vt 0.056818 0.505682
vt 0.068182 0.500000
vt 0.068182 0.534091
vt 0.068182 0.522727
vt 0.079546 0.528409
vt 0.056818 0.528409
vt 0.056818 0.517045
vt 0.090909 0.545455
vt 0.079546 0.539773
vt 0.090909 0.534091
vt 0.079546 0.551136
vt 0.068182 0.556818
vt 0.056818 0.551136
vt 0.068182 0.545455
vt 0.068182 0.579545
vt 0.068182 0.568182
vt 0.079546 0.573864
vt 0.056818 0.573864
vt 0.056818 0.562500
vt 0.090909 0.590909
vt 0.079546 0.585227
vt 0.090909 0.579545
vt 0.079546 0.596591
vt 0.068182 0.602273
vt 0.056818 0.596591
vt 0.068182 0.590909
vt 0.068182 0.625000
vt 0.068182 0.613636
vt 0.079546 0.619318
vt 0.056818 0.619318
vt 0.056818 0.607955
vt 0.090909 0.636364
vt 0.079546 0.630682
vt 0.090909 0.625000
vt 0.079546 0.642045
vt 0.068182 0.647727
vt 0.056818 0.642045
vt 0.068182 0.636364
vt 0.068182 0.670455
vt 0.068182 0.659091
vt 0.079546 0.664773
vt 0.056818 0.664773
vt 0.056818 0.653409
vt 0.090909 0.681818
vt 0.079546 0.676136
vt 0.090909 0.670455
vt 0.079546 0.687500
vt 0.068182 0.693182
vt 0.056818 0.687500
vt 0.068182 0.681818
vt 0.113636 0.329545
vt 0.113636 0.318182
vt 0.125000 0.323864
vt 0.102273 0.323864
vt 0.102273 0.312500
vt 0.136364 0.340909
vt 0.125000 0.335227
vt 0.136364 0.329545
vt 0.125000 0.346591
vt 0.113636 0.352273
vt 0.102273 0.346591
vt 0.113636 0.340909
vt 0.113636 0.375000
vt 0.113636 0.363636
vt 0.125000 0.369318
vt 0.102273 0.369318
vt 0.102273 0.357955
vt 0.136364 0.386364
vt 0.125000 0.380682
vt 0.136364 0.375000
vt 0.125000 0.392045
vt 0.113636 0.397727
vt 0.102273 0.392045
vt 0.113636 0.386364
vt 0.113636 0.420455
vt 0.113636 0.409091
vt 0.125000 0.414773
vt 0.102273 0.414773
vt 0.102273 0.403409
vt 0.136364 0.431818
vt 0.125000 0.426136
vt 0.136364 0.420455
vt 0.125000 0.437500
vt 0.113636 0.443182
vt 0.102273 0.437500
vt 0.113636 0.431818
vt 0.113636 0.465909
vt 0.113636 0.454545
vt 0.125000 0.460227
vt 0.102273 0.460227
vt 0.102273 0.448864
vt 0.136364 0.477273
vt 0.125000 0.471591
vt 0.136364 0.465909
vt 0.125000 0.482955
vt 0.113636 0.488636
vt 0.102273 0.482955
vt 0.113636 0.477273
vt 0.113636 0.511364
vt 0.113636 0.500000
vt 0.125000 0.505682
vt 0.102273 0.505682
vt 0.102273 0.494318
vt 0.136364 0.522727
vt 0.125000 0.517045
vt 0.136364 0.511364
vt 0.125000 0.528409
vt 0.113636 0.534091
vt 0.102273 0.528409
vt 0.113636 0.522727
vt 0.113636 0.556818
vt 0.113636 0.545455
vt 0.125000 0.551136
vt 0.102273 0.551136
vt 0.102273 0.539773
vt 0.136364 0.568182
vt 0.125000 0.562500
vt 0.136364 0.556818
vt 0.125000 0.573864
vt 0.113636 0.579545
vt 0.102273 0.573864
vt 0.113636 0.568182
vt 0.113636 0.602273
vt 0.113636 0.590909
vt 0.125000 0.596591
vt 0.102273 0.596591
vt 0.102273 0.585227
vt 0.136364 0.613636
vt 0.125000 0.607955
vt 0.136364 0.602273
vt 0.125000 0.619318
vt 0.113636 0.625000
vt 0.102273 0.619318
vt 0.113636 0.613636
vt 0.113636 0.647727
vt 0.113636 0.636364
vt 0.125000 0.642046
vt 0.102273 0.642046
vt 0.102273 0.630682
vt 0.136364 0.659091
vt 0.125000 0.653409
vt 0.136364 0.647727
vt 0.125000 0.664773
vt 0.113636 0.670455
vt 0.102273 0.664773
vt 0.113636 0.659091
vt 0.159091 0.352273
vt 0.159091 0.340909
vt 0.170455 0.346591
vt 0.147727 0.346591
vt 0.147727 0.335227
vt 0.181818 0.363636
vt 0.170455 0.357955
vt 0.181818 0.352273
vt 0.170455 0.369318
vt 0.159091 0.375000
vt 0.147727 0.369318
vt 0.159091 0.363636
vt 0.159091 0.397727
vt 0.159091 0.386364
vt 0.170455 0.392045
vt 0.147727 0.392045
vt 0.147727 0.380682
vt 0.181818 0.409091
vt 0.170455 0.403409
vt 0.181818 0.397727
vt 0.170455 0.414773
vt 0.159091 0.420455
vt 0.147727 0.414773
vt 0.159091 0.409091
vt 0.159091 0.443182
vt 0.159091 0.431818
vt 0.170455 0.437500
vt 0.147727 0.437500
vt 0.147727 0.426136
vt 0.181818 0.454545
vt 0.170455 0.448864
vt 0.181818 0.443182
vt 0.170455 0.460227
vt 0.159091 0.465909
vt 0.147727 0.460227
vt 0.159091 0.454545
vt 0.159091 0.488636
vt 0.159091 0.477273
vt 0.170455 0.482955
vt 0.147727 0.482955
vt 0.147727 0.471591
vt 0.181818 0.500000
vt 0.170455 0.494318
vt 0.181818 0.488636
vt 0.170455 0.505682
vt 0.159091 0.511364
vt 0.147727 0.505682
vt 0.159091 0.500000
vt 0.159091 0.534091
vt 0.159091 0.522727
vt 0.170455 0.528409
vt 0.147727 0.528409
vt 0.147727 0.517045
vt 0.181818 0.545455
vt 0.170455 0.539773
vt 0.181818 0.534091
vt 0.170455 0.551136
vt 0.159091 0.556818
vt 0.147727 0.551136
vt 0.159091 0.545455
vt 0.159091 0.579545
vt 0.159091 0.568182
vt 0.170455 0.573864
vt 0.147727 0.573864
vt 0.147727 0.562500
vt 0.181818 0.590909
vt 0.170455 0.585227
vt 0.181818 0.579545
vt 0.170455 0.596591
vt 0.159091 0.602273
vt 0.147727 0.596591
vt 0.159091 0.590909
vt 0.159091 0.625000
vt 0.159091 0.613636
vt 0.170455 0.619318
vt 0.147727 0.619318
vt 0.147727 0.607955
vt 0.181818 0.636364
vt 0.170455 0.630682
vt 0.181818 0.625000
vt 0.170455 0.642046
vt 0.159091 0.647727
vt 0.147727 0.642046
vt 0.159091 0.636364
vt 0.204545 0.375000
vt 0.204545 0.363636
vt 0.215909 0.369318
vt 0.193182 0.369318
vt 0.193182 0.357955
vt 0.227273 0.386364
vt 0.215909 0.380682
vt 0.227273 0.375000
vt 0.215909 0.392045
vt 0.204545 0.397727
vt 0.193182 0.392045
vt 0.204545 0.386364
vt 0.204545 0.420455
vt 0.204545 0.409091
vt 0.215909 0.414773
vt 0.193182 0.414773
vt 0.193182 0.403409
vt 0.227273 0.431818
vt 0.215909 0.426136
vt 0.227273 0.420455
vt 0.215909 0.437500
vt 0.204545 0.443182
vt 0.193182 0.437500
vt 0.204545 0.431818
vt 0.204545 0.465909
vt 0.204545 0.454545
vt 0.215909 0.460227
vt 0.193182 0.460227
vt 0.193182 0.448864
vt 0.227273 0.477273
vt 0.215909 0.471591
vt 0.227273 0.465909
vt 0.215909 0.482955
vt 0.204545 0.488636
vt 0.193182 0.482955
vt 0.204545 0.477273
vt 0.204545 0.511364
vt 0.204545 0.500000
vt 0.215909 0.505682
vt 0.193182 0.505682
vt 0.193182 0.494318
vt 0.227273 0.522727
vt 0.215909 0.517045
vt 0.227273 0.511364
vt 0.215909 0.528409
vt 0.204545 0.534091
vt 0.193182 0.528409
vt 0.204545 0.522727
vt 0.204545 0.556818
vt 0.204545 0.545455
vt 0.215909 0.551136
vt 0.193182 0.551136
vt 0.193182 0.539773
vt 0.227273 0.568182
vt 0.215909 0.562500
vt 0.227273 0.556818
vt 0.215909 0.573864
vt 0.204545 0.579545
vt 0.193182 0.573864
vt 0.204545 0.568182
vt 0.204545 0.602273
vt 0.204545 0.590909
vt 0.215909 0.596591
vt 0.193182 0.596591
vt 0.193182 0.585227
vt 0.227273 0.613636
vt 0.215909 0.607955
vt 0.227273 0.602273
vt 0.215909 0.619318
vt 0.204545 0.625000
vt 0.193182 0.619318
vt 0.204545 0.613636
vt 0.250000 0.397727
vt 0.250000 0.386364
vt 0.261364 0.392045
vt 0.238636 0.392045
vt 0.238636 0.380682
vt 0.272727 0.409091
vt 0.261364 0.403409
vt 0.272727 0.397727
vt 0.261364 0.414773
vt 0.250000 0.420455
vt 0.238636 0.414773
vt 0.250000 0.409091
vt 0.250000 0.443182
vt 0.250000 0.431818
vt 0.261364 0.437500
vt 0.238636 0.437500
vt 0.238636 0.426136
vt 0.272727 0.454545
vt 0.261364 0.448864
vt 0.272727 0.443182
vt 0.261364 0.460227
vt 0.250000 0.465909
vt 0.238636 0.460227
vt 0.250000 0.454545
vt 0.250000 0.488636
vt 0.250000 0.477273
vt 0.261364 0.482955
vt 0.238636 0.482955
vt 0.238636 0.471591
vt 0.272727 0.500000
vt 0.261364 0.494318
vt 0.272727 0.488636
vt 0.261364 0.505682
vt 0.250000 0.511364
vt 0.238636 0.505682
vt 0.250000 0.500000
vt 0.250000 0.534091
vt 0.250000 0.522727
vt 0.261364 0.528409
vt 0.238636 0.528409
vt 0.238636 0.517045
vt 0.272727 0.545455
vt 0.261364 0.539773
vt 0.272727 0.534091
vt 0.261364 0.551136
vt 0.250000 0.556818
vt 0.238636 0.551136
vt 0.250000 0.545455
vt 0.250000 0.579545
vt 0.250000 0.568182
vt 0.261364 0.573864
vt 0.238636 0.573864
vt 0.238636 0.562500
vt 0.272727 0.590909
vt 0.261364 0.585227
vt 0.272727 0.579545
vt 0.261364 0.596591
vt 0.250000 0.602273
vt 0.238636 0.596591
vt 0.250000 0.590909
vt 0.295455 0.420455
vt 0.295455 0.409091
vt 0.306818 0.414773
vt 0.284091 0.414773
vt 0.284091 0.403409
vt 0.318182 0.431818
vt 0.306818 0.426136
vt 0.318182 0.420455
vt 0.306818 0.437500
vt 0.295455 0.443182
vt 0.284091 0.437500
vt 0.295455 0.431818
vt 0.295455 0.465909
vt 0.295455 0.454545
vt 0.306818 0.460227
vt 0.284091 0.460227
vt 0.284091 0.448864
vt 0.318182 0.477273
vt 0.306818 0.471591
vt 0.318182 0.465909
vt 0.306818 0.482955
vt 0.295455 0.488636
vt 0.284091 0.482955
vt 0.295455 0.477273
vt 0.295455 0.511364
vt 0.295455 0.500000
vt 0.306818 0.505682
vt 0.284091 0.505682
vt 0.284091 0.494318
vt 0.318182 0.522727
vt 0.306818 0.517045
vt 0.318182 0.511364
vt 0.306818 0.528409
vt 0.295455 0.534091
vt 0.284091 0.528409
vt 0.295455 0.522727
vt 0.295455 0.556818
vt 0.295455 0.545455
vt 0.306818 0.551136
vt 0.284091 0.551136
vt 0.284091 0.539773
vt 0.318182 0.568182
vt 0.306818 0.562500
vt 0.318182 0.556818
vt 0.306818 0.573864
vt 0.295455 0.579545
vt 0.284091 0.573864
vt 0.295455 0.568182
vt 0.340909 0.443182
vt 0.340909 0.431818
vt 0.352273 0.437500
vt 0.329546 0.437500
vt 0.329546 0.426136
vt 0.363637 0.454545
vt 0.352273 0.448864
vt 0.363637 0.443182
vt 0.352273 0.460227
vt 0.340909 0.465909
vt 0.329546 0.460227
vt 0.340909 0.454545
vt 0.340909 0.488636
vt 0.340909 0.477273
vt 0.352273 0.482955
vt 0.329546 0.482955
vt 0.329546 0.471591
vt 0.363637 0.500000
vt 0.352273 0.494318
vt 0.363637 0.488636
vt 0.352273 0.505682
vt 0.340909 0.511364
vt 0.329546 0.505682
vt 0.340909 0.500000
vt 0.340909 0.534091
vt 0.340909 0.522727
vt 0.352273 0.528409
vt 0.329546 0.528409
vt 0.329546 0.517045
vt 0.363637 0.545455
vt 0.352273 0.539773
vt 0.363637 0.534091
vt 0.352273 0.551136
vt 0.340909 0.556818
vt 0.329546 0.551136
vt 0.340909 0.545455
vt 0.386364 0.465909
vt 0.386364 0.454545
vt 0.397727 0.460227
vt 0.375000 0.460227
vt 0.375000 0.448864
vt 0.409091 0.477273
vt 0.397727 0.471591
vt 0.409091 0.465909
vt 0.397727 0.482955
vt 0.386364 0.488636
vt 0.375000 0.482955
vt 0.386364 0.477273
vt 0.386364 0.511364
vt 0.386364 0.500000
vt 0.397727 0.505682
vt 0.375000 0.505682
vt 0.375000 0.494318
vt 0.409091 0.522727
vt 0.397727 0.517045
vt 0.409091 0.511364
vt 0.397727 0.528409
vt 0.386364 0.534091
vt 0.375000 0.528409
vt 0.386364 0.522727
vt 0.431818 0.488636
vt 0.431818 0.477273
vt 0.443182 0.482955
vt 0.420455 0.482955
vt 0.420455 0.471591
vt 0.454545 0.500000
vt 0.443182 0.494318
vt 0.454545 0.488636
vt 0.443182 0.505682
vt 0.431818 0.511364
vt 0.420455 0.505682
vt 0.431818 0.500000
vt 0.068182 0.715909
vt 0.068182 0.704546
vt 0.079546 0.710227
vt 0.056818 0.710227
vt 0.056818 0.698864
vt 0.113636 0.693182
vt 0.113636 0.681818
vt 0.125000 0.687500
vt 0.102273 0.687500
vt 0.102273 0.676137
vt 0.159091 0.670455
vt 0.159091 0.659091
vt 0.170455 0.664773
vt 0.147727 0.664773
vt 0.147727 0.653409
vt 0.204545 0.647727
vt 0.204545 0.636364
vt 0.215909 0.642045
vt 0.193182 0.642045
vt 0.193182 0.630682
vt 0.250000 0.625000
vt 0.250000 0.613636
vt 0.261364 0.619318
vt 0.238636 0.619318
vt 0.238636 0.607955
vt 0.295455 0.602273
vt 0.295455 0.590909
vt 0.306818 0.596591
vt 0.284091 0.596591
vt 0.284091 0.585227
vt 0.340909 0.579545
vt 0.340909 0.568182
vt 0.352273 0.573864
vt 0.329546 0.573864
vt 0.329546 0.562500
vt 0.386364 0.556818
vt 0.386364 0.545455
vt 0.397727 0.551136
vt 0.375000 0.551136
vt 0.375000 0.539773
vt 0.431818 0.534091
vt 0.431818 0.522727
vt 0.443182 0.528409
vt 0.420455 0.528409
vt 0.420455 0.517045
vt 0.477273 0.511364
vt 0.477273 0.500000
vt 0.488636 0.505682
vt 0.465909 0.505682
vt 0.465909 0.494318
vt 0.477273 0.034091
vt 0.488636 0.028409
vt 0.488636 0.039773
vt 0.477273 0.022727
vt 0.477273 0.011364
vt 0.488636 0.005682
vt 0.488636 0.017045
vt 0.477273 0.056818
vt 0.477273 0.045455
vt 0.488636 0.051136
vt 0.465909 0.051136
vt 0.454545 0.045455
vt 0.454545 0.034091
vt 0.465909 0.039773
vt 0.431818 0.056818
vt 0.443182 0.051136
vt 0.443182 0.062500
vt 0.431818 0.045455
vt 0.431818 0.034091
vt 0.443182 0.028409
vt 0.443182 0.039773
vt 0.431818 0.079545
vt 0.431818 0.068182
vt 0.443182 0.073864
vt 0.420455 0.073864
vt 0.409091 0.068182
vt 0.409091 0.056818
vt 0.420455 0.062500
vt 0.386364 0.079545
vt 0.397727 0.073864
vt 0.397727 0.085227
vt 0.386364 0.068182
vt 0.386364 0.056818
vt 0.397727 0.051136
vt 0.397727 0.062500
vt 0.386364 0.102273
vt 0.386364 0.090909
vt 0.397727 0.096591
vt 0.375000 0.096591
vt 0.363637 0.090909
vt 0.363637 0.079545
vt 0.375000 0.085227
vt 0.340909 0.102273
vt 0.352273 0.096591
vt 0.352273 0.107955
vt 0.340909 0.090909
vt 0.340909 0.079545
vt 0.352273 0.073864
vt 0.352273 0.085227
vt 0.340909 0.125000
vt 0.340909 0.113636
vt 0.352273 0.119318
vt 0.329546 0.119318
vt 0.318182 0.113636
vt 0.318182 0.102273
vt 0.329546 0.107955
vt 0.295455 0.125000
vt 0.306818 0.119318
vt 0.306818 0.130682
vt 0.295455 0.113636
vt 0.295455 0.102273
vt 0.306818 0.096591
vt 0.306818 0.107955
vt 0.295455 0.147727
vt 0.295455 0.136364
vt 0.306818 0.142045
vt 0.284091 0.142045
vt 0.272727 0.136364
vt 0.272727 0.125000
vt 0.284091 0.130682
vt 0.250000 0.147727
vt 0.261364 0.142046
vt 0.261364 0.153409
vt 0.250000 0.136364
vt 0.250000 0.125000
vt 0.261364 0.119318
vt 0.261364 0.130682
vt 0.250000 0.170455
vt 0.250000 0.159091
vt 0.261364 0.164773
vt 0.238636 0.164773
vt 0.227273 0.159091
vt 0.227273 0.147727
vt 0.238636 0.153409
vt 0.204545 0.170455
vt 0.215909 0.164773
vt 0.215909 0.176136
vt 0.204546 0.159091
vt 0.204546 0.147727
vt 0.215909 0.142046
vt 0.215909 0.153409
vt 0.204545 0.193182
vt 0.204545 0.181818
vt 0.215909 0.187500
vt 0.193182 0.187500
vt 0.181818 0.181818
vt 0.181818 0.170455
vt 0.193182 0.176136
vt 0.159091 0.193182
vt 0.170455 0.187500
vt 0.170455 0.198864
vt 0.159091 0.181818
vt 0.159091 0.170455
vt 0.170455 0.164773
vt 0.170455 0.176136
vt 0.159091 0.215909
vt 0.159091 0.204545
vt 0.170455 0.210227
vt 0.147727 0.210227
vt 0.136364 0.204545
vt 0.136364 0.193182
vt 0.147727 0.198864
vt 0.113636 0.215909
vt 0.125000 0.210227
vt 0.125000 0.221591
vt 0.113636 0.204545
vt 0.113636 0.193182
vt 0.125000 0.187500
vt 0.125000 0.198864
vt 0.113636 0.238636
vt 0.113636 0.227273
vt 0.125000 0.232955
vt 0.102273 0.232955
vt 0.090909 0.227273
vt 0.090909 0.215909
vt 0.102273 0.221591
vt 0.068182 0.238636
vt 0.079546 0.232955
vt 0.079546 0.244318
vt 0.068182 0.227273
vt 0.068182 0.215909
vt 0.079546 0.210227
vt 0.079546 0.221591
vt 0.068182 0.261364
vt 0.068182 0.250000
vt 0.079546 0.255682
vt 0.056818 0.255682
vt 0.045455 0.250000
vt 0.045455 0.238636
vt 0.056818 0.244318
vt 0.477273 0.079545
vt 0.488636 0.073864
vt 0.488636 0.085227
vt 0.477273 0.068182
vt 0.488636 0.062500
vt 0.477273 0.102273
vt 0.477273 0.090909
vt 0.488636 0.096591
vt 0.465909 0.096591
vt 0.454545 0.090909
vt 0.454545 0.079545
vt 0.465909 0.085227
vt 0.431818 0.102273
vt 0.443182 0.096591
vt 0.443182 0.107955
vt 0.431818 0.090909
vt 0.443182 0.085227
vt 0.431818 0.125000
vt 0.431818 0.113636
vt 0.443182 0.119318
vt 0.420455 0.119318
vt 0.409091 0.113636
vt 0.409091 0.102273
vt 0.420455 0.107955
vt 0.386364 0.125000
vt 0.397727 0.119318
vt 0.397727 0.130682
vt 0.386364 0.113636
vt 0.397727 0.107955
vt 0.386364 0.147727
vt 0.386364 0.136364
vt 0.397727 0.142045
vt 0.375000 0.142045
vt 0.363637 0.136364
vt 0.363637 0.125000
vt 0.375000 0.130682
vt 0.340909 0.147727
vt 0.352273 0.142045
vt 0.352273 0.153409
vt 0.340909 0.136364
vt 0.352273 0.130682
vt 0.340909 0.170455
vt 0.340909 0.159091
vt 0.352273 0.164773
vt 0.329546 0.164773
vt 0.318182 0.159091
vt 0.318182 0.147727
vt 0.329546 0.153409
vt 0.295455 0.170455
vt 0.306818 0.164773
vt 0.306818 0.176136
vt 0.295455 0.159091
vt 0.306818 0.153409
vt 0.295455 0.193182
vt 0.295455 0.181818
vt 0.306818 0.187500
vt 0.284091 0.187500
vt 0.272727 0.181818
vt 0.272727 0.170455
vt 0.284091 0.176136
vt 0.250000 0.193182
vt 0.261364 0.187500
vt 0.261364 0.198864
vt 0.250000 0.181818
vt 0.261364 0.176136
vt 0.250000 0.215909
vt 0.250000 0.204545
vt 0.261364 0.210227
vt 0.238636 0.210227
vt 0.227273 0.204545
vt 0.227273 0.193182
vt 0.238636 0.198864
vt 0.204545 0.215909
vt 0.215909 0.210227
vt 0.215909 0.221591
vt 0.204545 0.204545
vt 0.215909 0.198864
vt 0.204545 0.238636
vt 0.204545 0.227273
vt 0.215909 0.232955
vt 0.193182 0.232955
vt 0.181818 0.227273
vt 0.181818 0.215909
vt 0.193182 0.221591
vt 0.159091 0.238636
vt 0.170455 0.232955
vt 0.170455 0.244318
vt 0.159091 0.227273
vt 0.170455 0.221591
vt 0.159091 0.261364
vt 0.159091 0.250000
vt 0.170455 0.255682
vt 0.147727 0.255682
vt 0.136364 0.250000
vt 0.136364 0.238636
vt 0.147727 0.244318
vt 0.113636 0.261364
vt 0.125000 0.255682
vt 0.125000 0.267045
vt 0.113636 0.250000
vt 0.125000 0.244318
vt 0.113636 0.284091
vt 0.113636 0.272727
vt 0.125000 0.278409
vt 0.102273 0.278409
vt 0.090909 0.272727
vt 0.090909 0.261364
vt 0.102273 0.267045
vt 0.477273 0.125000
vt 0.488636 0.119318
vt 0.488636 0.130682
vt 0.477273 0.113636
vt 0.488636 0.107955
vt 0.477273 0.147727
vt 0.477273 0.136364
vt 0.488636 0.142045
vt 0.465909 0.142045
vt 0.454545 0.136364
vt 0.454545 0.125000
vt 0.465909 0.130682
vt 0.431818 0.147727
vt 0.443182 0.142045
vt 0.443182 0.153409
vt 0.431818 0.136364
vt 0.443182 0.130682
vt 0.431818 0.170455
vt 0.431818 0.159091
vt 0.443182 0.164773
vt 0.420455 0.164773
vt 0.409091 0.159091
vt 0.409091 0.147727
vt 0.420455 0.153409
vt 0.386364 0.170455
vt 0.397727 0.164773
vt 0.397727 0.176136
vt 0.386364 0.159091
vt 0.397727 0.153409
vt 0.386364 0.193182
vt 0.386364 0.181818
vt 0.397727 0.187500
vt 0.375000 0.187500
vt 0.363637 0.181818
vt 0.363637 0.170455
vt 0.375000 0.176136
vt 0.340909 0.193182
vt 0.352273 0.187500
vt 0.352273 0.198864
vt 0.340909 0.181818
vt 0.352273 0.176136
vt 0.340909 0.215909
vt 0.340909 0.204545
vt 0.352273 0.210227
vt 0.329546 0.210227
vt 0.318182 0.204545
vt 0.318182 0.193182
vt 0.329546 0.198864
vt 0.295455 0.215909
vt 0.306818 0.210227
vt 0.306818 0.221591
vt 0.295455 0.204545
vt 0.306818 0.198864
vt 0.295455 0.238636
vt 0.295455 0.227273
vt 0.306818 0.232955
vt 0.284091 0.232955
vt 0.272727 0.227273
vt 0.272727 0.215909
vt 0.284091 0.221591
vt 0.250000 0.238636
vt 0.261364 0.232955
vt 0.261364 0.244318
vt 0.250000 0.227273
vt 0.261364 0.221591
vt 0.250000 0.261364
vt 0.250000 0.250000
vt 0.261364 0.255682
vt 0.238636 0.255682
vt 0.227273 0.250000
vt 0.227273 0.238636
vt 0.238636 0.244318
vt 0.204545 0.261364
vt 0.215909 0.255682
vt 0.215909 0.267045
vt 0.204545 0.250000
vt 0.215909 0.244318
vt 0.204545 0.284091
vt 0.204545 0.272727
vt 0.215909 0.278409
vt 0.193182 0.278409
vt 0.181818 0.272727
vt 0.181818 0.261364
vt 0.193182 0.267045
vt 0.159091 0.284091
vt 0.170455 0.278409
vt 0.170455 0.289773
vt 0.159091 0.272727
vt 0.170455 0.267045
vt 0.159091 0.306818
vt 0.159091 0.295455
vt 0.170455 0.301136
vt 0.147727 0.301136
vt 0.136364 0.295455
vt 0.136364 0.284091
vt 0.147727 0.289773
vt 0.477273 0.170455
vt 0.488636 0.164773
vt 0.488636 0.176136
vt 0.477273 0.159091
vt 0.488636 0.153409
vt 0.477273 0.193182
vt 0.477273 0.181818
vt 0.488636 0.187500
vt 0.465909 0.187500
vt 0.454545 0.181818
vt 0.454545 0.170455
vt 0.465909 0.176136
vt 0.431818 0.193182
vt 0.443182 0.187500
vt 0.443182 0.198864
vt 0.431818 0.181818
vt 0.443182 0.176136
vt 0.431818 0.215909
vt 0.431818 0.204545
vt 0.443182 0.210227
vt 0.420455 0.210227
vt 0.409091 0.204545
vt 0.409091 0.193182
vt 0.420455 0.198864
vt 0.386364 0.215909
vt 0.397727 0.210227
vt 0.397727 0.221591
vt 0.386364 0.204545
vt 0.397727 0.198864
vt 0.386364 0.238636
vt 0.386364 0.227273
vt 0.397727 0.232955
vt 0.375000 0.232955
vt 0.363637 0.227273
vt 0.363637 0.215909
vt 0.375000 0.221591
vt 0.340909 0.238636
vt 0.352273 0.232955
vt 0.352273 0.244318
vt 0.340909 0.227273
vt 0.352273 0.221591
vt 0.340909 0.261364
vt 0.340909 0.250000
vt 0.352273 0.255682
vt 0.329546 0.255682
vt 0.318182 0.250000
vt 0.318182 0.238636
vt 0.329546 0.244318
vt 0.295455 0.261364
vt 0.306818 0.255682
vt 0.306818 0.267045
vt 0.295455 0.250000
vt 0.306818 0.244318
vt 0.295455 0.284091
vt 0.295455 0.272727
vt 0.306818 0.278409
vt 0.284091 0.278409
vt 0.272727 0.272727
vt 0.272727 0.261364
vt 0.284091 0.267045
vt 0.250000 0.284091
vt 0.261364 0.278409
vt 0.261364 0.289773
vt 0.250000 0.272727
vt 0.261364 0.267045
vt 0.250000 0.306818
vt 0.250000 0.295455
vt 0.261364 0.301136
vt 0.238636 0.301136
vt 0.227273 0.295455
vt 0.227273 0.284091
vt 0.238636 0.289773
vt 0.204545 0.306818
vt 0.215909 0.301136
vt 0.215909 0.312500
vt 0.204545 0.295455
vt 0.215909 0.289773
vt 0.204545 0.329545
vt 0.204545 0.318182
vt 0.215909 0.323864
vt 0.193182 0.323864
vt 0.181818 0.318182
vt 0.181818 0.306818
vt 0.193182 0.312500
vt 0.477273 0.215909
vt 0.488636 0.210227
vt 0.488636 0.221591
vt 0.477273 0.204545
vt 0.488636 0.198864
vt 0.477273 0.238636
vt 0.477273 0.227273
vt 0.488636 0.232955
vt 0.465909 0.232955
vt 0.454545 0.227273
vt 0.454545 0.215909
vt 0.465909 0.221591
vt 0.431818 0.238636
vt 0.443182 0.232955
vt 0.443182 0.244318
vt 0.431818 0.227273
vt 0.443182 0.221591
vt 0.431818 0.261364
vt 0.431818 0.250000
vt 0.443182 0.255682
vt 0.420455 0.255682
vt 0.409091 0.250000
vt 0.409091 0.238636
vt 0.420455 0.244318
vt 0.386364 0.261364
vt 0.397727 0.255682
vt 0.397727 0.267045
vt 0.386364 0.250000
vt 0.397727 0.244318
vt 0.386364 0.284091
vt 0.386364 0.272727
vt 0.397727 0.278409
vt 0.375000 0.278409
vt 0.363637 0.272727
vt 0.363637 0.261364
vt 0.375000 0.267045
vt 0.340909 0.284091
vt 0.352273 0.278409
vt 0.352273 0.289773
vt 0.340909 0.272727
vt 0.352273 0.267045
vt 0.340909 0.306818
vt 0.340909 0.295455
vt 0.352273 0.301136
vt 0.329546 0.301136
vt 0.318182 0.295455
vt 0.318182 0.284091
vt 0.329546 0.289773
vt 0.295455 0.306818
vt 0.306818 0.301136
vt 0.306818 0.312500
vt 0.295455 0.295455
vt 0.306818 0.289773
vt 0.295455 0.329545
vt 0.295455 0.318182
vt 0.306818 0.323864
vt 0.284091 0.323864
vt 0.272727 0.318182
vt 0.272727 0.306818
vt 0.284091 0.312500
vt 0.250000 0.329545
vt 0.261364 0.323864
vt 0.261364 0.335227
vt 0.250000 0.318182
vt 0.261364 0.312500
vt 0.250000 0.352273
vt 0.250000 0.340909
vt 0.261364 0.346591
vt 0.238636 0.346591
vt 0.227273 0.340909
vt 0.227273 0.329545
vt 0.238636 0.335227
vt 0.477273 0.261364
vt 0.488636 0.255682
vt 0.488636 0.267045
vt 0.477273 0.250000
vt 0.488636 0.244318
vt 0.477273 0.284091
vt 0.477273 0.272727
vt 0.488636 0.278409
vt 0.465909 0.278409
vt 0.454545 0.272727
vt 0.454545 0.261364
vt 0.465909 0.267045
vt 0.431818 0.284091
vt 0.443182 0.278409
vt 0.443182 0.289773
vt 0.431818 0.272727
vt 0.443182 0.267045
vt 0.431818 0.306818
vt 0.431818 0.295455
vt 0.443182 0.301136
vt 0.420455 0.301136
vt 0.409091 0.295455
vt 0.409091 0.284091
vt 0.420455 0.289773
vt 0.386364 0.306818
vt 0.397727 0.301136
vt 0.397727 0.312500
vt 0.386364 0.295455
vt 0.397727 0.289773
vt 0.386364 0.329545
vt 0.386364 0.318182
vt 0.397727 0.323864
vt 0.375000 0.323864
vt 0.363637 0.318182
vt 0.363637 0.306818
vt 0.375000 0.312500
vt 0.340909 0.329545
vt 0.352273 0.323864
vt 0.352273 0.335227
vt 0.340909 0.318182
vt 0.352273 0.312500
vt 0.340909 0.352273
vt 0.340909 0.340909
vt 0.352273 0.346591
vt 0.329546 0.346591
vt 0.318182 0.340909
vt 0.318182 0.329545
vt 0.329546 0.335227
vt 0.295455 0.352273
vt 0.306818 0.346591
vt 0.306818 0.357955
vt 0.295455 0.340909
vt 0.306818 0.335227
vt 0.295455 0.375000
vt 0.295455 0.363636
vt 0.306818 0.369318
vt 0.284091 0.369318
vt 0.272727 0.363636
vt 0.272727 0.352273
vt 0.284091 0.357955
vt 0.477273 0.306818
vt 0.488636 0.301136
vt 0.488636 0.312500
vt 0.477273 0.295455
vt 0.488636 0.289773
vt 0.477273 0.329545
vt 0.477273 0.318182
vt 0.488636 0.323864
vt 0.465909 0.323864
vt 0.454545 0.318182
vt 0.454545 0.306818
vt 0.465909 0.312500
vt 0.431818 0.329545
vt 0.443182 0.323864
vt 0.443182 0.335227
vt 0.431818 0.318182
vt 0.443182 0.312500
vt 0.431818 0.352273
vt 0.431818 0.340909
vt 0.443182 0.346591
vt 0.420455 0.346591
vt 0.409091 0.340909
vt 0.409091 0.329545
vt 0.420455 0.335227
vt 0.386364 0.352273
vt 0.397727 0.346591
vt 0.397727 0.357955
vt 0.386364 0.340909
vt 0.397727 0.335227
vt 0.386364 0.375000
vt 0.386364 0.363636
vt 0.397727 0.369318
vt 0.375000 0.369318
vt 0.363637 0.363636
vt 0.363637 0.352273
vt 0.375000 0.357955
vt 0.340909 0.375000
vt 0.352273 0.369318
vt 0.352273 0.380682
vt 0.340909 0.363636
vt 0.352273 0.357955
vt 0.340909 0.397727
vt 0.340909 0.386364
vt 0.352273 0.392045
vt 0.329546 0.392045
vt 0.318182 0.386364
vt 0.318182 0.375000
vt 0.329546 0.380682
vt 0.477273 0.352273
vt 0.488636 0.346591
vt 0.488636 0.357955
vt 0.477273 0.340909
vt 0.488636 0.335227
vt 0.477273 0.375000
vt 0.477273 0.363636
vt 0.488636 0.369318
vt 0.465909 0.369318
vt 0.454545 0.363636
vt 0.454545 0.352273
vt 0.465909 0.357955
vt 0.431818 0.375000
vt 0.443182 0.369318
vt 0.443182 0.380682
vt 0.431818 0.363636
vt 0.443182 0.357955
vt 0.431818 0.397727
vt 0.431818 0.386364
vt 0.443182 0.392045
vt 0.420455 0.392045
vt 0.409091 0.386364
vt 0.409091 0.375000
vt 0.420455 0.380682
vt 0.386364 0.397727
vt 0.397727 0.392045
vt 0.397727 0.403409
vt 0.386364 0.386364
vt 0.397727 0.380682
vt 0.386364 0.420455
vt 0.386364 0.409091
vt 0.397727 0.414773
vt 0.375000 0.414773
vt 0.363637 0.409091
vt 0.363637 0.397727
vt 0.375000 0.403409
vt 0.477273 0.397727
vt 0.488636 0.392045
vt 0.488636 0.403409
vt 0.477273 0.386364
vt 0.488636 0.380682
vt 0.477273 0.420455
vt 0.477273 0.409091
vt 0.488636 0.414773
vt 0.465909 0.414773
vt 0.454545 0.409091
vt 0.454545 0.397727
vt 0.465909 0.403409
vt 0.431818 0.420455
vt 0.443182 0.414773
vt 0.443182 0.426136
vt 0.431818 0.409091
vt 0.443182 0.403409
vt 0.431818 0.443182
vt 0.431818 0.431818
vt 0.443182 0.437500
vt 0.420455 0.437500
vt 0.409091 0.431818
vt 0.409091 0.420455
vt 0.420455 0.426136
vt 0.477273 0.443182
vt 0.488636 0.437500
vt 0.488636 0.448864
vt 0.477273 0.431818
vt 0.488636 0.426136
vt 0.477273 0.465909
vt 0.477273 0.454545
vt 0.488636 0.460227
vt 0.465909 0.460227
vt 0.454545 0.454545
vt 0.454545 0.443182
vt 0.465909 0.448864
vt 0.068182 0.284091
vt 0.079546 0.278409
vt 0.079546 0.289773
vt 0.068182 0.272727
vt 0.079546 0.267045
vt 0.113636 0.306818
vt 0.125000 0.301136
vt 0.125000 0.312500
vt 0.113636 0.295455
vt 0.125000 0.289773
vt 0.159091 0.329545
vt 0.170455 0.323864
vt 0.170455 0.335227
vt 0.159091 0.318182
vt 0.170455 0.312500
vt 0.204545 0.352273
vt 0.215909 0.346591
vt 0.215909 0.357955
vt 0.204545 0.340909
vt 0.215909 0.335227
vt 0.250000 0.375000
vt 0.261364 0.369318
vt 0.261364 0.380682
vt 0.250000 0.363636
vt 0.261364 0.357955
vt 0.295455 0.397727
vt 0.306818 0.392045
vt 0.306818 0.403409
vt 0.295455 0.386364
vt 0.306818 0.380682
vt 0.340909 0.420455
vt 0.352273 0.414773
vt 0.352273 0.426136
vt 0.340909 0.409091
vt 0.352273 0.403409
vt 0.386364 0.443182
vt 0.397727 0.437500
vt 0.397727 0.448864
vt 0.386364 0.431818
vt 0.397727 0.426136
vt 0.431818 0.465909
vt 0.443182 0.460227
vt 0.443182 0.471591
vt 0.431818 0.454545
vt 0.443182 0.448864
vt 0.477273 0.488636
vt 0.488636 0.482955
vt 0.488636 0.494318
vt 0.477273 0.477273
vt 0.488636 0.471591
vt 0.954546 0.250000
vt 0.965909 0.255682
vt 0.954546 0.261364
vt 0.965909 0.244318
vt 0.977273 0.238636
vt 0.988637 0.244318
vt 0.977273 0.250000
vt 0.931818 0.261364
vt 0.943182 0.255682
vt 0.943182 0.267045
vt 0.931818 0.250000
vt 0.931818 0.238636
vt 0.943182 0.232955
vt 0.943182 0.244318
vt 0.909091 0.227273
vt 0.920455 0.232955
vt 0.909091 0.238636
vt 0.920455 0.221591
vt 0.931818 0.215909
vt 0.943182 0.221591
vt 0.931818 0.227273
vt 0.886364 0.238636
vt 0.897727 0.232955
vt 0.897727 0.244318
vt 0.886364 0.227273
vt 0.886364 0.215909
vt 0.897727 0.210227
vt 0.897727 0.221591
vt 0.863636 0.204545
vt 0.875000 0.210227
vt 0.863636 0.215909
vt 0.875000 0.198864
vt 0.886364 0.193182
vt 0.897727 0.198864
vt 0.886364 0.204545
vt 0.840909 0.215909
vt 0.852273 0.210227
vt 0.852273 0.221591
vt 0.840909 0.204545
vt 0.840909 0.193182
vt 0.852273 0.187500
vt 0.852273 0.198864
vt 0.818182 0.181818
vt 0.829546 0.187500
vt 0.818182 0.193182
vt 0.829546 0.176136
vt 0.840909 0.170455
vt 0.852273 0.176136
vt 0.840909 0.181818
vt 0.795455 0.193182
vt 0.806818 0.187500
vt 0.806818 0.198864
vt 0.795455 0.181818
vt 0.795455 0.170455
vt 0.806818 0.164773
vt 0.806818 0.176136
vt 0.772727 0.159091
vt 0.784091 0.164773
vt 0.772727 0.170455
vt 0.784091 0.153409
vt 0.795455 0.147727
vt 0.806818 0.153409
vt 0.795455 0.159091
vt 0.750000 0.170455
vt 0.761364 0.164773
vt 0.761364 0.176136
vt 0.750000 0.159091
vt 0.750000 0.147727
vt 0.761364 0.142045
vt 0.761364 0.153409
vt 0.727273 0.136364
vt 0.738636 0.142045
vt 0.727273 0.147727
vt 0.738636 0.130682
vt 0.750000 0.125000
vt 0.761364 0.130682
vt 0.750000 0.136364
vt 0.704545 0.147727
vt 0.715909 0.142045
vt 0.715909 0.153409
vt 0.704545 0.136364
vt 0.704545 0.125000
vt 0.715909 0.119318
vt 0.715909 0.130682
vt 0.681818 0.113636
vt 0.693182 0.119318
vt 0.681818 0.125000
vt 0.693182 0.107955
vt 0.704545 0.102273
vt 0.715909 0.107954
vt 0.704545 0.113636
vt 0.659091 0.125000
vt 0.670455 0.119318
vt 0.670455 0.130682
vt 0.659091 0.113636
vt 0.659091 0.102273
vt 0.670455 0.096591
vt 0.670455 0.107955
vt 0.636364 0.090909
vt 0.647727 0.096591
vt 0.636364 0.102273
vt 0.647727 0.085227
vt 0.659091 0.079545
vt 0.670455 0.085227
vt 0.659091 0.090909
vt 0.613637 0.102273
vt 0.625000 0.096591
vt 0.625000 0.107955
vt 0.613637 0.090909
vt 0.613637 0.079545
vt 0.625000 0.073864
vt 0.625000 0.085227
vt 0.590909 0.068182
vt 0.602273 0.073864
vt 0.590909 0.079545
vt 0.602273 0.062500
vt 0.613637 0.056818
vt 0.625000 0.062500
vt 0.613637 0.068182
vt 0.568182 0.079545
vt 0.579545 0.073864
vt 0.579545 0.085227
vt 0.568182 0.068182
vt 0.568182 0.056818
vt 0.579545 0.051136
vt 0.579545 0.062500
vt 0.545455 0.045455
vt 0.556818 0.051136
vt 0.545455 0.056818
vt 0.556818 0.039773
vt 0.568182 0.034091
vt 0.579545 0.039773
vt 0.568182 0.045455
vt 0.522727 0.056818
vt 0.534091 0.051136
vt 0.534091 0.062500
vt 0.522727 0.045455
vt 0.522727 0.034091
vt 0.534091 0.028409
vt 0.534091 0.039773
vt 0.909091 0.272727
vt 0.920455 0.278409
vt 0.909091 0.284091
vt 0.920455 0.267045
vt 0.931818 0.272727
vt 0.886364 0.284091
vt 0.897727 0.278409
vt 0.897727 0.289773
vt 0.886364 0.272727
vt 0.886364 0.261364
vt 0.897727 0.255682
vt 0.897727 0.267045
vt 0.863636 0.250000
vt 0.875000 0.255682
vt 0.863636 0.261364
vt 0.875000 0.244318
vt 0.886364 0.250000
vt 0.840909 0.261364
vt 0.852273 0.255682
vt 0.852273 0.267045
vt 0.840909 0.250000
vt 0.840909 0.238636
vt 0.852273 0.232955
vt 0.852273 0.244318
vt 0.818182 0.227273
vt 0.829546 0.232955
vt 0.818182 0.238636
vt 0.829546 0.221591
vt 0.840909 0.227273
vt 0.795455 0.238636
vt 0.806818 0.232955
vt 0.806818 0.244318
vt 0.795455 0.227273
vt 0.795455 0.215909
vt 0.806818 0.210227
vt 0.806818 0.221591
vt 0.772727 0.204545
vt 0.784091 0.210227
vt 0.772727 0.215909
vt 0.784091 0.198864
vt 0.795455 0.204545
vt 0.750000 0.215909
vt 0.761364 0.210227
vt 0.761364 0.221591
vt 0.750000 0.204545
vt 0.750000 0.193182
vt 0.761364 0.187500
vt 0.761364 0.198864
vt 0.727273 0.181818
vt 0.738636 0.187500
vt 0.727273 0.193182
vt 0.738636 0.176136
vt 0.750000 0.181818
vt 0.704545 0.193182
vt 0.715909 0.187500
vt 0.715909 0.198864
vt 0.704545 0.181818
vt 0.704545 0.170455
vt 0.715909 0.164773
vt 0.715909 0.176136
vt 0.681818 0.159091
vt 0.693182 0.164773
vt 0.681818 0.170455
vt 0.693182 0.153409
vt 0.704545 0.159091
vt 0.659091 0.170455
vt 0.670455 0.164773
vt 0.670455 0.176136
vt 0.659091 0.159091
vt 0.659091 0.147727
vt 0.670455 0.142046
vt 0.670455 0.153409
vt 0.636364 0.136364
vt 0.647727 0.142046
vt 0.636364 0.147727
vt 0.647727 0.130682
vt 0.659091 0.136364
vt 0.613637 0.147727
vt 0.625000 0.142046
vt 0.625000 0.153409
vt 0.613637 0.136364
vt 0.613637 0.125000
vt 0.625000 0.119318
vt 0.625000 0.130682
vt 0.590909 0.113636
vt 0.602273 0.119318
vt 0.590909 0.125000
vt 0.602273 0.107955
vt 0.613637 0.113636
vt 0.568182 0.125000
vt 0.579545 0.119318
vt 0.579545 0.130682
vt 0.568182 0.113636
vt 0.568182 0.102273
vt 0.579545 0.096591
vt 0.579545 0.107955
vt 0.545455 0.090909
vt 0.556818 0.096591
vt 0.545455 0.102273
vt 0.556818 0.085227
vt 0.568182 0.090909
vt 0.522727 0.102273
vt 0.534091 0.096591
vt 0.534091 0.107955
vt 0.522727 0.090909
vt 0.522727 0.079545
vt 0.534091 0.073864
vt 0.534091 0.085227
vt 0.863636 0.295455
vt 0.875000 0.301136
vt 0.863636 0.306818
vt 0.875000 0.289773
vt 0.886364 0.295455
vt 0.840909 0.306818
vt 0.852273 0.301136
vt 0.852273 0.312500
vt 0.840909 0.295455
vt 0.840909 0.284091
vt 0.852273 0.278409
vt 0.852273 0.289773
vt 0.818182 0.272727
vt 0.829546 0.278409
vt 0.818182 0.284091
vt 0.829546 0.267045
vt 0.840909 0.272727
vt 0.795455 0.284091
vt 0.806818 0.278409
vt 0.806818 0.289773
vt 0.795455 0.272727
vt 0.795455 0.261364
vt 0.806818 0.255682
vt 0.806818 0.267045
vt 0.772727 0.250000
vt 0.784091 0.255682
vt 0.772727 0.261364
vt 0.784091 0.244318
vt 0.795455 0.250000
vt 0.750000 0.261364
vt 0.761364 0.255682
vt 0.761364 0.267045
vt 0.750000 0.250000
vt 0.750000 0.238636
vt 0.761364 0.232955
vt 0.761364 0.244318
vt 0.727273 0.227273
vt 0.738636 0.232955
vt 0.727273 0.238636
vt 0.738636 0.221591
vt 0.750000 0.227273
vt 0.704545 0.238636
vt 0.715909 0.232955
vt 0.715909 0.244318
vt 0.704545 0.227273
vt 0.704545 0.215909
vt 0.715909 0.210227
vt 0.715909 0.221591
vt 0.681818 0.204545
vt 0.693182 0.210227
vt 0.681818 0.215909
vt 0.693182 0.198864
vt 0.704545 0.204545
vt 0.659091 0.215909
vt 0.670455 0.210227
vt 0.670455 0.221591
vt 0.659091 0.204545
vt 0.659091 0.193182
vt 0.670455 0.187500
vt 0.670455 0.198864
vt 0.636364 0.181818
vt 0.647727 0.187500
vt 0.636364 0.193182
vt 0.647727 0.176136
vt 0.659091 0.181818
vt 0.613637 0.193182
vt 0.625000 0.187500
vt 0.625000 0.198864
vt 0.613637 0.181818
vt 0.613637 0.170455
vt 0.625000 0.164773
vt 0.625000 0.176136
vt 0.590909 0.159091
vt 0.602273 0.164773
vt 0.590909 0.170455
vt 0.602273 0.153409
vt 0.613637 0.159091
vt 0.568182 0.170455
vt 0.579545 0.164773
vt 0.579545 0.176136
vt 0.568182 0.159091
vt 0.568182 0.147727
vt 0.579545 0.142045
vt 0.579545 0.153409
vt 0.545455 0.136364
vt 0.556818 0.142045
vt 0.545455 0.147727
vt 0.556818 0.130682
vt 0.568182 0.136364
vt 0.522727 0.147727
vt 0.534091 0.142045
vt 0.534091 0.153409
vt 0.522727 0.136364
vt 0.522727 0.125000
vt 0.534091 0.119318
vt 0.534091 0.130682
vt 0.818182 0.318182
vt 0.829546 0.323864
vt 0.818182 0.329545
vt 0.829546 0.312500
vt 0.840909 0.318182
vt 0.795455 0.329545
vt 0.806818 0.323864
vt 0.806818 0.335227
vt 0.795455 0.318182
vt 0.795455 0.306818
vt 0.806818 0.301136
vt 0.806818 0.312500
vt 0.772727 0.295455
vt 0.784091 0.301136
vt 0.772727 0.306818
vt 0.784091 0.289773
vt 0.795455 0.295455
vt 0.750000 0.306818
vt 0.761364 0.301136
vt 0.761364 0.312500
vt 0.750000 0.295455
vt 0.750000 0.284091
vt 0.761364 0.278409
vt 0.761364 0.289773
vt 0.727273 0.272727
vt 0.738636 0.278409
vt 0.727273 0.284091
vt 0.738636 0.267045
vt 0.750000 0.272727
vt 0.704545 0.284091
vt 0.715909 0.278409
vt 0.715909 0.289773
vt 0.704545 0.272727
vt 0.704545 0.261364
vt 0.715909 0.255682
vt 0.715909 0.267045
vt 0.681818 0.250000
vt 0.693182 0.255682
vt 0.681818 0.261364
vt 0.693182 0.244318
vt 0.704545 0.250000
vt 0.659091 0.261364
vt 0.670455 0.255682
vt 0.670455 0.267045
vt 0.659091 0.250000
vt 0.659091 0.238636
vt 0.670455 0.232955
vt 0.670455 0.244318
vt 0.636364 0.227273
vt 0.647727 0.232955
vt 0.636364 0.238636
vt 0.647727 0.221591
vt 0.659091 0.227273
vt 0.613637 0.238636
vt 0.625000 0.232955
vt 0.625000 0.244318
vt 0.613637 0.227273
vt 0.613637 0.215909
vt 0.625000 0.210227
vt 0.625000 0.221591
vt 0.590909 0.204545
vt 0.602273 0.210227
vt 0.590909 0.215909
vt 0.602273 0.198864
vt 0.613637 0.204545
vt 0.568182 0.215909
vt 0.579545 0.210227
vt 0.579545 0.221591
vt 0.568182 0.204545
vt 0.568182 0.193182
vt 0.579545 0.187500
vt 0.579545 0.198864
vt 0.545455 0.181818
vt 0.556818 0.187500
vt 0.545455 0.193182
vt 0.556818 0.176136
vt 0.568182 0.181818
vt 0.522727 0.193182
vt 0.534091 0.187500
vt 0.534091 0.198864
vt 0.522727 0.181818
vt 0.522727 0.170455
vt 0.534091 0.164773
vt 0.534091 0.176136
vt 0.772727 0.340909
vt 0.784091 0.346591
vt 0.772727 0.352273
vt 0.784091 0.335227
vt 0.795455 0.340909
vt 0.750000 0.352273
vt 0.761364 0.346591
vt 0.761364 0.357955
vt 0.750000 0.340909
vt 0.750000 0.329545
vt 0.761364 0.323864
vt 0.761364 0.335227
vt 0.727273 0.318182
vt 0.738636 0.323864
vt 0.727273 0.329545
vt 0.738636 0.312500
vt 0.750000 0.318182
vt 0.704545 0.329545
vt 0.715909 0.323864
vt 0.715909 0.335227
vt 0.704545 0.318182
vt 0.704545 0.306818
vt 0.715909 0.301136
vt 0.715909 0.312500
vt 0.681818 0.295455
vt 0.693182 0.301136
vt 0.681818 0.306818
vt 0.693182 0.289773
vt 0.704545 0.295455
vt 0.659091 0.306818
vt 0.670455 0.301136
vt 0.670455 0.312500
vt 0.659091 0.295455
vt 0.659091 0.284091
vt 0.670455 0.278409
vt 0.670455 0.289773
vt 0.636364 0.272727
vt 0.647727 0.278409
vt 0.636364 0.284091
vt 0.647727 0.267045
vt 0.659091 0.272727
vt 0.613637 0.284091
vt 0.625000 0.278409
vt 0.625000 0.289773
vt 0.613637 0.272727
vt 0.613637 0.261364
vt 0.625000 0.255682
vt 0.625000 0.267045
vt 0.590909 0.250000
vt 0.602273 0.255682
vt 0.590909 0.261364
vt 0.602273 0.244318
vt 0.613637 0.250000
vt 0.568182 0.261364
vt 0.579545 0.255682
vt 0.579545 0.267045
vt 0.568182 0.250000
vt 0.568182 0.238636
vt 0.579545 0.232955
vt 0.579545 0.244318
vt 0.545455 0.227273
vt 0.556818 0.232955
vt 0.545455 0.238636
vt 0.556818 0.221591
vt 0.568182 0.227273
vt 0.522727 0.238636
vt 0.534091 0.232955
vt 0.534091 0.244318
vt 0.522727 0.227273
vt 0.522727 0.215909
vt 0.534091 0.210227
vt 0.534091 0.221591
vt 0.727273 0.363636
vt 0.738636 0.369318
vt 0.727273 0.375000
vt 0.738636 0.357955
vt 0.750000 0.363636
vt 0.704545 0.375000
vt 0.715909 0.369318
vt 0.715909 0.380682
vt 0.704545 0.363636
vt 0.704545 0.352273
vt 0.715909 0.346591
vt 0.715909 0.357955
vt 0.681818 0.340909
vt 0.693182 0.346591
vt 0.681818 0.352273
vt 0.693182 0.335227
vt 0.704545 0.340909
vt 0.659091 0.352273
vt 0.670455 0.346591
vt 0.670455 0.357955
vt 0.659091 0.340909
vt 0.659091 0.329545
vt 0.670455 0.323864
vt 0.670455 0.335227
vt 0.636364 0.318182
vt 0.647727 0.323864
vt 0.636364 0.329545
vt 0.647727 0.312500
vt 0.659091 0.318182
vt 0.613637 0.329545
vt 0.625000 0.323864
vt 0.625000 0.335227
vt 0.613637 0.318182
vt 0.613637 0.306818
vt 0.625000 0.301136
vt 0.625000 0.312500
vt 0.590909 0.295455
vt 0.602273 0.301136
vt 0.590909 0.306818
vt 0.602273 0.289773
vt 0.613637 0.295455
vt 0.568182 0.306818
vt 0.579545 0.301136
vt 0.579545 0.312500
vt 0.568182 0.295455
vt 0.568182 0.284091
vt 0.579545 0.278409
vt 0.579545 0.289773
vt 0.545455 0.272727
vt 0.556818 0.278409
vt 0.545455 0.284091
vt 0.556818 0.267045
vt 0.568182 0.272727
vt 0.522727 0.284091
vt 0.534091 0.278409
vt 0.534091 0.289773
vt 0.522727 0.272727
vt 0.522727 0.261364
vt 0.534091 0.255682
vt 0.534091 0.267045
vt 0.681818 0.386364
vt 0.693182 0.392045
vt 0.681818 0.397727
vt 0.693182 0.380682
vt 0.704545 0.386364
vt 0.659091 0.397727
vt 0.670455 0.392045
vt 0.670455 0.403409
vt 0.659091 0.386364
vt 0.659091 0.375000
vt 0.670455 0.369318
vt 0.670455 0.380682
vt 0.636364 0.363636
vt 0.647727 0.369318
vt 0.636364 0.375000
vt 0.647727 0.357955
vt 0.659091 0.363636
vt 0.613637 0.375000
vt 0.625000 0.369318
vt 0.625000 0.380682
vt 0.613637 0.363636
vt 0.613637 0.352273
vt 0.625000 0.346591
vt 0.625000 0.357955
vt 0.590909 0.340909
vt 0.602273 0.346591
vt 0.590909 0.352273
vt 0.602273 0.335227
vt 0.613637 0.340909
vt 0.568182 0.352273
vt 0.579545 0.346591
vt 0.579545 0.357955
vt 0.568182 0.340909
vt 0.568182 0.329545
vt 0.579545 0.323864
vt 0.579545 0.335227
vt 0.545455 0.318182
vt 0.556818 0.323864
vt 0.545455 0.329545
vt 0.556818 0.312500
vt 0.568182 0.318182
vt 0.522727 0.329545
vt 0.534091 0.323864
vt 0.534091 0.335227
vt 0.522727 0.318182
vt 0.522727 0.306818
vt 0.534091 0.301136
vt 0.534091 0.312500
vt 0.636364 0.409091
vt 0.647727 0.414773
vt 0.636364 0.420455
vt 0.647727 0.403409
vt 0.659091 0.409091
vt 0.613637 0.420455
vt 0.625000 0.414773
vt 0.625000 0.426136
vt 0.613637 0.409091
vt 0.613637 0.397727
vt 0.625000 0.392045
vt 0.625000 0.403409
vt 0.590909 0.386364
vt 0.602273 0.392045
vt 0.590909 0.397727
vt 0.602273 0.380682
vt 0.613637 0.386364
vt 0.568182 0.397727
vt 0.579545 0.392045
vt 0.579545 0.403409
vt 0.568182 0.386364
vt 0.568182 0.375000
vt 0.579545 0.369318
vt 0.579545 0.380682
vt 0.545455 0.363636
vt 0.556818 0.369318
vt 0.545455 0.375000
vt 0.556818 0.357955
vt 0.568182 0.363636
vt 0.522727 0.375000
vt 0.534091 0.369318
vt 0.534091 0.380682
vt 0.522727 0.363636
vt 0.522727 0.352273
vt 0.534091 0.346591
vt 0.534091 0.357955
vt 0.590909 0.431818
vt 0.602273 0.437500
vt 0.590909 0.443182
vt 0.602273 0.426136
vt 0.613637 0.431818
vt 0.568182 0.443182
vt 0.579545 0.437500
vt 0.579545 0.448864
vt 0.568182 0.431818
vt 0.568182 0.420455
vt 0.579545 0.414773
vt 0.579545 0.426136
vt 0.545455 0.409091
vt 0.556818 0.414773
vt 0.545455 0.420455
vt 0.556818 0.403409
vt 0.568182 0.409091
vt 0.522727 0.420455
vt 0.534091 0.414773
vt 0.534091 0.426136
vt 0.522727 0.409091
vt 0.522727 0.397727
vt 0.534091 0.392045
vt 0.534091 0.403409
vt 0.545455 0.454545
vt 0.556818 0.460227
vt 0.545455 0.465909
vt 0.556818 0.448864
vt 0.568182 0.454545
vt 0.522727 0.465909
vt 0.534091 0.460227
vt 0.534091 0.471591
vt 0.522727 0.454545
vt 0.522727 0.443182
vt 0.534091 0.437500
vt 0.534091 0.448864
vt 0.500000 0.068182
vt 0.511364 0.073864
vt 0.500000 0.079545
vt 0.511364 0.062500
vt 0.522727 0.068182
vt 0.500000 0.113636
vt 0.511364 0.119318
vt 0.500000 0.125000
vt 0.511364 0.107955
vt 0.522727 0.113636
vt 0.500000 0.159091
vt 0.511364 0.164773
vt 0.500000 0.170455
vt 0.511364 0.153409
vt 0.522727 0.159091
vt 0.500000 0.204545
vt 0.511364 0.210227
vt 0.500000 0.215909
vt 0.511364 0.198864
vt 0.522727 0.204545
vt 0.500000 0.250000
vt 0.511364 0.255682
vt 0.500000 0.261364
vt 0.511364 0.244318
vt 0.522727 0.250000
vt 0.500000 0.295455
vt 0.511364 0.301136
vt 0.500000 0.306818
vt 0.511364 0.289773
vt 0.522727 0.295455
vt 0.500000 0.340909
vt 0.511364 0.346591
vt 0.500000 0.352273
vt 0.511364 0.335227
vt 0.522727 0.340909
vt 0.500000 0.386364
vt 0.511364 0.392045
vt 0.500000 0.397727
vt 0.511364 0.380682
vt 0.522727 0.386364
vt 0.500000 0.431818
vt 0.511364 0.437500
vt 0.500000 0.443182
vt 0.511364 0.426136
vt 0.522727 0.431818
vt 0.500000 0.477273
vt 0.511364 0.482955
vt 0.500000 0.488636
vt 0.511364 0.471591
vt 0.522727 0.477273
vt 0.545455 0.500000
vt 0.534091 0.494318
vt 0.545455 0.488636
vt 0.534091 0.505682
vt 0.522727 0.500000
vt 0.568182 0.488636
vt 0.556818 0.494318
vt 0.556818 0.482955
vt 0.568182 0.500000
vt 0.568182 0.511364
vt 0.556818 0.517045
vt 0.556818 0.505682
vt 0.590909 0.522727
vt 0.579545 0.517045
vt 0.590909 0.511364
vt 0.579545 0.528409
vt 0.568182 0.522727
vt 0.613637 0.511364
vt 0.602273 0.517045
vt 0.602273 0.505682
vt 0.613637 0.522727
vt 0.613637 0.534091
vt 0.602273 0.539773
vt 0.602273 0.528409
vt 0.636364 0.545455
vt 0.625000 0.539773
vt 0.636364 0.534091
vt 0.625000 0.551136
vt 0.613637 0.545455
vt 0.659091 0.534091
vt 0.647727 0.539773
vt 0.647727 0.528409
vt 0.659091 0.545455
vt 0.659091 0.556818
vt 0.647727 0.562500
vt 0.647727 0.551136
vt 0.681818 0.568182
vt 0.670455 0.562500
vt 0.681818 0.556818
vt 0.670455 0.573864
vt 0.659091 0.568182
vt 0.704545 0.556818
vt 0.693182 0.562500
vt 0.693182 0.551136
vt 0.704545 0.568182
vt 0.704545 0.579545
vt 0.693182 0.585227
vt 0.693182 0.573864
vt 0.727273 0.590909
vt 0.715909 0.585227
vt 0.727273 0.579545
vt 0.715909 0.596591
vt 0.704545 0.590909
vt 0.750000 0.579545
vt 0.738636 0.585227
vt 0.738636 0.573864
vt 0.750000 0.590909
vt 0.750000 0.602273
vt 0.738636 0.607955
vt 0.738636 0.596591
vt 0.772727 0.613636
vt 0.761364 0.607955
vt 0.772727 0.602273
vt 0.761364 0.619318
vt 0.750000 0.613636
vt 0.795455 0.602273
vt 0.784091 0.607955
vt 0.784091 0.596591
vt 0.795455 0.613636
vt 0.795455 0.625000
vt 0.784091 0.630682
vt 0.784091 0.619318
vt 0.818182 0.636364
vt 0.806818 0.630682
vt 0.818182 0.625000
vt 0.806818 0.642046
vt 0.795455 0.636364
vt 0.840909 0.625000
vt 0.829546 0.630682
vt 0.829546 0.619318
vt 0.840909 0.636364
vt 0.840909 0.647727
vt 0.829546 0.653409
vt 0.829546 0.642046
vt 0.863636 0.659091
vt 0.852273 0.653409
vt 0.863636 0.647727
vt 0.852273 0.664773
vt 0.840909 0.659091
vt 0.886364 0.647727
vt 0.875000 0.653409
vt 0.875000 0.642046
vt 0.886364 0.659091
vt 0.886364 0.670455
vt 0.875000 0.676137
vt 0.875000 0.664773
vt 0.909091 0.681818
vt 0.897727 0.676137
vt 0.909091 0.670455
vt 0.897727 0.687500
vt 0.886364 0.681818
vt 0.931818 0.670455
vt 0.920455 0.676137
vt 0.920455 0.664773
vt 0.931818 0.681818
vt 0.931818 0.693182
vt 0.920455 0.698864
vt 0.920455 0.687500
vt 0.954546 0.704546
vt 0.943182 0.698864
vt 0.954546 0.693182
vt 0.943182 0.710227
vt 0.931818 0.704546
vt 0.977273 0.693182
vt 0.965909 0.698864
vt 0.965909 0.687500
vt 0.977273 0.704546
vt 0.977273 0.715909
vt 0.965909 0.721591
vt 0.965909 0.710227
vt 0.590909 0.477273
vt 0.579545 0.471591
vt 0.590909 0.465909
vt 0.579545 0.482955
vt 0.568182 0.477273
vt 0.613637 0.465909
vt 0.602273 0.471591
vt 0.602273 0.460227
vt 0.613637 0.477273
vt 0.613637 0.488636
vt 0.602273 0.494318
vt 0.602273 0.482955
vt 0.636364 0.500000
vt 0.625000 0.494318
vt 0.636364 0.488636
vt 0.625000 0.505682
vt 0.613637 0.500000
vt 0.659091 0.488636
vt 0.647727 0.494318
vt 0.647727 0.482955
vt 0.659091 0.500000
vt 0.659091 0.511364
vt 0.647727 0.517045
vt 0.647727 0.505682
vt 0.681818 0.522727
vt 0.670455 0.517045
vt 0.681818 0.511364
vt 0.670455 0.528409
vt 0.659091 0.522727
vt 0.704545 0.511364
vt 0.693182 0.517045
vt 0.693182 0.505682
vt 0.704545 0.522727
vt 0.704545 0.534091
vt 0.693182 0.539773
vt 0.693182 0.528409
vt 0.727273 0.545455
vt 0.715909 0.539773
vt 0.727273 0.534091
vt 0.715909 0.551136
vt 0.704545 0.545455
vt 0.750000 0.534091
vt 0.738636 0.539773
vt 0.738636 0.528409
vt 0.750000 0.545455
vt 0.750000 0.556818
vt 0.738636 0.562500
vt 0.738636 0.551136
vt 0.772727 0.568182
vt 0.761364 0.562500
vt 0.772727 0.556818
vt 0.761364 0.573864
vt 0.750000 0.568182
vt 0.795455 0.556818
vt 0.784091 0.562500
vt 0.784091 0.551136
vt 0.795455 0.568182
vt 0.795455 0.579545
vt 0.784091 0.585227
vt 0.784091 0.573864
vt 0.818182 0.590909
vt 0.806818 0.585227
vt 0.818182 0.579545
vt 0.806818 0.596591
vt 0.795455 0.590909
vt 0.840909 0.579545
vt 0.829546 0.585227
vt 0.829546 0.573864
vt 0.840909 0.590909
vt 0.840909 0.602273
vt 0.829546 0.607955
vt 0.829546 0.596591
vt 0.863636 0.613636
vt 0.852273 0.607955
vt 0.863636 0.602273
vt 0.852273 0.619318
vt 0.840909 0.613636
vt 0.886364 0.602273
vt 0.875000 0.607955
vt 0.875000 0.596591
vt 0.886364 0.613636
vt 0.886364 0.625000
vt 0.875000 0.630682
vt 0.875000 0.619318
vt 0.909091 0.636364
vt 0.897727 0.630682
vt 0.909091 0.625000
vt 0.897727 0.642046
vt 0.886364 0.636364
vt 0.931818 0.625000
vt 0.920455 0.630682
vt 0.920455 0.619318
vt 0.931818 0.636364
vt 0.931818 0.647727
vt 0.920455 0.653409
vt 0.920455 0.642046
vt 0.954546 0.659091
vt 0.943182 0.653409
vt 0.954546 0.647727
vt 0.943182 0.664773
vt 0.931818 0.659091
vt 0.977273 0.647727
vt 0.965909 0.653409
vt 0.965909 0.642046
vt 0.977273 0.659091
vt 0.977273 0.670455
vt 0.965909 0.676137
vt 0.965909 0.664773
vt 0.636364 0.454545
vt 0.625000 0.448864
vt 0.636364 0.443182
vt 0.625000 0.460227
vt 0.613637 0.454545
vt 0.659091 0.443182
vt 0.647727 0.448864
vt 0.647727 0.437500
vt 0.659091 0.454545
vt 0.659091 0.465909
vt 0.647727 0.471591
vt 0.647727 0.460227
vt 0.681818 0.477273
vt 0.670455 0.471591
vt 0.681818 0.465909
vt 0.670455 0.482955
vt 0.659091 0.477273
vt 0.704545 0.465909
vt 0.693182 0.471591
vt 0.693182 0.460227
vt 0.704545 0.477273
vt 0.704545 0.488636
vt 0.693182 0.494318
vt 0.693182 0.482955
vt 0.727273 0.500000
vt 0.715909 0.494318
vt 0.727273 0.488636
vt 0.715909 0.505682
vt 0.704545 0.500000
vt 0.750000 0.488636
vt 0.738636 0.494318
vt 0.738636 0.482955
vt 0.750000 0.500000
vt 0.750000 0.511364
vt 0.738636 0.517045
vt 0.738636 0.505682
vt 0.772727 0.522727
vt 0.761364 0.517045
vt 0.772727 0.511364
vt 0.761364 0.528409
vt 0.750000 0.522727
vt 0.795455 0.511364
vt 0.784091 0.517045
vt 0.784091 0.505682
vt 0.795455 0.522727
vt 0.795455 0.534091
vt 0.784091 0.539773
vt 0.784091 0.528409
vt 0.818182 0.545455
vt 0.806818 0.539773
vt 0.818182 0.534091
vt 0.806818 0.551136
vt 0.795455 0.545455
vt 0.840909 0.534091
vt 0.829546 0.539773
vt 0.829546 0.528409
vt 0.840909 0.545455
vt 0.840909 0.556818
vt 0.829546 0.562500
vt 0.829546 0.551136
vt 0.863636 0.568182
vt 0.852273 0.562500
vt 0.863636 0.556818
vt 0.852273 0.573864
vt 0.840909 0.568182
vt 0.886364 0.556818
vt 0.875000 0.562500
vt 0.875000 0.551136
vt 0.886364 0.568182
vt 0.886364 0.579545
vt 0.875000 0.585227
vt 0.875000 0.573864
vt 0.909091 0.590909
vt 0.897727 0.585227
vt 0.909091 0.579545
vt 0.897727 0.596591
vt 0.886364 0.590909
vt 0.931818 0.579545
vt 0.920455 0.585227
vt 0.920455 0.573864
vt 0.931818 0.590909
vt 0.931818 0.602273
vt 0.920455 0.607955
vt 0.920455 0.596591
vt 0.954546 0.613636
vt 0.943182 0.607955
vt 0.954546 0.602273
vt 0.943182 0.619318
vt 0.931818 0.613636
vt 0.977273 0.602273
vt 0.965909 0.607955
vt 0.965909 0.596591
vt 0.977273 0.613636
vt 0.977273 0.625000
vt 0.965909 0.630682
vt 0.965909 0.619318
vt 0.681818 0.431818
vt 0.670455 0.426136
vt 0.681818 0.420455
vt 0.670455 0.437500
vt 0.659091 0.431818
vt 0.704545 0.420455
vt 0.693182 0.426136
vt 0.693182 0.414773
vt 0.704545 0.431818
vt 0.704545 0.443182
vt 0.693182 0.448864
vt 0.693182 0.437500
vt 0.727273 0.454545
vt 0.715909 0.448864
vt 0.727273 0.443182
vt 0.715909 0.460227
vt 0.704545 0.454545
vt 0.750000 0.443182
vt 0.738636 0.448864
vt 0.738636 0.437500
vt 0.750000 0.454545
vt 0.750000 0.465909
vt 0.738636 0.471591
vt 0.738636 0.460227
vt 0.772727 0.477273
vt 0.761364 0.471591
vt 0.772727 0.465909
vt 0.761364 0.482955
vt 0.750000 0.477273
vt 0.795455 0.465909
vt 0.784091 0.471591
vt 0.784091 0.460227
vt 0.795455 0.477273
vt 0.795455 0.488636
vt 0.784091 0.494318
vt 0.784091 0.482955
vt 0.818182 0.500000
vt 0.806818 0.494318
vt 0.818182 0.488636
vt 0.806818 0.505682
vt 0.795455 0.500000
vt 0.840909 0.488636
vt 0.829546 0.494318
vt 0.829546 0.482955
vt 0.840909 0.500000
vt 0.840909 0.511364
vt 0.829546 0.517045
vt 0.829546 0.505682
vt 0.863636 0.522727
vt 0.852273 0.517045
vt 0.863636 0.511364
vt 0.852273 0.528409
vt 0.840909 0.522727
vt 0.886364 0.511364
vt 0.875000 0.517045
vt 0.875000 0.505682
vt 0.886364 0.522727
vt 0.886364 0.534091
vt 0.875000 0.539773
vt 0.875000 0.528409
vt 0.909091 0.545455
vt 0.897727 0.539773
vt 0.909091 0.534091
vt 0.897727 0.551136
vt 0.886364 0.545455
vt 0.931818 0.534091
vt 0.920455 0.539773
vt 0.920455 0.528409
vt 0.931818 0.545455
vt 0.931818 0.556818
vt 0.920455 0.562500
vt 0.920455 0.551136
vt 0.954546 0.568182
vt 0.943182 0.562500
vt 0.954546 0.556818
vt 0.943182 0.573864
vt 0.931818 0.568182
vt 0.977273 0.556818
vt 0.965909 0.562500
vt 0.965909 0.551136
vt 0.977273 0.568182
vt 0.977273 0.579545
vt 0.965909 0.585227
vt 0.965909 0.573864
vt 0.727273 0.409091
vt 0.715909 0.403409
vt 0.727273 0.397727
vt 0.715909 0.414773
vt 0.704545 0.409091
vt 0.750000 0.397727
vt 0.738636 0.403409
vt 0.738636 0.392045
vt 0.750000 0.409091
vt 0.750000 0.420455
vt 0.738636 0.426136
vt 0.738636 0.414773
vt 0.772727 0.431818
vt 0.761364 0.426136
vt 0.772727 0.420455
vt 0.761364 0.437500
vt 0.750000 0.431818
vt 0.795455 0.420455
vt 0.784091 0.426136
vt 0.784091 0.414773
vt 0.795455 0.431818
vt 0.795455 0.443182
vt 0.784091 0.448864
vt 0.784091 0.437500
vt 0.818182 0.454545
vt 0.806818 0.448864
vt 0.818182 0.443182
vt 0.806818 0.460227
vt 0.795455 0.454545
vt 0.840909 0.443182
vt 0.829546 0.448864
vt 0.829546 0.437500
vt 0.840909 0.454545
vt 0.840909 0.465909
vt 0.829546 0.471591
vt 0.829546 0.460227
vt 0.863636 0.477273
vt 0.852273 0.471591
vt 0.863636 0.465909
vt 0.852273 0.482955
vt 0.840909 0.477273
vt 0.886364 0.465909
vt 0.875000 0.471591
vt 0.875000 0.460227
vt 0.886364 0.477273
vt 0.886364 0.488636
vt 0.875000 0.494318
vt 0.875000 0.482955
vt 0.909091 0.500000
vt 0.897727 0.494318
vt 0.909091 0.488636
vt 0.897727 0.505682
vt 0.886364 0.500000
vt 0.931818 0.488636
vt 0.920455 0.494318
vt 0.920455 0.482955
vt 0.931818 0.500000
vt 0.931818 0.511364
vt 0.920455 0.517045
vt 0.920455 0.505682
vt 0.954546 0.522727
vt 0.943182 0.517045
vt 0.954546 0.511364
vt 0.943182 0.528409
vt 0.931818 0.522727
vt 0.977273 0.511364
vt 0.965909 0.517045
vt 0.965909 0.505682
vt 0.977273 0.522727
vt 0.977273 0.534091
vt 0.965909 0.539773
vt 0.965909 0.528409
vt 0.772727 0.386364
vt 0.761364 0.380682
vt 0.772727 0.375000
vt 0.761364 0.392045
vt 0.750000 0.386364
vt 0.795455 0.375000
vt 0.784091 0.380682
vt 0.784091 0.369318
vt 0.795455 0.386364
vt 0.795455 0.397727
vt 0.784091 0.403409
vt 0.784091 0.392045
vt 0.818182 0.409091
vt 0.806818 0.403409
vt 0.818182 0.397727
vt 0.806818 0.414773
vt 0.795455 0.409091
vt 0.840909 0.397727
vt 0.829546 0.403409
vt 0.829546 0.392045
vt 0.840909 0.409091
vt 0.840909 0.420455
vt 0.829546 0.426136
vt 0.829546 0.414773
vt 0.863636 0.431818
vt 0.852273 0.426136
vt 0.863636 0.420455
vt 0.852273 0.437500
vt 0.840909 0.431818
vt 0.886364 0.420455
vt 0.875000 0.426136
vt 0.875000 0.414773
vt 0.886364 0.431818
vt 0.886364 0.443182
vt 0.875000 0.448864
vt 0.875000 0.437500
vt 0.909091 0.454545
vt 0.897727 0.448864
vt 0.909091 0.443182
vt 0.897727 0.460227
vt 0.886364 0.454545
vt 0.931818 0.443182
vt 0.920455 0.448864
vt 0.920455 0.437500
vt 0.931818 0.454545
vt 0.931818 0.465909
vt 0.920455 0.471591
vt 0.920455 0.460227
vt 0.954546 0.477273
vt 0.943182 0.471591
vt 0.954546 0.465909
vt 0.943182 0.482955
vt 0.931818 0.477273
vt 0.977273 0.465909
vt 0.965909 0.471591
vt 0.965909 0.460227
vt 0.977273 0.477273
vt 0.977273 0.488636
vt 0.965909 0.494318
vt 0.965909 0.482955
vt 0.818182 0.363636
vt 0.806818 0.357955
vt 0.818182 0.352273
vt 0.806818 0.369318
vt 0.795455 0.363636
vt 0.840909 0.352273
vt 0.829546 0.357955
vt 0.829546 0.346591
vt 0.840909 0.363636
vt 0.840909 0.375000
vt 0.829546 0.380682
vt 0.829546 0.369318
vt 0.863636 0.386364
vt 0.852273 0.380682
vt 0.863636 0.375000
vt 0.852273 0.392045
vt 0.840909 0.386364
vt 0.886364 0.375000
vt 0.875000 0.380682
vt 0.875000 0.369318
vt 0.886364 0.386364
vt 0.886364 0.397727
vt 0.875000 0.403409
vt 0.875000 0.392045
vt 0.909091 0.409091
vt 0.897727 0.403409
vt 0.909091 0.397727
vt 0.897727 0.414773
vt 0.886364 0.409091
vt 0.931818 0.397727
vt 0.920455 0.403409
vt 0.920455 0.392045
vt 0.931818 0.409091
vt 0.931818 0.420455
vt 0.920455 0.426136
vt 0.920455 0.414773
vt 0.954546 0.431818
vt 0.943182 0.426136
vt 0.954546 0.420455
vt 0.943182 0.437500
vt 0.931818 0.431818
vt 0.977273 0.420455
vt 0.965909 0.426136
vt 0.965909 0.414773
vt 0.977273 0.431818
vt 0.977273 0.443182
vt 0.965909 0.448864
vt 0.965909 0.437500
vt 0.863636 0.340909
vt 0.852273 0.335227
vt 0.863636 0.329545
vt 0.852273 0.346591
vt 0.840909 0.340909
vt 0.886364 0.329545
vt 0.875000 0.335227
vt 0.875000 0.323864
vt 0.886364 0.340909
vt 0.886364 0.352273
vt 0.875000 0.357955
vt 0.875000 0.346591
vt 0.909091 0.363636
vt 0.897727 0.357955
vt 0.909091 0.352273
vt 0.897727 0.369318
vt 0.886364 0.363636
vt 0.931818 0.352273
vt 0.920455 0.357955
vt 0.920455 0.346591
vt 0.931818 0.363636
vt 0.931818 0.375000
vt 0.920455 0.380682
vt 0.920455 0.369318
vt 0.954546 0.386364
vt 0.943182 0.380682
vt 0.954546 0.375000
vt 0.943182 0.392045
vt 0.931818 0.386364
vt 0.977273 0.375000
vt 0.965909 0.380682
vt 0.965909 0.369318
vt 0.977273 0.386364
vt 0.977273 0.397727
vt 0.965909 0.403409
vt 0.965909 0.392045
vt 0.909091 0.318182
vt 0.897727 0.312500
vt 0.909091 0.306818
vt 0.897727 0.323864
vt 0.886364 0.318182
vt 0.931818 0.306818
vt 0.920455 0.312500
vt 0.920455 0.301136
vt 0.931818 0.318182
vt 0.931818 0.329545
vt 0.920455 0.335227
vt 0.920455 0.323864
vt 0.954546 0.340909
vt 0.943182 0.335227
vt 0.954546 0.329545
vt 0.943182 0.346591
vt 0.931818 0.340909
vt 0.977273 0.329545
vt 0.965909 0.335227
vt 0.965909 0.323864
vt 0.977273 0.340909
vt 0.977273 0.352273
vt 0.965909 0.357955
vt 0.965909 0.346591
vt 0.954546 0.295455
vt 0.943182 0.289773
vt 0.954546 0.284091
vt 0.943182 0.301136
vt 0.931818 0.295455
vt 0.977273 0.284091
vt 0.965909 0.289773
vt 0.965909 0.278409
vt 0.977273 0.295455
vt 0.977273 0.306818
vt 0.965909 0.312500
vt 0.965909 0.301136
vt 1.000000 0.681818
vt 0.988637 0.676137
vt 1.000000 0.670455
vt 0.988637 0.687500
vt 0.977273 0.681818
vt 1.000000 0.636364
vt 0.988637 0.630682
vt 1.000000 0.625000
vt 0.988637 0.642046
vt 0.977273 0.636364
vt 1.000000 0.590909
vt 0.988637 0.585227
vt 1.000000 0.579545
vt 0.988637 0.596591
vt 0.977273 0.590909
vt 1.000000 0.545455
vt 0.988637 0.539773
vt 1.000000 0.534091
vt 0.988637 0.551136
vt 0.977273 0.545455
vt 1.000000 0.500000
vt 0.988637 0.494318
vt 1.000000 0.488636
vt 0.988637 0.505682
vt 0.977273 0.500000
vt 1.000000 0.454545
vt 0.988637 0.448864
vt 1.000000 0.443182
vt 0.988637 0.460227
vt 0.977273 0.454545
vt 1.000000 0.409091
vt 0.988637 0.403409
vt 1.000000 0.397727
vt 0.988637 0.414773
vt 0.977273 0.409091
vt 1.000000 0.363636
vt 0.988637 0.357955
vt 1.000000 0.352273
vt 0.988637 0.369318
vt 0.977273 0.363636
vt 1.000000 0.318182
vt 0.988637 0.312500
vt 1.000000 0.306818
vt 0.988637 0.323864
vt 0.977273 0.318182
vt 1.000000 0.272727
vt 0.988637 0.267045
vt 1.000000 0.261364
vt 0.988637 0.278409
vt 0.977273 0.272727
vt 1.000000 0.727273
vt 0.988637 0.721591
vt 1.000000 0.715909
vt 0.988637 0.732955
vt 0.977273 0.738636
vt 0.965909 0.732955
vt 0.977273 0.727273
vt 0.500000 0.022727
vt 0.511364 0.028409
vt 0.500000 0.034091
vt 0.511364 0.017045
vt 0.522727 0.011364
vt 0.534091 0.017045
vt 0.522727 0.022727
vt 0.022727 0.261364
vt 0.034091 0.255682
vt 0.034091 0.267045
vt 0.022727 0.250000
vt 0.022727 0.238636
vt 0.034091 0.232955
vt 0.034091 0.244318
vt 0.022727 0.738636
vt 0.022727 0.727273
vt 0.034091 0.732955
vt 0.011364 0.732955
vt 0.000000 0.727273
vt 0.000000 0.715909
vt 0.011364 0.721591
vt 0.500000 0.977273
vt 0.488636 0.971591
vt 0.500000 0.965909
vt 0.488636 0.982955
vt 0.477273 0.988636
vt 0.465909 0.982955
vt 0.477273 0.977273
vt 0.965909 0.744318
vt 0.977273 0.750000
vt 0.977273 0.761364
vt 0.965909 0.767046
vt 0.965909 0.755682
vt 0.965909 0.267045
vt 0.977273 0.261364
vt 0.954546 0.272727
vt 0.988637 0.255682
vt 1.000000 0.250000
vt 0.920455 0.289773
vt 0.931818 0.284091
vt 0.909091 0.295455
vt 0.943182 0.278409
vt 0.875000 0.312500
vt 0.886364 0.306818
vt 0.863636 0.318182
vt 0.897727 0.301136
vt 0.829546 0.335227
vt 0.840909 0.329545
vt 0.818182 0.340909
vt 0.852273 0.323864
vt 0.784091 0.357955
vt 0.795455 0.352273
vt 0.772727 0.363636
vt 0.806818 0.346591
vt 0.738636 0.380682
vt 0.750000 0.375000
vt 0.727273 0.386364
vt 0.761364 0.369318
vt 0.693182 0.403409
vt 0.704545 0.397727
vt 0.681818 0.409091
vt 0.715909 0.392045
vt 0.647727 0.426136
vt 0.659091 0.420455
vt 0.636364 0.431818
vt 0.670455 0.414773
vt 0.602273 0.448864
vt 0.613637 0.443182
vt 0.590909 0.454545
vt 0.625000 0.437500
vt 0.556818 0.471591
vt 0.568182 0.465909
vt 0.545455 0.477273
vt 0.579545 0.460227
vt 0.511364 0.494318
vt 0.522727 0.488636
vt 0.500000 0.500000
vt 0.534091 0.482955
s 1
f 6/1/6 1525/2/1525 1526/3/1526
f 1/4/1 1520/5/1520 2744/6/2744
f 2/7/2 1521/8/1521 2734/9/2734
f 3/10/3 1522/11/1522 2724/12/2724
f 4/13/4 1523/14/1523 2764/15/2764
f 6/1/6 1526/3/1526 2694/16/2694
f 57/17/57 2774/18/2774 2646/19/2646
f 56/20/56 2776/21/2776 2703/22/2703
f 55/23/55 2778/24/2778 2702/25/2702
f 54/26/54 2781/27/2781 2701/28/2701
f 53/29/53 2785/30/2785 2700/31/2700
f 52/32/52 2790/33/2790 2699/34/2699
f 51/35/51 2796/36/2796 2698/37/2698
f 50/38/50 2803/39/2803 2697/40/2697
f 49/41/49 2811/42/2811 2696/43/2696
f 48/44/48 2820/45/2820 2695/46/2695
f 57/17/57 2829/47/2829 2774/18/2774
f 128/48/128 2775/49/2775 1708/50/1708
f 56/20/56 2831/51/2831 2776/21/2776
f 129/52/129 2779/53/2779 1710/54/1710
f 128/48/128 2833/55/2833 2775/49/2775
f 130/56/130 2777/57/2777 1712/58/1712
f 55/23/55 2835/59/2835 2778/24/2778
f 131/60/131 2782/61/2782 1714/62/1714
f 129/52/129 2837/63/2837 2779/53/2779
f 132/64/132 2783/65/2783 1716/66/1716
f 130/56/130 2839/67/2839 2777/57/2777
f 133/68/133 2780/69/2780 1718/70/1718
f 54/26/54 2841/71/2841 2781/27/2781
f 134/72/134 2786/73/2786 1720/74/1720
f 131/60/131 2843/75/2843 2782/61/2782
f 135/76/135 2787/77/2787 1722/78/1722
f 132/64/132 2845/79/2845 2783/65/2783
f 136/80/136 2788/81/2788 1724/82/1724
f 133/68/133 2847/83/2847 2780/69/2780
f 137/84/137 2784/85/2784 1726/86/1726
f 53/29/53 2849/87/2849 2785/30/2785
f 138/88/138 2791/89/2791 1728/90/1728
f 134/72/134 2851/91/2851 2786/73/2786
f 139/92/139 2792/93/2792 1730/94/1730
f 135/76/135 2853/95/2853 2787/77/2787
f 140/96/140 2793/97/2793 1732/98/1732
f 136/80/136 2855/99/2855 2788/81/2788
f 141/100/141 2794/101/2794 1734/102/1734
f 137/84/137 2857/103/2857 2784/85/2784
f 142/104/142 2789/105/2789 1736/106/1736
f 52/32/52 2859/107/2859 2790/33/2790
f 143/108/143 2797/109/2797 1738/110/1738
f 138/88/138 2861/111/2861 2791/89/2791
f 144/112/144 2798/113/2798 1740/114/1740
f 139/92/139 2863/115/2863 2792/93/2792
f 145/116/145 2799/117/2799 1742/118/1742
f 140/96/140 2865/119/2865 2793/97/2793
f 146/120/146 2800/121/2800 1744/122/1744
f 141/100/141 2867/123/2867 2794/101/2794
f 147/124/147 2801/125/2801 1746/126/1746
f 142/104/142 2869/127/2869 2789/105/2789
f 148/128/148 2795/129/2795 1748/130/1748
f 51/35/51 2871/131/2871 2796/36/2796
f 149/132/149 2804/133/2804 1750/134/1750
f 143/108/143 2873/135/2873 2797/109/2797
f 150/136/150 2805/137/2805 1752/138/1752
f 144/112/144 2875/139/2875 2798/113/2798
f 151/140/151 2806/141/2806 1754/142/1754
f 145/116/145 2877/143/2877 2799/117/2799
f 152/144/152 2807/145/2807 1756/146/1756
f 146/120/146 2879/147/2879 2800/121/2800
f 153/148/153 2808/149/2808 1758/150/1758
f 147/124/147 2881/151/2881 2801/125/2801
f 154/152/154 2809/153/2809 1760/154/1760
f 148/128/148 2883/155/2883 2795/129/2795
f 155/156/155 2802/157/2802 1762/158/1762
f 50/38/50 2885/159/2885 2803/39/2803
f 156/160/156 2812/161/2812 1764/162/1764
f 149/132/149 2887/163/2887 2804/133/2804
f 157/164/157 2813/165/2813 1766/166/1766
f 150/136/150 2889/167/2889 2805/137/2805
f 158/168/158 2814/169/2814 1768/170/1768
f 151/140/151 2891/171/2891 2806/141/2806
f 159/172/159 2815/173/2815 1770/174/1770
f 152/144/152 2893/175/2893 2807/145/2807
f 160/176/160 2816/177/2816 1772/178/1772
f 153/148/153 2895/179/2895 2808/149/2808
f 161/180/161 2817/181/2817 1774/182/1774
f 154/152/154 2897/183/2897 2809/153/2809
f 162/184/162 2818/185/2818 1776/186/1776
f 155/156/155 2899/187/2899 2802/157/2802
f 163/188/163 2810/189/2810 1778/190/1778
f 49/41/49 2901/191/2901 2811/42/2811
f 164/192/164 2821/193/2821 1780/194/1780
f 156/160/156 2903/195/2903 2812/161/2812
f 165/196/165 2822/197/2822 1782/198/1782
f 157/164/157 2905/199/2905 2813/165/2813
f 166/200/166 2823/201/2823 1784/202/1784
f 158/168/158 2907/203/2907 2814/169/2814
f 167/204/167 2824/205/2824 1786/206/1786
f 159/172/159 2909/207/2909 2815/173/2815
f 168/208/168 2825/209/2825 1788/210/1788
f 160/176/160 2911/211/2911 2816/177/2816
f 169/212/169 2826/213/2826 1790/214/1790
f 161/180/161 2913/215/2913 2817/181/2817
f 170/216/170 2827/217/2827 1792/218/1792
f 162/184/162 2915/219/2915 2818/185/2818
f 171/220/171 2828/221/2828 1794/222/1794
f 163/188/163 2917/223/2917 2810/189/2810
f 172/224/172 2819/225/2819 1796/226/1796
f 48/44/48 2919/227/2919 2820/45/2820
f 77/228/77 1601/229/1601 1798/230/1798
f 164/192/164 2921/231/2921 2821/193/2821
f 76/232/76 1600/233/1600 1800/234/1800
f 165/196/165 2923/235/2923 2822/197/2822
f 75/236/75 1599/237/1599 1802/238/1802
f 166/200/166 2925/239/2925 2823/201/2823
f 74/240/74 1598/241/1598 1804/242/1804
f 167/204/167 2927/243/2927 2824/205/2824
f 73/244/73 1597/245/1597 1806/246/1806
f 168/208/168 2929/247/2929 2825/209/2825
f 72/248/72 1596/249/1596 1808/250/1808
f 169/212/169 2931/251/2931 2826/213/2826
f 71/252/71 1595/253/1595 1810/254/1810
f 170/216/170 2933/255/2933 2827/217/2827
f 70/256/70 1594/257/1594 1812/258/1812
f 171/220/171 2935/259/2935 2828/221/2828
f 69/260/69 1593/261/1593 1814/262/1814
f 172/224/172 2937/263/2937 2819/225/2819
f 68/264/68 1592/265/1592 1816/266/1816
f 127/267/127 2939/268/2939 2653/269/2653
f 126/270/126 2941/271/2941 2773/272/2773
f 125/273/125 2943/274/2943 2772/275/2772
f 124/276/124 2946/277/2946 2771/278/2771
f 123/279/123 2950/280/2950 2770/281/2770
f 122/282/122 2955/283/2955 2769/284/2769
f 121/285/121 2961/286/2961 2768/287/2768
f 120/288/120 2968/289/2968 2767/290/2767
f 119/291/119 2976/292/2976 2766/293/2766
f 118/294/118 2985/295/2985 2765/296/2765
f 127/267/127 2994/297/2994 2939/268/2939
f 173/298/173 2940/299/2940 1873/300/1873
f 126/270/126 2996/301/2996 2941/271/2941
f 174/302/174 2944/303/2944 1875/304/1875
f 173/298/173 2998/305/2998 2940/299/2940
f 175/306/175 2942/307/2942 1877/308/1877
f 125/273/125 3000/309/3000 2943/274/2943
f 176/310/176 2947/311/2947 1879/312/1879
f 174/302/174 3002/313/3002 2944/303/2944
f 177/314/177 2948/315/2948 1881/316/1881
f 175/306/175 3004/317/3004 2942/307/2942
f 178/318/178 2945/319/2945 1883/320/1883
f 124/276/124 3006/321/3006 2946/277/2946
f 179/322/179 2951/323/2951 1885/324/1885
f 176/310/176 3008/325/3008 2947/311/2947
f 180/326/180 2952/327/2952 1887/328/1887
f 177/314/177 3010/329/3010 2948/315/2948
f 181/330/181 2953/331/2953 1889/332/1889
f 178/318/178 3012/333/3012 2945/319/2945
f 182/334/182 2949/335/2949 1891/336/1891
f 123/279/123 3014/337/3014 2950/280/2950
f 183/338/183 2956/339/2956 1893/340/1893
f 179/322/179 3016/341/3016 2951/323/2951
f 184/342/184 2957/343/2957 1895/344/1895
f 180/326/180 3018/345/3018 2952/327/2952
f 185/346/185 2958/347/2958 1897/348/1897
f 181/330/181 3020/349/3020 2953/331/2953
f 186/350/186 2959/351/2959 1899/352/1899
f 182/334/182 3022/353/3022 2949/335/2949
f 187/354/187 2954/355/2954 1901/356/1901
f 122/282/122 3024/357/3024 2955/283/2955
f 188/358/188 2962/359/2962 1903/360/1903
f 183/338/183 3026/361/3026 2956/339/2956
f 189/362/189 2963/363/2963 1905/364/1905
f 184/342/184 3028/365/3028 2957/343/2957
f 190/366/190 2964/367/2964 1907/368/1907
f 185/346/185 3030/369/3030 2958/347/2958
f 191/370/191 2965/371/2965 1909/372/1909
f 186/350/186 3032/373/3032 2959/351/2959
f 192/374/192 2966/375/2966 1911/376/1911
f 187/354/187 3034/377/3034 2954/355/2954
f 193/378/193 2960/379/2960 1913/380/1913
f 121/285/121 3036/381/3036 2961/286/2961
f 194/382/194 2969/383/2969 1915/384/1915
f 188/358/188 3038/385/3038 2962/359/2962
f 195/386/195 2970/387/2970 1917/388/1917
f 189/362/189 3040/389/3040 2963/363/2963
f 196/390/196 2971/391/2971 1919/392/1919
f 190/366/190 3042/393/3042 2964/367/2964
f 197/394/197 2972/395/2972 1921/396/1921
f 191/370/191 3044/397/3044 2965/371/2965
f 198/398/198 2973/399/2973 1923/400/1923
f 192/374/192 3046/401/3046 2966/375/2966
f 199/402/199 2974/403/2974 1925/404/1925
f 193/378/193 3048/405/3048 2960/379/2960
f 200/406/200 2967/407/2967 1927/408/1927
f 120/288/120 3050/409/3050 2968/289/2968
f 201/410/201 2977/411/2977 1929/412/1929
f 194/382/194 3052/413/3052 2969/383/2969
f 202/414/202 2978/415/2978 1931/416/1931
f 195/386/195 3054/417/3054 2970/387/2970
f 203/418/203 2979/419/2979 1933/420/1933
f 196/390/196 3056/421/3056 2971/391/2971
f 204/422/204 2980/423/2980 1935/424/1935
f 197/394/197 3058/425/3058 2972/395/2972
f 205/426/205 2981/427/2981 1937/428/1937
f 198/398/198 3060/429/3060 2973/399/2973
f 206/430/206 2982/431/2982 1939/432/1939
f 199/402/199 3062/433/3062 2974/403/2974
f 207/434/207 2983/435/2983 1941/436/1941
f 200/406/200 3064/437/3064 2967/407/2967
f 208/438/208 2975/439/2975 1943/440/1943
f 119/291/119 3066/441/3066 2976/292/2976
f 209/442/209 2986/443/2986 1945/444/1945
f 201/410/201 3068/445/3068 2977/411/2977
f 210/446/210 2987/447/2987 1947/448/1947
f 202/414/202 3070/449/3070 2978/415/2978
f 211/450/211 2988/451/2988 1949/452/1949
f 203/418/203 3072/453/3072 2979/419/2979
f 212/454/212 2989/455/2989 1951/456/1951
f 204/422/204 3074/457/3074 2980/423/2980
f 213/458/213 2990/459/2990 1953/460/1953
f 205/426/205 3076/461/3076 2981/427/2981
f 214/462/214 2991/463/2991 1955/464/1955
f 206/430/206 3078/465/3078 2982/431/2982
f 215/466/215 2992/467/2992 1957/468/1957
f 207/434/207 3080/469/3080 2983/435/2983
f 216/470/216 2993/471/2993 1959/472/1959
f 208/438/208 3082/473/3082 2975/439/2975
f 217/474/217 2984/475/2984 1961/476/1961
f 118/294/118 3084/477/3084 2985/295/2985
f 47/478/47 1571/479/1571 1963/480/1963
f 209/442/209 3086/481/3086 2986/443/2986
f 46/482/46 1570/483/1570 1965/484/1965
f 210/446/210 3088/485/3088 2987/447/2987
f 45/486/45 1569/487/1569 1967/488/1967
f 211/450/211 3090/489/3090 2988/451/2988
f 44/490/44 1568/491/1568 1969/492/1969
f 212/454/212 3092/493/3092 2989/455/2989
f 43/494/43 1567/495/1567 1971/496/1971
f 213/458/213 3094/497/3094 2990/459/2990
f 42/498/42 1566/499/1566 1973/500/1973
f 214/462/214 3096/501/3096 2991/463/2991
f 41/502/41 1565/503/1565 1975/504/1975
f 215/466/215 3098/505/3098 2992/467/2992
f 40/506/40 1564/507/1564 1977/508/1977
f 216/470/216 3100/509/3100 2993/471/2993
f 39/510/39 1563/511/1563 1979/512/1979
f 217/474/217 3102/513/3102 2984/475/2984
f 38/514/38 1562/515/1562 1981/516/1981
f 87/517/87 3104/518/3104 2649/519/2649
f 86/520/86 3106/521/3106 2733/522/2733
f 85/523/85 3108/524/3108 2732/525/2732
f 84/526/84 3111/527/3111 2731/528/2731
f 83/529/83 3115/530/3115 2730/531/2730
f 82/532/82 3120/533/3120 2729/534/2729
f 81/535/81 3126/536/3126 2728/537/2728
f 80/538/80 3133/539/3133 2727/540/2727
f 79/541/79 3141/542/3141 2726/543/2726
f 78/544/78 3150/545/3150 2725/546/2725
f 87/517/87 3159/547/3159 3104/518/3104
f 218/548/218 3105/549/3105 2038/550/2038
f 86/520/86 3161/551/3161 3106/521/3106
f 219/552/219 3109/553/3109 2040/554/2040
f 218/548/218 3163/555/3163 3105/549/3105
f 220/556/220 3107/557/3107 2042/558/2042
f 85/523/85 3165/559/3165 3108/524/3108
f 221/560/221 3112/561/3112 2044/562/2044
f 219/552/219 3167/563/3167 3109/553/3109
f 222/564/222 3113/565/3113 2046/566/2046
f 220/556/220 3169/567/3169 3107/557/3107
f 223/568/223 3110/569/3110 2048/570/2048
f 84/526/84 3171/571/3171 3111/527/3111
f 224/572/224 3116/573/3116 2050/574/2050
f 221/560/221 3173/575/3173 3112/561/3112
f 225/576/225 3117/577/3117 2052/578/2052
f 222/564/222 3175/579/3175 3113/565/3113
f 226/580/226 3118/581/3118 2054/582/2054
f 223/568/223 3177/583/3177 3110/569/3110
f 227/584/227 3114/585/3114 2056/586/2056
f 83/529/83 3179/587/3179 3115/530/3115
f 228/588/228 3121/589/3121 2058/590/2058
f 224/572/224 3181/591/3181 3116/573/3116
f 229/592/229 3122/593/3122 2060/594/2060
f 225/576/225 3183/595/3183 3117/577/3117
f 230/596/230 3123/597/3123 2062/598/2062
f 226/580/226 3185/599/3185 3118/581/3118
f 231/600/231 3124/601/3124 2064/602/2064
f 227/584/227 3187/603/3187 3114/585/3114
f 232/604/232 3119/605/3119 2066/606/2066
f 82/532/82 3189/607/3189 3120/533/3120
f 233/608/233 3127/609/3127 2068/610/2068
f 228/588/228 3191/611/3191 3121/589/3121
f 234/612/234 3128/613/3128 2070/614/2070
f 229/592/229 3193/615/3193 3122/593/3122
f 235/616/235 3129/617/3129 2072/618/2072
f 230/596/230 3195/619/3195 3123/597/3123
f 236/620/236 3130/621/3130 2074/622/2074
f 231/600/231 3197/623/3197 3124/601/3124
f 237/624/237 3131/625/3131 2076/626/2076
f 232/604/232 3199/627/3199 3119/605/3119
f 238/628/238 3125/629/3125 2078/630/2078
f 81/535/81 3201/631/3201 3126/536/3126
f 239/632/239 3134/633/3134 2080/634/2080
f 233/608/233 3203/635/3203 3127/609/3127
f 240/636/240 3135/637/3135 2082/638/2082
f 234/612/234 3205/639/3205 3128/613/3128
f 241/640/241 3136/641/3136 2084/642/2084
f 235/616/235 3207/643/3207 3129/617/3129
f 242/644/242 3137/645/3137 2086/646/2086
f 236/620/236 3209/647/3209 3130/621/3130
f 243/648/243 3138/649/3138 2088/650/2088
f 237/624/237 3211/651/3211 3131/625/3131
f 244/652/244 3139/653/3139 2090/654/2090
f 238/628/238 3213/655/3213 3125/629/3125
f 245/656/245 3132/657/3132 2092/658/2092
f 80/538/80 3215/659/3215 3133/539/3133
f 246/660/246 3142/661/3142 2094/662/2094
f 239/632/239 3217/663/3217 3134/633/3134
f 247/664/247 3143/665/3143 2096/666/2096
f 240/636/240 3219/667/3219 3135/637/3135
f 248/668/248 3144/669/3144 2098/670/2098
f 241/640/241 3221/671/3221 3136/641/3136
f 249/672/249 3145/673/3145 2100/674/2100
f 242/644/242 3223/675/3223 3137/645/3137
f 250/676/250 3146/677/3146 2102/678/2102
f 243/648/243 3225/679/3225 3138/649/3138
f 251/680/251 3147/681/3147 2104/682/2104
f 244/652/244 3227/683/3227 3139/653/3139
f 252/684/252 3148/685/3148 2106/686/2106
f 245/656/245 3229/687/3229 3132/657/3132
f 253/688/253 3140/689/3140 2108/690/2108
f 79/541/79 3231/691/3231 3141/542/3141
f 254/692/254 3151/693/3151 2110/694/2110
f 246/660/246 3233/695/3233 3142/661/3142
f 255/696/255 3152/697/3152 2112/698/2112
f 247/664/247 3235/699/3235 3143/665/3143
f 256/700/256 3153/701/3153 2114/702/2114
f 248/668/248 3237/703/3237 3144/669/3144
f 257/704/257 3154/705/3154 2116/706/2116
f 249/672/249 3239/707/3239 3145/673/3145
f 258/708/258 3155/709/3155 2118/710/2118
f 250/676/250 3241/711/3241 3146/677/3146
f 259/712/259 3156/713/3156 2120/714/2120
f 251/680/251 3243/715/3243 3147/681/3147
f 260/716/260 3157/717/3157 2122/718/2122
f 252/684/252 3245/719/3245 3148/685/3148
f 261/720/261 3158/721/3158 2124/722/2124
f 253/688/253 3247/723/3247 3140/689/3140
f 262/724/262 3149/725/3149 2126/726/2126
f 78/544/78 3249/727/3249 3150/545/3150
f 37/728/37 1561/729/1561 2128/730/2128
f 254/692/254 3251/731/3251 3151/693/3151
f 36/732/36 1560/733/1560 2130/734/2130
f 255/696/255 3253/735/3253 3152/697/3152
f 35/736/35 1559/737/1559 2132/738/2132
f 256/700/256 3255/739/3255 3153/701/3153
f 34/740/34 1558/741/1558 2134/742/2134
f 257/704/257 3257/743/3257 3154/705/3154
f 33/744/33 1557/745/1557 2136/746/2136
f 258/708/258 3259/747/3259 3155/709/3155
f 32/748/32 1556/749/1556 2138/750/2138
f 259/712/259 3261/751/3261 3156/713/3156
f 31/752/31 1555/753/1555 2140/754/2140
f 260/716/260 3263/755/3263 3157/717/3157
f 30/756/30 1554/757/1554 2142/758/2142
f 261/720/261 3265/759/3265 3158/721/3158
f 29/760/29 1553/761/1553 2144/762/2144
f 262/724/262 3267/763/3267 3149/725/3149
f 28/764/28 1552/765/1552 2146/766/2146
f 97/767/97 3269/768/3269 2650/769/2650
f 96/770/96 3271/771/3271 2743/772/2743
f 95/773/95 3273/774/3273 2742/775/2742
f 94/776/94 3276/777/3276 2741/778/2741
f 93/779/93 3280/780/3280 2740/781/2740
f 92/782/92 3285/783/3285 2739/784/2739
f 91/785/91 3291/786/3291 2738/787/2738
f 90/788/90 3298/789/3298 2737/790/2737
f 89/791/89 3306/792/3306 2736/793/2736
f 88/794/88 3315/795/3315 2735/796/2735
f 97/767/97 3324/797/3324 3269/768/3269
f 263/798/263 3270/799/3270 2203/800/2203
f 96/770/96 3326/801/3326 3271/771/3271
f 264/802/264 3274/803/3274 2205/804/2205
f 263/798/263 3328/805/3328 3270/799/3270
f 265/806/265 3272/807/3272 2207/808/2207
f 95/773/95 3330/809/3330 3273/774/3273
f 266/810/266 3277/811/3277 2209/812/2209
f 264/802/264 3332/813/3332 3274/803/3274
f 267/814/267 3278/815/3278 2211/816/2211
f 265/806/265 3334/817/3334 3272/807/3272
f 268/818/268 3275/819/3275 2213/820/2213
f 94/776/94 3336/821/3336 3276/777/3276
f 269/822/269 3281/823/3281 2215/824/2215
f 266/810/266 3338/825/3338 3277/811/3277
f 270/826/270 3282/827/3282 2217/828/2217
f 267/814/267 3340/829/3340 3278/815/3278
f 271/830/271 3283/831/3283 2219/832/2219
f 268/818/268 3342/833/3342 3275/819/3275
f 272/834/272 3279/835/3279 2221/836/2221
f 93/779/93 3344/837/3344 3280/780/3280
f 273/838/273 3286/839/3286 2223/840/2223
f 269/822/269 3346/841/3346 3281/823/3281
f 274/842/274 3287/843/3287 2225/844/2225
f 270/826/270 3348/845/3348 3282/827/3282
f 275/846/275 3288/847/3288 2227/848/2227
f 271/830/271 3350/849/3350 3283/831/3283
f 276/850/276 3289/851/3289 2229/852/2229
f 272/834/272 3352/853/3352 3279/835/3279
f 277/854/277 3284/855/3284 2231/856/2231
f 92/782/92 3354/857/3354 3285/783/3285
f 278/858/278 3292/859/3292 2233/860/2233
f 273/838/273 3356/861/3356 3286/839/3286
f 279/862/279 3293/863/3293 2235/864/2235
f 274/842/274 3358/865/3358 3287/843/3287
f 280/866/280 3294/867/3294 2237/868/2237
f 275/846/275 3360/869/3360 3288/847/3288
f 281/870/281 3295/871/3295 2239/872/2239
f 276/850/276 3362/873/3362 3289/851/3289
f 282/874/282 3296/875/3296 2241/876/2241
f 277/854/277 3364/877/3364 3284/855/3284
f 283/878/283 3290/879/3290 2243/880/2243
f 91/785/91 3366/881/3366 3291/786/3291
f 284/882/284 3299/883/3299 2245/884/2245
f 278/858/278 3368/885/3368 3292/859/3292
f 285/886/285 3300/887/3300 2247/888/2247
f 279/862/279 3370/889/3370 3293/863/3293
f 286/890/286 3301/891/3301 2249/892/2249
f 280/866/280 3372/893/3372 3294/867/3294
f 287/894/287 3302/895/3302 2251/896/2251
f 281/870/281 3374/897/3374 3295/871/3295
f 288/898/288 3303/899/3303 2253/900/2253
f 282/874/282 3376/901/3376 3296/875/3296
f 289/902/289 3304/903/3304 2255/904/2255
f 283/878/283 3378/905/3378 3290/879/3290
f 290/906/290 3297/907/3297 2257/908/2257
f 90/788/90 3380/909/3380 3298/789/3298
f 291/910/291 3307/911/3307 2259/912/2259
f 284/882/284 3382/913/3382 3299/883/3299
f 292/914/292 3308/915/3308 2261/916/2261
f 285/886/285 3384/917/3384 3300/887/3300
f 293/918/293 3309/919/3309 2263/920/2263
f 286/890/286 3386/921/3386 3301/891/3301
f 294/922/294 3310/923/3310 2265/924/2265
f 287/894/287 3388/925/3388 3302/895/3302
f 295/926/295 3311/927/3311 2267/928/2267
f 288/898/288 3390/929/3390 3303/899/3303
f 296/930/296 3312/931/3312 2269/932/2269
f 289/902/289 3392/933/3392 3304/903/3304
f 297/934/297 3313/935/3313 2271/936/2271
f 290/906/290 3394/937/3394 3297/907/3297
f 298/938/298 3305/939/3305 2273/940/2273
f 89/791/89 3396/941/3396 3306/792/3306
f 299/942/299 3316/943/3316 2275/944/2275
f 291/910/291 3398/945/3398 3307/911/3307
f 300/946/300 3317/947/3317 2277/948/2277
f 292/914/292 3400/949/3400 3308/915/3308
f 301/950/301 3318/951/3318 2279/952/2279
f 293/918/293 3402/953/3402 3309/919/3309
f 302/954/302 3319/955/3319 2281/956/2281
f 294/922/294 3404/957/3404 3310/923/3310
f 303/958/303 3320/959/3320 2283/960/2283
f 295/926/295 3406/961/3406 3311/927/3311
f 304/962/304 3321/963/3321 2285/964/2285
f 296/930/296 3408/965/3408 3312/931/3312
f 305/966/305 3322/967/3322 2287/968/2287
f 297/934/297 3410/969/3410 3313/935/3313
f 306/970/306 3323/971/3323 2289/972/2289
f 298/938/298 3412/973/3412 3305/939/3305
f 307/974/307 3314/975/3314 2291/976/2291
f 88/794/88 3414/977/3414 3315/795/3315
f 27/978/27 1551/979/1551 2293/980/2293
f 299/942/299 3416/981/3416 3316/943/3316
f 26/982/26 1550/983/1550 2295/984/2295
f 300/946/300 3418/985/3418 3317/947/3317
f 25/986/25 1549/987/1549 2297/988/2297
f 301/950/301 3420/989/3420 3318/951/3318
f 24/990/24 1548/991/1548 2299/992/2299
f 302/954/302 3422/993/3422 3319/955/3319
f 23/994/23 1547/995/1547 2301/996/2301
f 303/958/303 3424/997/3424 3320/959/3320
f 22/998/22 1546/999/1546 2303/1000/2303
f 304/962/304 3426/1001/3426 3321/963/3321
f 21/1002/21 1545/1003/1545 2305/1004/2305
f 305/966/305 3428/1005/3428 3322/967/3322
f 20/1006/20 1544/1007/1544 2307/1008/2307
f 306/970/306 3430/1009/3430 3323/971/3323
f 19/1010/19 1543/1011/1543 2309/1012/2309
f 307/974/307 3432/1013/3432 3314/975/3314
f 18/1014/18 1542/1015/1542 2311/1016/2311
f 107/1017/107 3434/1018/3434 2651/1019/2651
f 106/1020/106 3436/1021/3436 2753/1022/2753
f 105/1023/105 3438/1024/3438 2752/1025/2752
f 104/1026/104 3441/1027/3441 2751/1028/2751
f 103/1029/103 3445/1030/3445 2750/1031/2750
f 102/1032/102 3450/1033/3450 2749/1034/2749
f 101/1035/101 3456/1036/3456 2748/1037/2748
f 100/1038/100 3463/1039/3463 2747/1040/2747
f 99/1041/99 3471/1042/3471 2746/1043/2746
f 98/1044/98 3480/1045/3480 2745/1046/2745
f 107/1017/107 3489/1047/3489 3434/1018/3434
f 308/1048/308 3435/1049/3435 2368/1050/2368
f 106/1020/106 3491/1051/3491 3436/1021/3436
f 309/1052/309 3439/1053/3439 2370/1054/2370
f 308/1048/308 3493/1055/3493 3435/1049/3435
f 310/1056/310 3437/1057/3437 2372/1058/2372
f 105/1023/105 3495/1059/3495 3438/1024/3438
f 311/1060/311 3442/1061/3442 2374/1062/2374
f 309/1052/309 3497/1063/3497 3439/1053/3439
f 312/1064/312 3443/1065/3443 2376/1066/2376
f 310/1056/310 3499/1067/3499 3437/1057/3437
f 313/1068/313 3440/1069/3440 2378/1070/2378
f 104/1026/104 3501/1071/3501 3441/1027/3441
f 314/1072/314 3446/1073/3446 2380/1074/2380
f 311/1060/311 3503/1075/3503 3442/1061/3442
f 315/1076/315 3447/1077/3447 2382/1078/2382
f 312/1064/312 3505/1079/3505 3443/1065/3443
f 316/1080/316 3448/1081/3448 2384/1082/2384
f 313/1068/313 3507/1083/3507 3440/1069/3440
f 317/1084/317 3444/1085/3444 2386/1086/2386
f 103/1029/103 3509/1087/3509 3445/1030/3445
f 318/1088/318 3451/1089/3451 2388/1090/2388
f 314/1072/314 3511/1091/3511 3446/1073/3446
f 319/1092/319 3452/1093/3452 2390/1094/2390
f 315/1076/315 3513/1095/3513 3447/1077/3447
f 320/1096/320 3453/1097/3453 2392/1098/2392
f 316/1080/316 3515/1099/3515 3448/1081/3448
f 321/1100/321 3454/1101/3454 2394/1102/2394
f 317/1084/317 3517/1103/3517 3444/1085/3444
f 322/1104/322 3449/1105/3449 2396/1106/2396
f 102/1032/102 3519/1107/3519 3450/1033/3450
f 323/1108/323 3457/1109/3457 2398/1110/2398
f 318/1088/318 3521/1111/3521 3451/1089/3451
f 324/1112/324 3458/1113/3458 2400/1114/2400
f 319/1092/319 3523/1115/3523 3452/1093/3452
f 325/1116/325 3459/1117/3459 2402/1118/2402
f 320/1096/320 3525/1119/3525 3453/1097/3453
f 326/1120/326 3460/1121/3460 2404/1122/2404
f 321/1100/321 3527/1123/3527 3454/1101/3454
f 327/1124/327 3461/1125/3461 2406/1126/2406
f 322/1104/322 3529/1127/3529 3449/1105/3449
f 328/1128/328 3455/1129/3455 2408/1130/2408
f 101/1035/101 3531/1131/3531 3456/1036/3456
f 329/1132/329 3464/1133/3464 2410/1134/2410
f 323/1108/323 3533/1135/3533 3457/1109/3457
f 330/1136/330 3465/1137/3465 2412/1138/2412
f 324/1112/324 3535/1139/3535 3458/1113/3458
f 331/1140/331 3466/1141/3466 2414/1142/2414
f 325/1116/325 3537/1143/3537 3459/1117/3459
f 332/1144/332 3467/1145/3467 2416/1146/2416
f 326/1120/326 3539/1147/3539 3460/1121/3460
f 333/1148/333 3468/1149/3468 2418/1150/2418
f 327/1124/327 3541/1151/3541 3461/1125/3461
f 334/1152/334 3469/1153/3469 2420/1154/2420
f 328/1128/328 3543/1155/3543 3455/1129/3455
f 335/1156/335 3462/1157/3462 2422/1158/2422
f 100/1038/100 3545/1159/3545 3463/1039/3463
f 336/1160/336 3472/1161/3472 2424/1162/2424
f 329/1132/329 3547/1163/3547 3464/1133/3464
f 337/1164/337 3473/1165/3473 2426/1166/2426
f 330/1136/330 3549/1167/3549 3465/1137/3465
f 338/1168/338 3474/1169/3474 2428/1170/2428
f 331/1140/331 3551/1171/3551 3466/1141/3466
f 339/1172/339 3475/1173/3475 2430/1174/2430
f 332/1144/332 3553/1175/3553 3467/1145/3467
f 340/1176/340 3476/1177/3476 2432/1178/2432
f 333/1148/333 3555/1179/3555 3468/1149/3468
f 341/1180/341 3477/1181/3477 2434/1182/2434
f 334/1152/334 3557/1183/3557 3469/1153/3469
f 342/1184/342 3478/1185/3478 2436/1186/2436
f 335/1156/335 3559/1187/3559 3462/1157/3462
f 343/1188/343 3470/1189/3470 2438/1190/2438
f 99/1041/99 3561/1191/3561 3471/1042/3471
f 344/1192/344 3481/1193/3481 2440/1194/2440
f 336/1160/336 3563/1195/3563 3472/1161/3472
f 345/1196/345 3482/1197/3482 2442/1198/2442
f 337/1164/337 3565/1199/3565 3473/1165/3473
f 346/1200/346 3483/1201/3483 2444/1202/2444
f 338/1168/338 3567/1203/3567 3474/1169/3474
f 347/1204/347 3484/1205/3484 2446/1206/2446
f 339/1172/339 3569/1207/3569 3475/1173/3475
f 348/1208/348 3485/1209/3485 2448/1210/2448
f 340/1176/340 3571/1211/3571 3476/1177/3476
f 349/1212/349 3486/1213/3486 2450/1214/2450
f 341/1180/341 3573/1215/3573 3477/1181/3477
f 350/1216/350 3487/1217/3487 2452/1218/2452
f 342/1184/342 3575/1219/3575 3478/1185/3478
f 351/1220/351 3488/1221/3488 2454/1222/2454
f 343/1188/343 3577/1223/3577 3470/1189/3470
f 352/1224/352 3479/1225/3479 2456/1226/2456
f 98/1044/98 3579/1227/3579 3480/1045/3480
f 17/1228/17 1541/1229/1541 2458/1230/2458
f 344/1192/344 3581/1231/3581 3481/1193/3481
f 16/1232/16 1540/1233/1540 2460/1234/2460
f 345/1196/345 3583/1235/3583 3482/1197/3482
f 15/1236/15 1539/1237/1539 2462/1238/2462
f 346/1200/346 3585/1239/3585 3483/1201/3483
f 14/1240/14 1538/1241/1538 2464/1242/2464
f 347/1204/347 3587/1243/3587 3484/1205/3484
f 13/1244/13 1537/1245/1537 2466/1246/2466
f 348/1208/348 3589/1247/3589 3485/1209/3485
f 12/1248/12 1536/1249/1536 2468/1250/2468
f 349/1212/349 3591/1251/3591 3486/1213/3486
f 11/1252/11 1535/1253/1535 2470/1254/2470
f 350/1216/350 3593/1255/3593 3487/1217/3487
f 10/1256/10 1534/1257/1534 2472/1258/2472
f 351/1220/351 3595/1259/3595 3488/1221/3488
f 9/1260/9 1533/1261/1533 2474/1262/2474
f 352/1224/352 3597/1263/3597 3479/1225/3479
f 8/1264/8 1532/1265/1532 2476/1266/2476
f 68/264/68 3599/1267/3599 1592/265/1592
f 69/260/69 3601/1268/3601 1593/261/1593
f 70/256/70 3603/1269/3603 1594/257/1594
f 71/252/71 3606/1270/3606 1595/253/1595
f 72/248/72 3610/1271/3610 1596/249/1596
f 73/244/73 3615/1272/3615 1597/245/1597
f 74/240/74 3621/1273/3621 1598/241/1598
f 75/236/75 3628/1274/3628 1599/237/1599
f 76/232/76 3636/1275/3636 1600/233/1600
f 77/228/77 3645/1276/3645 1601/229/1601
f 68/264/68 3654/1277/3654 3599/1267/3599
f 353/1278/353 3600/1279/3600 2533/1280/2533
f 69/260/69 3656/1281/3656 3601/1268/3601
f 354/1282/354 3604/1283/3604 2535/1284/2535
f 353/1278/353 3658/1285/3658 3600/1279/3600
f 355/1286/355 3602/1287/3602 2537/1288/2537
f 70/256/70 3660/1289/3660 3603/1269/3603
f 356/1290/356 3607/1291/3607 2539/1292/2539
f 354/1282/354 3662/1293/3662 3604/1283/3604
f 357/1294/357 3608/1295/3608 2541/1296/2541
f 355/1286/355 3664/1297/3664 3602/1287/3602
f 358/1298/358 3605/1299/3605 2543/1300/2543
f 71/252/71 3666/1301/3666 3606/1270/3606
f 359/1302/359 3611/1303/3611 2545/1304/2545
f 356/1290/356 3668/1305/3668 3607/1291/3607
f 360/1306/360 3612/1307/3612 2547/1308/2547
f 357/1294/357 3670/1309/3670 3608/1295/3608
f 361/1310/361 3613/1311/3613 2549/1312/2549
f 358/1298/358 3672/1313/3672 3605/1299/3605
f 362/1314/362 3609/1315/3609 2551/1316/2551
f 72/248/72 3674/1317/3674 3610/1271/3610
f 363/1318/363 3616/1319/3616 2553/1320/2553
f 359/1302/359 3676/1321/3676 3611/1303/3611
f 364/1322/364 3617/1323/3617 2555/1324/2555
f 360/1306/360 3678/1325/3678 3612/1307/3612
f 365/1326/365 3618/1327/3618 2557/1328/2557
f 361/1310/361 3680/1329/3680 3613/1311/3613
f 366/1330/366 3619/1331/3619 2559/1332/2559
f 362/1314/362 3682/1333/3682 3609/1315/3609
f 367/1334/367 3614/1335/3614 2561/1336/2561
f 73/244/73 3684/1337/3684 3615/1272/3615
f 368/1338/368 3622/1339/3622 2563/1340/2563
f 363/1318/363 3686/1341/3686 3616/1319/3616
f 369/1342/369 3623/1343/3623 2565/1344/2565
f 364/1322/364 3688/1345/3688 3617/1323/3617
f 370/1346/370 3624/1347/3624 2567/1348/2567
f 365/1326/365 3690/1349/3690 3618/1327/3618
f 371/1350/371 3625/1351/3625 2569/1352/2569
f 366/1330/366 3692/1353/3692 3619/1331/3619
f 372/1354/372 3626/1355/3626 2571/1356/2571
f 367/1334/367 3694/1357/3694 3614/1335/3614
f 373/1358/373 3620/1359/3620 2573/1360/2573
f 74/240/74 3696/1361/3696 3621/1273/3621
f 374/1362/374 3629/1363/3629 2575/1364/2575
f 368/1338/368 3698/1365/3698 3622/1339/3622
f 375/1366/375 3630/1367/3630 2577/1368/2577
f 369/1342/369 3700/1369/3700 3623/1343/3623
f 376/1370/376 3631/1371/3631 2579/1372/2579
f 370/1346/370 3702/1373/3702 3624/1347/3624
f 377/1374/377 3632/1375/3632 2581/1376/2581
f 371/1350/371 3704/1377/3704 3625/1351/3625
f 378/1378/378 3633/1379/3633 2583/1380/2583
f 372/1354/372 3706/1381/3706 3626/1355/3626
f 379/1382/379 3634/1383/3634 2585/1384/2585
f 373/1358/373 3708/1385/3708 3620/1359/3620
f 380/1386/380 3627/1387/3627 2587/1388/2587
f 75/236/75 3710/1389/3710 3628/1274/3628
f 381/1390/381 3637/1391/3637 2589/1392/2589
f 374/1362/374 3712/1393/3712 3629/1363/3629
f 382/1394/382 3638/1395/3638 2591/1396/2591
f 375/1366/375 3714/1397/3714 3630/1367/3630
f 383/1398/383 3639/1399/3639 2593/1400/2593
f 376/1370/376 3716/1401/3716 3631/1371/3631
f 384/1402/384 3640/1403/3640 2595/1404/2595
f 377/1374/377 3718/1405/3718 3632/1375/3632
f 385/1406/385 3641/1407/3641 2597/1408/2597
f 378/1378/378 3720/1409/3720 3633/1379/3633
f 386/1410/386 3642/1411/3642 2599/1412/2599
f 379/1382/379 3722/1413/3722 3634/1383/3634
f 387/1414/387 3643/1415/3643 2601/1416/2601
f 380/1386/380 3724/1417/3724 3627/1387/3627
f 388/1418/388 3635/1419/3635 2603/1420/2603
f 76/232/76 3726/1421/3726 3636/1275/3636
f 389/1422/389 3646/1423/3646 2605/1424/2605
f 381/1390/381 3728/1425/3728 3637/1391/3637
f 390/1426/390 3647/1427/3647 2607/1428/2607
f 382/1394/382 3730/1429/3730 3638/1395/3638
f 391/1430/391 3648/1431/3648 2609/1432/2609
f 383/1398/383 3732/1433/3732 3639/1399/3639
f 392/1434/392 3649/1435/3649 2611/1436/2611
f 384/1402/384 3734/1437/3734 3640/1403/3640
f 393/1438/393 3650/1439/3650 2613/1440/2613
f 385/1406/385 3736/1441/3736 3641/1407/3641
f 394/1442/394 3651/1443/3651 2615/1444/2615
f 386/1410/386 3738/1445/3738 3642/1411/3642
f 395/1446/395 3652/1447/3652 2617/1448/2617
f 387/1414/387 3740/1449/3740 3643/1415/3643
f 396/1450/396 3653/1451/3653 2619/1452/2619
f 388/1418/388 3742/1453/3742 3635/1419/3635
f 397/1454/397 3644/1455/3644 2621/1456/2621
f 77/228/77 3744/1457/3744 3645/1276/3645
f 67/1458/67 1591/1459/1591 2623/1460/2623
f 389/1422/389 3746/1461/3746 3646/1423/3646
f 66/1462/66 1590/1463/1590 2625/1464/2625
f 390/1426/390 3748/1465/3748 3647/1427/3647
f 65/1466/65 1589/1467/1589 2627/1468/2627
f 391/1430/391 3750/1469/3750 3648/1431/3648
f 64/1470/64 1588/1471/1588 2629/1472/2629
f 392/1434/392 3752/1473/3752 3649/1435/3649
f 63/1474/63 1587/1475/1587 2631/1476/2631
f 393/1438/393 3754/1477/3754 3650/1439/3650
f 62/1478/62 1586/1479/1586 2633/1480/2633
f 394/1442/394 3756/1481/3756 3651/1443/3651
f 61/1482/61 1585/1483/1585 2635/1484/2635
f 395/1446/395 3758/1485/3758 3652/1447/3652
f 60/1486/60 1584/1487/1584 2637/1488/2637
f 396/1450/396 3760/1489/3760 3653/1451/3653
f 59/1490/59 1583/1491/1583 2639/1492/2639
f 397/1454/397 3762/1493/3762 3644/1455/3644
f 58/1494/58 1582/1495/1582 2641/1496/2641
f 1519/1497/1519 3764/1498/3764 3763/1499/3763
f 1519/1497/1519 3765/1500/3765 3764/1498/3764
f 460/1501/460 2704/1502/2704 3766/1503/3766
f 1400/1504/1400 3767/1505/3767 2522/1506/2522
f 1400/1504/1400 3768/1507/3768 3767/1505/3767
f 1518/1508/1518 2640/1509/2640 3769/1510/3769
f 1517/1511/1517 3770/1512/3770 3761/1513/3761
f 1517/1511/1517 3771/1514/3771 3770/1512/3770
f 461/1515/461 2705/1516/2705 3772/1517/3772
f 1409/1518/1409 3773/1519/3773 2531/1520/2531
f 1409/1518/1409 3774/1521/3774 3773/1519/3773
f 1516/1522/1516 2638/1523/2638 3775/1524/3775
f 1515/1525/1515 3776/1526/3776 3759/1527/3759
f 1515/1525/1515 3777/1528/3777 3776/1526/3776
f 462/1529/462 2706/1530/2706 3778/1531/3778
f 1408/1532/1408 3779/1533/3779 2530/1534/2530
f 1408/1532/1408 3780/1535/3780 3779/1533/3779
f 1514/1536/1514 2636/1537/2636 3781/1538/3781
f 1513/1539/1513 3782/1540/3782 3757/1541/3757
f 1513/1539/1513 3783/1542/3783 3782/1540/3782
f 463/1543/463 2707/1544/2707 3784/1545/3784
f 1407/1546/1407 3785/1547/3785 2529/1548/2529
f 1407/1546/1407 3786/1549/3786 3785/1547/3785
f 1512/1550/1512 2634/1551/2634 3787/1552/3787
f 1511/1553/1511 3788/1554/3788 3755/1555/3755
f 1511/1553/1511 3789/1556/3789 3788/1554/3788
f 464/1557/464 2708/1558/2708 3790/1559/3790
f 1406/1560/1406 3791/1561/3791 2528/1562/2528
f 1406/1560/1406 3792/1563/3792 3791/1561/3791
f 1510/1564/1510 2632/1565/2632 3793/1566/3793
f 1509/1567/1509 3794/1568/3794 3753/1569/3753
f 1509/1567/1509 3795/1570/3795 3794/1568/3794
f 465/1571/465 2709/1572/2709 3796/1573/3796
f 1405/1574/1405 3797/1575/3797 2527/1576/2527
f 1405/1574/1405 3798/1577/3798 3797/1575/3797
f 1508/1578/1508 2630/1579/2630 3799/1580/3799
f 1507/1581/1507 3800/1582/3800 3751/1583/3751
f 1507/1581/1507 3801/1584/3801 3800/1582/3800
f 466/1585/466 2710/1586/2710 3802/1587/3802
f 1404/1588/1404 3803/1589/3803 2526/1590/2526
f 1404/1588/1404 3804/1591/3804 3803/1589/3803
f 1506/1592/1506 2628/1593/2628 3805/1594/3805
f 1505/1595/1505 3806/1596/3806 3749/1597/3749
f 1505/1595/1505 3807/1598/3807 3806/1596/3806
f 467/1599/467 2711/1600/2711 3808/1601/3808
f 1403/1602/1403 3809/1603/3809 2525/1604/2525
f 1403/1602/1403 3810/1605/3810 3809/1603/3809
f 1504/1606/1504 2626/1607/2626 3811/1608/3811
f 1503/1609/1503 3812/1610/3812 3747/1611/3747
f 1503/1609/1503 3813/1612/3813 3812/1610/3812
f 468/1613/468 2712/1614/2712 3814/1615/3814
f 1402/1616/1402 3815/1617/3815 2524/1618/2524
f 1402/1616/1402 3816/1619/3816 3815/1617/3815
f 1502/1620/1502 2624/1621/2624 3817/1622/3817
f 1501/1623/1501 3818/1624/3818 3745/1625/3745
f 1501/1623/1501 3819/1626/2388 3818/1624/3818
f 469/1627/469 2713/1628/2713 3820/1629/3819
f 1401/1630/1401 3821/1631/3820 2523/1632/2523
f 1401/1630/1401 3822/1633/3821 3821/1631/3820
f 1500/1634/1500 2622/1635/2622 3823/1636/3822
f 1499/1637/1499 3824/1638/3823 3743/1639/3743
f 1499/1637/1499 3825/1640/3824 3824/1638/3823
f 1400/1504/1400 2522/1506/2522 3826/1641/3825
f 1391/1642/1391 3827/1643/3826 2513/1644/2513
f 1391/1642/1391 3828/1645/3827 3827/1643/3826
f 1498/1646/1498 2620/1647/2620 3829/1648/3828
f 1497/1649/1497 3830/1650/3829 3741/1651/3741
f 1497/1649/1497 3831/1652/3830 3830/1650/3829
f 1409/1518/1409 2531/1520/2531 3832/1653/3831
f 1399/1654/1399 3833/1655/3832 2521/1656/2521
f 1399/1654/1399 3834/1657/3833 3833/1655/3832
f 1496/1658/1496 2618/1659/2618 3835/1660/3834
f 1495/1661/1495 3836/1662/3835 3739/1663/3739
f 1495/1661/1495 3837/1664/3836 3836/1662/3835
f 1408/1532/1408 2530/1534/2530 3838/1665/3837
f 1398/1666/1398 3839/1667/3838 2520/1668/2520
f 1398/1666/1398 3840/1669/3839 3839/1667/3838
f 1494/1670/1494 2616/1671/2616 3841/1672/3840
f 1493/1673/1493 3842/1674/3841 3737/1675/3737
f 1493/1673/1493 3843/1676/3842 3842/1674/3841
f 1407/1546/1407 2529/1548/2529 3844/1677/3843
f 1397/1678/1397 3845/1679/3844 2519/1680/2519
f 1397/1678/1397 3846/1681/3845 3845/1679/3844
f 1492/1682/1492 2614/1683/2614 3847/1684/3846
f 1491/1685/1491 3848/1686/3847 3735/1687/3735
f 1491/1685/1491 3849/1688/3848 3848/1686/3847
f 1406/1560/1406 2528/1562/2528 3850/1689/3849
f 1396/1690/1396 3851/1691/3850 2518/1692/2518
f 1396/1690/1396 3852/1693/3851 3851/1691/3850
f 1490/1694/1490 2612/1695/2612 3853/1696/3852
f 1489/1697/1489 3854/1698/3853 3733/1699/3733
f 1489/1697/1489 3855/1700/3854 3854/1698/3853
f 1405/1574/1405 2527/1576/2527 3856/1701/3855
f 1395/1702/1395 3857/1703/3856 2517/1704/2517
f 1395/1702/1395 3858/1705/3857 3857/1703/3856
f 1488/1706/1488 2610/1707/2610 3859/1708/3858
f 1487/1709/1487 3860/1710/3859 3731/1711/3731
f 1487/1709/1487 3861/1712/3860 3860/1710/3859
f 1404/1588/1404 2526/1590/2526 3862/1713/3861
f 1394/1714/1394 3863/1715/3862 2516/1716/2516
f 1394/1714/1394 3864/1717/3863 3863/1715/3862
f 1486/1718/1486 2608/1719/2608 3865/1720/3864
f 1485/1721/1485 3866/1722/3865 3729/1723/3729
f 1485/1721/1485 3867/1724/3866 3866/1722/3865
f 1403/1602/1403 2525/1604/2525 3868/1725/3867
f 1393/1726/1393 3869/1727/3868 2515/1728/2515
f 1393/1726/1393 3870/1729/3869 3869/1727/3868
f 1484/1730/1484 2606/1731/2606 3871/1732/3870
f 1483/1733/1483 3872/1734/3871 3727/1735/3727
f 1483/1733/1483 3873/1736/3872 3872/1734/3871
f 1402/1616/1402 2524/1618/2524 3874/1737/3873
f 1392/1738/1392 3875/1739/3874 2514/1740/2514
f 1392/1738/1392 3876/1741/3875 3875/1739/3874
f 1482/1742/1482 2604/1743/2604 3877/1744/3876
f 1481/1745/1481 3878/1746/3877 3725/1747/3725
f 1481/1745/1481 3879/1748/3878 3878/1746/3877
f 1391/1642/1391 2513/1644/2513 3880/1749/3879
f 1383/1750/1383 3881/1751/3880 2505/1752/2505
f 1383/1750/1383 3882/1753/3881 3881/1751/3880
f 1480/1754/1480 2602/1755/2602 3883/1756/3882
f 1479/1757/1479 3884/1758/3883 3723/1759/3723
f 1479/1757/1479 3885/1760/3884 3884/1758/3883
f 1399/1654/1399 2521/1656/2521 3886/1761/3885
f 1390/1762/1390 3887/1763/3886 2512/1764/2512
f 1390/1762/1390 3888/1765/3887 3887/1763/3886
f 1478/1766/1478 2600/1767/2600 3889/1768/3888
f 1477/1769/1477 3890/1770/3889 3721/1771/3721
f 1477/1769/1477 3891/1772/3890 3890/1770/3889
f 1398/1666/1398 2520/1668/2520 3892/1773/3891
f 1389/1774/1389 3893/1775/3892 2511/1776/2511
f 1389/1774/1389 3894/1777/3893 3893/1775/3892
f 1476/1778/1476 2598/1779/2598 3895/1780/3894
f 1475/1781/1475 3896/1782/3895 3719/1783/3719
f 1475/1781/1475 3897/1784/3896 3896/1782/3895
f 1397/1678/1397 2519/1680/2519 3898/1785/3897
f 1388/1786/1388 3899/1787/3898 2510/1788/2510
f 1388/1786/1388 3900/1789/3899 3899/1787/3898
f 1474/1790/1474 2596/1791/2596 3901/1792/3900
f 1473/1793/1473 3902/1794/3901 3717/1795/3717
f 1473/1793/1473 3903/1796/3902 3902/1794/3901
f 1396/1690/1396 2518/1692/2518 3904/1797/3903
f 1387/1798/1387 3905/1799/3904 2509/1800/2509
f 1387/1798/1387 3906/1801/3905 3905/1799/3904
f 1472/1802/1472 2594/1803/2594 3907/1804/3906
f 1471/1805/1471 3908/1806/3907 3715/1807/3715
f 1471/1805/1471 3909/1808/3908 3908/1806/3907
f 1395/1702/1395 2517/1704/2517 3910/1809/3909
f 1386/1810/1386 3911/1811/3910 2508/1812/2508
f 1386/1810/1386 3912/1813/3911 3911/1811/3910
f 1470/1814/1470 2592/1815/2592 3913/1816/3912
f 1469/1817/1469 3914/1818/3913 3713/1819/3713
f 1469/1817/1469 3915/1820/3914 3914/1818/3913
f 1394/1714/1394 2516/1716/2516 3916/1821/3915
f 1385/1822/1385 3917/1823/3916 2507/1824/2507
f 1385/1822/1385 3918/1825/3917 3917/1823/3916
f 1468/1826/1468 2590/1827/2590 3919/1828/3918
f 1467/1829/1467 3920/1830/3919 3711/1831/3711
f 1467/1829/1467 3921/1832/3920 3920/1830/3919
f 1393/1726/1393 2515/1728/2515 3922/1833/3921
f 1384/1834/1384 3923/1835/3922 2506/1836/2506
f 1384/1834/1384 3924/1837/3923 3923/1835/3922
f 1466/1838/1466 2588/1839/2588 3925/1840/3924
f 1465/1841/1465 3926/1842/3925 3709/1843/3709
f 1465/1841/1465 3927/1844/3926 3926/1842/3925
f 1383/1750/1383 2505/1752/2505 3928/1845/3927
f 1376/1846/1376 3929/1847/3928 2498/1848/2498
f 1376/1846/1376 3930/1849/3929 3929/1847/3928
f 1464/1850/1464 2586/1851/2586 3931/1852/3930
f 1463/1853/1463 3932/1854/3931 3707/1855/3707
f 1463/1853/1463 3933/1856/3932 3932/1854/3931
f 1390/1762/1390 2512/1764/2512 3934/1857/3933
f 1382/1858/1382 3935/1859/3934 2504/1860/2504
f 1382/1858/1382 3936/1861/3935 3935/1859/3934
f 1462/1862/1462 2584/1863/2584 3937/1864/3936
f 1461/1865/1461 3938/1866/3937 3705/1867/3705
f 1461/1865/1461 3939/1868/3938 3938/1866/3937
f 1389/1774/1389 2511/1776/2511 3940/1869/3939
f 1381/1870/1381 3941/1871/3940 2503/1872/2503
f 1381/1870/1381 3942/1873/3941 3941/1871/3940
f 1460/1874/1460 2582/1875/2582 3943/1876/3942
f 1459/1877/1459 3944/1878/3943 3703/1879/3703
f 1459/1877/1459 3945/1880/3944 3944/1878/3943
f 1388/1786/1388 2510/1788/2510 3946/1881/3945
f 1380/1882/1380 3947/1883/3946 2502/1884/2502
f 1380/1882/1380 3948/1885/3947 3947/1883/3946
f 1458/1886/1458 2580/1887/2580 3949/1888/3948
f 1457/1889/1457 3950/1890/3949 3701/1891/3701
f 1457/1889/1457 3951/1892/3950 3950/1890/3949
f 1387/1798/1387 2509/1800/2509 3952/1893/3951
f 1379/1894/1379 3953/1895/3952 2501/1896/2501
f 1379/1894/1379 3954/1897/3953 3953/1895/3952
f 1456/1898/1456 2578/1899/2578 3955/1900/3954
f 1455/1901/1455 3956/1902/3955 3699/1903/3699
f 1455/1901/1455 3957/1904/3956 3956/1902/3955
f 1386/1810/1386 2508/1812/2508 3958/1905/3957
f 1378/1906/1378 3959/1907/3958 2500/1908/2500
f 1378/1906/1378 3960/1909/3959 3959/1907/3958
f 1454/1910/1454 2576/1911/2576 3961/1912/3960
f 1453/1913/1453 3962/1914/3961 3697/1915/3697
f 1453/1913/1453 3963/1916/3962 3962/1914/3961
f 1385/1822/1385 2507/1824/2507 3964/1917/3963
f 1377/1918/1377 3965/1919/3964 2499/1920/2499
f 1377/1918/1377 3966/1921/3965 3965/1919/3964
f 1452/1922/1452 2574/1923/2574 3967/1924/3966
f 1451/1925/1451 3968/1926/3967 3695/1927/3695
f 1451/1925/1451 3969/1928/3968 3968/1926/3967
f 1376/1846/1376 2498/1848/2498 3970/1929/3969
f 1370/1930/1370 3971/1931/3970 2492/1932/2492
f 1370/1930/1370 3972/1933/3971 3971/1931/3970
f 1450/1934/1450 2572/1935/2572 3973/1936/3972
f 1449/1937/1449 3974/1938/3973 3693/1939/3693
f 1449/1937/1449 3975/1940/3974 3974/1938/3973
f 1382/1858/1382 2504/1860/2504 3976/1941/3975
f 1375/1942/1375 3977/1943/3976 2497/1944/2497
f 1375/1942/1375 3978/1945/3977 3977/1943/3976
f 1448/1946/1448 2570/1947/2570 3979/1948/3978
f 1447/1949/1447 3980/1950/3979 3691/1951/3691
f 1447/1949/1447 3981/1952/3980 3980/1950/3979
f 1381/1870/1381 2503/1872/2503 3982/1953/3981
f 1374/1954/1374 3983/1955/3982 2496/1956/2496
f 1374/1954/1374 3984/1957/3983 3983/1955/3982
f 1446/1958/1446 2568/1959/2568 3985/1960/3984
f 1445/1961/1445 3986/1962/3985 3689/1963/3689
f 1445/1961/1445 3987/1964/3986 3986/1962/3985
f 1380/1882/1380 2502/1884/2502 3988/1965/3987
f 1373/1966/1373 3989/1967/3988 2495/1968/2495
f 1373/1966/1373 3990/1969/3989 3989/1967/3988
f 1444/1970/1444 2566/1971/2566 3991/1972/3990
f 1443/1973/1443 3992/1974/3991 3687/1975/3687
f 1443/1973/1443 3993/1976/3992 3992/1974/3991
f 1379/1894/1379 2501/1896/2501 3994/1977/3993
f 1372/1978/1372 3995/1979/3994 2494/1980/2494
f 1372/1978/1372 3996/1981/3995 3995/1979/3994
f 1442/1982/1442 2564/1983/2564 3997/1984/3996
f 1441/1985/1441 3998/1986/3997 3685/1987/3685
f 1441/1985/1441 3999/1988/3998 3998/1986/3997
f 1378/1906/1378 2500/1908/2500 4000/1989/3999
f 1371/1990/1371 4001/1991/4000 2493/1992/2493
f 1371/1990/1371 4002/1993/4001 4001/1991/4000
f 1440/1994/1440 2562/1995/2562 4003/1996/4002
f 1439/1997/1439 4004/1998/4003 3683/1999/3683
f 1439/1997/1439 4005/2000/4004 4004/1998/4003
f 1370/1930/1370 2492/1932/2492 4006/2001/4005
f 1365/2002/1365 4007/2003/4006 2487/2004/2487
f 1365/2002/1365 4008/2005/4007 4007/2003/4006
f 1438/2006/1438 2560/2007/2560 4009/2008/4008
f 1437/2009/1437 4010/2010/4009 3681/2011/3681
f 1437/2009/1437 4011/2012/4010 4010/2010/4009
f 1375/1942/1375 2497/1944/2497 4012/2013/4011
f 1369/2014/1369 4013/2015/4012 2491/2016/2491
f 1369/2014/1369 4014/2017/4013 4013/2015/4012
f 1436/2018/1436 2558/2019/2558 4015/2020/4014
f 1435/2021/1435 4016/2022/4015 3679/2023/3679
f 1435/2021/1435 4017/2024/4016 4016/2022/4015
f 1374/1954/1374 2496/1956/2496 4018/2025/4017
f 1368/2026/1368 4019/2027/4018 2490/2028/2490
f 1368/2026/1368 4020/2029/4019 4019/2027/4018
f 1434/2030/1434 2556/2031/2556 4021/2032/4020
f 1433/2033/1433 4022/2034/4021 3677/2035/3677
f 1433/2033/1433 4023/2036/4022 4022/2034/4021
f 1373/1966/1373 2495/1968/2495 4024/2037/4023
f 1367/2038/1367 4025/2039/4024 2489/2040/2489
f 1367/2038/1367 4026/2041/4025 4025/2039/4024
f 1432/2042/1432 2554/2043/2554 4027/2044/4026
f 1431/2045/1431 4028/2046/4027 3675/2047/3675
f 1431/2045/1431 4029/2048/4028 4028/2046/4027
f 1372/1978/1372 2494/1980/2494 4030/2049/4029
f 1366/2050/1366 4031/2051/4030 2488/2052/2488
f 1366/2050/1366 4032/2053/4031 4031/2051/4030
f 1430/2054/1430 2552/2055/2552 4033/2056/4032
f 1429/2057/1429 4034/2058/4033 3673/2059/3673
f 1429/2057/1429 4035/2060/4034 4034/2058/4033
f 1365/2002/1365 2487/2004/2487 4036/2061/4035
f 1361/2062/1361 4037/2063/4036 2483/2064/2483
f 1361/2062/1361 4038/2065/4037 4037/2063/4036
f 1428/2066/1428 2550/2067/2550 4039/2068/4038
f 1427/2069/1427 4040/2070/4039 3671/2071/3671
f 1427/2069/1427 4041/2072/4040 4040/2070/4039
f 1369/2014/1369 2491/2016/2491 4042/2073/4041
f 1364/2074/1364 4043/2075/4042 2486/2076/2486
f 1364/2074/1364 4044/2077/4043 4043/2075/4042
f 1426/2078/1426 2548/2079/2548 4045/2080/4044
f 1425/2081/1425 4046/2082/4045 3669/2083/3669
f 1425/2081/1425 4047/2084/4046 4046/2082/4045
f 1368/2026/1368 2490/2028/2490 4048/2085/4047
f 1363/2086/1363 4049/2087/4048 2485/2088/2485
f 1363/2086/1363 4050/2089/4049 4049/2087/4048
f 1424/2090/1424 2546/2091/2546 4051/2092/4050
f 1423/2093/1423 4052/2094/4051 3667/2095/3667
f 1423/2093/1423 4053/2096/4052 4052/2094/4051
f 1367/2038/1367 2489/2040/2489 4054/2097/4053
f 1362/2098/1362 4055/2099/4054 2484/2100/2484
f 1362/2098/1362 4056/2101/4055 4055/2099/4054
f 1422/2102/1422 2544/2103/2544 4057/2104/4056
f 1421/2105/1421 4058/2106/4057 3665/2107/3665
f 1421/2105/1421 4059/2108/4058 4058/2106/4057
f 1361/2062/1361 2483/2064/2483 4060/2109/4059
f 1358/2110/1358 4061/2111/4060 2480/2112/2480
f 1358/2110/1358 4062/2113/4061 4061/2111/4060
f 1420/2114/1420 2542/2115/2542 4063/2116/4062
f 1419/2117/1419 4064/2118/4063 3663/2119/3663
f 1419/2117/1419 4065/2120/4064 4064/2118/4063
f 1364/2074/1364 2486/2076/2486 4066/2121/4065
f 1360/2122/1360 4067/2123/4066 2482/2124/2482
f 1360/2122/1360 4068/2125/4067 4067/2123/4066
f 1418/2126/1418 2540/2127/2540 4069/2128/4068
f 1417/2129/1417 4070/2130/4069 3661/2131/3661
f 1417/2129/1417 4071/2132/4070 4070/2130/4069
f 1363/2086/1363 2485/2088/2485 4072/2133/4071
f 1359/2134/1359 4073/2135/4072 2481/2136/2481
f 1359/2134/1359 4074/2137/4073 4073/2135/4072
f 1416/2138/1416 2538/2139/2538 4075/2140/4074
f 1415/2141/1415 4076/2142/4075 3659/2143/3659
f 1415/2141/1415 4077/2144/4076 4076/2142/4075
f 1358/2110/1358 2480/2112/2480 4078/2145/4077
f 1356/2146/1356 4079/2147/4078 2478/2148/2478
f 1356/2146/1356 4080/2149/4079 4079/2147/4078
f 1414/2150/1414 2536/2151/2536 4081/2152/4080
f 1413/2153/1413 4082/2154/4081 3657/2155/3657
f 1413/2153/1413 4083/2156/4082 4082/2154/4081
f 1360/2122/1360 2482/2124/2482 4084/2157/4083
f 1357/2158/1357 4085/2159/4084 2479/2160/2479
f 1357/2158/1357 4086/2161/4085 4085/2159/4084
f 1412/2162/1412 2534/2163/2534 4087/2164/4086
f 1411/2165/1411 4088/2166/4087 3655/2167/3655
f 1411/2165/1411 4089/2168/4088 4088/2166/4087
f 1356/2146/1356 2478/2148/2478 4090/2169/4089
f 1355/2170/1355 4091/2171/4090 2477/2172/2477
f 1355/2170/1355 4092/2173/4091 4091/2171/4090
f 1410/2174/1410 2532/2175/2532 4093/2176/4092
f 479/2177/479 4094/2178/4093 2723/2179/2723
f 479/2177/479 4095/2180/4094 4094/2178/4093
f 1401/1630/1401 2523/1632/2523 4096/2181/4095
f 478/2182/478 4097/2183/4096 2722/2184/2722
f 478/2182/478 4098/2185/4097 4097/2183/4096
f 1392/1738/1392 2514/1740/2514 4099/2186/4098
f 477/2187/477 4100/2188/4099 2721/2189/2721
f 477/2187/477 4101/2190/4100 4100/2188/4099
f 1384/1834/1384 2506/1836/2506 4102/2191/4101
f 476/2192/476 4103/2193/4102 2720/2194/2720
f 476/2192/476 4104/2195/4103 4103/2193/4102
f 1377/1918/1377 2499/1920/2499 4105/2196/4104
f 475/2197/475 4106/2198/4105 2719/2199/2719
f 475/2197/475 4107/2200/4106 4106/2198/4105
f 1371/1990/1371 2493/1992/2493 4108/2201/4107
f 474/2202/474 4109/2203/4108 2718/2204/2718
f 474/2202/474 4110/2205/4109 4109/2203/4108
f 1366/2050/1366 2488/2052/2488 4111/2206/4110
f 473/2207/473 4112/2208/4111 2717/2209/2717
f 473/2207/473 4113/2210/4112 4112/2208/4111
f 1362/2098/1362 2484/2100/2484 4114/2211/4113
f 472/2212/472 4115/2213/4114 2716/2214/2716
f 472/2212/472 4116/2215/4115 4115/2213/4114
f 1359/2134/1359 2481/2136/2481 4117/2216/4116
f 471/2217/471 4118/2218/4117 2715/2219/2715
f 471/2217/471 4119/2220/4118 4118/2218/4117
f 1357/2158/1357 2479/2160/2479 4120/2221/4119
f 470/2222/470 4121/2223/4120 2714/2224/2714
f 470/2222/470 4122/2225/4121 4121/2223/4120
f 1355/2170/1355 2477/2172/2477 4123/2226/4122
f 1354/2227/1354 4124/2228/4123 3598/2229/3598
f 1354/2227/1354 4125/2230/4124 4124/2228/4123
f 410/2231/410 2654/2232/2654 4126/2233/4125
f 1235/2234/1235 4127/2235/4126 2357/2236/2357
f 1235/2234/1235 4128/2237/4127 4127/2235/4126
f 1353/2238/1353 2475/2239/2475 4129/2240/4128
f 1352/2241/1352 4130/2242/4129 3596/2243/3596
f 1352/2241/1352 4131/2244/4130 4130/2242/4129
f 411/2245/411 2655/2246/2655 4132/2247/4131
f 1244/2248/1244 4133/2249/4132 2366/2250/2366
f 1244/2248/1244 4134/2251/4133 4133/2249/4132
f 1351/2252/1351 2473/2253/2473 4135/2254/4134
f 1350/2255/1350 4136/2256/4135 3594/2257/3594
f 1350/2255/1350 4137/2258/4136 4136/2256/4135
f 412/2259/412 2656/2260/2656 4138/2261/4137
f 1243/2262/1243 4139/2263/4138 2365/2264/2365
f 1243/2262/1243 4140/2265/4139 4139/2263/4138
f 1349/2266/1349 2471/2267/2471 4141/2268/4140
f 1348/2269/1348 4142/2270/4141 3592/2271/3592
f 1348/2269/1348 4143/2272/4142 4142/2270/4141
f 413/2273/413 2657/2274/2657 4144/2275/4143
f 1242/2276/1242 4145/2277/4144 2364/2278/2364
f 1242/2276/1242 4146/2279/4145 4145/2277/4144
f 1347/2280/1347 2469/2281/2469 4147/2282/4146
f 1346/2283/1346 4148/2284/4147 3590/2285/3590
f 1346/2283/1346 4149/2286/4148 4148/2284/4147
f 414/2287/414 2658/2288/2658 4150/2289/4149
f 1241/2290/1241 4151/2291/4150 2363/2292/2363
f 1241/2290/1241 4152/2293/4151 4151/2291/4150
f 1345/2294/1345 2467/2295/2467 4153/2296/4152
f 1344/2297/1344 4154/2298/4153 3588/2299/3588
f 1344/2297/1344 4155/2300/4154 4154/2298/4153
f 415/2301/415 2659/2302/2659 4156/2303/4155
f 1240/2304/1240 4157/2305/4156 2362/2306/2362
f 1240/2304/1240 4158/2307/4157 4157/2305/4156
f 1343/2308/1343 2465/2309/2465 4159/2310/4158
f 1342/2311/1342 4160/2312/4159 3586/2313/3586
f 1342/2311/1342 4161/2314/4160 4160/2312/4159
f 416/2315/416 2660/2316/2660 4162/2317/4161
f 1239/2318/1239 4163/2319/4162 2361/2320/2361
f 1239/2318/1239 4164/2321/4163 4163/2319/4162
f 1341/2322/1341 2463/2323/2463 4165/2324/4164
f 1340/2325/1340 4166/2326/4165 3584/2327/3584
f 1340/2325/1340 4167/2328/4166 4166/2326/4165
f 417/2329/417 2661/2330/2661 4168/2331/4167
f 1238/2332/1238 4169/2333/4168 2360/2334/2360
f 1238/2332/1238 4170/2335/4169 4169/2333/4168
f 1339/2336/1339 2461/2337/2461 4171/2338/4170
f 1338/2339/1338 4172/2340/4171 3582/2341/3582
f 1338/2339/1338 4173/2342/4172 4172/2340/4171
f 418/2343/418 2662/2344/2662 4174/2345/4173
f 1237/2346/1237 4175/2347/4174 2359/2348/2359
f 1237/2346/1237 4176/2349/4175 4175/2347/4174
f 1337/2350/1337 2459/2351/2459 4177/2352/4176
f 1336/2353/1336 4178/2354/4177 3580/2355/3580
f 1336/2353/1336 4179/2356/4178 4178/2354/4177
f 419/2357/419 2663/2358/2663 4180/2359/4179
f 1236/2360/1236 4181/2361/4180 2358/2362/2358
f 1236/2360/1236 4182/2363/4181 4181/2361/4180
f 1335/2364/1335 2457/2365/2457 4183/2366/4182
f 1334/2367/1334 4184/2368/4183 3578/2369/3578
f 1334/2367/1334 4185/2370/4184 4184/2368/4183
f 1235/2234/1235 2357/2236/2357 4186/2371/4185
f 1226/2372/1226 4187/2373/4186 2348/2374/2348
f 1226/2372/1226 4188/2375/4187 4187/2373/4186
f 1333/2376/1333 2455/2377/2455 4189/2378/4188
f 1332/2379/1332 4190/2380/4189 3576/2381/3576
f 1332/2379/1332 4191/2382/4190 4190/2380/4189
f 1244/2248/1244 2366/2250/2366 4192/2383/4191
f 1234/2384/1234 4193/2385/4192 2356/2386/2356
f 1234/2384/1234 4194/2387/4193 4193/2385/4192
f 1331/2388/1331 2453/2389/2453 4195/2390/4194
f 1330/2391/1330 4196/2392/4195 3574/2393/3574
f 1330/2391/1330 4197/2394/4196 4196/2392/4195
f 1243/2262/1243 2365/2264/2365 4198/2395/4197
f 1233/2396/1233 4199/2397/4198 2355/2398/2355
f 1233/2396/1233 4200/2399/4199 4199/2397/4198
f 1329/2400/1329 2451/2401/2451 4201/2402/4200
f 1328/2403/1328 4202/2404/4201 3572/2405/3572
f 1328/2403/1328 4203/2406/4202 4202/2404/4201
f 1242/2276/1242 2364/2278/2364 4204/2407/4203
f 1232/2408/1232 4205/2409/4204 2354/2410/2354
f 1232/2408/1232 4206/2411/4205 4205/2409/4204
f 1327/2412/1327 2449/2413/2449 4207/2414/4206
f 1326/2415/1326 4208/2416/4207 3570/2417/3570
f 1326/2415/1326 4209/2418/4208 4208/2416/4207
f 1241/2290/1241 2363/2292/2363 4210/2419/4209
f 1231/2420/1231 4211/2421/4210 2353/2422/2353
f 1231/2420/1231 4212/2423/4211 4211/2421/4210
f 1325/2424/1325 2447/2425/2447 4213/2426/4212
f 1324/2427/1324 4214/2428/4213 3568/2429/3568
f 1324/2427/1324 4215/2430/4214 4214/2428/4213
f 1240/2304/1240 2362/2306/2362 4216/2431/4215
f 1230/2432/1230 4217/2433/4216 2352/2434/2352
f 1230/2432/1230 4218/2435/4217 4217/2433/4216
f 1323/2436/1323 2445/2437/2445 4219/2438/4218
f 1322/2439/1322 4220/2440/4219 3566/2441/3566
f 1322/2439/1322 4221/2442/4220 4220/2440/4219
f 1239/2318/1239 2361/2320/2361 4222/2443/4221
f 1229/2444/1229 4223/2445/4222 2351/2446/2351
f 1229/2444/1229 4224/2447/4223 4223/2445/4222
f 1321/2448/1321 2443/2449/2443 4225/2450/4224
f 1320/2451/1320 4226/2452/4225 3564/2453/3564
f 1320/2451/1320 4227/2454/4226 4226/2452/4225
f 1238/2332/1238 2360/2334/2360 4228/2455/4227
f 1228/2456/1228 4229/2457/4228 2350/2458/2350
f 1228/2456/1228 4230/2459/4229 4229/2457/4228
f 1319/2460/1319 2441/2461/2441 4231/2462/4230
f 1318/2463/1318 4232/2464/4231 3562/2465/3562
f 1318/2463/1318 4233/2466/4232 4232/2464/4231
f 1237/2346/1237 2359/2348/2359 4234/2467/4233
f 1227/2468/1227 4235/2469/4234 2349/2470/2349
f 1227/2468/1227 4236/2471/4235 4235/2469/4234
f 1317/2472/1317 2439/2473/2439 4237/2474/4236
f 1316/2475/1316 4238/2476/4237 3560/2477/3560
f 1316/2475/1316 4239/2478/4238 4238/2476/4237
f 1226/2372/1226 2348/2374/2348 4240/2479/4239
f 1218/2480/1218 4241/2481/4240 2340/2482/2340
f 1218/2480/1218 4242/2483/4241 4241/2481/4240
f 1315/2484/1315 2437/2485/2437 4243/2486/4242
f 1314/2487/1314 4244/2488/4243 3558/2489/3558
f 1314/2487/1314 4245/2490/4244 4244/2488/4243
f 1234/2384/1234 2356/2386/2356 4246/2491/4245
f 1225/2492/1225 4247/2493/4246 2347/2494/2347
f 1225/2492/1225 4248/2495/4247 4247/2493/4246
f 1313/2496/1313 2435/2497/2435 4249/2498/4248
f 1312/2499/1312 4250/2500/4249 3556/2501/3556
f 1312/2499/1312 4251/2502/1802 4250/2500/4249
f 1233/2396/1233 2355/2398/2355 4252/2503/4250
f 1224/2504/1224 4253/2505/4251 2346/2506/2346
f 1224/2504/1224 4254/2507/4252 4253/2505/4251
f 1311/2508/1311 2433/2509/2433 4255/2510/4253
f 1310/2511/1310 4256/2512/4254 3554/2513/3554
f 1310/2511/1310 4257/2514/4255 4256/2512/4254
f 1232/2408/1232 2354/2410/2354 4258/2515/4256
f 1223/2516/1223 4259/2517/4257 2345/2518/2345
f 1223/2516/1223 4260/2519/4258 4259/2517/4257
f 1309/2520/1309 2431/2521/2431 4261/2522/4259
f 1308/2523/1308 4262/2524/4260 3552/2525/3552
f 1308/2523/1308 4263/2526/4261 4262/2524/4260
f 1231/2420/1231 2353/2422/2353 4264/2527/4262
f 1222/2528/1222 4265/2529/4263 2344/2530/2344
f 1222/2528/1222 4266/2531/4264 4265/2529/4263
f 1307/2532/1307 2429/2533/2429 4267/2534/4265
f 1306/2535/1306 4268/2536/4266 3550/2537/3550
f 1306/2535/1306 4269/2538/4267 4268/2536/4266
f 1230/2432/1230 2352/2434/2352 4270/2539/4268
f 1221/2540/1221 4271/2541/4269 2343/2542/2343
f 1221/2540/1221 4272/2543/4270 4271/2541/4269
f 1305/2544/1305 2427/2545/2427 4273/2546/4271
f 1304/2547/1304 4274/2548/4272 3548/2549/3548
f 1304/2547/1304 4275/2550/4273 4274/2548/4272
f 1229/2444/1229 2351/2446/2351 4276/2551/4274
f 1220/2552/1220 4277/2553/4275 2342/2554/2342
f 1220/2552/1220 4278/2555/4276 4277/2553/4275
f 1303/2556/1303 2425/2557/2425 4279/2558/4277
f 1302/2559/1302 4280/2560/4278 3546/2561/3546
f 1302/2559/1302 4281/2562/4279 4280/2560/4278
f 1228/2456/1228 2350/2458/2350 4282/2563/4280
f 1219/2564/1219 4283/2565/4281 2341/2566/2341
f 1219/2564/1219 4284/2567/4282 4283/2565/4281
f 1301/2568/1301 2423/2569/2423 4285/2570/4283
f 1300/2571/1300 4286/2572/4284 3544/2573/3544
f 1300/2571/1300 4287/2574/4285 4286/2572/4284
f 1218/2480/1218 2340/2482/2340 4288/2575/4286
f 1211/2576/1211 4289/2577/4287 2333/2578/2333
f 1211/2576/1211 4290/2579/4288 4289/2577/4287
f 1299/2580/1299 2421/2581/2421 4291/2582/4289
f 1298/2583/1298 4292/2584/4290 3542/2585/3542
f 1298/2583/1298 4293/2586/4291 4292/2584/4290
f 1225/2492/1225 2347/2494/2347 4294/2587/4292
f 1217/2588/1217 4295/2589/4293 2339/2590/2339
f 1217/2588/1217 4296/2591/4294 4295/2589/4293
f 1297/2592/1297 2419/2593/2419 4297/2594/4295
f 1296/2595/1296 4298/2596/4296 3540/2597/3540
f 1296/2595/1296 4299/2598/4297 4298/2596/4296
f 1224/2504/1224 2346/2506/2346 4300/2599/4298
f 1216/2600/1216 4301/2601/4299 2338/2602/2338
f 1216/2600/1216 4302/2603/4300 4301/2601/4299
f 1295/2604/1295 2417/2605/2417 4303/2606/4301
f 1294/2607/1294 4304/2608/4302 3538/2609/3538
f 1294/2607/1294 4305/2610/4303 4304/2608/4302
f 1223/2516/1223 2345/2518/2345 4306/2611/4304
f 1215/2612/1215 4307/2613/4305 2337/2614/2337
f 1215/2612/1215 4308/2615/4306 4307/2613/4305
f 1293/2616/1293 2415/2617/2415 4309/2618/4307
f 1292/2619/1292 4310/2620/4308 3536/2621/3536
f 1292/2619/1292 4311/2622/4309 4310/2620/4308
f 1222/2528/1222 2344/2530/2344 4312/2623/4310
f 1214/2624/1214 4313/2625/4311 2336/2626/2336
f 1214/2624/1214 4314/2627/4312 4313/2625/4311
f 1291/2628/1291 2413/2629/2413 4315/2630/4313
f 1290/2631/1290 4316/2632/4314 3534/2633/3534
f 1290/2631/1290 4317/2634/4315 4316/2632/4314
f 1221/2540/1221 2343/2542/2343 4318/2635/4316
f 1213/2636/1213 4319/2637/4317 2335/2638/2335
f 1213/2636/1213 4320/2639/4318 4319/2637/4317
f 1289/2640/1289 2411/2641/2411 4321/2642/4319
f 1288/2643/1288 4322/2644/4320 3532/2645/3532
f 1288/2643/1288 4323/2646/4321 4322/2644/4320
f 1220/2552/1220 2342/2554/2342 4324/2647/4322
f 1212/2648/1212 4325/2649/4323 2334/2650/2334
f 1212/2648/1212 4326/2651/4324 4325/2649/4323
f 1287/2652/1287 2409/2653/2409 4327/2654/4325
f 1286/2655/1286 4328/2656/4326 3530/2657/3530
f 1286/2655/1286 4329/2658/4327 4328/2656/4326
f 1211/2576/1211 2333/2578/2333 4330/2659/4328
f 1205/2660/1205 4331/2661/4329 2327/2662/2327
f 1205/2660/1205 4332/2663/4330 4331/2661/4329
f 1285/2664/1285 2407/2665/2407 4333/2666/4331
f 1284/2667/1284 4334/2668/4332 3528/2669/3528
f 1284/2667/1284 4335/2670/4333 4334/2668/4332
f 1217/2588/1217 2339/2590/2339 4336/2671/4334
f 1210/2672/1210 4337/2673/4335 2332/2674/2332
f 1210/2672/1210 4338/2675/4336 4337/2673/4335
f 1283/2676/1283 2405/2677/2405 4339/2678/4337
f 1282/2679/1282 4340/2680/4338 3526/2681/3526
f 1282/2679/1282 4341/2682/4339 4340/2680/4338
f 1216/2600/1216 2338/2602/2338 4342/2683/4340
f 1209/2684/1209 4343/2685/4341 2331/2686/2331
f 1209/2684/1209 4344/2687/4342 4343/2685/4341
f 1281/2688/1281 2403/2689/2403 4345/2690/4343
f 1280/2691/1280 4346/2692/4344 3524/2693/3524
f 1280/2691/1280 4347/2694/4345 4346/2692/4344
f 1215/2612/1215 2337/2614/2337 4348/2695/4346
f 1208/2696/1208 4349/2697/4347 2330/2698/2330
f 1208/2696/1208 4350/2699/4348 4349/2697/4347
f 1279/2700/1279 2401/2701/2401 4351/2702/4349
f 1278/2703/1278 4352/2704/4350 3522/2705/3522
f 1278/2703/1278 4353/2706/4351 4352/2704/4350
f 1214/2624/1214 2336/2626/2336 4354/2707/4352
f 1207/2708/1207 4355/2709/4353 2329/2710/2329
f 1207/2708/1207 4356/2711/4354 4355/2709/4353
f 1277/2712/1277 2399/2713/2399 4357/2714/4355
f 1276/2715/1276 4358/2716/4356 3520/2717/3520
f 1276/2715/1276 4359/2718/4357 4358/2716/4356
f 1213/2636/1213 2335/2638/2335 4360/2719/4358
f 1206/2720/1206 4361/2721/4359 2328/2722/2328
f 1206/2720/1206 4362/2723/4360 4361/2721/4359
f 1275/2724/1275 2397/2725/2397 4363/2726/4361
f 1274/2727/1274 4364/2728/4362 3518/2729/3518
f 1274/2727/1274 4365/2730/4363 4364/2728/4362
f 1205/2660/1205 2327/2662/2327 4366/2731/4364
f 1200/2732/1200 4367/2733/4365 2322/2734/2322
f 1200/2732/1200 4368/2735/4366 4367/2733/4365
f 1273/2736/1273 2395/2737/2395 4369/2738/4367
f 1272/2739/1272 4370/2740/4368 3516/2741/3516
f 1272/2739/1272 4371/2742/4369 4370/2740/4368
f 1210/2672/1210 2332/2674/2332 4372/2743/4370
f 1204/2744/1204 4373/2745/4371 2326/2746/2326
f 1204/2744/1204 4374/2747/4372 4373/2745/4371
f 1271/2748/1271 2393/2749/2393 4375/2750/4373
f 1270/2751/1270 4376/2752/4374 3514/2753/3514
f 1270/2751/1270 4377/2754/4375 4376/2752/4374
f 1209/2684/1209 2331/2686/2331 4378/2755/4376
f 1203/2756/1203 4379/2757/4377 2325/2758/2325
f 1203/2756/1203 4380/2759/4378 4379/2757/4377
f 1269/2760/1269 2391/2761/2391 4381/2762/4379
f 1268/2763/1268 4382/2764/4380 3512/2765/3512
f 1268/2763/1268 4383/2766/4381 4382/2764/4380
f 1208/2696/1208 2330/2698/2330 4384/2767/4382
f 1202/2768/1202 4385/2769/4383 2324/2770/2324
f 1202/2768/1202 4386/2771/4384 4385/2769/4383
f 1267/2772/1267 2389/2773/2389 4387/2774/4385
f 1266/2775/1266 4388/2776/4386 3510/2777/3510
f 1266/2775/1266 4389/2778/4387 4388/2776/4386
f 1207/2708/1207 2329/2710/2329 4390/2779/4388
f 1201/2780/1201 4391/2781/4389 2323/2782/2323
f 1201/2780/1201 4392/2783/4390 4391/2781/4389
f 1265/2784/1265 2387/2785/2387 4393/2786/4391
f 1264/2787/1264 4394/2788/4392 3508/2789/3508
f 1264/2787/1264 4395/2790/4393 4394/2788/4392
f 1200/2732/1200 2322/2734/2322 4396/2791/4394
f 1196/2792/1196 4397/2793/4395 2318/2794/2318
f 1196/2792/1196 4398/2795/4396 4397/2793/4395
f 1263/2796/1263 2385/2797/2385 4399/2798/4397
f 1262/2799/1262 4400/2800/4398 3506/2801/3506
f 1262/2799/1262 4401/2802/4399 4400/2800/4398
f 1204/2744/1204 2326/2746/2326 4402/2803/4400
f 1199/2804/1199 4403/2805/4401 2321/2806/2321
f 1199/2804/1199 4404/2807/4402 4403/2805/4401
f 1261/2808/1261 2383/2809/2383 4405/2810/4403
f 1260/2811/1260 4406/2812/4404 3504/2813/3504
f 1260/2811/1260 4407/2814/4405 4406/2812/4404
f 1203/2756/1203 2325/2758/2325 4408/2815/4406
f 1198/2816/1198 4409/2817/4407 2320/2818/2320
f 1198/2816/1198 4410/2819/4408 4409/2817/4407
f 1259/2820/1259 2381/2821/2381 4411/2822/4409
f 1258/2823/1258 4412/2824/4410 3502/2825/3502
f 1258/2823/1258 4413/2826/4411 4412/2824/4410
f 1202/2768/1202 2324/2770/2324 4414/2827/4412
f 1197/2828/1197 4415/2829/4413 2319/2830/2319
f 1197/2828/1197 4416/2831/4414 4415/2829/4413
f 1257/2832/1257 2379/2833/2379 4417/2834/4415
f 1256/2835/1256 4418/2836/4416 3500/2837/3500
f 1256/2835/1256 4419/2838/4417 4418/2836/4416
f 1196/2792/1196 2318/2794/2318 4420/2839/4418
f 1193/2840/1193 4421/2841/4419 2315/2842/2315
f 1193/2840/1193 4422/2843/4420 4421/2841/4419
f 1255/2844/1255 2377/2845/2377 4423/2846/4421
f 1254/2847/1254 4424/2848/4422 3498/2849/3498
f 1254/2847/1254 4425/2850/4423 4424/2848/4422
f 1199/2804/1199 2321/2806/2321 4426/2851/4424
f 1195/2852/1195 4427/2853/4425 2317/2854/2317
f 1195/2852/1195 4428/2855/4426 4427/2853/4425
f 1253/2856/1253 2375/2857/2375 4429/2858/4427
f 1252/2859/1252 4430/2860/4428 3496/2861/3496
f 1252/2859/1252 4431/2862/4429 4430/2860/4428
f 1198/2816/1198 2320/2818/2320 4432/2863/4430
f 1194/2864/1194 4433/2865/4431 2316/2866/2316
f 1194/2864/1194 4434/2867/4432 4433/2865/4431
f 1251/2868/1251 2373/2869/2373 4435/2870/4433
f 1250/2871/1250 4436/2872/4434 3494/2873/3494
f 1250/2871/1250 4437/2874/4435 4436/2872/4434
f 1193/2840/1193 2315/2842/2315 4438/2875/4436
f 1191/2876/1191 4439/2877/4437 2313/2878/2313
f 1191/2876/1191 4440/2879/4438 4439/2877/4437
f 1249/2880/1249 2371/2881/2371 4441/2882/4439
f 1248/2883/1248 4442/2884/4440 3492/2885/3492
f 1248/2883/1248 4443/2886/4441 4442/2884/4440
f 1195/2852/1195 2317/2854/2317 4444/2887/4442
f 1192/2888/1192 4445/2889/4443 2314/2890/2314
f 1192/2888/1192 4446/2891/4444 4445/2889/4443
f 1247/2892/1247 2369/2893/2369 4447/2894/4445
f 1246/2895/1246 4448/2896/4446 3490/2897/3490
f 1246/2895/1246 4449/2898/4447 4448/2896/4446
f 1191/2876/1191 2313/2878/2313 4450/2899/4448
f 1190/2900/1190 4451/2901/4449 2312/2902/2312
f 1190/2900/1190 4452/2903/4450 4451/2901/4449
f 1245/2904/1245 2367/2905/2367 4453/2906/4451
f 501/2907/501 4454/2908/4452 1623/2909/1623
f 501/2907/501 4455/2910/4453 4454/2908/4452
f 1236/2360/1236 2358/2362/2358 4456/2911/4454
f 502/2912/502 4457/2913/4455 1624/2914/1624
f 502/2912/502 4458/2915/4456 4457/2913/4455
f 1227/2468/1227 2349/2470/2349 4459/2916/4457
f 503/2917/503 4460/2918/4458 1625/2919/1625
f 503/2917/503 4461/2920/4459 4460/2918/4458
f 1219/2564/1219 2341/2566/2341 4462/2921/4460
f 504/2922/504 4463/2923/4461 1626/2924/1626
f 504/2922/504 4464/2925/4462 4463/2923/4461
f 1212/2648/1212 2334/2650/2334 4465/2926/4463
f 505/2927/505 4466/2928/4464 1627/2929/1627
f 505/2927/505 4467/2930/4465 4466/2928/4464
f 1206/2720/1206 2328/2722/2328 4468/2931/4466
f 506/2932/506 4469/2933/4467 1628/2934/1628
f 506/2932/506 4470/2935/4468 4469/2933/4467
f 1201/2780/1201 2323/2782/2323 4471/2936/4469
f 507/2937/507 4472/2938/4470 1629/2939/1629
f 507/2937/507 4473/2940/4471 4472/2938/4470
f 1197/2828/1197 2319/2830/2319 4474/2941/4472
f 508/2942/508 4475/2943/4473 1630/2944/1630
f 508/2942/508 4476/2945/4474 4475/2943/4473
f 1194/2864/1194 2316/2866/2316 4477/2946/4475
f 509/2947/509 4478/2948/4476 1631/2949/1631
f 509/2947/509 4479/2950/4477 4478/2948/4476
f 1192/2888/1192 2314/2890/2314 4480/2951/4478
f 407/2952/407 4481/2953/4479 1529/2954/1529
f 407/2952/407 4482/2955/4480 4481/2953/4479
f 1190/2900/1190 2312/2902/2312 4483/2956/4481
f 1189/2957/1189 4484/2958/4482 3433/2959/3433
f 1189/2957/1189 4485/2960/4483 4484/2958/4482
f 420/2961/420 2664/2962/2664 4486/2963/4484
f 1070/2964/1070 4487/2965/4485 2192/2966/2192
f 1070/2964/1070 4488/2967/4486 4487/2965/4485
f 1188/2968/1188 2310/2969/2310 4489/2970/4487
f 1187/2971/1187 4490/2972/4488 3431/2973/3431
f 1187/2971/1187 4491/2974/4489 4490/2972/4488
f 421/2975/421 2665/2976/2665 4492/2977/4490
f 1079/2978/1079 4493/2979/4491 2201/2980/2201
f 1079/2978/1079 4494/2981/4492 4493/2979/4491
f 1186/2982/1186 2308/2983/2308 4495/2984/4493
f 1185/2985/1185 4496/2986/4494 3429/2987/3429
f 1185/2985/1185 4497/2988/4495 4496/2986/4494
f 422/2989/422 2666/2990/2666 4498/2991/4496
f 1078/2992/1078 4499/2993/4497 2200/2994/2200
f 1078/2992/1078 4500/2995/4498 4499/2993/4497
f 1184/2996/1184 2306/2997/2306 4501/2998/4499
f 1183/2999/1183 4502/3000/4500 3427/3001/3427
f 1183/2999/1183 4503/3002/4501 4502/3000/4500
f 423/3003/423 2667/3004/2667 4504/3005/4502
f 1077/3006/1077 4505/3007/4503 2199/3008/2199
f 1077/3006/1077 4506/3009/4504 4505/3007/4503
f 1182/3010/1182 2304/3011/2304 4507/3012/4505
f 1181/3013/1181 4508/3014/4506 3425/3015/3425
f 1181/3013/1181 4509/3016/4507 4508/3014/4506
f 424/3017/424 2668/3018/2668 4510/3019/4508
f 1076/3020/1076 4511/3021/4509 2198/3022/2198
f 1076/3020/1076 4512/3023/4510 4511/3021/4509
f 1180/3024/1180 2302/3025/2302 4513/3026/4511
f 1179/3027/1179 4514/3028/4512 3423/3029/3423
f 1179/3027/1179 4515/3030/4513 4514/3028/4512
f 425/3031/425 2669/3032/2669 4516/3033/4514
f 1075/3034/1075 4517/3035/4515 2197/3036/2197
f 1075/3034/1075 4518/3037/4516 4517/3035/4515
f 1178/3038/1178 2300/3039/2300 4519/3040/4517
f 1177/3041/1177 4520/3042/4518 3421/3043/3421
f 1177/3041/1177 4521/3044/4519 4520/3042/4518
f 426/3045/426 2670/3046/2670 4522/3047/4520
f 1074/3048/1074 4523/3049/4521 2196/3050/2196
f 1074/3048/1074 4524/3051/4522 4523/3049/4521
f 1176/3052/1176 2298/3053/2298 4525/3054/4523
f 1175/3055/1175 4526/3056/4524 3419/3057/3419
f 1175/3055/1175 4527/3058/4525 4526/3056/4524
f 427/3059/427 2671/3060/2671 4528/3061/4526
f 1073/3062/1073 4529/3063/4527 2195/3064/2195
f 1073/3062/1073 4530/3065/4528 4529/3063/4527
f 1174/3066/1174 2296/3067/2296 4531/3068/4529
f 1173/3069/1173 4532/3070/4530 3417/3071/3417
f 1173/3069/1173 4533/3072/4531 4532/3070/4530
f 428/3073/428 2672/3074/2672 4534/3075/4532
f 1072/3076/1072 4535/3077/4533 2194/3078/2194
f 1072/3076/1072 4536/3079/4534 4535/3077/4533
f 1172/3080/1172 2294/3081/2294 4537/3082/4535
f 1171/3083/1171 4538/3084/4536 3415/3085/3415
f 1171/3083/1171 4539/3086/4537 4538/3084/4536
f 429/3087/429 2673/3088/2673 4540/3089/4538
f 1071/3090/1071 4541/3091/4539 2193/3092/2193
f 1071/3090/1071 4542/3093/4540 4541/3091/4539
f 1170/3094/1170 2292/3095/2292 4543/3096/4541
f 1169/3097/1169 4544/3098/4542 3413/3099/3413
f 1169/3097/1169 4545/3100/4543 4544/3098/4542
f 1070/2964/1070 2192/2966/2192 4546/3101/4544
f 1061/3102/1061 4547/3103/4545 2183/3104/2183
f 1061/3102/1061 4548/3105/4546 4547/3103/4545
f 1168/3106/1168 2290/3107/2290 4549/3108/4547
f 1167/3109/1167 4550/3110/4548 3411/3111/3411
f 1167/3109/1167 4551/3112/4549 4550/3110/4548
f 1079/2978/1079 2201/2980/2201 4552/3113/4550
f 1069/3114/1069 4553/3115/4551 2191/3116/2191
f 1069/3114/1069 4554/3117/4552 4553/3115/4551
f 1166/3118/1166 2288/3119/2288 4555/3120/4553
f 1165/3121/1165 4556/3122/4554 3409/3123/3409
f 1165/3121/1165 4557/3124/4555 4556/3122/4554
f 1078/2992/1078 2200/2994/2200 4558/3125/4556
f 1068/3126/1068 4559/3127/4557 2190/3128/2190
f 1068/3126/1068 4560/3129/4558 4559/3127/4557
f 1164/3130/1164 2286/3131/2286 4561/3132/4559
f 1163/3133/1163 4562/3134/4560 3407/3135/3407
f 1163/3133/1163 4563/3136/4561 4562/3134/4560
f 1077/3006/1077 2199/3008/2199 4564/3137/4562
f 1067/3138/1067 4565/3139/4563 2189/3140/2189
f 1067/3138/1067 4566/3141/4564 4565/3139/4563
f 1162/3142/1162 2284/3143/2284 4567/3144/4565
f 1161/3145/1161 4568/3146/4566 3405/3147/3405
f 1161/3145/1161 4569/3148/4567 4568/3146/4566
f 1076/3020/1076 2198/3022/2198 4570/3149/4568
f 1066/3150/1066 4571/3151/4569 2188/3152/2188
f 1066/3150/1066 4572/3153/4570 4571/3151/4569
f 1160/3154/1160 2282/3155/2282 4573/3156/4571
f 1159/3157/1159 4574/3158/4572 3403/3159/3403
f 1159/3157/1159 4575/3160/4573 4574/3158/4572
f 1075/3034/1075 2197/3036/2197 4576/3161/4574
f 1065/3162/1065 4577/3163/4575 2187/3164/2187
f 1065/3162/1065 4578/3165/4576 4577/3163/4575
f 1158/3166/1158 2280/3167/2280 4579/3168/4577
f 1157/3169/1157 4580/3170/4578 3401/3171/3401
f 1157/3169/1157 4581/3172/4579 4580/3170/4578
f 1074/3048/1074 2196/3050/2196 4582/3173/4580
f 1064/3174/1064 4583/3175/4581 2186/3176/2186
f 1064/3174/1064 4584/3177/4582 4583/3175/4581
f 1156/3178/1156 2278/3179/2278 4585/3180/4583
f 1155/3181/1155 4586/3182/4584 3399/3183/3399
f 1155/3181/1155 4587/3184/4585 4586/3182/4584
f 1073/3062/1073 2195/3064/2195 4588/3185/4586
f 1063/3186/1063 4589/3187/4587 2185/3188/2185
f 1063/3186/1063 4590/3189/4588 4589/3187/4587
f 1154/3190/1154 2276/3191/2276 4591/3192/4589
f 1153/3193/1153 4592/3194/4590 3397/3195/3397
f 1153/3193/1153 4593/3196/4591 4592/3194/4590
f 1072/3076/1072 2194/3078/2194 4594/3197/4592
f 1062/3198/1062 4595/3199/4593 2184/3200/2184
f 1062/3198/1062 4596/3201/4594 4595/3199/4593
f 1152/3202/1152 2274/3203/2274 4597/3204/4595
f 1151/3205/1151 4598/3206/4596 3395/3207/3395
f 1151/3205/1151 4599/3208/4597 4598/3206/4596
f 1061/3102/1061 2183/3104/2183 4600/3209/4598
f 1053/3210/1053 4601/3211/4599 2175/3212/2175
f 1053/3210/1053 4602/3213/4600 4601/3211/4599
f 1150/3214/1150 2272/3215/2272 4603/3216/4601
f 1149/3217/1149 4604/3218/4602 3393/3219/3393
f 1149/3217/1149 4605/3220/4603 4604/3218/4602
f 1069/3114/1069 2191/3116/2191 4606/3221/4604
f 1060/3222/1060 4607/3223/4605 2182/3224/2182
f 1060/3222/1060 4608/3225/4606 4607/3223/4605
f 1148/3226/1148 2270/3227/2270 4609/3228/4607
f 1147/3229/1147 4610/3230/4608 3391/3231/3391
f 1147/3229/1147 4611/3232/4609 4610/3230/4608
f 1068/3126/1068 2190/3128/2190 4612/3233/4610
f 1059/3234/1059 4613/3235/4611 2181/3236/2181
f 1059/3234/1059 4614/3237/4612 4613/3235/4611
f 1146/3238/1146 2268/3239/2268 4615/3240/4613
f 1145/3241/1145 4616/3242/4614 3389/3243/3389
f 1145/3241/1145 4617/3244/4615 4616/3242/4614
f 1067/3138/1067 2189/3140/2189 4618/3245/4616
f 1058/3246/1058 4619/3247/4617 2180/3248/2180
f 1058/3246/1058 4620/3249/4618 4619/3247/4617
f 1144/3250/1144 2266/3251/2266 4621/3252/4619
f 1143/3253/1143 4622/3254/4620 3387/3255/3387
f 1143/3253/1143 4623/3256/4621 4622/3254/4620
f 1066/3150/1066 2188/3152/2188 4624/3257/4622
f 1057/3258/1057 4625/3259/4623 2179/3260/2179
f 1057/3258/1057 4626/3261/4624 4625/3259/4623
f 1142/3262/1142 2264/3263/2264 4627/3264/4625
f 1141/3265/1141 4628/3266/4626 3385/3267/3385
f 1141/3265/1141 4629/3268/4627 4628/3266/4626
f 1065/3162/1065 2187/3164/2187 4630/3269/4628
f 1056/3270/1056 4631/3271/4629 2178/3272/2178
f 1056/3270/1056 4632/3273/4630 4631/3271/4629
f 1140/3274/1140 2262/3275/2262 4633/3276/4631
f 1139/3277/1139 4634/3278/4632 3383/3279/3383
f 1139/3277/1139 4635/3280/4633 4634/3278/4632
f 1064/3174/1064 2186/3176/2186 4636/3281/4634
f 1055/3282/1055 4637/3283/4635 2177/3284/2177
f 1055/3282/1055 4638/3285/4636 4637/3283/4635
f 1138/3286/1138 2260/3287/2260 4639/3288/4637
f 1137/3289/1137 4640/3290/4638 3381/3291/3381
f 1137/3289/1137 4641/3292/4639 4640/3290/4638
f 1063/3186/1063 2185/3188/2185 4642/3293/4640
f 1054/3294/1054 4643/3295/4641 2176/3296/2176
f 1054/3294/1054 4644/3297/4642 4643/3295/4641
f 1136/3298/1136 2258/3299/2258 4645/3300/4643
f 1135/3301/1135 4646/3302/4644 3379/3303/3379
f 1135/3301/1135 4647/3304/4645 4646/3302/4644
f 1053/3210/1053 2175/3212/2175 4648/3305/4646
f 1046/3306/1046 4649/3307/4647 2168/3308/2168
f 1046/3306/1046 4650/3309/4648 4649/3307/4647
f 1134/3310/1134 2256/3311/2256 4651/3312/4649
f 1133/3313/1133 4652/3314/4650 3377/3315/3377
f 1133/3313/1133 4653/3316/4651 4652/3314/4650
f 1060/3222/1060 2182/3224/2182 4654/3317/4652
f 1052/3318/1052 4655/3319/4653 2174/3320/2174
f 1052/3318/1052 4656/3321/4654 4655/3319/4653
f 1132/3322/1132 2254/3323/2254 4657/3324/4655
f 1131/3325/1131 4658/3326/4656 3375/3327/3375
f 1131/3325/1131 4659/3328/4657 4658/3326/4656
f 1059/3234/1059 2181/3236/2181 4660/3329/4658
f 1051/3330/1051 4661/3331/4659 2173/3332/2173
f 1051/3330/1051 4662/3333/4660 4661/3331/4659
f 1130/3334/1130 2252/3335/2252 4663/3336/4661
f 1129/3337/1129 4664/3338/4662 3373/3339/3373
f 1129/3337/1129 4665/3340/4663 4664/3338/4662
f 1058/3246/1058 2180/3248/2180 4666/3341/4664
f 1050/3342/1050 4667/3343/4665 2172/3344/2172
f 1050/3342/1050 4668/3345/4666 4667/3343/4665
f 1128/3346/1128 2250/3347/2250 4669/3348/4667
f 1127/3349/1127 4670/3350/4668 3371/3351/3371
f 1127/3349/1127 4671/3352/4669 4670/3350/4668
f 1057/3258/1057 2179/3260/2179 4672/3353/4670
f 1049/3354/1049 4673/3355/4671 2171/3356/2171
f 1049/3354/1049 4674/3357/4672 4673/3355/4671
f 1126/3358/1126 2248/3359/2248 4675/3360/4673
f 1125/3361/1125 4676/3362/4674 3369/3363/3369
f 1125/3361/1125 4677/3364/4675 4676/3362/4674
f 1056/3270/1056 2178/3272/2178 4678/3365/4676
f 1048/3366/1048 4679/3367/4677 2170/3368/2170
f 1048/3366/1048 4680/3369/4678 4679/3367/4677
f 1124/3370/1124 2246/3371/2246 4681/3372/4679
f 1123/3373/1123 4682/3374/4680 3367/3375/3367
f 1123/3373/1123 4683/3376/4681 4682/3374/4680
f 1055/3282/1055 2177/3284/2177 4684/3377/4682
f 1047/3378/1047 4685/3379/4683 2169/3380/2169
f 1047/3378/1047 4686/3381/4684 4685/3379/4683
f 1122/3382/1122 2244/3383/2244 4687/3384/4685
f 1121/3385/1121 4688/3386/4686 3365/3387/3365
f 1121/3385/1121 4689/3388/4687 4688/3386/4686
f 1046/3306/1046 2168/3308/2168 4690/3389/4688
f 1040/3390/1040 4691/3391/4689 2162/3392/2162
f 1040/3390/1040 4692/3393/4690 4691/3391/4689
f 1120/3394/1120 2242/3395/2242 4693/3396/4691
f 1119/3397/1119 4694/3398/4692 3363/3399/3363
f 1119/3397/1119 4695/3400/4693 4694/3398/4692
f 1052/3318/1052 2174/3320/2174 4696/3401/4694
f 1045/3402/1045 4697/3403/4695 2167/3404/2167
f 1045/3402/1045 4698/3405/4696 4697/3403/4695
f 1118/3406/1118 2240/3407/2240 4699/3408/4697
f 1117/3409/1117 4700/3410/4698 3361/3411/3361
f 1117/3409/1117 4701/3412/4699 4700/3410/4698
f 1051/3330/1051 2173/3332/2173 4702/3413/4700
f 1044/3414/1044 4703/3415/4701 2166/3416/2166
f 1044/3414/1044 4704/3417/4702 4703/3415/4701
f 1116/3418/1116 2238/3419/2238 4705/3420/4703
f 1115/3421/1115 4706/3422/4704 3359/3423/3359
f 1115/3421/1115 4707/3424/4705 4706/3422/4704
f 1050/3342/1050 2172/3344/2172 4708/3425/4706
f 1043/3426/1043 4709/3427/4707 2165/3428/2165
f 1043/3426/1043 4710/3429/4708 4709/3427/4707
f 1114/3430/1114 2236/3431/2236 4711/3432/4709
f 1113/3433/1113 4712/3434/4710 3357/3435/3357
f 1113/3433/1113 4713/3436/4711 4712/3434/4710
f 1049/3354/1049 2171/3356/2171 4714/3437/4712
f 1042/3438/1042 4715/3439/4713 2164/3440/2164
f 1042/3438/1042 4716/3441/4714 4715/3439/4713
f 1112/3442/1112 2234/3443/2234 4717/3444/4715
f 1111/3445/1111 4718/3446/4716 3355/3447/3355
f 1111/3445/1111 4719/3448/4717 4718/3446/4716
f 1048/3366/1048 2170/3368/2170 4720/3449/4718
f 1041/3450/1041 4721/3451/4719 2163/3452/2163
f 1041/3450/1041 4722/3453/4720 4721/3451/4719
f 1110/3454/1110 2232/3455/2232 4723/3456/4721
f 1109/3457/1109 4724/3458/4722 3353/3459/3353
f 1109/3457/1109 4725/3460/4723 4724/3458/4722
f 1040/3390/1040 2162/3392/2162 4726/3461/4724
f 1035/3462/1035 4727/3463/4725 2157/3464/2157
f 1035/3462/1035 4728/3465/4726 4727/3463/4725
f 1108/3466/1108 2230/3467/2230 4729/3468/4727
f 1107/3469/1107 4730/3470/4728 3351/3471/3351
f 1107/3469/1107 4731/3472/4729 4730/3470/4728
f 1045/3402/1045 2167/3404/2167 4732/3473/4730
f 1039/3474/1039 4733/3475/4731 2161/3476/2161
f 1039/3474/1039 4734/3477/4732 4733/3475/4731
f 1106/3478/1106 2228/3479/2228 4735/3480/4733
f 1105/3481/1105 4736/3482/4734 3349/3483/3349
f 1105/3481/1105 4737/3484/4735 4736/3482/4734
f 1044/3414/1044 2166/3416/2166 4738/3485/4736
f 1038/3486/1038 4739/3487/4737 2160/3488/2160
f 1038/3486/1038 4740/3489/4738 4739/3487/4737
f 1104/3490/1104 2226/3491/2226 4741/3492/4739
f 1103/3493/1103 4742/3494/4740 3347/3495/3347
f 1103/3493/1103 4743/3496/4741 4742/3494/4740
f 1043/3426/1043 2165/3428/2165 4744/3497/4742
f 1037/3498/1037 4745/3499/4743 2159/3500/2159
f 1037/3498/1037 4746/3501/4744 4745/3499/4743
f 1102/3502/1102 2224/3503/2224 4747/3504/4745
f 1101/3505/1101 4748/3506/4746 3345/3507/3345
f 1101/3505/1101 4749/3508/4747 4748/3506/4746
f 1042/3438/1042 2164/3440/2164 4750/3509/4748
f 1036/3510/1036 4751/3511/4749 2158/3512/2158
f 1036/3510/1036 4752/3513/4750 4751/3511/4749
f 1100/3514/1100 2222/3515/2222 4753/3516/4751
f 1099/3517/1099 4754/3518/4752 3343/3519/3343
f 1099/3517/1099 4755/3520/4753 4754/3518/4752
f 1035/3462/1035 2157/3464/2157 4756/3521/4754
f 1031/3522/1031 4757/3523/4755 2153/3524/2153
f 1031/3522/1031 4758/3525/4756 4757/3523/4755
f 1098/3526/1098 2220/3527/2220 4759/3528/4757
f 1097/3529/1097 4760/3530/4758 3341/3531/3341
f 1097/3529/1097 4761/3532/4759 4760/3530/4758
f 1039/3474/1039 2161/3476/2161 4762/3533/4760
f 1034/3534/1034 4763/3535/4761 2156/3536/2156
f 1034/3534/1034 4764/3537/4762 4763/3535/4761
f 1096/3538/1096 2218/3539/2218 4765/3540/4763
f 1095/3541/1095 4766/3542/4764 3339/3543/3339
f 1095/3541/1095 4767/3544/4765 4766/3542/4764
f 1038/3486/1038 2160/3488/2160 4768/3545/4766
f 1033/3546/1033 4769/3547/4767 2155/3548/2155
f 1033/3546/1033 4770/3549/4768 4769/3547/4767
f 1094/3550/1094 2216/3551/2216 4771/3552/4769
f 1093/3553/1093 4772/3554/4770 3337/3555/3337
f 1093/3553/1093 4773/3556/4771 4772/3554/4770
f 1037/3498/1037 2159/3500/2159 4774/3557/4772
f 1032/3558/1032 4775/3559/4773 2154/3560/2154
f 1032/3558/1032 4776/3561/4774 4775/3559/4773
f 1092/3562/1092 2214/3563/2214 4777/3564/4775
f 1091/3565/1091 4778/3566/4776 3335/3567/3335
f 1091/3565/1091 4779/3568/4777 4778/3566/4776
f 1031/3522/1031 2153/3524/2153 4780/3569/4778
f 1028/3570/1028 4781/3571/4779 2150/3572/2150
f 1028/3570/1028 4782/3573/4780 4781/3571/4779
f 1090/3574/1090 2212/3575/2212 4783/3576/4781
f 1089/3577/1089 4784/3578/4782 3333/3579/3333
f 1089/3577/1089 4785/3580/4783 4784/3578/4782
f 1034/3534/1034 2156/3536/2156 4786/3581/4784
f 1030/3582/1030 4787/3583/4785 2152/3584/2152
f 1030/3582/1030 4788/3585/4786 4787/3583/4785
f 1088/3586/1088 2210/3587/2210 4789/3588/4787
f 1087/3589/1087 4790/3590/4788 3331/3591/3331
f 1087/3589/1087 4791/3592/4789 4790/3590/4788
f 1033/3546/1033 2155/3548/2155 4792/3593/4790
f 1029/3594/1029 4793/3595/4791 2151/3596/2151
f 1029/3594/1029 4794/3597/4792 4793/3595/4791
f 1086/3598/1086 2208/3599/2208 4795/3600/4793
f 1085/3601/1085 4796/3602/4794 3329/3603/3329
f 1085/3601/1085 4797/3604/4795 4796/3602/4794
f 1028/3570/1028 2150/3572/2150 4798/3605/4796
f 1026/3606/1026 4799/3607/4797 2148/3608/2148
f 1026/3606/1026 4800/3609/4798 4799/3607/4797
f 1084/3610/1084 2206/3611/2206 4801/3612/4799
f 1083/3613/1083 4802/3614/4800 3327/3615/3327
f 1083/3613/1083 4803/3616/4801 4802/3614/4800
f 1030/3582/1030 2152/3584/2152 4804/3617/4802
f 1027/3618/1027 4805/3619/4803 2149/3620/2149
f 1027/3618/1027 4806/3621/4804 4805/3619/4803
f 1082/3622/1082 2204/3623/2204 4807/3624/4805
f 1081/3625/1081 4808/3626/4806 3325/3627/3325
f 1081/3625/1081 4809/3628/4807 4808/3626/4806
f 1026/3606/1026 2148/3608/2148 4810/3629/4808
f 1025/3630/1025 4811/3631/4809 2147/3632/2147
f 1025/3630/1025 4812/3633/4810 4811/3631/4809
f 1080/3634/1080 2202/3635/2202 4813/3636/4811
f 491/3637/491 4814/3638/4812 1613/3639/1613
f 491/3637/491 4815/3640/4813 4814/3638/4812
f 1071/3090/1071 2193/3092/2193 4816/3641/4814
f 492/3642/492 4817/3643/4815 1614/3644/1614
f 492/3642/492 4818/3645/4816 4817/3643/4815
f 1062/3198/1062 2184/3200/2184 4819/3646/4817
f 493/3647/493 4820/3648/4818 1615/3649/1615
f 493/3647/493 4821/3650/4819 4820/3648/4818
f 1054/3294/1054 2176/3296/2176 4822/3651/4820
f 494/3652/494 4823/3653/4821 1616/3654/1616
f 494/3652/494 4824/3655/4822 4823/3653/4821
f 1047/3378/1047 2169/3380/2169 4825/3656/4823
f 495/3657/495 4826/3658/4824 1617/3659/1617
f 495/3657/495 4827/3660/4825 4826/3658/4824
f 1041/3450/1041 2163/3452/2163 4828/3661/4826
f 496/3662/496 4829/3663/4827 1618/3664/1618
f 496/3662/496 4830/3665/4828 4829/3663/4827
f 1036/3510/1036 2158/3512/2158 4831/3666/4829
f 497/3667/497 4832/3668/4830 1619/3669/1619
f 497/3667/497 4833/3670/4831 4832/3668/4830
f 1032/3558/1032 2154/3560/2154 4834/3671/4832
f 498/3672/498 4835/3673/4833 1620/3674/1620
f 498/3672/498 4836/3675/4834 4835/3673/4833
f 1029/3594/1029 2151/3596/2151 4837/3676/4835
f 499/3677/499 4838/3678/4836 1621/3679/1621
f 499/3677/499 4839/3680/4837 4838/3678/4836
f 1027/3618/1027 2149/3620/2149 4840/3681/4838
f 406/3682/406 4841/3683/4839 1528/3684/1528
f 406/3682/406 4842/3685/4840 4841/3683/4839
f 1025/3630/1025 2147/3632/2147 4843/3686/4841
f 1024/3687/1024 4844/3688/4842 3268/3689/3268
f 1024/3687/1024 4845/3690/4843 4844/3688/4842
f 430/3691/430 2674/3692/2674 4846/3693/4844
f 905/3694/905 4847/3695/4845 2027/3696/2027
f 905/3694/905 4848/3697/4846 4847/3695/4845
f 1023/3698/1023 2145/3699/2145 4849/3700/4847
f 1022/3701/1022 4850/3702/4848 3266/3703/3266
f 1022/3701/1022 4851/3704/4849 4850/3702/4848
f 431/3705/431 2675/3706/2675 4852/3707/4850
f 914/3708/914 4853/3709/4851 2036/3710/2036
f 914/3708/914 4854/3711/4852 4853/3709/4851
f 1021/3712/1021 2143/3713/2143 4855/3714/4853
f 1020/3715/1020 4856/3716/4854 3264/3717/3264
f 1020/3715/1020 4857/3718/4855 4856/3716/4854
f 432/3719/432 2676/3720/2676 4858/3721/4856
f 913/3722/913 4859/3723/4857 2035/3724/2035
f 913/3722/913 4860/3725/4858 4859/3723/4857
f 1019/3726/1019 2141/3727/2141 4861/3728/4859
f 1018/3729/1018 4862/3730/4860 3262/3731/3262
f 1018/3729/1018 4863/3732/4861 4862/3730/4860
f 433/3733/433 2677/3734/2677 4864/3735/4862
f 912/3736/912 4865/3737/4863 2034/3738/2034
f 912/3736/912 4866/3739/4864 4865/3737/4863
f 1017/3740/1017 2139/3741/2139 4867/3742/4865
f 1016/3743/1016 4868/3744/4866 3260/3745/3260
f 1016/3743/1016 4869/3746/4867 4868/3744/4866
f 434/3747/434 2678/3748/2678 4870/3749/4868
f 911/3750/911 4871/3751/4869 2033/3752/2033
f 911/3750/911 4872/3753/4870 4871/3751/4869
f 1015/3754/1015 2137/3755/2137 4873/3756/4871
f 1014/3757/1014 4874/3758/4872 3258/3759/3258
f 1014/3757/1014 4875/3760/4873 4874/3758/4872
f 435/3761/435 2679/3762/2679 4876/3763/4874
f 910/3764/910 4877/3765/4875 2032/3766/2032
f 910/3764/910 4878/3767/4876 4877/3765/4875
f 1013/3768/1013 2135/3769/2135 4879/3770/4877
f 1012/3771/1012 4880/3772/4878 3256/3773/3256
f 1012/3771/1012 4881/3774/4879 4880/3772/4878
f 436/3775/436 2680/3776/2680 4882/3777/4880
f 909/3778/909 4883/3779/4881 2031/3780/2031
f 909/3778/909 4884/3781/4882 4883/3779/4881
f 1011/3782/1011 2133/3783/2133 4885/3784/4883
f 1010/3785/1010 4886/3786/4884 3254/3787/3254
f 1010/3785/1010 4887/3788/4885 4886/3786/4884
f 437/3789/437 2681/3790/2681 4888/3791/4886
f 908/3792/908 4889/3793/4887 2030/3794/2030
f 908/3792/908 4890/3795/4888 4889/3793/4887
f 1009/3796/1009 2131/3797/2131 4891/3798/4889
f 1008/3799/1008 4892/3800/4890 3252/3801/3252
f 1008/3799/1008 4893/3802/4891 4892/3800/4890
f 438/3803/438 2682/3804/2682 4894/3805/4892
f 907/3806/907 4895/3807/4893 2029/3808/2029
f 907/3806/907 4896/3809/4894 4895/3807/4893
f 1007/3810/1007 2129/3811/2129 4897/3812/4895
f 1006/3813/1006 4898/3814/4896 3250/3815/3250
f 1006/3813/1006 4899/3816/4897 4898/3814/4896
f 439/3817/439 2683/3818/2683 4900/3819/4898
f 906/3820/906 4901/3821/4899 2028/3822/2028
f 906/3820/906 4902/3823/4900 4901/3821/4899
f 1005/3824/1005 2127/3825/2127 4903/3826/4901
f 1004/3827/1004 4904/3828/4902 3248/3829/3248
f 1004/3827/1004 4905/3830/4903 4904/3828/4902
f 905/3694/905 2027/3696/2027 4906/3831/4904
f 896/3832/896 4907/3833/4905 2018/3834/2018
f 896/3832/896 4908/3835/4906 4907/3833/4905
f 1003/3836/1003 2125/3837/2125 4909/3838/4907
f 1002/3839/1002 4910/3840/4908 3246/3841/3246
f 1002/3839/1002 4911/3842/4909 4910/3840/4908
f 914/3708/914 2036/3710/2036 4912/3843/4910
f 904/3844/904 4913/3845/4911 2026/3846/2026
f 904/3844/904 4914/3847/4912 4913/3845/4911
f 1001/3848/1001 2123/3849/2123 4915/3850/4913
f 1000/3851/1000 4916/3852/4914 3244/3853/3244
f 1000/3851/1000 4917/3854/4915 4916/3852/4914
f 913/3722/913 2035/3724/2035 4918/3855/4916
f 903/3856/903 4919/3857/4917 2025/3858/2025
f 903/3856/903 4920/3859/4918 4919/3857/4917
f 999/3860/999 2121/3861/2121 4921/3862/4919
f 998/3863/998 4922/3864/4920 3242/3865/3242
f 998/3863/998 4923/3866/4921 4922/3864/4920
f 912/3736/912 2034/3738/2034 4924/3867/4922
f 902/3868/902 4925/3869/4923 2024/3870/2024
f 902/3868/902 4926/3871/4924 4925/3869/4923
f 997/3872/997 2119/3873/2119 4927/3874/4925
f 996/3875/996 4928/3876/4926 3240/3877/3240
f 996/3875/996 4929/3878/4927 4928/3876/4926
f 911/3750/911 2033/3752/2033 4930/3879/4928
f 901/3880/901 4931/3881/4929 2023/3882/2023
f 901/3880/901 4932/3883/4930 4931/3881/4929
f 995/3884/995 2117/3885/2117 4933/3886/4931
f 994/3887/994 4934/3888/4932 3238/3889/3238
f 994/3887/994 4935/3890/4933 4934/3888/4932
f 910/3764/910 2032/3766/2032 4936/3891/4934
f 900/3892/900 4937/3893/4935 2022/3894/2022
f 900/3892/900 4938/3895/4936 4937/3893/4935
f 993/3896/993 2115/3897/2115 4939/3898/4937
f 992/3899/992 4940/3900/4938 3236/3901/3236
f 992/3899/992 4941/3902/4939 4940/3900/4938
f 909/3778/909 2031/3780/2031 4942/3903/4940
f 899/3904/899 4943/3905/4941 2021/3906/2021
f 899/3904/899 4944/3907/4942 4943/3905/4941
f 991/3908/991 2113/3909/2113 4945/3910/4943
f 990/3911/990 4946/3912/4944 3234/3913/3234
f 990/3911/990 4947/3914/4945 4946/3912/4944
f 908/3792/908 2030/3794/2030 4948/3915/4946
f 898/3916/898 4949/3917/4947 2020/3918/2020
f 898/3916/898 4950/3919/4948 4949/3917/4947
f 989/3920/989 2111/3921/2111 4951/3922/4949
f 988/3923/988 4952/3924/4950 3232/3925/3232
f 988/3923/988 4953/3926/4951 4952/3924/4950
f 907/3806/907 2029/3808/2029 4954/3927/4952
f 897/3928/897 4955/3929/4953 2019/3930/2019
f 897/3928/897 4956/3931/4954 4955/3929/4953
f 987/3932/987 2109/3933/2109 4957/3934/4955
f 986/3935/986 4958/3936/4956 3230/3937/3230
f 986/3935/986 4959/3938/4957 4958/3936/4956
f 896/3832/896 2018/3834/2018 4960/3939/4958
f 888/3940/888 4961/3941/4959 2010/3942/2010
f 888/3940/888 4962/3943/4960 4961/3941/4959
f 985/3944/985 2107/3945/2107 4963/3946/4961
f 984/3947/984 4964/3948/4962 3228/3949/3228
f 984/3947/984 4965/3950/4963 4964/3948/4962
f 904/3844/904 2026/3846/2026 4966/3951/4964
f 895/3952/895 4967/3953/4965 2017/3954/2017
f 895/3952/895 4968/3955/4966 4967/3953/4965
f 983/3956/983 2105/3957/2105 4969/3958/4967
f 982/3959/982 4970/3960/4968 3226/3961/3226
f 982/3959/982 4971/3962/4969 4970/3960/4968
f 903/3856/903 2025/3858/2025 4972/3963/4970
f 894/3964/894 4973/3965/4971 2016/3966/2016
f 894/3964/894 4974/3967/4972 4973/3965/4971
f 981/3968/981 2103/3969/2103 4975/3970/4973
f 980/3971/980 4976/3972/4974 3224/3973/3224
f 980/3971/980 4977/3974/4975 4976/3972/4974
f 902/3868/902 2024/3870/2024 4978/3975/4976
f 893/3976/893 4979/3977/4977 2015/3978/2015
f 893/3976/893 4980/3979/4978 4979/3977/4977
f 979/3980/979 2101/3981/2101 4981/3982/4979
f 978/3983/978 4982/3984/4980 3222/3985/3222
f 978/3983/978 4983/3986/4981 4982/3984/4980
f 901/3880/901 2023/3882/2023 4984/3987/4982
f 892/3988/892 4985/3989/4983 2014/3990/2014
f 892/3988/892 4986/3991/4984 4985/3989/4983
f 977/3992/977 2099/3993/2099 4987/3994/4985
f 976/3995/976 4988/3996/4986 3220/3997/3220
f 976/3995/976 4989/3998/4987 4988/3996/4986
f 900/3892/900 2022/3894/2022 4990/3999/4988
f 891/4000/891 4991/4001/4989 2013/4002/2013
f 891/4000/891 4992/4003/4990 4991/4001/4989
f 975/4004/975 2097/4005/2097 4993/4006/4991
f 974/4007/974 4994/4008/4992 3218/4009/3218
f 974/4007/974 4995/4010/4993 4994/4008/4992
f 899/3904/899 2021/3906/2021 4996/4011/4994
f 890/4012/890 4997/4013/4995 2012/4014/2012
f 890/4012/890 4998/4015/4996 4997/4013/4995
f 973/4016/973 2095/4017/2095 4999/4018/4997
f 972/4019/972 5000/4020/4998 3216/4021/3216
f 972/4019/972 5001/4022/4999 5000/4020/4998
f 898/3916/898 2020/3918/2020 5002/4023/5000
f 889/4024/889 5003/4025/5001 2011/4026/2011
f 889/4024/889 5004/4027/5002 5003/4025/5001
f 971/4028/971 2093/4029/2093 5005/4030/5003
f 970/4031/970 5006/4032/5004 3214/4033/3214
f 970/4031/970 5007/4034/5005 5006/4032/5004
f 888/3940/888 2010/3942/2010 5008/4035/5006
f 881/4036/881 5009/4037/5007 2003/4038/2003
f 881/4036/881 5010/4039/5008 5009/4037/5007
f 969/4040/969 2091/4041/2091 5011/4042/5009
f 968/4043/968 5012/4044/5010 3212/4045/3212
f 968/4043/968 5013/4046/5011 5012/4044/5010
f 895/3952/895 2017/3954/2017 5014/4047/5012
f 887/4048/887 5015/4049/5013 2009/4050/2009
f 887/4048/887 5016/4051/5014 5015/4049/5013
f 967/4052/967 2089/4053/2089 5017/4054/5015
f 966/4055/966 5018/4056/5016 3210/4057/3210
f 966/4055/966 5019/4058/5017 5018/4056/5016
f 894/3964/894 2016/3966/2016 5020/4059/5018
f 886/4060/886 5021/4061/5019 2008/4062/2008
f 886/4060/886 5022/4063/5020 5021/4061/5019
f 965/4064/965 2087/4065/2087 5023/4066/5021
f 964/4067/964 5024/4068/5022 3208/4069/3208
f 964/4067/964 5025/4070/5023 5024/4068/5022
f 893/3976/893 2015/3978/2015 5026/4071/5024
f 885/4072/885 5027/4073/5025 2007/4074/2007
f 885/4072/885 5028/4075/5026 5027/4073/5025
f 963/4076/963 2085/4077/2085 5029/4078/5027
f 962/4079/962 5030/4080/5028 3206/4081/3206
f 962/4079/962 5031/4082/5029 5030/4080/5028
f 892/3988/892 2014/3990/2014 5032/4083/5030
f 884/4084/884 5033/4085/5031 2006/4086/2006
f 884/4084/884 5034/4087/5032 5033/4085/5031
f 961/4088/961 2083/4089/2083 5035/4090/5033
f 960/4091/960 5036/4092/5034 3204/4093/3204
f 960/4091/960 5037/4094/5035 5036/4092/5034
f 891/4000/891 2013/4002/2013 5038/4095/5036
f 883/4096/883 5039/4097/5037 2005/4098/2005
f 883/4096/883 5040/4099/5038 5039/4097/5037
f 959/4100/959 2081/4101/2081 5041/4102/5039
f 958/4103/958 5042/4104/5040 3202/4105/3202
f 958/4103/958 5043/4106/5041 5042/4104/5040
f 890/4012/890 2012/4014/2012 5044/4107/5042
f 882/4108/882 5045/4109/5043 2004/4110/2004
f 882/4108/882 5046/4111/5044 5045/4109/5043
f 957/4112/957 2079/4113/2079 5047/4114/5045
f 956/4115/956 5048/4116/2967 3200/4117/3200
f 956/4115/956 5049/4118/5046 5048/4116/2967
f 881/4036/881 2003/4038/2003 5050/4119/5047
f 875/4120/875 5051/4121/5048 1997/4122/1997
f 875/4120/875 5052/4123/5049 5051/4121/5048
f 955/4124/955 2077/4125/2077 5053/4126/5050
f 954/4127/954 5054/4128/5051 3198/4129/3198
f 954/4127/954 5055/4130/5052 5054/4128/5051
f 887/4048/887 2009/4050/2009 5056/4131/5053
f 880/4132/880 5057/4133/5054 2002/4134/2002
f 880/4132/880 5058/4135/5055 5057/4133/5054
f 953/4136/953 2075/4137/2075 5059/4138/5056
f 952/4139/952 5060/4140/5057 3196/4141/3196
f 952/4139/952 5061/4142/5058 5060/4140/5057
f 886/4060/886 2008/4062/2008 5062/4143/5059
f 879/4144/879 5063/4145/5060 2001/4146/2001
f 879/4144/879 5064/4147/5061 5063/4145/5060
f 951/4148/951 2073/4149/2073 5065/4150/5062
f 950/4151/950 5066/4152/5063 3194/4153/3194
f 950/4151/950 5067/4154/5064 5066/4152/5063
f 885/4072/885 2007/4074/2007 5068/4155/5065
f 878/4156/878 5069/4157/5066 2000/4158/2000
f 878/4156/878 5070/4159/5067 5069/4157/5066
f 949/4160/949 2071/4161/2071 5071/4162/5068
f 948/4163/948 5072/4164/5069 3192/4165/3192
f 948/4163/948 5073/4166/5070 5072/4164/5069
f 884/4084/884 2006/4086/2006 5074/4167/5071
f 877/4168/877 5075/4169/5072 1999/4170/1999
f 877/4168/877 5076/4171/5073 5075/4169/5072
f 947/4172/947 2069/4173/2069 5077/4174/5074
f 946/4175/946 5078/4176/5075 3190/4177/3190
f 946/4175/946 5079/4178/5076 5078/4176/5075
f 883/4096/883 2005/4098/2005 5080/4179/5077
f 876/4180/876 5081/4181/5078 1998/4182/1998
f 876/4180/876 5082/4183/5079 5081/4181/5078
f 945/4184/945 2067/4185/2067 5083/4186/5080
f 944/4187/944 5084/4188/5081 3188/4189/3188
f 944/4187/944 5085/4190/5082 5084/4188/5081
f 875/4120/875 1997/4122/1997 5086/4191/5083
f 870/4192/870 5087/4193/5084 1992/4194/1992
f 870/4192/870 5088/4195/5085 5087/4193/5084
f 943/4196/943 2065/4197/2065 5089/4198/5086
f 942/4199/942 5090/4200/5087 3186/4201/3186
f 942/4199/942 5091/4202/5088 5090/4200/5087
f 880/4132/880 2002/4134/2002 5092/4203/5089
f 874/4204/874 5093/4205/5090 1996/4206/1996
f 874/4204/874 5094/4207/5091 5093/4205/5090
f 941/4208/941 2063/4209/2063 5095/4210/5092
f 940/4211/940 5096/4212/5093 3184/4213/3184
f 940/4211/940 5097/4214/5094 5096/4212/5093
f 879/4144/879 2001/4146/2001 5098/4215/5095
f 873/4216/873 5099/4217/5096 1995/4218/1995
f 873/4216/873 5100/4219/5097 5099/4217/5096
f 939/4220/939 2061/4221/2061 5101/4222/5098
f 938/4223/938 5102/4224/5099 3182/4225/3182
f 938/4223/938 5103/4226/5100 5102/4224/5099
f 878/4156/878 2000/4158/2000 5104/4227/5101
f 872/4228/872 5105/4229/5102 1994/4230/1994
f 872/4228/872 5106/4231/5103 5105/4229/5102
f 937/4232/937 2059/4233/2059 5107/4234/5104
f 936/4235/936 5108/4236/5105 3180/4237/3180
f 936/4235/936 5109/4238/5106 5108/4236/5105
f 877/4168/877 1999/4170/1999 5110/4239/5107
f 871/4240/871 5111/4241/5108 1993/4242/1993
f 871/4240/871 5112/4243/5109 5111/4241/5108
f 935/4244/935 2057/4245/2057 5113/4246/5110
f 934/4247/934 5114/4248/5111 3178/4249/3178
f 934/4247/934 5115/4250/5112 5114/4248/5111
f 870/4192/870 1992/4194/1992 5116/4251/5113
f 866/4252/866 5117/4253/5114 1988/4254/1988
f 866/4252/866 5118/4255/5115 5117/4253/5114
f 933/4256/933 2055/4257/2055 5119/4258/5116
f 932/4259/932 5120/4260/5117 3176/4261/3176
f 932/4259/932 5121/4262/5118 5120/4260/5117
f 874/4204/874 1996/4206/1996 5122/4263/5119
f 869/4264/869 5123/4265/5120 1991/4266/1991
f 869/4264/869 5124/4267/5121 5123/4265/5120
f 931/4268/931 2053/4269/2053 5125/4270/5122
f 930/4271/930 5126/4272/5123 3174/4273/3174
f 930/4271/930 5127/4274/5124 5126/4272/5123
f 873/4216/873 1995/4218/1995 5128/4275/5125
f 868/4276/868 5129/4277/5126 1990/4278/1990
f 868/4276/868 5130/4279/5127 5129/4277/5126
f 929/4280/929 2051/4281/2051 5131/4282/5128
f 928/4283/928 5132/4284/5129 3172/4285/3172
f 928/4283/928 5133/4286/5130 5132/4284/5129
f 872/4228/872 1994/4230/1994 5134/4287/5131
f 867/4288/867 5135/4289/5132 1989/4290/1989
f 867/4288/867 5136/4291/5133 5135/4289/5132
f 927/4292/927 2049/4293/2049 5137/4294/5134
f 926/4295/926 5138/4296/5135 3170/4297/3170
f 926/4295/926 5139/4298/5136 5138/4296/5135
f 866/4252/866 1988/4254/1988 5140/4299/5137
f 863/4300/863 5141/4301/5138 1985/4302/1985
f 863/4300/863 5142/4303/5139 5141/4301/5138
f 925/4304/925 2047/4305/2047 5143/4306/5140
f 924/4307/924 5144/4308/5141 3168/4309/3168
f 924/4307/924 5145/4310/5142 5144/4308/5141
f 869/4264/869 1991/4266/1991 5146/4311/5143
f 865/4312/865 5147/4313/5144 1987/4314/1987
f 865/4312/865 5148/4315/5145 5147/4313/5144
f 923/4316/923 2045/4317/2045 5149/4318/5146
f 922/4319/922 5150/4320/5147 3166/4321/3166
f 922/4319/922 5151/4322/5148 5150/4320/5147
f 868/4276/868 1990/4278/1990 5152/4323/5149
f 864/4324/864 5153/4325/5150 1986/4326/1986
f 864/4324/864 5154/4327/5151 5153/4325/5150
f 921/4328/921 2043/4329/2043 5155/4330/5152
f 920/4331/920 5156/4332/5153 3164/4333/3164
f 920/4331/920 5157/4334/5154 5156/4332/5153
f 863/4300/863 1985/4302/1985 5158/4335/5155
f 861/4336/861 5159/4337/5156 1983/4338/1983
f 861/4336/861 5160/4339/5157 5159/4337/5156
f 919/4340/919 2041/4341/2041 5161/4342/5158
f 918/4343/918 5162/4344/5159 3162/4345/3162
f 918/4343/918 5163/4346/5160 5162/4344/5159
f 865/4312/865 1987/4314/1987 5164/4347/5161
f 862/4348/862 5165/4349/5162 1984/4350/1984
f 862/4348/862 5166/4351/5163 5165/4349/5162
f 917/4352/917 2039/4353/2039 5167/4354/5164
f 916/4355/916 5168/4356/5165 3160/4357/3160
f 916/4355/916 5169/4358/5166 5168/4356/5165
f 861/4336/861 1983/4338/1983 5170/4359/5167
f 860/4360/860 5171/4361/5168 1982/4362/1982
f 860/4360/860 5172/4363/5169 5171/4361/5168
f 915/4364/915 2037/4365/2037 5173/4366/5170
f 481/4367/481 5174/4368/5171 1603/4369/1603
f 481/4367/481 5175/4370/5172 5174/4368/5171
f 906/3820/906 2028/3822/2028 5176/4371/5173
f 482/4372/482 5177/4373/5174 1604/4374/1604
f 482/4372/482 5178/4375/5175 5177/4373/5174
f 897/3928/897 2019/3930/2019 5179/4376/5176
f 483/4377/483 5180/4378/5177 1605/4379/1605
f 483/4377/483 5181/4380/5178 5180/4378/5177
f 889/4024/889 2011/4026/2011 5182/4381/5179
f 484/4382/484 5183/4383/5180 1606/4384/1606
f 484/4382/484 5184/4385/5181 5183/4383/5180
f 882/4108/882 2004/4110/2004 5185/4386/5182
f 485/4387/485 5186/4388/5183 1607/4389/1607
f 485/4387/485 5187/4390/5184 5186/4388/5183
f 876/4180/876 1998/4182/1998 5188/4391/5185
f 486/4392/486 5189/4393/5186 1608/4394/1608
f 486/4392/486 5190/4395/5187 5189/4393/5186
f 871/4240/871 1993/4242/1993 5191/4396/5188
f 487/4397/487 5192/4398/5189 1609/4399/1609
f 487/4397/487 5193/4400/5190 5192/4398/5189
f 867/4288/867 1989/4290/1989 5194/4401/5191
f 488/4402/488 5195/4403/5192 1610/4404/1610
f 488/4402/488 5196/4405/5193 5195/4403/5192
f 864/4324/864 1986/4326/1986 5197/4406/5194
f 489/4407/489 5198/4408/5195 1611/4409/1611
f 489/4407/489 5199/4410/5196 5198/4408/5195
f 862/4348/862 1984/4350/1984 5200/4411/5197
f 405/4412/405 5201/4413/5198 1527/4414/1527
f 405/4412/405 5202/4415/5199 5201/4413/5198
f 860/4360/860 1982/4362/1982 5203/4416/5200
f 859/4417/859 5204/4418/5201 3103/4419/3103
f 859/4417/859 5205/4420/5202 5204/4418/5201
f 440/4421/440 2684/4422/2684 5206/4423/5203
f 740/4424/740 5207/4425/5204 1862/4426/1862
f 740/4424/740 5208/4427/5205 5207/4425/5204
f 858/4428/858 1980/4429/1980 5209/4430/5206
f 857/4431/857 5210/4432/5207 3101/4433/3101
f 857/4431/857 5211/4434/5208 5210/4432/5207
f 441/4435/441 2685/4436/2685 5212/4437/5209
f 749/4438/749 5213/4439/5210 1871/4440/1871
f 749/4438/749 5214/4441/5211 5213/4439/5210
f 856/4442/856 1978/4443/1978 5215/4444/5212
f 855/4445/855 5216/4446/5213 3099/4447/3099
f 855/4445/855 5217/4448/5214 5216/4446/5213
f 442/4449/442 2686/4450/2686 5218/4451/5215
f 748/4452/748 5219/4453/5216 1870/4454/1870
f 748/4452/748 5220/4455/5217 5219/4453/5216
f 854/4456/854 1976/4457/1976 5221/4458/5218
f 853/4459/853 5222/4460/5219 3097/4461/3097
f 853/4459/853 5223/4462/5220 5222/4460/5219
f 443/4463/443 2687/4464/2687 5224/4465/5221
f 747/4466/747 5225/4467/5222 1869/4468/1869
f 747/4466/747 5226/4469/5223 5225/4467/5222
f 852/4470/852 1974/4471/1974 5227/4472/5224
f 851/4473/851 5228/4474/5225 3095/4475/3095
f 851/4473/851 5229/4476/5226 5228/4474/5225
f 444/4477/444 2688/4478/2688 5230/4479/5227
f 746/4480/746 5231/4481/5228 1868/4482/1868
f 746/4480/746 5232/4483/5229 5231/4481/5228
f 850/4484/850 1972/4485/1972 5233/4486/5230
f 849/4487/849 5234/4488/5231 3093/4489/3093
f 849/4487/849 5235/4490/5232 5234/4488/5231
f 445/4491/445 2689/4492/2689 5236/4493/5233
f 745/4494/745 5237/4495/5234 1867/4496/1867
f 745/4494/745 5238/4497/5235 5237/4495/5234
f 848/4498/848 1970/4499/1970 5239/4500/5236
f 847/4501/847 5240/4502/5237 3091/4503/3091
f 847/4501/847 5241/4504/5238 5240/4502/5237
f 446/4505/446 2690/4506/2690 5242/4507/5239
f 744/4508/744 5243/4509/5240 1866/4510/1866
f 744/4508/744 5244/4511/5241 5243/4509/5240
f 846/4512/846 1968/4513/1968 5245/4514/5242
f 845/4515/845 5246/4516/5243 3089/4517/3089
f 845/4515/845 5247/4518/5244 5246/4516/5243
f 447/4519/447 2691/4520/2691 5248/4521/5245
f 743/4522/743 5249/4523/5246 1865/4524/1865
f 743/4522/743 5250/4525/5247 5249/4523/5246
f 844/4526/844 1966/4527/1966 5251/4528/5248
f 843/4529/843 5252/4530/5249 3087/4531/3087
f 843/4529/843 5253/4532/5250 5252/4530/5249
f 448/4533/448 2692/4534/2692 5254/4535/5251
f 742/4536/742 5255/4537/5252 1864/4538/1864
f 742/4536/742 5256/4539/5253 5255/4537/5252
f 842/4540/842 1964/4541/1964 5257/4542/5254
f 841/4543/841 5258/4544/5255 3085/4545/3085
f 841/4543/841 5259/4546/5256 5258/4544/5255
f 449/4547/449 2693/4548/2693 5260/4549/5257
f 741/4550/741 5261/4551/5258 1863/4552/1863
f 741/4550/741 5262/4553/5259 5261/4551/5258
f 840/4554/840 1962/4555/1962 5263/4556/5260
f 839/4557/839 5264/4558/5261 3083/4559/3083
f 839/4557/839 5265/4560/5262 5264/4558/5261
f 740/4424/740 1862/4426/1862 5266/4561/5263
f 731/4562/731 5267/4563/5264 1853/4564/1853
f 731/4562/731 5268/4565/5265 5267/4563/5264
f 838/4566/838 1960/4567/1960 5269/4568/5266
f 837/4569/837 5270/4570/5267 3081/4571/3081
f 837/4569/837 5271/4572/5268 5270/4570/5267
f 749/4438/749 1871/4440/1871 5272/4573/5269
f 739/4574/739 5273/4575/5270 1861/4576/1861
f 739/4574/739 5274/4577/5271 5273/4575/5270
f 836/4578/836 1958/4579/1958 5275/4580/5272
f 835/4581/835 5276/4582/5273 3079/4583/3079
f 835/4581/835 5277/4584/5274 5276/4582/5273
f 748/4452/748 1870/4454/1870 5278/4585/5275
f 738/4586/738 5279/4587/5276 1860/4588/1860
f 738/4586/738 5280/4589/5277 5279/4587/5276
f 834/4590/834 1956/4591/1956 5281/4592/5278
f 833/4593/833 5282/4594/5279 3077/4595/3077
f 833/4593/833 5283/4596/5280 5282/4594/5279
f 747/4466/747 1869/4468/1869 5284/4597/5281
f 737/4598/737 5285/4599/5282 1859/4600/1859
f 737/4598/737 5286/4601/5283 5285/4599/5282
f 832/4602/832 1954/4603/1954 5287/4604/5284
f 831/4605/831 5288/4606/5285 3075/4607/3075
f 831/4605/831 5289/4608/5286 5288/4606/5285
f 746/4480/746 1868/4482/1868 5290/4609/5287
f 736/4610/736 5291/4611/5288 1858/4612/1858
f 736/4610/736 5292/4613/5289 5291/4611/5288
f 830/4614/830 1952/4615/1952 5293/4616/5290
f 829/4617/829 5294/4618/5291 3073/4619/3073
f 829/4617/829 5295/4620/5292 5294/4618/5291
f 745/4494/745 1867/4496/1867 5296/4621/5293
f 735/4622/735 5297/4623/5294 1857/4624/1857
f 735/4622/735 5298/4625/5295 5297/4623/5294
f 828/4626/828 1950/4627/1950 5299/4628/5296
f 827/4629/827 5300/4630/5297 3071/4631/3071
f 827/4629/827 5301/4632/5298 5300/4630/5297
f 744/4508/744 1866/4510/1866 5302/4633/5299
f 734/4634/734 5303/4635/5300 1856/4636/1856
f 734/4634/734 5304/4637/5301 5303/4635/5300
f 826/4638/826 1948/4639/1948 5305/4640/5302
f 825/4641/825 5306/4642/5303 3069/4643/3069
f 825/4641/825 5307/4644/5304 5306/4642/5303
f 743/4522/743 1865/4524/1865 5308/4645/5305
f 733/4646/733 5309/4647/5306 1855/4648/1855
f 733/4646/733 5310/4649/5307 5309/4647/5306
f 824/4650/824 1946/4651/1946 5311/4652/5308
f 823/4653/823 5312/4654/5309 3067/4655/3067
f 823/4653/823 5313/4656/5310 5312/4654/5309
f 742/4536/742 1864/4538/1864 5314/4657/5311
f 732/4658/732 5315/4659/5312 1854/4660/1854
f 732/4658/732 5316/4661/5313 5315/4659/5312
f 822/4662/822 1944/4663/1944 5317/4664/5314
f 821/4665/821 5318/4666/5315 3065/4667/3065
f 821/4665/821 5319/4668/5316 5318/4666/5315
f 731/4562/731 1853/4564/1853 5320/4669/5317
f 723/4670/723 5321/4671/5318 1845/4672/1845
f 723/4670/723 5322/4673/5319 5321/4671/5318
f 820/4674/820 1942/4675/1942 5323/4676/5320
f 819/4677/819 5324/4678/5321 3063/4679/3063
f 819/4677/819 5325/4680/5322 5324/4678/5321
f 739/4574/739 1861/4576/1861 5326/4681/5323
f 730/4682/730 5327/4683/5324 1852/4684/1852
f 730/4682/730 5328/4685/5325 5327/4683/5324
f 818/4686/818 1940/4687/1940 5329/4688/5326
f 817/4689/817 5330/4690/5327 3061/4691/3061
f 817/4689/817 5331/4692/5328 5330/4690/5327
f 738/4586/738 1860/4588/1860 5332/4693/5329
f 729/4694/729 5333/4695/5330 1851/4696/1851
f 729/4694/729 5334/4697/5331 5333/4695/5330
f 816/4698/816 1938/4699/1938 5335/4700/5332
f 815/4701/815 5336/4702/5333 3059/4703/3059
f 815/4701/815 5337/4704/5334 5336/4702/5333
f 737/4598/737 1859/4600/1859 5338/4705/5335
f 728/4706/728 5339/4707/5336 1850/4708/1850
f 728/4706/728 5340/4709/5337 5339/4707/5336
f 814/4710/814 1936/4711/1936 5341/4712/5338
f 813/4713/813 5342/4714/5339 3057/4715/3057
f 813/4713/813 5343/4716/5340 5342/4714/5339
f 736/4610/736 1858/4612/1858 5344/4717/5341
f 727/4718/727 5345/4719/5342 1849/4720/1849
f 727/4718/727 5346/4721/5343 5345/4719/5342
f 812/4722/812 1934/4723/1934 5347/4724/5344
f 811/4725/811 5348/4726/5345 3055/4727/3055
f 811/4725/811 5349/4728/5346 5348/4726/5345
f 735/4622/735 1857/4624/1857 5350/4729/5347
f 726/4730/726 5351/4731/5348 1848/4732/1848
f 726/4730/726 5352/4733/5349 5351/4731/5348
f 810/4734/810 1932/4735/1932 5353/4736/5350
f 809/4737/809 5354/4738/5351 3053/4739/3053
f 809/4737/809 5355/4740/5352 5354/4738/5351
f 734/4634/734 1856/4636/1856 5356/4741/5353
f 725/4742/725 5357/4743/5354 1847/4744/1847
f 725/4742/725 5358/4745/5355 5357/4743/5354
f 808/4746/808 1930/4747/1930 5359/4748/5356
f 807/4749/807 5360/4750/5357 3051/4751/3051
f 807/4749/807 5361/4752/5358 5360/4750/5357
f 733/4646/733 1855/4648/1855 5362/4753/5359
f 724/4754/724 5363/4755/5360 1846/4756/1846
f 724/4754/724 5364/4757/5361 5363/4755/5360
f 806/4758/806 1928/4759/1928 5365/4760/5362
f 805/4761/805 5366/4762/5363 3049/4763/3049
f 805/4761/805 5367/4764/5364 5366/4762/5363
f 723/4670/723 1845/4672/1845 5368/4765/5365
f 716/4766/716 5369/4767/5366 1838/4768/1838
f 716/4766/716 5370/4769/5367 5369/4767/5366
f 804/4770/804 1926/4771/1926 5371/4772/5368
f 803/4773/803 5372/4774/5369 3047/4775/3047
f 803/4773/803 5373/4776/5370 5372/4774/5369
f 730/4682/730 1852/4684/1852 5374/4777/5371
f 722/4778/722 5375/4779/5372 1844/4780/1844
f 722/4778/722 5376/4781/5373 5375/4779/5372
f 802/4782/802 1924/4783/1924 5377/4784/5374
f 801/4785/801 5378/4786/5375 3045/4787/3045
f 801/4785/801 5379/4788/5376 5378/4786/5375
f 729/4694/729 1851/4696/1851 5380/4789/5377
f 721/4790/721 5381/4791/5378 1843/4792/1843
f 721/4790/721 5382/4793/5379 5381/4791/5378
f 800/4794/800 1922/4795/1922 5383/4796/5380
f 799/4797/799 5384/4798/5381 3043/4799/3043
f 799/4797/799 5385/4800/5382 5384/4798/5381
f 728/4706/728 1850/4708/1850 5386/4801/5383
f 720/4802/720 5387/4803/5384 1842/4804/1842
f 720/4802/720 5388/4805/5385 5387/4803/5384
f 798/4806/798 1920/4807/1920 5389/4808/5386
f 797/4809/797 5390/4810/5387 3041/4811/3041
f 797/4809/797 5391/4812/5388 5390/4810/5387
f 727/4718/727 1849/4720/1849 5392/4813/5389
f 719/4814/719 5393/4815/5390 1841/4816/1841
f 719/4814/719 5394/4817/5391 5393/4815/5390
f 796/4818/796 1918/4819/1918 5395/4820/5392
f 795/4821/795 5396/4822/5393 3039/4823/3039
f 795/4821/795 5397/4824/5394 5396/4822/5393
f 726/4730/726 1848/4732/1848 5398/4825/5395
f 718/4826/718 5399/4827/5396 1840/4828/1840
f 718/4826/718 5400/4829/5397 5399/4827/5396
f 794/4830/794 1916/4831/1916 5401/4832/5398
f 793/4833/793 5402/4834/5399 3037/4835/3037
f 793/4833/793 5403/4836/5400 5402/4834/5399
f 725/4742/725 1847/4744/1847 5404/4837/5401
f 717/4838/717 5405/4839/5402 1839/4840/1839
f 717/4838/717 5406/4841/5403 5405/4839/5402
f 792/4842/792 1914/4843/1914 5407/4844/5404
f 791/4845/791 5408/4846/5405 3035/4847/3035
f 791/4845/791 5409/4848/5406 5408/4846/5405
f 716/4766/716 1838/4768/1838 5410/4849/5407
f 710/4850/710 5411/4851/5408 1832/4852/1832
f 710/4850/710 5412/4853/5409 5411/4851/5408
f 790/4854/790 1912/4855/1912 5413/4856/5410
f 789/4857/789 5414/4858/5411 3033/4859/3033
f 789/4857/789 5415/4860/5412 5414/4858/5411
f 722/4778/722 1844/4780/1844 5416/4861/5413
f 715/4862/715 5417/4863/5414 1837/4864/1837
f 715/4862/715 5418/4865/5415 5417/4863/5414
f 788/4866/788 1910/4867/1910 5419/4868/5416
f 787/4869/787 5420/4870/5417 3031/4871/3031
f 787/4869/787 5421/4872/5418 5420/4870/5417
f 721/4790/721 1843/4792/1843 5422/4873/5419
f 714/4874/714 5423/4875/5420 1836/4876/1836
f 714/4874/714 5424/4877/5421 5423/4875/5420
f 786/4878/786 1908/4879/1908 5425/4880/5422
f 785/4881/785 5426/4882/5423 3029/4883/3029
f 785/4881/785 5427/4884/5424 5426/4882/5423
f 720/4802/720 1842/4804/1842 5428/4885/5425
f 713/4886/713 5429/4887/5426 1835/4888/1835
f 713/4886/713 5430/4889/5427 5429/4887/5426
f 784/4890/784 1906/4891/1906 5431/4892/5428
f 783/4893/783 5432/4894/5429 3027/4895/3027
f 783/4893/783 5433/4896/5430 5432/4894/5429
f 719/4814/719 1841/4816/1841 5434/4897/5431
f 712/4898/712 5435/4899/5432 1834/4900/1834
f 712/4898/712 5436/4901/5433 5435/4899/5432
f 782/4902/782 1904/4903/1904 5437/4904/5434
f 781/4905/781 5438/4906/5435 3025/4907/3025
f 781/4905/781 5439/4908/5436 5438/4906/5435
f 718/4826/718 1840/4828/1840 5440/4909/5437
f 711/4910/711 5441/4911/5438 1833/4912/1833
f 711/4910/711 5442/4913/5439 5441/4911/5438
f 780/4914/780 1902/4915/1902 5443/4916/5440
f 779/4917/779 5444/4918/5441 3023/4919/3023
f 779/4917/779 5445/4920/5442 5444/4918/5441
f 710/4850/710 1832/4852/1832 5446/4921/5443
f 705/4922/705 5447/4923/5444 1827/4924/1827
f 705/4922/705 5448/4925/5445 5447/4923/5444
f 778/4926/778 1900/4927/1900 5449/4928/5446
f 777/4929/777 5450/4930/5447 3021/4931/3021
f 777/4929/777 5451/4932/5448 5450/4930/5447
f 715/4862/715 1837/4864/1837 5452/4933/5449
f 709/4934/709 5453/4935/5450 1831/4936/1831
f 709/4934/709 5454/4937/5451 5453/4935/5450
f 776/4938/776 1898/4939/1898 5455/4940/5452
f 775/4941/775 5456/4942/5453 3019/4943/3019
f 775/4941/775 5457/4944/5454 5456/4942/5453
f 714/4874/714 1836/4876/1836 5458/4945/5455
f 708/4946/708 5459/4947/5456 1830/4948/1830
f 708/4946/708 5460/4949/5457 5459/4947/5456
f 774/4950/774 1896/4951/1896 5461/4952/5458
f 773/4953/773 5462/4954/5459 3017/4955/3017
f 773/4953/773 5463/4956/5460 5462/4954/5459
f 713/4886/713 1835/4888/1835 5464/4957/5461
f 707/4958/707 5465/4959/5462 1829/4960/1829
f 707/4958/707 5466/4961/5463 5465/4959/5462
f 772/4962/772 1894/4963/1894 5467/4964/5464
f 771/4965/771 5468/4966/5465 3015/4967/3015
f 771/4965/771 5469/4968/5466 5468/4966/5465
f 712/4898/712 1834/4900/1834 5470/4969/5467
f 706/4970/706 5471/4971/5468 1828/4972/1828
f 706/4970/706 5472/4973/5469 5471/4971/5468
f 770/4974/770 1892/4975/1892 5473/4976/5470
f 769/4977/769 5474/4978/5471 3013/4979/3013
f 769/4977/769 5475/4980/5472 5474/4978/5471
f 705/4922/705 1827/4924/1827 5476/4981/5473
f 701/4982/701 5477/4983/5474 1823/4984/1823
f 701/4982/701 5478/4985/5475 5477/4983/5474
f 768/4986/768 1890/4987/1890 5479/4988/5476
f 767/4989/767 5480/4990/5477 3011/4991/3011
f 767/4989/767 5481/4992/5478 5480/4990/5477
f 709/4934/709 1831/4936/1831 5482/4993/5479
f 704/4994/704 5483/4995/5480 1826/4996/1826
f 704/4994/704 5484/4997/5481 5483/4995/5480
f 766/4998/766 1888/4999/1888 5485/5000/5482
f 765/5001/765 5486/5002/5483 3009/5003/3009
f 765/5001/765 5487/5004/5484 5486/5002/5483
f 708/4946/708 1830/4948/1830 5488/5005/5485
f 703/5006/703 5489/5007/5486 1825/5008/1825
f 703/5006/703 5490/5009/5487 5489/5007/5486
f 764/5010/764 1886/5011/1886 5491/5012/5488
f 763/5013/763 5492/5014/5489 3007/5015/3007
f 763/5013/763 5493/5016/5490 5492/5014/5489
f 707/4958/707 1829/4960/1829 5494/5017/5491
f 702/5018/702 5495/5019/5492 1824/5020/1824
f 702/5018/702 5496/5021/5493 5495/5019/5492
f 762/5022/762 1884/5023/1884 5497/5024/5494
f 761/5025/761 5498/5026/5495 3005/5027/3005
f 761/5025/761 5499/5028/5496 5498/5026/5495
f 701/4982/701 1823/4984/1823 5500/5029/5497
f 698/5030/698 5501/5031/5498 1820/5032/1820
f 698/5030/698 5502/5033/5499 5501/5031/5498
f 760/5034/760 1882/5035/1882 5503/5036/5500
f 759/5037/759 5504/5038/5501 3003/5039/3003
f 759/5037/759 5505/5040/5502 5504/5038/5501
f 704/4994/704 1826/4996/1826 5506/5041/5503
f 700/5042/700 5507/5043/5504 1822/5044/1822
f 700/5042/700 5508/5045/5505 5507/5043/5504
f 758/5046/758 1880/5047/1880 5509/5048/5506
f 757/5049/757 5510/5050/5507 3001/5051/3001
f 757/5049/757 5511/5052/5508 5510/5050/5507
f 703/5006/703 1825/5008/1825 5512/5053/5509
f 699/5054/699 5513/5055/5510 1821/5056/1821
f 699/5054/699 5514/5057/5511 5513/5055/5510
f 756/5058/756 1878/5059/1878 5515/5060/5512
f 755/5061/755 5516/5062/5513 2999/5063/2999
f 755/5061/755 5517/5064/5514 5516/5062/5513
f 698/5030/698 1820/5032/1820 5518/5065/5515
f 696/5066/696 5519/5067/5516 1818/5068/1818
f 696/5066/696 5520/5069/5517 5519/5067/5516
f 754/5070/754 1876/5071/1876 5521/5072/5518
f 753/5073/753 5522/5074/5519 2997/5075/2997
f 753/5073/753 5523/5076/5520 5522/5074/5519
f 700/5042/700 1822/5044/1822 5524/5077/5521
f 697/5078/697 5525/5079/5522 1819/5080/1819
f 697/5078/697 5526/5081/5523 5525/5079/5522
f 752/5082/752 1874/5083/1874 5527/5084/5524
f 751/5085/751 5528/5086/5525 2995/5087/2995
f 751/5085/751 5529/5088/5526 5528/5086/5525
f 696/5066/696 1818/5068/1818 5530/5089/5527
f 695/5090/695 5531/5091/5528 1817/5092/1817
f 695/5090/695 5532/5093/5529 5531/5091/5528
f 750/5094/750 1872/5095/1872 5533/5096/5530
f 521/5097/521 5534/5098/5531 1643/5099/1643
f 521/5097/521 5535/5100/5532 5534/5098/5531
f 741/4550/741 1863/4552/1863 5536/5101/5533
f 522/5102/522 5537/5103/5534 1644/5104/1644
f 522/5102/522 5538/5105/5535 5537/5103/5534
f 732/4658/732 1854/4660/1854 5539/5106/5536
f 523/5107/523 5540/5108/5537 1645/5109/1645
f 523/5107/523 5541/5110/5538 5540/5108/5537
f 724/4754/724 1846/4756/1846 5542/5111/5539
f 524/5112/524 5543/5113/5540 1646/5114/1646
f 524/5112/524 5544/5115/5541 5543/5113/5540
f 717/4838/717 1839/4840/1839 5545/5116/5542
f 525/5117/525 5546/5118/5543 1647/5119/1647
f 525/5117/525 5547/5120/5544 5546/5118/5543
f 711/4910/711 1833/4912/1833 5548/5121/5545
f 526/5122/526 5549/5123/5546 1648/5124/1648
f 526/5122/526 5550/5125/5547 5549/5123/5546
f 706/4970/706 1828/4972/1828 5551/5126/5548
f 527/5127/527 5552/5128/5549 1649/5129/1649
f 527/5127/527 5553/5130/5550 5552/5128/5549
f 702/5018/702 1824/5020/1824 5554/5131/5551
f 528/5132/528 5555/5133/5552 1650/5134/1650
f 528/5132/528 5556/5135/5553 5555/5133/5552
f 699/5054/699 1821/5056/1821 5557/5136/5554
f 529/5137/529 5558/5138/5555 1651/5139/1651
f 529/5137/529 5559/5140/5556 5558/5138/5555
f 697/5078/697 1819/5080/1819 5560/5141/5557
f 409/5142/409 5561/5143/5558 1531/5144/1531
f 409/5142/409 5562/5145/5559 5561/5143/5558
f 695/5090/695 1817/5092/1817 5563/5146/5560
f 694/5147/694 5564/5148/5561 2938/5149/2938
f 694/5147/694 5565/5150/5562 5564/5148/5561
f 470/2222/470 2714/2224/2714 5566/5151/5563
f 575/5152/575 5567/5153/5564 1697/5154/1697
f 575/5152/575 5568/5155/5565 5567/5153/5564
f 693/5156/693 1815/5157/1815 5569/5158/5566
f 692/5159/692 5570/5160/5567 2936/5161/2936
f 692/5159/692 5571/5162/5568 5570/5160/5567
f 471/2217/471 2715/2219/2715 5572/5163/5569
f 584/5164/584 5573/5165/5570 1706/5166/1706
f 584/5164/584 5574/5167/5571 5573/5165/5570
f 691/5168/691 1813/5169/1813 5575/5170/5572
f 690/5171/690 5576/5172/5573 2934/5173/2934
f 690/5171/690 5577/5174/5574 5576/5172/5573
f 472/2212/472 2716/2214/2716 5578/5175/5575
f 583/5176/583 5579/5177/5576 1705/5178/1705
f 583/5176/583 5580/5179/5577 5579/5177/5576
f 689/5180/689 1811/5181/1811 5581/5182/5578
f 688/5183/688 5582/5184/5579 2932/5185/2932
f 688/5183/688 5583/5186/5580 5582/5184/5579
f 473/2207/473 2717/2209/2717 5584/5187/5581
f 582/5188/582 5585/5189/5582 1704/5190/1704
f 582/5188/582 5586/5191/5583 5585/5189/5582
f 687/5192/687 1809/5193/1809 5587/5194/5584
f 686/5195/686 5588/5196/5585 2930/5197/2930
f 686/5195/686 5589/5198/5586 5588/5196/5585
f 474/2202/474 2718/2204/2718 5590/5199/5587
f 581/5200/581 5591/5201/5588 1703/5202/1703
f 581/5200/581 5592/5203/5589 5591/5201/5588
f 685/5204/685 1807/5205/1807 5593/5206/5590
f 684/5207/684 5594/5208/5591 2928/5209/2928
f 684/5207/684 5595/5210/5592 5594/5208/5591
f 475/2197/475 2719/2199/2719 5596/5211/5593
f 580/5212/580 5597/5213/5594 1702/5214/1702
f 580/5212/580 5598/5215/5595 5597/5213/5594
f 683/5216/683 1805/5217/1805 5599/5218/5596
f 682/5219/682 5600/5220/5597 2926/5221/2926
f 682/5219/682 5601/5222/5598 5600/5220/5597
f 476/2192/476 2720/2194/2720 5602/5223/5599
f 579/5224/579 5603/5225/5600 1701/5226/1701
f 579/5224/579 5604/5227/5601 5603/5225/5600
f 681/5228/681 1803/5229/1803 5605/5230/5602
f 680/5231/680 5606/5232/5603 2924/5233/2924
f 680/5231/680 5607/5234/5604 5606/5232/5603
f 477/2187/477 2721/2189/2721 5608/5235/5605
f 578/5236/578 5609/5237/5606 1700/5238/1700
f 578/5236/578 5610/5239/5607 5609/5237/5606
f 679/5240/679 1801/5241/1801 5611/5242/5608
f 678/5243/678 5612/5244/5609 2922/5245/2922
f 678/5243/678 5613/5246/5610 5612/5244/5609
f 478/2182/478 2722/2184/2722 5614/5247/5611
f 577/5248/577 5615/5249/5612 1699/5250/1699
f 577/5248/577 5616/5251/5613 5615/5249/5612
f 677/5252/677 1799/5253/1799 5617/5254/5614
f 676/5255/676 5618/5256/5615 2920/5257/2920
f 676/5255/676 5619/5258/5616 5618/5256/5615
f 479/2177/479 2723/2179/2723 5620/5259/5617
f 576/5260/576 5621/5261/5618 1698/5262/1698
f 576/5260/576 5622/5263/5619 5621/5261/5618
f 675/5264/675 1797/5265/1797 5623/5266/5620
f 674/5267/674 5624/5268/5621 2918/5269/2918
f 674/5267/674 5625/5270/5622 5624/5268/5621
f 575/5152/575 1697/5154/1697 5626/5271/5623
f 566/5272/566 5627/5273/5624 1688/5274/1688
f 566/5272/566 5628/5275/5625 5627/5273/5624
f 673/5276/673 1795/5277/1795 5629/5278/5626
f 672/5279/672 5630/5280/5627 2916/5281/2916
f 672/5279/672 5631/5282/5628 5630/5280/5627
f 584/5164/584 1706/5166/1706 5632/5283/5629
f 574/5284/574 5633/5285/5630 1696/5286/1696
f 574/5284/574 5634/5287/5631 5633/5285/5630
f 671/5288/671 1793/5289/1793 5635/5290/5632
f 670/5291/670 5636/5292/5633 2914/5293/2914
f 670/5291/670 5637/5294/5634 5636/5292/5633
f 583/5176/583 1705/5178/1705 5638/5295/5635
f 573/5296/573 5639/5297/5636 1695/5298/1695
f 573/5296/573 5640/5299/5637 5639/5297/5636
f 669/5300/669 1791/5301/1791 5641/5302/5638
f 668/5303/668 5642/5304/5639 2912/5305/2912
f 668/5303/668 5643/5306/5640 5642/5304/5639
f 582/5188/582 1704/5190/1704 5644/5307/5641
f 572/5308/572 5645/5309/5642 1694/5310/1694
f 572/5308/572 5646/5311/5643 5645/5309/5642
f 667/5312/667 1789/5313/1789 5647/5314/5644
f 666/5315/666 5648/5316/5645 2910/5317/2910
f 666/5315/666 5649/5318/5646 5648/5316/5645
f 581/5200/581 1703/5202/1703 5650/5319/5647
f 571/5320/571 5651/5321/5648 1693/5322/1693
f 571/5320/571 5652/5323/5649 5651/5321/5648
f 665/5324/665 1787/5325/1787 5653/5326/5650
f 664/5327/664 5654/5328/5651 2908/5329/2908
f 664/5327/664 5655/5330/5652 5654/5328/5651
f 580/5212/580 1702/5214/1702 5656/5331/5653
f 570/5332/570 5657/5333/5654 1692/5334/1692
f 570/5332/570 5658/5335/5655 5657/5333/5654
f 663/5336/663 1785/5337/1785 5659/5338/5656
f 662/5339/662 5660/5340/5657 2906/5341/2906
f 662/5339/662 5661/5342/5658 5660/5340/5657
f 579/5224/579 1701/5226/1701 5662/5343/5659
f 569/5344/569 5663/5345/5660 1691/5346/1691
f 569/5344/569 5664/5347/5661 5663/5345/5660
f 661/5348/661 1783/5349/1783 5665/5350/5662
f 660/5351/660 5666/5352/5663 2904/5353/2904
f 660/5351/660 5667/5354/5664 5666/5352/5663
f 578/5236/578 1700/5238/1700 5668/5355/5665
f 568/5356/568 5669/5357/5666 1690/5358/1690
f 568/5356/568 5670/5359/5667 5669/5357/5666
f 659/5360/659 1781/5361/1781 5671/5362/5668
f 658/5363/658 5672/5364/5669 2902/5365/2902
f 658/5363/658 5673/5366/5670 5672/5364/5669
f 577/5248/577 1699/5250/1699 5674/5367/5671
f 567/5368/567 5675/5369/5672 1689/5370/1689
f 567/5368/567 5676/5371/5673 5675/5369/5672
f 657/5372/657 1779/5373/1779 5677/5374/5674
f 656/5375/656 5678/5376/5675 2900/5377/2900
f 656/5375/656 5679/5378/5676 5678/5376/5675
f 566/5272/566 1688/5274/1688 5680/5379/5677
f 558/5380/558 5681/5381/5678 1680/5382/1680
f 558/5380/558 5682/5383/5679 5681/5381/5678
f 655/5384/655 1777/5385/1777 5683/5386/5680
f 654/5387/654 5684/5388/5681 2898/5389/2898
f 654/5387/654 5685/5390/5682 5684/5388/5681
f 574/5284/574 1696/5286/1696 5686/5391/5683
f 565/5392/565 5687/5393/5684 1687/5394/1687
f 565/5392/565 5688/5395/5685 5687/5393/5684
f 653/5396/653 1775/5397/1775 5689/5398/5686
f 652/5399/652 5690/5400/5687 2896/5401/2896
f 652/5399/652 5691/5402/5688 5690/5400/5687
f 573/5296/573 1695/5298/1695 5692/5403/5689
f 564/5404/564 5693/5405/5690 1686/5406/1686
f 564/5404/564 5694/5407/5691 5693/5405/5690
f 651/5408/651 1773/5409/1773 5695/5410/5692
f 650/5411/650 5696/5412/5693 2894/5413/2894
f 650/5411/650 5697/5414/5694 5696/5412/5693
f 572/5308/572 1694/5310/1694 5698/5415/5695
f 563/5416/563 5699/5417/5696 1685/5418/1685
f 563/5416/563 5700/5419/5697 5699/5417/5696
f 649/5420/649 1771/5421/1771 5701/5422/5698
f 648/5423/648 5702/5424/5699 2892/5425/2892
f 648/5423/648 5703/5426/5700 5702/5424/5699
f 571/5320/571 1693/5322/1693 5704/5427/5701
f 562/5428/562 5705/5429/5702 1684/5430/1684
f 562/5428/562 5706/5431/5703 5705/5429/5702
f 647/5432/647 1769/5433/1769 5707/5434/5704
f 646/5435/646 5708/5436/5705 2890/5437/2890
f 646/5435/646 5709/5438/5706 5708/5436/5705
f 570/5332/570 1692/5334/1692 5710/5439/5707
f 561/5440/561 5711/5441/5708 1683/5442/1683
f 561/5440/561 5712/5443/5709 5711/5441/5708
f 645/5444/645 1767/5445/1767 5713/5446/5710
f 644/5447/644 5714/5448/5711 2888/5449/2888
f 644/5447/644 5715/5450/5712 5714/5448/5711
f 569/5344/569 1691/5346/1691 5716/5451/5713
f 560/5452/560 5717/5453/5714 1682/5454/1682
f 560/5452/560 5718/5455/5715 5717/5453/5714
f 643/5456/643 1765/5457/1765 5719/5458/5716
f 642/5459/642 5720/5460/5717 2886/5461/2886
f 642/5459/642 5721/5462/5718 5720/5460/5717
f 568/5356/568 1690/5358/1690 5722/5463/5719
f 559/5464/559 5723/5465/5720 1681/5466/1681
f 559/5464/559 5724/5467/5721 5723/5465/5720
f 641/5468/641 1763/5469/1763 5725/5470/5722
f 640/5471/640 5726/5472/5723 2884/5473/2884
f 640/5471/640 5727/5474/5724 5726/5472/5723
f 558/5380/558 1680/5382/1680 5728/5475/5725
f 551/5476/551 5729/5477/5726 1673/5478/1673
f 551/5476/551 5730/5479/5727 5729/5477/5726
f 639/5480/639 1761/5481/1761 5731/5482/5728
f 638/5483/638 5732/5484/5729 2882/5485/2882
f 638/5483/638 5733/5486/5730 5732/5484/5729
f 565/5392/565 1687/5394/1687 5734/5487/5731
f 557/5488/557 5735/5489/5732 1679/5490/1679
f 557/5488/557 5736/5491/5733 5735/5489/5732
f 637/5492/637 1759/5493/1759 5737/5494/5734
f 636/5495/636 5738/5496/5735 2880/5497/2880
f 636/5495/636 5739/5498/5736 5738/5496/5735
f 564/5404/564 1686/5406/1686 5740/5499/5737
f 556/5500/556 5741/5501/5738 1678/5502/1678
f 556/5500/556 5742/5503/5739 5741/5501/5738
f 635/5504/635 1757/5505/1757 5743/5506/5740
f 634/5507/634 5744/5508/5741 2878/5509/2878
f 634/5507/634 5745/5510/5742 5744/5508/5741
f 563/5416/563 1685/5418/1685 5746/5511/5743
f 555/5512/555 5747/5513/5744 1677/5514/1677
f 555/5512/555 5748/5515/5745 5747/5513/5744
f 633/5516/633 1755/5517/1755 5749/5518/5746
f 632/5519/632 5750/5520/5747 2876/5521/2876
f 632/5519/632 5751/5522/5748 5750/5520/5747
f 562/5428/562 1684/5430/1684 5752/5523/5749
f 554/5524/554 5753/5525/5750 1676/5526/1676
f 554/5524/554 5754/5527/5751 5753/5525/5750
f 631/5528/631 1753/5529/1753 5755/5530/5752
f 630/5531/630 5756/5532/5753 2874/5533/2874
f 630/5531/630 5757/5534/5754 5756/5532/5753
f 561/5440/561 1683/5442/1683 5758/5535/5755
f 553/5536/553 5759/5537/5756 1675/5538/1675
f 553/5536/553 5760/5539/5757 5759/5537/5756
f 629/5540/629 1751/5541/1751 5761/5542/5758
f 628/5543/628 5762/5544/5759 2872/5545/2872
f 628/5543/628 5763/5546/5760 5762/5544/5759
f 560/5452/560 1682/5454/1682 5764/5547/5761
f 552/5548/552 5765/5549/5762 1674/5550/1674
f 552/5548/552 5766/5551/5763 5765/5549/5762
f 627/5552/627 1749/5553/1749 5767/5554/5764
f 626/5555/626 5768/5556/5765 2870/5557/2870
f 626/5555/626 5769/5558/5766 5768/5556/5765
f 551/5476/551 1673/5478/1673 5770/5559/5767
f 545/5560/545 5771/5561/5768 1667/5562/1667
f 545/5560/545 5772/5563/5769 5771/5561/5768
f 625/5564/625 1747/5565/1747 5773/5566/5770
f 624/5567/624 5774/5568/5771 2868/5569/2868
f 624/5567/624 5775/5570/5772 5774/5568/5771
f 557/5488/557 1679/5490/1679 5776/5571/5773
f 550/5572/550 5777/5573/5774 1672/5574/1672
f 550/5572/550 5778/5575/5775 5777/5573/5774
f 623/5576/623 1745/5577/1745 5779/5578/5776
f 622/5579/622 5780/5580/5777 2866/5581/2866
f 622/5579/622 5781/5582/5778 5780/5580/5777
f 556/5500/556 1678/5502/1678 5782/5583/5779
f 549/5584/549 5783/5585/5780 1671/5586/1671
f 549/5584/549 5784/5587/5781 5783/5585/5780
f 621/5588/621 1743/5589/1743 5785/5590/5782
f 620/5591/620 5786/5592/5783 2864/5593/2864
f 620/5591/620 5787/5594/5784 5786/5592/5783
f 555/5512/555 1677/5514/1677 5788/5595/5785
f 548/5596/548 5789/5597/5786 1670/5598/1670
f 548/5596/548 5790/5599/5787 5789/5597/5786
f 619/5600/619 1741/5601/1741 5791/5602/5788
f 618/5603/618 5792/5604/5789 2862/5605/2862
f 618/5603/618 5793/5606/5790 5792/5604/5789
f 554/5524/554 1676/5526/1676 5794/5607/5791
f 547/5608/547 5795/5609/5792 1669/5610/1669
f 547/5608/547 5796/5611/5793 5795/5609/5792
f 617/5612/617 1739/5613/1739 5797/5614/5794
f 616/5615/616 5798/5616/5795 2860/5617/2860
f 616/5615/616 5799/5618/5796 5798/5616/5795
f 553/5536/553 1675/5538/1675 5800/5619/5797
f 546/5620/546 5801/5621/5798 1668/5622/1668
f 546/5620/546 5802/5623/5799 5801/5621/5798
f 615/5624/615 1737/5625/1737 5803/5626/5800
f 614/5627/614 5804/5628/5801 2858/5629/2858
f 614/5627/614 5805/5630/5802 5804/5628/5801
f 545/5560/545 1667/5562/1667 5806/5631/5803
f 540/5632/540 5807/5633/5804 1662/5634/1662
f 540/5632/540 5808/5635/5805 5807/5633/5804
f 613/5636/613 1735/5637/1735 5809/5638/5806
f 612/5639/612 5810/5640/5807 2856/5641/2856
f 612/5639/612 5811/5642/5808 5810/5640/5807
f 550/5572/550 1672/5574/1672 5812/5643/5809
f 544/5644/544 5813/5645/5810 1666/5646/1666
f 544/5644/544 5814/5647/5811 5813/5645/5810
f 611/5648/611 1733/5649/1733 5815/5650/5812
f 610/5651/610 5816/5652/5813 2854/5653/2854
f 610/5651/610 5817/5654/5814 5816/5652/5813
f 549/5584/549 1671/5586/1671 5818/5655/5815
f 543/5656/543 5819/5657/5816 1665/5658/1665
f 543/5656/543 5820/5659/5817 5819/5657/5816
f 609/5660/609 1731/5661/1731 5821/5662/5818
f 608/5663/608 5822/5664/5819 2852/5665/2852
f 608/5663/608 5823/5666/5820 5822/5664/5819
f 548/5596/548 1670/5598/1670 5824/5667/5821
f 542/5668/542 5825/5669/5822 1664/5670/1664
f 542/5668/542 5826/5671/5823 5825/5669/5822
f 607/5672/607 1729/5673/1729 5827/5674/5824
f 606/5675/606 5828/5676/5825 2850/5677/2850
f 606/5675/606 5829/5678/5826 5828/5676/5825
f 547/5608/547 1669/5610/1669 5830/5679/4755
f 541/5680/541 5831/5681/5827 1663/5682/1663
f 541/5680/541 5832/5683/5828 5831/5681/5827
f 605/5684/605 1727/5685/1727 5833/5686/5829
f 604/5687/604 5834/5688/5830 2848/5689/2848
f 604/5687/604 5835/5690/5831 5834/5688/5830
f 540/5632/540 1662/5634/1662 5836/5691/5832
f 536/5692/536 5837/5693/5833 1658/5694/1658
f 536/5692/536 5838/5695/5834 5837/5693/5833
f 603/5696/603 1725/5697/1725 5839/5698/5835
f 602/5699/602 5840/5700/5836 2846/5701/2846
f 602/5699/602 5841/5702/5837 5840/5700/5836
f 544/5644/544 1666/5646/1666 5842/5703/5838
f 539/5704/539 5843/5705/5839 1661/5706/1661
f 539/5704/539 5844/5707/5840 5843/5705/5839
f 601/5708/601 1723/5709/1723 5845/5710/5841
f 600/5711/600 5846/5712/5842 2844/5713/2844
f 600/5711/600 5847/5714/5843 5846/5712/5842
f 543/5656/543 1665/5658/1665 5848/5715/5844
f 538/5716/538 5849/5717/5845 1660/5718/1660
f 538/5716/538 5850/5719/5846 5849/5717/5845
f 599/5720/599 1721/5721/1721 5851/5722/5847
f 598/5723/598 5852/5724/5848 2842/5725/2842
f 598/5723/598 5853/5726/5849 5852/5724/5848
f 542/5668/542 1664/5670/1664 5854/5727/5850
f 537/5728/537 5855/5729/5851 1659/5730/1659
f 537/5728/537 5856/5731/5852 5855/5729/5851
f 597/5732/597 1719/5733/1719 5857/5734/5853
f 596/5735/596 5858/5736/5854 2840/5737/2840
f 596/5735/596 5859/5738/5855 5858/5736/5854
f 536/5692/536 1658/5694/1658 5860/5739/5856
f 533/5740/533 5861/5741/5857 1655/5742/1655
f 533/5740/533 5862/5743/5858 5861/5741/5857
f 595/5744/595 1717/5745/1717 5863/5746/5859
f 594/5747/594 5864/5748/5860 2838/5749/2838
f 594/5747/594 5865/5750/5861 5864/5748/5860
f 539/5704/539 1661/5706/1661 5866/5751/5862
f 535/5752/535 5867/5753/5863 1657/5754/1657
f 535/5752/535 5868/5755/5864 5867/5753/5863
f 593/5756/593 1715/5757/1715 5869/5758/5865
f 592/5759/592 5870/5760/5866 2836/5761/2836
f 592/5759/592 5871/5762/5867 5870/5760/5866
f 538/5716/538 1660/5718/1660 5872/5763/5868
f 534/5764/534 5873/5765/5869 1656/5766/1656
f 534/5764/534 5874/5767/5870 5873/5765/5869
f 591/5768/591 1713/5769/1713 5875/5770/5871
f 590/5771/590 5876/5772/5872 2834/5773/2834
f 590/5771/590 5877/5774/5873 5876/5772/5872
f 533/5740/533 1655/5742/1655 5878/5775/5874
f 531/5776/531 5879/5777/5875 1653/5778/1653
f 531/5776/531 5880/5779/5876 5879/5777/5875
f 589/5780/589 1711/5781/1711 5881/5782/5877
f 588/5783/588 5882/5784/5878 2832/5785/2832
f 588/5783/588 5883/5786/5879 5882/5784/5878
f 535/5752/535 1657/5754/1657 5884/5787/5880
f 532/5788/532 5885/5789/5881 1654/5790/1654
f 532/5788/532 5886/5791/5882 5885/5789/5881
f 587/5792/587 1709/5793/1709 5887/5794/5883
f 586/5795/586 5888/5796/5884 2830/5797/2830
f 586/5795/586 5889/5798/5885 5888/5796/5884
f 531/5776/531 1653/5778/1653 5890/5799/5886
f 530/5800/530 5891/5801/5887 1652/5802/1652
f 530/5800/530 5892/5803/5888 5891/5801/5887
f 585/5804/585 1707/5805/1707 5893/5806/5889
f 451/5807/451 5894/5808/5890 1573/5809/1573
f 451/5807/451 5895/5810/5891 5894/5808/5890
f 576/5260/576 1698/5262/1698 5896/5811/5892
f 452/5812/452 5897/5813/5893 1574/5814/1574
f 452/5812/452 5898/5815/5894 5897/5813/5893
f 567/5368/567 1689/5370/1689 5899/5816/5895
f 453/5817/453 5900/5818/5896 1575/5819/1575
f 453/5817/453 5901/5820/5897 5900/5818/5896
f 559/5464/559 1681/5466/1681 5902/5821/5898
f 454/5822/454 5903/5823/5899 1576/5824/1576
f 454/5822/454 5904/5825/5900 5903/5823/5899
f 552/5548/552 1674/5550/1674 5905/5826/5901
f 455/5827/455 5906/5828/5902 1577/5829/1577
f 455/5827/455 5907/5830/5903 5906/5828/5902
f 546/5620/546 1668/5622/1668 5908/5831/5904
f 456/5832/456 5909/5833/5905 1578/5834/1578
f 456/5832/456 5910/5835/5906 5909/5833/5905
f 541/5680/541 1663/5682/1663 5911/5836/5907
f 457/5837/457 5912/5838/5908 1579/5839/1579
f 457/5837/457 5913/5840/5909 5912/5838/5908
f 537/5728/537 1659/5730/1659 5914/5841/5910
f 458/5842/458 5915/5843/5911 1580/5844/1580
f 458/5842/458 5916/5845/5912 5915/5843/5911
f 534/5764/534 1656/5766/1656 5917/5846/5913
f 459/5847/459 5918/5848/5554 1581/5849/1581
f 459/5847/459 5919/5850/5914 5918/5848/5554
f 532/5788/532 1654/5790/1654 5920/5851/5915
f 402/5852/402 5921/5853/5916 1524/5854/1524
f 402/5852/402 5922/5855/5917 5921/5853/5916
f 530/5800/530 1652/5802/1652 5923/5856/5918
f 450/5857/450 5924/5858/5919 1572/5859/1572
f 450/5857/450 5925/5860/5920 5924/5858/5919
f 404/5861/404 2648/5862/2648 5926/5863/5921
f 520/5864/520 5927/5865/5922 1642/5866/1642
f 520/5864/520 5928/5867/5923 5927/5865/5922
f 401/5868/401 2645/5869/2645 5929/5870/5924
f 480/5871/480 5930/5872/5925 1602/5873/1602
f 480/5871/480 5931/5874/5926 5930/5872/5925
f 400/5875/400 2644/5876/2644 5932/5877/5927
f 490/5878/490 5933/5879/5928 1612/5880/1612
f 490/5878/490 5934/5881/5929 5933/5879/5928
f 399/5882/399 2643/5883/2643 5935/5884/5930
f 500/5885/500 5936/5886/5931 1622/5887/1622
f 500/5885/500 5937/5888/5932 5936/5886/5931
f 398/5889/398 2642/5890/2642 5938/5891/5933
f 404/5861/404 5939/5892/5934 2648/5862/2648
f 404/5861/404 5940/5893/5935 5939/5892/5934
f 403/5894/403 2647/5895/2647 5941/5896/5936
f 5941/5896/5936 2622/1635/2622 1500/1634/1500
f 5941/5896/5936 2647/5895/2647 2622/1635/2622
f 2647/5895/2647 67/1458/67 2622/1635/2622
f 5939/5892/5934 5941/5896/5936 1500/1634/1500
f 5939/5892/5934 5940/5893/5935 5941/5896/5936
f 5940/5893/5935 403/5894/403 5941/5896/5936
f 2648/5862/2648 3744/1457/3744 77/228/77
f 2648/5862/2648 5939/5892/5934 3744/1457/3744
f 5939/5892/5934 1500/1634/1500 3744/1457/3744
f 5938/5891/5933 2457/2365/2457 1335/2364/1335
f 5938/5891/5933 2642/5890/2642 2457/2365/2457
f 2642/5890/2642 17/1228/17 2457/2365/2457
f 5936/5886/5931 5938/5891/5933 1335/2364/1335
f 5936/5886/5931 5937/5888/5932 5938/5891/5933
f 5937/5888/5932 398/5889/398 5938/5891/5933
f 1622/5887/1622 3579/1227/3579 98/1044/98
f 1622/5887/1622 5936/5886/5931 3579/1227/3579
f 5936/5886/5931 1335/2364/1335 3579/1227/3579
f 5935/5884/5930 2292/3095/2292 1170/3094/1170
f 5935/5884/5930 2643/5883/2643 2292/3095/2292
f 2643/5883/2643 27/978/27 2292/3095/2292
f 5933/5879/5928 5935/5884/5930 1170/3094/1170
f 5933/5879/5928 5934/5881/5929 5935/5884/5930
f 5934/5881/5929 399/5882/399 5935/5884/5930
f 1612/5880/1612 3414/977/3414 88/794/88
f 1612/5880/1612 5933/5879/5928 3414/977/3414
f 5933/5879/5928 1170/3094/1170 3414/977/3414
f 5932/5877/5927 2127/3825/2127 1005/3824/1005
f 5932/5877/5927 2644/5876/2644 2127/3825/2127
f 2644/5876/2644 37/728/37 2127/3825/2127
f 5930/5872/5925 5932/5877/5927 1005/3824/1005
f 5930/5872/5925 5931/5874/5926 5932/5877/5927
f 5931/5874/5926 400/5875/400 5932/5877/5927
f 1602/5873/1602 3249/727/3249 78/544/78
f 1602/5873/1602 5930/5872/5925 3249/727/3249
f 5930/5872/5925 1005/3824/1005 3249/727/3249
f 5929/5870/5924 1962/4555/1962 840/4554/840
f 5929/5870/5924 2645/5869/2645 1962/4555/1962
f 2645/5869/2645 47/478/47 1962/4555/1962
f 5927/5865/5922 5929/5870/5924 840/4554/840
f 5927/5865/5922 5928/5867/5923 5929/5870/5924
f 5928/5867/5923 401/5868/401 5929/5870/5924
f 1642/5866/1642 3084/477/3084 118/294/118
f 1642/5866/1642 5927/5865/5922 3084/477/3084
f 5927/5865/5922 840/4554/840 3084/477/3084
f 5926/5863/5921 1797/5265/1797 675/5264/675
f 5926/5863/5921 2648/5862/2648 1797/5265/1797
f 2648/5862/2648 77/228/77 1797/5265/1797
f 5924/5858/5919 5926/5863/5921 675/5264/675
f 5924/5858/5919 5925/5860/5920 5926/5863/5921
f 5925/5860/5920 404/5861/404 5926/5863/5921
f 1572/5859/1572 2919/227/2919 48/44/48
f 1572/5859/1572 5924/5858/5919 2919/227/2919
f 5924/5858/5919 675/5264/675 2919/227/2919
f 5923/5856/5918 1632/5897/1632 510/5898/510
f 5923/5856/5918 1652/5802/1652 1632/5897/1632
f 1652/5802/1652 108/5899/108 1632/5897/1632
f 5921/5853/5916 5923/5856/5918 510/5898/510
f 5921/5853/5916 5922/5855/5917 5923/5856/5918
f 5922/5855/5917 530/5800/530 5923/5856/5918
f 1524/5854/1524 2754/5900/2754 5/5901/5
f 1524/5854/1524 5921/5853/5916 2754/5900/2754
f 5921/5853/5916 510/5898/510 2754/5900/2754
f 5920/5851/5915 1707/5805/1707 585/5804/585
f 5920/5851/5915 1654/5790/1654 1707/5805/1707
f 1654/5790/1654 128/48/128 1707/5805/1707
f 5918/5848/5554 5920/5851/5915 585/5804/585
f 5918/5848/5554 5919/5850/5914 5920/5851/5915
f 5919/5850/5914 532/5788/532 5920/5851/5915
f 1581/5849/1581 2829/47/2829 57/17/57
f 1581/5849/1581 5918/5848/5554 2829/47/2829
f 5918/5848/5554 585/5804/585 2829/47/2829
f 5917/5846/5913 1709/5793/1709 587/5792/587
f 5917/5846/5913 1656/5766/1656 1709/5793/1709
f 1656/5766/1656 129/52/129 1709/5793/1709
f 5915/5843/5911 5917/5846/5913 587/5792/587
f 5915/5843/5911 5916/5845/5912 5917/5846/5913
f 5916/5845/5912 534/5764/534 5917/5846/5913
f 1580/5844/1580 2831/51/2831 56/20/56
f 1580/5844/1580 5915/5843/5911 2831/51/2831
f 5915/5843/5911 587/5792/587 2831/51/2831
f 5914/5841/5910 1713/5769/1713 591/5768/591
f 5914/5841/5910 1659/5730/1659 1713/5769/1713
f 1659/5730/1659 131/60/131 1713/5769/1713
f 5912/5838/5908 5914/5841/5910 591/5768/591
f 5912/5838/5908 5913/5840/5909 5914/5841/5910
f 5913/5840/5909 537/5728/537 5914/5841/5910
f 1579/5839/1579 2835/59/2835 55/23/55
f 1579/5839/1579 5912/5838/5908 2835/59/2835
f 5912/5838/5908 591/5768/591 2835/59/2835
f 5911/5836/5907 1719/5733/1719 597/5732/597
f 5911/5836/5907 1663/5682/1663 1719/5733/1719
f 1663/5682/1663 134/72/134 1719/5733/1719
f 5909/5833/5905 5911/5836/5907 597/5732/597
f 5909/5833/5905 5910/5835/5906 5911/5836/5907
f 5910/5835/5906 541/5680/541 5911/5836/5907
f 1578/5834/1578 2841/71/2841 54/26/54
f 1578/5834/1578 5909/5833/5905 2841/71/2841
f 5909/5833/5905 597/5732/597 2841/71/2841
f 5908/5831/5904 1727/5685/1727 605/5684/605
f 5908/5831/5904 1668/5622/1668 1727/5685/1727
f 1668/5622/1668 138/88/138 1727/5685/1727
f 5906/5828/5902 5908/5831/5904 605/5684/605
f 5906/5828/5902 5907/5830/5903 5908/5831/5904
f 5907/5830/5903 546/5620/546 5908/5831/5904
f 1577/5829/1577 2849/87/2849 53/29/53
f 1577/5829/1577 5906/5828/5902 2849/87/2849
f 5906/5828/5902 605/5684/605 2849/87/2849
f 5905/5826/5901 1737/5625/1737 615/5624/615
f 5905/5826/5901 1674/5550/1674 1737/5625/1737
f 1674/5550/1674 143/108/143 1737/5625/1737
f 5903/5823/5899 5905/5826/5901 615/5624/615
f 5903/5823/5899 5904/5825/5900 5905/5826/5901
f 5904/5825/5900 552/5548/552 5905/5826/5901
f 1576/5824/1576 2859/107/2859 52/32/52
f 1576/5824/1576 5903/5823/5899 2859/107/2859
f 5903/5823/5899 615/5624/615 2859/107/2859
f 5902/5821/5898 1749/5553/1749 627/5552/627
f 5902/5821/5898 1681/5466/1681 1749/5553/1749
f 1681/5466/1681 149/132/149 1749/5553/1749
f 5900/5818/5896 5902/5821/5898 627/5552/627
f 5900/5818/5896 5901/5820/5897 5902/5821/5898
f 5901/5820/5897 559/5464/559 5902/5821/5898
f 1575/5819/1575 2871/131/2871 51/35/51
f 1575/5819/1575 5900/5818/5896 2871/131/2871
f 5900/5818/5896 627/5552/627 2871/131/2871
f 5899/5816/5895 1763/5469/1763 641/5468/641
f 5899/5816/5895 1689/5370/1689 1763/5469/1763
f 1689/5370/1689 156/160/156 1763/5469/1763
f 5897/5813/5893 5899/5816/5895 641/5468/641
f 5897/5813/5893 5898/5815/5894 5899/5816/5895
f 5898/5815/5894 567/5368/567 5899/5816/5895
f 1574/5814/1574 2885/159/2885 50/38/50
f 1574/5814/1574 5897/5813/5893 2885/159/2885
f 5897/5813/5893 641/5468/641 2885/159/2885
f 5896/5811/5892 1779/5373/1779 657/5372/657
f 5896/5811/5892 1698/5262/1698 1779/5373/1779
f 1698/5262/1698 164/192/164 1779/5373/1779
f 5894/5808/5890 5896/5811/5892 657/5372/657
f 5894/5808/5890 5895/5810/5891 5896/5811/5892
f 5895/5810/5891 576/5260/576 5896/5811/5892
f 1573/5809/1573 2901/191/2901 49/41/49
f 1573/5809/1573 5894/5808/5890 2901/191/2901
f 5894/5808/5890 657/5372/657 2901/191/2901
f 5893/5806/5889 1708/50/1708 586/5795/586
f 5893/5806/5889 1707/5805/1707 1708/50/1708
f 1707/5805/1707 128/48/128 1708/50/1708
f 5891/5801/5887 5893/5806/5889 586/5795/586
f 5891/5801/5887 5892/5803/5888 5893/5806/5889
f 5892/5803/5888 585/5804/585 5893/5806/5889
f 1652/5802/1652 2830/5797/2830 108/5899/108
f 1652/5802/1652 5891/5801/5887 2830/5797/2830
f 5891/5801/5887 586/5795/586 2830/5797/2830
f 5890/5799/5886 1633/5902/1633 511/5903/511
f 5890/5799/5886 1653/5778/1653 1633/5902/1633
f 1653/5778/1653 109/5904/109 1633/5902/1633
f 5888/5796/5884 5890/5799/5886 511/5903/511
f 5888/5796/5884 5889/5798/5885 5890/5799/5886
f 5889/5798/5885 531/5776/531 5890/5799/5886
f 2830/5797/2830 2755/5905/2755 108/5899/108
f 2830/5797/2830 5888/5796/5884 2755/5905/2755
f 5888/5796/5884 511/5903/511 2755/5905/2755
f 5887/5794/5883 1710/54/1710 588/5783/588
f 5887/5794/5883 1709/5793/1709 1710/54/1710
f 1709/5793/1709 129/52/129 1710/54/1710
f 5885/5789/5881 5887/5794/5883 588/5783/588
f 5885/5789/5881 5886/5791/5882 5887/5794/5883
f 5886/5791/5882 587/5792/587 5887/5794/5883
f 1654/5790/1654 2832/5785/2832 128/48/128
f 1654/5790/1654 5885/5789/5881 2832/5785/2832
f 5885/5789/5881 588/5783/588 2832/5785/2832
f 5884/5787/5880 1711/5781/1711 589/5780/589
f 5884/5787/5880 1657/5754/1657 1711/5781/1711
f 1657/5754/1657 130/56/130 1711/5781/1711
f 5882/5784/5878 5884/5787/5880 589/5780/589
f 5882/5784/5878 5883/5786/5879 5884/5787/5880
f 5883/5786/5879 535/5752/535 5884/5787/5880
f 2832/5785/2832 2833/55/2833 128/48/128
f 2832/5785/2832 5882/5784/5878 2833/55/2833
f 5882/5784/5878 589/5780/589 2833/55/2833
f 5881/5782/5877 1712/58/1712 590/5771/590
f 5881/5782/5877 1711/5781/1711 1712/58/1712
f 1711/5781/1711 130/56/130 1712/58/1712
f 5879/5777/5875 5881/5782/5877 590/5771/590
f 5879/5777/5875 5880/5779/5876 5881/5782/5877
f 5880/5779/5876 589/5780/589 5881/5782/5877
f 1653/5778/1653 2834/5773/2834 109/5904/109
f 1653/5778/1653 5879/5777/5875 2834/5773/2834
f 5879/5777/5875 590/5771/590 2834/5773/2834
f 5878/5775/5874 1634/5906/1634 512/5907/512
f 5878/5775/5874 1655/5742/1655 1634/5906/1634
f 1655/5742/1655 110/5908/110 1634/5906/1634
f 5876/5772/5872 5878/5775/5874 512/5907/512
f 5876/5772/5872 5877/5774/5873 5878/5775/5874
f 5877/5774/5873 533/5740/533 5878/5775/5874
f 2834/5773/2834 2756/5909/2756 109/5904/109
f 2834/5773/2834 5876/5772/5872 2756/5909/2756
f 5876/5772/5872 512/5907/512 2756/5909/2756
f 5875/5770/5871 1714/62/1714 592/5759/592
f 5875/5770/5871 1713/5769/1713 1714/62/1714
f 1713/5769/1713 131/60/131 1714/62/1714
f 5873/5765/5869 5875/5770/5871 592/5759/592
f 5873/5765/5869 5874/5767/5870 5875/5770/5871
f 5874/5767/5870 591/5768/591 5875/5770/5871
f 1656/5766/1656 2836/5761/2836 129/52/129
f 1656/5766/1656 5873/5765/5869 2836/5761/2836
f 5873/5765/5869 592/5759/592 2836/5761/2836
f 5872/5763/5868 1715/5757/1715 593/5756/593
f 5872/5763/5868 1660/5718/1660 1715/5757/1715
f 1660/5718/1660 132/64/132 1715/5757/1715
f 5870/5760/5866 5872/5763/5868 593/5756/593
f 5870/5760/5866 5871/5762/5867 5872/5763/5868
f 5871/5762/5867 538/5716/538 5872/5763/5868
f 2836/5761/2836 2837/63/2837 129/52/129
f 2836/5761/2836 5870/5760/5866 2837/63/2837
f 5870/5760/5866 593/5756/593 2837/63/2837
f 5869/5758/5865 1716/66/1716 594/5747/594
f 5869/5758/5865 1715/5757/1715 1716/66/1716
f 1715/5757/1715 132/64/132 1716/66/1716
f 5867/5753/5863 5869/5758/5865 594/5747/594
f 5867/5753/5863 5868/5755/5864 5869/5758/5865
f 5868/5755/5864 593/5756/593 5869/5758/5865
f 1657/5754/1657 2838/5749/2838 130/56/130
f 1657/5754/1657 5867/5753/5863 2838/5749/2838
f 5867/5753/5863 594/5747/594 2838/5749/2838
f 5866/5751/5862 1717/5745/1717 595/5744/595
f 5866/5751/5862 1661/5706/1661 1717/5745/1717
f 1661/5706/1661 133/68/133 1717/5745/1717
f 5864/5748/5860 5866/5751/5862 595/5744/595
f 5864/5748/5860 5865/5750/5861 5866/5751/5862
f 5865/5750/5861 539/5704/539 5866/5751/5862
f 2838/5749/2838 2839/67/2839 130/56/130
f 2838/5749/2838 5864/5748/5860 2839/67/2839
f 5864/5748/5860 595/5744/595 2839/67/2839
f 5863/5746/5859 1718/70/1718 596/5735/596
f 5863/5746/5859 1717/5745/1717 1718/70/1718
f 1717/5745/1717 133/68/133 1718/70/1718
f 5861/5741/5857 5863/5746/5859 596/5735/596
f 5861/5741/5857 5862/5743/5858 5863/5746/5859
f 5862/5743/5858 595/5744/595 5863/5746/5859
f 1655/5742/1655 2840/5737/2840 110/5908/110
f 1655/5742/1655 5861/5741/5857 2840/5737/2840
f 5861/5741/5857 596/5735/596 2840/5737/2840
f 5860/5739/5856 1635/5910/1635 513/5911/513
f 5860/5739/5856 1658/5694/1658 1635/5910/1635
f 1658/5694/1658 111/5912/111 1635/5910/1635
f 5858/5736/5854 5860/5739/5856 513/5911/513
f 5858/5736/5854 5859/5738/5855 5860/5739/5856
f 5859/5738/5855 536/5692/536 5860/5739/5856
f 2840/5737/2840 2757/5913/2757 110/5908/110
f 2840/5737/2840 5858/5736/5854 2757/5913/2757
f 5858/5736/5854 513/5911/513 2757/5913/2757
f 5857/5734/5853 1720/74/1720 598/5723/598
f 5857/5734/5853 1719/5733/1719 1720/74/1720
f 1719/5733/1719 134/72/134 1720/74/1720
f 5855/5729/5851 5857/5734/5853 598/5723/598
f 5855/5729/5851 5856/5731/5852 5857/5734/5853
f 5856/5731/5852 597/5732/597 5857/5734/5853
f 1659/5730/1659 2842/5725/2842 131/60/131
f 1659/5730/1659 5855/5729/5851 2842/5725/2842
f 5855/5729/5851 598/5723/598 2842/5725/2842
f 5854/5727/5850 1721/5721/1721 599/5720/599
f 5854/5727/5850 1664/5670/1664 1721/5721/1721
f 1664/5670/1664 135/76/135 1721/5721/1721
f 5852/5724/5848 5854/5727/5850 599/5720/599
f 5852/5724/5848 5853/5726/5849 5854/5727/5850
f 5853/5726/5849 542/5668/542 5854/5727/5850
f 2842/5725/2842 2843/75/2843 131/60/131
f 2842/5725/2842 5852/5724/5848 2843/75/2843
f 5852/5724/5848 599/5720/599 2843/75/2843
f 5851/5722/5847 1722/78/1722 600/5711/600
f 5851/5722/5847 1721/5721/1721 1722/78/1722
f 1721/5721/1721 135/76/135 1722/78/1722
f 5849/5717/5845 5851/5722/5847 600/5711/600
f 5849/5717/5845 5850/5719/5846 5851/5722/5847
f 5850/5719/5846 599/5720/599 5851/5722/5847
f 1660/5718/1660 2844/5713/2844 132/64/132
f 1660/5718/1660 5849/5717/5845 2844/5713/2844
f 5849/5717/5845 600/5711/600 2844/5713/2844
f 5848/5715/5844 1723/5709/1723 601/5708/601
f 5848/5715/5844 1665/5658/1665 1723/5709/1723
f 1665/5658/1665 136/80/136 1723/5709/1723
f 5846/5712/5842 5848/5715/5844 601/5708/601
f 5846/5712/5842 5847/5714/5843 5848/5715/5844
f 5847/5714/5843 543/5656/543 5848/5715/5844
f 2844/5713/2844 2845/79/2845 132/64/132
f 2844/5713/2844 5846/5712/5842 2845/79/2845
f 5846/5712/5842 601/5708/601 2845/79/2845
f 5845/5710/5841 1724/82/1724 602/5699/602
f 5845/5710/5841 1723/5709/1723 1724/82/1724
f 1723/5709/1723 136/80/136 1724/82/1724
f 5843/5705/5839 5845/5710/5841 602/5699/602
f 5843/5705/5839 5844/5707/5840 5845/5710/5841
f 5844/5707/5840 601/5708/601 5845/5710/5841
f 1661/5706/1661 2846/5701/2846 133/68/133
f 1661/5706/1661 5843/5705/5839 2846/5701/2846
f 5843/5705/5839 602/5699/602 2846/5701/2846
f 5842/5703/5838 1725/5697/1725 603/5696/603
f 5842/5703/5838 1666/5646/1666 1725/5697/1725
f 1666/5646/1666 137/84/137 1725/5697/1725
f 5840/5700/5836 5842/5703/5838 603/5696/603
f 5840/5700/5836 5841/5702/5837 5842/5703/5838
f 5841/5702/5837 544/5644/544 5842/5703/5838
f 2846/5701/2846 2847/83/2847 133/68/133
f 2846/5701/2846 5840/5700/5836 2847/83/2847
f 5840/5700/5836 603/5696/603 2847/83/2847
f 5839/5698/5835 1726/86/1726 604/5687/604
f 5839/5698/5835 1725/5697/1725 1726/86/1726
f 1725/5697/1725 137/84/137 1726/86/1726
f 5837/5693/5833 5839/5698/5835 604/5687/604
f 5837/5693/5833 5838/5695/5834 5839/5698/5835
f 5838/5695/5834 603/5696/603 5839/5698/5835
f 1658/5694/1658 2848/5689/2848 111/5912/111
f 1658/5694/1658 5837/5693/5833 2848/5689/2848
f 5837/5693/5833 604/5687/604 2848/5689/2848
f 5836/5691/5832 1636/5914/1636 514/5915/514
f 5836/5691/5832 1662/5634/1662 1636/5914/1636
f 1662/5634/1662 112/5916/112 1636/5914/1636
f 5834/5688/5830 5836/5691/5832 514/5915/514
f 5834/5688/5830 5835/5690/5831 5836/5691/5832
f 5835/5690/5831 540/5632/540 5836/5691/5832
f 2848/5689/2848 2758/5917/2758 111/5912/111
f 2848/5689/2848 5834/5688/5830 2758/5917/2758
f 5834/5688/5830 514/5915/514 2758/5917/2758
f 5833/5686/5829 1728/90/1728 606/5675/606
f 5833/5686/5829 1727/5685/1727 1728/90/1728
f 1727/5685/1727 138/88/138 1728/90/1728
f 5831/5681/5827 5833/5686/5829 606/5675/606
f 5831/5681/5827 5832/5683/5828 5833/5686/5829
f 5832/5683/5828 605/5684/605 5833/5686/5829
f 1663/5682/1663 2850/5677/2850 134/72/134
f 1663/5682/1663 5831/5681/5827 2850/5677/2850
f 5831/5681/5827 606/5675/606 2850/5677/2850
f 5830/5679/4755 1729/5673/1729 607/5672/607
f 5830/5679/4755 1669/5610/1669 1729/5673/1729
f 1669/5610/1669 139/92/139 1729/5673/1729
f 5828/5676/5825 5830/5679/4755 607/5672/607
f 5828/5676/5825 5829/5678/5826 5830/5679/4755
f 5829/5678/5826 547/5608/547 5830/5679/4755
f 2850/5677/2850 2851/91/2851 134/72/134
f 2850/5677/2850 5828/5676/5825 2851/91/2851
f 5828/5676/5825 607/5672/607 2851/91/2851
f 5827/5674/5824 1730/94/1730 608/5663/608
f 5827/5674/5824 1729/5673/1729 1730/94/1730
f 1729/5673/1729 139/92/139 1730/94/1730
f 5825/5669/5822 5827/5674/5824 608/5663/608
f 5825/5669/5822 5826/5671/5823 5827/5674/5824
f 5826/5671/5823 607/5672/607 5827/5674/5824
f 1664/5670/1664 2852/5665/2852 135/76/135
f 1664/5670/1664 5825/5669/5822 2852/5665/2852
f 5825/5669/5822 608/5663/608 2852/5665/2852
f 5824/5667/5821 1731/5661/1731 609/5660/609
f 5824/5667/5821 1670/5598/1670 1731/5661/1731
f 1670/5598/1670 140/96/140 1731/5661/1731
f 5822/5664/5819 5824/5667/5821 609/5660/609
f 5822/5664/5819 5823/5666/5820 5824/5667/5821
f 5823/5666/5820 548/5596/548 5824/5667/5821
f 2852/5665/2852 2853/95/2853 135/76/135
f 2852/5665/2852 5822/5664/5819 2853/95/2853
f 5822/5664/5819 609/5660/609 2853/95/2853
f 5821/5662/5818 1732/98/1732 610/5651/610
f 5821/5662/5818 1731/5661/1731 1732/98/1732
f 1731/5661/1731 140/96/140 1732/98/1732
f 5819/5657/5816 5821/5662/5818 610/5651/610
f 5819/5657/5816 5820/5659/5817 5821/5662/5818
f 5820/5659/5817 609/5660/609 5821/5662/5818
f 1665/5658/1665 2854/5653/2854 136/80/136
f 1665/5658/1665 5819/5657/5816 2854/5653/2854
f 5819/5657/5816 610/5651/610 2854/5653/2854
f 5818/5655/5815 1733/5649/1733 611/5648/611
f 5818/5655/5815 1671/5586/1671 1733/5649/1733
f 1671/5586/1671 141/100/141 1733/5649/1733
f 5816/5652/5813 5818/5655/5815 611/5648/611
f 5816/5652/5813 5817/5654/5814 5818/5655/5815
f 5817/5654/5814 549/5584/549 5818/5655/5815
f 2854/5653/2854 2855/99/2855 136/80/136
f 2854/5653/2854 5816/5652/5813 2855/99/2855
f 5816/5652/5813 611/5648/611 2855/99/2855
f 5815/5650/5812 1734/102/1734 612/5639/612
f 5815/5650/5812 1733/5649/1733 1734/102/1734
f 1733/5649/1733 141/100/141 1734/102/1734
f 5813/5645/5810 5815/5650/5812 612/5639/612
f 5813/5645/5810 5814/5647/5811 5815/5650/5812
f 5814/5647/5811 611/5648/611 5815/5650/5812
f 1666/5646/1666 2856/5641/2856 137/84/137
f 1666/5646/1666 5813/5645/5810 2856/5641/2856
f 5813/5645/5810 612/5639/612 2856/5641/2856
f 5812/5643/5809 1735/5637/1735 613/5636/613
f 5812/5643/5809 1672/5574/1672 1735/5637/1735
f 1672/5574/1672 142/104/142 1735/5637/1735
f 5810/5640/5807 5812/5643/5809 613/5636/613
f 5810/5640/5807 5811/5642/5808 5812/5643/5809
f 5811/5642/5808 550/5572/550 5812/5643/5809
f 2856/5641/2856 2857/103/2857 137/84/137
f 2856/5641/2856 5810/5640/5807 2857/103/2857
f 5810/5640/5807 613/5636/613 2857/103/2857
f 5809/5638/5806 1736/106/1736 614/5627/614
f 5809/5638/5806 1735/5637/1735 1736/106/1736
f 1735/5637/1735 142/104/142 1736/106/1736
f 5807/5633/5804 5809/5638/5806 614/5627/614
f 5807/5633/5804 5808/5635/5805 5809/5638/5806
f 5808/5635/5805 613/5636/613 5809/5638/5806
f 1662/5634/1662 2858/5629/2858 112/5916/112
f 1662/5634/1662 5807/5633/5804 2858/5629/2858
f 5807/5633/5804 614/5627/614 2858/5629/2858
f 5806/5631/5803 1637/5918/1637 515/5919/515
f 5806/5631/5803 1667/5562/1667 1637/5918/1637
f 1667/5562/1667 113/5920/113 1637/5918/1637
f 5804/5628/5801 5806/5631/5803 515/5919/515
f 5804/5628/5801 5805/5630/5802 5806/5631/5803
f 5805/5630/5802 545/5560/545 5806/5631/5803
f 2858/5629/2858 2759/5921/2759 112/5916/112
f 2858/5629/2858 5804/5628/5801 2759/5921/2759
f 5804/5628/5801 515/5919/515 2759/5921/2759
f 5803/5626/5800 1738/110/1738 616/5615/616
f 5803/5626/5800 1737/5625/1737 1738/110/1738
f 1737/5625/1737 143/108/143 1738/110/1738
f 5801/5621/5798 5803/5626/5800 616/5615/616
f 5801/5621/5798 5802/5623/5799 5803/5626/5800
f 5802/5623/5799 615/5624/615 5803/5626/5800
f 1668/5622/1668 2860/5617/2860 138/88/138
f 1668/5622/1668 5801/5621/5798 2860/5617/2860
f 5801/5621/5798 616/5615/616 2860/5617/2860
f 5800/5619/5797 1739/5613/1739 617/5612/617
f 5800/5619/5797 1675/5538/1675 1739/5613/1739
f 1675/5538/1675 144/112/144 1739/5613/1739
f 5798/5616/5795 5800/5619/5797 617/5612/617
f 5798/5616/5795 5799/5618/5796 5800/5619/5797
f 5799/5618/5796 553/5536/553 5800/5619/5797
f 2860/5617/2860 2861/111/2861 138/88/138
f 2860/5617/2860 5798/5616/5795 2861/111/2861
f 5798/5616/5795 617/5612/617 2861/111/2861
f 5797/5614/5794 1740/114/1740 618/5603/618
f 5797/5614/5794 1739/5613/1739 1740/114/1740
f 1739/5613/1739 144/112/144 1740/114/1740
f 5795/5609/5792 5797/5614/5794 618/5603/618
f 5795/5609/5792 5796/5611/5793 5797/5614/5794
f 5796/5611/5793 617/5612/617 5797/5614/5794
f 1669/5610/1669 2862/5605/2862 139/92/139
f 1669/5610/1669 5795/5609/5792 2862/5605/2862
f 5795/5609/5792 618/5603/618 2862/5605/2862
f 5794/5607/5791 1741/5601/1741 619/5600/619
f 5794/5607/5791 1676/5526/1676 1741/5601/1741
f 1676/5526/1676 145/116/145 1741/5601/1741
f 5792/5604/5789 5794/5607/5791 619/5600/619
f 5792/5604/5789 5793/5606/5790 5794/5607/5791
f 5793/5606/5790 554/5524/554 5794/5607/5791
f 2862/5605/2862 2863/115/2863 139/92/139
f 2862/5605/2862 5792/5604/5789 2863/115/2863
f 5792/5604/5789 619/5600/619 2863/115/2863
f 5791/5602/5788 1742/118/1742 620/5591/620
f 5791/5602/5788 1741/5601/1741 1742/118/1742
f 1741/5601/1741 145/116/145 1742/118/1742
f 5789/5597/5786 5791/5602/5788 620/5591/620
f 5789/5597/5786 5790/5599/5787 5791/5602/5788
f 5790/5599/5787 619/5600/619 5791/5602/5788
f 1670/5598/1670 2864/5593/2864 140/96/140
f 1670/5598/1670 5789/5597/5786 2864/5593/2864
f 5789/5597/5786 620/5591/620 2864/5593/2864
f 5788/5595/5785 1743/5589/1743 621/5588/621
f 5788/5595/5785 1677/5514/1677 1743/5589/1743
f 1677/5514/1677 146/120/146 1743/5589/1743
f 5786/5592/5783 5788/5595/5785 621/5588/621
f 5786/5592/5783 5787/5594/5784 5788/5595/5785
f 5787/5594/5784 555/5512/555 5788/5595/5785
f 2864/5593/2864 2865/119/2865 140/96/140
f 2864/5593/2864 5786/5592/5783 2865/119/2865
f 5786/5592/5783 621/5588/621 2865/119/2865
f 5785/5590/5782 1744/122/1744 622/5579/622
f 5785/5590/5782 1743/5589/1743 1744/122/1744
f 1743/5589/1743 146/120/146 1744/122/1744
f 5783/5585/5780 5785/5590/5782 622/5579/622
f 5783/5585/5780 5784/5587/5781 5785/5590/5782
f 5784/5587/5781 621/5588/621 5785/5590/5782
f 1671/5586/1671 2866/5581/2866 141/100/141
f 1671/5586/1671 5783/5585/5780 2866/5581/2866
f 5783/5585/5780 622/5579/622 2866/5581/2866
f 5782/5583/5779 1745/5577/1745 623/5576/623
f 5782/5583/5779 1678/5502/1678 1745/5577/1745
f 1678/5502/1678 147/124/147 1745/5577/1745
f 5780/5580/5777 5782/5583/5779 623/5576/623
f 5780/5580/5777 5781/5582/5778 5782/5583/5779
f 5781/5582/5778 556/5500/556 5782/5583/5779
f 2866/5581/2866 2867/123/2867 141/100/141
f 2866/5581/2866 5780/5580/5777 2867/123/2867
f 5780/5580/5777 623/5576/623 2867/123/2867
f 5779/5578/5776 1746/126/1746 624/5567/624
f 5779/5578/5776 1745/5577/1745 1746/126/1746
f 1745/5577/1745 147/124/147 1746/126/1746
f 5777/5573/5774 5779/5578/5776 624/5567/624
f 5777/5573/5774 5778/5575/5775 5779/5578/5776
f 5778/5575/5775 623/5576/623 5779/5578/5776
f 1672/5574/1672 2868/5569/2868 142/104/142
f 1672/5574/1672 5777/5573/5774 2868/5569/2868
f 5777/5573/5774 624/5567/624 2868/5569/2868
f 5776/5571/5773 1747/5565/1747 625/5564/625
f 5776/5571/5773 1679/5490/1679 1747/5565/1747
f 1679/5490/1679 148/128/148 1747/5565/1747
f 5774/5568/5771 5776/5571/5773 625/5564/625
f 5774/5568/5771 5775/5570/5772 5776/5571/5773
f 5775/5570/5772 557/5488/557 5776/5571/5773
f 2868/5569/2868 2869/127/2869 142/104/142
f 2868/5569/2868 5774/5568/5771 2869/127/2869
f 5774/5568/5771 625/5564/625 2869/127/2869
f 5773/5566/5770 1748/130/1748 626/5555/626
f 5773/5566/5770 1747/5565/1747 1748/130/1748
f 1747/5565/1747 148/128/148 1748/130/1748
f 5771/5561/5768 5773/5566/5770 626/5555/626
f 5771/5561/5768 5772/5563/5769 5773/5566/5770
f 5772/5563/5769 625/5564/625 5773/5566/5770
f 1667/5562/1667 2870/5557/2870 113/5920/113
f 1667/5562/1667 5771/5561/5768 2870/5557/2870
f 5771/5561/5768 626/5555/626 2870/5557/2870
f 5770/5559/5767 1638/5922/1638 516/5923/516
f 5770/5559/5767 1673/5478/1673 1638/5922/1638
f 1673/5478/1673 114/5924/114 1638/5922/1638
f 5768/5556/5765 5770/5559/5767 516/5923/516
f 5768/5556/5765 5769/5558/5766 5770/5559/5767
f 5769/5558/5766 551/5476/551 5770/5559/5767
f 2870/5557/2870 2760/5925/2760 113/5920/113
f 2870/5557/2870 5768/5556/5765 2760/5925/2760
f 5768/5556/5765 516/5923/516 2760/5925/2760
f 5767/5554/5764 1750/134/1750 628/5543/628
f 5767/5554/5764 1749/5553/1749 1750/134/1750
f 1749/5553/1749 149/132/149 1750/134/1750
f 5765/5549/5762 5767/5554/5764 628/5543/628
f 5765/5549/5762 5766/5551/5763 5767/5554/5764
f 5766/5551/5763 627/5552/627 5767/5554/5764
f 1674/5550/1674 2872/5545/2872 143/108/143
f 1674/5550/1674 5765/5549/5762 2872/5545/2872
f 5765/5549/5762 628/5543/628 2872/5545/2872
f 5764/5547/5761 1751/5541/1751 629/5540/629
f 5764/5547/5761 1682/5454/1682 1751/5541/1751
f 1682/5454/1682 150/136/150 1751/5541/1751
f 5762/5544/5759 5764/5547/5761 629/5540/629
f 5762/5544/5759 5763/5546/5760 5764/5547/5761
f 5763/5546/5760 560/5452/560 5764/5547/5761
f 2872/5545/2872 2873/135/2873 143/108/143
f 2872/5545/2872 5762/5544/5759 2873/135/2873
f 5762/5544/5759 629/5540/629 2873/135/2873
f 5761/5542/5758 1752/138/1752 630/5531/630
f 5761/5542/5758 1751/5541/1751 1752/138/1752
f 1751/5541/1751 150/136/150 1752/138/1752
f 5759/5537/5756 5761/5542/5758 630/5531/630
f 5759/5537/5756 5760/5539/5757 5761/5542/5758
f 5760/5539/5757 629/5540/629 5761/5542/5758
f 1675/5538/1675 2874/5533/2874 144/112/144
f 1675/5538/1675 5759/5537/5756 2874/5533/2874
f 5759/5537/5756 630/5531/630 2874/5533/2874
f 5758/5535/5755 1753/5529/1753 631/5528/631
f 5758/5535/5755 1683/5442/1683 1753/5529/1753
f 1683/5442/1683 151/140/151 1753/5529/1753
f 5756/5532/5753 5758/5535/5755 631/5528/631
f 5756/5532/5753 5757/5534/5754 5758/5535/5755
f 5757/5534/5754 561/5440/561 5758/5535/5755
f 2874/5533/2874 2875/139/2875 144/112/144
f 2874/5533/2874 5756/5532/5753 2875/139/2875
f 5756/5532/5753 631/5528/631 2875/139/2875
f 5755/5530/5752 1754/142/1754 632/5519/632
f 5755/5530/5752 1753/5529/1753 1754/142/1754
f 1753/5529/1753 151/140/151 1754/142/1754
f 5753/5525/5750 5755/5530/5752 632/5519/632
f 5753/5525/5750 5754/5527/5751 5755/5530/5752
f 5754/5527/5751 631/5528/631 5755/5530/5752
f 1676/5526/1676 2876/5521/2876 145/116/145
f 1676/5526/1676 5753/5525/5750 2876/5521/2876
f 5753/5525/5750 632/5519/632 2876/5521/2876
f 5752/5523/5749 1755/5517/1755 633/5516/633
f 5752/5523/5749 1684/5430/1684 1755/5517/1755
f 1684/5430/1684 152/144/152 1755/5517/1755
f 5750/5520/5747 5752/5523/5749 633/5516/633
f 5750/5520/5747 5751/5522/5748 5752/5523/5749
f 5751/5522/5748 562/5428/562 5752/5523/5749
f 2876/5521/2876 2877/143/2877 145/116/145
f 2876/5521/2876 5750/5520/5747 2877/143/2877
f 5750/5520/5747 633/5516/633 2877/143/2877
f 5749/5518/5746 1756/146/1756 634/5507/634
f 5749/5518/5746 1755/5517/1755 1756/146/1756
f 1755/5517/1755 152/144/152 1756/146/1756
f 5747/5513/5744 5749/5518/5746 634/5507/634
f 5747/5513/5744 5748/5515/5745 5749/5518/5746
f 5748/5515/5745 633/5516/633 5749/5518/5746
f 1677/5514/1677 2878/5509/2878 146/120/146
f 1677/5514/1677 5747/5513/5744 2878/5509/2878
f 5747/5513/5744 634/5507/634 2878/5509/2878
f 5746/5511/5743 1757/5505/1757 635/5504/635
f 5746/5511/5743 1685/5418/1685 1757/5505/1757
f 1685/5418/1685 153/148/153 1757/5505/1757
f 5744/5508/5741 5746/5511/5743 635/5504/635
f 5744/5508/5741 5745/5510/5742 5746/5511/5743
f 5745/5510/5742 563/5416/563 5746/5511/5743
f 2878/5509/2878 2879/147/2879 146/120/146
f 2878/5509/2878 5744/5508/5741 2879/147/2879
f 5744/5508/5741 635/5504/635 2879/147/2879
f 5743/5506/5740 1758/150/1758 636/5495/636
f 5743/5506/5740 1757/5505/1757 1758/150/1758
f 1757/5505/1757 153/148/153 1758/150/1758
f 5741/5501/5738 5743/5506/5740 636/5495/636
f 5741/5501/5738 5742/5503/5739 5743/5506/5740
f 5742/5503/5739 635/5504/635 5743/5506/5740
f 1678/5502/1678 2880/5497/2880 147/124/147
f 1678/5502/1678 5741/5501/5738 2880/5497/2880
f 5741/5501/5738 636/5495/636 2880/5497/2880
f 5740/5499/5737 1759/5493/1759 637/5492/637
f 5740/5499/5737 1686/5406/1686 1759/5493/1759
f 1686/5406/1686 154/152/154 1759/5493/1759
f 5738/5496/5735 5740/5499/5737 637/5492/637
f 5738/5496/5735 5739/5498/5736 5740/5499/5737
f 5739/5498/5736 564/5404/564 5740/5499/5737
f 2880/5497/2880 2881/151/2881 147/124/147
f 2880/5497/2880 5738/5496/5735 2881/151/2881
f 5738/5496/5735 637/5492/637 2881/151/2881
f 5737/5494/5734 1760/154/1760 638/5483/638
f 5737/5494/5734 1759/5493/1759 1760/154/1760
f 1759/5493/1759 154/152/154 1760/154/1760
f 5735/5489/5732 5737/5494/5734 638/5483/638
f 5735/5489/5732 5736/5491/5733 5737/5494/5734
f 5736/5491/5733 637/5492/637 5737/5494/5734
f 1679/5490/1679 2882/5485/2882 148/128/148
f 1679/5490/1679 5735/5489/5732 2882/5485/2882
f 5735/5489/5732 638/5483/638 2882/5485/2882
f 5734/5487/5731 1761/5481/1761 639/5480/639
f 5734/5487/5731 1687/5394/1687 1761/5481/1761
f 1687/5394/1687 155/156/155 1761/5481/1761
f 5732/5484/5729 5734/5487/5731 639/5480/639
f 5732/5484/5729 5733/5486/5730 5734/5487/5731
f 5733/5486/5730 565/5392/565 5734/5487/5731
f 2882/5485/2882 2883/155/2883 148/128/148
f 2882/5485/2882 5732/5484/5729 2883/155/2883
f 5732/5484/5729 639/5480/639 2883/155/2883
f 5731/5482/5728 1762/158/1762 640/5471/640
f 5731/5482/5728 1761/5481/1761 1762/158/1762
f 1761/5481/1761 155/156/155 1762/158/1762
f 5729/5477/5726 5731/5482/5728 640/5471/640
f 5729/5477/5726 5730/5479/5727 5731/5482/5728
f 5730/5479/5727 639/5480/639 5731/5482/5728
f 1673/5478/1673 2884/5473/2884 114/5924/114
f 1673/5478/1673 5729/5477/5726 2884/5473/2884
f 5729/5477/5726 640/5471/640 2884/5473/2884
f 5728/5475/5725 1639/5926/1639 517/5927/517
f 5728/5475/5725 1680/5382/1680 1639/5926/1639
f 1680/5382/1680 115/5928/115 1639/5926/1639
f 5726/5472/5723 5728/5475/5725 517/5927/517
f 5726/5472/5723 5727/5474/5724 5728/5475/5725
f 5727/5474/5724 558/5380/558 5728/5475/5725
f 2884/5473/2884 2761/5929/2761 114/5924/114
f 2884/5473/2884 5726/5472/5723 2761/5929/2761
f 5726/5472/5723 517/5927/517 2761/5929/2761
f 5725/5470/5722 1764/162/1764 642/5459/642
f 5725/5470/5722 1763/5469/1763 1764/162/1764
f 1763/5469/1763 156/160/156 1764/162/1764
f 5723/5465/5720 5725/5470/5722 642/5459/642
f 5723/5465/5720 5724/5467/5721 5725/5470/5722
f 5724/5467/5721 641/5468/641 5725/5470/5722
f 1681/5466/1681 2886/5461/2886 149/132/149
f 1681/5466/1681 5723/5465/5720 2886/5461/2886
f 5723/5465/5720 642/5459/642 2886/5461/2886
f 5722/5463/5719 1765/5457/1765 643/5456/643
f 5722/5463/5719 1690/5358/1690 1765/5457/1765
f 1690/5358/1690 157/164/157 1765/5457/1765
f 5720/5460/5717 5722/5463/5719 643/5456/643
f 5720/5460/5717 5721/5462/5718 5722/5463/5719
f 5721/5462/5718 568/5356/568 5722/5463/5719
f 2886/5461/2886 2887/163/2887 149/132/149
f 2886/5461/2886 5720/5460/5717 2887/163/2887
f 5720/5460/5717 643/5456/643 2887/163/2887
f 5719/5458/5716 1766/166/1766 644/5447/644
f 5719/5458/5716 1765/5457/1765 1766/166/1766
f 1765/5457/1765 157/164/157 1766/166/1766
f 5717/5453/5714 5719/5458/5716 644/5447/644
f 5717/5453/5714 5718/5455/5715 5719/5458/5716
f 5718/5455/5715 643/5456/643 5719/5458/5716
f 1682/5454/1682 2888/5449/2888 150/136/150
f 1682/5454/1682 5717/5453/5714 2888/5449/2888
f 5717/5453/5714 644/5447/644 2888/5449/2888
f 5716/5451/5713 1767/5445/1767 645/5444/645
f 5716/5451/5713 1691/5346/1691 1767/5445/1767
f 1691/5346/1691 158/168/158 1767/5445/1767
f 5714/5448/5711 5716/5451/5713 645/5444/645
f 5714/5448/5711 5715/5450/5712 5716/5451/5713
f 5715/5450/5712 569/5344/569 5716/5451/5713
f 2888/5449/2888 2889/167/2889 150/136/150
f 2888/5449/2888 5714/5448/5711 2889/167/2889
f 5714/5448/5711 645/5444/645 2889/167/2889
f 5713/5446/5710 1768/170/1768 646/5435/646
f 5713/5446/5710 1767/5445/1767 1768/170/1768
f 1767/5445/1767 158/168/158 1768/170/1768
f 5711/5441/5708 5713/5446/5710 646/5435/646
f 5711/5441/5708 5712/5443/5709 5713/5446/5710
f 5712/5443/5709 645/5444/645 5713/5446/5710
f 1683/5442/1683 2890/5437/2890 151/140/151
f 1683/5442/1683 5711/5441/5708 2890/5437/2890
f 5711/5441/5708 646/5435/646 2890/5437/2890
f 5710/5439/5707 1769/5433/1769 647/5432/647
f 5710/5439/5707 1692/5334/1692 1769/5433/1769
f 1692/5334/1692 159/172/159 1769/5433/1769
f 5708/5436/5705 5710/5439/5707 647/5432/647
f 5708/5436/5705 5709/5438/5706 5710/5439/5707
f 5709/5438/5706 570/5332/570 5710/5439/5707
f 2890/5437/2890 2891/171/2891 151/140/151
f 2890/5437/2890 5708/5436/5705 2891/171/2891
f 5708/5436/5705 647/5432/647 2891/171/2891
f 5707/5434/5704 1770/174/1770 648/5423/648
f 5707/5434/5704 1769/5433/1769 1770/174/1770
f 1769/5433/1769 159/172/159 1770/174/1770
f 5705/5429/5702 5707/5434/5704 648/5423/648
f 5705/5429/5702 5706/5431/5703 5707/5434/5704
f 5706/5431/5703 647/5432/647 5707/5434/5704
f 1684/5430/1684 2892/5425/2892 152/144/152
f 1684/5430/1684 5705/5429/5702 2892/5425/2892
f 5705/5429/5702 648/5423/648 2892/5425/2892
f 5704/5427/5701 1771/5421/1771 649/5420/649
f 5704/5427/5701 1693/5322/1693 1771/5421/1771
f 1693/5322/1693 160/176/160 1771/5421/1771
f 5702/5424/5699 5704/5427/5701 649/5420/649
f 5702/5424/5699 5703/5426/5700 5704/5427/5701
f 5703/5426/5700 571/5320/571 5704/5427/5701
f 2892/5425/2892 2893/175/2893 152/144/152
f 2892/5425/2892 5702/5424/5699 2893/175/2893
f 5702/5424/5699 649/5420/649 2893/175/2893
f 5701/5422/5698 1772/178/1772 650/5411/650
f 5701/5422/5698 1771/5421/1771 1772/178/1772
f 1771/5421/1771 160/176/160 1772/178/1772
f 5699/5417/5696 5701/5422/5698 650/5411/650
f 5699/5417/5696 5700/5419/5697 5701/5422/5698
f 5700/5419/5697 649/5420/649 5701/5422/5698
f 1685/5418/1685 2894/5413/2894 153/148/153
f 1685/5418/1685 5699/5417/5696 2894/5413/2894
f 5699/5417/5696 650/5411/650 2894/5413/2894
f 5698/5415/5695 1773/5409/1773 651/5408/651
f 5698/5415/5695 1694/5310/1694 1773/5409/1773
f 1694/5310/1694 161/180/161 1773/5409/1773
f 5696/5412/5693 5698/5415/5695 651/5408/651
f 5696/5412/5693 5697/5414/5694 5698/5415/5695
f 5697/5414/5694 572/5308/572 5698/5415/5695
f 2894/5413/2894 2895/179/2895 153/148/153
f 2894/5413/2894 5696/5412/5693 2895/179/2895
f 5696/5412/5693 651/5408/651 2895/179/2895
f 5695/5410/5692 1774/182/1774 652/5399/652
f 5695/5410/5692 1773/5409/1773 1774/182/1774
f 1773/5409/1773 161/180/161 1774/182/1774
f 5693/5405/5690 5695/5410/5692 652/5399/652
f 5693/5405/5690 5694/5407/5691 5695/5410/5692
f 5694/5407/5691 651/5408/651 5695/5410/5692
f 1686/5406/1686 2896/5401/2896 154/152/154
f 1686/5406/1686 5693/5405/5690 2896/5401/2896
f 5693/5405/5690 652/5399/652 2896/5401/2896
f 5692/5403/5689 1775/5397/1775 653/5396/653
f 5692/5403/5689 1695/5298/1695 1775/5397/1775
f 1695/5298/1695 162/184/162 1775/5397/1775
f 5690/5400/5687 5692/5403/5689 653/5396/653
f 5690/5400/5687 5691/5402/5688 5692/5403/5689
f 5691/5402/5688 573/5296/573 5692/5403/5689
f 2896/5401/2896 2897/183/2897 154/152/154
f 2896/5401/2896 5690/5400/5687 2897/183/2897
f 5690/5400/5687 653/5396/653 2897/183/2897
f 5689/5398/5686 1776/186/1776 654/5387/654
f 5689/5398/5686 1775/5397/1775 1776/186/1776
f 1775/5397/1775 162/184/162 1776/186/1776
f 5687/5393/5684 5689/5398/5686 654/5387/654
f 5687/5393/5684 5688/5395/5685 5689/5398/5686
f 5688/5395/5685 653/5396/653 5689/5398/5686
f 1687/5394/1687 2898/5389/2898 155/156/155
f 1687/5394/1687 5687/5393/5684 2898/5389/2898
f 5687/5393/5684 654/5387/654 2898/5389/2898
f 5686/5391/5683 1777/5385/1777 655/5384/655
f 5686/5391/5683 1696/5286/1696 1777/5385/1777
f 1696/5286/1696 163/188/163 1777/5385/1777
f 5684/5388/5681 5686/5391/5683 655/5384/655
f 5684/5388/5681 5685/5390/5682 5686/5391/5683
f 5685/5390/5682 574/5284/574 5686/5391/5683
f 2898/5389/2898 2899/187/2899 155/156/155
f 2898/5389/2898 5684/5388/5681 2899/187/2899
f 5684/5388/5681 655/5384/655 2899/187/2899
f 5683/5386/5680 1778/190/1778 656/5375/656
f 5683/5386/5680 1777/5385/1777 1778/190/1778
f 1777/5385/1777 163/188/163 1778/190/1778
f 5681/5381/5678 5683/5386/5680 656/5375/656
f 5681/5381/5678 5682/5383/5679 5683/5386/5680
f 5682/5383/5679 655/5384/655 5683/5386/5680
f 1680/5382/1680 2900/5377/2900 115/5928/115
f 1680/5382/1680 5681/5381/5678 2900/5377/2900
f 5681/5381/5678 656/5375/656 2900/5377/2900
f 5680/5379/5677 1640/5930/1640 518/5931/518
f 5680/5379/5677 1688/5274/1688 1640/5930/1640
f 1688/5274/1688 116/5932/116 1640/5930/1640
f 5678/5376/5675 5680/5379/5677 518/5931/518
f 5678/5376/5675 5679/5378/5676 5680/5379/5677
f 5679/5378/5676 566/5272/566 5680/5379/5677
f 2900/5377/2900 2762/5933/2762 115/5928/115
f 2900/5377/2900 5678/5376/5675 2762/5933/2762
f 5678/5376/5675 518/5931/518 2762/5933/2762
f 5677/5374/5674 1780/194/1780 658/5363/658
f 5677/5374/5674 1779/5373/1779 1780/194/1780
f 1779/5373/1779 164/192/164 1780/194/1780
f 5675/5369/5672 5677/5374/5674 658/5363/658
f 5675/5369/5672 5676/5371/5673 5677/5374/5674
f 5676/5371/5673 657/5372/657 5677/5374/5674
f 1689/5370/1689 2902/5365/2902 156/160/156
f 1689/5370/1689 5675/5369/5672 2902/5365/2902
f 5675/5369/5672 658/5363/658 2902/5365/2902
f 5674/5367/5671 1781/5361/1781 659/5360/659
f 5674/5367/5671 1699/5250/1699 1781/5361/1781
f 1699/5250/1699 165/196/165 1781/5361/1781
f 5672/5364/5669 5674/5367/5671 659/5360/659
f 5672/5364/5669 5673/5366/5670 5674/5367/5671
f 5673/5366/5670 577/5248/577 5674/5367/5671
f 2902/5365/2902 2903/195/2903 156/160/156
f 2902/5365/2902 5672/5364/5669 2903/195/2903
f 5672/5364/5669 659/5360/659 2903/195/2903
f 5671/5362/5668 1782/198/1782 660/5351/660
f 5671/5362/5668 1781/5361/1781 1782/198/1782
f 1781/5361/1781 165/196/165 1782/198/1782
f 5669/5357/5666 5671/5362/5668 660/5351/660
f 5669/5357/5666 5670/5359/5667 5671/5362/5668
f 5670/5359/5667 659/5360/659 5671/5362/5668
f 1690/5358/1690 2904/5353/2904 157/164/157
f 1690/5358/1690 5669/5357/5666 2904/5353/2904
f 5669/5357/5666 660/5351/660 2904/5353/2904
f 5668/5355/5665 1783/5349/1783 661/5348/661
f 5668/5355/5665 1700/5238/1700 1783/5349/1783
f 1700/5238/1700 166/200/166 1783/5349/1783
f 5666/5352/5663 5668/5355/5665 661/5348/661
f 5666/5352/5663 5667/5354/5664 5668/5355/5665
f 5667/5354/5664 578/5236/578 5668/5355/5665
f 2904/5353/2904 2905/199/2905 157/164/157
f 2904/5353/2904 5666/5352/5663 2905/199/2905
f 5666/5352/5663 661/5348/661 2905/199/2905
f 5665/5350/5662 1784/202/1784 662/5339/662
f 5665/5350/5662 1783/5349/1783 1784/202/1784
f 1783/5349/1783 166/200/166 1784/202/1784
f 5663/5345/5660 5665/5350/5662 662/5339/662
f 5663/5345/5660 5664/5347/5661 5665/5350/5662
f 5664/5347/5661 661/5348/661 5665/5350/5662
f 1691/5346/1691 2906/5341/2906 158/168/158
f 1691/5346/1691 5663/5345/5660 2906/5341/2906
f 5663/5345/5660 662/5339/662 2906/5341/2906
f 5662/5343/5659 1785/5337/1785 663/5336/663
f 5662/5343/5659 1701/5226/1701 1785/5337/1785
f 1701/5226/1701 167/204/167 1785/5337/1785
f 5660/5340/5657 5662/5343/5659 663/5336/663
f 5660/5340/5657 5661/5342/5658 5662/5343/5659
f 5661/5342/5658 579/5224/579 5662/5343/5659
f 2906/5341/2906 2907/203/2907 158/168/158
f 2906/5341/2906 5660/5340/5657 2907/203/2907
f 5660/5340/5657 663/5336/663 2907/203/2907
f 5659/5338/5656 1786/206/1786 664/5327/664
f 5659/5338/5656 1785/5337/1785 1786/206/1786
f 1785/5337/1785 167/204/167 1786/206/1786
f 5657/5333/5654 5659/5338/5656 664/5327/664
f 5657/5333/5654 5658/5335/5655 5659/5338/5656
f 5658/5335/5655 663/5336/663 5659/5338/5656
f 1692/5334/1692 2908/5329/2908 159/172/159
f 1692/5334/1692 5657/5333/5654 2908/5329/2908
f 5657/5333/5654 664/5327/664 2908/5329/2908
f 5656/5331/5653 1787/5325/1787 665/5324/665
f 5656/5331/5653 1702/5214/1702 1787/5325/1787
f 1702/5214/1702 168/208/168 1787/5325/1787
f 5654/5328/5651 5656/5331/5653 665/5324/665
f 5654/5328/5651 5655/5330/5652 5656/5331/5653
f 5655/5330/5652 580/5212/580 5656/5331/5653
f 2908/5329/2908 2909/207/2909 159/172/159
f 2908/5329/2908 5654/5328/5651 2909/207/2909
f 5654/5328/5651 665/5324/665 2909/207/2909
f 5653/5326/5650 1788/210/1788 666/5315/666
f 5653/5326/5650 1787/5325/1787 1788/210/1788
f 1787/5325/1787 168/208/168 1788/210/1788
f 5651/5321/5648 5653/5326/5650 666/5315/666
f 5651/5321/5648 5652/5323/5649 5653/5326/5650
f 5652/5323/5649 665/5324/665 5653/5326/5650
f 1693/5322/1693 2910/5317/2910 160/176/160
f 1693/5322/1693 5651/5321/5648 2910/5317/2910
f 5651/5321/5648 666/5315/666 2910/5317/2910
f 5650/5319/5647 1789/5313/1789 667/5312/667
f 5650/5319/5647 1703/5202/1703 1789/5313/1789
f 1703/5202/1703 169/212/169 1789/5313/1789
f 5648/5316/5645 5650/5319/5647 667/5312/667
f 5648/5316/5645 5649/5318/5646 5650/5319/5647
f 5649/5318/5646 581/5200/581 5650/5319/5647
f 2910/5317/2910 2911/211/2911 160/176/160
f 2910/5317/2910 5648/5316/5645 2911/211/2911
f 5648/5316/5645 667/5312/667 2911/211/2911
f 5647/5314/5644 1790/214/1790 668/5303/668
f 5647/5314/5644 1789/5313/1789 1790/214/1790
f 1789/5313/1789 169/212/169 1790/214/1790
f 5645/5309/5642 5647/5314/5644 668/5303/668
f 5645/5309/5642 5646/5311/5643 5647/5314/5644
f 5646/5311/5643 667/5312/667 5647/5314/5644
f 1694/5310/1694 2912/5305/2912 161/180/161
f 1694/5310/1694 5645/5309/5642 2912/5305/2912
f 5645/5309/5642 668/5303/668 2912/5305/2912
f 5644/5307/5641 1791/5301/1791 669/5300/669
f 5644/5307/5641 1704/5190/1704 1791/5301/1791
f 1704/5190/1704 170/216/170 1791/5301/1791
f 5642/5304/5639 5644/5307/5641 669/5300/669
f 5642/5304/5639 5643/5306/5640 5644/5307/5641
f 5643/5306/5640 582/5188/582 5644/5307/5641
f 2912/5305/2912 2913/215/2913 161/180/161
f 2912/5305/2912 5642/5304/5639 2913/215/2913
f 5642/5304/5639 669/5300/669 2913/215/2913
f 5641/5302/5638 1792/218/1792 670/5291/670
f 5641/5302/5638 1791/5301/1791 1792/218/1792
f 1791/5301/1791 170/216/170 1792/218/1792
f 5639/5297/5636 5641/5302/5638 670/5291/670
f 5639/5297/5636 5640/5299/5637 5641/5302/5638
f 5640/5299/5637 669/5300/669 5641/5302/5638
f 1695/5298/1695 2914/5293/2914 162/184/162
f 1695/5298/1695 5639/5297/5636 2914/5293/2914
f 5639/5297/5636 670/5291/670 2914/5293/2914
f 5638/5295/5635 1793/5289/1793 671/5288/671
f 5638/5295/5635 1705/5178/1705 1793/5289/1793
f 1705/5178/1705 171/220/171 1793/5289/1793
f 5636/5292/5633 5638/5295/5635 671/5288/671
f 5636/5292/5633 5637/5294/5634 5638/5295/5635
f 5637/5294/5634 583/5176/583 5638/5295/5635
f 2914/5293/2914 2915/219/2915 162/184/162
f 2914/5293/2914 5636/5292/5633 2915/219/2915
f 5636/5292/5633 671/5288/671 2915/219/2915
f 5635/5290/5632 1794/222/1794 672/5279/672
f 5635/5290/5632 1793/5289/1793 1794/222/1794
f 1793/5289/1793 171/220/171 1794/222/1794
f 5633/5285/5630 5635/5290/5632 672/5279/672
f 5633/5285/5630 5634/5287/5631 5635/5290/5632
f 5634/5287/5631 671/5288/671 5635/5290/5632
f 1696/5286/1696 2916/5281/2916 163/188/163
f 1696/5286/1696 5633/5285/5630 2916/5281/2916
f 5633/5285/5630 672/5279/672 2916/5281/2916
f 5632/5283/5629 1795/5277/1795 673/5276/673
f 5632/5283/5629 1706/5166/1706 1795/5277/1795
f 1706/5166/1706 172/224/172 1795/5277/1795
f 5630/5280/5627 5632/5283/5629 673/5276/673
f 5630/5280/5627 5631/5282/5628 5632/5283/5629
f 5631/5282/5628 584/5164/584 5632/5283/5629
f 2916/5281/2916 2917/223/2917 163/188/163
f 2916/5281/2916 5630/5280/5627 2917/223/2917
f 5630/5280/5627 673/5276/673 2917/223/2917
f 5629/5278/5626 1796/226/1796 674/5267/674
f 5629/5278/5626 1795/5277/1795 1796/226/1796
f 1795/5277/1795 172/224/172 1796/226/1796
f 5627/5273/5624 5629/5278/5626 674/5267/674
f 5627/5273/5624 5628/5275/5625 5629/5278/5626
f 5628/5275/5625 673/5276/673 5629/5278/5626
f 1688/5274/1688 2918/5269/2918 116/5932/116
f 1688/5274/1688 5627/5273/5624 2918/5269/2918
f 5627/5273/5624 674/5267/674 2918/5269/2918
f 5626/5271/5623 1641/5934/1641 519/5935/519
f 5626/5271/5623 1697/5154/1697 1641/5934/1641
f 1697/5154/1697 117/5936/117 1641/5934/1641
f 5624/5268/5621 5626/5271/5623 519/5935/519
f 5624/5268/5621 5625/5270/5622 5626/5271/5623
f 5625/5270/5622 575/5152/575 5626/5271/5623
f 2918/5269/2918 2763/5937/2763 116/5932/116
f 2918/5269/2918 5624/5268/5621 2763/5937/2763
f 5624/5268/5621 519/5935/519 2763/5937/2763
f 5623/5266/5620 1798/230/1798 676/5255/676
f 5623/5266/5620 1797/5265/1797 1798/230/1798
f 1797/5265/1797 77/228/77 1798/230/1798
f 5621/5261/5618 5623/5266/5620 676/5255/676
f 5621/5261/5618 5622/5263/5619 5623/5266/5620
f 5622/5263/5619 675/5264/675 5623/5266/5620
f 1698/5262/1698 2920/5257/2920 164/192/164
f 1698/5262/1698 5621/5261/5618 2920/5257/2920
f 5621/5261/5618 676/5255/676 2920/5257/2920
f 5620/5259/5617 1799/5253/1799 677/5252/677
f 5620/5259/5617 2723/2179/2723 1799/5253/1799
f 2723/2179/2723 76/232/76 1799/5253/1799
f 5618/5256/5615 5620/5259/5617 677/5252/677
f 5618/5256/5615 5619/5258/5616 5620/5259/5617
f 5619/5258/5616 479/2177/479 5620/5259/5617
f 2920/5257/2920 2921/231/2921 164/192/164
f 2920/5257/2920 5618/5256/5615 2921/231/2921
f 5618/5256/5615 677/5252/677 2921/231/2921
f 5617/5254/5614 1800/234/1800 678/5243/678
f 5617/5254/5614 1799/5253/1799 1800/234/1800
f 1799/5253/1799 76/232/76 1800/234/1800
f 5615/5249/5612 5617/5254/5614 678/5243/678
f 5615/5249/5612 5616/5251/5613 5617/5254/5614
f 5616/5251/5613 677/5252/677 5617/5254/5614
f 1699/5250/1699 2922/5245/2922 165/196/165
f 1699/5250/1699 5615/5249/5612 2922/5245/2922
f 5615/5249/5612 678/5243/678 2922/5245/2922
f 5614/5247/5611 1801/5241/1801 679/5240/679
f 5614/5247/5611 2722/2184/2722 1801/5241/1801
f 2722/2184/2722 75/236/75 1801/5241/1801
f 5612/5244/5609 5614/5247/5611 679/5240/679
f 5612/5244/5609 5613/5246/5610 5614/5247/5611
f 5613/5246/5610 478/2182/478 5614/5247/5611
f 2922/5245/2922 2923/235/2923 165/196/165
f 2922/5245/2922 5612/5244/5609 2923/235/2923
f 5612/5244/5609 679/5240/679 2923/235/2923
f 5611/5242/5608 1802/238/1802 680/5231/680
f 5611/5242/5608 1801/5241/1801 1802/238/1802
f 1801/5241/1801 75/236/75 1802/238/1802
f 5609/5237/5606 5611/5242/5608 680/5231/680
f 5609/5237/5606 5610/5239/5607 5611/5242/5608
f 5610/5239/5607 679/5240/679 5611/5242/5608
f 1700/5238/1700 2924/5233/2924 166/200/166
f 1700/5238/1700 5609/5237/5606 2924/5233/2924
f 5609/5237/5606 680/5231/680 2924/5233/2924
f 5608/5235/5605 1803/5229/1803 681/5228/681
f 5608/5235/5605 2721/2189/2721 1803/5229/1803
f 2721/2189/2721 74/240/74 1803/5229/1803
f 5606/5232/5603 5608/5235/5605 681/5228/681
f 5606/5232/5603 5607/5234/5604 5608/5235/5605
f 5607/5234/5604 477/2187/477 5608/5235/5605
f 2924/5233/2924 2925/239/2925 166/200/166
f 2924/5233/2924 5606/5232/5603 2925/239/2925
f 5606/5232/5603 681/5228/681 2925/239/2925
f 5605/5230/5602 1804/242/1804 682/5219/682
f 5605/5230/5602 1803/5229/1803 1804/242/1804
f 1803/5229/1803 74/240/74 1804/242/1804
f 5603/5225/5600 5605/5230/5602 682/5219/682
f 5603/5225/5600 5604/5227/5601 5605/5230/5602
f 5604/5227/5601 681/5228/681 5605/5230/5602
f 1701/5226/1701 2926/5221/2926 167/204/167
f 1701/5226/1701 5603/5225/5600 2926/5221/2926
f 5603/5225/5600 682/5219/682 2926/5221/2926
f 5602/5223/5599 1805/5217/1805 683/5216/683
f 5602/5223/5599 2720/2194/2720 1805/5217/1805
f 2720/2194/2720 73/244/73 1805/5217/1805
f 5600/5220/5597 5602/5223/5599 683/5216/683
f 5600/5220/5597 5601/5222/5598 5602/5223/5599
f 5601/5222/5598 476/2192/476 5602/5223/5599
f 2926/5221/2926 2927/243/2927 167/204/167
f 2926/5221/2926 5600/5220/5597 2927/243/2927
f 5600/5220/5597 683/5216/683 2927/243/2927
f 5599/5218/5596 1806/246/1806 684/5207/684
f 5599/5218/5596 1805/5217/1805 1806/246/1806
f 1805/5217/1805 73/244/73 1806/246/1806
f 5597/5213/5594 5599/5218/5596 684/5207/684
f 5597/5213/5594 5598/5215/5595 5599/5218/5596
f 5598/5215/5595 683/5216/683 5599/5218/5596
f 1702/5214/1702 2928/5209/2928 168/208/168
f 1702/5214/1702 5597/5213/5594 2928/5209/2928
f 5597/5213/5594 684/5207/684 2928/5209/2928
f 5596/5211/5593 1807/5205/1807 685/5204/685
f 5596/5211/5593 2719/2199/2719 1807/5205/1807
f 2719/2199/2719 72/248/72 1807/5205/1807
f 5594/5208/5591 5596/5211/5593 685/5204/685
f 5594/5208/5591 5595/5210/5592 5596/5211/5593
f 5595/5210/5592 475/2197/475 5596/5211/5593
f 2928/5209/2928 2929/247/2929 168/208/168
f 2928/5209/2928 5594/5208/5591 2929/247/2929
f 5594/5208/5591 685/5204/685 2929/247/2929
f 5593/5206/5590 1808/250/1808 686/5195/686
f 5593/5206/5590 1807/5205/1807 1808/250/1808
f 1807/5205/1807 72/248/72 1808/250/1808
f 5591/5201/5588 5593/5206/5590 686/5195/686
f 5591/5201/5588 5592/5203/5589 5593/5206/5590
f 5592/5203/5589 685/5204/685 5593/5206/5590
f 1703/5202/1703 2930/5197/2930 169/212/169
f 1703/5202/1703 5591/5201/5588 2930/5197/2930
f 5591/5201/5588 686/5195/686 2930/5197/2930
f 5590/5199/5587 1809/5193/1809 687/5192/687
f 5590/5199/5587 2718/2204/2718 1809/5193/1809
f 2718/2204/2718 71/252/71 1809/5193/1809
f 5588/5196/5585 5590/5199/5587 687/5192/687
f 5588/5196/5585 5589/5198/5586 5590/5199/5587
f 5589/5198/5586 474/2202/474 5590/5199/5587
f 2930/5197/2930 2931/251/2931 169/212/169
f 2930/5197/2930 5588/5196/5585 2931/251/2931
f 5588/5196/5585 687/5192/687 2931/251/2931
f 5587/5194/5584 1810/254/1810 688/5183/688
f 5587/5194/5584 1809/5193/1809 1810/254/1810
f 1809/5193/1809 71/252/71 1810/254/1810
f 5585/5189/5582 5587/5194/5584 688/5183/688
f 5585/5189/5582 5586/5191/5583 5587/5194/5584
f 5586/5191/5583 687/5192/687 5587/5194/5584
f 1704/5190/1704 2932/5185/2932 170/216/170
f 1704/5190/1704 5585/5189/5582 2932/5185/2932
f 5585/5189/5582 688/5183/688 2932/5185/2932
f 5584/5187/5581 1811/5181/1811 689/5180/689
f 5584/5187/5581 2717/2209/2717 1811/5181/1811
f 2717/2209/2717 70/256/70 1811/5181/1811
f 5582/5184/5579 5584/5187/5581 689/5180/689
f 5582/5184/5579 5583/5186/5580 5584/5187/5581
f 5583/5186/5580 473/2207/473 5584/5187/5581
f 2932/5185/2932 2933/255/2933 170/216/170
f 2932/5185/2932 5582/5184/5579 2933/255/2933
f 5582/5184/5579 689/5180/689 2933/255/2933
f 5581/5182/5578 1812/258/1812 690/5171/690
f 5581/5182/5578 1811/5181/1811 1812/258/1812
f 1811/5181/1811 70/256/70 1812/258/1812
f 5579/5177/5576 5581/5182/5578 690/5171/690
f 5579/5177/5576 5580/5179/5577 5581/5182/5578
f 5580/5179/5577 689/5180/689 5581/5182/5578
f 1705/5178/1705 2934/5173/2934 171/220/171
f 1705/5178/1705 5579/5177/5576 2934/5173/2934
f 5579/5177/5576 690/5171/690 2934/5173/2934
f 5578/5175/5575 1813/5169/1813 691/5168/691
f 5578/5175/5575 2716/2214/2716 1813/5169/1813
f 2716/2214/2716 69/260/69 1813/5169/1813
f 5576/5172/5573 5578/5175/5575 691/5168/691
f 5576/5172/5573 5577/5174/5574 5578/5175/5575
f 5577/5174/5574 472/2212/472 5578/5175/5575
f 2934/5173/2934 2935/259/2935 171/220/171
f 2934/5173/2934 5576/5172/5573 2935/259/2935
f 5576/5172/5573 691/5168/691 2935/259/2935
f 5575/5170/5572 1814/262/1814 692/5159/692
f 5575/5170/5572 1813/5169/1813 1814/262/1814
f 1813/5169/1813 69/260/69 1814/262/1814
f 5573/5165/5570 5575/5170/5572 692/5159/692
f 5573/5165/5570 5574/5167/5571 5575/5170/5572
f 5574/5167/5571 691/5168/691 5575/5170/5572
f 1706/5166/1706 2936/5161/2936 172/224/172
f 1706/5166/1706 5573/5165/5570 2936/5161/2936
f 5573/5165/5570 692/5159/692 2936/5161/2936
f 5572/5163/5569 1815/5157/1815 693/5156/693
f 5572/5163/5569 2715/2219/2715 1815/5157/1815
f 2715/2219/2715 68/264/68 1815/5157/1815
f 5570/5160/5567 5572/5163/5569 693/5156/693
f 5570/5160/5567 5571/5162/5568 5572/5163/5569
f 5571/5162/5568 471/2217/471 5572/5163/5569
f 2936/5161/2936 2937/263/2937 172/224/172
f 2936/5161/2936 5570/5160/5567 2937/263/2937
f 5570/5160/5567 693/5156/693 2937/263/2937
f 5569/5158/5566 1816/266/1816 694/5147/694
f 5569/5158/5566 1815/5157/1815 1816/266/1816
f 1815/5157/1815 68/264/68 1816/266/1816
f 5567/5153/5564 5569/5158/5566 694/5147/694
f 5567/5153/5564 5568/5155/5565 5569/5158/5566
f 5568/5155/5565 693/5156/693 5569/5158/5566
f 1697/5154/1697 2938/5149/2938 117/5936/117
f 1697/5154/1697 5567/5153/5564 2938/5149/2938
f 5567/5153/5564 694/5147/694 2938/5149/2938
f 5566/5151/5563 1530/5938/1530 408/5939/408
f 5566/5151/5563 2714/2224/2714 1530/5938/1530
f 2714/2224/2714 7/5940/7 1530/5938/1530
f 5564/5148/5561 5566/5151/5563 408/5939/408
f 5564/5148/5561 5565/5150/5562 5566/5151/5563
f 5565/5150/5562 470/2222/470 5566/5151/5563
f 2938/5149/2938 2652/5941/2652 117/5936/117
f 2938/5149/2938 5564/5148/5561 2652/5941/2652
f 5564/5148/5561 408/5939/408 2652/5941/2652
f 5563/5146/5560 2652/5941/2652 408/5939/408
f 5563/5146/5560 1817/5092/1817 2652/5941/2652
f 1817/5092/1817 117/5936/117 2652/5941/2652
f 5561/5143/5558 5563/5146/5560 408/5939/408
f 5561/5143/5558 5562/5145/5559 5563/5146/5560
f 5562/5145/5559 695/5090/695 5563/5146/5560
f 1531/5144/1531 1530/5938/1530 7/5940/7
f 1531/5144/1531 5561/5143/5558 1530/5938/1530
f 5561/5143/5558 408/5939/408 1530/5938/1530
f 5560/5141/5557 1872/5095/1872 750/5094/750
f 5560/5141/5557 1819/5080/1819 1872/5095/1872
f 1819/5080/1819 173/298/173 1872/5095/1872
f 5558/5138/5555 5560/5141/5557 750/5094/750
f 5558/5138/5555 5559/5140/5556 5560/5141/5557
f 5559/5140/5556 697/5078/697 5560/5141/5557
f 1651/5139/1651 2994/297/2994 127/267/127
f 1651/5139/1651 5558/5138/5555 2994/297/2994
f 5558/5138/5555 750/5094/750 2994/297/2994
f 5557/5136/5554 1874/5083/1874 752/5082/752
f 5557/5136/5554 1821/5056/1821 1874/5083/1874
f 1821/5056/1821 174/302/174 1874/5083/1874
f 5555/5133/5552 5557/5136/5554 752/5082/752
f 5555/5133/5552 5556/5135/5553 5557/5136/5554
f 5556/5135/5553 699/5054/699 5557/5136/5554
f 1650/5134/1650 2996/301/2996 126/270/126
f 1650/5134/1650 5555/5133/5552 2996/301/2996
f 5555/5133/5552 752/5082/752 2996/301/2996
f 5554/5131/5551 1878/5059/1878 756/5058/756
f 5554/5131/5551 1824/5020/1824 1878/5059/1878
f 1824/5020/1824 176/310/176 1878/5059/1878
f 5552/5128/5549 5554/5131/5551 756/5058/756
f 5552/5128/5549 5553/5130/5550 5554/5131/5551
f 5553/5130/5550 702/5018/702 5554/5131/5551
f 1649/5129/1649 3000/309/3000 125/273/125
f 1649/5129/1649 5552/5128/5549 3000/309/3000
f 5552/5128/5549 756/5058/756 3000/309/3000
f 5551/5126/5548 1884/5023/1884 762/5022/762
f 5551/5126/5548 1828/4972/1828 1884/5023/1884
f 1828/4972/1828 179/322/179 1884/5023/1884
f 5549/5123/5546 5551/5126/5548 762/5022/762
f 5549/5123/5546 5550/5125/5547 5551/5126/5548
f 5550/5125/5547 706/4970/706 5551/5126/5548
f 1648/5124/1648 3006/321/3006 124/276/124
f 1648/5124/1648 5549/5123/5546 3006/321/3006
f 5549/5123/5546 762/5022/762 3006/321/3006
f 5548/5121/5545 1892/4975/1892 770/4974/770
f 5548/5121/5545 1833/4912/1833 1892/4975/1892
f 1833/4912/1833 183/338/183 1892/4975/1892
f 5546/5118/5543 5548/5121/5545 770/4974/770
f 5546/5118/5543 5547/5120/5544 5548/5121/5545
f 5547/5120/5544 711/4910/711 5548/5121/5545
f 1647/5119/1647 3014/337/3014 123/279/123
f 1647/5119/1647 5546/5118/5543 3014/337/3014
f 5546/5118/5543 770/4974/770 3014/337/3014
f 5545/5116/5542 1902/4915/1902 780/4914/780
f 5545/5116/5542 1839/4840/1839 1902/4915/1902
f 1839/4840/1839 188/358/188 1902/4915/1902
f 5543/5113/5540 5545/5116/5542 780/4914/780
f 5543/5113/5540 5544/5115/5541 5545/5116/5542
f 5544/5115/5541 717/4838/717 5545/5116/5542
f 1646/5114/1646 3024/357/3024 122/282/122
f 1646/5114/1646 5543/5113/5540 3024/357/3024
f 5543/5113/5540 780/4914/780 3024/357/3024
f 5542/5111/5539 1914/4843/1914 792/4842/792
f 5542/5111/5539 1846/4756/1846 1914/4843/1914
f 1846/4756/1846 194/382/194 1914/4843/1914
f 5540/5108/5537 5542/5111/5539 792/4842/792
f 5540/5108/5537 5541/5110/5538 5542/5111/5539
f 5541/5110/5538 724/4754/724 5542/5111/5539
f 1645/5109/1645 3036/381/3036 121/285/121
f 1645/5109/1645 5540/5108/5537 3036/381/3036
f 5540/5108/5537 792/4842/792 3036/381/3036
f 5539/5106/5536 1928/4759/1928 806/4758/806
f 5539/5106/5536 1854/4660/1854 1928/4759/1928
f 1854/4660/1854 201/410/201 1928/4759/1928
f 5537/5103/5534 5539/5106/5536 806/4758/806
f 5537/5103/5534 5538/5105/5535 5539/5106/5536
f 5538/5105/5535 732/4658/732 5539/5106/5536
f 1644/5104/1644 3050/409/3050 120/288/120
f 1644/5104/1644 5537/5103/5534 3050/409/3050
f 5537/5103/5534 806/4758/806 3050/409/3050
f 5536/5101/5533 1944/4663/1944 822/4662/822
f 5536/5101/5533 1863/4552/1863 1944/4663/1944
f 1863/4552/1863 209/442/209 1944/4663/1944
f 5534/5098/5531 5536/5101/5533 822/4662/822
f 5534/5098/5531 5535/5100/5532 5536/5101/5533
f 5535/5100/5532 741/4550/741 5536/5101/5533
f 1643/5099/1643 3066/441/3066 119/291/119
f 1643/5099/1643 5534/5098/5531 3066/441/3066
f 5534/5098/5531 822/4662/822 3066/441/3066
f 5533/5096/5530 1873/300/1873 751/5085/751
f 5533/5096/5530 1872/5095/1872 1873/300/1873
f 1872/5095/1872 173/298/173 1873/300/1873
f 5531/5091/5528 5533/5096/5530 751/5085/751
f 5531/5091/5528 5532/5093/5529 5533/5096/5530
f 5532/5093/5529 750/5094/750 5533/5096/5530
f 1817/5092/1817 2995/5087/2995 117/5936/117
f 1817/5092/1817 5531/5091/5528 2995/5087/2995
f 5531/5091/5528 751/5085/751 2995/5087/2995
f 5530/5089/5527 2763/5937/2763 519/5935/519
f 5530/5089/5527 1818/5068/1818 2763/5937/2763
f 1818/5068/1818 116/5932/116 2763/5937/2763
f 5528/5086/5525 5530/5089/5527 519/5935/519
f 5528/5086/5525 5529/5088/5526 5530/5089/5527
f 5529/5088/5526 696/5066/696 5530/5089/5527
f 2995/5087/2995 1641/5934/1641 117/5936/117
f 2995/5087/2995 5528/5086/5525 1641/5934/1641
f 5528/5086/5525 519/5935/519 1641/5934/1641
f 5527/5084/5524 1875/304/1875 753/5073/753
f 5527/5084/5524 1874/5083/1874 1875/304/1875
f 1874/5083/1874 174/302/174 1875/304/1875
f 5525/5079/5522 5527/5084/5524 753/5073/753
f 5525/5079/5522 5526/5081/5523 5527/5084/5524
f 5526/5081/5523 752/5082/752 5527/5084/5524
f 1819/5080/1819 2997/5075/2997 173/298/173
f 1819/5080/1819 5525/5079/5522 2997/5075/2997
f 5525/5079/5522 753/5073/753 2997/5075/2997
f 5524/5077/5521 1876/5071/1876 754/5070/754
f 5524/5077/5521 1822/5044/1822 1876/5071/1876
f 1822/5044/1822 175/306/175 1876/5071/1876
f 5522/5074/5519 5524/5077/5521 754/5070/754
f 5522/5074/5519 5523/5076/5520 5524/5077/5521
f 5523/5076/5520 700/5042/700 5524/5077/5521
f 2997/5075/2997 2998/305/2998 173/298/173
f 2997/5075/2997 5522/5074/5519 2998/305/2998
f 5522/5074/5519 754/5070/754 2998/305/2998
f 5521/5072/5518 1877/308/1877 755/5061/755
f 5521/5072/5518 1876/5071/1876 1877/308/1877
f 1876/5071/1876 175/306/175 1877/308/1877
f 5519/5067/5516 5521/5072/5518 755/5061/755
f 5519/5067/5516 5520/5069/5517 5521/5072/5518
f 5520/5069/5517 754/5070/754 5521/5072/5518
f 1818/5068/1818 2999/5063/2999 116/5932/116
f 1818/5068/1818 5519/5067/5516 2999/5063/2999
f 5519/5067/5516 755/5061/755 2999/5063/2999
f 5518/5065/5515 2762/5933/2762 518/5931/518
f 5518/5065/5515 1820/5032/1820 2762/5933/2762
f 1820/5032/1820 115/5928/115 2762/5933/2762
f 5516/5062/5513 5518/5065/5515 518/5931/518
f 5516/5062/5513 5517/5064/5514 5518/5065/5515
f 5517/5064/5514 698/5030/698 5518/5065/5515
f 2999/5063/2999 1640/5930/1640 116/5932/116
f 2999/5063/2999 5516/5062/5513 1640/5930/1640
f 5516/5062/5513 518/5931/518 1640/5930/1640
f 5515/5060/5512 1879/312/1879 757/5049/757
f 5515/5060/5512 1878/5059/1878 1879/312/1879
f 1878/5059/1878 176/310/176 1879/312/1879
f 5513/5055/5510 5515/5060/5512 757/5049/757
f 5513/5055/5510 5514/5057/5511 5515/5060/5512
f 5514/5057/5511 756/5058/756 5515/5060/5512
f 1821/5056/1821 3001/5051/3001 174/302/174
f 1821/5056/1821 5513/5055/5510 3001/5051/3001
f 5513/5055/5510 757/5049/757 3001/5051/3001
f 5512/5053/5509 1880/5047/1880 758/5046/758
f 5512/5053/5509 1825/5008/1825 1880/5047/1880
f 1825/5008/1825 177/314/177 1880/5047/1880
f 5510/5050/5507 5512/5053/5509 758/5046/758
f 5510/5050/5507 5511/5052/5508 5512/5053/5509
f 5511/5052/5508 703/5006/703 5512/5053/5509
f 3001/5051/3001 3002/313/3002 174/302/174
f 3001/5051/3001 5510/5050/5507 3002/313/3002
f 5510/5050/5507 758/5046/758 3002/313/3002
f 5509/5048/5506 1881/316/1881 759/5037/759
f 5509/5048/5506 1880/5047/1880 1881/316/1881
f 1880/5047/1880 177/314/177 1881/316/1881
f 5507/5043/5504 5509/5048/5506 759/5037/759
f 5507/5043/5504 5508/5045/5505 5509/5048/5506
f 5508/5045/5505 758/5046/758 5509/5048/5506
f 1822/5044/1822 3003/5039/3003 175/306/175
f 1822/5044/1822 5507/5043/5504 3003/5039/3003
f 5507/5043/5504 759/5037/759 3003/5039/3003
f 5506/5041/5503 1882/5035/1882 760/5034/760
f 5506/5041/5503 1826/4996/1826 1882/5035/1882
f 1826/4996/1826 178/318/178 1882/5035/1882
f 5504/5038/5501 5506/5041/5503 760/5034/760
f 5504/5038/5501 5505/5040/5502 5506/5041/5503
f 5505/5040/5502 704/4994/704 5506/5041/5503
f 3003/5039/3003 3004/317/3004 175/306/175
f 3003/5039/3003 5504/5038/5501 3004/317/3004
f 5504/5038/5501 760/5034/760 3004/317/3004
f 5503/5036/5500 1883/320/1883 761/5025/761
f 5503/5036/5500 1882/5035/1882 1883/320/1883
f 1882/5035/1882 178/318/178 1883/320/1883
f 5501/5031/5498 5503/5036/5500 761/5025/761
f 5501/5031/5498 5502/5033/5499 5503/5036/5500
f 5502/5033/5499 760/5034/760 5503/5036/5500
f 1820/5032/1820 3005/5027/3005 115/5928/115
f 1820/5032/1820 5501/5031/5498 3005/5027/3005
f 5501/5031/5498 761/5025/761 3005/5027/3005
f 5500/5029/5497 2761/5929/2761 517/5927/517
f 5500/5029/5497 1823/4984/1823 2761/5929/2761
f 1823/4984/1823 114/5924/114 2761/5929/2761
f 5498/5026/5495 5500/5029/5497 517/5927/517
f 5498/5026/5495 5499/5028/5496 5500/5029/5497
f 5499/5028/5496 701/4982/701 5500/5029/5497
f 3005/5027/3005 1639/5926/1639 115/5928/115
f 3005/5027/3005 5498/5026/5495 1639/5926/1639
f 5498/5026/5495 517/5927/517 1639/5926/1639
f 5497/5024/5494 1885/324/1885 763/5013/763
f 5497/5024/5494 1884/5023/1884 1885/324/1885
f 1884/5023/1884 179/322/179 1885/324/1885
f 5495/5019/5492 5497/5024/5494 763/5013/763
f 5495/5019/5492 5496/5021/5493 5497/5024/5494
f 5496/5021/5493 762/5022/762 5497/5024/5494
f 1824/5020/1824 3007/5015/3007 176/310/176
f 1824/5020/1824 5495/5019/5492 3007/5015/3007
f 5495/5019/5492 763/5013/763 3007/5015/3007
f 5494/5017/5491 1886/5011/1886 764/5010/764
f 5494/5017/5491 1829/4960/1829 1886/5011/1886
f 1829/4960/1829 180/326/180 1886/5011/1886
f 5492/5014/5489 5494/5017/5491 764/5010/764
f 5492/5014/5489 5493/5016/5490 5494/5017/5491
f 5493/5016/5490 707/4958/707 5494/5017/5491
f 3007/5015/3007 3008/325/3008 176/310/176
f 3007/5015/3007 5492/5014/5489 3008/325/3008
f 5492/5014/5489 764/5010/764 3008/325/3008
f 5491/5012/5488 1887/328/1887 765/5001/765
f 5491/5012/5488 1886/5011/1886 1887/328/1887
f 1886/5011/1886 180/326/180 1887/328/1887
f 5489/5007/5486 5491/5012/5488 765/5001/765
f 5489/5007/5486 5490/5009/5487 5491/5012/5488
f 5490/5009/5487 764/5010/764 5491/5012/5488
f 1825/5008/1825 3009/5003/3009 177/314/177
f 1825/5008/1825 5489/5007/5486 3009/5003/3009
f 5489/5007/5486 765/5001/765 3009/5003/3009
f 5488/5005/5485 1888/4999/1888 766/4998/766
f 5488/5005/5485 1830/4948/1830 1888/4999/1888
f 1830/4948/1830 181/330/181 1888/4999/1888
f 5486/5002/5483 5488/5005/5485 766/4998/766
f 5486/5002/5483 5487/5004/5484 5488/5005/5485
f 5487/5004/5484 708/4946/708 5488/5005/5485
f 3009/5003/3009 3010/329/3010 177/314/177
f 3009/5003/3009 5486/5002/5483 3010/329/3010
f 5486/5002/5483 766/4998/766 3010/329/3010
f 5485/5000/5482 1889/332/1889 767/4989/767
f 5485/5000/5482 1888/4999/1888 1889/332/1889
f 1888/4999/1888 181/330/181 1889/332/1889
f 5483/4995/5480 5485/5000/5482 767/4989/767
f 5483/4995/5480 5484/4997/5481 5485/5000/5482
f 5484/4997/5481 766/4998/766 5485/5000/5482
f 1826/4996/1826 3011/4991/3011 178/318/178
f 1826/4996/1826 5483/4995/5480 3011/4991/3011
f 5483/4995/5480 767/4989/767 3011/4991/3011
f 5482/4993/5479 1890/4987/1890 768/4986/768
f 5482/4993/5479 1831/4936/1831 1890/4987/1890
f 1831/4936/1831 182/334/182 1890/4987/1890
f 5480/4990/5477 5482/4993/5479 768/4986/768
f 5480/4990/5477 5481/4992/5478 5482/4993/5479
f 5481/4992/5478 709/4934/709 5482/4993/5479
f 3011/4991/3011 3012/333/3012 178/318/178
f 3011/4991/3011 5480/4990/5477 3012/333/3012
f 5480/4990/5477 768/4986/768 3012/333/3012
f 5479/4988/5476 1891/336/1891 769/4977/769
f 5479/4988/5476 1890/4987/1890 1891/336/1891
f 1890/4987/1890 182/334/182 1891/336/1891
f 5477/4983/5474 5479/4988/5476 769/4977/769
f 5477/4983/5474 5478/4985/5475 5479/4988/5476
f 5478/4985/5475 768/4986/768 5479/4988/5476
f 1823/4984/1823 3013/4979/3013 114/5924/114
f 1823/4984/1823 5477/4983/5474 3013/4979/3013
f 5477/4983/5474 769/4977/769 3013/4979/3013
f 5476/4981/5473 2760/5925/2760 516/5923/516
f 5476/4981/5473 1827/4924/1827 2760/5925/2760
f 1827/4924/1827 113/5920/113 2760/5925/2760
f 5474/4978/5471 5476/4981/5473 516/5923/516
f 5474/4978/5471 5475/4980/5472 5476/4981/5473
f 5475/4980/5472 705/4922/705 5476/4981/5473
f 3013/4979/3013 1638/5922/1638 114/5924/114
f 3013/4979/3013 5474/4978/5471 1638/5922/1638
f 5474/4978/5471 516/5923/516 1638/5922/1638
f 5473/4976/5470 1893/340/1893 771/4965/771
f 5473/4976/5470 1892/4975/1892 1893/340/1893
f 1892/4975/1892 183/338/183 1893/340/1893
f 5471/4971/5468 5473/4976/5470 771/4965/771
f 5471/4971/5468 5472/4973/5469 5473/4976/5470
f 5472/4973/5469 770/4974/770 5473/4976/5470
f 1828/4972/1828 3015/4967/3015 179/322/179
f 1828/4972/1828 5471/4971/5468 3015/4967/3015
f 5471/4971/5468 771/4965/771 3015/4967/3015
f 5470/4969/5467 1894/4963/1894 772/4962/772
f 5470/4969/5467 1834/4900/1834 1894/4963/1894
f 1834/4900/1834 184/342/184 1894/4963/1894
f 5468/4966/5465 5470/4969/5467 772/4962/772
f 5468/4966/5465 5469/4968/5466 5470/4969/5467
f 5469/4968/5466 712/4898/712 5470/4969/5467
f 3015/4967/3015 3016/341/3016 179/322/179
f 3015/4967/3015 5468/4966/5465 3016/341/3016
f 5468/4966/5465 772/4962/772 3016/341/3016
f 5467/4964/5464 1895/344/1895 773/4953/773
f 5467/4964/5464 1894/4963/1894 1895/344/1895
f 1894/4963/1894 184/342/184 1895/344/1895
f 5465/4959/5462 5467/4964/5464 773/4953/773
f 5465/4959/5462 5466/4961/5463 5467/4964/5464
f 5466/4961/5463 772/4962/772 5467/4964/5464
f 1829/4960/1829 3017/4955/3017 180/326/180
f 1829/4960/1829 5465/4959/5462 3017/4955/3017
f 5465/4959/5462 773/4953/773 3017/4955/3017
f 5464/4957/5461 1896/4951/1896 774/4950/774
f 5464/4957/5461 1835/4888/1835 1896/4951/1896
f 1835/4888/1835 185/346/185 1896/4951/1896
f 5462/4954/5459 5464/4957/5461 774/4950/774
f 5462/4954/5459 5463/4956/5460 5464/4957/5461
f 5463/4956/5460 713/4886/713 5464/4957/5461
f 3017/4955/3017 3018/345/3018 180/326/180
f 3017/4955/3017 5462/4954/5459 3018/345/3018
f 5462/4954/5459 774/4950/774 3018/345/3018
f 5461/4952/5458 1897/348/1897 775/4941/775
f 5461/4952/5458 1896/4951/1896 1897/348/1897
f 1896/4951/1896 185/346/185 1897/348/1897
f 5459/4947/5456 5461/4952/5458 775/4941/775
f 5459/4947/5456 5460/4949/5457 5461/4952/5458
f 5460/4949/5457 774/4950/774 5461/4952/5458
f 1830/4948/1830 3019/4943/3019 181/330/181
f 1830/4948/1830 5459/4947/5456 3019/4943/3019
f 5459/4947/5456 775/4941/775 3019/4943/3019
f 5458/4945/5455 1898/4939/1898 776/4938/776
f 5458/4945/5455 1836/4876/1836 1898/4939/1898
f 1836/4876/1836 186/350/186 1898/4939/1898
f 5456/4942/5453 5458/4945/5455 776/4938/776
f 5456/4942/5453 5457/4944/5454 5458/4945/5455
f 5457/4944/5454 714/4874/714 5458/4945/5455
f 3019/4943/3019 3020/349/3020 181/330/181
f 3019/4943/3019 5456/4942/5453 3020/349/3020
f 5456/4942/5453 776/4938/776 3020/349/3020
f 5455/4940/5452 1899/352/1899 777/4929/777
f 5455/4940/5452 1898/4939/1898 1899/352/1899
f 1898/4939/1898 186/350/186 1899/352/1899
f 5453/4935/5450 5455/4940/5452 777/4929/777
f 5453/4935/5450 5454/4937/5451 5455/4940/5452
f 5454/4937/5451 776/4938/776 5455/4940/5452
f 1831/4936/1831 3021/4931/3021 182/334/182
f 1831/4936/1831 5453/4935/5450 3021/4931/3021
f 5453/4935/5450 777/4929/777 3021/4931/3021
f 5452/4933/5449 1900/4927/1900 778/4926/778
f 5452/4933/5449 1837/4864/1837 1900/4927/1900
f 1837/4864/1837 187/354/187 1900/4927/1900
f 5450/4930/5447 5452/4933/5449 778/4926/778
f 5450/4930/5447 5451/4932/5448 5452/4933/5449
f 5451/4932/5448 715/4862/715 5452/4933/5449
f 3021/4931/3021 3022/353/3022 182/334/182
f 3021/4931/3021 5450/4930/5447 3022/353/3022
f 5450/4930/5447 778/4926/778 3022/353/3022
f 5449/4928/5446 1901/356/1901 779/4917/779
f 5449/4928/5446 1900/4927/1900 1901/356/1901
f 1900/4927/1900 187/354/187 1901/356/1901
f 5447/4923/5444 5449/4928/5446 779/4917/779
f 5447/4923/5444 5448/4925/5445 5449/4928/5446
f 5448/4925/5445 778/4926/778 5449/4928/5446
f 1827/4924/1827 3023/4919/3023 113/5920/113
f 1827/4924/1827 5447/4923/5444 3023/4919/3023
f 5447/4923/5444 779/4917/779 3023/4919/3023
f 5446/4921/5443 2759/5921/2759 515/5919/515
f 5446/4921/5443 1832/4852/1832 2759/5921/2759
f 1832/4852/1832 112/5916/112 2759/5921/2759
f 5444/4918/5441 5446/4921/5443 515/5919/515
f 5444/4918/5441 5445/4920/5442 5446/4921/5443
f 5445/4920/5442 710/4850/710 5446/4921/5443
f 3023/4919/3023 1637/5918/1637 113/5920/113
f 3023/4919/3023 5444/4918/5441 1637/5918/1637
f 5444/4918/5441 515/5919/515 1637/5918/1637
f 5443/4916/5440 1903/360/1903 781/4905/781
f 5443/4916/5440 1902/4915/1902 1903/360/1903
f 1902/4915/1902 188/358/188 1903/360/1903
f 5441/4911/5438 5443/4916/5440 781/4905/781
f 5441/4911/5438 5442/4913/5439 5443/4916/5440
f 5442/4913/5439 780/4914/780 5443/4916/5440
f 1833/4912/1833 3025/4907/3025 183/338/183
f 1833/4912/1833 5441/4911/5438 3025/4907/3025
f 5441/4911/5438 781/4905/781 3025/4907/3025
f 5440/4909/5437 1904/4903/1904 782/4902/782
f 5440/4909/5437 1840/4828/1840 1904/4903/1904
f 1840/4828/1840 189/362/189 1904/4903/1904
f 5438/4906/5435 5440/4909/5437 782/4902/782
f 5438/4906/5435 5439/4908/5436 5440/4909/5437
f 5439/4908/5436 718/4826/718 5440/4909/5437
f 3025/4907/3025 3026/361/3026 183/338/183
f 3025/4907/3025 5438/4906/5435 3026/361/3026
f 5438/4906/5435 782/4902/782 3026/361/3026
f 5437/4904/5434 1905/364/1905 783/4893/783
f 5437/4904/5434 1904/4903/1904 1905/364/1905
f 1904/4903/1904 189/362/189 1905/364/1905
f 5435/4899/5432 5437/4904/5434 783/4893/783
f 5435/4899/5432 5436/4901/5433 5437/4904/5434
f 5436/4901/5433 782/4902/782 5437/4904/5434
f 1834/4900/1834 3027/4895/3027 184/342/184
f 1834/4900/1834 5435/4899/5432 3027/4895/3027
f 5435/4899/5432 783/4893/783 3027/4895/3027
f 5434/4897/5431 1906/4891/1906 784/4890/784
f 5434/4897/5431 1841/4816/1841 1906/4891/1906
f 1841/4816/1841 190/366/190 1906/4891/1906
f 5432/4894/5429 5434/4897/5431 784/4890/784
f 5432/4894/5429 5433/4896/5430 5434/4897/5431
f 5433/4896/5430 719/4814/719 5434/4897/5431
f 3027/4895/3027 3028/365/3028 184/342/184
f 3027/4895/3027 5432/4894/5429 3028/365/3028
f 5432/4894/5429 784/4890/784 3028/365/3028
f 5431/4892/5428 1907/368/1907 785/4881/785
f 5431/4892/5428 1906/4891/1906 1907/368/1907
f 1906/4891/1906 190/366/190 1907/368/1907
f 5429/4887/5426 5431/4892/5428 785/4881/785
f 5429/4887/5426 5430/4889/5427 5431/4892/5428
f 5430/4889/5427 784/4890/784 5431/4892/5428
f 1835/4888/1835 3029/4883/3029 185/346/185
f 1835/4888/1835 5429/4887/5426 3029/4883/3029
f 5429/4887/5426 785/4881/785 3029/4883/3029
f 5428/4885/5425 1908/4879/1908 786/4878/786
f 5428/4885/5425 1842/4804/1842 1908/4879/1908
f 1842/4804/1842 191/370/191 1908/4879/1908
f 5426/4882/5423 5428/4885/5425 786/4878/786
f 5426/4882/5423 5427/4884/5424 5428/4885/5425
f 5427/4884/5424 720/4802/720 5428/4885/5425
f 3029/4883/3029 3030/369/3030 185/346/185
f 3029/4883/3029 5426/4882/5423 3030/369/3030
f 5426/4882/5423 786/4878/786 3030/369/3030
f 5425/4880/5422 1909/372/1909 787/4869/787
f 5425/4880/5422 1908/4879/1908 1909/372/1909
f 1908/4879/1908 191/370/191 1909/372/1909
f 5423/4875/5420 5425/4880/5422 787/4869/787
f 5423/4875/5420 5424/4877/5421 5425/4880/5422
f 5424/4877/5421 786/4878/786 5425/4880/5422
f 1836/4876/1836 3031/4871/3031 186/350/186
f 1836/4876/1836 5423/4875/5420 3031/4871/3031
f 5423/4875/5420 787/4869/787 3031/4871/3031
f 5422/4873/5419 1910/4867/1910 788/4866/788
f 5422/4873/5419 1843/4792/1843 1910/4867/1910
f 1843/4792/1843 192/374/192 1910/4867/1910
f 5420/4870/5417 5422/4873/5419 788/4866/788
f 5420/4870/5417 5421/4872/5418 5422/4873/5419
f 5421/4872/5418 721/4790/721 5422/4873/5419
f 3031/4871/3031 3032/373/3032 186/350/186
f 3031/4871/3031 5420/4870/5417 3032/373/3032
f 5420/4870/5417 788/4866/788 3032/373/3032
f 5419/4868/5416 1911/376/1911 789/4857/789
f 5419/4868/5416 1910/4867/1910 1911/376/1911
f 1910/4867/1910 192/374/192 1911/376/1911
f 5417/4863/5414 5419/4868/5416 789/4857/789
f 5417/4863/5414 5418/4865/5415 5419/4868/5416
f 5418/4865/5415 788/4866/788 5419/4868/5416
f 1837/4864/1837 3033/4859/3033 187/354/187
f 1837/4864/1837 5417/4863/5414 3033/4859/3033
f 5417/4863/5414 789/4857/789 3033/4859/3033
f 5416/4861/5413 1912/4855/1912 790/4854/790
f 5416/4861/5413 1844/4780/1844 1912/4855/1912
f 1844/4780/1844 193/378/193 1912/4855/1912
f 5414/4858/5411 5416/4861/5413 790/4854/790
f 5414/4858/5411 5415/4860/5412 5416/4861/5413
f 5415/4860/5412 722/4778/722 5416/4861/5413
f 3033/4859/3033 3034/377/3034 187/354/187
f 3033/4859/3033 5414/4858/5411 3034/377/3034
f 5414/4858/5411 790/4854/790 3034/377/3034
f 5413/4856/5410 1913/380/1913 791/4845/791
f 5413/4856/5410 1912/4855/1912 1913/380/1913
f 1912/4855/1912 193/378/193 1913/380/1913
f 5411/4851/5408 5413/4856/5410 791/4845/791
f 5411/4851/5408 5412/4853/5409 5413/4856/5410
f 5412/4853/5409 790/4854/790 5413/4856/5410
f 1832/4852/1832 3035/4847/3035 112/5916/112
f 1832/4852/1832 5411/4851/5408 3035/4847/3035
f 5411/4851/5408 791/4845/791 3035/4847/3035
f 5410/4849/5407 2758/5917/2758 514/5915/514
f 5410/4849/5407 1838/4768/1838 2758/5917/2758
f 1838/4768/1838 111/5912/111 2758/5917/2758
f 5408/4846/5405 5410/4849/5407 514/5915/514
f 5408/4846/5405 5409/4848/5406 5410/4849/5407
f 5409/4848/5406 716/4766/716 5410/4849/5407
f 3035/4847/3035 1636/5914/1636 112/5916/112
f 3035/4847/3035 5408/4846/5405 1636/5914/1636
f 5408/4846/5405 514/5915/514 1636/5914/1636
f 5407/4844/5404 1915/384/1915 793/4833/793
f 5407/4844/5404 1914/4843/1914 1915/384/1915
f 1914/4843/1914 194/382/194 1915/384/1915
f 5405/4839/5402 5407/4844/5404 793/4833/793
f 5405/4839/5402 5406/4841/5403 5407/4844/5404
f 5406/4841/5403 792/4842/792 5407/4844/5404
f 1839/4840/1839 3037/4835/3037 188/358/188
f 1839/4840/1839 5405/4839/5402 3037/4835/3037
f 5405/4839/5402 793/4833/793 3037/4835/3037
f 5404/4837/5401 1916/4831/1916 794/4830/794
f 5404/4837/5401 1847/4744/1847 1916/4831/1916
f 1847/4744/1847 195/386/195 1916/4831/1916
f 5402/4834/5399 5404/4837/5401 794/4830/794
f 5402/4834/5399 5403/4836/5400 5404/4837/5401
f 5403/4836/5400 725/4742/725 5404/4837/5401
f 3037/4835/3037 3038/385/3038 188/358/188
f 3037/4835/3037 5402/4834/5399 3038/385/3038
f 5402/4834/5399 794/4830/794 3038/385/3038
f 5401/4832/5398 1917/388/1917 795/4821/795
f 5401/4832/5398 1916/4831/1916 1917/388/1917
f 1916/4831/1916 195/386/195 1917/388/1917
f 5399/4827/5396 5401/4832/5398 795/4821/795
f 5399/4827/5396 5400/4829/5397 5401/4832/5398
f 5400/4829/5397 794/4830/794 5401/4832/5398
f 1840/4828/1840 3039/4823/3039 189/362/189
f 1840/4828/1840 5399/4827/5396 3039/4823/3039
f 5399/4827/5396 795/4821/795 3039/4823/3039
f 5398/4825/5395 1918/4819/1918 796/4818/796
f 5398/4825/5395 1848/4732/1848 1918/4819/1918
f 1848/4732/1848 196/390/196 1918/4819/1918
f 5396/4822/5393 5398/4825/5395 796/4818/796
f 5396/4822/5393 5397/4824/5394 5398/4825/5395
f 5397/4824/5394 726/4730/726 5398/4825/5395
f 3039/4823/3039 3040/389/3040 189/362/189
f 3039/4823/3039 5396/4822/5393 3040/389/3040
f 5396/4822/5393 796/4818/796 3040/389/3040
f 5395/4820/5392 1919/392/1919 797/4809/797
f 5395/4820/5392 1918/4819/1918 1919/392/1919
f 1918/4819/1918 196/390/196 1919/392/1919
f 5393/4815/5390 5395/4820/5392 797/4809/797
f 5393/4815/5390 5394/4817/5391 5395/4820/5392
f 5394/4817/5391 796/4818/796 5395/4820/5392
f 1841/4816/1841 3041/4811/3041 190/366/190
f 1841/4816/1841 5393/4815/5390 3041/4811/3041
f 5393/4815/5390 797/4809/797 3041/4811/3041
f 5392/4813/5389 1920/4807/1920 798/4806/798
f 5392/4813/5389 1849/4720/1849 1920/4807/1920
f 1849/4720/1849 197/394/197 1920/4807/1920
f 5390/4810/5387 5392/4813/5389 798/4806/798
f 5390/4810/5387 5391/4812/5388 5392/4813/5389
f 5391/4812/5388 727/4718/727 5392/4813/5389
f 3041/4811/3041 3042/393/3042 190/366/190
f 3041/4811/3041 5390/4810/5387 3042/393/3042
f 5390/4810/5387 798/4806/798 3042/393/3042
f 5389/4808/5386 1921/396/1921 799/4797/799
f 5389/4808/5386 1920/4807/1920 1921/396/1921
f 1920/4807/1920 197/394/197 1921/396/1921
f 5387/4803/5384 5389/4808/5386 799/4797/799
f 5387/4803/5384 5388/4805/5385 5389/4808/5386
f 5388/4805/5385 798/4806/798 5389/4808/5386
f 1842/4804/1842 3043/4799/3043 191/370/191
f 1842/4804/1842 5387/4803/5384 3043/4799/3043
f 5387/4803/5384 799/4797/799 3043/4799/3043
f 5386/4801/5383 1922/4795/1922 800/4794/800
f 5386/4801/5383 1850/4708/1850 1922/4795/1922
f 1850/4708/1850 198/398/198 1922/4795/1922
f 5384/4798/5381 5386/4801/5383 800/4794/800
f 5384/4798/5381 5385/4800/5382 5386/4801/5383
f 5385/4800/5382 728/4706/728 5386/4801/5383
f 3043/4799/3043 3044/397/3044 191/370/191
f 3043/4799/3043 5384/4798/5381 3044/397/3044
f 5384/4798/5381 800/4794/800 3044/397/3044
f 5383/4796/5380 1923/400/1923 801/4785/801
f 5383/4796/5380 1922/4795/1922 1923/400/1923
f 1922/4795/1922 198/398/198 1923/400/1923
f 5381/4791/5378 5383/4796/5380 801/4785/801
f 5381/4791/5378 5382/4793/5379 5383/4796/5380
f 5382/4793/5379 800/4794/800 5383/4796/5380
f 1843/4792/1843 3045/4787/3045 192/374/192
f 1843/4792/1843 5381/4791/5378 3045/4787/3045
f 5381/4791/5378 801/4785/801 3045/4787/3045
f 5380/4789/5377 1924/4783/1924 802/4782/802
f 5380/4789/5377 1851/4696/1851 1924/4783/1924
f 1851/4696/1851 199/402/199 1924/4783/1924
f 5378/4786/5375 5380/4789/5377 802/4782/802
f 5378/4786/5375 5379/4788/5376 5380/4789/5377
f 5379/4788/5376 729/4694/729 5380/4789/5377
f 3045/4787/3045 3046/401/3046 192/374/192
f 3045/4787/3045 5378/4786/5375 3046/401/3046
f 5378/4786/5375 802/4782/802 3046/401/3046
f 5377/4784/5374 1925/404/1925 803/4773/803
f 5377/4784/5374 1924/4783/1924 1925/404/1925
f 1924/4783/1924 199/402/199 1925/404/1925
f 5375/4779/5372 5377/4784/5374 803/4773/803
f 5375/4779/5372 5376/4781/5373 5377/4784/5374
f 5376/4781/5373 802/4782/802 5377/4784/5374
f 1844/4780/1844 3047/4775/3047 193/378/193
f 1844/4780/1844 5375/4779/5372 3047/4775/3047
f 5375/4779/5372 803/4773/803 3047/4775/3047
f 5374/4777/5371 1926/4771/1926 804/4770/804
f 5374/4777/5371 1852/4684/1852 1926/4771/1926
f 1852/4684/1852 200/406/200 1926/4771/1926
f 5372/4774/5369 5374/4777/5371 804/4770/804
f 5372/4774/5369 5373/4776/5370 5374/4777/5371
f 5373/4776/5370 730/4682/730 5374/4777/5371
f 3047/4775/3047 3048/405/3048 193/378/193
f 3047/4775/3047 5372/4774/5369 3048/405/3048
f 5372/4774/5369 804/4770/804 3048/405/3048
f 5371/4772/5368 1927/408/1927 805/4761/805
f 5371/4772/5368 1926/4771/1926 1927/408/1927
f 1926/4771/1926 200/406/200 1927/408/1927
f 5369/4767/5366 5371/4772/5368 805/4761/805
f 5369/4767/5366 5370/4769/5367 5371/4772/5368
f 5370/4769/5367 804/4770/804 5371/4772/5368
f 1838/4768/1838 3049/4763/3049 111/5912/111
f 1838/4768/1838 5369/4767/5366 3049/4763/3049
f 5369/4767/5366 805/4761/805 3049/4763/3049
f 5368/4765/5365 2757/5913/2757 513/5911/513
f 5368/4765/5365 1845/4672/1845 2757/5913/2757
f 1845/4672/1845 110/5908/110 2757/5913/2757
f 5366/4762/5363 5368/4765/5365 513/5911/513
f 5366/4762/5363 5367/4764/5364 5368/4765/5365
f 5367/4764/5364 723/4670/723 5368/4765/5365
f 3049/4763/3049 1635/5910/1635 111/5912/111
f 3049/4763/3049 5366/4762/5363 1635/5910/1635
f 5366/4762/5363 513/5911/513 1635/5910/1635
f 5365/4760/5362 1929/412/1929 807/4749/807
f 5365/4760/5362 1928/4759/1928 1929/412/1929
f 1928/4759/1928 201/410/201 1929/412/1929
f 5363/4755/5360 5365/4760/5362 807/4749/807
f 5363/4755/5360 5364/4757/5361 5365/4760/5362
f 5364/4757/5361 806/4758/806 5365/4760/5362
f 1846/4756/1846 3051/4751/3051 194/382/194
f 1846/4756/1846 5363/4755/5360 3051/4751/3051
f 5363/4755/5360 807/4749/807 3051/4751/3051
f 5362/4753/5359 1930/4747/1930 808/4746/808
f 5362/4753/5359 1855/4648/1855 1930/4747/1930
f 1855/4648/1855 202/414/202 1930/4747/1930
f 5360/4750/5357 5362/4753/5359 808/4746/808
f 5360/4750/5357 5361/4752/5358 5362/4753/5359
f 5361/4752/5358 733/4646/733 5362/4753/5359
f 3051/4751/3051 3052/413/3052 194/382/194
f 3051/4751/3051 5360/4750/5357 3052/413/3052
f 5360/4750/5357 808/4746/808 3052/413/3052
f 5359/4748/5356 1931/416/1931 809/4737/809
f 5359/4748/5356 1930/4747/1930 1931/416/1931
f 1930/4747/1930 202/414/202 1931/416/1931
f 5357/4743/5354 5359/4748/5356 809/4737/809
f 5357/4743/5354 5358/4745/5355 5359/4748/5356
f 5358/4745/5355 808/4746/808 5359/4748/5356
f 1847/4744/1847 3053/4739/3053 195/386/195
f 1847/4744/1847 5357/4743/5354 3053/4739/3053
f 5357/4743/5354 809/4737/809 3053/4739/3053
f 5356/4741/5353 1932/4735/1932 810/4734/810
f 5356/4741/5353 1856/4636/1856 1932/4735/1932
f 1856/4636/1856 203/418/203 1932/4735/1932
f 5354/4738/5351 5356/4741/5353 810/4734/810
f 5354/4738/5351 5355/4740/5352 5356/4741/5353
f 5355/4740/5352 734/4634/734 5356/4741/5353
f 3053/4739/3053 3054/417/3054 195/386/195
f 3053/4739/3053 5354/4738/5351 3054/417/3054
f 5354/4738/5351 810/4734/810 3054/417/3054
f 5353/4736/5350 1933/420/1933 811/4725/811
f 5353/4736/5350 1932/4735/1932 1933/420/1933
f 1932/4735/1932 203/418/203 1933/420/1933
f 5351/4731/5348 5353/4736/5350 811/4725/811
f 5351/4731/5348 5352/4733/5349 5353/4736/5350
f 5352/4733/5349 810/4734/810 5353/4736/5350
f 1848/4732/1848 3055/4727/3055 196/390/196
f 1848/4732/1848 5351/4731/5348 3055/4727/3055
f 5351/4731/5348 811/4725/811 3055/4727/3055
f 5350/4729/5347 1934/4723/1934 812/4722/812
f 5350/4729/5347 1857/4624/1857 1934/4723/1934
f 1857/4624/1857 204/422/204 1934/4723/1934
f 5348/4726/5345 5350/4729/5347 812/4722/812
f 5348/4726/5345 5349/4728/5346 5350/4729/5347
f 5349/4728/5346 735/4622/735 5350/4729/5347
f 3055/4727/3055 3056/421/3056 196/390/196
f 3055/4727/3055 5348/4726/5345 3056/421/3056
f 5348/4726/5345 812/4722/812 3056/421/3056
f 5347/4724/5344 1935/424/1935 813/4713/813
f 5347/4724/5344 1934/4723/1934 1935/424/1935
f 1934/4723/1934 204/422/204 1935/424/1935
f 5345/4719/5342 5347/4724/5344 813/4713/813
f 5345/4719/5342 5346/4721/5343 5347/4724/5344
f 5346/4721/5343 812/4722/812 5347/4724/5344
f 1849/4720/1849 3057/4715/3057 197/394/197
f 1849/4720/1849 5345/4719/5342 3057/4715/3057
f 5345/4719/5342 813/4713/813 3057/4715/3057
f 5344/4717/5341 1936/4711/1936 814/4710/814
f 5344/4717/5341 1858/4612/1858 1936/4711/1936
f 1858/4612/1858 205/426/205 1936/4711/1936
f 5342/4714/5339 5344/4717/5341 814/4710/814
f 5342/4714/5339 5343/4716/5340 5344/4717/5341
f 5343/4716/5340 736/4610/736 5344/4717/5341
f 3057/4715/3057 3058/425/3058 197/394/197
f 3057/4715/3057 5342/4714/5339 3058/425/3058
f 5342/4714/5339 814/4710/814 3058/425/3058
f 5341/4712/5338 1937/428/1937 815/4701/815
f 5341/4712/5338 1936/4711/1936 1937/428/1937
f 1936/4711/1936 205/426/205 1937/428/1937
f 5339/4707/5336 5341/4712/5338 815/4701/815
f 5339/4707/5336 5340/4709/5337 5341/4712/5338
f 5340/4709/5337 814/4710/814 5341/4712/5338
f 1850/4708/1850 3059/4703/3059 198/398/198
f 1850/4708/1850 5339/4707/5336 3059/4703/3059
f 5339/4707/5336 815/4701/815 3059/4703/3059
f 5338/4705/5335 1938/4699/1938 816/4698/816
f 5338/4705/5335 1859/4600/1859 1938/4699/1938
f 1859/4600/1859 206/430/206 1938/4699/1938
f 5336/4702/5333 5338/4705/5335 816/4698/816
f 5336/4702/5333 5337/4704/5334 5338/4705/5335
f 5337/4704/5334 737/4598/737 5338/4705/5335
f 3059/4703/3059 3060/429/3060 198/398/198
f 3059/4703/3059 5336/4702/5333 3060/429/3060
f 5336/4702/5333 816/4698/816 3060/429/3060
f 5335/4700/5332 1939/432/1939 817/4689/817
f 5335/4700/5332 1938/4699/1938 1939/432/1939
f 1938/4699/1938 206/430/206 1939/432/1939
f 5333/4695/5330 5335/4700/5332 817/4689/817
f 5333/4695/5330 5334/4697/5331 5335/4700/5332
f 5334/4697/5331 816/4698/816 5335/4700/5332
f 1851/4696/1851 3061/4691/3061 199/402/199
f 1851/4696/1851 5333/4695/5330 3061/4691/3061
f 5333/4695/5330 817/4689/817 3061/4691/3061
f 5332/4693/5329 1940/4687/1940 818/4686/818
f 5332/4693/5329 1860/4588/1860 1940/4687/1940
f 1860/4588/1860 207/434/207 1940/4687/1940
f 5330/4690/5327 5332/4693/5329 818/4686/818
f 5330/4690/5327 5331/4692/5328 5332/4693/5329
f 5331/4692/5328 738/4586/738 5332/4693/5329
f 3061/4691/3061 3062/433/3062 199/402/199
f 3061/4691/3061 5330/4690/5327 3062/433/3062
f 5330/4690/5327 818/4686/818 3062/433/3062
f 5329/4688/5326 1941/436/1941 819/4677/819
f 5329/4688/5326 1940/4687/1940 1941/436/1941
f 1940/4687/1940 207/434/207 1941/436/1941
f 5327/4683/5324 5329/4688/5326 819/4677/819
f 5327/4683/5324 5328/4685/5325 5329/4688/5326
f 5328/4685/5325 818/4686/818 5329/4688/5326
f 1852/4684/1852 3063/4679/3063 200/406/200
f 1852/4684/1852 5327/4683/5324 3063/4679/3063
f 5327/4683/5324 819/4677/819 3063/4679/3063
f 5326/4681/5323 1942/4675/1942 820/4674/820
f 5326/4681/5323 1861/4576/1861 1942/4675/1942
f 1861/4576/1861 208/438/208 1942/4675/1942
f 5324/4678/5321 5326/4681/5323 820/4674/820
f 5324/4678/5321 5325/4680/5322 5326/4681/5323
f 5325/4680/5322 739/4574/739 5326/4681/5323
f 3063/4679/3063 3064/437/3064 200/406/200
f 3063/4679/3063 5324/4678/5321 3064/437/3064
f 5324/4678/5321 820/4674/820 3064/437/3064
f 5323/4676/5320 1943/440/1943 821/4665/821
f 5323/4676/5320 1942/4675/1942 1943/440/1943
f 1942/4675/1942 208/438/208 1943/440/1943
f 5321/4671/5318 5323/4676/5320 821/4665/821
f 5321/4671/5318 5322/4673/5319 5323/4676/5320
f 5322/4673/5319 820/4674/820 5323/4676/5320
f 1845/4672/1845 3065/4667/3065 110/5908/110
f 1845/4672/1845 5321/4671/5318 3065/4667/3065
f 5321/4671/5318 821/4665/821 3065/4667/3065
f 5320/4669/5317 2756/5909/2756 512/5907/512
f 5320/4669/5317 1853/4564/1853 2756/5909/2756
f 1853/4564/1853 109/5904/109 2756/5909/2756
f 5318/4666/5315 5320/4669/5317 512/5907/512
f 5318/4666/5315 5319/4668/5316 5320/4669/5317
f 5319/4668/5316 731/4562/731 5320/4669/5317
f 3065/4667/3065 1634/5906/1634 110/5908/110
f 3065/4667/3065 5318/4666/5315 1634/5906/1634
f 5318/4666/5315 512/5907/512 1634/5906/1634
f 5317/4664/5314 1945/444/1945 823/4653/823
f 5317/4664/5314 1944/4663/1944 1945/444/1945
f 1944/4663/1944 209/442/209 1945/444/1945
f 5315/4659/5312 5317/4664/5314 823/4653/823
f 5315/4659/5312 5316/4661/5313 5317/4664/5314
f 5316/4661/5313 822/4662/822 5317/4664/5314
f 1854/4660/1854 3067/4655/3067 201/410/201
f 1854/4660/1854 5315/4659/5312 3067/4655/3067
f 5315/4659/5312 823/4653/823 3067/4655/3067
f 5314/4657/5311 1946/4651/1946 824/4650/824
f 5314/4657/5311 1864/4538/1864 1946/4651/1946
f 1864/4538/1864 210/446/210 1946/4651/1946
f 5312/4654/5309 5314/4657/5311 824/4650/824
f 5312/4654/5309 5313/4656/5310 5314/4657/5311
f 5313/4656/5310 742/4536/742 5314/4657/5311
f 3067/4655/3067 3068/445/3068 201/410/201
f 3067/4655/3067 5312/4654/5309 3068/445/3068
f 5312/4654/5309 824/4650/824 3068/445/3068
f 5311/4652/5308 1947/448/1947 825/4641/825
f 5311/4652/5308 1946/4651/1946 1947/448/1947
f 1946/4651/1946 210/446/210 1947/448/1947
f 5309/4647/5306 5311/4652/5308 825/4641/825
f 5309/4647/5306 5310/4649/5307 5311/4652/5308
f 5310/4649/5307 824/4650/824 5311/4652/5308
f 1855/4648/1855 3069/4643/3069 202/414/202
f 1855/4648/1855 5309/4647/5306 3069/4643/3069
f 5309/4647/5306 825/4641/825 3069/4643/3069
f 5308/4645/5305 1948/4639/1948 826/4638/826
f 5308/4645/5305 1865/4524/1865 1948/4639/1948
f 1865/4524/1865 211/450/211 1948/4639/1948
f 5306/4642/5303 5308/4645/5305 826/4638/826
f 5306/4642/5303 5307/4644/5304 5308/4645/5305
f 5307/4644/5304 743/4522/743 5308/4645/5305
f 3069/4643/3069 3070/449/3070 202/414/202
f 3069/4643/3069 5306/4642/5303 3070/449/3070
f 5306/4642/5303 826/4638/826 3070/449/3070
f 5305/4640/5302 1949/452/1949 827/4629/827
f 5305/4640/5302 1948/4639/1948 1949/452/1949
f 1948/4639/1948 211/450/211 1949/452/1949
f 5303/4635/5300 5305/4640/5302 827/4629/827
f 5303/4635/5300 5304/4637/5301 5305/4640/5302
f 5304/4637/5301 826/4638/826 5305/4640/5302
f 1856/4636/1856 3071/4631/3071 203/418/203
f 1856/4636/1856 5303/4635/5300 3071/4631/3071
f 5303/4635/5300 827/4629/827 3071/4631/3071
f 5302/4633/5299 1950/4627/1950 828/4626/828
f 5302/4633/5299 1866/4510/1866 1950/4627/1950
f 1866/4510/1866 212/454/212 1950/4627/1950
f 5300/4630/5297 5302/4633/5299 828/4626/828
f 5300/4630/5297 5301/4632/5298 5302/4633/5299
f 5301/4632/5298 744/4508/744 5302/4633/5299
f 3071/4631/3071 3072/453/3072 203/418/203
f 3071/4631/3071 5300/4630/5297 3072/453/3072
f 5300/4630/5297 828/4626/828 3072/453/3072
f 5299/4628/5296 1951/456/1951 829/4617/829
f 5299/4628/5296 1950/4627/1950 1951/456/1951
f 1950/4627/1950 212/454/212 1951/456/1951
f 5297/4623/5294 5299/4628/5296 829/4617/829
f 5297/4623/5294 5298/4625/5295 5299/4628/5296
f 5298/4625/5295 828/4626/828 5299/4628/5296
f 1857/4624/1857 3073/4619/3073 204/422/204
f 1857/4624/1857 5297/4623/5294 3073/4619/3073
f 5297/4623/5294 829/4617/829 3073/4619/3073
f 5296/4621/5293 1952/4615/1952 830/4614/830
f 5296/4621/5293 1867/4496/1867 1952/4615/1952
f 1867/4496/1867 213/458/213 1952/4615/1952
f 5294/4618/5291 5296/4621/5293 830/4614/830
f 5294/4618/5291 5295/4620/5292 5296/4621/5293
f 5295/4620/5292 745/4494/745 5296/4621/5293
f 3073/4619/3073 3074/457/3074 204/422/204
f 3073/4619/3073 5294/4618/5291 3074/457/3074
f 5294/4618/5291 830/4614/830 3074/457/3074
f 5293/4616/5290 1953/460/1953 831/4605/831
f 5293/4616/5290 1952/4615/1952 1953/460/1953
f 1952/4615/1952 213/458/213 1953/460/1953
f 5291/4611/5288 5293/4616/5290 831/4605/831
f 5291/4611/5288 5292/4613/5289 5293/4616/5290
f 5292/4613/5289 830/4614/830 5293/4616/5290
f 1858/4612/1858 3075/4607/3075 205/426/205
f 1858/4612/1858 5291/4611/5288 3075/4607/3075
f 5291/4611/5288 831/4605/831 3075/4607/3075
f 5290/4609/5287 1954/4603/1954 832/4602/832
f 5290/4609/5287 1868/4482/1868 1954/4603/1954
f 1868/4482/1868 214/462/214 1954/4603/1954
f 5288/4606/5285 5290/4609/5287 832/4602/832
f 5288/4606/5285 5289/4608/5286 5290/4609/5287
f 5289/4608/5286 746/4480/746 5290/4609/5287
f 3075/4607/3075 3076/461/3076 205/426/205
f 3075/4607/3075 5288/4606/5285 3076/461/3076
f 5288/4606/5285 832/4602/832 3076/461/3076
f 5287/4604/5284 1955/464/1955 833/4593/833
f 5287/4604/5284 1954/4603/1954 1955/464/1955
f 1954/4603/1954 214/462/214 1955/464/1955
f 5285/4599/5282 5287/4604/5284 833/4593/833
f 5285/4599/5282 5286/4601/5283 5287/4604/5284
f 5286/4601/5283 832/4602/832 5287/4604/5284
f 1859/4600/1859 3077/4595/3077 206/430/206
f 1859/4600/1859 5285/4599/5282 3077/4595/3077
f 5285/4599/5282 833/4593/833 3077/4595/3077
f 5284/4597/5281 1956/4591/1956 834/4590/834
f 5284/4597/5281 1869/4468/1869 1956/4591/1956
f 1869/4468/1869 215/466/215 1956/4591/1956
f 5282/4594/5279 5284/4597/5281 834/4590/834
f 5282/4594/5279 5283/4596/5280 5284/4597/5281
f 5283/4596/5280 747/4466/747 5284/4597/5281
f 3077/4595/3077 3078/465/3078 206/430/206
f 3077/4595/3077 5282/4594/5279 3078/465/3078
f 5282/4594/5279 834/4590/834 3078/465/3078
f 5281/4592/5278 1957/468/1957 835/4581/835
f 5281/4592/5278 1956/4591/1956 1957/468/1957
f 1956/4591/1956 215/466/215 1957/468/1957
f 5279/4587/5276 5281/4592/5278 835/4581/835
f 5279/4587/5276 5280/4589/5277 5281/4592/5278
f 5280/4589/5277 834/4590/834 5281/4592/5278
f 1860/4588/1860 3079/4583/3079 207/434/207
f 1860/4588/1860 5279/4587/5276 3079/4583/3079
f 5279/4587/5276 835/4581/835 3079/4583/3079
f 5278/4585/5275 1958/4579/1958 836/4578/836
f 5278/4585/5275 1870/4454/1870 1958/4579/1958
f 1870/4454/1870 216/470/216 1958/4579/1958
f 5276/4582/5273 5278/4585/5275 836/4578/836
f 5276/4582/5273 5277/4584/5274 5278/4585/5275
f 5277/4584/5274 748/4452/748 5278/4585/5275
f 3079/4583/3079 3080/469/3080 207/434/207
f 3079/4583/3079 5276/4582/5273 3080/469/3080
f 5276/4582/5273 836/4578/836 3080/469/3080
f 5275/4580/5272 1959/472/1959 837/4569/837
f 5275/4580/5272 1958/4579/1958 1959/472/1959
f 1958/4579/1958 216/470/216 1959/472/1959
f 5273/4575/5270 5275/4580/5272 837/4569/837
f 5273/4575/5270 5274/4577/5271 5275/4580/5272
f 5274/4577/5271 836/4578/836 5275/4580/5272
f 1861/4576/1861 3081/4571/3081 208/438/208
f 1861/4576/1861 5273/4575/5270 3081/4571/3081
f 5273/4575/5270 837/4569/837 3081/4571/3081
f 5272/4573/5269 1960/4567/1960 838/4566/838
f 5272/4573/5269 1871/4440/1871 1960/4567/1960
f 1871/4440/1871 217/474/217 1960/4567/1960
f 5270/4570/5267 5272/4573/5269 838/4566/838
f 5270/4570/5267 5271/4572/5268 5272/4573/5269
f 5271/4572/5268 749/4438/749 5272/4573/5269
f 3081/4571/3081 3082/473/3082 208/438/208
f 3081/4571/3081 5270/4570/5267 3082/473/3082
f 5270/4570/5267 838/4566/838 3082/473/3082
f 5269/4568/5266 1961/476/1961 839/4557/839
f 5269/4568/5266 1960/4567/1960 1961/476/1961
f 1960/4567/1960 217/474/217 1961/476/1961
f 5267/4563/5264 5269/4568/5266 839/4557/839
f 5267/4563/5264 5268/4565/5265 5269/4568/5266
f 5268/4565/5265 838/4566/838 5269/4568/5266
f 1853/4564/1853 3083/4559/3083 109/5904/109
f 1853/4564/1853 5267/4563/5264 3083/4559/3083
f 5267/4563/5264 839/4557/839 3083/4559/3083
f 5266/4561/5263 2755/5905/2755 511/5903/511
f 5266/4561/5263 1862/4426/1862 2755/5905/2755
f 1862/4426/1862 108/5899/108 2755/5905/2755
f 5264/4558/5261 5266/4561/5263 511/5903/511
f 5264/4558/5261 5265/4560/5262 5266/4561/5263
f 5265/4560/5262 740/4424/740 5266/4561/5263
f 3083/4559/3083 1633/5902/1633 109/5904/109
f 3083/4559/3083 5264/4558/5261 1633/5902/1633
f 5264/4558/5261 511/5903/511 1633/5902/1633
f 5263/4556/5260 1963/480/1963 841/4543/841
f 5263/4556/5260 1962/4555/1962 1963/480/1963
f 1962/4555/1962 47/478/47 1963/480/1963
f 5261/4551/5258 5263/4556/5260 841/4543/841
f 5261/4551/5258 5262/4553/5259 5263/4556/5260
f 5262/4553/5259 840/4554/840 5263/4556/5260
f 1863/4552/1863 3085/4545/3085 209/442/209
f 1863/4552/1863 5261/4551/5258 3085/4545/3085
f 5261/4551/5258 841/4543/841 3085/4545/3085
f 5260/4549/5257 1964/4541/1964 842/4540/842
f 5260/4549/5257 2693/4548/2693 1964/4541/1964
f 2693/4548/2693 46/482/46 1964/4541/1964
f 5258/4544/5255 5260/4549/5257 842/4540/842
f 5258/4544/5255 5259/4546/5256 5260/4549/5257
f 5259/4546/5256 449/4547/449 5260/4549/5257
f 3085/4545/3085 3086/481/3086 209/442/209
f 3085/4545/3085 5258/4544/5255 3086/481/3086
f 5258/4544/5255 842/4540/842 3086/481/3086
f 5257/4542/5254 1965/484/1965 843/4529/843
f 5257/4542/5254 1964/4541/1964 1965/484/1965
f 1964/4541/1964 46/482/46 1965/484/1965
f 5255/4537/5252 5257/4542/5254 843/4529/843
f 5255/4537/5252 5256/4539/5253 5257/4542/5254
f 5256/4539/5253 842/4540/842 5257/4542/5254
f 1864/4538/1864 3087/4531/3087 210/446/210
f 1864/4538/1864 5255/4537/5252 3087/4531/3087
f 5255/4537/5252 843/4529/843 3087/4531/3087
f 5254/4535/5251 1966/4527/1966 844/4526/844
f 5254/4535/5251 2692/4534/2692 1966/4527/1966
f 2692/4534/2692 45/486/45 1966/4527/1966
f 5252/4530/5249 5254/4535/5251 844/4526/844
f 5252/4530/5249 5253/4532/5250 5254/4535/5251
f 5253/4532/5250 448/4533/448 5254/4535/5251
f 3087/4531/3087 3088/485/3088 210/446/210
f 3087/4531/3087 5252/4530/5249 3088/485/3088
f 5252/4530/5249 844/4526/844 3088/485/3088
f 5251/4528/5248 1967/488/1967 845/4515/845
f 5251/4528/5248 1966/4527/1966 1967/488/1967
f 1966/4527/1966 45/486/45 1967/488/1967
f 5249/4523/5246 5251/4528/5248 845/4515/845
f 5249/4523/5246 5250/4525/5247 5251/4528/5248
f 5250/4525/5247 844/4526/844 5251/4528/5248
f 1865/4524/1865 3089/4517/3089 211/450/211
f 1865/4524/1865 5249/4523/5246 3089/4517/3089
f 5249/4523/5246 845/4515/845 3089/4517/3089
f 5248/4521/5245 1968/4513/1968 846/4512/846
f 5248/4521/5245 2691/4520/2691 1968/4513/1968
f 2691/4520/2691 44/490/44 1968/4513/1968
f 5246/4516/5243 5248/4521/5245 846/4512/846
f 5246/4516/5243 5247/4518/5244 5248/4521/5245
f 5247/4518/5244 447/4519/447 5248/4521/5245
f 3089/4517/3089 3090/489/3090 211/450/211
f 3089/4517/3089 5246/4516/5243 3090/489/3090
f 5246/4516/5243 846/4512/846 3090/489/3090
f 5245/4514/5242 1969/492/1969 847/4501/847
f 5245/4514/5242 1968/4513/1968 1969/492/1969
f 1968/4513/1968 44/490/44 1969/492/1969
f 5243/4509/5240 5245/4514/5242 847/4501/847
f 5243/4509/5240 5244/4511/5241 5245/4514/5242
f 5244/4511/5241 846/4512/846 5245/4514/5242
f 1866/4510/1866 3091/4503/3091 212/454/212
f 1866/4510/1866 5243/4509/5240 3091/4503/3091
f 5243/4509/5240 847/4501/847 3091/4503/3091
f 5242/4507/5239 1970/4499/1970 848/4498/848
f 5242/4507/5239 2690/4506/2690 1970/4499/1970
f 2690/4506/2690 43/494/43 1970/4499/1970
f 5240/4502/5237 5242/4507/5239 848/4498/848
f 5240/4502/5237 5241/4504/5238 5242/4507/5239
f 5241/4504/5238 446/4505/446 5242/4507/5239
f 3091/4503/3091 3092/493/3092 212/454/212
f 3091/4503/3091 5240/4502/5237 3092/493/3092
f 5240/4502/5237 848/4498/848 3092/493/3092
f 5239/4500/5236 1971/496/1971 849/4487/849
f 5239/4500/5236 1970/4499/1970 1971/496/1971
f 1970/4499/1970 43/494/43 1971/496/1971
f 5237/4495/5234 5239/4500/5236 849/4487/849
f 5237/4495/5234 5238/4497/5235 5239/4500/5236
f 5238/4497/5235 848/4498/848 5239/4500/5236
f 1867/4496/1867 3093/4489/3093 213/458/213
f 1867/4496/1867 5237/4495/5234 3093/4489/3093
f 5237/4495/5234 849/4487/849 3093/4489/3093
f 5236/4493/5233 1972/4485/1972 850/4484/850
f 5236/4493/5233 2689/4492/2689 1972/4485/1972
f 2689/4492/2689 42/498/42 1972/4485/1972
f 5234/4488/5231 5236/4493/5233 850/4484/850
f 5234/4488/5231 5235/4490/5232 5236/4493/5233
f 5235/4490/5232 445/4491/445 5236/4493/5233
f 3093/4489/3093 3094/497/3094 213/458/213
f 3093/4489/3093 5234/4488/5231 3094/497/3094
f 5234/4488/5231 850/4484/850 3094/497/3094
f 5233/4486/5230 1973/500/1973 851/4473/851
f 5233/4486/5230 1972/4485/1972 1973/500/1973
f 1972/4485/1972 42/498/42 1973/500/1973
f 5231/4481/5228 5233/4486/5230 851/4473/851
f 5231/4481/5228 5232/4483/5229 5233/4486/5230
f 5232/4483/5229 850/4484/850 5233/4486/5230
f 1868/4482/1868 3095/4475/3095 214/462/214
f 1868/4482/1868 5231/4481/5228 3095/4475/3095
f 5231/4481/5228 851/4473/851 3095/4475/3095
f 5230/4479/5227 1974/4471/1974 852/4470/852
f 5230/4479/5227 2688/4478/2688 1974/4471/1974
f 2688/4478/2688 41/502/41 1974/4471/1974
f 5228/4474/5225 5230/4479/5227 852/4470/852
f 5228/4474/5225 5229/4476/5226 5230/4479/5227
f 5229/4476/5226 444/4477/444 5230/4479/5227
f 3095/4475/3095 3096/501/3096 214/462/214
f 3095/4475/3095 5228/4474/5225 3096/501/3096
f 5228/4474/5225 852/4470/852 3096/501/3096
f 5227/4472/5224 1975/504/1975 853/4459/853
f 5227/4472/5224 1974/4471/1974 1975/504/1975
f 1974/4471/1974 41/502/41 1975/504/1975
f 5225/4467/5222 5227/4472/5224 853/4459/853
f 5225/4467/5222 5226/4469/5223 5227/4472/5224
f 5226/4469/5223 852/4470/852 5227/4472/5224
f 1869/4468/1869 3097/4461/3097 215/466/215
f 1869/4468/1869 5225/4467/5222 3097/4461/3097
f 5225/4467/5222 853/4459/853 3097/4461/3097
f 5224/4465/5221 1976/4457/1976 854/4456/854
f 5224/4465/5221 2687/4464/2687 1976/4457/1976
f 2687/4464/2687 40/506/40 1976/4457/1976
f 5222/4460/5219 5224/4465/5221 854/4456/854
f 5222/4460/5219 5223/4462/5220 5224/4465/5221
f 5223/4462/5220 443/4463/443 5224/4465/5221
f 3097/4461/3097 3098/505/3098 215/466/215
f 3097/4461/3097 5222/4460/5219 3098/505/3098
f 5222/4460/5219 854/4456/854 3098/505/3098
f 5221/4458/5218 1977/508/1977 855/4445/855
f 5221/4458/5218 1976/4457/1976 1977/508/1977
f 1976/4457/1976 40/506/40 1977/508/1977
f 5219/4453/5216 5221/4458/5218 855/4445/855
f 5219/4453/5216 5220/4455/5217 5221/4458/5218
f 5220/4455/5217 854/4456/854 5221/4458/5218
f 1870/4454/1870 3099/4447/3099 216/470/216
f 1870/4454/1870 5219/4453/5216 3099/4447/3099
f 5219/4453/5216 855/4445/855 3099/4447/3099
f 5218/4451/5215 1978/4443/1978 856/4442/856
f 5218/4451/5215 2686/4450/2686 1978/4443/1978
f 2686/4450/2686 39/510/39 1978/4443/1978
f 5216/4446/5213 5218/4451/5215 856/4442/856
f 5216/4446/5213 5217/4448/5214 5218/4451/5215
f 5217/4448/5214 442/4449/442 5218/4451/5215
f 3099/4447/3099 3100/509/3100 216/470/216
f 3099/4447/3099 5216/4446/5213 3100/509/3100
f 5216/4446/5213 856/4442/856 3100/509/3100
f 5215/4444/5212 1979/512/1979 857/4431/857
f 5215/4444/5212 1978/4443/1978 1979/512/1979
f 1978/4443/1978 39/510/39 1979/512/1979
f 5213/4439/5210 5215/4444/5212 857/4431/857
f 5213/4439/5210 5214/4441/5211 5215/4444/5212
f 5214/4441/5211 856/4442/856 5215/4444/5212
f 1871/4440/1871 3101/4433/3101 217/474/217
f 1871/4440/1871 5213/4439/5210 3101/4433/3101
f 5213/4439/5210 857/4431/857 3101/4433/3101
f 5212/4437/5209 1980/4429/1980 858/4428/858
f 5212/4437/5209 2685/4436/2685 1980/4429/1980
f 2685/4436/2685 38/514/38 1980/4429/1980
f 5210/4432/5207 5212/4437/5209 858/4428/858
f 5210/4432/5207 5211/4434/5208 5212/4437/5209
f 5211/4434/5208 441/4435/441 5212/4437/5209
f 3101/4433/3101 3102/513/3102 217/474/217
f 3101/4433/3101 5210/4432/5207 3102/513/3102
f 5210/4432/5207 858/4428/858 3102/513/3102
f 5209/4430/5206 1981/516/1981 859/4417/859
f 5209/4430/5206 1980/4429/1980 1981/516/1981
f 1980/4429/1980 38/514/38 1981/516/1981
f 5207/4425/5204 5209/4430/5206 859/4417/859
f 5207/4425/5204 5208/4427/5205 5209/4430/5206
f 5208/4427/5205 858/4428/858 5209/4430/5206
f 1862/4426/1862 3103/4419/3103 108/5899/108
f 1862/4426/1862 5207/4425/5204 3103/4419/3103
f 5207/4425/5204 859/4417/859 3103/4419/3103
f 5206/4423/5203 2754/5900/2754 510/5898/510
f 5206/4423/5203 2684/4422/2684 2754/5900/2754
f 2684/4422/2684 5/5901/5 2754/5900/2754
f 5204/4418/5201 5206/4423/5203 510/5898/510
f 5204/4418/5201 5205/4420/5202 5206/4423/5203
f 5205/4420/5202 440/4421/440 5206/4423/5203
f 3103/4419/3103 1632/5897/1632 108/5899/108
f 3103/4419/3103 5204/4418/5201 1632/5897/1632
f 5204/4418/5201 510/5898/510 1632/5897/1632
f 5203/4416/5200 2653/269/2653 409/5142/409
f 5203/4416/5200 1982/4362/1982 2653/269/2653
f 1982/4362/1982 127/267/127 2653/269/2653
f 5201/4413/5198 5203/4416/5200 409/5142/409
f 5201/4413/5198 5202/4415/5199 5203/4416/5200
f 5202/4415/5199 860/4360/860 5203/4416/5200
f 1527/4414/1527 1531/5144/1531 7/5940/7
f 1527/4414/1527 5201/4413/5198 1531/5144/1531
f 5201/4413/5198 409/5142/409 1531/5144/1531
f 5200/4411/5197 2037/4365/2037 915/4364/915
f 5200/4411/5197 1984/4350/1984 2037/4365/2037
f 1984/4350/1984 218/548/218 2037/4365/2037
f 5198/4408/5195 5200/4411/5197 915/4364/915
f 5198/4408/5195 5199/4410/5196 5200/4411/5197
f 5199/4410/5196 862/4348/862 5200/4411/5197
f 1611/4409/1611 3159/547/3159 87/517/87
f 1611/4409/1611 5198/4408/5195 3159/547/3159
f 5198/4408/5195 915/4364/915 3159/547/3159
f 5197/4406/5194 2039/4353/2039 917/4352/917
f 5197/4406/5194 1986/4326/1986 2039/4353/2039
f 1986/4326/1986 219/552/219 2039/4353/2039
f 5195/4403/5192 5197/4406/5194 917/4352/917
f 5195/4403/5192 5196/4405/5193 5197/4406/5194
f 5196/4405/5193 864/4324/864 5197/4406/5194
f 1610/4404/1610 3161/551/3161 86/520/86
f 1610/4404/1610 5195/4403/5192 3161/551/3161
f 5195/4403/5192 917/4352/917 3161/551/3161
f 5194/4401/5191 2043/4329/2043 921/4328/921
f 5194/4401/5191 1989/4290/1989 2043/4329/2043
f 1989/4290/1989 221/560/221 2043/4329/2043
f 5192/4398/5189 5194/4401/5191 921/4328/921
f 5192/4398/5189 5193/4400/5190 5194/4401/5191
f 5193/4400/5190 867/4288/867 5194/4401/5191
f 1609/4399/1609 3165/559/3165 85/523/85
f 1609/4399/1609 5192/4398/5189 3165/559/3165
f 5192/4398/5189 921/4328/921 3165/559/3165
f 5191/4396/5188 2049/4293/2049 927/4292/927
f 5191/4396/5188 1993/4242/1993 2049/4293/2049
f 1993/4242/1993 224/572/224 2049/4293/2049
f 5189/4393/5186 5191/4396/5188 927/4292/927
f 5189/4393/5186 5190/4395/5187 5191/4396/5188
f 5190/4395/5187 871/4240/871 5191/4396/5188
f 1608/4394/1608 3171/571/3171 84/526/84
f 1608/4394/1608 5189/4393/5186 3171/571/3171
f 5189/4393/5186 927/4292/927 3171/571/3171
f 5188/4391/5185 2057/4245/2057 935/4244/935
f 5188/4391/5185 1998/4182/1998 2057/4245/2057
f 1998/4182/1998 228/588/228 2057/4245/2057
f 5186/4388/5183 5188/4391/5185 935/4244/935
f 5186/4388/5183 5187/4390/5184 5188/4391/5185
f 5187/4390/5184 876/4180/876 5188/4391/5185
f 1607/4389/1607 3179/587/3179 83/529/83
f 1607/4389/1607 5186/4388/5183 3179/587/3179
f 5186/4388/5183 935/4244/935 3179/587/3179
f 5185/4386/5182 2067/4185/2067 945/4184/945
f 5185/4386/5182 2004/4110/2004 2067/4185/2067
f 2004/4110/2004 233/608/233 2067/4185/2067
f 5183/4383/5180 5185/4386/5182 945/4184/945
f 5183/4383/5180 5184/4385/5181 5185/4386/5182
f 5184/4385/5181 882/4108/882 5185/4386/5182
f 1606/4384/1606 3189/607/3189 82/532/82
f 1606/4384/1606 5183/4383/5180 3189/607/3189
f 5183/4383/5180 945/4184/945 3189/607/3189
f 5182/4381/5179 2079/4113/2079 957/4112/957
f 5182/4381/5179 2011/4026/2011 2079/4113/2079
f 2011/4026/2011 239/632/239 2079/4113/2079
f 5180/4378/5177 5182/4381/5179 957/4112/957
f 5180/4378/5177 5181/4380/5178 5182/4381/5179
f 5181/4380/5178 889/4024/889 5182/4381/5179
f 1605/4379/1605 3201/631/3201 81/535/81
f 1605/4379/1605 5180/4378/5177 3201/631/3201
f 5180/4378/5177 957/4112/957 3201/631/3201
f 5179/4376/5176 2093/4029/2093 971/4028/971
f 5179/4376/5176 2019/3930/2019 2093/4029/2093
f 2019/3930/2019 246/660/246 2093/4029/2093
f 5177/4373/5174 5179/4376/5176 971/4028/971
f 5177/4373/5174 5178/4375/5175 5179/4376/5176
f 5178/4375/5175 897/3928/897 5179/4376/5176
f 1604/4374/1604 3215/659/3215 80/538/80
f 1604/4374/1604 5177/4373/5174 3215/659/3215
f 5177/4373/5174 971/4028/971 3215/659/3215
f 5176/4371/5173 2109/3933/2109 987/3932/987
f 5176/4371/5173 2028/3822/2028 2109/3933/2109
f 2028/3822/2028 254/692/254 2109/3933/2109
f 5174/4368/5171 5176/4371/5173 987/3932/987
f 5174/4368/5171 5175/4370/5172 5176/4371/5173
f 5175/4370/5172 906/3820/906 5176/4371/5173
f 1603/4369/1603 3231/691/3231 79/541/79
f 1603/4369/1603 5174/4368/5171 3231/691/3231
f 5174/4368/5171 987/3932/987 3231/691/3231
f 5173/4366/5170 2038/550/2038 916/4355/916
f 5173/4366/5170 2037/4365/2037 2038/550/2038
f 2037/4365/2037 218/548/218 2038/550/2038
f 5171/4361/5168 5173/4366/5170 916/4355/916
f 5171/4361/5168 5172/4363/5169 5173/4366/5170
f 5172/4363/5169 915/4364/915 5173/4366/5170
f 1982/4362/1982 3160/4357/3160 127/267/127
f 1982/4362/1982 5171/4361/5168 3160/4357/3160
f 5171/4361/5168 916/4355/916 3160/4357/3160
f 5170/4359/5167 2773/272/2773 529/5137/529
f 5170/4359/5167 1983/4338/1983 2773/272/2773
f 1983/4338/1983 126/270/126 2773/272/2773
f 5168/4356/5165 5170/4359/5167 529/5137/529
f 5168/4356/5165 5169/4358/5166 5170/4359/5167
f 5169/4358/5166 861/4336/861 5170/4359/5167
f 3160/4357/3160 1651/5139/1651 127/267/127
f 3160/4357/3160 5168/4356/5165 1651/5139/1651
f 5168/4356/5165 529/5137/529 1651/5139/1651
f 5167/4354/5164 2040/554/2040 918/4343/918
f 5167/4354/5164 2039/4353/2039 2040/554/2040
f 2039/4353/2039 219/552/219 2040/554/2040
f 5165/4349/5162 5167/4354/5164 918/4343/918
f 5165/4349/5162 5166/4351/5163 5167/4354/5164
f 5166/4351/5163 917/4352/917 5167/4354/5164
f 1984/4350/1984 3162/4345/3162 218/548/218
f 1984/4350/1984 5165/4349/5162 3162/4345/3162
f 5165/4349/5162 918/4343/918 3162/4345/3162
f 5164/4347/5161 2041/4341/2041 919/4340/919
f 5164/4347/5161 1987/4314/1987 2041/4341/2041
f 1987/4314/1987 220/556/220 2041/4341/2041
f 5162/4344/5159 5164/4347/5161 919/4340/919
f 5162/4344/5159 5163/4346/5160 5164/4347/5161
f 5163/4346/5160 865/4312/865 5164/4347/5161
f 3162/4345/3162 3163/555/3163 218/548/218
f 3162/4345/3162 5162/4344/5159 3163/555/3163
f 5162/4344/5159 919/4340/919 3163/555/3163
f 5161/4342/5158 2042/558/2042 920/4331/920
f 5161/4342/5158 2041/4341/2041 2042/558/2042
f 2041/4341/2041 220/556/220 2042/558/2042
f 5159/4337/5156 5161/4342/5158 920/4331/920
f 5159/4337/5156 5160/4339/5157 5161/4342/5158
f 5160/4339/5157 919/4340/919 5161/4342/5158
f 1983/4338/1983 3164/4333/3164 126/270/126
f 1983/4338/1983 5159/4337/5156 3164/4333/3164
f 5159/4337/5156 920/4331/920 3164/4333/3164
f 5158/4335/5155 2772/275/2772 528/5132/528
f 5158/4335/5155 1985/4302/1985 2772/275/2772
f 1985/4302/1985 125/273/125 2772/275/2772
f 5156/4332/5153 5158/4335/5155 528/5132/528
f 5156/4332/5153 5157/4334/5154 5158/4335/5155
f 5157/4334/5154 863/4300/863 5158/4335/5155
f 3164/4333/3164 1650/5134/1650 126/270/126
f 3164/4333/3164 5156/4332/5153 1650/5134/1650
f 5156/4332/5153 528/5132/528 1650/5134/1650
f 5155/4330/5152 2044/562/2044 922/4319/922
f 5155/4330/5152 2043/4329/2043 2044/562/2044
f 2043/4329/2043 221/560/221 2044/562/2044
f 5153/4325/5150 5155/4330/5152 922/4319/922
f 5153/4325/5150 5154/4327/5151 5155/4330/5152
f 5154/4327/5151 921/4328/921 5155/4330/5152
f 1986/4326/1986 3166/4321/3166 219/552/219
f 1986/4326/1986 5153/4325/5150 3166/4321/3166
f 5153/4325/5150 922/4319/922 3166/4321/3166
f 5152/4323/5149 2045/4317/2045 923/4316/923
f 5152/4323/5149 1990/4278/1990 2045/4317/2045
f 1990/4278/1990 222/564/222 2045/4317/2045
f 5150/4320/5147 5152/4323/5149 923/4316/923
f 5150/4320/5147 5151/4322/5148 5152/4323/5149
f 5151/4322/5148 868/4276/868 5152/4323/5149
f 3166/4321/3166 3167/563/3167 219/552/219
f 3166/4321/3166 5150/4320/5147 3167/563/3167
f 5150/4320/5147 923/4316/923 3167/563/3167
f 5149/4318/5146 2046/566/2046 924/4307/924
f 5149/4318/5146 2045/4317/2045 2046/566/2046
f 2045/4317/2045 222/564/222 2046/566/2046
f 5147/4313/5144 5149/4318/5146 924/4307/924
f 5147/4313/5144 5148/4315/5145 5149/4318/5146
f 5148/4315/5145 923/4316/923 5149/4318/5146
f 1987/4314/1987 3168/4309/3168 220/556/220
f 1987/4314/1987 5147/4313/5144 3168/4309/3168
f 5147/4313/5144 924/4307/924 3168/4309/3168
f 5146/4311/5143 2047/4305/2047 925/4304/925
f 5146/4311/5143 1991/4266/1991 2047/4305/2047
f 1991/4266/1991 223/568/223 2047/4305/2047
f 5144/4308/5141 5146/4311/5143 925/4304/925
f 5144/4308/5141 5145/4310/5142 5146/4311/5143
f 5145/4310/5142 869/4264/869 5146/4311/5143
f 3168/4309/3168 3169/567/3169 220/556/220
f 3168/4309/3168 5144/4308/5141 3169/567/3169
f 5144/4308/5141 925/4304/925 3169/567/3169
f 5143/4306/5140 2048/570/2048 926/4295/926
f 5143/4306/5140 2047/4305/2047 2048/570/2048
f 2047/4305/2047 223/568/223 2048/570/2048
f 5141/4301/5138 5143/4306/5140 926/4295/926
f 5141/4301/5138 5142/4303/5139 5143/4306/5140
f 5142/4303/5139 925/4304/925 5143/4306/5140
f 1985/4302/1985 3170/4297/3170 125/273/125
f 1985/4302/1985 5141/4301/5138 3170/4297/3170
f 5141/4301/5138 926/4295/926 3170/4297/3170
f 5140/4299/5137 2771/278/2771 527/5127/527
f 5140/4299/5137 1988/4254/1988 2771/278/2771
f 1988/4254/1988 124/276/124 2771/278/2771
f 5138/4296/5135 5140/4299/5137 527/5127/527
f 5138/4296/5135 5139/4298/5136 5140/4299/5137
f 5139/4298/5136 866/4252/866 5140/4299/5137
f 3170/4297/3170 1649/5129/1649 125/273/125
f 3170/4297/3170 5138/4296/5135 1649/5129/1649
f 5138/4296/5135 527/5127/527 1649/5129/1649
f 5137/4294/5134 2050/574/2050 928/4283/928
f 5137/4294/5134 2049/4293/2049 2050/574/2050
f 2049/4293/2049 224/572/224 2050/574/2050
f 5135/4289/5132 5137/4294/5134 928/4283/928
f 5135/4289/5132 5136/4291/5133 5137/4294/5134
f 5136/4291/5133 927/4292/927 5137/4294/5134
f 1989/4290/1989 3172/4285/3172 221/560/221
f 1989/4290/1989 5135/4289/5132 3172/4285/3172
f 5135/4289/5132 928/4283/928 3172/4285/3172
f 5134/4287/5131 2051/4281/2051 929/4280/929
f 5134/4287/5131 1994/4230/1994 2051/4281/2051
f 1994/4230/1994 225/576/225 2051/4281/2051
f 5132/4284/5129 5134/4287/5131 929/4280/929
f 5132/4284/5129 5133/4286/5130 5134/4287/5131
f 5133/4286/5130 872/4228/872 5134/4287/5131
f 3172/4285/3172 3173/575/3173 221/560/221
f 3172/4285/3172 5132/4284/5129 3173/575/3173
f 5132/4284/5129 929/4280/929 3173/575/3173
f 5131/4282/5128 2052/578/2052 930/4271/930
f 5131/4282/5128 2051/4281/2051 2052/578/2052
f 2051/4281/2051 225/576/225 2052/578/2052
f 5129/4277/5126 5131/4282/5128 930/4271/930
f 5129/4277/5126 5130/4279/5127 5131/4282/5128
f 5130/4279/5127 929/4280/929 5131/4282/5128
f 1990/4278/1990 3174/4273/3174 222/564/222
f 1990/4278/1990 5129/4277/5126 3174/4273/3174
f 5129/4277/5126 930/4271/930 3174/4273/3174
f 5128/4275/5125 2053/4269/2053 931/4268/931
f 5128/4275/5125 1995/4218/1995 2053/4269/2053
f 1995/4218/1995 226/580/226 2053/4269/2053
f 5126/4272/5123 5128/4275/5125 931/4268/931
f 5126/4272/5123 5127/4274/5124 5128/4275/5125
f 5127/4274/5124 873/4216/873 5128/4275/5125
f 3174/4273/3174 3175/579/3175 222/564/222
f 3174/4273/3174 5126/4272/5123 3175/579/3175
f 5126/4272/5123 931/4268/931 3175/579/3175
f 5125/4270/5122 2054/582/2054 932/4259/932
f 5125/4270/5122 2053/4269/2053 2054/582/2054
f 2053/4269/2053 226/580/226 2054/582/2054
f 5123/4265/5120 5125/4270/5122 932/4259/932
f 5123/4265/5120 5124/4267/5121 5125/4270/5122
f 5124/4267/5121 931/4268/931 5125/4270/5122
f 1991/4266/1991 3176/4261/3176 223/568/223
f 1991/4266/1991 5123/4265/5120 3176/4261/3176
f 5123/4265/5120 932/4259/932 3176/4261/3176
f 5122/4263/5119 2055/4257/2055 933/4256/933
f 5122/4263/5119 1996/4206/1996 2055/4257/2055
f 1996/4206/1996 227/584/227 2055/4257/2055
f 5120/4260/5117 5122/4263/5119 933/4256/933
f 5120/4260/5117 5121/4262/5118 5122/4263/5119
f 5121/4262/5118 874/4204/874 5122/4263/5119
f 3176/4261/3176 3177/583/3177 223/568/223
f 3176/4261/3176 5120/4260/5117 3177/583/3177
f 5120/4260/5117 933/4256/933 3177/583/3177
f 5119/4258/5116 2056/586/2056 934/4247/934
f 5119/4258/5116 2055/4257/2055 2056/586/2056
f 2055/4257/2055 227/584/227 2056/586/2056
f 5117/4253/5114 5119/4258/5116 934/4247/934
f 5117/4253/5114 5118/4255/5115 5119/4258/5116
f 5118/4255/5115 933/4256/933 5119/4258/5116
f 1988/4254/1988 3178/4249/3178 124/276/124
f 1988/4254/1988 5117/4253/5114 3178/4249/3178
f 5117/4253/5114 934/4247/934 3178/4249/3178
f 5116/4251/5113 2770/281/2770 526/5122/526
f 5116/4251/5113 1992/4194/1992 2770/281/2770
f 1992/4194/1992 123/279/123 2770/281/2770
f 5114/4248/5111 5116/4251/5113 526/5122/526
f 5114/4248/5111 5115/4250/5112 5116/4251/5113
f 5115/4250/5112 870/4192/870 5116/4251/5113
f 3178/4249/3178 1648/5124/1648 124/276/124
f 3178/4249/3178 5114/4248/5111 1648/5124/1648
f 5114/4248/5111 526/5122/526 1648/5124/1648
f 5113/4246/5110 2058/590/2058 936/4235/936
f 5113/4246/5110 2057/4245/2057 2058/590/2058
f 2057/4245/2057 228/588/228 2058/590/2058
f 5111/4241/5108 5113/4246/5110 936/4235/936
f 5111/4241/5108 5112/4243/5109 5113/4246/5110
f 5112/4243/5109 935/4244/935 5113/4246/5110
f 1993/4242/1993 3180/4237/3180 224/572/224
f 1993/4242/1993 5111/4241/5108 3180/4237/3180
f 5111/4241/5108 936/4235/936 3180/4237/3180
f 5110/4239/5107 2059/4233/2059 937/4232/937
f 5110/4239/5107 1999/4170/1999 2059/4233/2059
f 1999/4170/1999 229/592/229 2059/4233/2059
f 5108/4236/5105 5110/4239/5107 937/4232/937
f 5108/4236/5105 5109/4238/5106 5110/4239/5107
f 5109/4238/5106 877/4168/877 5110/4239/5107
f 3180/4237/3180 3181/591/3181 224/572/224
f 3180/4237/3180 5108/4236/5105 3181/591/3181
f 5108/4236/5105 937/4232/937 3181/591/3181
f 5107/4234/5104 2060/594/2060 938/4223/938
f 5107/4234/5104 2059/4233/2059 2060/594/2060
f 2059/4233/2059 229/592/229 2060/594/2060
f 5105/4229/5102 5107/4234/5104 938/4223/938
f 5105/4229/5102 5106/4231/5103 5107/4234/5104
f 5106/4231/5103 937/4232/937 5107/4234/5104
f 1994/4230/1994 3182/4225/3182 225/576/225
f 1994/4230/1994 5105/4229/5102 3182/4225/3182
f 5105/4229/5102 938/4223/938 3182/4225/3182
f 5104/4227/5101 2061/4221/2061 939/4220/939
f 5104/4227/5101 2000/4158/2000 2061/4221/2061
f 2000/4158/2000 230/596/230 2061/4221/2061
f 5102/4224/5099 5104/4227/5101 939/4220/939
f 5102/4224/5099 5103/4226/5100 5104/4227/5101
f 5103/4226/5100 878/4156/878 5104/4227/5101
f 3182/4225/3182 3183/595/3183 225/576/225
f 3182/4225/3182 5102/4224/5099 3183/595/3183
f 5102/4224/5099 939/4220/939 3183/595/3183
f 5101/4222/5098 2062/598/2062 940/4211/940
f 5101/4222/5098 2061/4221/2061 2062/598/2062
f 2061/4221/2061 230/596/230 2062/598/2062
f 5099/4217/5096 5101/4222/5098 940/4211/940
f 5099/4217/5096 5100/4219/5097 5101/4222/5098
f 5100/4219/5097 939/4220/939 5101/4222/5098
f 1995/4218/1995 3184/4213/3184 226/580/226
f 1995/4218/1995 5099/4217/5096 3184/4213/3184
f 5099/4217/5096 940/4211/940 3184/4213/3184
f 5098/4215/5095 2063/4209/2063 941/4208/941
f 5098/4215/5095 2001/4146/2001 2063/4209/2063
f 2001/4146/2001 231/600/231 2063/4209/2063
f 5096/4212/5093 5098/4215/5095 941/4208/941
f 5096/4212/5093 5097/4214/5094 5098/4215/5095
f 5097/4214/5094 879/4144/879 5098/4215/5095
f 3184/4213/3184 3185/599/3185 226/580/226
f 3184/4213/3184 5096/4212/5093 3185/599/3185
f 5096/4212/5093 941/4208/941 3185/599/3185
f 5095/4210/5092 2064/602/2064 942/4199/942
f 5095/4210/5092 2063/4209/2063 2064/602/2064
f 2063/4209/2063 231/600/231 2064/602/2064
f 5093/4205/5090 5095/4210/5092 942/4199/942
f 5093/4205/5090 5094/4207/5091 5095/4210/5092
f 5094/4207/5091 941/4208/941 5095/4210/5092
f 1996/4206/1996 3186/4201/3186 227/584/227
f 1996/4206/1996 5093/4205/5090 3186/4201/3186
f 5093/4205/5090 942/4199/942 3186/4201/3186
f 5092/4203/5089 2065/4197/2065 943/4196/943
f 5092/4203/5089 2002/4134/2002 2065/4197/2065
f 2002/4134/2002 232/604/232 2065/4197/2065
f 5090/4200/5087 5092/4203/5089 943/4196/943
f 5090/4200/5087 5091/4202/5088 5092/4203/5089
f 5091/4202/5088 880/4132/880 5092/4203/5089
f 3186/4201/3186 3187/603/3187 227/584/227
f 3186/4201/3186 5090/4200/5087 3187/603/3187
f 5090/4200/5087 943/4196/943 3187/603/3187
f 5089/4198/5086 2066/606/2066 944/4187/944
f 5089/4198/5086 2065/4197/2065 2066/606/2066
f 2065/4197/2065 232/604/232 2066/606/2066
f 5087/4193/5084 5089/4198/5086 944/4187/944
f 5087/4193/5084 5088/4195/5085 5089/4198/5086
f 5088/4195/5085 943/4196/943 5089/4198/5086
f 1992/4194/1992 3188/4189/3188 123/279/123
f 1992/4194/1992 5087/4193/5084 3188/4189/3188
f 5087/4193/5084 944/4187/944 3188/4189/3188
f 5086/4191/5083 2769/284/2769 525/5117/525
f 5086/4191/5083 1997/4122/1997 2769/284/2769
f 1997/4122/1997 122/282/122 2769/284/2769
f 5084/4188/5081 5086/4191/5083 525/5117/525
f 5084/4188/5081 5085/4190/5082 5086/4191/5083
f 5085/4190/5082 875/4120/875 5086/4191/5083
f 3188/4189/3188 1647/5119/1647 123/279/123
f 3188/4189/3188 5084/4188/5081 1647/5119/1647
f 5084/4188/5081 525/5117/525 1647/5119/1647
f 5083/4186/5080 2068/610/2068 946/4175/946
f 5083/4186/5080 2067/4185/2067 2068/610/2068
f 2067/4185/2067 233/608/233 2068/610/2068
f 5081/4181/5078 5083/4186/5080 946/4175/946
f 5081/4181/5078 5082/4183/5079 5083/4186/5080
f 5082/4183/5079 945/4184/945 5083/4186/5080
f 1998/4182/1998 3190/4177/3190 228/588/228
f 1998/4182/1998 5081/4181/5078 3190/4177/3190
f 5081/4181/5078 946/4175/946 3190/4177/3190
f 5080/4179/5077 2069/4173/2069 947/4172/947
f 5080/4179/5077 2005/4098/2005 2069/4173/2069
f 2005/4098/2005 234/612/234 2069/4173/2069
f 5078/4176/5075 5080/4179/5077 947/4172/947
f 5078/4176/5075 5079/4178/5076 5080/4179/5077
f 5079/4178/5076 883/4096/883 5080/4179/5077
f 3190/4177/3190 3191/611/3191 228/588/228
f 3190/4177/3190 5078/4176/5075 3191/611/3191
f 5078/4176/5075 947/4172/947 3191/611/3191
f 5077/4174/5074 2070/614/2070 948/4163/948
f 5077/4174/5074 2069/4173/2069 2070/614/2070
f 2069/4173/2069 234/612/234 2070/614/2070
f 5075/4169/5072 5077/4174/5074 948/4163/948
f 5075/4169/5072 5076/4171/5073 5077/4174/5074
f 5076/4171/5073 947/4172/947 5077/4174/5074
f 1999/4170/1999 3192/4165/3192 229/592/229
f 1999/4170/1999 5075/4169/5072 3192/4165/3192
f 5075/4169/5072 948/4163/948 3192/4165/3192
f 5074/4167/5071 2071/4161/2071 949/4160/949
f 5074/4167/5071 2006/4086/2006 2071/4161/2071
f 2006/4086/2006 235/616/235 2071/4161/2071
f 5072/4164/5069 5074/4167/5071 949/4160/949
f 5072/4164/5069 5073/4166/5070 5074/4167/5071
f 5073/4166/5070 884/4084/884 5074/4167/5071
f 3192/4165/3192 3193/615/3193 229/592/229
f 3192/4165/3192 5072/4164/5069 3193/615/3193
f 5072/4164/5069 949/4160/949 3193/615/3193
f 5071/4162/5068 2072/618/2072 950/4151/950
f 5071/4162/5068 2071/4161/2071 2072/618/2072
f 2071/4161/2071 235/616/235 2072/618/2072
f 5069/4157/5066 5071/4162/5068 950/4151/950
f 5069/4157/5066 5070/4159/5067 5071/4162/5068
f 5070/4159/5067 949/4160/949 5071/4162/5068
f 2000/4158/2000 3194/4153/3194 230/596/230
f 2000/4158/2000 5069/4157/5066 3194/4153/3194
f 5069/4157/5066 950/4151/950 3194/4153/3194
f 5068/4155/5065 2073/4149/2073 951/4148/951
f 5068/4155/5065 2007/4074/2007 2073/4149/2073
f 2007/4074/2007 236/620/236 2073/4149/2073
f 5066/4152/5063 5068/4155/5065 951/4148/951
f 5066/4152/5063 5067/4154/5064 5068/4155/5065
f 5067/4154/5064 885/4072/885 5068/4155/5065
f 3194/4153/3194 3195/619/3195 230/596/230
f 3194/4153/3194 5066/4152/5063 3195/619/3195
f 5066/4152/5063 951/4148/951 3195/619/3195
f 5065/4150/5062 2074/622/2074 952/4139/952
f 5065/4150/5062 2073/4149/2073 2074/622/2074
f 2073/4149/2073 236/620/236 2074/622/2074
f 5063/4145/5060 5065/4150/5062 952/4139/952
f 5063/4145/5060 5064/4147/5061 5065/4150/5062
f 5064/4147/5061 951/4148/951 5065/4150/5062
f 2001/4146/2001 3196/4141/3196 231/600/231
f 2001/4146/2001 5063/4145/5060 3196/4141/3196
f 5063/4145/5060 952/4139/952 3196/4141/3196
f 5062/4143/5059 2075/4137/2075 953/4136/953
f 5062/4143/5059 2008/4062/2008 2075/4137/2075
f 2008/4062/2008 237/624/237 2075/4137/2075
f 5060/4140/5057 5062/4143/5059 953/4136/953
f 5060/4140/5057 5061/4142/5058 5062/4143/5059
f 5061/4142/5058 886/4060/886 5062/4143/5059
f 3196/4141/3196 3197/623/3197 231/600/231
f 3196/4141/3196 5060/4140/5057 3197/623/3197
f 5060/4140/5057 953/4136/953 3197/623/3197
f 5059/4138/5056 2076/626/2076 954/4127/954
f 5059/4138/5056 2075/4137/2075 2076/626/2076
f 2075/4137/2075 237/624/237 2076/626/2076
f 5057/4133/5054 5059/4138/5056 954/4127/954
f 5057/4133/5054 5058/4135/5055 5059/4138/5056
f 5058/4135/5055 953/4136/953 5059/4138/5056
f 2002/4134/2002 3198/4129/3198 232/604/232
f 2002/4134/2002 5057/4133/5054 3198/4129/3198
f 5057/4133/5054 954/4127/954 3198/4129/3198
f 5056/4131/5053 2077/4125/2077 955/4124/955
f 5056/4131/5053 2009/4050/2009 2077/4125/2077
f 2009/4050/2009 238/628/238 2077/4125/2077
f 5054/4128/5051 5056/4131/5053 955/4124/955
f 5054/4128/5051 5055/4130/5052 5056/4131/5053
f 5055/4130/5052 887/4048/887 5056/4131/5053
f 3198/4129/3198 3199/627/3199 232/604/232
f 3198/4129/3198 5054/4128/5051 3199/627/3199
f 5054/4128/5051 955/4124/955 3199/627/3199
f 5053/4126/5050 2078/630/2078 956/4115/956
f 5053/4126/5050 2077/4125/2077 2078/630/2078
f 2077/4125/2077 238/628/238 2078/630/2078
f 5051/4121/5048 5053/4126/5050 956/4115/956
f 5051/4121/5048 5052/4123/5049 5053/4126/5050
f 5052/4123/5049 955/4124/955 5053/4126/5050
f 1997/4122/1997 3200/4117/3200 122/282/122
f 1997/4122/1997 5051/4121/5048 3200/4117/3200
f 5051/4121/5048 956/4115/956 3200/4117/3200
f 5050/4119/5047 2768/287/2768 524/5112/524
f 5050/4119/5047 2003/4038/2003 2768/287/2768
f 2003/4038/2003 121/285/121 2768/287/2768
f 5048/4116/2967 5050/4119/5047 524/5112/524
f 5048/4116/2967 5049/4118/5046 5050/4119/5047
f 5049/4118/5046 881/4036/881 5050/4119/5047
f 3200/4117/3200 1646/5114/1646 122/282/122
f 3200/4117/3200 5048/4116/2967 1646/5114/1646
f 5048/4116/2967 524/5112/524 1646/5114/1646
f 5047/4114/5045 2080/634/2080 958/4103/958
f 5047/4114/5045 2079/4113/2079 2080/634/2080
f 2079/4113/2079 239/632/239 2080/634/2080
f 5045/4109/5043 5047/4114/5045 958/4103/958
f 5045/4109/5043 5046/4111/5044 5047/4114/5045
f 5046/4111/5044 957/4112/957 5047/4114/5045
f 2004/4110/2004 3202/4105/3202 233/608/233
f 2004/4110/2004 5045/4109/5043 3202/4105/3202
f 5045/4109/5043 958/4103/958 3202/4105/3202
f 5044/4107/5042 2081/4101/2081 959/4100/959
f 5044/4107/5042 2012/4014/2012 2081/4101/2081
f 2012/4014/2012 240/636/240 2081/4101/2081
f 5042/4104/5040 5044/4107/5042 959/4100/959
f 5042/4104/5040 5043/4106/5041 5044/4107/5042
f 5043/4106/5041 890/4012/890 5044/4107/5042
f 3202/4105/3202 3203/635/3203 233/608/233
f 3202/4105/3202 5042/4104/5040 3203/635/3203
f 5042/4104/5040 959/4100/959 3203/635/3203
f 5041/4102/5039 2082/638/2082 960/4091/960
f 5041/4102/5039 2081/4101/2081 2082/638/2082
f 2081/4101/2081 240/636/240 2082/638/2082
f 5039/4097/5037 5041/4102/5039 960/4091/960
f 5039/4097/5037 5040/4099/5038 5041/4102/5039
f 5040/4099/5038 959/4100/959 5041/4102/5039
f 2005/4098/2005 3204/4093/3204 234/612/234
f 2005/4098/2005 5039/4097/5037 3204/4093/3204
f 5039/4097/5037 960/4091/960 3204/4093/3204
f 5038/4095/5036 2083/4089/2083 961/4088/961
f 5038/4095/5036 2013/4002/2013 2083/4089/2083
f 2013/4002/2013 241/640/241 2083/4089/2083
f 5036/4092/5034 5038/4095/5036 961/4088/961
f 5036/4092/5034 5037/4094/5035 5038/4095/5036
f 5037/4094/5035 891/4000/891 5038/4095/5036
f 3204/4093/3204 3205/639/3205 234/612/234
f 3204/4093/3204 5036/4092/5034 3205/639/3205
f 5036/4092/5034 961/4088/961 3205/639/3205
f 5035/4090/5033 2084/642/2084 962/4079/962
f 5035/4090/5033 2083/4089/2083 2084/642/2084
f 2083/4089/2083 241/640/241 2084/642/2084
f 5033/4085/5031 5035/4090/5033 962/4079/962
f 5033/4085/5031 5034/4087/5032 5035/4090/5033
f 5034/4087/5032 961/4088/961 5035/4090/5033
f 2006/4086/2006 3206/4081/3206 235/616/235
f 2006/4086/2006 5033/4085/5031 3206/4081/3206
f 5033/4085/5031 962/4079/962 3206/4081/3206
f 5032/4083/5030 2085/4077/2085 963/4076/963
f 5032/4083/5030 2014/3990/2014 2085/4077/2085
f 2014/3990/2014 242/644/242 2085/4077/2085
f 5030/4080/5028 5032/4083/5030 963/4076/963
f 5030/4080/5028 5031/4082/5029 5032/4083/5030
f 5031/4082/5029 892/3988/892 5032/4083/5030
f 3206/4081/3206 3207/643/3207 235/616/235
f 3206/4081/3206 5030/4080/5028 3207/643/3207
f 5030/4080/5028 963/4076/963 3207/643/3207
f 5029/4078/5027 2086/646/2086 964/4067/964
f 5029/4078/5027 2085/4077/2085 2086/646/2086
f 2085/4077/2085 242/644/242 2086/646/2086
f 5027/4073/5025 5029/4078/5027 964/4067/964
f 5027/4073/5025 5028/4075/5026 5029/4078/5027
f 5028/4075/5026 963/4076/963 5029/4078/5027
f 2007/4074/2007 3208/4069/3208 236/620/236
f 2007/4074/2007 5027/4073/5025 3208/4069/3208
f 5027/4073/5025 964/4067/964 3208/4069/3208
f 5026/4071/5024 2087/4065/2087 965/4064/965
f 5026/4071/5024 2015/3978/2015 2087/4065/2087
f 2015/3978/2015 243/648/243 2087/4065/2087
f 5024/4068/5022 5026/4071/5024 965/4064/965
f 5024/4068/5022 5025/4070/5023 5026/4071/5024
f 5025/4070/5023 893/3976/893 5026/4071/5024
f 3208/4069/3208 3209/647/3209 236/620/236
f 3208/4069/3208 5024/4068/5022 3209/647/3209
f 5024/4068/5022 965/4064/965 3209/647/3209
f 5023/4066/5021 2088/650/2088 966/4055/966
f 5023/4066/5021 2087/4065/2087 2088/650/2088
f 2087/4065/2087 243/648/243 2088/650/2088
f 5021/4061/5019 5023/4066/5021 966/4055/966
f 5021/4061/5019 5022/4063/5020 5023/4066/5021
f 5022/4063/5020 965/4064/965 5023/4066/5021
f 2008/4062/2008 3210/4057/3210 237/624/237
f 2008/4062/2008 5021/4061/5019 3210/4057/3210
f 5021/4061/5019 966/4055/966 3210/4057/3210
f 5020/4059/5018 2089/4053/2089 967/4052/967
f 5020/4059/5018 2016/3966/2016 2089/4053/2089
f 2016/3966/2016 244/652/244 2089/4053/2089
f 5018/4056/5016 5020/4059/5018 967/4052/967
f 5018/4056/5016 5019/4058/5017 5020/4059/5018
f 5019/4058/5017 894/3964/894 5020/4059/5018
f 3210/4057/3210 3211/651/3211 237/624/237
f 3210/4057/3210 5018/4056/5016 3211/651/3211
f 5018/4056/5016 967/4052/967 3211/651/3211
f 5017/4054/5015 2090/654/2090 968/4043/968
f 5017/4054/5015 2089/4053/2089 2090/654/2090
f 2089/4053/2089 244/652/244 2090/654/2090
f 5015/4049/5013 5017/4054/5015 968/4043/968
f 5015/4049/5013 5016/4051/5014 5017/4054/5015
f 5016/4051/5014 967/4052/967 5017/4054/5015
f 2009/4050/2009 3212/4045/3212 238/628/238
f 2009/4050/2009 5015/4049/5013 3212/4045/3212
f 5015/4049/5013 968/4043/968 3212/4045/3212
f 5014/4047/5012 2091/4041/2091 969/4040/969
f 5014/4047/5012 2017/3954/2017 2091/4041/2091
f 2017/3954/2017 245/656/245 2091/4041/2091
f 5012/4044/5010 5014/4047/5012 969/4040/969
f 5012/4044/5010 5013/4046/5011 5014/4047/5012
f 5013/4046/5011 895/3952/895 5014/4047/5012
f 3212/4045/3212 3213/655/3213 238/628/238
f 3212/4045/3212 5012/4044/5010 3213/655/3213
f 5012/4044/5010 969/4040/969 3213/655/3213
f 5011/4042/5009 2092/658/2092 970/4031/970
f 5011/4042/5009 2091/4041/2091 2092/658/2092
f 2091/4041/2091 245/656/245 2092/658/2092
f 5009/4037/5007 5011/4042/5009 970/4031/970
f 5009/4037/5007 5010/4039/5008 5011/4042/5009
f 5010/4039/5008 969/4040/969 5011/4042/5009
f 2003/4038/2003 3214/4033/3214 121/285/121
f 2003/4038/2003 5009/4037/5007 3214/4033/3214
f 5009/4037/5007 970/4031/970 3214/4033/3214
f 5008/4035/5006 2767/290/2767 523/5107/523
f 5008/4035/5006 2010/3942/2010 2767/290/2767
f 2010/3942/2010 120/288/120 2767/290/2767
f 5006/4032/5004 5008/4035/5006 523/5107/523
f 5006/4032/5004 5007/4034/5005 5008/4035/5006
f 5007/4034/5005 888/3940/888 5008/4035/5006
f 3214/4033/3214 1645/5109/1645 121/285/121
f 3214/4033/3214 5006/4032/5004 1645/5109/1645
f 5006/4032/5004 523/5107/523 1645/5109/1645
f 5005/4030/5003 2094/662/2094 972/4019/972
f 5005/4030/5003 2093/4029/2093 2094/662/2094
f 2093/4029/2093 246/660/246 2094/662/2094
f 5003/4025/5001 5005/4030/5003 972/4019/972
f 5003/4025/5001 5004/4027/5002 5005/4030/5003
f 5004/4027/5002 971/4028/971 5005/4030/5003
f 2011/4026/2011 3216/4021/3216 239/632/239
f 2011/4026/2011 5003/4025/5001 3216/4021/3216
f 5003/4025/5001 972/4019/972 3216/4021/3216
f 5002/4023/5000 2095/4017/2095 973/4016/973
f 5002/4023/5000 2020/3918/2020 2095/4017/2095
f 2020/3918/2020 247/664/247 2095/4017/2095
f 5000/4020/4998 5002/4023/5000 973/4016/973
f 5000/4020/4998 5001/4022/4999 5002/4023/5000
f 5001/4022/4999 898/3916/898 5002/4023/5000
f 3216/4021/3216 3217/663/3217 239/632/239
f 3216/4021/3216 5000/4020/4998 3217/663/3217
f 5000/4020/4998 973/4016/973 3217/663/3217
f 4999/4018/4997 2096/666/2096 974/4007/974
f 4999/4018/4997 2095/4017/2095 2096/666/2096
f 2095/4017/2095 247/664/247 2096/666/2096
f 4997/4013/4995 4999/4018/4997 974/4007/974
f 4997/4013/4995 4998/4015/4996 4999/4018/4997
f 4998/4015/4996 973/4016/973 4999/4018/4997
f 2012/4014/2012 3218/4009/3218 240/636/240
f 2012/4014/2012 4997/4013/4995 3218/4009/3218
f 4997/4013/4995 974/4007/974 3218/4009/3218
f 4996/4011/4994 2097/4005/2097 975/4004/975
f 4996/4011/4994 2021/3906/2021 2097/4005/2097
f 2021/3906/2021 248/668/248 2097/4005/2097
f 4994/4008/4992 4996/4011/4994 975/4004/975
f 4994/4008/4992 4995/4010/4993 4996/4011/4994
f 4995/4010/4993 899/3904/899 4996/4011/4994
f 3218/4009/3218 3219/667/3219 240/636/240
f 3218/4009/3218 4994/4008/4992 3219/667/3219
f 4994/4008/4992 975/4004/975 3219/667/3219
f 4993/4006/4991 2098/670/2098 976/3995/976
f 4993/4006/4991 2097/4005/2097 2098/670/2098
f 2097/4005/2097 248/668/248 2098/670/2098
f 4991/4001/4989 4993/4006/4991 976/3995/976
f 4991/4001/4989 4992/4003/4990 4993/4006/4991
f 4992/4003/4990 975/4004/975 4993/4006/4991
f 2013/4002/2013 3220/3997/3220 241/640/241
f 2013/4002/2013 4991/4001/4989 3220/3997/3220
f 4991/4001/4989 976/3995/976 3220/3997/3220
f 4990/3999/4988 2099/3993/2099 977/3992/977
f 4990/3999/4988 2022/3894/2022 2099/3993/2099
f 2022/3894/2022 249/672/249 2099/3993/2099
f 4988/3996/4986 4990/3999/4988 977/3992/977
f 4988/3996/4986 4989/3998/4987 4990/3999/4988
f 4989/3998/4987 900/3892/900 4990/3999/4988
f 3220/3997/3220 3221/671/3221 241/640/241
f 3220/3997/3220 4988/3996/4986 3221/671/3221
f 4988/3996/4986 977/3992/977 3221/671/3221
f 4987/3994/4985 2100/674/2100 978/3983/978
f 4987/3994/4985 2099/3993/2099 2100/674/2100
f 2099/3993/2099 249/672/249 2100/674/2100
f 4985/3989/4983 4987/3994/4985 978/3983/978
f 4985/3989/4983 4986/3991/4984 4987/3994/4985
f 4986/3991/4984 977/3992/977 4987/3994/4985
f 2014/3990/2014 3222/3985/3222 242/644/242
f 2014/3990/2014 4985/3989/4983 3222/3985/3222
f 4985/3989/4983 978/3983/978 3222/3985/3222
f 4984/3987/4982 2101/3981/2101 979/3980/979
f 4984/3987/4982 2023/3882/2023 2101/3981/2101
f 2023/3882/2023 250/676/250 2101/3981/2101
f 4982/3984/4980 4984/3987/4982 979/3980/979
f 4982/3984/4980 4983/3986/4981 4984/3987/4982
f 4983/3986/4981 901/3880/901 4984/3987/4982
f 3222/3985/3222 3223/675/3223 242/644/242
f 3222/3985/3222 4982/3984/4980 3223/675/3223
f 4982/3984/4980 979/3980/979 3223/675/3223
f 4981/3982/4979 2102/678/2102 980/3971/980
f 4981/3982/4979 2101/3981/2101 2102/678/2102
f 2101/3981/2101 250/676/250 2102/678/2102
f 4979/3977/4977 4981/3982/4979 980/3971/980
f 4979/3977/4977 4980/3979/4978 4981/3982/4979
f 4980/3979/4978 979/3980/979 4981/3982/4979
f 2015/3978/2015 3224/3973/3224 243/648/243
f 2015/3978/2015 4979/3977/4977 3224/3973/3224
f 4979/3977/4977 980/3971/980 3224/3973/3224
f 4978/3975/4976 2103/3969/2103 981/3968/981
f 4978/3975/4976 2024/3870/2024 2103/3969/2103
f 2024/3870/2024 251/680/251 2103/3969/2103
f 4976/3972/4974 4978/3975/4976 981/3968/981
f 4976/3972/4974 4977/3974/4975 4978/3975/4976
f 4977/3974/4975 902/3868/902 4978/3975/4976
f 3224/3973/3224 3225/679/3225 243/648/243
f 3224/3973/3224 4976/3972/4974 3225/679/3225
f 4976/3972/4974 981/3968/981 3225/679/3225
f 4975/3970/4973 2104/682/2104 982/3959/982
f 4975/3970/4973 2103/3969/2103 2104/682/2104
f 2103/3969/2103 251/680/251 2104/682/2104
f 4973/3965/4971 4975/3970/4973 982/3959/982
f 4973/3965/4971 4974/3967/4972 4975/3970/4973
f 4974/3967/4972 981/3968/981 4975/3970/4973
f 2016/3966/2016 3226/3961/3226 244/652/244
f 2016/3966/2016 4973/3965/4971 3226/3961/3226
f 4973/3965/4971 982/3959/982 3226/3961/3226
f 4972/3963/4970 2105/3957/2105 983/3956/983
f 4972/3963/4970 2025/3858/2025 2105/3957/2105
f 2025/3858/2025 252/684/252 2105/3957/2105
f 4970/3960/4968 4972/3963/4970 983/3956/983
f 4970/3960/4968 4971/3962/4969 4972/3963/4970
f 4971/3962/4969 903/3856/903 4972/3963/4970
f 3226/3961/3226 3227/683/3227 244/652/244
f 3226/3961/3226 4970/3960/4968 3227/683/3227
f 4970/3960/4968 983/3956/983 3227/683/3227
f 4969/3958/4967 2106/686/2106 984/3947/984
f 4969/3958/4967 2105/3957/2105 2106/686/2106
f 2105/3957/2105 252/684/252 2106/686/2106
f 4967/3953/4965 4969/3958/4967 984/3947/984
f 4967/3953/4965 4968/3955/4966 4969/3958/4967
f 4968/3955/4966 983/3956/983 4969/3958/4967
f 2017/3954/2017 3228/3949/3228 245/656/245
f 2017/3954/2017 4967/3953/4965 3228/3949/3228
f 4967/3953/4965 984/3947/984 3228/3949/3228
f 4966/3951/4964 2107/3945/2107 985/3944/985
f 4966/3951/4964 2026/3846/2026 2107/3945/2107
f 2026/3846/2026 253/688/253 2107/3945/2107
f 4964/3948/4962 4966/3951/4964 985/3944/985
f 4964/3948/4962 4965/3950/4963 4966/3951/4964
f 4965/3950/4963 904/3844/904 4966/3951/4964
f 3228/3949/3228 3229/687/3229 245/656/245
f 3228/3949/3228 4964/3948/4962 3229/687/3229
f 4964/3948/4962 985/3944/985 3229/687/3229
f 4963/3946/4961 2108/690/2108 986/3935/986
f 4963/3946/4961 2107/3945/2107 2108/690/2108
f 2107/3945/2107 253/688/253 2108/690/2108
f 4961/3941/4959 4963/3946/4961 986/3935/986
f 4961/3941/4959 4962/3943/4960 4963/3946/4961
f 4962/3943/4960 985/3944/985 4963/3946/4961
f 2010/3942/2010 3230/3937/3230 120/288/120
f 2010/3942/2010 4961/3941/4959 3230/3937/3230
f 4961/3941/4959 986/3935/986 3230/3937/3230
f 4960/3939/4958 2766/293/2766 522/5102/522
f 4960/3939/4958 2018/3834/2018 2766/293/2766
f 2018/3834/2018 119/291/119 2766/293/2766
f 4958/3936/4956 4960/3939/4958 522/5102/522
f 4958/3936/4956 4959/3938/4957 4960/3939/4958
f 4959/3938/4957 896/3832/896 4960/3939/4958
f 3230/3937/3230 1644/5104/1644 120/288/120
f 3230/3937/3230 4958/3936/4956 1644/5104/1644
f 4958/3936/4956 522/5102/522 1644/5104/1644
f 4957/3934/4955 2110/694/2110 988/3923/988
f 4957/3934/4955 2109/3933/2109 2110/694/2110
f 2109/3933/2109 254/692/254 2110/694/2110
f 4955/3929/4953 4957/3934/4955 988/3923/988
f 4955/3929/4953 4956/3931/4954 4957/3934/4955
f 4956/3931/4954 987/3932/987 4957/3934/4955
f 2019/3930/2019 3232/3925/3232 246/660/246
f 2019/3930/2019 4955/3929/4953 3232/3925/3232
f 4955/3929/4953 988/3923/988 3232/3925/3232
f 4954/3927/4952 2111/3921/2111 989/3920/989
f 4954/3927/4952 2029/3808/2029 2111/3921/2111
f 2029/3808/2029 255/696/255 2111/3921/2111
f 4952/3924/4950 4954/3927/4952 989/3920/989
f 4952/3924/4950 4953/3926/4951 4954/3927/4952
f 4953/3926/4951 907/3806/907 4954/3927/4952
f 3232/3925/3232 3233/695/3233 246/660/246
f 3232/3925/3232 4952/3924/4950 3233/695/3233
f 4952/3924/4950 989/3920/989 3233/695/3233
f 4951/3922/4949 2112/698/2112 990/3911/990
f 4951/3922/4949 2111/3921/2111 2112/698/2112
f 2111/3921/2111 255/696/255 2112/698/2112
f 4949/3917/4947 4951/3922/4949 990/3911/990
f 4949/3917/4947 4950/3919/4948 4951/3922/4949
f 4950/3919/4948 989/3920/989 4951/3922/4949
f 2020/3918/2020 3234/3913/3234 247/664/247
f 2020/3918/2020 4949/3917/4947 3234/3913/3234
f 4949/3917/4947 990/3911/990 3234/3913/3234
f 4948/3915/4946 2113/3909/2113 991/3908/991
f 4948/3915/4946 2030/3794/2030 2113/3909/2113
f 2030/3794/2030 256/700/256 2113/3909/2113
f 4946/3912/4944 4948/3915/4946 991/3908/991
f 4946/3912/4944 4947/3914/4945 4948/3915/4946
f 4947/3914/4945 908/3792/908 4948/3915/4946
f 3234/3913/3234 3235/699/3235 247/664/247
f 3234/3913/3234 4946/3912/4944 3235/699/3235
f 4946/3912/4944 991/3908/991 3235/699/3235
f 4945/3910/4943 2114/702/2114 992/3899/992
f 4945/3910/4943 2113/3909/2113 2114/702/2114
f 2113/3909/2113 256/700/256 2114/702/2114
f 4943/3905/4941 4945/3910/4943 992/3899/992
f 4943/3905/4941 4944/3907/4942 4945/3910/4943
f 4944/3907/4942 991/3908/991 4945/3910/4943
f 2021/3906/2021 3236/3901/3236 248/668/248
f 2021/3906/2021 4943/3905/4941 3236/3901/3236
f 4943/3905/4941 992/3899/992 3236/3901/3236
f 4942/3903/4940 2115/3897/2115 993/3896/993
f 4942/3903/4940 2031/3780/2031 2115/3897/2115
f 2031/3780/2031 257/704/257 2115/3897/2115
f 4940/3900/4938 4942/3903/4940 993/3896/993
f 4940/3900/4938 4941/3902/4939 4942/3903/4940
f 4941/3902/4939 909/3778/909 4942/3903/4940
f 3236/3901/3236 3237/703/3237 248/668/248
f 3236/3901/3236 4940/3900/4938 3237/703/3237
f 4940/3900/4938 993/3896/993 3237/703/3237
f 4939/3898/4937 2116/706/2116 994/3887/994
f 4939/3898/4937 2115/3897/2115 2116/706/2116
f 2115/3897/2115 257/704/257 2116/706/2116
f 4937/3893/4935 4939/3898/4937 994/3887/994
f 4937/3893/4935 4938/3895/4936 4939/3898/4937
f 4938/3895/4936 993/3896/993 4939/3898/4937
f 2022/3894/2022 3238/3889/3238 249/672/249
f 2022/3894/2022 4937/3893/4935 3238/3889/3238
f 4937/3893/4935 994/3887/994 3238/3889/3238
f 4936/3891/4934 2117/3885/2117 995/3884/995
f 4936/3891/4934 2032/3766/2032 2117/3885/2117
f 2032/3766/2032 258/708/258 2117/3885/2117
f 4934/3888/4932 4936/3891/4934 995/3884/995
f 4934/3888/4932 4935/3890/4933 4936/3891/4934
f 4935/3890/4933 910/3764/910 4936/3891/4934
f 3238/3889/3238 3239/707/3239 249/672/249
f 3238/3889/3238 4934/3888/4932 3239/707/3239
f 4934/3888/4932 995/3884/995 3239/707/3239
f 4933/3886/4931 2118/710/2118 996/3875/996
f 4933/3886/4931 2117/3885/2117 2118/710/2118
f 2117/3885/2117 258/708/258 2118/710/2118
f 4931/3881/4929 4933/3886/4931 996/3875/996
f 4931/3881/4929 4932/3883/4930 4933/3886/4931
f 4932/3883/4930 995/3884/995 4933/3886/4931
f 2023/3882/2023 3240/3877/3240 250/676/250
f 2023/3882/2023 4931/3881/4929 3240/3877/3240
f 4931/3881/4929 996/3875/996 3240/3877/3240
f 4930/3879/4928 2119/3873/2119 997/3872/997
f 4930/3879/4928 2033/3752/2033 2119/3873/2119
f 2033/3752/2033 259/712/259 2119/3873/2119
f 4928/3876/4926 4930/3879/4928 997/3872/997
f 4928/3876/4926 4929/3878/4927 4930/3879/4928
f 4929/3878/4927 911/3750/911 4930/3879/4928
f 3240/3877/3240 3241/711/3241 250/676/250
f 3240/3877/3240 4928/3876/4926 3241/711/3241
f 4928/3876/4926 997/3872/997 3241/711/3241
f 4927/3874/4925 2120/714/2120 998/3863/998
f 4927/3874/4925 2119/3873/2119 2120/714/2120
f 2119/3873/2119 259/712/259 2120/714/2120
f 4925/3869/4923 4927/3874/4925 998/3863/998
f 4925/3869/4923 4926/3871/4924 4927/3874/4925
f 4926/3871/4924 997/3872/997 4927/3874/4925
f 2024/3870/2024 3242/3865/3242 251/680/251
f 2024/3870/2024 4925/3869/4923 3242/3865/3242
f 4925/3869/4923 998/3863/998 3242/3865/3242
f 4924/3867/4922 2121/3861/2121 999/3860/999
f 4924/3867/4922 2034/3738/2034 2121/3861/2121
f 2034/3738/2034 260/716/260 2121/3861/2121
f 4922/3864/4920 4924/3867/4922 999/3860/999
f 4922/3864/4920 4923/3866/4921 4924/3867/4922
f 4923/3866/4921 912/3736/912 4924/3867/4922
f 3242/3865/3242 3243/715/3243 251/680/251
f 3242/3865/3242 4922/3864/4920 3243/715/3243
f 4922/3864/4920 999/3860/999 3243/715/3243
f 4921/3862/4919 2122/718/2122 1000/3851/1000
f 4921/3862/4919 2121/3861/2121 2122/718/2122
f 2121/3861/2121 260/716/260 2122/718/2122
f 4919/3857/4917 4921/3862/4919 1000/3851/1000
f 4919/3857/4917 4920/3859/4918 4921/3862/4919
f 4920/3859/4918 999/3860/999 4921/3862/4919
f 2025/3858/2025 3244/3853/3244 252/684/252
f 2025/3858/2025 4919/3857/4917 3244/3853/3244
f 4919/3857/4917 1000/3851/1000 3244/3853/3244
f 4918/3855/4916 2123/3849/2123 1001/3848/1001
f 4918/3855/4916 2035/3724/2035 2123/3849/2123
f 2035/3724/2035 261/720/261 2123/3849/2123
f 4916/3852/4914 4918/3855/4916 1001/3848/1001
f 4916/3852/4914 4917/3854/4915 4918/3855/4916
f 4917/3854/4915 913/3722/913 4918/3855/4916
f 3244/3853/3244 3245/719/3245 252/684/252
f 3244/3853/3244 4916/3852/4914 3245/719/3245
f 4916/3852/4914 1001/3848/1001 3245/719/3245
f 4915/3850/4913 2124/722/2124 1002/3839/1002
f 4915/3850/4913 2123/3849/2123 2124/722/2124
f 2123/3849/2123 261/720/261 2124/722/2124
f 4913/3845/4911 4915/3850/4913 1002/3839/1002
f 4913/3845/4911 4914/3847/4912 4915/3850/4913
f 4914/3847/4912 1001/3848/1001 4915/3850/4913
f 2026/3846/2026 3246/3841/3246 253/688/253
f 2026/3846/2026 4913/3845/4911 3246/3841/3246
f 4913/3845/4911 1002/3839/1002 3246/3841/3246
f 4912/3843/4910 2125/3837/2125 1003/3836/1003
f 4912/3843/4910 2036/3710/2036 2125/3837/2125
f 2036/3710/2036 262/724/262 2125/3837/2125
f 4910/3840/4908 4912/3843/4910 1003/3836/1003
f 4910/3840/4908 4911/3842/4909 4912/3843/4910
f 4911/3842/4909 914/3708/914 4912/3843/4910
f 3246/3841/3246 3247/723/3247 253/688/253
f 3246/3841/3246 4910/3840/4908 3247/723/3247
f 4910/3840/4908 1003/3836/1003 3247/723/3247
f 4909/3838/4907 2126/726/2126 1004/3827/1004
f 4909/3838/4907 2125/3837/2125 2126/726/2126
f 2125/3837/2125 262/724/262 2126/726/2126
f 4907/3833/4905 4909/3838/4907 1004/3827/1004
f 4907/3833/4905 4908/3835/4906 4909/3838/4907
f 4908/3835/4906 1003/3836/1003 4909/3838/4907
f 2018/3834/2018 3248/3829/3248 119/291/119
f 2018/3834/2018 4907/3833/4905 3248/3829/3248
f 4907/3833/4905 1004/3827/1004 3248/3829/3248
f 4906/3831/4904 2765/296/2765 521/5097/521
f 4906/3831/4904 2027/3696/2027 2765/296/2765
f 2027/3696/2027 118/294/118 2765/296/2765
f 4904/3828/4902 4906/3831/4904 521/5097/521
f 4904/3828/4902 4905/3830/4903 4906/3831/4904
f 4905/3830/4903 905/3694/905 4906/3831/4904
f 3248/3829/3248 1643/5099/1643 119/291/119
f 3248/3829/3248 4904/3828/4902 1643/5099/1643
f 4904/3828/4902 521/5097/521 1643/5099/1643
f 4903/3826/4901 2128/730/2128 1006/3813/1006
f 4903/3826/4901 2127/3825/2127 2128/730/2128
f 2127/3825/2127 37/728/37 2128/730/2128
f 4901/3821/4899 4903/3826/4901 1006/3813/1006
f 4901/3821/4899 4902/3823/4900 4903/3826/4901
f 4902/3823/4900 1005/3824/1005 4903/3826/4901
f 2028/3822/2028 3250/3815/3250 254/692/254
f 2028/3822/2028 4901/3821/4899 3250/3815/3250
f 4901/3821/4899 1006/3813/1006 3250/3815/3250
f 4900/3819/4898 2129/3811/2129 1007/3810/1007
f 4900/3819/4898 2683/3818/2683 2129/3811/2129
f 2683/3818/2683 36/732/36 2129/3811/2129
f 4898/3814/4896 4900/3819/4898 1007/3810/1007
f 4898/3814/4896 4899/3816/4897 4900/3819/4898
f 4899/3816/4897 439/3817/439 4900/3819/4898
f 3250/3815/3250 3251/731/3251 254/692/254
f 3250/3815/3250 4898/3814/4896 3251/731/3251
f 4898/3814/4896 1007/3810/1007 3251/731/3251
f 4897/3812/4895 2130/734/2130 1008/3799/1008
f 4897/3812/4895 2129/3811/2129 2130/734/2130
f 2129/3811/2129 36/732/36 2130/734/2130
f 4895/3807/4893 4897/3812/4895 1008/3799/1008
f 4895/3807/4893 4896/3809/4894 4897/3812/4895
f 4896/3809/4894 1007/3810/1007 4897/3812/4895
f 2029/3808/2029 3252/3801/3252 255/696/255
f 2029/3808/2029 4895/3807/4893 3252/3801/3252
f 4895/3807/4893 1008/3799/1008 3252/3801/3252
f 4894/3805/4892 2131/3797/2131 1009/3796/1009
f 4894/3805/4892 2682/3804/2682 2131/3797/2131
f 2682/3804/2682 35/736/35 2131/3797/2131
f 4892/3800/4890 4894/3805/4892 1009/3796/1009
f 4892/3800/4890 4893/3802/4891 4894/3805/4892
f 4893/3802/4891 438/3803/438 4894/3805/4892
f 3252/3801/3252 3253/735/3253 255/696/255
f 3252/3801/3252 4892/3800/4890 3253/735/3253
f 4892/3800/4890 1009/3796/1009 3253/735/3253
f 4891/3798/4889 2132/738/2132 1010/3785/1010
f 4891/3798/4889 2131/3797/2131 2132/738/2132
f 2131/3797/2131 35/736/35 2132/738/2132
f 4889/3793/4887 4891/3798/4889 1010/3785/1010
f 4889/3793/4887 4890/3795/4888 4891/3798/4889
f 4890/3795/4888 1009/3796/1009 4891/3798/4889
f 2030/3794/2030 3254/3787/3254 256/700/256
f 2030/3794/2030 4889/3793/4887 3254/3787/3254
f 4889/3793/4887 1010/3785/1010 3254/3787/3254
f 4888/3791/4886 2133/3783/2133 1011/3782/1011
f 4888/3791/4886 2681/3790/2681 2133/3783/2133
f 2681/3790/2681 34/740/34 2133/3783/2133
f 4886/3786/4884 4888/3791/4886 1011/3782/1011
f 4886/3786/4884 4887/3788/4885 4888/3791/4886
f 4887/3788/4885 437/3789/437 4888/3791/4886
f 3254/3787/3254 3255/739/3255 256/700/256
f 3254/3787/3254 4886/3786/4884 3255/739/3255
f 4886/3786/4884 1011/3782/1011 3255/739/3255
f 4885/3784/4883 2134/742/2134 1012/3771/1012
f 4885/3784/4883 2133/3783/2133 2134/742/2134
f 2133/3783/2133 34/740/34 2134/742/2134
f 4883/3779/4881 4885/3784/4883 1012/3771/1012
f 4883/3779/4881 4884/3781/4882 4885/3784/4883
f 4884/3781/4882 1011/3782/1011 4885/3784/4883
f 2031/3780/2031 3256/3773/3256 257/704/257
f 2031/3780/2031 4883/3779/4881 3256/3773/3256
f 4883/3779/4881 1012/3771/1012 3256/3773/3256
f 4882/3777/4880 2135/3769/2135 1013/3768/1013
f 4882/3777/4880 2680/3776/2680 2135/3769/2135
f 2680/3776/2680 33/744/33 2135/3769/2135
f 4880/3772/4878 4882/3777/4880 1013/3768/1013
f 4880/3772/4878 4881/3774/4879 4882/3777/4880
f 4881/3774/4879 436/3775/436 4882/3777/4880
f 3256/3773/3256 3257/743/3257 257/704/257
f 3256/3773/3256 4880/3772/4878 3257/743/3257
f 4880/3772/4878 1013/3768/1013 3257/743/3257
f 4879/3770/4877 2136/746/2136 1014/3757/1014
f 4879/3770/4877 2135/3769/2135 2136/746/2136
f 2135/3769/2135 33/744/33 2136/746/2136
f 4877/3765/4875 4879/3770/4877 1014/3757/1014
f 4877/3765/4875 4878/3767/4876 4879/3770/4877
f 4878/3767/4876 1013/3768/1013 4879/3770/4877
f 2032/3766/2032 3258/3759/3258 258/708/258
f 2032/3766/2032 4877/3765/4875 3258/3759/3258
f 4877/3765/4875 1014/3757/1014 3258/3759/3258
f 4876/3763/4874 2137/3755/2137 1015/3754/1015
f 4876/3763/4874 2679/3762/2679 2137/3755/2137
f 2679/3762/2679 32/748/32 2137/3755/2137
f 4874/3758/4872 4876/3763/4874 1015/3754/1015
f 4874/3758/4872 4875/3760/4873 4876/3763/4874
f 4875/3760/4873 435/3761/435 4876/3763/4874
f 3258/3759/3258 3259/747/3259 258/708/258
f 3258/3759/3258 4874/3758/4872 3259/747/3259
f 4874/3758/4872 1015/3754/1015 3259/747/3259
f 4873/3756/4871 2138/750/2138 1016/3743/1016
f 4873/3756/4871 2137/3755/2137 2138/750/2138
f 2137/3755/2137 32/748/32 2138/750/2138
f 4871/3751/4869 4873/3756/4871 1016/3743/1016
f 4871/3751/4869 4872/3753/4870 4873/3756/4871
f 4872/3753/4870 1015/3754/1015 4873/3756/4871
f 2033/3752/2033 3260/3745/3260 259/712/259
f 2033/3752/2033 4871/3751/4869 3260/3745/3260
f 4871/3751/4869 1016/3743/1016 3260/3745/3260
f 4870/3749/4868 2139/3741/2139 1017/3740/1017
f 4870/3749/4868 2678/3748/2678 2139/3741/2139
f 2678/3748/2678 31/752/31 2139/3741/2139
f 4868/3744/4866 4870/3749/4868 1017/3740/1017
f 4868/3744/4866 4869/3746/4867 4870/3749/4868
f 4869/3746/4867 434/3747/434 4870/3749/4868
f 3260/3745/3260 3261/751/3261 259/712/259
f 3260/3745/3260 4868/3744/4866 3261/751/3261
f 4868/3744/4866 1017/3740/1017 3261/751/3261
f 4867/3742/4865 2140/754/2140 1018/3729/1018
f 4867/3742/4865 2139/3741/2139 2140/754/2140
f 2139/3741/2139 31/752/31 2140/754/2140
f 4865/3737/4863 4867/3742/4865 1018/3729/1018
f 4865/3737/4863 4866/3739/4864 4867/3742/4865
f 4866/3739/4864 1017/3740/1017 4867/3742/4865
f 2034/3738/2034 3262/3731/3262 260/716/260
f 2034/3738/2034 4865/3737/4863 3262/3731/3262
f 4865/3737/4863 1018/3729/1018 3262/3731/3262
f 4864/3735/4862 2141/3727/2141 1019/3726/1019
f 4864/3735/4862 2677/3734/2677 2141/3727/2141
f 2677/3734/2677 30/756/30 2141/3727/2141
f 4862/3730/4860 4864/3735/4862 1019/3726/1019
f 4862/3730/4860 4863/3732/4861 4864/3735/4862
f 4863/3732/4861 433/3733/433 4864/3735/4862
f 3262/3731/3262 3263/755/3263 260/716/260
f 3262/3731/3262 4862/3730/4860 3263/755/3263
f 4862/3730/4860 1019/3726/1019 3263/755/3263
f 4861/3728/4859 2142/758/2142 1020/3715/1020
f 4861/3728/4859 2141/3727/2141 2142/758/2142
f 2141/3727/2141 30/756/30 2142/758/2142
f 4859/3723/4857 4861/3728/4859 1020/3715/1020
f 4859/3723/4857 4860/3725/4858 4861/3728/4859
f 4860/3725/4858 1019/3726/1019 4861/3728/4859
f 2035/3724/2035 3264/3717/3264 261/720/261
f 2035/3724/2035 4859/3723/4857 3264/3717/3264
f 4859/3723/4857 1020/3715/1020 3264/3717/3264
f 4858/3721/4856 2143/3713/2143 1021/3712/1021
f 4858/3721/4856 2676/3720/2676 2143/3713/2143
f 2676/3720/2676 29/760/29 2143/3713/2143
f 4856/3716/4854 4858/3721/4856 1021/3712/1021
f 4856/3716/4854 4857/3718/4855 4858/3721/4856
f 4857/3718/4855 432/3719/432 4858/3721/4856
f 3264/3717/3264 3265/759/3265 261/720/261
f 3264/3717/3264 4856/3716/4854 3265/759/3265
f 4856/3716/4854 1021/3712/1021 3265/759/3265
f 4855/3714/4853 2144/762/2144 1022/3701/1022
f 4855/3714/4853 2143/3713/2143 2144/762/2144
f 2143/3713/2143 29/760/29 2144/762/2144
f 4853/3709/4851 4855/3714/4853 1022/3701/1022
f 4853/3709/4851 4854/3711/4852 4855/3714/4853
f 4854/3711/4852 1021/3712/1021 4855/3714/4853
f 2036/3710/2036 3266/3703/3266 262/724/262
f 2036/3710/2036 4853/3709/4851 3266/3703/3266
f 4853/3709/4851 1022/3701/1022 3266/3703/3266
f 4852/3707/4850 2145/3699/2145 1023/3698/1023
f 4852/3707/4850 2675/3706/2675 2145/3699/2145
f 2675/3706/2675 28/764/28 2145/3699/2145
f 4850/3702/4848 4852/3707/4850 1023/3698/1023
f 4850/3702/4848 4851/3704/4849 4852/3707/4850
f 4851/3704/4849 431/3705/431 4852/3707/4850
f 3266/3703/3266 3267/763/3267 262/724/262
f 3266/3703/3266 4850/3702/4848 3267/763/3267
f 4850/3702/4848 1023/3698/1023 3267/763/3267
f 4849/3700/4847 2146/766/2146 1024/3687/1024
f 4849/3700/4847 2145/3699/2145 2146/766/2146
f 2145/3699/2145 28/764/28 2146/766/2146
f 4847/3695/4845 4849/3700/4847 1024/3687/1024
f 4847/3695/4845 4848/3697/4846 4849/3700/4847
f 4848/3697/4846 1023/3698/1023 4849/3700/4847
f 2027/3696/2027 3268/3689/3268 118/294/118
f 2027/3696/2027 4847/3695/4845 3268/3689/3268
f 4847/3695/4845 1024/3687/1024 3268/3689/3268
f 4846/3693/4844 2764/15/2764 520/5864/520
f 4846/3693/4844 2674/3692/2674 2764/15/2764
f 2674/3692/2674 4/13/4 2764/15/2764
f 4844/3688/4842 4846/3693/4844 520/5864/520
f 4844/3688/4842 4845/3690/4843 4846/3693/4844
f 4845/3690/4843 430/3691/430 4846/3693/4844
f 3268/3689/3268 1642/5866/1642 118/294/118
f 3268/3689/3268 4844/3688/4842 1642/5866/1642
f 4844/3688/4842 520/5864/520 1642/5866/1642
f 4843/3686/4841 2649/519/2649 405/4412/405
f 4843/3686/4841 2147/3632/2147 2649/519/2649
f 2147/3632/2147 87/517/87 2649/519/2649
f 4841/3683/4839 4843/3686/4841 405/4412/405
f 4841/3683/4839 4842/3685/4840 4843/3686/4841
f 4842/3685/4840 1025/3630/1025 4843/3686/4841
f 1528/3684/1528 1527/4414/1527 7/5940/7
f 1528/3684/1528 4841/3683/4839 1527/4414/1527
f 4841/3683/4839 405/4412/405 1527/4414/1527
f 4840/3681/4838 2202/3635/2202 1080/3634/1080
f 4840/3681/4838 2149/3620/2149 2202/3635/2202
f 2149/3620/2149 263/798/263 2202/3635/2202
f 4838/3678/4836 4840/3681/4838 1080/3634/1080
f 4838/3678/4836 4839/3680/4837 4840/3681/4838
f 4839/3680/4837 1027/3618/1027 4840/3681/4838
f 1621/3679/1621 3324/797/3324 97/767/97
f 1621/3679/1621 4838/3678/4836 3324/797/3324
f 4838/3678/4836 1080/3634/1080 3324/797/3324
f 4837/3676/4835 2204/3623/2204 1082/3622/1082
f 4837/3676/4835 2151/3596/2151 2204/3623/2204
f 2151/3596/2151 264/802/264 2204/3623/2204
f 4835/3673/4833 4837/3676/4835 1082/3622/1082
f 4835/3673/4833 4836/3675/4834 4837/3676/4835
f 4836/3675/4834 1029/3594/1029 4837/3676/4835
f 1620/3674/1620 3326/801/3326 96/770/96
f 1620/3674/1620 4835/3673/4833 3326/801/3326
f 4835/3673/4833 1082/3622/1082 3326/801/3326
f 4834/3671/4832 2208/3599/2208 1086/3598/1086
f 4834/3671/4832 2154/3560/2154 2208/3599/2208
f 2154/3560/2154 266/810/266 2208/3599/2208
f 4832/3668/4830 4834/3671/4832 1086/3598/1086
f 4832/3668/4830 4833/3670/4831 4834/3671/4832
f 4833/3670/4831 1032/3558/1032 4834/3671/4832
f 1619/3669/1619 3330/809/3330 95/773/95
f 1619/3669/1619 4832/3668/4830 3330/809/3330
f 4832/3668/4830 1086/3598/1086 3330/809/3330
f 4831/3666/4829 2214/3563/2214 1092/3562/1092
f 4831/3666/4829 2158/3512/2158 2214/3563/2214
f 2158/3512/2158 269/822/269 2214/3563/2214
f 4829/3663/4827 4831/3666/4829 1092/3562/1092
f 4829/3663/4827 4830/3665/4828 4831/3666/4829
f 4830/3665/4828 1036/3510/1036 4831/3666/4829
f 1618/3664/1618 3336/821/3336 94/776/94
f 1618/3664/1618 4829/3663/4827 3336/821/3336
f 4829/3663/4827 1092/3562/1092 3336/821/3336
f 4828/3661/4826 2222/3515/2222 1100/3514/1100
f 4828/3661/4826 2163/3452/2163 2222/3515/2222
f 2163/3452/2163 273/838/273 2222/3515/2222
f 4826/3658/4824 4828/3661/4826 1100/3514/1100
f 4826/3658/4824 4827/3660/4825 4828/3661/4826
f 4827/3660/4825 1041/3450/1041 4828/3661/4826
f 1617/3659/1617 3344/837/3344 93/779/93
f 1617/3659/1617 4826/3658/4824 3344/837/3344
f 4826/3658/4824 1100/3514/1100 3344/837/3344
f 4825/3656/4823 2232/3455/2232 1110/3454/1110
f 4825/3656/4823 2169/3380/2169 2232/3455/2232
f 2169/3380/2169 278/858/278 2232/3455/2232
f 4823/3653/4821 4825/3656/4823 1110/3454/1110
f 4823/3653/4821 4824/3655/4822 4825/3656/4823
f 4824/3655/4822 1047/3378/1047 4825/3656/4823
f 1616/3654/1616 3354/857/3354 92/782/92
f 1616/3654/1616 4823/3653/4821 3354/857/3354
f 4823/3653/4821 1110/3454/1110 3354/857/3354
f 4822/3651/4820 2244/3383/2244 1122/3382/1122
f 4822/3651/4820 2176/3296/2176 2244/3383/2244
f 2176/3296/2176 284/882/284 2244/3383/2244
f 4820/3648/4818 4822/3651/4820 1122/3382/1122
f 4820/3648/4818 4821/3650/4819 4822/3651/4820
f 4821/3650/4819 1054/3294/1054 4822/3651/4820
f 1615/3649/1615 3366/881/3366 91/785/91
f 1615/3649/1615 4820/3648/4818 3366/881/3366
f 4820/3648/4818 1122/3382/1122 3366/881/3366
f 4819/3646/4817 2258/3299/2258 1136/3298/1136
f 4819/3646/4817 2184/3200/2184 2258/3299/2258
f 2184/3200/2184 291/910/291 2258/3299/2258
f 4817/3643/4815 4819/3646/4817 1136/3298/1136
f 4817/3643/4815 4818/3645/4816 4819/3646/4817
f 4818/3645/4816 1062/3198/1062 4819/3646/4817
f 1614/3644/1614 3380/909/3380 90/788/90
f 1614/3644/1614 4817/3643/4815 3380/909/3380
f 4817/3643/4815 1136/3298/1136 3380/909/3380
f 4816/3641/4814 2274/3203/2274 1152/3202/1152
f 4816/3641/4814 2193/3092/2193 2274/3203/2274
f 2193/3092/2193 299/942/299 2274/3203/2274
f 4814/3638/4812 4816/3641/4814 1152/3202/1152
f 4814/3638/4812 4815/3640/4813 4816/3641/4814
f 4815/3640/4813 1071/3090/1071 4816/3641/4814
f 1613/3639/1613 3396/941/3396 89/791/89
f 1613/3639/1613 4814/3638/4812 3396/941/3396
f 4814/3638/4812 1152/3202/1152 3396/941/3396
f 4813/3636/4811 2203/800/2203 1081/3625/1081
f 4813/3636/4811 2202/3635/2202 2203/800/2203
f 2202/3635/2202 263/798/263 2203/800/2203
f 4811/3631/4809 4813/3636/4811 1081/3625/1081
f 4811/3631/4809 4812/3633/4810 4813/3636/4811
f 4812/3633/4810 1080/3634/1080 4813/3636/4811
f 2147/3632/2147 3325/3627/3325 87/517/87
f 2147/3632/2147 4811/3631/4809 3325/3627/3325
f 4811/3631/4809 1081/3625/1081 3325/3627/3325
f 4810/3629/4808 2733/522/2733 489/4407/489
f 4810/3629/4808 2148/3608/2148 2733/522/2733
f 2148/3608/2148 86/520/86 2733/522/2733
f 4808/3626/4806 4810/3629/4808 489/4407/489
f 4808/3626/4806 4809/3628/4807 4810/3629/4808
f 4809/3628/4807 1026/3606/1026 4810/3629/4808
f 3325/3627/3325 1611/4409/1611 87/517/87
f 3325/3627/3325 4808/3626/4806 1611/4409/1611
f 4808/3626/4806 489/4407/489 1611/4409/1611
f 4807/3624/4805 2205/804/2205 1083/3613/1083
f 4807/3624/4805 2204/3623/2204 2205/804/2205
f 2204/3623/2204 264/802/264 2205/804/2205
f 4805/3619/4803 4807/3624/4805 1083/3613/1083
f 4805/3619/4803 4806/3621/4804 4807/3624/4805
f 4806/3621/4804 1082/3622/1082 4807/3624/4805
f 2149/3620/2149 3327/3615/3327 263/798/263
f 2149/3620/2149 4805/3619/4803 3327/3615/3327
f 4805/3619/4803 1083/3613/1083 3327/3615/3327
f 4804/3617/4802 2206/3611/2206 1084/3610/1084
f 4804/3617/4802 2152/3584/2152 2206/3611/2206
f 2152/3584/2152 265/806/265 2206/3611/2206
f 4802/3614/4800 4804/3617/4802 1084/3610/1084
f 4802/3614/4800 4803/3616/4801 4804/3617/4802
f 4803/3616/4801 1030/3582/1030 4804/3617/4802
f 3327/3615/3327 3328/805/3328 263/798/263
f 3327/3615/3327 4802/3614/4800 3328/805/3328
f 4802/3614/4800 1084/3610/1084 3328/805/3328
f 4801/3612/4799 2207/808/2207 1085/3601/1085
f 4801/3612/4799 2206/3611/2206 2207/808/2207
f 2206/3611/2206 265/806/265 2207/808/2207
f 4799/3607/4797 4801/3612/4799 1085/3601/1085
f 4799/3607/4797 4800/3609/4798 4801/3612/4799
f 4800/3609/4798 1084/3610/1084 4801/3612/4799
f 2148/3608/2148 3329/3603/3329 86/520/86
f 2148/3608/2148 4799/3607/4797 3329/3603/3329
f 4799/3607/4797 1085/3601/1085 3329/3603/3329
f 4798/3605/4796 2732/525/2732 488/4402/488
f 4798/3605/4796 2150/3572/2150 2732/525/2732
f 2150/3572/2150 85/523/85 2732/525/2732
f 4796/3602/4794 4798/3605/4796 488/4402/488
f 4796/3602/4794 4797/3604/4795 4798/3605/4796
f 4797/3604/4795 1028/3570/1028 4798/3605/4796
f 3329/3603/3329 1610/4404/1610 86/520/86
f 3329/3603/3329 4796/3602/4794 1610/4404/1610
f 4796/3602/4794 488/4402/488 1610/4404/1610
f 4795/3600/4793 2209/812/2209 1087/3589/1087
f 4795/3600/4793 2208/3599/2208 2209/812/2209
f 2208/3599/2208 266/810/266 2209/812/2209
f 4793/3595/4791 4795/3600/4793 1087/3589/1087
f 4793/3595/4791 4794/3597/4792 4795/3600/4793
f 4794/3597/4792 1086/3598/1086 4795/3600/4793
f 2151/3596/2151 3331/3591/3331 264/802/264
f 2151/3596/2151 4793/3595/4791 3331/3591/3331
f 4793/3595/4791 1087/3589/1087 3331/3591/3331
f 4792/3593/4790 2210/3587/2210 1088/3586/1088
f 4792/3593/4790 2155/3548/2155 2210/3587/2210
f 2155/3548/2155 267/814/267 2210/3587/2210
f 4790/3590/4788 4792/3593/4790 1088/3586/1088
f 4790/3590/4788 4791/3592/4789 4792/3593/4790
f 4791/3592/4789 1033/3546/1033 4792/3593/4790
f 3331/3591/3331 3332/813/3332 264/802/264
f 3331/3591/3331 4790/3590/4788 3332/813/3332
f 4790/3590/4788 1088/3586/1088 3332/813/3332
f 4789/3588/4787 2211/816/2211 1089/3577/1089
f 4789/3588/4787 2210/3587/2210 2211/816/2211
f 2210/3587/2210 267/814/267 2211/816/2211
f 4787/3583/4785 4789/3588/4787 1089/3577/1089
f 4787/3583/4785 4788/3585/4786 4789/3588/4787
f 4788/3585/4786 1088/3586/1088 4789/3588/4787
f 2152/3584/2152 3333/3579/3333 265/806/265
f 2152/3584/2152 4787/3583/4785 3333/3579/3333
f 4787/3583/4785 1089/3577/1089 3333/3579/3333
f 4786/3581/4784 2212/3575/2212 1090/3574/1090
f 4786/3581/4784 2156/3536/2156 2212/3575/2212
f 2156/3536/2156 268/818/268 2212/3575/2212
f 4784/3578/4782 4786/3581/4784 1090/3574/1090
f 4784/3578/4782 4785/3580/4783 4786/3581/4784
f 4785/3580/4783 1034/3534/1034 4786/3581/4784
f 3333/3579/3333 3334/817/3334 265/806/265
f 3333/3579/3333 4784/3578/4782 3334/817/3334
f 4784/3578/4782 1090/3574/1090 3334/817/3334
f 4783/3576/4781 2213/820/2213 1091/3565/1091
f 4783/3576/4781 2212/3575/2212 2213/820/2213
f 2212/3575/2212 268/818/268 2213/820/2213
f 4781/3571/4779 4783/3576/4781 1091/3565/1091
f 4781/3571/4779 4782/3573/4780 4783/3576/4781
f 4782/3573/4780 1090/3574/1090 4783/3576/4781
f 2150/3572/2150 3335/3567/3335 85/523/85
f 2150/3572/2150 4781/3571/4779 3335/3567/3335
f 4781/3571/4779 1091/3565/1091 3335/3567/3335
f 4780/3569/4778 2731/528/2731 487/4397/487
f 4780/3569/4778 2153/3524/2153 2731/528/2731
f 2153/3524/2153 84/526/84 2731/528/2731
f 4778/3566/4776 4780/3569/4778 487/4397/487
f 4778/3566/4776 4779/3568/4777 4780/3569/4778
f 4779/3568/4777 1031/3522/1031 4780/3569/4778
f 3335/3567/3335 1609/4399/1609 85/523/85
f 3335/3567/3335 4778/3566/4776 1609/4399/1609
f 4778/3566/4776 487/4397/487 1609/4399/1609
f 4777/3564/4775 2215/824/2215 1093/3553/1093
f 4777/3564/4775 2214/3563/2214 2215/824/2215
f 2214/3563/2214 269/822/269 2215/824/2215
f 4775/3559/4773 4777/3564/4775 1093/3553/1093
f 4775/3559/4773 4776/3561/4774 4777/3564/4775
f 4776/3561/4774 1092/3562/1092 4777/3564/4775
f 2154/3560/2154 3337/3555/3337 266/810/266
f 2154/3560/2154 4775/3559/4773 3337/3555/3337
f 4775/3559/4773 1093/3553/1093 3337/3555/3337
f 4774/3557/4772 2216/3551/2216 1094/3550/1094
f 4774/3557/4772 2159/3500/2159 2216/3551/2216
f 2159/3500/2159 270/826/270 2216/3551/2216
f 4772/3554/4770 4774/3557/4772 1094/3550/1094
f 4772/3554/4770 4773/3556/4771 4774/3557/4772
f 4773/3556/4771 1037/3498/1037 4774/3557/4772
f 3337/3555/3337 3338/825/3338 266/810/266
f 3337/3555/3337 4772/3554/4770 3338/825/3338
f 4772/3554/4770 1094/3550/1094 3338/825/3338
f 4771/3552/4769 2217/828/2217 1095/3541/1095
f 4771/3552/4769 2216/3551/2216 2217/828/2217
f 2216/3551/2216 270/826/270 2217/828/2217
f 4769/3547/4767 4771/3552/4769 1095/3541/1095
f 4769/3547/4767 4770/3549/4768 4771/3552/4769
f 4770/3549/4768 1094/3550/1094 4771/3552/4769
f 2155/3548/2155 3339/3543/3339 267/814/267
f 2155/3548/2155 4769/3547/4767 3339/3543/3339
f 4769/3547/4767 1095/3541/1095 3339/3543/3339
f 4768/3545/4766 2218/3539/2218 1096/3538/1096
f 4768/3545/4766 2160/3488/2160 2218/3539/2218
f 2160/3488/2160 271/830/271 2218/3539/2218
f 4766/3542/4764 4768/3545/4766 1096/3538/1096
f 4766/3542/4764 4767/3544/4765 4768/3545/4766
f 4767/3544/4765 1038/3486/1038 4768/3545/4766
f 3339/3543/3339 3340/829/3340 267/814/267
f 3339/3543/3339 4766/3542/4764 3340/829/3340
f 4766/3542/4764 1096/3538/1096 3340/829/3340
f 4765/3540/4763 2219/832/2219 1097/3529/1097
f 4765/3540/4763 2218/3539/2218 2219/832/2219
f 2218/3539/2218 271/830/271 2219/832/2219
f 4763/3535/4761 4765/3540/4763 1097/3529/1097
f 4763/3535/4761 4764/3537/4762 4765/3540/4763
f 4764/3537/4762 1096/3538/1096 4765/3540/4763
f 2156/3536/2156 3341/3531/3341 268/818/268
f 2156/3536/2156 4763/3535/4761 3341/3531/3341
f 4763/3535/4761 1097/3529/1097 3341/3531/3341
f 4762/3533/4760 2220/3527/2220 1098/3526/1098
f 4762/3533/4760 2161/3476/2161 2220/3527/2220
f 2161/3476/2161 272/834/272 2220/3527/2220
f 4760/3530/4758 4762/3533/4760 1098/3526/1098
f 4760/3530/4758 4761/3532/4759 4762/3533/4760
f 4761/3532/4759 1039/3474/1039 4762/3533/4760
f 3341/3531/3341 3342/833/3342 268/818/268
f 3341/3531/3341 4760/3530/4758 3342/833/3342
f 4760/3530/4758 1098/3526/1098 3342/833/3342
f 4759/3528/4757 2221/836/2221 1099/3517/1099
f 4759/3528/4757 2220/3527/2220 2221/836/2221
f 2220/3527/2220 272/834/272 2221/836/2221
f 4757/3523/4755 4759/3528/4757 1099/3517/1099
f 4757/3523/4755 4758/3525/4756 4759/3528/4757
f 4758/3525/4756 1098/3526/1098 4759/3528/4757
f 2153/3524/2153 3343/3519/3343 84/526/84
f 2153/3524/2153 4757/3523/4755 3343/3519/3343
f 4757/3523/4755 1099/3517/1099 3343/3519/3343
f 4756/3521/4754 2730/531/2730 486/4392/486
f 4756/3521/4754 2157/3464/2157 2730/531/2730
f 2157/3464/2157 83/529/83 2730/531/2730
f 4754/3518/4752 4756/3521/4754 486/4392/486
f 4754/3518/4752 4755/3520/4753 4756/3521/4754
f 4755/3520/4753 1035/3462/1035 4756/3521/4754
f 3343/3519/3343 1608/4394/1608 84/526/84
f 3343/3519/3343 4754/3518/4752 1608/4394/1608
f 4754/3518/4752 486/4392/486 1608/4394/1608
f 4753/3516/4751 2223/840/2223 1101/3505/1101
f 4753/3516/4751 2222/3515/2222 2223/840/2223
f 2222/3515/2222 273/838/273 2223/840/2223
f 4751/3511/4749 4753/3516/4751 1101/3505/1101
f 4751/3511/4749 4752/3513/4750 4753/3516/4751
f 4752/3513/4750 1100/3514/1100 4753/3516/4751
f 2158/3512/2158 3345/3507/3345 269/822/269
f 2158/3512/2158 4751/3511/4749 3345/3507/3345
f 4751/3511/4749 1101/3505/1101 3345/3507/3345
f 4750/3509/4748 2224/3503/2224 1102/3502/1102
f 4750/3509/4748 2164/3440/2164 2224/3503/2224
f 2164/3440/2164 274/842/274 2224/3503/2224
f 4748/3506/4746 4750/3509/4748 1102/3502/1102
f 4748/3506/4746 4749/3508/4747 4750/3509/4748
f 4749/3508/4747 1042/3438/1042 4750/3509/4748
f 3345/3507/3345 3346/841/3346 269/822/269
f 3345/3507/3345 4748/3506/4746 3346/841/3346
f 4748/3506/4746 1102/3502/1102 3346/841/3346
f 4747/3504/4745 2225/844/2225 1103/3493/1103
f 4747/3504/4745 2224/3503/2224 2225/844/2225
f 2224/3503/2224 274/842/274 2225/844/2225
f 4745/3499/4743 4747/3504/4745 1103/3493/1103
f 4745/3499/4743 4746/3501/4744 4747/3504/4745
f 4746/3501/4744 1102/3502/1102 4747/3504/4745
f 2159/3500/2159 3347/3495/3347 270/826/270
f 2159/3500/2159 4745/3499/4743 3347/3495/3347
f 4745/3499/4743 1103/3493/1103 3347/3495/3347
f 4744/3497/4742 2226/3491/2226 1104/3490/1104
f 4744/3497/4742 2165/3428/2165 2226/3491/2226
f 2165/3428/2165 275/846/275 2226/3491/2226
f 4742/3494/4740 4744/3497/4742 1104/3490/1104
f 4742/3494/4740 4743/3496/4741 4744/3497/4742
f 4743/3496/4741 1043/3426/1043 4744/3497/4742
f 3347/3495/3347 3348/845/3348 270/826/270
f 3347/3495/3347 4742/3494/4740 3348/845/3348
f 4742/3494/4740 1104/3490/1104 3348/845/3348
f 4741/3492/4739 2227/848/2227 1105/3481/1105
f 4741/3492/4739 2226/3491/2226 2227/848/2227
f 2226/3491/2226 275/846/275 2227/848/2227
f 4739/3487/4737 4741/3492/4739 1105/3481/1105
f 4739/3487/4737 4740/3489/4738 4741/3492/4739
f 4740/3489/4738 1104/3490/1104 4741/3492/4739
f 2160/3488/2160 3349/3483/3349 271/830/271
f 2160/3488/2160 4739/3487/4737 3349/3483/3349
f 4739/3487/4737 1105/3481/1105 3349/3483/3349
f 4738/3485/4736 2228/3479/2228 1106/3478/1106
f 4738/3485/4736 2166/3416/2166 2228/3479/2228
f 2166/3416/2166 276/850/276 2228/3479/2228
f 4736/3482/4734 4738/3485/4736 1106/3478/1106
f 4736/3482/4734 4737/3484/4735 4738/3485/4736
f 4737/3484/4735 1044/3414/1044 4738/3485/4736
f 3349/3483/3349 3350/849/3350 271/830/271
f 3349/3483/3349 4736/3482/4734 3350/849/3350
f 4736/3482/4734 1106/3478/1106 3350/849/3350
f 4735/3480/4733 2229/852/2229 1107/3469/1107
f 4735/3480/4733 2228/3479/2228 2229/852/2229
f 2228/3479/2228 276/850/276 2229/852/2229
f 4733/3475/4731 4735/3480/4733 1107/3469/1107
f 4733/3475/4731 4734/3477/4732 4735/3480/4733
f 4734/3477/4732 1106/3478/1106 4735/3480/4733
f 2161/3476/2161 3351/3471/3351 272/834/272
f 2161/3476/2161 4733/3475/4731 3351/3471/3351
f 4733/3475/4731 1107/3469/1107 3351/3471/3351
f 4732/3473/4730 2230/3467/2230 1108/3466/1108
f 4732/3473/4730 2167/3404/2167 2230/3467/2230
f 2167/3404/2167 277/854/277 2230/3467/2230
f 4730/3470/4728 4732/3473/4730 1108/3466/1108
f 4730/3470/4728 4731/3472/4729 4732/3473/4730
f 4731/3472/4729 1045/3402/1045 4732/3473/4730
f 3351/3471/3351 3352/853/3352 272/834/272
f 3351/3471/3351 4730/3470/4728 3352/853/3352
f 4730/3470/4728 1108/3466/1108 3352/853/3352
f 4729/3468/4727 2231/856/2231 1109/3457/1109
f 4729/3468/4727 2230/3467/2230 2231/856/2231
f 2230/3467/2230 277/854/277 2231/856/2231
f 4727/3463/4725 4729/3468/4727 1109/3457/1109
f 4727/3463/4725 4728/3465/4726 4729/3468/4727
f 4728/3465/4726 1108/3466/1108 4729/3468/4727
f 2157/3464/2157 3353/3459/3353 83/529/83
f 2157/3464/2157 4727/3463/4725 3353/3459/3353
f 4727/3463/4725 1109/3457/1109 3353/3459/3353
f 4726/3461/4724 2729/534/2729 485/4387/485
f 4726/3461/4724 2162/3392/2162 2729/534/2729
f 2162/3392/2162 82/532/82 2729/534/2729
f 4724/3458/4722 4726/3461/4724 485/4387/485
f 4724/3458/4722 4725/3460/4723 4726/3461/4724
f 4725/3460/4723 1040/3390/1040 4726/3461/4724
f 3353/3459/3353 1607/4389/1607 83/529/83
f 3353/3459/3353 4724/3458/4722 1607/4389/1607
f 4724/3458/4722 485/4387/485 1607/4389/1607
f 4723/3456/4721 2233/860/2233 1111/3445/1111
f 4723/3456/4721 2232/3455/2232 2233/860/2233
f 2232/3455/2232 278/858/278 2233/860/2233
f 4721/3451/4719 4723/3456/4721 1111/3445/1111
f 4721/3451/4719 4722/3453/4720 4723/3456/4721
f 4722/3453/4720 1110/3454/1110 4723/3456/4721
f 2163/3452/2163 3355/3447/3355 273/838/273
f 2163/3452/2163 4721/3451/4719 3355/3447/3355
f 4721/3451/4719 1111/3445/1111 3355/3447/3355
f 4720/3449/4718 2234/3443/2234 1112/3442/1112
f 4720/3449/4718 2170/3368/2170 2234/3443/2234
f 2170/3368/2170 279/862/279 2234/3443/2234
f 4718/3446/4716 4720/3449/4718 1112/3442/1112
f 4718/3446/4716 4719/3448/4717 4720/3449/4718
f 4719/3448/4717 1048/3366/1048 4720/3449/4718
f 3355/3447/3355 3356/861/3356 273/838/273
f 3355/3447/3355 4718/3446/4716 3356/861/3356
f 4718/3446/4716 1112/3442/1112 3356/861/3356
f 4717/3444/4715 2235/864/2235 1113/3433/1113
f 4717/3444/4715 2234/3443/2234 2235/864/2235
f 2234/3443/2234 279/862/279 2235/864/2235
f 4715/3439/4713 4717/3444/4715 1113/3433/1113
f 4715/3439/4713 4716/3441/4714 4717/3444/4715
f 4716/3441/4714 1112/3442/1112 4717/3444/4715
f 2164/3440/2164 3357/3435/3357 274/842/274
f 2164/3440/2164 4715/3439/4713 3357/3435/3357
f 4715/3439/4713 1113/3433/1113 3357/3435/3357
f 4714/3437/4712 2236/3431/2236 1114/3430/1114
f 4714/3437/4712 2171/3356/2171 2236/3431/2236
f 2171/3356/2171 280/866/280 2236/3431/2236
f 4712/3434/4710 4714/3437/4712 1114/3430/1114
f 4712/3434/4710 4713/3436/4711 4714/3437/4712
f 4713/3436/4711 1049/3354/1049 4714/3437/4712
f 3357/3435/3357 3358/865/3358 274/842/274
f 3357/3435/3357 4712/3434/4710 3358/865/3358
f 4712/3434/4710 1114/3430/1114 3358/865/3358
f 4711/3432/4709 2237/868/2237 1115/3421/1115
f 4711/3432/4709 2236/3431/2236 2237/868/2237
f 2236/3431/2236 280/866/280 2237/868/2237
f 4709/3427/4707 4711/3432/4709 1115/3421/1115
f 4709/3427/4707 4710/3429/4708 4711/3432/4709
f 4710/3429/4708 1114/3430/1114 4711/3432/4709
f 2165/3428/2165 3359/3423/3359 275/846/275
f 2165/3428/2165 4709/3427/4707 3359/3423/3359
f 4709/3427/4707 1115/3421/1115 3359/3423/3359
f 4708/3425/4706 2238/3419/2238 1116/3418/1116
f 4708/3425/4706 2172/3344/2172 2238/3419/2238
f 2172/3344/2172 281/870/281 2238/3419/2238
f 4706/3422/4704 4708/3425/4706 1116/3418/1116
f 4706/3422/4704 4707/3424/4705 4708/3425/4706
f 4707/3424/4705 1050/3342/1050 4708/3425/4706
f 3359/3423/3359 3360/869/3360 275/846/275
f 3359/3423/3359 4706/3422/4704 3360/869/3360
f 4706/3422/4704 1116/3418/1116 3360/869/3360
f 4705/3420/4703 2239/872/2239 1117/3409/1117
f 4705/3420/4703 2238/3419/2238 2239/872/2239
f 2238/3419/2238 281/870/281 2239/872/2239
f 4703/3415/4701 4705/3420/4703 1117/3409/1117
f 4703/3415/4701 4704/3417/4702 4705/3420/4703
f 4704/3417/4702 1116/3418/1116 4705/3420/4703
f 2166/3416/2166 3361/3411/3361 276/850/276
f 2166/3416/2166 4703/3415/4701 3361/3411/3361
f 4703/3415/4701 1117/3409/1117 3361/3411/3361
f 4702/3413/4700 2240/3407/2240 1118/3406/1118
f 4702/3413/4700 2173/3332/2173 2240/3407/2240
f 2173/3332/2173 282/874/282 2240/3407/2240
f 4700/3410/4698 4702/3413/4700 1118/3406/1118
f 4700/3410/4698 4701/3412/4699 4702/3413/4700
f 4701/3412/4699 1051/3330/1051 4702/3413/4700
f 3361/3411/3361 3362/873/3362 276/850/276
f 3361/3411/3361 4700/3410/4698 3362/873/3362
f 4700/3410/4698 1118/3406/1118 3362/873/3362
f 4699/3408/4697 2241/876/2241 1119/3397/1119
f 4699/3408/4697 2240/3407/2240 2241/876/2241
f 2240/3407/2240 282/874/282 2241/876/2241
f 4697/3403/4695 4699/3408/4697 1119/3397/1119
f 4697/3403/4695 4698/3405/4696 4699/3408/4697
f 4698/3405/4696 1118/3406/1118 4699/3408/4697
f 2167/3404/2167 3363/3399/3363 277/854/277
f 2167/3404/2167 4697/3403/4695 3363/3399/3363
f 4697/3403/4695 1119/3397/1119 3363/3399/3363
f 4696/3401/4694 2242/3395/2242 1120/3394/1120
f 4696/3401/4694 2174/3320/2174 2242/3395/2242
f 2174/3320/2174 283/878/283 2242/3395/2242
f 4694/3398/4692 4696/3401/4694 1120/3394/1120
f 4694/3398/4692 4695/3400/4693 4696/3401/4694
f 4695/3400/4693 1052/3318/1052 4696/3401/4694
f 3363/3399/3363 3364/877/3364 277/854/277
f 3363/3399/3363 4694/3398/4692 3364/877/3364
f 4694/3398/4692 1120/3394/1120 3364/877/3364
f 4693/3396/4691 2243/880/2243 1121/3385/1121
f 4693/3396/4691 2242/3395/2242 2243/880/2243
f 2242/3395/2242 283/878/283 2243/880/2243
f 4691/3391/4689 4693/3396/4691 1121/3385/1121
f 4691/3391/4689 4692/3393/4690 4693/3396/4691
f 4692/3393/4690 1120/3394/1120 4693/3396/4691
f 2162/3392/2162 3365/3387/3365 82/532/82
f 2162/3392/2162 4691/3391/4689 3365/3387/3365
f 4691/3391/4689 1121/3385/1121 3365/3387/3365
f 4690/3389/4688 2728/537/2728 484/4382/484
f 4690/3389/4688 2168/3308/2168 2728/537/2728
f 2168/3308/2168 81/535/81 2728/537/2728
f 4688/3386/4686 4690/3389/4688 484/4382/484
f 4688/3386/4686 4689/3388/4687 4690/3389/4688
f 4689/3388/4687 1046/3306/1046 4690/3389/4688
f 3365/3387/3365 1606/4384/1606 82/532/82
f 3365/3387/3365 4688/3386/4686 1606/4384/1606
f 4688/3386/4686 484/4382/484 1606/4384/1606
f 4687/3384/4685 2245/884/2245 1123/3373/1123
f 4687/3384/4685 2244/3383/2244 2245/884/2245
f 2244/3383/2244 284/882/284 2245/884/2245
f 4685/3379/4683 4687/3384/4685 1123/3373/1123
f 4685/3379/4683 4686/3381/4684 4687/3384/4685
f 4686/3381/4684 1122/3382/1122 4687/3384/4685
f 2169/3380/2169 3367/3375/3367 278/858/278
f 2169/3380/2169 4685/3379/4683 3367/3375/3367
f 4685/3379/4683 1123/3373/1123 3367/3375/3367
f 4684/3377/4682 2246/3371/2246 1124/3370/1124
f 4684/3377/4682 2177/3284/2177 2246/3371/2246
f 2177/3284/2177 285/886/285 2246/3371/2246
f 4682/3374/4680 4684/3377/4682 1124/3370/1124
f 4682/3374/4680 4683/3376/4681 4684/3377/4682
f 4683/3376/4681 1055/3282/1055 4684/3377/4682
f 3367/3375/3367 3368/885/3368 278/858/278
f 3367/3375/3367 4682/3374/4680 3368/885/3368
f 4682/3374/4680 1124/3370/1124 3368/885/3368
f 4681/3372/4679 2247/888/2247 1125/3361/1125
f 4681/3372/4679 2246/3371/2246 2247/888/2247
f 2246/3371/2246 285/886/285 2247/888/2247
f 4679/3367/4677 4681/3372/4679 1125/3361/1125
f 4679/3367/4677 4680/3369/4678 4681/3372/4679
f 4680/3369/4678 1124/3370/1124 4681/3372/4679
f 2170/3368/2170 3369/3363/3369 279/862/279
f 2170/3368/2170 4679/3367/4677 3369/3363/3369
f 4679/3367/4677 1125/3361/1125 3369/3363/3369
f 4678/3365/4676 2248/3359/2248 1126/3358/1126
f 4678/3365/4676 2178/3272/2178 2248/3359/2248
f 2178/3272/2178 286/890/286 2248/3359/2248
f 4676/3362/4674 4678/3365/4676 1126/3358/1126
f 4676/3362/4674 4677/3364/4675 4678/3365/4676
f 4677/3364/4675 1056/3270/1056 4678/3365/4676
f 3369/3363/3369 3370/889/3370 279/862/279
f 3369/3363/3369 4676/3362/4674 3370/889/3370
f 4676/3362/4674 1126/3358/1126 3370/889/3370
f 4675/3360/4673 2249/892/2249 1127/3349/1127
f 4675/3360/4673 2248/3359/2248 2249/892/2249
f 2248/3359/2248 286/890/286 2249/892/2249
f 4673/3355/4671 4675/3360/4673 1127/3349/1127
f 4673/3355/4671 4674/3357/4672 4675/3360/4673
f 4674/3357/4672 1126/3358/1126 4675/3360/4673
f 2171/3356/2171 3371/3351/3371 280/866/280
f 2171/3356/2171 4673/3355/4671 3371/3351/3371
f 4673/3355/4671 1127/3349/1127 3371/3351/3371
f 4672/3353/4670 2250/3347/2250 1128/3346/1128
f 4672/3353/4670 2179/3260/2179 2250/3347/2250
f 2179/3260/2179 287/894/287 2250/3347/2250
f 4670/3350/4668 4672/3353/4670 1128/3346/1128
f 4670/3350/4668 4671/3352/4669 4672/3353/4670
f 4671/3352/4669 1057/3258/1057 4672/3353/4670
f 3371/3351/3371 3372/893/3372 280/866/280
f 3371/3351/3371 4670/3350/4668 3372/893/3372
f 4670/3350/4668 1128/3346/1128 3372/893/3372
f 4669/3348/4667 2251/896/2251 1129/3337/1129
f 4669/3348/4667 2250/3347/2250 2251/896/2251
f 2250/3347/2250 287/894/287 2251/896/2251
f 4667/3343/4665 4669/3348/4667 1129/3337/1129
f 4667/3343/4665 4668/3345/4666 4669/3348/4667
f 4668/3345/4666 1128/3346/1128 4669/3348/4667
f 2172/3344/2172 3373/3339/3373 281/870/281
f 2172/3344/2172 4667/3343/4665 3373/3339/3373
f 4667/3343/4665 1129/3337/1129 3373/3339/3373
f 4666/3341/4664 2252/3335/2252 1130/3334/1130
f 4666/3341/4664 2180/3248/2180 2252/3335/2252
f 2180/3248/2180 288/898/288 2252/3335/2252
f 4664/3338/4662 4666/3341/4664 1130/3334/1130
f 4664/3338/4662 4665/3340/4663 4666/3341/4664
f 4665/3340/4663 1058/3246/1058 4666/3341/4664
f 3373/3339/3373 3374/897/3374 281/870/281
f 3373/3339/3373 4664/3338/4662 3374/897/3374
f 4664/3338/4662 1130/3334/1130 3374/897/3374
f 4663/3336/4661 2253/900/2253 1131/3325/1131
f 4663/3336/4661 2252/3335/2252 2253/900/2253
f 2252/3335/2252 288/898/288 2253/900/2253
f 4661/3331/4659 4663/3336/4661 1131/3325/1131
f 4661/3331/4659 4662/3333/4660 4663/3336/4661
f 4662/3333/4660 1130/3334/1130 4663/3336/4661
f 2173/3332/2173 3375/3327/3375 282/874/282
f 2173/3332/2173 4661/3331/4659 3375/3327/3375
f 4661/3331/4659 1131/3325/1131 3375/3327/3375
f 4660/3329/4658 2254/3323/2254 1132/3322/1132
f 4660/3329/4658 2181/3236/2181 2254/3323/2254
f 2181/3236/2181 289/902/289 2254/3323/2254
f 4658/3326/4656 4660/3329/4658 1132/3322/1132
f 4658/3326/4656 4659/3328/4657 4660/3329/4658
f 4659/3328/4657 1059/3234/1059 4660/3329/4658
f 3375/3327/3375 3376/901/3376 282/874/282
f 3375/3327/3375 4658/3326/4656 3376/901/3376
f 4658/3326/4656 1132/3322/1132 3376/901/3376
f 4657/3324/4655 2255/904/2255 1133/3313/1133
f 4657/3324/4655 2254/3323/2254 2255/904/2255
f 2254/3323/2254 289/902/289 2255/904/2255
f 4655/3319/4653 4657/3324/4655 1133/3313/1133
f 4655/3319/4653 4656/3321/4654 4657/3324/4655
f 4656/3321/4654 1132/3322/1132 4657/3324/4655
f 2174/3320/2174 3377/3315/3377 283/878/283
f 2174/3320/2174 4655/3319/4653 3377/3315/3377
f 4655/3319/4653 1133/3313/1133 3377/3315/3377
f 4654/3317/4652 2256/3311/2256 1134/3310/1134
f 4654/3317/4652 2182/3224/2182 2256/3311/2256
f 2182/3224/2182 290/906/290 2256/3311/2256
f 4652/3314/4650 4654/3317/4652 1134/3310/1134
f 4652/3314/4650 4653/3316/4651 4654/3317/4652
f 4653/3316/4651 1060/3222/1060 4654/3317/4652
f 3377/3315/3377 3378/905/3378 283/878/283
f 3377/3315/3377 4652/3314/4650 3378/905/3378
f 4652/3314/4650 1134/3310/1134 3378/905/3378
f 4651/3312/4649 2257/908/2257 1135/3301/1135
f 4651/3312/4649 2256/3311/2256 2257/908/2257
f 2256/3311/2256 290/906/290 2257/908/2257
f 4649/3307/4647 4651/3312/4649 1135/3301/1135
f 4649/3307/4647 4650/3309/4648 4651/3312/4649
f 4650/3309/4648 1134/3310/1134 4651/3312/4649
f 2168/3308/2168 3379/3303/3379 81/535/81
f 2168/3308/2168 4649/3307/4647 3379/3303/3379
f 4649/3307/4647 1135/3301/1135 3379/3303/3379
f 4648/3305/4646 2727/540/2727 483/4377/483
f 4648/3305/4646 2175/3212/2175 2727/540/2727
f 2175/3212/2175 80/538/80 2727/540/2727
f 4646/3302/4644 4648/3305/4646 483/4377/483
f 4646/3302/4644 4647/3304/4645 4648/3305/4646
f 4647/3304/4645 1053/3210/1053 4648/3305/4646
f 3379/3303/3379 1605/4379/1605 81/535/81
f 3379/3303/3379 4646/3302/4644 1605/4379/1605
f 4646/3302/4644 483/4377/483 1605/4379/1605
f 4645/3300/4643 2259/912/2259 1137/3289/1137
f 4645/3300/4643 2258/3299/2258 2259/912/2259
f 2258/3299/2258 291/910/291 2259/912/2259
f 4643/3295/4641 4645/3300/4643 1137/3289/1137
f 4643/3295/4641 4644/3297/4642 4645/3300/4643
f 4644/3297/4642 1136/3298/1136 4645/3300/4643
f 2176/3296/2176 3381/3291/3381 284/882/284
f 2176/3296/2176 4643/3295/4641 3381/3291/3381
f 4643/3295/4641 1137/3289/1137 3381/3291/3381
f 4642/3293/4640 2260/3287/2260 1138/3286/1138
f 4642/3293/4640 2185/3188/2185 2260/3287/2260
f 2185/3188/2185 292/914/292 2260/3287/2260
f 4640/3290/4638 4642/3293/4640 1138/3286/1138
f 4640/3290/4638 4641/3292/4639 4642/3293/4640
f 4641/3292/4639 1063/3186/1063 4642/3293/4640
f 3381/3291/3381 3382/913/3382 284/882/284
f 3381/3291/3381 4640/3290/4638 3382/913/3382
f 4640/3290/4638 1138/3286/1138 3382/913/3382
f 4639/3288/4637 2261/916/2261 1139/3277/1139
f 4639/3288/4637 2260/3287/2260 2261/916/2261
f 2260/3287/2260 292/914/292 2261/916/2261
f 4637/3283/4635 4639/3288/4637 1139/3277/1139
f 4637/3283/4635 4638/3285/4636 4639/3288/4637
f 4638/3285/4636 1138/3286/1138 4639/3288/4637
f 2177/3284/2177 3383/3279/3383 285/886/285
f 2177/3284/2177 4637/3283/4635 3383/3279/3383
f 4637/3283/4635 1139/3277/1139 3383/3279/3383
f 4636/3281/4634 2262/3275/2262 1140/3274/1140
f 4636/3281/4634 2186/3176/2186 2262/3275/2262
f 2186/3176/2186 293/918/293 2262/3275/2262
f 4634/3278/4632 4636/3281/4634 1140/3274/1140
f 4634/3278/4632 4635/3280/4633 4636/3281/4634
f 4635/3280/4633 1064/3174/1064 4636/3281/4634
f 3383/3279/3383 3384/917/3384 285/886/285
f 3383/3279/3383 4634/3278/4632 3384/917/3384
f 4634/3278/4632 1140/3274/1140 3384/917/3384
f 4633/3276/4631 2263/920/2263 1141/3265/1141
f 4633/3276/4631 2262/3275/2262 2263/920/2263
f 2262/3275/2262 293/918/293 2263/920/2263
f 4631/3271/4629 4633/3276/4631 1141/3265/1141
f 4631/3271/4629 4632/3273/4630 4633/3276/4631
f 4632/3273/4630 1140/3274/1140 4633/3276/4631
f 2178/3272/2178 3385/3267/3385 286/890/286
f 2178/3272/2178 4631/3271/4629 3385/3267/3385
f 4631/3271/4629 1141/3265/1141 3385/3267/3385
f 4630/3269/4628 2264/3263/2264 1142/3262/1142
f 4630/3269/4628 2187/3164/2187 2264/3263/2264
f 2187/3164/2187 294/922/294 2264/3263/2264
f 4628/3266/4626 4630/3269/4628 1142/3262/1142
f 4628/3266/4626 4629/3268/4627 4630/3269/4628
f 4629/3268/4627 1065/3162/1065 4630/3269/4628
f 3385/3267/3385 3386/921/3386 286/890/286
f 3385/3267/3385 4628/3266/4626 3386/921/3386
f 4628/3266/4626 1142/3262/1142 3386/921/3386
f 4627/3264/4625 2265/924/2265 1143/3253/1143
f 4627/3264/4625 2264/3263/2264 2265/924/2265
f 2264/3263/2264 294/922/294 2265/924/2265
f 4625/3259/4623 4627/3264/4625 1143/3253/1143
f 4625/3259/4623 4626/3261/4624 4627/3264/4625
f 4626/3261/4624 1142/3262/1142 4627/3264/4625
f 2179/3260/2179 3387/3255/3387 287/894/287
f 2179/3260/2179 4625/3259/4623 3387/3255/3387
f 4625/3259/4623 1143/3253/1143 3387/3255/3387
f 4624/3257/4622 2266/3251/2266 1144/3250/1144
f 4624/3257/4622 2188/3152/2188 2266/3251/2266
f 2188/3152/2188 295/926/295 2266/3251/2266
f 4622/3254/4620 4624/3257/4622 1144/3250/1144
f 4622/3254/4620 4623/3256/4621 4624/3257/4622
f 4623/3256/4621 1066/3150/1066 4624/3257/4622
f 3387/3255/3387 3388/925/3388 287/894/287
f 3387/3255/3387 4622/3254/4620 3388/925/3388
f 4622/3254/4620 1144/3250/1144 3388/925/3388
f 4621/3252/4619 2267/928/2267 1145/3241/1145
f 4621/3252/4619 2266/3251/2266 2267/928/2267
f 2266/3251/2266 295/926/295 2267/928/2267
f 4619/3247/4617 4621/3252/4619 1145/3241/1145
f 4619/3247/4617 4620/3249/4618 4621/3252/4619
f 4620/3249/4618 1144/3250/1144 4621/3252/4619
f 2180/3248/2180 3389/3243/3389 288/898/288
f 2180/3248/2180 4619/3247/4617 3389/3243/3389
f 4619/3247/4617 1145/3241/1145 3389/3243/3389
f 4618/3245/4616 2268/3239/2268 1146/3238/1146
f 4618/3245/4616 2189/3140/2189 2268/3239/2268
f 2189/3140/2189 296/930/296 2268/3239/2268
f 4616/3242/4614 4618/3245/4616 1146/3238/1146
f 4616/3242/4614 4617/3244/4615 4618/3245/4616
f 4617/3244/4615 1067/3138/1067 4618/3245/4616
f 3389/3243/3389 3390/929/3390 288/898/288
f 3389/3243/3389 4616/3242/4614 3390/929/3390
f 4616/3242/4614 1146/3238/1146 3390/929/3390
f 4615/3240/4613 2269/932/2269 1147/3229/1147
f 4615/3240/4613 2268/3239/2268 2269/932/2269
f 2268/3239/2268 296/930/296 2269/932/2269
f 4613/3235/4611 4615/3240/4613 1147/3229/1147
f 4613/3235/4611 4614/3237/4612 4615/3240/4613
f 4614/3237/4612 1146/3238/1146 4615/3240/4613
f 2181/3236/2181 3391/3231/3391 289/902/289
f 2181/3236/2181 4613/3235/4611 3391/3231/3391
f 4613/3235/4611 1147/3229/1147 3391/3231/3391
f 4612/3233/4610 2270/3227/2270 1148/3226/1148
f 4612/3233/4610 2190/3128/2190 2270/3227/2270
f 2190/3128/2190 297/934/297 2270/3227/2270
f 4610/3230/4608 4612/3233/4610 1148/3226/1148
f 4610/3230/4608 4611/3232/4609 4612/3233/4610
f 4611/3232/4609 1068/3126/1068 4612/3233/4610
f 3391/3231/3391 3392/933/3392 289/902/289
f 3391/3231/3391 4610/3230/4608 3392/933/3392
f 4610/3230/4608 1148/3226/1148 3392/933/3392
f 4609/3228/4607 2271/936/2271 1149/3217/1149
f 4609/3228/4607 2270/3227/2270 2271/936/2271
f 2270/3227/2270 297/934/297 2271/936/2271
f 4607/3223/4605 4609/3228/4607 1149/3217/1149
f 4607/3223/4605 4608/3225/4606 4609/3228/4607
f 4608/3225/4606 1148/3226/1148 4609/3228/4607
f 2182/3224/2182 3393/3219/3393 290/906/290
f 2182/3224/2182 4607/3223/4605 3393/3219/3393
f 4607/3223/4605 1149/3217/1149 3393/3219/3393
f 4606/3221/4604 2272/3215/2272 1150/3214/1150
f 4606/3221/4604 2191/3116/2191 2272/3215/2272
f 2191/3116/2191 298/938/298 2272/3215/2272
f 4604/3218/4602 4606/3221/4604 1150/3214/1150
f 4604/3218/4602 4605/3220/4603 4606/3221/4604
f 4605/3220/4603 1069/3114/1069 4606/3221/4604
f 3393/3219/3393 3394/937/3394 290/906/290
f 3393/3219/3393 4604/3218/4602 3394/937/3394
f 4604/3218/4602 1150/3214/1150 3394/937/3394
f 4603/3216/4601 2273/940/2273 1151/3205/1151
f 4603/3216/4601 2272/3215/2272 2273/940/2273
f 2272/3215/2272 298/938/298 2273/940/2273
f 4601/3211/4599 4603/3216/4601 1151/3205/1151
f 4601/3211/4599 4602/3213/4600 4603/3216/4601
f 4602/3213/4600 1150/3214/1150 4603/3216/4601
f 2175/3212/2175 3395/3207/3395 80/538/80
f 2175/3212/2175 4601/3211/4599 3395/3207/3395
f 4601/3211/4599 1151/3205/1151 3395/3207/3395
f 4600/3209/4598 2726/543/2726 482/4372/482
f 4600/3209/4598 2183/3104/2183 2726/543/2726
f 2183/3104/2183 79/541/79 2726/543/2726
f 4598/3206/4596 4600/3209/4598 482/4372/482
f 4598/3206/4596 4599/3208/4597 4600/3209/4598
f 4599/3208/4597 1061/3102/1061 4600/3209/4598
f 3395/3207/3395 1604/4374/1604 80/538/80
f 3395/3207/3395 4598/3206/4596 1604/4374/1604
f 4598/3206/4596 482/4372/482 1604/4374/1604
f 4597/3204/4595 2275/944/2275 1153/3193/1153
f 4597/3204/4595 2274/3203/2274 2275/944/2275
f 2274/3203/2274 299/942/299 2275/944/2275
f 4595/3199/4593 4597/3204/4595 1153/3193/1153
f 4595/3199/4593 4596/3201/4594 4597/3204/4595
f 4596/3201/4594 1152/3202/1152 4597/3204/4595
f 2184/3200/2184 3397/3195/3397 291/910/291
f 2184/3200/2184 4595/3199/4593 3397/3195/3397
f 4595/3199/4593 1153/3193/1153 3397/3195/3397
f 4594/3197/4592 2276/3191/2276 1154/3190/1154
f 4594/3197/4592 2194/3078/2194 2276/3191/2276
f 2194/3078/2194 300/946/300 2276/3191/2276
f 4592/3194/4590 4594/3197/4592 1154/3190/1154
f 4592/3194/4590 4593/3196/4591 4594/3197/4592
f 4593/3196/4591 1072/3076/1072 4594/3197/4592
f 3397/3195/3397 3398/945/3398 291/910/291
f 3397/3195/3397 4592/3194/4590 3398/945/3398
f 4592/3194/4590 1154/3190/1154 3398/945/3398
f 4591/3192/4589 2277/948/2277 1155/3181/1155
f 4591/3192/4589 2276/3191/2276 2277/948/2277
f 2276/3191/2276 300/946/300 2277/948/2277
f 4589/3187/4587 4591/3192/4589 1155/3181/1155
f 4589/3187/4587 4590/3189/4588 4591/3192/4589
f 4590/3189/4588 1154/3190/1154 4591/3192/4589
f 2185/3188/2185 3399/3183/3399 292/914/292
f 2185/3188/2185 4589/3187/4587 3399/3183/3399
f 4589/3187/4587 1155/3181/1155 3399/3183/3399
f 4588/3185/4586 2278/3179/2278 1156/3178/1156
f 4588/3185/4586 2195/3064/2195 2278/3179/2278
f 2195/3064/2195 301/950/301 2278/3179/2278
f 4586/3182/4584 4588/3185/4586 1156/3178/1156
f 4586/3182/4584 4587/3184/4585 4588/3185/4586
f 4587/3184/4585 1073/3062/1073 4588/3185/4586
f 3399/3183/3399 3400/949/3400 292/914/292
f 3399/3183/3399 4586/3182/4584 3400/949/3400
f 4586/3182/4584 1156/3178/1156 3400/949/3400
f 4585/3180/4583 2279/952/2279 1157/3169/1157
f 4585/3180/4583 2278/3179/2278 2279/952/2279
f 2278/3179/2278 301/950/301 2279/952/2279
f 4583/3175/4581 4585/3180/4583 1157/3169/1157
f 4583/3175/4581 4584/3177/4582 4585/3180/4583
f 4584/3177/4582 1156/3178/1156 4585/3180/4583
f 2186/3176/2186 3401/3171/3401 293/918/293
f 2186/3176/2186 4583/3175/4581 3401/3171/3401
f 4583/3175/4581 1157/3169/1157 3401/3171/3401
f 4582/3173/4580 2280/3167/2280 1158/3166/1158
f 4582/3173/4580 2196/3050/2196 2280/3167/2280
f 2196/3050/2196 302/954/302 2280/3167/2280
f 4580/3170/4578 4582/3173/4580 1158/3166/1158
f 4580/3170/4578 4581/3172/4579 4582/3173/4580
f 4581/3172/4579 1074/3048/1074 4582/3173/4580
f 3401/3171/3401 3402/953/3402 293/918/293
f 3401/3171/3401 4580/3170/4578 3402/953/3402
f 4580/3170/4578 1158/3166/1158 3402/953/3402
f 4579/3168/4577 2281/956/2281 1159/3157/1159
f 4579/3168/4577 2280/3167/2280 2281/956/2281
f 2280/3167/2280 302/954/302 2281/956/2281
f 4577/3163/4575 4579/3168/4577 1159/3157/1159
f 4577/3163/4575 4578/3165/4576 4579/3168/4577
f 4578/3165/4576 1158/3166/1158 4579/3168/4577
f 2187/3164/2187 3403/3159/3403 294/922/294
f 2187/3164/2187 4577/3163/4575 3403/3159/3403
f 4577/3163/4575 1159/3157/1159 3403/3159/3403
f 4576/3161/4574 2282/3155/2282 1160/3154/1160
f 4576/3161/4574 2197/3036/2197 2282/3155/2282
f 2197/3036/2197 303/958/303 2282/3155/2282
f 4574/3158/4572 4576/3161/4574 1160/3154/1160
f 4574/3158/4572 4575/3160/4573 4576/3161/4574
f 4575/3160/4573 1075/3034/1075 4576/3161/4574
f 3403/3159/3403 3404/957/3404 294/922/294
f 3403/3159/3403 4574/3158/4572 3404/957/3404
f 4574/3158/4572 1160/3154/1160 3404/957/3404
f 4573/3156/4571 2283/960/2283 1161/3145/1161
f 4573/3156/4571 2282/3155/2282 2283/960/2283
f 2282/3155/2282 303/958/303 2283/960/2283
f 4571/3151/4569 4573/3156/4571 1161/3145/1161
f 4571/3151/4569 4572/3153/4570 4573/3156/4571
f 4572/3153/4570 1160/3154/1160 4573/3156/4571
f 2188/3152/2188 3405/3147/3405 295/926/295
f 2188/3152/2188 4571/3151/4569 3405/3147/3405
f 4571/3151/4569 1161/3145/1161 3405/3147/3405
f 4570/3149/4568 2284/3143/2284 1162/3142/1162
f 4570/3149/4568 2198/3022/2198 2284/3143/2284
f 2198/3022/2198 304/962/304 2284/3143/2284
f 4568/3146/4566 4570/3149/4568 1162/3142/1162
f 4568/3146/4566 4569/3148/4567 4570/3149/4568
f 4569/3148/4567 1076/3020/1076 4570/3149/4568
f 3405/3147/3405 3406/961/3406 295/926/295
f 3405/3147/3405 4568/3146/4566 3406/961/3406
f 4568/3146/4566 1162/3142/1162 3406/961/3406
f 4567/3144/4565 2285/964/2285 1163/3133/1163
f 4567/3144/4565 2284/3143/2284 2285/964/2285
f 2284/3143/2284 304/962/304 2285/964/2285
f 4565/3139/4563 4567/3144/4565 1163/3133/1163
f 4565/3139/4563 4566/3141/4564 4567/3144/4565
f 4566/3141/4564 1162/3142/1162 4567/3144/4565
f 2189/3140/2189 3407/3135/3407 296/930/296
f 2189/3140/2189 4565/3139/4563 3407/3135/3407
f 4565/3139/4563 1163/3133/1163 3407/3135/3407
f 4564/3137/4562 2286/3131/2286 1164/3130/1164
f 4564/3137/4562 2199/3008/2199 2286/3131/2286
f 2199/3008/2199 305/966/305 2286/3131/2286
f 4562/3134/4560 4564/3137/4562 1164/3130/1164
f 4562/3134/4560 4563/3136/4561 4564/3137/4562
f 4563/3136/4561 1077/3006/1077 4564/3137/4562
f 3407/3135/3407 3408/965/3408 296/930/296
f 3407/3135/3407 4562/3134/4560 3408/965/3408
f 4562/3134/4560 1164/3130/1164 3408/965/3408
f 4561/3132/4559 2287/968/2287 1165/3121/1165
f 4561/3132/4559 2286/3131/2286 2287/968/2287
f 2286/3131/2286 305/966/305 2287/968/2287
f 4559/3127/4557 4561/3132/4559 1165/3121/1165
f 4559/3127/4557 4560/3129/4558 4561/3132/4559
f 4560/3129/4558 1164/3130/1164 4561/3132/4559
f 2190/3128/2190 3409/3123/3409 297/934/297
f 2190/3128/2190 4559/3127/4557 3409/3123/3409
f 4559/3127/4557 1165/3121/1165 3409/3123/3409
f 4558/3125/4556 2288/3119/2288 1166/3118/1166
f 4558/3125/4556 2200/2994/2200 2288/3119/2288
f 2200/2994/2200 306/970/306 2288/3119/2288
f 4556/3122/4554 4558/3125/4556 1166/3118/1166
f 4556/3122/4554 4557/3124/4555 4558/3125/4556
f 4557/3124/4555 1078/2992/1078 4558/3125/4556
f 3409/3123/3409 3410/969/3410 297/934/297
f 3409/3123/3409 4556/3122/4554 3410/969/3410
f 4556/3122/4554 1166/3118/1166 3410/969/3410
f 4555/3120/4553 2289/972/2289 1167/3109/1167
f 4555/3120/4553 2288/3119/2288 2289/972/2289
f 2288/3119/2288 306/970/306 2289/972/2289
f 4553/3115/4551 4555/3120/4553 1167/3109/1167
f 4553/3115/4551 4554/3117/4552 4555/3120/4553
f 4554/3117/4552 1166/3118/1166 4555/3120/4553
f 2191/3116/2191 3411/3111/3411 298/938/298
f 2191/3116/2191 4553/3115/4551 3411/3111/3411
f 4553/3115/4551 1167/3109/1167 3411/3111/3411
f 4552/3113/4550 2290/3107/2290 1168/3106/1168
f 4552/3113/4550 2201/2980/2201 2290/3107/2290
f 2201/2980/2201 307/974/307 2290/3107/2290
f 4550/3110/4548 4552/3113/4550 1168/3106/1168
f 4550/3110/4548 4551/3112/4549 4552/3113/4550
f 4551/3112/4549 1079/2978/1079 4552/3113/4550
f 3411/3111/3411 3412/973/3412 298/938/298
f 3411/3111/3411 4550/3110/4548 3412/973/3412
f 4550/3110/4548 1168/3106/1168 3412/973/3412
f 4549/3108/4547 2291/976/2291 1169/3097/1169
f 4549/3108/4547 2290/3107/2290 2291/976/2291
f 2290/3107/2290 307/974/307 2291/976/2291
f 4547/3103/4545 4549/3108/4547 1169/3097/1169
f 4547/3103/4545 4548/3105/4546 4549/3108/4547
f 4548/3105/4546 1168/3106/1168 4549/3108/4547
f 2183/3104/2183 3413/3099/3413 79/541/79
f 2183/3104/2183 4547/3103/4545 3413/3099/3413
f 4547/3103/4545 1169/3097/1169 3413/3099/3413
f 4546/3101/4544 2725/546/2725 481/4367/481
f 4546/3101/4544 2192/2966/2192 2725/546/2725
f 2192/2966/2192 78/544/78 2725/546/2725
f 4544/3098/4542 4546/3101/4544 481/4367/481
f 4544/3098/4542 4545/3100/4543 4546/3101/4544
f 4545/3100/4543 1070/2964/1070 4546/3101/4544
f 3413/3099/3413 1603/4369/1603 79/541/79
f 3413/3099/3413 4544/3098/4542 1603/4369/1603
f 4544/3098/4542 481/4367/481 1603/4369/1603
f 4543/3096/4541 2293/980/2293 1171/3083/1171
f 4543/3096/4541 2292/3095/2292 2293/980/2293
f 2292/3095/2292 27/978/27 2293/980/2293
f 4541/3091/4539 4543/3096/4541 1171/3083/1171
f 4541/3091/4539 4542/3093/4540 4543/3096/4541
f 4542/3093/4540 1170/3094/1170 4543/3096/4541
f 2193/3092/2193 3415/3085/3415 299/942/299
f 2193/3092/2193 4541/3091/4539 3415/3085/3415
f 4541/3091/4539 1171/3083/1171 3415/3085/3415
f 4540/3089/4538 2294/3081/2294 1172/3080/1172
f 4540/3089/4538 2673/3088/2673 2294/3081/2294
f 2673/3088/2673 26/982/26 2294/3081/2294
f 4538/3084/4536 4540/3089/4538 1172/3080/1172
f 4538/3084/4536 4539/3086/4537 4540/3089/4538
f 4539/3086/4537 429/3087/429 4540/3089/4538
f 3415/3085/3415 3416/981/3416 299/942/299
f 3415/3085/3415 4538/3084/4536 3416/981/3416
f 4538/3084/4536 1172/3080/1172 3416/981/3416
f 4537/3082/4535 2295/984/2295 1173/3069/1173
f 4537/3082/4535 2294/3081/2294 2295/984/2295
f 2294/3081/2294 26/982/26 2295/984/2295
f 4535/3077/4533 4537/3082/4535 1173/3069/1173
f 4535/3077/4533 4536/3079/4534 4537/3082/4535
f 4536/3079/4534 1172/3080/1172 4537/3082/4535
f 2194/3078/2194 3417/3071/3417 300/946/300
f 2194/3078/2194 4535/3077/4533 3417/3071/3417
f 4535/3077/4533 1173/3069/1173 3417/3071/3417
f 4534/3075/4532 2296/3067/2296 1174/3066/1174
f 4534/3075/4532 2672/3074/2672 2296/3067/2296
f 2672/3074/2672 25/986/25 2296/3067/2296
f 4532/3070/4530 4534/3075/4532 1174/3066/1174
f 4532/3070/4530 4533/3072/4531 4534/3075/4532
f 4533/3072/4531 428/3073/428 4534/3075/4532
f 3417/3071/3417 3418/985/3418 300/946/300
f 3417/3071/3417 4532/3070/4530 3418/985/3418
f 4532/3070/4530 1174/3066/1174 3418/985/3418
f 4531/3068/4529 2297/988/2297 1175/3055/1175
f 4531/3068/4529 2296/3067/2296 2297/988/2297
f 2296/3067/2296 25/986/25 2297/988/2297
f 4529/3063/4527 4531/3068/4529 1175/3055/1175
f 4529/3063/4527 4530/3065/4528 4531/3068/4529
f 4530/3065/4528 1174/3066/1174 4531/3068/4529
f 2195/3064/2195 3419/3057/3419 301/950/301
f 2195/3064/2195 4529/3063/4527 3419/3057/3419
f 4529/3063/4527 1175/3055/1175 3419/3057/3419
f 4528/3061/4526 2298/3053/2298 1176/3052/1176
f 4528/3061/4526 2671/3060/2671 2298/3053/2298
f 2671/3060/2671 24/990/24 2298/3053/2298
f 4526/3056/4524 4528/3061/4526 1176/3052/1176
f 4526/3056/4524 4527/3058/4525 4528/3061/4526
f 4527/3058/4525 427/3059/427 4528/3061/4526
f 3419/3057/3419 3420/989/3420 301/950/301
f 3419/3057/3419 4526/3056/4524 3420/989/3420
f 4526/3056/4524 1176/3052/1176 3420/989/3420
f 4525/3054/4523 2299/992/2299 1177/3041/1177
f 4525/3054/4523 2298/3053/2298 2299/992/2299
f 2298/3053/2298 24/990/24 2299/992/2299
f 4523/3049/4521 4525/3054/4523 1177/3041/1177
f 4523/3049/4521 4524/3051/4522 4525/3054/4523
f 4524/3051/4522 1176/3052/1176 4525/3054/4523
f 2196/3050/2196 3421/3043/3421 302/954/302
f 2196/3050/2196 4523/3049/4521 3421/3043/3421
f 4523/3049/4521 1177/3041/1177 3421/3043/3421
f 4522/3047/4520 2300/3039/2300 1178/3038/1178
f 4522/3047/4520 2670/3046/2670 2300/3039/2300
f 2670/3046/2670 23/994/23 2300/3039/2300
f 4520/3042/4518 4522/3047/4520 1178/3038/1178
f 4520/3042/4518 4521/3044/4519 4522/3047/4520
f 4521/3044/4519 426/3045/426 4522/3047/4520
f 3421/3043/3421 3422/993/3422 302/954/302
f 3421/3043/3421 4520/3042/4518 3422/993/3422
f 4520/3042/4518 1178/3038/1178 3422/993/3422
f 4519/3040/4517 2301/996/2301 1179/3027/1179
f 4519/3040/4517 2300/3039/2300 2301/996/2301
f 2300/3039/2300 23/994/23 2301/996/2301
f 4517/3035/4515 4519/3040/4517 1179/3027/1179
f 4517/3035/4515 4518/3037/4516 4519/3040/4517
f 4518/3037/4516 1178/3038/1178 4519/3040/4517
f 2197/3036/2197 3423/3029/3423 303/958/303
f 2197/3036/2197 4517/3035/4515 3423/3029/3423
f 4517/3035/4515 1179/3027/1179 3423/3029/3423
f 4516/3033/4514 2302/3025/2302 1180/3024/1180
f 4516/3033/4514 2669/3032/2669 2302/3025/2302
f 2669/3032/2669 22/998/22 2302/3025/2302
f 4514/3028/4512 4516/3033/4514 1180/3024/1180
f 4514/3028/4512 4515/3030/4513 4516/3033/4514
f 4515/3030/4513 425/3031/425 4516/3033/4514
f 3423/3029/3423 3424/997/3424 303/958/303
f 3423/3029/3423 4514/3028/4512 3424/997/3424
f 4514/3028/4512 1180/3024/1180 3424/997/3424
f 4513/3026/4511 2303/1000/2303 1181/3013/1181
f 4513/3026/4511 2302/3025/2302 2303/1000/2303
f 2302/3025/2302 22/998/22 2303/1000/2303
f 4511/3021/4509 4513/3026/4511 1181/3013/1181
f 4511/3021/4509 4512/3023/4510 4513/3026/4511
f 4512/3023/4510 1180/3024/1180 4513/3026/4511
f 2198/3022/2198 3425/3015/3425 304/962/304
f 2198/3022/2198 4511/3021/4509 3425/3015/3425
f 4511/3021/4509 1181/3013/1181 3425/3015/3425
f 4510/3019/4508 2304/3011/2304 1182/3010/1182
f 4510/3019/4508 2668/3018/2668 2304/3011/2304
f 2668/3018/2668 21/1002/21 2304/3011/2304
f 4508/3014/4506 4510/3019/4508 1182/3010/1182
f 4508/3014/4506 4509/3016/4507 4510/3019/4508
f 4509/3016/4507 424/3017/424 4510/3019/4508
f 3425/3015/3425 3426/1001/3426 304/962/304
f 3425/3015/3425 4508/3014/4506 3426/1001/3426
f 4508/3014/4506 1182/3010/1182 3426/1001/3426
f 4507/3012/4505 2305/1004/2305 1183/2999/1183
f 4507/3012/4505 2304/3011/2304 2305/1004/2305
f 2304/3011/2304 21/1002/21 2305/1004/2305
f 4505/3007/4503 4507/3012/4505 1183/2999/1183
f 4505/3007/4503 4506/3009/4504 4507/3012/4505
f 4506/3009/4504 1182/3010/1182 4507/3012/4505
f 2199/3008/2199 3427/3001/3427 305/966/305
f 2199/3008/2199 4505/3007/4503 3427/3001/3427
f 4505/3007/4503 1183/2999/1183 3427/3001/3427
f 4504/3005/4502 2306/2997/2306 1184/2996/1184
f 4504/3005/4502 2667/3004/2667 2306/2997/2306
f 2667/3004/2667 20/1006/20 2306/2997/2306
f 4502/3000/4500 4504/3005/4502 1184/2996/1184
f 4502/3000/4500 4503/3002/4501 4504/3005/4502
f 4503/3002/4501 423/3003/423 4504/3005/4502
f 3427/3001/3427 3428/1005/3428 305/966/305
f 3427/3001/3427 4502/3000/4500 3428/1005/3428
f 4502/3000/4500 1184/2996/1184 3428/1005/3428
f 4501/2998/4499 2307/1008/2307 1185/2985/1185
f 4501/2998/4499 2306/2997/2306 2307/1008/2307
f 2306/2997/2306 20/1006/20 2307/1008/2307
f 4499/2993/4497 4501/2998/4499 1185/2985/1185
f 4499/2993/4497 4500/2995/4498 4501/2998/4499
f 4500/2995/4498 1184/2996/1184 4501/2998/4499
f 2200/2994/2200 3429/2987/3429 306/970/306
f 2200/2994/2200 4499/2993/4497 3429/2987/3429
f 4499/2993/4497 1185/2985/1185 3429/2987/3429
f 4498/2991/4496 2308/2983/2308 1186/2982/1186
f 4498/2991/4496 2666/2990/2666 2308/2983/2308
f 2666/2990/2666 19/1010/19 2308/2983/2308
f 4496/2986/4494 4498/2991/4496 1186/2982/1186
f 4496/2986/4494 4497/2988/4495 4498/2991/4496
f 4497/2988/4495 422/2989/422 4498/2991/4496
f 3429/2987/3429 3430/1009/3430 306/970/306
f 3429/2987/3429 4496/2986/4494 3430/1009/3430
f 4496/2986/4494 1186/2982/1186 3430/1009/3430
f 4495/2984/4493 2309/1012/2309 1187/2971/1187
f 4495/2984/4493 2308/2983/2308 2309/1012/2309
f 2308/2983/2308 19/1010/19 2309/1012/2309
f 4493/2979/4491 4495/2984/4493 1187/2971/1187
f 4493/2979/4491 4494/2981/4492 4495/2984/4493
f 4494/2981/4492 1186/2982/1186 4495/2984/4493
f 2201/2980/2201 3431/2973/3431 307/974/307
f 2201/2980/2201 4493/2979/4491 3431/2973/3431
f 4493/2979/4491 1187/2971/1187 3431/2973/3431
f 4492/2977/4490 2310/2969/2310 1188/2968/1188
f 4492/2977/4490 2665/2976/2665 2310/2969/2310
f 2665/2976/2665 18/1014/18 2310/2969/2310
f 4490/2972/4488 4492/2977/4490 1188/2968/1188
f 4490/2972/4488 4491/2974/4489 4492/2977/4490
f 4491/2974/4489 421/2975/421 4492/2977/4490
f 3431/2973/3431 3432/1013/3432 307/974/307
f 3431/2973/3431 4490/2972/4488 3432/1013/3432
f 4490/2972/4488 1188/2968/1188 3432/1013/3432
f 4489/2970/4487 2311/1016/2311 1189/2957/1189
f 4489/2970/4487 2310/2969/2310 2311/1016/2311
f 2310/2969/2310 18/1014/18 2311/1016/2311
f 4487/2965/4485 4489/2970/4487 1189/2957/1189
f 4487/2965/4485 4488/2967/4486 4489/2970/4487
f 4488/2967/4486 1188/2968/1188 4489/2970/4487
f 2192/2966/2192 3433/2959/3433 78/544/78
f 2192/2966/2192 4487/2965/4485 3433/2959/3433
f 4487/2965/4485 1189/2957/1189 3433/2959/3433
f 4486/2963/4484 2724/12/2724 480/5871/480
f 4486/2963/4484 2664/2962/2664 2724/12/2724
f 2664/2962/2664 3/10/3 2724/12/2724
f 4484/2958/4482 4486/2963/4484 480/5871/480
f 4484/2958/4482 4485/2960/4483 4486/2963/4484
f 4485/2960/4483 420/2961/420 4486/2963/4484
f 3433/2959/3433 1602/5873/1602 78/544/78
f 3433/2959/3433 4484/2958/4482 1602/5873/1602
f 4484/2958/4482 480/5871/480 1602/5873/1602
f 4483/2956/4481 2650/769/2650 406/3682/406
f 4483/2956/4481 2312/2902/2312 2650/769/2650
f 2312/2902/2312 97/767/97 2650/769/2650
f 4481/2953/4479 4483/2956/4481 406/3682/406
f 4481/2953/4479 4482/2955/4480 4483/2956/4481
f 4482/2955/4480 1190/2900/1190 4483/2956/4481
f 1529/2954/1529 1528/3684/1528 7/5940/7
f 1529/2954/1529 4481/2953/4479 1528/3684/1528
f 4481/2953/4479 406/3682/406 1528/3684/1528
f 4480/2951/4478 2367/2905/2367 1245/2904/1245
f 4480/2951/4478 2314/2890/2314 2367/2905/2367
f 2314/2890/2314 308/1048/308 2367/2905/2367
f 4478/2948/4476 4480/2951/4478 1245/2904/1245
f 4478/2948/4476 4479/2950/4477 4480/2951/4478
f 4479/2950/4477 1192/2888/1192 4480/2951/4478
f 1631/2949/1631 3489/1047/3489 107/1017/107
f 1631/2949/1631 4478/2948/4476 3489/1047/3489
f 4478/2948/4476 1245/2904/1245 3489/1047/3489
f 4477/2946/4475 2369/2893/2369 1247/2892/1247
f 4477/2946/4475 2316/2866/2316 2369/2893/2369
f 2316/2866/2316 309/1052/309 2369/2893/2369
f 4475/2943/4473 4477/2946/4475 1247/2892/1247
f 4475/2943/4473 4476/2945/4474 4477/2946/4475
f 4476/2945/4474 1194/2864/1194 4477/2946/4475
f 1630/2944/1630 3491/1051/3491 106/1020/106
f 1630/2944/1630 4475/2943/4473 3491/1051/3491
f 4475/2943/4473 1247/2892/1247 3491/1051/3491
f 4474/2941/4472 2373/2869/2373 1251/2868/1251
f 4474/2941/4472 2319/2830/2319 2373/2869/2373
f 2319/2830/2319 311/1060/311 2373/2869/2373
f 4472/2938/4470 4474/2941/4472 1251/2868/1251
f 4472/2938/4470 4473/2940/4471 4474/2941/4472
f 4473/2940/4471 1197/2828/1197 4474/2941/4472
f 1629/2939/1629 3495/1059/3495 105/1023/105
f 1629/2939/1629 4472/2938/4470 3495/1059/3495
f 4472/2938/4470 1251/2868/1251 3495/1059/3495
f 4471/2936/4469 2379/2833/2379 1257/2832/1257
f 4471/2936/4469 2323/2782/2323 2379/2833/2379
f 2323/2782/2323 314/1072/314 2379/2833/2379
f 4469/2933/4467 4471/2936/4469 1257/2832/1257
f 4469/2933/4467 4470/2935/4468 4471/2936/4469
f 4470/2935/4468 1201/2780/1201 4471/2936/4469
f 1628/2934/1628 3501/1071/3501 104/1026/104
f 1628/2934/1628 4469/2933/4467 3501/1071/3501
f 4469/2933/4467 1257/2832/1257 3501/1071/3501
f 4468/2931/4466 2387/2785/2387 1265/2784/1265
f 4468/2931/4466 2328/2722/2328 2387/2785/2387
f 2328/2722/2328 318/1088/318 2387/2785/2387
f 4466/2928/4464 4468/2931/4466 1265/2784/1265
f 4466/2928/4464 4467/2930/4465 4468/2931/4466
f 4467/2930/4465 1206/2720/1206 4468/2931/4466
f 1627/2929/1627 3509/1087/3509 103/1029/103
f 1627/2929/1627 4466/2928/4464 3509/1087/3509
f 4466/2928/4464 1265/2784/1265 3509/1087/3509
f 4465/2926/4463 2397/2725/2397 1275/2724/1275
f 4465/2926/4463 2334/2650/2334 2397/2725/2397
f 2334/2650/2334 323/1108/323 2397/2725/2397
f 4463/2923/4461 4465/2926/4463 1275/2724/1275
f 4463/2923/4461 4464/2925/4462 4465/2926/4463
f 4464/2925/4462 1212/2648/1212 4465/2926/4463
f 1626/2924/1626 3519/1107/3519 102/1032/102
f 1626/2924/1626 4463/2923/4461 3519/1107/3519
f 4463/2923/4461 1275/2724/1275 3519/1107/3519
f 4462/2921/4460 2409/2653/2409 1287/2652/1287
f 4462/2921/4460 2341/2566/2341 2409/2653/2409
f 2341/2566/2341 329/1132/329 2409/2653/2409
f 4460/2918/4458 4462/2921/4460 1287/2652/1287
f 4460/2918/4458 4461/2920/4459 4462/2921/4460
f 4461/2920/4459 1219/2564/1219 4462/2921/4460
f 1625/2919/1625 3531/1131/3531 101/1035/101
f 1625/2919/1625 4460/2918/4458 3531/1131/3531
f 4460/2918/4458 1287/2652/1287 3531/1131/3531
f 4459/2916/4457 2423/2569/2423 1301/2568/1301
f 4459/2916/4457 2349/2470/2349 2423/2569/2423
f 2349/2470/2349 336/1160/336 2423/2569/2423
f 4457/2913/4455 4459/2916/4457 1301/2568/1301
f 4457/2913/4455 4458/2915/4456 4459/2916/4457
f 4458/2915/4456 1227/2468/1227 4459/2916/4457
f 1624/2914/1624 3545/1159/3545 100/1038/100
f 1624/2914/1624 4457/2913/4455 3545/1159/3545
f 4457/2913/4455 1301/2568/1301 3545/1159/3545
f 4456/2911/4454 2439/2473/2439 1317/2472/1317
f 4456/2911/4454 2358/2362/2358 2439/2473/2439
f 2358/2362/2358 344/1192/344 2439/2473/2439
f 4454/2908/4452 4456/2911/4454 1317/2472/1317
f 4454/2908/4452 4455/2910/4453 4456/2911/4454
f 4455/2910/4453 1236/2360/1236 4456/2911/4454
f 1623/2909/1623 3561/1191/3561 99/1041/99
f 1623/2909/1623 4454/2908/4452 3561/1191/3561
f 4454/2908/4452 1317/2472/1317 3561/1191/3561
f 4453/2906/4451 2368/1050/2368 1246/2895/1246
f 4453/2906/4451 2367/2905/2367 2368/1050/2368
f 2367/2905/2367 308/1048/308 2368/1050/2368
f 4451/2901/4449 4453/2906/4451 1246/2895/1246
f 4451/2901/4449 4452/2903/4450 4453/2906/4451
f 4452/2903/4450 1245/2904/1245 4453/2906/4451
f 2312/2902/2312 3490/2897/3490 97/767/97
f 2312/2902/2312 4451/2901/4449 3490/2897/3490
f 4451/2901/4449 1246/2895/1246 3490/2897/3490
f 4450/2899/4448 2743/772/2743 499/3677/499
f 4450/2899/4448 2313/2878/2313 2743/772/2743
f 2313/2878/2313 96/770/96 2743/772/2743
f 4448/2896/4446 4450/2899/4448 499/3677/499
f 4448/2896/4446 4449/2898/4447 4450/2899/4448
f 4449/2898/4447 1191/2876/1191 4450/2899/4448
f 3490/2897/3490 1621/3679/1621 97/767/97
f 3490/2897/3490 4448/2896/4446 1621/3679/1621
f 4448/2896/4446 499/3677/499 1621/3679/1621
f 4447/2894/4445 2370/1054/2370 1248/2883/1248
f 4447/2894/4445 2369/2893/2369 2370/1054/2370
f 2369/2893/2369 309/1052/309 2370/1054/2370
f 4445/2889/4443 4447/2894/4445 1248/2883/1248
f 4445/2889/4443 4446/2891/4444 4447/2894/4445
f 4446/2891/4444 1247/2892/1247 4447/2894/4445
f 2314/2890/2314 3492/2885/3492 308/1048/308
f 2314/2890/2314 4445/2889/4443 3492/2885/3492
f 4445/2889/4443 1248/2883/1248 3492/2885/3492
f 4444/2887/4442 2371/2881/2371 1249/2880/1249
f 4444/2887/4442 2317/2854/2317 2371/2881/2371
f 2317/2854/2317 310/1056/310 2371/2881/2371
f 4442/2884/4440 4444/2887/4442 1249/2880/1249
f 4442/2884/4440 4443/2886/4441 4444/2887/4442
f 4443/2886/4441 1195/2852/1195 4444/2887/4442
f 3492/2885/3492 3493/1055/3493 308/1048/308
f 3492/2885/3492 4442/2884/4440 3493/1055/3493
f 4442/2884/4440 1249/2880/1249 3493/1055/3493
f 4441/2882/4439 2372/1058/2372 1250/2871/1250
f 4441/2882/4439 2371/2881/2371 2372/1058/2372
f 2371/2881/2371 310/1056/310 2372/1058/2372
f 4439/2877/4437 4441/2882/4439 1250/2871/1250
f 4439/2877/4437 4440/2879/4438 4441/2882/4439
f 4440/2879/4438 1249/2880/1249 4441/2882/4439
f 2313/2878/2313 3494/2873/3494 96/770/96
f 2313/2878/2313 4439/2877/4437 3494/2873/3494
f 4439/2877/4437 1250/2871/1250 3494/2873/3494
f 4438/2875/4436 2742/775/2742 498/3672/498
f 4438/2875/4436 2315/2842/2315 2742/775/2742
f 2315/2842/2315 95/773/95 2742/775/2742
f 4436/2872/4434 4438/2875/4436 498/3672/498
f 4436/2872/4434 4437/2874/4435 4438/2875/4436
f 4437/2874/4435 1193/2840/1193 4438/2875/4436
f 3494/2873/3494 1620/3674/1620 96/770/96
f 3494/2873/3494 4436/2872/4434 1620/3674/1620
f 4436/2872/4434 498/3672/498 1620/3674/1620
f 4435/2870/4433 2374/1062/2374 1252/2859/1252
f 4435/2870/4433 2373/2869/2373 2374/1062/2374
f 2373/2869/2373 311/1060/311 2374/1062/2374
f 4433/2865/4431 4435/2870/4433 1252/2859/1252
f 4433/2865/4431 4434/2867/4432 4435/2870/4433
f 4434/2867/4432 1251/2868/1251 4435/2870/4433
f 2316/2866/2316 3496/2861/3496 309/1052/309
f 2316/2866/2316 4433/2865/4431 3496/2861/3496
f 4433/2865/4431 1252/2859/1252 3496/2861/3496
f 4432/2863/4430 2375/2857/2375 1253/2856/1253
f 4432/2863/4430 2320/2818/2320 2375/2857/2375
f 2320/2818/2320 312/1064/312 2375/2857/2375
f 4430/2860/4428 4432/2863/4430 1253/2856/1253
f 4430/2860/4428 4431/2862/4429 4432/2863/4430
f 4431/2862/4429 1198/2816/1198 4432/2863/4430
f 3496/2861/3496 3497/1063/3497 309/1052/309
f 3496/2861/3496 4430/2860/4428 3497/1063/3497
f 4430/2860/4428 1253/2856/1253 3497/1063/3497
f 4429/2858/4427 2376/1066/2376 1254/2847/1254
f 4429/2858/4427 2375/2857/2375 2376/1066/2376
f 2375/2857/2375 312/1064/312 2376/1066/2376
f 4427/2853/4425 4429/2858/4427 1254/2847/1254
f 4427/2853/4425 4428/2855/4426 4429/2858/4427
f 4428/2855/4426 1253/2856/1253 4429/2858/4427
f 2317/2854/2317 3498/2849/3498 310/1056/310
f 2317/2854/2317 4427/2853/4425 3498/2849/3498
f 4427/2853/4425 1254/2847/1254 3498/2849/3498
f 4426/2851/4424 2377/2845/2377 1255/2844/1255
f 4426/2851/4424 2321/2806/2321 2377/2845/2377
f 2321/2806/2321 313/1068/313 2377/2845/2377
f 4424/2848/4422 4426/2851/4424 1255/2844/1255
f 4424/2848/4422 4425/2850/4423 4426/2851/4424
f 4425/2850/4423 1199/2804/1199 4426/2851/4424
f 3498/2849/3498 3499/1067/3499 310/1056/310
f 3498/2849/3498 4424/2848/4422 3499/1067/3499
f 4424/2848/4422 1255/2844/1255 3499/1067/3499
f 4423/2846/4421 2378/1070/2378 1256/2835/1256
f 4423/2846/4421 2377/2845/2377 2378/1070/2378
f 2377/2845/2377 313/1068/313 2378/1070/2378
f 4421/2841/4419 4423/2846/4421 1256/2835/1256
f 4421/2841/4419 4422/2843/4420 4423/2846/4421
f 4422/2843/4420 1255/2844/1255 4423/2846/4421
f 2315/2842/2315 3500/2837/3500 95/773/95
f 2315/2842/2315 4421/2841/4419 3500/2837/3500
f 4421/2841/4419 1256/2835/1256 3500/2837/3500
f 4420/2839/4418 2741/778/2741 497/3667/497
f 4420/2839/4418 2318/2794/2318 2741/778/2741
f 2318/2794/2318 94/776/94 2741/778/2741
f 4418/2836/4416 4420/2839/4418 497/3667/497
f 4418/2836/4416 4419/2838/4417 4420/2839/4418
f 4419/2838/4417 1196/2792/1196 4420/2839/4418
f 3500/2837/3500 1619/3669/1619 95/773/95
f 3500/2837/3500 4418/2836/4416 1619/3669/1619
f 4418/2836/4416 497/3667/497 1619/3669/1619
f 4417/2834/4415 2380/1074/2380 1258/2823/1258
f 4417/2834/4415 2379/2833/2379 2380/1074/2380
f 2379/2833/2379 314/1072/314 2380/1074/2380
f 4415/2829/4413 4417/2834/4415 1258/2823/1258
f 4415/2829/4413 4416/2831/4414 4417/2834/4415
f 4416/2831/4414 1257/2832/1257 4417/2834/4415
f 2319/2830/2319 3502/2825/3502 311/1060/311
f 2319/2830/2319 4415/2829/4413 3502/2825/3502
f 4415/2829/4413 1258/2823/1258 3502/2825/3502
f 4414/2827/4412 2381/2821/2381 1259/2820/1259
f 4414/2827/4412 2324/2770/2324 2381/2821/2381
f 2324/2770/2324 315/1076/315 2381/2821/2381
f 4412/2824/4410 4414/2827/4412 1259/2820/1259
f 4412/2824/4410 4413/2826/4411 4414/2827/4412
f 4413/2826/4411 1202/2768/1202 4414/2827/4412
f 3502/2825/3502 3503/1075/3503 311/1060/311
f 3502/2825/3502 4412/2824/4410 3503/1075/3503
f 4412/2824/4410 1259/2820/1259 3503/1075/3503
f 4411/2822/4409 2382/1078/2382 1260/2811/1260
f 4411/2822/4409 2381/2821/2381 2382/1078/2382
f 2381/2821/2381 315/1076/315 2382/1078/2382
f 4409/2817/4407 4411/2822/4409 1260/2811/1260
f 4409/2817/4407 4410/2819/4408 4411/2822/4409
f 4410/2819/4408 1259/2820/1259 4411/2822/4409
f 2320/2818/2320 3504/2813/3504 312/1064/312
f 2320/2818/2320 4409/2817/4407 3504/2813/3504
f 4409/2817/4407 1260/2811/1260 3504/2813/3504
f 4408/2815/4406 2383/2809/2383 1261/2808/1261
f 4408/2815/4406 2325/2758/2325 2383/2809/2383
f 2325/2758/2325 316/1080/316 2383/2809/2383
f 4406/2812/4404 4408/2815/4406 1261/2808/1261
f 4406/2812/4404 4407/2814/4405 4408/2815/4406
f 4407/2814/4405 1203/2756/1203 4408/2815/4406
f 3504/2813/3504 3505/1079/3505 312/1064/312
f 3504/2813/3504 4406/2812/4404 3505/1079/3505
f 4406/2812/4404 1261/2808/1261 3505/1079/3505
f 4405/2810/4403 2384/1082/2384 1262/2799/1262
f 4405/2810/4403 2383/2809/2383 2384/1082/2384
f 2383/2809/2383 316/1080/316 2384/1082/2384
f 4403/2805/4401 4405/2810/4403 1262/2799/1262
f 4403/2805/4401 4404/2807/4402 4405/2810/4403
f 4404/2807/4402 1261/2808/1261 4405/2810/4403
f 2321/2806/2321 3506/2801/3506 313/1068/313
f 2321/2806/2321 4403/2805/4401 3506/2801/3506
f 4403/2805/4401 1262/2799/1262 3506/2801/3506
f 4402/2803/4400 2385/2797/2385 1263/2796/1263
f 4402/2803/4400 2326/2746/2326 2385/2797/2385
f 2326/2746/2326 317/1084/317 2385/2797/2385
f 4400/2800/4398 4402/2803/4400 1263/2796/1263
f 4400/2800/4398 4401/2802/4399 4402/2803/4400
f 4401/2802/4399 1204/2744/1204 4402/2803/4400
f 3506/2801/3506 3507/1083/3507 313/1068/313
f 3506/2801/3506 4400/2800/4398 3507/1083/3507
f 4400/2800/4398 1263/2796/1263 3507/1083/3507
f 4399/2798/4397 2386/1086/2386 1264/2787/1264
f 4399/2798/4397 2385/2797/2385 2386/1086/2386
f 2385/2797/2385 317/1084/317 2386/1086/2386
f 4397/2793/4395 4399/2798/4397 1264/2787/1264
f 4397/2793/4395 4398/2795/4396 4399/2798/4397
f 4398/2795/4396 1263/2796/1263 4399/2798/4397
f 2318/2794/2318 3508/2789/3508 94/776/94
f 2318/2794/2318 4397/2793/4395 3508/2789/3508
f 4397/2793/4395 1264/2787/1264 3508/2789/3508
f 4396/2791/4394 2740/781/2740 496/3662/496
f 4396/2791/4394 2322/2734/2322 2740/781/2740
f 2322/2734/2322 93/779/93 2740/781/2740
f 4394/2788/4392 4396/2791/4394 496/3662/496
f 4394/2788/4392 4395/2790/4393 4396/2791/4394
f 4395/2790/4393 1200/2732/1200 4396/2791/4394
f 3508/2789/3508 1618/3664/1618 94/776/94
f 3508/2789/3508 4394/2788/4392 1618/3664/1618
f 4394/2788/4392 496/3662/496 1618/3664/1618
f 4393/2786/4391 2388/1090/2388 1266/2775/1266
f 4393/2786/4391 2387/2785/2387 2388/1090/2388
f 2387/2785/2387 318/1088/318 2388/1090/2388
f 4391/2781/4389 4393/2786/4391 1266/2775/1266
f 4391/2781/4389 4392/2783/4390 4393/2786/4391
f 4392/2783/4390 1265/2784/1265 4393/2786/4391
f 2323/2782/2323 3510/2777/3510 314/1072/314
f 2323/2782/2323 4391/2781/4389 3510/2777/3510
f 4391/2781/4389 1266/2775/1266 3510/2777/3510
f 4390/2779/4388 2389/2773/2389 1267/2772/1267
f 4390/2779/4388 2329/2710/2329 2389/2773/2389
f 2329/2710/2329 319/1092/319 2389/2773/2389
f 4388/2776/4386 4390/2779/4388 1267/2772/1267
f 4388/2776/4386 4389/2778/4387 4390/2779/4388
f 4389/2778/4387 1207/2708/1207 4390/2779/4388
f 3510/2777/3510 3511/1091/3511 314/1072/314
f 3510/2777/3510 4388/2776/4386 3511/1091/3511
f 4388/2776/4386 1267/2772/1267 3511/1091/3511
f 4387/2774/4385 2390/1094/2390 1268/2763/1268
f 4387/2774/4385 2389/2773/2389 2390/1094/2390
f 2389/2773/2389 319/1092/319 2390/1094/2390
f 4385/2769/4383 4387/2774/4385 1268/2763/1268
f 4385/2769/4383 4386/2771/4384 4387/2774/4385
f 4386/2771/4384 1267/2772/1267 4387/2774/4385
f 2324/2770/2324 3512/2765/3512 315/1076/315
f 2324/2770/2324 4385/2769/4383 3512/2765/3512
f 4385/2769/4383 1268/2763/1268 3512/2765/3512
f 4384/2767/4382 2391/2761/2391 1269/2760/1269
f 4384/2767/4382 2330/2698/2330 2391/2761/2391
f 2330/2698/2330 320/1096/320 2391/2761/2391
f 4382/2764/4380 4384/2767/4382 1269/2760/1269
f 4382/2764/4380 4383/2766/4381 4384/2767/4382
f 4383/2766/4381 1208/2696/1208 4384/2767/4382
f 3512/2765/3512 3513/1095/3513 315/1076/315
f 3512/2765/3512 4382/2764/4380 3513/1095/3513
f 4382/2764/4380 1269/2760/1269 3513/1095/3513
f 4381/2762/4379 2392/1098/2392 1270/2751/1270
f 4381/2762/4379 2391/2761/2391 2392/1098/2392
f 2391/2761/2391 320/1096/320 2392/1098/2392
f 4379/2757/4377 4381/2762/4379 1270/2751/1270
f 4379/2757/4377 4380/2759/4378 4381/2762/4379
f 4380/2759/4378 1269/2760/1269 4381/2762/4379
f 2325/2758/2325 3514/2753/3514 316/1080/316
f 2325/2758/2325 4379/2757/4377 3514/2753/3514
f 4379/2757/4377 1270/2751/1270 3514/2753/3514
f 4378/2755/4376 2393/2749/2393 1271/2748/1271
f 4378/2755/4376 2331/2686/2331 2393/2749/2393
f 2331/2686/2331 321/1100/321 2393/2749/2393
f 4376/2752/4374 4378/2755/4376 1271/2748/1271
f 4376/2752/4374 4377/2754/4375 4378/2755/4376
f 4377/2754/4375 1209/2684/1209 4378/2755/4376
f 3514/2753/3514 3515/1099/3515 316/1080/316
f 3514/2753/3514 4376/2752/4374 3515/1099/3515
f 4376/2752/4374 1271/2748/1271 3515/1099/3515
f 4375/2750/4373 2394/1102/2394 1272/2739/1272
f 4375/2750/4373 2393/2749/2393 2394/1102/2394
f 2393/2749/2393 321/1100/321 2394/1102/2394
f 4373/2745/4371 4375/2750/4373 1272/2739/1272
f 4373/2745/4371 4374/2747/4372 4375/2750/4373
f 4374/2747/4372 1271/2748/1271 4375/2750/4373
f 2326/2746/2326 3516/2741/3516 317/1084/317
f 2326/2746/2326 4373/2745/4371 3516/2741/3516
f 4373/2745/4371 1272/2739/1272 3516/2741/3516
f 4372/2743/4370 2395/2737/2395 1273/2736/1273
f 4372/2743/4370 2332/2674/2332 2395/2737/2395
f 2332/2674/2332 322/1104/322 2395/2737/2395
f 4370/2740/4368 4372/2743/4370 1273/2736/1273
f 4370/2740/4368 4371/2742/4369 4372/2743/4370
f 4371/2742/4369 1210/2672/1210 4372/2743/4370
f 3516/2741/3516 3517/1103/3517 317/1084/317
f 3516/2741/3516 4370/2740/4368 3517/1103/3517
f 4370/2740/4368 1273/2736/1273 3517/1103/3517
f 4369/2738/4367 2396/1106/2396 1274/2727/1274
f 4369/2738/4367 2395/2737/2395 2396/1106/2396
f 2395/2737/2395 322/1104/322 2396/1106/2396
f 4367/2733/4365 4369/2738/4367 1274/2727/1274
f 4367/2733/4365 4368/2735/4366 4369/2738/4367
f 4368/2735/4366 1273/2736/1273 4369/2738/4367
f 2322/2734/2322 3518/2729/3518 93/779/93
f 2322/2734/2322 4367/2733/4365 3518/2729/3518
f 4367/2733/4365 1274/2727/1274 3518/2729/3518
f 4366/2731/4364 2739/784/2739 495/3657/495
f 4366/2731/4364 2327/2662/2327 2739/784/2739
f 2327/2662/2327 92/782/92 2739/784/2739
f 4364/2728/4362 4366/2731/4364 495/3657/495
f 4364/2728/4362 4365/2730/4363 4366/2731/4364
f 4365/2730/4363 1205/2660/1205 4366/2731/4364
f 3518/2729/3518 1617/3659/1617 93/779/93
f 3518/2729/3518 4364/2728/4362 1617/3659/1617
f 4364/2728/4362 495/3657/495 1617/3659/1617
f 4363/2726/4361 2398/1110/2398 1276/2715/1276
f 4363/2726/4361 2397/2725/2397 2398/1110/2398
f 2397/2725/2397 323/1108/323 2398/1110/2398
f 4361/2721/4359 4363/2726/4361 1276/2715/1276
f 4361/2721/4359 4362/2723/4360 4363/2726/4361
f 4362/2723/4360 1275/2724/1275 4363/2726/4361
f 2328/2722/2328 3520/2717/3520 318/1088/318
f 2328/2722/2328 4361/2721/4359 3520/2717/3520
f 4361/2721/4359 1276/2715/1276 3520/2717/3520
f 4360/2719/4358 2399/2713/2399 1277/2712/1277
f 4360/2719/4358 2335/2638/2335 2399/2713/2399
f 2335/2638/2335 324/1112/324 2399/2713/2399
f 4358/2716/4356 4360/2719/4358 1277/2712/1277
f 4358/2716/4356 4359/2718/4357 4360/2719/4358
f 4359/2718/4357 1213/2636/1213 4360/2719/4358
f 3520/2717/3520 3521/1111/3521 318/1088/318
f 3520/2717/3520 4358/2716/4356 3521/1111/3521
f 4358/2716/4356 1277/2712/1277 3521/1111/3521
f 4357/2714/4355 2400/1114/2400 1278/2703/1278
f 4357/2714/4355 2399/2713/2399 2400/1114/2400
f 2399/2713/2399 324/1112/324 2400/1114/2400
f 4355/2709/4353 4357/2714/4355 1278/2703/1278
f 4355/2709/4353 4356/2711/4354 4357/2714/4355
f 4356/2711/4354 1277/2712/1277 4357/2714/4355
f 2329/2710/2329 3522/2705/3522 319/1092/319
f 2329/2710/2329 4355/2709/4353 3522/2705/3522
f 4355/2709/4353 1278/2703/1278 3522/2705/3522
f 4354/2707/4352 2401/2701/2401 1279/2700/1279
f 4354/2707/4352 2336/2626/2336 2401/2701/2401
f 2336/2626/2336 325/1116/325 2401/2701/2401
f 4352/2704/4350 4354/2707/4352 1279/2700/1279
f 4352/2704/4350 4353/2706/4351 4354/2707/4352
f 4353/2706/4351 1214/2624/1214 4354/2707/4352
f 3522/2705/3522 3523/1115/3523 319/1092/319
f 3522/2705/3522 4352/2704/4350 3523/1115/3523
f 4352/2704/4350 1279/2700/1279 3523/1115/3523
f 4351/2702/4349 2402/1118/2402 1280/2691/1280
f 4351/2702/4349 2401/2701/2401 2402/1118/2402
f 2401/2701/2401 325/1116/325 2402/1118/2402
f 4349/2697/4347 4351/2702/4349 1280/2691/1280
f 4349/2697/4347 4350/2699/4348 4351/2702/4349
f 4350/2699/4348 1279/2700/1279 4351/2702/4349
f 2330/2698/2330 3524/2693/3524 320/1096/320
f 2330/2698/2330 4349/2697/4347 3524/2693/3524
f 4349/2697/4347 1280/2691/1280 3524/2693/3524
f 4348/2695/4346 2403/2689/2403 1281/2688/1281
f 4348/2695/4346 2337/2614/2337 2403/2689/2403
f 2337/2614/2337 326/1120/326 2403/2689/2403
f 4346/2692/4344 4348/2695/4346 1281/2688/1281
f 4346/2692/4344 4347/2694/4345 4348/2695/4346
f 4347/2694/4345 1215/2612/1215 4348/2695/4346
f 3524/2693/3524 3525/1119/3525 320/1096/320
f 3524/2693/3524 4346/2692/4344 3525/1119/3525
f 4346/2692/4344 1281/2688/1281 3525/1119/3525
f 4345/2690/4343 2404/1122/2404 1282/2679/1282
f 4345/2690/4343 2403/2689/2403 2404/1122/2404
f 2403/2689/2403 326/1120/326 2404/1122/2404
f 4343/2685/4341 4345/2690/4343 1282/2679/1282
f 4343/2685/4341 4344/2687/4342 4345/2690/4343
f 4344/2687/4342 1281/2688/1281 4345/2690/4343
f 2331/2686/2331 3526/2681/3526 321/1100/321
f 2331/2686/2331 4343/2685/4341 3526/2681/3526
f 4343/2685/4341 1282/2679/1282 3526/2681/3526
f 4342/2683/4340 2405/2677/2405 1283/2676/1283
f 4342/2683/4340 2338/2602/2338 2405/2677/2405
f 2338/2602/2338 327/1124/327 2405/2677/2405
f 4340/2680/4338 4342/2683/4340 1283/2676/1283
f 4340/2680/4338 4341/2682/4339 4342/2683/4340
f 4341/2682/4339 1216/2600/1216 4342/2683/4340
f 3526/2681/3526 3527/1123/3527 321/1100/321
f 3526/2681/3526 4340/2680/4338 3527/1123/3527
f 4340/2680/4338 1283/2676/1283 3527/1123/3527
f 4339/2678/4337 2406/1126/2406 1284/2667/1284
f 4339/2678/4337 2405/2677/2405 2406/1126/2406
f 2405/2677/2405 327/1124/327 2406/1126/2406
f 4337/2673/4335 4339/2678/4337 1284/2667/1284
f 4337/2673/4335 4338/2675/4336 4339/2678/4337
f 4338/2675/4336 1283/2676/1283 4339/2678/4337
f 2332/2674/2332 3528/2669/3528 322/1104/322
f 2332/2674/2332 4337/2673/4335 3528/2669/3528
f 4337/2673/4335 1284/2667/1284 3528/2669/3528
f 4336/2671/4334 2407/2665/2407 1285/2664/1285
f 4336/2671/4334 2339/2590/2339 2407/2665/2407
f 2339/2590/2339 328/1128/328 2407/2665/2407
f 4334/2668/4332 4336/2671/4334 1285/2664/1285
f 4334/2668/4332 4335/2670/4333 4336/2671/4334
f 4335/2670/4333 1217/2588/1217 4336/2671/4334
f 3528/2669/3528 3529/1127/3529 322/1104/322
f 3528/2669/3528 4334/2668/4332 3529/1127/3529
f 4334/2668/4332 1285/2664/1285 3529/1127/3529
f 4333/2666/4331 2408/1130/2408 1286/2655/1286
f 4333/2666/4331 2407/2665/2407 2408/1130/2408
f 2407/2665/2407 328/1128/328 2408/1130/2408
f 4331/2661/4329 4333/2666/4331 1286/2655/1286
f 4331/2661/4329 4332/2663/4330 4333/2666/4331
f 4332/2663/4330 1285/2664/1285 4333/2666/4331
f 2327/2662/2327 3530/2657/3530 92/782/92
f 2327/2662/2327 4331/2661/4329 3530/2657/3530
f 4331/2661/4329 1286/2655/1286 3530/2657/3530
f 4330/2659/4328 2738/787/2738 494/3652/494
f 4330/2659/4328 2333/2578/2333 2738/787/2738
f 2333/2578/2333 91/785/91 2738/787/2738
f 4328/2656/4326 4330/2659/4328 494/3652/494
f 4328/2656/4326 4329/2658/4327 4330/2659/4328
f 4329/2658/4327 1211/2576/1211 4330/2659/4328
f 3530/2657/3530 1616/3654/1616 92/782/92
f 3530/2657/3530 4328/2656/4326 1616/3654/1616
f 4328/2656/4326 494/3652/494 1616/3654/1616
f 4327/2654/4325 2410/1134/2410 1288/2643/1288
f 4327/2654/4325 2409/2653/2409 2410/1134/2410
f 2409/2653/2409 329/1132/329 2410/1134/2410
f 4325/2649/4323 4327/2654/4325 1288/2643/1288
f 4325/2649/4323 4326/2651/4324 4327/2654/4325
f 4326/2651/4324 1287/2652/1287 4327/2654/4325
f 2334/2650/2334 3532/2645/3532 323/1108/323
f 2334/2650/2334 4325/2649/4323 3532/2645/3532
f 4325/2649/4323 1288/2643/1288 3532/2645/3532
f 4324/2647/4322 2411/2641/2411 1289/2640/1289
f 4324/2647/4322 2342/2554/2342 2411/2641/2411
f 2342/2554/2342 330/1136/330 2411/2641/2411
f 4322/2644/4320 4324/2647/4322 1289/2640/1289
f 4322/2644/4320 4323/2646/4321 4324/2647/4322
f 4323/2646/4321 1220/2552/1220 4324/2647/4322
f 3532/2645/3532 3533/1135/3533 323/1108/323
f 3532/2645/3532 4322/2644/4320 3533/1135/3533
f 4322/2644/4320 1289/2640/1289 3533/1135/3533
f 4321/2642/4319 2412/1138/2412 1290/2631/1290
f 4321/2642/4319 2411/2641/2411 2412/1138/2412
f 2411/2641/2411 330/1136/330 2412/1138/2412
f 4319/2637/4317 4321/2642/4319 1290/2631/1290
f 4319/2637/4317 4320/2639/4318 4321/2642/4319
f 4320/2639/4318 1289/2640/1289 4321/2642/4319
f 2335/2638/2335 3534/2633/3534 324/1112/324
f 2335/2638/2335 4319/2637/4317 3534/2633/3534
f 4319/2637/4317 1290/2631/1290 3534/2633/3534
f 4318/2635/4316 2413/2629/2413 1291/2628/1291
f 4318/2635/4316 2343/2542/2343 2413/2629/2413
f 2343/2542/2343 331/1140/331 2413/2629/2413
f 4316/2632/4314 4318/2635/4316 1291/2628/1291
f 4316/2632/4314 4317/2634/4315 4318/2635/4316
f 4317/2634/4315 1221/2540/1221 4318/2635/4316
f 3534/2633/3534 3535/1139/3535 324/1112/324
f 3534/2633/3534 4316/2632/4314 3535/1139/3535
f 4316/2632/4314 1291/2628/1291 3535/1139/3535
f 4315/2630/4313 2414/1142/2414 1292/2619/1292
f 4315/2630/4313 2413/2629/2413 2414/1142/2414
f 2413/2629/2413 331/1140/331 2414/1142/2414
f 4313/2625/4311 4315/2630/4313 1292/2619/1292
f 4313/2625/4311 4314/2627/4312 4315/2630/4313
f 4314/2627/4312 1291/2628/1291 4315/2630/4313
f 2336/2626/2336 3536/2621/3536 325/1116/325
f 2336/2626/2336 4313/2625/4311 3536/2621/3536
f 4313/2625/4311 1292/2619/1292 3536/2621/3536
f 4312/2623/4310 2415/2617/2415 1293/2616/1293
f 4312/2623/4310 2344/2530/2344 2415/2617/2415
f 2344/2530/2344 332/1144/332 2415/2617/2415
f 4310/2620/4308 4312/2623/4310 1293/2616/1293
f 4310/2620/4308 4311/2622/4309 4312/2623/4310
f 4311/2622/4309 1222/2528/1222 4312/2623/4310
f 3536/2621/3536 3537/1143/3537 325/1116/325
f 3536/2621/3536 4310/2620/4308 3537/1143/3537
f 4310/2620/4308 1293/2616/1293 3537/1143/3537
f 4309/2618/4307 2416/1146/2416 1294/2607/1294
f 4309/2618/4307 2415/2617/2415 2416/1146/2416
f 2415/2617/2415 332/1144/332 2416/1146/2416
f 4307/2613/4305 4309/2618/4307 1294/2607/1294
f 4307/2613/4305 4308/2615/4306 4309/2618/4307
f 4308/2615/4306 1293/2616/1293 4309/2618/4307
f 2337/2614/2337 3538/2609/3538 326/1120/326
f 2337/2614/2337 4307/2613/4305 3538/2609/3538
f 4307/2613/4305 1294/2607/1294 3538/2609/3538
f 4306/2611/4304 2417/2605/2417 1295/2604/1295
f 4306/2611/4304 2345/2518/2345 2417/2605/2417
f 2345/2518/2345 333/1148/333 2417/2605/2417
f 4304/2608/4302 4306/2611/4304 1295/2604/1295
f 4304/2608/4302 4305/2610/4303 4306/2611/4304
f 4305/2610/4303 1223/2516/1223 4306/2611/4304
f 3538/2609/3538 3539/1147/3539 326/1120/326
f 3538/2609/3538 4304/2608/4302 3539/1147/3539
f 4304/2608/4302 1295/2604/1295 3539/1147/3539
f 4303/2606/4301 2418/1150/2418 1296/2595/1296
f 4303/2606/4301 2417/2605/2417 2418/1150/2418
f 2417/2605/2417 333/1148/333 2418/1150/2418
f 4301/2601/4299 4303/2606/4301 1296/2595/1296
f 4301/2601/4299 4302/2603/4300 4303/2606/4301
f 4302/2603/4300 1295/2604/1295 4303/2606/4301
f 2338/2602/2338 3540/2597/3540 327/1124/327
f 2338/2602/2338 4301/2601/4299 3540/2597/3540
f 4301/2601/4299 1296/2595/1296 3540/2597/3540
f 4300/2599/4298 2419/2593/2419 1297/2592/1297
f 4300/2599/4298 2346/2506/2346 2419/2593/2419
f 2346/2506/2346 334/1152/334 2419/2593/2419
f 4298/2596/4296 4300/2599/4298 1297/2592/1297
f 4298/2596/4296 4299/2598/4297 4300/2599/4298
f 4299/2598/4297 1224/2504/1224 4300/2599/4298
f 3540/2597/3540 3541/1151/3541 327/1124/327
f 3540/2597/3540 4298/2596/4296 3541/1151/3541
f 4298/2596/4296 1297/2592/1297 3541/1151/3541
f 4297/2594/4295 2420/1154/2420 1298/2583/1298
f 4297/2594/4295 2419/2593/2419 2420/1154/2420
f 2419/2593/2419 334/1152/334 2420/1154/2420
f 4295/2589/4293 4297/2594/4295 1298/2583/1298
f 4295/2589/4293 4296/2591/4294 4297/2594/4295
f 4296/2591/4294 1297/2592/1297 4297/2594/4295
f 2339/2590/2339 3542/2585/3542 328/1128/328
f 2339/2590/2339 4295/2589/4293 3542/2585/3542
f 4295/2589/4293 1298/2583/1298 3542/2585/3542
f 4294/2587/4292 2421/2581/2421 1299/2580/1299
f 4294/2587/4292 2347/2494/2347 2421/2581/2421
f 2347/2494/2347 335/1156/335 2421/2581/2421
f 4292/2584/4290 4294/2587/4292 1299/2580/1299
f 4292/2584/4290 4293/2586/4291 4294/2587/4292
f 4293/2586/4291 1225/2492/1225 4294/2587/4292
f 3542/2585/3542 3543/1155/3543 328/1128/328
f 3542/2585/3542 4292/2584/4290 3543/1155/3543
f 4292/2584/4290 1299/2580/1299 3543/1155/3543
f 4291/2582/4289 2422/1158/2422 1300/2571/1300
f 4291/2582/4289 2421/2581/2421 2422/1158/2422
f 2421/2581/2421 335/1156/335 2422/1158/2422
f 4289/2577/4287 4291/2582/4289 1300/2571/1300
f 4289/2577/4287 4290/2579/4288 4291/2582/4289
f 4290/2579/4288 1299/2580/1299 4291/2582/4289
f 2333/2578/2333 3544/2573/3544 91/785/91
f 2333/2578/2333 4289/2577/4287 3544/2573/3544
f 4289/2577/4287 1300/2571/1300 3544/2573/3544
f 4288/2575/4286 2737/790/2737 493/3647/493
f 4288/2575/4286 2340/2482/2340 2737/790/2737
f 2340/2482/2340 90/788/90 2737/790/2737
f 4286/2572/4284 4288/2575/4286 493/3647/493
f 4286/2572/4284 4287/2574/4285 4288/2575/4286
f 4287/2574/4285 1218/2480/1218 4288/2575/4286
f 3544/2573/3544 1615/3649/1615 91/785/91
f 3544/2573/3544 4286/2572/4284 1615/3649/1615
f 4286/2572/4284 493/3647/493 1615/3649/1615
f 4285/2570/4283 2424/1162/2424 1302/2559/1302
f 4285/2570/4283 2423/2569/2423 2424/1162/2424
f 2423/2569/2423 336/1160/336 2424/1162/2424
f 4283/2565/4281 4285/2570/4283 1302/2559/1302
f 4283/2565/4281 4284/2567/4282 4285/2570/4283
f 4284/2567/4282 1301/2568/1301 4285/2570/4283
f 2341/2566/2341 3546/2561/3546 329/1132/329
f 2341/2566/2341 4283/2565/4281 3546/2561/3546
f 4283/2565/4281 1302/2559/1302 3546/2561/3546
f 4282/2563/4280 2425/2557/2425 1303/2556/1303
f 4282/2563/4280 2350/2458/2350 2425/2557/2425
f 2350/2458/2350 337/1164/337 2425/2557/2425
f 4280/2560/4278 4282/2563/4280 1303/2556/1303
f 4280/2560/4278 4281/2562/4279 4282/2563/4280
f 4281/2562/4279 1228/2456/1228 4282/2563/4280
f 3546/2561/3546 3547/1163/3547 329/1132/329
f 3546/2561/3546 4280/2560/4278 3547/1163/3547
f 4280/2560/4278 1303/2556/1303 3547/1163/3547
f 4279/2558/4277 2426/1166/2426 1304/2547/1304
f 4279/2558/4277 2425/2557/2425 2426/1166/2426
f 2425/2557/2425 337/1164/337 2426/1166/2426
f 4277/2553/4275 4279/2558/4277 1304/2547/1304
f 4277/2553/4275 4278/2555/4276 4279/2558/4277
f 4278/2555/4276 1303/2556/1303 4279/2558/4277
f 2342/2554/2342 3548/2549/3548 330/1136/330
f 2342/2554/2342 4277/2553/4275 3548/2549/3548
f 4277/2553/4275 1304/2547/1304 3548/2549/3548
f 4276/2551/4274 2427/2545/2427 1305/2544/1305
f 4276/2551/4274 2351/2446/2351 2427/2545/2427
f 2351/2446/2351 338/1168/338 2427/2545/2427
f 4274/2548/4272 4276/2551/4274 1305/2544/1305
f 4274/2548/4272 4275/2550/4273 4276/2551/4274
f 4275/2550/4273 1229/2444/1229 4276/2551/4274
f 3548/2549/3548 3549/1167/3549 330/1136/330
f 3548/2549/3548 4274/2548/4272 3549/1167/3549
f 4274/2548/4272 1305/2544/1305 3549/1167/3549
f 4273/2546/4271 2428/1170/2428 1306/2535/1306
f 4273/2546/4271 2427/2545/2427 2428/1170/2428
f 2427/2545/2427 338/1168/338 2428/1170/2428
f 4271/2541/4269 4273/2546/4271 1306/2535/1306
f 4271/2541/4269 4272/2543/4270 4273/2546/4271
f 4272/2543/4270 1305/2544/1305 4273/2546/4271
f 2343/2542/2343 3550/2537/3550 331/1140/331
f 2343/2542/2343 4271/2541/4269 3550/2537/3550
f 4271/2541/4269 1306/2535/1306 3550/2537/3550
f 4270/2539/4268 2429/2533/2429 1307/2532/1307
f 4270/2539/4268 2352/2434/2352 2429/2533/2429
f 2352/2434/2352 339/1172/339 2429/2533/2429
f 4268/2536/4266 4270/2539/4268 1307/2532/1307
f 4268/2536/4266 4269/2538/4267 4270/2539/4268
f 4269/2538/4267 1230/2432/1230 4270/2539/4268
f 3550/2537/3550 3551/1171/3551 331/1140/331
f 3550/2537/3550 4268/2536/4266 3551/1171/3551
f 4268/2536/4266 1307/2532/1307 3551/1171/3551
f 4267/2534/4265 2430/1174/2430 1308/2523/1308
f 4267/2534/4265 2429/2533/2429 2430/1174/2430
f 2429/2533/2429 339/1172/339 2430/1174/2430
f 4265/2529/4263 4267/2534/4265 1308/2523/1308
f 4265/2529/4263 4266/2531/4264 4267/2534/4265
f 4266/2531/4264 1307/2532/1307 4267/2534/4265
f 2344/2530/2344 3552/2525/3552 332/1144/332
f 2344/2530/2344 4265/2529/4263 3552/2525/3552
f 4265/2529/4263 1308/2523/1308 3552/2525/3552
f 4264/2527/4262 2431/2521/2431 1309/2520/1309
f 4264/2527/4262 2353/2422/2353 2431/2521/2431
f 2353/2422/2353 340/1176/340 2431/2521/2431
f 4262/2524/4260 4264/2527/4262 1309/2520/1309
f 4262/2524/4260 4263/2526/4261 4264/2527/4262
f 4263/2526/4261 1231/2420/1231 4264/2527/4262
f 3552/2525/3552 3553/1175/3553 332/1144/332
f 3552/2525/3552 4262/2524/4260 3553/1175/3553
f 4262/2524/4260 1309/2520/1309 3553/1175/3553
f 4261/2522/4259 2432/1178/2432 1310/2511/1310
f 4261/2522/4259 2431/2521/2431 2432/1178/2432
f 2431/2521/2431 340/1176/340 2432/1178/2432
f 4259/2517/4257 4261/2522/4259 1310/2511/1310
f 4259/2517/4257 4260/2519/4258 4261/2522/4259
f 4260/2519/4258 1309/2520/1309 4261/2522/4259
f 2345/2518/2345 3554/2513/3554 333/1148/333
f 2345/2518/2345 4259/2517/4257 3554/2513/3554
f 4259/2517/4257 1310/2511/1310 3554/2513/3554
f 4258/2515/4256 2433/2509/2433 1311/2508/1311
f 4258/2515/4256 2354/2410/2354 2433/2509/2433
f 2354/2410/2354 341/1180/341 2433/2509/2433
f 4256/2512/4254 4258/2515/4256 1311/2508/1311
f 4256/2512/4254 4257/2514/4255 4258/2515/4256
f 4257/2514/4255 1232/2408/1232 4258/2515/4256
f 3554/2513/3554 3555/1179/3555 333/1148/333
f 3554/2513/3554 4256/2512/4254 3555/1179/3555
f 4256/2512/4254 1311/2508/1311 3555/1179/3555
f 4255/2510/4253 2434/1182/2434 1312/2499/1312
f 4255/2510/4253 2433/2509/2433 2434/1182/2434
f 2433/2509/2433 341/1180/341 2434/1182/2434
f 4253/2505/4251 4255/2510/4253 1312/2499/1312
f 4253/2505/4251 4254/2507/4252 4255/2510/4253
f 4254/2507/4252 1311/2508/1311 4255/2510/4253
f 2346/2506/2346 3556/2501/3556 334/1152/334
f 2346/2506/2346 4253/2505/4251 3556/2501/3556
f 4253/2505/4251 1312/2499/1312 3556/2501/3556
f 4252/2503/4250 2435/2497/2435 1313/2496/1313
f 4252/2503/4250 2355/2398/2355 2435/2497/2435
f 2355/2398/2355 342/1184/342 2435/2497/2435
f 4250/2500/4249 4252/2503/4250 1313/2496/1313
f 4250/2500/4249 4251/2502/1802 4252/2503/4250
f 4251/2502/1802 1233/2396/1233 4252/2503/4250
f 3556/2501/3556 3557/1183/3557 334/1152/334
f 3556/2501/3556 4250/2500/4249 3557/1183/3557
f 4250/2500/4249 1313/2496/1313 3557/1183/3557
f 4249/2498/4248 2436/1186/2436 1314/2487/1314
f 4249/2498/4248 2435/2497/2435 2436/1186/2436
f 2435/2497/2435 342/1184/342 2436/1186/2436
f 4247/2493/4246 4249/2498/4248 1314/2487/1314
f 4247/2493/4246 4248/2495/4247 4249/2498/4248
f 4248/2495/4247 1313/2496/1313 4249/2498/4248
f 2347/2494/2347 3558/2489/3558 335/1156/335
f 2347/2494/2347 4247/2493/4246 3558/2489/3558
f 4247/2493/4246 1314/2487/1314 3558/2489/3558
f 4246/2491/4245 2437/2485/2437 1315/2484/1315
f 4246/2491/4245 2356/2386/2356 2437/2485/2437
f 2356/2386/2356 343/1188/343 2437/2485/2437
f 4244/2488/4243 4246/2491/4245 1315/2484/1315
f 4244/2488/4243 4245/2490/4244 4246/2491/4245
f 4245/2490/4244 1234/2384/1234 4246/2491/4245
f 3558/2489/3558 3559/1187/3559 335/1156/335
f 3558/2489/3558 4244/2488/4243 3559/1187/3559
f 4244/2488/4243 1315/2484/1315 3559/1187/3559
f 4243/2486/4242 2438/1190/2438 1316/2475/1316
f 4243/2486/4242 2437/2485/2437 2438/1190/2438
f 2437/2485/2437 343/1188/343 2438/1190/2438
f 4241/2481/4240 4243/2486/4242 1316/2475/1316
f 4241/2481/4240 4242/2483/4241 4243/2486/4242
f 4242/2483/4241 1315/2484/1315 4243/2486/4242
f 2340/2482/2340 3560/2477/3560 90/788/90
f 2340/2482/2340 4241/2481/4240 3560/2477/3560
f 4241/2481/4240 1316/2475/1316 3560/2477/3560
f 4240/2479/4239 2736/793/2736 492/3642/492
f 4240/2479/4239 2348/2374/2348 2736/793/2736
f 2348/2374/2348 89/791/89 2736/793/2736
f 4238/2476/4237 4240/2479/4239 492/3642/492
f 4238/2476/4237 4239/2478/4238 4240/2479/4239
f 4239/2478/4238 1226/2372/1226 4240/2479/4239
f 3560/2477/3560 1614/3644/1614 90/788/90
f 3560/2477/3560 4238/2476/4237 1614/3644/1614
f 4238/2476/4237 492/3642/492 1614/3644/1614
f 4237/2474/4236 2440/1194/2440 1318/2463/1318
f 4237/2474/4236 2439/2473/2439 2440/1194/2440
f 2439/2473/2439 344/1192/344 2440/1194/2440
f 4235/2469/4234 4237/2474/4236 1318/2463/1318
f 4235/2469/4234 4236/2471/4235 4237/2474/4236
f 4236/2471/4235 1317/2472/1317 4237/2474/4236
f 2349/2470/2349 3562/2465/3562 336/1160/336
f 2349/2470/2349 4235/2469/4234 3562/2465/3562
f 4235/2469/4234 1318/2463/1318 3562/2465/3562
f 4234/2467/4233 2441/2461/2441 1319/2460/1319
f 4234/2467/4233 2359/2348/2359 2441/2461/2441
f 2359/2348/2359 345/1196/345 2441/2461/2441
f 4232/2464/4231 4234/2467/4233 1319/2460/1319
f 4232/2464/4231 4233/2466/4232 4234/2467/4233
f 4233/2466/4232 1237/2346/1237 4234/2467/4233
f 3562/2465/3562 3563/1195/3563 336/1160/336
f 3562/2465/3562 4232/2464/4231 3563/1195/3563
f 4232/2464/4231 1319/2460/1319 3563/1195/3563
f 4231/2462/4230 2442/1198/2442 1320/2451/1320
f 4231/2462/4230 2441/2461/2441 2442/1198/2442
f 2441/2461/2441 345/1196/345 2442/1198/2442
f 4229/2457/4228 4231/2462/4230 1320/2451/1320
f 4229/2457/4228 4230/2459/4229 4231/2462/4230
f 4230/2459/4229 1319/2460/1319 4231/2462/4230
f 2350/2458/2350 3564/2453/3564 337/1164/337
f 2350/2458/2350 4229/2457/4228 3564/2453/3564
f 4229/2457/4228 1320/2451/1320 3564/2453/3564
f 4228/2455/4227 2443/2449/2443 1321/2448/1321
f 4228/2455/4227 2360/2334/2360 2443/2449/2443
f 2360/2334/2360 346/1200/346 2443/2449/2443
f 4226/2452/4225 4228/2455/4227 1321/2448/1321
f 4226/2452/4225 4227/2454/4226 4228/2455/4227
f 4227/2454/4226 1238/2332/1238 4228/2455/4227
f 3564/2453/3564 3565/1199/3565 337/1164/337
f 3564/2453/3564 4226/2452/4225 3565/1199/3565
f 4226/2452/4225 1321/2448/1321 3565/1199/3565
f 4225/2450/4224 2444/1202/2444 1322/2439/1322
f 4225/2450/4224 2443/2449/2443 2444/1202/2444
f 2443/2449/2443 346/1200/346 2444/1202/2444
f 4223/2445/4222 4225/2450/4224 1322/2439/1322
f 4223/2445/4222 4224/2447/4223 4225/2450/4224
f 4224/2447/4223 1321/2448/1321 4225/2450/4224
f 2351/2446/2351 3566/2441/3566 338/1168/338
f 2351/2446/2351 4223/2445/4222 3566/2441/3566
f 4223/2445/4222 1322/2439/1322 3566/2441/3566
f 4222/2443/4221 2445/2437/2445 1323/2436/1323
f 4222/2443/4221 2361/2320/2361 2445/2437/2445
f 2361/2320/2361 347/1204/347 2445/2437/2445
f 4220/2440/4219 4222/2443/4221 1323/2436/1323
f 4220/2440/4219 4221/2442/4220 4222/2443/4221
f 4221/2442/4220 1239/2318/1239 4222/2443/4221
f 3566/2441/3566 3567/1203/3567 338/1168/338
f 3566/2441/3566 4220/2440/4219 3567/1203/3567
f 4220/2440/4219 1323/2436/1323 3567/1203/3567
f 4219/2438/4218 2446/1206/2446 1324/2427/1324
f 4219/2438/4218 2445/2437/2445 2446/1206/2446
f 2445/2437/2445 347/1204/347 2446/1206/2446
f 4217/2433/4216 4219/2438/4218 1324/2427/1324
f 4217/2433/4216 4218/2435/4217 4219/2438/4218
f 4218/2435/4217 1323/2436/1323 4219/2438/4218
f 2352/2434/2352 3568/2429/3568 339/1172/339
f 2352/2434/2352 4217/2433/4216 3568/2429/3568
f 4217/2433/4216 1324/2427/1324 3568/2429/3568
f 4216/2431/4215 2447/2425/2447 1325/2424/1325
f 4216/2431/4215 2362/2306/2362 2447/2425/2447
f 2362/2306/2362 348/1208/348 2447/2425/2447
f 4214/2428/4213 4216/2431/4215 1325/2424/1325
f 4214/2428/4213 4215/2430/4214 4216/2431/4215
f 4215/2430/4214 1240/2304/1240 4216/2431/4215
f 3568/2429/3568 3569/1207/3569 339/1172/339
f 3568/2429/3568 4214/2428/4213 3569/1207/3569
f 4214/2428/4213 1325/2424/1325 3569/1207/3569
f 4213/2426/4212 2448/1210/2448 1326/2415/1326
f 4213/2426/4212 2447/2425/2447 2448/1210/2448
f 2447/2425/2447 348/1208/348 2448/1210/2448
f 4211/2421/4210 4213/2426/4212 1326/2415/1326
f 4211/2421/4210 4212/2423/4211 4213/2426/4212
f 4212/2423/4211 1325/2424/1325 4213/2426/4212
f 2353/2422/2353 3570/2417/3570 340/1176/340
f 2353/2422/2353 4211/2421/4210 3570/2417/3570
f 4211/2421/4210 1326/2415/1326 3570/2417/3570
f 4210/2419/4209 2449/2413/2449 1327/2412/1327
f 4210/2419/4209 2363/2292/2363 2449/2413/2449
f 2363/2292/2363 349/1212/349 2449/2413/2449
f 4208/2416/4207 4210/2419/4209 1327/2412/1327
f 4208/2416/4207 4209/2418/4208 4210/2419/4209
f 4209/2418/4208 1241/2290/1241 4210/2419/4209
f 3570/2417/3570 3571/1211/3571 340/1176/340
f 3570/2417/3570 4208/2416/4207 3571/1211/3571
f 4208/2416/4207 1327/2412/1327 3571/1211/3571
f 4207/2414/4206 2450/1214/2450 1328/2403/1328
f 4207/2414/4206 2449/2413/2449 2450/1214/2450
f 2449/2413/2449 349/1212/349 2450/1214/2450
f 4205/2409/4204 4207/2414/4206 1328/2403/1328
f 4205/2409/4204 4206/2411/4205 4207/2414/4206
f 4206/2411/4205 1327/2412/1327 4207/2414/4206
f 2354/2410/2354 3572/2405/3572 341/1180/341
f 2354/2410/2354 4205/2409/4204 3572/2405/3572
f 4205/2409/4204 1328/2403/1328 3572/2405/3572
f 4204/2407/4203 2451/2401/2451 1329/2400/1329
f 4204/2407/4203 2364/2278/2364 2451/2401/2451
f 2364/2278/2364 350/1216/350 2451/2401/2451
f 4202/2404/4201 4204/2407/4203 1329/2400/1329
f 4202/2404/4201 4203/2406/4202 4204/2407/4203
f 4203/2406/4202 1242/2276/1242 4204/2407/4203
f 3572/2405/3572 3573/1215/3573 341/1180/341
f 3572/2405/3572 4202/2404/4201 3573/1215/3573
f 4202/2404/4201 1329/2400/1329 3573/1215/3573
f 4201/2402/4200 2452/1218/2452 1330/2391/1330
f 4201/2402/4200 2451/2401/2451 2452/1218/2452
f 2451/2401/2451 350/1216/350 2452/1218/2452
f 4199/2397/4198 4201/2402/4200 1330/2391/1330
f 4199/2397/4198 4200/2399/4199 4201/2402/4200
f 4200/2399/4199 1329/2400/1329 4201/2402/4200
f 2355/2398/2355 3574/2393/3574 342/1184/342
f 2355/2398/2355 4199/2397/4198 3574/2393/3574
f 4199/2397/4198 1330/2391/1330 3574/2393/3574
f 4198/2395/4197 2453/2389/2453 1331/2388/1331
f 4198/2395/4197 2365/2264/2365 2453/2389/2453
f 2365/2264/2365 351/1220/351 2453/2389/2453
f 4196/2392/4195 4198/2395/4197 1331/2388/1331
f 4196/2392/4195 4197/2394/4196 4198/2395/4197
f 4197/2394/4196 1243/2262/1243 4198/2395/4197
f 3574/2393/3574 3575/1219/3575 342/1184/342
f 3574/2393/3574 4196/2392/4195 3575/1219/3575
f 4196/2392/4195 1331/2388/1331 3575/1219/3575
f 4195/2390/4194 2454/1222/2454 1332/2379/1332
f 4195/2390/4194 2453/2389/2453 2454/1222/2454
f 2453/2389/2453 351/1220/351 2454/1222/2454
f 4193/2385/4192 4195/2390/4194 1332/2379/1332
f 4193/2385/4192 4194/2387/4193 4195/2390/4194
f 4194/2387/4193 1331/2388/1331 4195/2390/4194
f 2356/2386/2356 3576/2381/3576 343/1188/343
f 2356/2386/2356 4193/2385/4192 3576/2381/3576
f 4193/2385/4192 1332/2379/1332 3576/2381/3576
f 4192/2383/4191 2455/2377/2455 1333/2376/1333
f 4192/2383/4191 2366/2250/2366 2455/2377/2455
f 2366/2250/2366 352/1224/352 2455/2377/2455
f 4190/2380/4189 4192/2383/4191 1333/2376/1333
f 4190/2380/4189 4191/2382/4190 4192/2383/4191
f 4191/2382/4190 1244/2248/1244 4192/2383/4191
f 3576/2381/3576 3577/1223/3577 343/1188/343
f 3576/2381/3576 4190/2380/4189 3577/1223/3577
f 4190/2380/4189 1333/2376/1333 3577/1223/3577
f 4189/2378/4188 2456/1226/2456 1334/2367/1334
f 4189/2378/4188 2455/2377/2455 2456/1226/2456
f 2455/2377/2455 352/1224/352 2456/1226/2456
f 4187/2373/4186 4189/2378/4188 1334/2367/1334
f 4187/2373/4186 4188/2375/4187 4189/2378/4188
f 4188/2375/4187 1333/2376/1333 4189/2378/4188
f 2348/2374/2348 3578/2369/3578 89/791/89
f 2348/2374/2348 4187/2373/4186 3578/2369/3578
f 4187/2373/4186 1334/2367/1334 3578/2369/3578
f 4186/2371/4185 2735/796/2735 491/3637/491
f 4186/2371/4185 2357/2236/2357 2735/796/2735
f 2357/2236/2357 88/794/88 2735/796/2735
f 4184/2368/4183 4186/2371/4185 491/3637/491
f 4184/2368/4183 4185/2370/4184 4186/2371/4185
f 4185/2370/4184 1235/2234/1235 4186/2371/4185
f 3578/2369/3578 1613/3639/1613 89/791/89
f 3578/2369/3578 4184/2368/4183 1613/3639/1613
f 4184/2368/4183 491/3637/491 1613/3639/1613
f 4183/2366/4182 2458/1230/2458 1336/2353/1336
f 4183/2366/4182 2457/2365/2457 2458/1230/2458
f 2457/2365/2457 17/1228/17 2458/1230/2458
f 4181/2361/4180 4183/2366/4182 1336/2353/1336
f 4181/2361/4180 4182/2363/4181 4183/2366/4182
f 4182/2363/4181 1335/2364/1335 4183/2366/4182
f 2358/2362/2358 3580/2355/3580 344/1192/344
f 2358/2362/2358 4181/2361/4180 3580/2355/3580
f 4181/2361/4180 1336/2353/1336 3580/2355/3580
f 4180/2359/4179 2459/2351/2459 1337/2350/1337
f 4180/2359/4179 2663/2358/2663 2459/2351/2459
f 2663/2358/2663 16/1232/16 2459/2351/2459
f 4178/2354/4177 4180/2359/4179 1337/2350/1337
f 4178/2354/4177 4179/2356/4178 4180/2359/4179
f 4179/2356/4178 419/2357/419 4180/2359/4179
f 3580/2355/3580 3581/1231/3581 344/1192/344
f 3580/2355/3580 4178/2354/4177 3581/1231/3581
f 4178/2354/4177 1337/2350/1337 3581/1231/3581
f 4177/2352/4176 2460/1234/2460 1338/2339/1338
f 4177/2352/4176 2459/2351/2459 2460/1234/2460
f 2459/2351/2459 16/1232/16 2460/1234/2460
f 4175/2347/4174 4177/2352/4176 1338/2339/1338
f 4175/2347/4174 4176/2349/4175 4177/2352/4176
f 4176/2349/4175 1337/2350/1337 4177/2352/4176
f 2359/2348/2359 3582/2341/3582 345/1196/345
f 2359/2348/2359 4175/2347/4174 3582/2341/3582
f 4175/2347/4174 1338/2339/1338 3582/2341/3582
f 4174/2345/4173 2461/2337/2461 1339/2336/1339
f 4174/2345/4173 2662/2344/2662 2461/2337/2461
f 2662/2344/2662 15/1236/15 2461/2337/2461
f 4172/2340/4171 4174/2345/4173 1339/2336/1339
f 4172/2340/4171 4173/2342/4172 4174/2345/4173
f 4173/2342/4172 418/2343/418 4174/2345/4173
f 3582/2341/3582 3583/1235/3583 345/1196/345
f 3582/2341/3582 4172/2340/4171 3583/1235/3583
f 4172/2340/4171 1339/2336/1339 3583/1235/3583
f 4171/2338/4170 2462/1238/2462 1340/2325/1340
f 4171/2338/4170 2461/2337/2461 2462/1238/2462
f 2461/2337/2461 15/1236/15 2462/1238/2462
f 4169/2333/4168 4171/2338/4170 1340/2325/1340
f 4169/2333/4168 4170/2335/4169 4171/2338/4170
f 4170/2335/4169 1339/2336/1339 4171/2338/4170
f 2360/2334/2360 3584/2327/3584 346/1200/346
f 2360/2334/2360 4169/2333/4168 3584/2327/3584
f 4169/2333/4168 1340/2325/1340 3584/2327/3584
f 4168/2331/4167 2463/2323/2463 1341/2322/1341
f 4168/2331/4167 2661/2330/2661 2463/2323/2463
f 2661/2330/2661 14/1240/14 2463/2323/2463
f 4166/2326/4165 4168/2331/4167 1341/2322/1341
f 4166/2326/4165 4167/2328/4166 4168/2331/4167
f 4167/2328/4166 417/2329/417 4168/2331/4167
f 3584/2327/3584 3585/1239/3585 346/1200/346
f 3584/2327/3584 4166/2326/4165 3585/1239/3585
f 4166/2326/4165 1341/2322/1341 3585/1239/3585
f 4165/2324/4164 2464/1242/2464 1342/2311/1342
f 4165/2324/4164 2463/2323/2463 2464/1242/2464
f 2463/2323/2463 14/1240/14 2464/1242/2464
f 4163/2319/4162 4165/2324/4164 1342/2311/1342
f 4163/2319/4162 4164/2321/4163 4165/2324/4164
f 4164/2321/4163 1341/2322/1341 4165/2324/4164
f 2361/2320/2361 3586/2313/3586 347/1204/347
f 2361/2320/2361 4163/2319/4162 3586/2313/3586
f 4163/2319/4162 1342/2311/1342 3586/2313/3586
f 4162/2317/4161 2465/2309/2465 1343/2308/1343
f 4162/2317/4161 2660/2316/2660 2465/2309/2465
f 2660/2316/2660 13/1244/13 2465/2309/2465
f 4160/2312/4159 4162/2317/4161 1343/2308/1343
f 4160/2312/4159 4161/2314/4160 4162/2317/4161
f 4161/2314/4160 416/2315/416 4162/2317/4161
f 3586/2313/3586 3587/1243/3587 347/1204/347
f 3586/2313/3586 4160/2312/4159 3587/1243/3587
f 4160/2312/4159 1343/2308/1343 3587/1243/3587
f 4159/2310/4158 2466/1246/2466 1344/2297/1344
f 4159/2310/4158 2465/2309/2465 2466/1246/2466
f 2465/2309/2465 13/1244/13 2466/1246/2466
f 4157/2305/4156 4159/2310/4158 1344/2297/1344
f 4157/2305/4156 4158/2307/4157 4159/2310/4158
f 4158/2307/4157 1343/2308/1343 4159/2310/4158
f 2362/2306/2362 3588/2299/3588 348/1208/348
f 2362/2306/2362 4157/2305/4156 3588/2299/3588
f 4157/2305/4156 1344/2297/1344 3588/2299/3588
f 4156/2303/4155 2467/2295/2467 1345/2294/1345
f 4156/2303/4155 2659/2302/2659 2467/2295/2467
f 2659/2302/2659 12/1248/12 2467/2295/2467
f 4154/2298/4153 4156/2303/4155 1345/2294/1345
f 4154/2298/4153 4155/2300/4154 4156/2303/4155
f 4155/2300/4154 415/2301/415 4156/2303/4155
f 3588/2299/3588 3589/1247/3589 348/1208/348
f 3588/2299/3588 4154/2298/4153 3589/1247/3589
f 4154/2298/4153 1345/2294/1345 3589/1247/3589
f 4153/2296/4152 2468/1250/2468 1346/2283/1346
f 4153/2296/4152 2467/2295/2467 2468/1250/2468
f 2467/2295/2467 12/1248/12 2468/1250/2468
f 4151/2291/4150 4153/2296/4152 1346/2283/1346
f 4151/2291/4150 4152/2293/4151 4153/2296/4152
f 4152/2293/4151 1345/2294/1345 4153/2296/4152
f 2363/2292/2363 3590/2285/3590 349/1212/349
f 2363/2292/2363 4151/2291/4150 3590/2285/3590
f 4151/2291/4150 1346/2283/1346 3590/2285/3590
f 4150/2289/4149 2469/2281/2469 1347/2280/1347
f 4150/2289/4149 2658/2288/2658 2469/2281/2469
f 2658/2288/2658 11/1252/11 2469/2281/2469
f 4148/2284/4147 4150/2289/4149 1347/2280/1347
f 4148/2284/4147 4149/2286/4148 4150/2289/4149
f 4149/2286/4148 414/2287/414 4150/2289/4149
f 3590/2285/3590 3591/1251/3591 349/1212/349
f 3590/2285/3590 4148/2284/4147 3591/1251/3591
f 4148/2284/4147 1347/2280/1347 3591/1251/3591
f 4147/2282/4146 2470/1254/2470 1348/2269/1348
f 4147/2282/4146 2469/2281/2469 2470/1254/2470
f 2469/2281/2469 11/1252/11 2470/1254/2470
f 4145/2277/4144 4147/2282/4146 1348/2269/1348
f 4145/2277/4144 4146/2279/4145 4147/2282/4146
f 4146/2279/4145 1347/2280/1347 4147/2282/4146
f 2364/2278/2364 3592/2271/3592 350/1216/350
f 2364/2278/2364 4145/2277/4144 3592/2271/3592
f 4145/2277/4144 1348/2269/1348 3592/2271/3592
f 4144/2275/4143 2471/2267/2471 1349/2266/1349
f 4144/2275/4143 2657/2274/2657 2471/2267/2471
f 2657/2274/2657 10/1256/10 2471/2267/2471
f 4142/2270/4141 4144/2275/4143 1349/2266/1349
f 4142/2270/4141 4143/2272/4142 4144/2275/4143
f 4143/2272/4142 413/2273/413 4144/2275/4143
f 3592/2271/3592 3593/1255/3593 350/1216/350
f 3592/2271/3592 4142/2270/4141 3593/1255/3593
f 4142/2270/4141 1349/2266/1349 3593/1255/3593
f 4141/2268/4140 2472/1258/2472 1350/2255/1350
f 4141/2268/4140 2471/2267/2471 2472/1258/2472
f 2471/2267/2471 10/1256/10 2472/1258/2472
f 4139/2263/4138 4141/2268/4140 1350/2255/1350
f 4139/2263/4138 4140/2265/4139 4141/2268/4140
f 4140/2265/4139 1349/2266/1349 4141/2268/4140
f 2365/2264/2365 3594/2257/3594 351/1220/351
f 2365/2264/2365 4139/2263/4138 3594/2257/3594
f 4139/2263/4138 1350/2255/1350 3594/2257/3594
f 4138/2261/4137 2473/2253/2473 1351/2252/1351
f 4138/2261/4137 2656/2260/2656 2473/2253/2473
f 2656/2260/2656 9/1260/9 2473/2253/2473
f 4136/2256/4135 4138/2261/4137 1351/2252/1351
f 4136/2256/4135 4137/2258/4136 4138/2261/4137
f 4137/2258/4136 412/2259/412 4138/2261/4137
f 3594/2257/3594 3595/1259/3595 351/1220/351
f 3594/2257/3594 4136/2256/4135 3595/1259/3595
f 4136/2256/4135 1351/2252/1351 3595/1259/3595
f 4135/2254/4134 2474/1262/2474 1352/2241/1352
f 4135/2254/4134 2473/2253/2473 2474/1262/2474
f 2473/2253/2473 9/1260/9 2474/1262/2474
f 4133/2249/4132 4135/2254/4134 1352/2241/1352
f 4133/2249/4132 4134/2251/4133 4135/2254/4134
f 4134/2251/4133 1351/2252/1351 4135/2254/4134
f 2366/2250/2366 3596/2243/3596 352/1224/352
f 2366/2250/2366 4133/2249/4132 3596/2243/3596
f 4133/2249/4132 1352/2241/1352 3596/2243/3596
f 4132/2247/4131 2475/2239/2475 1353/2238/1353
f 4132/2247/4131 2655/2246/2655 2475/2239/2475
f 2655/2246/2655 8/1264/8 2475/2239/2475
f 4130/2242/4129 4132/2247/4131 1353/2238/1353
f 4130/2242/4129 4131/2244/4130 4132/2247/4131
f 4131/2244/4130 411/2245/411 4132/2247/4131
f 3596/2243/3596 3597/1263/3597 352/1224/352
f 3596/2243/3596 4130/2242/4129 3597/1263/3597
f 4130/2242/4129 1353/2238/1353 3597/1263/3597
f 4129/2240/4128 2476/1266/2476 1354/2227/1354
f 4129/2240/4128 2475/2239/2475 2476/1266/2476
f 2475/2239/2475 8/1264/8 2476/1266/2476
f 4127/2235/4126 4129/2240/4128 1354/2227/1354
f 4127/2235/4126 4128/2237/4127 4129/2240/4128
f 4128/2237/4127 1353/2238/1353 4129/2240/4128
f 2357/2236/2357 3598/2229/3598 88/794/88
f 2357/2236/2357 4127/2235/4126 3598/2229/3598
f 4127/2235/4126 1354/2227/1354 3598/2229/3598
f 4126/2233/4125 2734/9/2734 490/5878/490
f 4126/2233/4125 2654/2232/2654 2734/9/2734
f 2654/2232/2654 2/7/2 2734/9/2734
f 4124/2228/4123 4126/2233/4125 490/5878/490
f 4124/2228/4123 4125/2230/4124 4126/2233/4125
f 4125/2230/4124 410/2231/410 4126/2233/4125
f 3598/2229/3598 1612/5880/1612 88/794/88
f 3598/2229/3598 4124/2228/4123 1612/5880/1612
f 4124/2228/4123 490/5878/490 1612/5880/1612
f 4123/2226/4122 2651/1019/2651 407/2952/407
f 4123/2226/4122 2477/2172/2477 2651/1019/2651
f 2477/2172/2477 107/1017/107 2651/1019/2651
f 4121/2223/4120 4123/2226/4122 407/2952/407
f 4121/2223/4120 4122/2225/4121 4123/2226/4122
f 4122/2225/4121 1355/2170/1355 4123/2226/4122
f 2714/2224/2714 1529/2954/1529 7/5940/7
f 2714/2224/2714 4121/2223/4120 1529/2954/1529
f 4121/2223/4120 407/2952/407 1529/2954/1529
f 4120/2221/4119 2532/2175/2532 1410/2174/1410
f 4120/2221/4119 2479/2160/2479 2532/2175/2532
f 2479/2160/2479 353/1278/353 2532/2175/2532
f 4118/2218/4117 4120/2221/4119 1410/2174/1410
f 4118/2218/4117 4119/2220/4118 4120/2221/4119
f 4119/2220/4118 1357/2158/1357 4120/2221/4119
f 2715/2219/2715 3654/1277/3654 68/264/68
f 2715/2219/2715 4118/2218/4117 3654/1277/3654
f 4118/2218/4117 1410/2174/1410 3654/1277/3654
f 4117/2216/4116 2534/2163/2534 1412/2162/1412
f 4117/2216/4116 2481/2136/2481 2534/2163/2534
f 2481/2136/2481 354/1282/354 2534/2163/2534
f 4115/2213/4114 4117/2216/4116 1412/2162/1412
f 4115/2213/4114 4116/2215/4115 4117/2216/4116
f 4116/2215/4115 1359/2134/1359 4117/2216/4116
f 2716/2214/2716 3656/1281/3656 69/260/69
f 2716/2214/2716 4115/2213/4114 3656/1281/3656
f 4115/2213/4114 1412/2162/1412 3656/1281/3656
f 4114/2211/4113 2538/2139/2538 1416/2138/1416
f 4114/2211/4113 2484/2100/2484 2538/2139/2538
f 2484/2100/2484 356/1290/356 2538/2139/2538
f 4112/2208/4111 4114/2211/4113 1416/2138/1416
f 4112/2208/4111 4113/2210/4112 4114/2211/4113
f 4113/2210/4112 1362/2098/1362 4114/2211/4113
f 2717/2209/2717 3660/1289/3660 70/256/70
f 2717/2209/2717 4112/2208/4111 3660/1289/3660
f 4112/2208/4111 1416/2138/1416 3660/1289/3660
f 4111/2206/4110 2544/2103/2544 1422/2102/1422
f 4111/2206/4110 2488/2052/2488 2544/2103/2544
f 2488/2052/2488 359/1302/359 2544/2103/2544
f 4109/2203/4108 4111/2206/4110 1422/2102/1422
f 4109/2203/4108 4110/2205/4109 4111/2206/4110
f 4110/2205/4109 1366/2050/1366 4111/2206/4110
f 2718/2204/2718 3666/1301/3666 71/252/71
f 2718/2204/2718 4109/2203/4108 3666/1301/3666
f 4109/2203/4108 1422/2102/1422 3666/1301/3666
f 4108/2201/4107 2552/2055/2552 1430/2054/1430
f 4108/2201/4107 2493/1992/2493 2552/2055/2552
f 2493/1992/2493 363/1318/363 2552/2055/2552
f 4106/2198/4105 4108/2201/4107 1430/2054/1430
f 4106/2198/4105 4107/2200/4106 4108/2201/4107
f 4107/2200/4106 1371/1990/1371 4108/2201/4107
f 2719/2199/2719 3674/1317/3674 72/248/72
f 2719/2199/2719 4106/2198/4105 3674/1317/3674
f 4106/2198/4105 1430/2054/1430 3674/1317/3674
f 4105/2196/4104 2562/1995/2562 1440/1994/1440
f 4105/2196/4104 2499/1920/2499 2562/1995/2562
f 2499/1920/2499 368/1338/368 2562/1995/2562
f 4103/2193/4102 4105/2196/4104 1440/1994/1440
f 4103/2193/4102 4104/2195/4103 4105/2196/4104
f 4104/2195/4103 1377/1918/1377 4105/2196/4104
f 2720/2194/2720 3684/1337/3684 73/244/73
f 2720/2194/2720 4103/2193/4102 3684/1337/3684
f 4103/2193/4102 1440/1994/1440 3684/1337/3684
f 4102/2191/4101 2574/1923/2574 1452/1922/1452
f 4102/2191/4101 2506/1836/2506 2574/1923/2574
f 2506/1836/2506 374/1362/374 2574/1923/2574
f 4100/2188/4099 4102/2191/4101 1452/1922/1452
f 4100/2188/4099 4101/2190/4100 4102/2191/4101
f 4101/2190/4100 1384/1834/1384 4102/2191/4101
f 2721/2189/2721 3696/1361/3696 74/240/74
f 2721/2189/2721 4100/2188/4099 3696/1361/3696
f 4100/2188/4099 1452/1922/1452 3696/1361/3696
f 4099/2186/4098 2588/1839/2588 1466/1838/1466
f 4099/2186/4098 2514/1740/2514 2588/1839/2588
f 2514/1740/2514 381/1390/381 2588/1839/2588
f 4097/2183/4096 4099/2186/4098 1466/1838/1466
f 4097/2183/4096 4098/2185/4097 4099/2186/4098
f 4098/2185/4097 1392/1738/1392 4099/2186/4098
f 2722/2184/2722 3710/1389/3710 75/236/75
f 2722/2184/2722 4097/2183/4096 3710/1389/3710
f 4097/2183/4096 1466/1838/1466 3710/1389/3710
f 4096/2181/4095 2604/1743/2604 1482/1742/1482
f 4096/2181/4095 2523/1632/2523 2604/1743/2604
f 2523/1632/2523 389/1422/389 2604/1743/2604
f 4094/2178/4093 4096/2181/4095 1482/1742/1482
f 4094/2178/4093 4095/2180/4094 4096/2181/4095
f 4095/2180/4094 1401/1630/1401 4096/2181/4095
f 2723/2179/2723 3726/1421/3726 76/232/76
f 2723/2179/2723 4094/2178/4093 3726/1421/3726
f 4094/2178/4093 1482/1742/1482 3726/1421/3726
f 4093/2176/4092 2533/1280/2533 1411/2165/1411
f 4093/2176/4092 2532/2175/2532 2533/1280/2533
f 2532/2175/2532 353/1278/353 2533/1280/2533
f 4091/2171/4090 4093/2176/4092 1411/2165/1411
f 4091/2171/4090 4092/2173/4091 4093/2176/4092
f 4092/2173/4091 1410/2174/1410 4093/2176/4092
f 2477/2172/2477 3655/2167/3655 107/1017/107
f 2477/2172/2477 4091/2171/4090 3655/2167/3655
f 4091/2171/4090 1411/2165/1411 3655/2167/3655
f 4090/2169/4089 2753/1022/2753 509/2947/509
f 4090/2169/4089 2478/2148/2478 2753/1022/2753
f 2478/2148/2478 106/1020/106 2753/1022/2753
f 4088/2166/4087 4090/2169/4089 509/2947/509
f 4088/2166/4087 4089/2168/4088 4090/2169/4089
f 4089/2168/4088 1356/2146/1356 4090/2169/4089
f 3655/2167/3655 1631/2949/1631 107/1017/107
f 3655/2167/3655 4088/2166/4087 1631/2949/1631
f 4088/2166/4087 509/2947/509 1631/2949/1631
f 4087/2164/4086 2535/1284/2535 1413/2153/1413
f 4087/2164/4086 2534/2163/2534 2535/1284/2535
f 2534/2163/2534 354/1282/354 2535/1284/2535
f 4085/2159/4084 4087/2164/4086 1413/2153/1413
f 4085/2159/4084 4086/2161/4085 4087/2164/4086
f 4086/2161/4085 1412/2162/1412 4087/2164/4086
f 2479/2160/2479 3657/2155/3657 353/1278/353
f 2479/2160/2479 4085/2159/4084 3657/2155/3657
f 4085/2159/4084 1413/2153/1413 3657/2155/3657
f 4084/2157/4083 2536/2151/2536 1414/2150/1414
f 4084/2157/4083 2482/2124/2482 2536/2151/2536
f 2482/2124/2482 355/1286/355 2536/2151/2536
f 4082/2154/4081 4084/2157/4083 1414/2150/1414
f 4082/2154/4081 4083/2156/4082 4084/2157/4083
f 4083/2156/4082 1360/2122/1360 4084/2157/4083
f 3657/2155/3657 3658/1285/3658 353/1278/353
f 3657/2155/3657 4082/2154/4081 3658/1285/3658
f 4082/2154/4081 1414/2150/1414 3658/1285/3658
f 4081/2152/4080 2537/1288/2537 1415/2141/1415
f 4081/2152/4080 2536/2151/2536 2537/1288/2537
f 2536/2151/2536 355/1286/355 2537/1288/2537
f 4079/2147/4078 4081/2152/4080 1415/2141/1415
f 4079/2147/4078 4080/2149/4079 4081/2152/4080
f 4080/2149/4079 1414/2150/1414 4081/2152/4080
f 2478/2148/2478 3659/2143/3659 106/1020/106
f 2478/2148/2478 4079/2147/4078 3659/2143/3659
f 4079/2147/4078 1415/2141/1415 3659/2143/3659
f 4078/2145/4077 2752/1025/2752 508/2942/508
f 4078/2145/4077 2480/2112/2480 2752/1025/2752
f 2480/2112/2480 105/1023/105 2752/1025/2752
f 4076/2142/4075 4078/2145/4077 508/2942/508
f 4076/2142/4075 4077/2144/4076 4078/2145/4077
f 4077/2144/4076 1358/2110/1358 4078/2145/4077
f 3659/2143/3659 1630/2944/1630 106/1020/106
f 3659/2143/3659 4076/2142/4075 1630/2944/1630
f 4076/2142/4075 508/2942/508 1630/2944/1630
f 4075/2140/4074 2539/1292/2539 1417/2129/1417
f 4075/2140/4074 2538/2139/2538 2539/1292/2539
f 2538/2139/2538 356/1290/356 2539/1292/2539
f 4073/2135/4072 4075/2140/4074 1417/2129/1417
f 4073/2135/4072 4074/2137/4073 4075/2140/4074
f 4074/2137/4073 1416/2138/1416 4075/2140/4074
f 2481/2136/2481 3661/2131/3661 354/1282/354
f 2481/2136/2481 4073/2135/4072 3661/2131/3661
f 4073/2135/4072 1417/2129/1417 3661/2131/3661
f 4072/2133/4071 2540/2127/2540 1418/2126/1418
f 4072/2133/4071 2485/2088/2485 2540/2127/2540
f 2485/2088/2485 357/1294/357 2540/2127/2540
f 4070/2130/4069 4072/2133/4071 1418/2126/1418
f 4070/2130/4069 4071/2132/4070 4072/2133/4071
f 4071/2132/4070 1363/2086/1363 4072/2133/4071
f 3661/2131/3661 3662/1293/3662 354/1282/354
f 3661/2131/3661 4070/2130/4069 3662/1293/3662
f 4070/2130/4069 1418/2126/1418 3662/1293/3662
f 4069/2128/4068 2541/1296/2541 1419/2117/1419
f 4069/2128/4068 2540/2127/2540 2541/1296/2541
f 2540/2127/2540 357/1294/357 2541/1296/2541
f 4067/2123/4066 4069/2128/4068 1419/2117/1419
f 4067/2123/4066 4068/2125/4067 4069/2128/4068
f 4068/2125/4067 1418/2126/1418 4069/2128/4068
f 2482/2124/2482 3663/2119/3663 355/1286/355
f 2482/2124/2482 4067/2123/4066 3663/2119/3663
f 4067/2123/4066 1419/2117/1419 3663/2119/3663
f 4066/2121/4065 2542/2115/2542 1420/2114/1420
f 4066/2121/4065 2486/2076/2486 2542/2115/2542
f 2486/2076/2486 358/1298/358 2542/2115/2542
f 4064/2118/4063 4066/2121/4065 1420/2114/1420
f 4064/2118/4063 4065/2120/4064 4066/2121/4065
f 4065/2120/4064 1364/2074/1364 4066/2121/4065
f 3663/2119/3663 3664/1297/3664 355/1286/355
f 3663/2119/3663 4064/2118/4063 3664/1297/3664
f 4064/2118/4063 1420/2114/1420 3664/1297/3664
f 4063/2116/4062 2543/1300/2543 1421/2105/1421
f 4063/2116/4062 2542/2115/2542 2543/1300/2543
f 2542/2115/2542 358/1298/358 2543/1300/2543
f 4061/2111/4060 4063/2116/4062 1421/2105/1421
f 4061/2111/4060 4062/2113/4061 4063/2116/4062
f 4062/2113/4061 1420/2114/1420 4063/2116/4062
f 2480/2112/2480 3665/2107/3665 105/1023/105
f 2480/2112/2480 4061/2111/4060 3665/2107/3665
f 4061/2111/4060 1421/2105/1421 3665/2107/3665
f 4060/2109/4059 2751/1028/2751 507/2937/507
f 4060/2109/4059 2483/2064/2483 2751/1028/2751
f 2483/2064/2483 104/1026/104 2751/1028/2751
f 4058/2106/4057 4060/2109/4059 507/2937/507
f 4058/2106/4057 4059/2108/4058 4060/2109/4059
f 4059/2108/4058 1361/2062/1361 4060/2109/4059
f 3665/2107/3665 1629/2939/1629 105/1023/105
f 3665/2107/3665 4058/2106/4057 1629/2939/1629
f 4058/2106/4057 507/2937/507 1629/2939/1629
f 4057/2104/4056 2545/1304/2545 1423/2093/1423
f 4057/2104/4056 2544/2103/2544 2545/1304/2545
f 2544/2103/2544 359/1302/359 2545/1304/2545
f 4055/2099/4054 4057/2104/4056 1423/2093/1423
f 4055/2099/4054 4056/2101/4055 4057/2104/4056
f 4056/2101/4055 1422/2102/1422 4057/2104/4056
f 2484/2100/2484 3667/2095/3667 356/1290/356
f 2484/2100/2484 4055/2099/4054 3667/2095/3667
f 4055/2099/4054 1423/2093/1423 3667/2095/3667
f 4054/2097/4053 2546/2091/2546 1424/2090/1424
f 4054/2097/4053 2489/2040/2489 2546/2091/2546
f 2489/2040/2489 360/1306/360 2546/2091/2546
f 4052/2094/4051 4054/2097/4053 1424/2090/1424
f 4052/2094/4051 4053/2096/4052 4054/2097/4053
f 4053/2096/4052 1367/2038/1367 4054/2097/4053
f 3667/2095/3667 3668/1305/3668 356/1290/356
f 3667/2095/3667 4052/2094/4051 3668/1305/3668
f 4052/2094/4051 1424/2090/1424 3668/1305/3668
f 4051/2092/4050 2547/1308/2547 1425/2081/1425
f 4051/2092/4050 2546/2091/2546 2547/1308/2547
f 2546/2091/2546 360/1306/360 2547/1308/2547
f 4049/2087/4048 4051/2092/4050 1425/2081/1425
f 4049/2087/4048 4050/2089/4049 4051/2092/4050
f 4050/2089/4049 1424/2090/1424 4051/2092/4050
f 2485/2088/2485 3669/2083/3669 357/1294/357
f 2485/2088/2485 4049/2087/4048 3669/2083/3669
f 4049/2087/4048 1425/2081/1425 3669/2083/3669
f 4048/2085/4047 2548/2079/2548 1426/2078/1426
f 4048/2085/4047 2490/2028/2490 2548/2079/2548
f 2490/2028/2490 361/1310/361 2548/2079/2548
f 4046/2082/4045 4048/2085/4047 1426/2078/1426
f 4046/2082/4045 4047/2084/4046 4048/2085/4047
f 4047/2084/4046 1368/2026/1368 4048/2085/4047
f 3669/2083/3669 3670/1309/3670 357/1294/357
f 3669/2083/3669 4046/2082/4045 3670/1309/3670
f 4046/2082/4045 1426/2078/1426 3670/1309/3670
f 4045/2080/4044 2549/1312/2549 1427/2069/1427
f 4045/2080/4044 2548/2079/2548 2549/1312/2549
f 2548/2079/2548 361/1310/361 2549/1312/2549
f 4043/2075/4042 4045/2080/4044 1427/2069/1427
f 4043/2075/4042 4044/2077/4043 4045/2080/4044
f 4044/2077/4043 1426/2078/1426 4045/2080/4044
f 2486/2076/2486 3671/2071/3671 358/1298/358
f 2486/2076/2486 4043/2075/4042 3671/2071/3671
f 4043/2075/4042 1427/2069/1427 3671/2071/3671
f 4042/2073/4041 2550/2067/2550 1428/2066/1428
f 4042/2073/4041 2491/2016/2491 2550/2067/2550
f 2491/2016/2491 362/1314/362 2550/2067/2550
f 4040/2070/4039 4042/2073/4041 1428/2066/1428
f 4040/2070/4039 4041/2072/4040 4042/2073/4041
f 4041/2072/4040 1369/2014/1369 4042/2073/4041
f 3671/2071/3671 3672/1313/3672 358/1298/358
f 3671/2071/3671 4040/2070/4039 3672/1313/3672
f 4040/2070/4039 1428/2066/1428 3672/1313/3672
f 4039/2068/4038 2551/1316/2551 1429/2057/1429
f 4039/2068/4038 2550/2067/2550 2551/1316/2551
f 2550/2067/2550 362/1314/362 2551/1316/2551
f 4037/2063/4036 4039/2068/4038 1429/2057/1429
f 4037/2063/4036 4038/2065/4037 4039/2068/4038
f 4038/2065/4037 1428/2066/1428 4039/2068/4038
f 2483/2064/2483 3673/2059/3673 104/1026/104
f 2483/2064/2483 4037/2063/4036 3673/2059/3673
f 4037/2063/4036 1429/2057/1429 3673/2059/3673
f 4036/2061/4035 2750/1031/2750 506/2932/506
f 4036/2061/4035 2487/2004/2487 2750/1031/2750
f 2487/2004/2487 103/1029/103 2750/1031/2750
f 4034/2058/4033 4036/2061/4035 506/2932/506
f 4034/2058/4033 4035/2060/4034 4036/2061/4035
f 4035/2060/4034 1365/2002/1365 4036/2061/4035
f 3673/2059/3673 1628/2934/1628 104/1026/104
f 3673/2059/3673 4034/2058/4033 1628/2934/1628
f 4034/2058/4033 506/2932/506 1628/2934/1628
f 4033/2056/4032 2553/1320/2553 1431/2045/1431
f 4033/2056/4032 2552/2055/2552 2553/1320/2553
f 2552/2055/2552 363/1318/363 2553/1320/2553
f 4031/2051/4030 4033/2056/4032 1431/2045/1431
f 4031/2051/4030 4032/2053/4031 4033/2056/4032
f 4032/2053/4031 1430/2054/1430 4033/2056/4032
f 2488/2052/2488 3675/2047/3675 359/1302/359
f 2488/2052/2488 4031/2051/4030 3675/2047/3675
f 4031/2051/4030 1431/2045/1431 3675/2047/3675
f 4030/2049/4029 2554/2043/2554 1432/2042/1432
f 4030/2049/4029 2494/1980/2494 2554/2043/2554
f 2494/1980/2494 364/1322/364 2554/2043/2554
f 4028/2046/4027 4030/2049/4029 1432/2042/1432
f 4028/2046/4027 4029/2048/4028 4030/2049/4029
f 4029/2048/4028 1372/1978/1372 4030/2049/4029
f 3675/2047/3675 3676/1321/3676 359/1302/359
f 3675/2047/3675 4028/2046/4027 3676/1321/3676
f 4028/2046/4027 1432/2042/1432 3676/1321/3676
f 4027/2044/4026 2555/1324/2555 1433/2033/1433
f 4027/2044/4026 2554/2043/2554 2555/1324/2555
f 2554/2043/2554 364/1322/364 2555/1324/2555
f 4025/2039/4024 4027/2044/4026 1433/2033/1433
f 4025/2039/4024 4026/2041/4025 4027/2044/4026
f 4026/2041/4025 1432/2042/1432 4027/2044/4026
f 2489/2040/2489 3677/2035/3677 360/1306/360
f 2489/2040/2489 4025/2039/4024 3677/2035/3677
f 4025/2039/4024 1433/2033/1433 3677/2035/3677
f 4024/2037/4023 2556/2031/2556 1434/2030/1434
f 4024/2037/4023 2495/1968/2495 2556/2031/2556
f 2495/1968/2495 365/1326/365 2556/2031/2556
f 4022/2034/4021 4024/2037/4023 1434/2030/1434
f 4022/2034/4021 4023/2036/4022 4024/2037/4023
f 4023/2036/4022 1373/1966/1373 4024/2037/4023
f 3677/2035/3677 3678/1325/3678 360/1306/360
f 3677/2035/3677 4022/2034/4021 3678/1325/3678
f 4022/2034/4021 1434/2030/1434 3678/1325/3678
f 4021/2032/4020 2557/1328/2557 1435/2021/1435
f 4021/2032/4020 2556/2031/2556 2557/1328/2557
f 2556/2031/2556 365/1326/365 2557/1328/2557
f 4019/2027/4018 4021/2032/4020 1435/2021/1435
f 4019/2027/4018 4020/2029/4019 4021/2032/4020
f 4020/2029/4019 1434/2030/1434 4021/2032/4020
f 2490/2028/2490 3679/2023/3679 361/1310/361
f 2490/2028/2490 4019/2027/4018 3679/2023/3679
f 4019/2027/4018 1435/2021/1435 3679/2023/3679
f 4018/2025/4017 2558/2019/2558 1436/2018/1436
f 4018/2025/4017 2496/1956/2496 2558/2019/2558
f 2496/1956/2496 366/1330/366 2558/2019/2558
f 4016/2022/4015 4018/2025/4017 1436/2018/1436
f 4016/2022/4015 4017/2024/4016 4018/2025/4017
f 4017/2024/4016 1374/1954/1374 4018/2025/4017
f 3679/2023/3679 3680/1329/3680 361/1310/361
f 3679/2023/3679 4016/2022/4015 3680/1329/3680
f 4016/2022/4015 1436/2018/1436 3680/1329/3680
f 4015/2020/4014 2559/1332/2559 1437/2009/1437
f 4015/2020/4014 2558/2019/2558 2559/1332/2559
f 2558/2019/2558 366/1330/366 2559/1332/2559
f 4013/2015/4012 4015/2020/4014 1437/2009/1437
f 4013/2015/4012 4014/2017/4013 4015/2020/4014
f 4014/2017/4013 1436/2018/1436 4015/2020/4014
f 2491/2016/2491 3681/2011/3681 362/1314/362
f 2491/2016/2491 4013/2015/4012 3681/2011/3681
f 4013/2015/4012 1437/2009/1437 3681/2011/3681
f 4012/2013/4011 2560/2007/2560 1438/2006/1438
f 4012/2013/4011 2497/1944/2497 2560/2007/2560
f 2497/1944/2497 367/1334/367 2560/2007/2560
f 4010/2010/4009 4012/2013/4011 1438/2006/1438
f 4010/2010/4009 4011/2012/4010 4012/2013/4011
f 4011/2012/4010 1375/1942/1375 4012/2013/4011
f 3681/2011/3681 3682/1333/3682 362/1314/362
f 3681/2011/3681 4010/2010/4009 3682/1333/3682
f 4010/2010/4009 1438/2006/1438 3682/1333/3682
f 4009/2008/4008 2561/1336/2561 1439/1997/1439
f 4009/2008/4008 2560/2007/2560 2561/1336/2561
f 2560/2007/2560 367/1334/367 2561/1336/2561
f 4007/2003/4006 4009/2008/4008 1439/1997/1439
f 4007/2003/4006 4008/2005/4007 4009/2008/4008
f 4008/2005/4007 1438/2006/1438 4009/2008/4008
f 2487/2004/2487 3683/1999/3683 103/1029/103
f 2487/2004/2487 4007/2003/4006 3683/1999/3683
f 4007/2003/4006 1439/1997/1439 3683/1999/3683
f 4006/2001/4005 2749/1034/2749 505/2927/505
f 4006/2001/4005 2492/1932/2492 2749/1034/2749
f 2492/1932/2492 102/1032/102 2749/1034/2749
f 4004/1998/4003 4006/2001/4005 505/2927/505
f 4004/1998/4003 4005/2000/4004 4006/2001/4005
f 4005/2000/4004 1370/1930/1370 4006/2001/4005
f 3683/1999/3683 1627/2929/1627 103/1029/103
f 3683/1999/3683 4004/1998/4003 1627/2929/1627
f 4004/1998/4003 505/2927/505 1627/2929/1627
f 4003/1996/4002 2563/1340/2563 1441/1985/1441
f 4003/1996/4002 2562/1995/2562 2563/1340/2563
f 2562/1995/2562 368/1338/368 2563/1340/2563
f 4001/1991/4000 4003/1996/4002 1441/1985/1441
f 4001/1991/4000 4002/1993/4001 4003/1996/4002
f 4002/1993/4001 1440/1994/1440 4003/1996/4002
f 2493/1992/2493 3685/1987/3685 363/1318/363
f 2493/1992/2493 4001/1991/4000 3685/1987/3685
f 4001/1991/4000 1441/1985/1441 3685/1987/3685
f 4000/1989/3999 2564/1983/2564 1442/1982/1442
f 4000/1989/3999 2500/1908/2500 2564/1983/2564
f 2500/1908/2500 369/1342/369 2564/1983/2564
f 3998/1986/3997 4000/1989/3999 1442/1982/1442
f 3998/1986/3997 3999/1988/3998 4000/1989/3999
f 3999/1988/3998 1378/1906/1378 4000/1989/3999
f 3685/1987/3685 3686/1341/3686 363/1318/363
f 3685/1987/3685 3998/1986/3997 3686/1341/3686
f 3998/1986/3997 1442/1982/1442 3686/1341/3686
f 3997/1984/3996 2565/1344/2565 1443/1973/1443
f 3997/1984/3996 2564/1983/2564 2565/1344/2565
f 2564/1983/2564 369/1342/369 2565/1344/2565
f 3995/1979/3994 3997/1984/3996 1443/1973/1443
f 3995/1979/3994 3996/1981/3995 3997/1984/3996
f 3996/1981/3995 1442/1982/1442 3997/1984/3996
f 2494/1980/2494 3687/1975/3687 364/1322/364
f 2494/1980/2494 3995/1979/3994 3687/1975/3687
f 3995/1979/3994 1443/1973/1443 3687/1975/3687
f 3994/1977/3993 2566/1971/2566 1444/1970/1444
f 3994/1977/3993 2501/1896/2501 2566/1971/2566
f 2501/1896/2501 370/1346/370 2566/1971/2566
f 3992/1974/3991 3994/1977/3993 1444/1970/1444
f 3992/1974/3991 3993/1976/3992 3994/1977/3993
f 3993/1976/3992 1379/1894/1379 3994/1977/3993
f 3687/1975/3687 3688/1345/3688 364/1322/364
f 3687/1975/3687 3992/1974/3991 3688/1345/3688
f 3992/1974/3991 1444/1970/1444 3688/1345/3688
f 3991/1972/3990 2567/1348/2567 1445/1961/1445
f 3991/1972/3990 2566/1971/2566 2567/1348/2567
f 2566/1971/2566 370/1346/370 2567/1348/2567
f 3989/1967/3988 3991/1972/3990 1445/1961/1445
f 3989/1967/3988 3990/1969/3989 3991/1972/3990
f 3990/1969/3989 1444/1970/1444 3991/1972/3990
f 2495/1968/2495 3689/1963/3689 365/1326/365
f 2495/1968/2495 3989/1967/3988 3689/1963/3689
f 3989/1967/3988 1445/1961/1445 3689/1963/3689
f 3988/1965/3987 2568/1959/2568 1446/1958/1446
f 3988/1965/3987 2502/1884/2502 2568/1959/2568
f 2502/1884/2502 371/1350/371 2568/1959/2568
f 3986/1962/3985 3988/1965/3987 1446/1958/1446
f 3986/1962/3985 3987/1964/3986 3988/1965/3987
f 3987/1964/3986 1380/1882/1380 3988/1965/3987
f 3689/1963/3689 3690/1349/3690 365/1326/365
f 3689/1963/3689 3986/1962/3985 3690/1349/3690
f 3986/1962/3985 1446/1958/1446 3690/1349/3690
f 3985/1960/3984 2569/1352/2569 1447/1949/1447
f 3985/1960/3984 2568/1959/2568 2569/1352/2569
f 2568/1959/2568 371/1350/371 2569/1352/2569
f 3983/1955/3982 3985/1960/3984 1447/1949/1447
f 3983/1955/3982 3984/1957/3983 3985/1960/3984
f 3984/1957/3983 1446/1958/1446 3985/1960/3984
f 2496/1956/2496 3691/1951/3691 366/1330/366
f 2496/1956/2496 3983/1955/3982 3691/1951/3691
f 3983/1955/3982 1447/1949/1447 3691/1951/3691
f 3982/1953/3981 2570/1947/2570 1448/1946/1448
f 3982/1953/3981 2503/1872/2503 2570/1947/2570
f 2503/1872/2503 372/1354/372 2570/1947/2570
f 3980/1950/3979 3982/1953/3981 1448/1946/1448
f 3980/1950/3979 3981/1952/3980 3982/1953/3981
f 3981/1952/3980 1381/1870/1381 3982/1953/3981
f 3691/1951/3691 3692/1353/3692 366/1330/366
f 3691/1951/3691 3980/1950/3979 3692/1353/3692
f 3980/1950/3979 1448/1946/1448 3692/1353/3692
f 3979/1948/3978 2571/1356/2571 1449/1937/1449
f 3979/1948/3978 2570/1947/2570 2571/1356/2571
f 2570/1947/2570 372/1354/372 2571/1356/2571
f 3977/1943/3976 3979/1948/3978 1449/1937/1449
f 3977/1943/3976 3978/1945/3977 3979/1948/3978
f 3978/1945/3977 1448/1946/1448 3979/1948/3978
f 2497/1944/2497 3693/1939/3693 367/1334/367
f 2497/1944/2497 3977/1943/3976 3693/1939/3693
f 3977/1943/3976 1449/1937/1449 3693/1939/3693
f 3976/1941/3975 2572/1935/2572 1450/1934/1450
f 3976/1941/3975 2504/1860/2504 2572/1935/2572
f 2504/1860/2504 373/1358/373 2572/1935/2572
f 3974/1938/3973 3976/1941/3975 1450/1934/1450
f 3974/1938/3973 3975/1940/3974 3976/1941/3975
f 3975/1940/3974 1382/1858/1382 3976/1941/3975
f 3693/1939/3693 3694/1357/3694 367/1334/367
f 3693/1939/3693 3974/1938/3973 3694/1357/3694
f 3974/1938/3973 1450/1934/1450 3694/1357/3694
f 3973/1936/3972 2573/1360/2573 1451/1925/1451
f 3973/1936/3972 2572/1935/2572 2573/1360/2573
f 2572/1935/2572 373/1358/373 2573/1360/2573
f 3971/1931/3970 3973/1936/3972 1451/1925/1451
f 3971/1931/3970 3972/1933/3971 3973/1936/3972
f 3972/1933/3971 1450/1934/1450 3973/1936/3972
f 2492/1932/2492 3695/1927/3695 102/1032/102
f 2492/1932/2492 3971/1931/3970 3695/1927/3695
f 3971/1931/3970 1451/1925/1451 3695/1927/3695
f 3970/1929/3969 2748/1037/2748 504/2922/504
f 3970/1929/3969 2498/1848/2498 2748/1037/2748
f 2498/1848/2498 101/1035/101 2748/1037/2748
f 3968/1926/3967 3970/1929/3969 504/2922/504
f 3968/1926/3967 3969/1928/3968 3970/1929/3969
f 3969/1928/3968 1376/1846/1376 3970/1929/3969
f 3695/1927/3695 1626/2924/1626 102/1032/102
f 3695/1927/3695 3968/1926/3967 1626/2924/1626
f 3968/1926/3967 504/2922/504 1626/2924/1626
f 3967/1924/3966 2575/1364/2575 1453/1913/1453
f 3967/1924/3966 2574/1923/2574 2575/1364/2575
f 2574/1923/2574 374/1362/374 2575/1364/2575
f 3965/1919/3964 3967/1924/3966 1453/1913/1453
f 3965/1919/3964 3966/1921/3965 3967/1924/3966
f 3966/1921/3965 1452/1922/1452 3967/1924/3966
f 2499/1920/2499 3697/1915/3697 368/1338/368
f 2499/1920/2499 3965/1919/3964 3697/1915/3697
f 3965/1919/3964 1453/1913/1453 3697/1915/3697
f 3964/1917/3963 2576/1911/2576 1454/1910/1454
f 3964/1917/3963 2507/1824/2507 2576/1911/2576
f 2507/1824/2507 375/1366/375 2576/1911/2576
f 3962/1914/3961 3964/1917/3963 1454/1910/1454
f 3962/1914/3961 3963/1916/3962 3964/1917/3963
f 3963/1916/3962 1385/1822/1385 3964/1917/3963
f 3697/1915/3697 3698/1365/3698 368/1338/368
f 3697/1915/3697 3962/1914/3961 3698/1365/3698
f 3962/1914/3961 1454/1910/1454 3698/1365/3698
f 3961/1912/3960 2577/1368/2577 1455/1901/1455
f 3961/1912/3960 2576/1911/2576 2577/1368/2577
f 2576/1911/2576 375/1366/375 2577/1368/2577
f 3959/1907/3958 3961/1912/3960 1455/1901/1455
f 3959/1907/3958 3960/1909/3959 3961/1912/3960
f 3960/1909/3959 1454/1910/1454 3961/1912/3960
f 2500/1908/2500 3699/1903/3699 369/1342/369
f 2500/1908/2500 3959/1907/3958 3699/1903/3699
f 3959/1907/3958 1455/1901/1455 3699/1903/3699
f 3958/1905/3957 2578/1899/2578 1456/1898/1456
f 3958/1905/3957 2508/1812/2508 2578/1899/2578
f 2508/1812/2508 376/1370/376 2578/1899/2578
f 3956/1902/3955 3958/1905/3957 1456/1898/1456
f 3956/1902/3955 3957/1904/3956 3958/1905/3957
f 3957/1904/3956 1386/1810/1386 3958/1905/3957
f 3699/1903/3699 3700/1369/3700 369/1342/369
f 3699/1903/3699 3956/1902/3955 3700/1369/3700
f 3956/1902/3955 1456/1898/1456 3700/1369/3700
f 3955/1900/3954 2579/1372/2579 1457/1889/1457
f 3955/1900/3954 2578/1899/2578 2579/1372/2579
f 2578/1899/2578 376/1370/376 2579/1372/2579
f 3953/1895/3952 3955/1900/3954 1457/1889/1457
f 3953/1895/3952 3954/1897/3953 3955/1900/3954
f 3954/1897/3953 1456/1898/1456 3955/1900/3954
f 2501/1896/2501 3701/1891/3701 370/1346/370
f 2501/1896/2501 3953/1895/3952 3701/1891/3701
f 3953/1895/3952 1457/1889/1457 3701/1891/3701
f 3952/1893/3951 2580/1887/2580 1458/1886/1458
f 3952/1893/3951 2509/1800/2509 2580/1887/2580
f 2509/1800/2509 377/1374/377 2580/1887/2580
f 3950/1890/3949 3952/1893/3951 1458/1886/1458
f 3950/1890/3949 3951/1892/3950 3952/1893/3951
f 3951/1892/3950 1387/1798/1387 3952/1893/3951
f 3701/1891/3701 3702/1373/3702 370/1346/370
f 3701/1891/3701 3950/1890/3949 3702/1373/3702
f 3950/1890/3949 1458/1886/1458 3702/1373/3702
f 3949/1888/3948 2581/1376/2581 1459/1877/1459
f 3949/1888/3948 2580/1887/2580 2581/1376/2581
f 2580/1887/2580 377/1374/377 2581/1376/2581
f 3947/1883/3946 3949/1888/3948 1459/1877/1459
f 3947/1883/3946 3948/1885/3947 3949/1888/3948
f 3948/1885/3947 1458/1886/1458 3949/1888/3948
f 2502/1884/2502 3703/1879/3703 371/1350/371
f 2502/1884/2502 3947/1883/3946 3703/1879/3703
f 3947/1883/3946 1459/1877/1459 3703/1879/3703
f 3946/1881/3945 2582/1875/2582 1460/1874/1460
f 3946/1881/3945 2510/1788/2510 2582/1875/2582
f 2510/1788/2510 378/1378/378 2582/1875/2582
f 3944/1878/3943 3946/1881/3945 1460/1874/1460
f 3944/1878/3943 3945/1880/3944 3946/1881/3945
f 3945/1880/3944 1388/1786/1388 3946/1881/3945
f 3703/1879/3703 3704/1377/3704 371/1350/371
f 3703/1879/3703 3944/1878/3943 3704/1377/3704
f 3944/1878/3943 1460/1874/1460 3704/1377/3704
f 3943/1876/3942 2583/1380/2583 1461/1865/1461
f 3943/1876/3942 2582/1875/2582 2583/1380/2583
f 2582/1875/2582 378/1378/378 2583/1380/2583
f 3941/1871/3940 3943/1876/3942 1461/1865/1461
f 3941/1871/3940 3942/1873/3941 3943/1876/3942
f 3942/1873/3941 1460/1874/1460 3943/1876/3942
f 2503/1872/2503 3705/1867/3705 372/1354/372
f 2503/1872/2503 3941/1871/3940 3705/1867/3705
f 3941/1871/3940 1461/1865/1461 3705/1867/3705
f 3940/1869/3939 2584/1863/2584 1462/1862/1462
f 3940/1869/3939 2511/1776/2511 2584/1863/2584
f 2511/1776/2511 379/1382/379 2584/1863/2584
f 3938/1866/3937 3940/1869/3939 1462/1862/1462
f 3938/1866/3937 3939/1868/3938 3940/1869/3939
f 3939/1868/3938 1389/1774/1389 3940/1869/3939
f 3705/1867/3705 3706/1381/3706 372/1354/372
f 3705/1867/3705 3938/1866/3937 3706/1381/3706
f 3938/1866/3937 1462/1862/1462 3706/1381/3706
f 3937/1864/3936 2585/1384/2585 1463/1853/1463
f 3937/1864/3936 2584/1863/2584 2585/1384/2585
f 2584/1863/2584 379/1382/379 2585/1384/2585
f 3935/1859/3934 3937/1864/3936 1463/1853/1463
f 3935/1859/3934 3936/1861/3935 3937/1864/3936
f 3936/1861/3935 1462/1862/1462 3937/1864/3936
f 2504/1860/2504 3707/1855/3707 373/1358/373
f 2504/1860/2504 3935/1859/3934 3707/1855/3707
f 3935/1859/3934 1463/1853/1463 3707/1855/3707
f 3934/1857/3933 2586/1851/2586 1464/1850/1464
f 3934/1857/3933 2512/1764/2512 2586/1851/2586
f 2512/1764/2512 380/1386/380 2586/1851/2586
f 3932/1854/3931 3934/1857/3933 1464/1850/1464
f 3932/1854/3931 3933/1856/3932 3934/1857/3933
f 3933/1856/3932 1390/1762/1390 3934/1857/3933
f 3707/1855/3707 3708/1385/3708 373/1358/373
f 3707/1855/3707 3932/1854/3931 3708/1385/3708
f 3932/1854/3931 1464/1850/1464 3708/1385/3708
f 3931/1852/3930 2587/1388/2587 1465/1841/1465
f 3931/1852/3930 2586/1851/2586 2587/1388/2587
f 2586/1851/2586 380/1386/380 2587/1388/2587
f 3929/1847/3928 3931/1852/3930 1465/1841/1465
f 3929/1847/3928 3930/1849/3929 3931/1852/3930
f 3930/1849/3929 1464/1850/1464 3931/1852/3930
f 2498/1848/2498 3709/1843/3709 101/1035/101
f 2498/1848/2498 3929/1847/3928 3709/1843/3709
f 3929/1847/3928 1465/1841/1465 3709/1843/3709
f 3928/1845/3927 2747/1040/2747 503/2917/503
f 3928/1845/3927 2505/1752/2505 2747/1040/2747
f 2505/1752/2505 100/1038/100 2747/1040/2747
f 3926/1842/3925 3928/1845/3927 503/2917/503
f 3926/1842/3925 3927/1844/3926 3928/1845/3927
f 3927/1844/3926 1383/1750/1383 3928/1845/3927
f 3709/1843/3709 1625/2919/1625 101/1035/101
f 3709/1843/3709 3926/1842/3925 1625/2919/1625
f 3926/1842/3925 503/2917/503 1625/2919/1625
f 3925/1840/3924 2589/1392/2589 1467/1829/1467
f 3925/1840/3924 2588/1839/2588 2589/1392/2589
f 2588/1839/2588 381/1390/381 2589/1392/2589
f 3923/1835/3922 3925/1840/3924 1467/1829/1467
f 3923/1835/3922 3924/1837/3923 3925/1840/3924
f 3924/1837/3923 1466/1838/1466 3925/1840/3924
f 2506/1836/2506 3711/1831/3711 374/1362/374
f 2506/1836/2506 3923/1835/3922 3711/1831/3711
f 3923/1835/3922 1467/1829/1467 3711/1831/3711
f 3922/1833/3921 2590/1827/2590 1468/1826/1468
f 3922/1833/3921 2515/1728/2515 2590/1827/2590
f 2515/1728/2515 382/1394/382 2590/1827/2590
f 3920/1830/3919 3922/1833/3921 1468/1826/1468
f 3920/1830/3919 3921/1832/3920 3922/1833/3921
f 3921/1832/3920 1393/1726/1393 3922/1833/3921
f 3711/1831/3711 3712/1393/3712 374/1362/374
f 3711/1831/3711 3920/1830/3919 3712/1393/3712
f 3920/1830/3919 1468/1826/1468 3712/1393/3712
f 3919/1828/3918 2591/1396/2591 1469/1817/1469
f 3919/1828/3918 2590/1827/2590 2591/1396/2591
f 2590/1827/2590 382/1394/382 2591/1396/2591
f 3917/1823/3916 3919/1828/3918 1469/1817/1469
f 3917/1823/3916 3918/1825/3917 3919/1828/3918
f 3918/1825/3917 1468/1826/1468 3919/1828/3918
f 2507/1824/2507 3713/1819/3713 375/1366/375
f 2507/1824/2507 3917/1823/3916 3713/1819/3713
f 3917/1823/3916 1469/1817/1469 3713/1819/3713
f 3916/1821/3915 2592/1815/2592 1470/1814/1470
f 3916/1821/3915 2516/1716/2516 2592/1815/2592
f 2516/1716/2516 383/1398/383 2592/1815/2592
f 3914/1818/3913 3916/1821/3915 1470/1814/1470
f 3914/1818/3913 3915/1820/3914 3916/1821/3915
f 3915/1820/3914 1394/1714/1394 3916/1821/3915
f 3713/1819/3713 3714/1397/3714 375/1366/375
f 3713/1819/3713 3914/1818/3913 3714/1397/3714
f 3914/1818/3913 1470/1814/1470 3714/1397/3714
f 3913/1816/3912 2593/1400/2593 1471/1805/1471
f 3913/1816/3912 2592/1815/2592 2593/1400/2593
f 2592/1815/2592 383/1398/383 2593/1400/2593
f 3911/1811/3910 3913/1816/3912 1471/1805/1471
f 3911/1811/3910 3912/1813/3911 3913/1816/3912
f 3912/1813/3911 1470/1814/1470 3913/1816/3912
f 2508/1812/2508 3715/1807/3715 376/1370/376
f 2508/1812/2508 3911/1811/3910 3715/1807/3715
f 3911/1811/3910 1471/1805/1471 3715/1807/3715
f 3910/1809/3909 2594/1803/2594 1472/1802/1472
f 3910/1809/3909 2517/1704/2517 2594/1803/2594
f 2517/1704/2517 384/1402/384 2594/1803/2594
f 3908/1806/3907 3910/1809/3909 1472/1802/1472
f 3908/1806/3907 3909/1808/3908 3910/1809/3909
f 3909/1808/3908 1395/1702/1395 3910/1809/3909
f 3715/1807/3715 3716/1401/3716 376/1370/376
f 3715/1807/3715 3908/1806/3907 3716/1401/3716
f 3908/1806/3907 1472/1802/1472 3716/1401/3716
f 3907/1804/3906 2595/1404/2595 1473/1793/1473
f 3907/1804/3906 2594/1803/2594 2595/1404/2595
f 2594/1803/2594 384/1402/384 2595/1404/2595
f 3905/1799/3904 3907/1804/3906 1473/1793/1473
f 3905/1799/3904 3906/1801/3905 3907/1804/3906
f 3906/1801/3905 1472/1802/1472 3907/1804/3906
f 2509/1800/2509 3717/1795/3717 377/1374/377
f 2509/1800/2509 3905/1799/3904 3717/1795/3717
f 3905/1799/3904 1473/1793/1473 3717/1795/3717
f 3904/1797/3903 2596/1791/2596 1474/1790/1474
f 3904/1797/3903 2518/1692/2518 2596/1791/2596
f 2518/1692/2518 385/1406/385 2596/1791/2596
f 3902/1794/3901 3904/1797/3903 1474/1790/1474
f 3902/1794/3901 3903/1796/3902 3904/1797/3903
f 3903/1796/3902 1396/1690/1396 3904/1797/3903
f 3717/1795/3717 3718/1405/3718 377/1374/377
f 3717/1795/3717 3902/1794/3901 3718/1405/3718
f 3902/1794/3901 1474/1790/1474 3718/1405/3718
f 3901/1792/3900 2597/1408/2597 1475/1781/1475
f 3901/1792/3900 2596/1791/2596 2597/1408/2597
f 2596/1791/2596 385/1406/385 2597/1408/2597
f 3899/1787/3898 3901/1792/3900 1475/1781/1475
f 3899/1787/3898 3900/1789/3899 3901/1792/3900
f 3900/1789/3899 1474/1790/1474 3901/1792/3900
f 2510/1788/2510 3719/1783/3719 378/1378/378
f 2510/1788/2510 3899/1787/3898 3719/1783/3719
f 3899/1787/3898 1475/1781/1475 3719/1783/3719
f 3898/1785/3897 2598/1779/2598 1476/1778/1476
f 3898/1785/3897 2519/1680/2519 2598/1779/2598
f 2519/1680/2519 386/1410/386 2598/1779/2598
f 3896/1782/3895 3898/1785/3897 1476/1778/1476
f 3896/1782/3895 3897/1784/3896 3898/1785/3897
f 3897/1784/3896 1397/1678/1397 3898/1785/3897
f 3719/1783/3719 3720/1409/3720 378/1378/378
f 3719/1783/3719 3896/1782/3895 3720/1409/3720
f 3896/1782/3895 1476/1778/1476 3720/1409/3720
f 3895/1780/3894 2599/1412/2599 1477/1769/1477
f 3895/1780/3894 2598/1779/2598 2599/1412/2599
f 2598/1779/2598 386/1410/386 2599/1412/2599
f 3893/1775/3892 3895/1780/3894 1477/1769/1477
f 3893/1775/3892 3894/1777/3893 3895/1780/3894
f 3894/1777/3893 1476/1778/1476 3895/1780/3894
f 2511/1776/2511 3721/1771/3721 379/1382/379
f 2511/1776/2511 3893/1775/3892 3721/1771/3721
f 3893/1775/3892 1477/1769/1477 3721/1771/3721
f 3892/1773/3891 2600/1767/2600 1478/1766/1478
f 3892/1773/3891 2520/1668/2520 2600/1767/2600
f 2520/1668/2520 387/1414/387 2600/1767/2600
f 3890/1770/3889 3892/1773/3891 1478/1766/1478
f 3890/1770/3889 3891/1772/3890 3892/1773/3891
f 3891/1772/3890 1398/1666/1398 3892/1773/3891
f 3721/1771/3721 3722/1413/3722 379/1382/379
f 3721/1771/3721 3890/1770/3889 3722/1413/3722
f 3890/1770/3889 1478/1766/1478 3722/1413/3722
f 3889/1768/3888 2601/1416/2601 1479/1757/1479
f 3889/1768/3888 2600/1767/2600 2601/1416/2601
f 2600/1767/2600 387/1414/387 2601/1416/2601
f 3887/1763/3886 3889/1768/3888 1479/1757/1479
f 3887/1763/3886 3888/1765/3887 3889/1768/3888
f 3888/1765/3887 1478/1766/1478 3889/1768/3888
f 2512/1764/2512 3723/1759/3723 380/1386/380
f 2512/1764/2512 3887/1763/3886 3723/1759/3723
f 3887/1763/3886 1479/1757/1479 3723/1759/3723
f 3886/1761/3885 2602/1755/2602 1480/1754/1480
f 3886/1761/3885 2521/1656/2521 2602/1755/2602
f 2521/1656/2521 388/1418/388 2602/1755/2602
f 3884/1758/3883 3886/1761/3885 1480/1754/1480
f 3884/1758/3883 3885/1760/3884 3886/1761/3885
f 3885/1760/3884 1399/1654/1399 3886/1761/3885
f 3723/1759/3723 3724/1417/3724 380/1386/380
f 3723/1759/3723 3884/1758/3883 3724/1417/3724
f 3884/1758/3883 1480/1754/1480 3724/1417/3724
f 3883/1756/3882 2603/1420/2603 1481/1745/1481
f 3883/1756/3882 2602/1755/2602 2603/1420/2603
f 2602/1755/2602 388/1418/388 2603/1420/2603
f 3881/1751/3880 3883/1756/3882 1481/1745/1481
f 3881/1751/3880 3882/1753/3881 3883/1756/3882
f 3882/1753/3881 1480/1754/1480 3883/1756/3882
f 2505/1752/2505 3725/1747/3725 100/1038/100
f 2505/1752/2505 3881/1751/3880 3725/1747/3725
f 3881/1751/3880 1481/1745/1481 3725/1747/3725
f 3880/1749/3879 2746/1043/2746 502/2912/502
f 3880/1749/3879 2513/1644/2513 2746/1043/2746
f 2513/1644/2513 99/1041/99 2746/1043/2746
f 3878/1746/3877 3880/1749/3879 502/2912/502
f 3878/1746/3877 3879/1748/3878 3880/1749/3879
f 3879/1748/3878 1391/1642/1391 3880/1749/3879
f 3725/1747/3725 1624/2914/1624 100/1038/100
f 3725/1747/3725 3878/1746/3877 1624/2914/1624
f 3878/1746/3877 502/2912/502 1624/2914/1624
f 3877/1744/3876 2605/1424/2605 1483/1733/1483
f 3877/1744/3876 2604/1743/2604 2605/1424/2605
f 2604/1743/2604 389/1422/389 2605/1424/2605
f 3875/1739/3874 3877/1744/3876 1483/1733/1483
f 3875/1739/3874 3876/1741/3875 3877/1744/3876
f 3876/1741/3875 1482/1742/1482 3877/1744/3876
f 2514/1740/2514 3727/1735/3727 381/1390/381
f 2514/1740/2514 3875/1739/3874 3727/1735/3727
f 3875/1739/3874 1483/1733/1483 3727/1735/3727
f 3874/1737/3873 2606/1731/2606 1484/1730/1484
f 3874/1737/3873 2524/1618/2524 2606/1731/2606
f 2524/1618/2524 390/1426/390 2606/1731/2606
f 3872/1734/3871 3874/1737/3873 1484/1730/1484
f 3872/1734/3871 3873/1736/3872 3874/1737/3873
f 3873/1736/3872 1402/1616/1402 3874/1737/3873
f 3727/1735/3727 3728/1425/3728 381/1390/381
f 3727/1735/3727 3872/1734/3871 3728/1425/3728
f 3872/1734/3871 1484/1730/1484 3728/1425/3728
f 3871/1732/3870 2607/1428/2607 1485/1721/1485
f 3871/1732/3870 2606/1731/2606 2607/1428/2607
f 2606/1731/2606 390/1426/390 2607/1428/2607
f 3869/1727/3868 3871/1732/3870 1485/1721/1485
f 3869/1727/3868 3870/1729/3869 3871/1732/3870
f 3870/1729/3869 1484/1730/1484 3871/1732/3870
f 2515/1728/2515 3729/1723/3729 382/1394/382
f 2515/1728/2515 3869/1727/3868 3729/1723/3729
f 3869/1727/3868 1485/1721/1485 3729/1723/3729
f 3868/1725/3867 2608/1719/2608 1486/1718/1486
f 3868/1725/3867 2525/1604/2525 2608/1719/2608
f 2525/1604/2525 391/1430/391 2608/1719/2608
f 3866/1722/3865 3868/1725/3867 1486/1718/1486
f 3866/1722/3865 3867/1724/3866 3868/1725/3867
f 3867/1724/3866 1403/1602/1403 3868/1725/3867
f 3729/1723/3729 3730/1429/3730 382/1394/382
f 3729/1723/3729 3866/1722/3865 3730/1429/3730
f 3866/1722/3865 1486/1718/1486 3730/1429/3730
f 3865/1720/3864 2609/1432/2609 1487/1709/1487
f 3865/1720/3864 2608/1719/2608 2609/1432/2609
f 2608/1719/2608 391/1430/391 2609/1432/2609
f 3863/1715/3862 3865/1720/3864 1487/1709/1487
f 3863/1715/3862 3864/1717/3863 3865/1720/3864
f 3864/1717/3863 1486/1718/1486 3865/1720/3864
f 2516/1716/2516 3731/1711/3731 383/1398/383
f 2516/1716/2516 3863/1715/3862 3731/1711/3731
f 3863/1715/3862 1487/1709/1487 3731/1711/3731
f 3862/1713/3861 2610/1707/2610 1488/1706/1488
f 3862/1713/3861 2526/1590/2526 2610/1707/2610
f 2526/1590/2526 392/1434/392 2610/1707/2610
f 3860/1710/3859 3862/1713/3861 1488/1706/1488
f 3860/1710/3859 3861/1712/3860 3862/1713/3861
f 3861/1712/3860 1404/1588/1404 3862/1713/3861
f 3731/1711/3731 3732/1433/3732 383/1398/383
f 3731/1711/3731 3860/1710/3859 3732/1433/3732
f 3860/1710/3859 1488/1706/1488 3732/1433/3732
f 3859/1708/3858 2611/1436/2611 1489/1697/1489
f 3859/1708/3858 2610/1707/2610 2611/1436/2611
f 2610/1707/2610 392/1434/392 2611/1436/2611
f 3857/1703/3856 3859/1708/3858 1489/1697/1489
f 3857/1703/3856 3858/1705/3857 3859/1708/3858
f 3858/1705/3857 1488/1706/1488 3859/1708/3858
f 2517/1704/2517 3733/1699/3733 384/1402/384
f 2517/1704/2517 3857/1703/3856 3733/1699/3733
f 3857/1703/3856 1489/1697/1489 3733/1699/3733
f 3856/1701/3855 2612/1695/2612 1490/1694/1490
f 3856/1701/3855 2527/1576/2527 2612/1695/2612
f 2527/1576/2527 393/1438/393 2612/1695/2612
f 3854/1698/3853 3856/1701/3855 1490/1694/1490
f 3854/1698/3853 3855/1700/3854 3856/1701/3855
f 3855/1700/3854 1405/1574/1405 3856/1701/3855
f 3733/1699/3733 3734/1437/3734 384/1402/384
f 3733/1699/3733 3854/1698/3853 3734/1437/3734
f 3854/1698/3853 1490/1694/1490 3734/1437/3734
f 3853/1696/3852 2613/1440/2613 1491/1685/1491
f 3853/1696/3852 2612/1695/2612 2613/1440/2613
f 2612/1695/2612 393/1438/393 2613/1440/2613
f 3851/1691/3850 3853/1696/3852 1491/1685/1491
f 3851/1691/3850 3852/1693/3851 3853/1696/3852
f 3852/1693/3851 1490/1694/1490 3853/1696/3852
f 2518/1692/2518 3735/1687/3735 385/1406/385
f 2518/1692/2518 3851/1691/3850 3735/1687/3735
f 3851/1691/3850 1491/1685/1491 3735/1687/3735
f 3850/1689/3849 2614/1683/2614 1492/1682/1492
f 3850/1689/3849 2528/1562/2528 2614/1683/2614
f 2528/1562/2528 394/1442/394 2614/1683/2614
f 3848/1686/3847 3850/1689/3849 1492/1682/1492
f 3848/1686/3847 3849/1688/3848 3850/1689/3849
f 3849/1688/3848 1406/1560/1406 3850/1689/3849
f 3735/1687/3735 3736/1441/3736 385/1406/385
f 3735/1687/3735 3848/1686/3847 3736/1441/3736
f 3848/1686/3847 1492/1682/1492 3736/1441/3736
f 3847/1684/3846 2615/1444/2615 1493/1673/1493
f 3847/1684/3846 2614/1683/2614 2615/1444/2615
f 2614/1683/2614 394/1442/394 2615/1444/2615
f 3845/1679/3844 3847/1684/3846 1493/1673/1493
f 3845/1679/3844 3846/1681/3845 3847/1684/3846
f 3846/1681/3845 1492/1682/1492 3847/1684/3846
f 2519/1680/2519 3737/1675/3737 386/1410/386
f 2519/1680/2519 3845/1679/3844 3737/1675/3737
f 3845/1679/3844 1493/1673/1493 3737/1675/3737
f 3844/1677/3843 2616/1671/2616 1494/1670/1494
f 3844/1677/3843 2529/1548/2529 2616/1671/2616
f 2529/1548/2529 395/1446/395 2616/1671/2616
f 3842/1674/3841 3844/1677/3843 1494/1670/1494
f 3842/1674/3841 3843/1676/3842 3844/1677/3843
f 3843/1676/3842 1407/1546/1407 3844/1677/3843
f 3737/1675/3737 3738/1445/3738 386/1410/386
f 3737/1675/3737 3842/1674/3841 3738/1445/3738
f 3842/1674/3841 1494/1670/1494 3738/1445/3738
f 3841/1672/3840 2617/1448/2617 1495/1661/1495
f 3841/1672/3840 2616/1671/2616 2617/1448/2617
f 2616/1671/2616 395/1446/395 2617/1448/2617
f 3839/1667/3838 3841/1672/3840 1495/1661/1495
f 3839/1667/3838 3840/1669/3839 3841/1672/3840
f 3840/1669/3839 1494/1670/1494 3841/1672/3840
f 2520/1668/2520 3739/1663/3739 387/1414/387
f 2520/1668/2520 3839/1667/3838 3739/1663/3739
f 3839/1667/3838 1495/1661/1495 3739/1663/3739
f 3838/1665/3837 2618/1659/2618 1496/1658/1496
f 3838/1665/3837 2530/1534/2530 2618/1659/2618
f 2530/1534/2530 396/1450/396 2618/1659/2618
f 3836/1662/3835 3838/1665/3837 1496/1658/1496
f 3836/1662/3835 3837/1664/3836 3838/1665/3837
f 3837/1664/3836 1408/1532/1408 3838/1665/3837
f 3739/1663/3739 3740/1449/3740 387/1414/387
f 3739/1663/3739 3836/1662/3835 3740/1449/3740
f 3836/1662/3835 1496/1658/1496 3740/1449/3740
f 3835/1660/3834 2619/1452/2619 1497/1649/1497
f 3835/1660/3834 2618/1659/2618 2619/1452/2619
f 2618/1659/2618 396/1450/396 2619/1452/2619
f 3833/1655/3832 3835/1660/3834 1497/1649/1497
f 3833/1655/3832 3834/1657/3833 3835/1660/3834
f 3834/1657/3833 1496/1658/1496 3835/1660/3834
f 2521/1656/2521 3741/1651/3741 388/1418/388
f 2521/1656/2521 3833/1655/3832 3741/1651/3741
f 3833/1655/3832 1497/1649/1497 3741/1651/3741
f 3832/1653/3831 2620/1647/2620 1498/1646/1498
f 3832/1653/3831 2531/1520/2531 2620/1647/2620
f 2531/1520/2531 397/1454/397 2620/1647/2620
f 3830/1650/3829 3832/1653/3831 1498/1646/1498
f 3830/1650/3829 3831/1652/3830 3832/1653/3831
f 3831/1652/3830 1409/1518/1409 3832/1653/3831
f 3741/1651/3741 3742/1453/3742 388/1418/388
f 3741/1651/3741 3830/1650/3829 3742/1453/3742
f 3830/1650/3829 1498/1646/1498 3742/1453/3742
f 3829/1648/3828 2621/1456/2621 1499/1637/1499
f 3829/1648/3828 2620/1647/2620 2621/1456/2621
f 2620/1647/2620 397/1454/397 2621/1456/2621
f 3827/1643/3826 3829/1648/3828 1499/1637/1499
f 3827/1643/3826 3828/1645/3827 3829/1648/3828
f 3828/1645/3827 1498/1646/1498 3829/1648/3828
f 2513/1644/2513 3743/1639/3743 99/1041/99
f 2513/1644/2513 3827/1643/3826 3743/1639/3743
f 3827/1643/3826 1499/1637/1499 3743/1639/3743
f 3826/1641/3825 2745/1046/2745 501/2907/501
f 3826/1641/3825 2522/1506/2522 2745/1046/2745
f 2522/1506/2522 98/1044/98 2745/1046/2745
f 3824/1638/3823 3826/1641/3825 501/2907/501
f 3824/1638/3823 3825/1640/3824 3826/1641/3825
f 3825/1640/3824 1400/1504/1400 3826/1641/3825
f 3743/1639/3743 1623/2909/1623 99/1041/99
f 3743/1639/3743 3824/1638/3823 1623/2909/1623
f 3824/1638/3823 501/2907/501 1623/2909/1623
f 3823/1636/3822 2623/1460/2623 1501/1623/1501
f 3823/1636/3822 2622/1635/2622 2623/1460/2623
f 2622/1635/2622 67/1458/67 2623/1460/2623
f 3821/1631/3820 3823/1636/3822 1501/1623/1501
f 3821/1631/3820 3822/1633/3821 3823/1636/3822
f 3822/1633/3821 1500/1634/1500 3823/1636/3822
f 2523/1632/2523 3745/1625/3745 389/1422/389
f 2523/1632/2523 3821/1631/3820 3745/1625/3745
f 3821/1631/3820 1501/1623/1501 3745/1625/3745
f 3820/1629/3819 2624/1621/2624 1502/1620/1502
f 3820/1629/3819 2713/1628/2713 2624/1621/2624
f 2713/1628/2713 66/1462/66 2624/1621/2624
f 3818/1624/3818 3820/1629/3819 1502/1620/1502
f 3818/1624/3818 3819/1626/2388 3820/1629/3819
f 3819/1626/2388 469/1627/469 3820/1629/3819
f 3745/1625/3745 3746/1461/3746 389/1422/389
f 3745/1625/3745 3818/1624/3818 3746/1461/3746
f 3818/1624/3818 1502/1620/1502 3746/1461/3746
f 3817/1622/3817 2625/1464/2625 1503/1609/1503
f 3817/1622/3817 2624/1621/2624 2625/1464/2625
f 2624/1621/2624 66/1462/66 2625/1464/2625
f 3815/1617/3815 3817/1622/3817 1503/1609/1503
f 3815/1617/3815 3816/1619/3816 3817/1622/3817
f 3816/1619/3816 1502/1620/1502 3817/1622/3817
f 2524/1618/2524 3747/1611/3747 390/1426/390
f 2524/1618/2524 3815/1617/3815 3747/1611/3747
f 3815/1617/3815 1503/1609/1503 3747/1611/3747
f 3814/1615/3814 2626/1607/2626 1504/1606/1504
f 3814/1615/3814 2712/1614/2712 2626/1607/2626
f 2712/1614/2712 65/1466/65 2626/1607/2626
f 3812/1610/3812 3814/1615/3814 1504/1606/1504
f 3812/1610/3812 3813/1612/3813 3814/1615/3814
f 3813/1612/3813 468/1613/468 3814/1615/3814
f 3747/1611/3747 3748/1465/3748 390/1426/390
f 3747/1611/3747 3812/1610/3812 3748/1465/3748
f 3812/1610/3812 1504/1606/1504 3748/1465/3748
f 3811/1608/3811 2627/1468/2627 1505/1595/1505
f 3811/1608/3811 2626/1607/2626 2627/1468/2627
f 2626/1607/2626 65/1466/65 2627/1468/2627
f 3809/1603/3809 3811/1608/3811 1505/1595/1505
f 3809/1603/3809 3810/1605/3810 3811/1608/3811
f 3810/1605/3810 1504/1606/1504 3811/1608/3811
f 2525/1604/2525 3749/1597/3749 391/1430/391
f 2525/1604/2525 3809/1603/3809 3749/1597/3749
f 3809/1603/3809 1505/1595/1505 3749/1597/3749
f 3808/1601/3808 2628/1593/2628 1506/1592/1506
f 3808/1601/3808 2711/1600/2711 2628/1593/2628
f 2711/1600/2711 64/1470/64 2628/1593/2628
f 3806/1596/3806 3808/1601/3808 1506/1592/1506
f 3806/1596/3806 3807/1598/3807 3808/1601/3808
f 3807/1598/3807 467/1599/467 3808/1601/3808
f 3749/1597/3749 3750/1469/3750 391/1430/391
f 3749/1597/3749 3806/1596/3806 3750/1469/3750
f 3806/1596/3806 1506/1592/1506 3750/1469/3750
f 3805/1594/3805 2629/1472/2629 1507/1581/1507
f 3805/1594/3805 2628/1593/2628 2629/1472/2629
f 2628/1593/2628 64/1470/64 2629/1472/2629
f 3803/1589/3803 3805/1594/3805 1507/1581/1507
f 3803/1589/3803 3804/1591/3804 3805/1594/3805
f 3804/1591/3804 1506/1592/1506 3805/1594/3805
f 2526/1590/2526 3751/1583/3751 392/1434/392
f 2526/1590/2526 3803/1589/3803 3751/1583/3751
f 3803/1589/3803 1507/1581/1507 3751/1583/3751
f 3802/1587/3802 2630/1579/2630 1508/1578/1508
f 3802/1587/3802 2710/1586/2710 2630/1579/2630
f 2710/1586/2710 63/1474/63 2630/1579/2630
f 3800/1582/3800 3802/1587/3802 1508/1578/1508
f 3800/1582/3800 3801/1584/3801 3802/1587/3802
f 3801/1584/3801 466/1585/466 3802/1587/3802
f 3751/1583/3751 3752/1473/3752 392/1434/392
f 3751/1583/3751 3800/1582/3800 3752/1473/3752
f 3800/1582/3800 1508/1578/1508 3752/1473/3752
f 3799/1580/3799 2631/1476/2631 1509/1567/1509
f 3799/1580/3799 2630/1579/2630 2631/1476/2631
f 2630/1579/2630 63/1474/63 2631/1476/2631
f 3797/1575/3797 3799/1580/3799 1509/1567/1509
f 3797/1575/3797 3798/1577/3798 3799/1580/3799
f 3798/1577/3798 1508/1578/1508 3799/1580/3799
f 2527/1576/2527 3753/1569/3753 393/1438/393
f 2527/1576/2527 3797/1575/3797 3753/1569/3753
f 3797/1575/3797 1509/1567/1509 3753/1569/3753
f 3796/1573/3796 2632/1565/2632 1510/1564/1510
f 3796/1573/3796 2709/1572/2709 2632/1565/2632
f 2709/1572/2709 62/1478/62 2632/1565/2632
f 3794/1568/3794 3796/1573/3796 1510/1564/1510
f 3794/1568/3794 3795/1570/3795 3796/1573/3796
f 3795/1570/3795 465/1571/465 3796/1573/3796
f 3753/1569/3753 3754/1477/3754 393/1438/393
f 3753/1569/3753 3794/1568/3794 3754/1477/3754
f 3794/1568/3794 1510/1564/1510 3754/1477/3754
f 3793/1566/3793 2633/1480/2633 1511/1553/1511
f 3793/1566/3793 2632/1565/2632 2633/1480/2633
f 2632/1565/2632 62/1478/62 2633/1480/2633
f 3791/1561/3791 3793/1566/3793 1511/1553/1511
f 3791/1561/3791 3792/1563/3792 3793/1566/3793
f 3792/1563/3792 1510/1564/1510 3793/1566/3793
f 2528/1562/2528 3755/1555/3755 394/1442/394
f 2528/1562/2528 3791/1561/3791 3755/1555/3755
f 3791/1561/3791 1511/1553/1511 3755/1555/3755
f 3790/1559/3790 2634/1551/2634 1512/1550/1512
f 3790/1559/3790 2708/1558/2708 2634/1551/2634
f 2708/1558/2708 61/1482/61 2634/1551/2634
f 3788/1554/3788 3790/1559/3790 1512/1550/1512
f 3788/1554/3788 3789/1556/3789 3790/1559/3790
f 3789/1556/3789 464/1557/464 3790/1559/3790
f 3755/1555/3755 3756/1481/3756 394/1442/394
f 3755/1555/3755 3788/1554/3788 3756/1481/3756
f 3788/1554/3788 1512/1550/1512 3756/1481/3756
f 3787/1552/3787 2635/1484/2635 1513/1539/1513
f 3787/1552/3787 2634/1551/2634 2635/1484/2635
f 2634/1551/2634 61/1482/61 2635/1484/2635
f 3785/1547/3785 3787/1552/3787 1513/1539/1513
f 3785/1547/3785 3786/1549/3786 3787/1552/3787
f 3786/1549/3786 1512/1550/1512 3787/1552/3787
f 2529/1548/2529 3757/1541/3757 395/1446/395
f 2529/1548/2529 3785/1547/3785 3757/1541/3757
f 3785/1547/3785 1513/1539/1513 3757/1541/3757
f 3784/1545/3784 2636/1537/2636 1514/1536/1514
f 3784/1545/3784 2707/1544/2707 2636/1537/2636
f 2707/1544/2707 60/1486/60 2636/1537/2636
f 3782/1540/3782 3784/1545/3784 1514/1536/1514
f 3782/1540/3782 3783/1542/3783 3784/1545/3784
f 3783/1542/3783 463/1543/463 3784/1545/3784
f 3757/1541/3757 3758/1485/3758 395/1446/395
f 3757/1541/3757 3782/1540/3782 3758/1485/3758
f 3782/1540/3782 1514/1536/1514 3758/1485/3758
f 3781/1538/3781 2637/1488/2637 1515/1525/1515
f 3781/1538/3781 2636/1537/2636 2637/1488/2637
f 2636/1537/2636 60/1486/60 2637/1488/2637
f 3779/1533/3779 3781/1538/3781 1515/1525/1515
f 3779/1533/3779 3780/1535/3780 3781/1538/3781
f 3780/1535/3780 1514/1536/1514 3781/1538/3781
f 2530/1534/2530 3759/1527/3759 396/1450/396
f 2530/1534/2530 3779/1533/3779 3759/1527/3759
f 3779/1533/3779 1515/1525/1515 3759/1527/3759
f 3778/1531/3778 2638/1523/2638 1516/1522/1516
f 3778/1531/3778 2706/1530/2706 2638/1523/2638
f 2706/1530/2706 59/1490/59 2638/1523/2638
f 3776/1526/3776 3778/1531/3778 1516/1522/1516
f 3776/1526/3776 3777/1528/3777 3778/1531/3778
f 3777/1528/3777 462/1529/462 3778/1531/3778
f 3759/1527/3759 3760/1489/3760 396/1450/396
f 3759/1527/3759 3776/1526/3776 3760/1489/3760
f 3776/1526/3776 1516/1522/1516 3760/1489/3760
f 3775/1524/3775 2639/1492/2639 1517/1511/1517
f 3775/1524/3775 2638/1523/2638 2639/1492/2639
f 2638/1523/2638 59/1490/59 2639/1492/2639
f 3773/1519/3773 3775/1524/3775 1517/1511/1517
f 3773/1519/3773 3774/1521/3774 3775/1524/3775
f 3774/1521/3774 1516/1522/1516 3775/1524/3775
f 2531/1520/2531 3761/1513/3761 397/1454/397
f 2531/1520/2531 3773/1519/3773 3761/1513/3761
f 3773/1519/3773 1517/1511/1517 3761/1513/3761
f 3772/1517/3772 2640/1509/2640 1518/1508/1518
f 3772/1517/3772 2705/1516/2705 2640/1509/2640
f 2705/1516/2705 58/1494/58 2640/1509/2640
f 3770/1512/3770 3772/1517/3772 1518/1508/1518
f 3770/1512/3770 3771/1514/3771 3772/1517/3772
f 3771/1514/3771 461/1515/461 3772/1517/3772
f 3761/1513/3761 3762/1493/3762 397/1454/397
f 3761/1513/3761 3770/1512/3770 3762/1493/3762
f 3770/1512/3770 1518/1508/1518 3762/1493/3762
f 3769/1510/3769 2641/1496/2641 1519/1497/1519
f 3769/1510/3769 2640/1509/2640 2641/1496/2641
f 2640/1509/2640 58/1494/58 2641/1496/2641
f 3767/1505/3767 3769/1510/3769 1519/1497/1519
f 3767/1505/3767 3768/1507/3768 3769/1510/3769
f 3768/1507/3768 1518/1508/1518 3769/1510/3769
f 2522/1506/2522 3763/1499/3763 98/1044/98
f 2522/1506/2522 3767/1505/3767 3763/1499/3763
f 3767/1505/3767 1519/1497/1519 3763/1499/3763
f 3766/1503/3766 2744/6/2744 500/5885/500
f 3766/1503/3766 2704/1502/2704 2744/6/2744
f 2704/1502/2704 1/4/1 2744/6/2744
f 3764/1498/3764 3766/1503/3766 500/5885/500
f 3764/1498/3764 3765/1500/3765 3766/1503/3766
f 3765/1500/3765 460/1501/460 3766/1503/3766
f 3763/1499/3763 1622/5887/1622 98/1044/98
f 3763/1499/3763 3764/1498/3764 1622/5887/1622
f 3764/1498/3764 500/5885/500 1622/5887/1622
f 2641/1496/2641 3765/1500/3765 1519/1497/1519
f 2641/1496/2641 1582/1495/1582 3765/1500/3765
f 1582/1495/1582 460/1501/460 3765/1500/3765
f 3644/1455/3644 3768/1507/3768 1400/1504/1400
f 3644/1455/3644 3762/1493/3762 3768/1507/3768
f 3762/1493/3762 1518/1508/1518 3768/1507/3768
f 2639/1492/2639 3771/1514/3771 1517/1511/1517
f 2639/1492/2639 1583/1491/1583 3771/1514/3771
f 1583/1491/1583 461/1515/461 3771/1514/3771
f 3653/1451/3653 3774/1521/3774 1409/1518/1409
f 3653/1451/3653 3760/1489/3760 3774/1521/3774
f 3760/1489/3760 1516/1522/1516 3774/1521/3774
f 2637/1488/2637 3777/1528/3777 1515/1525/1515
f 2637/1488/2637 1584/1487/1584 3777/1528/3777
f 1584/1487/1584 462/1529/462 3777/1528/3777
f 3652/1447/3652 3780/1535/3780 1408/1532/1408
f 3652/1447/3652 3758/1485/3758 3780/1535/3780
f 3758/1485/3758 1514/1536/1514 3780/1535/3780
f 2635/1484/2635 3783/1542/3783 1513/1539/1513
f 2635/1484/2635 1585/1483/1585 3783/1542/3783
f 1585/1483/1585 463/1543/463 3783/1542/3783
f 3651/1443/3651 3786/1549/3786 1407/1546/1407
f 3651/1443/3651 3756/1481/3756 3786/1549/3786
f 3756/1481/3756 1512/1550/1512 3786/1549/3786
f 2633/1480/2633 3789/1556/3789 1511/1553/1511
f 2633/1480/2633 1586/1479/1586 3789/1556/3789
f 1586/1479/1586 464/1557/464 3789/1556/3789
f 3650/1439/3650 3792/1563/3792 1406/1560/1406
f 3650/1439/3650 3754/1477/3754 3792/1563/3792
f 3754/1477/3754 1510/1564/1510 3792/1563/3792
f 2631/1476/2631 3795/1570/3795 1509/1567/1509
f 2631/1476/2631 1587/1475/1587 3795/1570/3795
f 1587/1475/1587 465/1571/465 3795/1570/3795
f 3649/1435/3649 3798/1577/3798 1405/1574/1405
f 3649/1435/3649 3752/1473/3752 3798/1577/3798
f 3752/1473/3752 1508/1578/1508 3798/1577/3798
f 2629/1472/2629 3801/1584/3801 1507/1581/1507
f 2629/1472/2629 1588/1471/1588 3801/1584/3801
f 1588/1471/1588 466/1585/466 3801/1584/3801
f 3648/1431/3648 3804/1591/3804 1404/1588/1404
f 3648/1431/3648 3750/1469/3750 3804/1591/3804
f 3750/1469/3750 1506/1592/1506 3804/1591/3804
f 2627/1468/2627 3807/1598/3807 1505/1595/1505
f 2627/1468/2627 1589/1467/1589 3807/1598/3807
f 1589/1467/1589 467/1599/467 3807/1598/3807
f 3647/1427/3647 3810/1605/3810 1403/1602/1403
f 3647/1427/3647 3748/1465/3748 3810/1605/3810
f 3748/1465/3748 1504/1606/1504 3810/1605/3810
f 2625/1464/2625 3813/1612/3813 1503/1609/1503
f 2625/1464/2625 1590/1463/1590 3813/1612/3813
f 1590/1463/1590 468/1613/468 3813/1612/3813
f 3646/1423/3646 3816/1619/3816 1402/1616/1402
f 3646/1423/3646 3746/1461/3746 3816/1619/3816
f 3746/1461/3746 1502/1620/1502 3816/1619/3816
f 2623/1460/2623 3819/1626/2388 1501/1623/1501
f 2623/1460/2623 1591/1459/1591 3819/1626/2388
f 1591/1459/1591 469/1627/469 3819/1626/2388
f 3645/1276/3645 3822/1633/3821 1401/1630/1401
f 3645/1276/3645 3744/1457/3744 3822/1633/3821
f 3744/1457/3744 1500/1634/1500 3822/1633/3821
f 2621/1456/2621 3825/1640/3824 1499/1637/1499
f 2621/1456/2621 3644/1455/3644 3825/1640/3824
f 3644/1455/3644 1400/1504/1400 3825/1640/3824
f 3635/1419/3635 3828/1645/3827 1391/1642/1391
f 3635/1419/3635 3742/1453/3742 3828/1645/3827
f 3742/1453/3742 1498/1646/1498 3828/1645/3827
f 2619/1452/2619 3831/1652/3830 1497/1649/1497
f 2619/1452/2619 3653/1451/3653 3831/1652/3830
f 3653/1451/3653 1409/1518/1409 3831/1652/3830
f 3643/1415/3643 3834/1657/3833 1399/1654/1399
f 3643/1415/3643 3740/1449/3740 3834/1657/3833
f 3740/1449/3740 1496/1658/1496 3834/1657/3833
f 2617/1448/2617 3837/1664/3836 1495/1661/1495
f 2617/1448/2617 3652/1447/3652 3837/1664/3836
f 3652/1447/3652 1408/1532/1408 3837/1664/3836
f 3642/1411/3642 3840/1669/3839 1398/1666/1398
f 3642/1411/3642 3738/1445/3738 3840/1669/3839
f 3738/1445/3738 1494/1670/1494 3840/1669/3839
f 2615/1444/2615 3843/1676/3842 1493/1673/1493
f 2615/1444/2615 3651/1443/3651 3843/1676/3842
f 3651/1443/3651 1407/1546/1407 3843/1676/3842
f 3641/1407/3641 3846/1681/3845 1397/1678/1397
f 3641/1407/3641 3736/1441/3736 3846/1681/3845
f 3736/1441/3736 1492/1682/1492 3846/1681/3845
f 2613/1440/2613 3849/1688/3848 1491/1685/1491
f 2613/1440/2613 3650/1439/3650 3849/1688/3848
f 3650/1439/3650 1406/1560/1406 3849/1688/3848
f 3640/1403/3640 3852/1693/3851 1396/1690/1396
f 3640/1403/3640 3734/1437/3734 3852/1693/3851
f 3734/1437/3734 1490/1694/1490 3852/1693/3851
f 2611/1436/2611 3855/1700/3854 1489/1697/1489
f 2611/1436/2611 3649/1435/3649 3855/1700/3854
f 3649/1435/3649 1405/1574/1405 3855/1700/3854
f 3639/1399/3639 3858/1705/3857 1395/1702/1395
f 3639/1399/3639 3732/1433/3732 3858/1705/3857
f 3732/1433/3732 1488/1706/1488 3858/1705/3857
f 2609/1432/2609 3861/1712/3860 1487/1709/1487
f 2609/1432/2609 3648/1431/3648 3861/1712/3860
f 3648/1431/3648 1404/1588/1404 3861/1712/3860
f 3638/1395/3638 3864/1717/3863 1394/1714/1394
f 3638/1395/3638 3730/1429/3730 3864/1717/3863
f 3730/1429/3730 1486/1718/1486 3864/1717/3863
f 2607/1428/2607 3867/1724/3866 1485/1721/1485
f 2607/1428/2607 3647/1427/3647 3867/1724/3866
f 3647/1427/3647 1403/1602/1403 3867/1724/3866
f 3637/1391/3637 3870/1729/3869 1393/1726/1393
f 3637/1391/3637 3728/1425/3728 3870/1729/3869
f 3728/1425/3728 1484/1730/1484 3870/1729/3869
f 2605/1424/2605 3873/1736/3872 1483/1733/1483
f 2605/1424/2605 3646/1423/3646 3873/1736/3872
f 3646/1423/3646 1402/1616/1402 3873/1736/3872
f 3636/1275/3636 3876/1741/3875 1392/1738/1392
f 3636/1275/3636 3726/1421/3726 3876/1741/3875
f 3726/1421/3726 1482/1742/1482 3876/1741/3875
f 2603/1420/2603 3879/1748/3878 1481/1745/1481
f 2603/1420/2603 3635/1419/3635 3879/1748/3878
f 3635/1419/3635 1391/1642/1391 3879/1748/3878
f 3627/1387/3627 3882/1753/3881 1383/1750/1383
f 3627/1387/3627 3724/1417/3724 3882/1753/3881
f 3724/1417/3724 1480/1754/1480 3882/1753/3881
f 2601/1416/2601 3885/1760/3884 1479/1757/1479
f 2601/1416/2601 3643/1415/3643 3885/1760/3884
f 3643/1415/3643 1399/1654/1399 3885/1760/3884
f 3634/1383/3634 3888/1765/3887 1390/1762/1390
f 3634/1383/3634 3722/1413/3722 3888/1765/3887
f 3722/1413/3722 1478/1766/1478 3888/1765/3887
f 2599/1412/2599 3891/1772/3890 1477/1769/1477
f 2599/1412/2599 3642/1411/3642 3891/1772/3890
f 3642/1411/3642 1398/1666/1398 3891/1772/3890
f 3633/1379/3633 3894/1777/3893 1389/1774/1389
f 3633/1379/3633 3720/1409/3720 3894/1777/3893
f 3720/1409/3720 1476/1778/1476 3894/1777/3893
f 2597/1408/2597 3897/1784/3896 1475/1781/1475
f 2597/1408/2597 3641/1407/3641 3897/1784/3896
f 3641/1407/3641 1397/1678/1397 3897/1784/3896
f 3632/1375/3632 3900/1789/3899 1388/1786/1388
f 3632/1375/3632 3718/1405/3718 3900/1789/3899
f 3718/1405/3718 1474/1790/1474 3900/1789/3899
f 2595/1404/2595 3903/1796/3902 1473/1793/1473
f 2595/1404/2595 3640/1403/3640 3903/1796/3902
f 3640/1403/3640 1396/1690/1396 3903/1796/3902
f 3631/1371/3631 3906/1801/3905 1387/1798/1387
f 3631/1371/3631 3716/1401/3716 3906/1801/3905
f 3716/1401/3716 1472/1802/1472 3906/1801/3905
f 2593/1400/2593 3909/1808/3908 1471/1805/1471
f 2593/1400/2593 3639/1399/3639 3909/1808/3908
f 3639/1399/3639 1395/1702/1395 3909/1808/3908
f 3630/1367/3630 3912/1813/3911 1386/1810/1386
f 3630/1367/3630 3714/1397/3714 3912/1813/3911
f 3714/1397/3714 1470/1814/1470 3912/1813/3911
f 2591/1396/2591 3915/1820/3914 1469/1817/1469
f 2591/1396/2591 3638/1395/3638 3915/1820/3914
f 3638/1395/3638 1394/1714/1394 3915/1820/3914
f 3629/1363/3629 3918/1825/3917 1385/1822/1385
f 3629/1363/3629 3712/1393/3712 3918/1825/3917
f 3712/1393/3712 1468/1826/1468 3918/1825/3917
f 2589/1392/2589 3921/1832/3920 1467/1829/1467
f 2589/1392/2589 3637/1391/3637 3921/1832/3920
f 3637/1391/3637 1393/1726/1393 3921/1832/3920
f 3628/1274/3628 3924/1837/3923 1384/1834/1384
f 3628/1274/3628 3710/1389/3710 3924/1837/3923
f 3710/1389/3710 1466/1838/1466 3924/1837/3923
f 2587/1388/2587 3927/1844/3926 1465/1841/1465
f 2587/1388/2587 3627/1387/3627 3927/1844/3926
f 3627/1387/3627 1383/1750/1383 3927/1844/3926
f 3620/1359/3620 3930/1849/3929 1376/1846/1376
f 3620/1359/3620 3708/1385/3708 3930/1849/3929
f 3708/1385/3708 1464/1850/1464 3930/1849/3929
f 2585/1384/2585 3933/1856/3932 1463/1853/1463
f 2585/1384/2585 3634/1383/3634 3933/1856/3932
f 3634/1383/3634 1390/1762/1390 3933/1856/3932
f 3626/1355/3626 3936/1861/3935 1382/1858/1382
f 3626/1355/3626 3706/1381/3706 3936/1861/3935
f 3706/1381/3706 1462/1862/1462 3936/1861/3935
f 2583/1380/2583 3939/1868/3938 1461/1865/1461
f 2583/1380/2583 3633/1379/3633 3939/1868/3938
f 3633/1379/3633 1389/1774/1389 3939/1868/3938
f 3625/1351/3625 3942/1873/3941 1381/1870/1381
f 3625/1351/3625 3704/1377/3704 3942/1873/3941
f 3704/1377/3704 1460/1874/1460 3942/1873/3941
f 2581/1376/2581 3945/1880/3944 1459/1877/1459
f 2581/1376/2581 3632/1375/3632 3945/1880/3944
f 3632/1375/3632 1388/1786/1388 3945/1880/3944
f 3624/1347/3624 3948/1885/3947 1380/1882/1380
f 3624/1347/3624 3702/1373/3702 3948/1885/3947
f 3702/1373/3702 1458/1886/1458 3948/1885/3947
f 2579/1372/2579 3951/1892/3950 1457/1889/1457
f 2579/1372/2579 3631/1371/3631 3951/1892/3950
f 3631/1371/3631 1387/1798/1387 3951/1892/3950
f 3623/1343/3623 3954/1897/3953 1379/1894/1379
f 3623/1343/3623 3700/1369/3700 3954/1897/3953
f 3700/1369/3700 1456/1898/1456 3954/1897/3953
f 2577/1368/2577 3957/1904/3956 1455/1901/1455
f 2577/1368/2577 3630/1367/3630 3957/1904/3956
f 3630/1367/3630 1386/1810/1386 3957/1904/3956
f 3622/1339/3622 3960/1909/3959 1378/1906/1378
f 3622/1339/3622 3698/1365/3698 3960/1909/3959
f 3698/1365/3698 1454/1910/1454 3960/1909/3959
f 2575/1364/2575 3963/1916/3962 1453/1913/1453
f 2575/1364/2575 3629/1363/3629 3963/1916/3962
f 3629/1363/3629 1385/1822/1385 3963/1916/3962
f 3621/1273/3621 3966/1921/3965 1377/1918/1377
f 3621/1273/3621 3696/1361/3696 3966/1921/3965
f 3696/1361/3696 1452/1922/1452 3966/1921/3965
f 2573/1360/2573 3969/1928/3968 1451/1925/1451
f 2573/1360/2573 3620/1359/3620 3969/1928/3968
f 3620/1359/3620 1376/1846/1376 3969/1928/3968
f 3614/1335/3614 3972/1933/3971 1370/1930/1370
f 3614/1335/3614 3694/1357/3694 3972/1933/3971
f 3694/1357/3694 1450/1934/1450 3972/1933/3971
f 2571/1356/2571 3975/1940/3974 1449/1937/1449
f 2571/1356/2571 3626/1355/3626 3975/1940/3974
f 3626/1355/3626 1382/1858/1382 3975/1940/3974
f 3619/1331/3619 3978/1945/3977 1375/1942/1375
f 3619/1331/3619 3692/1353/3692 3978/1945/3977
f 3692/1353/3692 1448/1946/1448 3978/1945/3977
f 2569/1352/2569 3981/1952/3980 1447/1949/1447
f 2569/1352/2569 3625/1351/3625 3981/1952/3980
f 3625/1351/3625 1381/1870/1381 3981/1952/3980
f 3618/1327/3618 3984/1957/3983 1374/1954/1374
f 3618/1327/3618 3690/1349/3690 3984/1957/3983
f 3690/1349/3690 1446/1958/1446 3984/1957/3983
f 2567/1348/2567 3987/1964/3986 1445/1961/1445
f 2567/1348/2567 3624/1347/3624 3987/1964/3986
f 3624/1347/3624 1380/1882/1380 3987/1964/3986
f 3617/1323/3617 3990/1969/3989 1373/1966/1373
f 3617/1323/3617 3688/1345/3688 3990/1969/3989
f 3688/1345/3688 1444/1970/1444 3990/1969/3989
f 2565/1344/2565 3993/1976/3992 1443/1973/1443
f 2565/1344/2565 3623/1343/3623 3993/1976/3992
f 3623/1343/3623 1379/1894/1379 3993/1976/3992
f 3616/1319/3616 3996/1981/3995 1372/1978/1372
f 3616/1319/3616 3686/1341/3686 3996/1981/3995
f 3686/1341/3686 1442/1982/1442 3996/1981/3995
f 2563/1340/2563 3999/1988/3998 1441/1985/1441
f 2563/1340/2563 3622/1339/3622 3999/1988/3998
f 3622/1339/3622 1378/1906/1378 3999/1988/3998
f 3615/1272/3615 4002/1993/4001 1371/1990/1371
f 3615/1272/3615 3684/1337/3684 4002/1993/4001
f 3684/1337/3684 1440/1994/1440 4002/1993/4001
f 2561/1336/2561 4005/2000/4004 1439/1997/1439
f 2561/1336/2561 3614/1335/3614 4005/2000/4004
f 3614/1335/3614 1370/1930/1370 4005/2000/4004
f 3609/1315/3609 4008/2005/4007 1365/2002/1365
f 3609/1315/3609 3682/1333/3682 4008/2005/4007
f 3682/1333/3682 1438/2006/1438 4008/2005/4007
f 2559/1332/2559 4011/2012/4010 1437/2009/1437
f 2559/1332/2559 3619/1331/3619 4011/2012/4010
f 3619/1331/3619 1375/1942/1375 4011/2012/4010
f 3613/1311/3613 4014/2017/4013 1369/2014/1369
f 3613/1311/3613 3680/1329/3680 4014/2017/4013
f 3680/1329/3680 1436/2018/1436 4014/2017/4013
f 2557/1328/2557 4017/2024/4016 1435/2021/1435
f 2557/1328/2557 3618/1327/3618 4017/2024/4016
f 3618/1327/3618 1374/1954/1374 4017/2024/4016
f 3612/1307/3612 4020/2029/4019 1368/2026/1368
f 3612/1307/3612 3678/1325/3678 4020/2029/4019
f 3678/1325/3678 1434/2030/1434 4020/2029/4019
f 2555/1324/2555 4023/2036/4022 1433/2033/1433
f 2555/1324/2555 3617/1323/3617 4023/2036/4022
f 3617/1323/3617 1373/1966/1373 4023/2036/4022
f 3611/1303/3611 4026/2041/4025 1367/2038/1367
f 3611/1303/3611 3676/1321/3676 4026/2041/4025
f 3676/1321/3676 1432/2042/1432 4026/2041/4025
f 2553/1320/2553 4029/2048/4028 1431/2045/1431
f 2553/1320/2553 3616/1319/3616 4029/2048/4028
f 3616/1319/3616 1372/1978/1372 4029/2048/4028
f 3610/1271/3610 4032/2053/4031 1366/2050/1366
f 3610/1271/3610 3674/1317/3674 4032/2053/4031
f 3674/1317/3674 1430/2054/1430 4032/2053/4031
f 2551/1316/2551 4035/2060/4034 1429/2057/1429
f 2551/1316/2551 3609/1315/3609 4035/2060/4034
f 3609/1315/3609 1365/2002/1365 4035/2060/4034
f 3605/1299/3605 4038/2065/4037 1361/2062/1361
f 3605/1299/3605 3672/1313/3672 4038/2065/4037
f 3672/1313/3672 1428/2066/1428 4038/2065/4037
f 2549/1312/2549 4041/2072/4040 1427/2069/1427
f 2549/1312/2549 3613/1311/3613 4041/2072/4040
f 3613/1311/3613 1369/2014/1369 4041/2072/4040
f 3608/1295/3608 4044/2077/4043 1364/2074/1364
f 3608/1295/3608 3670/1309/3670 4044/2077/4043
f 3670/1309/3670 1426/2078/1426 4044/2077/4043
f 2547/1308/2547 4047/2084/4046 1425/2081/1425
f 2547/1308/2547 3612/1307/3612 4047/2084/4046
f 3612/1307/3612 1368/2026/1368 4047/2084/4046
f 3607/1291/3607 4050/2089/4049 1363/2086/1363
f 3607/1291/3607 3668/1305/3668 4050/2089/4049
f 3668/1305/3668 1424/2090/1424 4050/2089/4049
f 2545/1304/2545 4053/2096/4052 1423/2093/1423
f 2545/1304/2545 3611/1303/3611 4053/2096/4052
f 3611/1303/3611 1367/2038/1367 4053/2096/4052
f 3606/1270/3606 4056/2101/4055 1362/2098/1362
f 3606/1270/3606 3666/1301/3666 4056/2101/4055
f 3666/1301/3666 1422/2102/1422 4056/2101/4055
f 2543/1300/2543 4059/2108/4058 1421/2105/1421
f 2543/1300/2543 3605/1299/3605 4059/2108/4058
f 3605/1299/3605 1361/2062/1361 4059/2108/4058
f 3602/1287/3602 4062/2113/4061 1358/2110/1358
f 3602/1287/3602 3664/1297/3664 4062/2113/4061
f 3664/1297/3664 1420/2114/1420 4062/2113/4061
f 2541/1296/2541 4065/2120/4064 1419/2117/1419
f 2541/1296/2541 3608/1295/3608 4065/2120/4064
f 3608/1295/3608 1364/2074/1364 4065/2120/4064
f 3604/1283/3604 4068/2125/4067 1360/2122/1360
f 3604/1283/3604 3662/1293/3662 4068/2125/4067
f 3662/1293/3662 1418/2126/1418 4068/2125/4067
f 2539/1292/2539 4071/2132/4070 1417/2129/1417
f 2539/1292/2539 3607/1291/3607 4071/2132/4070
f 3607/1291/3607 1363/2086/1363 4071/2132/4070
f 3603/1269/3603 4074/2137/4073 1359/2134/1359
f 3603/1269/3603 3660/1289/3660 4074/2137/4073
f 3660/1289/3660 1416/2138/1416 4074/2137/4073
f 2537/1288/2537 4077/2144/4076 1415/2141/1415
f 2537/1288/2537 3602/1287/3602 4077/2144/4076
f 3602/1287/3602 1358/2110/1358 4077/2144/4076
f 3600/1279/3600 4080/2149/4079 1356/2146/1356
f 3600/1279/3600 3658/1285/3658 4080/2149/4079
f 3658/1285/3658 1414/2150/1414 4080/2149/4079
f 2535/1284/2535 4083/2156/4082 1413/2153/1413
f 2535/1284/2535 3604/1283/3604 4083/2156/4082
f 3604/1283/3604 1360/2122/1360 4083/2156/4082
f 3601/1268/3601 4086/2161/4085 1357/2158/1357
f 3601/1268/3601 3656/1281/3656 4086/2161/4085
f 3656/1281/3656 1412/2162/1412 4086/2161/4085
f 2533/1280/2533 4089/2168/4088 1411/2165/1411
f 2533/1280/2533 3600/1279/3600 4089/2168/4088
f 3600/1279/3600 1356/2146/1356 4089/2168/4088
f 3599/1267/3599 4092/2173/4091 1355/2170/1355
f 3599/1267/3599 3654/1277/3654 4092/2173/4091
f 3654/1277/3654 1410/2174/1410 4092/2173/4091
f 1601/229/1601 4095/2180/4094 479/2177/479
f 1601/229/1601 3645/1276/3645 4095/2180/4094
f 3645/1276/3645 1401/1630/1401 4095/2180/4094
f 1600/233/1600 4098/2185/4097 478/2182/478
f 1600/233/1600 3636/1275/3636 4098/2185/4097
f 3636/1275/3636 1392/1738/1392 4098/2185/4097
f 1599/237/1599 4101/2190/4100 477/2187/477
f 1599/237/1599 3628/1274/3628 4101/2190/4100
f 3628/1274/3628 1384/1834/1384 4101/2190/4100
f 1598/241/1598 4104/2195/4103 476/2192/476
f 1598/241/1598 3621/1273/3621 4104/2195/4103
f 3621/1273/3621 1377/1918/1377 4104/2195/4103
f 1597/245/1597 4107/2200/4106 475/2197/475
f 1597/245/1597 3615/1272/3615 4107/2200/4106
f 3615/1272/3615 1371/1990/1371 4107/2200/4106
f 1596/249/1596 4110/2205/4109 474/2202/474
f 1596/249/1596 3610/1271/3610 4110/2205/4109
f 3610/1271/3610 1366/2050/1366 4110/2205/4109
f 1595/253/1595 4113/2210/4112 473/2207/473
f 1595/253/1595 3606/1270/3606 4113/2210/4112
f 3606/1270/3606 1362/2098/1362 4113/2210/4112
f 1594/257/1594 4116/2215/4115 472/2212/472
f 1594/257/1594 3603/1269/3603 4116/2215/4115
f 3603/1269/3603 1359/2134/1359 4116/2215/4115
f 1593/261/1593 4119/2220/4118 471/2217/471
f 1593/261/1593 3601/1268/3601 4119/2220/4118
f 3601/1268/3601 1357/2158/1357 4119/2220/4118
f 1592/265/1592 4122/2225/4121 470/2222/470
f 1592/265/1592 3599/1267/3599 4122/2225/4121
f 3599/1267/3599 1355/2170/1355 4122/2225/4121
f 2476/1266/2476 4125/2230/4124 1354/2227/1354
f 2476/1266/2476 1532/1265/1532 4125/2230/4124
f 1532/1265/1532 410/2231/410 4125/2230/4124
f 3479/1225/3479 4128/2237/4127 1235/2234/1235
f 3479/1225/3479 3597/1263/3597 4128/2237/4127
f 3597/1263/3597 1353/2238/1353 4128/2237/4127
f 2474/1262/2474 4131/2244/4130 1352/2241/1352
f 2474/1262/2474 1533/1261/1533 4131/2244/4130
f 1533/1261/1533 411/2245/411 4131/2244/4130
f 3488/1221/3488 4134/2251/4133 1244/2248/1244
f 3488/1221/3488 3595/1259/3595 4134/2251/4133
f 3595/1259/3595 1351/2252/1351 4134/2251/4133
f 2472/1258/2472 4137/2258/4136 1350/2255/1350
f 2472/1258/2472 1534/1257/1534 4137/2258/4136
f 1534/1257/1534 412/2259/412 4137/2258/4136
f 3487/1217/3487 4140/2265/4139 1243/2262/1243
f 3487/1217/3487 3593/1255/3593 4140/2265/4139
f 3593/1255/3593 1349/2266/1349 4140/2265/4139
f 2470/1254/2470 4143/2272/4142 1348/2269/1348
f 2470/1254/2470 1535/1253/1535 4143/2272/4142
f 1535/1253/1535 413/2273/413 4143/2272/4142
f 3486/1213/3486 4146/2279/4145 1242/2276/1242
f 3486/1213/3486 3591/1251/3591 4146/2279/4145
f 3591/1251/3591 1347/2280/1347 4146/2279/4145
f 2468/1250/2468 4149/2286/4148 1346/2283/1346
f 2468/1250/2468 1536/1249/1536 4149/2286/4148
f 1536/1249/1536 414/2287/414 4149/2286/4148
f 3485/1209/3485 4152/2293/4151 1241/2290/1241
f 3485/1209/3485 3589/1247/3589 4152/2293/4151
f 3589/1247/3589 1345/2294/1345 4152/2293/4151
f 2466/1246/2466 4155/2300/4154 1344/2297/1344
f 2466/1246/2466 1537/1245/1537 4155/2300/4154
f 1537/1245/1537 415/2301/415 4155/2300/4154
f 3484/1205/3484 4158/2307/4157 1240/2304/1240
f 3484/1205/3484 3587/1243/3587 4158/2307/4157
f 3587/1243/3587 1343/2308/1343 4158/2307/4157
f 2464/1242/2464 4161/2314/4160 1342/2311/1342
f 2464/1242/2464 1538/1241/1538 4161/2314/4160
f 1538/1241/1538 416/2315/416 4161/2314/4160
f 3483/1201/3483 4164/2321/4163 1239/2318/1239
f 3483/1201/3483 3585/1239/3585 4164/2321/4163
f 3585/1239/3585 1341/2322/1341 4164/2321/4163
f 2462/1238/2462 4167/2328/4166 1340/2325/1340
f 2462/1238/2462 1539/1237/1539 4167/2328/4166
f 1539/1237/1539 417/2329/417 4167/2328/4166
f 3482/1197/3482 4170/2335/4169 1238/2332/1238
f 3482/1197/3482 3583/1235/3583 4170/2335/4169
f 3583/1235/3583 1339/2336/1339 4170/2335/4169
f 2460/1234/2460 4173/2342/4172 1338/2339/1338
f 2460/1234/2460 1540/1233/1540 4173/2342/4172
f 1540/1233/1540 418/2343/418 4173/2342/4172
f 3481/1193/3481 4176/2349/4175 1237/2346/1237
f 3481/1193/3481 3581/1231/3581 4176/2349/4175
f 3581/1231/3581 1337/2350/1337 4176/2349/4175
f 2458/1230/2458 4179/2356/4178 1336/2353/1336
f 2458/1230/2458 1541/1229/1541 4179/2356/4178
f 1541/1229/1541 419/2357/419 4179/2356/4178
f 3480/1045/3480 4182/2363/4181 1236/2360/1236
f 3480/1045/3480 3579/1227/3579 4182/2363/4181
f 3579/1227/3579 1335/2364/1335 4182/2363/4181
f 2456/1226/2456 4185/2370/4184 1334/2367/1334
f 2456/1226/2456 3479/1225/3479 4185/2370/4184
f 3479/1225/3479 1235/2234/1235 4185/2370/4184
f 3470/1189/3470 4188/2375/4187 1226/2372/1226
f 3470/1189/3470 3577/1223/3577 4188/2375/4187
f 3577/1223/3577 1333/2376/1333 4188/2375/4187
f 2454/1222/2454 4191/2382/4190 1332/2379/1332
f 2454/1222/2454 3488/1221/3488 4191/2382/4190
f 3488/1221/3488 1244/2248/1244 4191/2382/4190
f 3478/1185/3478 4194/2387/4193 1234/2384/1234
f 3478/1185/3478 3575/1219/3575 4194/2387/4193
f 3575/1219/3575 1331/2388/1331 4194/2387/4193
f 2452/1218/2452 4197/2394/4196 1330/2391/1330
f 2452/1218/2452 3487/1217/3487 4197/2394/4196
f 3487/1217/3487 1243/2262/1243 4197/2394/4196
f 3477/1181/3477 4200/2399/4199 1233/2396/1233
f 3477/1181/3477 3573/1215/3573 4200/2399/4199
f 3573/1215/3573 1329/2400/1329 4200/2399/4199
f 2450/1214/2450 4203/2406/4202 1328/2403/1328
f 2450/1214/2450 3486/1213/3486 4203/2406/4202
f 3486/1213/3486 1242/2276/1242 4203/2406/4202
f 3476/1177/3476 4206/2411/4205 1232/2408/1232
f 3476/1177/3476 3571/1211/3571 4206/2411/4205
f 3571/1211/3571 1327/2412/1327 4206/2411/4205
f 2448/1210/2448 4209/2418/4208 1326/2415/1326
f 2448/1210/2448 3485/1209/3485 4209/2418/4208
f 3485/1209/3485 1241/2290/1241 4209/2418/4208
f 3475/1173/3475 4212/2423/4211 1231/2420/1231
f 3475/1173/3475 3569/1207/3569 4212/2423/4211
f 3569/1207/3569 1325/2424/1325 4212/2423/4211
f 2446/1206/2446 4215/2430/4214 1324/2427/1324
f 2446/1206/2446 3484/1205/3484 4215/2430/4214
f 3484/1205/3484 1240/2304/1240 4215/2430/4214
f 3474/1169/3474 4218/2435/4217 1230/2432/1230
f 3474/1169/3474 3567/1203/3567 4218/2435/4217
f 3567/1203/3567 1323/2436/1323 4218/2435/4217
f 2444/1202/2444 4221/2442/4220 1322/2439/1322
f 2444/1202/2444 3483/1201/3483 4221/2442/4220
f 3483/1201/3483 1239/2318/1239 4221/2442/4220
f 3473/1165/3473 4224/2447/4223 1229/2444/1229
f 3473/1165/3473 3565/1199/3565 4224/2447/4223
f 3565/1199/3565 1321/2448/1321 4224/2447/4223
f 2442/1198/2442 4227/2454/4226 1320/2451/1320
f 2442/1198/2442 3482/1197/3482 4227/2454/4226
f 3482/1197/3482 1238/2332/1238 4227/2454/4226
f 3472/1161/3472 4230/2459/4229 1228/2456/1228
f 3472/1161/3472 3563/1195/3563 4230/2459/4229
f 3563/1195/3563 1319/2460/1319 4230/2459/4229
f 2440/1194/2440 4233/2466/4232 1318/2463/1318
f 2440/1194/2440 3481/1193/3481 4233/2466/4232
f 3481/1193/3481 1237/2346/1237 4233/2466/4232
f 3471/1042/3471 4236/2471/4235 1227/2468/1227
f 3471/1042/3471 3561/1191/3561 4236/2471/4235
f 3561/1191/3561 1317/2472/1317 4236/2471/4235
f 2438/1190/2438 4239/2478/4238 1316/2475/1316
f 2438/1190/2438 3470/1189/3470 4239/2478/4238
f 3470/1189/3470 1226/2372/1226 4239/2478/4238
f 3462/1157/3462 4242/2483/4241 1218/2480/1218
f 3462/1157/3462 3559/1187/3559 4242/2483/4241
f 3559/1187/3559 1315/2484/1315 4242/2483/4241
f 2436/1186/2436 4245/2490/4244 1314/2487/1314
f 2436/1186/2436 3478/1185/3478 4245/2490/4244
f 3478/1185/3478 1234/2384/1234 4245/2490/4244
f 3469/1153/3469 4248/2495/4247 1225/2492/1225
f 3469/1153/3469 3557/1183/3557 4248/2495/4247
f 3557/1183/3557 1313/2496/1313 4248/2495/4247
f 2434/1182/2434 4251/2502/1802 1312/2499/1312
f 2434/1182/2434 3477/1181/3477 4251/2502/1802
f 3477/1181/3477 1233/2396/1233 4251/2502/1802
f 3468/1149/3468 4254/2507/4252 1224/2504/1224
f 3468/1149/3468 3555/1179/3555 4254/2507/4252
f 3555/1179/3555 1311/2508/1311 4254/2507/4252
f 2432/1178/2432 4257/2514/4255 1310/2511/1310
f 2432/1178/2432 3476/1177/3476 4257/2514/4255
f 3476/1177/3476 1232/2408/1232 4257/2514/4255
f 3467/1145/3467 4260/2519/4258 1223/2516/1223
f 3467/1145/3467 3553/1175/3553 4260/2519/4258
f 3553/1175/3553 1309/2520/1309 4260/2519/4258
f 2430/1174/2430 4263/2526/4261 1308/2523/1308
f 2430/1174/2430 3475/1173/3475 4263/2526/4261
f 3475/1173/3475 1231/2420/1231 4263/2526/4261
f 3466/1141/3466 4266/2531/4264 1222/2528/1222
f 3466/1141/3466 3551/1171/3551 4266/2531/4264
f 3551/1171/3551 1307/2532/1307 4266/2531/4264
f 2428/1170/2428 4269/2538/4267 1306/2535/1306
f 2428/1170/2428 3474/1169/3474 4269/2538/4267
f 3474/1169/3474 1230/2432/1230 4269/2538/4267
f 3465/1137/3465 4272/2543/4270 1221/2540/1221
f 3465/1137/3465 3549/1167/3549 4272/2543/4270
f 3549/1167/3549 1305/2544/1305 4272/2543/4270
f 2426/1166/2426 4275/2550/4273 1304/2547/1304
f 2426/1166/2426 3473/1165/3473 4275/2550/4273
f 3473/1165/3473 1229/2444/1229 4275/2550/4273
f 3464/1133/3464 4278/2555/4276 1220/2552/1220
f 3464/1133/3464 3547/1163/3547 4278/2555/4276
f 3547/1163/3547 1303/2556/1303 4278/2555/4276
f 2424/1162/2424 4281/2562/4279 1302/2559/1302
f 2424/1162/2424 3472/1161/3472 4281/2562/4279
f 3472/1161/3472 1228/2456/1228 4281/2562/4279
f 3463/1039/3463 4284/2567/4282 1219/2564/1219
f 3463/1039/3463 3545/1159/3545 4284/2567/4282
f 3545/1159/3545 1301/2568/1301 4284/2567/4282
f 2422/1158/2422 4287/2574/4285 1300/2571/1300
f 2422/1158/2422 3462/1157/3462 4287/2574/4285
f 3462/1157/3462 1218/2480/1218 4287/2574/4285
f 3455/1129/3455 4290/2579/4288 1211/2576/1211
f 3455/1129/3455 3543/1155/3543 4290/2579/4288
f 3543/1155/3543 1299/2580/1299 4290/2579/4288
f 2420/1154/2420 4293/2586/4291 1298/2583/1298
f 2420/1154/2420 3469/1153/3469 4293/2586/4291
f 3469/1153/3469 1225/2492/1225 4293/2586/4291
f 3461/1125/3461 4296/2591/4294 1217/2588/1217
f 3461/1125/3461 3541/1151/3541 4296/2591/4294
f 3541/1151/3541 1297/2592/1297 4296/2591/4294
f 2418/1150/2418 4299/2598/4297 1296/2595/1296
f 2418/1150/2418 3468/1149/3468 4299/2598/4297
f 3468/1149/3468 1224/2504/1224 4299/2598/4297
f 3460/1121/3460 4302/2603/4300 1216/2600/1216
f 3460/1121/3460 3539/1147/3539 4302/2603/4300
f 3539/1147/3539 1295/2604/1295 4302/2603/4300
f 2416/1146/2416 4305/2610/4303 1294/2607/1294
f 2416/1146/2416 3467/1145/3467 4305/2610/4303
f 3467/1145/3467 1223/2516/1223 4305/2610/4303
f 3459/1117/3459 4308/2615/4306 1215/2612/1215
f 3459/1117/3459 3537/1143/3537 4308/2615/4306
f 3537/1143/3537 1293/2616/1293 4308/2615/4306
f 2414/1142/2414 4311/2622/4309 1292/2619/1292
f 2414/1142/2414 3466/1141/3466 4311/2622/4309
f 3466/1141/3466 1222/2528/1222 4311/2622/4309
f 3458/1113/3458 4314/2627/4312 1214/2624/1214
f 3458/1113/3458 3535/1139/3535 4314/2627/4312
f 3535/1139/3535 1291/2628/1291 4314/2627/4312
f 2412/1138/2412 4317/2634/4315 1290/2631/1290
f 2412/1138/2412 3465/1137/3465 4317/2634/4315
f 3465/1137/3465 1221/2540/1221 4317/2634/4315
f 3457/1109/3457 4320/2639/4318 1213/2636/1213
f 3457/1109/3457 3533/1135/3533 4320/2639/4318
f 3533/1135/3533 1289/2640/1289 4320/2639/4318
f 2410/1134/2410 4323/2646/4321 1288/2643/1288
f 2410/1134/2410 3464/1133/3464 4323/2646/4321
f 3464/1133/3464 1220/2552/1220 4323/2646/4321
f 3456/1036/3456 4326/2651/4324 1212/2648/1212
f 3456/1036/3456 3531/1131/3531 4326/2651/4324
f 3531/1131/3531 1287/2652/1287 4326/2651/4324
f 2408/1130/2408 4329/2658/4327 1286/2655/1286
f 2408/1130/2408 3455/1129/3455 4329/2658/4327
f 3455/1129/3455 1211/2576/1211 4329/2658/4327
f 3449/1105/3449 4332/2663/4330 1205/2660/1205
f 3449/1105/3449 3529/1127/3529 4332/2663/4330
f 3529/1127/3529 1285/2664/1285 4332/2663/4330
f 2406/1126/2406 4335/2670/4333 1284/2667/1284
f 2406/1126/2406 3461/1125/3461 4335/2670/4333
f 3461/1125/3461 1217/2588/1217 4335/2670/4333
f 3454/1101/3454 4338/2675/4336 1210/2672/1210
f 3454/1101/3454 3527/1123/3527 4338/2675/4336
f 3527/1123/3527 1283/2676/1283 4338/2675/4336
f 2404/1122/2404 4341/2682/4339 1282/2679/1282
f 2404/1122/2404 3460/1121/3460 4341/2682/4339
f 3460/1121/3460 1216/2600/1216 4341/2682/4339
f 3453/1097/3453 4344/2687/4342 1209/2684/1209
f 3453/1097/3453 3525/1119/3525 4344/2687/4342
f 3525/1119/3525 1281/2688/1281 4344/2687/4342
f 2402/1118/2402 4347/2694/4345 1280/2691/1280
f 2402/1118/2402 3459/1117/3459 4347/2694/4345
f 3459/1117/3459 1215/2612/1215 4347/2694/4345
f 3452/1093/3452 4350/2699/4348 1208/2696/1208
f 3452/1093/3452 3523/1115/3523 4350/2699/4348
f 3523/1115/3523 1279/2700/1279 4350/2699/4348
f 2400/1114/2400 4353/2706/4351 1278/2703/1278
f 2400/1114/2400 3458/1113/3458 4353/2706/4351
f 3458/1113/3458 1214/2624/1214 4353/2706/4351
f 3451/1089/3451 4356/2711/4354 1207/2708/1207
f 3451/1089/3451 3521/1111/3521 4356/2711/4354
f 3521/1111/3521 1277/2712/1277 4356/2711/4354
f 2398/1110/2398 4359/2718/4357 1276/2715/1276
f 2398/1110/2398 3457/1109/3457 4359/2718/4357
f 3457/1109/3457 1213/2636/1213 4359/2718/4357
f 3450/1033/3450 4362/2723/4360 1206/2720/1206
f 3450/1033/3450 3519/1107/3519 4362/2723/4360
f 3519/1107/3519 1275/2724/1275 4362/2723/4360
f 2396/1106/2396 4365/2730/4363 1274/2727/1274
f 2396/1106/2396 3449/1105/3449 4365/2730/4363
f 3449/1105/3449 1205/2660/1205 4365/2730/4363
f 3444/1085/3444 4368/2735/4366 1200/2732/1200
f 3444/1085/3444 3517/1103/3517 4368/2735/4366
f 3517/1103/3517 1273/2736/1273 4368/2735/4366
f 2394/1102/2394 4371/2742/4369 1272/2739/1272
f 2394/1102/2394 3454/1101/3454 4371/2742/4369
f 3454/1101/3454 1210/2672/1210 4371/2742/4369
f 3448/1081/3448 4374/2747/4372 1204/2744/1204
f 3448/1081/3448 3515/1099/3515 4374/2747/4372
f 3515/1099/3515 1271/2748/1271 4374/2747/4372
f 2392/1098/2392 4377/2754/4375 1270/2751/1270
f 2392/1098/2392 3453/1097/3453 4377/2754/4375
f 3453/1097/3453 1209/2684/1209 4377/2754/4375
f 3447/1077/3447 4380/2759/4378 1203/2756/1203
f 3447/1077/3447 3513/1095/3513 4380/2759/4378
f 3513/1095/3513 1269/2760/1269 4380/2759/4378
f 2390/1094/2390 4383/2766/4381 1268/2763/1268
f 2390/1094/2390 3452/1093/3452 4383/2766/4381
f 3452/1093/3452 1208/2696/1208 4383/2766/4381
f 3446/1073/3446 4386/2771/4384 1202/2768/1202
f 3446/1073/3446 3511/1091/3511 4386/2771/4384
f 3511/1091/3511 1267/2772/1267 4386/2771/4384
f 2388/1090/2388 4389/2778/4387 1266/2775/1266
f 2388/1090/2388 3451/1089/3451 4389/2778/4387
f 3451/1089/3451 1207/2708/1207 4389/2778/4387
f 3445/1030/3445 4392/2783/4390 1201/2780/1201
f 3445/1030/3445 3509/1087/3509 4392/2783/4390
f 3509/1087/3509 1265/2784/1265 4392/2783/4390
f 2386/1086/2386 4395/2790/4393 1264/2787/1264
f 2386/1086/2386 3444/1085/3444 4395/2790/4393
f 3444/1085/3444 1200/2732/1200 4395/2790/4393
f 3440/1069/3440 4398/2795/4396 1196/2792/1196
f 3440/1069/3440 3507/1083/3507 4398/2795/4396
f 3507/1083/3507 1263/2796/1263 4398/2795/4396
f 2384/1082/2384 4401/2802/4399 1262/2799/1262
f 2384/1082/2384 3448/1081/3448 4401/2802/4399
f 3448/1081/3448 1204/2744/1204 4401/2802/4399
f 3443/1065/3443 4404/2807/4402 1199/2804/1199
f 3443/1065/3443 3505/1079/3505 4404/2807/4402
f 3505/1079/3505 1261/2808/1261 4404/2807/4402
f 2382/1078/2382 4407/2814/4405 1260/2811/1260
f 2382/1078/2382 3447/1077/3447 4407/2814/4405
f 3447/1077/3447 1203/2756/1203 4407/2814/4405
f 3442/1061/3442 4410/2819/4408 1198/2816/1198
f 3442/1061/3442 3503/1075/3503 4410/2819/4408
f 3503/1075/3503 1259/2820/1259 4410/2819/4408
f 2380/1074/2380 4413/2826/4411 1258/2823/1258
f 2380/1074/2380 3446/1073/3446 4413/2826/4411
f 3446/1073/3446 1202/2768/1202 4413/2826/4411
f 3441/1027/3441 4416/2831/4414 1197/2828/1197
f 3441/1027/3441 3501/1071/3501 4416/2831/4414
f 3501/1071/3501 1257/2832/1257 4416/2831/4414
f 2378/1070/2378 4419/2838/4417 1256/2835/1256
f 2378/1070/2378 3440/1069/3440 4419/2838/4417
f 3440/1069/3440 1196/2792/1196 4419/2838/4417
f 3437/1057/3437 4422/2843/4420 1193/2840/1193
f 3437/1057/3437 3499/1067/3499 4422/2843/4420
f 3499/1067/3499 1255/2844/1255 4422/2843/4420
f 2376/1066/2376 4425/2850/4423 1254/2847/1254
f 2376/1066/2376 3443/1065/3443 4425/2850/4423
f 3443/1065/3443 1199/2804/1199 4425/2850/4423
f 3439/1053/3439 4428/2855/4426 1195/2852/1195
f 3439/1053/3439 3497/1063/3497 4428/2855/4426
f 3497/1063/3497 1253/2856/1253 4428/2855/4426
f 2374/1062/2374 4431/2862/4429 1252/2859/1252
f 2374/1062/2374 3442/1061/3442 4431/2862/4429
f 3442/1061/3442 1198/2816/1198 4431/2862/4429
f 3438/1024/3438 4434/2867/4432 1194/2864/1194
f 3438/1024/3438 3495/1059/3495 4434/2867/4432
f 3495/1059/3495 1251/2868/1251 4434/2867/4432
f 2372/1058/2372 4437/2874/4435 1250/2871/1250
f 2372/1058/2372 3437/1057/3437 4437/2874/4435
f 3437/1057/3437 1193/2840/1193 4437/2874/4435
f 3435/1049/3435 4440/2879/4438 1191/2876/1191
f 3435/1049/3435 3493/1055/3493 4440/2879/4438
f 3493/1055/3493 1249/2880/1249 4440/2879/4438
f 2370/1054/2370 4443/2886/4441 1248/2883/1248
f 2370/1054/2370 3439/1053/3439 4443/2886/4441
f 3439/1053/3439 1195/2852/1195 4443/2886/4441
f 3436/1021/3436 4446/2891/4444 1192/2888/1192
f 3436/1021/3436 3491/1051/3491 4446/2891/4444
f 3491/1051/3491 1247/2892/1247 4446/2891/4444
f 2368/1050/2368 4449/2898/4447 1246/2895/1246
f 2368/1050/2368 3435/1049/3435 4449/2898/4447
f 3435/1049/3435 1191/2876/1191 4449/2898/4447
f 3434/1018/3434 4452/2903/4450 1190/2900/1190
f 3434/1018/3434 3489/1047/3489 4452/2903/4450
f 3489/1047/3489 1245/2904/1245 4452/2903/4450
f 2745/1046/2745 4455/2910/4453 501/2907/501
f 2745/1046/2745 3480/1045/3480 4455/2910/4453
f 3480/1045/3480 1236/2360/1236 4455/2910/4453
f 2746/1043/2746 4458/2915/4456 502/2912/502
f 2746/1043/2746 3471/1042/3471 4458/2915/4456
f 3471/1042/3471 1227/2468/1227 4458/2915/4456
f 2747/1040/2747 4461/2920/4459 503/2917/503
f 2747/1040/2747 3463/1039/3463 4461/2920/4459
f 3463/1039/3463 1219/2564/1219 4461/2920/4459
f 2748/1037/2748 4464/2925/4462 504/2922/504
f 2748/1037/2748 3456/1036/3456 4464/2925/4462
f 3456/1036/3456 1212/2648/1212 4464/2925/4462
f 2749/1034/2749 4467/2930/4465 505/2927/505
f 2749/1034/2749 3450/1033/3450 4467/2930/4465
f 3450/1033/3450 1206/2720/1206 4467/2930/4465
f 2750/1031/2750 4470/2935/4468 506/2932/506
f 2750/1031/2750 3445/1030/3445 4470/2935/4468
f 3445/1030/3445 1201/2780/1201 4470/2935/4468
f 2751/1028/2751 4473/2940/4471 507/2937/507
f 2751/1028/2751 3441/1027/3441 4473/2940/4471
f 3441/1027/3441 1197/2828/1197 4473/2940/4471
f 2752/1025/2752 4476/2945/4474 508/2942/508
f 2752/1025/2752 3438/1024/3438 4476/2945/4474
f 3438/1024/3438 1194/2864/1194 4476/2945/4474
f 2753/1022/2753 4479/2950/4477 509/2947/509
f 2753/1022/2753 3436/1021/3436 4479/2950/4477
f 3436/1021/3436 1192/2888/1192 4479/2950/4477
f 2651/1019/2651 4482/2955/4480 407/2952/407
f 2651/1019/2651 3434/1018/3434 4482/2955/4480
f 3434/1018/3434 1190/2900/1190 4482/2955/4480
f 2311/1016/2311 4485/2960/4483 1189/2957/1189
f 2311/1016/2311 1542/1015/1542 4485/2960/4483
f 1542/1015/1542 420/2961/420 4485/2960/4483
f 3314/975/3314 4488/2967/4486 1070/2964/1070
f 3314/975/3314 3432/1013/3432 4488/2967/4486
f 3432/1013/3432 1188/2968/1188 4488/2967/4486
f 2309/1012/2309 4491/2974/4489 1187/2971/1187
f 2309/1012/2309 1543/1011/1543 4491/2974/4489
f 1543/1011/1543 421/2975/421 4491/2974/4489
f 3323/971/3323 4494/2981/4492 1079/2978/1079
f 3323/971/3323 3430/1009/3430 4494/2981/4492
f 3430/1009/3430 1186/2982/1186 4494/2981/4492
f 2307/1008/2307 4497/2988/4495 1185/2985/1185
f 2307/1008/2307 1544/1007/1544 4497/2988/4495
f 1544/1007/1544 422/2989/422 4497/2988/4495
f 3322/967/3322 4500/2995/4498 1078/2992/1078
f 3322/967/3322 3428/1005/3428 4500/2995/4498
f 3428/1005/3428 1184/2996/1184 4500/2995/4498
f 2305/1004/2305 4503/3002/4501 1183/2999/1183
f 2305/1004/2305 1545/1003/1545 4503/3002/4501
f 1545/1003/1545 423/3003/423 4503/3002/4501
f 3321/963/3321 4506/3009/4504 1077/3006/1077
f 3321/963/3321 3426/1001/3426 4506/3009/4504
f 3426/1001/3426 1182/3010/1182 4506/3009/4504
f 2303/1000/2303 4509/3016/4507 1181/3013/1181
f 2303/1000/2303 1546/999/1546 4509/3016/4507
f 1546/999/1546 424/3017/424 4509/3016/4507
f 3320/959/3320 4512/3023/4510 1076/3020/1076
f 3320/959/3320 3424/997/3424 4512/3023/4510
f 3424/997/3424 1180/3024/1180 4512/3023/4510
f 2301/996/2301 4515/3030/4513 1179/3027/1179
f 2301/996/2301 1547/995/1547 4515/3030/4513
f 1547/995/1547 425/3031/425 4515/3030/4513
f 3319/955/3319 4518/3037/4516 1075/3034/1075
f 3319/955/3319 3422/993/3422 4518/3037/4516
f 3422/993/3422 1178/3038/1178 4518/3037/4516
f 2299/992/2299 4521/3044/4519 1177/3041/1177
f 2299/992/2299 1548/991/1548 4521/3044/4519
f 1548/991/1548 426/3045/426 4521/3044/4519
f 3318/951/3318 4524/3051/4522 1074/3048/1074
f 3318/951/3318 3420/989/3420 4524/3051/4522
f 3420/989/3420 1176/3052/1176 4524/3051/4522
f 2297/988/2297 4527/3058/4525 1175/3055/1175
f 2297/988/2297 1549/987/1549 4527/3058/4525
f 1549/987/1549 427/3059/427 4527/3058/4525
f 3317/947/3317 4530/3065/4528 1073/3062/1073
f 3317/947/3317 3418/985/3418 4530/3065/4528
f 3418/985/3418 1174/3066/1174 4530/3065/4528
f 2295/984/2295 4533/3072/4531 1173/3069/1173
f 2295/984/2295 1550/983/1550 4533/3072/4531
f 1550/983/1550 428/3073/428 4533/3072/4531
f 3316/943/3316 4536/3079/4534 1072/3076/1072
f 3316/943/3316 3416/981/3416 4536/3079/4534
f 3416/981/3416 1172/3080/1172 4536/3079/4534
f 2293/980/2293 4539/3086/4537 1171/3083/1171
f 2293/980/2293 1551/979/1551 4539/3086/4537
f 1551/979/1551 429/3087/429 4539/3086/4537
f 3315/795/3315 4542/3093/4540 1071/3090/1071
f 3315/795/3315 3414/977/3414 4542/3093/4540
f 3414/977/3414 1170/3094/1170 4542/3093/4540
f 2291/976/2291 4545/3100/4543 1169/3097/1169
f 2291/976/2291 3314/975/3314 4545/3100/4543
f 3314/975/3314 1070/2964/1070 4545/3100/4543
f 3305/939/3305 4548/3105/4546 1061/3102/1061
f 3305/939/3305 3412/973/3412 4548/3105/4546
f 3412/973/3412 1168/3106/1168 4548/3105/4546
f 2289/972/2289 4551/3112/4549 1167/3109/1167
f 2289/972/2289 3323/971/3323 4551/3112/4549
f 3323/971/3323 1079/2978/1079 4551/3112/4549
f 3313/935/3313 4554/3117/4552 1069/3114/1069
f 3313/935/3313 3410/969/3410 4554/3117/4552
f 3410/969/3410 1166/3118/1166 4554/3117/4552
f 2287/968/2287 4557/3124/4555 1165/3121/1165
f 2287/968/2287 3322/967/3322 4557/3124/4555
f 3322/967/3322 1078/2992/1078 4557/3124/4555
f 3312/931/3312 4560/3129/4558 1068/3126/1068
f 3312/931/3312 3408/965/3408 4560/3129/4558
f 3408/965/3408 1164/3130/1164 4560/3129/4558
f 2285/964/2285 4563/3136/4561 1163/3133/1163
f 2285/964/2285 3321/963/3321 4563/3136/4561
f 3321/963/3321 1077/3006/1077 4563/3136/4561
f 3311/927/3311 4566/3141/4564 1067/3138/1067
f 3311/927/3311 3406/961/3406 4566/3141/4564
f 3406/961/3406 1162/3142/1162 4566/3141/4564
f 2283/960/2283 4569/3148/4567 1161/3145/1161
f 2283/960/2283 3320/959/3320 4569/3148/4567
f 3320/959/3320 1076/3020/1076 4569/3148/4567
f 3310/923/3310 4572/3153/4570 1066/3150/1066
f 3310/923/3310 3404/957/3404 4572/3153/4570
f 3404/957/3404 1160/3154/1160 4572/3153/4570
f 2281/956/2281 4575/3160/4573 1159/3157/1159
f 2281/956/2281 3319/955/3319 4575/3160/4573
f 3319/955/3319 1075/3034/1075 4575/3160/4573
f 3309/919/3309 4578/3165/4576 1065/3162/1065
f 3309/919/3309 3402/953/3402 4578/3165/4576
f 3402/953/3402 1158/3166/1158 4578/3165/4576
f 2279/952/2279 4581/3172/4579 1157/3169/1157
f 2279/952/2279 3318/951/3318 4581/3172/4579
f 3318/951/3318 1074/3048/1074 4581/3172/4579
f 3308/915/3308 4584/3177/4582 1064/3174/1064
f 3308/915/3308 3400/949/3400 4584/3177/4582
f 3400/949/3400 1156/3178/1156 4584/3177/4582
f 2277/948/2277 4587/3184/4585 1155/3181/1155
f 2277/948/2277 3317/947/3317 4587/3184/4585
f 3317/947/3317 1073/3062/1073 4587/3184/4585
f 3307/911/3307 4590/3189/4588 1063/3186/1063
f 3307/911/3307 3398/945/3398 4590/3189/4588
f 3398/945/3398 1154/3190/1154 4590/3189/4588
f 2275/944/2275 4593/3196/4591 1153/3193/1153
f 2275/944/2275 3316/943/3316 4593/3196/4591
f 3316/943/3316 1072/3076/1072 4593/3196/4591
f 3306/792/3306 4596/3201/4594 1062/3198/1062
f 3306/792/3306 3396/941/3396 4596/3201/4594
f 3396/941/3396 1152/3202/1152 4596/3201/4594
f 2273/940/2273 4599/3208/4597 1151/3205/1151
f 2273/940/2273 3305/939/3305 4599/3208/4597
f 3305/939/3305 1061/3102/1061 4599/3208/4597
f 3297/907/3297 4602/3213/4600 1053/3210/1053
f 3297/907/3297 3394/937/3394 4602/3213/4600
f 3394/937/3394 1150/3214/1150 4602/3213/4600
f 2271/936/2271 4605/3220/4603 1149/3217/1149
f 2271/936/2271 3313/935/3313 4605/3220/4603
f 3313/935/3313 1069/3114/1069 4605/3220/4603
f 3304/903/3304 4608/3225/4606 1060/3222/1060
f 3304/903/3304 3392/933/3392 4608/3225/4606
f 3392/933/3392 1148/3226/1148 4608/3225/4606
f 2269/932/2269 4611/3232/4609 1147/3229/1147
f 2269/932/2269 3312/931/3312 4611/3232/4609
f 3312/931/3312 1068/3126/1068 4611/3232/4609
f 3303/899/3303 4614/3237/4612 1059/3234/1059
f 3303/899/3303 3390/929/3390 4614/3237/4612
f 3390/929/3390 1146/3238/1146 4614/3237/4612
f 2267/928/2267 4617/3244/4615 1145/3241/1145
f 2267/928/2267 3311/927/3311 4617/3244/4615
f 3311/927/3311 1067/3138/1067 4617/3244/4615
f 3302/895/3302 4620/3249/4618 1058/3246/1058
f 3302/895/3302 3388/925/3388 4620/3249/4618
f 3388/925/3388 1144/3250/1144 4620/3249/4618
f 2265/924/2265 4623/3256/4621 1143/3253/1143
f 2265/924/2265 3310/923/3310 4623/3256/4621
f 3310/923/3310 1066/3150/1066 4623/3256/4621
f 3301/891/3301 4626/3261/4624 1057/3258/1057
f 3301/891/3301 3386/921/3386 4626/3261/4624
f 3386/921/3386 1142/3262/1142 4626/3261/4624
f 2263/920/2263 4629/3268/4627 1141/3265/1141
f 2263/920/2263 3309/919/3309 4629/3268/4627
f 3309/919/3309 1065/3162/1065 4629/3268/4627
f 3300/887/3300 4632/3273/4630 1056/3270/1056
f 3300/887/3300 3384/917/3384 4632/3273/4630
f 3384/917/3384 1140/3274/1140 4632/3273/4630
f 2261/916/2261 4635/3280/4633 1139/3277/1139
f 2261/916/2261 3308/915/3308 4635/3280/4633
f 3308/915/3308 1064/3174/1064 4635/3280/4633
f 3299/883/3299 4638/3285/4636 1055/3282/1055
f 3299/883/3299 3382/913/3382 4638/3285/4636
f 3382/913/3382 1138/3286/1138 4638/3285/4636
f 2259/912/2259 4641/3292/4639 1137/3289/1137
f 2259/912/2259 3307/911/3307 4641/3292/4639
f 3307/911/3307 1063/3186/1063 4641/3292/4639
f 3298/789/3298 4644/3297/4642 1054/3294/1054
f 3298/789/3298 3380/909/3380 4644/3297/4642
f 3380/909/3380 1136/3298/1136 4644/3297/4642
f 2257/908/2257 4647/3304/4645 1135/3301/1135
f 2257/908/2257 3297/907/3297 4647/3304/4645
f 3297/907/3297 1053/3210/1053 4647/3304/4645
f 3290/879/3290 4650/3309/4648 1046/3306/1046
f 3290/879/3290 3378/905/3378 4650/3309/4648
f 3378/905/3378 1134/3310/1134 4650/3309/4648
f 2255/904/2255 4653/3316/4651 1133/3313/1133
f 2255/904/2255 3304/903/3304 4653/3316/4651
f 3304/903/3304 1060/3222/1060 4653/3316/4651
f 3296/875/3296 4656/3321/4654 1052/3318/1052
f 3296/875/3296 3376/901/3376 4656/3321/4654
f 3376/901/3376 1132/3322/1132 4656/3321/4654
f 2253/900/2253 4659/3328/4657 1131/3325/1131
f 2253/900/2253 3303/899/3303 4659/3328/4657
f 3303/899/3303 1059/3234/1059 4659/3328/4657
f 3295/871/3295 4662/3333/4660 1051/3330/1051
f 3295/871/3295 3374/897/3374 4662/3333/4660
f 3374/897/3374 1130/3334/1130 4662/3333/4660
f 2251/896/2251 4665/3340/4663 1129/3337/1129
f 2251/896/2251 3302/895/3302 4665/3340/4663
f 3302/895/3302 1058/3246/1058 4665/3340/4663
f 3294/867/3294 4668/3345/4666 1050/3342/1050
f 3294/867/3294 3372/893/3372 4668/3345/4666
f 3372/893/3372 1128/3346/1128 4668/3345/4666
f 2249/892/2249 4671/3352/4669 1127/3349/1127
f 2249/892/2249 3301/891/3301 4671/3352/4669
f 3301/891/3301 1057/3258/1057 4671/3352/4669
f 3293/863/3293 4674/3357/4672 1049/3354/1049
f 3293/863/3293 3370/889/3370 4674/3357/4672
f 3370/889/3370 1126/3358/1126 4674/3357/4672
f 2247/888/2247 4677/3364/4675 1125/3361/1125
f 2247/888/2247 3300/887/3300 4677/3364/4675
f 3300/887/3300 1056/3270/1056 4677/3364/4675
f 3292/859/3292 4680/3369/4678 1048/3366/1048
f 3292/859/3292 3368/885/3368 4680/3369/4678
f 3368/885/3368 1124/3370/1124 4680/3369/4678
f 2245/884/2245 4683/3376/4681 1123/3373/1123
f 2245/884/2245 3299/883/3299 4683/3376/4681
f 3299/883/3299 1055/3282/1055 4683/3376/4681
f 3291/786/3291 4686/3381/4684 1047/3378/1047
f 3291/786/3291 3366/881/3366 4686/3381/4684
f 3366/881/3366 1122/3382/1122 4686/3381/4684
f 2243/880/2243 4689/3388/4687 1121/3385/1121
f 2243/880/2243 3290/879/3290 4689/3388/4687
f 3290/879/3290 1046/3306/1046 4689/3388/4687
f 3284/855/3284 4692/3393/4690 1040/3390/1040
f 3284/855/3284 3364/877/3364 4692/3393/4690
f 3364/877/3364 1120/3394/1120 4692/3393/4690
f 2241/876/2241 4695/3400/4693 1119/3397/1119
f 2241/876/2241 3296/875/3296 4695/3400/4693
f 3296/875/3296 1052/3318/1052 4695/3400/4693
f 3289/851/3289 4698/3405/4696 1045/3402/1045
f 3289/851/3289 3362/873/3362 4698/3405/4696
f 3362/873/3362 1118/3406/1118 4698/3405/4696
f 2239/872/2239 4701/3412/4699 1117/3409/1117
f 2239/872/2239 3295/871/3295 4701/3412/4699
f 3295/871/3295 1051/3330/1051 4701/3412/4699
f 3288/847/3288 4704/3417/4702 1044/3414/1044
f 3288/847/3288 3360/869/3360 4704/3417/4702
f 3360/869/3360 1116/3418/1116 4704/3417/4702
f 2237/868/2237 4707/3424/4705 1115/3421/1115
f 2237/868/2237 3294/867/3294 4707/3424/4705
f 3294/867/3294 1050/3342/1050 4707/3424/4705
f 3287/843/3287 4710/3429/4708 1043/3426/1043
f 3287/843/3287 3358/865/3358 4710/3429/4708
f 3358/865/3358 1114/3430/1114 4710/3429/4708
f 2235/864/2235 4713/3436/4711 1113/3433/1113
f 2235/864/2235 3293/863/3293 4713/3436/4711
f 3293/863/3293 1049/3354/1049 4713/3436/4711
f 3286/839/3286 4716/3441/4714 1042/3438/1042
f 3286/839/3286 3356/861/3356 4716/3441/4714
f 3356/861/3356 1112/3442/1112 4716/3441/4714
f 2233/860/2233 4719/3448/4717 1111/3445/1111
f 2233/860/2233 3292/859/3292 4719/3448/4717
f 3292/859/3292 1048/3366/1048 4719/3448/4717
f 3285/783/3285 4722/3453/4720 1041/3450/1041
f 3285/783/3285 3354/857/3354 4722/3453/4720
f 3354/857/3354 1110/3454/1110 4722/3453/4720
f 2231/856/2231 4725/3460/4723 1109/3457/1109
f 2231/856/2231 3284/855/3284 4725/3460/4723
f 3284/855/3284 1040/3390/1040 4725/3460/4723
f 3279/835/3279 4728/3465/4726 1035/3462/1035
f 3279/835/3279 3352/853/3352 4728/3465/4726
f 3352/853/3352 1108/3466/1108 4728/3465/4726
f 2229/852/2229 4731/3472/4729 1107/3469/1107
f 2229/852/2229 3289/851/3289 4731/3472/4729
f 3289/851/3289 1045/3402/1045 4731/3472/4729
f 3283/831/3283 4734/3477/4732 1039/3474/1039
f 3283/831/3283 3350/849/3350 4734/3477/4732
f 3350/849/3350 1106/3478/1106 4734/3477/4732
f 2227/848/2227 4737/3484/4735 1105/3481/1105
f 2227/848/2227 3288/847/3288 4737/3484/4735
f 3288/847/3288 1044/3414/1044 4737/3484/4735
f 3282/827/3282 4740/3489/4738 1038/3486/1038
f 3282/827/3282 3348/845/3348 4740/3489/4738
f 3348/845/3348 1104/3490/1104 4740/3489/4738
f 2225/844/2225 4743/3496/4741 1103/3493/1103
f 2225/844/2225 3287/843/3287 4743/3496/4741
f 3287/843/3287 1043/3426/1043 4743/3496/4741
f 3281/823/3281 4746/3501/4744 1037/3498/1037
f 3281/823/3281 3346/841/3346 4746/3501/4744
f 3346/841/3346 1102/3502/1102 4746/3501/4744
f 2223/840/2223 4749/3508/4747 1101/3505/1101
f 2223/840/2223 3286/839/3286 4749/3508/4747
f 3286/839/3286 1042/3438/1042 4749/3508/4747
f 3280/780/3280 4752/3513/4750 1036/3510/1036
f 3280/780/3280 3344/837/3344 4752/3513/4750
f 3344/837/3344 1100/3514/1100 4752/3513/4750
f 2221/836/2221 4755/3520/4753 1099/3517/1099
f 2221/836/2221 3279/835/3279 4755/3520/4753
f 3279/835/3279 1035/3462/1035 4755/3520/4753
f 3275/819/3275 4758/3525/4756 1031/3522/1031
f 3275/819/3275 3342/833/3342 4758/3525/4756
f 3342/833/3342 1098/3526/1098 4758/3525/4756
f 2219/832/2219 4761/3532/4759 1097/3529/1097
f 2219/832/2219 3283/831/3283 4761/3532/4759
f 3283/831/3283 1039/3474/1039 4761/3532/4759
f 3278/815/3278 4764/3537/4762 1034/3534/1034
f 3278/815/3278 3340/829/3340 4764/3537/4762
f 3340/829/3340 1096/3538/1096 4764/3537/4762
f 2217/828/2217 4767/3544/4765 1095/3541/1095
f 2217/828/2217 3282/827/3282 4767/3544/4765
f 3282/827/3282 1038/3486/1038 4767/3544/4765
f 3277/811/3277 4770/3549/4768 1033/3546/1033
f 3277/811/3277 3338/825/3338 4770/3549/4768
f 3338/825/3338 1094/3550/1094 4770/3549/4768
f 2215/824/2215 4773/3556/4771 1093/3553/1093
f 2215/824/2215 3281/823/3281 4773/3556/4771
f 3281/823/3281 1037/3498/1037 4773/3556/4771
f 3276/777/3276 4776/3561/4774 1032/3558/1032
f 3276/777/3276 3336/821/3336 4776/3561/4774
f 3336/821/3336 1092/3562/1092 4776/3561/4774
f 2213/820/2213 4779/3568/4777 1091/3565/1091
f 2213/820/2213 3275/819/3275 4779/3568/4777
f 3275/819/3275 1031/3522/1031 4779/3568/4777
f 3272/807/3272 4782/3573/4780 1028/3570/1028
f 3272/807/3272 3334/817/3334 4782/3573/4780
f 3334/817/3334 1090/3574/1090 4782/3573/4780
f 2211/816/2211 4785/3580/4783 1089/3577/1089
f 2211/816/2211 3278/815/3278 4785/3580/4783
f 3278/815/3278 1034/3534/1034 4785/3580/4783
f 3274/803/3274 4788/3585/4786 1030/3582/1030
f 3274/803/3274 3332/813/3332 4788/3585/4786
f 3332/813/3332 1088/3586/1088 4788/3585/4786
f 2209/812/2209 4791/3592/4789 1087/3589/1087
f 2209/812/2209 3277/811/3277 4791/3592/4789
f 3277/811/3277 1033/3546/1033 4791/3592/4789
f 3273/774/3273 4794/3597/4792 1029/3594/1029
f 3273/774/3273 3330/809/3330 4794/3597/4792
f 3330/809/3330 1086/3598/1086 4794/3597/4792
f 2207/808/2207 4797/3604/4795 1085/3601/1085
f 2207/808/2207 3272/807/3272 4797/3604/4795
f 3272/807/3272 1028/3570/1028 4797/3604/4795
f 3270/799/3270 4800/3609/4798 1026/3606/1026
f 3270/799/3270 3328/805/3328 4800/3609/4798
f 3328/805/3328 1084/3610/1084 4800/3609/4798
f 2205/804/2205 4803/3616/4801 1083/3613/1083
f 2205/804/2205 3274/803/3274 4803/3616/4801
f 3274/803/3274 1030/3582/1030 4803/3616/4801
f 3271/771/3271 4806/3621/4804 1027/3618/1027
f 3271/771/3271 3326/801/3326 4806/3621/4804
f 3326/801/3326 1082/3622/1082 4806/3621/4804
f 2203/800/2203 4809/3628/4807 1081/3625/1081
f 2203/800/2203 3270/799/3270 4809/3628/4807
f 3270/799/3270 1026/3606/1026 4809/3628/4807
f 3269/768/3269 4812/3633/4810 1025/3630/1025
f 3269/768/3269 3324/797/3324 4812/3633/4810
f 3324/797/3324 1080/3634/1080 4812/3633/4810
f 2735/796/2735 4815/3640/4813 491/3637/491
f 2735/796/2735 3315/795/3315 4815/3640/4813
f 3315/795/3315 1071/3090/1071 4815/3640/4813
f 2736/793/2736 4818/3645/4816 492/3642/492
f 2736/793/2736 3306/792/3306 4818/3645/4816
f 3306/792/3306 1062/3198/1062 4818/3645/4816
f 2737/790/2737 4821/3650/4819 493/3647/493
f 2737/790/2737 3298/789/3298 4821/3650/4819
f 3298/789/3298 1054/3294/1054 4821/3650/4819
f 2738/787/2738 4824/3655/4822 494/3652/494
f 2738/787/2738 3291/786/3291 4824/3655/4822
f 3291/786/3291 1047/3378/1047 4824/3655/4822
f 2739/784/2739 4827/3660/4825 495/3657/495
f 2739/784/2739 3285/783/3285 4827/3660/4825
f 3285/783/3285 1041/3450/1041 4827/3660/4825
f 2740/781/2740 4830/3665/4828 496/3662/496
f 2740/781/2740 3280/780/3280 4830/3665/4828
f 3280/780/3280 1036/3510/1036 4830/3665/4828
f 2741/778/2741 4833/3670/4831 497/3667/497
f 2741/778/2741 3276/777/3276 4833/3670/4831
f 3276/777/3276 1032/3558/1032 4833/3670/4831
f 2742/775/2742 4836/3675/4834 498/3672/498
f 2742/775/2742 3273/774/3273 4836/3675/4834
f 3273/774/3273 1029/3594/1029 4836/3675/4834
f 2743/772/2743 4839/3680/4837 499/3677/499
f 2743/772/2743 3271/771/3271 4839/3680/4837
f 3271/771/3271 1027/3618/1027 4839/3680/4837
f 2650/769/2650 4842/3685/4840 406/3682/406
f 2650/769/2650 3269/768/3269 4842/3685/4840
f 3269/768/3269 1025/3630/1025 4842/3685/4840
f 2146/766/2146 4845/3690/4843 1024/3687/1024
f 2146/766/2146 1552/765/1552 4845/3690/4843
f 1552/765/1552 430/3691/430 4845/3690/4843
f 3149/725/3149 4848/3697/4846 905/3694/905
f 3149/725/3149 3267/763/3267 4848/3697/4846
f 3267/763/3267 1023/3698/1023 4848/3697/4846
f 2144/762/2144 4851/3704/4849 1022/3701/1022
f 2144/762/2144 1553/761/1553 4851/3704/4849
f 1553/761/1553 431/3705/431 4851/3704/4849
f 3158/721/3158 4854/3711/4852 914/3708/914
f 3158/721/3158 3265/759/3265 4854/3711/4852
f 3265/759/3265 1021/3712/1021 4854/3711/4852
f 2142/758/2142 4857/3718/4855 1020/3715/1020
f 2142/758/2142 1554/757/1554 4857/3718/4855
f 1554/757/1554 432/3719/432 4857/3718/4855
f 3157/717/3157 4860/3725/4858 913/3722/913
f 3157/717/3157 3263/755/3263 4860/3725/4858
f 3263/755/3263 1019/3726/1019 4860/3725/4858
f 2140/754/2140 4863/3732/4861 1018/3729/1018
f 2140/754/2140 1555/753/1555 4863/3732/4861
f 1555/753/1555 433/3733/433 4863/3732/4861
f 3156/713/3156 4866/3739/4864 912/3736/912
f 3156/713/3156 3261/751/3261 4866/3739/4864
f 3261/751/3261 1017/3740/1017 4866/3739/4864
f 2138/750/2138 4869/3746/4867 1016/3743/1016
f 2138/750/2138 1556/749/1556 4869/3746/4867
f 1556/749/1556 434/3747/434 4869/3746/4867
f 3155/709/3155 4872/3753/4870 911/3750/911
f 3155/709/3155 3259/747/3259 4872/3753/4870
f 3259/747/3259 1015/3754/1015 4872/3753/4870
f 2136/746/2136 4875/3760/4873 1014/3757/1014
f 2136/746/2136 1557/745/1557 4875/3760/4873
f 1557/745/1557 435/3761/435 4875/3760/4873
f 3154/705/3154 4878/3767/4876 910/3764/910
f 3154/705/3154 3257/743/3257 4878/3767/4876
f 3257/743/3257 1013/3768/1013 4878/3767/4876
f 2134/742/2134 4881/3774/4879 1012/3771/1012
f 2134/742/2134 1558/741/1558 4881/3774/4879
f 1558/741/1558 436/3775/436 4881/3774/4879
f 3153/701/3153 4884/3781/4882 909/3778/909
f 3153/701/3153 3255/739/3255 4884/3781/4882
f 3255/739/3255 1011/3782/1011 4884/3781/4882
f 2132/738/2132 4887/3788/4885 1010/3785/1010
f 2132/738/2132 1559/737/1559 4887/3788/4885
f 1559/737/1559 437/3789/437 4887/3788/4885
f 3152/697/3152 4890/3795/4888 908/3792/908
f 3152/697/3152 3253/735/3253 4890/3795/4888
f 3253/735/3253 1009/3796/1009 4890/3795/4888
f 2130/734/2130 4893/3802/4891 1008/3799/1008
f 2130/734/2130 1560/733/1560 4893/3802/4891
f 1560/733/1560 438/3803/438 4893/3802/4891
f 3151/693/3151 4896/3809/4894 907/3806/907
f 3151/693/3151 3251/731/3251 4896/3809/4894
f 3251/731/3251 1007/3810/1007 4896/3809/4894
f 2128/730/2128 4899/3816/4897 1006/3813/1006
f 2128/730/2128 1561/729/1561 4899/3816/4897
f 1561/729/1561 439/3817/439 4899/3816/4897
f 3150/545/3150 4902/3823/4900 906/3820/906
f 3150/545/3150 3249/727/3249 4902/3823/4900
f 3249/727/3249 1005/3824/1005 4902/3823/4900
f 2126/726/2126 4905/3830/4903 1004/3827/1004
f 2126/726/2126 3149/725/3149 4905/3830/4903
f 3149/725/3149 905/3694/905 4905/3830/4903
f 3140/689/3140 4908/3835/4906 896/3832/896
f 3140/689/3140 3247/723/3247 4908/3835/4906
f 3247/723/3247 1003/3836/1003 4908/3835/4906
f 2124/722/2124 4911/3842/4909 1002/3839/1002
f 2124/722/2124 3158/721/3158 4911/3842/4909
f 3158/721/3158 914/3708/914 4911/3842/4909
f 3148/685/3148 4914/3847/4912 904/3844/904
f 3148/685/3148 3245/719/3245 4914/3847/4912
f 3245/719/3245 1001/3848/1001 4914/3847/4912
f 2122/718/2122 4917/3854/4915 1000/3851/1000
f 2122/718/2122 3157/717/3157 4917/3854/4915
f 3157/717/3157 913/3722/913 4917/3854/4915
f 3147/681/3147 4920/3859/4918 903/3856/903
f 3147/681/3147 3243/715/3243 4920/3859/4918
f 3243/715/3243 999/3860/999 4920/3859/4918
f 2120/714/2120 4923/3866/4921 998/3863/998
f 2120/714/2120 3156/713/3156 4923/3866/4921
f 3156/713/3156 912/3736/912 4923/3866/4921
f 3146/677/3146 4926/3871/4924 902/3868/902
f 3146/677/3146 3241/711/3241 4926/3871/4924
f 3241/711/3241 997/3872/997 4926/3871/4924
f 2118/710/2118 4929/3878/4927 996/3875/996
f 2118/710/2118 3155/709/3155 4929/3878/4927
f 3155/709/3155 911/3750/911 4929/3878/4927
f 3145/673/3145 4932/3883/4930 901/3880/901
f 3145/673/3145 3239/707/3239 4932/3883/4930
f 3239/707/3239 995/3884/995 4932/3883/4930
f 2116/706/2116 4935/3890/4933 994/3887/994
f 2116/706/2116 3154/705/3154 4935/3890/4933
f 3154/705/3154 910/3764/910 4935/3890/4933
f 3144/669/3144 4938/3895/4936 900/3892/900
f 3144/669/3144 3237/703/3237 4938/3895/4936
f 3237/703/3237 993/3896/993 4938/3895/4936
f 2114/702/2114 4941/3902/4939 992/3899/992
f 2114/702/2114 3153/701/3153 4941/3902/4939
f 3153/701/3153 909/3778/909 4941/3902/4939
f 3143/665/3143 4944/3907/4942 899/3904/899
f 3143/665/3143 3235/699/3235 4944/3907/4942
f 3235/699/3235 991/3908/991 4944/3907/4942
f 2112/698/2112 4947/3914/4945 990/3911/990
f 2112/698/2112 3152/697/3152 4947/3914/4945
f 3152/697/3152 908/3792/908 4947/3914/4945
f 3142/661/3142 4950/3919/4948 898/3916/898
f 3142/661/3142 3233/695/3233 4950/3919/4948
f 3233/695/3233 989/3920/989 4950/3919/4948
f 2110/694/2110 4953/3926/4951 988/3923/988
f 2110/694/2110 3151/693/3151 4953/3926/4951
f 3151/693/3151 907/3806/907 4953/3926/4951
f 3141/542/3141 4956/3931/4954 897/3928/897
f 3141/542/3141 3231/691/3231 4956/3931/4954
f 3231/691/3231 987/3932/987 4956/3931/4954
f 2108/690/2108 4959/3938/4957 986/3935/986
f 2108/690/2108 3140/689/3140 4959/3938/4957
f 3140/689/3140 896/3832/896 4959/3938/4957
f 3132/657/3132 4962/3943/4960 888/3940/888
f 3132/657/3132 3229/687/3229 4962/3943/4960
f 3229/687/3229 985/3944/985 4962/3943/4960
f 2106/686/2106 4965/3950/4963 984/3947/984
f 2106/686/2106 3148/685/3148 4965/3950/4963
f 3148/685/3148 904/3844/904 4965/3950/4963
f 3139/653/3139 4968/3955/4966 895/3952/895
f 3139/653/3139 3227/683/3227 4968/3955/4966
f 3227/683/3227 983/3956/983 4968/3955/4966
f 2104/682/2104 4971/3962/4969 982/3959/982
f 2104/682/2104 3147/681/3147 4971/3962/4969
f 3147/681/3147 903/3856/903 4971/3962/4969
f 3138/649/3138 4974/3967/4972 894/3964/894
f 3138/649/3138 3225/679/3225 4974/3967/4972
f 3225/679/3225 981/3968/981 4974/3967/4972
f 2102/678/2102 4977/3974/4975 980/3971/980
f 2102/678/2102 3146/677/3146 4977/3974/4975
f 3146/677/3146 902/3868/902 4977/3974/4975
f 3137/645/3137 4980/3979/4978 893/3976/893
f 3137/645/3137 3223/675/3223 4980/3979/4978
f 3223/675/3223 979/3980/979 4980/3979/4978
f 2100/674/2100 4983/3986/4981 978/3983/978
f 2100/674/2100 3145/673/3145 4983/3986/4981
f 3145/673/3145 901/3880/901 4983/3986/4981
f 3136/641/3136 4986/3991/4984 892/3988/892
f 3136/641/3136 3221/671/3221 4986/3991/4984
f 3221/671/3221 977/3992/977 4986/3991/4984
f 2098/670/2098 4989/3998/4987 976/3995/976
f 2098/670/2098 3144/669/3144 4989/3998/4987
f 3144/669/3144 900/3892/900 4989/3998/4987
f 3135/637/3135 4992/4003/4990 891/4000/891
f 3135/637/3135 3219/667/3219 4992/4003/4990
f 3219/667/3219 975/4004/975 4992/4003/4990
f 2096/666/2096 4995/4010/4993 974/4007/974
f 2096/666/2096 3143/665/3143 4995/4010/4993
f 3143/665/3143 899/3904/899 4995/4010/4993
f 3134/633/3134 4998/4015/4996 890/4012/890
f 3134/633/3134 3217/663/3217 4998/4015/4996
f 3217/663/3217 973/4016/973 4998/4015/4996
f 2094/662/2094 5001/4022/4999 972/4019/972
f 2094/662/2094 3142/661/3142 5001/4022/4999
f 3142/661/3142 898/3916/898 5001/4022/4999
f 3133/539/3133 5004/4027/5002 889/4024/889
f 3133/539/3133 3215/659/3215 5004/4027/5002
f 3215/659/3215 971/4028/971 5004/4027/5002
f 2092/658/2092 5007/4034/5005 970/4031/970
f 2092/658/2092 3132/657/3132 5007/4034/5005
f 3132/657/3132 888/3940/888 5007/4034/5005
f 3125/629/3125 5010/4039/5008 881/4036/881
f 3125/629/3125 3213/655/3213 5010/4039/5008
f 3213/655/3213 969/4040/969 5010/4039/5008
f 2090/654/2090 5013/4046/5011 968/4043/968
f 2090/654/2090 3139/653/3139 5013/4046/5011
f 3139/653/3139 895/3952/895 5013/4046/5011
f 3131/625/3131 5016/4051/5014 887/4048/887
f 3131/625/3131 3211/651/3211 5016/4051/5014
f 3211/651/3211 967/4052/967 5016/4051/5014
f 2088/650/2088 5019/4058/5017 966/4055/966
f 2088/650/2088 3138/649/3138 5019/4058/5017
f 3138/649/3138 894/3964/894 5019/4058/5017
f 3130/621/3130 5022/4063/5020 886/4060/886
f 3130/621/3130 3209/647/3209 5022/4063/5020
f 3209/647/3209 965/4064/965 5022/4063/5020
f 2086/646/2086 5025/4070/5023 964/4067/964
f 2086/646/2086 3137/645/3137 5025/4070/5023
f 3137/645/3137 893/3976/893 5025/4070/5023
f 3129/617/3129 5028/4075/5026 885/4072/885
f 3129/617/3129 3207/643/3207 5028/4075/5026
f 3207/643/3207 963/4076/963 5028/4075/5026
f 2084/642/2084 5031/4082/5029 962/4079/962
f 2084/642/2084 3136/641/3136 5031/4082/5029
f 3136/641/3136 892/3988/892 5031/4082/5029
f 3128/613/3128 5034/4087/5032 884/4084/884
f 3128/613/3128 3205/639/3205 5034/4087/5032
f 3205/639/3205 961/4088/961 5034/4087/5032
f 2082/638/2082 5037/4094/5035 960/4091/960
f 2082/638/2082 3135/637/3135 5037/4094/5035
f 3135/637/3135 891/4000/891 5037/4094/5035
f 3127/609/3127 5040/4099/5038 883/4096/883
f 3127/609/3127 3203/635/3203 5040/4099/5038
f 3203/635/3203 959/4100/959 5040/4099/5038
f 2080/634/2080 5043/4106/5041 958/4103/958
f 2080/634/2080 3134/633/3134 5043/4106/5041
f 3134/633/3134 890/4012/890 5043/4106/5041
f 3126/536/3126 5046/4111/5044 882/4108/882
f 3126/536/3126 3201/631/3201 5046/4111/5044
f 3201/631/3201 957/4112/957 5046/4111/5044
f 2078/630/2078 5049/4118/5046 956/4115/956
f 2078/630/2078 3125/629/3125 5049/4118/5046
f 3125/629/3125 881/4036/881 5049/4118/5046
f 3119/605/3119 5052/4123/5049 875/4120/875
f 3119/605/3119 3199/627/3199 5052/4123/5049
f 3199/627/3199 955/4124/955 5052/4123/5049
f 2076/626/2076 5055/4130/5052 954/4127/954
f 2076/626/2076 3131/625/3131 5055/4130/5052
f 3131/625/3131 887/4048/887 5055/4130/5052
f 3124/601/3124 5058/4135/5055 880/4132/880
f 3124/601/3124 3197/623/3197 5058/4135/5055
f 3197/623/3197 953/4136/953 5058/4135/5055
f 2074/622/2074 5061/4142/5058 952/4139/952
f 2074/622/2074 3130/621/3130 5061/4142/5058
f 3130/621/3130 886/4060/886 5061/4142/5058
f 3123/597/3123 5064/4147/5061 879/4144/879
f 3123/597/3123 3195/619/3195 5064/4147/5061
f 3195/619/3195 951/4148/951 5064/4147/5061
f 2072/618/2072 5067/4154/5064 950/4151/950
f 2072/618/2072 3129/617/3129 5067/4154/5064
f 3129/617/3129 885/4072/885 5067/4154/5064
f 3122/593/3122 5070/4159/5067 878/4156/878
f 3122/593/3122 3193/615/3193 5070/4159/5067
f 3193/615/3193 949/4160/949 5070/4159/5067
f 2070/614/2070 5073/4166/5070 948/4163/948
f 2070/614/2070 3128/613/3128 5073/4166/5070
f 3128/613/3128 884/4084/884 5073/4166/5070
f 3121/589/3121 5076/4171/5073 877/4168/877
f 3121/589/3121 3191/611/3191 5076/4171/5073
f 3191/611/3191 947/4172/947 5076/4171/5073
f 2068/610/2068 5079/4178/5076 946/4175/946
f 2068/610/2068 3127/609/3127 5079/4178/5076
f 3127/609/3127 883/4096/883 5079/4178/5076
f 3120/533/3120 5082/4183/5079 876/4180/876
f 3120/533/3120 3189/607/3189 5082/4183/5079
f 3189/607/3189 945/4184/945 5082/4183/5079
f 2066/606/2066 5085/4190/5082 944/4187/944
f 2066/606/2066 3119/605/3119 5085/4190/5082
f 3119/605/3119 875/4120/875 5085/4190/5082
f 3114/585/3114 5088/4195/5085 870/4192/870
f 3114/585/3114 3187/603/3187 5088/4195/5085
f 3187/603/3187 943/4196/943 5088/4195/5085
f 2064/602/2064 5091/4202/5088 942/4199/942
f 2064/602/2064 3124/601/3124 5091/4202/5088
f 3124/601/3124 880/4132/880 5091/4202/5088
f 3118/581/3118 5094/4207/5091 874/4204/874
f 3118/581/3118 3185/599/3185 5094/4207/5091
f 3185/599/3185 941/4208/941 5094/4207/5091
f 2062/598/2062 5097/4214/5094 940/4211/940
f 2062/598/2062 3123/597/3123 5097/4214/5094
f 3123/597/3123 879/4144/879 5097/4214/5094
f 3117/577/3117 5100/4219/5097 873/4216/873
f 3117/577/3117 3183/595/3183 5100/4219/5097
f 3183/595/3183 939/4220/939 5100/4219/5097
f 2060/594/2060 5103/4226/5100 938/4223/938
f 2060/594/2060 3122/593/3122 5103/4226/5100
f 3122/593/3122 878/4156/878 5103/4226/5100
f 3116/573/3116 5106/4231/5103 872/4228/872
f 3116/573/3116 3181/591/3181 5106/4231/5103
f 3181/591/3181 937/4232/937 5106/4231/5103
f 2058/590/2058 5109/4238/5106 936/4235/936
f 2058/590/2058 3121/589/3121 5109/4238/5106
f 3121/589/3121 877/4168/877 5109/4238/5106
f 3115/530/3115 5112/4243/5109 871/4240/871
f 3115/530/3115 3179/587/3179 5112/4243/5109
f 3179/587/3179 935/4244/935 5112/4243/5109
f 2056/586/2056 5115/4250/5112 934/4247/934
f 2056/586/2056 3114/585/3114 5115/4250/5112
f 3114/585/3114 870/4192/870 5115/4250/5112
f 3110/569/3110 5118/4255/5115 866/4252/866
f 3110/569/3110 3177/583/3177 5118/4255/5115
f 3177/583/3177 933/4256/933 5118/4255/5115
f 2054/582/2054 5121/4262/5118 932/4259/932
f 2054/582/2054 3118/581/3118 5121/4262/5118
f 3118/581/3118 874/4204/874 5121/4262/5118
f 3113/565/3113 5124/4267/5121 869/4264/869
f 3113/565/3113 3175/579/3175 5124/4267/5121
f 3175/579/3175 931/4268/931 5124/4267/5121
f 2052/578/2052 5127/4274/5124 930/4271/930
f 2052/578/2052 3117/577/3117 5127/4274/5124
f 3117/577/3117 873/4216/873 5127/4274/5124
f 3112/561/3112 5130/4279/5127 868/4276/868
f 3112/561/3112 3173/575/3173 5130/4279/5127
f 3173/575/3173 929/4280/929 5130/4279/5127
f 2050/574/2050 5133/4286/5130 928/4283/928
f 2050/574/2050 3116/573/3116 5133/4286/5130
f 3116/573/3116 872/4228/872 5133/4286/5130
f 3111/527/3111 5136/4291/5133 867/4288/867
f 3111/527/3111 3171/571/3171 5136/4291/5133
f 3171/571/3171 927/4292/927 5136/4291/5133
f 2048/570/2048 5139/4298/5136 926/4295/926
f 2048/570/2048 3110/569/3110 5139/4298/5136
f 3110/569/3110 866/4252/866 5139/4298/5136
f 3107/557/3107 5142/4303/5139 863/4300/863
f 3107/557/3107 3169/567/3169 5142/4303/5139
f 3169/567/3169 925/4304/925 5142/4303/5139
f 2046/566/2046 5145/4310/5142 924/4307/924
f 2046/566/2046 3113/565/3113 5145/4310/5142
f 3113/565/3113 869/4264/869 5145/4310/5142
f 3109/553/3109 5148/4315/5145 865/4312/865
f 3109/553/3109 3167/563/3167 5148/4315/5145
f 3167/563/3167 923/4316/923 5148/4315/5145
f 2044/562/2044 5151/4322/5148 922/4319/922
f 2044/562/2044 3112/561/3112 5151/4322/5148
f 3112/561/3112 868/4276/868 5151/4322/5148
f 3108/524/3108 5154/4327/5151 864/4324/864
f 3108/524/3108 3165/559/3165 5154/4327/5151
f 3165/559/3165 921/4328/921 5154/4327/5151
f 2042/558/2042 5157/4334/5154 920/4331/920
f 2042/558/2042 3107/557/3107 5157/4334/5154
f 3107/557/3107 863/4300/863 5157/4334/5154
f 3105/549/3105 5160/4339/5157 861/4336/861
f 3105/549/3105 3163/555/3163 5160/4339/5157
f 3163/555/3163 919/4340/919 5160/4339/5157
f 2040/554/2040 5163/4346/5160 918/4343/918
f 2040/554/2040 3109/553/3109 5163/4346/5160
f 3109/553/3109 865/4312/865 5163/4346/5160
f 3106/521/3106 5166/4351/5163 862/4348/862
f 3106/521/3106 3161/551/3161 5166/4351/5163
f 3161/551/3161 917/4352/917 5166/4351/5163
f 2038/550/2038 5169/4358/5166 916/4355/916
f 2038/550/2038 3105/549/3105 5169/4358/5166
f 3105/549/3105 861/4336/861 5169/4358/5166
f 3104/518/3104 5172/4363/5169 860/4360/860
f 3104/518/3104 3159/547/3159 5172/4363/5169
f 3159/547/3159 915/4364/915 5172/4363/5169
f 2725/546/2725 5175/4370/5172 481/4367/481
f 2725/546/2725 3150/545/3150 5175/4370/5172
f 3150/545/3150 906/3820/906 5175/4370/5172
f 2726/543/2726 5178/4375/5175 482/4372/482
f 2726/543/2726 3141/542/3141 5178/4375/5175
f 3141/542/3141 897/3928/897 5178/4375/5175
f 2727/540/2727 5181/4380/5178 483/4377/483
f 2727/540/2727 3133/539/3133 5181/4380/5178
f 3133/539/3133 889/4024/889 5181/4380/5178
f 2728/537/2728 5184/4385/5181 484/4382/484
f 2728/537/2728 3126/536/3126 5184/4385/5181
f 3126/536/3126 882/4108/882 5184/4385/5181
f 2729/534/2729 5187/4390/5184 485/4387/485
f 2729/534/2729 3120/533/3120 5187/4390/5184
f 3120/533/3120 876/4180/876 5187/4390/5184
f 2730/531/2730 5190/4395/5187 486/4392/486
f 2730/531/2730 3115/530/3115 5190/4395/5187
f 3115/530/3115 871/4240/871 5190/4395/5187
f 2731/528/2731 5193/4400/5190 487/4397/487
f 2731/528/2731 3111/527/3111 5193/4400/5190
f 3111/527/3111 867/4288/867 5193/4400/5190
f 2732/525/2732 5196/4405/5193 488/4402/488
f 2732/525/2732 3108/524/3108 5196/4405/5193
f 3108/524/3108 864/4324/864 5196/4405/5193
f 2733/522/2733 5199/4410/5196 489/4407/489
f 2733/522/2733 3106/521/3106 5199/4410/5196
f 3106/521/3106 862/4348/862 5199/4410/5196
f 2649/519/2649 5202/4415/5199 405/4412/405
f 2649/519/2649 3104/518/3104 5202/4415/5199
f 3104/518/3104 860/4360/860 5202/4415/5199
f 1981/516/1981 5205/4420/5202 859/4417/859
f 1981/516/1981 1562/515/1562 5205/4420/5202
f 1562/515/1562 440/4421/440 5205/4420/5202
f 2984/475/2984 5208/4427/5205 740/4424/740
f 2984/475/2984 3102/513/3102 5208/4427/5205
f 3102/513/3102 858/4428/858 5208/4427/5205
f 1979/512/1979 5211/4434/5208 857/4431/857
f 1979/512/1979 1563/511/1563 5211/4434/5208
f 1563/511/1563 441/4435/441 5211/4434/5208
f 2993/471/2993 5214/4441/5211 749/4438/749
f 2993/471/2993 3100/509/3100 5214/4441/5211
f 3100/509/3100 856/4442/856 5214/4441/5211
f 1977/508/1977 5217/4448/5214 855/4445/855
f 1977/508/1977 1564/507/1564 5217/4448/5214
f 1564/507/1564 442/4449/442 5217/4448/5214
f 2992/467/2992 5220/4455/5217 748/4452/748
f 2992/467/2992 3098/505/3098 5220/4455/5217
f 3098/505/3098 854/4456/854 5220/4455/5217
f 1975/504/1975 5223/4462/5220 853/4459/853
f 1975/504/1975 1565/503/1565 5223/4462/5220
f 1565/503/1565 443/4463/443 5223/4462/5220
f 2991/463/2991 5226/4469/5223 747/4466/747
f 2991/463/2991 3096/501/3096 5226/4469/5223
f 3096/501/3096 852/4470/852 5226/4469/5223
f 1973/500/1973 5229/4476/5226 851/4473/851
f 1973/500/1973 1566/499/1566 5229/4476/5226
f 1566/499/1566 444/4477/444 5229/4476/5226
f 2990/459/2990 5232/4483/5229 746/4480/746
f 2990/459/2990 3094/497/3094 5232/4483/5229
f 3094/497/3094 850/4484/850 5232/4483/5229
f 1971/496/1971 5235/4490/5232 849/4487/849
f 1971/496/1971 1567/495/1567 5235/4490/5232
f 1567/495/1567 445/4491/445 5235/4490/5232
f 2989/455/2989 5238/4497/5235 745/4494/745
f 2989/455/2989 3092/493/3092 5238/4497/5235
f 3092/493/3092 848/4498/848 5238/4497/5235
f 1969/492/1969 5241/4504/5238 847/4501/847
f 1969/492/1969 1568/491/1568 5241/4504/5238
f 1568/491/1568 446/4505/446 5241/4504/5238
f 2988/451/2988 5244/4511/5241 744/4508/744
f 2988/451/2988 3090/489/3090 5244/4511/5241
f 3090/489/3090 846/4512/846 5244/4511/5241
f 1967/488/1967 5247/4518/5244 845/4515/845
f 1967/488/1967 1569/487/1569 5247/4518/5244
f 1569/487/1569 447/4519/447 5247/4518/5244
f 2987/447/2987 5250/4525/5247 743/4522/743
f 2987/447/2987 3088/485/3088 5250/4525/5247
f 3088/485/3088 844/4526/844 5250/4525/5247
f 1965/484/1965 5253/4532/5250 843/4529/843
f 1965/484/1965 1570/483/1570 5253/4532/5250
f 1570/483/1570 448/4533/448 5253/4532/5250
f 2986/443/2986 5256/4539/5253 742/4536/742
f 2986/443/2986 3086/481/3086 5256/4539/5253
f 3086/481/3086 842/4540/842 5256/4539/5253
f 1963/480/1963 5259/4546/5256 841/4543/841
f 1963/480/1963 1571/479/1571 5259/4546/5256
f 1571/479/1571 449/4547/449 5259/4546/5256
f 2985/295/2985 5262/4553/5259 741/4550/741
f 2985/295/2985 3084/477/3084 5262/4553/5259
f 3084/477/3084 840/4554/840 5262/4553/5259
f 1961/476/1961 5265/4560/5262 839/4557/839
f 1961/476/1961 2984/475/2984 5265/4560/5262
f 2984/475/2984 740/4424/740 5265/4560/5262
f 2975/439/2975 5268/4565/5265 731/4562/731
f 2975/439/2975 3082/473/3082 5268/4565/5265
f 3082/473/3082 838/4566/838 5268/4565/5265
f 1959/472/1959 5271/4572/5268 837/4569/837
f 1959/472/1959 2993/471/2993 5271/4572/5268
f 2993/471/2993 749/4438/749 5271/4572/5268
f 2983/435/2983 5274/4577/5271 739/4574/739
f 2983/435/2983 3080/469/3080 5274/4577/5271
f 3080/469/3080 836/4578/836 5274/4577/5271
f 1957/468/1957 5277/4584/5274 835/4581/835
f 1957/468/1957 2992/467/2992 5277/4584/5274
f 2992/467/2992 748/4452/748 5277/4584/5274
f 2982/431/2982 5280/4589/5277 738/4586/738
f 2982/431/2982 3078/465/3078 5280/4589/5277
f 3078/465/3078 834/4590/834 5280/4589/5277
f 1955/464/1955 5283/4596/5280 833/4593/833
f 1955/464/1955 2991/463/2991 5283/4596/5280
f 2991/463/2991 747/4466/747 5283/4596/5280
f 2981/427/2981 5286/4601/5283 737/4598/737
f 2981/427/2981 3076/461/3076 5286/4601/5283
f 3076/461/3076 832/4602/832 5286/4601/5283
f 1953/460/1953 5289/4608/5286 831/4605/831
f 1953/460/1953 2990/459/2990 5289/4608/5286
f 2990/459/2990 746/4480/746 5289/4608/5286
f 2980/423/2980 5292/4613/5289 736/4610/736
f 2980/423/2980 3074/457/3074 5292/4613/5289
f 3074/457/3074 830/4614/830 5292/4613/5289
f 1951/456/1951 5295/4620/5292 829/4617/829
f 1951/456/1951 2989/455/2989 5295/4620/5292
f 2989/455/2989 745/4494/745 5295/4620/5292
f 2979/419/2979 5298/4625/5295 735/4622/735
f 2979/419/2979 3072/453/3072 5298/4625/5295
f 3072/453/3072 828/4626/828 5298/4625/5295
f 1949/452/1949 5301/4632/5298 827/4629/827
f 1949/452/1949 2988/451/2988 5301/4632/5298
f 2988/451/2988 744/4508/744 5301/4632/5298
f 2978/415/2978 5304/4637/5301 734/4634/734
f 2978/415/2978 3070/449/3070 5304/4637/5301
f 3070/449/3070 826/4638/826 5304/4637/5301
f 1947/448/1947 5307/4644/5304 825/4641/825
f 1947/448/1947 2987/447/2987 5307/4644/5304
f 2987/447/2987 743/4522/743 5307/4644/5304
f 2977/411/2977 5310/4649/5307 733/4646/733
f 2977/411/2977 3068/445/3068 5310/4649/5307
f 3068/445/3068 824/4650/824 5310/4649/5307
f 1945/444/1945 5313/4656/5310 823/4653/823
f 1945/444/1945 2986/443/2986 5313/4656/5310
f 2986/443/2986 742/4536/742 5313/4656/5310
f 2976/292/2976 5316/4661/5313 732/4658/732
f 2976/292/2976 3066/441/3066 5316/4661/5313
f 3066/441/3066 822/4662/822 5316/4661/5313
f 1943/440/1943 5319/4668/5316 821/4665/821
f 1943/440/1943 2975/439/2975 5319/4668/5316
f 2975/439/2975 731/4562/731 5319/4668/5316
f 2967/407/2967 5322/4673/5319 723/4670/723
f 2967/407/2967 3064/437/3064 5322/4673/5319
f 3064/437/3064 820/4674/820 5322/4673/5319
f 1941/436/1941 5325/4680/5322 819/4677/819
f 1941/436/1941 2983/435/2983 5325/4680/5322
f 2983/435/2983 739/4574/739 5325/4680/5322
f 2974/403/2974 5328/4685/5325 730/4682/730
f 2974/403/2974 3062/433/3062 5328/4685/5325
f 3062/433/3062 818/4686/818 5328/4685/5325
f 1939/432/1939 5331/4692/5328 817/4689/817
f 1939/432/1939 2982/431/2982 5331/4692/5328
f 2982/431/2982 738/4586/738 5331/4692/5328
f 2973/399/2973 5334/4697/5331 729/4694/729
f 2973/399/2973 3060/429/3060 5334/4697/5331
f 3060/429/3060 816/4698/816 5334/4697/5331
f 1937/428/1937 5337/4704/5334 815/4701/815
f 1937/428/1937 2981/427/2981 5337/4704/5334
f 2981/427/2981 737/4598/737 5337/4704/5334
f 2972/395/2972 5340/4709/5337 728/4706/728
f 2972/395/2972 3058/425/3058 5340/4709/5337
f 3058/425/3058 814/4710/814 5340/4709/5337
f 1935/424/1935 5343/4716/5340 813/4713/813
f 1935/424/1935 2980/423/2980 5343/4716/5340
f 2980/423/2980 736/4610/736 5343/4716/5340
f 2971/391/2971 5346/4721/5343 727/4718/727
f 2971/391/2971 3056/421/3056 5346/4721/5343
f 3056/421/3056 812/4722/812 5346/4721/5343
f 1933/420/1933 5349/4728/5346 811/4725/811
f 1933/420/1933 2979/419/2979 5349/4728/5346
f 2979/419/2979 735/4622/735 5349/4728/5346
f 2970/387/2970 5352/4733/5349 726/4730/726
f 2970/387/2970 3054/417/3054 5352/4733/5349
f 3054/417/3054 810/4734/810 5352/4733/5349
f 1931/416/1931 5355/4740/5352 809/4737/809
f 1931/416/1931 2978/415/2978 5355/4740/5352
f 2978/415/2978 734/4634/734 5355/4740/5352
f 2969/383/2969 5358/4745/5355 725/4742/725
f 2969/383/2969 3052/413/3052 5358/4745/5355
f 3052/413/3052 808/4746/808 5358/4745/5355
f 1929/412/1929 5361/4752/5358 807/4749/807
f 1929/412/1929 2977/411/2977 5361/4752/5358
f 2977/411/2977 733/4646/733 5361/4752/5358
f 2968/289/2968 5364/4757/5361 724/4754/724
f 2968/289/2968 3050/409/3050 5364/4757/5361
f 3050/409/3050 806/4758/806 5364/4757/5361
f 1927/408/1927 5367/4764/5364 805/4761/805
f 1927/408/1927 2967/407/2967 5367/4764/5364
f 2967/407/2967 723/4670/723 5367/4764/5364
f 2960/379/2960 5370/4769/5367 716/4766/716
f 2960/379/2960 3048/405/3048 5370/4769/5367
f 3048/405/3048 804/4770/804 5370/4769/5367
f 1925/404/1925 5373/4776/5370 803/4773/803
f 1925/404/1925 2974/403/2974 5373/4776/5370
f 2974/403/2974 730/4682/730 5373/4776/5370
f 2966/375/2966 5376/4781/5373 722/4778/722
f 2966/375/2966 3046/401/3046 5376/4781/5373
f 3046/401/3046 802/4782/802 5376/4781/5373
f 1923/400/1923 5379/4788/5376 801/4785/801
f 1923/400/1923 2973/399/2973 5379/4788/5376
f 2973/399/2973 729/4694/729 5379/4788/5376
f 2965/371/2965 5382/4793/5379 721/4790/721
f 2965/371/2965 3044/397/3044 5382/4793/5379
f 3044/397/3044 800/4794/800 5382/4793/5379
f 1921/396/1921 5385/4800/5382 799/4797/799
f 1921/396/1921 2972/395/2972 5385/4800/5382
f 2972/395/2972 728/4706/728 5385/4800/5382
f 2964/367/2964 5388/4805/5385 720/4802/720
f 2964/367/2964 3042/393/3042 5388/4805/5385
f 3042/393/3042 798/4806/798 5388/4805/5385
f 1919/392/1919 5391/4812/5388 797/4809/797
f 1919/392/1919 2971/391/2971 5391/4812/5388
f 2971/391/2971 727/4718/727 5391/4812/5388
f 2963/363/2963 5394/4817/5391 719/4814/719
f 2963/363/2963 3040/389/3040 5394/4817/5391
f 3040/389/3040 796/4818/796 5394/4817/5391
f 1917/388/1917 5397/4824/5394 795/4821/795
f 1917/388/1917 2970/387/2970 5397/4824/5394
f 2970/387/2970 726/4730/726 5397/4824/5394
f 2962/359/2962 5400/4829/5397 718/4826/718
f 2962/359/2962 3038/385/3038 5400/4829/5397
f 3038/385/3038 794/4830/794 5400/4829/5397
f 1915/384/1915 5403/4836/5400 793/4833/793
f 1915/384/1915 2969/383/2969 5403/4836/5400
f 2969/383/2969 725/4742/725 5403/4836/5400
f 2961/286/2961 5406/4841/5403 717/4838/717
f 2961/286/2961 3036/381/3036 5406/4841/5403
f 3036/381/3036 792/4842/792 5406/4841/5403
f 1913/380/1913 5409/4848/5406 791/4845/791
f 1913/380/1913 2960/379/2960 5409/4848/5406
f 2960/379/2960 716/4766/716 5409/4848/5406
f 2954/355/2954 5412/4853/5409 710/4850/710
f 2954/355/2954 3034/377/3034 5412/4853/5409
f 3034/377/3034 790/4854/790 5412/4853/5409
f 1911/376/1911 5415/4860/5412 789/4857/789
f 1911/376/1911 2966/375/2966 5415/4860/5412
f 2966/375/2966 722/4778/722 5415/4860/5412
f 2959/351/2959 5418/4865/5415 715/4862/715
f 2959/351/2959 3032/373/3032 5418/4865/5415
f 3032/373/3032 788/4866/788 5418/4865/5415
f 1909/372/1909 5421/4872/5418 787/4869/787
f 1909/372/1909 2965/371/2965 5421/4872/5418
f 2965/371/2965 721/4790/721 5421/4872/5418
f 2958/347/2958 5424/4877/5421 714/4874/714
f 2958/347/2958 3030/369/3030 5424/4877/5421
f 3030/369/3030 786/4878/786 5424/4877/5421
f 1907/368/1907 5427/4884/5424 785/4881/785
f 1907/368/1907 2964/367/2964 5427/4884/5424
f 2964/367/2964 720/4802/720 5427/4884/5424
f 2957/343/2957 5430/4889/5427 713/4886/713
f 2957/343/2957 3028/365/3028 5430/4889/5427
f 3028/365/3028 784/4890/784 5430/4889/5427
f 1905/364/1905 5433/4896/5430 783/4893/783
f 1905/364/1905 2963/363/2963 5433/4896/5430
f 2963/363/2963 719/4814/719 5433/4896/5430
f 2956/339/2956 5436/4901/5433 712/4898/712
f 2956/339/2956 3026/361/3026 5436/4901/5433
f 3026/361/3026 782/4902/782 5436/4901/5433
f 1903/360/1903 5439/4908/5436 781/4905/781
f 1903/360/1903 2962/359/2962 5439/4908/5436
f 2962/359/2962 718/4826/718 5439/4908/5436
f 2955/283/2955 5442/4913/5439 711/4910/711
f 2955/283/2955 3024/357/3024 5442/4913/5439
f 3024/357/3024 780/4914/780 5442/4913/5439
f 1901/356/1901 5445/4920/5442 779/4917/779
f 1901/356/1901 2954/355/2954 5445/4920/5442
f 2954/355/2954 710/4850/710 5445/4920/5442
f 2949/335/2949 5448/4925/5445 705/4922/705
f 2949/335/2949 3022/353/3022 5448/4925/5445
f 3022/353/3022 778/4926/778 5448/4925/5445
f 1899/352/1899 5451/4932/5448 777/4929/777
f 1899/352/1899 2959/351/2959 5451/4932/5448
f 2959/351/2959 715/4862/715 5451/4932/5448
f 2953/331/2953 5454/4937/5451 709/4934/709
f 2953/331/2953 3020/349/3020 5454/4937/5451
f 3020/349/3020 776/4938/776 5454/4937/5451
f 1897/348/1897 5457/4944/5454 775/4941/775
f 1897/348/1897 2958/347/2958 5457/4944/5454
f 2958/347/2958 714/4874/714 5457/4944/5454
f 2952/327/2952 5460/4949/5457 708/4946/708
f 2952/327/2952 3018/345/3018 5460/4949/5457
f 3018/345/3018 774/4950/774 5460/4949/5457
f 1895/344/1895 5463/4956/5460 773/4953/773
f 1895/344/1895 2957/343/2957 5463/4956/5460
f 2957/343/2957 713/4886/713 5463/4956/5460
f 2951/323/2951 5466/4961/5463 707/4958/707
f 2951/323/2951 3016/341/3016 5466/4961/5463
f 3016/341/3016 772/4962/772 5466/4961/5463
f 1893/340/1893 5469/4968/5466 771/4965/771
f 1893/340/1893 2956/339/2956 5469/4968/5466
f 2956/339/2956 712/4898/712 5469/4968/5466
f 2950/280/2950 5472/4973/5469 706/4970/706
f 2950/280/2950 3014/337/3014 5472/4973/5469
f 3014/337/3014 770/4974/770 5472/4973/5469
f 1891/336/1891 5475/4980/5472 769/4977/769
f 1891/336/1891 2949/335/2949 5475/4980/5472
f 2949/335/2949 705/4922/705 5475/4980/5472
f 2945/319/2945 5478/4985/5475 701/4982/701
f 2945/319/2945 3012/333/3012 5478/4985/5475
f 3012/333/3012 768/4986/768 5478/4985/5475
f 1889/332/1889 5481/4992/5478 767/4989/767
f 1889/332/1889 2953/331/2953 5481/4992/5478
f 2953/331/2953 709/4934/709 5481/4992/5478
f 2948/315/2948 5484/4997/5481 704/4994/704
f 2948/315/2948 3010/329/3010 5484/4997/5481
f 3010/329/3010 766/4998/766 5484/4997/5481
f 1887/328/1887 5487/5004/5484 765/5001/765
f 1887/328/1887 2952/327/2952 5487/5004/5484
f 2952/327/2952 708/4946/708 5487/5004/5484
f 2947/311/2947 5490/5009/5487 703/5006/703
f 2947/311/2947 3008/325/3008 5490/5009/5487
f 3008/325/3008 764/5010/764 5490/5009/5487
f 1885/324/1885 5493/5016/5490 763/5013/763
f 1885/324/1885 2951/323/2951 5493/5016/5490
f 2951/323/2951 707/4958/707 5493/5016/5490
f 2946/277/2946 5496/5021/5493 702/5018/702
f 2946/277/2946 3006/321/3006 5496/5021/5493
f 3006/321/3006 762/5022/762 5496/5021/5493
f 1883/320/1883 5499/5028/5496 761/5025/761
f 1883/320/1883 2945/319/2945 5499/5028/5496
f 2945/319/2945 701/4982/701 5499/5028/5496
f 2942/307/2942 5502/5033/5499 698/5030/698
f 2942/307/2942 3004/317/3004 5502/5033/5499
f 3004/317/3004 760/5034/760 5502/5033/5499
f 1881/316/1881 5505/5040/5502 759/5037/759
f 1881/316/1881 2948/315/2948 5505/5040/5502
f 2948/315/2948 704/4994/704 5505/5040/5502
f 2944/303/2944 5508/5045/5505 700/5042/700
f 2944/303/2944 3002/313/3002 5508/5045/5505
f 3002/313/3002 758/5046/758 5508/5045/5505
f 1879/312/1879 5511/5052/5508 757/5049/757
f 1879/312/1879 2947/311/2947 5511/5052/5508
f 2947/311/2947 703/5006/703 5511/5052/5508
f 2943/274/2943 5514/5057/5511 699/5054/699
f 2943/274/2943 3000/309/3000 5514/5057/5511
f 3000/309/3000 756/5058/756 5514/5057/5511
f 1877/308/1877 5517/5064/5514 755/5061/755
f 1877/308/1877 2942/307/2942 5517/5064/5514
f 2942/307/2942 698/5030/698 5517/5064/5514
f 2940/299/2940 5520/5069/5517 696/5066/696
f 2940/299/2940 2998/305/2998 5520/5069/5517
f 2998/305/2998 754/5070/754 5520/5069/5517
f 1875/304/1875 5523/5076/5520 753/5073/753
f 1875/304/1875 2944/303/2944 5523/5076/5520
f 2944/303/2944 700/5042/700 5523/5076/5520
f 2941/271/2941 5526/5081/5523 697/5078/697
f 2941/271/2941 2996/301/2996 5526/5081/5523
f 2996/301/2996 752/5082/752 5526/5081/5523
f 1873/300/1873 5529/5088/5526 751/5085/751
f 1873/300/1873 2940/299/2940 5529/5088/5526
f 2940/299/2940 696/5066/696 5529/5088/5526
f 2939/268/2939 5532/5093/5529 695/5090/695
f 2939/268/2939 2994/297/2994 5532/5093/5529
f 2994/297/2994 750/5094/750 5532/5093/5529
f 2765/296/2765 5535/5100/5532 521/5097/521
f 2765/296/2765 2985/295/2985 5535/5100/5532
f 2985/295/2985 741/4550/741 5535/5100/5532
f 2766/293/2766 5538/5105/5535 522/5102/522
f 2766/293/2766 2976/292/2976 5538/5105/5535
f 2976/292/2976 732/4658/732 5538/5105/5535
f 2767/290/2767 5541/5110/5538 523/5107/523
f 2767/290/2767 2968/289/2968 5541/5110/5538
f 2968/289/2968 724/4754/724 5541/5110/5538
f 2768/287/2768 5544/5115/5541 524/5112/524
f 2768/287/2768 2961/286/2961 5544/5115/5541
f 2961/286/2961 717/4838/717 5544/5115/5541
f 2769/284/2769 5547/5120/5544 525/5117/525
f 2769/284/2769 2955/283/2955 5547/5120/5544
f 2955/283/2955 711/4910/711 5547/5120/5544
f 2770/281/2770 5550/5125/5547 526/5122/526
f 2770/281/2770 2950/280/2950 5550/5125/5547
f 2950/280/2950 706/4970/706 5550/5125/5547
f 2771/278/2771 5553/5130/5550 527/5127/527
f 2771/278/2771 2946/277/2946 5553/5130/5550
f 2946/277/2946 702/5018/702 5553/5130/5550
f 2772/275/2772 5556/5135/5553 528/5132/528
f 2772/275/2772 2943/274/2943 5556/5135/5553
f 2943/274/2943 699/5054/699 5556/5135/5553
f 2773/272/2773 5559/5140/5556 529/5137/529
f 2773/272/2773 2941/271/2941 5559/5140/5556
f 2941/271/2941 697/5078/697 5559/5140/5556
f 2653/269/2653 5562/5145/5559 409/5142/409
f 2653/269/2653 2939/268/2939 5562/5145/5559
f 2939/268/2939 695/5090/695 5562/5145/5559
f 1816/266/1816 5565/5150/5562 694/5147/694
f 1816/266/1816 1592/265/1592 5565/5150/5562
f 1592/265/1592 470/2222/470 5565/5150/5562
f 2819/225/2819 5568/5155/5565 575/5152/575
f 2819/225/2819 2937/263/2937 5568/5155/5565
f 2937/263/2937 693/5156/693 5568/5155/5565
f 1814/262/1814 5571/5162/5568 692/5159/692
f 1814/262/1814 1593/261/1593 5571/5162/5568
f 1593/261/1593 471/2217/471 5571/5162/5568
f 2828/221/2828 5574/5167/5571 584/5164/584
f 2828/221/2828 2935/259/2935 5574/5167/5571
f 2935/259/2935 691/5168/691 5574/5167/5571
f 1812/258/1812 5577/5174/5574 690/5171/690
f 1812/258/1812 1594/257/1594 5577/5174/5574
f 1594/257/1594 472/2212/472 5577/5174/5574
f 2827/217/2827 5580/5179/5577 583/5176/583
f 2827/217/2827 2933/255/2933 5580/5179/5577
f 2933/255/2933 689/5180/689 5580/5179/5577
f 1810/254/1810 5583/5186/5580 688/5183/688
f 1810/254/1810 1595/253/1595 5583/5186/5580
f 1595/253/1595 473/2207/473 5583/5186/5580
f 2826/213/2826 5586/5191/5583 582/5188/582
f 2826/213/2826 2931/251/2931 5586/5191/5583
f 2931/251/2931 687/5192/687 5586/5191/5583
f 1808/250/1808 5589/5198/5586 686/5195/686
f 1808/250/1808 1596/249/1596 5589/5198/5586
f 1596/249/1596 474/2202/474 5589/5198/5586
f 2825/209/2825 5592/5203/5589 581/5200/581
f 2825/209/2825 2929/247/2929 5592/5203/5589
f 2929/247/2929 685/5204/685 5592/5203/5589
f 1806/246/1806 5595/5210/5592 684/5207/684
f 1806/246/1806 1597/245/1597 5595/5210/5592
f 1597/245/1597 475/2197/475 5595/5210/5592
f 2824/205/2824 5598/5215/5595 580/5212/580
f 2824/205/2824 2927/243/2927 5598/5215/5595
f 2927/243/2927 683/5216/683 5598/5215/5595
f 1804/242/1804 5601/5222/5598 682/5219/682
f 1804/242/1804 1598/241/1598 5601/5222/5598
f 1598/241/1598 476/2192/476 5601/5222/5598
f 2823/201/2823 5604/5227/5601 579/5224/579
f 2823/201/2823 2925/239/2925 5604/5227/5601
f 2925/239/2925 681/5228/681 5604/5227/5601
f 1802/238/1802 5607/5234/5604 680/5231/680
f 1802/238/1802 1599/237/1599 5607/5234/5604
f 1599/237/1599 477/2187/477 5607/5234/5604
f 2822/197/2822 5610/5239/5607 578/5236/578
f 2822/197/2822 2923/235/2923 5610/5239/5607
f 2923/235/2923 679/5240/679 5610/5239/5607
f 1800/234/1800 5613/5246/5610 678/5243/678
f 1800/234/1800 1600/233/1600 5613/5246/5610
f 1600/233/1600 478/2182/478 5613/5246/5610
f 2821/193/2821 5616/5251/5613 577/5248/577
f 2821/193/2821 2921/231/2921 5616/5251/5613
f 2921/231/2921 677/5252/677 5616/5251/5613
f 1798/230/1798 5619/5258/5616 676/5255/676
f 1798/230/1798 1601/229/1601 5619/5258/5616
f 1601/229/1601 479/2177/479 5619/5258/5616
f 2820/45/2820 5622/5263/5619 576/5260/576
f 2820/45/2820 2919/227/2919 5622/5263/5619
f 2919/227/2919 675/5264/675 5622/5263/5619
f 1796/226/1796 5625/5270/5622 674/5267/674
f 1796/226/1796 2819/225/2819 5625/5270/5622
f 2819/225/2819 575/5152/575 5625/5270/5622
f 2810/189/2810 5628/5275/5625 566/5272/566
f 2810/189/2810 2917/223/2917 5628/5275/5625
f 2917/223/2917 673/5276/673 5628/5275/5625
f 1794/222/1794 5631/5282/5628 672/5279/672
f 1794/222/1794 2828/221/2828 5631/5282/5628
f 2828/221/2828 584/5164/584 5631/5282/5628
f 2818/185/2818 5634/5287/5631 574/5284/574
f 2818/185/2818 2915/219/2915 5634/5287/5631
f 2915/219/2915 671/5288/671 5634/5287/5631
f 1792/218/1792 5637/5294/5634 670/5291/670
f 1792/218/1792 2827/217/2827 5637/5294/5634
f 2827/217/2827 583/5176/583 5637/5294/5634
f 2817/181/2817 5640/5299/5637 573/5296/573
f 2817/181/2817 2913/215/2913 5640/5299/5637
f 2913/215/2913 669/5300/669 5640/5299/5637
f 1790/214/1790 5643/5306/5640 668/5303/668
f 1790/214/1790 2826/213/2826 5643/5306/5640
f 2826/213/2826 582/5188/582 5643/5306/5640
f 2816/177/2816 5646/5311/5643 572/5308/572
f 2816/177/2816 2911/211/2911 5646/5311/5643
f 2911/211/2911 667/5312/667 5646/5311/5643
f 1788/210/1788 5649/5318/5646 666/5315/666
f 1788/210/1788 2825/209/2825 5649/5318/5646
f 2825/209/2825 581/5200/581 5649/5318/5646
f 2815/173/2815 5652/5323/5649 571/5320/571
f 2815/173/2815 2909/207/2909 5652/5323/5649
f 2909/207/2909 665/5324/665 5652/5323/5649
f 1786/206/1786 5655/5330/5652 664/5327/664
f 1786/206/1786 2824/205/2824 5655/5330/5652
f 2824/205/2824 580/5212/580 5655/5330/5652
f 2814/169/2814 5658/5335/5655 570/5332/570
f 2814/169/2814 2907/203/2907 5658/5335/5655
f 2907/203/2907 663/5336/663 5658/5335/5655
f 1784/202/1784 5661/5342/5658 662/5339/662
f 1784/202/1784 2823/201/2823 5661/5342/5658
f 2823/201/2823 579/5224/579 5661/5342/5658
f 2813/165/2813 5664/5347/5661 569/5344/569
f 2813/165/2813 2905/199/2905 5664/5347/5661
f 2905/199/2905 661/5348/661 5664/5347/5661
f 1782/198/1782 5667/5354/5664 660/5351/660
f 1782/198/1782 2822/197/2822 5667/5354/5664
f 2822/197/2822 578/5236/578 5667/5354/5664
f 2812/161/2812 5670/5359/5667 568/5356/568
f 2812/161/2812 2903/195/2903 5670/5359/5667
f 2903/195/2903 659/5360/659 5670/5359/5667
f 1780/194/1780 5673/5366/5670 658/5363/658
f 1780/194/1780 2821/193/2821 5673/5366/5670
f 2821/193/2821 577/5248/577 5673/5366/5670
f 2811/42/2811 5676/5371/5673 567/5368/567
f 2811/42/2811 2901/191/2901 5676/5371/5673
f 2901/191/2901 657/5372/657 5676/5371/5673
f 1778/190/1778 5679/5378/5676 656/5375/656
f 1778/190/1778 2810/189/2810 5679/5378/5676
f 2810/189/2810 566/5272/566 5679/5378/5676
f 2802/157/2802 5682/5383/5679 558/5380/558
f 2802/157/2802 2899/187/2899 5682/5383/5679
f 2899/187/2899 655/5384/655 5682/5383/5679
f 1776/186/1776 5685/5390/5682 654/5387/654
f 1776/186/1776 2818/185/2818 5685/5390/5682
f 2818/185/2818 574/5284/574 5685/5390/5682
f 2809/153/2809 5688/5395/5685 565/5392/565
f 2809/153/2809 2897/183/2897 5688/5395/5685
f 2897/183/2897 653/5396/653 5688/5395/5685
f 1774/182/1774 5691/5402/5688 652/5399/652
f 1774/182/1774 2817/181/2817 5691/5402/5688
f 2817/181/2817 573/5296/573 5691/5402/5688
f 2808/149/2808 5694/5407/5691 564/5404/564
f 2808/149/2808 2895/179/2895 5694/5407/5691
f 2895/179/2895 651/5408/651 5694/5407/5691
f 1772/178/1772 5697/5414/5694 650/5411/650
f 1772/178/1772 2816/177/2816 5697/5414/5694
f 2816/177/2816 572/5308/572 5697/5414/5694
f 2807/145/2807 5700/5419/5697 563/5416/563
f 2807/145/2807 2893/175/2893 5700/5419/5697
f 2893/175/2893 649/5420/649 5700/5419/5697
f 1770/174/1770 5703/5426/5700 648/5423/648
f 1770/174/1770 2815/173/2815 5703/5426/5700
f 2815/173/2815 571/5320/571 5703/5426/5700
f 2806/141/2806 5706/5431/5703 562/5428/562
f 2806/141/2806 2891/171/2891 5706/5431/5703
f 2891/171/2891 647/5432/647 5706/5431/5703
f 1768/170/1768 5709/5438/5706 646/5435/646
f 1768/170/1768 2814/169/2814 5709/5438/5706
f 2814/169/2814 570/5332/570 5709/5438/5706
f 2805/137/2805 5712/5443/5709 561/5440/561
f 2805/137/2805 2889/167/2889 5712/5443/5709
f 2889/167/2889 645/5444/645 5712/5443/5709
f 1766/166/1766 5715/5450/5712 644/5447/644
f 1766/166/1766 2813/165/2813 5715/5450/5712
f 2813/165/2813 569/5344/569 5715/5450/5712
f 2804/133/2804 5718/5455/5715 560/5452/560
f 2804/133/2804 2887/163/2887 5718/5455/5715
f 2887/163/2887 643/5456/643 5718/5455/5715
f 1764/162/1764 5721/5462/5718 642/5459/642
f 1764/162/1764 2812/161/2812 5721/5462/5718
f 2812/161/2812 568/5356/568 5721/5462/5718
f 2803/39/2803 5724/5467/5721 559/5464/559
f 2803/39/2803 2885/159/2885 5724/5467/5721
f 2885/159/2885 641/5468/641 5724/5467/5721
f 1762/158/1762 5727/5474/5724 640/5471/640
f 1762/158/1762 2802/157/2802 5727/5474/5724
f 2802/157/2802 558/5380/558 5727/5474/5724
f 2795/129/2795 5730/5479/5727 551/5476/551
f 2795/129/2795 2883/155/2883 5730/5479/5727
f 2883/155/2883 639/5480/639 5730/5479/5727
f 1760/154/1760 5733/5486/5730 638/5483/638
f 1760/154/1760 2809/153/2809 5733/5486/5730
f 2809/153/2809 565/5392/565 5733/5486/5730
f 2801/125/2801 5736/5491/5733 557/5488/557
f 2801/125/2801 2881/151/2881 5736/5491/5733
f 2881/151/2881 637/5492/637 5736/5491/5733
f 1758/150/1758 5739/5498/5736 636/5495/636
f 1758/150/1758 2808/149/2808 5739/5498/5736
f 2808/149/2808 564/5404/564 5739/5498/5736
f 2800/121/2800 5742/5503/5739 556/5500/556
f 2800/121/2800 2879/147/2879 5742/5503/5739
f 2879/147/2879 635/5504/635 5742/5503/5739
f 1756/146/1756 5745/5510/5742 634/5507/634
f 1756/146/1756 2807/145/2807 5745/5510/5742
f 2807/145/2807 563/5416/563 5745/5510/5742
f 2799/117/2799 5748/5515/5745 555/5512/555
f 2799/117/2799 2877/143/2877 5748/5515/5745
f 2877/143/2877 633/5516/633 5748/5515/5745
f 1754/142/1754 5751/5522/5748 632/5519/632
f 1754/142/1754 2806/141/2806 5751/5522/5748
f 2806/141/2806 562/5428/562 5751/5522/5748
f 2798/113/2798 5754/5527/5751 554/5524/554
f 2798/113/2798 2875/139/2875 5754/5527/5751
f 2875/139/2875 631/5528/631 5754/5527/5751
f 1752/138/1752 5757/5534/5754 630/5531/630
f 1752/138/1752 2805/137/2805 5757/5534/5754
f 2805/137/2805 561/5440/561 5757/5534/5754
f 2797/109/2797 5760/5539/5757 553/5536/553
f 2797/109/2797 2873/135/2873 5760/5539/5757
f 2873/135/2873 629/5540/629 5760/5539/5757
f 1750/134/1750 5763/5546/5760 628/5543/628
f 1750/134/1750 2804/133/2804 5763/5546/5760
f 2804/133/2804 560/5452/560 5763/5546/5760
f 2796/36/2796 5766/5551/5763 552/5548/552
f 2796/36/2796 2871/131/2871 5766/5551/5763
f 2871/131/2871 627/5552/627 5766/5551/5763
f 1748/130/1748 5769/5558/5766 626/5555/626
f 1748/130/1748 2795/129/2795 5769/5558/5766
f 2795/129/2795 551/5476/551 5769/5558/5766
f 2789/105/2789 5772/5563/5769 545/5560/545
f 2789/105/2789 2869/127/2869 5772/5563/5769
f 2869/127/2869 625/5564/625 5772/5563/5769
f 1746/126/1746 5775/5570/5772 624/5567/624
f 1746/126/1746 2801/125/2801 5775/5570/5772
f 2801/125/2801 557/5488/557 5775/5570/5772
f 2794/101/2794 5778/5575/5775 550/5572/550
f 2794/101/2794 2867/123/2867 5778/5575/5775
f 2867/123/2867 623/5576/623 5778/5575/5775
f 1744/122/1744 5781/5582/5778 622/5579/622
f 1744/122/1744 2800/121/2800 5781/5582/5778
f 2800/121/2800 556/5500/556 5781/5582/5778
f 2793/97/2793 5784/5587/5781 549/5584/549
f 2793/97/2793 2865/119/2865 5784/5587/5781
f 2865/119/2865 621/5588/621 5784/5587/5781
f 1742/118/1742 5787/5594/5784 620/5591/620
f 1742/118/1742 2799/117/2799 5787/5594/5784
f 2799/117/2799 555/5512/555 5787/5594/5784
f 2792/93/2792 5790/5599/5787 548/5596/548
f 2792/93/2792 2863/115/2863 5790/5599/5787
f 2863/115/2863 619/5600/619 5790/5599/5787
f 1740/114/1740 5793/5606/5790 618/5603/618
f 1740/114/1740 2798/113/2798 5793/5606/5790
f 2798/113/2798 554/5524/554 5793/5606/5790
f 2791/89/2791 5796/5611/5793 547/5608/547
f 2791/89/2791 2861/111/2861 5796/5611/5793
f 2861/111/2861 617/5612/617 5796/5611/5793
f 1738/110/1738 5799/5618/5796 616/5615/616
f 1738/110/1738 2797/109/2797 5799/5618/5796
f 2797/109/2797 553/5536/553 5799/5618/5796
f 2790/33/2790 5802/5623/5799 546/5620/546
f 2790/33/2790 2859/107/2859 5802/5623/5799
f 2859/107/2859 615/5624/615 5802/5623/5799
f 1736/106/1736 5805/5630/5802 614/5627/614
f 1736/106/1736 2789/105/2789 5805/5630/5802
f 2789/105/2789 545/5560/545 5805/5630/5802
f 2784/85/2784 5808/5635/5805 540/5632/540
f 2784/85/2784 2857/103/2857 5808/5635/5805
f 2857/103/2857 613/5636/613 5808/5635/5805
f 1734/102/1734 5811/5642/5808 612/5639/612
f 1734/102/1734 2794/101/2794 5811/5642/5808
f 2794/101/2794 550/5572/550 5811/5642/5808
f 2788/81/2788 5814/5647/5811 544/5644/544
f 2788/81/2788 2855/99/2855 5814/5647/5811
f 2855/99/2855 611/5648/611 5814/5647/5811
f 1732/98/1732 5817/5654/5814 610/5651/610
f 1732/98/1732 2793/97/2793 5817/5654/5814
f 2793/97/2793 549/5584/549 5817/5654/5814
f 2787/77/2787 5820/5659/5817 543/5656/543
f 2787/77/2787 2853/95/2853 5820/5659/5817
f 2853/95/2853 609/5660/609 5820/5659/5817
f 1730/94/1730 5823/5666/5820 608/5663/608
f 1730/94/1730 2792/93/2792 5823/5666/5820
f 2792/93/2792 548/5596/548 5823/5666/5820
f 2786/73/2786 5826/5671/5823 542/5668/542
f 2786/73/2786 2851/91/2851 5826/5671/5823
f 2851/91/2851 607/5672/607 5826/5671/5823
f 1728/90/1728 5829/5678/5826 606/5675/606
f 1728/90/1728 2791/89/2791 5829/5678/5826
f 2791/89/2791 547/5608/547 5829/5678/5826
f 2785/30/2785 5832/5683/5828 541/5680/541
f 2785/30/2785 2849/87/2849 5832/5683/5828
f 2849/87/2849 605/5684/605 5832/5683/5828
f 1726/86/1726 5835/5690/5831 604/5687/604
f 1726/86/1726 2784/85/2784 5835/5690/5831
f 2784/85/2784 540/5632/540 5835/5690/5831
f 2780/69/2780 5838/5695/5834 536/5692/536
f 2780/69/2780 2847/83/2847 5838/5695/5834
f 2847/83/2847 603/5696/603 5838/5695/5834
f 1724/82/1724 5841/5702/5837 602/5699/602
f 1724/82/1724 2788/81/2788 5841/5702/5837
f 2788/81/2788 544/5644/544 5841/5702/5837
f 2783/65/2783 5844/5707/5840 539/5704/539
f 2783/65/2783 2845/79/2845 5844/5707/5840
f 2845/79/2845 601/5708/601 5844/5707/5840
f 1722/78/1722 5847/5714/5843 600/5711/600
f 1722/78/1722 2787/77/2787 5847/5714/5843
f 2787/77/2787 543/5656/543 5847/5714/5843
f 2782/61/2782 5850/5719/5846 538/5716/538
f 2782/61/2782 2843/75/2843 5850/5719/5846
f 2843/75/2843 599/5720/599 5850/5719/5846
f 1720/74/1720 5853/5726/5849 598/5723/598
f 1720/74/1720 2786/73/2786 5853/5726/5849
f 2786/73/2786 542/5668/542 5853/5726/5849
f 2781/27/2781 5856/5731/5852 537/5728/537
f 2781/27/2781 2841/71/2841 5856/5731/5852
f 2841/71/2841 597/5732/597 5856/5731/5852
f 1718/70/1718 5859/5738/5855 596/5735/596
f 1718/70/1718 2780/69/2780 5859/5738/5855
f 2780/69/2780 536/5692/536 5859/5738/5855
f 2777/57/2777 5862/5743/5858 533/5740/533
f 2777/57/2777 2839/67/2839 5862/5743/5858
f 2839/67/2839 595/5744/595 5862/5743/5858
f 1716/66/1716 5865/5750/5861 594/5747/594
f 1716/66/1716 2783/65/2783 5865/5750/5861
f 2783/65/2783 539/5704/539 5865/5750/5861
f 2779/53/2779 5868/5755/5864 535/5752/535
f 2779/53/2779 2837/63/2837 5868/5755/5864
f 2837/63/2837 593/5756/593 5868/5755/5864
f 1714/62/1714 5871/5762/5867 592/5759/592
f 1714/62/1714 2782/61/2782 5871/5762/5867
f 2782/61/2782 538/5716/538 5871/5762/5867
f 2778/24/2778 5874/5767/5870 534/5764/534
f 2778/24/2778 2835/59/2835 5874/5767/5870
f 2835/59/2835 591/5768/591 5874/5767/5870
f 1712/58/1712 5877/5774/5873 590/5771/590
f 1712/58/1712 2777/57/2777 5877/5774/5873
f 2777/57/2777 533/5740/533 5877/5774/5873
f 2775/49/2775 5880/5779/5876 531/5776/531
f 2775/49/2775 2833/55/2833 5880/5779/5876
f 2833/55/2833 589/5780/589 5880/5779/5876
f 1710/54/1710 5883/5786/5879 588/5783/588
f 1710/54/1710 2779/53/2779 5883/5786/5879
f 2779/53/2779 535/5752/535 5883/5786/5879
f 2776/21/2776 5886/5791/5882 532/5788/532
f 2776/21/2776 2831/51/2831 5886/5791/5882
f 2831/51/2831 587/5792/587 5886/5791/5882
f 1708/50/1708 5889/5798/5885 586/5795/586
f 1708/50/1708 2775/49/2775 5889/5798/5885
f 2775/49/2775 531/5776/531 5889/5798/5885
f 2774/18/2774 5892/5803/5888 530/5800/530
f 2774/18/2774 2829/47/2829 5892/5803/5888
f 2829/47/2829 585/5804/585 5892/5803/5888
f 2695/46/2695 5895/5810/5891 451/5807/451
f 2695/46/2695 2820/45/2820 5895/5810/5891
f 2820/45/2820 576/5260/576 5895/5810/5891
f 2696/43/2696 5898/5815/5894 452/5812/452
f 2696/43/2696 2811/42/2811 5898/5815/5894
f 2811/42/2811 567/5368/567 5898/5815/5894
f 2697/40/2697 5901/5820/5897 453/5817/453
f 2697/40/2697 2803/39/2803 5901/5820/5897
f 2803/39/2803 559/5464/559 5901/5820/5897
f 2698/37/2698 5904/5825/5900 454/5822/454
f 2698/37/2698 2796/36/2796 5904/5825/5900
f 2796/36/2796 552/5548/552 5904/5825/5900
f 2699/34/2699 5907/5830/5903 455/5827/455
f 2699/34/2699 2790/33/2790 5907/5830/5903
f 2790/33/2790 546/5620/546 5907/5830/5903
f 2700/31/2700 5910/5835/5906 456/5832/456
f 2700/31/2700 2785/30/2785 5910/5835/5906
f 2785/30/2785 541/5680/541 5910/5835/5906
f 2701/28/2701 5913/5840/5909 457/5837/457
f 2701/28/2701 2781/27/2781 5913/5840/5909
f 2781/27/2781 537/5728/537 5913/5840/5909
f 2702/25/2702 5916/5845/5912 458/5842/458
f 2702/25/2702 2778/24/2778 5916/5845/5912
f 2778/24/2778 534/5764/534 5916/5845/5912
f 2703/22/2703 5919/5850/5914 459/5847/459
f 2703/22/2703 2776/21/2776 5919/5850/5914
f 2776/21/2776 532/5788/532 5919/5850/5914
f 2646/19/2646 5922/5855/5917 402/5852/402
f 2646/19/2646 2774/18/2774 5922/5855/5917
f 2774/18/2774 530/5800/530 5922/5855/5917
f 2694/16/2694 5925/5860/5920 450/5857/450
f 2694/16/2694 1526/3/1526 5925/5860/5920
f 1526/3/1526 404/5861/404 5925/5860/5920
f 2764/15/2764 5928/5867/5923 520/5864/520
f 2764/15/2764 1523/14/1523 5928/5867/5923
f 1523/14/1523 401/5868/401 5928/5867/5923
f 2724/12/2724 5931/5874/5926 480/5871/480
f 2724/12/2724 1522/11/1522 5931/5874/5926
f 1522/11/1522 400/5875/400 5931/5874/5926
f 2734/9/2734 5934/5881/5929 490/5878/490
f 2734/9/2734 1521/8/1521 5934/5881/5929
f 1521/8/1521 399/5882/399 5934/5881/5929
f 2744/6/2744 5937/5888/5932 500/5885/500
f 2744/6/2744 1520/5/1520 5937/5888/5932
f 1520/5/1520 398/5889/398 5937/5888/5932
f 1526/3/1526 5940/5893/5935 404/5861/404
f 1526/3/1526 1525/2/1525 5940/5893/5935
f 1525/2/1525 403/5894/403 5940/5893/5935
