# Blender 4.3.2
# www.blender.org
mtllib untitled.mtl
o Plains_sea_city
v -0.430000 0.030000 0.030039
v -0.470000 0.030000 0.030039
v -0.470000 0.070000 0.030039
v -0.430000 0.070000 0.030039
v -0.470000 0.030000 -0.054781
v -0.430000 0.030000 -0.054781
v -0.470000 0.070000 -0.054781
v -0.430000 0.070000 -0.054781
v 0.220000 0.630000 0.038680
v 0.180000 0.630000 0.038680
v 0.180000 0.670000 0.038680
v 0.220000 0.670000 0.038680
v 0.180000 0.630000 -0.046140
v 0.220000 0.630000 -0.046140
v 0.180000 0.670000 -0.046140
v 0.220000 0.670000 -0.046140
v 0.170000 -0.330000 -0.026407
v 0.166581 -0.339597 0.028407
v 0.170000 -0.370000 -0.026407
v 0.166581 -0.360403 0.028407
v 0.130000 -0.330000 -0.026407
v 0.133419 -0.339597 0.028407
v 0.130000 -0.370000 -0.026407
v 0.133419 -0.360403 0.028407
v 0.170000 -0.330000 0.013843
v 0.170000 -0.370000 0.013843
v 0.130000 -0.370000 0.013843
v 0.130000 -0.330000 0.013843
v 0.151918 -0.370000 0.003869
v -0.470000 -0.130000 0.038099
v -0.430000 -0.130000 0.038099
v -0.430000 -0.170000 0.038099
v -0.470000 -0.170000 0.038099
v -0.430000 -0.130000 -0.046721
v -0.470000 -0.130000 -0.046721
v -0.430000 -0.170000 -0.046721
v -0.470000 -0.170000 -0.046721
v -0.280000 -0.030000 -0.034209
v -0.283419 -0.039597 0.020605
v -0.280000 -0.070000 -0.034209
v -0.283419 -0.060403 0.020605
v -0.320000 -0.030000 -0.034209
v -0.316581 -0.039597 0.020605
v -0.320000 -0.070000 -0.034209
v -0.316581 -0.060403 0.020605
v -0.280000 -0.030000 0.006041
v -0.280000 -0.070000 0.006041
v -0.320000 -0.070000 0.006041
v -0.320000 -0.030000 0.006041
v -0.286576 -0.070000 -0.003933
v -0.286576 -0.030000 -0.003933
v -0.320000 -0.051918 -0.003933
v 0.770000 -0.270000 0.056221
v 0.730000 -0.270000 0.056221
v 0.730000 -0.230000 0.056221
v 0.770000 -0.230000 0.056221
v 0.730000 -0.270000 -0.028598
v 0.770000 -0.270000 -0.028598
v 0.730000 -0.230000 -0.028598
v 0.770000 -0.230000 -0.028598
v 0.380000 0.480000 0.039517
v 0.380000 0.520000 0.039517
v 0.420000 0.520000 0.039517
v 0.420000 0.480000 0.039517
v 0.380000 0.520000 -0.045303
v 0.380000 0.480000 -0.045303
v 0.420000 0.520000 -0.045303
v 0.420000 0.480000 -0.045303
v 0.420000 0.230000 0.015543
v 0.380000 0.230000 0.015543
v 0.380000 0.270000 0.015543
v 0.420000 0.270000 0.015543
v 0.380000 0.230000 -0.069277
v 0.420000 0.230000 -0.069277
v 0.380000 0.270000 -0.069277
v 0.420000 0.270000 -0.069277
v 0.070000 0.620000 0.036152
v 0.070000 0.580000 0.036152
v 0.030000 0.580000 0.036152
v 0.030000 0.620000 0.036152
v 0.070000 0.580000 -0.048668
v 0.070000 0.620000 -0.048668
v 0.030000 0.580000 -0.048668
v 0.030000 0.620000 -0.048668
v -0.720000 -0.520000 0.035541
v -0.720000 -0.480000 0.035541
v -0.680000 -0.480000 0.035541
v -0.680000 -0.520000 0.035541
v -0.720000 -0.480000 -0.049279
v -0.720000 -0.520000 -0.049279
v -0.680000 -0.480000 -0.049279
v -0.680000 -0.520000 -0.049279
v -0.330000 0.380000 0.036530
v -0.370000 0.380000 0.036530
v -0.370000 0.420000 0.036530
v -0.330000 0.420000 0.036530
v -0.370000 0.380000 -0.048290
v -0.330000 0.380000 -0.048290
v -0.370000 0.420000 -0.048290
v -0.330000 0.420000 -0.048290
v 0.070000 0.530000 -0.029406
v 0.060403 0.533419 0.025409
v 0.030000 0.530000 -0.029406
v 0.039597 0.533419 0.025409
v 0.070000 0.570000 -0.029406
v 0.060403 0.566581 0.025409
v 0.030000 0.570000 -0.029406
v 0.039597 0.566581 0.025409
v 0.070000 0.530000 0.010844
v 0.030000 0.530000 0.010844
v 0.030000 0.570000 0.010844
v 0.070000 0.570000 0.010844
v 0.030000 0.555753 0.000871
v 0.059589 0.570000 0.000871
v 0.380000 0.530000 -0.031935
v 0.383419 0.539597 0.022879
v 0.380000 0.570000 -0.031935
v 0.383419 0.560403 0.022879
v 0.420000 0.530000 -0.031935
v 0.416581 0.539597 0.022879
v 0.420000 0.570000 -0.031935
v 0.416581 0.560403 0.022879
v 0.380000 0.530000 0.008314
v 0.380000 0.570000 0.008314
v 0.420000 0.530000 0.008314
v 0.413424 0.570000 -0.001659
v -0.080000 0.030000 -0.048285
v -0.089597 0.033419 0.006529
v -0.120000 0.030000 -0.048285
v -0.110403 0.033419 0.006529
v -0.080000 0.070000 -0.048285
v -0.089597 0.066581 0.006529
v -0.120000 0.070000 -0.048285
v -0.110403 0.066581 0.006529
v -0.080000 0.030000 -0.008035
v -0.120000 0.030000 -0.008035
v -0.120000 0.070000 -0.008035
v -0.080000 0.070000 -0.008035
v -0.120000 0.036576 -0.018009
v -0.080000 0.055753 -0.018009
v 0.130000 0.020000 0.025593
v 0.170000 0.020000 0.025593
v 0.170000 -0.020000 0.025593
v 0.130000 -0.020000 0.025593
v 0.170000 0.020000 -0.059227
v 0.130000 0.020000 -0.059227
v 0.170000 -0.020000 -0.059227
v 0.130000 -0.020000 -0.059227
v 0.620000 0.130000 -0.044003
v 0.610403 0.133419 0.010812
v 0.580000 0.130000 -0.044003
v 0.589597 0.133419 0.010812
v 0.620000 0.170000 -0.044003
v 0.610403 0.166581 0.010812
v 0.580000 0.170000 -0.044003
v 0.589597 0.166581 0.010812
v 0.620000 0.130000 -0.003753
v 0.580000 0.130000 -0.003753
v 0.580000 0.170000 -0.003753
v 0.620000 0.170000 -0.003753
v 0.580000 0.144247 -0.013726
v 0.601918 0.170000 -0.007395
v 0.170000 -0.330000 -0.023492
v 0.166581 -0.339597 0.031322
v 0.170000 -0.370000 -0.023492
v 0.166581 -0.360403 0.031322
v 0.130000 -0.330000 -0.023492
v 0.133419 -0.339597 0.031322
v 0.130000 -0.370000 -0.023492
v 0.133419 -0.360403 0.031322
v 0.170000 -0.370000 0.016758
v 0.130000 -0.370000 0.016758
v 0.170000 -0.363424 0.006784
v 0.170000 -0.348082 0.006784
v 0.380000 -0.630000 0.023348
v 0.420000 -0.630000 0.023348
v 0.420000 -0.670000 0.023348
v 0.380000 -0.670000 0.023348
v 0.420000 -0.630000 -0.061472
v 0.380000 -0.630000 -0.061472
v 0.420000 -0.670000 -0.061472
v 0.380000 -0.670000 -0.061472
v -0.130000 0.680000 -0.020787
v -0.139597 0.683419 0.034027
v -0.170000 0.680000 -0.020787
v -0.160403 0.683419 0.034027
v -0.130000 0.720000 -0.020787
v -0.139597 0.716581 0.034027
v -0.170000 0.720000 -0.020787
v -0.160403 0.716581 0.034027
v -0.130000 0.680000 0.019463
v -0.170000 0.680000 0.019463
v -0.170000 0.720000 0.019463
v -0.130000 0.720000 0.019463
v 0.270000 0.570000 -0.033768
v 0.266581 0.560403 0.021046
v 0.270000 0.530000 -0.033768
v 0.266581 0.539597 0.021046
v 0.230000 0.570000 -0.033768
v 0.233419 0.560403 0.021046
v 0.230000 0.530000 -0.033768
v 0.233419 0.539597 0.021046
v 0.270000 0.570000 0.006481
v 0.270000 0.530000 0.006481
v 0.230000 0.530000 0.006481
v 0.263424 0.530000 -0.003492
v 0.244247 0.570000 0.002840
v -0.130000 0.070000 0.026060
v -0.130000 0.030000 0.026060
v -0.170000 0.030000 0.026060
v -0.170000 0.070000 0.026060
v -0.130000 0.030000 -0.058759
v -0.130000 0.070000 -0.058759
v -0.170000 0.030000 -0.058759
v -0.170000 0.070000 -0.058759
v -0.670000 0.330000 -0.044189
v -0.666581 0.339597 0.010625
v -0.670000 0.370000 -0.044189
v -0.666581 0.360403 0.010625
v -0.630000 0.330000 -0.044189
v -0.633419 0.339597 0.010625
v -0.630000 0.370000 -0.044189
v -0.633419 0.360403 0.010625
v -0.670000 0.330000 -0.003940
v -0.670000 0.370000 -0.003940
v -0.630000 0.370000 -0.003940
v -0.636576 0.330000 -0.013913
v -0.648082 0.330000 -0.013913
v -0.280000 0.070000 -0.029893
v -0.283419 0.060403 0.024921
v -0.280000 0.030000 -0.029893
v -0.283419 0.039597 0.024921
v -0.320000 0.070000 -0.029893
v -0.316581 0.060403 0.024921
v -0.320000 0.030000 -0.029893
v -0.316581 0.039597 0.024921
v -0.320000 0.070000 0.010356
v 0.030000 -0.020000 -0.043975
v 0.033419 -0.010403 0.010839
v 0.030000 0.020000 -0.043975
v 0.033419 0.010403 0.010839
v 0.070000 -0.020000 -0.043975
v 0.066581 -0.010403 0.010839
v 0.070000 0.020000 -0.043975
v 0.066581 0.010403 0.010839
v 0.030000 -0.020000 -0.003726
v 0.070000 -0.020000 -0.003726
v 0.070000 -0.005753 -0.013699
v 0.070000 0.001918 -0.007367
v 0.070000 -0.001918 -0.007367
v 0.280000 -0.270000 -0.013456
v 0.283419 -0.260403 0.041358
v 0.280000 -0.230000 -0.013456
v 0.283419 -0.239597 0.041358
v 0.320000 -0.270000 -0.013456
v 0.316581 -0.260403 0.041358
v 0.320000 -0.230000 -0.013456
v 0.316581 -0.239597 0.041358
v 0.280000 -0.230000 0.026794
v 0.320000 -0.230000 0.026794
v 0.320000 -0.270000 0.026794
v -0.720000 -0.130000 -0.043175
v -0.710403 -0.133419 0.011639
v -0.680000 -0.130000 -0.043175
v -0.689597 -0.133419 0.011639
v -0.720000 -0.170000 -0.043175
v -0.710403 -0.166581 0.011639
v -0.680000 -0.170000 -0.043175
v -0.689597 -0.166581 0.011639
v -0.720000 -0.130000 -0.002925
v -0.680000 -0.130000 -0.002925
v -0.680000 -0.170000 -0.002925
v -0.720000 -0.170000 -0.002925
v 0.420000 0.120000 -0.049909
v 0.416581 0.110403 0.004905
v 0.420000 0.080000 -0.049909
v 0.416581 0.089597 0.004905
v 0.380000 0.120000 -0.049909
v 0.383419 0.110403 0.004905
v 0.380000 0.080000 -0.049909
v 0.383419 0.089597 0.004905
v 0.420000 0.120000 -0.009660
v 0.420000 0.080000 -0.009660
v 0.380000 0.080000 -0.009660
v 0.630000 0.280000 0.035930
v 0.630000 0.320000 0.035930
v 0.670000 0.320000 0.035930
v 0.670000 0.280000 0.035930
v 0.630000 0.320000 -0.048890
v 0.630000 0.280000 -0.048890
v 0.670000 0.320000 -0.048890
v 0.670000 0.280000 -0.048890
v 0.620000 0.280000 0.032411
v 0.580000 0.280000 0.032411
v 0.580000 0.320000 0.032411
v 0.620000 0.320000 0.032411
v 0.580000 0.280000 -0.052408
v 0.620000 0.280000 -0.052408
v 0.580000 0.320000 -0.052408
v 0.620000 0.320000 -0.052408
v -0.180000 0.020000 0.031042
v -0.180000 -0.020000 0.031042
v -0.220000 -0.020000 0.031042
v -0.220000 0.020000 0.031042
v -0.180000 -0.020000 -0.053778
v -0.180000 0.020000 -0.053778
v -0.220000 -0.020000 -0.053778
v -0.220000 0.020000 -0.053778
v -0.080000 0.820000 0.049108
v -0.080000 0.780000 0.049108
v -0.120000 0.780000 0.049108
v -0.120000 0.820000 0.049108
v -0.080000 0.780000 -0.035712
v -0.080000 0.820000 -0.035712
v -0.120000 0.780000 -0.035712
v -0.120000 0.820000 -0.035712
v 0.330000 0.030000 -0.043035
v 0.333419 0.039597 0.011779
v 0.330000 0.070000 -0.043035
v 0.333419 0.060403 0.011779
v 0.370000 0.030000 -0.043035
v 0.366581 0.039597 0.011779
v 0.370000 0.070000 -0.043035
v 0.366581 0.060403 0.011779
v 0.330000 0.030000 -0.002786
v 0.330000 0.070000 -0.002786
v 0.370000 0.070000 -0.002786
v 0.370000 0.030000 -0.002786
v 0.330000 0.051918 -0.006427
v -0.680000 0.370000 0.026806
v -0.680000 0.330000 0.026806
v -0.720000 0.330000 0.026806
v -0.720000 0.370000 0.026806
v -0.680000 0.330000 -0.058014
v -0.680000 0.370000 -0.058014
v -0.720000 0.330000 -0.058014
v -0.720000 0.370000 -0.058014
v -0.170000 0.030000 -0.046453
v -0.166581 0.039597 0.008361
v -0.170000 0.070000 -0.046453
v -0.166581 0.060403 0.008361
v -0.130000 0.030000 -0.046453
v -0.133419 0.039597 0.008361
v -0.130000 0.070000 -0.046453
v -0.133419 0.060403 0.008361
v -0.170000 0.030000 -0.006203
v -0.170000 0.070000 -0.006203
v -0.130000 0.070000 -0.006203
v -0.130000 0.030000 -0.006203
v 0.130000 0.720000 -0.031846
v 0.139597 0.716581 0.022968
v 0.170000 0.720000 -0.031846
v 0.160403 0.716581 0.022968
v 0.130000 0.680000 -0.031846
v 0.139597 0.683419 0.022968
v 0.170000 0.680000 -0.031846
v 0.160403 0.683419 0.022968
v 0.130000 0.720000 0.008403
v 0.170000 0.680000 0.008403
v 0.170000 0.713424 0.004762
v -0.020000 -0.070000 -0.039959
v -0.016581 -0.060403 0.014856
v -0.020000 -0.030000 -0.039959
v -0.016581 -0.039597 0.014856
v 0.020000 -0.070000 -0.039959
v 0.016581 -0.060403 0.014856
v 0.020000 -0.030000 -0.039959
v 0.016581 -0.039597 0.014856
v -0.020000 -0.070000 0.000291
v -0.020000 -0.030000 0.000291
v 0.020000 -0.030000 0.000291
v 0.020000 -0.070000 0.000291
v -0.020000 0.480000 0.039123
v -0.020000 0.520000 0.039123
v 0.020000 0.520000 0.039123
v 0.020000 0.480000 0.039123
v -0.020000 0.520000 -0.045697
v -0.020000 0.480000 -0.045697
v 0.020000 0.520000 -0.045697
v 0.020000 0.480000 -0.045697
v -0.170000 0.380000 -0.043132
v -0.166581 0.389597 0.011682
v -0.170000 0.420000 -0.043132
v -0.166581 0.410403 0.011682
v -0.130000 0.380000 -0.043132
v -0.133419 0.389597 0.011682
v -0.130000 0.420000 -0.043132
v -0.133419 0.410403 0.011682
v -0.170000 0.380000 -0.002883
v -0.170000 0.420000 -0.002883
v -0.130000 0.420000 -0.002883
v -0.130000 0.380000 -0.002883
v -0.151918 0.380000 -0.012856
v -0.148082 0.380000 -0.012856
v 0.020000 -0.530000 0.027758
v 0.020000 -0.570000 0.027758
v -0.020000 -0.570000 0.027758
v -0.020000 -0.530000 0.027758
v 0.020000 -0.570000 -0.057062
v 0.020000 -0.530000 -0.057062
v -0.020000 -0.570000 -0.057062
v -0.020000 -0.530000 -0.057062
v 0.330000 0.320000 -0.052171
v 0.339597 0.316581 0.002643
v 0.370000 0.320000 -0.052171
v 0.360403 0.316581 0.002643
v 0.330000 0.280000 -0.052171
v 0.339597 0.283419 0.002643
v 0.370000 0.280000 -0.052171
v 0.360403 0.283419 0.002643
v 0.330000 0.320000 -0.011921
v 0.370000 0.320000 -0.011921
v 0.370000 0.280000 -0.011921
v 0.330000 0.280000 -0.011921
v 0.348082 0.320000 -0.021895
v 0.080000 0.670000 0.036232
v 0.120000 0.670000 0.036232
v 0.120000 0.630000 0.036232
v 0.080000 0.630000 0.036232
v 0.120000 0.670000 -0.048588
v 0.080000 0.670000 -0.048588
v 0.120000 0.630000 -0.048588
v 0.080000 0.630000 -0.048588
v 0.570000 0.170000 0.024690
v 0.570000 0.130000 0.024690
v 0.530000 0.130000 0.024690
v 0.530000 0.170000 0.024690
v 0.570000 0.130000 -0.060130
v 0.570000 0.170000 -0.060130
v 0.530000 0.130000 -0.060130
v 0.530000 0.170000 -0.060130
v 0.070000 -0.270000 0.050609
v 0.030000 -0.270000 0.050609
v 0.030000 -0.230000 0.050609
v 0.070000 -0.230000 0.050609
v 0.030000 -0.270000 -0.034211
v 0.070000 -0.270000 -0.034211
v 0.030000 -0.230000 -0.034211
v 0.070000 -0.230000 -0.034211
v -0.330000 0.220000 0.032607
v -0.330000 0.180000 0.032607
v -0.370000 0.180000 0.032607
v -0.370000 0.220000 0.032607
v -0.330000 0.180000 -0.052212
v -0.330000 0.220000 -0.052212
v -0.370000 0.180000 -0.052212
v -0.370000 0.220000 -0.052212
v 0.520000 -0.070000 0.041834
v 0.480000 -0.070000 0.041834
v 0.480000 -0.030000 0.041834
v 0.520000 -0.030000 0.041834
v 0.480000 -0.070000 -0.042985
v 0.520000 -0.070000 -0.042985
v 0.480000 -0.030000 -0.042985
v 0.520000 -0.030000 -0.042985
v 0.020000 -0.030000 -0.039468
v 0.016581 -0.039597 0.015347
v 0.020000 -0.070000 -0.039468
v 0.016581 -0.060403 0.015347
v -0.020000 -0.030000 -0.039468
v -0.016581 -0.039597 0.015347
v -0.020000 -0.070000 -0.039468
v -0.016581 -0.060403 0.015347
v 0.020000 -0.030000 0.000782
v 0.020000 -0.070000 0.000782
v -0.020000 -0.070000 0.000782
v -0.020000 -0.030000 0.000782
v -0.320000 0.270000 -0.041792
v -0.310403 0.266581 0.013023
v -0.280000 0.270000 -0.041792
v -0.289597 0.266581 0.013023
v -0.320000 0.230000 -0.041792
v -0.310403 0.233419 0.013023
v -0.280000 0.230000 -0.041792
v -0.289597 0.233419 0.013023
v -0.320000 0.270000 -0.001542
v -0.280000 0.270000 -0.001542
v -0.280000 0.230000 -0.001542
v -0.280000 0.255753 -0.011515
v -0.280000 0.255753 -0.005184
v -0.320000 0.244247 -0.005184
v 0.630000 0.230000 0.036812
v 0.630000 0.270000 0.036812
v 0.670000 0.270000 0.036812
v 0.670000 0.230000 0.036812
v 0.630000 0.270000 -0.048008
v 0.630000 0.230000 -0.048008
v 0.670000 0.270000 -0.048008
v 0.670000 0.230000 -0.048008
v 0.130000 -0.420000 0.038406
v 0.130000 -0.380000 0.038406
v 0.170000 -0.380000 0.038406
v 0.170000 -0.420000 0.038406
v 0.130000 -0.380000 -0.046414
v 0.130000 -0.420000 -0.046414
v 0.170000 -0.380000 -0.046414
v 0.170000 -0.420000 -0.046414
v -0.520000 0.180000 0.023202
v -0.520000 0.220000 0.023202
v -0.480000 0.220000 0.023202
v -0.480000 0.180000 0.023202
v -0.520000 0.220000 -0.061618
v -0.520000 0.180000 -0.061618
v -0.480000 0.220000 -0.061618
v -0.480000 0.180000 -0.061618
v 0.420000 0.570000 -0.025528
v 0.416581 0.560403 0.029286
v 0.420000 0.530000 -0.025528
v 0.416581 0.539597 0.029286
v 0.380000 0.570000 -0.025528
v 0.383419 0.560403 0.029286
v 0.380000 0.530000 -0.025528
v 0.383419 0.539597 0.029286
v 0.420000 0.570000 0.014722
v 0.420000 0.530000 0.014722
v 0.380000 0.530000 0.014722
v 0.380000 0.570000 0.014722
v 0.380000 0.555753 0.004748
v 0.380000 0.551918 0.011080
v 0.480000 0.520000 0.048154
v 0.520000 0.520000 0.048154
v 0.520000 0.480000 0.048154
v 0.480000 0.480000 0.048154
v 0.520000 0.520000 -0.036665
v 0.480000 0.520000 -0.036665
v 0.520000 0.480000 -0.036665
v 0.480000 0.480000 -0.036665
v 0.570000 0.430000 0.042479
v 0.530000 0.430000 0.042479
v 0.530000 0.470000 0.042479
v 0.570000 0.470000 0.042479
v 0.530000 0.430000 -0.042341
v 0.570000 0.430000 -0.042341
v 0.530000 0.470000 -0.042341
v 0.570000 0.470000 -0.042341
v -0.330000 -0.370000 -0.026173
v -0.339597 -0.366581 0.028642
v -0.370000 -0.370000 -0.026173
v -0.360403 -0.366581 0.028642
v -0.330000 -0.330000 -0.026173
v -0.339597 -0.333419 0.028642
v -0.370000 -0.330000 -0.026173
v -0.360403 -0.333419 0.028642
v -0.330000 -0.370000 0.014077
v -0.370000 -0.370000 0.014077
v -0.370000 -0.330000 0.014077
v -0.330000 -0.330000 0.014077
v -0.355753 -0.370000 0.004104
v -0.351918 -0.330000 0.004104
v 0.030000 -0.430000 -0.036037
v 0.039597 -0.433419 0.018777
v 0.070000 -0.430000 -0.036037
v 0.060403 -0.433419 0.018777
v 0.030000 -0.470000 -0.036037
v 0.039597 -0.466581 0.018777
v 0.070000 -0.470000 -0.036037
v 0.060403 -0.466581 0.018777
v 0.030000 -0.430000 0.004212
v 0.030000 -0.470000 0.004212
v 0.070000 -0.463424 -0.005761
v 0.030000 -0.463424 -0.005761
v 0.070000 -0.448082 0.000571
v 0.030000 0.230000 0.029237
v 0.030000 0.270000 0.029237
v 0.070000 0.270000 0.029237
v 0.070000 0.230000 0.029237
v 0.030000 0.270000 -0.055582
v 0.030000 0.230000 -0.055582
v 0.070000 0.270000 -0.055582
v 0.070000 0.230000 -0.055582
v 0.670000 0.420000 0.030040
v 0.670000 0.380000 0.030040
v 0.630000 0.380000 0.030040
v 0.630000 0.420000 0.030040
v 0.670000 0.380000 -0.054780
v 0.670000 0.420000 -0.054780
v 0.630000 0.380000 -0.054780
v 0.630000 0.420000 -0.054780
v -0.630000 -0.220000 0.027949
v -0.670000 -0.220000 0.027949
v -0.670000 -0.180000 0.027949
v -0.630000 -0.180000 0.027949
v -0.670000 -0.220000 -0.056871
v -0.630000 -0.220000 -0.056871
v -0.670000 -0.180000 -0.056871
v -0.630000 -0.180000 -0.056871
v 0.020000 0.720000 0.045083
v 0.020000 0.680000 0.045083
v -0.020000 0.680000 0.045083
v -0.020000 0.720000 0.045083
v 0.020000 0.680000 -0.039737
v 0.020000 0.720000 -0.039737
v -0.020000 0.680000 -0.039737
v -0.020000 0.720000 -0.039737
v -0.330000 0.080000 0.035469
v -0.370000 0.080000 0.035469
v -0.370000 0.120000 0.035469
v -0.330000 0.120000 0.035469
v -0.370000 0.080000 -0.049351
v -0.330000 0.080000 -0.049351
v -0.370000 0.120000 -0.049351
v -0.330000 0.120000 -0.049351
v -0.280000 -0.570000 0.023806
v -0.320000 -0.570000 0.023806
v -0.320000 -0.530000 0.023806
v -0.280000 -0.530000 0.023806
v -0.320000 -0.570000 -0.061014
v -0.280000 -0.570000 -0.061014
v -0.320000 -0.530000 -0.061014
v -0.280000 -0.530000 -0.061014
v 0.130000 -0.230000 0.054404
v 0.170000 -0.230000 0.054404
v 0.170000 -0.270000 0.054404
v 0.130000 -0.270000 0.054404
v 0.170000 -0.230000 -0.030416
v 0.130000 -0.230000 -0.030416
v 0.170000 -0.270000 -0.030416
v 0.130000 -0.270000 -0.030416
v 0.220000 -0.680000 0.024129
v 0.220000 -0.720000 0.024129
v 0.180000 -0.720000 0.024129
v 0.180000 -0.680000 0.024129
v 0.220000 -0.720000 -0.060691
v 0.220000 -0.680000 -0.060691
v 0.180000 -0.720000 -0.060691
v 0.180000 -0.680000 -0.060691
v -0.020000 0.570000 0.040987
v 0.020000 0.570000 0.040987
v 0.020000 0.530000 0.040987
v -0.020000 0.530000 0.040987
v 0.020000 0.570000 -0.043832
v -0.020000 0.570000 -0.043832
v 0.020000 0.530000 -0.043832
v -0.020000 0.530000 -0.043832
v 0.030000 -0.770000 -0.038377
v 0.033419 -0.760403 0.016438
v 0.030000 -0.730000 -0.038377
v 0.033419 -0.739597 0.016438
v 0.070000 -0.770000 -0.038377
v 0.066581 -0.760403 0.016438
v 0.070000 -0.730000 -0.038377
v 0.066581 -0.739597 0.016438
v 0.030000 -0.770000 0.001873
v 0.030000 -0.730000 0.001873
v 0.070000 -0.730000 0.001873
v 0.070000 -0.770000 0.001873
v 0.030000 -0.736576 -0.008101
v 0.330000 0.270000 -0.053589
v 0.339597 0.266581 0.001225
v 0.370000 0.270000 -0.053589
v 0.360403 0.266581 0.001225
v 0.330000 0.230000 -0.053589
v 0.339597 0.233419 0.001225
v 0.370000 0.230000 -0.053589
v 0.360403 0.233419 0.001225
v 0.330000 0.270000 -0.013339
v 0.370000 0.270000 -0.013339
v 0.370000 0.230000 -0.013339
v 0.330000 0.230000 -0.013339
v 0.370000 0.020000 -0.029950
v 0.366581 0.010403 0.024864
v 0.370000 -0.020000 -0.029950
v 0.366581 -0.010403 0.024864
v 0.330000 0.020000 -0.029950
v 0.333419 0.010403 0.024864
v 0.330000 -0.020000 -0.029950
v 0.333419 -0.010403 0.024864
v 0.370000 0.020000 0.010300
v 0.370000 -0.020000 0.010300
v 0.330000 -0.020000 0.010300
v 0.330000 0.020000 0.010300
v 0.336576 0.020000 0.006658
v -0.580000 -0.030000 0.022178
v -0.580000 -0.070000 0.022178
v -0.620000 -0.070000 0.022178
v -0.620000 -0.030000 0.022178
v -0.580000 -0.070000 -0.062641
v -0.580000 -0.030000 -0.062641
v -0.620000 -0.070000 -0.062641
v -0.620000 -0.030000 -0.062641
v 0.030000 -0.230000 0.050169
v 0.070000 -0.230000 0.050169
v 0.070000 -0.270000 0.050169
v 0.030000 -0.270000 0.050169
v 0.070000 -0.230000 -0.034651
v 0.030000 -0.230000 -0.034651
v 0.070000 -0.270000 -0.034651
v 0.030000 -0.270000 -0.034651
v 0.280000 0.270000 0.014107
v 0.320000 0.270000 0.014107
v 0.320000 0.230000 0.014107
v 0.280000 0.230000 0.014107
v 0.320000 0.270000 -0.070713
v 0.280000 0.270000 -0.070713
v 0.320000 0.230000 -0.070713
v 0.280000 0.230000 -0.070713
v 0.520000 -0.020000 0.038391
v 0.480000 -0.020000 0.038391
v 0.480000 0.020000 0.038391
v 0.520000 0.020000 0.038391
v 0.480000 -0.020000 -0.046429
v 0.520000 -0.020000 -0.046429
v 0.480000 0.020000 -0.046429
v 0.520000 0.020000 -0.046429
v 0.480000 0.070000 -0.033636
v 0.489597 0.066581 0.021178
v 0.520000 0.070000 -0.033636
v 0.510403 0.066581 0.021178
v 0.480000 0.030000 -0.033636
v 0.489597 0.033419 0.021178
v 0.520000 0.030000 -0.033636
v 0.510403 0.033419 0.021178
v 0.480000 0.070000 0.006614
v 0.520000 0.070000 0.006614
v 0.520000 0.030000 0.006614
v 0.480000 0.030000 0.006614
v 0.505753 0.030000 -0.003360
v 0.505753 0.030000 0.002972
v -0.120000 -0.130000 -0.026734
v -0.110403 -0.133419 0.028081
v -0.080000 -0.130000 -0.026734
v -0.089597 -0.133419 0.028081
v -0.120000 -0.170000 -0.026734
v -0.110403 -0.166581 0.028081
v -0.080000 -0.170000 -0.026734
v -0.089597 -0.166581 0.028081
v -0.120000 -0.130000 0.013516
v -0.080000 -0.130000 0.013516
v -0.080000 -0.170000 0.013516
v -0.120000 -0.170000 0.013516
v -0.120000 -0.163424 0.003542
v 0.570000 -0.380000 -0.029188
v 0.566581 -0.389597 0.025626
v 0.570000 -0.420000 -0.029188
v 0.566581 -0.410403 0.025626
v 0.530000 -0.380000 -0.029188
v 0.533419 -0.389597 0.025626
v 0.530000 -0.420000 -0.029188
v 0.533419 -0.410403 0.025626
v 0.570000 -0.380000 0.011062
v 0.570000 -0.420000 0.011062
v 0.530000 -0.420000 0.011062
v 0.530000 -0.380000 0.011062
v 0.570000 -0.386576 0.001088
v 0.570000 0.080000 0.031809
v 0.530000 0.080000 0.031809
v 0.530000 0.120000 0.031809
v 0.570000 0.120000 0.031809
v 0.530000 0.080000 -0.053011
v 0.570000 0.080000 -0.053011
v 0.530000 0.120000 -0.053011
v 0.570000 0.120000 -0.053011
v 0.470000 -0.320000 0.052804
v 0.430000 -0.320000 0.052804
v 0.430000 -0.280000 0.052804
v 0.470000 -0.280000 0.052804
v 0.430000 -0.320000 -0.032016
v 0.470000 -0.320000 -0.032016
v 0.430000 -0.280000 -0.032016
v 0.470000 -0.280000 -0.032016
v -0.120000 -0.120000 0.038326
v -0.120000 -0.080000 0.038326
v -0.080000 -0.080000 0.038326
v -0.080000 -0.120000 0.038326
v -0.120000 -0.080000 -0.046494
v -0.120000 -0.120000 -0.046494
v -0.080000 -0.080000 -0.046494
v -0.080000 -0.120000 -0.046494
v -0.030000 -0.820000 0.047380
v -0.070000 -0.820000 0.047380
v -0.070000 -0.780000 0.047380
v -0.030000 -0.780000 0.047380
v -0.070000 -0.820000 -0.037439
v -0.030000 -0.820000 -0.037439
v -0.070000 -0.780000 -0.037439
v -0.030000 -0.780000 -0.037439
v -0.070000 -0.730000 -0.034426
v -0.060403 -0.733419 0.020388
v -0.030000 -0.730000 -0.034426
v -0.039597 -0.733419 0.020388
v -0.070000 -0.770000 -0.034426
v -0.060403 -0.766581 0.020388
v -0.030000 -0.770000 -0.034426
v -0.039597 -0.766581 0.020388
v -0.070000 -0.730000 0.005824
v -0.030000 -0.730000 0.005824
v -0.030000 -0.770000 0.005824
v -0.070000 -0.770000 0.005824
v -0.044247 -0.730000 -0.004150
v -0.055753 -0.770000 -0.004150
v -0.020000 -0.320000 0.044101
v -0.020000 -0.280000 0.044101
v 0.020000 -0.280000 0.044101
v 0.020000 -0.320000 0.044101
v -0.020000 -0.280000 -0.040719
v -0.020000 -0.320000 -0.040719
v 0.020000 -0.280000 -0.040719
v 0.020000 -0.320000 -0.040719
v 0.130000 -0.430000 0.038496
v 0.170000 -0.430000 0.038496
v 0.170000 -0.470000 0.038496
v 0.130000 -0.470000 0.038496
v 0.170000 -0.430000 -0.046324
v 0.130000 -0.430000 -0.046324
v 0.170000 -0.470000 -0.046324
v 0.130000 -0.470000 -0.046324
v 0.320000 -0.480000 0.036118
v 0.320000 -0.520000 0.036118
v 0.280000 -0.520000 0.036118
v 0.280000 -0.480000 0.036118
v 0.320000 -0.520000 -0.048702
v 0.320000 -0.480000 -0.048702
v 0.280000 -0.520000 -0.048702
v 0.280000 -0.480000 -0.048702
v 0.170000 -0.380000 0.037329
v 0.170000 -0.420000 0.037329
v 0.130000 -0.420000 0.037329
v 0.130000 -0.380000 0.037329
v 0.170000 -0.420000 -0.047491
v 0.170000 -0.380000 -0.047491
v 0.130000 -0.420000 -0.047491
v 0.130000 -0.380000 -0.047491
v -0.720000 -0.180000 -0.041127
v -0.710403 -0.183419 0.013687
v -0.680000 -0.180000 -0.041127
v -0.689597 -0.183419 0.013687
v -0.720000 -0.220000 -0.041127
v -0.710403 -0.216581 0.013687
v -0.680000 -0.220000 -0.041127
v -0.689597 -0.216581 0.013687
v -0.720000 -0.180000 -0.000877
v -0.680000 -0.180000 -0.000877
v -0.680000 -0.220000 -0.000877
v -0.720000 -0.220000 -0.000877
v 0.370000 0.520000 0.036693
v 0.370000 0.480000 0.036693
v 0.330000 0.480000 0.036693
v 0.330000 0.520000 0.036693
v 0.370000 0.480000 -0.048127
v 0.370000 0.520000 -0.048127
v 0.330000 0.480000 -0.048127
v 0.330000 0.520000 -0.048127
v 0.020000 -0.380000 -0.032420
v 0.016581 -0.389597 0.022394
v 0.020000 -0.420000 -0.032420
v 0.016581 -0.410403 0.022394
v -0.020000 -0.380000 -0.032420
v -0.016581 -0.389597 0.022394
v -0.020000 -0.420000 -0.032420
v -0.016581 -0.410403 0.022394
v 0.230000 0.570000 0.033942
v 0.270000 0.570000 0.033942
v 0.270000 0.530000 0.033942
v 0.230000 0.530000 0.033942
v 0.270000 0.570000 -0.050878
v 0.230000 0.570000 -0.050878
v 0.270000 0.530000 -0.050878
v 0.230000 0.530000 -0.050878
v 0.230000 0.470000 0.025848
v 0.270000 0.470000 0.025848
v 0.270000 0.430000 0.025848
v 0.230000 0.430000 0.025848
v 0.270000 0.470000 -0.058972
v 0.230000 0.470000 -0.058972
v 0.270000 0.430000 -0.058972
v 0.230000 0.430000 -0.058972
v 0.580000 -0.430000 -0.032510
v 0.589597 -0.433419 0.022304
v 0.620000 -0.430000 -0.032510
v 0.610403 -0.433419 0.022304
v 0.580000 -0.470000 -0.032510
v 0.589597 -0.466581 0.022304
v 0.620000 -0.470000 -0.032510
v 0.610403 -0.466581 0.022304
v 0.580000 -0.430000 0.007739
v 0.620000 -0.430000 0.007739
v 0.620000 -0.470000 0.007739
v 0.580000 -0.470000 0.007739
v -0.370000 0.180000 0.032600
v -0.370000 0.220000 0.032600
v -0.330000 0.220000 0.032600
v -0.330000 0.180000 0.032600
v -0.370000 0.220000 -0.052219
v -0.370000 0.180000 -0.052219
v -0.330000 0.220000 -0.052219
v -0.330000 0.180000 -0.052219
v -0.030000 -0.820000 -0.025496
v -0.039597 -0.816581 0.029319
v -0.070000 -0.820000 -0.025496
v -0.060403 -0.816581 0.029319
v -0.030000 -0.780000 -0.025496
v -0.039597 -0.783419 0.029319
v -0.070000 -0.780000 -0.025496
v -0.060403 -0.783419 0.029319
v -0.030000 -0.820000 0.014754
v -0.070000 -0.820000 0.014754
v -0.070000 -0.780000 0.014754
v -0.030000 -0.780000 0.014754
v -0.030000 -0.794247 0.004781
v -0.030000 -0.794247 0.011112
v 0.630000 -0.080000 0.054325
v 0.670000 -0.080000 0.054325
v 0.670000 -0.120000 0.054325
v 0.630000 -0.120000 0.054325
v 0.670000 -0.080000 -0.030495
v 0.630000 -0.080000 -0.030495
v 0.670000 -0.120000 -0.030495
v 0.630000 -0.120000 -0.030495
v -0.320000 0.520000 -0.037623
v -0.310403 0.516581 0.017191
v -0.280000 0.520000 -0.037623
v -0.289597 0.516581 0.017191
v -0.320000 0.480000 -0.037623
v -0.310403 0.483419 0.017191
v -0.280000 0.480000 -0.037623
v -0.289597 0.483419 0.017191
v -0.320000 0.520000 0.002627
v -0.280000 0.520000 0.002627
v -0.280000 0.480000 0.002627
v -0.320000 0.480000 0.002627
v -0.320000 0.513424 -0.007347
v 0.320000 0.280000 -0.053448
v 0.310403 0.283419 0.001366
v 0.280000 0.280000 -0.053448
v 0.289597 0.283419 0.001366
v 0.320000 0.320000 -0.053448
v 0.310403 0.316581 0.001366
v 0.280000 0.320000 -0.053448
v 0.289597 0.316581 0.001366
v 0.320000 0.280000 -0.013199
v 0.280000 0.280000 -0.013199
v 0.280000 0.320000 -0.013199
v 0.320000 0.320000 -0.013199
v 0.280000 0.286576 -0.023172
v 0.480000 0.330000 0.030594
v 0.480000 0.370000 0.030594
v 0.520000 0.370000 0.030594
v 0.520000 0.330000 0.030594
v 0.480000 0.370000 -0.054226
v 0.480000 0.330000 -0.054226
v 0.520000 0.370000 -0.054226
v 0.520000 0.330000 -0.054226
v 0.070000 -0.270000 -0.020811
v 0.060403 -0.266581 0.034003
v 0.030000 -0.270000 -0.020811
v 0.039597 -0.266581 0.034003
v 0.070000 -0.230000 -0.020811
v 0.060403 -0.233419 0.034003
v 0.030000 -0.230000 -0.020811
v 0.039597 -0.233419 0.034003
v 0.070000 -0.270000 0.019439
v 0.030000 -0.270000 0.019439
v 0.030000 -0.230000 0.019439
v 0.070000 -0.230000 0.019439
v 0.070000 -0.240411 0.009465
v -0.170000 -0.430000 -0.048227
v -0.160403 -0.433419 0.006587
v -0.130000 -0.430000 -0.048227
v -0.139597 -0.433419 0.006587
v -0.170000 -0.470000 -0.048227
v -0.160403 -0.466581 0.006587
v -0.130000 -0.470000 -0.048227
v -0.139597 -0.466581 0.006587
v -0.170000 -0.430000 -0.007977
v -0.130000 -0.430000 -0.007977
v -0.130000 -0.470000 -0.007977
v -0.170000 -0.470000 -0.007977
v -0.070000 0.080000 -0.052304
v -0.066581 0.089597 0.002511
v -0.070000 0.120000 -0.052304
v -0.066581 0.110403 0.002511
v -0.030000 0.080000 -0.052304
v -0.033419 0.089597 0.002511
v -0.030000 0.120000 -0.052304
v -0.033419 0.110403 0.002511
v -0.070000 0.080000 -0.012054
v -0.070000 0.120000 -0.012054
v -0.030000 0.120000 -0.012054
v -0.030000 0.080000 -0.012054
v 0.470000 -0.330000 -0.023077
v 0.466581 -0.339597 0.031737
v 0.470000 -0.370000 -0.023077
v 0.466581 -0.360403 0.031737
v 0.430000 -0.330000 -0.023077
v 0.433419 -0.339597 0.031737
v 0.430000 -0.370000 -0.023077
v 0.433419 -0.360403 0.031737
v 0.430000 -0.370000 0.017172
v 0.430000 -0.330000 0.017172
v 0.380000 -0.320000 -0.024162
v 0.383419 -0.310403 0.030652
v 0.380000 -0.280000 -0.024162
v 0.383419 -0.289597 0.030652
v 0.420000 -0.320000 -0.024162
v 0.416581 -0.310403 0.030652
v 0.420000 -0.280000 -0.024162
v 0.416581 -0.289597 0.030652
v 0.380000 -0.320000 0.016087
v 0.380000 -0.280000 0.016087
v 0.420000 -0.280000 0.016087
v 0.413424 -0.320000 0.012446
v 0.530000 0.480000 0.045985
v 0.530000 0.520000 0.045985
v 0.570000 0.520000 0.045985
v 0.570000 0.480000 0.045985
v 0.530000 0.520000 -0.038835
v 0.530000 0.480000 -0.038835
v 0.570000 0.520000 -0.038835
v 0.570000 0.480000 -0.038835
v -0.080000 0.470000 -0.046635
v -0.083419 0.460403 0.008179
v -0.080000 0.430000 -0.046635
v -0.083419 0.439597 0.008179
v -0.120000 0.470000 -0.046635
v -0.116581 0.460403 0.008179
v -0.120000 0.430000 -0.046635
v -0.116581 0.439597 0.008179
v -0.080000 0.470000 -0.006385
v -0.080000 0.430000 -0.006385
v -0.120000 0.430000 -0.006385
v -0.120000 0.470000 -0.006385
v 0.630000 -0.020000 -0.026812
v 0.633419 -0.010403 0.028002
v 0.630000 0.020000 -0.026812
v 0.633419 0.010403 0.028002
v 0.670000 -0.020000 -0.026812
v 0.666581 -0.010403 0.028002
v 0.670000 0.020000 -0.026812
v 0.666581 0.010403 0.028002
v 0.630000 -0.020000 0.013437
v 0.630000 0.020000 0.013437
v 0.670000 0.020000 0.013437
v 0.670000 -0.020000 0.013437
v 0.636576 0.020000 0.003464
v 0.670000 -0.005753 0.003464
v 0.670000 -0.001918 0.009796
v 0.640411 -0.020000 0.003464
v -0.220000 0.080000 -0.044259
v -0.216581 0.089597 0.010556
v -0.220000 0.120000 -0.044259
v -0.216581 0.110403 0.010556
v -0.180000 0.080000 -0.044259
v -0.183419 0.089597 0.010556
v -0.180000 0.120000 -0.044259
v -0.183419 0.110403 0.010556
v -0.220000 0.080000 -0.004009
v -0.220000 0.120000 -0.004009
v -0.180000 0.120000 -0.004009
v -0.180000 0.080000 -0.004009
v -0.186576 0.120000 -0.013983
v -0.420000 -0.520000 -0.030709
v -0.416581 -0.510403 0.024105
v -0.420000 -0.480000 -0.030709
v -0.416581 -0.489597 0.024105
v -0.380000 -0.520000 -0.030709
v -0.383419 -0.510403 0.024105
v -0.380000 -0.480000 -0.030709
v -0.383419 -0.489597 0.024105
v -0.420000 -0.520000 0.009540
v -0.420000 -0.480000 0.009540
v -0.380000 -0.480000 0.009540
v -0.080000 -0.170000 -0.024421
v -0.089597 -0.166581 0.030393
v -0.120000 -0.170000 -0.024421
v -0.110403 -0.166581 0.030393
v -0.080000 -0.130000 -0.024421
v -0.089597 -0.133419 0.030393
v -0.120000 -0.130000 -0.024421
v -0.110403 -0.133419 0.030393
v -0.080000 -0.170000 0.015829
v -0.120000 -0.170000 0.015829
v -0.120000 -0.130000 0.015829
v -0.080000 -0.130000 0.015829
v -0.105753 -0.170000 0.005855
v -0.230000 -0.530000 0.022817
v -0.230000 -0.570000 0.022817
v -0.270000 -0.570000 0.022817
v -0.270000 -0.530000 0.022817
v -0.230000 -0.570000 -0.062003
v -0.230000 -0.530000 -0.062003
v -0.270000 -0.570000 -0.062003
v -0.270000 -0.530000 -0.062003
v -0.620000 -0.220000 -0.041095
v -0.616581 -0.210403 0.013719
v -0.620000 -0.180000 -0.041095
v -0.616581 -0.189597 0.013719
v -0.580000 -0.220000 -0.041095
v -0.583419 -0.210403 0.013719
v -0.580000 -0.180000 -0.041095
v -0.583419 -0.189597 0.013719
v -0.620000 -0.220000 -0.000846
v -0.620000 -0.180000 -0.000846
v -0.580000 -0.180000 -0.000846
v -0.620000 -0.198082 -0.010819
v -0.609589 -0.180000 -0.010819
v -0.270000 0.630000 -0.028252
v -0.266581 0.639597 0.026562
v -0.270000 0.670000 -0.028252
v -0.266581 0.660403 0.026562
v -0.230000 0.630000 -0.028252
v -0.233419 0.639597 0.026562
v -0.230000 0.670000 -0.028252
v -0.233419 0.660403 0.026562
v -0.270000 0.630000 0.011998
v -0.270000 0.670000 0.011998
v -0.230000 0.670000 0.011998
v -0.230000 0.630000 0.011998
v -0.330000 -0.530000 0.029766
v -0.330000 -0.570000 0.029766
v -0.370000 -0.570000 0.029766
v -0.370000 -0.530000 0.029766
v -0.330000 -0.570000 -0.055054
v -0.330000 -0.530000 -0.055054
v -0.370000 -0.570000 -0.055054
v -0.370000 -0.530000 -0.055054
v -0.370000 0.580000 0.037513
v -0.370000 0.620000 0.037513
v -0.330000 0.620000 0.037513
v -0.330000 0.580000 0.037513
v -0.370000 0.620000 -0.047306
v -0.370000 0.580000 -0.047306
v -0.330000 0.620000 -0.047306
v -0.330000 0.580000 -0.047306
v -0.170000 -0.580000 -0.046963
v -0.160403 -0.583419 0.007852
v -0.130000 -0.580000 -0.046963
v -0.139597 -0.583419 0.007852
v -0.170000 -0.620000 -0.046963
v -0.160403 -0.616581 0.007852
v -0.130000 -0.620000 -0.046963
v -0.139597 -0.616581 0.007852
v -0.130000 -0.580000 -0.006713
v -0.170000 -0.620000 -0.006713
v -0.130000 -0.613424 -0.016687
v -0.170000 -0.586576 -0.016687
v -0.720000 -0.430000 0.035678
v -0.680000 -0.430000 0.035678
v -0.680000 -0.470000 0.035678
v -0.720000 -0.470000 0.035678
v -0.680000 -0.430000 -0.049142
v -0.720000 -0.430000 -0.049142
v -0.680000 -0.470000 -0.049142
v -0.720000 -0.470000 -0.049142
v 0.380000 -0.230000 -0.018302
v 0.389597 -0.233419 0.036512
v 0.420000 -0.230000 -0.018302
v 0.410403 -0.233419 0.036512
v 0.380000 -0.270000 -0.018302
v 0.389597 -0.266581 0.036512
v 0.420000 -0.270000 -0.018302
v 0.410403 -0.266581 0.036512
v 0.380000 -0.230000 0.021948
v 0.420000 -0.270000 0.021948
v 0.380000 -0.270000 0.021948
v 0.420000 -0.248082 0.018306
v -0.670000 -0.520000 -0.035964
v -0.666581 -0.510403 0.018851
v -0.670000 -0.480000 -0.035964
v -0.666581 -0.489597 0.018851
v -0.630000 -0.520000 -0.035964
v -0.633419 -0.510403 0.018851
v -0.630000 -0.480000 -0.035964
v -0.633419 -0.489597 0.018851
v -0.670000 -0.520000 0.004286
v -0.670000 -0.480000 0.004286
v -0.630000 -0.480000 0.004286
v -0.630000 -0.520000 0.004286
v -0.663424 -0.480000 -0.005688
v -0.636576 -0.520000 -0.005688
v -0.644247 -0.480000 -0.005688
v -0.630000 -0.501918 -0.005688
v -0.644247 -0.520000 -0.005688
v -0.770000 0.070000 0.045398
v -0.730000 0.070000 0.045398
v -0.730000 0.030000 0.045398
v -0.770000 0.030000 0.045398
v -0.730000 0.070000 -0.039422
v -0.770000 0.070000 -0.039422
v -0.730000 0.030000 -0.039422
v -0.770000 0.030000 -0.039422
v 0.080000 -0.480000 0.033511
v 0.120000 -0.480000 0.033511
v 0.120000 -0.520000 0.033511
v 0.080000 -0.520000 0.033511
v 0.120000 -0.480000 -0.051308
v 0.080000 -0.480000 -0.051308
v 0.120000 -0.520000 -0.051308
v 0.080000 -0.520000 -0.051308
v -0.730000 0.230000 0.032368
v -0.770000 0.230000 0.032368
v -0.770000 0.270000 0.032368
v -0.730000 0.270000 0.032368
v -0.770000 0.230000 -0.052452
v -0.730000 0.230000 -0.052452
v -0.770000 0.270000 -0.052452
v -0.730000 0.270000 -0.052452
v 0.030000 -0.530000 0.027442
v 0.070000 -0.530000 0.027442
v 0.070000 -0.570000 0.027442
v 0.030000 -0.570000 0.027442
v 0.070000 -0.530000 -0.057378
v 0.030000 -0.530000 -0.057378
v 0.070000 -0.570000 -0.057378
v 0.030000 -0.570000 -0.057378
v -0.270000 -0.680000 -0.037732
v -0.260403 -0.683419 0.017083
v -0.230000 -0.680000 -0.037732
v -0.239597 -0.683419 0.017083
v -0.270000 -0.720000 -0.037732
v -0.260403 -0.716581 0.017083
v -0.230000 -0.720000 -0.037732
v -0.239597 -0.716581 0.017083
v -0.270000 -0.680000 0.002518
v -0.230000 -0.680000 0.002518
v -0.230000 -0.720000 0.002518
v -0.270000 -0.720000 0.002518
v -0.080000 -0.820000 -0.024319
v -0.089597 -0.816581 0.030495
v -0.120000 -0.820000 -0.024319
v -0.110403 -0.816581 0.030495
v -0.080000 -0.780000 -0.024319
v -0.089597 -0.783419 0.030495
v -0.120000 -0.780000 -0.024319
v -0.110403 -0.783419 0.030495
v -0.080000 -0.820000 0.015931
v -0.120000 -0.820000 0.015931
v -0.120000 -0.780000 0.015931
v -0.080000 -0.780000 0.015931
v 0.270000 0.270000 -0.057438
v 0.266581 0.260403 -0.002624
v 0.270000 0.230000 -0.057438
v 0.266581 0.239597 -0.002624
v 0.230000 0.270000 -0.057438
v 0.233419 0.260403 -0.002624
v 0.230000 0.230000 -0.057438
v 0.233419 0.239597 -0.002624
v 0.270000 0.270000 -0.017189
v 0.270000 0.230000 -0.017189
v 0.230000 0.230000 -0.017189
v 0.230000 0.270000 -0.017189
v -0.130000 0.030000 0.027824
v -0.170000 0.030000 0.027824
v -0.170000 0.070000 0.027824
v -0.130000 0.070000 0.027824
v -0.170000 0.030000 -0.056996
v -0.130000 0.030000 -0.056996
v -0.170000 0.070000 -0.056996
v -0.130000 0.070000 -0.056996
v 0.770000 -0.270000 0.057526
v 0.730000 -0.270000 0.057526
v 0.730000 -0.230000 0.057526
v 0.770000 -0.230000 0.057526
v 0.730000 -0.270000 -0.027294
v 0.770000 -0.270000 -0.027294
v 0.730000 -0.230000 -0.027294
v 0.770000 -0.230000 -0.027294
v 0.430000 -0.280000 -0.018345
v 0.439597 -0.283419 0.036469
v 0.470000 -0.280000 -0.018345
v 0.460403 -0.283419 0.036469
v 0.430000 -0.320000 -0.018345
v 0.439597 -0.316581 0.036469
v 0.470000 -0.320000 -0.018345
v 0.460403 -0.316581 0.036469
v 0.430000 -0.280000 0.021905
v 0.470000 -0.280000 0.021905
v 0.470000 -0.320000 0.021905
v 0.430000 -0.320000 0.021905
v 0.430000 -0.313424 0.011931
v 0.470000 -0.305753 0.011931
v 0.470000 -0.298082 0.011931
v 0.430000 -0.301918 0.011931
v 0.230000 0.270000 0.012093
v 0.270000 0.270000 0.012093
v 0.270000 0.230000 0.012093
v 0.230000 0.230000 0.012093
v 0.270000 0.270000 -0.072727
v 0.230000 0.270000 -0.072727
v 0.270000 0.230000 -0.072727
v 0.230000 0.230000 -0.072727
v -0.530000 -0.070000 0.023739
v -0.570000 -0.070000 0.023739
v -0.570000 -0.030000 0.023739
v -0.530000 -0.030000 0.023739
v -0.570000 -0.070000 -0.061081
v -0.530000 -0.070000 -0.061081
v -0.570000 -0.030000 -0.061081
v -0.530000 -0.030000 -0.061081
v 0.430000 -0.120000 0.049104
v 0.430000 -0.080000 0.049104
v 0.470000 -0.080000 0.049104
v 0.470000 -0.120000 0.049104
v 0.430000 -0.080000 -0.035716
v 0.430000 -0.120000 -0.035716
v 0.470000 -0.080000 -0.035716
v 0.470000 -0.120000 -0.035716
v 0.430000 0.370000 -0.041723
v 0.439597 0.366581 0.013091
v 0.470000 0.370000 -0.041723
v 0.460403 0.366581 0.013091
v 0.430000 0.330000 -0.041723
v 0.439597 0.333419 0.013091
v 0.470000 0.330000 -0.041723
v 0.460403 0.333419 0.013091
v 0.430000 0.370000 -0.001474
v 0.470000 0.370000 -0.001474
v 0.470000 0.330000 -0.001474
v 0.430000 0.330000 -0.001474
v 0.470000 0.363424 -0.011447
v 0.620000 -0.070000 -0.027360
v 0.610403 -0.066581 0.027454
v 0.580000 -0.070000 -0.027360
v 0.589597 -0.066581 0.027454
v 0.620000 -0.030000 -0.027360
v 0.610403 -0.033419 0.027454
v 0.580000 -0.030000 -0.027360
v 0.589597 -0.033419 0.027454
v 0.620000 -0.070000 0.012890
v 0.580000 -0.070000 0.012890
v 0.580000 -0.030000 0.012890
v 0.620000 -0.030000 0.012890
v -0.130000 0.420000 0.025127
v -0.130000 0.380000 0.025127
v -0.170000 0.380000 0.025127
v -0.170000 0.420000 0.025127
v -0.130000 0.380000 -0.059693
v -0.130000 0.420000 -0.059693
v -0.170000 0.380000 -0.059693
v -0.170000 0.420000 -0.059693
v -0.420000 -0.130000 0.048075
v -0.380000 -0.130000 0.048075
v -0.380000 -0.170000 0.048075
v -0.420000 -0.170000 0.048075
v -0.380000 -0.130000 -0.036745
v -0.420000 -0.130000 -0.036745
v -0.380000 -0.170000 -0.036745
v -0.420000 -0.170000 -0.036745
v -0.670000 -0.520000 0.035150
v -0.670000 -0.480000 0.035150
v -0.630000 -0.480000 0.035150
v -0.630000 -0.520000 0.035150
v -0.670000 -0.480000 -0.049670
v -0.670000 -0.520000 -0.049670
v -0.630000 -0.480000 -0.049670
v -0.630000 -0.520000 -0.049670
v -0.220000 -0.430000 -0.041702
v -0.210403 -0.433419 0.013112
v -0.180000 -0.430000 -0.041702
v -0.189597 -0.433419 0.013112
v -0.220000 -0.470000 -0.041702
v -0.210403 -0.466581 0.013112
v -0.180000 -0.470000 -0.041702
v -0.189597 -0.466581 0.013112
v -0.220000 -0.430000 -0.001452
v -0.180000 -0.430000 -0.001452
v -0.180000 -0.470000 -0.001452
v -0.220000 -0.470000 -0.001452
v -0.198082 -0.430000 -0.011426
v 0.220000 -0.680000 -0.042747
v 0.216581 -0.689597 0.012067
v 0.220000 -0.720000 -0.042747
v 0.216581 -0.710403 0.012067
v 0.180000 -0.680000 -0.042747
v 0.183419 -0.689597 0.012067
v 0.180000 -0.720000 -0.042747
v 0.183419 -0.710403 0.012067
v 0.220000 -0.680000 -0.002497
v 0.220000 -0.720000 -0.002497
v 0.180000 -0.720000 -0.002497
v 0.180000 -0.680000 -0.002497
v -0.480000 -0.370000 0.047392
v -0.520000 -0.370000 0.047392
v -0.520000 -0.330000 0.047392
v -0.480000 -0.330000 0.047392
v -0.520000 -0.370000 -0.037427
v -0.480000 -0.370000 -0.037427
v -0.520000 -0.330000 -0.037427
v -0.480000 -0.330000 -0.037427
v 0.380000 -0.320000 0.047836
v 0.380000 -0.280000 0.047836
v 0.420000 -0.280000 0.047836
v 0.420000 -0.320000 0.047836
v 0.380000 -0.280000 -0.036984
v 0.380000 -0.320000 -0.036984
v 0.420000 -0.280000 -0.036984
v 0.420000 -0.320000 -0.036984
v -0.180000 -0.280000 0.040708
v -0.180000 -0.320000 0.040708
v -0.220000 -0.320000 0.040708
v -0.220000 -0.280000 0.040708
v -0.180000 -0.320000 -0.044112
v -0.180000 -0.280000 -0.044112
v -0.220000 -0.320000 -0.044112
v -0.220000 -0.280000 -0.044112
v 0.170000 0.280000 0.029015
v 0.130000 0.280000 0.029015
v 0.130000 0.320000 0.029015
v 0.170000 0.320000 0.029015
v 0.130000 0.280000 -0.055805
v 0.170000 0.280000 -0.055805
v 0.130000 0.320000 -0.055805
v 0.170000 0.320000 -0.055805
v -0.520000 -0.070000 0.025166
v -0.520000 -0.030000 0.025166
v -0.480000 -0.030000 0.025166
v -0.480000 -0.070000 0.025166
v -0.520000 -0.030000 -0.059654
v -0.520000 -0.070000 -0.059654
v -0.480000 -0.030000 -0.059654
v -0.480000 -0.070000 -0.059654
v -0.570000 -0.130000 -0.039895
v -0.560403 -0.133419 0.014919
v -0.530000 -0.130000 -0.039895
v -0.539597 -0.133419 0.014919
v -0.570000 -0.170000 -0.039895
v -0.560403 -0.166581 0.014919
v -0.530000 -0.170000 -0.039895
v -0.539597 -0.166581 0.014919
v -0.570000 -0.130000 0.000354
v -0.530000 -0.130000 0.000354
v -0.530000 -0.170000 0.000354
v -0.570000 -0.170000 0.000354
v -0.548082 -0.130000 -0.009619
v -0.551918 -0.170000 -0.009619
v -0.551918 -0.170000 -0.003287
v -0.555753 -0.170000 -0.003287
v -0.380000 0.570000 0.042091
v -0.380000 0.530000 0.042091
v -0.420000 0.530000 0.042091
v -0.420000 0.570000 0.042091
v -0.380000 0.530000 -0.042728
v -0.380000 0.570000 -0.042728
v -0.420000 0.530000 -0.042728
v -0.420000 0.570000 -0.042728
v 0.620000 0.320000 0.035218
v 0.620000 0.280000 0.035218
v 0.580000 0.280000 0.035218
v 0.580000 0.320000 0.035218
v 0.620000 0.280000 -0.049601
v 0.620000 0.320000 -0.049601
v 0.580000 0.280000 -0.049601
v 0.580000 0.320000 -0.049601
v -0.770000 0.170000 0.036570
v -0.730000 0.170000 0.036570
v -0.730000 0.130000 0.036570
v -0.770000 0.130000 0.036570
v -0.730000 0.170000 -0.048250
v -0.770000 0.170000 -0.048250
v -0.730000 0.130000 -0.048250
v -0.770000 0.130000 -0.048250
v 0.070000 -0.620000 0.025730
v 0.030000 -0.620000 0.025730
v 0.030000 -0.580000 0.025730
v 0.070000 -0.580000 0.025730
v 0.030000 -0.620000 -0.059090
v 0.070000 -0.620000 -0.059090
v 0.030000 -0.580000 -0.059090
v 0.070000 -0.580000 -0.059090
v 0.230000 0.570000 0.032086
v 0.270000 0.570000 0.032086
v 0.270000 0.530000 0.032086
v 0.230000 0.530000 0.032086
v 0.270000 0.570000 -0.052734
v 0.230000 0.570000 -0.052734
v 0.270000 0.530000 -0.052734
v 0.230000 0.530000 -0.052734
v 0.030000 -0.430000 0.035038
v 0.070000 -0.430000 0.035038
v 0.070000 -0.470000 0.035038
v 0.030000 -0.470000 0.035038
v 0.070000 -0.430000 -0.049782
v 0.030000 -0.430000 -0.049782
v 0.070000 -0.470000 -0.049782
v 0.030000 -0.470000 -0.049782
v 0.570000 -0.220000 0.058883
v 0.530000 -0.220000 0.058883
v 0.530000 -0.180000 0.058883
v 0.570000 -0.180000 0.058883
v 0.530000 -0.220000 -0.025936
v 0.570000 -0.220000 -0.025936
v 0.530000 -0.180000 -0.025936
v 0.570000 -0.180000 -0.025936
v 0.220000 -0.070000 -0.036337
v 0.210403 -0.066581 0.018477
v 0.180000 -0.070000 -0.036337
v 0.189597 -0.066581 0.018477
v 0.220000 -0.030000 -0.036337
v 0.210403 -0.033419 0.018477
v 0.180000 -0.030000 -0.036337
v 0.189597 -0.033419 0.018477
v 0.220000 -0.070000 0.003912
v 0.180000 -0.070000 0.003912
v 0.180000 -0.030000 0.003912
v 0.220000 -0.030000 0.003912
v 0.170000 0.180000 -0.048978
v 0.160403 0.183419 0.005836
v 0.130000 0.180000 -0.048978
v 0.139597 0.183419 0.005836
v 0.170000 0.220000 -0.048978
v 0.160403 0.216581 0.005836
v 0.130000 0.220000 -0.048978
v 0.139597 0.216581 0.005836
v 0.170000 0.180000 -0.008729
v 0.170000 0.220000 -0.008729
v -0.130000 -0.280000 -0.036760
v -0.133419 -0.289597 0.018054
v -0.130000 -0.320000 -0.036760
v -0.133419 -0.310403 0.018054
v -0.170000 -0.280000 -0.036760
v -0.166581 -0.289597 0.018054
v -0.170000 -0.320000 -0.036760
v -0.166581 -0.310403 0.018054
v -0.130000 -0.280000 0.003490
v -0.170000 -0.320000 0.003490
v -0.170000 -0.280000 0.003490
v -0.163424 -0.280000 -0.006484
v -0.130000 -0.298082 -0.006484
v 0.770000 0.120000 0.045470
v 0.770000 0.080000 0.045470
v 0.730000 0.080000 0.045470
v 0.730000 0.120000 0.045470
v 0.770000 0.080000 -0.039349
v 0.770000 0.120000 -0.039349
v 0.730000 0.080000 -0.039349
v 0.730000 0.120000 -0.039349
v -0.430000 0.480000 -0.016035
v -0.439597 0.483419 0.038779
v -0.470000 0.480000 -0.016035
v -0.460403 0.483419 0.038779
v -0.430000 0.520000 -0.016035
v -0.439597 0.516581 0.038779
v -0.470000 0.520000 -0.016035
v -0.460403 0.516581 0.038779
v -0.430000 0.480000 0.024215
v -0.470000 0.480000 0.024215
v -0.470000 0.520000 0.024215
v -0.430000 0.513424 0.020573
v 0.230000 0.470000 -0.044184
v 0.239597 0.466581 0.010630
v 0.270000 0.470000 -0.044184
v 0.260403 0.466581 0.010630
v 0.230000 0.430000 -0.044184
v 0.239597 0.433419 0.010630
v 0.270000 0.430000 -0.044184
v 0.260403 0.433419 0.010630
v 0.230000 0.470000 -0.003934
v 0.270000 0.470000 -0.003934
v 0.270000 0.430000 -0.003934
v 0.230000 0.430000 -0.003934
v 0.270000 0.448082 -0.013908
v 0.244247 0.430000 -0.013908
v 0.248082 0.430000 -0.007576
v 0.230000 0.455753 -0.013908
v 0.230000 0.451918 -0.007576
v 0.720000 -0.170000 0.056167
v 0.680000 -0.170000 0.056167
v 0.680000 -0.130000 0.056167
v 0.720000 -0.130000 0.056167
v 0.680000 -0.170000 -0.028653
v 0.720000 -0.170000 -0.028653
v 0.680000 -0.130000 -0.028653
v 0.720000 -0.130000 -0.028653
v 0.130000 0.370000 0.027733
v 0.170000 0.370000 0.027733
v 0.170000 0.330000 0.027733
v 0.130000 0.330000 0.027733
v 0.170000 0.370000 -0.057087
v 0.130000 0.370000 -0.057087
v 0.170000 0.330000 -0.057087
v 0.130000 0.330000 -0.057087
v 0.320000 -0.080000 0.042269
v 0.320000 -0.120000 0.042269
v 0.280000 -0.120000 0.042269
v 0.280000 -0.080000 0.042269
v 0.320000 -0.120000 -0.042550
v 0.320000 -0.080000 -0.042550
v 0.280000 -0.120000 -0.042550
v 0.280000 -0.080000 -0.042550
v -0.580000 -0.220000 -0.043579
v -0.589597 -0.216581 0.011235
v -0.620000 -0.220000 -0.043579
v -0.610403 -0.216581 0.011235
v -0.580000 -0.180000 -0.043579
v -0.589597 -0.183419 0.011235
v -0.620000 -0.180000 -0.043579
v -0.610403 -0.183419 0.011235
v -0.580000 -0.220000 -0.003329
v -0.620000 -0.220000 -0.003329
v -0.620000 -0.180000 -0.003329
v -0.580000 -0.180000 -0.003329
v -0.580000 -0.186576 -0.013303
v -0.580000 -0.205753 -0.013303
v 0.420000 -0.670000 -0.045877
v 0.410403 -0.666582 0.008937
v 0.380000 -0.670000 -0.045877
v 0.389597 -0.666581 0.008937
v 0.420000 -0.630000 -0.045877
v 0.410403 -0.633419 0.008937
v 0.380000 -0.630000 -0.045877
v 0.389597 -0.633419 0.008937
v 0.420000 -0.670000 -0.005627
v 0.380000 -0.670000 -0.005627
v 0.380000 -0.630000 -0.005627
v 0.420000 -0.630000 -0.005627
v 0.330000 -0.580000 0.022955
v 0.370000 -0.580000 0.022955
v 0.370000 -0.620000 0.022955
v 0.330000 -0.620000 0.022955
v 0.370000 -0.580000 -0.061865
v 0.330000 -0.580000 -0.061865
v 0.370000 -0.620000 -0.061865
v 0.330000 -0.620000 -0.061865
v -0.280000 -0.420000 0.033469
v -0.320000 -0.420000 0.033469
v -0.320000 -0.380000 0.033469
v -0.280000 -0.380000 0.033469
v -0.320000 -0.420000 -0.051350
v -0.280000 -0.420000 -0.051350
v -0.320000 -0.380000 -0.051350
v -0.280000 -0.380000 -0.051350
v 0.170000 -0.480000 0.033042
v 0.170000 -0.520000 0.033042
v 0.130000 -0.520000 0.033042
v 0.130000 -0.480000 0.033042
v 0.170000 -0.520000 -0.051778
v 0.170000 -0.480000 -0.051778
v 0.130000 -0.520000 -0.051778
v 0.130000 -0.480000 -0.051778
v -0.820000 0.270000 0.038851
v -0.780000 0.270000 0.038851
v -0.780000 0.230000 0.038851
v -0.820000 0.230000 0.038851
v -0.780000 0.270000 -0.045969
v -0.820000 0.270000 -0.045969
v -0.780000 0.230000 -0.045969
v -0.820000 0.230000 -0.045969
v 0.420000 0.280000 -0.049914
v 0.410403 0.283419 0.004900
v 0.380000 0.280000 -0.049914
v 0.389597 0.283419 0.004900
v 0.420000 0.320000 -0.049914
v 0.410403 0.316581 0.004900
v 0.380000 0.320000 -0.049914
v 0.389597 0.316581 0.004900
v 0.420000 0.320000 -0.009665
v 0.230000 0.130000 0.019973
v 0.230000 0.170000 0.019973
v 0.270000 0.170000 0.019973
v 0.270000 0.130000 0.019973
v 0.230000 0.170000 -0.064847
v 0.230000 0.130000 -0.064847
v 0.270000 0.170000 -0.064847
v 0.270000 0.130000 -0.064847
v 0.620000 -0.270000 0.056651
v 0.580000 -0.270000 0.056651
v 0.580000 -0.230000 0.056651
v 0.620000 -0.230000 0.056651
v 0.580000 -0.270000 -0.028169
v 0.620000 -0.270000 -0.028169
v 0.580000 -0.230000 -0.028169
v 0.620000 -0.230000 -0.028169
v -0.020000 -0.630000 -0.049017
v -0.010403 -0.633419 0.005798
v 0.020000 -0.630000 -0.049017
v 0.010403 -0.633419 0.005798
v -0.020000 -0.670000 -0.049017
v -0.010403 -0.666581 0.005798
v 0.020000 -0.670000 -0.049017
v 0.010403 -0.666582 0.005798
v -0.020000 -0.630000 -0.008767
v 0.020000 -0.630000 -0.008767
v 0.020000 -0.670000 -0.008767
v -0.020000 -0.670000 -0.008767
v 0.005753 -0.630000 -0.018740
v 0.020000 -0.655753 -0.018740
v 0.020000 -0.644247 -0.018740
v 0.020000 -0.644247 -0.012409
v -0.020000 -0.644247 -0.018740
v -0.020000 -0.651918 -0.018740
v -0.020000 -0.651918 -0.012409
v -0.020000 -0.648082 -0.012409
v 0.180000 0.420000 0.027299
v 0.220000 0.420000 0.027299
v 0.220000 0.380000 0.027299
v 0.180000 0.380000 0.027299
v 0.220000 0.420000 -0.057521
v 0.180000 0.420000 -0.057521
v 0.220000 0.380000 -0.057521
v 0.180000 0.380000 -0.057521
v -0.520000 0.380000 -0.028189
v -0.516581 0.389597 0.026625
v -0.520000 0.420000 -0.028189
v -0.516581 0.410403 0.026625
v -0.480000 0.380000 -0.028189
v -0.483419 0.389597 0.026625
v -0.480000 0.420000 -0.028189
v -0.483419 0.410403 0.026625
v -0.520000 0.380000 0.012060
v -0.520000 0.420000 0.012060
v -0.480000 0.420000 0.012060
v -0.480000 0.380000 0.012060
v 0.730000 -0.220000 -0.012638
v 0.733419 -0.210403 0.042176
v 0.730000 -0.180000 -0.012638
v 0.733419 -0.189597 0.042176
v 0.770000 -0.220000 -0.012638
v 0.766581 -0.210403 0.042176
v 0.770000 -0.180000 -0.012638
v 0.766581 -0.189597 0.042176
v 0.730000 -0.220000 0.027612
v 0.730000 -0.180000 0.027612
v 0.770000 -0.180000 0.027612
v 0.763424 -0.220000 0.017638
v 0.630000 -0.180000 0.061289
v 0.670000 -0.180000 0.061289
v 0.670000 -0.220000 0.061289
v 0.630000 -0.220000 0.061289
v 0.670000 -0.180000 -0.023531
v 0.630000 -0.180000 -0.023531
v 0.670000 -0.220000 -0.023531
v 0.630000 -0.220000 -0.023531
v -0.130000 -0.420000 -0.039877
v -0.139597 -0.416581 0.014937
v -0.170000 -0.420000 -0.039877
v -0.160403 -0.416581 0.014937
v -0.130000 -0.380000 -0.039877
v -0.139597 -0.383419 0.014937
v -0.170000 -0.380000 -0.039877
v -0.160403 -0.383419 0.014937
v -0.130000 -0.420000 0.000372
v -0.170000 -0.380000 0.000372
v -0.130000 -0.380000 0.000372
v -0.580000 0.080000 -0.046329
v -0.589597 0.083419 0.008486
v -0.620000 0.080000 -0.046329
v -0.610403 0.083419 0.008486
v -0.580000 0.120000 -0.046329
v -0.589597 0.116581 0.008486
v -0.620000 0.120000 -0.046329
v -0.610403 0.116581 0.008486
v -0.580000 0.080000 -0.006079
v -0.620000 0.080000 -0.006079
v -0.620000 0.120000 -0.006079
v -0.580000 0.120000 -0.006079
v 0.180000 0.470000 -0.042669
v 0.189597 0.466581 0.012146
v 0.220000 0.470000 -0.042669
v 0.210403 0.466581 0.012146
v 0.180000 0.430000 -0.042669
v 0.189597 0.433419 0.012146
v 0.220000 0.430000 -0.042669
v 0.210403 0.433419 0.012146
v 0.180000 0.470000 -0.002419
v 0.220000 0.470000 -0.002419
v 0.220000 0.430000 -0.002419
v 0.180000 0.430000 -0.002419
v 0.201918 0.430000 -0.012392
v 0.180000 0.170000 0.018542
v 0.220000 0.170000 0.018542
v 0.220000 0.130000 0.018542
v 0.180000 0.130000 0.018542
v 0.220000 0.170000 -0.066277
v 0.180000 0.170000 -0.066277
v 0.220000 0.130000 -0.066277
v 0.180000 0.130000 -0.066277
v -0.320000 0.330000 -0.038094
v -0.316581 0.339597 0.016720
v -0.320000 0.370000 -0.038094
v -0.316581 0.360403 0.016720
v -0.280000 0.330000 -0.038094
v -0.283419 0.339597 0.016720
v -0.280000 0.370000 -0.038094
v -0.283419 0.360403 0.016720
v -0.320000 0.330000 0.002155
v -0.320000 0.370000 0.002155
v -0.280000 0.370000 0.002155
v -0.286576 0.330000 -0.001486
v -0.530000 -0.520000 -0.036437
v -0.539597 -0.516581 0.018377
v -0.570000 -0.520000 -0.036437
v -0.560403 -0.516581 0.018377
v -0.530000 -0.480000 -0.036437
v -0.539597 -0.483419 0.018377
v -0.570000 -0.480000 -0.036437
v -0.560403 -0.483419 0.018377
v -0.530000 -0.520000 0.003812
v -0.570000 -0.520000 0.003812
v -0.570000 -0.480000 0.003812
v -0.530000 -0.480000 0.003812
v -0.544247 -0.480000 -0.006161
v -0.530000 -0.280000 -0.026639
v -0.533419 -0.289597 0.028175
v -0.530000 -0.320000 -0.026639
v -0.533419 -0.310403 0.028175
v -0.570000 -0.280000 -0.026639
v -0.566581 -0.289597 0.028175
v -0.570000 -0.320000 -0.026639
v -0.566581 -0.310403 0.028175
v -0.530000 -0.280000 0.013610
v -0.530000 -0.320000 0.013610
v -0.570000 -0.320000 0.013610
v -0.570000 -0.280000 0.013610
v -0.220000 -0.280000 -0.025979
v -0.210403 -0.283419 0.028835
v -0.180000 -0.280000 -0.025979
v -0.189597 -0.283419 0.028835
v -0.220000 -0.320000 -0.025979
v -0.210403 -0.316581 0.028835
v -0.180000 -0.320000 -0.025979
v -0.189597 -0.316581 0.028835
v -0.220000 -0.280000 0.014271
v -0.180000 -0.280000 0.014271
v -0.180000 -0.320000 0.014271
v -0.220000 -0.320000 0.014271
v -0.198082 -0.320000 0.004297
v 0.070000 -0.120000 0.031797
v 0.030000 -0.120000 0.031797
v 0.030000 -0.080000 0.031797
v 0.070000 -0.080000 0.031797
v 0.030000 -0.120000 -0.053022
v 0.070000 -0.120000 -0.053022
v 0.030000 -0.080000 -0.053022
v 0.070000 -0.080000 -0.053022
v 0.630000 -0.320000 0.046966
v 0.630000 -0.280000 0.046966
v 0.670000 -0.280000 0.046966
v 0.670000 -0.320000 0.046966
v 0.630000 -0.280000 -0.037854
v 0.630000 -0.320000 -0.037854
v 0.670000 -0.280000 -0.037854
v 0.670000 -0.320000 -0.037854
v -0.180000 0.580000 0.044940
v -0.220000 0.580000 0.044940
v -0.220000 0.620000 0.044940
v -0.180000 0.620000 0.044940
v -0.220000 0.580000 -0.039880
v -0.180000 0.580000 -0.039880
v -0.220000 0.620000 -0.039880
v -0.180000 0.620000 -0.039880
v 0.370000 0.470000 -0.038676
v 0.366581 0.460403 0.016138
v 0.370000 0.430000 -0.038676
v 0.366581 0.439597 0.016138
v 0.330000 0.470000 -0.038676
v 0.333419 0.460403 0.016138
v 0.330000 0.430000 -0.038676
v 0.333419 0.439597 0.016138
v 0.370000 0.470000 0.001574
v 0.370000 0.430000 0.001574
v 0.330000 0.430000 0.001574
v 0.330000 0.470000 0.001574
v 0.355753 0.470000 -0.008400
v -0.070000 0.430000 -0.041374
v -0.066581 0.439597 0.013441
v -0.070000 0.470000 -0.041374
v -0.066581 0.460403 0.013441
v -0.030000 0.430000 -0.041374
v -0.033419 0.439597 0.013441
v -0.030000 0.470000 -0.041374
v -0.033419 0.460403 0.013441
v -0.070000 0.430000 -0.001124
v -0.030000 0.470000 -0.001124
v -0.030000 0.430000 -0.001124
v -0.063424 0.470000 -0.011098
v 0.170000 -0.320000 0.053812
v 0.130000 -0.320000 0.053812
v 0.130000 -0.280000 0.053812
v 0.170000 -0.280000 0.053812
v 0.130000 -0.320000 -0.031007
v 0.170000 -0.320000 -0.031007
v 0.130000 -0.280000 -0.031007
v 0.170000 -0.280000 -0.031007
v -0.230000 -0.480000 -0.043973
v -0.233419 -0.489597 0.010841
v -0.230000 -0.520000 -0.043973
v -0.233419 -0.510403 0.010841
v -0.270000 -0.480000 -0.043973
v -0.266581 -0.489597 0.010841
v -0.270000 -0.520000 -0.043973
v -0.266581 -0.510403 0.010841
v -0.230000 -0.480000 -0.003723
v -0.230000 -0.520000 -0.003723
v -0.270000 -0.520000 -0.003723
v -0.270000 -0.480000 -0.003723
v 0.670000 -0.380000 0.041558
v 0.670000 -0.420000 0.041558
v 0.630000 -0.420000 0.041558
v 0.630000 -0.380000 0.041558
v 0.670000 -0.420000 -0.043261
v 0.670000 -0.380000 -0.043261
v 0.630000 -0.420000 -0.043261
v 0.630000 -0.380000 -0.043261
v -0.530000 -0.070000 0.023464
v -0.570000 -0.070000 0.023464
v -0.570000 -0.030000 0.023464
v -0.530000 -0.030000 0.023464
v -0.570000 -0.070000 -0.061356
v -0.530000 -0.070000 -0.061356
v -0.570000 -0.030000 -0.061356
v -0.530000 -0.030000 -0.061356
v -0.470000 0.470000 0.049432
v -0.430000 0.470000 0.049432
v -0.430000 0.430000 0.049432
v -0.470000 0.430000 0.049432
v -0.430000 0.470000 -0.035388
v -0.470000 0.470000 -0.035388
v -0.430000 0.430000 -0.035388
v -0.470000 0.430000 -0.035388
v 0.680000 -0.420000 0.045078
v 0.680000 -0.380000 0.045078
v 0.720000 -0.380000 0.045078
v 0.720000 -0.420000 0.045078
v 0.680000 -0.380000 -0.039742
v 0.680000 -0.420000 -0.039742
v 0.720000 -0.380000 -0.039742
v 0.720000 -0.420000 -0.039742
v -0.530000 -0.220000 -0.032182
v -0.539597 -0.216581 0.022632
v -0.570000 -0.220000 -0.032182
v -0.560403 -0.216581 0.022632
v -0.530000 -0.180000 -0.032182
v -0.539597 -0.183419 0.022632
v -0.570000 -0.180000 -0.032182
v -0.560403 -0.183419 0.022632
v -0.530000 -0.220000 0.008068
v -0.570000 -0.220000 0.008068
v -0.570000 -0.180000 0.008068
v -0.530000 -0.180000 0.008068
v -0.370000 0.530000 0.040846
v -0.370000 0.570000 0.040846
v -0.330000 0.570000 0.040846
v -0.330000 0.530000 0.040846
v -0.370000 0.570000 -0.043974
v -0.370000 0.530000 -0.043974
v -0.330000 0.570000 -0.043974
v -0.330000 0.530000 -0.043974
v 0.130000 0.570000 0.034592
v 0.170000 0.570000 0.034592
v 0.170000 0.530000 0.034592
v 0.130000 0.530000 0.034592
v 0.170000 0.570000 -0.050228
v 0.130000 0.570000 -0.050228
v 0.170000 0.530000 -0.050228
v 0.130000 0.530000 -0.050228
v -0.130000 -0.570000 0.022470
v -0.170000 -0.570000 0.022470
v -0.170000 -0.530000 0.022470
v -0.130000 -0.530000 0.022470
v -0.170000 -0.570000 -0.062349
v -0.130000 -0.570000 -0.062349
v -0.170000 -0.530000 -0.062349
v -0.130000 -0.530000 -0.062349
v -0.320000 0.620000 0.036868
v -0.280000 0.620000 0.036868
v -0.280000 0.580000 0.036868
v -0.320000 0.580000 0.036868
v -0.280000 0.620000 -0.047952
v -0.320000 0.620000 -0.047952
v -0.280000 0.580000 -0.047952
v -0.320000 0.580000 -0.047952
v -0.220000 -0.120000 -0.030410
v -0.216581 -0.110403 0.024404
v -0.220000 -0.080000 -0.030410
v -0.216581 -0.089597 0.024404
v -0.180000 -0.120000 -0.030410
v -0.183419 -0.110403 0.024404
v -0.180000 -0.080000 -0.030410
v -0.183419 -0.089597 0.024404
v -0.220000 -0.080000 0.009839
v -0.180000 -0.080000 0.009839
v -0.180000 -0.120000 0.009839
v -0.480000 -0.070000 -0.044337
v -0.489597 -0.066581 0.010478
v -0.520000 -0.070000 -0.044337
v -0.510403 -0.066581 0.010478
v -0.480000 -0.030000 -0.044337
v -0.489597 -0.033419 0.010478
v -0.520000 -0.030000 -0.044337
v -0.510403 -0.033419 0.010478
v -0.480000 -0.070000 -0.004087
v -0.520000 -0.070000 -0.004087
v -0.520000 -0.030000 -0.004087
v -0.480000 -0.030000 -0.004087
v -0.520000 -0.048082 -0.014060
v -0.520000 -0.055753 -0.014060
v -0.520000 -0.048082 -0.007729
v -0.494247 -0.030000 -0.014060
v -0.498082 -0.030000 -0.007729
v 0.430000 0.530000 0.049390
v 0.430000 0.570000 0.049390
v 0.470000 0.570000 0.049390
v 0.470000 0.530000 0.049390
v 0.430000 0.570000 -0.035430
v 0.430000 0.530000 -0.035430
v 0.470000 0.570000 -0.035430
v 0.470000 0.530000 -0.035430
v 0.320000 0.170000 -0.053922
v 0.316581 0.160403 0.000892
v 0.320000 0.130000 -0.053922
v 0.316581 0.139597 0.000892
v 0.280000 0.170000 -0.053922
v 0.283419 0.160403 0.000892
v 0.280000 0.130000 -0.053922
v 0.283419 0.139597 0.000892
v 0.320000 0.170000 -0.013672
v 0.320000 0.130000 -0.013672
v 0.280000 0.130000 -0.013672
v 0.280000 0.170000 -0.013672
v 0.313424 0.170000 -0.023646
v -0.280000 0.120000 0.034818
v -0.280000 0.080000 0.034818
v -0.320000 0.080000 0.034818
v -0.320000 0.120000 0.034818
v -0.280000 0.080000 -0.050001
v -0.280000 0.120000 -0.050001
v -0.320000 0.080000 -0.050001
v -0.320000 0.120000 -0.050001
v 0.470000 0.230000 0.017764
v 0.430000 0.230000 0.017764
v 0.430000 0.270000 0.017764
v 0.470000 0.270000 0.017764
v 0.430000 0.230000 -0.067056
v 0.470000 0.230000 -0.067056
v 0.430000 0.270000 -0.067056
v 0.470000 0.270000 -0.067056
v -0.370000 0.470000 -0.028041
v -0.360403 0.466581 0.026773
v -0.330000 0.470000 -0.028041
v -0.339597 0.466581 0.026773
v -0.370000 0.430000 -0.028041
v -0.360403 0.433419 0.026773
v -0.330000 0.430000 -0.028041
v -0.339597 0.433419 0.026773
v -0.370000 0.470000 0.012209
v -0.330000 0.470000 0.012209
v -0.330000 0.430000 0.012209
v -0.370000 0.430000 0.012209
v 0.670000 0.420000 0.029728
v 0.670000 0.380000 0.029728
v 0.630000 0.380000 0.029728
v 0.630000 0.420000 0.029728
v 0.670000 0.380000 -0.055091
v 0.670000 0.420000 -0.055091
v 0.630000 0.380000 -0.055091
v 0.630000 0.420000 -0.055091
v 0.170000 0.070000 -0.047061
v 0.166581 0.060403 0.007753
v 0.170000 0.030000 -0.047061
v 0.166581 0.039597 0.007753
v 0.130000 0.070000 -0.047061
v 0.133419 0.060403 0.007753
v 0.130000 0.030000 -0.047061
v 0.133419 0.039597 0.007753
v 0.170000 0.070000 -0.006812
v 0.170000 0.030000 -0.006812
v 0.130000 0.070000 -0.006812
v -0.070000 0.620000 -0.031623
v -0.060403 0.616581 0.023192
v -0.030000 0.620000 -0.031623
v -0.039597 0.616581 0.023192
v -0.070000 0.580000 -0.031623
v -0.060403 0.583419 0.023192
v -0.030000 0.580000 -0.031623
v -0.039597 0.583419 0.023192
v -0.070000 0.620000 0.008627
v -0.030000 0.620000 0.008627
v -0.030000 0.580000 0.008627
v -0.070000 0.580000 0.008627
v -0.070000 0.586576 -0.001347
v -0.080000 0.680000 -0.020422
v -0.089597 0.683419 0.034392
v -0.120000 0.680000 -0.020422
v -0.110403 0.683419 0.034392
v -0.080000 0.720000 -0.020422
v -0.089597 0.716581 0.034392
v -0.120000 0.720000 -0.020422
v -0.110403 0.716581 0.034392
v -0.080000 0.680000 0.019827
v -0.120000 0.680000 0.019827
v -0.120000 0.720000 0.019827
v -0.080000 0.720000 0.019827
v -0.086576 0.680000 0.009854
v -0.470000 -0.130000 0.038427
v -0.430000 -0.130000 0.038427
v -0.430000 -0.170000 0.038427
v -0.470000 -0.170000 0.038427
v -0.430000 -0.130000 -0.046392
v -0.470000 -0.130000 -0.046392
v -0.430000 -0.170000 -0.046392
v -0.470000 -0.170000 -0.046392
v 0.130000 0.620000 -0.036466
v 0.139597 0.616581 0.018348
v 0.170000 0.620000 -0.036466
v 0.160403 0.616581 0.018348
v 0.130000 0.580000 -0.036466
v 0.139597 0.583419 0.018348
v 0.170000 0.580000 -0.036466
v 0.160403 0.583419 0.018348
v 0.130000 0.620000 0.003784
v 0.170000 0.620000 0.003784
v 0.170000 0.580000 0.003784
v 0.130000 0.580000 0.003784
v -0.280000 0.320000 0.030016
v -0.280000 0.280000 0.030016
v -0.320000 0.280000 0.030016
v -0.320000 0.320000 0.030016
v -0.280000 0.280000 -0.054804
v -0.280000 0.320000 -0.054804
v -0.320000 0.280000 -0.054804
v -0.320000 0.320000 -0.054804
v 0.230000 0.230000 0.013024
v 0.230000 0.270000 0.013024
v 0.270000 0.270000 0.013024
v 0.270000 0.230000 0.013024
v 0.230000 0.270000 -0.071796
v 0.230000 0.230000 -0.071796
v 0.270000 0.270000 -0.071796
v 0.270000 0.230000 -0.071796
v -0.620000 -0.380000 -0.035027
v -0.610403 -0.383419 0.019787
v -0.580000 -0.380000 -0.035027
v -0.589597 -0.383419 0.019787
v -0.620000 -0.420000 -0.035027
v -0.610403 -0.416581 0.019787
v -0.580000 -0.420000 -0.035027
v -0.589597 -0.416581 0.019787
v -0.620000 -0.380000 0.005222
v -0.580000 -0.380000 0.005222
v -0.580000 -0.420000 0.005222
v -0.620000 -0.420000 0.005222
v -0.530000 0.380000 0.041901
v -0.570000 0.380000 0.041901
v -0.570000 0.420000 0.041901
v -0.530000 0.420000 0.041901
v -0.570000 0.380000 -0.042918
v -0.530000 0.380000 -0.042918
v -0.570000 0.420000 -0.042918
v -0.530000 0.420000 -0.042918
v 0.280000 0.080000 -0.047409
v 0.283419 0.089597 0.007405
v 0.280000 0.120000 -0.047409
v 0.283419 0.110403 0.007405
v 0.320000 0.080000 -0.047409
v 0.316581 0.089597 0.007405
v 0.320000 0.120000 -0.047409
v 0.316581 0.110403 0.007405
v 0.280000 0.080000 -0.007159
v 0.280000 0.120000 -0.007159
v 0.320000 0.120000 -0.007159
v 0.320000 0.080000 -0.007159
v 0.320000 0.094247 -0.017133
v 0.020000 0.180000 0.018341
v -0.020000 0.180000 0.018341
v -0.020000 0.220000 0.018341
v 0.020000 0.220000 0.018341
v -0.020000 0.180000 -0.066479
v 0.020000 0.180000 -0.066479
v -0.020000 0.220000 -0.066479
v 0.020000 0.220000 -0.066479
v 0.730000 0.120000 -0.025338
v 0.739597 0.116581 0.029477
v 0.770000 0.120000 -0.025338
v 0.760403 0.116581 0.029477
v 0.730000 0.080000 -0.025338
v 0.739597 0.083419 0.029477
v 0.770000 0.080000 -0.025338
v 0.760403 0.083419 0.029477
v 0.730000 0.120000 0.014912
v 0.770000 0.080000 0.014912
v 0.730000 0.080000 0.014912
v -0.370000 0.470000 -0.026943
v -0.360403 0.466581 0.027871
v -0.330000 0.470000 -0.026943
v -0.339597 0.466581 0.027871
v -0.370000 0.430000 -0.026943
v -0.360403 0.433419 0.027871
v -0.330000 0.430000 -0.026943
v -0.339597 0.433419 0.027871
v -0.330000 0.470000 0.013306
v -0.330000 0.430000 0.013306
v -0.330000 0.448082 0.003333
v 0.670000 -0.420000 0.038260
v 0.630000 -0.420000 0.038260
v 0.630000 -0.380000 0.038260
v 0.670000 -0.380000 0.038260
v 0.630000 -0.420000 -0.046560
v 0.670000 -0.420000 -0.046560
v 0.630000 -0.380000 -0.046560
v 0.670000 -0.380000 -0.046560
v -0.430000 0.280000 -0.031516
v -0.439597 0.283419 0.023298
v -0.470000 0.280000 -0.031516
v -0.460403 0.283419 0.023298
v -0.430000 0.320000 -0.031516
v -0.439597 0.316581 0.023298
v -0.470000 0.320000 -0.031516
v -0.460403 0.316581 0.023298
v -0.430000 0.280000 0.008734
v -0.470000 0.280000 0.008734
v -0.470000 0.320000 0.008734
v -0.430000 0.320000 0.008734
v -0.370000 -0.380000 0.039852
v -0.330000 -0.380000 0.039852
v -0.330000 -0.420000 0.039852
v -0.370000 -0.420000 0.039852
v -0.330000 -0.380000 -0.044968
v -0.370000 -0.380000 -0.044968
v -0.330000 -0.420000 -0.044968
v -0.370000 -0.420000 -0.044968
v 0.280000 -0.670000 -0.053444
v 0.283419 -0.660403 0.001370
v 0.280000 -0.630000 -0.053444
v 0.283419 -0.639597 0.001370
v 0.320000 -0.670000 -0.053444
v 0.316581 -0.660403 0.001370
v 0.320000 -0.630000 -0.053444
v 0.316581 -0.639597 0.001370
v 0.280000 -0.670000 -0.013194
v 0.280000 -0.630000 -0.013194
v 0.320000 -0.630000 -0.013194
v 0.320000 -0.670000 -0.013194
v 0.286576 -0.670000 -0.023168
vn -0.0000 -0.0000 1.0000
vn -0.0000 -0.0000 -1.0000
vn 1.0000 -0.0000 -0.0000
vn -0.9900 0.0680 0.1236
vn -0.9889 0.0831 0.1234
vn -0.7414 0.6605 0.1188
vn -0.0000 1.0000 -0.0000
vn 0.9765 -0.0053 0.2153
vn 0.8759 0.0546 0.4794
vn 0.8922 -0.0415 0.4497
vn -0.0315 -0.9226 0.3845
vn -0.0000 -1.0000 -0.0000
vn -0.0000 -0.9988 0.0489
vn 0.8285 -0.5392 0.1515
vn 0.7999 -0.5538 0.2312
vn 0.4018 -0.9129 -0.0724
vn -1.0000 -0.0000 -0.0000
vn 0.0711 -0.9962 0.0505
vn 0.0381 -0.9993 0.0055
vn -0.0393 -0.9992 0.0037
vn 0.6857 0.6988 0.2037
vn -0.0706 0.9974 0.0131
vn -0.0285 0.9993 -0.0233
vn -0.6494 -0.7557 0.0849
vn -0.0842 -0.9896 0.1170
vn -0.8247 -0.5389 0.1717
vn 0.9829 -0.0558 0.1755
vn -0.0000 0.9987 0.0506
vn -0.0562 0.9972 0.0503
vn 0.0480 -0.9534 0.2979
vn -0.0000 -0.9996 0.0277
vn -0.0000 0.9977 0.0684
vn -0.1393 0.9857 0.0954
vn 0.0335 0.9795 0.1987
vn -0.0000 0.9672 0.2539
vn 0.9983 -0.0000 0.0584
vn 0.7898 -0.1905 0.5831
vn -0.0563 0.9934 0.1002
vn -0.0175 0.9997 0.0175
vn -0.0000 0.9996 0.0294
vn -0.0000 -0.9987 0.0506
vn -0.0000 -0.9969 0.0783
vn 0.0710 -0.9961 0.0525
vn -0.0000 -0.9997 0.0253
vn -0.0000 -0.9971 0.0764
vn 0.0005 -0.9983 -0.0584
vn -0.4049 -0.0609 -0.9123
vn -0.0818 -0.9886 0.1264
vn 0.0372 -0.9819 0.1857
vn -0.9791 0.0310 0.2009
vn -0.9942 -0.0000 0.1077
vn -0.9072 -0.0046 0.4207
vn -0.9938 -0.0000 0.1115
vn -0.9957 -0.0000 0.0923
vn -0.9830 -0.0000 0.1834
vn -0.6605 0.4171 0.6243
vn -0.0000 0.9991 0.0435
vn -0.0555 0.9950 0.0828
vn 0.0140 0.9970 0.0758
vn -0.0380 0.9905 0.1319
vn -0.0000 0.9989 0.0468
vn 0.0966 0.9263 0.3642
vn 0.1767 -0.9350 0.3074
vn 0.0367 -0.9786 0.2022
vn 0.0488 -0.5392 0.8408
vn -0.9341 -0.2351 0.2685
vn -0.9372 -0.1127 0.3302
vn 0.9978 -0.0565 0.0358
vn 0.9987 -0.0000 0.0506
vn -0.0000 0.9970 0.0780
vn 0.0257 0.9845 0.1734
vn 0.9191 0.1855 0.3477
vn 0.6998 0.6201 0.3547
vn 0.5024 0.7708 0.3918
vn -0.0000 -0.9831 0.1833
vn 0.0341 -0.9919 0.1228
vn -0.0000 -0.9673 0.2537
vn -0.6638 -0.7368 0.1285
vn -0.0408 -0.9973 0.0617
vn -0.0934 -0.9932 0.0693
vn -0.6763 -0.7323 -0.0800
vn -0.7731 -0.6090 0.1772
vn -0.0095 0.9697 -0.2440
vn 0.0249 -0.9958 0.0878
vn 0.9586 0.0781 0.2739
vn 0.9789 -0.2006 0.0391
vn 0.9913 -0.0000 0.1313
vn 0.9888 0.0609 0.1364
vn 0.5720 0.7890 0.2241
vn 0.7339 0.6364 0.2372
vn 0.0260 0.9372 0.3479
vn -0.0083 0.9741 0.2259
vn -0.0569 0.9011 0.4298
vn 0.0560 -0.9922 0.1116
vn 0.0174 -0.9995 0.0280
vn -0.0103 -0.9996 0.0259
vn 0.4825 0.0341 -0.8753
vn 0.0029 0.9987 0.0502
vn 0.9617 -0.0971 0.2563
vn 0.9878 -0.0694 0.1391
vn -0.0390 -0.8898 0.4547
vn 0.1766 -0.9145 0.3640
vn 0.0558 -0.8663 0.4965
vn -0.6839 -0.6919 0.2315
vn -0.9850 -0.0000 0.1725
vn -0.4795 -0.8490 0.2219
vn -0.9979 0.0562 0.0320
vn -0.9987 -0.0000 0.0506
vn -0.9982 -0.0000 0.0600
vn -0.1787 -0.9697 0.1669
vn -0.0000 -0.9989 0.0479
vn -0.0466 -0.9220 0.3844
vn 0.6923 -0.0320 0.7209
vn 0.9997 -0.0000 0.0252
vn 0.9672 -0.0000 0.2539
vn 0.9673 -0.0000 0.2537
vn -0.9147 0.0261 0.4034
vn -0.9507 0.0243 0.3092
vn -0.8718 -0.0573 0.4865
vn -0.9831 -0.0000 0.1832
vn -0.9672 -0.0000 0.2539
vn -0.0469 -0.9984 0.0325
vn -0.6960 0.7043 -0.1399
vn -0.5832 0.7981 0.1515
vn 0.0103 0.9990 0.0433
vn 0.9147 -0.0261 0.4034
vn 0.9507 -0.0243 0.3092
vn 0.8718 0.0573 0.4865
vn -0.9673 -0.0000 0.2537
vn -0.9661 0.1653 0.1984
vn -0.9372 0.0260 0.3479
vn -0.9741 -0.0083 0.2259
vn -0.9011 -0.0569 0.4298
vn -0.0407 0.9245 0.3791
vn -0.0000 0.9999 0.0167
vn -0.9579 0.0595 0.2808
vn -0.9858 -0.0119 0.1677
vn 0.2840 0.6415 -0.7126
vn -0.0230 -0.9509 0.3086
vn -0.0000 -0.9378 0.3471
vn 0.0573 -0.8718 0.4865
vn -0.0260 -0.9372 0.3479
vn 0.0024 -0.9801 0.1984
vn 0.0569 -0.9011 0.4298
vn 0.1364 -0.9670 0.2150
vn 0.0457 -0.9952 0.0862
vn 0.2482 -0.8648 0.4364
vn -0.0000 -0.9672 0.2539
vn -0.9334 -0.0052 0.3589
vn -0.9722 0.0409 0.2307
vn 0.2280 -0.9310 0.2849
vn -0.0502 -0.9860 0.1588
vn 0.9459 -0.0713 0.3164
vn 0.9817 -0.0362 0.1868
vn 0.2279 -0.9422 0.2454
vn 0.0578 -0.9805 0.1879
vn 0.0715 -0.9957 0.0595
vn 0.0380 -0.9983 0.0449
vn -0.0391 -0.9989 0.0261
vn -0.0000 0.9987 0.0517
vn 0.1137 0.9565 0.2685
vn -0.9257 -0.0818 0.3692
vn -0.9669 0.1440 0.2105
vn -0.0000 0.9997 0.0255
vn -0.0000 0.9971 0.0764
vn -0.0005 0.9983 -0.0584
vn -0.1770 0.9411 0.2880
vn -0.0293 0.9812 0.1907
vn 0.8488 -0.5244 0.0669
vn 0.9999 -0.0124 0.0024
vn 0.7356 -0.5775 0.3542
vn -0.0000 0.9948 0.1014
vn -0.0000 0.9953 0.0970
vn -0.0961 0.9954 -0.0020
vn -0.0260 -0.9147 0.4034
vn 0.0764 -0.9288 0.3626
vn -0.0000 -0.9985 0.0540
vn -0.9871 0.0569 0.1493
vn -0.3405 0.0470 -0.9391
vn 0.9997 -0.0000 0.0254
vn 0.9949 -0.0444 0.0902
vn 0.9927 -0.0665 0.1005
vn 1.0000 0.0005 0.0053
vn 0.9444 -0.0402 0.3265
vn 0.9993 -0.0000 0.0381
vn 0.9969 -0.0000 0.0786
vn -0.9466 -0.1772 0.2693
vn -0.9980 0.0076 0.0634
vn -0.9831 -0.0000 0.1830
vn -0.0254 0.9761 0.2160
vn -0.0251 0.9722 0.2327
vn -0.0544 0.9810 0.1861
vn -0.9934 -0.0561 0.1001
vn -0.9981 -0.0172 0.0590
vn -0.9991 0.0103 0.0400
vn 0.0711 0.9968 0.0356
vn -0.0000 0.9983 0.0580
vn -0.0516 0.9721 0.2288
vn -0.0000 0.9996 0.0277
vn -0.0480 0.9534 0.2979
vn -0.8567 0.0446 0.5138
vn -0.9242 0.0026 0.3819
vn -0.8350 -0.0559 0.5474
vn 0.6786 -0.7343 -0.0168
vn 0.9458 -0.0273 0.3235
vn 0.9182 0.0531 0.3926
vn 0.9998 -0.0000 0.0191
vn 0.9925 0.0208 0.1202
vn 0.9968 -0.0000 0.0801
vn 0.9894 -0.0000 0.1449
vn 0.9919 -0.0314 0.1232
vn -0.0000 0.9915 0.1297
vn -0.0578 -0.9889 0.1367
vn -0.9388 -0.0764 0.3357
vn -0.9962 -0.0000 0.0876
vn 0.0261 0.9147 0.4034
vn 0.0239 0.9504 0.3101
vn -0.0573 0.8718 0.4865
vn 0.7071 -0.0000 -0.7071
vn 0.7647 -0.0000 -0.6444
vn 0.1772 -0.9466 0.2694
vn 0.0442 -0.9705 0.2372
vn 0.9942 -0.0000 0.1074
vn 0.9341 0.2352 0.2685
vn -0.8914 -0.3338 0.3065
vn 0.6348 0.7719 0.0358
vn 0.0036 0.6707 -0.7417
vn 0.9828 -0.0000 0.1846
vn 0.9228 0.0054 0.3853
vn 0.9687 -0.0307 0.2465
vn -0.0048 -0.9917 0.1284
vn 0.0374 -0.9958 0.0830
vn 0.0591 -0.9894 0.1327
vn 0.5515 0.8299 -0.0845
vn 0.0604 0.9940 0.0913
vn -0.0611 0.9978 0.0262
vn -0.9977 -0.0565 0.0364
vn -0.9981 -0.0385 0.0484
vn -0.9939 0.0591 0.0930
vn 0.9758 0.0771 0.2048
vn -0.0000 0.9991 0.0423
vn 0.0103 0.9999 0.0036
vn -0.0382 0.9867 0.1581
vn -0.1347 0.9550 0.2643
vn -0.6865 0.6773 0.2646
vn -0.0565 -0.9983 0.0151
vn -0.0000 -0.9971 0.0762
vn 0.9950 -0.0000 0.0994
vn 0.8693 0.4729 -0.1439
vn 0.9809 0.0820 0.1762
vn 0.9961 -0.0000 0.0879
vn 0.9162 0.0583 0.3965
vn -0.0000 0.9982 0.0600
vn -0.0715 0.9957 0.0595
vn -0.9146 0.0260 0.4034
vn -0.9153 -0.0386 0.4009
vn -0.9862 -0.0505 0.1576
vn -0.9354 -0.0310 0.3522
vn -0.9834 0.0072 0.1810
vn -0.0000 -0.9950 0.1004
vn -0.0000 -0.9941 0.1082
vn 0.0563 -0.9984 0.0092
vn -0.9253 -0.1761 0.3360
vn -0.9781 -0.1029 0.1809
vn -0.5465 -0.7761 0.3146
vn 0.9146 -0.0260 0.4034
vn 0.0199 0.9976 0.0668
vn -0.0560 0.9964 0.0639
vn -0.0564 0.9922 0.1109
vn -0.6750 0.3630 0.6424
vn -0.9997 -0.0000 0.0252
vn 0.9832 -0.0000 0.1824
vn -0.5594 0.2746 -0.7821
vn -0.0291 -0.9975 0.0646
vn -0.0387 -0.9970 0.0677
vn -0.0914 -0.9818 0.1662
vn -0.2067 -0.9719 0.1127
vn -0.6950 -0.7185 0.0253
vn 0.9950 -0.0000 0.1004
vn 0.9941 -0.0000 0.1082
vn 0.9984 0.0563 0.0092
vn -0.3045 -0.8637 -0.4015
vn -0.0000 0.9964 0.0849
vn -0.0000 0.9919 0.1274
vn -0.0000 0.9831 0.1833
vn 0.8968 -0.1038 0.4301
vn 0.9381 0.2276 0.2612
vn 0.8775 0.1180 0.4648
vn -0.9516 -0.0601 0.3015
vn -0.0000 0.9949 0.1007
vn -0.0451 0.9781 0.2032
vn 0.0925 0.3201 -0.9428
vn -0.0780 0.9863 0.1456
vn -0.0000 0.9418 0.3362
vn -0.0000 0.9673 0.2537
vn 0.9955 0.0561 0.0759
vn 0.9998 0.0175 -0.0056
vn 0.9999 -0.0104 0.0102
vn 0.9960 -0.0000 0.0890
vn 0.9962 0.0562 0.0662
vn 0.0056 -0.9400 0.3411
vn -0.0406 -0.9716 0.2332
vn 0.8153 0.0562 0.5763
vn 0.8435 -0.0394 0.5357
vn 0.9829 -0.0000 0.1841
vn 0.9673 -0.0000 0.2538
vn 0.7512 0.4342 0.4971
vn 0.9846 0.0827 0.1537
vn 0.1003 -0.9793 0.1759
vn 0.8220 -0.3991 0.4064
vn 0.7741 -0.5472 0.3182
vn 0.1016 -0.9771 0.1870
vn -0.0000 -0.9963 0.0858
vn 0.0710 -0.9959 0.0564
vn 0.9983 0.0566 0.0116
vn 0.9977 0.0177 -0.0659
vn 0.9998 -0.0104 -0.0174
vn -0.1747 -0.9730 0.1508
vn 0.9960 0.0715 0.0542
vn 0.0565 -0.9974 0.0441
vn -0.9769 -0.1019 0.1879
vn -0.6334 -0.7420 0.2196
vn -0.9536 -0.1451 0.2639
vn -0.9859 -0.0000 0.1674
vn -0.8921 -0.0768 0.4453
vn -0.9780 -0.1092 0.1777
vn 0.9962 -0.0000 0.0876
vn 0.9793 0.0314 0.2000
vn -0.9265 -0.0000 0.3762
vn -0.0000 0.9992 0.0399
vn -0.0164 0.9227 0.3853
vn 0.1788 0.9554 0.2352
vn -0.9252 0.0058 0.3793
vn -0.9738 -0.0062 0.2271
vn 0.9563 0.1083 0.2716
vn 0.9834 0.0746 0.1657
vn -0.0000 0.9918 0.1279
vn 0.9767 -0.0000 0.2147
vn 0.9327 -0.0884 0.3496
vn -0.9592 0.0243 0.2816
vn 0.6047 0.7595 0.2396
vn 0.5580 0.7968 0.2318
vn -0.9735 0.0989 0.2060
vn -0.9819 0.0734 0.1747
vn 0.0691 0.9948 0.0749
vn -0.0156 0.9925 0.1216
vn -0.1704 0.9126 0.3718
vn -0.0667 0.9846 0.1613
vn 0.0204 -0.9919 0.1258
vn -0.1294 0.5000 0.8563
vn -0.9968 -0.0000 0.0794
vn -0.9942 -0.0563 0.0921
vn 0.2955 0.6832 0.6677
vn -0.0000 0.9997 0.0254
vn 0.0016 0.9991 0.0422
vn -0.0369 0.9978 0.0558
vn -0.0369 0.9978 0.0557
vn -0.9406 -0.0182 0.3391
vn -0.9972 -0.0000 0.0751
vn 0.0561 -0.9961 0.0679
vn 0.0171 -0.9977 0.0662
vn -0.0104 -0.9990 0.0432
vn 0.9965 0.0712 0.0428
vn 0.9990 0.0380 0.0245
vn 0.9982 -0.0563 0.0200
vn 0.9919 -0.0000 0.1274
vn 0.9963 -0.0475 0.0718
vn 0.9959 0.0194 0.0888
vn -0.0243 -0.9592 0.2816
vn -0.9912 -0.0000 0.1320
vn -0.9881 0.0318 0.1506
vn -0.9760 0.0151 0.2174
vn -0.9697 0.0420 0.2407
vn -0.9457 -0.0478 0.3214
vn 0.9111 0.0547 0.4085
vn 0.8981 -0.0773 0.4330
vn 0.9968 -0.0000 0.0794
vn 0.9942 0.0563 0.0921
vn 0.0303 -0.9995 -0.0032
vn -0.0000 -0.9977 0.0683
vn 0.0563 -0.9876 0.1467
vn -0.7315 0.6809 0.0359
vn -0.9819 -0.0914 0.1662
vn -0.9818 -0.0914 0.1662
vn -0.0000 0.8756 -0.4831
vn 0.9829 -0.0000 0.1843
vn 0.9982 -0.0563 0.0217
vn 0.9978 -0.0000 0.0668
vn -0.9961 -0.0561 0.0679
vn -0.9977 -0.0171 0.0662
vn -0.9990 0.0104 0.0432
vn -0.9870 -0.0000 0.1608
vn -0.9750 -0.1801 0.1301
vn -0.9886 -0.0779 0.1289
vn -0.0000 0.9993 0.0363
vn -0.0065 0.9967 0.0814
vn 0.9918 -0.1048 0.0733
vn 0.9973 0.0534 0.0506
vn 0.6917 -0.5112 0.5101
vn 0.9102 -0.0445 0.4118
vn -0.9707 0.0398 0.2371
vn 0.1768 -0.9350 0.3074
vn -0.0000 -0.9947 0.1032
vn -0.9977 -0.0250 0.0624
vn 0.9830 -0.0000 0.1837
vn -0.0000 0.9968 0.0794
vn -0.0563 0.9942 0.0921
vn -0.9987 -0.0000 0.0517
vn -0.0561 0.9961 0.0679
vn -0.0172 0.9977 0.0662
vn -0.9756 0.0357 0.2167
vn -0.9812 0.0621 0.1825
vn 0.0860 0.9918 0.0942
vn 0.6399 0.7413 0.2026
vn 0.0803 0.9920 0.0975
vn 0.9521 -0.0732 0.2970
vn 0.9985 -0.0000 0.0540
vn -0.0688 0.9893 0.1288
vn -0.0000 0.9976 0.0687
vn -0.0249 0.9955 0.0916
vn 0.9955 0.0711 0.0631
vn 0.9991 0.0381 0.0174
vn 0.9955 -0.0450 0.0829
vn -0.9966 -0.0000 0.0820
vn 0.0248 0.2082 -0.9778
vn 0.0564 -0.9957 0.0729
vn 0.0175 -0.9998 -0.0086
vn -0.0103 -0.9999 0.0090
vn -0.0000 -0.9960 0.0889
vn -0.0040 -0.9913 0.1319
vn 0.0187 -0.9898 0.1411
vn -0.0000 -0.9968 0.0794
vn 0.0563 -0.9942 0.0921
vn -0.9856 -0.1393 0.0954
vn -0.9981 -0.0361 0.0502
vn -0.9994 0.0295 0.0199
vn -0.0764 0.9288 0.3627
vn -0.0574 0.9684 0.2427
vn 0.9682 0.0321 0.2481
vn 0.8564 0.0529 0.5136
vn 0.8671 -0.0445 0.4962
vn -0.8661 -0.0557 0.4967
vn -0.9971 -0.0000 0.0764
vn -0.9983 -0.0005 -0.0584
vn -0.0000 -0.9987 0.0517
vn 0.9995 -0.0268 -0.0162
vn 0.7926 -0.5947 0.1344
vn 0.9990 -0.0397 0.0181
vn 0.9831 -0.0000 0.1830
vn 0.1864 -0.9106 0.3689
vn 0.1271 -0.9703 0.2056
vn 0.7334 -0.5548 0.3928
vn 0.0365 0.9731 0.2275
vn -0.1820 0.9739 0.1357
vn -0.0521 0.9613 0.2705
vn 0.2118 -0.8934 0.3962
vn -0.0364 -0.9960 0.0819
vn 0.0165 -0.9995 0.0276
vn -0.1393 0.9856 0.0954
vn -0.0361 0.9981 0.0502
vn 0.0297 0.9994 0.0197
vn 0.0187 -0.9802 0.1971
vn -0.0247 -0.9970 0.0739
vn -0.0275 -0.9950 0.0961
vn -0.6605 0.1018 0.7439
vn -0.9993 0.0196 0.0326
vn -0.9977 -0.0000 0.0671
vn 0.0328 -0.9748 0.2208
vn 0.0131 -0.9995 0.0296
vn 0.0563 -0.9914 0.1181
vn 0.0176 -0.9992 0.0365
vn -0.6024 -0.7638 0.2319
vn -0.0459 -0.9975 0.0529
vn -0.9135 -0.0546 0.4032
vn -0.0000 -0.9969 0.0786
vn 0.0250 -0.9968 0.0763
vn 0.9465 0.0481 0.3190
vn 0.9715 0.0392 0.2339
vn -0.0563 0.9984 0.0096
vn -0.0177 0.9975 -0.0680
vn 0.0103 0.9998 -0.0181
vn 0.9986 0.0466 -0.0235
vn -0.0000 -0.9979 0.0642
vn -0.0000 -0.9977 0.0674
vn 0.0563 -0.9984 0.0101
vn -0.0000 0.9970 0.0777
vn 0.0413 0.9789 0.2002
vn -0.7212 -0.6924 0.0231
vn -0.8349 0.5487 -0.0432
vn -0.7949 0.5772 0.1868
vn -0.1394 -0.9870 0.0803
vn 0.6897 0.6888 0.2236
vn 0.9924 0.1150 -0.0439
vn 0.9833 0.0862 0.1605
vn 0.4634 -0.8624 0.2036
vn -0.0562 0.9975 0.0422
vn 0.0978 -0.9312 0.3512
vn -0.0544 -0.9536 0.2960
vn 0.0090 -0.9965 0.0827
vn 0.6886 -0.6766 0.2608
vn 0.9978 -0.0369 0.0558
vn 0.9974 -0.0168 0.0699
vn 0.1769 -0.9377 0.2990
vn 0.0452 -0.9781 0.2030
vn -0.8738 0.0501 0.4836
vn -0.9298 0.0571 0.3636
vn -0.8601 -0.0558 0.5070
vn -0.9857 -0.1392 0.0954
vn -0.0565 -0.9979 0.0320
vn 0.0230 -0.9979 0.0600
vn -0.0000 -0.9971 0.0765
vn -0.9979 -0.0000 0.0649
vn -0.9984 -0.0000 0.0564
vn -0.6787 -0.7344 -0.0052
vn -0.2317 -0.9412 0.2457
vn -0.0328 -0.9237 0.3817
vn 0.2215 0.9711 0.0890
vn 0.0296 0.9980 0.0558
vn 0.9585 -0.0422 0.2819
vn 0.9874 0.0718 0.1408
vn 0.9810 0.0195 0.1930
vn 0.1774 -0.9262 0.3328
vn -0.0561 0.8345 0.5482
vn 0.0561 0.8345 0.5482
vn -0.9977 -0.0000 0.0674
vn -0.9729 -0.0724 0.2197
vn 0.0724 0.9616 0.2648
vn -0.1824 0.9252 0.3328
vn -0.0537 0.9312 0.3606
vn 0.0561 -0.9974 0.0455
vn 0.0176 -0.9993 -0.0343
vn -0.0103 -0.9999 -0.0027
vn -0.0836 -0.8551 0.5116
vn 0.0240 0.9964 0.0808
vn 0.2130 0.9167 0.3381
vn 0.2257 0.8841 0.4091
vn -0.9865 -0.1393 0.0856
vn -0.9964 -0.0360 0.0764
vn -0.9990 0.0297 0.0336
vn -0.0712 0.9974 0.0073
vn -0.0382 0.9986 -0.0355
vn 0.0393 0.9990 -0.0195
vn 0.9051 0.0467 0.4227
vn 0.9726 0.0630 0.2236
vn 0.9590 0.0480 0.2792
vn 0.0560 -0.9934 0.1001
vn 0.0172 -0.9981 0.0590
vn -0.0103 -0.9991 0.0399
vn 0.0142 0.8960 0.4438
vn 0.0115 0.9257 0.3782
vn 0.0141 0.8960 0.4438
vn -0.9987 -0.0000 0.0515
vn -0.9994 0.0295 0.0192
vn -0.0394 -0.8435 0.5357
vn 0.0562 -0.8153 0.5763
vn 0.9996 0.0023 0.0274
vn 0.9972 0.0277 0.0697
vn 0.9985 0.0523 0.0129
vn -0.9967 -0.0176 0.0798
vn -0.9968 -0.0369 0.0713
vn -0.9983 -0.0411 0.0409
vn 0.9839 0.0291 0.1762
vn 0.9174 0.0544 0.3943
vn 0.9354 -0.0381 0.3515
vn -0.0000 -0.9974 0.0725
vn -0.0022 -0.9985 0.0540
vn -0.0186 -0.9997 0.0184
vn 0.0775 0.9298 0.3599
vn 0.2317 0.9413 0.2457
vn -0.9978 0.0369 0.0557
vn -0.9968 0.0369 0.0707
vn -0.9969 -0.0342 0.0710
vn 0.0315 0.9688 0.2459
vn 0.0340 0.9241 0.3806
vn 0.9370 -0.0001 0.3493
vn -0.9951 -0.0563 0.0818
vn -0.9998 -0.0175 -0.0002
vn -0.9999 0.0104 0.0128
vn 0.5252 -0.8498 -0.0451
vn 0.0749 -0.9966 0.0341
vn -0.0000 -0.9997 0.0254
vn -0.0606 0.9686 0.2412
vn -0.0000 0.9965 0.0833
vn -0.1788 0.9253 0.3344
vn 0.0470 -0.8941 0.4454
vn 0.0511 -0.9721 0.2291
vn 0.1099 0.8728 0.4756
vn -0.1790 0.9561 0.2322
vn -0.1148 0.8658 0.4870
vn -0.0811 0.9958 0.0431
vn -0.4941 0.7872 0.3690
vn 0.9963 -0.0000 0.0858
vn 0.9959 0.0711 0.0564
vn -0.9978 -0.0000 0.0664
vn -0.9970 -0.0250 0.0735
vn -0.0000 0.9972 0.0751
vn -0.0563 0.9982 0.0215
vn 0.9690 -0.1741 0.1754
vn 0.6605 -0.2198 0.7179
vn 0.9525 0.1277 0.2764
vn 0.9833 0.0795 0.1640
vn 0.9801 0.0482 0.1924
vn -0.0000 -0.9913 0.1314
vn -0.0000 -0.9821 0.1882
vn 0.0566 0.9984 0.0092
vn -0.0000 0.9964 0.0846
vn 0.1393 -0.9857 0.0954
vn 0.0361 -0.9981 0.0502
vn -0.0298 -0.9994 0.0196
vn 0.9516 -0.0376 0.3051
vn 0.9604 0.1782 0.2143
vn 0.9359 0.0536 0.3481
vn 0.0157 0.9706 0.2403
vn 0.0661 0.9859 0.1535
vn 0.9961 0.0561 0.0679
vn 0.9977 0.0171 0.0662
vn 0.9990 -0.0104 0.0432
vn 0.9963 0.0564 0.0650
vn 0.9997 0.0176 -0.0160
vn 0.9999 -0.0104 0.0055
vn 0.9971 -0.0000 0.0764
vn 0.9983 0.0005 -0.0584
vn -0.9687 0.0307 0.2465
vn -0.9247 0.0414 0.3785
vn 0.9616 -0.1794 0.2078
vn 0.9990 -0.0000 0.0454
vn 0.9279 -0.0826 0.3635
vn 0.9754 -0.0214 0.2194
vn 0.9401 0.0782 0.3319
vn 0.9327 0.0509 0.3570
vn 0.0040 -0.9930 0.1184
vn -0.0000 -0.9993 0.0383
vn -0.0000 -0.9813 0.1924
vn 0.0951 -0.9658 0.2411
vn -0.0544 -0.9544 0.2936
vn -0.9778 -0.0222 0.2082
vn -0.8579 -0.0556 0.5109
vn -0.8717 0.0501 0.4874
vn -0.0151 -0.9962 0.0862
vn -0.0000 -0.9972 0.0749
vn 0.0962 -0.9946 0.0396
vn -0.0000 -0.9976 0.0691
vn 0.0159 -0.9953 0.0957
vn 0.0441 0.8991 0.4356
vn -0.0523 0.8898 0.4534
vn -0.1948 0.0943 -0.9763
vn -0.4040 -0.2622 -0.8764
vn -0.0000 -0.9961 0.0879
vn 0.9202 -0.0862 0.3819
vn 0.9882 -0.0467 0.1460
vn -0.9978 0.0369 0.0558
vn -0.9959 0.0368 0.0823
vn -0.9995 -0.0193 0.0232
vn 0.0547 -0.9101 0.4107
vn -0.0322 -0.9878 0.1523
vn -0.0154 -0.9251 0.3795
vn -0.0000 0.9998 0.0181
vn -0.0000 0.9990 0.0440
vn -0.0000 0.9378 0.3471
vn -0.6787 -0.7264 0.1083
vn -0.6517 -0.6778 0.3404
vn -0.5681 0.8191 0.0795
vn -0.9861 -0.0291 0.1636
vn -0.8992 -0.1165 0.4217
vn -0.9165 0.1025 0.3867
vn -0.9995 0.0193 0.0250
vn -0.9905 -0.1311 -0.0426
vn -0.9973 -0.0673 0.0276
vn -0.5028 0.8461 0.1770
vn -0.0000 0.9850 0.1725
vn -0.7089 0.6834 0.1746
vn -0.0000 -0.9981 0.0611
vn 0.0250 -0.9968 0.0761
vn 0.0711 -0.9964 0.0452
vn 0.0381 -0.9993 0.0004
vn -0.0391 -0.9992 0.0011
vn 0.0356 0.9976 0.0595
vn -0.9852 0.1267 0.1151
vn -0.8857 -0.1175 0.4491
vn -0.9042 0.1034 0.4143
vn 0.9957 -0.0000 0.0922
vn 0.9735 0.0786 0.2146
vn 0.0103 0.9996 0.0243
vn -0.0000 0.9984 0.0559
vn -0.0565 0.9906 0.1243
vn 0.9885 0.0021 0.1514
vn 0.9629 0.1806 0.2008
vn -0.0000 0.9813 0.1924
vn 0.0544 0.9544 0.2936
vn 0.0717 0.9972 0.0194
vn -0.0000 0.9975 0.0710
vn 0.9968 -0.0000 0.0804
vn 0.9962 0.0250 0.0839
vn -0.9963 0.0446 0.0736
vn -0.9990 -0.0000 0.0440
vn 0.9865 0.1393 0.0856
vn 0.9964 0.0360 0.0764
vn 0.9990 -0.0296 0.0337
vn 0.0254 -0.9761 0.2160
vn 0.0544 -0.9810 0.1861
vn -0.0000 0.9265 0.3762
vn 0.9997 0.0175 -0.0148
vn 0.9999 -0.0104 0.0059
vn 0.6787 0.7344 -0.0027
vn -0.1891 0.9816 -0.0273
vn -0.1924 0.9811 0.0223
vn -0.9912 0.0121 0.1321
vn -0.9997 -0.0000 0.0255
vn -0.9170 0.0881 0.3890
vn 0.9248 0.1790 0.3358
vn -0.0525 -0.9885 0.1416
vn -0.9942 -0.0000 0.1073
vn 0.1017 0.9261 0.3633
vn -0.2292 0.9537 0.1949
vn -0.1156 0.9099 0.3984
vn 0.0115 0.9257 0.3781
vn -0.9312 0.0828 0.3549
vn 0.9958 -0.0000 0.0911
vn 0.9990 -0.0000 0.0440
vn -0.0562 0.8153 0.5763
vn 0.0394 0.8435 0.5357
vn -0.9583 -0.1780 0.2234
vn -0.0128 -0.9257 0.3779
vn -0.0205 -0.9712 0.2373
vn 0.9442 0.0455 0.3261
vn 0.9654 -0.0590 0.2539
vn -0.9612 -0.0521 0.2708
vn 0.9586 0.0480 0.2807
vn 0.9796 0.0591 0.1918
vn -0.9312 0.0412 0.3622
vn -0.9252 -0.0277 0.3785
vn -0.9130 -0.0546 0.4044
vn 0.9978 -0.0000 0.0658
vn 0.9967 0.0712 0.0390
vn -0.9997 -0.0000 0.0254
vn -0.0949 -0.1990 -0.9754
vn -0.1396 -0.9900 0.0209
vn -0.0000 -0.9958 0.0917
vn -0.6776 -0.7334 -0.0545
vn 0.0908 -0.9750 0.2027
vn 0.1891 -0.9816 -0.0274
vn 0.0643 0.9037 0.4234
vn -0.0559 0.8606 0.5062
vn 0.7680 0.5665 0.2987
vn 0.1089 0.8916 0.4394
vn -0.1795 0.9627 0.2023
vn -0.1138 0.8853 0.4510
vn -0.9985 -0.0267 0.0485
vn -0.9966 -0.0804 0.0202
vn -0.9960 -0.0584 0.0676
vn -0.9328 0.0882 0.3494
vn -0.7342 0.5634 0.3788
vn 0.0630 0.9976 0.0298
vn -0.0000 0.9971 0.0765
vn 0.9997 -0.0000 0.0235
vn 0.9742 0.0361 0.2227
vn -0.9979 0.0565 0.0320
vn 0.9116 -0.0438 0.4088
vn 0.9389 0.0764 0.3357
vn 0.9029 0.0520 0.4267
vn -0.0000 0.9990 0.0443
vn -0.7005 0.7127 -0.0359
vn -0.1776 0.9530 0.2454
vn -0.0000 0.9906 0.1369
vn -0.0000 -0.9973 0.0739
vn -0.9288 0.0399 0.3683
vn -0.9445 -0.1771 0.2768
vn -0.9101 -0.0547 0.4107
vn -0.9995 0.0294 0.0136
vn -0.9992 -0.0000 0.0404
vn -0.0436 -0.9217 0.3855
vn 0.0761 -0.9470 0.3122
vn 0.0518 -0.9135 0.4035
vn -0.9318 -0.0488 0.3596
vn -0.9259 0.0332 0.3762
vn -0.0470 0.8941 0.4454
vn -0.1133 -0.8720 0.4762
vn 0.1174 -0.8644 0.4889
vn -0.0548 0.9050 0.4218
vn 0.0377 0.9246 0.3791
vn 0.0407 0.9568 0.2879
vn -0.0512 0.9291 0.3662
vn 0.0440 0.9364 0.3483
vn -0.1034 -0.9042 0.4143
vn 0.1175 -0.8857 0.4491
vn 0.6526 0.6574 0.3768
vn 0.9323 -0.0460 0.3587
vn 0.9696 0.0630 0.2365
vn 0.9299 0.0487 0.3647
vn -0.8632 0.0502 0.5023
vn -0.9376 -0.0588 0.3426
vn -0.8490 -0.0559 0.5255
vn 0.6583 0.7518 0.0381
vn -0.9972 -0.0000 0.0754
vn -0.9978 -0.0250 0.0617
vn 0.9336 -0.0486 0.3550
vn 0.9180 0.0167 0.3962
vn 0.9234 -0.0436 0.3815
vn 0.9707 0.1794 0.1601
vn 0.9073 0.0546 0.4169
vn -0.9717 0.0006 0.2363
vn -0.0552 0.8944 0.4438
vn 0.2320 0.9457 0.2277
vn -0.0851 0.9320 0.3522
vn -0.0000 0.9991 0.0418
vn -0.0109 0.9396 0.3422
vn 0.9941 0.0735 0.0799
vn 0.9917 0.1253 -0.0289
vn -0.0336 -0.9945 0.0992
vn 0.8900 -0.0552 0.4526
vn -0.9959 -0.0710 0.0564
vn -0.9992 -0.0381 0.0111
vn -0.9992 0.0391 0.0070
vn -0.9900 0.1396 0.0209
vn -0.9958 -0.0000 0.0917
vn 0.0385 0.9199 0.3903
vn -0.1769 0.9377 0.2990
vn -0.0550 0.8998 0.4328
vn 0.1237 0.9776 0.1702
vn -0.0000 0.9988 0.0497
vn 0.1092 0.9329 0.3431
vn -0.0457 0.9989 -0.0094
vn 0.6681 0.7440 -0.0099
vn -0.0000 0.9956 0.0939
vn -0.0562 0.9920 0.1126
vn -0.0174 0.9936 0.1112
vn 0.0991 -0.9938 0.0508
vn 0.5571 -0.7384 0.3800
vn 0.1670 -0.9821 0.0868
vn 0.9378 -0.0000 0.3471
vn -0.9840 0.1284 0.1233
vn 0.8814 -0.1128 0.4588
vn 0.8740 0.1168 0.4716
vn 0.9961 -0.0368 0.0800
vn 0.9949 -0.0024 0.1012
vn 0.8990 -0.0441 0.4356
vn 0.8898 0.0523 0.4534
vn 0.1931 -0.9808 0.0267
vn -0.6759 -0.7266 0.1231
vn -0.6770 -0.7344 0.0482
vn -0.9230 0.0487 0.3816
vn 0.0925 -0.9767 0.1937
vn -0.0029 0.9728 0.2318
vn -0.0521 0.9408 0.3349
vn 0.9961 -0.0000 0.0880
vn 0.9978 0.0459 0.0474
vn 0.9372 0.1127 0.3302
vn 0.9998 0.0208 -0.0019
vn 0.9999 -0.0145 -0.0057
vn 0.9972 0.0021 0.0742
vn -0.0186 -0.9895 0.1433
vn 0.0191 -0.9890 0.1469
vn -0.9981 -0.0000 0.0623
vn -0.9965 0.0565 0.0609
vn -0.0000 0.9990 0.0447
vn -0.1396 0.9825 0.1236
vn -0.0364 0.9927 0.1151
vn -0.0540 0.9277 0.3693
vn 0.9949 -0.0000 0.1004
vn 0.9271 -0.0649 0.3691
vn 0.9995 -0.0178 0.0269
vn 0.9977 -0.0090 0.0677
vn -0.7102 0.3766 0.5948
vn 0.9934 0.0224 0.1124
vn 0.9999 -0.0113 0.0075
vn 0.9996 -0.0113 0.0255
vn 0.9957 0.0564 0.0729
vn 0.9998 0.0175 -0.0086
vn 0.9999 -0.0104 0.0089
vn -0.9378 -0.0000 0.3471
vn -0.9801 -0.0180 0.1976
vn -0.8937 -0.0552 0.4453
vn -0.9144 0.0386 0.4029
vn 0.9947 -0.0000 0.1025
vn 0.9821 0.1518 -0.1112
vn -0.9637 0.1780 0.1991
vn -0.0000 -0.9767 0.2147
vn -0.0421 -0.9329 0.3576
vn 0.0513 -0.9253 0.3758
vn -0.0137 0.9997 0.0191
vn -0.0551 0.9980 0.0297
vn -0.0030 0.9975 0.0699
vn -0.0000 -0.9265 0.3762
vn -0.0515 0.9209 0.3864
vn 0.0434 0.9287 0.3684
vn 0.0907 -0.9745 0.2051
vn 0.1368 -0.9890 -0.0568
vn 0.0594 -0.9876 0.1456
vn 0.5311 0.8464 -0.0395
vn 0.0124 0.9999 0.0024
vn 0.5839 0.7487 0.3139
vn -0.6752 0.7075 0.2086
vn -0.9978 -0.0369 0.0558
vn 0.9183 -0.0437 0.3934
vn 0.9440 0.0772 0.3208
vn 0.9100 0.0519 0.4113
vn -0.9825 -0.0281 0.1840
vn -0.8435 0.0394 0.5357
vn -0.8153 -0.0562 0.5763
vn -0.1114 0.9049 0.4109
vn -0.0000 0.9728 0.2316
vn -0.0000 0.9940 0.1092
vn 0.0550 -0.8935 0.4456
vn 0.0382 -0.9752 0.2181
vn -0.0369 -0.9978 0.0558
vn -0.0369 -0.9968 0.0708
vn 0.0342 -0.9969 0.0710
vn -0.0001 -0.9874 0.1580
vn 0.9271 0.2278 0.2978
vn 0.9896 -0.0185 0.1423
vn -0.2310 0.9327 0.2771
vn -0.9221 -0.1073 0.3717
vn -0.9984 -0.0000 0.0566
vn 0.8497 0.1180 0.5140
vn 0.9888 -0.0099 0.1490
vn 0.9439 0.2318 0.2350
vn -0.0495 -0.9049 0.4227
vn 0.0485 -0.9358 0.3491
vn 0.0467 -0.9078 0.4168
vn 0.9393 0.0762 0.3346
vn -0.9116 0.0493 0.4082
vn -0.9638 -0.0479 0.2624
vn -0.9143 -0.0465 0.4023
vn -0.9705 -0.0442 0.2372
vn 0.9145 0.1766 0.3640
vn 0.9672 0.0545 0.2481
vn 0.0562 -0.9964 0.0635
vn 0.0176 -0.9997 -0.0174
vn -0.0104 -0.9999 0.0049
vn 0.0105 0.9998 0.0177
vn -0.9361 -0.0433 0.3491
vn -0.8444 0.1156 0.5231
vn -0.9687 0.0309 0.2464
vn -0.0753 0.9816 0.1752
vn -0.0128 -0.9991 0.0394
vn -0.0000 -0.9995 -0.0308
vn -0.0000 -0.9933 0.1156
vn 0.8606 0.0559 0.5062
vn 0.5255 -0.8313 0.1810
vn -0.8345 0.0561 0.5482
vn -0.9874 0.0289 0.1555
vn 0.9997 -0.0000 0.0261
vn 0.9696 0.0677 0.2351
vn 0.9986 -0.0000 0.0526
vn 0.9328 0.0763 0.3523
vn -0.0000 0.9979 0.0654
vn -0.0000 0.9983 0.0581
vn -0.0160 0.9990 0.0421
vn -0.9199 0.0385 0.3903
vn -0.9377 -0.1769 0.2990
vn -0.8998 -0.0550 0.4328
vn 0.8947 0.0520 0.4436
vn 0.9378 -0.0000 0.3470
vn -0.9782 -0.0453 0.2028
vn -0.9378 -0.0000 0.3470
vn -0.0354 -0.9814 0.1885
vn -0.0000 -0.9975 0.0706
vn -0.0589 -0.9422 0.3298
vn -0.9964 -0.0711 0.0452
vn -0.9993 -0.0382 0.0004
vn -0.9992 0.0394 0.0007
vn -0.9844 -0.0320 0.1730
vn -0.9214 -0.0543 0.3847
vn -0.9390 0.0380 0.3419
vn 0.0548 0.9062 0.4192
vn -0.0827 0.8806 0.4666
vn -0.0899 -0.9656 0.2440
vn 0.6770 -0.7326 -0.0698
vn 0.0523 -0.8898 0.4534
vn 0.0573 -0.9684 0.2427
vn 0.0764 -0.9288 0.3627
vn -0.7244 0.6557 0.2127
vn 0.2191 0.0190 0.9755
vn 0.9917 -0.0048 0.1284
vn 0.9894 0.0591 0.1327
vn -0.6105 -0.6822 0.4023
vn -0.0413 -0.9981 0.0460
vn -0.6723 -0.7042 0.2283
vn 0.9106 -0.0493 0.4102
vn 0.9507 -0.0282 0.3088
vn 0.9134 0.0465 0.4043
vn -0.9927 -0.0000 0.1209
vn -0.9965 -0.0000 0.0836
vn -0.0000 -0.9979 0.0654
vn -0.0000 -0.9983 0.0581
vn 0.0160 -0.9990 0.0421
vn -0.0141 -0.9999 0.0051
vn -0.7524 -0.6397 -0.1571
vn -0.9753 0.0364 0.2178
vn -0.9753 -0.1801 0.1277
vn -0.9640 -0.0519 0.2608
vn -0.0000 0.9983 0.0589
vn -0.0715 0.9963 0.0469
vn 0.9748 -0.0600 0.2148
vn 0.0483 -0.9360 0.3488
vn -0.0000 0.9998 0.0207
vn -0.9971 -0.0564 0.0520
vn -0.9994 -0.0176 -0.0282
vn -0.9999 0.0104 -0.0001
vn -0.9360 -0.0536 0.3478
vn -0.9517 0.0376 0.3048
vn -0.9516 -0.1775 0.2508
vn -0.9923 -0.0000 0.1238
vn -0.0562 0.9969 0.0552
vn -0.0176 0.9995 -0.0252
vn 0.0104 0.9999 0.0012
vn 0.0298 0.9994 0.0196
vn 0.0015 -0.9758 0.2184
vn 0.0575 -0.9684 0.2427
vn -0.0000 0.9983 0.0579
vn -0.9748 0.0364 0.2202
vn -0.9633 -0.0519 0.2632
vn -0.9135 0.0438 0.4044
vn -0.9506 0.0657 0.3033
vn -0.9050 -0.0520 0.4223
vn -0.9488 -0.2286 0.2180
vn -0.9918 -0.0000 0.1279
vn 0.8857 0.1175 0.4491
vn 0.9042 -0.1034 0.4143
vn -0.9978 0.0563 0.0347
vn -0.9763 0.0411 0.2126
vn -0.9988 -0.0000 0.0496
vn -0.9994 0.0297 0.0197
vn 0.8998 0.0550 0.4328
vn 0.9782 0.0454 0.2026
vn 0.0159 0.9757 0.2183
vn -0.0562 0.8239 0.5640
vn 0.0394 0.8513 0.5232
vn 0.0437 0.9178 0.3947
vn -0.0761 0.9651 0.2505
vn -0.0519 0.9094 0.4126
vn 0.0551 -0.8958 0.4410
vn -0.0554 0.8825 0.4670
vn 0.0388 0.9044 0.4249
vn -0.9845 0.1046 0.1410
vn -0.0386 -0.9163 0.3986
vn -0.0000 -0.9979 0.0641
vn 0.7059 -0.7058 0.0590
vn 0.9711 -0.0269 0.2373
vn 0.8915 0.0523 0.4500
vn 0.9007 -0.0440 0.4323
vn -0.1667 0.9330 0.3188
vn -0.1558 0.9327 0.3252
vn -0.6903 0.5526 0.4671
vn -0.0569 0.9767 0.2071
vn -0.0000 0.9964 0.0847
vn 0.9888 -0.0497 0.1407
vn -0.7360 0.6685 0.1065
vn -0.0000 -0.9919 0.1274
vn -0.0414 -0.9000 0.4340
vn 0.0544 -0.8843 0.4638
vn -0.9939 0.0368 0.1042
vn -0.9985 -0.0190 0.0508
vn -0.8944 0.0551 0.4438
vn 0.1428 -0.9431 0.3003
vn -0.0549 -0.9026 0.4269
vn 0.9960 -0.0715 0.0542
vn 0.0136 0.9852 0.1707
vn -0.0000 0.9988 0.0480
vn 0.1743 -0.9840 -0.0366
vn 0.2033 -0.9751 0.0889
vn 0.8898 -0.0390 0.4547
vn 0.8663 0.0558 0.4964
vn 0.9993 0.0292 0.0238
vn -0.0000 -0.9979 0.0649
vn -0.0000 -0.9983 0.0578
vn 0.0716 -0.9969 0.0335
vn 0.9221 0.1073 0.3717
vn -0.0000 -0.9850 0.1725
vn 0.6803 -0.6958 0.2305
vn -0.0642 -0.9919 0.1098
vn 0.0156 -0.9988 0.0470
vn -0.9116 0.0438 0.4088
vn -0.9029 -0.0520 0.4267
vn -0.0711 0.9964 0.0452
vn -0.0382 0.9993 0.0004
vn 0.0395 0.9992 0.0006
vn -0.0171 0.9977 0.0662
vn 0.0104 0.9990 0.0433
vn -0.9976 -0.0000 0.0694
vn -0.9950 -0.0250 0.0965
vn 0.0456 0.9947 0.0921
vn 0.0674 0.9925 0.1018
vn 0.0069 1.0000 -0.0058
vn 0.8778 -0.0500 0.4764
vn 0.8811 0.0472 0.4706
vn 0.9566 0.0760 0.2812
vn -0.9891 -0.1042 0.1036
vn -0.0113 -0.9999 0.0075
vn -0.0113 -0.9996 0.0254
vn -0.0856 0.8792 0.4688
vn 0.0532 0.9860 0.1579
vn 0.7968 -0.5912 0.1252
vn 0.0553 0.8884 0.4557
vn -0.0553 0.8884 0.4558
vn 0.9989 0.0197 0.0432
vn 0.9785 0.0337 0.2034
vn 0.9732 0.1518 0.1728
vn 0.8763 0.0555 0.4786
vn -0.0561 0.9970 0.0542
vn -0.0176 0.9995 -0.0261
vn 0.0104 0.9999 0.0010
vn -0.0000 0.9965 0.0835
vn -0.0159 0.9984 0.0543
vn 0.0270 0.9632 0.2676
vn -0.9872 0.0625 0.1471
vn 0.9000 -0.0414 0.4339
vn 0.8843 0.0544 0.4638
vn 0.0550 -0.8998 0.4327
vn 0.9998 -0.0190 0.0038
vn 0.9995 0.0323 0.0033
vn 0.9998 0.0190 0.0037
vn -0.0000 0.9967 0.0811
vn -0.0563 0.9982 0.0199
vn -0.0000 -0.6711 0.7414
vn 0.9920 0.1021 -0.0747
vn 0.9968 -0.0427 0.0674
vn 0.9875 -0.0000 0.1577
vn 0.9181 0.1829 0.3517
vn 0.8677 0.0556 0.4940
vn 0.9260 0.0167 0.3772
vn -0.0000 -0.9990 0.0447
vn 0.0562 -0.9927 0.1064
vn 0.0174 -0.9943 0.1049
vn -0.1191 0.8573 0.5008
vn 0.1048 0.8783 0.4665
vn 0.9969 -0.0342 0.0712
vn 0.9984 0.0340 0.0444
vn -0.0000 -0.9960 0.0888
vn -0.0117 -0.9984 0.0545
vn -0.9183 0.0437 0.3934
vn -0.9440 -0.0772 0.3208
vn -0.9100 -0.0519 0.4113
vn -0.9766 0.0053 0.2148
vn -0.8759 -0.0546 0.4794
vn -0.8922 0.0415 0.4497
vn 0.9742 -0.0888 0.2073
vn 0.9811 -0.1919 0.0230
vn -0.0743 -0.9468 0.3132
vn 0.0526 -0.9561 0.2883
vn 0.0568 0.9882 0.1423
vn -0.9926 -0.0955 0.0752
vn -0.9988 -0.0374 0.0329
vn -0.9993 0.0341 0.0142
vn 0.9912 0.0716 0.1116
vn -0.9439 0.2319 0.2352
vn -0.9333 -0.0084 0.3591
vn -0.0000 0.9989 0.0478
vn -0.0565 0.9890 0.1368
vn -0.0176 0.9984 0.0538
vn 0.9999 0.0074 0.0112
vn -0.0177 0.9970 0.0754
vn 0.0559 -0.8489 0.5255
vn -0.9982 -0.0566 0.0177
vn -0.9992 -0.0382 0.0151
vn -0.9988 0.0465 0.0144
vn 0.0103 0.9999 0.0135
vn -0.0000 0.9859 0.1672
vn -0.1328 0.9745 0.1807
vn -0.0000 -0.9987 0.0507
vn -0.0000 0.9984 0.0558
vn -0.9963 0.0475 0.0718
vn -0.9959 -0.0194 0.0888
vn 0.0914 0.9818 0.1662
vn -0.6918 0.7146 0.1038
vn 0.2027 0.9752 0.0893
vn 0.6780 0.7048 0.2087
vn -0.0554 0.8834 0.4654
vn -0.0000 -0.9980 0.0628
vn 0.0563 -0.9980 0.0288
vn -0.6323 -0.6656 0.3964
vn -0.9987 -0.0000 0.0502
vn 0.0563 0.9983 0.0130
vn -0.0000 0.9968 0.0800
vn -0.0000 -0.9977 0.0684
vn -0.9962 0.0711 0.0495
vn 0.9987 -0.0246 0.0447
vn 0.7953 -0.5500 0.2549
vn -0.0000 -0.9830 0.1836
vn -0.6567 -0.6915 0.3010
vn -0.9330 -0.1789 0.3121
vn -0.9993 0.0339 0.0145
vn -0.0000 0.9992 0.0401
vn -0.0029 -0.9987 0.0503
vn -0.1768 0.9243 0.3383
vn 0.8573 0.1191 0.5008
vn -0.0000 0.9965 0.0842
vn 0.9989 -0.0000 0.0464
vn -0.9716 0.0408 0.2330
vn -0.9253 -0.0513 0.3758
vn -0.9329 0.0421 0.3576
vn 0.0565 0.9978 0.0358
vn -0.9967 -0.0562 0.0592
vn -0.9996 -0.0176 -0.0214
vn -0.9999 0.0104 0.0028
vn 0.0910 0.9779 0.1884
vn 0.9908 -0.0380 0.1299
vn 0.9976 -0.0390 0.0569
vn -0.0525 -0.9885 0.1417
vn -0.0914 -0.9819 0.1662
vn 0.9833 -0.0000 0.1821
vn 0.9491 0.1774 0.2604
vn -0.1216 0.9632 0.2397
vn -0.9980 0.0112 0.0615
vn -0.1393 0.9865 0.0856
vn -0.0360 0.9964 0.0764
vn 0.0297 0.9990 0.0336
vn 0.9478 -0.1904 0.2556
vn 0.9435 -0.1688 0.2853
vn 0.0343 0.9905 0.1328
vn -0.0558 0.8675 0.4943
vn 0.0809 0.8460 0.5270
vn 0.9960 0.0008 -0.0896
vn 0.9960 -0.0008 -0.0896
vn -0.8495 0.1180 0.5142
vn -0.8649 -0.1102 0.4896
vn -0.9830 -0.0000 0.1835
vn -0.9925 -0.0480 0.1128
vn -0.9873 -0.0000 0.1588
vn 0.2444 -0.9055 0.3469
vn 0.0670 -0.9719 0.2257
vn 0.9963 -0.0711 0.0477
vn -0.9950 -0.0000 0.0994
vn -0.0528 0.9493 0.3099
vn 0.0595 0.9765 0.2070
vn 0.9969 -0.0530 -0.0578
vn 0.9981 -0.0111 -0.0613
vn 0.0774 -0.9758 0.2045
vn -0.0301 0.9851 0.1692
vn -0.0542 0.9237 0.3793
vn 0.0380 0.9409 0.3365
vn -0.0000 -0.9979 0.0647
vn -0.0000 -0.9979 0.0646
vn 0.0159 -0.9979 0.0622
vn -0.0371 -0.9992 -0.0113
vn -0.0000 -0.9960 0.0894
vn 0.6613 0.6833 0.3095
vn -0.0112 -0.9957 0.0919
vn -0.0173 0.9991 0.0379
vn 0.0185 0.9995 0.0268
vn 0.0195 0.9979 0.0617
vn 0.0348 0.9993 0.0126
vn 0.0520 0.9944 0.0915
vn 0.0158 0.9999 -0.0050
vn -0.0000 0.9962 0.0875
vn 0.0380 -0.9992 0.0075
vn -0.0380 -0.9992 0.0075
vn -0.0716 -0.9970 0.0288
vn -0.0005 -0.9983 -0.0584
vn -0.0356 -0.9884 0.1474
vn -0.0297 -0.9965 0.0776
vn 0.0026 0.9973 0.0736
vn -0.9504 0.0993 0.2948
vn 0.9978 0.0565 0.0358
vn 0.9983 0.0380 0.0444
vn 0.9983 -0.0381 0.0444
vn -0.1068 -0.9943 0.0003
vn -0.9982 0.0347 0.0495
vn -0.9981 -0.0000 0.0614
vn 0.0185 -0.9993 0.0329
vn -0.0173 -0.9996 0.0226
vn -0.0136 -0.9994 0.0326
vn 0.0562 0.9862 0.1558
vn -0.0157 -0.9999 0.0055
vn -0.0000 -0.9977 0.0682
vn -0.0000 0.9993 0.0381
vn 0.9972 -0.0000 0.0744
vn -0.9943 -0.0702 0.0804
vn -0.9979 -0.0565 0.0319
vn -0.9987 -0.0375 0.0352
vn -0.9985 0.0381 0.0381
vn -0.9801 0.0555 0.1906
vn -0.0321 -0.9995 -0.0040
vn 0.0155 0.9989 0.0436
vn -0.9919 -0.0000 0.1274
vn -0.9862 0.0566 0.1554
vn -0.0563 0.9855 0.1600
vn -0.0548 -0.9860 0.1573
vn 0.9975 -0.0000 0.0706
vn -0.0000 -0.9942 0.1074
vn -0.0370 -0.9989 0.0280
vn -0.0000 -0.9982 0.0600
vn -0.9977 -0.0000 0.0678
vn 0.0005 0.9983 -0.0584
vn -0.0000 0.9928 0.1196
vn 0.9983 0.0381 0.0444
vn 0.9983 -0.0380 0.0444
vn 0.9939 -0.0610 0.0922
vn 0.9987 -0.0499 -0.0128
vn -0.0375 0.9989 -0.0267
vn 0.0362 0.9991 -0.0211
vn 0.1396 0.9902 0.0059
vn 0.9990 -0.0398 -0.0227
vn 0.9992 -0.0397 0.0082
vn -0.9992 0.0155 0.0364
vn -0.0565 0.9980 0.0299
vn -0.0381 0.9987 0.0348
vn 0.0378 0.9985 0.0407
vn 0.9978 0.0562 0.0363
vn 0.9984 0.0375 0.0422
vn 0.7336 -0.6316 0.2508
vn -0.9794 -0.0317 0.1993
vn 0.0559 0.9801 0.1903
vn 0.9814 -0.1296 0.1419
vn -0.0195 -0.9982 0.0573
vn 0.0509 0.9987 0.0023
vn -0.9987 0.0370 0.0342
vn -0.9982 -0.0000 0.0605
vn 0.9422 0.2280 0.2454
vn 0.0331 0.9259 0.3762
vn 0.0250 -0.9975 0.0655
vn 0.0188 -0.9995 -0.0257
vn -0.0176 -0.9997 -0.0184
vn -0.0380 0.9983 0.0449
vn 0.0370 0.9989 0.0280
vn 0.0388 0.9989 0.0263
vn -0.9800 0.0545 0.1912
vn -0.8947 0.0551 0.4433
vn -0.9861 0.0550 0.1571
vn 0.0177 -0.9975 -0.0684
vn -0.0161 -0.9958 -0.0904
vn -0.0103 -0.9998 -0.0181
vn -0.9754 -0.0991 0.1968
vn 0.9801 -0.0561 0.1902
vn -0.0000 -0.9973 0.0730
vn 0.7044 -0.6516 0.2816
vn 0.9975 0.0177 -0.0684
vn 0.9958 -0.0161 -0.0904
vn 0.9998 -0.0103 -0.0181
vn -0.1427 0.9707 0.1932
vn 0.9995 -0.0158 -0.0280
vn 0.9964 -0.0000 0.0846
vn 0.9992 -0.0159 -0.0372
vn 0.9999 -0.0104 0.0058
vn -0.0000 -0.9972 0.0751
vn 0.0381 -0.9992 0.0111
vn -0.0368 -0.9993 -0.0059
vn -0.0393 -0.9992 0.0069
vn 0.9960 -0.0160 -0.0880
vn 0.9939 -0.0000 0.1107
vn 0.9985 0.0379 0.0385
vn 0.9985 -0.0379 0.0385
vn 0.0384 -0.9974 0.0609
vn -0.0369 -0.9982 0.0467
vn -0.0389 -0.9986 0.0367
vn -0.0000 0.9982 0.0607
vn -0.9863 0.0569 0.1551
vn -0.9998 -0.0175 0.0094
vn -0.9998 0.0158 -0.0130
vn -0.9998 0.0104 0.0170
vn -0.0790 0.9954 0.0548
vn -0.0001 0.9986 0.0521
vn -0.0155 -0.9989 0.0436
vn 0.9991 -0.0382 0.0186
vn 0.9982 -0.0000 0.0602
vn 0.9959 -0.0786 0.0442
vn -0.9460 0.0480 0.3206
vn 0.9998 0.0175 0.0094
vn 0.9998 -0.0158 -0.0130
vn 0.9998 -0.0104 0.0170
vn 0.0176 -0.9978 0.0646
vn -0.0158 -0.9990 0.0418
vn -0.9717 -0.2080 0.1121
vn 0.9948 0.0712 0.0734
vn 0.9989 0.0380 0.0272
vn 0.9990 -0.0382 0.0213
vn -0.9989 0.0155 0.0436
vn -0.9826 -0.0000 0.1858
vn 0.0439 -0.9774 0.2067
vn -0.9998 -0.0187 0.0019
vn -0.9993 0.0214 0.0297
vn -0.9957 0.0715 0.0593
vn -0.0174 0.9998 0.0094
vn 0.0158 0.9998 -0.0131
vn 0.0104 0.9998 0.0171
vn -0.9987 -0.0000 0.0519
vn 0.9815 -0.0413 0.1867
vn 0.0914 0.9321 0.3504
vn -0.0187 0.9998 -0.0011
vn 0.0186 0.9998 -0.0049
vn 0.0196 0.9996 0.0183
vn 0.9993 -0.0371 0.0006
vn 0.9967 -0.0000 0.0812
vn 0.0249 0.2082 -0.9778
vn 0.0994 -0.9951 -0.0001
vn -0.0158 -0.9994 -0.0310
vn -0.0000 -0.9958 0.0912
vn -0.0169 -0.9921 0.1240
vn 0.0174 -0.9998 0.0094
vn -0.0158 -0.9998 -0.0131
vn -0.0104 -0.9998 0.0169
vn -0.9993 0.0348 0.0126
vn -0.9977 -0.0000 0.0684
vn -0.0000 0.9985 0.0540
vn -0.8795 0.0500 0.4733
vn -0.9983 0.0005 -0.0584
vn -0.0193 -0.9787 0.2046
vn -0.9966 -0.0159 0.0810
vn -0.9996 -0.0182 -0.0202
vn -0.9997 0.0187 -0.0168
vn -0.6975 -0.7133 -0.0678
vn -0.1235 -0.9916 0.0391
vn -0.9006 0.0772 0.4277
vn 0.0187 -0.9997 -0.0156
vn -0.0187 -0.9996 -0.0194
vn -0.0196 -0.9997 0.0111
vn 0.0161 0.9958 -0.0900
vn -0.0000 0.9941 0.1086
vn 0.0176 -0.9995 -0.0265
vn -0.0216 -0.9997 -0.0063
vn -0.0712 -0.9960 0.0537
vn -0.0128 0.9407 0.3390
vn 0.0562 -0.9976 0.0410
vn 0.0174 -0.9996 0.0230
vn -0.0203 -0.9983 0.0539
vn 0.9944 0.0715 0.0778
vn -0.0174 0.9995 0.0249
vn 0.0174 0.9995 0.0249
vn 0.0565 0.9975 0.0421
vn 0.0445 -0.9633 0.2646
vn 0.9940 -0.0910 0.0600
vn -0.0000 -0.9949 0.1007
vn 0.0712 -0.9957 0.0588
vn 0.0378 -0.9983 0.0441
vn -0.0381 -0.9985 0.0382
vn -0.0000 -0.9925 0.1224
vn -0.7109 -0.6520 0.2636
vn -0.7108 0.6519 0.2641
vn 0.9828 -0.0000 0.1849
vn -0.0085 0.9854 0.1701
vn 0.9526 0.0501 0.3000
vn 0.0814 -0.9849 0.1528
vn 0.0393 0.9473 0.3180
vn 0.0328 0.9893 0.1420
vn -0.0159 -0.9983 -0.0566
vn -0.0000 -0.9950 0.0996
vn 0.0554 -0.8834 0.4654
vn 0.0475 0.9963 0.0717
vn 0.0771 0.9963 0.0387
vn -0.9987 0.0346 0.0387
vn 0.0372 0.9979 -0.0521
vn -0.0000 0.9951 0.0987
vn -0.0000 0.9943 0.1064
vn 0.9021 -0.0495 0.4286
vn -0.0155 -0.9992 0.0364
vn -0.9993 -0.0281 -0.0264
vn -0.9997 -0.0180 -0.0163
vn 0.0181 -0.9997 0.0149
vn -0.0197 -0.9991 0.0382
vn -0.0000 -0.9977 0.0673
vn -0.9997 -0.0009 0.0255
vn -0.9980 0.0624 0.0108
vn -0.9996 0.0158 -0.0227
vn -0.9963 -0.0000 0.0862
vn 0.1257 -0.9919 0.0181
vn 0.0369 -0.9978 0.0558
vn -0.0498 -0.8910 0.4512
vn -0.1385 0.9896 0.0380
vn 0.9992 0.0381 0.0111
vn 0.9993 -0.0368 -0.0059
vn 0.9992 -0.0394 0.0068
vn -0.9997 -0.0188 -0.0182
vn -0.9997 0.0226 0.0059
vn -0.9975 0.0560 0.0427
vn -0.0382 0.9990 0.0211
vn 0.0378 0.9992 0.0154
vn 0.0461 0.9988 0.0182
vn 0.9838 -0.0407 0.1744
vn -0.0159 0.9982 0.0575
vn -0.0183 0.9989 -0.0423
vn 0.0176 0.9995 -0.0278
vn -0.0348 -0.9993 0.0126
vn 0.9841 0.0595 0.1672
vn -0.0104 -0.9998 0.0171
vn 0.9989 -0.0155 0.0436
vn 0.9991 -0.0159 -0.0384
vn 0.9955 -0.0000 0.0949
vn 0.9983 -0.0005 -0.0584
vn 0.9398 -0.0429 0.3390
vn 0.9869 -0.0426 0.1553
vn -0.0385 -0.9942 0.1001
vn 0.0208 -0.9998 0.0008
vn 0.0181 -0.9998 -0.0062
vn -0.0186 -0.9998 -0.0028
vn -0.0196 -0.9996 0.0193
vn 0.0598 -0.9107 0.4088
vn -0.1542 -0.9774 0.1446
vn 0.9988 -0.0000 0.0499
vn -0.9998 -0.0013 0.0207
vn -0.9984 0.0574 0.0002
vn -0.0399 -0.9289 0.3683
vn -0.0000 0.9958 0.0911
vn -0.0008 0.9960 -0.0895
vn 0.0007 0.9960 -0.0895
vn -0.9868 -0.0000 0.1617
vn -0.9695 -0.0000 0.2451
vn -0.9997 0.0013 0.0236
vn -0.0756 0.9950 0.0655
vn 0.0186 -0.9997 0.0186
vn -0.0174 -0.9998 0.0083
vn -0.0136 -0.9996 0.0258
vn -0.0371 -0.9992 -0.0163
vn -0.0000 -0.9958 0.0919
vn 0.0417 0.9971 0.0629
vn 0.0837 0.9955 0.0440
vn -0.0175 0.9990 0.0415
vn 0.0158 0.9997 0.0188
vn -0.0565 0.9983 0.0149
vn -0.0382 0.9992 0.0107
vn 0.0380 0.9991 0.0166
vn 0.9998 0.0187 -0.0084
vn 0.9997 -0.0175 -0.0186
vn 0.9998 -0.0136 0.0132
vn -0.9958 -0.0000 0.0911
vn -0.9960 -0.0008 -0.0895
vn -0.9960 0.0007 -0.0895
vn 0.9986 -0.0347 0.0387
vn -0.0000 -0.9915 0.1297
vn 0.7561 0.6263 0.1896
vn -0.0908 0.9750 0.2027
vn -0.9840 0.1284 0.1232
vn 0.9998 -0.0000 0.0180
vn -0.9997 -0.0000 0.0245
vn 0.9421 -0.0473 0.3320
vn -0.9524 0.0737 0.2957
vn 0.9945 -0.0000 0.1045
vn 0.9991 0.0381 0.0198
vn 0.7186 -0.6385 0.2755
vn 0.0295 -0.9990 0.0322
vn 0.0349 -0.9986 -0.0400
vn -0.0362 -0.9993 -0.0028
vn 0.1935 -0.9809 0.0206
vn -0.8084 -0.5886 0.0042
vn -0.9986 -0.0215 0.0489
vn -0.9957 -0.0712 0.0588
vn -0.9983 -0.0379 0.0441
vn -0.9985 0.0381 0.0382
vn 0.0498 0.8910 0.4512
vn -0.9994 -0.0188 -0.0293
vn -0.9997 0.0226 -0.0053
vn -0.9979 0.0561 0.0336
vn 0.9360 0.0459 0.3490
vn 0.9742 -0.0439 0.2216
vn 0.0833 0.8674 0.4906
vn 0.8625 0.0834 0.4991
vn -0.9993 0.0368 -0.0059
vn -0.9963 -0.0000 0.0858
vn -0.9990 -0.0295 0.0323
vn -0.9986 -0.0349 -0.0400
vn -0.9993 0.0362 -0.0028
vn -0.0620 0.9950 -0.0780
vn -0.0733 0.9911 0.1108
vn 0.0156 0.9960 0.0884
vn 0.9997 -0.0185 0.0138
vn 0.9994 -0.0321 -0.0088
vn 0.0914 -0.9819 0.1662
vn 0.1919 -0.9812 -0.0214
vn -0.9256 -0.0460 0.3757
vn 0.9992 0.0379 -0.0094
vn 0.9993 -0.0383 -0.0038
vn 0.9984 -0.0561 0.0062
vn 0.9504 -0.0993 0.2948
vn 0.9999 0.0145 -0.0056
vn 0.0350 0.9964 0.0771
vn 0.0294 0.9990 0.0335
vn 0.0784 0.9118 0.4031
vn 0.9982 -0.0196 0.0572
vn 0.9904 0.1273 0.0530
vn 0.9994 -0.0158 -0.0310
vn 0.9958 -0.0000 0.0912
vn -0.0000 0.9967 0.0816
vn 0.1972 -0.9795 0.0420
vn 0.0610 0.9939 0.0922
vn 0.0499 0.9987 -0.0128
vn -0.6569 0.7364 0.1619
vn -0.9933 -0.0000 0.1156
vn -0.0495 -0.9054 0.4217
vn 0.0010 -0.9997 0.0254
vn -0.1018 -0.9918 0.0773
vn 0.9988 -0.0000 0.0497
vn 0.8577 -0.1139 0.5013
vn 0.0154 0.9989 0.0436
vn 0.0104 0.9990 0.0432
vn 0.9983 -0.0000 0.0578
vn -0.0159 -0.9991 -0.0397
vn -0.0000 -0.9955 0.0943
vn -0.0176 0.9998 -0.0123
vn 0.0159 0.9993 -0.0347
vn -0.0000 0.9975 0.0704
vn -0.8520 -0.1107 0.5118
vn -0.0000 0.9903 0.1387
vn -0.8345 -0.0561 0.5482
vn -0.0182 0.9993 -0.0324
vn 0.0187 0.9994 -0.0290
vn 0.0195 0.9975 0.0672
vn 0.8985 -0.0496 0.4362
vn -0.9949 -0.0000 0.1007
vn -0.9992 0.0371 -0.0163
vn -0.9958 -0.0000 0.0919
vn -0.1886 -0.9819 0.0148
vn -0.0441 -0.8991 0.4356
vn 0.0190 0.9957 0.0907
vn -0.0960 -0.9935 0.0606
vn -0.9976 0.0188 -0.0668
vn -0.9994 0.0196 0.0269
vn 0.0182 -0.9993 -0.0324
vn -0.0187 -0.9994 -0.0290
vn -0.0195 -0.9975 0.0672
vn -0.0622 -0.9936 0.0939
vn -0.0725 -0.9966 -0.0384
vn -0.0379 0.9988 0.0296
vn 0.0378 0.9988 0.0297
vn 0.0715 0.9963 0.0469
vn 0.9989 -0.0000 0.0474
vn 0.0656 -0.9727 0.2225
vn -0.9986 0.0159 -0.0505
vn -0.9951 -0.0000 0.0992
vn 0.0159 0.9987 -0.0475
vn -0.0000 -0.9989 0.0470
vn -0.0441 -0.8990 0.4356
vn -0.9955 -0.0715 0.0625
vn -0.9981 -0.0379 0.0486
vn -0.9984 0.0381 0.0427
vn 0.9199 -0.0385 0.3903
vn -0.0182 -0.9996 0.0193
vn 0.9921 -0.0000 0.1255
vn -0.9994 0.0190 -0.0287
vn -0.9982 0.0166 -0.0571
vn -0.8658 -0.0862 0.4928
vn 0.0777 -0.8890 0.4513
vn 0.9985 -0.0378 0.0385
vn 0.9972 0.0744 0.0025
vn 0.9985 0.0047 0.0548
vn 0.0380 -0.9992 0.0133
vn -0.0383 -0.9992 0.0073
vn -0.0560 -0.9967 0.0587
vn 0.9984 -0.0000 0.0566
vn 0.0371 0.9992 -0.0163
vn -0.0000 0.9958 0.0919
vn -0.9998 -0.0187 0.0035
vn -0.9998 0.0174 -0.0068
vn -0.9997 0.0136 0.0187
vn 0.0404 0.9989 -0.0236
vn 0.0409 0.9991 0.0100
vn 0.1274 -0.9904 0.0530
vn 0.9858 0.1491 0.0769
vn 0.9819 0.0914 0.1662
vn 0.8763 -0.0556 0.4786
vn 0.0159 0.9987 -0.0484
vn -0.0000 0.9954 0.0958
vn -0.0182 0.9988 -0.0453
vn 0.0188 0.9989 -0.0419
vn 0.0196 0.9993 0.0306
vn -0.0385 -0.9199 0.3903
vn 0.9971 0.0023 0.0755
vn -0.0175 0.9998 -0.0109
vn 0.0187 0.9996 -0.0220
vn 0.0197 0.9998 0.0097
vn 0.8810 -0.0500 0.4706
vn -0.0156 -0.9965 0.0821
vn -0.0000 -0.9992 0.0401
vn 0.9997 0.0010 0.0254
vn 0.9980 -0.0624 0.0108
vn -0.0000 -0.9998 0.0204
vn -0.9807 -0.0352 0.1923
vn 0.9750 -0.0908 0.2028
vn -0.9993 0.0360 0.0054
vn -0.9971 -0.0000 0.0756
vn 0.9972 0.0384 0.0649
vn 0.0158 0.9994 0.0311
vn -0.0000 0.9986 0.0526
vn 0.0159 0.9985 0.0525
vn -0.0502 -0.8632 0.5023
vn -0.9992 0.0378 0.0094
vn -0.9970 -0.0000 0.0774
vn -0.0000 0.9812 0.1931
vn -0.0000 0.9988 0.0482
vn -0.9959 0.0786 0.0442
vn 0.0912 0.9794 0.1803
vn 0.0836 0.8551 0.5116
vn 0.0175 -0.9998 0.0034
vn -0.0186 -0.9998 -0.0077
vn -0.0195 -0.9981 0.0587
vn -0.9941 -0.0366 0.1022
vn -0.9973 0.0351 0.0642
vn -0.0710 0.9958 0.0586
vn -0.0380 0.9992 0.0133
vn 0.0381 0.9992 0.0075
vn -0.0297 -0.9994 0.0197
vn -0.9975 -0.0562 0.0429
vn -0.9995 -0.0173 0.0261
vn -0.9987 0.0213 0.0465
vn -0.9790 -0.0000 0.2040
vn -0.9945 -0.0000 0.1045
vn 0.8783 -0.1048 0.4665
vn -0.0565 0.9978 0.0358
vn -0.0380 0.9983 0.0444
vn 0.0381 0.9983 0.0444
vn -0.9989 0.0159 -0.0437
vn -0.9957 -0.0000 0.0927
vn 0.9887 0.0396 0.1443
vn -0.2060 -0.9720 0.1131
vn 0.9918 -0.0000 0.1278
vn -0.9973 0.0406 0.0614
vn -0.9952 0.0844 0.0498
vn 0.0346 0.9987 0.0387
vn -0.0100 0.9219 0.3873
vn 0.9960 -0.0478 0.0753
vn 0.9976 0.0562 0.0412
vn 0.9980 0.0374 0.0501
vn 0.9976 -0.0378 0.0588
vn 0.0475 0.9573 0.2851
vn 0.9956 -0.0546 0.0759
vn -0.0000 -0.9942 0.1073
vn 0.0182 -0.9991 -0.0378
vn -0.0187 -0.9992 -0.0344
vn -0.0195 -0.9979 0.0614
vt 0.529796 0.277165
vt 0.974650 0.722019
vt 0.529796 0.722019
vt 0.828034 0.761601
vt 0.976291 0.909857
vt 0.828034 0.909857
vt 0.974650 0.964465
vt 0.529796 0.021155
vt 0.974650 0.021155
vt 0.951918 0.649385
vt 0.976291 0.761601
vt 0.974650 0.277165
vt 0.529796 0.964465
vt 0.750920 0.761805
vt 0.828034 0.884720
vt 0.750919 0.884720
vt 0.976291 0.612419
vt 0.840705 0.558437
vt 0.963620 0.558437
vt 0.531522 0.815788
vt 0.679778 0.964969
vt 0.531522 0.964969
vt 0.828034 0.761805
vt 0.852407 0.625916
vt 0.679778 0.612651
vt 0.715349 0.558437
vt 0.828034 0.612651
vt 0.679778 0.761805
vt 0.544192 0.761805
vt 0.667107 0.761805
vt 0.923486 0.649385
vt 0.828034 0.612419
vt 0.531522 0.612651
vt 0.567092 0.558437
vt 0.626974 0.649610
vt 0.531522 0.761805
vt 0.775230 0.649610
vt 0.895055 0.649385
vt 0.679778 0.815788
vt 0.584326 0.852754
vt 0.612758 0.649610
vt 0.598542 0.829285
vt 0.555895 0.852754
vt 0.866623 0.649385
vt 0.644207 0.558437
vt 0.852407 0.649385
vt 0.626974 0.852754
vt 0.792464 0.558437
vt 0.761014 0.649610
vt 0.880839 0.649385
vt 0.598542 0.649610
vt 0.655405 0.649610
vt 0.555895 0.649610
vt 0.880839 0.625916
vt 0.746798 0.649610
vt 0.789446 0.649610
vt 0.598542 0.852754
vt 0.555895 0.829285
vt 0.655405 0.852754
vt 0.909270 0.649385
vt 0.937702 0.649385
vt 0.909270 0.625916
vt 0.895055 0.625916
vt 0.732583 0.649610
vt 0.612758 0.852754
vt 0.761014 0.626146
vt 0.732583 0.626146
vt 0.584326 0.829285
vt 0.746798 0.626146
vt 0.775230 0.626146
vt 0.570111 0.852754
vt 0.612758 0.829285
s 1
f 1002/1/1 1004/2/1 1003/3/1
f 1972/4/2 1978/5/2 1976/6/2
f 772/7/3 774/8/3 776/9/3
f 1128/4/4 1135/10/5 1124/11/6
f 1438/12/1 1436/3/1 1435/1/1
f 427/12/1 425/3/1 424/1/1
f 8/8/7 3/7/7 4/13/7
f 1129/14/1 1127/15/1 1125/16/1
f 191/17/8 188/18/9 184/19/10
f 1901/1/1 1903/2/1 1902/3/1
f 660/4/2 666/5/2 664/6/2
f 1290/3/1 1292/12/1 1291/2/1
f 669/20/11 666/21/12 662/22/13
f 1770/23/14 1771/18/15 1777/24/16
f 1027/14/1 1025/15/1 1023/16/1
f 1572/3/1 1574/12/1 1573/2/1
f 299/9/17 294/13/17 295/7/17
f 2017/9/7 2010/13/7 2015/8/7
f 1452/7/12 1456/8/12 1451/13/12
f 691/7/3 693/8/3 690/13/3
f 1267/25/18 1264/26/19 1268/27/20
f 1478/12/1 1476/3/1 1475/1/1
f 331/3/1 333/12/1 332/2/1
f 1645/27/21 1643/28/22 1644/26/23
f 1496/16/1 1502/23/1 1498/15/1
f 235/21/24 232/29/25 236/30/26
f 1636/9/17 1629/13/17 1634/8/17
f 1587/17/27 1579/11/3 1592/31/3
f 187/23/28 189/28/28 193/25/29
f 684/13/12 687/9/12 683/7/12
f 267/14/1 265/15/1 263/16/1
f 1701/32/30 1690/11/12 1694/4/31
f 1430/7/7 1432/8/7 1434/9/7
f 1682/13/7 1686/9/7 1687/8/7
f 1331/13/3 1336/9/3 1334/8/3
f 1745/4/2 1751/5/2 1749/6/2
f 153/23/28 155/28/32 159/25/33
f 740/17/34 737/18/35 733/19/35
f 255/23/3 257/28/36 261/27/37
f 472/6/2 470/11/2 474/5/2
f 1388/3/1 1390/12/1 1389/2/1
f 441/13/12 446/9/12 444/8/12
f 785/33/38 778/34/39 789/35/40
f 129/28/41 127/36/42 135/33/43
f 1434/8/17 1429/7/17 1430/13/17
f 55/7/17 57/8/17 54/13/17
f 1319/25/44 1318/33/45 1311/34/46
f 790/37/47 787/25/48 784/26/49
f 964/17/50 960/4/51 967/32/52
f 494/9/17 490/13/17 491/7/17
f 2022/9/12 2018/13/12 2019/7/12
f 18/16/1 24/23/1 20/15/1
f 120/14/1 118/15/1 116/16/1
f 1569/2/2 1568/1/2 1567/3/2
f 1662/11/17 1666/4/53 1679/38/54
f 1175/7/3 1177/8/3 1174/13/3
f 418/7/3 420/8/3 417/13/3
f 908/9/17 901/13/17 906/8/17
f 62/7/17 66/8/17 61/13/17
f 1743/39/55 1739/21/17 1735/22/56
f 332/7/12 334/8/12 331/13/12
f 1887/7/12 1889/8/12 1886/13/12
f 2204/7/3 2206/8/3 2203/13/3
f 2018/13/3 2025/9/3 2021/7/3
f 854/13/12 857/9/12 853/7/12
f 1662/36/57 1670/33/58 1674/35/59
f 1142/9/3 1137/13/3 1138/7/3
f 1022/4/2 1028/5/2 1026/6/2
f 1956/7/17 1958/8/17 1960/9/17
f 1061/39/60 1053/22/61 1060/20/62
f 1235/21/12 1238/20/63 1239/39/64
f 1338/1/1 1340/2/1 1339/3/1
f 817/2/1 815/1/1 818/12/1
f 748/7/3 750/8/3 752/9/3
f 1985/40/65 1981/20/66 1975/29/67
f 392/27/68 385/23/69 387/28/69
f 1191/2/1 1189/1/1 1192/12/1
f 1692/22/70 1700/39/71 1696/21/7
f 1527/19/72 1537/24/73 1531/18/74
f 286/7/17 290/8/17 285/13/17
f 1404/13/7 1409/9/7 1407/8/7
f 516/39/75 508/22/76 515/20/77
f 498/13/17 502/9/17 503/8/17
f 176/13/3 181/9/3 179/8/3
f 2107/9/3 2103/13/3 2104/7/3
f 294/7/12 298/8/12 293/13/12
f 354/23/78 356/28/79 359/25/80
f 844/16/1 850/23/1 846/15/1
f 300/12/2 297/3/2 299/2/2
f 758/1/2 759/2/2 760/12/2
f 300/8/7 295/7/7 296/13/7
f 578/9/7 571/13/7 576/8/7
f 1091/33/81 1084/34/82 1094/41/83
f 1256/12/2 1253/3/2 1255/2/2
f 770/3/1 772/12/1 771/2/1
f 1181/1/1 1183/2/1 1182/3/1
f 781/6/2 779/11/2 783/5/2
f 871/23/41 873/28/41 877/25/84
f 1378/9/3 1371/13/3 1376/8/3
f 381/4/2 387/5/2 385/6/2
f 745/1/1 747/2/1 746/3/1
f 1960/8/12 1955/7/12 1956/13/12
f 1233/6/2 1231/11/2 1235/5/2
f 3/7/17 5/8/17 2/13/17
f 209/13/12 214/9/12 212/8/12
f 1333/13/12 1336/9/12 1332/7/12
f 146/1/2 147/2/2 148/12/2
f 1671/20/85 1676/40/86 1664/22/87
f 562/42/88 552/28/89 553/29/90
f 1029/30/91 1034/43/92 1025/29/93
f 302/13/12 307/9/12 305/8/12
f 2208/9/12 2205/13/12 2209/8/12
f 1215/25/94 1212/26/95 1216/27/96
f 1348/28/7 1358/41/97 1355/25/98
f 955/44/99 951/17/100 943/11/3
f 739/30/101 741/20/102 735/29/103
f 525/1/2 526/2/2 527/12/2
f 691/7/12 696/8/12 695/9/12
f 1567/9/7 1563/13/7 1564/7/7
f 764/13/3 767/9/3 763/7/3
f 867/4/2 873/5/2 871/6/2
f 1205/4/2 1211/5/2 1209/6/2
f 587/1/1 589/2/1 588/3/1
f 2012/2/1 2010/1/1 2013/12/1
f 1640/29/104 1643/21/105 1639/28/106
f 861/7/12 866/8/12 865/9/12
f 1047/25/107 1040/28/108 1038/36/109
f 976/17/110 972/4/111 979/32/112
f 660/36/113 669/25/114 662/28/3
f 1539/16/1 1545/23/1 1541/15/1
f 595/1/1 597/2/1 596/3/1
f 764/7/12 766/8/12 768/9/12
f 1411/4/2 1417/5/2 1415/6/2
f 1062/4/2 1068/5/2 1066/6/2
f 1043/14/1 1041/15/1 1039/16/1
f 304/7/7 306/8/7 308/9/7
f 211/12/1 209/3/1 208/1/1
f 1443/13/17 1450/9/17 1446/7/17
f 649/16/1 655/23/1 651/15/1
f 293/13/3 300/9/3 296/7/3
f 450/7/7 455/8/7 454/9/7
f 1482/12/2 1479/3/2 1481/2/2
f 1329/12/2 1326/3/2 1328/2/2
f 804/1/2 805/2/2 806/12/2
f 2046/4/2 2052/5/2 2050/6/2
f 1416/14/1 1414/15/1 1412/16/1
f 395/13/7 402/9/7 398/7/7
f 1621/13/7 1628/9/7 1624/7/7
f 396/7/3 400/8/3 395/13/3
f 816/7/3 820/8/3 815/13/3
f 142/7/7 146/8/7 141/13/7
f 712/30/115 714/20/116 708/29/115
f 1002/13/12 1009/9/12 1005/7/12
f 1446/13/12 1449/9/12 1445/7/12
f 286/13/7 291/9/7 289/8/7
f 134/30/117 139/43/118 130/29/119
f 1916/12/2 1913/3/2 1915/2/2
f 1051/4/2 1057/5/2 1055/6/2
f 719/4/2 725/5/2 723/6/2
f 2031/14/1 2029/15/1 2027/16/1
f 1015/14/1 1013/15/1 1011/16/1
f 1297/4/2 1303/5/2 1301/6/2
f 604/13/17 609/9/17 607/8/17
f 2089/2/2 2088/1/2 2087/3/2
f 1152/17/120 1149/18/121 1145/19/121
f 892/14/1 890/15/1 888/16/1
f 1558/12/1 1556/3/1 1555/1/1
f 807/13/3 811/9/3 812/8/3
f 1302/14/1 1300/15/1 1298/16/1
f 1637/36/122 1640/45/104 1639/28/106
f 78/7/3 82/8/3 77/13/3
f 10/7/12 14/8/12 9/13/12
f 1410/12/2 1407/3/2 1409/2/2
f 591/8/12 589/7/12 593/9/12
f 1753/33/123 1746/34/124 1754/25/125
f 451/12/1 449/3/1 448/1/1
f 1283/2/1 1281/1/1 1284/12/1
f 808/13/12 813/9/12 811/8/12
f 579/13/12 583/9/12 584/8/12
f 704/12/2 701/3/2 703/2/2
f 1896/13/7 1899/9/7 1895/7/7
f 2096/14/1 2094/15/1 2092/16/1
f 1338/13/17 1342/9/17 1343/8/17
f 1580/19/126 1591/46/127 1584/18/128
f 909/11/17 920/32/129 917/17/130
f 1818/7/7 1823/8/7 1822/9/7
f 2002/14/1 2000/15/1 1998/16/1
f 2131/13/12 2135/9/12 2136/8/12
f 303/2/1 301/1/1 304/12/1
f 1464/1/2 1465/2/2 1466/12/2
f 1340/7/7 1342/8/7 1339/13/7
f 1467/13/17 1474/9/17 1470/7/17
f 1518/13/7 1525/9/7 1521/7/7
f 535/9/3 528/13/3 533/8/3
f 705/4/2 711/5/2 709/6/2
f 2058/19/131 2069/46/132 2062/18/133
f 326/20/134 323/21/7 319/22/135
f 492/7/7 494/8/7 491/13/7
f 889/22/17 897/39/136 893/21/17
f 1471/3/2 1474/12/2 1472/1/2
f 1258/19/131 1269/46/137 1262/18/133
f 322/14/1 320/15/1 318/16/1
f 1488/14/1 1486/15/1 1484/16/1
f 1249/1/1 1251/2/1 1250/3/1
f 936/13/7 941/9/7 939/8/7
f 63/7/7 65/8/7 62/13/7
f 333/13/17 336/9/17 332/7/17
f 1596/15/1 1598/14/1 1600/23/1
f 791/13/17 795/9/17 796/8/17
f 86/7/17 90/8/17 85/13/17
f 1475/13/3 1482/9/3 1478/7/3
f 2138/8/7 2133/7/7 2134/13/7
f 1382/12/1 1380/3/1 1379/1/1
f 1290/7/17 1294/8/17 1289/13/17
f 268/28/138 273/27/44 266/23/12
f 106/14/1 104/15/1 102/16/1
f 50/43/139 47/20/140 41/29/141
f 2176/14/1 2174/15/1 2172/16/1
f 1276/13/12 1279/9/12 1275/7/12
f 1977/14/1 1975/15/1 1973/16/1
f 202/30/142 206/43/143 198/29/144
f 1909/13/17 1913/9/17 1914/8/17
f 408/14/1 406/15/1 404/16/1
f 1001/24/145 994/4/146 995/18/147
f 1839/9/3 1832/13/3 1837/8/3
f 1292/7/12 1294/8/12 1296/9/12
f 1796/14/1 1794/15/1 1792/16/1
f 513/30/148 515/20/77 509/29/148
f 532/9/12 528/13/12 529/7/12
f 1577/9/12 1572/13/12 1573/7/12
f 15/9/17 10/13/17 11/7/17
f 309/13/3 313/9/3 314/8/3
f 2104/13/12 2109/9/12 2107/8/12
f 262/11/17 273/32/149 270/17/150
f 238/11/12 247/32/151 246/17/152
f 1827/7/12 1829/8/12 1831/9/12
f 823/4/2 829/5/2 827/6/2
f 839/9/3 835/13/3 836/7/3
f 68/8/3 63/7/3 64/13/3
f 1176/13/12 1179/9/12 1175/7/12
f 2063/21/3 2066/20/153 2067/39/154
f 280/21/12 283/20/155 284/39/156
f 697/13/3 704/9/3 700/7/3
f 729/25/157 726/26/158 730/27/159
f 243/14/1 241/15/1 239/16/1
f 1170/47/7 1158/22/160 1168/43/161
f 1599/21/17 1602/20/162 1603/39/163
f 1885/13/7 1892/9/7 1888/7/7
f 2128/25/164 2127/33/165 2120/34/166
f 1867/2/1 1865/1/1 1868/12/1
f 1088/14/1 1086/15/1 1084/16/1
f 607/9/12 603/13/12 604/7/12
f 753/13/3 760/9/3 756/7/3
f 1392/8/7 1390/7/7 1387/13/7
f 588/7/3 592/8/3 587/13/3
f 1198/13/3 1203/9/3 1201/8/3
f 456/11/7 467/32/167 464/17/168
f 1019/25/68 1012/28/69 1010/36/69
f 1706/23/169 1712/25/170 1707/48/171
f 621/7/17 626/8/17 625/9/17
f 869/28/172 867/36/173 875/33/174
f 45/30/175 50/43/139 41/29/141
f 349/32/176 338/11/12 342/4/177
f 1628/8/17 1623/7/17 1624/13/17
f 1246/1/2 1247/2/2 1248/12/2
f 1246/8/12 1242/7/12 1245/9/12
f 343/14/1 341/15/1 339/16/1
f 2124/14/1 2122/15/1 2120/16/1
f 1280/12/2 1277/3/2 1279/2/2
f 1272/38/17 1269/46/137 1265/17/178
f 639/23/3 641/28/179 646/27/180
f 1275/7/3 1277/8/3 1274/13/3
f 1182/13/3 1187/9/3 1185/8/3
f 14/1/2 15/2/2 16/12/2
f 901/13/7 905/9/7 906/8/7
f 1771/14/1 1769/15/1 1767/16/1
f 1144/4/2 1150/5/2 1148/6/2
f 1273/1/1 1275/2/1 1274/3/1
f 1804/16/1 1810/23/1 1806/15/1
f 416/1/1 418/2/1 417/3/1
f 522/7/3 524/8/3 521/13/3
f 994/23/181 996/28/182 1000/25/183
f 1903/7/12 1908/8/12 1907/9/12
f 435/7/3 437/8/3 439/9/3
f 1116/13/12 1123/9/12 1119/7/12
f 1494/32/184 1483/11/185 1487/4/186
f 628/7/7 632/8/7 627/13/7
f 1324/7/12 1326/8/12 1323/13/12
f 2187/1/2 2188/2/2 2189/12/2
f 1373/2/1 1371/1/1 1374/12/1
f 2041/13/17 2044/9/17 2040/7/17
f 1216/32/187 1205/11/17 1209/4/17
f 151/22/188 159/39/189 155/21/17
f 2002/18/190 2009/10/191 2008/32/192
f 1683/13/3 1688/9/3 1686/8/3
f 1075/13/3 1079/9/3 1080/8/3
f 879/13/17 883/9/17 884/8/17
f 1403/1/1 1405/2/1 1404/3/1
f 818/13/17 821/9/17 817/7/17
f 756/13/7 759/9/7 755/7/7
f 389/33/193 382/34/194 390/25/195
f 427/13/17 430/9/17 426/7/17
f 1461/2/1 1459/1/1 1462/12/1
f 1266/25/196 1259/28/28 1257/36/197
f 2054/17/198 2050/4/199 2056/32/200
f 64/12/1 62/3/1 61/1/1
f 527/9/17 520/13/17 525/8/17
f 1434/12/2 1431/3/2 1433/2/2
f 1804/19/201 1814/32/202 1808/18/203
f 1838/2/2 1837/1/2 1836/3/2
f 1971/27/204 1965/23/69 1967/28/69
f 1175/2/1 1173/1/1 1176/12/1
f 1622/13/12 1627/9/12 1625/8/12
f 55/2/1 53/1/1 56/12/1
f 1142/2/2 1141/1/2 1140/3/2
f 1438/7/7 1440/8/7 1442/9/7
f 521/7/7 525/8/7 520/13/7
f 1234/14/1 1232/15/1 1230/16/1
f 2070/4/2 2076/5/2 2074/6/2
f 737/14/1 735/15/1 733/16/1
f 499/3/1 501/12/1 500/2/1
f 944/19/205 955/44/99 948/18/206
f 568/8/12 566/7/12 563/13/12
f 1162/28/207 1166/25/208 1171/49/209
f 1707/14/1 1705/15/1 1703/16/1
f 69/1/1 71/2/1 70/3/1
f 1747/22/210 1755/39/211 1751/21/3
f 485/13/3 488/9/3 484/7/3
f 376/12/1 374/3/1 373/1/1
f 582/12/1 580/3/1 579/1/1
f 2001/4/212 2008/32/192 2009/10/191
f 1499/6/2 1497/11/2 1501/5/2
f 1156/11/12 1172/50/12 1164/17/213
f 377/9/17 373/13/17 374/7/17
f 659/32/214 648/11/17 652/4/215
f 132/14/1 130/15/1 128/16/1
f 1506/19/216 1516/46/217 1510/18/218
f 188/14/1 186/15/1 184/16/1
f 432/1/1 434/2/1 433/3/1
f 432/13/12 436/9/12 437/8/12
f 1682/13/17 1689/9/17 1685/7/17
f 1615/7/17 1617/8/17 1614/13/17
f 922/4/219 928/5/2 926/6/220
f 771/7/17 773/8/17 770/13/17
f 141/13/17 148/9/17 144/7/17
f 1555/13/3 1562/9/3 1558/7/3
f 1573/7/17 1578/8/17 1577/9/17
f 2139/11/12 2150/32/221 2147/17/222
f 764/12/1 762/3/1 761/1/1
f 1575/9/3 1571/13/3 1572/7/3
f 1163/30/91 1168/43/161 1159/29/93
f 86/13/7 91/9/7 89/8/7
f 1803/4/2 1809/5/2 1807/6/2
f 1743/39/55 1736/29/121 1740/30/121
f 1121/1/2 1122/2/2 1123/12/2
f 131/4/223 138/32/224 140/50/225
f 1607/7/12 1612/8/12 1611/9/12
f 1626/1/2 1627/2/2 1628/12/2
f 810/7/7 812/8/7 814/9/7
f 1621/13/3 1625/9/3 1626/8/3
f 1613/13/3 1620/9/3 1616/7/3
f 501/13/3 504/9/3 500/7/3
f 2182/1/1 2184/2/1 2183/3/1
f 174/51/3 163/36/226 173/52/227
f 1660/9/17 1655/13/17 1656/7/17
f 445/1/2 446/2/2 447/12/2
f 1487/6/2 1485/11/2 1489/5/2
f 1651/1/2 1652/2/2 1653/12/2
f 469/16/1 475/23/1 471/15/1
f 1655/7/12 1659/8/12 1654/13/12
f 1548/39/228 1541/29/115 1545/30/115
f 594/8/17 589/7/17 590/13/17
f 1845/14/1 1843/15/1 1841/16/1
f 1657/13/7 1660/9/7 1656/7/7
f 710/14/1 708/15/1 706/16/1
f 2032/21/3 2035/20/229 2036/39/230
f 2139/4/2 2145/5/2 2143/6/2
f 452/3/2 455/12/2 453/1/2
f 746/13/17 751/9/17 749/8/17
f 2073/45/231 2082/53/232 2071/34/233
f 1662/4/2 1668/5/2 1666/6/2
f 595/13/12 599/9/12 600/8/12
f 308/12/2 305/3/2 307/2/2
f 1530/23/234 1532/28/235 1536/25/236
f 2215/14/1 2213/15/1 2211/16/1
f 325/33/237 318/34/238 326/25/239
f 1066/4/223 1070/17/240 1062/11/3
f 528/1/1 530/2/1 529/3/1
f 1149/14/1 1147/15/1 1145/16/1
f 1404/7/17 1408/8/17 1403/13/17
f 779/28/241 789/35/40 786/25/242
f 610/9/3 603/13/3 608/8/3
f 82/1/2 83/2/2 84/12/2
f 1607/7/3 1609/8/3 1606/13/3
f 1833/13/17 1838/9/17 1836/8/17
f 2141/22/7 2149/39/243 2145/21/7
f 1864/43/244 1859/21/7 1855/22/245
f 192/25/246 185/28/41 183/36/247
f 698/3/1 700/12/1 699/2/1
f 2017/12/2 2014/3/2 2016/2/2
f 409/21/3 405/22/248 413/39/249
f 1816/13/3 1823/9/3 1819/7/3
f 279/14/1 277/15/1 275/16/1
f 700/13/7 703/9/7 699/7/7
f 611/13/7 615/9/7 616/8/7
f 1817/3/1 1819/12/1 1818/2/1
f 956/4/2 962/5/2 960/6/2
f 272/39/250 264/22/251 271/20/252
f 1221/23/28 1223/28/253 1227/25/254
f 551/19/255 561/46/118 555/18/119
f 1189/13/3 1196/9/3 1192/7/3
f 355/14/1 353/15/1 351/16/1
f 2109/9/17 2106/13/17 2110/8/17
f 1529/29/256 1536/39/257 1535/20/258
f 1892/8/17 1887/7/17 1888/13/17
f 1632/13/12 1635/9/12 1631/7/12
f 929/30/131 934/43/259 925/29/133
f 1893/13/3 1900/9/3 1896/7/3
f 1689/12/2 1686/3/2 1688/2/2
f 1374/13/7 1377/9/7 1373/7/7
f 1509/6/2 1507/11/2 1511/5/2
f 1528/28/260 1526/36/261 1534/33/262
f 251/4/2 257/5/2 255/6/2
f 1902/13/3 1907/9/3 1905/8/3
f 1912/12/1 1910/3/1 1909/1/1
f 1537/24/73 1526/11/3 1530/4/234
f 1912/7/12 1914/8/12 1916/9/12
f 1904/7/17 1906/8/17 1908/9/17
f 469/19/263 481/54/264 473/18/265
f 1917/4/2 1923/5/2 1921/6/2
f 2194/6/2 2192/11/2 2196/5/2
f 577/9/17 574/13/17 578/8/17
f 665/14/1 663/15/1 661/16/1
f 1940/13/12 1943/9/12 1939/7/12
f 1937/1/1 1939/2/1 1938/3/1
f 1304/30/266 1309/43/127 1300/29/128
f 1649/13/3 1652/9/3 1648/7/3
f 1341/13/3 1344/9/3 1340/7/3
f 541/48/267 547/27/268 549/55/269
f 2141/28/17 2139/36/270 2148/25/271
f 1853/4/2 1859/5/2 1857/6/2
f 2191/16/1 2197/23/1 2193/15/1
f 1908/12/2 1905/3/2 1907/2/2
f 1783/14/1 1781/15/1 1779/16/1
f 1761/7/17 1763/8/17 1765/9/17
f 2020/7/17 2022/8/17 2019/13/17
f 1955/7/3 1957/8/3 1954/13/3
f 715/39/272 711/21/3 707/22/273
f 1807/23/12 1815/55/274 1814/27/275
f 1695/14/1 1693/15/1 1691/16/1
f 8/12/2 5/3/2 7/2/2
f 251/11/276 261/32/37 252/19/277
f 44/21/278 40/22/12 50/43/139
f 2061/6/2 2059/11/2 2063/5/2
f 2062/14/1 2060/15/1 2058/16/1
f 1922/14/1 1920/15/1 1918/16/1
f 1056/14/1 1054/15/1 1052/16/1
f 1128/6/2 1126/11/2 1130/5/2
f 94/7/12 98/8/12 93/13/12
f 1361/28/279 1359/36/280 1367/33/281
f 291/2/2 290/1/2 289/3/2
f 350/4/2 356/5/2 354/6/2
f 114/56/282 105/23/7 107/28/283
f 1795/4/284 1799/17/285 1791/11/7
f 537/19/286 547/32/287 541/18/288
f 1673/32/289 1679/38/54 1666/4/53
f 2111/1/1 2113/2/1 2112/3/1
f 732/4/2 738/5/2 736/6/2
f 1014/4/290 1018/17/291 1010/11/7
f 886/12/2 883/3/2 885/2/2
f 1938/13/3 1943/9/3 1941/8/3
f 1451/13/3 1458/9/3 1454/7/3
f 1270/47/292 1263/21/3 1271/57/12
f 11/7/7 16/8/7 15/9/7
f 1929/13/12 1936/9/12 1932/7/12
f 1075/1/1 1077/2/1 1076/3/1
f 1871/9/7 1868/13/7 1872/8/7
f 79/7/12 81/8/12 78/13/12
f 77/1/1 79/2/1 78/3/1
f 87/2/1 85/1/1 88/12/1
f 1994/1/2 1995/2/2 1996/12/2
f 51/10/293 46/17/294 38/11/7
f 555/14/1 553/15/1 551/16/1
f 747/7/7 752/8/7 751/9/7
f 1/1/1 3/2/1 2/3/1
f 1858/14/1 1856/15/1 1854/16/1
f 1584/14/1 1582/15/1 1580/16/1
f 1562/8/7 1557/7/7 1558/13/7
f 1792/19/35 1802/32/295 1796/18/35
f 1565/7/3 1567/8/3 1564/13/3
f 1932/13/3 1935/9/3 1931/7/3
f 46/33/296 39/34/297 47/25/298
f 143/2/1 141/1/1 144/12/1
f 2090/8/12 2085/7/12 2086/13/12
f 262/4/2 268/5/2 266/6/2
f 458/28/69 456/36/299 464/33/300
f 115/11/12 125/32/301 123/17/302
f 309/13/7 316/9/7 312/7/7
f 1375/9/12 1371/13/12 1372/7/12
f 313/3/2 316/12/2 314/1/2
f 1111/7/7 1113/8/7 1115/9/7
f 2036/39/230 2029/29/303 2033/30/304
f 797/2/2 796/1/2 795/3/2
f 567/3/2 570/12/2 568/1/2
f 292/9/12 285/13/12 290/8/12
f 486/9/17 482/13/17 483/7/17
f 2021/13/7 2024/9/7 2020/7/7
f 620/13/12 625/9/12 623/8/12
f 1260/29/115 1267/39/305 1266/20/306
f 1429/2/1 1427/1/1 1430/12/1
f 337/12/2 334/3/2 336/2/2
f 356/21/3 360/58/307 359/39/308
f 639/4/111 643/17/309 635/11/12
f 552/22/89 560/59/310 556/21/311
f 990/11/12 1001/24/145 998/17/312
f 794/12/1 792/3/1 791/1/1
f 1376/1/2 1377/2/2 1378/12/2
f 1613/13/12 1617/9/12 1618/8/12
f 103/28/41 101/36/313 109/33/314
f 436/8/17 434/7/17 438/9/17
f 978/25/315 975/26/316 979/27/317
f 1464/8/7 1460/7/7 1463/9/7
f 2136/8/3 2134/7/3 2131/13/3
f 2186/9/12 2182/13/12 2183/7/12
f 1030/17/318 1027/18/148 1023/19/148
f 483/13/7 488/9/7 486/8/7
f 1905/9/7 1901/13/7 1902/7/7
f 1694/23/69 1696/28/69 1700/25/319
f 407/23/41 409/28/41 413/25/320
f 1894/7/12 1898/8/12 1893/13/12
f 358/17/321 355/18/322 351/19/323
f 1346/11/324 1357/32/325 1354/17/326
f 1096/4/2 1102/5/2 1100/6/2
f 564/7/17 568/8/17 563/13/17
f 572/13/12 577/9/12 575/8/12
f 1716/2/1 1714/1/1 1717/12/1
f 564/13/7 569/9/7 567/8/7
f 529/13/17 534/9/17 532/8/17
f 617/9/3 612/13/3 613/7/3
f 640/14/1 638/15/1 636/16/1
f 613/2/1 611/1/1 614/12/1
f 600/8/3 598/7/3 595/13/3
f 493/13/3 496/9/3 492/7/3
f 604/3/1 606/12/1 605/2/1
f 1690/4/2 1696/5/2 1694/6/2
f 835/1/1 837/2/1 836/3/1
f 625/2/2 624/1/2 623/3/2
f 825/22/327 833/39/328 829/21/3
f 614/13/12 617/9/12 613/7/12
f 1269/46/137 1268/32/329 1262/18/133
f 1527/16/1 1533/23/1 1529/15/1
f 677/9/3 673/13/3 674/7/3
f 861/7/3 863/8/3 860/13/3
f 692/7/17 694/8/17 696/9/17
f 699/7/17 701/8/17 698/13/17
f 311/7/17 316/8/17 315/9/17
f 222/21/330 225/20/331 226/39/332
f 2196/21/17 2199/20/333 2200/39/334
f 1722/4/2 1728/5/2 1726/6/2
f 1122/9/3 1119/13/3 1123/8/3
f 697/13/12 701/9/12 702/8/12
f 1630/7/7 1634/8/7 1629/13/7
f 1395/13/3 1402/9/3 1398/7/3
f 1150/21/3 1155/42/335 1153/39/336
f 682/13/3 687/9/3 685/8/3
f 750/1/2 751/2/2 752/12/2
f 736/4/337 740/17/34 732/11/7
f 1727/14/1 1725/15/1 1723/16/1
f 2014/9/3 2010/13/3 2011/7/3
f 926/4/220 930/17/338 922/11/219
f 674/3/1 676/12/1 675/2/1
f 2041/7/7 2043/8/7 2045/9/7
f 482/1/1 484/2/1 483/3/1
f 1937/13/17 1944/9/17 1940/7/17
f 762/7/17 766/8/17 761/13/17
f 770/7/12 774/8/12 769/13/12
f 799/13/17 806/9/17 802/7/17
f 786/20/339 783/21/3 779/22/3
f 1961/4/2 1967/5/2 1965/6/2
f 720/19/131 731/46/340 724/18/133
f 914/14/1 912/15/1 910/16/1
f 763/7/7 765/8/7 762/13/7
f 1222/14/1 1220/15/1 1218/16/1
f 2144/14/1 2142/15/1 2140/16/1
f 886/8/3 881/7/3 882/13/3
f 837/7/17 842/8/17 841/9/17
f 619/13/7 626/9/7 622/7/7
f 352/28/341 353/29/342 360/58/307
f 851/1/1 853/2/1 852/3/1
f 851/13/17 858/9/17 854/7/17
f 864/1/2 865/2/2 866/12/2
f 908/8/12 903/7/12 904/13/12
f 882/12/1 880/3/1 879/1/1
f 400/1/2 401/2/2 402/12/2
f 1078/13/17 1081/9/17 1077/7/17
f 903/7/3 905/8/3 902/13/3
f 903/2/1 901/1/1 904/12/1
f 908/12/2 905/3/2 907/2/2
f 2152/13/12 2156/9/12 2157/8/12
f 1129/18/343 1135/10/5 1133/32/344
f 168/18/345 163/11/226 167/4/346
f 938/12/1 936/3/1 935/1/1
f 439/12/2 436/3/2 438/2/2
f 935/13/17 939/9/17 940/8/17
f 879/13/12 886/9/12 882/7/12
f 606/13/7 609/9/7 605/7/7
f 1864/43/244 1860/30/347 1862/39/348
f 385/4/349 393/60/350 381/11/12
f 99/2/2 98/1/2 97/3/2
f 1458/8/7 1453/7/7 1454/13/7
f 1746/16/1 1752/23/1 1748/15/1
f 1022/11/12 1037/61/12 1030/17/318
f 970/28/108 968/36/351 976/33/352
f 1108/13/3 1112/9/3 1113/8/3
f 2059/28/7 2057/36/353 2066/25/354
f 1504/27/355 1499/23/356 1501/28/357
f 1078/7/7 1080/8/7 1082/9/7
f 1119/12/1 1117/3/1 1116/1/1
f 1115/8/17 1110/7/17 1111/13/17
f 878/32/358 867/11/17 871/4/359
f 398/13/17 401/9/17 397/7/17
f 801/2/1 799/1/1 802/12/1
f 234/14/1 232/15/1 230/16/1
f 1186/1/2 1187/2/2 1188/12/2
f 1176/7/17 1178/8/17 1180/9/17
f 1204/9/17 1197/13/17 1202/8/17
f 694/1/2 695/2/2 696/12/2
f 1200/13/12 1203/9/12 1199/7/12
f 1386/12/2 1383/3/2 1385/2/2
f 1197/13/7 1201/9/7 1202/8/7
f 755/7/17 757/8/17 754/13/17
f 2036/25/360 2033/26/361 2037/27/362
f 1204/12/2 1201/3/2 1203/2/2
f 1197/1/1 1199/2/1 1198/3/1
f 1445/7/3 1447/8/3 1444/13/3
f 755/2/1 753/1/1 756/12/1
f 164/16/1 170/23/1 166/15/1
f 1256/8/7 1251/7/7 1252/13/7
f 1243/7/7 1248/8/7 1247/9/7
f 1241/13/3 1248/9/3 1244/7/3
f 327/25/363 324/26/364 328/27/365
f 1259/22/366 1270/47/292 1271/57/12
f 619/1/1 621/2/1 620/3/1
f 1288/12/2 1285/3/2 1287/2/2
f 1286/8/3 1284/7/3 1281/13/3
f 76/8/7 71/7/7 72/13/7
f 1770/23/14 1772/28/367 1776/25/368
f 1157/19/142 1169/46/369 1161/18/144
f 1292/13/3 1295/9/3 1291/7/3
f 1530/6/2 1528/11/2 1532/5/2
f 1895/2/1 1893/1/1 1896/12/1
f 1285/9/12 1281/13/12 1282/7/12
f 1312/22/370 1320/39/371 1316/21/17
f 30/13/17 37/9/17 33/7/17
f 632/1/2 633/2/2 634/12/2
f 1184/7/17 1186/8/17 1188/9/17
f 1291/7/7 1293/8/7 1290/13/7
f 21/6/2 19/11/2 23/5/2
f 1335/8/17 1333/7/17 1330/13/17
f 891/6/2 889/11/2 893/5/2
f 507/16/1 513/23/1 509/15/1
f 1387/13/3 1391/9/3 1392/8/3
f 1997/4/2 2003/5/2 2001/6/2
f 1681/62/372 1680/63/373 1667/18/374
f 1338/13/12 1345/9/12 1341/7/12
f 1405/7/3 1410/8/3 1409/9/3
f 1399/9/12 1395/13/12 1396/7/12
f 1383/8/7 1381/7/7 1385/9/7
f 652/6/2 650/11/2 654/5/2
f 1766/4/2 1772/5/2 1770/6/2
f 1393/2/2 1392/1/2 1391/3/2
f 272/39/250 265/29/375 269/30/376
f 1231/28/69 1229/36/377 1237/33/378
f 1469/7/12 1474/8/12 1473/9/12
f 1360/16/1 1366/23/1 1362/15/1
f 1439/9/3 1435/13/3 1436/7/3
f 1443/13/7 1447/9/7 1448/8/7
f 587/13/7 594/9/7 590/7/7
f 67/2/2 66/1/2 65/3/2
f 1476/7/12 1480/8/12 1475/13/12
f 717/64/379 711/28/380 715/25/381
f 1610/1/2 1611/2/2 1612/12/2
f 2104/3/1 2106/12/1 2105/2/1
f 1731/39/382 1728/21/383 1724/22/384
f 1560/1/2 1561/2/2 1562/12/2
f 1544/21/3 1550/65/385 1548/39/386
f 1607/2/1 1605/1/1 1608/12/1
f 2006/25/387 1999/28/69 1997/36/388
f 149/4/2 155/5/2 153/6/2
f 742/25/389 739/26/390 743/27/391
f 1566/13/12 1569/9/12 1565/7/12
f 1223/21/392 1226/20/393 1227/39/394
f 2118/12/2 2115/3/2 2117/2/2
f 1765/8/12 1760/7/12 1761/13/12
f 1649/7/12 1651/8/12 1653/9/12
f 820/1/2 821/2/2 822/12/2
f 1624/12/1 1622/3/1 1621/1/1
f 1641/6/2 1639/11/2 1643/5/2
f 1778/4/2 1784/5/2 1782/6/2
f 434/7/7 439/8/7 438/9/7
f 1636/12/2 1633/3/2 1635/2/2
f 1655/3/1 1657/12/1 1656/2/1
f 1579/4/2 1585/5/2 1583/6/2
f 412/25/395 403/36/396 411/33/165
f 574/12/1 572/3/1 571/1/1
f 1347/16/1 1353/23/1 1349/15/1
f 1675/47/397 1668/21/3 1664/22/87
f 1210/14/1 1208/15/1 1206/16/1
f 455/9/3 448/13/3 453/8/3
f 1345/12/2 1342/3/2 1344/2/2
f 1139/13/12 1142/9/12 1138/7/12
f 1721/8/12 1716/7/12 1717/13/12
f 679/2/2 678/1/2 677/3/2
f 36/9/12 33/13/12 37/8/12
f 2103/13/7 2110/9/7 2106/7/7
f 125/27/398 119/23/3 121/28/399
f 61/13/12 68/9/12 64/7/12
f 405/28/7 415/51/400 412/25/395
f 175/1/1 177/2/1 176/3/1
f 1758/1/1 1760/2/1 1759/3/1
f 1765/12/2 1762/3/2 1764/2/2
f 611/13/17 618/9/17 614/7/17
f 995/14/1 993/15/1 991/16/1
f 1919/22/17 1927/39/401 1923/21/17
f 1019/20/402 1016/21/12 1012/22/403
f 80/13/17 83/9/17 79/7/17
f 1966/14/1 1964/15/1 1962/16/1
f 2203/3/1 2205/12/1 2204/2/1
f 1817/7/12 1821/8/12 1816/13/12
f 810/12/1 808/3/1 807/1/1
f 1768/28/108 1766/36/108 1774/33/404
f 694/8/7 690/7/7 693/9/7
f 1225/17/405 1222/18/115 1218/19/115
f 1616/13/7 1619/9/7 1615/7/7
f 1294/1/2 1295/2/2 1296/12/2
f 1821/1/2 1822/2/2 1823/12/2
f 1805/28/28 1803/36/406 1811/33/407
f 2061/4/408 2069/46/132 2057/11/17
f 1915/9/7 1910/13/7 1911/7/7
f 1958/1/2 1959/2/2 1960/12/2
f 1213/33/409 1206/34/410 1214/25/125
f 461/14/1 459/15/1 457/16/1
f 1553/31/17 1554/62/411 1546/17/412
f 1953/1/1 1955/2/1 1954/3/1
f 522/7/12 527/8/12 526/9/12
f 1063/16/1 1069/23/1 1065/15/1
f 937/7/3 942/8/3 941/9/3
f 241/29/413 244/21/414 240/22/415
f 1948/13/7 1951/9/7 1947/7/7
f 2012/7/17 2017/8/17 2016/9/17
f 1990/7/17 1994/8/17 1989/13/17
f 973/14/1 971/15/1 969/16/1
f 1450/12/2 1447/3/2 1449/2/2
f 1217/4/2 1223/5/2 1221/6/2
f 1468/13/3 1473/9/3 1471/8/3
f 187/6/2 185/11/2 189/5/2
f 77/13/7 84/9/7 80/7/7
f 627/13/17 634/9/17 630/7/17
f 942/12/2 939/3/2 941/2/2
f 1002/13/17 1006/9/17 1007/8/17
f 442/2/1 440/1/1 443/12/1
f 2114/13/3 2117/9/3 2113/7/3
f 1178/1/2 1179/2/2 1180/12/2
f 1355/20/416 1352/21/3 1348/22/417
f 450/7/17 452/8/17 449/13/17
f 2133/2/1 2131/1/1 2134/12/1
f 1506/16/1 1512/23/1 1508/15/1
f 375/7/7 377/8/7 374/13/7
f 196/16/1 202/23/1 198/15/1
f 1014/6/2 1012/11/2 1016/5/2
f 2158/2/2 2157/1/2 2156/3/2
f 2158/9/17 2153/13/17 2154/7/17
f 599/3/2 602/12/2 600/1/2
f 2208/2/2 2207/1/2 2206/3/2
f 1359/4/2 1365/5/2 1363/6/2
f 1050/59/418 1048/39/294 1044/21/7
f 2171/4/2 2177/5/2 2175/6/2
f 2207/8/17 2205/7/17 2202/13/17
f 958/28/28 956/36/419 964/33/420
f 923/19/115 933/32/116 927/18/115
f 1032/25/421 1029/26/422 1033/27/423
f 510/23/17 512/28/424 518/37/425
f 895/33/426 888/34/427 896/25/428
f 1552/66/429 1548/25/430 1545/26/431
f 945/28/41 943/36/432 951/33/433
f 1020/25/434 1017/26/435 1021/27/436
f 570/8/3 565/7/3 566/13/3
f 1229/11/7 1240/32/437 1237/17/438
f 1730/17/439 1727/18/440 1723/19/441
f 1891/2/2 1890/1/2 1889/3/2
f 330/13/3 334/9/3 335/8/3
f 2193/29/442 2200/39/334 2199/20/333
f 2148/25/271 2147/33/443 2140/34/444
f 1169/46/369 1172/50/12 1160/4/445
f 1743/39/55 1735/22/56 1742/20/129
f 1574/7/7 1576/8/7 1578/9/7
f 844/34/446 845/28/447 843/36/448
f 658/39/449 650/22/366 657/20/116
f 217/19/450 227/46/451 221/18/452
f 1391/8/12 1389/7/12 1393/9/12
f 335/8/7 333/7/7 330/13/7
f 96/7/3 98/8/3 100/9/3
f 1773/30/453 1775/20/454 1769/29/455
f 991/19/456 1001/24/145 995/18/147
f 717/64/379 718/67/457 716/27/458
f 713/33/459 706/34/460 714/25/461
f 34/8/3 32/7/3 36/9/3
f 1734/34/462 1742/25/463 1741/33/464
f 1152/17/120 1144/11/17 1148/4/465
f 799/13/7 803/9/7 804/8/7
f 1031/25/466 1024/28/108 1022/36/467
f 738/21/12 741/20/102 742/39/468
f 1757/55/469 1755/25/470 1752/26/471
f 1934/1/2 1935/2/2 1936/12/2
f 2011/13/12 2016/9/12 2014/8/12
f 472/23/472 478/25/473 473/48/265
f 1596/29/474 1603/39/163 1602/20/162
f 2061/23/41 2063/28/475 2067/25/476
f 1733/11/3 1744/32/477 1741/17/478
f 2099/33/479 2092/34/480 2100/25/481
f 2024/2/2 2023/1/2 2022/3/2
f 1834/2/1 1832/1/1 1835/12/1
f 1036/66/3 1035/37/3 1033/27/482
f 1581/28/483 1579/36/484 1587/33/485
f 1877/4/486 1881/17/487 1873/11/7
f 1310/4/2 1316/5/2 1314/6/2
f 2175/4/488 2172/19/489 2171/11/490
f 920/27/491 913/23/41 915/28/41
f 2152/13/3 2159/9/3 2155/7/3
f 533/1/2 534/2/2 535/12/2
f 173/52/227 164/34/492 166/45/493
f 1534/17/494 1526/11/3 1537/24/73
f 557/30/495 556/21/311 560/59/310
f 1487/23/28 1489/28/28 1493/25/496
f 1049/32/497 1039/19/498 1046/17/499
f 220/23/500 222/28/501 226/25/502
f 1427/13/3 1431/9/3 1432/8/3
f 317/11/12 328/32/503 325/17/504
f 1924/30/505 1926/20/506 1920/29/507
f 2218/33/508 2211/34/435 2219/25/436
f 1721/9/17 1714/13/17 1719/8/17
f 1492/25/509 1485/28/41 1483/36/41
f 2199/25/510 2198/33/511 2191/34/46
f 1395/1/1 1397/2/1 1396/3/1
f 1865/13/12 1869/9/12 1870/8/12
f 984/23/512 986/28/513 988/25/514
f 1261/6/2 1259/11/2 1263/5/2
f 172/39/515 165/22/12 171/20/516
f 1190/7/12 1194/8/12 1189/13/12
f 2/7/12 6/8/12 1/13/12
f 628/13/3 633/9/3 631/8/3
f 965/20/116 962/21/3 958/22/366
f 117/22/7 126/59/517 121/21/518
f 1669/30/519 1672/39/520 1677/68/521
f 1767/19/522 1777/24/16 1771/18/15
f 2149/39/243 2142/29/523 2146/30/524
f 1401/2/2 1400/1/2 1399/3/2
f 2072/22/525 2080/39/526 2076/21/17
f 1989/13/12 1996/9/12 1992/7/12
f 1898/1/2 1899/2/2 1900/12/2
f 1826/2/1 1824/1/1 1827/12/1
f 672/24/527 671/32/528 665/18/529
f 1672/25/530 1669/26/531 1673/27/532
f 171/20/516 170/30/533 172/39/515
f 552/28/89 558/33/534 553/45/90
f 126/59/517 118/29/535 122/30/536
f 990/4/2 996/5/2 994/6/2
f 361/4/2 367/5/2 365/6/2
f 685/9/7 681/13/7 682/7/7
f 670/25/537 667/26/538 671/27/539
f 442/7/17 447/8/17 446/9/17
f 1476/13/17 1481/9/17 1479/8/17
f 476/33/540 469/34/541 477/25/542
f 2075/18/543 2078/17/544 2081/32/545
f 930/33/546 923/34/547 931/25/548
f 1048/39/294 1050/59/418 1045/30/549
f 51/10/293 43/18/550 39/19/551
f 42/23/17 52/55/552 49/27/553
f 815/13/7 822/9/7 818/7/7
f 2140/19/554 2150/32/221 2144/18/555
f 4/7/3 6/8/3 8/9/3
f 248/37/556 249/69/557 250/66/558
f 1733/4/2 1739/5/2 1737/6/2
f 2056/27/559 2050/23/560 2052/28/561
f 1758/13/7 1762/9/7 1763/8/7
f 1826/7/7 1828/8/7 1825/13/7
f 2184/7/17 2186/8/17 2183/13/17
f 1824/13/17 1828/9/17 1829/8/17
f 1980/17/562 1977/18/563 1973/19/564
f 1597/6/2 1595/11/2 1599/5/2
f 1665/15/1 1667/14/1 1669/23/1
f 1992/12/1 1990/3/1 1989/1/1
f 1185/9/7 1181/13/7 1182/7/7
f 597/7/17 599/8/17 596/13/17
f 1426/70/565 1425/66/566 1416/48/567
f 500/7/7 502/8/7 499/13/7
f 1359/11/7 1370/32/568 1367/17/569
f 692/12/1 690/3/1 689/1/1
f 278/23/570 280/28/571 284/25/572
f 514/17/573 510/4/7 517/32/574
f 954/32/575 948/18/206 955/44/99
f 296/12/1 294/3/1 293/1/1
f 452/9/12 448/13/12 449/7/12
f 998/33/576 991/34/577 999/25/578
f 1713/46/579 1706/23/169 1707/18/171
f 559/27/580 556/28/311 557/26/495
f 2130/27/581 2129/25/511 2126/26/46
f 260/39/582 253/22/583 259/20/584
f 1114/2/2 1113/1/2 1112/3/2
f 2026/4/2 2032/5/2 2030/6/2
f 1695/18/585 1698/17/586 1701/32/30
f 345/30/587 347/20/588 341/29/589
f 855/9/7 851/13/7 852/7/7
f 1132/25/590 1124/36/6 1125/34/591
f 1875/28/69 1873/36/592 1881/33/593
f 1158/28/108 1156/36/594 1164/33/595
f 264/28/28 262/36/596 270/33/597
f 1832/13/12 1836/9/12 1837/8/12
f 122/30/536 121/21/518 126/59/517
f 1601/17/598 1593/11/3 1597/4/599
f 1952/12/2 1949/3/2 1951/2/2
f 1009/8/3 1004/7/3 1005/13/3
f 1442/8/17 1437/7/17 1438/13/17
f 481/54/264 468/11/17 472/4/472
f 900/54/600 898/32/601 892/18/602
f 1137/7/7 1141/8/7 1136/13/7
f 2137/9/17 2132/13/17 2133/7/17
f 1042/4/603 1046/17/499 1038/11/604
f 138/27/605 131/23/28 133/28/606
f 2160/4/2 2166/5/2 2164/6/2
f 157/33/607 150/34/608 158/25/609
f 376/7/12 378/8/12 380/9/12
f 916/30/610 918/20/611 912/29/612
f 1148/23/41 1150/28/432 1153/25/433
f 1095/71/613 1093/39/614 1089/21/7
f 2119/4/2 2125/5/2 2123/6/2
f 278/6/2 276/11/2 280/5/2
f 872/14/1 870/15/1 868/16/1
f 2220/25/615 2217/26/616 2221/27/617
f 348/25/618 345/26/619 349/27/620
f 646/27/180 645/25/621 642/26/622
f 379/2/2 378/1/2 377/3/2
f 2034/17/623 2030/4/17 2037/32/624
f 877/39/625 869/22/626 876/20/627
f 480/68/628 477/20/629 471/29/630
f 935/13/12 942/9/12 938/7/12
f 847/6/2 845/11/2 849/5/2
f 273/27/44 272/25/45 269/26/46
f 472/23/472 473/18/265 481/54/264
f 582/7/3 584/8/3 586/9/3
f 2169/25/631 2164/23/12 2166/28/632
f 2218/17/633 2222/10/634 2211/19/635
f 456/4/2 462/5/2 460/6/2
f 2099/17/636 2096/18/637 2092/19/638
f 1453/2/1 1451/1/1 1454/12/1
f 856/1/2 857/2/2 858/12/2
f 1941/3/2 1944/12/2 1942/1/2
f 256/14/1 254/15/1 252/16/1
f 1605/13/7 1609/9/7 1610/8/7
f 548/35/639 536/36/640 544/33/641
f 2095/6/2 2093/11/2 2097/5/2
f 652/23/41 654/28/642 658/25/643
f 1557/7/17 1559/8/17 1556/13/17
f 1230/19/644 1240/32/437 1234/18/645
f 2119/36/646 2128/25/164 2121/28/7
f 1874/16/1 1880/23/1 1876/15/1
f 29/57/647 23/21/12 19/22/648
f 1004/7/7 1006/8/7 1003/13/7
f 1441/9/12 1436/13/12 1437/7/12
f 2108/1/2 2109/2/2 2110/12/2
f 1945/13/3 1952/9/3 1948/7/3
f 1194/1/2 1195/2/2 1196/12/2
f 913/6/2 911/11/2 915/5/2
f 149/11/3 160/32/649 157/17/650
f 495/1/2 496/2/2 497/12/2
f 2070/11/3 2081/32/545 2078/17/544
f 240/28/651 238/36/652 246/33/653
f 1858/18/654 1861/17/655 1863/32/656
f 728/25/657 721/28/28 727/33/658
f 1516/46/217 1515/32/659 1510/18/218
f 1684/2/1 1682/1/1 1685/12/1
f 545/20/660 539/29/661 543/30/662
f 791/13/12 798/9/12 794/7/12
f 1080/1/2 1081/2/2 1082/12/2
f 411/17/663 408/18/664 404/19/665
f 1520/2/1 1518/1/1 1521/12/1
f 259/25/666 251/36/667 252/34/668
f 522/2/1 520/1/1 523/12/1
f 848/18/669 843/11/670 847/23/671
f 1780/28/41 1778/36/672 1786/33/673
f 1980/33/674 1973/34/675 1981/25/676
f 352/28/341 358/33/677 353/45/342
f 111/39/678 104/29/679 108/30/680
f 766/1/2 767/2/2 768/12/2
f 880/13/7 885/9/7 883/8/7
f 540/4/681 544/17/682 536/11/3
f 1946/13/17 1951/9/17 1949/8/17
f 730/32/329 724/18/133 731/46/340
f 159/39/189 151/22/188 158/20/129
f 898/27/683 893/28/684 897/25/685
f 686/1/2 687/2/2 688/12/2
f 1503/17/686 1499/4/3 1504/32/687
f 115/4/2 121/5/2 119/6/2
f 1108/1/1 1110/2/1 1109/3/1
f 2005/17/688 2009/10/191 1998/19/689
f 1327/8/3 1323/7/3 1326/9/3
f 2035/25/690 2028/28/28 2026/36/691
f 19/28/69 17/36/692 25/33/693
f 644/25/694 637/28/108 643/33/695
f 1991/7/7 1993/8/7 1990/13/7
f 679/9/12 674/13/12 675/7/12
f 304/13/17 307/9/17 303/7/17
f 1106/25/696 1103/26/697 1107/27/698
f 928/21/17 924/22/408 934/43/259
f 2222/10/634 2218/17/633 2210/11/12
f 56/7/3 58/8/3 60/9/3
f 2215/18/699 2222/10/634 2221/32/700
f 1877/6/2 1875/11/2 1879/5/2
f 627/1/1 629/2/1 628/3/1
f 1031/20/701 1025/29/93 1034/43/92
f 2185/13/7 2188/9/7 2184/7/7
f 1048/25/300 1045/26/702 1049/27/703
f 1284/13/7 1287/9/7 1283/7/7
f 608/1/2 609/2/2 610/12/2
f 282/17/704 278/4/705 279/18/706
f 1788/39/707 1780/22/708 1787/20/709
f 357/30/710 360/58/307 353/29/342
f 1984/65/711 1974/22/712 1985/40/65
f 975/30/713 977/20/714 971/29/715
f 1050/59/418 1041/29/716 1045/30/549
f 94/13/17 99/9/17 97/8/17
f 221/14/1 219/15/1 217/16/1
f 110/20/717 113/47/17 103/22/712
f 508/28/69 506/36/718 514/33/719
f 514/17/573 511/18/720 507/19/721
f 2091/11/17 2102/32/722 2099/17/636
f 968/4/2 974/5/2 972/6/2
f 1846/21/12 1849/20/723 1850/39/724
f 1488/18/725 1491/17/726 1494/32/184
f 1735/28/12 1741/33/464 1742/25/463
f 1351/18/727 1354/17/326 1357/32/325
f 2190/11/3 2201/32/728 2198/17/729
f 1317/30/730 1319/20/731 1313/29/732
f 2048/28/733 2046/36/69 2054/33/734
f 1060/25/735 1053/28/17 1051/36/736
f 562/42/88 557/30/495 560/59/310
f 1602/25/737 1595/28/41 1593/36/738
f 1261/4/408 1272/38/17 1257/11/17
f 634/8/12 629/7/12 630/13/12
f 195/4/2 201/5/2 199/6/2
f 1514/39/739 1511/21/740 1507/22/741
f 623/9/3 619/13/3 620/7/3
f 1152/17/120 1148/4/465 1154/32/129
f 1851/32/742 1845/18/743 1841/19/744
f 216/4/2 222/5/2 220/6/2
f 1697/30/745 1699/20/746 1693/29/747
f 1243/2/1 1241/1/1 1244/12/1
f 1829/1/2 1830/2/2 1831/12/2
f 893/28/684 898/27/683 891/23/7
f 2075/14/1 2073/15/1 2071/16/1
f 1831/8/3 1826/7/3 1827/13/3
f 1817/13/17 1822/9/17 1820/8/17
f 1969/25/748 1961/36/749 1962/34/750
f 2114/7/12 2116/8/12 2118/9/12
f 2084/13/3 2089/9/3 2087/8/3
f 680/9/7 673/13/7 678/8/7
f 1256/9/3 1249/13/3 1254/8/3
f 302/7/3 306/8/3 301/13/3
f 263/19/201 273/32/149 267/18/203
f 487/1/2 488/2/2 489/12/2
f 1588/20/751 1585/21/17 1581/22/17
f 175/13/17 182/9/17 178/7/17
f 943/4/2 949/5/2 947/6/2
f 105/6/2 103/11/2 107/5/2
f 1864/43/244 1855/28/245 1856/29/752
f 112/27/753 111/25/754 108/26/166
f 1462/13/12 1465/9/12 1461/7/12
f 594/12/2 591/3/2 593/2/2
f 635/4/2 641/5/2 639/6/2
f 517/27/708 512/28/424 516/25/443
f 721/22/755 729/39/756 725/21/3
f 107/28/283 112/27/753 114/56/282
f 1802/27/757 1795/23/108 1797/28/108
f 830/30/758 832/20/759 826/29/760
f 542/28/761 546/25/762 549/55/269
f 1711/20/763 1708/21/7 1704/22/764
f 1757/55/469 1749/23/12 1751/28/765
f 190/30/766 192/20/767 186/29/768
f 1094/41/83 1092/25/769 1085/28/770
f 1097/19/771 1107/32/772 1101/18/773
f 1553/31/17 1549/32/774 1554/62/411
f 834/32/775 823/11/17 827/4/17
f 501/7/12 503/8/12 505/9/12
f 2051/18/776 2054/17/198 2056/32/200
f 2068/32/329 2062/18/133 2069/46/132
f 1872/12/2 1869/3/2 1871/2/2
f 239/19/777 247/32/151 243/18/778
f 376/13/3 379/9/3 375/7/3
f 464/17/168 461/18/779 457/19/780
f 1250/7/12 1254/8/12 1249/13/12
f 1106/39/781 1099/29/782 1103/30/783
f 1996/8/3 1991/7/3 1992/13/3
f 362/19/784 372/32/155 366/18/785
f 9/1/1 11/2/1 10/3/1
f 1320/25/459 1317/26/460 1321/27/786
f 1255/9/17 1250/13/17 1251/7/17
f 197/22/445 206/43/143 201/21/12
f 813/2/2 812/1/2 811/3/2
f 1945/1/1 1947/2/1 1946/3/1
f 1844/6/2 1842/11/2 1846/5/2
f 102/19/787 112/32/788 106/18/789
f 1007/1/2 1008/2/2 1009/12/2
f 1657/7/3 1659/8/3 1661/9/3
f 393/60/350 394/38/12 385/4/349
f 894/30/790 896/20/791 890/29/792
f 782/14/1 780/15/1 778/16/1
f 1321/32/786 1310/11/3 1314/4/793
f 21/23/108 23/28/794 27/25/795
f 577/2/2 576/1/2 575/3/2
f 917/17/130 914/18/121 910/19/121
f 310/3/1 312/12/1 311/2/1
f 809/7/17 814/8/17 813/9/17
f 2201/32/728 2191/19/796 2198/17/729
f 1748/29/612 1755/39/211 1754/20/797
f 2098/30/798 2100/20/799 2094/29/800
f 1803/11/17 1814/32/202 1811/17/801
f 1964/29/802 1970/39/803 1969/20/804
f 1102/21/805 1105/20/806 1106/39/781
f 125/27/398 122/26/807 120/48/808
f 1319/25/44 1312/28/12 1310/36/809
f 1520/7/17 1525/8/17 1524/9/17
f 715/39/272 707/22/273 714/20/116
f 160/32/649 150/19/810 157/17/650
f 369/33/811 362/34/812 370/25/813
f 1105/25/814 1098/28/108 1096/36/815
f 1011/19/816 1021/32/817 1015/18/818
f 645/39/819 637/22/820 644/20/821
f 176/7/7 180/8/7 175/13/7
f 489/9/12 482/13/12 487/8/12
f 1331/7/7 1335/8/7 1330/13/7
f 2179/25/822 2171/36/490 2172/34/489
f 746/7/12 750/8/12 745/13/12
f 1841/19/744 1848/17/823 1852/31/824
f 1358/41/97 1354/33/825 1347/34/826
f 676/13/17 679/9/17 675/7/17
f 2018/1/1 2020/2/1 2019/3/1
f 864/8/7 860/7/7 863/9/7
f 1133/27/827 1131/26/828 1129/48/829
f 1591/46/127 1590/32/830 1584/18/128
f 1613/1/1 1615/2/1 1614/3/1
f 1647/7/17 1651/8/17 1646/13/17
f 1985/40/65 1982/39/831 1984/65/711
f 874/30/832 876/20/627 870/29/833
f 30/13/7 34/9/7 35/8/7
f 1055/23/501 1057/28/834 1061/25/835
f 75/9/17 70/13/17 71/7/17
f 1353/30/836 1355/20/416 1349/29/837
f 1056/18/838 1052/19/839 1059/17/840
f 1539/19/841 1546/17/412 1554/62/411
f 1702/11/12 1713/46/579 1710/17/842
f 1092/20/843 1086/29/844 1095/71/613
f 1793/28/69 1791/36/845 1799/33/846
f 1331/3/1 1333/12/1 1332/2/1
f 140/50/225 138/32/224 132/18/847
f 1379/13/12 1386/9/12 1382/7/12
f 586/12/2 583/3/2 585/2/2
f 1460/13/3 1465/9/3 1463/8/3
f 980/36/848 983/45/849 982/28/850
f 2165/48/851 2169/25/631 2167/26/852
f 848/48/669 849/28/853 850/26/854
f 1790/37/855 1788/25/856 1785/26/857
f 219/29/858 226/39/332 225/20/331
f 1809/21/859 1805/22/859 1812/20/860
f 1507/28/861 1505/36/862 1517/51/863
f 1518/13/3 1522/9/3 1523/8/3
f 744/53/864 734/28/865 732/36/866
f 1143/9/17 1136/13/17 1141/8/17
f 585/9/17 580/13/17 581/7/17
f 203/33/867 196/34/868 204/25/869
f 669/25/114 668/33/621 661/34/622
f 1648/2/1 1646/1/1 1649/12/1
f 139/43/118 136/20/870 130/29/119
f 2168/17/871 2165/18/872 2161/19/873
f 474/21/3 470/22/874 479/40/875
f 1519/13/12 1524/9/12 1522/8/12
f 1301/4/17 1305/17/876 1297/11/17
f 389/17/877 386/18/148 382/19/148
f 1689/8/12 1684/7/12 1685/13/12
f 386/14/1 384/15/1 382/16/1
f 116/19/878 125/32/301 120/18/879
f 1987/37/880 1982/25/881 1988/66/882
f 1167/32/883 1161/18/144 1169/46/369
f 1881/17/487 1878/18/884 1874/19/885
f 1315/14/1 1313/15/1 1311/16/1
f 96/12/1 94/3/1 93/1/1
f 1953/13/7 1957/9/7 1958/8/7
f 418/7/12 423/8/12 422/9/12
f 95/7/7 100/8/7 99/9/7
f 1677/68/521 1672/39/520 1675/47/397
f 1091/17/81 1083/11/886 1087/4/887
f 228/38/12 224/17/888 216/11/12
f 1648/7/7 1650/8/7 1647/13/7
f 1146/28/889 1152/33/890 1147/45/891
f 973/18/778 976/17/110 979/32/112
f 1638/16/1 1644/23/1 1640/15/1
f 237/27/892 233/23/893 235/28/24
f 1548/39/228 1540/22/366 1547/20/116
f 410/30/894 412/20/895 406/29/896
f 1381/7/3 1386/8/3 1385/9/3
f 189/21/17 192/20/767 193/39/897
f 2027/19/898 2037/32/624 2031/18/899
f 2219/20/900 2216/21/901 2212/22/902
f 663/29/903 670/39/904 669/20/11
f 1724/28/905 1722/36/906 1730/33/907
f 1777/24/16 1766/11/12 1770/4/14
f 1531/18/74 1537/24/73 1530/23/234
f 56/13/7 59/9/7 55/7/7
f 220/23/500 221/18/452 227/46/451
f 927/14/1 925/15/1 923/16/1
f 658/39/449 651/29/115 655/30/115
f 2181/65/908 2179/20/909 2180/39/910
f 999/20/911 996/21/7 992/22/61
f 1916/8/3 1911/7/3 1912/13/3
f 416/13/17 423/9/17 419/7/17
f 952/20/912 949/21/17 945/22/913
f 1783/18/914 1786/17/915 1789/32/916
f 463/30/917 465/20/918 459/29/919
f 1732/32/920 1722/11/3 1726/4/3
f 801/7/3 803/8/3 800/13/3
f 2077/30/921 2079/20/922 2073/29/923
f 1597/23/28 1599/28/28 1603/25/409
f 1213/17/924 1210/18/899 1206/19/898
f 1211/21/3 1214/20/925 1215/39/926
f 723/4/408 731/46/340 719/11/17
f 1225/33/927 1218/34/928 1226/25/929
f 1156/4/2 1162/5/2 1160/6/2
f 1453/7/17 1455/8/17 1452/13/17
f 1983/27/930 1987/37/880 1988/66/882
f 430/9/12 425/13/12 426/7/12
f 506/4/2 512/5/2 510/6/2
f 1308/32/931 1298/19/932 1305/17/876
f 154/14/1 152/15/1 150/16/1
f 2177/21/3 2181/65/908 2180/39/910
f 1589/39/933 1582/29/899 1586/30/898
f 974/21/7 977/20/714 978/39/934
f 2192/28/12 2190/36/935 2199/25/936
f 1861/17/655 1857/4/937 1863/32/656
f 1812/20/860 1806/29/938 1810/30/939
f 834/32/775 824/19/940 831/17/941
f 1782/4/942 1786/17/915 1778/11/3
f 1177/9/7 1173/13/7 1174/7/7
f 1443/1/1 1445/2/1 1444/3/1
f 429/8/7 427/7/7 424/13/7
f 1161/14/1 1159/15/1 1157/16/1
f 1136/1/1 1138/2/1 1137/3/1
f 1421/39/943 1413/22/944 1420/20/945
f 2074/23/946 2076/28/947 2080/25/948
f 2066/25/354 2065/33/165 2058/34/166
f 706/19/949 716/32/950 710/18/951
f 1414/29/952 1421/39/943 1420/20/945
f 550/4/2 556/5/2 554/6/2
f 1309/43/127 1306/20/953 1300/29/128
f 1698/33/537 1691/34/538 1699/25/539
f 443/7/7 445/8/7 447/9/7
f 208/13/7 215/9/7 211/7/7
f 705/11/17 716/32/950 713/17/954
f 787/39/230 780/29/303 784/30/304
f 540/6/2 538/11/2 542/5/2
f 2111/13/17 2115/9/17 2116/8/17
f 1868/7/3 1870/8/3 1872/9/3
f 561/46/118 559/32/955 555/18/119
f 1894/13/17 1899/9/17 1897/8/17
f 181/2/2 180/1/2 179/3/2
f 2040/7/12 2042/8/12 2039/13/12
f 2007/39/956 1999/22/957 2006/20/958
f 1710/33/959 1703/34/960 1711/25/961
f 785/17/962 782/18/963 778/19/964
f 1058/30/965 1060/20/62 1054/29/966
f 1592/31/3 1583/4/3 1591/46/127
f 2052/21/276 2048/22/967 2055/20/968
f 1563/13/17 1570/9/17 1566/7/17
f 1794/29/969 1801/39/970 1800/20/971
f 1729/26/972 1732/27/973 1731/25/382
f 204/20/883 198/29/144 206/43/143
f 1791/4/2 1797/5/2 1795/6/2
f 984/6/2 982/11/2 986/5/2
f 1945/13/12 1949/9/12 1950/8/12
f 735/45/974 744/53/864 733/34/975
f 1497/28/976 1503/33/977 1498/45/978
f 1918/19/979 1928/32/980 1922/18/981
f 1509/23/982 1511/28/983 1514/25/739
f 2095/23/984 2097/28/985 2101/25/986
f 774/1/2 775/2/2 776/12/2
f 2175/23/488 2180/25/987 2176/48/988
f 1490/30/989 1492/20/990 1486/29/991
f 1146/28/889 1147/29/891 1155/42/335
f 926/23/28 928/28/992 932/25/993
f 1917/11/3 1928/32/980 1925/17/994
f 72/7/3 74/8/3 76/9/3
f 1366/30/917 1368/20/995 1362/29/919
f 1970/39/803 1963/22/996 1969/20/804
f 224/33/997 217/34/998 225/25/999
f 598/13/7 601/9/7 597/7/7
f 1274/7/7 1278/8/7 1273/13/7
f 964/17/50 961/18/1000 957/19/1001
f 788/32/1002 777/11/17 781/4/1003
f 1927/25/1004 1924/26/1005 1928/27/1006
f 985/14/1 983/15/1 981/16/1
f 43/14/1 41/15/1 39/16/1
f 831/33/459 824/34/460 832/25/1007
f 287/7/3 292/8/3 291/9/3
f 2042/9/3 2038/13/3 2039/7/3
f 836/13/12 841/9/12 839/8/12
f 828/14/1 826/15/1 824/16/1
f 182/8/12 177/7/12 178/13/12
f 366/14/1 364/15/1 362/16/1
f 1096/11/12 1107/32/772 1104/17/1008
f 343/18/969 346/17/1009 349/32/176
f 2086/7/17 2088/8/17 2090/9/17
f 2084/7/7 2088/8/7 2083/13/7
f 672/24/527 660/11/7 664/4/1010
f 1620/12/2 1617/3/2 1619/2/2
f 1224/30/1011 1226/20/393 1220/29/1012
f 2120/19/1013 2130/32/1014 2124/18/1015
f 1242/13/17 1247/9/17 1245/8/17
f 414/32/1016 403/11/17 407/4/1017
f 1070/17/240 1067/18/1018 1063/19/1019
f 2008/27/1020 2001/23/108 2003/28/108
f 2127/17/1021 2123/4/1022 2130/32/1014
f 74/1/2 75/2/2 76/12/2
f 948/14/1 946/15/1 944/16/1
f 1369/25/434 1366/26/435 1370/27/1023
f 1315/18/1024 1318/17/1025 1321/32/786
f 2210/4/2 2216/5/2 2214/6/2
f 371/39/1026 364/29/1027 368/30/1028
f 388/30/1029 390/20/1030 384/29/1031
f 415/51/400 403/36/396 412/25/395
f 1232/29/1032 1239/39/64 1238/20/63
f 260/39/582 254/29/1033 258/30/1034
f 1502/30/1035 1497/28/976 1498/29/978
f 405/22/248 412/20/895 413/39/249
f 1017/30/1036 1019/20/402 1013/29/1032
f 538/28/1037 548/35/639 545/25/660
f 1077/7/12 1079/8/12 1076/13/12
f 2136/1/2 2137/2/2 2138/12/2
f 1815/55/274 1813/25/1038 1810/26/939
f 2129/39/1039 2122/29/1040 2126/30/1041
f 196/19/1042 207/54/1043 200/18/1044
f 87/7/3 92/8/3 91/9/3
f 2159/8/7 2154/7/7 2155/13/7
f 391/39/1045 383/22/1046 390/20/1030
f 101/11/3 112/32/788 109/17/1047
f 207/54/1043 199/23/1048 200/18/1044
f 1030/17/318 1026/4/1049 1033/32/77
f 139/43/118 133/21/17 129/22/17
f 127/4/2 133/5/2 131/6/2
f 167/6/2 165/11/2 169/5/2
f 2004/30/1050 2006/20/958 2000/29/1051
f 143/7/3 145/8/3 142/13/3
f 1715/13/3 1720/9/3 1718/8/3
f 681/13/17 688/9/17 684/7/17
f 1799/17/285 1795/4/284 1802/32/295
f 801/7/12 806/8/12 805/9/12
f 167/23/570 169/28/1052 172/25/1053
f 1787/20/709 1785/30/1054 1788/39/707
f 646/32/1055 636/19/1056 643/17/309
f 208/13/3 212/9/3 213/8/3
f 1101/14/1 1099/15/1 1097/16/1
f 1559/9/12 1555/13/12 1556/7/12
f 283/25/1057 276/28/69 274/36/69
f 348/39/1058 340/22/1059 347/20/588
f 477/20/629 479/40/875 470/22/874
f 988/39/514 982/22/1060 983/29/1061
f 554/4/17 559/32/955 561/46/118
f 1212/30/1062 1214/20/925 1208/29/1063
f 250/66/558 247/27/1064 248/37/556
f 1301/23/1065 1303/28/1066 1307/25/1067
f 840/1/2 841/2/2 842/12/2
f 183/11/3 194/32/1068 191/17/8
f 849/21/1069 846/29/1070 850/30/1071
f 1424/49/672 1421/25/1072 1425/66/566
f 530/7/7 535/8/7 534/9/7
f 649/19/1073 659/32/214 653/18/1074
f 311/7/12 313/8/12 310/13/12
f 1267/39/305 1259/22/366 1266/20/306
f 1083/4/2 1089/5/2 1087/6/2
f 1389/7/17 1394/8/17 1393/9/17
f 772/13/7 775/9/7 771/7/7
f 395/1/1 397/2/1 396/3/1
f 2200/25/1075 2197/26/1076 2201/27/1077
f 1072/25/409 1069/26/1078 1073/27/1079
f 397/7/12 399/8/12 396/13/12
f 285/1/1 287/2/1 286/3/1
f 117/28/108 115/36/1080 123/33/1081
f 2162/28/1082 2160/36/1083 2168/33/1084
f 1734/19/1085 1744/32/477 1738/18/1086
f 2129/39/1039 2121/22/3 2128/20/1087
f 354/4/78 358/17/321 350/11/1088
f 2082/53/232 2072/28/1089 2070/36/1090
f 993/29/1091 1000/39/1092 999/20/911
f 1130/28/1093 1133/27/827 1128/23/12
f 490/13/12 497/9/12 493/7/12
f 324/30/1094 326/20/134 320/29/1095
f 441/7/3 445/8/3 440/13/3
f 1888/12/1 1886/3/1 1885/1/1
f 1329/8/17 1324/7/17 1325/13/17
f 2169/39/1096 2162/22/1097 2163/29/1098
f 516/39/75 512/21/12 508/22/76
f 1500/18/1099 1503/17/686 1504/32/687
f 794/13/3 797/9/3 793/7/3
f 1738/14/1 1736/15/1 1734/16/1
f 953/25/1100 950/26/1101 954/27/1102
f 2115/8/7 2113/7/7 2117/9/7
f 35/1/2 36/2/2 37/12/2
f 650/28/28 648/36/1103 656/33/1104
f 1612/9/17 1605/13/17 1610/8/17
f 564/3/1 566/12/1 565/2/1
f 1565/2/1 1563/1/1 1566/12/1
f 1116/13/17 1120/9/17 1121/8/17
f 338/4/2 344/5/2 342/6/2
f 817/7/12 819/8/12 816/13/12
f 581/7/7 586/8/7 585/9/7
f 1303/21/3 1299/22/3 1309/43/127
f 424/13/3 428/9/3 429/8/3
f 229/4/2 235/5/2 233/6/2
f 227/46/451 228/38/12 220/4/500
f 681/1/1 683/2/1 682/3/1
f 672/24/527 664/4/1010 671/32/528
f 1090/30/1105 1095/71/613 1086/29/844
f 429/1/2 430/2/2 431/12/2
f 757/9/12 753/13/12 754/7/12
f 1678/31/17 1670/17/1106 1662/11/17
f 2064/30/1107 2066/20/153 2060/29/1108
f 1661/12/2 1658/3/2 1660/2/2
f 322/18/1109 325/17/504 328/32/503
f 797/9/7 792/13/7 793/7/7
f 1737/23/946 1739/28/947 1743/25/948
f 783/28/12 787/25/48 790/37/47
f 1538/4/2 1544/5/2 1542/6/2
f 1125/19/591 1124/11/6 1135/10/5
f 232/45/1110 229/36/1111 230/34/1112
f 1380/7/17 1384/8/17 1379/13/17
f 70/7/12 74/8/12 69/13/12
f 91/2/2 90/1/2 89/3/2
f 1583/23/28 1585/28/1113 1589/25/1114
f 853/7/3 855/8/3 852/13/3
f 2125/28/1115 2130/27/581 2123/23/12
f 1357/27/491 1350/23/41 1352/28/41
f 58/1/2 59/2/2 60/12/2
f 899/50/1116 895/17/1117 887/11/1118
f 740/17/34 736/4/337 743/32/295
f 918/20/611 915/21/3 911/22/210
f 859/1/1 861/2/1 860/3/1
f 1151/30/1119 1155/42/335 1147/29/891
f 33/12/1 31/3/1 30/1/1
f 722/29/1120 729/39/756 728/20/1121
f 213/1/2 214/2/2 215/12/2
f 654/21/3 650/22/366 658/39/449
f 1165/20/701 1159/29/93 1168/43/161
f 1262/14/1 1260/15/1 1258/16/1
f 1403/13/12 1410/9/12 1406/7/12
f 2043/1/2 2044/2/2 2045/12/2
f 365/23/69 367/28/299 371/25/300
f 1074/35/1122 1070/33/1123 1063/34/1124
f 645/39/819 638/29/1125 642/30/1126
f 88/7/12 90/8/12 92/9/12
f 1087/23/1127 1089/28/501 1093/25/1128
f 1373/7/17 1375/8/17 1372/13/17
f 392/32/77 389/17/877 393/60/350
f 618/12/2 615/3/2 617/2/2
f 1551/37/1129 1552/66/429 1549/27/1130
f 493/12/1 491/3/1 490/1/1
f 1886/7/3 1890/8/3 1885/13/3
f 1849/25/68 1842/28/69 1840/36/69
f 1024/22/160 1031/20/701 1034/43/92
f 1069/30/1131 1071/20/1132 1065/29/1133
f 953/39/1134 946/29/1135 950/30/1136
f 1037/61/12 1026/4/1049 1030/17/318
f 720/16/1 726/23/1 722/15/1
f 1525/12/2 1522/3/2 1524/2/2
f 572/7/3 576/8/3 571/13/3
f 1637/11/1137 1645/32/21 1638/19/1138
f 2086/12/1 2084/3/1 2083/1/1
f 1760/7/3 1762/8/3 1759/13/3
f 1110/7/12 1112/8/12 1109/13/12
f 113/47/17 107/21/17 103/22/712
f 24/30/1139 29/57/647 20/29/1140
f 1162/21/7 1170/47/7 1166/39/1141
f 1797/21/12 1800/20/971 1801/39/970
f 1184/13/12 1187/9/12 1183/7/12
f 466/25/1142 463/26/1143 467/27/1144
f 2051/14/1 2049/15/1 2047/16/1
f 261/27/37 257/28/36 260/25/1145
f 1419/17/1146 1415/4/17 1422/32/1147
f 537/16/1 543/23/1 539/15/1
f 159/39/189 152/29/121 156/30/121
f 503/1/2 504/2/2 505/12/2
f 1423/41/1148 1419/33/1149 1412/34/1150
f 1399/8/17 1397/7/17 1401/9/17
f 1468/3/1 1470/12/1 1469/2/1
f 174/51/3 165/28/1151 163/36/226
f 931/20/329 925/29/133 934/43/259
f 1283/7/17 1285/8/17 1282/13/17
f 963/30/115 965/20/116 959/29/115
f 1335/1/2 1336/2/2 1337/12/2
f 281/30/784 283/20/155 277/29/785
f 1674/35/59 1670/33/58 1663/34/1152
f 1322/13/7 1329/9/7 1325/7/7
f 1843/29/1153 1850/39/724 1849/20/723
f 2154/2/1 2152/1/1 2155/12/1
f 346/33/1154 339/34/1155 347/25/1156
f 1368/20/995 1365/21/12 1361/22/41
f 1346/4/2 1352/5/2 1350/6/2
f 1325/12/1 1323/3/1 1322/1/1
f 46/17/294 51/10/293 39/19/551
f 1402/8/7 1397/7/7 1398/13/7
f 1413/28/7 1423/41/1148 1420/25/1157
f 1772/21/1158 1775/20/454 1776/39/1159
f 1424/49/672 1426/70/565 1417/28/1160
f 1732/27/973 1728/28/1161 1731/25/382
f 420/9/7 416/13/7 417/7/7
f 957/16/1 963/23/1 959/15/1
f 1428/13/12 1433/9/12 1431/8/12
f 1440/1/2 1441/2/2 1442/12/2
f 1468/7/7 1472/8/7 1467/13/7
f 1855/28/245 1853/36/1162 1861/33/1163
f 1458/12/2 1455/3/2 1457/2/2
f 1464/8/17 1462/7/17 1459/13/17
f 980/11/1164 989/32/1165 981/19/1166
f 249/69/557 244/28/414 245/26/1167
f 42/6/2 40/11/2 44/5/2
f 1364/18/1168 1367/17/569 1370/32/568
f 827/23/41 829/28/1169 833/25/1170
f 52/55/552 44/28/278 48/25/1171
f 1528/22/1172 1536/39/257 1532/21/17
f 1547/25/1173 1540/28/28 1538/36/1174
f 1576/1/2 1577/2/2 1578/12/2
f 1919/28/41 1917/36/1175 1925/33/607
f 1225/17/405 1217/11/3 1221/4/366
f 1851/27/1176 1844/23/108 1846/28/108
f 1550/65/385 1540/22/366 1548/39/228
f 1126/22/1177 1134/59/1178 1130/21/1093
f 1883/39/1179 1875/22/1049 1882/20/77
f 1633/8/3 1631/7/3 1635/9/3
f 1631/2/1 1629/1/1 1632/12/1
f 238/4/2 244/5/2 242/6/2
f 407/6/2 405/11/2 409/5/2
f 420/3/2 423/12/2 421/1/2
f 1130/21/1093 1134/59/1178 1131/26/828
f 1750/18/1180 1746/19/124 1753/17/123
f 1509/4/7 1515/32/659 1516/46/217
f 1702/4/2 1708/5/2 1706/6/2
f 2160/11/17 2170/32/1181 2168/17/871
f 1478/13/7 1481/9/7 1477/7/7
f 1718/9/7 1714/13/7 1715/7/7
f 210/7/17 215/8/17 214/9/17
f 1931/7/7 1933/8/7 1930/13/7
f 862/7/17 864/8/17 866/9/17
f 1239/25/1142 1236/26/1143 1240/27/1182
f 1060/25/735 1051/36/736 1059/33/840
f 16/9/3 9/13/3 14/8/3
f 1790/37/855 1782/23/7 1784/28/1183
f 1064/28/12 1074/35/1122 1071/25/1184
f 367/21/7 370/20/1185 371/39/1026
f 1839/8/7 1834/7/7 1835/13/7
f 1038/4/2 1044/5/2 1042/6/2
f 2174/29/1186 2180/39/910 2179/20/909
f 1276/7/17 1278/8/17 1280/9/17
f 1852/31/824 1840/11/7 1844/4/1187
f 2100/20/799 2097/21/1188 2093/22/207
f 875/17/1189 872/18/1190 868/19/1191
f 1867/7/17 1869/8/17 1866/13/17
f 1225/17/405 1221/4/366 1228/32/116
f 842/9/7 835/13/7 840/8/7
f 2040/2/1 2038/1/1 2041/12/1
f 1930/3/1 1932/12/1 1931/2/1
f 1941/9/7 1937/13/7 1938/7/7
f 918/25/1192 911/28/28 909/36/28
f 1883/25/1193 1880/26/1194 1884/27/1195
f 1879/21/12 1875/22/1049 1883/39/1179
f 1930/7/17 1934/8/17 1929/13/17
f 229/11/1164 233/4/1196 237/32/892
f 1161/48/1197 1167/27/1198 1171/49/209
f 1982/39/831 1986/72/3 1984/65/1199
f 1961/11/276 1965/4/1200 1971/32/204
f 899/50/1116 887/11/1118 891/4/1201
f 1972/11/3 1983/32/1202 1980/17/562
f 195/11/7 207/54/1043 203/17/1203
f 2203/7/7 2207/8/7 2202/13/7
f 1190/13/17 1195/9/17 1193/8/17
f 199/23/1048 205/25/1204 200/48/1044
f 317/4/2 323/5/2 321/6/2
f 1880/30/148 1882/20/77 1876/29/148
f 148/8/12 143/7/12 144/13/12
f 1305/33/1205 1298/34/1206 1306/25/1207
f 1127/29/1208 1134/59/1178 1132/20/1209
f 25/17/1210 22/18/1211 18/19/1212
f 2149/25/719 2146/26/1213 2144/48/1214
f 1412/19/1215 1422/32/1147 1416/18/1216
f 54/7/12 58/8/12 53/13/12
f 1485/22/1217 1493/39/1218 1489/21/1219
f 1601/17/598 1597/4/599 1604/32/116
f 1601/17/598 1598/18/115 1594/19/115
f 1703/19/1220 1713/46/579 1707/18/171
f 1721/12/2 1718/3/2 1720/2/2
f 462/21/12 465/20/918 466/39/1221
f 21/4/7 25/17/1210 17/11/7
f 1863/27/1222 1857/23/69 1859/28/69
f 2187/8/3 2185/7/3 2182/13/3
f 1071/20/1132 1068/21/17 1064/22/1223
f 2213/29/1224 2220/39/1225 2219/20/900
f 1191/7/7 1196/8/7 1195/9/7
f 1506/34/1226 1508/45/1227 1517/51/863
f 1122/9/7 1117/13/7 1118/7/7
f 361/11/12 372/32/155 369/17/1228
f 1712/39/1229 1705/29/1230 1709/30/1231
f 2165/14/1 2163/15/1 2161/16/1
f 960/23/1232 962/28/1233 966/25/1234
f 1002/1/1 1005/12/1 1004/2/1
f 1972/4/2 1974/11/2 1978/5/2
f 772/7/3 769/13/3 774/8/3
f 1128/4/4 1133/32/344 1135/10/5
f 1438/12/1 1437/2/1 1436/3/1
f 427/12/1 426/2/1 425/3/1
f 8/8/7 7/9/7 3/7/7
f 1129/14/1 1131/23/1 1127/15/1
f 191/17/8 194/32/1068 188/18/9
f 1901/1/1 1904/12/1 1903/2/1
f 660/4/2 662/11/2 666/5/2
f 1290/3/1 1289/1/1 1292/12/1
f 669/20/11 670/39/904 666/21/12
f 1027/14/1 1029/23/1 1025/15/1
f 1572/3/1 1571/1/1 1574/12/1
f 299/9/17 297/8/17 294/13/17
f 2017/9/7 2013/7/7 2010/13/7
f 1452/7/12 1455/9/12 1456/8/12
f 691/7/3 695/9/3 693/8/3
f 1264/26/19 1262/48/1235 1268/27/20
f 1268/27/20 1261/23/41 1263/28/1236
f 1263/28/1236 1267/25/18 1268/27/20
f 1478/12/1 1477/2/1 1476/3/1
f 331/3/1 330/1/1 333/12/1
f 1644/26/23 1642/48/1237 1645/27/21
f 1645/27/21 1641/23/356 1643/28/22
f 1496/16/1 1500/14/1 1502/23/1
f 235/21/24 231/22/1238 232/29/25
f 1636/9/17 1632/7/17 1629/13/17
f 193/25/29 190/26/1239 188/48/1240
f 188/48/1240 194/27/1241 193/25/29
f 194/27/1241 187/23/28 193/25/29
f 684/13/12 688/8/12 687/9/12
f 267/14/1 269/23/1 265/15/1
f 1701/32/30 1698/17/586 1690/11/12
f 1430/7/7 1427/13/7 1432/8/7
f 1682/13/7 1683/7/7 1686/9/7
f 1331/13/3 1332/7/3 1336/9/3
f 1745/4/2 1747/11/2 1751/5/2
f 159/25/33 156/26/460 154/48/1242
f 154/48/1242 160/27/1243 159/25/33
f 160/27/1243 153/23/28 159/25/33
f 740/17/34 743/32/295 737/18/35
f 472/6/2 468/4/2 470/11/2
f 1388/3/1 1387/1/1 1390/12/1
f 441/13/12 442/7/12 446/9/12
f 778/34/39 780/45/1244 789/35/40
f 780/45/1244 786/25/242 789/35/40
f 789/35/40 779/28/241 777/36/1245
f 777/36/1245 785/33/38 789/35/40
f 135/33/43 128/34/1246 130/45/1247
f 130/45/1247 136/25/1248 135/33/43
f 136/25/1248 129/28/41 135/33/43
f 1434/8/17 1433/9/17 1429/7/17
f 55/7/17 59/9/17 57/8/17
f 1311/34/46 1313/45/1249 1319/25/44
f 1319/25/44 1310/36/809 1318/33/45
f 784/26/49 782/48/1250 790/37/47
f 782/48/1250 788/27/1251 790/37/47
f 964/17/50 956/11/17 960/4/51
f 494/9/17 495/8/17 490/13/17
f 2022/9/12 2023/8/12 2018/13/12
f 18/16/1 22/14/1 24/23/1
f 120/14/1 122/23/1 118/15/1
f 1569/2/2 1570/12/2 1568/1/2
f 1680/63/373 1681/62/372 1679/38/54
f 1681/62/372 1678/31/17 1679/38/54
f 1678/31/17 1662/11/17 1679/38/54
f 1175/7/3 1179/9/3 1177/8/3
f 418/7/3 422/9/3 420/8/3
f 908/9/17 904/7/17 901/13/17
f 62/7/17 65/9/17 66/8/17
f 332/7/12 336/9/12 334/8/12
f 1887/7/12 1891/9/12 1889/8/12
f 2204/7/3 2208/9/3 2206/8/3
f 2018/13/3 2023/8/3 2025/9/3
f 854/13/12 858/8/12 857/9/12
f 1674/35/59 1671/25/1252 1664/28/7
f 1664/28/7 1662/36/57 1674/35/59
f 1142/9/3 1140/8/3 1137/13/3
f 1022/4/2 1024/11/2 1028/5/2
f 1956/7/17 1953/13/17 1958/8/17
f 1061/39/60 1057/21/7 1053/22/61
f 1235/21/12 1231/22/403 1238/20/63
f 1338/1/1 1341/12/1 1340/2/1
f 817/2/1 816/3/1 815/1/1
f 748/7/3 745/13/3 750/8/3
f 1975/29/67 1979/30/1253 1985/40/65
f 1979/30/1253 1982/39/831 1985/40/65
f 387/28/69 391/25/1254 392/27/68
f 391/25/1254 388/26/1255 392/27/68
f 388/26/1255 386/48/1256 392/27/68
f 1191/2/1 1190/3/1 1189/1/1
f 1692/22/70 1699/20/746 1700/39/71
f 1527/19/72 1534/17/494 1537/24/73
f 286/7/17 289/9/17 290/8/17
f 1404/13/7 1405/7/7 1409/9/7
f 498/13/17 499/7/17 502/9/17
f 176/13/3 177/7/3 181/9/3
f 2107/9/3 2108/8/3 2103/13/3
f 294/7/12 297/9/12 298/8/12
f 359/25/80 357/26/1257 355/48/322
f 355/48/322 354/23/78 359/25/80
f 844/16/1 848/14/1 850/23/1
f 300/12/2 298/1/2 297/3/2
f 758/1/2 757/3/2 759/2/2
f 300/8/7 299/9/7 295/7/7
f 578/9/7 574/7/7 571/13/7
f 1084/34/82 1086/45/1258 1094/41/83
f 1086/45/1258 1092/25/769 1094/41/83
f 1094/41/83 1085/28/770 1083/36/1259
f 1083/36/1259 1091/33/81 1094/41/83
f 1256/12/2 1254/1/2 1253/3/2
f 770/3/1 769/1/1 772/12/1
f 1181/1/1 1184/12/1 1183/2/1
f 781/6/2 777/4/2 779/11/2
f 877/25/84 874/26/1260 872/48/1261
f 872/48/1261 878/27/1262 877/25/84
f 878/27/1262 871/23/41 877/25/84
f 1378/9/3 1374/7/3 1371/13/3
f 381/4/2 383/11/2 387/5/2
f 745/1/1 748/12/1 747/2/1
f 1960/8/12 1959/9/12 1955/7/12
f 1233/6/2 1229/4/2 1231/11/2
f 3/7/17 7/9/17 5/8/17
f 209/13/12 210/7/12 214/9/12
f 1333/13/12 1337/8/12 1336/9/12
f 146/1/2 145/3/2 147/2/2
f 1671/20/85 1677/68/521 1676/40/86
f 1029/30/91 1032/39/1263 1034/43/92
f 302/13/12 303/7/12 307/9/12
f 2208/9/12 2204/7/12 2205/13/12
f 1212/26/95 1210/48/1264 1216/27/96
f 1216/27/96 1209/23/41 1211/28/1265
f 1211/28/1265 1215/25/94 1216/27/96
f 1348/28/7 1346/36/1266 1358/41/97
f 943/11/3 947/4/1267 955/44/99
f 947/4/1267 954/32/575 955/44/99
f 739/30/101 742/39/468 741/20/102
f 525/1/2 524/3/2 526/2/2
f 691/7/12 692/13/12 696/8/12
f 1567/9/7 1568/8/7 1563/13/7
f 764/13/3 768/8/3 767/9/3
f 867/4/2 869/11/2 873/5/2
f 1205/4/2 1207/11/2 1211/5/2
f 587/1/1 590/12/1 589/2/1
f 2012/2/1 2011/3/1 2010/1/1
f 1640/29/104 1644/30/1268 1643/21/105
f 861/7/12 862/13/12 866/8/12
f 1038/36/109 1046/33/1269 1047/25/107
f 1046/33/1269 1039/34/1270 1047/25/107
f 1039/34/1270 1041/45/1271 1047/25/107
f 976/17/110 968/11/12 972/4/111
f 1539/16/1 1543/14/1 1545/23/1
f 595/1/1 598/12/1 597/2/1
f 764/7/12 761/13/12 766/8/12
f 1411/4/2 1413/11/2 1417/5/2
f 1062/4/2 1064/11/2 1068/5/2
f 1043/14/1 1045/23/1 1041/15/1
f 304/7/7 301/13/7 306/8/7
f 211/12/1 210/2/1 209/3/1
f 1443/13/17 1448/8/17 1450/9/17
f 649/16/1 653/14/1 655/23/1
f 293/13/3 298/8/3 300/9/3
f 450/7/7 451/13/7 455/8/7
f 1482/12/2 1480/1/2 1479/3/2
f 1329/12/2 1327/1/2 1326/3/2
f 804/1/2 803/3/2 805/2/2
f 2046/4/2 2048/11/2 2052/5/2
f 1416/14/1 1418/23/1 1414/15/1
f 395/13/7 400/8/7 402/9/7
f 1621/13/7 1626/8/7 1628/9/7
f 396/7/3 399/9/3 400/8/3
f 816/7/3 819/9/3 820/8/3
f 142/7/7 145/9/7 146/8/7
f 712/30/115 715/39/272 714/20/116
f 1002/13/12 1007/8/12 1009/9/12
f 1446/13/12 1450/8/12 1449/9/12
f 286/13/7 287/7/7 291/9/7
f 134/30/117 137/39/1272 139/43/118
f 1916/12/2 1914/1/2 1913/3/2
f 1051/4/2 1053/11/2 1057/5/2
f 719/4/2 721/11/2 725/5/2
f 2031/14/1 2033/23/1 2029/15/1
f 1015/14/1 1017/23/1 1013/15/1
f 1297/4/2 1299/11/2 1303/5/2
f 604/13/17 605/7/17 609/9/17
f 2089/2/2 2090/12/2 2088/1/2
f 1152/17/120 1154/32/129 1149/18/121
f 892/14/1 894/23/1 890/15/1
f 1558/12/1 1557/2/1 1556/3/1
f 807/13/3 808/7/3 811/9/3
f 1302/14/1 1304/23/1 1300/15/1
f 1637/36/122 1638/34/1273 1640/45/104
f 78/7/3 81/9/3 82/8/3
f 10/7/12 13/9/12 14/8/12
f 1410/12/2 1408/1/2 1407/3/2
f 591/8/12 588/13/12 589/7/12
f 1746/34/124 1748/45/1274 1754/25/125
f 1754/25/125 1747/28/28 1745/36/28
f 1745/36/28 1753/33/123 1754/25/125
f 451/12/1 450/2/1 449/3/1
f 1283/2/1 1282/3/1 1281/1/1
f 808/13/12 809/7/12 813/9/12
f 579/13/12 580/7/12 583/9/12
f 704/12/2 702/1/2 701/3/2
f 1896/13/7 1900/8/7 1899/9/7
f 2096/14/1 2098/23/1 2094/15/1
f 1338/13/17 1339/7/17 1342/9/17
f 1580/19/126 1587/17/27 1591/46/127
f 909/11/17 913/4/1275 920/32/129
f 1818/7/7 1819/13/7 1823/8/7
f 2002/14/1 2004/23/1 2000/15/1
f 2131/13/12 2132/7/12 2135/9/12
f 303/2/1 302/3/1 301/1/1
f 1464/1/2 1463/3/2 1465/2/2
f 1340/7/7 1344/9/7 1342/8/7
f 1467/13/17 1472/8/17 1474/9/17
f 1518/13/7 1523/8/7 1525/9/7
f 535/9/3 531/7/3 528/13/3
f 705/4/2 707/11/2 711/5/2
f 2058/19/131 2065/17/1276 2069/46/132
f 326/20/134 327/39/1277 323/21/7
f 492/7/7 496/9/7 494/8/7
f 889/22/17 896/20/791 897/39/136
f 1471/3/2 1473/2/2 1474/12/2
f 1258/19/131 1265/17/178 1269/46/137
f 322/14/1 324/23/1 320/15/1
f 1488/14/1 1490/23/1 1486/15/1
f 1249/1/1 1252/12/1 1251/2/1
f 936/13/7 937/7/7 941/9/7
f 63/7/7 67/9/7 65/8/7
f 333/13/17 337/8/17 336/9/17
f 1596/15/1 1594/16/1 1598/14/1
f 791/13/17 792/7/17 795/9/17
f 86/7/17 89/9/17 90/8/17
f 1475/13/3 1480/8/3 1482/9/3
f 2138/8/7 2137/9/7 2133/7/7
f 1382/12/1 1381/2/1 1380/3/1
f 1290/7/17 1293/9/17 1294/8/17
f 106/14/1 108/23/1 104/15/1
f 2176/14/1 2178/23/1 2174/15/1
f 1276/13/12 1280/8/12 1279/9/12
f 1977/14/1 1979/23/1 1975/15/1
f 202/30/142 205/39/1278 206/43/143
f 1909/13/17 1910/7/17 1913/9/17
f 408/14/1 410/23/1 406/15/1
f 1839/9/3 1835/7/3 1832/13/3
f 1292/7/12 1289/13/12 1294/8/12
f 1796/14/1 1798/23/1 1794/15/1
f 513/30/148 516/39/75 515/20/77
f 532/9/12 533/8/12 528/13/12
f 1577/9/12 1575/8/12 1572/13/12
f 15/9/17 13/8/17 10/13/17
f 309/13/3 310/7/3 313/9/3
f 2104/13/12 2105/7/12 2109/9/12
f 262/11/17 266/4/17 273/32/149
f 238/11/12 242/4/111 247/32/151
f 1827/7/12 1824/13/12 1829/8/12
f 823/4/2 825/11/2 829/5/2
f 839/9/3 840/8/3 835/13/3
f 68/8/3 67/9/3 63/7/3
f 1176/13/12 1180/8/12 1179/9/12
f 2063/21/3 2059/22/1279 2066/20/153
f 280/21/12 276/22/1280 283/20/155
f 697/13/3 702/8/3 704/9/3
f 726/26/158 724/48/1281 730/27/159
f 730/27/159 723/23/41 725/28/1282
f 725/28/1282 729/25/157 730/27/159
f 243/14/1 245/23/1 241/15/1
f 1158/22/160 1165/20/701 1168/43/161
f 1168/43/161 1166/39/1141 1170/47/7
f 1599/21/17 1595/22/1283 1602/20/162
f 1885/13/7 1890/8/7 1892/9/7
f 2120/34/166 2122/45/1284 2128/25/164
f 2128/25/164 2119/36/646 2127/33/165
f 1867/2/1 1866/3/1 1865/1/1
f 1088/14/1 1090/23/1 1086/15/1
f 607/9/12 608/8/12 603/13/12
f 753/13/3 758/8/3 760/9/3
f 1392/8/7 1394/9/7 1390/7/7
f 588/7/3 591/9/3 592/8/3
f 1198/13/3 1199/7/3 1203/9/3
f 456/11/7 460/4/1285 467/32/167
f 1010/36/69 1018/33/1254 1019/25/68
f 1018/33/1254 1011/34/1286 1019/25/68
f 1011/34/1286 1013/45/1287 1019/25/68
f 1708/28/1288 1712/25/170 1706/23/169
f 1712/25/170 1709/26/1289 1707/48/171
f 621/7/17 622/13/17 626/8/17
f 875/33/174 868/34/1290 870/45/1291
f 870/45/1291 876/25/1292 875/33/174
f 876/25/1292 869/28/172 875/33/174
f 45/30/175 48/39/1171 50/43/139
f 349/32/176 346/17/1009 338/11/12
f 1628/8/17 1627/9/17 1623/7/17
f 1246/1/2 1245/3/2 1247/2/2
f 1246/8/12 1241/13/12 1242/7/12
f 343/14/1 345/23/1 341/15/1
f 2124/14/1 2126/23/1 2122/15/1
f 1280/12/2 1278/1/2 1277/3/2
f 1275/7/3 1279/9/3 1277/8/3
f 1182/13/3 1183/7/3 1187/9/3
f 14/1/2 13/3/2 15/2/2
f 901/13/7 902/7/7 905/9/7
f 1771/14/1 1773/23/1 1769/15/1
f 1144/4/2 1146/11/2 1150/5/2
f 1273/1/1 1276/12/1 1275/2/1
f 1804/16/1 1808/14/1 1810/23/1
f 416/1/1 419/12/1 418/2/1
f 522/7/3 526/9/3 524/8/3
f 1000/25/183 997/26/1293 995/48/1294
f 995/48/1294 994/23/181 1000/25/183
f 1903/7/12 1904/13/12 1908/8/12
f 435/7/3 432/13/3 437/8/3
f 1116/13/12 1121/8/12 1123/9/12
f 1494/32/184 1491/17/726 1483/11/185
f 628/7/7 631/9/7 632/8/7
f 1324/7/12 1328/9/12 1326/8/12
f 2187/1/2 2186/3/2 2188/2/2
f 1373/2/1 1372/3/1 1371/1/1
f 2041/13/17 2045/8/17 2044/9/17
f 1216/32/187 1213/17/924 1205/11/17
f 2002/18/190 1998/19/689 2009/10/191
f 1683/13/3 1684/7/3 1688/9/3
f 1075/13/3 1076/7/3 1079/9/3
f 879/13/17 880/7/17 883/9/17
f 1403/1/1 1406/12/1 1405/2/1
f 818/13/17 822/8/17 821/9/17
f 756/13/7 760/8/7 759/9/7
f 382/34/194 384/45/1295 390/25/195
f 390/25/195 383/28/108 381/36/108
f 381/36/108 389/33/193 390/25/195
f 427/13/17 431/8/17 430/9/17
f 1461/2/1 1460/3/1 1459/1/1
f 1257/36/197 1265/33/1296 1266/25/196
f 1265/33/1296 1258/34/1297 1266/25/196
f 1258/34/1297 1260/45/1298 1266/25/196
f 2054/17/198 2046/11/7 2050/4/199
f 64/12/1 63/2/1 62/3/1
f 527/9/17 523/7/17 520/13/17
f 1434/12/2 1432/1/2 1431/3/2
f 1804/19/201 1811/17/801 1814/32/202
f 1838/2/2 1839/12/2 1837/1/2
f 1967/28/69 1970/25/1299 1971/27/204
f 1970/25/1299 1968/26/1300 1971/27/204
f 1968/26/1300 1966/48/1301 1971/27/204
f 1175/2/1 1174/3/1 1173/1/1
f 1622/13/12 1623/7/12 1627/9/12
f 55/2/1 54/3/1 53/1/1
f 1142/2/2 1143/12/2 1141/1/2
f 1438/7/7 1435/13/7 1440/8/7
f 521/7/7 524/9/7 525/8/7
f 1234/14/1 1236/23/1 1232/15/1
f 2070/4/2 2072/11/2 2076/5/2
f 737/14/1 739/23/1 735/15/1
f 499/3/1 498/1/1 501/12/1
f 944/19/205 951/17/100 955/44/99
f 568/8/12 570/9/12 566/7/12
f 1171/49/209 1167/27/1198 1160/23/3
f 1160/23/3 1162/28/207 1171/49/209
f 1707/14/1 1709/23/1 1705/15/1
f 69/1/1 72/12/1 71/2/1
f 1747/22/210 1754/20/797 1755/39/211
f 485/13/3 489/8/3 488/9/3
f 376/12/1 375/2/1 374/3/1
f 582/12/1 581/2/1 580/3/1
f 2009/10/191 2005/17/688 1997/11/7
f 1997/11/7 2001/4/212 2009/10/191
f 1499/6/2 1495/4/2 1497/11/2
f 1156/11/12 1160/4/445 1172/50/12
f 377/9/17 378/8/17 373/13/17
f 659/32/214 656/17/1302 648/11/17
f 132/14/1 134/23/1 130/15/1
f 1506/19/216 1513/17/1303 1516/46/217
f 188/14/1 190/23/1 186/15/1
f 432/1/1 435/12/1 434/2/1
f 432/13/12 433/7/12 436/9/12
f 1682/13/17 1687/8/17 1689/9/17
f 1615/7/17 1619/9/17 1617/8/17
f 922/4/219 924/11/2 928/5/2
f 771/7/17 775/9/17 773/8/17
f 141/13/17 146/8/17 148/9/17
f 1555/13/3 1560/8/3 1562/9/3
f 1573/7/17 1574/13/17 1578/8/17
f 2139/11/12 2143/4/12 2150/32/221
f 764/12/1 763/2/1 762/3/1
f 1575/9/3 1576/8/3 1571/13/3
f 1163/30/91 1166/39/1141 1168/43/161
f 86/13/7 87/7/7 91/9/7
f 1803/4/2 1805/11/2 1809/5/2
f 1743/39/55 1742/20/129 1736/29/121
f 1121/1/2 1120/3/2 1122/2/2
f 140/50/225 135/17/1304 127/11/3
f 127/11/3 131/4/223 140/50/225
f 1607/7/12 1608/13/12 1612/8/12
f 1626/1/2 1625/3/2 1627/2/2
f 810/7/7 807/13/7 812/8/7
f 1621/13/3 1622/7/3 1625/9/3
f 1613/13/3 1618/8/3 1620/9/3
f 501/13/3 505/8/3 504/9/3
f 2182/1/1 2185/12/1 2184/2/1
f 1660/9/17 1658/8/17 1655/13/17
f 445/1/2 444/3/2 446/2/2
f 1487/6/2 1483/4/2 1485/11/2
f 1651/1/2 1650/3/2 1652/2/2
f 469/16/1 473/14/1 475/23/1
f 1655/7/12 1658/9/12 1659/8/12
f 1548/39/228 1547/20/116 1541/29/115
f 594/8/17 593/9/17 589/7/17
f 1845/14/1 1847/23/1 1843/15/1
f 1657/13/7 1661/8/7 1660/9/7
f 710/14/1 712/23/1 708/15/1
f 2032/21/3 2028/22/3 2035/20/229
f 2139/4/2 2141/11/2 2145/5/2
f 452/3/2 454/2/2 455/12/2
f 746/13/17 747/7/17 751/9/17
f 2073/45/231 2079/25/1305 2082/53/232
f 1662/4/2 1664/11/2 1668/5/2
f 595/13/12 596/7/12 599/9/12
f 308/12/2 306/1/2 305/3/2
f 1536/25/236 1533/26/1306 1531/48/74
f 1531/48/74 1530/23/234 1536/25/236
f 2215/14/1 2217/23/1 2213/15/1
f 318/34/238 320/45/1307 326/25/239
f 326/25/239 319/28/108 317/36/1308
f 317/36/1308 325/33/237 326/25/239
f 1066/4/223 1073/32/1309 1070/17/240
f 528/1/1 531/12/1 530/2/1
f 1149/14/1 1151/23/1 1147/15/1
f 1404/7/17 1407/9/17 1408/8/17
f 610/9/3 606/7/3 603/13/3
f 82/1/2 81/3/2 83/2/2
f 1607/7/3 1611/9/3 1609/8/3
f 1833/13/17 1834/7/17 1838/9/17
f 2141/22/7 2148/20/1310 2149/39/243
f 1864/43/244 1862/39/348 1859/21/7
f 183/36/247 191/33/1311 192/25/246
f 191/33/1311 184/34/1312 192/25/246
f 184/34/1312 186/45/1313 192/25/246
f 698/3/1 697/1/1 700/12/1
f 2017/12/2 2015/1/2 2014/3/2
f 1816/13/3 1821/8/3 1823/9/3
f 279/14/1 281/23/1 277/15/1
f 700/13/7 704/8/7 703/9/7
f 611/13/7 612/7/7 615/9/7
f 1817/3/1 1816/1/1 1819/12/1
f 956/4/2 958/11/2 962/5/2
f 272/39/250 268/21/3 264/22/251
f 1227/25/254 1224/26/1314 1222/48/1315
f 1222/48/1315 1228/27/1316 1227/25/254
f 1228/27/1316 1221/23/28 1227/25/254
f 551/19/255 558/17/1317 561/46/118
f 1189/13/3 1194/8/3 1196/9/3
f 355/14/1 357/23/1 353/15/1
f 2109/9/17 2105/7/17 2106/13/17
f 1529/29/256 1533/30/1318 1536/39/257
f 1892/8/17 1891/9/17 1887/7/17
f 1632/13/12 1636/8/12 1635/9/12
f 929/30/131 932/39/1319 934/43/259
f 1893/13/3 1898/8/3 1900/9/3
f 1689/12/2 1687/1/2 1686/3/2
f 1374/13/7 1378/8/7 1377/9/7
f 1509/6/2 1505/4/2 1507/11/2
f 1534/33/262 1527/34/1320 1529/45/1321
f 1529/45/1321 1535/25/1322 1534/33/262
f 1535/25/1322 1528/28/260 1534/33/262
f 251/4/2 253/11/2 257/5/2
f 1902/13/3 1903/7/3 1907/9/3
f 1912/12/1 1911/2/1 1910/3/1
f 1912/7/12 1909/13/12 1914/8/12
f 1904/7/17 1901/13/17 1906/8/17
f 469/19/263 476/17/1323 481/54/264
f 1917/4/2 1919/11/2 1923/5/2
f 2194/6/2 2190/4/2 2192/11/2
f 577/9/17 573/7/17 574/13/17
f 665/14/1 667/23/1 663/15/1
f 1940/13/12 1944/8/12 1943/9/12
f 1937/1/1 1940/12/1 1939/2/1
f 1304/30/266 1307/39/1324 1309/43/127
f 1649/13/3 1653/8/3 1652/9/3
f 1341/13/3 1345/8/3 1344/9/3
f 549/55/269 546/25/762 543/26/662
f 543/26/662 541/48/267 549/55/269
f 1853/4/2 1855/11/2 1859/5/2
f 2191/16/1 2195/14/1 2197/23/1
f 1908/12/2 1906/1/2 1905/3/2
f 1783/14/1 1785/23/1 1781/15/1
f 1761/7/17 1758/13/17 1763/8/17
f 2020/7/17 2024/9/17 2022/8/17
f 1955/7/3 1959/9/3 1957/8/3
f 1807/23/12 1809/28/1325 1815/55/274
f 1695/14/1 1697/23/1 1693/15/1
f 8/12/2 6/1/2 5/3/2
f 255/4/1200 261/32/37 251/11/276
f 261/32/37 256/18/1326 252/19/277
f 50/43/139 48/39/1171 44/21/278
f 40/22/12 47/20/140 50/43/139
f 2061/6/2 2057/4/2 2059/11/2
f 2062/14/1 2064/23/1 2060/15/1
f 1922/14/1 1924/23/1 1920/15/1
f 1056/14/1 1058/23/1 1054/15/1
f 1128/6/2 1124/4/2 1126/11/2
f 94/7/12 97/9/12 98/8/12
f 1367/33/281 1360/34/1327 1362/45/1328
f 1362/45/1328 1368/25/1329 1367/33/281
f 1368/25/1329 1361/28/279 1367/33/281
f 291/2/2 292/12/2 290/1/2
f 350/4/2 352/11/2 356/5/2
f 114/56/282 112/27/753 105/23/7
f 537/19/286 544/17/682 547/32/287
f 1673/32/289 1680/63/373 1679/38/54
f 2111/1/1 2114/12/1 2113/2/1
f 732/4/2 734/11/2 738/5/2
f 1014/4/290 1021/32/817 1018/17/291
f 886/12/2 884/1/2 883/3/2
f 1938/13/3 1939/7/3 1943/9/3
f 1451/13/3 1456/8/3 1458/9/3
f 1267/39/305 1263/21/3 1270/47/292
f 1263/21/3 1259/22/366 1271/57/12
f 11/7/7 12/13/7 16/8/7
f 1929/13/12 1934/8/12 1936/9/12
f 1075/1/1 1078/12/1 1077/2/1
f 1871/9/7 1867/7/7 1868/13/7
f 79/7/12 83/9/12 81/8/12
f 77/1/1 80/12/1 79/2/1
f 87/2/1 86/3/1 85/1/1
f 1994/1/2 1993/3/2 1995/2/2
f 38/11/7 42/4/7 51/10/293
f 42/4/7 49/32/1330 51/10/293
f 555/14/1 557/23/1 553/15/1
f 747/7/7 748/13/7 752/8/7
f 1/1/1 4/12/1 3/2/1
f 1858/14/1 1860/23/1 1856/15/1
f 1584/14/1 1586/23/1 1582/15/1
f 1562/8/7 1561/9/7 1557/7/7
f 1792/19/35 1799/17/285 1802/32/295
f 1565/7/3 1569/9/3 1567/8/3
f 1932/13/3 1936/8/3 1935/9/3
f 39/34/297 41/45/1331 47/25/298
f 47/25/298 40/28/69 38/36/1332
f 38/36/1332 46/33/296 47/25/298
f 143/2/1 142/3/1 141/1/1
f 2090/8/12 2089/9/12 2085/7/12
f 262/4/2 264/11/2 268/5/2
f 464/33/300 457/34/702 459/45/1333
f 459/45/1333 465/25/1334 464/33/300
f 465/25/1334 458/28/69 464/33/300
f 115/11/12 119/4/1335 125/32/301
f 309/13/7 314/8/7 316/9/7
f 1375/9/12 1376/8/12 1371/13/12
f 313/3/2 315/2/2 316/12/2
f 1111/7/7 1108/13/7 1113/8/7
f 2036/39/230 2035/20/229 2029/29/303
f 797/2/2 798/12/2 796/1/2
f 567/3/2 569/2/2 570/12/2
f 292/9/12 288/7/12 285/13/12
f 486/9/17 487/8/17 482/13/17
f 2021/13/7 2025/8/7 2024/9/7
f 620/13/12 621/7/12 625/9/12
f 1260/29/115 1264/30/115 1267/39/305
f 1429/2/1 1428/3/1 1427/1/1
f 337/12/2 335/1/2 334/3/2
f 356/21/3 352/22/341 360/58/307
f 639/4/111 646/32/1055 643/17/309
f 552/22/89 562/42/88 560/59/310
f 990/11/12 994/4/146 1001/24/145
f 794/12/1 793/2/1 792/3/1
f 1376/1/2 1375/3/2 1377/2/2
f 1613/13/12 1614/7/12 1617/9/12
f 109/33/314 102/34/1336 104/45/1337
f 104/45/1337 110/25/1338 109/33/314
f 110/25/1338 103/28/41 109/33/314
f 436/8/17 433/13/17 434/7/17
f 975/26/316 973/48/1339 979/27/317
f 979/27/317 972/23/874 974/28/1340
f 974/28/1340 978/25/315 979/27/317
f 1464/8/7 1459/13/7 1460/7/7
f 2136/8/3 2138/9/3 2134/7/3
f 2186/9/12 2187/8/12 2182/13/12
f 1030/17/318 1033/32/77 1027/18/148
f 483/13/7 484/7/7 488/9/7
f 1905/9/7 1906/8/7 1901/13/7
f 1700/25/319 1697/26/1341 1695/48/1342
f 1695/48/1342 1701/27/1057 1700/25/319
f 1701/27/1057 1694/23/69 1700/25/319
f 413/25/320 410/26/1343 408/48/1344
f 408/48/1344 414/27/1345 413/25/320
f 414/27/1345 407/23/41 413/25/320
f 1894/7/12 1897/9/12 1898/8/12
f 1346/11/324 1350/4/324 1357/32/325
f 1096/4/2 1098/11/2 1102/5/2
f 564/7/17 567/9/17 568/8/17
f 572/13/12 573/7/12 577/9/12
f 1716/2/1 1715/3/1 1714/1/1
f 564/13/7 565/7/7 569/9/7
f 529/13/17 530/7/17 534/9/17
f 617/9/3 615/8/3 612/13/3
f 640/14/1 642/23/1 638/15/1
f 613/2/1 612/3/1 611/1/1
f 600/8/3 602/9/3 598/7/3
f 493/13/3 497/8/3 496/9/3
f 604/3/1 603/1/1 606/12/1
f 1690/4/2 1692/11/2 1696/5/2
f 835/1/1 838/12/1 837/2/1
f 625/2/2 626/12/2 624/1/2
f 825/22/327 832/20/759 833/39/328
f 614/13/12 618/8/12 617/9/12
f 1527/16/1 1531/14/1 1533/23/1
f 677/9/3 678/8/3 673/13/3
f 861/7/3 865/9/3 863/8/3
f 692/7/17 689/13/17 694/8/17
f 699/7/17 703/9/17 701/8/17
f 311/7/17 312/13/17 316/8/17
f 222/21/330 218/22/1346 225/20/331
f 2196/21/17 2192/22/17 2199/20/333
f 1722/4/2 1724/11/2 1728/5/2
f 1122/9/3 1118/7/3 1119/13/3
f 697/13/12 698/7/12 701/9/12
f 1630/7/7 1633/9/7 1634/8/7
f 1395/13/3 1400/8/3 1402/9/3
f 1150/21/3 1146/22/889 1155/42/335
f 682/13/3 683/7/3 687/9/3
f 750/1/2 749/3/2 751/2/2
f 1727/14/1 1729/23/1 1725/15/1
f 2014/9/3 2015/8/3 2010/13/3
f 926/4/220 933/32/116 930/17/338
f 674/3/1 673/1/1 676/12/1
f 2041/7/7 2038/13/7 2043/8/7
f 482/1/1 485/12/1 484/2/1
f 1937/13/17 1942/8/17 1944/9/17
f 762/7/17 765/9/17 766/8/17
f 770/7/12 773/9/12 774/8/12
f 799/13/17 804/8/17 806/9/17
f 786/20/339 787/39/230 783/21/3
f 1961/4/2 1963/11/2 1967/5/2
f 720/19/131 727/17/1347 731/46/340
f 914/14/1 916/23/1 912/15/1
f 763/7/7 767/9/7 765/8/7
f 1222/14/1 1224/23/1 1220/15/1
f 2144/14/1 2146/23/1 2142/15/1
f 886/8/3 885/9/3 881/7/3
f 837/7/17 838/13/17 842/8/17
f 619/13/7 624/8/7 626/9/7
f 851/1/1 854/12/1 853/2/1
f 851/13/17 856/8/17 858/9/17
f 864/1/2 863/3/2 865/2/2
f 908/8/12 907/9/12 903/7/12
f 882/12/1 881/2/1 880/3/1
f 400/1/2 399/3/2 401/2/2
f 1078/13/17 1082/8/17 1081/9/17
f 903/7/3 907/9/3 905/8/3
f 903/2/1 902/3/1 901/1/1
f 908/12/2 906/1/2 905/3/2
f 2152/13/12 2153/7/12 2156/9/12
f 1129/18/343 1125/19/591 1135/10/5
f 168/18/345 164/19/492 163/11/226
f 938/12/1 937/2/1 936/3/1
f 439/12/2 437/1/2 436/3/2
f 935/13/17 936/7/17 939/9/17
f 879/13/12 884/8/12 886/9/12
f 606/13/7 610/8/7 609/9/7
f 1864/43/244 1856/29/752 1860/30/347
f 99/2/2 100/12/2 98/1/2
f 1458/8/7 1457/9/7 1453/7/7
f 1746/16/1 1750/14/1 1752/23/1
f 1022/11/12 1026/4/1049 1037/61/12
f 976/33/352 969/34/1348 971/45/1349
f 971/45/1349 977/25/1350 976/33/352
f 977/25/1350 970/28/108 976/33/352
f 1108/13/3 1109/7/3 1112/9/3
f 1501/28/357 1502/26/1351 1504/27/355
f 1502/26/1351 1500/48/1352 1504/27/355
f 1078/7/7 1075/13/7 1080/8/7
f 1119/12/1 1118/2/1 1117/3/1
f 1115/8/17 1114/9/17 1110/7/17
f 878/32/358 875/17/1189 867/11/17
f 398/13/17 402/8/17 401/9/17
f 801/2/1 800/3/1 799/1/1
f 234/14/1 236/23/1 232/15/1
f 1186/1/2 1185/3/2 1187/2/2
f 1176/7/17 1173/13/17 1178/8/17
f 1204/9/17 1200/7/17 1197/13/17
f 694/1/2 693/3/2 695/2/2
f 1200/13/12 1204/8/12 1203/9/12
f 1386/12/2 1384/1/2 1383/3/2
f 1197/13/7 1198/7/7 1201/9/7
f 755/7/17 759/9/17 757/8/17
f 2033/26/361 2031/48/1353 2037/27/362
f 2037/27/362 2030/23/41 2032/28/41
f 2032/28/41 2036/25/360 2037/27/362
f 1204/12/2 1202/1/2 1201/3/2
f 1197/1/1 1200/12/1 1199/2/1
f 1445/7/3 1449/9/3 1447/8/3
f 755/2/1 754/3/1 753/1/1
f 164/16/1 168/14/1 170/23/1
f 1256/8/7 1255/9/7 1251/7/7
f 1243/7/7 1244/13/7 1248/8/7
f 1241/13/3 1246/8/3 1248/9/3
f 324/26/364 322/48/1354 328/27/365
f 328/27/365 321/23/69 323/28/1355
f 323/28/1355 327/25/363 328/27/365
f 1259/22/366 1267/39/305 1270/47/292
f 619/1/1 622/12/1 621/2/1
f 1288/12/2 1286/1/2 1285/3/2
f 1286/8/3 1288/9/3 1284/7/3
f 76/8/7 75/9/7 71/7/7
f 1776/25/368 1773/26/1356 1771/48/15
f 1771/48/15 1770/23/14 1776/25/368
f 1157/19/142 1164/17/213 1169/46/369
f 1292/13/3 1296/8/3 1295/9/3
f 1530/6/2 1526/4/2 1528/11/2
f 1895/2/1 1894/3/1 1893/1/1
f 1285/9/12 1286/8/12 1281/13/12
f 1312/22/370 1319/20/731 1320/39/371
f 30/13/17 35/8/17 37/9/17
f 632/1/2 631/3/2 633/2/2
f 1184/7/17 1181/13/17 1186/8/17
f 1291/7/7 1295/9/7 1293/8/7
f 21/6/2 17/4/2 19/11/2
f 1335/8/17 1337/9/17 1333/7/17
f 891/6/2 887/4/2 889/11/2
f 507/16/1 511/14/1 513/23/1
f 1387/13/3 1388/7/3 1391/9/3
f 1997/4/2 1999/11/2 2003/5/2
f 1673/32/289 1667/18/374 1680/63/373
f 1667/18/374 1663/19/1357 1681/62/372
f 1663/19/1357 1670/17/1106 1681/62/372
f 1338/13/12 1343/8/12 1345/9/12
f 1405/7/3 1406/13/3 1410/8/3
f 1399/9/12 1400/8/12 1395/13/12
f 1383/8/7 1380/13/7 1381/7/7
f 652/6/2 648/4/2 650/11/2
f 1766/4/2 1768/11/2 1772/5/2
f 1393/2/2 1394/12/2 1392/1/2
f 272/39/250 271/20/252 265/29/375
f 1237/33/378 1230/34/1358 1232/45/1359
f 1232/45/1359 1238/25/1360 1237/33/378
f 1238/25/1360 1231/28/69 1237/33/378
f 1469/7/12 1470/13/12 1474/8/12
f 1360/16/1 1364/14/1 1366/23/1
f 1439/9/3 1440/8/3 1435/13/3
f 1443/13/7 1444/7/7 1447/9/7
f 587/13/7 592/8/7 594/9/7
f 67/2/2 68/12/2 66/1/2
f 1476/7/12 1479/9/12 1480/8/12
f 715/25/381 712/26/1361 718/67/457
f 712/26/1361 710/48/1362 718/67/457
f 710/48/1362 716/27/458 718/67/457
f 718/67/457 717/64/379 715/25/381
f 1610/1/2 1609/3/2 1611/2/2
f 2104/3/1 2103/1/1 2106/12/1
f 1724/22/384 1725/29/1363 1731/39/382
f 1725/29/1363 1729/30/972 1731/39/382
f 1560/1/2 1559/3/2 1561/2/2
f 1544/21/3 1540/22/366 1550/65/385
f 1607/2/1 1606/3/1 1605/1/1
f 1997/36/388 2005/33/1364 2006/25/387
f 2005/33/1364 1998/34/1365 2006/25/387
f 1998/34/1365 2000/45/1366 2006/25/387
f 149/4/2 151/11/2 155/5/2
f 739/26/390 737/48/1367 743/27/391
f 743/27/391 736/23/108 738/28/108
f 738/28/108 742/25/389 743/27/391
f 1566/13/12 1570/8/12 1569/9/12
f 1223/21/392 1219/22/1368 1226/20/393
f 2118/12/2 2116/1/2 2115/3/2
f 1765/8/12 1764/9/12 1760/7/12
f 1649/7/12 1646/13/12 1651/8/12
f 820/1/2 819/3/2 821/2/2
f 1624/12/1 1623/2/1 1622/3/1
f 1641/6/2 1637/4/2 1639/11/2
f 1778/4/2 1780/11/2 1784/5/2
f 434/7/7 435/13/7 439/8/7
f 1636/12/2 1634/1/2 1633/3/2
f 1655/3/1 1654/1/1 1657/12/1
f 1579/4/2 1581/11/2 1585/5/2
f 404/34/166 406/45/1284 411/33/165
f 406/45/1284 412/25/395 411/33/165
f 574/12/1 573/2/1 572/3/1
f 1347/16/1 1351/14/1 1353/23/1
f 1675/47/397 1672/39/520 1668/21/3
f 1210/14/1 1212/23/1 1208/15/1
f 455/9/3 451/7/3 448/13/3
f 1345/12/2 1343/1/2 1342/3/2
f 1139/13/12 1143/8/12 1142/9/12
f 1721/8/12 1720/9/12 1716/7/12
f 679/2/2 680/12/2 678/1/2
f 36/9/12 32/7/12 33/13/12
f 2103/13/7 2108/8/7 2110/9/7
f 61/13/12 66/8/12 68/9/12
f 405/28/7 403/36/396 415/51/400
f 175/1/1 178/12/1 177/2/1
f 1758/1/1 1761/12/1 1760/2/1
f 1765/12/2 1763/1/2 1762/3/2
f 611/13/17 616/8/17 618/9/17
f 995/14/1 997/23/1 993/15/1
f 1919/22/17 1926/20/506 1927/39/401
f 1019/20/402 1020/39/1369 1016/21/12
f 80/13/17 84/8/17 83/9/17
f 1966/14/1 1968/23/1 1964/15/1
f 2203/3/1 2202/1/1 2205/12/1
f 1817/7/12 1820/9/12 1821/8/12
f 810/12/1 809/2/1 808/3/1
f 1774/33/404 1767/34/1370 1769/45/1371
f 1769/45/1371 1775/25/1372 1774/33/404
f 1775/25/1372 1768/28/108 1774/33/404
f 694/8/7 689/13/7 690/7/7
f 1225/17/405 1228/32/116 1222/18/115
f 1616/13/7 1620/8/7 1619/9/7
f 1294/1/2 1293/3/2 1295/2/2
f 1821/1/2 1820/3/2 1822/2/2
f 1811/33/407 1804/34/1373 1806/45/1374
f 1806/45/1374 1812/25/1375 1811/33/407
f 1812/25/1375 1805/28/28 1811/33/407
f 2061/4/408 2068/32/329 2069/46/132
f 2069/46/132 2065/17/1276 2057/11/17
f 1915/9/7 1913/8/7 1910/13/7
f 1958/1/2 1957/3/2 1959/2/2
f 1206/34/410 1208/45/1274 1214/25/125
f 1214/25/125 1207/28/28 1205/36/28
f 1205/36/28 1213/33/409 1214/25/125
f 461/14/1 463/23/1 459/15/1
f 1546/17/412 1538/11/17 1553/31/17
f 1538/11/17 1542/4/1376 1553/31/17
f 1953/1/1 1956/12/1 1955/2/1
f 522/7/12 523/13/12 527/8/12
f 1063/16/1 1067/14/1 1069/23/1
f 937/7/3 938/13/3 942/8/3
f 241/29/413 245/30/1167 244/21/414
f 1948/13/7 1952/8/7 1951/9/7
f 2012/7/17 2013/13/17 2017/8/17
f 1990/7/17 1993/9/17 1994/8/17
f 973/14/1 975/23/1 971/15/1
f 1450/12/2 1448/1/2 1447/3/2
f 1217/4/2 1219/11/2 1223/5/2
f 1468/13/3 1469/7/3 1473/9/3
f 187/6/2 183/4/2 185/11/2
f 77/13/7 82/8/7 84/9/7
f 627/13/17 632/8/17 634/9/17
f 942/12/2 940/1/2 939/3/2
f 1002/13/17 1003/7/17 1006/9/17
f 442/2/1 441/3/1 440/1/1
f 2114/13/3 2118/8/3 2117/9/3
f 1178/1/2 1177/3/2 1179/2/2
f 1355/20/416 1356/39/1377 1352/21/3
f 450/7/17 454/9/17 452/8/17
f 2133/2/1 2132/3/1 2131/1/1
f 1506/16/1 1510/14/1 1512/23/1
f 375/7/7 379/9/7 377/8/7
f 196/16/1 200/14/1 202/23/1
f 1014/6/2 1010/4/2 1012/11/2
f 2158/2/2 2159/12/2 2157/1/2
f 2158/9/17 2156/8/17 2153/13/17
f 599/3/2 601/2/2 602/12/2
f 2208/2/2 2209/12/2 2207/1/2
f 1359/4/2 1361/11/2 1365/5/2
f 1044/21/7 1040/22/7 1050/59/418
f 1040/22/7 1047/20/1378 1050/59/418
f 2171/4/2 2173/11/2 2177/5/2
f 2207/8/17 2209/9/17 2205/7/17
f 964/33/420 957/34/1379 959/45/1380
f 959/45/1380 965/25/1381 964/33/420
f 965/25/1381 958/28/28 964/33/420
f 923/19/115 930/17/338 933/32/116
f 1029/26/422 1027/48/1382 1033/27/423
f 1033/27/423 1026/23/69 1028/28/1383
f 1028/28/1383 1032/25/421 1033/27/423
f 518/37/1384 519/66/1385 517/27/708
f 517/27/708 510/23/17 518/37/425
f 888/34/427 890/45/1386 896/25/428
f 896/25/428 889/28/41 887/36/1387
f 887/36/1387 895/33/426 896/25/428
f 1545/26/431 1543/48/1388 1552/66/429
f 1543/48/1388 1549/27/1130 1552/66/429
f 1552/66/429 1551/37/1129 1548/25/430
f 951/33/433 944/34/1389 946/45/1390
f 946/45/1390 952/25/1391 951/33/433
f 952/25/1391 945/28/41 951/33/433
f 1017/26/435 1015/48/1392 1021/27/436
f 1021/27/436 1014/23/108 1016/28/1393
f 1016/28/1393 1020/25/434 1021/27/436
f 570/8/3 569/9/3 565/7/3
f 1229/11/7 1233/4/1394 1240/32/437
f 1730/17/439 1732/32/920 1727/18/440
f 1891/2/2 1892/12/2 1890/1/2
f 330/13/3 331/7/3 334/9/3
f 2193/29/442 2197/30/1395 2200/39/334
f 2140/34/444 2142/45/1396 2148/25/271
f 2148/25/271 2139/36/270 2147/33/443
f 1169/46/369 1164/17/213 1172/50/12
f 1160/4/445 1167/32/883 1169/46/369
f 1574/7/7 1571/13/7 1576/8/7
f 844/34/446 846/45/1070 845/28/447
f 217/19/450 224/17/888 227/46/451
f 1391/8/12 1388/13/12 1389/7/12
f 335/8/7 337/9/7 333/7/7
f 96/7/3 93/13/3 98/8/3
f 1773/30/453 1776/39/1159 1775/20/454
f 991/19/456 998/17/312 1001/24/145
f 716/27/458 709/23/12 717/64/379
f 709/23/12 711/28/380 717/64/379
f 706/34/460 708/45/1242 714/25/461
f 714/25/461 707/28/28 705/36/32
f 705/36/32 713/33/459 714/25/461
f 34/8/3 31/13/3 32/7/3
f 1734/34/462 1736/45/1397 1742/25/463
f 799/13/7 800/7/7 803/9/7
f 1022/36/467 1030/33/1398 1031/25/466
f 1030/33/1398 1023/34/1399 1031/25/466
f 1023/34/1399 1025/45/1400 1031/25/466
f 738/21/12 734/22/1066 741/20/102
f 1752/26/471 1750/48/1180 1757/55/469
f 1750/48/1180 1756/27/1401 1757/55/469
f 1757/55/469 1751/28/765 1755/25/470
f 1934/1/2 1933/3/2 1935/2/2
f 2011/13/12 2012/7/12 2016/9/12
f 474/28/905 478/25/473 472/23/472
f 478/25/473 475/26/1402 473/48/265
f 1596/29/474 1600/30/1403 1603/39/163
f 2067/25/476 2064/26/1404 2062/48/1405
f 2062/48/1405 2068/27/1406 2067/25/476
f 2068/27/1406 2061/23/41 2067/25/476
f 1733/11/3 1737/4/3 1744/32/477
f 2092/34/480 2094/45/1407 2100/25/481
f 2100/25/481 2093/28/290 2091/36/1408
f 2091/36/1408 2099/33/479 2100/25/481
f 2024/2/2 2025/12/2 2023/1/2
f 1834/2/1 1833/3/1 1832/1/1
f 1587/33/485 1580/34/1409 1582/45/1410
f 1582/45/1410 1588/25/1411 1587/33/485
f 1588/25/1411 1581/28/483 1587/33/485
f 1877/4/486 1884/32/1412 1881/17/487
f 1310/4/2 1312/11/2 1316/5/2
f 2175/4/488 2176/18/988 2172/19/489
f 915/28/41 919/25/1413 920/27/491
f 919/25/1413 916/26/1414 920/27/491
f 916/26/1414 914/48/1415 920/27/491
f 2152/13/3 2157/8/3 2159/9/3
f 533/1/2 532/3/2 534/2/2
f 166/45/493 171/25/1416 173/52/227
f 171/25/1416 165/28/1151 173/52/227
f 173/52/227 163/36/226 164/34/492
f 1493/25/496 1490/26/1417 1488/48/1418
f 1488/48/1418 1494/27/1419 1493/25/496
f 1494/27/1419 1487/23/28 1493/25/496
f 1049/32/497 1043/18/1420 1039/19/498
f 223/26/1421 221/48/452 226/25/502
f 221/48/452 220/23/500 226/25/502
f 1427/13/3 1428/7/3 1431/9/3
f 317/11/12 321/4/1422 328/32/503
f 1924/30/505 1927/39/401 1926/20/506
f 2211/34/435 2213/45/1392 2219/25/436
f 2219/25/436 2212/28/108 2210/36/1393
f 2210/36/1393 2218/33/508 2219/25/436
f 1721/9/17 1717/7/17 1714/13/17
f 1483/36/41 1491/33/1423 1492/25/509
f 1491/33/1423 1484/34/1424 1492/25/509
f 1484/34/1424 1486/45/1425 1492/25/509
f 2191/34/46 2193/45/1249 2199/25/510
f 2199/25/510 2190/36/1426 2198/33/511
f 1395/1/1 1398/12/1 1397/2/1
f 1865/13/12 1866/7/12 1869/9/12
f 988/25/514 987/26/1427 985/48/1428
f 985/48/1428 989/27/1165 988/25/514
f 989/27/1165 984/23/512 988/25/514
f 1261/6/2 1257/4/2 1259/11/2
f 172/39/515 169/21/12 165/22/12
f 1190/7/12 1193/9/12 1194/8/12
f 2/7/12 5/9/12 6/8/12
f 628/13/3 629/7/3 633/9/3
f 965/20/116 966/39/1429 962/21/3
f 117/22/7 124/20/1430 126/59/517
f 1671/20/85 1665/29/1431 1677/68/521
f 1665/29/1431 1669/30/519 1677/68/521
f 1767/19/522 1774/17/1432 1777/24/16
f 2149/39/243 2148/20/1310 2142/29/523
f 1401/2/2 1402/12/2 1400/1/2
f 2072/22/525 2079/20/922 2080/39/526
f 1989/13/12 1994/8/12 1996/9/12
f 1898/1/2 1897/3/2 1899/2/2
f 1826/2/1 1825/3/1 1824/1/1
f 665/18/529 661/19/1433 672/24/527
f 661/19/1433 668/17/1434 672/24/527
f 1669/26/531 1667/48/1435 1673/27/532
f 1673/27/532 1666/23/41 1668/28/1436
f 1668/28/1436 1672/25/530 1673/27/532
f 171/20/516 166/29/1437 170/30/533
f 550/36/1438 558/33/534 552/28/89
f 558/33/534 551/34/1439 553/45/90
f 126/59/517 124/20/1430 118/29/535
f 990/4/2 992/11/2 996/5/2
f 361/4/2 363/11/2 367/5/2
f 685/9/7 686/8/7 681/13/7
f 667/26/538 665/48/1440 671/27/539
f 671/27/539 664/23/108 666/28/108
f 666/28/108 670/25/537 671/27/539
f 442/7/17 443/13/17 447/8/17
f 1476/13/17 1477/7/17 1481/9/17
f 469/34/541 471/45/1441 477/25/542
f 477/25/542 470/28/1442 468/36/1443
f 468/36/1443 476/33/540 477/25/542
f 2075/18/543 2071/19/1444 2078/17/544
f 923/34/547 925/45/1445 931/25/548
f 931/25/548 924/28/41 922/36/41
f 922/36/41 930/33/546 931/25/548
f 51/10/293 49/32/1330 43/18/550
f 42/23/17 44/28/278 52/55/552
f 815/13/7 820/8/7 822/9/7
f 2140/19/554 2147/17/222 2150/32/221
f 4/7/3 1/13/3 6/8/3
f 248/37/556 244/28/414 249/69/557
f 1733/4/2 1735/11/2 1739/5/2
f 2052/28/561 2053/26/1446 2056/27/559
f 2053/26/1446 2051/48/1447 2056/27/559
f 1758/13/7 1759/7/7 1762/9/7
f 1826/7/7 1830/9/7 1828/8/7
f 2184/7/17 2188/9/17 2186/8/17
f 1824/13/17 1825/7/17 1828/9/17
f 1980/17/562 1983/32/1202 1977/18/563
f 1597/6/2 1593/4/2 1595/11/2
f 1665/15/1 1663/16/1 1667/14/1
f 1992/12/1 1991/2/1 1990/3/1
f 1185/9/7 1186/8/7 1181/13/7
f 597/7/17 601/9/17 599/8/17
f 1425/66/566 1421/25/1072 1418/26/1448
f 1418/26/1448 1416/48/567 1425/66/566
f 1416/48/567 1422/27/1449 1426/70/565
f 1422/27/1449 1415/23/1450 1426/70/565
f 1415/23/1450 1417/28/1160 1426/70/565
f 500/7/7 504/9/7 502/8/7
f 1359/11/7 1363/4/7 1370/32/568
f 692/12/1 691/2/1 690/3/1
f 284/25/572 281/26/1451 279/48/1452
f 279/48/1452 278/23/570 284/25/572
f 514/17/573 506/11/7 510/4/7
f 296/12/1 295/2/1 294/3/1
f 452/9/12 453/8/12 448/13/12
f 991/34/577 993/45/1453 999/25/578
f 999/25/578 992/28/108 990/36/1454
f 990/36/1454 998/33/576 999/25/578
f 557/26/495 555/48/1455 559/27/580
f 559/27/580 554/23/1456 556/28/311
f 2126/26/46 2124/48/1249 2130/27/581
f 2130/27/581 2125/28/1115 2129/25/511
f 260/39/582 257/21/7 253/22/583
f 1114/2/2 1115/12/2 1113/1/2
f 2026/4/2 2028/11/2 2032/5/2
f 1695/18/585 1691/19/1457 1698/17/586
f 345/30/587 348/39/1058 347/20/588
f 855/9/7 856/8/7 851/13/7
f 1125/34/591 1127/45/1458 1132/25/590
f 1132/25/590 1126/28/356 1124/36/6
f 1881/33/593 1874/34/1459 1876/45/1460
f 1876/45/1460 1882/25/1461 1881/33/593
f 1882/25/1461 1875/28/69 1881/33/593
f 1164/33/595 1157/34/1462 1159/45/1463
f 1159/45/1463 1165/25/1464 1164/33/595
f 1165/25/1464 1158/28/108 1164/33/595
f 270/33/597 263/34/1465 265/45/1466
f 265/45/1466 271/25/1467 270/33/597
f 271/25/1467 264/28/28 270/33/597
f 1832/13/12 1833/7/12 1836/9/12
f 1952/12/2 1950/1/2 1949/3/2
f 1009/8/3 1008/9/3 1004/7/3
f 1442/8/17 1441/9/17 1437/7/17
f 481/54/264 476/17/1323 468/11/17
f 892/18/602 888/19/1468 900/54/600
f 888/19/1468 895/17/1117 900/54/600
f 1137/7/7 1140/9/7 1141/8/7
f 2137/9/17 2135/8/17 2132/13/17
f 1042/4/603 1049/32/497 1046/17/499
f 133/28/606 137/25/1469 138/27/605
f 137/25/1469 134/26/1470 138/27/605
f 134/26/1470 132/48/1471 138/27/605
f 2160/4/2 2162/11/2 2166/5/2
f 150/34/608 152/45/1472 158/25/609
f 158/25/609 151/28/41 149/36/1175
f 149/36/1175 157/33/607 158/25/609
f 376/7/12 373/13/12 378/8/12
f 916/30/610 919/39/1473 918/20/611
f 1153/25/433 1151/26/1389 1149/48/1390
f 1149/48/1390 1154/27/1474 1153/25/433
f 1154/27/1474 1148/23/41 1153/25/433
f 1089/21/7 1085/22/1046 1095/71/613
f 1085/22/1046 1092/20/843 1095/71/613
f 2119/4/2 2121/11/2 2125/5/2
f 278/6/2 274/4/2 276/11/2
f 872/14/1 874/23/1 870/15/1
f 2217/26/616 2215/48/1475 2221/27/617
f 2221/27/617 2214/23/69 2216/28/69
f 2216/28/69 2220/25/615 2221/27/617
f 345/26/619 343/48/1476 349/27/620
f 349/27/620 342/23/69 344/28/1477
f 344/28/1477 348/25/618 349/27/620
f 642/26/622 640/48/1478 646/27/180
f 646/27/180 641/28/179 645/25/621
f 379/2/2 380/12/2 378/1/2
f 2034/17/623 2026/11/17 2030/4/17
f 877/39/625 873/21/3 869/22/626
f 471/29/630 475/30/1479 480/68/628
f 475/30/1479 478/39/1480 480/68/628
f 935/13/12 940/8/12 942/9/12
f 847/6/2 843/4/2 845/11/2
f 269/26/46 267/48/1249 273/27/44
f 273/27/44 268/28/138 272/25/45
f 582/7/3 579/13/3 584/8/3
f 2169/25/631 2170/27/1481 2164/23/12
f 456/4/2 458/11/2 462/5/2
f 2099/17/636 2102/32/722 2096/18/637
f 1453/2/1 1452/3/1 1451/1/1
f 856/1/2 855/3/2 857/2/2
f 1941/3/2 1943/2/2 1944/12/2
f 256/14/1 258/23/1 254/15/1
f 1605/13/7 1606/7/7 1609/9/7
f 544/33/641 537/34/1482 548/35/639
f 537/34/1482 539/45/661 548/35/639
f 539/45/661 545/25/660 548/35/639
f 2095/6/2 2091/4/2 2093/11/2
f 658/25/643 655/26/1483 653/48/1484
f 653/48/1484 659/27/1485 658/25/643
f 659/27/1485 652/23/41 658/25/643
f 1557/7/17 1561/9/17 1559/8/17
f 1230/19/644 1237/17/438 1240/32/437
f 1874/16/1 1878/14/1 1880/23/1
f 19/22/648 26/20/1486 29/57/647
f 29/57/647 27/39/1487 23/21/12
f 1004/7/7 1008/9/7 1006/8/7
f 1441/9/12 1439/8/12 1436/13/12
f 2108/1/2 2107/3/2 2109/2/2
f 1945/13/3 1950/8/3 1952/9/3
f 1194/1/2 1193/3/2 1195/2/2
f 913/6/2 909/4/2 911/11/2
f 149/11/3 153/4/942 160/32/649
f 495/1/2 494/3/2 496/2/2
f 2070/11/3 2074/4/1488 2081/32/545
f 239/34/1489 241/45/1490 246/33/653
f 241/45/1490 240/28/651 246/33/653
f 1858/18/654 1854/19/1491 1861/17/655
f 721/28/28 719/36/1492 727/33/658
f 727/33/658 720/34/1493 722/45/1494
f 722/45/1494 728/25/657 727/33/658
f 1684/2/1 1683/3/1 1682/1/1
f 543/30/662 546/39/762 545/20/660
f 546/39/762 542/21/1495 545/20/660
f 542/21/1495 538/22/1496 545/20/660
f 791/13/12 796/8/12 798/9/12
f 1080/1/2 1079/3/2 1081/2/2
f 411/17/663 414/32/1016 408/18/664
f 1520/2/1 1519/3/1 1518/1/1
f 252/34/668 254/45/1497 259/25/666
f 259/25/666 253/28/893 251/36/667
f 522/2/1 521/3/1 520/1/1
f 848/18/669 844/19/1498 843/11/670
f 1786/33/673 1779/34/1499 1781/45/1500
f 1781/45/1500 1787/25/1501 1786/33/673
f 1787/25/1501 1780/28/41 1786/33/673
f 1973/34/675 1975/45/1502 1981/25/676
f 1981/25/676 1974/28/41 1972/36/1503
f 1972/36/1503 1980/33/674 1981/25/676
f 350/36/1504 358/33/677 352/28/341
f 358/33/677 351/34/1505 353/45/342
f 111/39/678 110/20/717 104/29/679
f 766/1/2 765/3/2 767/2/2
f 880/13/7 881/7/7 885/9/7
f 540/4/681 547/32/287 544/17/682
f 1946/13/17 1947/7/17 1951/9/17
f 894/26/1506 892/48/1507 897/25/685
f 892/48/1507 898/27/683 897/25/685
f 686/1/2 685/3/2 687/2/2
f 1503/17/686 1495/11/3 1499/4/3
f 115/4/2 117/11/2 121/5/2
f 1108/1/1 1111/12/1 1110/2/1
f 1327/8/3 1322/13/3 1323/7/3
f 2026/36/691 2034/33/1508 2035/25/690
f 2034/33/1508 2027/34/1509 2035/25/690
f 2027/34/1509 2029/45/1510 2035/25/690
f 25/33/693 18/34/1511 20/45/1512
f 20/45/1512 26/25/1513 25/33/693
f 26/25/1513 19/28/69 25/33/693
f 637/28/108 635/36/1514 643/33/695
f 643/33/695 636/34/1515 638/45/1516
f 638/45/1516 644/25/694 643/33/695
f 1991/7/7 1995/9/7 1993/8/7
f 679/9/12 677/8/12 674/13/12
f 304/13/17 308/8/17 307/9/17
f 1103/26/697 1101/48/1517 1107/27/698
f 1107/27/698 1100/23/69 1102/28/69
f 1102/28/69 1106/25/696 1107/27/698
f 934/43/259 932/39/1319 928/21/17
f 924/22/408 931/20/329 934/43/259
f 2210/11/12 2214/4/1518 2222/10/634
f 2214/4/1518 2221/32/700 2222/10/634
f 56/7/3 53/13/3 58/8/3
f 2215/18/699 2211/19/635 2222/10/634
f 1877/6/2 1873/4/2 1875/11/2
f 627/1/1 630/12/1 629/2/1
f 2185/13/7 2189/8/7 2188/9/7
f 1045/26/702 1043/48/1333 1049/27/703
f 1049/27/703 1042/23/69 1044/28/299
f 1044/28/299 1048/25/300 1049/27/703
f 1284/13/7 1288/8/7 1287/9/7
f 608/1/2 607/3/2 609/2/2
f 279/18/706 275/19/1519 282/17/704
f 282/17/704 274/11/1520 278/4/705
f 1788/39/707 1784/21/17 1780/22/708
f 357/30/710 359/39/308 360/58/307
f 1982/39/1521 1978/21/17 1984/65/711
f 1978/21/17 1974/22/712 1984/65/711
f 1974/22/712 1981/20/66 1985/40/65
f 975/30/713 978/39/934 977/20/714
f 1050/59/418 1047/20/1378 1041/29/716
f 94/13/17 95/7/17 99/9/17
f 221/14/1 223/23/1 219/15/1
f 110/20/717 111/39/678 113/47/17
f 514/33/719 507/34/1213 509/45/1214
f 509/45/1214 515/25/1522 514/33/719
f 515/25/1522 508/28/69 514/33/719
f 514/17/573 517/32/574 511/18/720
f 2091/11/17 2095/4/1523 2102/32/722
f 968/4/2 970/11/2 974/5/2
f 1846/21/12 1842/22/12 1849/20/723
f 1488/18/725 1484/19/1524 1491/17/726
f 1735/28/12 1733/36/12 1741/33/464
f 1351/18/727 1347/19/1525 1354/17/326
f 2190/11/3 2194/4/1526 2201/32/728
f 1317/30/730 1320/39/371 1319/20/731
f 2054/33/734 2047/34/1527 2049/45/1528
f 2049/45/1528 2055/25/968 2054/33/734
f 2055/25/968 2048/28/733 2054/33/734
f 562/42/88 553/29/90 557/30/495
f 1593/36/738 1601/33/1529 1602/25/737
f 1601/33/1529 1594/34/1530 1602/25/737
f 1594/34/1530 1596/45/1531 1602/25/737
f 1261/4/408 1268/32/329 1269/46/137
f 1272/38/17 1265/17/178 1257/11/17
f 1261/4/408 1269/46/137 1272/38/17
f 634/8/12 633/9/12 629/7/12
f 195/4/2 197/11/2 201/5/2
f 1507/22/741 1508/29/1532 1514/39/739
f 1508/29/1532 1512/30/1533 1514/39/739
f 623/9/3 624/8/3 619/13/3
f 216/4/2 218/11/2 222/5/2
f 1697/30/745 1700/39/71 1699/20/746
f 1243/2/1 1242/3/1 1241/1/1
f 1829/1/2 1828/3/2 1830/2/2
f 2075/14/1 2077/23/1 2073/15/1
f 1831/8/3 1830/9/3 1826/7/3
f 1817/13/17 1818/7/17 1822/9/17
f 1962/34/750 1964/45/1534 1969/25/748
f 1969/25/748 1963/28/893 1961/36/749
f 2114/7/12 2111/13/12 2116/8/12
f 2084/13/3 2085/7/3 2089/9/3
f 680/9/7 676/7/7 673/13/7
f 1256/9/3 1252/7/3 1249/13/3
f 302/7/3 305/9/3 306/8/3
f 263/19/201 270/17/150 273/32/149
f 487/1/2 486/3/2 488/2/2
f 1588/20/751 1589/39/933 1585/21/17
f 175/13/17 180/8/17 182/9/17
f 943/4/2 945/11/2 949/5/2
f 105/6/2 101/4/2 103/11/2
f 108/26/166 106/48/1284 112/27/753
f 112/27/753 107/28/283 111/25/754
f 1462/13/12 1466/8/12 1465/9/12
f 594/12/2 592/1/2 591/3/2
f 635/4/2 637/11/2 641/5/2
f 513/26/444 511/48/1396 516/25/443
f 511/48/1396 517/27/708 516/25/443
f 721/22/755 728/20/1121 729/39/756
f 1797/28/108 1801/25/1535 1802/27/757
f 1801/25/1535 1798/26/1536 1802/27/757
f 1798/26/1536 1796/48/1537 1802/27/757
f 830/30/758 833/39/328 832/20/759
f 549/55/269 547/27/268 540/23/7
f 540/23/7 542/28/761 549/55/269
f 1711/20/763 1712/39/1229 1708/21/7
f 1757/55/469 1756/27/1401 1749/23/12
f 190/30/766 193/39/897 192/20/767
f 1097/19/771 1104/17/1008 1107/32/772
f 1553/31/17 1542/4/1376 1549/32/774
f 834/32/775 831/17/941 823/11/17
f 501/7/12 498/13/12 503/8/12
f 2051/18/776 2047/19/1538 2054/17/198
f 1872/12/2 1870/1/2 1869/3/2
f 239/19/777 246/17/152 247/32/151
f 376/13/3 380/8/3 379/9/3
f 464/17/168 467/32/167 461/18/779
f 1250/7/12 1253/9/12 1254/8/12
f 1106/39/781 1105/20/806 1099/29/782
f 1996/8/3 1995/9/3 1991/7/3
f 362/19/784 369/17/1228 372/32/155
f 9/1/1 12/12/1 11/2/1
f 1317/26/460 1315/48/1242 1321/27/786
f 1321/27/786 1314/23/793 1316/28/32
f 1316/28/32 1320/25/459 1321/27/786
f 1255/9/17 1253/8/17 1250/13/17
f 197/22/445 204/20/883 206/43/143
f 206/43/143 205/39/1278 201/21/12
f 813/2/2 814/12/2 812/1/2
f 1945/1/1 1948/12/1 1947/2/1
f 1844/6/2 1840/4/2 1842/11/2
f 102/19/787 109/17/1047 112/32/788
f 1007/1/2 1006/3/2 1008/2/2
f 1657/7/3 1654/13/3 1659/8/3
f 894/30/790 897/39/136 896/20/791
f 782/14/1 784/23/1 780/15/1
f 1321/32/786 1318/17/1025 1310/11/3
f 27/25/795 24/26/1539 22/48/1540
f 22/48/1540 28/27/1541 27/25/795
f 28/27/1541 21/23/108 27/25/795
f 577/2/2 578/12/2 576/1/2
f 917/17/130 920/32/129 914/18/121
f 310/3/1 309/1/1 312/12/1
f 809/7/17 810/13/17 814/8/17
f 2201/32/728 2195/18/1542 2191/19/796
f 1748/29/612 1752/30/610 1755/39/211
f 2098/30/798 2101/39/1543 2100/20/799
f 1803/11/17 1807/4/17 1814/32/202
f 1964/29/802 1968/30/1544 1970/39/803
f 1102/21/805 1098/22/805 1105/20/806
f 125/27/398 121/28/399 122/26/807
f 1520/7/17 1521/13/17 1525/8/17
f 160/32/649 154/18/1545 150/19/810
f 362/34/812 364/45/1546 370/25/813
f 370/25/813 363/28/108 361/36/1547
f 361/36/1547 369/33/811 370/25/813
f 1096/36/815 1104/33/1548 1105/25/814
f 1104/33/1548 1097/34/1549 1105/25/814
f 1097/34/1549 1099/45/1550 1105/25/814
f 1011/19/816 1018/17/291 1021/32/817
f 645/39/819 641/21/7 637/22/820
f 176/7/7 179/9/7 180/8/7
f 489/9/12 485/7/12 482/13/12
f 1331/7/7 1334/9/7 1335/8/7
f 2172/34/489 2174/45/1551 2179/25/822
f 2179/25/822 2173/28/1552 2171/36/490
f 746/7/12 749/9/12 750/8/12
f 1844/4/1187 1851/32/742 1852/31/824
f 1851/32/742 1841/19/744 1852/31/824
f 1347/34/826 1349/45/1553 1358/41/97
f 1349/45/1553 1355/25/98 1358/41/97
f 1358/41/97 1346/36/1266 1354/33/825
f 676/13/17 680/8/17 679/9/17
f 2018/1/1 2021/12/1 2020/2/1
f 864/8/7 859/13/7 860/7/7
f 1133/27/827 1130/28/1093 1131/26/828
f 1613/1/1 1616/12/1 1615/2/1
f 1647/7/17 1650/9/17 1651/8/17
f 874/30/832 877/39/625 876/20/627
f 30/13/7 31/7/7 34/9/7
f 1061/25/835 1058/26/1554 1056/48/1555
f 1056/48/1555 1055/23/501 1061/25/835
f 75/9/17 73/8/17 70/13/17
f 1353/30/836 1356/39/1377 1355/20/416
f 1051/11/1556 1055/4/1557 1059/17/840
f 1055/4/1557 1056/18/838 1059/17/840
f 1554/62/411 1549/32/774 1543/18/1558
f 1543/18/1558 1539/19/841 1554/62/411
f 1702/11/12 1706/4/169 1713/46/579
f 1799/33/846 1792/34/1559 1794/45/1560
f 1794/45/1560 1800/25/1561 1799/33/846
f 1800/25/1561 1793/28/69 1799/33/846
f 1331/3/1 1330/1/1 1333/12/1
f 132/18/847 128/19/1562 140/50/225
f 128/19/1562 135/17/1304 140/50/225
f 1379/13/12 1384/8/12 1386/9/12
f 586/12/2 584/1/2 583/3/2
f 1460/13/3 1461/7/3 1465/9/3
f 980/36/848 981/34/1563 983/45/849
f 2165/48/851 2170/27/1481 2169/25/631
f 848/48/669 847/23/671 849/28/853
f 1785/26/857 1783/48/1564 1790/37/855
f 1783/48/1564 1789/27/1565 1790/37/855
f 1790/37/855 1784/28/1183 1788/25/856
f 219/29/858 223/30/1566 226/39/332
f 1810/30/939 1813/39/1038 1812/20/860
f 1813/39/1038 1809/21/859 1812/20/860
f 1518/13/3 1519/7/3 1522/9/3
f 744/53/864 741/25/1567 734/28/865
f 732/36/866 740/33/1568 744/53/864
f 740/33/1568 733/34/975 744/53/864
f 1143/9/17 1139/7/17 1136/13/17
f 585/9/17 583/8/17 580/13/17
f 196/34/868 198/45/1569 204/25/869
f 204/25/869 197/28/69 195/36/1570
f 195/36/1570 203/33/867 204/25/869
f 661/34/622 663/45/1478 669/25/114
f 669/25/114 660/36/113 668/33/621
f 1648/2/1 1647/3/1 1646/1/1
f 2168/17/871 2170/32/1181 2165/18/872
f 479/40/875 480/68/628 478/39/1480
f 478/39/1480 474/21/3 479/40/875
f 1519/13/12 1520/7/12 1524/9/12
f 1301/4/17 1308/32/931 1305/17/876
f 389/17/877 392/32/77 386/18/148
f 1689/8/12 1688/9/12 1684/7/12
f 386/14/1 388/23/1 384/15/1
f 116/19/878 123/17/302 125/32/301
f 1987/37/880 1978/28/1571 1982/25/881
f 1881/17/487 1884/32/1412 1878/18/884
f 1315/14/1 1317/23/1 1313/15/1
f 96/12/1 95/2/1 94/3/1
f 1953/13/7 1954/7/7 1957/9/7
f 418/7/12 419/13/12 423/8/12
f 95/7/7 96/13/7 100/8/7
f 1675/47/397 1664/22/87 1676/40/86
f 1676/40/86 1677/68/521 1675/47/397
f 1087/4/887 1088/18/1572 1091/17/81
f 1088/18/1572 1084/19/82 1091/17/81
f 1648/7/7 1652/9/7 1650/8/7
f 1144/36/1573 1152/33/890 1146/28/889
f 1152/33/890 1145/34/1574 1147/45/891
f 973/18/778 969/19/777 976/17/110
f 1638/16/1 1642/14/1 1644/23/1
f 235/28/24 236/26/26 237/27/892
f 236/26/26 234/48/1575 237/27/892
f 410/30/894 413/39/249 412/20/895
f 1381/7/3 1382/13/3 1386/8/3
f 189/21/17 185/22/1576 192/20/767
f 2027/19/898 2034/17/623 2037/32/624
f 2219/20/900 2220/39/1225 2216/21/901
f 663/29/903 667/30/1577 670/39/904
f 1730/33/907 1723/34/1578 1725/45/1579
f 1725/45/1579 1724/28/905 1730/33/907
f 1777/24/16 1774/17/1432 1766/11/12
f 56/13/7 60/8/7 59/9/7
f 927/14/1 929/23/1 925/15/1
f 658/39/449 657/20/116 651/29/115
f 2181/65/908 2173/22/1580 2179/20/909
f 999/20/911 1000/39/1092 996/21/7
f 1916/8/3 1915/9/3 1911/7/3
f 416/13/17 421/8/17 423/9/17
f 952/20/912 953/39/1134 949/21/17
f 1783/18/914 1779/19/1581 1786/17/915
f 463/30/917 466/39/1221 465/20/918
f 1732/32/920 1730/17/439 1722/11/3
f 801/7/3 805/9/3 803/8/3
f 2077/30/921 2080/39/526 2079/20/922
f 1603/25/409 1600/26/410 1598/48/1582
f 1598/48/1582 1604/27/1583 1603/25/409
f 1604/27/1583 1597/23/28 1603/25/409
f 1213/17/924 1216/32/187 1210/18/899
f 1211/21/3 1207/22/1584 1214/20/925
f 723/4/408 730/32/329 731/46/340
f 731/46/340 727/17/1347 719/11/17
f 1218/34/928 1220/45/1585 1226/25/929
f 1226/25/929 1219/28/41 1217/36/1586
f 1217/36/1586 1225/33/927 1226/25/929
f 1156/4/2 1158/11/2 1162/5/2
f 1453/7/17 1457/9/17 1455/8/17
f 1982/25/881 1979/26/1587 1988/66/882
f 1979/26/1587 1977/48/1588 1988/66/882
f 1977/48/1588 1983/27/930 1988/66/882
f 1983/27/930 1976/23/1589 1987/37/880
f 1976/23/1589 1978/28/1571 1987/37/880
f 430/9/12 428/8/12 425/13/12
f 506/4/2 508/11/2 512/5/2
f 1308/32/931 1302/18/1590 1298/19/932
f 154/14/1 156/23/1 152/15/1
f 2177/21/3 2173/22/1580 2181/65/908
f 1589/39/933 1588/20/751 1582/29/899
f 974/21/7 970/22/1591 977/20/714
f 1861/17/655 1853/11/12 1857/4/937
f 834/32/775 828/18/1592 824/19/940
f 1782/4/942 1789/32/916 1786/17/915
f 1177/9/7 1178/8/7 1173/13/7
f 1443/1/1 1446/12/1 1445/2/1
f 429/8/7 431/9/7 427/7/7
f 1161/14/1 1163/23/1 1159/15/1
f 1136/1/1 1139/12/1 1138/2/1
f 1421/39/943 1417/21/3 1413/22/944
f 2080/25/948 2077/26/1593 2075/48/1594
f 2075/48/1594 2081/27/1595 2080/25/948
f 2081/27/1595 2074/23/946 2080/25/948
f 2058/34/166 2060/45/1284 2066/25/354
f 2066/25/354 2057/36/353 2065/33/165
f 706/19/949 713/17/954 716/32/950
f 1414/29/952 1418/30/1596 1421/39/943
f 550/4/2 552/11/2 556/5/2
f 1691/34/538 1693/45/1440 1699/25/539
f 1699/25/539 1692/28/108 1690/36/108
f 1690/36/108 1698/33/537 1699/25/539
f 443/7/7 440/13/7 445/8/7
f 208/13/7 213/8/7 215/9/7
f 705/11/17 709/4/1597 716/32/950
f 787/39/230 786/20/339 780/29/303
f 540/6/2 536/4/2 538/11/2
f 2111/13/17 2112/7/17 2115/9/17
f 1868/7/3 1865/13/3 1870/8/3
f 1894/13/17 1895/7/17 1899/9/17
f 181/2/2 182/12/2 180/1/2
f 2040/7/12 2044/9/12 2042/8/12
f 2007/39/956 2003/21/12 1999/22/957
f 1703/34/960 1705/45/1598 1711/25/961
f 1711/25/961 1704/28/108 1702/36/1599
f 1702/36/1599 1710/33/959 1711/25/961
f 785/17/962 788/32/1002 782/18/963
f 1058/30/965 1061/39/60 1060/20/62
f 1592/31/3 1579/11/3 1583/4/3
f 1583/4/3 1590/32/830 1591/46/127
f 1591/46/127 1587/17/27 1592/31/3
f 2055/20/968 2049/29/1528 2053/30/1600
f 2053/30/1600 2052/21/276 2055/20/968
f 1563/13/17 1568/8/17 1570/9/17
f 1794/29/969 1798/30/1601 1801/39/970
f 1729/26/972 1727/48/1602 1732/27/973
f 1791/4/2 1793/11/2 1797/5/2
f 984/6/2 980/4/2 982/11/2
f 1945/13/12 1946/7/12 1949/9/12
f 735/45/974 741/25/1567 744/53/864
f 1495/36/905 1503/33/977 1497/28/976
f 1503/33/977 1496/34/1603 1498/45/978
f 1918/19/979 1925/17/994 1928/32/980
f 1514/25/739 1512/26/1533 1510/48/1604
f 1510/48/1604 1515/27/1605 1514/25/739
f 1515/27/1605 1509/23/982 1514/25/739
f 2101/25/986 2098/26/1606 2096/48/1607
f 2096/48/1607 2102/27/1608 2101/25/986
f 2102/27/1608 2095/23/984 2101/25/986
f 774/1/2 773/3/2 775/2/2
f 2177/28/1609 2180/25/987 2175/23/488
f 2180/25/987 2178/26/1610 2176/48/988
f 1490/30/989 1493/39/1218 1492/20/990
f 932/25/993 929/26/1611 927/48/1612
f 927/48/1612 933/27/1613 932/25/993
f 933/27/1613 926/23/28 932/25/993
f 1917/11/3 1921/4/1614 1928/32/980
f 72/7/3 69/13/3 74/8/3
f 1366/30/917 1369/39/1615 1368/20/995
f 1970/39/803 1967/21/7 1963/22/996
f 217/34/998 219/45/1616 225/25/999
f 225/25/999 218/28/108 216/36/1617
f 216/36/1617 224/33/997 225/25/999
f 598/13/7 602/8/7 601/9/7
f 1274/7/7 1277/9/7 1278/8/7
f 964/17/50 967/32/52 961/18/1000
f 788/32/1002 785/17/962 777/11/17
f 1924/26/1005 1922/48/1618 1928/27/1006
f 1928/27/1006 1921/23/28 1923/28/1492
f 1923/28/1492 1927/25/1004 1928/27/1006
f 985/14/1 987/23/1 983/15/1
f 43/14/1 45/23/1 41/15/1
f 824/34/460 826/45/1242 832/25/1007
f 832/25/1007 825/28/28 823/36/32
f 823/36/32 831/33/459 832/25/1007
f 287/7/3 288/13/3 292/8/3
f 2042/9/3 2043/8/3 2038/13/3
f 836/13/12 837/7/12 841/9/12
f 828/14/1 830/23/1 826/15/1
f 182/8/12 181/9/12 177/7/12
f 366/14/1 368/23/1 364/15/1
f 1096/11/12 1100/4/1619 1107/32/772
f 343/18/969 339/19/1620 346/17/1009
f 2086/7/17 2083/13/17 2088/8/17
f 2084/7/7 2087/9/7 2088/8/7
f 672/24/527 668/17/1434 660/11/7
f 1620/12/2 1618/1/2 1617/3/2
f 1224/30/1011 1227/39/394 1226/20/393
f 2120/19/1013 2127/17/1021 2130/32/1014
f 1242/13/17 1243/7/17 1247/9/17
f 414/32/1016 411/17/663 403/11/17
f 1070/17/240 1073/32/1309 1067/18/1018
f 2003/28/108 2007/25/1621 2008/27/1020
f 2007/25/1621 2004/26/1622 2008/27/1020
f 2004/26/1622 2002/48/1623 2008/27/1020
f 2127/17/1021 2119/11/17 2123/4/1022
f 74/1/2 73/3/2 75/2/2
f 948/14/1 950/23/1 946/15/1
f 1366/26/435 1364/48/1392 1370/27/1023
f 1370/27/1023 1363/23/108 1365/28/1393
f 1365/28/1393 1369/25/434 1370/27/1023
f 1315/18/1024 1311/19/1624 1318/17/1025
f 518/37/425 512/28/424 517/27/708
f 2210/4/2 2212/11/2 2216/5/2
f 371/39/1026 370/20/1185 364/29/1027
f 388/30/1029 391/39/1045 390/20/1030
f 1232/29/1032 1236/30/1036 1239/39/64
f 260/39/582 259/20/584 254/29/1033
f 1502/30/1035 1501/21/105 1497/28/976
f 1017/30/1036 1020/39/1369 1019/20/402
f 538/28/1037 536/36/640 548/35/639
f 1077/7/12 1081/9/12 1079/8/12
f 2136/1/2 2135/3/2 2137/2/2
f 1810/26/939 1808/48/1625 1815/55/274
f 1808/48/1625 1814/27/275 1815/55/274
f 1815/55/274 1809/28/1325 1813/25/1038
f 2129/39/1039 2128/20/1087 2122/29/1040
f 196/19/1042 203/17/1203 207/54/1043
f 87/7/3 88/13/3 92/8/3
f 2159/8/7 2158/9/7 2154/7/7
f 391/39/1045 387/21/7 383/22/1046
f 101/11/3 105/4/1626 112/32/788
f 139/43/118 137/39/1272 133/21/17
f 129/22/17 136/20/870 139/43/118
f 127/4/2 129/11/2 133/5/2
f 167/6/2 163/4/2 165/11/2
f 2004/30/1050 2007/39/956 2006/20/958
f 143/7/3 147/9/3 145/8/3
f 1715/13/3 1716/7/3 1720/9/3
f 681/13/17 686/8/17 688/9/17
f 801/7/12 802/13/12 806/8/12
f 170/26/1627 168/48/1628 172/25/1053
f 168/48/1628 167/23/570 172/25/1053
f 1787/20/709 1781/29/1629 1785/30/1054
f 646/32/1055 640/18/1630 636/19/1056
f 208/13/3 209/7/3 212/9/3
f 1101/14/1 1103/23/1 1099/15/1
f 1559/9/12 1560/8/12 1555/13/12
f 274/36/69 282/33/704 283/25/1057
f 282/33/704 275/34/1519 283/25/1057
f 275/34/1519 277/45/1631 283/25/1057
f 348/39/1058 344/21/7 340/22/1059
f 477/20/629 480/68/628 479/40/875
f 983/29/1061 987/30/1427 988/39/514
f 988/39/514 986/21/1556 982/22/1060
f 558/17/1317 550/11/17 561/46/118
f 550/11/17 554/4/17 561/46/118
f 1212/30/1062 1215/39/926 1214/20/925
f 250/66/558 249/69/557 243/48/1632
f 249/69/557 245/26/1167 243/48/1632
f 243/48/1632 247/27/1064 250/66/558
f 247/27/1064 242/23/1633 248/37/556
f 242/23/1633 244/28/414 248/37/556
f 1307/25/1067 1304/26/1634 1302/48/1635
f 1302/48/1635 1308/27/1636 1307/25/1067
f 1308/27/1636 1301/23/1065 1307/25/1067
f 840/1/2 839/3/2 841/2/2
f 183/11/3 187/4/1637 194/32/1068
f 849/21/1069 845/22/447 846/29/1070
f 1424/49/672 1417/28/1160 1421/25/1072
f 530/7/7 531/13/7 535/8/7
f 649/19/1073 656/17/1302 659/32/214
f 311/7/12 315/9/12 313/8/12
f 1083/4/2 1085/11/2 1089/5/2
f 1389/7/17 1390/13/17 1394/8/17
f 772/13/7 776/8/7 775/9/7
f 395/1/1 398/12/1 397/2/1
f 2197/26/1076 2195/48/1638 2201/27/1077
f 2201/27/1077 2194/23/28 2196/28/1639
f 2196/28/1639 2200/25/1075 2201/27/1077
f 1069/26/1078 1067/48/1274 1073/27/1079
f 1073/27/1079 1066/23/28 1068/28/28
f 1068/28/28 1072/25/409 1073/27/1079
f 397/7/12 401/9/12 399/8/12
f 285/1/1 288/12/1 287/2/1
f 123/33/1081 116/34/1640 118/45/1641
f 118/45/1641 124/25/1642 123/33/1081
f 124/25/1642 117/28/108 123/33/1081
f 2161/34/1643 2163/45/1644 2168/33/1084
f 2163/45/1644 2162/28/1082 2168/33/1084
f 1734/19/1085 1741/17/478 1744/32/477
f 2129/39/1039 2125/21/3 2121/22/3
f 354/4/78 355/18/322 358/17/321
f 2082/53/232 2079/25/1305 2072/28/1089
f 2070/36/1090 2078/33/1645 2082/53/232
f 2078/33/1645 2071/34/233 2082/53/232
f 993/29/1091 997/30/965 1000/39/1092
f 490/13/12 495/8/12 497/9/12
f 324/30/1094 327/39/1277 326/20/134
f 441/7/3 444/9/3 445/8/3
f 1888/12/1 1887/2/1 1886/3/1
f 1329/8/17 1328/9/17 1324/7/17
f 2163/29/1098 2167/30/1646 2169/39/1096
f 2169/39/1096 2166/21/1647 2162/22/1097
f 1500/18/1099 1496/19/1648 1503/17/686
f 794/13/3 798/8/3 797/9/3
f 1738/14/1 1740/23/1 1736/15/1
f 950/26/1101 948/48/1649 954/27/1102
f 954/27/1102 947/23/28 949/28/1650
f 949/28/1650 953/25/1100 954/27/1102
f 2115/8/7 2112/13/7 2113/7/7
f 35/1/2 34/3/2 36/2/2
f 656/33/1104 649/34/1651 651/45/1652
f 651/45/1652 657/25/1653 656/33/1104
f 657/25/1653 650/28/28 656/33/1104
f 1612/9/17 1608/7/17 1605/13/17
f 564/3/1 563/1/1 566/12/1
f 1565/2/1 1564/3/1 1563/1/1
f 1116/13/17 1117/7/17 1120/9/17
f 338/4/2 340/11/2 344/5/2
f 817/7/12 821/9/12 819/8/12
f 581/7/7 582/13/7 586/8/7
f 1309/43/127 1307/39/1324 1303/21/3
f 1299/22/3 1306/20/953 1309/43/127
f 424/13/3 425/7/3 428/9/3
f 229/4/2 231/11/2 235/5/2
f 227/46/451 224/17/888 228/38/12
f 228/38/12 216/11/12 220/4/500
f 681/1/1 684/12/1 683/2/1
f 1090/30/1105 1093/39/614 1095/71/613
f 429/1/2 428/3/2 430/2/2
f 757/9/12 758/8/12 753/13/12
f 1678/31/17 1681/62/372 1670/17/1106
f 2064/30/1107 2067/39/154 2066/20/153
f 1661/12/2 1659/1/2 1658/3/2
f 322/18/1109 318/19/1654 325/17/504
f 797/9/7 795/8/7 792/13/7
f 1743/25/948 1740/26/1593 1738/48/1594
f 1738/48/1594 1744/27/1595 1743/25/948
f 1744/27/1595 1737/23/946 1743/25/948
f 790/37/47 788/27/1251 781/23/12
f 781/23/12 783/28/12 790/37/47
f 1538/4/2 1540/11/2 1544/5/2
f 232/45/1110 231/28/1655 229/36/1111
f 1380/7/17 1383/9/17 1384/8/17
f 70/7/12 73/9/12 74/8/12
f 91/2/2 92/12/2 90/1/2
f 1589/25/1114 1586/26/1656 1584/48/1657
f 1584/48/1657 1590/27/1658 1589/25/1114
f 1590/27/1658 1583/23/28 1589/25/1114
f 853/7/3 857/9/3 855/8/3
f 1352/28/41 1356/25/1413 1357/27/491
f 1356/25/1413 1353/26/1414 1357/27/491
f 1353/26/1414 1351/48/1415 1357/27/491
f 58/1/2 57/3/2 59/2/2
f 899/50/1116 900/54/600 895/17/1117
f 918/20/611 919/39/1473 915/21/3
f 859/1/1 862/12/1 861/2/1
f 1151/30/1119 1153/39/336 1155/42/335
f 33/12/1 32/2/1 31/3/1
f 722/29/1120 726/30/1659 729/39/756
f 213/1/2 212/3/2 214/2/2
f 1262/14/1 1264/23/1 1260/15/1
f 1403/13/12 1408/8/12 1410/9/12
f 2043/1/2 2042/3/2 2044/2/2
f 371/25/300 368/26/702 366/48/1333
f 366/48/1333 372/27/1334 371/25/300
f 372/27/1334 365/23/69 371/25/300
f 1063/34/1124 1065/45/1660 1074/35/1122
f 1065/45/1660 1071/25/1184 1074/35/1122
f 1074/35/1122 1062/36/1661 1070/33/1123
f 645/39/819 644/20/821 638/29/1125
f 88/7/12 85/13/12 90/8/12
f 1093/25/1128 1090/26/1662 1088/48/1663
f 1088/48/1663 1087/23/1127 1093/25/1128
f 1373/7/17 1377/9/17 1375/8/17
f 393/60/350 385/4/349 392/32/77
f 389/17/877 381/11/12 393/60/350
f 618/12/2 616/1/2 615/3/2
f 1549/27/1130 1542/23/12 1551/37/1129
f 1542/23/12 1544/28/1664 1551/37/1129
f 1544/28/1664 1548/25/430 1551/37/1129
f 493/12/1 492/2/1 491/3/1
f 1886/7/3 1889/9/3 1890/8/3
f 1840/36/69 1848/33/823 1849/25/68
f 1848/33/823 1841/34/744 1849/25/68
f 1841/34/744 1843/45/1256 1849/25/68
f 1032/39/1263 1028/21/7 1034/43/92
f 1028/21/7 1024/22/160 1034/43/92
f 1069/30/1131 1072/39/1665 1071/20/1132
f 953/39/1134 952/20/912 946/29/1135
f 720/16/1 724/14/1 726/23/1
f 1525/12/2 1523/1/2 1522/3/2
f 572/7/3 575/9/3 576/8/3
f 1641/4/1666 1645/32/21 1637/11/1137
f 1645/32/21 1642/18/1237 1638/19/1138
f 2086/12/1 2085/2/1 2084/3/1
f 1760/7/3 1764/9/3 1762/8/3
f 1110/7/12 1114/9/12 1112/8/12
f 113/47/17 111/39/678 107/21/17
f 27/39/1487 29/57/647 24/30/1139
f 29/57/647 26/20/1486 20/29/1140
f 1162/21/7 1158/22/160 1170/47/7
f 1797/21/12 1793/22/177 1800/20/971
f 1184/13/12 1188/8/12 1187/9/12
f 463/26/1143 461/48/1667 467/27/1144
f 467/27/1144 460/23/108 462/28/1668
f 462/28/1668 466/25/1142 467/27/1144
f 2051/14/1 2053/23/1 2049/15/1
f 260/25/1145 258/26/1669 256/48/1326
f 256/48/1326 261/27/37 260/25/1145
f 1419/17/1146 1411/11/17 1415/4/17
f 537/16/1 541/14/1 543/23/1
f 159/39/189 158/20/129 152/29/121
f 503/1/2 502/3/2 504/2/2
f 1412/34/1150 1414/45/1670 1423/41/1148
f 1414/45/1670 1420/25/1157 1423/41/1148
f 1423/41/1148 1411/36/1671 1419/33/1149
f 1399/8/17 1396/13/17 1397/7/17
f 1468/3/1 1467/1/1 1470/12/1
f 174/51/3 173/52/227 165/28/1151
f 1283/7/17 1287/9/17 1285/8/17
f 963/30/115 966/39/1429 965/20/116
f 1335/1/2 1334/3/2 1336/2/2
f 281/30/784 284/39/156 283/20/155
f 1663/34/1152 1665/45/1672 1674/35/59
f 1665/45/1672 1671/25/1252 1674/35/59
f 1322/13/7 1327/8/7 1329/9/7
f 1843/29/1153 1847/30/1673 1850/39/724
f 2154/2/1 2153/3/1 2152/1/1
f 339/34/1155 341/45/1674 347/25/1156
f 347/25/1156 340/28/108 338/36/1675
f 338/36/1675 346/33/1154 347/25/1156
f 1368/20/995 1369/39/1615 1365/21/12
f 1346/4/2 1348/11/2 1352/5/2
f 1325/12/1 1324/2/1 1323/3/1
f 1402/8/7 1401/9/7 1397/7/7
f 1413/28/7 1411/36/1671 1423/41/1148
f 1772/21/1158 1768/22/1676 1775/20/454
f 1732/27/973 1726/23/1677 1728/28/1161
f 420/9/7 421/8/7 416/13/7
f 957/16/1 961/14/1 963/23/1
f 1428/13/12 1429/7/12 1433/9/12
f 1440/1/2 1439/3/2 1441/2/2
f 1468/7/7 1471/9/7 1472/8/7
f 1861/33/1163 1854/34/1678 1856/45/752
f 1856/45/752 1855/28/245 1861/33/1163
f 1458/12/2 1456/1/2 1455/3/2
f 1464/8/17 1466/9/17 1462/7/17
f 984/4/1679 989/32/1165 980/11/1164
f 989/32/1165 985/18/1428 981/19/1166
f 42/6/2 38/4/2 40/11/2
f 1364/18/1168 1360/19/1680 1367/17/569
f 833/25/1170 830/26/1681 828/48/1682
f 828/48/1682 834/27/1683 833/25/1170
f 834/27/1683 827/23/41 833/25/1170
f 48/25/1171 45/26/1684 52/55/552
f 45/26/1684 43/48/1685 52/55/552
f 43/48/1685 49/27/553 52/55/552
f 1528/22/1172 1535/20/258 1536/39/257
f 1538/36/1174 1546/33/1686 1547/25/1173
f 1546/33/1686 1539/34/1687 1547/25/1173
f 1539/34/1687 1541/45/1688 1547/25/1173
f 1576/1/2 1575/3/2 1577/2/2
f 1925/33/607 1918/34/608 1920/45/1472
f 1920/45/1472 1926/25/1689 1925/33/607
f 1926/25/1689 1919/28/41 1925/33/607
f 1846/28/108 1850/25/1690 1851/27/1176
f 1850/25/1690 1847/26/1691 1851/27/1176
f 1847/26/1691 1845/48/1692 1851/27/1176
f 1126/22/1177 1132/20/1209 1134/59/1178
f 1633/8/3 1630/13/3 1631/7/3
f 1631/2/1 1630/3/1 1629/1/1
f 238/4/2 240/11/2 244/5/2
f 407/6/2 403/4/2 405/11/2
f 420/3/2 422/2/2 423/12/2
f 1753/17/123 1745/11/1495 1749/4/1693
f 1749/4/1693 1756/32/1401 1753/17/123
f 1756/32/1401 1750/18/1180 1753/17/123
f 1513/17/1303 1505/11/7 1516/46/217
f 1505/11/7 1509/4/7 1516/46/217
f 1702/4/2 1704/11/2 1708/5/2
f 2160/11/17 2164/4/1694 2170/32/1181
f 1478/13/7 1482/8/7 1481/9/7
f 1718/9/7 1719/8/7 1714/13/7
f 210/7/17 211/13/17 215/8/17
f 1931/7/7 1935/9/7 1933/8/7
f 862/7/17 859/13/17 864/8/17
f 1236/26/1143 1234/48/1667 1240/27/1182
f 1240/27/1182 1233/23/108 1235/28/1668
f 1235/28/1668 1239/25/1142 1240/27/1182
f 1059/33/840 1052/34/839 1054/45/1396
f 1054/45/1396 1060/25/735 1059/33/840
f 16/9/3 12/7/3 9/13/3
f 1790/37/855 1789/27/1565 1782/23/7
f 1064/28/12 1062/36/1661 1074/35/1122
f 367/21/7 363/22/7 370/20/1185
f 1839/8/7 1838/9/7 1834/7/7
f 1038/4/2 1040/11/2 1044/5/2
f 2174/29/1186 2178/30/1695 2180/39/910
f 1276/7/17 1273/13/17 1278/8/17
f 1852/31/824 1848/17/823 1840/11/7
f 2100/20/799 2101/39/1543 2097/21/1188
f 875/17/1189 878/32/358 872/18/1190
f 1867/7/17 1871/9/17 1869/8/17
f 842/9/7 838/7/7 835/13/7
f 2040/2/1 2039/3/1 2038/1/1
f 1930/3/1 1929/1/1 1932/12/1
f 1941/9/7 1942/8/7 1937/13/7
f 909/36/28 917/33/1696 918/25/1192
f 917/33/1696 910/34/1697 918/25/1192
f 910/34/1697 912/45/1698 918/25/1192
f 1880/26/1194 1878/48/1699 1884/27/1195
f 1884/27/1195 1877/23/108 1879/28/1700
f 1879/28/1700 1883/25/1193 1884/27/1195
f 1930/7/17 1933/9/17 1934/8/17
f 237/32/892 234/18/1575 230/19/1166
f 230/19/1166 229/11/1164 237/32/892
f 1166/25/208 1163/26/1701 1171/49/209
f 1163/26/1701 1161/48/1197 1171/49/209
f 1971/32/204 1966/18/1301 1962/19/1702
f 1962/19/1702 1961/11/276 1971/32/204
f 891/4/1201 898/32/601 899/50/1116
f 898/32/601 900/54/600 899/50/1116
f 1972/11/3 1976/4/1703 1983/32/1202
f 195/11/7 199/4/1048 207/54/1043
f 2203/7/7 2206/9/7 2207/8/7
f 1190/13/17 1191/7/17 1195/9/17
f 201/28/1704 205/25/1204 199/23/1048
f 205/25/1204 202/26/1705 200/48/1044
f 317/4/2 319/11/2 323/5/2
f 1880/30/148 1883/39/1179 1882/20/77
f 148/8/12 147/9/12 143/7/12
f 1298/34/1206 1300/45/1706 1306/25/1207
f 1306/25/1207 1299/28/28 1297/36/28
f 1297/36/28 1305/33/1205 1306/25/1207
f 1127/29/1208 1131/30/828 1134/59/1178
f 25/17/1210 28/32/1707 22/18/1211
f 2144/48/1214 2150/27/1708 2149/25/719
f 2150/27/1708 2143/23/69 2149/25/719
f 2143/23/69 2145/28/718 2149/25/719
f 1412/19/1215 1419/17/1146 1422/32/1147
f 54/7/12 57/9/12 58/8/12
f 1485/22/1217 1492/20/990 1493/39/1218
f 1601/17/598 1604/32/116 1598/18/115
f 1703/19/1220 1710/17/842 1713/46/579
f 1721/12/2 1719/1/2 1718/3/2
f 462/21/12 458/22/41 465/20/918
f 21/4/7 28/32/1707 25/17/1210
f 1859/28/69 1862/25/1709 1863/27/1222
f 1862/25/1709 1860/26/1710 1863/27/1222
f 1860/26/1710 1858/48/1711 1863/27/1222
f 2187/8/3 2189/9/3 2185/7/3
f 1071/20/1132 1072/39/1665 1068/21/17
f 2213/29/1224 2217/30/1712 2220/39/1225
f 1191/7/7 1192/13/7 1196/8/7
f 1508/45/1227 1507/28/861 1517/51/863
f 1517/51/863 1505/36/862 1513/33/1713
f 1513/33/1713 1506/34/1226 1517/51/863
f 1122/9/7 1120/8/7 1117/13/7
f 361/11/12 365/4/1714 372/32/155
f 1712/39/1229 1711/20/763 1705/29/1230
f 2165/14/1 2167/23/1 2163/15/1
f 966/25/1234 963/26/1715 961/48/1716
f 961/48/1716 967/27/1717 966/25/1234
f 967/27/1717 960/23/1232 966/25/1234
l 329 326
l 917 921
l 644 647
l 151 161
l 2151 2150
l 162 160
